日期,股票代码,股票名称,开盘价,收盘价,最高价,最低价,成交量(股)
20250911,000001,平安银行,11.77,11.85,11.85,11.71,96393200.0
20250911,000002,万  科Ａ,6.82,6.83,6.84,6.73,146290500.0
20250911,000006,深振业Ａ,7.5,7.58,7.64,7.37,41863400.0
20250911,000007,全新好,7.61,7.63,7.66,7.46,5757000.0
20250911,000008,神州高铁,2.84,2.84,2.84,2.8,39241600.0
20250911,000009,中国宝安,10.98,10.97,11.05,10.8,54246500.0
20250911,000011,深物业A,9.18,9.17,9.18,9.02,7584000.0
20250911,000012,南  玻Ａ,4.75,4.77,4.78,4.74,15241900.0
20250911,000014,沙河股份,15.15,15.18,15.25,14.89,13023000.0
20250911,000017,深中华A,7.2,7.13,7.23,7.05,43660100.0
20250911,000019,深粮控股,6.91,6.94,6.95,6.85,8751800.0
20250911,000020,深华发Ａ,13.64,13.9,13.92,13.44,2894000.0
20250911,000021,深科技,19.88,20.77,20.8,19.75,89318100.0
20250911,000025,特  力Ａ,19.02,18.61,19.08,18.42,22314000.0
20250911,000026,飞亚达,17.12,17.03,17.12,16.78,6846800.0
20250911,000027,深圳能源,6.51,6.59,6.59,6.5,20545700.0
20250911,000028,国药一致,25.65,25.79,25.85,25.51,3865400.0
20250911,000029,深深房Ａ,27.54,27.95,28.06,27.25,4764300.0
20250911,000030,富奥股份,5.6,5.66,5.66,5.51,12774500.0
20250911,000031,大悦城,3.27,3.33,3.33,3.23,19675400.0
20250911,000032,深桑达Ａ,22.92,23.27,23.32,22.42,33478400.0
20250911,000034,神州数码,46.15,44.76,46.2,43.86,74290000.0
20250911,000035,中国天楹,4.86,5.21,5.21,4.86,104437000.0
20250911,000036,华联控股,4.24,4.21,4.25,4.14,22719400.0
20250911,000037,深南电A,8.86,8.85,8.86,8.75,5108500.0
20250911,000039,中集集团,7.84,7.94,7.94,7.81,37871700.0
20250911,000042,中洲控股,8.55,8.6,8.61,8.45,6166800.0
20250911,000045,深纺织Ａ,11.24,11.4,11.43,11.19,10883200.0
20250911,000048,京基智农,16.4,16.52,16.61,16.34,14400000.0
20250911,000049,德赛电池,25.49,25.68,25.85,25.02,15623200.0
20250911,000050,深天马Ａ,9.37,9.77,9.77,9.37,36139400.0
20250911,000055,方大集团,4.42,4.42,4.44,4.32,15171000.0
20250911,000058,深 赛 格,9.45,9.47,9.49,9.28,12501700.0
20250911,000059,华锦股份,5.26,5.33,5.37,5.21,22217900.0
20250911,000060,中金岭南,5.26,5.33,5.33,5.22,66478700.0
20250911,000061,农 产 品,9.56,9.22,9.7,9.02,80420100.0
20250911,000062,深圳华强,30.71,31.21,31.5,30.52,43758200.0
20250911,000063,中兴通讯,41.18,43.74,44.33,40.58,258558100.0
20250911,000065,北方国际,11.08,11.2,11.22,11.02,14291000.0
20250911,000066,中国长城,15.89,16.7,16.84,15.79,171759900.0
20250911,000068,华控赛格,3.69,3.71,3.73,3.59,25299800.0
20250911,000069,华侨城Ａ,2.36,2.4,2.4,2.34,103657100.0
20250911,000070,特发信息,10.16,10.48,10.59,10.04,72635300.0
20250911,000088,盐 田 港,4.47,4.48,4.48,4.44,23764400.0
20250911,000089,深圳机场,7.16,7.19,7.19,7.09,14534400.0
20250911,000090,天健集团,3.75,3.75,3.75,3.71,28658900.0
20250911,000096,广聚能源,11.77,11.77,11.78,11.64,5152400.0
20250911,000099,中信海直,22.7,23.04,23.04,22.51,16243900.0
20250911,000100,TCL科技,4.36,4.43,4.44,4.34,405750000.0
20250911,000151,中成股份,12.84,12.83,12.85,12.64,5962500.0
20250911,000153,丰原药业,6.81,6.82,6.82,6.69,6364500.0
20250911,000155,川能动力,10.32,10.33,10.34,10.21,21200200.0
20250911,000156,华数传媒,8.19,8.21,8.23,8.01,15957800.0
20250911,000157,中联重科,7.28,7.35,7.35,7.24,61945000.0
20250911,000158,常山北明,23.86,24.24,24.3,23.51,71912500.0
20250911,000159,国际实业,5.82,5.83,5.84,5.72,12982200.0
20250911,000166,申万宏源,5.24,5.38,5.39,5.22,137493100.0
20250911,000301,东方盛虹,9.97,10.1,10.15,9.96,15867600.0
20250911,000333,美的集团,76.9,77.02,77.27,75.9,45960500.0
20250911,000338,潍柴动力,14.52,14.62,14.64,14.48,68090700.0
20250911,000400,许继电气,23.41,23.64,23.65,23.25,21136200.0
20250911,000401,金隅冀东,4.94,4.98,4.98,4.91,10232900.0
20250911,000402,金 融 街,3.2,3.17,3.2,3.13,51998200.0
20250911,000403,派林生物,17.87,17.88,17.94,17.64,15504200.0
20250911,000404,长虹华意,7.25,7.33,7.33,7.19,10649600.0
20250911,000407,胜利股份,3.73,3.71,3.73,3.64,38622400.0
20250911,000408,藏格矿业,54.79,55.75,55.89,54.66,11850500.0
20250911,000409,云鼎科技,11.76,11.93,11.95,11.7,12043300.0
20250911,000410,沈阳机床,7.19,7.26,7.26,7.1,19926600.0
20250911,000411,英特集团,11.6,11.58,11.62,11.35,5977100.0
20250911,000415,渤海租赁,3.63,3.63,3.65,3.58,69621800.0
20250911,000417,合百集团,6.42,6.35,6.58,6.27,48724000.0
20250911,000419,通程控股,6.22,6.23,6.23,6.11,14054300.0
20250911,000420,吉林化纤,4.22,4.25,4.25,4.16,49945200.0
20250911,000421,南京公用,6.53,6.49,6.53,6.4,7207300.0
20250911,000422,湖北宜化,14.97,14.95,15.1,14.78,32990900.0
20250911,000423,东阿阿胶,49.0,49.06,49.06,48.6,7569200.0
20250911,000425,徐工机械,9.86,9.86,9.93,9.7,87544000.0
20250911,000426,兴业银锡,23.31,23.69,23.89,23.18,38324500.0
20250911,000428,华天酒店,3.85,3.81,3.87,3.7,40977800.0
20250911,000429,粤高速Ａ,11.42,11.35,11.43,11.2,13195500.0
20250911,000430,张家界,8.1,8.04,8.1,7.98,5629800.0
20250911,000498,山东路桥,6.22,6.26,6.27,6.19,15661400.0
20250911,000501,武商集团,10.48,10.58,10.59,10.38,16875300.0
20250911,000503,国新健康,10.11,10.18,10.19,9.96,13222000.0
20250911,000504,南华生物,10.53,10.33,10.53,10.21,4202700.0
20250911,000505,京粮控股,6.75,6.76,6.77,6.67,9704300.0
20250911,000506,招金黄金,10.51,10.29,10.53,10.13,37425600.0
20250911,000507,珠海港,5.45,5.49,5.49,5.42,6596600.0
20250911,000509,华塑控股,3.17,3.22,3.22,3.11,19582300.0
20250911,000510,新金路,5.46,5.38,5.47,5.3,20312300.0
20250911,000513,丽珠集团,39.55,39.85,39.86,38.39,11742500.0
20250911,000514,渝 开 发,5.49,5.54,5.55,5.41,26086100.0
20250911,000516,国际医学,5.12,5.14,5.16,5.03,21914400.0
20250911,000517,荣安地产,2.06,2.11,2.12,2.03,47192900.0
20250911,000518,四环生物,2.36,2.35,2.36,2.32,11791500.0
20250911,000519,中兵红箭,17.81,18.09,18.1,17.67,34667600.0
20250911,000520,凤凰航运,4.53,4.57,4.57,4.49,13243100.0
20250911,000521,长虹美菱,7.5,7.53,7.53,7.4,10308700.0
20250911,000523,红棉股份,3.43,3.41,3.44,3.37,26454900.0
20250911,000524,岭南控股,16.6,15.95,16.69,15.51,62101100.0
20250911,000525,红太阳,6.62,6.61,6.62,6.55,22729600.0
20250911,000526,学大教育,46.47,46.75,46.75,46.0,1742600.0
20250911,000528,柳    工,10.82,10.94,10.94,10.75,32237300.0
20250911,000529,广弘控股,6.45,6.55,6.55,6.4,11767400.0
20250911,000530,冰山冷热,6.46,6.54,6.54,6.36,32443600.0
20250911,000531,穗恒运Ａ,6.37,6.39,6.4,6.3,7180400.0
20250911,000532,华金资本,14.86,15.09,15.09,14.67,7008800.0
20250911,000533,顺钠股份,7.39,7.28,7.39,7.1,46468100.0
20250911,000534,万泽股份,16.17,16.45,16.69,16.01,10824000.0
20250911,000536,华映科技,4.91,5.09,5.15,4.83,129222200.0
20250911,000537,绿发电力,9.28,9.3,9.32,9.22,20767300.0
20250911,000538,云南白药,59.3,59.82,59.82,58.92,10269500.0
20250911,000539,粤电力Ａ,4.65,4.68,4.68,4.62,15005600.0
20250911,000541,佛山照明,6.57,6.63,6.63,6.48,14276500.0
20250911,000543,皖能电力,7.31,7.32,7.34,7.27,33481500.0
20250911,000544,中原环保,8.65,8.78,8.78,8.6,7101200.0
20250911,000545,金浦钛业,3.36,3.4,3.44,3.33,48001500.0
20250911,000546,金圆股份,5.1,5.08,5.14,5.02,15679100.0
20250911,000547,航天发展,7.86,7.93,7.94,7.81,19164800.0
20250911,000548,湖南投资,5.45,5.49,5.49,5.38,6025500.0
20250911,000550,江铃汽车,21.03,21.34,21.36,20.75,6413100.0
20250911,000551,创元科技,11.28,11.57,11.57,11.17,9493000.0
20250911,000552,甘肃能化,2.48,2.48,2.49,2.45,32012800.0
20250911,000553,安道麦A,6.81,6.92,6.94,6.75,6003700.0
20250911,000554,泰山石油,7.08,6.98,7.08,6.88,36684100.0
20250911,000555,神州信息,13.55,13.88,13.9,13.39,26402300.0
20250911,000557,西部创业,5.4,5.46,5.46,5.33,11322200.0
20250911,000558,天府文旅,7.3,7.08,7.57,7.0,304100500.0
20250911,000559,万向钱潮,7.85,7.96,7.96,7.75,44426000.0
20250911,000560,我爱我家,3.09,3.1,3.1,3.05,120132200.0
20250911,000561,烽火电子,11.21,11.37,11.37,11.1,17648200.0
20250911,000563,陕国投Ａ,3.59,3.66,3.66,3.56,80109900.0
20250911,000564,供销大集,2.74,2.76,2.78,2.68,905392100.0
20250911,000565,渝三峡Ａ,8.63,8.63,8.63,8.45,12061900.0
20250911,000566,海南海药,5.97,5.97,5.98,5.87,16866100.0
20250911,000567,海德股份,6.32,6.47,6.48,6.28,15460700.0
20250911,000568,泸州老窖,139.0,140.46,140.89,138.3,9278900.0
20250911,000570,苏常柴Ａ,5.86,5.91,5.93,5.76,9816500.0
20250911,000571,新大洲A,5.07,5.22,5.22,4.97,29228600.0
20250911,000572,海马汽车,4.78,4.84,4.84,4.71,66560700.0
20250911,000573,粤宏远Ａ,4.3,4.34,4.35,4.23,25632600.0
20250911,000576,甘化科工,10.86,11.07,11.12,10.72,10740500.0
20250911,000581,威孚高科,21.38,21.66,21.66,21.08,17860800.0
20250911,000582,北部湾港,8.83,8.88,8.89,8.73,33941300.0
20250911,000586,汇源通信,12.73,13.96,13.96,12.58,15819300.0
20250911,000589,贵州轮胎,4.64,4.65,4.66,4.59,29133800.0
20250911,000590,古汉医药,11.91,12.03,12.15,11.86,4385600.0
20250911,000591,太阳能,4.83,4.81,4.84,4.73,64133100.0
20250911,000592,平潭发展,3.3,3.35,3.35,3.26,83515300.0
20250911,000593,德龙汇能,6.68,6.71,6.73,6.56,7659800.0
20250911,000595,新能股份,5.0,5.01,5.02,4.93,12070300.0
20250911,000596,古井贡酒,173.45,173.01,176.4,170.0,3576200.0
20250911,000597,东北制药,5.62,5.68,5.68,5.53,14016500.0
20250911,000598,兴蓉环境,6.75,6.79,6.79,6.73,16652200.0
20250911,000599,青岛双星,5.44,5.45,5.45,5.36,19633800.0
20250911,000600,建投能源,7.66,7.72,7.73,7.58,21566500.0
20250911,000601,韶能股份,5.32,5.33,5.33,5.25,13774000.0
20250911,000603,盛达资源,19.27,19.66,19.66,18.99,21283200.0
20250911,000605,渤海股份,7.36,7.38,7.4,7.26,8851600.0
20250911,000607,华媒控股,4.8,4.76,4.82,4.68,42663800.0
20250911,000608,阳光股份,1.89,1.92,1.93,1.87,15900200.0
20250911,000612,焦作万方,8.68,8.74,8.76,8.55,29412300.0
20250911,000617,中油资本,10.34,11.13,11.48,10.29,411371900.0
20250911,000619,海螺新材,6.07,6.08,6.09,5.96,6922500.0
20250911,000620,盈新发展,1.71,1.71,1.72,1.67,101056000.0
20250911,000623,吉林敖东,18.91,19.5,19.51,18.79,20870300.0
20250911,000625,长安汽车,12.56,12.57,12.6,12.44,100987200.0
20250911,000626,远大控股,6.84,6.85,6.87,6.75,5282200.0
20250911,000628,高新发展,50.0,51.51,51.51,49.11,13540700.0
20250911,000629,钒钛股份,2.89,2.91,2.92,2.87,110384100.0
20250911,000630,铜陵有色,4.35,4.44,4.49,4.34,277906600.0
20250911,000631,顺发恒能,3.14,3.15,3.16,3.1,14168500.0
20250911,000633,合金投资,6.75,6.81,6.81,6.61,10369300.0
,000635,英 力 特,8.72,8.72,8.75,8.61,3047100.0
20250911,000636,风华高科,14.83,15.35,15.4,14.8,46717600.0
20250911,000637,茂化实华,4.39,4.33,4.41,4.26,15590400.0
20250911,000650,仁和药业,6.45,6.46,6.47,6.32,38149300.0
20250911,000651,格力电器,41.17,41.37,41.39,41.01,52817200.0
20250911,000652,泰达股份,4.27,4.32,4.33,4.2,21468000.0
20250911,000655,金岭矿业,9.0,9.05,9.05,8.9,9061300.0
20250911,000657,中钨高新,18.71,19.53,19.79,18.62,65494900.0
20250911,000659,珠海中富,3.24,3.31,3.32,3.19,109663600.0
20250911,000661,长春高新,118.0,124.36,124.63,116.0,14232100.0
20250911,000663,永安林业,6.72,6.7,6.72,6.58,6221600.0
20250911,000665,湖北广电,6.05,6.08,6.1,5.9,38342100.0
20250911,000668,荣丰控股,9.95,10.19,10.26,9.83,4054000.0
20250911,000670,盈方微,8.45,8.84,8.9,8.36,72417300.0
20250911,000672,上峰材料,8.65,8.73,8.73,8.62,7732400.0
20250911,000676,智度股份,9.84,10.03,10.11,9.63,72991900.0
20250911,000678,襄阳轴承,14.91,15.08,15.08,14.8,14916500.0
20250911,000679,大连友谊,9.2,9.2,9.44,9.0,12488000.0
20250911,000680,山推股份,9.71,9.71,9.78,9.63,19831500.0
20250911,000681,视觉中国,20.31,20.61,20.65,19.9,29549800.0
20250911,000682,东方电子,11.11,11.28,11.29,10.97,18537200.0
20250911,000683,博源化工,6.35,6.51,6.52,6.28,51968600.0
20250911,000685,中山公用,9.82,10.02,10.03,9.76,16402500.0
20250911,000686,东北证券,8.41,8.67,8.68,8.36,31811600.0
20250911,000688,国城矿业,14.85,14.88,14.94,14.62,11867700.0
20250911,000690,宝新能源,4.73,4.82,4.82,4.71,41614300.0
20250911,000691,亚太实业,7.09,7.09,7.09,7.09,755400.0
20250911,000692,惠天热电,3.69,3.69,3.69,3.62,10775800.0
20250911,000695,滨海能源,12.87,12.6,12.87,12.36,12105700.0
20250911,000697,炼石航空,8.5,8.56,8.78,8.45,8964400.0
20250911,000700,模塑科技,10.09,10.43,10.49,9.96,53622500.0
20250911,000701,厦门信达,5.88,5.88,5.89,5.74,19116300.0
20250911,000702,正虹科技,7.8,7.99,8.07,7.8,24165000.0
20250911,000703,恒逸石化,6.61,6.74,6.75,6.58,24195000.0
20250911,000705,浙江震元,9.59,9.53,9.59,9.39,11487300.0
20250911,000707,双环科技,6.52,6.69,6.9,6.47,16794500.0
20250911,000708,中信特钢,12.79,12.96,12.97,12.78,11379200.0
20250911,000709,河钢股份,2.4,2.43,2.44,2.38,80819200.0
20250911,000710,贝瑞基因,14.08,14.19,14.2,13.7,14602700.0
20250911,000711,京蓝科技,1.81,1.83,1.83,1.8,37798500.0
20250911,000712,锦龙股份,14.28,14.65,14.68,14.14,28054000.0
20250911,000713,国投丰乐,7.04,7.07,7.09,7.02,10921400.0
20250911,000715,中兴商业,6.17,6.17,6.23,6.08,12658500.0
20250911,000716,黑芝麻,6.67,6.64,6.68,6.52,36971000.0
20250911,000717,中南股份,2.87,2.88,2.89,2.8,45563900.0
20250911,000718,苏宁环球,2.88,3.01,3.01,2.78,298264100.0
20250911,000719,中原传媒,12.46,12.52,12.53,12.28,5873000.0
20250911,000720,新能泰山,3.52,3.51,3.52,3.43,9706000.0
20250911,000721,西安饮食,10.16,10.45,10.45,10.01,50847700.0
20250911,000722,湖南发展,13.02,13.2,13.5,12.86,30853000.0
20250911,000723,美锦能源,4.77,4.78,4.79,4.71,53622000.0
20250911,000725,京东方Ａ,4.08,4.16,4.16,4.06,705155200.0
20250911,000726,鲁  泰Ａ,6.94,6.98,6.99,6.86,9518000.0
20250911,000727,冠捷科技,2.55,2.63,2.64,2.52,124400700.0
20250911,000728,国元证券,8.88,9.19,9.22,8.85,60123600.0
20250911,000729,燕京啤酒,12.04,11.98,12.07,11.89,29884400.0
20250911,000731,四川美丰,7.13,7.12,7.15,7.09,6378400.0
20250911,000733,振华科技,46.99,47.69,47.75,46.7,10490300.0
20250911,000735,罗 牛 山,6.37,6.41,6.49,6.35,35341600.0
20250911,000736,中交发展,4.92,4.91,4.93,4.87,10050700.0
20250911,000737,北方铜业,12.29,12.39,12.39,12.01,92884500.0
20250911,000738,航发控制,19.04,19.3,19.33,18.93,10644300.0
20250911,000739,普洛药业,15.74,16.12,16.15,15.45,12510900.0
20250911,000750,国海证券,4.46,4.91,4.91,4.44,727536600.0
20250911,000751,锌业股份,3.69,3.79,3.79,3.63,73353700.0
20250911,000753,漳州发展,6.55,6.63,6.68,6.41,31437500.0
20250911,000755,山西高速,4.91,4.9,4.91,4.86,6176200.0
20250911,000756,新华制药,16.26,16.27,16.27,15.85,13677300.0
20250911,000757,浩物股份,5.66,5.89,5.92,5.6,26476800.0
20250911,000758,中色股份,6.63,6.76,6.78,6.56,60503900.0
20250911,000759,中百集团,7.93,7.99,7.99,7.81,53247500.0
20250911,000761,本钢板材,3.67,3.64,3.67,3.58,19102600.0
20250911,000762,西藏矿业,22.7,22.49,22.76,22.35,18581400.0
20250911,000766,通化金马,25.73,26.92,27.49,23.64,74195200.0
20250911,000767,晋控电力,3.07,3.08,3.08,3.03,32424700.0
20250911,000768,中航西飞,24.82,25.15,25.17,24.65,28394900.0
20250911,000776,广发证券,20.48,21.15,21.22,20.43,70736500.0
20250911,000777,中核科技,19.33,19.67,19.67,19.2,8591100.0
20250911,000778,新兴铸管,3.79,3.83,3.83,3.77,38848100.0
20250911,000779,甘咨询,9.23,9.29,9.3,9.15,6204500.0
20250911,000782,恒申新材,5.75,5.8,5.84,5.67,18121300.0
20250911,000783,长江证券,7.88,8.47,8.51,7.84,199298600.0
20250911,000785,居然智家,3.23,3.22,3.23,3.17,119434100.0
20250911,000786,北新建材,25.44,25.7,25.71,25.38,9965900.0
20250911,000788,北大医药,6.33,6.36,6.37,6.21,12149200.0
20250911,000789,万年青,5.9,5.91,5.92,5.83,5371800.0
20250911,000790,华神科技,4.0,4.01,4.02,3.91,13098600.0
20250911,000791,甘肃能源,6.7,6.74,6.74,6.66,17106200.0
20250911,000792,盐湖股份,20.0,20.16,20.32,19.96,59246900.0
20250911,000795,英洛华,10.91,11.17,11.19,10.84,31544300.0
20250911,000796,凯撒旅业,6.48,6.39,6.55,6.22,272201500.0
20250911,000797,中国武夷,2.82,2.85,2.86,2.79,36726600.0
20250911,000798,中水渔业,8.32,8.33,8.38,8.22,6763100.0
20250911,000799,酒鬼酒,68.71,73.29,73.93,68.7,34820000.0
20250911,000800,一汽解放,7.11,7.14,7.15,7.08,13633300.0
20250911,000801,四川九洲,15.52,15.69,15.7,15.35,22419500.0
20250911,000802,北京文化,4.98,4.92,4.98,4.81,38238800.0
20250911,000803,山高环能,7.72,7.68,7.76,7.5,14649700.0
20250911,000807,云铝股份,18.65,19.36,19.39,18.61,43973700.0
20250911,000809,和展能源,3.28,3.4,3.63,3.28,106262300.0
20250911,000810,创维数字,13.47,13.39,13.49,12.95,62860900.0
20250911,000811,冰轮环境,12.6,13.28,13.36,12.54,43542800.0
20250911,000812,陕西金叶,4.77,4.78,4.78,4.69,14693300.0
20250911,000813,德展健康,4.2,4.34,4.35,4.06,108456400.0
20250911,000815,美利云,13.86,13.72,13.88,13.6,29704900.0
20250911,000816,智慧农业,3.3,3.28,3.31,3.24,43688400.0
20250911,000818,航锦科技,23.63,24.03,24.1,23.41,25153400.0
20250911,000819,岳阳兴长,16.89,16.96,17.09,16.77,4232900.0
20250911,000820,神雾节能,2.75,2.71,2.77,2.69,6080000.0
20250911,000822,山东海化,5.85,5.85,5.85,5.77,11673000.0
20250911,000823,超声电子,13.2,13.98,14.07,13.17,52900200.0
20250911,000825,太钢不锈,3.94,3.98,3.98,3.91,27977300.0
20250911,000828,东莞控股,11.56,11.74,11.75,11.46,8805700.0
20250911,000829,天音控股,9.59,9.72,9.73,9.44,16244900.0
20250911,000830,鲁西化工,14.48,14.5,14.65,14.21,30666700.0
20250911,000831,中国稀土,52.5,55.1,56.13,52.1,102915600.0
20250911,000833,粤桂股份,13.98,13.98,14.05,13.55,37423200.0
20250911,000837,秦川机床,14.36,14.52,14.54,13.98,77773600.0
20250911,000839,国安股份,2.83,2.87,2.87,2.77,65032400.0
20250911,000848,承德露露,8.56,8.64,8.65,8.52,10595800.0
20250911,000850,华茂股份,4.48,4.54,4.54,4.43,15851000.0
20250911,000852,石化机械,6.71,6.81,6.87,6.63,17601900.0
20250911,000856,冀东装备,11.22,11.31,11.31,11.1,5709100.0
20250911,000858,五 粮 液,127.42,128.52,128.54,126.8,22997300.0
20250911,000859,国风新材,6.54,6.63,6.63,6.47,17010700.0
20250911,000860,顺鑫农业,16.12,16.43,16.43,16.07,14242400.0
20250911,000862,银星能源,5.81,5.88,5.92,5.81,22898500.0
20250911,000863,三湘印象,3.58,3.59,3.6,3.54,28863500.0
20250911,000868,安凯客车,5.75,5.81,5.82,5.63,22225100.0
20250911,000869,张  裕Ａ,22.2,22.61,22.67,22.2,2589900.0
20250911,000875,电投绿能,5.6,5.89,5.95,5.58,219496000.0
20250911,000876,新 希 望,10.21,10.44,10.61,10.16,102139000.0
20250911,000877,天山股份,6.35,6.39,6.39,6.26,33034700.0
20250911,000878,云南铜业,15.2,15.35,15.4,15.07,82282500.0
20250911,000880,潍柴重机,47.72,48.66,48.99,46.93,22979700.0
20250911,000881,中广核技,7.86,7.96,7.96,7.79,9510600.0
20250911,000882,华联股份,2.2,2.23,2.24,2.16,168909400.0
20250911,000883,湖北能源,4.65,4.65,4.67,4.62,18720600.0
20250911,000885,城发环境,14.85,15.05,15.07,14.79,5070900.0
20250911,000886,海南高速,6.48,6.48,6.51,6.4,15883200.0
20250911,000887,中鼎股份,22.1,22.94,22.94,21.89,67083700.0
20250911,000888,峨眉山Ａ,14.36,14.33,14.4,14.09,22170200.0
20250911,000889,中嘉博创,3.56,3.61,3.62,3.51,27278700.0
20250911,000890,法尔胜,4.29,4.18,4.29,4.13,41817900.0
20250911,000892,欢瑞世纪,6.21,6.1,6.31,5.96,139156000.0
20250911,000893,亚钾国际,37.65,38.46,38.5,37.65,13203400.0
20250911,000895,双汇发展,25.65,25.88,25.95,25.54,10191400.0
20250911,000897,津滨发展,2.35,2.35,2.35,2.3,40518200.0
20250911,000898,鞍钢股份,2.6,2.61,2.61,2.56,35290700.0
20250911,000899,赣能股份,10.21,10.3,10.36,10.11,22069900.0
20250911,000900,现代投资,4.2,4.22,4.22,4.16,18914200.0
20250911,000901,航天科技,16.07,16.38,16.4,15.87,32166800.0
20250911,000902,新洋丰,14.7,14.78,14.96,14.69,19622300.0
20250911,000905,厦门港务,8.65,8.73,8.73,8.56,10827700.0
20250911,000906,浙商中拓,6.17,6.22,6.22,6.14,7961200.0
20250911,000908,石药景峰,5.73,5.7,5.76,5.67,8449600.0
20250911,000910,大亚圣象,8.5,8.5,8.52,8.34,7922300.0
20250911,000912,泸天化,4.36,4.37,4.37,4.33,5868900.0
20250911,000913,钱江摩托,18.9,18.9,19.1,18.5,18198000.0
20250911,000915,华特达因,33.51,33.78,33.8,33.31,2957300.0
20250911,000917,电广传媒,7.66,7.67,7.68,7.48,30834500.0
20250911,000919,金陵药业,7.18,7.24,7.24,7.09,9047700.0
20250911,000920,沃顿科技,12.36,12.61,12.63,12.23,13870100.0
20250911,000921,海信家电,24.88,25.05,25.07,24.73,7472400.0
20250911,000922,佳电股份,11.72,11.85,11.86,11.67,7755100.0
20250911,000923,河钢资源,15.5,16.05,16.13,15.42,18206800.0
20250911,000925,众合科技,7.57,7.75,7.75,7.48,14580700.0
20250911,000926,福星股份,3.31,3.38,3.41,3.3,95653700.0
20250911,000927,中国铁物,2.69,2.74,2.74,2.67,56432600.0
20250911,000928,中钢国际,6.43,6.49,6.51,6.4,20804200.0
20250911,000929,兰州黄河,8.49,8.34,8.49,8.25,3602900.0
20250911,000930,中粮科技,6.18,6.31,6.31,6.16,22542800.0
20250911,000931,中 关 村,5.39,5.38,5.39,5.26,8375800.0
20250911,000932,华菱钢铁,6.22,6.27,6.29,6.14,93669000.0
20250911,000933,神火股份,18.56,19.06,19.06,18.55,47914600.0
20250911,000935,四川双马,20.17,20.1,20.18,19.6,8333200.0
20250911,000936,华西股份,8.0,8.1,8.19,7.89,54678800.0
20250911,000937,冀中能源,5.92,5.94,5.95,5.89,12141200.0
20250911,000938,紫光股份,26.65,28.67,28.78,26.36,219234200.0
20250911,000948,南天信息,19.25,19.17,19.41,18.74,15224000.0
20250911,000949,新乡化纤,4.15,4.23,4.25,4.09,80064700.0
20250911,000950,重药控股,5.22,5.27,5.28,5.18,18636500.0
20250911,000951,中国重汽,17.68,17.57,17.68,17.45,13453900.0
20250911,000952,广济药业,6.69,6.68,6.79,6.52,5129200.0
20250911,000953,中哲精化,7.9,7.93,8.23,7.72,47844900.0
20250911,000955,欣龙控股,4.86,4.83,4.86,4.73,12552300.0
20250911,000957,中通客车,11.65,11.67,11.68,11.48,15808100.0
20250911,000958,电投产融,6.8,6.76,6.8,6.67,40308900.0
20250911,000959,首钢股份,4.12,4.22,4.22,4.09,36447500.0
20250911,000960,锡业股份,21.51,22.05,22.29,21.37,33511800.0
20250911,000962,东方钽业,22.81,23.54,23.65,22.44,20747000.0
20250911,000963,华东医药,41.8,42.78,42.86,40.56,15422200.0
20250911,000965,天保基建,4.32,4.35,4.36,4.23,49243000.0
20250911,000966,长源电力,4.42,4.45,4.45,4.4,27460300.0
20250911,000967,盈峰环境,6.94,6.95,6.95,6.82,30952800.0
20250911,000968,蓝焰控股,7.09,7.06,7.1,6.98,14045000.0
20250911,000969,安泰科技,13.43,13.8,13.8,13.29,25071100.0
20250911,000970,中科三环,13.8,14.16,14.21,13.67,35695300.0
20250911,000972,中基健康,5.13,5.0,5.15,4.91,35190200.0
20250911,000973,佛塑科技,7.66,7.82,7.95,7.58,72295500.0
20250911,000975,山金国际,21.1,21.27,21.31,20.78,39202800.0
20250911,000977,浪潮信息,60.8,63.99,64.28,59.75,118664500.0
20250911,000978,桂林旅游,6.93,6.91,6.94,6.75,13333800.0
20250911,000980,众泰汽车,3.28,3.39,3.44,3.26,385809600.0
20250911,000981,山子高科,2.51,2.52,2.52,2.45,970660300.0
20250911,000983,山西焦煤,6.95,6.94,7.05,6.86,64919200.0
20250911,000985,大庆华科,18.45,18.46,18.52,18.18,1481500.0
20250911,000987,越秀资本,7.38,7.63,7.68,7.32,47276400.0
20250911,000988,华工科技,68.3,72.27,72.27,67.5,96421500.0
20250911,000989,九芝堂,10.53,10.61,10.63,10.26,18608800.0
20250911,000990,诚志股份,7.88,7.95,7.95,7.81,11764700.0
20250911,000993,闽东电力,10.44,10.44,10.45,10.32,7925800.0
20250911,000995,皇台酒业,14.95,15.18,15.38,14.87,11445200.0
20250911,000997,新 大 陆,27.45,27.85,27.87,26.94,16069500.0
20250911,000998,隆平高科,9.89,9.95,9.95,9.88,14040700.0
20250911,000999,华润三九,29.45,29.7,29.73,29.4,8812700.0
20250911,001201,东瑞股份,16.6,17.87,18.23,16.58,17759700.0
20250911,001202,炬申股份,15.2,16.72,16.72,15.02,8208300.0
20250911,001203,大中矿业,12.01,12.18,12.27,11.85,14093300.0
20250911,001205,盛航股份,16.4,16.46,16.52,16.31,3940500.0
20250911,001206,依依股份,27.09,28.25,28.42,26.76,7773400.0
20250911,001207,联科科技,23.29,23.65,23.65,23.06,4114300.0
20250911,001208,华菱线缆,12.0,12.64,12.75,11.9,28293300.0
20250911,001209,洪兴股份,18.53,18.69,18.7,18.12,2190400.0
20250911,001210,金房能源,15.22,15.68,15.69,15.11,5783900.0
20250911,001211,双枪科技,27.55,27.26,27.55,26.95,2935700.0
20250911,001212,中旗新材,52.9,54.08,54.75,52.55,5618200.0
20250911,001213,中铁特货,4.19,4.23,4.23,4.17,15628500.0
20250911,001215,千味央厨,32.3,33.1,33.1,32.07,2814600.0
20250911,001216,华瓷股份,16.13,15.92,16.13,15.62,8864000.0
20250911,001217,华尔泰,11.95,11.95,11.97,11.83,4001100.0
20250911,001218,丽臣实业,20.06,20.32,20.32,19.9,2770800.0
20250911,001219,青岛食品,14.63,14.63,14.65,14.41,3545600.0
20250911,001221,悍高集团,54.2,54.94,55.92,53.66,5290200.0
20250911,001222,源飞宠物,26.1,26.07,27.33,25.65,7345500.0
20250911,001223,欧克科技,54.2,55.7,56.5,53.89,2534000.0
20250911,001225,和泰机电,41.0,42.57,42.6,39.88,3073800.0
20250911,001226,拓山重工,39.0,38.69,39.3,38.0,3239700.0
20250911,001227,兰州银行,2.43,2.44,2.44,2.41,62359100.0
20250911,001228,永泰运,24.08,24.0,24.08,23.71,974900.0
20250911,001229,魅视科技,32.41,33.22,33.25,32.0,1407300.0
20250911,001230,劲旅环境,23.93,24.26,24.27,23.38,1888500.0
20250911,001231,农心科技,21.09,21.07,21.13,20.71,953800.0
20250911,001234,泰慕士,25.29,25.31,25.5,24.72,4477500.0
20250911,001236,弘业期货,11.63,11.87,11.87,11.54,14789400.0
20250911,001238,浙江正特,50.1,49.88,50.22,49.08,495900.0
20250911,001239,永达股份,17.18,17.24,17.24,16.91,3671900.0
20250911,001255,博菲电气,32.91,32.95,33.47,32.45,1562600.0
20250911,001256,炜冈科技,23.58,23.72,23.92,23.25,1609200.0
20250911,001258,立新能源,6.96,6.98,6.98,6.9,5880000.0
20250911,001259,利仁科技,26.08,25.96,26.09,25.5,831200.0
20250911,001260,坤泰股份,19.94,20.09,20.15,19.7,1751500.0
20250911,001266,宏英智能,29.99,30.76,30.8,29.21,2563800.0
20250911,001267,汇绿生态,16.05,16.68,17.43,15.59,70558500.0
20250911,001268,联合精密,36.79,36.19,36.79,35.2,2951500.0
20250911,001269,欧晶科技,28.6,28.68,28.73,28.18,3245300.0
20250911,001270,铖昌科技,43.75,44.99,45.17,43.75,3433700.0
20250911,001277,速达股份,40.9,41.0,41.01,40.71,838000.0
20250911,001278,一彬科技,18.72,18.73,18.76,18.46,2032800.0
20250911,001279,强邦新材,41.44,41.09,41.44,40.75,2673700.0
20250911,001282,三联锻造,20.38,20.65,20.67,20.01,3879900.0
20250911,001283,豪鹏科技,78.0,78.78,80.5,76.9,7038500.0
20250911,001286,陕西能源,9.22,9.29,9.3,9.18,16207100.0
20250911,001287,中电港,19.7,20.39,20.82,19.51,20992800.0
20250911,001288,运机集团,25.64,25.81,26.13,25.47,6339700.0
20250911,001289,龙源电力,17.65,17.61,17.77,17.42,5157900.0
20250911,001296,长江材料,24.2,24.44,24.7,23.92,8439000.0
20250911,001298,好上好,32.98,35.39,36.0,32.53,31711500.0
20250911,001299,美能能源,13.0,13.32,13.38,12.86,5951600.0
20250911,001300,三柏硕,14.39,14.74,15.2,14.22,12403300.0
20250911,001301,尚太科技,63.78,63.1,64.16,62.6,11789000.0
20250911,001306,夏厦精密,98.76,101.33,101.88,97.41,1464400.0
20250911,001308,康冠科技,22.78,23.1,23.1,22.51,3128800.0
20250911,001309,德明利,94.91,99.8,101.0,94.32,13923800.0
20250911,001311,多利科技,24.5,24.67,25.13,24.18,9577700.0
20250911,001313,粤海饲料,7.75,7.78,7.83,7.65,11144400.0
20250911,001314,亿道信息,48.6,50.38,50.39,48.11,4566400.0
20250911,001316,润贝航科,33.23,33.56,33.59,32.97,1420300.0
20250911,001317,三羊马,48.0,48.09,48.88,47.18,3861100.0
20250911,001318,阳光乳业,15.17,15.17,15.17,14.82,10171300.0
20250911,001319,铭科精技,28.31,28.82,28.91,27.85,4847800.0
20250911,001322,箭牌家居,8.6,8.61,8.61,8.48,3241800.0
20250911,001323,慕思股份,29.09,29.25,29.25,28.86,1010300.0
20250911,001324,长青科技,20.07,20.17,20.26,19.9,2144400.0
20250911,001326,联域股份,37.84,38.15,38.73,37.45,2012300.0
20250911,001328,登康口腔,40.48,40.25,40.48,39.33,2410800.0
20250911,001330,博纳影业,5.96,5.9,5.98,5.74,48658700.0
20250911,001331,胜通能源,13.16,12.72,13.16,12.61,15145500.0
20250911,001332,锡装股份,43.7,47.5,48.84,43.21,9391500.0
20250911,001333,光华股份,21.44,21.75,21.75,21.14,1618500.0
20250911,001335,信凯科技,40.38,40.78,40.92,39.68,1803200.0
20250911,001336,楚环科技,23.38,23.3,23.38,22.82,982700.0
20250911,001337,四川黄金,28.35,28.09,28.6,27.78,23843300.0
20250911,001338,永顺泰,11.74,11.83,11.83,11.71,4591800.0
20250911,001339,智微智能,58.81,60.76,60.98,57.91,12052000.0
20250911,001356,富岭股份,14.88,14.94,14.94,14.78,5549100.0
20250911,001358,兴欣新材,28.0,29.87,30.24,27.66,6105600.0
20250911,001359,平安电工,50.99,55.53,55.53,50.99,5207300.0
20250911,001360,南矿集团,16.2,16.16,16.26,15.9,6604000.0
20250911,001366,播恩集团,12.85,13.09,13.12,12.72,3138400.0
20250911,001367,海森药业,24.91,24.8,24.91,24.26,1876400.0
20250911,001368,通达创智,25.05,25.3,25.34,24.73,1142800.0
20250911,001373,翔腾新材,30.8,31.18,31.18,30.31,936300.0
20250911,001376,百通能源,12.21,12.25,12.26,12.12,5193000.0
20250911,001378,德冠新材,22.93,22.99,23.04,22.68,963500.0
20250911,001379,腾达科技,20.93,21.11,21.12,20.7,1883600.0
20250911,001380,华纬科技,26.0,26.36,26.44,25.52,7112700.0
20250911,001382,新亚电缆,20.75,20.97,20.97,20.7,2013500.0
20250911,001387,雪祺电气,13.78,13.85,13.93,13.59,2218700.0
20250911,001388,信通电子,49.11,49.95,49.99,48.71,3011500.0
20250911,001389,广合科技,69.8,75.2,75.41,69.18,18205400.0
20250911,001390,古麒绒材,26.4,26.53,26.68,25.86,5399400.0
20250911,001391,国货航,6.71,6.75,6.75,6.68,19816500.0
20250911,001395,亚联机械,52.58,52.32,52.58,51.31,971400.0
20250911,001400,江顺科技,72.0,74.49,75.75,71.5,2182800.0
20250911,001696,宗申动力,23.81,24.35,24.35,23.6,32390100.0
20250911,001872,招商港口,20.94,21.21,21.4,20.91,5401800.0
20250911,001896,豫能控股,5.43,5.5,5.51,5.38,19900100.0
20250911,001914,招商积余,12.37,12.4,12.45,12.25,6846900.0
20250911,001965,招商公路,10.09,10.17,10.17,10.05,20390500.0
20250911,001979,招商蛇口,9.48,9.45,9.51,9.38,55436000.0
20250911,002001,新 和 成,24.2,24.56,24.59,24.09,19561300.0
20250911,002003,伟星股份,10.67,10.69,10.71,10.57,10264900.0
20250911,002004,华邦健康,4.94,4.96,4.96,4.89,33328400.0
20250911,002005,德豪润达,2.36,2.38,2.38,2.3,12681900.0
20250911,002006,精工科技,17.28,18.04,18.23,17.15,28263700.0
20250911,002007,华兰生物,16.7,16.91,16.92,16.5,18227300.0
20250911,002008,大族激光,35.6,39.06,39.06,35.28,79490200.0
20250911,002009,天奇股份,18.19,18.54,18.58,17.93,24047400.0
20250911,002010,传化智联,5.88,5.96,5.96,5.8,32155100.0
20250911,002011,盾安环境,12.8,12.8,12.9,12.5,27099700.0
20250911,002012,凯恩股份,5.93,5.91,5.95,5.79,12275000.0
20250911,002014,永新股份,11.69,11.7,11.74,11.59,2657700.0
20250911,002015,协鑫能科,12.01,12.36,12.52,11.88,37612500.0
20250911,002016,世荣兆业,5.81,5.87,5.89,5.79,13560900.0
20250911,002017,东信和平,26.67,27.39,27.68,26.0,68581900.0
20250911,002019,亿帆医药,14.72,14.74,14.76,14.1,29048600.0
20250911,002020,京新药业,18.8,19.31,19.41,17.66,39372300.0
20250911,002021,中捷资源,2.71,2.74,2.74,2.63,96149000.0
20250911,002022,科华生物,6.76,6.79,6.79,6.64,7279900.0
20250911,002023,海特高新,11.85,12.3,12.35,11.7,34300100.0
20250911,002025,航天电器,48.0,49.19,49.24,47.88,5329900.0
20250911,002026,山东威达,14.41,14.41,14.47,14.12,21609900.0
20250911,002027,分众传媒,8.29,8.28,8.31,8.21,103369700.0
20250911,002028,思源电气,92.32,93.0,94.21,91.21,4549800.0
20250911,002029,七 匹 狼,6.98,7.04,7.05,6.87,8862400.0
20250911,002030,达安基因,6.46,6.52,6.52,6.38,15524900.0
20250911,002031,巨轮智能,8.75,8.81,8.84,8.51,168292600.0
20250911,002032,苏 泊 尔,51.23,51.26,51.41,50.91,2227900.0
20250911,002033,丽江股份,9.43,9.39,9.43,9.25,21024700.0
20250911,002034,旺能环境,17.22,17.4,17.4,17.06,4068400.0
20250911,002035,华帝股份,6.41,6.51,6.51,6.37,10739000.0
20250911,002036,联创电子,11.07,11.39,11.4,10.92,46160900.0
20250911,002037,保利联合,11.67,11.59,11.67,11.45,17543800.0
20250911,002038,双鹭药业,7.51,7.58,7.59,7.35,15916500.0
20250911,002039,黔源电力,16.62,16.58,16.67,16.4,5349700.0
20250911,002040,南 京 港,9.55,9.62,9.62,9.45,7768600.0
20250911,002041,登海种业,9.59,9.67,9.67,9.59,8276900.0
20250911,002042,华孚时尚,5.02,5.07,5.09,4.94,40860400.0
20250911,002043,兔 宝 宝,10.83,10.87,11.08,10.8,12165800.0
20250911,002044,美年健康,5.27,5.29,5.29,5.19,99105400.0
20250911,002045,国光电器,15.89,16.32,16.33,15.7,23153800.0
20250911,002046,国机精工,32.91,33.16,33.6,32.6,26447200.0
20250911,002047,宝鹰股份,2.45,2.45,2.51,2.42,17909800.0
20250911,002048,宁波华翔,31.9,32.7,32.95,31.6,41351900.0
20250911,002049,紫光国微,75.0,77.6,77.68,74.21,28849600.0
20250911,002050,三花智控,33.33,34.76,34.91,32.8,208240600.0
20250911,002051,中工国际,8.47,8.5,8.51,8.37,10113500.0
20250911,002052,同洲电子,17.01,15.91,17.01,14.8,115811900.0
20250911,002053,云南能投,15.33,14.24,15.33,14.21,38099500.0
20250911,002054,德美化工,6.62,6.64,6.64,6.54,5875800.0
20250911,002056,横店东磁,18.08,18.63,18.63,18.04,33597100.0
20250911,002057,中钢天源,10.91,11.15,11.17,10.76,36793300.0
20250911,002058,紫竹高科,22.74,22.74,22.74,22.74,1213900.0
20250911,002059,云南旅游,5.35,5.35,5.36,5.26,22572500.0
20250911,002060,广东建工,3.64,3.68,3.68,3.62,14695500.0
20250911,002061,浙江交科,4.04,4.07,4.07,4.01,24850100.0
20250911,002062,宏润建设,9.11,9.38,9.45,8.86,55082800.0
20250911,002063,远光软件,6.1,6.33,6.35,6.05,56608400.0
20250911,002064,华峰化学,8.32,8.78,8.8,8.28,55645900.0
20250911,002065,东华软件,10.25,10.45,10.45,10.13,108950200.0
20250911,002066,瑞泰科技,13.79,13.87,13.89,13.61,4399300.0
20250911,002067,景兴纸业,5.28,5.19,5.34,5.03,295139900.0
20250911,002068,黑猫股份,11.46,11.61,11.74,11.28,26390700.0
20250911,002069,獐子岛,4.37,4.37,4.43,4.28,12990200.0
20250911,002072,凯瑞德,8.08,7.98,8.1,7.93,7289700.0
20250911,002073,软控股份,8.9,8.88,8.92,8.67,59745400.0
20250911,002074,国轩高科,46.06,47.0,47.9,44.51,192919200.0
20250911,002075,沙钢股份,5.9,5.95,5.96,5.8,46100900.0
20250911,002076,星光股份,1.94,1.93,1.94,1.91,31926700.0
20250911,002077,大港股份,17.0,17.63,18.17,16.9,112413000.0
20250911,002078,太阳纸业,15.31,15.5,15.55,15.1,28325000.0
20250911,002079,苏州固锝,10.09,10.35,10.35,9.95,22650300.0
20250911,002080,中材科技,35.5,36.33,37.24,35.19,64550400.0
20250911,002081,金 螳 螂,3.5,3.55,3.55,3.47,26977800.0
20250911,002083,孚日股份,4.9,4.9,4.91,4.83,11184300.0
20250911,002084,海鸥住工,3.97,3.93,4.06,3.89,73077700.0
20250911,002085,万丰奥威,17.51,18.1,18.1,17.34,79914500.0
20250911,002086,东方海洋,2.73,2.75,2.75,2.71,36310100.0
20250911,002088,鲁阳节能,12.67,13.21,13.4,12.42,16109500.0
20250911,002090,金智科技,10.87,10.77,10.9,10.66,24827800.0
20250911,002091,江苏国泰,8.9,8.9,8.94,8.73,46586500.0
20250911,002092,中泰化学,4.89,4.93,4.93,4.84,33889000.0
20250911,002093,国脉科技,11.6,11.86,11.87,11.46,23102000.0
20250911,002094,青岛金王,8.48,8.52,8.58,8.4,29997400.0
20250911,002095,生 意 宝,20.6,20.82,20.83,20.23,5058600.0
20250911,002096,易普力,13.73,13.89,13.92,13.5,7533600.0
20250911,002097,山河智能,13.92,14.15,14.18,13.76,52493900.0
20250911,002098,浔兴股份,9.3,9.37,9.39,9.18,4031200.0
20250911,002099,海翔药业,6.34,6.49,6.55,6.21,31049300.0
20250911,002100,天康生物,6.89,7.52,7.52,6.85,177082200.0
20250911,002101,广东鸿图,14.43,14.08,14.5,13.95,55777400.0
20250911,002103,广博股份,10.06,10.04,10.1,9.91,12542900.0
20250911,002104,恒宝股份,24.19,24.82,25.15,23.71,101961600.0
20250911,002105,信隆健康,7.27,7.46,7.66,7.21,23602600.0
20250911,002106,莱宝高科,12.08,12.46,12.75,12.07,58190000.0
20250911,002107,沃华医药,6.51,6.57,6.58,6.4,6889300.0
20250911,002108,沧州明珠,4.13,4.13,4.22,4.1,76722400.0
20250911,002110,三钢闽光,4.33,4.37,4.37,4.29,18446200.0
20250911,002111,威海广泰,10.14,10.21,10.21,10.08,5227400.0
20250911,002112,三变科技,13.61,13.56,13.61,13.38,13237300.0
20250911,002114,罗平锌电,7.87,7.9,8.16,7.73,22388800.0
20250911,002115,三维通信,13.75,14.2,14.85,13.4,399052700.0
20250911,002116,中国海诚,10.18,10.28,10.3,10.09,5520600.0
20250911,002117,东港股份,11.81,11.97,11.97,11.7,13489800.0
20250911,002119,康强电子,15.9,16.39,16.39,15.81,15089200.0
20250911,002120,韵达股份,7.98,7.96,7.98,7.87,44598600.0
20250911,002121,科陆电子,7.67,7.83,8.0,7.56,72916700.0
20250911,002123,梦网科技,13.57,13.85,13.85,13.41,33403700.0
20250911,002124,天邦食品,3.1,3.18,3.25,3.1,168582500.0
20250911,002125,湘潭电化,14.7,14.87,14.9,14.32,39444800.0
20250911,002126,银轮股份,36.06,37.29,37.5,36.03,27428600.0
20250911,002127,南极电商,3.77,3.76,3.78,3.71,44989500.0
20250911,002128,电投能源,21.95,22.13,22.28,21.9,8314800.0
20250911,002129,TCL中环,8.41,8.51,8.53,8.35,77550400.0
20250911,002130,沃尔核材,23.77,26.06,26.06,23.34,210246600.0
20250911,002131,利欧股份,5.85,6.08,6.2,5.75,1604715700.0
20250911,002132,恒星科技,3.76,3.75,3.76,3.7,29476100.0
20250911,002133,广宇集团,3.51,3.53,3.55,3.44,25531800.0
20250911,002134,天津普林,21.32,21.72,21.99,21.25,9409900.0
20250911,002135,东南网架,4.31,4.34,4.34,4.27,11756000.0
20250911,002136,安 纳 达,11.4,11.41,11.42,11.17,7034200.0
20250911,002137,实益达,8.45,8.51,8.52,8.28,13526400.0
20250911,002138,顺络电子,33.5,36.5,36.9,33.5,51102200.0
20250911,002139,拓邦股份,14.49,14.82,14.83,14.32,36860500.0
20250911,002140,东华科技,10.58,11.46,11.46,10.53,45021700.0
20250911,002141,贤丰控股,3.99,4.11,4.15,3.95,32681700.0
20250911,002142,宁波银行,28.56,28.7,28.84,28.35,32093900.0
20250911,002144,宏达高科,13.31,13.21,13.34,12.95,6193300.0
20250911,002145,钛能化学,5.08,5.11,5.12,5.01,80131200.0
20250911,002146,荣盛发展,1.6,1.59,1.6,1.55,181198300.0
20250911,002148,北纬科技,10.13,10.35,10.37,10.0,34429000.0
20250911,002149,西部材料,17.7,17.83,17.84,17.47,13410700.0
20250911,002150,正泰电源,15.4,15.54,15.69,15.07,43456300.0
20250911,002151,北斗星通,29.65,30.17,30.18,29.4,13906000.0
20250911,002152,广电运通,13.2,13.61,13.66,13.06,48216300.0
20250911,002153,石基信息,10.51,10.7,10.74,10.32,36272400.0
20250911,002154,报 喜 鸟,3.81,3.82,3.82,3.78,18038600.0
20250911,002155,湖南黄金,22.61,22.81,22.89,22.2,74445000.0
20250911,002156,通富微电,31.23,32.9,32.91,31.1,136054300.0
20250911,002157,正邦科技,3.07,3.13,3.15,3.07,223284000.0
20250911,002158,汉钟精机,27.5,28.19,28.51,26.78,43632700.0
20250911,002159,三特索道,16.41,16.3,16.41,16.07,6695000.0
20250911,002160,常铝股份,4.44,4.41,4.45,4.33,26400300.0
20250911,002161,远 望 谷,7.76,7.95,7.96,7.7,20351100.0
20250911,002162,悦心健康,4.47,4.55,4.57,4.38,34486000.0
20250911,002163,海南发展,9.43,9.67,9.68,9.36,30719000.0
20250911,002164,宁波东力,13.91,13.96,14.07,13.59,52194500.0
20250911,002165,红 宝 丽,9.82,9.61,9.82,9.4,92650600.0
20250911,002166,莱茵生物,7.93,7.96,7.96,7.84,7789900.0
20250911,002167,东方锆业,14.79,14.81,15.0,14.55,75346100.0
20250911,002169,智光电气,7.24,7.3,7.32,7.07,44771100.0
20250911,002170,芭田股份,10.83,10.83,10.98,10.72,37154900.0
20250911,002171,楚江新材,9.44,9.68,9.69,9.32,38856300.0
20250911,002173,创新医疗,22.61,23.2,23.31,21.88,69767300.0
20250911,002174,游族网络,13.02,13.02,13.14,13.02,24886700.0
20250911,002176,江特电机,9.77,9.8,9.91,9.65,116643100.0
20250911,002177,御银股份,7.78,7.98,8.01,7.58,83472500.0
20250911,002178,延华智能,7.16,7.25,7.26,7.07,27655200.0
20250911,002179,中航光电,38.92,39.55,39.55,38.66,14910300.0
20250911,002180,奔图科技,22.28,22.84,22.84,22.09,16862200.0
20250911,002181,粤 传 媒,9.78,9.53,10.54,8.83,214479300.0
20250911,002182,宝武镁业,14.69,16.31,16.31,14.5,99767800.0
20250911,002183,怡 亚 通,4.79,4.81,4.85,4.75,76229900.0
20250911,002184,海得控制,13.8,14.22,14.26,13.53,17483400.0
20250911,002185,华天科技,10.65,11.09,11.09,10.56,103605800.0
20250911,002186,全 聚 德,12.63,12.58,12.63,12.22,15504200.0
20250911,002187,广百股份,6.91,6.91,6.95,6.81,17461800.0
20250911,002188,中天服务,5.79,5.79,5.8,5.64,8186100.0
20250911,002189,中光学,23.31,23.6,23.66,23.12,4909900.0
20250911,002190,成飞集成,39.56,40.44,40.68,39.1,22359500.0
20250911,002191,劲嘉股份,4.49,4.54,4.54,4.42,34350100.0
20250911,002192,融捷股份,36.81,36.76,36.99,36.35,9172100.0
20250911,002194,武汉凡谷,15.18,15.18,15.2,14.88,43967900.0
20250911,002195,岩山科技,7.87,8.18,8.25,7.87,765259600.0
20250911,002196,方正电机,8.97,9.2,9.28,8.86,27374300.0
20250911,002197,证通电子,9.68,9.3,9.68,9.22,25161100.0
20250911,002199,东晶电子,10.65,10.68,10.9,10.39,7067400.0
20250911,002200,交投生态,7.68,7.64,7.69,7.56,2799900.0
20250911,002201,九鼎新材,8.24,8.5,8.52,8.19,20568700.0
20250911,002202,金风科技,12.55,12.52,12.68,11.91,192863400.0
20250911,002203,海亮股份,12.75,12.78,12.82,12.51,37198300.0
20250911,002204,大连重工,6.11,6.16,6.16,6.06,28958500.0
20250911,002205,国统股份,13.19,13.22,13.22,12.88,5654100.0
20250911,002206,海 利 得,6.35,6.36,6.36,6.25,23487500.0
20250911,002208,合肥城建,6.78,6.83,6.86,6.67,12478400.0
20250911,002209,达 意 隆,16.04,16.27,16.29,15.85,5626600.0
20250911,002210,飞马国际,3.33,3.36,3.36,3.29,175974300.0
20250911,002212,天融信,9.84,10.06,10.08,9.65,85365200.0
20250911,002213,大为股份,17.05,17.3,17.39,16.8,9932500.0
20250911,002214,大立科技,11.15,11.2,11.25,11.07,2416500.0
20250911,002215,诺 普 信,12.21,12.24,12.31,11.97,22764100.0
20250911,002216,三全食品,11.49,11.54,11.54,11.37,5478300.0
20250911,002218,拓日新能,3.87,3.85,3.87,3.78,38202600.0
20250911,002219,新里程,2.18,2.19,2.2,2.15,84225800.0
20250911,002221,东华能源,8.56,8.64,8.64,8.44,17462400.0
20250911,002222,福晶科技,40.84,42.12,42.73,39.99,18478000.0
20250911,002223,鱼跃医疗,39.5,39.57,39.62,38.88,15082800.0
20250911,002224,三 力 士,4.46,4.52,4.52,4.42,14743000.0
20250911,002225,濮耐股份,6.11,6.19,6.21,5.97,43587500.0
20250911,002226,江南化工,6.13,6.19,6.2,6.09,26925600.0
20250911,002228,合兴包装,3.4,3.4,3.41,3.34,15046200.0
20250911,002229,鸿博股份,18.3,18.95,18.98,18.12,66064100.0
20250911,002230,科大讯飞,50.47,51.49,51.49,49.72,53469600.0
20250911,002232,启明信息,21.42,21.88,21.89,21.09,25754500.0
20250911,002233,塔牌集团,9.0,9.11,9.11,8.96,11779900.0
20250911,002234,民和股份,9.05,9.16,9.18,9.01,9624500.0
20250911,002235,安妮股份,7.86,7.85,7.88,7.7,25014700.0
20250911,002236,大华股份,18.15,18.59,18.59,18.09,60924900.0
20250911,002237,恒邦股份,14.9,14.82,15.19,14.57,72990600.0
20250911,002238,天威视讯,8.43,8.48,8.48,8.26,7485000.0
20250911,002239,奥特佳,3.31,3.36,3.37,3.26,268342200.0
20250911,002240,盛新锂能,18.44,18.42,18.72,18.18,34847200.0
20250911,002241,歌尔股份,30.83,32.21,32.4,30.3,191331700.0
20250911,002242,九阳股份,9.64,9.69,9.7,9.55,5593100.0
20250911,002243,力合科创,9.05,9.11,9.12,8.93,21733500.0
20250911,002244,滨江集团,11.06,11.22,11.3,10.95,53212800.0
20250911,002245,蔚蓝锂芯,17.6,18.28,18.5,17.3,115850000.0
20250911,002246,北化股份,15.93,16.29,16.4,15.85,15530900.0
20250911,002247,聚力文化,2.88,2.91,2.92,2.83,30768500.0
20250911,002248,华东数控,11.3,11.43,11.57,11.14,40282100.0
20250911,002249,大洋电机,8.22,8.44,8.44,8.12,93392300.0
20250911,002250,联化科技,11.06,11.27,11.27,10.94,38479100.0
20250911,002251,步步高,7.0,7.02,7.26,6.83,491719100.0
20250911,002252,上海莱士,6.82,6.87,6.88,6.8,41473300.0
20250911,002253,川大智胜,10.85,10.9,11.02,10.82,6454300.0
20250911,002254,泰和新材,10.2,10.26,10.26,10.07,12205600.0
20250911,002255,海陆重工,8.26,8.32,8.34,8.14,18643300.0
20250911,002256,兆新股份,2.81,2.87,2.9,2.75,161279500.0
20250911,002258,利尔化学,12.32,12.34,12.36,12.2,11670100.0
20250911,002259,升达林业,4.21,4.2,4.24,4.13,11570700.0
20250911,002261,拓维信息,35.55,37.25,37.28,35.04,157746600.0
20250911,002262,恩华药业,25.55,26.17,26.35,24.68,15630000.0
20250911,002263,大东南,4.15,4.16,4.21,4.02,231509500.0
20250911,002264,新 华 都,7.99,7.88,8.1,7.68,115962500.0
20250911,002265,建设工业,29.76,30.67,30.76,29.52,23228200.0
20250911,002266,浙富控股,3.93,3.97,3.97,3.9,90747800.0
20250911,002267,陕天然气,8.16,8.2,8.2,8.11,10038400.0
20250911,002268,电科网安,17.74,17.88,17.95,17.6,13216700.0
20250911,002269,美邦服饰,2.6,2.67,2.68,2.51,416603100.0
20250911,002270,华明装备,18.89,18.97,19.09,18.61,6667700.0
20250911,002271,东方雨虹,11.86,11.85,11.91,11.77,36073900.0
20250911,002272,川润股份,15.86,16.55,16.6,15.63,72697000.0
20250911,002273,水晶光电,25.54,26.7,26.78,25.35,65742700.0
,002274,华昌化工,6.55,6.56,6.58,6.51,9196200.0
20250911,002275,桂林三金,15.0,15.04,15.05,14.8,3069400.0
20250911,002276,万马股份,17.58,17.75,17.93,17.18,158411400.0
20250911,002277,友阿股份,6.74,6.97,6.98,6.65,77732500.0
20250911,002278,神开股份,9.86,10.03,10.03,9.76,17538100.0
20250911,002279,久其软件,6.83,6.95,6.97,6.75,27839200.0
20250911,002281,光迅科技,60.38,63.92,64.37,59.45,75779000.0
20250911,002282,博深股份,7.26,7.28,7.28,7.17,5143400.0
20250911,002283,天润工业,6.82,6.94,6.94,6.68,34512100.0
20250911,002284,亚太股份,11.92,12.04,12.05,11.65,17857000.0
20250911,002285,世联行,2.5,2.51,2.52,2.46,48646300.0
20250911,002286,保龄宝,10.52,10.56,10.56,10.36,9045200.0
20250911,002287,奇正藏药,27.86,27.87,27.91,27.28,5621800.0
20250911,002289,宇顺电子,32.1,30.5,32.1,30.5,4826000.0
20250911,002290,禾盛新材,34.42,34.89,35.35,34.0,5790600.0
20250911,002291,遥望科技,6.26,6.29,6.3,6.14,30859100.0
20250911,002292,奥飞娱乐,9.29,9.29,9.3,9.02,46626600.0
20250911,002293,罗莱生活,8.5,8.47,8.53,8.37,4967000.0
20250911,002294,信立泰,52.66,54.16,54.32,51.07,11882500.0
20250911,002295,精艺股份,11.42,11.42,11.6,11.24,17000600.0
20250911,002296,辉煌科技,11.35,11.6,11.62,11.22,14024200.0
20250911,002297,博云新材,8.5,8.58,8.58,8.35,19790400.0
20250911,002298,中电鑫龙,9.52,9.82,9.84,9.38,70494500.0
20250911,002299,圣农发展,17.59,17.85,18.05,17.52,18789900.0
20250911,002300,太阳电缆,6.4,6.47,6.48,6.33,10643800.0
20250911,002301,齐心集团,6.93,6.95,6.96,6.83,10992000.0
20250911,002302,西部建设,6.8,6.79,6.81,6.71,16334100.0
20250911,002303,美盈森,4.35,4.35,4.35,4.24,26907800.0
20250911,002304,洋河股份,73.16,73.54,74.2,72.94,5922800.0
20250911,002307,北新路桥,4.73,4.74,4.8,4.69,39818500.0
20250911,002309,中利集团,3.05,3.08,3.09,3.01,20582800.0
20250911,002310,东方新能,2.33,2.35,2.38,2.3,64466400.0
20250911,002311,海大集团,64.38,65.75,66.16,64.38,7302100.0
20250911,002312,川发龙蟒,11.56,11.63,11.63,11.44,32588600.0
20250911,002313,日海智能,12.61,12.82,13.39,12.55,83008600.0
20250911,002314,南山控股,3.1,3.19,3.24,3.06,112433000.0
20250911,002315,焦点科技,48.0,48.5,48.8,47.5,7577400.0
20250911,002316,亚联发展,5.9,5.74,5.9,5.62,20474700.0
20250911,002317,众生药业,19.9,20.2,20.34,18.92,43532300.0
20250911,002318,久立特材,23.06,23.24,23.32,22.9,10312700.0
20250911,002319,乐通股份,12.14,12.21,12.35,12.0,6980400.0
20250911,002320,海峡股份,8.25,8.5,8.58,8.13,88520800.0
20250911,002321,华英农业,2.8,2.8,2.83,2.77,34619100.0
20250911,002322,理工能科,13.21,13.33,13.35,13.07,4356000.0
20250911,002324,普利特,14.22,14.81,14.98,14.15,37089000.0
20250911,002326,永太科技,17.28,17.59,17.69,16.75,52908200.0
20250911,002327,富安娜,7.3,7.3,7.31,7.23,6563300.0
20250911,002328,新朋股份,6.49,6.53,6.54,6.35,21640900.0
20250911,002329,皇氏集团,3.89,3.9,3.9,3.82,34053300.0
20250911,002330,得利斯,4.94,4.99,5.01,4.91,12095300.0
20250911,002331,皖通科技,8.2,8.3,8.3,8.13,10373600.0
20250911,002332,仙琚制药,10.45,10.54,10.54,10.15,31065000.0
20250911,002333,罗普斯金,5.96,5.73,6.07,5.6,65351300.0
20250911,002334,英威腾,9.3,9.62,9.62,9.2,37498400.0
20250911,002335,科华数据,57.57,62.76,62.76,57.05,40485900.0
20250911,002337,赛象科技,5.82,5.88,5.89,5.76,11908300.0
20250911,002338,奥普光电,47.97,49.39,49.47,47.75,5293500.0
20250911,002339,积成电子,8.14,8.23,8.23,7.97,9511800.0
20250911,002340,格林美,7.42,7.42,7.43,7.31,155757200.0
20250911,002342,巨力索具,7.9,8.12,8.25,7.86,62610100.0
20250911,002343,慈文传媒,8.46,8.39,8.49,8.2,28614300.0
20250911,002344,海宁皮城,4.56,4.54,4.57,4.46,15774900.0
20250911,002345,潮宏基,14.9,15.16,15.24,14.66,22095600.0
20250911,002346,柘中股份,15.44,15.6,15.63,15.22,2211300.0
20250911,002347,泰尔股份,7.81,7.91,8.1,7.81,40098500.0
20250911,002348,高乐股份,3.93,3.89,3.93,3.84,27869900.0
20250911,002349,精华制药,7.56,7.61,7.61,7.42,12788700.0
20250911,002350,北京科锐,6.98,7.0,7.03,6.89,7008100.0
20250911,002351,漫步者,13.12,13.41,13.41,13.01,15503900.0
20250911,002352,顺丰控股,41.84,41.94,41.96,41.58,47685700.0
20250911,002353,杰瑞股份,47.28,47.98,48.18,46.81,5632500.0
20250911,002354,天娱数科,7.5,7.45,7.5,7.22,171941700.0
20250911,002355,兴民智通,5.95,5.99,6.0,5.85,17543800.0
20250911,002356,鹏飞绿能,3.6,3.71,3.73,3.58,47237100.0
20250911,002357,富临运业,10.78,10.72,10.82,10.51,10948600.0
20250911,002358,森源电气,5.15,5.24,5.24,5.08,17141800.0
20250911,002361,神剑股份,6.42,6.48,6.5,6.36,18603400.0
20250911,002362,汉王科技,23.4,23.79,23.8,23.1,6549300.0
20250911,002363,隆基机械,7.83,7.94,7.94,7.72,7448400.0
20250911,002364,中恒电气,27.1,29.8,29.8,26.66,53661600.0
20250911,002365,永安药业,18.12,18.37,18.38,17.8,14555700.0
20250911,002366,融发核电,7.54,7.71,7.84,7.42,95179900.0
20250911,002367,康力电梯,7.04,7.1,7.11,6.96,9393900.0
20250911,002368,太极股份,27.7,27.59,27.88,26.7,19688100.0
20250911,002369,卓翼科技,9.77,10.06,10.06,9.61,41323500.0
20250911,002370,亚太药业,6.11,6.13,6.13,5.86,61609900.0
20250911,002371,北方华创,366.1,377.44,381.6,364.8,11626900.0
20250911,002372,伟星新材,10.68,10.8,10.81,10.63,7484100.0
20250911,002373,千方科技,10.54,10.78,10.87,10.38,32972100.0
20250911,002374,中锐股份,2.87,2.88,2.89,2.78,39304400.0
20250911,002375,亚厦股份,3.97,4.01,4.01,3.91,17820100.0
20250911,002376,新北洋,7.68,7.79,7.79,7.59,17174800.0
20250911,002377,国创高新,3.03,3.05,3.06,3.0,16311100.0
20250911,002378,章源钨业,13.38,13.74,13.81,13.27,66044500.0
20250911,002379,宏桥控股,16.7,17.24,17.5,16.66,33617500.0
20250911,002380,科远智慧,26.78,26.99,27.0,26.23,5242600.0
20250911,002381,双箭股份,6.83,6.89,6.89,6.77,4285000.0
20250911,002382,蓝帆医疗,5.9,5.94,5.95,5.83,7812900.0
20250911,002383,合众思壮,9.31,9.44,9.45,9.22,15130300.0
20250911,002384,东山精密,75.55,79.44,79.44,75.01,88735300.0
20250911,002385,大北农,4.2,4.29,4.31,4.19,179717300.0
20250911,002386,天原股份,5.35,5.35,5.37,5.28,21772800.0
20250911,002387,维信诺,9.4,9.6,9.6,9.28,17563700.0
20250911,002388,新亚制程,5.49,5.42,5.54,5.37,16715200.0
20250911,002389,航天彩虹,21.21,21.62,21.66,21.05,22901400.0
20250911,002390,信邦制药,3.65,3.68,3.68,3.59,26025400.0
20250911,002391,长青股份,6.2,6.27,6.29,6.15,7790600.0
20250911,002392,北京利尔,9.3,8.86,9.49,8.6,98404200.0
20250911,002393,力生制药,23.91,23.98,24.0,23.41,4659300.0
20250911,002394,联发股份,10.54,10.6,10.61,10.36,8619500.0
20250911,002395,双象股份,18.35,18.46,18.49,18.06,5582900.0
20250911,002396,星网锐捷,29.13,30.99,31.45,29.01,25363200.0
20250911,002397,梦洁股份,3.83,3.85,3.85,3.76,15858200.0
20250911,002398,垒知集团,5.16,5.2,5.2,5.11,10746500.0
20250911,002399,海普瑞,12.77,12.83,12.85,12.44,5976700.0
20250911,002400,省广集团,8.05,8.18,8.18,7.88,88402100.0
20250911,002401,中远海科,17.89,17.98,17.98,17.68,7275100.0
20250911,002402,和而泰,35.71,37.9,38.3,35.57,95569100.0
20250911,002403,爱仕达,17.09,16.88,17.09,16.5,27400300.0
20250911,002404,嘉欣丝绸,6.44,6.46,6.47,6.35,6500300.0
20250911,002405,四维图新,9.46,9.48,9.49,9.22,115385600.0
20250911,002406,远东传动,7.77,7.94,7.95,7.68,22176200.0
20250911,002407,多氟多,16.59,17.67,17.98,16.41,225718800.0
20250911,002408,齐翔腾达,5.07,5.14,5.14,5.04,19159000.0
20250911,002409,雅克科技,56.74,58.64,58.68,56.66,14222300.0
20250911,002410,广联达,13.79,14.19,14.4,13.68,61488200.0
20250911,002412,汉森制药,6.77,6.81,6.81,6.61,11298900.0
20250911,002413,雷科防务,5.38,5.48,5.49,5.32,39612400.0
20250911,002414,高德红外,10.96,11.4,11.42,10.89,63656600.0
20250911,002415,海康威视,30.18,30.89,30.89,30.08,69017200.0
20250911,002416,爱施德,11.7,11.83,11.86,11.59,19462200.0
20250911,002418,康盛股份,4.33,4.39,4.45,4.2,130001500.0
20250911,002419,天虹股份,5.76,5.76,5.77,5.68,18343000.0
20250911,002420,毅昌科技,7.2,7.23,7.3,7.14,16336500.0
20250911,002421,达实智能,3.45,3.48,3.48,3.36,75421800.0
20250911,002422,科伦药业,36.0,37.14,37.3,34.87,29637000.0
20250911,002423,中粮资本,13.01,13.37,13.37,12.86,51912000.0
20250911,002425,凯撒文化,4.29,4.38,4.42,4.2,29612500.0
20250911,002426,胜利精密,3.65,3.7,3.7,3.54,261812100.0
20250911,002427,尤夫股份,7.24,7.29,7.3,7.13,16006900.0
20250911,002428,云南锗业,27.15,28.09,28.14,26.85,44581400.0
20250911,002429,兆驰股份,5.71,5.94,5.99,5.64,181036500.0
20250911,002430,杭氧股份,24.57,24.66,24.69,24.38,7249300.0
20250911,002432,九安医疗,39.19,39.54,39.59,38.8,6898900.0
20250911,002434,万里扬,8.41,8.6,8.6,8.31,29070800.0
20250911,002436,兴森科技,19.2,21.03,21.03,19.19,145709300.0
20250911,002437,誉衡药业,3.39,3.43,3.43,3.32,61043000.0
20250911,002438,江苏神通,13.35,13.46,13.5,13.1,12968800.0
20250911,002439,启明星辰,15.74,15.98,15.98,15.58,21655200.0
20250911,002440,闰土股份,7.12,7.11,7.12,7.05,8269700.0
20250911,002441,众业达,9.64,9.72,9.73,9.49,8076900.0
20250911,002442,龙星科技,6.57,6.59,6.6,6.43,7579100.0
20250911,002443,金洲管道,7.08,7.17,7.18,7.0,15257100.0
20250911,002444,巨星科技,31.6,32.18,32.32,31.31,8842500.0
20250911,002445,中南文化,2.72,2.78,2.8,2.67,134411900.0
20250911,002446,盛路通信,8.65,8.93,8.94,8.61,64811600.0
20250911,002448,中原内配,10.23,10.62,10.65,10.08,22551700.0
20250911,002449,国星光电,9.1,9.25,9.26,8.98,15319400.0
20250911,002451,摩恩电气,6.83,6.83,6.86,6.69,7543400.0
20250911,002452,长高电气,7.39,7.43,7.43,7.33,7257600.0
20250911,002453,华软科技,5.97,6.02,6.03,5.84,19868100.0
20250911,002454,松芝股份,8.64,8.76,8.77,8.5,10990200.0
20250911,002455,百川股份,7.01,7.03,7.04,6.94,18640500.0
20250911,002456,欧菲光,12.86,13.63,13.8,12.65,366307500.0
20250911,002457,青龙管业,11.56,11.55,11.56,11.44,6651600.0
20250911,002458,益生股份,8.98,9.11,9.17,8.96,13834000.0
20250911,002459,晶澳科技,13.14,13.34,13.39,13.1,55165200.0
20250911,002460,赣锋锂业,46.58,47.25,47.99,45.97,86016900.0
20250911,002461,珠江啤酒,10.51,10.52,10.55,10.42,6039800.0
20250911,002462,嘉事堂,14.08,14.16,14.16,13.88,2752700.0
20250911,002463,沪电股份,65.9,69.83,69.83,65.9,83587000.0
20250911,002465,海格通信,13.5,13.69,13.75,13.23,148526600.0
20250911,002466,天齐锂业,43.8,43.93,44.12,43.1,56993100.0
20250911,002467,二六三,7.77,7.61,7.98,7.45,512099500.0
20250911,002468,申通快递,17.4,17.42,17.55,17.05,28670200.0
20250911,002469,三维化学,9.11,9.38,9.43,9.06,28866500.0
20250911,002470,金正大,1.78,1.79,1.79,1.74,83557000.0
20250911,002471,中超控股,4.58,4.71,4.72,4.54,64967400.0
20250911,002472,双环传动,38.54,39.26,39.46,38.01,31743900.0
20250911,002474,榕基软件,6.7,6.83,6.84,6.62,15991500.0
20250911,002475,立讯精密,47.2,52.9,52.9,46.51,284214400.0
20250911,002476,新叶股份,5.58,5.59,5.59,5.46,21238700.0
20250911,002478,常宝股份,5.69,5.71,5.71,5.62,15006200.0
20250911,002479,富春环保,5.28,5.28,5.29,5.2,11408000.0
20250911,002480,新筑股份,6.86,7.02,7.03,6.76,14386400.0
20250911,002481,双塔食品,6.03,6.01,6.03,5.89,27961400.0
20250911,002482,广田集团,1.89,1.92,1.92,1.85,93830600.0
20250911,002483,润邦股份,6.47,6.51,6.51,6.42,10413100.0
20250911,002484,江海股份,32.01,33.5,33.7,32.01,60160000.0
20250911,002486,嘉麟杰,2.86,2.85,2.87,2.79,30323300.0
20250911,002487,大金重工,41.53,41.41,41.9,39.91,27517600.0
20250911,002488,金固股份,12.62,12.67,12.84,12.49,10946900.0
20250911,002489,浙江永强,3.85,3.85,3.85,3.77,36293300.0
20250911,002490,山东墨龙,6.17,6.1,6.42,6.05,88847900.0
20250911,002491,通鼎互联,5.45,6.02,6.02,5.4,106662200.0
20250911,002492,恒基达鑫,7.75,7.77,7.78,7.51,12159500.0
20250911,002493,荣盛石化,9.55,9.63,9.71,9.5,22013900.0
20250911,002494,华斯股份,5.1,5.09,5.1,4.97,9161700.0
20250911,002495,佳隆股份,2.79,2.79,2.79,2.72,26907300.0
20250911,002496,辉丰股份,1.63,1.63,1.64,1.62,9929600.0
20250911,002497,雅化集团,13.84,14.03,14.03,13.7,29823700.0
20250911,002498,汉缆股份,3.59,3.65,3.66,3.56,37580600.0
20250911,002500,山西证券,6.45,6.65,6.65,6.42,53734500.0
20250911,002506,协鑫集成,2.62,2.65,2.65,2.57,115835300.0
20250911,002507,涪陵榨菜,13.33,13.32,13.35,13.17,14781800.0
20250911,002508,老板电器,20.2,20.27,20.3,20.1,9539800.0
20250911,002510,天汽模,6.92,6.94,6.95,6.79,49136900.0
20250911,002511,中顺洁柔,8.49,8.58,8.58,8.36,13821900.0
20250911,002513,蓝丰生化,5.29,5.33,5.34,5.2,6395300.0
20250911,002515,金字火腿,7.52,7.65,7.66,7.42,28945200.0
20250911,002516,旷达科技,6.72,6.64,6.85,6.5,163712000.0
20250911,002517,恺英网络,23.97,24.79,24.97,23.19,47852200.0
20250911,002518,科士达,34.3,37.93,37.93,34.29,43441600.0
20250911,002519,银河电子,4.95,5.0,5.0,4.9,22314800.0
20250911,002520,日发精机,7.02,7.09,7.09,6.89,50701300.0
20250911,002521,齐峰新材,10.03,9.92,10.06,9.84,5315300.0
20250911,002522,浙江众成,5.07,5.14,5.16,5.03,16639300.0
20250911,002523,天桥起重,3.78,3.83,3.85,3.72,30268300.0
20250911,002524,光正眼科,4.4,4.42,4.42,4.3,11458700.0
20250911,002526,山东矿机,4.15,4.26,4.26,4.09,141180900.0
20250911,002527,新时达,18.51,19.72,19.72,18.51,46906700.0
20250911,002529,海源复材,7.46,7.48,7.57,7.35,7849500.0
20250911,002530,金财互联,11.77,12.15,12.48,11.65,159395100.0
20250911,002531,天顺风能,7.52,7.48,7.52,7.39,27124400.0
20250911,002532,天山铝业,10.42,10.97,10.97,10.39,49635100.0
20250911,002533,金杯电工,11.2,11.39,11.44,11.08,16089700.0
20250911,002534,西子洁能,13.93,14.13,14.28,13.68,24680300.0
20250911,002535,林州重机,4.0,4.05,4.12,3.94,25397500.0
20250911,002536,飞龙股份,26.22,26.95,27.38,25.95,84371300.0
20250911,002537,海联金汇,9.49,9.63,9.63,9.35,43694100.0
20250911,002539,云图控股,11.43,11.39,11.57,11.28,24490600.0
20250911,002540,亚太科技,6.42,6.49,6.5,6.36,13798800.0
20250911,002541,鸿路钢构,18.42,18.5,18.54,18.21,4385700.0
20250911,002543,万和电气,11.84,11.88,11.92,11.71,3623700.0
20250911,002544,普天科技,23.15,24.37,24.87,22.64,42370600.0
20250911,002545,东方铁塔,12.23,12.96,13.15,12.23,48774800.0
20250911,002546,新联电子,5.84,5.99,6.0,5.77,19455500.0
20250911,002548,金新农,4.52,4.95,4.95,4.52,91607600.0
20250911,002549,凯美特气,15.99,16.31,16.5,15.63,64728300.0
20250911,002550,千红制药,9.87,9.99,10.0,9.33,50245000.0
20250911,002551,尚荣医疗,4.17,4.25,4.25,4.11,21229300.0
20250911,002552,宝鼎科技,16.36,16.93,17.21,16.28,17101800.0
20250911,002553,南方精工,30.06,31.2,31.28,29.96,24918900.0
20250911,002554,惠博普,2.98,2.99,2.99,2.89,55919000.0
20250911,002555,三七互娱,22.03,22.27,22.29,21.2,141386000.0
20250911,002556,辉隆股份,5.62,5.65,5.65,5.59,8110500.0
20250911,002557,洽洽食品,22.87,22.87,22.99,22.57,9827000.0
20250911,002558,巨人网络,43.98,44.1,45.99,40.6,90202200.0
20250911,002559,亚威股份,10.52,10.68,10.72,10.33,49380600.0
20250911,002560,通达股份,7.27,7.44,7.47,7.18,29489600.0
20250911,002561,徐家汇,9.78,9.82,9.97,9.63,32433800.0
20250911,002562,兄弟科技,6.53,6.64,6.64,6.38,36794100.0
20250911,002563,森马服饰,5.7,5.63,5.72,5.57,42918100.0
20250911,002564,天沃科技,8.23,8.43,8.55,8.18,29811700.0
20250911,002565,顺灏股份,7.65,7.7,8.17,7.5,62868000.0
20250911,002566,益盛药业,8.03,8.09,8.09,7.91,3563300.0
20250911,002567,唐人神,4.9,4.99,5.02,4.89,85545000.0
20250911,002568,百润股份,25.69,26.38,26.74,25.6,24492200.0
20250911,002570,贝因美,6.8,6.91,6.91,6.7,87269800.0
20250911,002571,德力股份,7.31,7.35,7.37,7.2,8394300.0
20250911,002572,索菲亚,13.78,13.73,13.8,13.63,11570400.0
20250911,002573,清新环境,4.07,4.08,4.1,4.01,13016200.0
20250911,002574,明牌珠宝,6.22,6.14,6.22,6.01,19139200.0
20250911,002575,群兴玩具,8.51,8.54,8.55,8.34,20521000.0
20250911,002576,通达动力,18.5,18.9,18.92,18.32,6855100.0
20250911,002577,雷柏科技,19.84,20.21,20.22,19.67,3919800.0
20250911,002578,闽发铝业,3.49,3.51,3.52,3.4,21947200.0
20250911,002579,中京电子,12.1,13.44,13.44,12.05,117346500.0
20250911,002580,圣阳股份,15.11,15.24,15.25,14.71,37653600.0
20250911,002582,好想你,10.25,10.36,10.38,10.08,12900500.0
20250911,002583,海能达,12.25,12.44,12.5,12.07,67376400.0
20250911,002584,西陇科学,8.43,8.42,8.43,8.27,16228400.0
20250911,002585,双星新材,5.85,5.89,5.99,5.75,26886600.0
20250911,002586,围海股份,3.56,3.56,3.56,3.5,3491900.0
20250911,002587,奥拓电子,6.26,6.34,6.34,6.15,15637700.0
20250911,002588,史丹利,10.09,10.11,10.13,9.99,11753100.0
20250911,002589,瑞康医药,2.92,2.94,2.94,2.89,20788200.0
20250911,002590,万安科技,14.68,14.88,14.89,14.49,13761500.0
20250911,002591,恒大高新,6.09,6.06,6.12,5.92,9070200.0
20250911,002593,日上集团,5.37,5.36,5.39,5.24,31125800.0
20250911,002594,比亚迪,105.25,106.59,106.6,104.89,53778100.0
20250911,002595,豪迈科技,60.19,62.1,62.7,59.25,4602200.0
20250911,002596,海南瑞泽,3.75,3.7,3.77,3.64,45004300.0
20250911,002597,金禾实业,22.55,22.74,22.76,22.5,5751700.0
20250911,002599,盛通股份,8.83,8.97,8.97,8.7,19420000.0
20250911,002600,领益智造,13.57,14.54,14.88,13.38,508630200.0
20250911,002601,龙佰集团,18.4,18.55,18.56,18.32,22232600.0
20250911,002602,世纪华通,18.86,18.54,19.36,18.2,178162600.0
20250911,002603,以岭药业,17.2,17.43,17.49,16.8,28867500.0
20250911,002605,姚记科技,29.65,29.12,29.65,28.08,32757000.0
20250911,002606,大连电瓷,8.97,9.03,9.05,8.88,6161500.0
20250911,002607,中公教育,2.94,2.97,2.97,2.9,191245500.0
20250911,002608,江苏国信,7.92,7.98,7.98,7.85,27637500.0
20250911,002609,捷顺科技,9.8,10.15,10.19,9.57,18527300.0
20250911,002611,东方精工,16.89,17.57,17.57,16.82,79437200.0
20250911,002612,朗姿股份,19.11,18.96,19.15,18.59,13072100.0
20250911,002613,北玻股份,4.28,4.28,4.29,4.21,27412700.0
20250911,002614,奥佳华,7.02,7.03,7.04,6.91,9484400.0
20250911,002615,哈尔斯,8.25,8.21,8.25,8.1,8228400.0
20250911,002616,长青集团,6.46,6.52,6.55,6.36,10755100.0
20250911,002617,露笑科技,9.05,9.44,9.51,8.87,351255400.0
20250911,002622,皓宸医疗,3.89,3.88,3.91,3.76,40273900.0
20250911,002623,亚玛顿,22.06,22.49,22.6,22.06,7304100.0
20250911,002624,完美世界,16.97,17.37,17.38,16.53,62208200.0
20250911,002625,光启技术,46.2,47.24,47.76,45.81,38937100.0
20250911,002626,金达威,19.73,19.68,19.74,19.18,9483300.0
20250911,002627,三峡旅游,6.47,6.38,6.48,6.23,47998500.0
20250911,002628,成都路桥,4.89,4.88,4.89,4.83,10471000.0
20250911,002629,仁智股份,7.14,7.2,7.3,7.01,13218300.0
20250911,002631,德尔未来,4.81,4.82,4.84,4.77,12630800.0
20250911,002632,道明光学,10.17,10.29,10.35,10.11,17323300.0
20250911,002633,申科股份,15.57,15.61,15.65,15.36,2119800.0
20250911,002635,安洁科技,14.23,14.6,14.6,14.12,9773400.0
20250911,002636,金安国纪,12.3,13.56,13.56,12.3,23521500.0
20250911,002637,赞宇科技,11.49,11.43,11.5,11.24,10844900.0
20250911,002638,勤上股份,2.44,2.49,2.49,2.38,35649200.0
20250911,002639,雪人集团,10.59,10.73,10.73,10.46,28342700.0
20250911,002640,跨境通,5.6,5.69,5.78,5.46,183711200.0
20250911,002641,公元股份,4.11,4.15,4.15,4.09,9404700.0
20250911,002642,荣联科技,9.96,10.03,10.03,9.76,49937300.0
20250911,002643,万润股份,13.15,13.38,13.38,13.12,14220000.0
20250911,002644,佛慈制药,9.11,9.14,9.14,8.95,5938900.0
20250911,002645,华宏科技,14.58,15.07,15.15,14.46,30284900.0
20250911,002646,天佑德酒,10.21,10.24,10.28,10.11,7322900.0
20250911,002647,仁东控股,5.74,5.85,5.88,5.74,13351300.0
20250911,002648,卫星化学,19.79,20.04,20.04,19.57,44619600.0
20250911,002649,博彦科技,14.0,14.34,14.39,13.92,22820200.0
20250911,002651,利君股份,11.47,11.78,11.9,11.36,31358200.0
20250911,002652,扬子新材,3.74,3.76,3.76,3.65,13507100.0
20250911,002653,海思科,56.0,59.27,59.36,54.51,5172800.0
20250911,002654,万润科技,13.0,13.25,13.35,12.78,57404500.0
20250911,002655,共达电声,13.32,13.85,13.85,13.21,18540500.0
20250911,002656,摩登大道,2.35,2.34,2.36,2.32,5285100.0
20250911,002657,中科金财,36.99,37.26,37.89,34.75,55947400.0
20250911,002658,雪迪龙,8.05,8.09,8.09,7.96,10262300.0
20250911,002659,凯文教育,5.95,6.08,6.1,5.85,37545300.0
20250911,002660,茂硕电源,9.88,9.98,9.98,9.7,8270800.0
20250911,002661,克明食品,9.81,9.89,9.89,9.77,4192600.0
20250911,002662,峰璟股份,3.87,3.88,3.88,3.79,21159400.0
20250911,002663,普邦股份,2.07,2.09,2.09,2.02,41626900.0
20250911,002664,信质集团,27.63,29.28,29.98,27.5,17336600.0
20250911,002666,德联集团,5.41,5.48,5.48,5.31,17006000.0
20250911,002668,TCL智家,10.43,10.43,10.45,10.26,14685300.0
20250911,002669,康达新材,13.57,13.89,13.93,13.32,12980400.0
20250911,002670,国盛证券,18.51,19.35,19.54,18.46,76384600.0
20250911,002671,龙泉股份,4.96,4.99,5.0,4.91,10856400.0
20250911,002672,东江环保,4.89,4.96,4.96,4.77,11897600.0
20250911,002673,西部证券,8.51,8.76,8.79,8.48,74721400.0
20250911,002674,兴业科技,14.83,14.82,15.01,14.41,9335400.0
20250911,002675,东诚药业,15.7,15.96,15.96,15.4,14584900.0
20250911,002676,顺威股份,10.74,10.75,10.78,10.56,19819500.0
20250911,002677,浙江美大,6.89,6.87,6.9,6.8,3216600.0
20250911,002678,珠江钢琴,4.6,4.67,4.77,4.51,25407400.0
20250911,002679,福建金森,11.71,10.9,12.08,10.71,36376000.0
20250911,002681,奋达科技,7.39,7.59,7.6,7.3,98726000.0
20250911,002682,龙洲股份,4.61,4.63,4.64,4.52,14972400.0
20250911,002683,广东宏大,34.33,36.19,36.33,34.07,17292600.0
20250911,002685,华东重机,8.11,8.36,8.49,8.03,57218700.0
20250911,002686,亿利达,6.7,6.73,6.74,6.56,9095400.0
20250911,002687,乔治白,4.68,4.7,4.7,4.59,7308700.0
20250911,002688,金河生物,6.9,6.99,6.99,6.84,16240200.0
20250911,002690,美亚光电,19.73,20.7,20.84,19.63,19124200.0
20250911,002692,远程股份,6.03,6.39,6.65,5.85,82269700.0
20250911,002693,双成药业,7.68,7.7,7.7,7.59,5898300.0
20250911,002695,煌上煌,14.0,14.13,14.21,13.55,29262400.0
20250911,002696,百洋股份,6.55,6.55,6.57,6.41,6410700.0
20250911,002697,红旗连锁,6.0,6.08,6.08,5.94,73410600.0
20250911,002698,博实股份,16.51,16.9,16.9,16.34,17219700.0
20250911,002700,万憬能源,7.29,7.32,7.33,7.19,5418900.0
20250911,002701,奥瑞金,5.84,5.89,5.89,5.78,29881600.0
20250911,002702,海欣食品,4.72,4.65,4.72,4.58,21642400.0
20250911,002703,浙江世宝,12.3,12.46,12.57,12.09,19000400.0
20250911,002705,新宝股份,15.62,15.77,15.77,15.52,6329800.0
20250911,002706,良信股份,10.95,12.08,12.08,10.86,56175500.0
20250911,002707,众信旅游,8.43,8.42,8.48,8.23,47487200.0
20250911,002708,光洋股份,12.52,12.86,13.0,12.27,29730000.0
20250911,002709,天赐材料,27.69,28.64,28.94,27.22,172154800.0
20250911,002712,思美传媒,5.9,5.93,5.93,5.75,14586500.0
20250911,002713,东易日盛,4.83,4.8,4.83,4.74,6472800.0
20250911,002714,牧原股份,54.95,57.45,58.49,54.93,93201800.0
20250911,002715,登云股份,22.03,24.09,24.09,21.69,12548800.0
20250911,002716,湖南白银,6.05,6.01,6.05,5.91,137910600.0
20250911,002718,友邦吊顶,19.12,19.26,19.41,18.72,1460000.0
20250911,002721,金一文化,3.87,3.88,3.88,3.8,75489900.0
20250911,002722,物产金轮,16.0,16.36,16.37,15.7,8835300.0
20250911,002723,小崧股份,9.74,9.9,10.12,9.57,19525900.0
20250911,002724,海洋王,7.83,7.93,7.99,7.74,8138000.0
20250911,002725,跃岭股份,14.28,14.63,14.64,13.94,12472100.0
20250911,002727,一心堂,15.17,15.15,15.19,14.83,11969800.0
20250911,002728,特一药业,8.87,8.92,8.93,8.72,9810700.0
20250911,002729,好利科技,14.95,14.94,15.0,14.75,6650200.0
20250911,002730,电光科技,16.6,16.94,16.95,16.44,8614100.0
20250911,002732,燕塘乳业,17.45,17.44,17.51,17.17,2334500.0
20250911,002733,雄韬股份,21.2,22.22,22.97,20.95,59457300.0
20250911,002734,利民股份,19.71,19.57,19.74,19.11,29460200.0
20250911,002735,王子新材,16.61,16.6,16.75,16.25,31738400.0
20250911,002736,国信证券,13.76,14.33,14.42,13.75,57772000.0
20250911,002737,葵花药业,15.65,15.74,15.74,15.55,3938300.0
20250911,002738,中矿资源,41.38,42.12,42.55,41.3,22006100.0
20250911,002739,儒意电影,11.86,11.83,11.92,11.63,42028400.0
20250911,002741,光华科技,23.27,23.44,23.7,22.55,58119500.0
20250911,002742,冀衡医药,4.87,4.9,4.94,4.82,4496300.0
20250911,002743,富煌钢构,5.97,6.02,6.03,5.86,8257400.0
20250911,002745,木林森,8.52,8.95,9.05,8.44,46645200.0
20250911,002746,仙坛股份,6.46,6.54,6.56,6.46,18459700.0
20250911,002747,埃斯顿,24.2,25.4,25.4,24.08,55673900.0
20250911,002748,世龙实业,9.83,9.75,9.95,9.57,19508100.0
20250911,002749,国光股份,15.25,15.46,15.46,15.12,2915300.0
20250911,002752,昇兴股份,5.6,5.64,5.65,5.53,8238800.0
20250911,002753,永东股份,7.07,7.15,7.17,7.03,5374800.0
20250911,002755,奥赛康,21.59,22.1,22.16,21.4,10229300.0
20250911,002756,永兴材料,36.28,35.68,36.38,35.47,11676300.0
20250911,002757,南兴股份,18.73,19.03,19.08,18.73,8770900.0
20250911,002758,浙农股份,9.61,9.55,9.62,9.43,7045400.0
20250911,002760,凤形股份,20.85,21.15,21.29,20.72,3735600.0
20250911,002761,浙江建投,9.3,9.33,9.33,9.21,13489900.0
20250911,002762,金发拉比,7.85,8.3,8.3,7.85,8603700.0
20250911,002763,汇洁股份,7.39,7.44,7.45,7.32,6653800.0
20250911,002765,蓝黛科技,12.92,13.24,13.24,12.74,31677900.0
20250911,002766,索菱股份,5.06,5.11,5.12,5.0,14311500.0
20250911,002767,先锋电子,19.58,20.16,20.18,19.2,4701300.0
20250911,002768,国恩股份,47.2,46.91,47.56,45.9,5860100.0
20250911,002769,普路通,9.37,9.43,9.5,9.23,16401700.0
20250911,002771,真视通,17.01,17.24,17.24,16.79,5328500.0
20250911,002772,众兴菌业,8.5,9.17,9.17,8.43,32832400.0
20250911,002773,康弘药业,38.0,39.16,39.29,36.5,6714400.0
20250911,002774,快意电梯,10.63,11.25,11.28,10.5,7828800.0
20250911,002775,文科股份,4.42,4.41,4.42,4.33,15239400.0
20250911,002777,久远银海,18.86,19.23,19.25,18.61,11636900.0
20250911,002778,中晟高科,20.49,20.65,20.79,19.96,5219000.0
20250911,002779,中坚科技,116.8,126.5,128.0,115.01,7030800.0
20250911,002780,三夫户外,14.29,14.22,14.35,13.95,8847400.0
20250911,002782,可立克,16.22,16.93,17.05,16.15,21850600.0
20250911,002783,凯龙股份,9.81,9.92,9.92,9.7,11355900.0
20250911,002785,万里石,30.3,30.69,31.41,30.11,9513100.0
20250911,002786,银宝山新,10.37,10.43,10.55,10.24,23219600.0
20250911,002787,华源控股,8.34,8.39,8.4,8.16,7158300.0
20250911,002788,鹭燕医药,8.48,8.6,8.6,8.39,5381800.0
20250911,002790,瑞尔特,7.48,7.54,7.55,7.37,4900900.0
20250911,002791,坚朗五金,22.47,22.62,22.74,22.3,6163300.0
20250911,002792,通宇通讯,16.41,17.26,17.53,16.33,30062400.0
20250911,002793,罗欣药业,5.49,5.52,5.52,5.32,19703500.0
20250911,002795,永和智控,5.0,5.02,5.02,4.93,11692600.0
20250911,002796,世嘉科技,15.25,17.66,17.66,14.97,57219600.0
20250911,002797,第一创业,7.8,8.07,8.09,7.75,139809800.0
20250911,002798,帝欧水华,6.59,6.57,6.6,6.48,6228100.0
20250911,002799,环球印务,8.71,8.66,8.83,8.47,17286300.0
20250911,002800,天顺股份,14.88,14.87,14.93,14.68,5247200.0
20250911,002801,微光股份,35.28,36.62,36.87,35.03,4862000.0
20250911,002802,洪汇新材,13.2,13.18,13.2,12.9,2422000.0
20250911,002803,吉宏股份,16.86,16.89,16.93,16.53,9191800.0
20250911,002805,丰元股份,14.43,14.41,14.54,14.19,18540100.0
20250911,002806,华锋股份,12.88,12.93,12.94,12.6,11621000.0
20250911,002807,江阴银行,4.92,4.93,4.95,4.83,38409800.0
20250911,002809,红墙股份,12.06,12.09,12.14,11.91,4161900.0
20250911,002810,山东赫达,13.81,13.93,13.97,13.66,4665700.0
20250911,002811,郑中设计,12.36,12.51,12.7,12.31,15333700.0
20250911,002812,恩捷股份,44.1,45.48,46.2,43.0,87198500.0
20250911,002813,路畅科技,24.45,24.47,24.49,23.86,1638400.0
20250911,002815,崇达技术,15.1,16.48,16.48,15.0,61511100.0
20250911,002817,黄山胶囊,7.75,7.81,7.83,7.64,7169600.0
20250911,002818,富森美,12.4,12.4,12.41,12.29,2264300.0
20250911,002819,东方中科,29.14,29.53,29.55,28.68,5037000.0
20250911,002820,桂发祥,13.3,13.15,13.35,12.89,16936500.0
20250911,002821,凯莱英,105.0,109.96,109.96,102.0,13133800.0
20250911,002823,凯中精密,16.65,17.12,17.12,16.5,9640300.0
20250911,002824,和胜股份,19.13,19.47,19.47,18.85,7721300.0
20250911,002825,纳尔股份,10.15,10.26,10.28,10.01,4437700.0
20250911,002826,易明医药,19.9,19.89,20.03,19.4,7579100.0
20250911,002827,高争民爆,40.55,40.72,40.83,40.05,5192900.0
20250911,002828,贝肯能源,11.0,10.91,11.33,10.74,40344600.0
20250911,002829,星网宇达,20.41,20.77,20.81,20.2,7489800.0
20250911,002830,名雕股份,17.86,17.8,17.98,17.3,3237200.0
20250911,002831,裕同科技,27.2,27.42,27.5,26.94,3645700.0
20250911,002832,比音勒芬,16.65,16.75,16.76,16.55,7038900.0
20250911,002833,弘亚数控,17.14,17.36,17.38,17.02,5294600.0
20250911,002835,同为股份,17.55,17.87,17.88,17.32,3152300.0
20250911,002836,新宏泽,9.61,9.64,9.67,9.38,2859100.0
20250911,002837,英维克,72.4,75.81,76.88,70.99,105381000.0
20250911,002838,道恩股份,25.31,25.64,25.96,25.01,6102100.0
20250911,002839,张家港行,4.46,4.51,4.52,4.45,37863200.0
20250911,002840,华统股份,11.23,11.46,11.78,11.21,23898400.0
20250911,002841,视源股份,38.48,39.88,39.97,38.2,6547700.0
20250911,002842,翔鹭钨业,11.51,11.74,11.74,11.36,19756400.0
20250911,002843,泰嘉股份,21.92,23.58,23.75,21.8,18265900.0
20250911,002845,同兴达,14.5,14.8,14.82,14.34,6593000.0
20250911,002846,英联股份,22.67,21.89,22.78,21.3,57416700.0
20250911,002847,盐津铺子,70.15,70.22,70.35,68.57,5206900.0
20250911,002848,高斯贝尔,8.88,8.92,9.03,8.79,3704700.0
20250911,002849,威星智能,15.17,15.32,15.32,14.81,6736200.0
20250911,002850,科达利,141.0,150.9,151.79,140.53,8746200.0
20250911,002851,麦格米特,76.5,81.7,81.7,76.0,48128800.0
20250911,002852,道道全,11.48,11.56,11.58,11.28,5277500.0
20250911,002853,皮阿诺,12.28,12.39,12.64,11.97,3945100.0
20250911,002855,捷荣技术,18.62,18.9,18.9,18.36,3185700.0
20250911,002857,三晖电气,25.4,25.0,25.4,24.01,5800900.0
20250911,002858,力盛体育,15.55,15.69,15.77,15.23,21553200.0
20250911,002859,洁美科技,31.3,32.4,33.0,31.05,9049300.0
20250911,002860,星帅尔,12.85,12.89,12.95,12.55,10350900.0
20250911,002861,瀛通通讯,17.19,17.47,17.57,17.01,6666800.0
20250911,002862,实丰文化,19.19,19.46,19.6,18.91,5353800.0
20250911,002863,今飞凯达,5.44,5.46,5.48,5.31,18654400.0
20250911,002864,盘龙药业,29.96,29.97,29.97,29.48,2341300.0
20250911,002865,钧达股份,45.5,45.9,45.98,44.98,6186400.0
20250911,002866,传艺科技,19.92,19.66,19.96,19.36,28088000.0
20250911,002867,周大生,14.27,14.36,14.4,14.03,11054300.0
20250911,002868,绿康生化,26.42,26.25,26.78,26.14,759400.0
20250911,002869,金溢科技,30.5,32.77,32.96,29.96,11898200.0
,002870,香山股份,34.55,35.07,35.26,34.28,2306400.0
20250911,002871,伟隆股份,17.32,18.09,18.31,16.88,18433500.0
20250911,002873,新天药业,11.3,11.58,11.58,11.08,11229100.0
20250911,002875,安奈儿,17.36,17.38,17.43,17.09,4958300.0
20250911,002876,三利谱,25.26,25.51,25.54,24.92,3726300.0
20250911,002877,智能自控,9.06,9.19,9.2,8.87,9315800.0
20250911,002878,元隆雅图,21.15,21.19,21.31,20.68,43688600.0
20250911,002879,长缆科技,17.81,18.16,18.16,17.52,4523300.0
20250911,002880,卫光生物,28.2,28.1,28.2,27.85,986600.0
20250911,002881,美格智能,49.23,50.5,50.68,48.4,10834600.0
20250911,002882,金龙羽,34.1,34.51,34.73,33.4,23159900.0
20250911,002884,凌霄泵业,17.27,17.37,17.42,17.03,3893200.0
20250911,002885,京泉华,15.21,15.69,15.71,15.06,10021400.0
20250911,002886,沃特股份,23.5,23.57,23.86,23.26,18492000.0
20250911,002887,绿茵生态,10.0,9.79,10.03,9.69,11268400.0
20250911,002888,惠威科技,18.58,18.81,18.94,18.35,3385000.0
20250911,002889,东方嘉盛,15.42,15.58,15.58,15.23,2872200.0
20250911,002890,弘宇股份,14.94,15.13,15.15,14.75,1655100.0
20250911,002891,中宠股份,55.8,55.78,56.48,54.76,8210300.0
20250911,002892,科力尔,14.95,15.38,15.4,14.88,30366900.0
20250911,002893,京能热力,11.27,11.25,11.27,11.1,4575000.0
20250911,002895,川恒股份,27.3,27.47,27.55,27.06,8870200.0
20250911,002896,中大力德,90.5,93.6,94.23,90.1,14472100.0
20250911,002897,意华股份,43.3,45.13,45.71,42.6,11063000.0
20250911,002899,英派斯,20.2,20.0,20.29,19.73,6364700.0
20250911,002900,哈三联,13.85,13.99,14.0,13.66,4635300.0
20250911,002901,大博医疗,54.21,55.84,56.22,53.01,3743800.0
20250911,002902,铭普光磁,22.42,23.7,24.04,22.28,21844800.0
20250911,002903,宇环数控,23.01,24.18,24.25,22.79,13863500.0
20250911,002905,金逸影视,11.66,12.47,12.47,10.74,50429900.0
20250911,002906,华阳集团,31.88,32.11,32.11,31.42,9954800.0
20250911,002907,华森制药,17.1,17.25,17.26,16.8,4445000.0
20250911,002908,德生科技,10.88,10.97,10.98,10.72,9692100.0
20250911,002909,集泰股份,6.75,6.72,6.8,6.65,11609300.0
20250911,002910,庄园牧场,10.05,10.26,10.26,9.89,6899400.0
20250911,002911,佛燃能源,11.46,11.41,11.5,11.2,13077400.0
20250911,002912,中新赛克,26.95,27.39,27.5,26.57,4075900.0
20250911,002913,奥士康,40.8,43.6,44.3,40.68,9876500.0
20250911,002915,中欣氟材,28.81,29.51,29.6,28.3,50548500.0
20250911,002916,深南电路,185.01,201.64,201.64,184.0,13451700.0
20250911,002917,金奥博,14.15,14.26,14.27,14.05,5089200.0
20250911,002918,蒙娜丽莎,13.92,13.84,14.02,13.51,10330300.0
20250911,002919,名臣健康,15.4,15.47,15.49,15.18,4239600.0
20250911,002920,德赛西威,118.38,120.42,121.78,116.66,8579100.0
20250911,002921,联诚精密,16.0,16.28,16.29,15.85,4395000.0
20250911,002922,伊戈尔,20.72,21.8,22.39,20.57,28768000.0
20250911,002923,润都股份,13.85,13.83,13.86,13.59,5334300.0
20250911,002925,盈趣科技,17.31,17.65,17.66,17.16,4740500.0
20250911,002926,华西证券,9.9,10.2,10.23,9.88,45780800.0
20250911,002927,泰永长征,15.05,15.19,15.25,14.88,4223600.0
20250911,002928,华夏航空,9.45,9.48,9.49,9.3,14603200.0
20250911,002929,润建股份,46.54,47.64,47.69,46.16,13194600.0
20250911,002930,宏川智慧,11.04,11.18,11.52,10.91,13479900.0
20250911,002931,锋龙股份,15.67,15.71,15.71,15.35,5684500.0
20250911,002933,新兴装备,33.31,33.92,34.05,33.1,2578700.0
20250911,002935,天奥电子,15.36,15.67,15.7,15.06,5673700.0
20250911,002936,郑州银行,2.04,2.06,2.06,2.02,103211400.0
20250911,002937,兴瑞科技,18.58,19.19,19.26,18.48,6699900.0
20250911,002938,鹏鼎控股,52.3,56.76,56.76,52.29,40826700.0
20250911,002939,长城证券,11.35,11.74,11.77,11.33,109359500.0
20250911,002940,昂利康,39.81,41.32,41.39,38.47,10325900.0
20250911,002941,新疆交建,15.81,16.09,16.49,15.65,72202200.0
20250911,002942,新农股份,19.23,19.35,19.4,19.02,2365700.0
20250911,002943,宇晶股份,36.79,36.8,37.28,36.11,5634300.0
20250911,002945,华林证券,16.31,16.99,17.16,16.25,29391100.0
20250911,002946,新乳业,18.4,18.32,18.5,17.9,7761600.0
20250911,002947,恒铭达,41.67,43.57,43.89,41.35,7907700.0
20250911,002948,青岛银行,5.2,5.22,5.24,5.15,38133800.0
20250911,002949,华阳国际,14.24,14.11,14.28,13.88,3506000.0
20250911,002950,奥美医疗,9.96,10.22,10.22,9.83,10251200.0
20250911,002951,金时科技,16.21,16.32,16.39,15.93,4132700.0
20250911,002952,亚世光电,19.7,19.89,19.95,19.4,1898400.0
20250911,002953,日丰股份,12.75,12.92,12.93,12.58,18324300.0
20250911,002955,鸿合科技,28.73,29.75,29.83,27.93,8226200.0
20250911,002956,西麦食品,22.68,22.7,22.9,22.05,3578700.0
20250911,002957,科瑞技术,18.29,18.8,18.84,18.01,17417400.0
20250911,002958,青农商行,3.29,3.32,3.32,3.25,54892700.0
20250911,002959,小熊电器,55.37,55.67,55.86,54.4,2035000.0
20250911,002960,青鸟智控,11.01,11.24,11.38,10.89,14828100.0
20250911,002961,瑞达期货,21.01,21.64,21.66,20.94,4725000.0
20250911,002962,五方光电,14.88,15.11,15.11,14.66,5290800.0
20250911,002963,豪尔赛,13.9,13.77,13.94,13.66,9424500.0
20250911,002965,祥鑫科技,43.15,44.58,44.99,42.63,20409400.0
20250911,002966,苏州银行,8.3,8.36,8.38,8.26,47855700.0
20250911,002967,广电计量,18.6,18.71,18.73,18.38,9972300.0
20250911,002968,新大正,10.81,11.89,11.89,10.7,14987100.0
20250911,002969,嘉美包装,3.59,3.61,3.61,3.52,13890800.0
20250911,002970,锐明技术,47.13,48.21,48.21,46.81,4600000.0
20250911,002971,和远气体,31.38,31.76,32.19,31.13,3119800.0
20250911,002972,科安达,12.44,12.49,12.55,12.32,3480100.0
20250911,002973,侨银股份,15.29,15.03,15.31,14.83,7753700.0
20250911,002975,博杰股份,62.06,62.68,63.55,60.3,19217200.0
20250911,002976,瑞玛精密,24.19,24.79,25.2,23.81,2976200.0
20250911,002978,安宁股份,33.82,33.58,33.82,33.2,8941000.0
20250911,002979,雷赛智能,48.69,49.19,49.6,47.78,16134400.0
20250911,002980,华盛昌,22.78,23.3,23.3,22.55,2875900.0
20250911,002981,朝阳科技,33.88,34.03,34.39,32.81,6106400.0
20250911,002982,湘佳股份,15.42,15.67,15.86,15.42,6437400.0
20250911,002983,芯瑞达,20.33,20.97,20.99,20.18,3462700.0
20250911,002984,森麒麟,19.85,20.02,20.1,19.7,11080800.0
20250911,002985,北摩高科,26.58,26.91,26.91,26.34,3649200.0
20250911,002986,宇新股份,11.73,11.75,11.76,11.58,2711100.0
20250911,002987,京北方,21.98,22.91,22.92,21.7,41741300.0
20250911,002988,豪美新材,44.67,46.98,47.35,44.04,9151500.0
20250911,002989,中天精装,38.47,38.6,39.0,38.29,5139000.0
20250911,002990,盛视科技,29.05,29.45,29.63,28.74,2616600.0
20250911,002991,甘源食品,58.78,58.71,58.92,58.02,1171100.0
20250911,002992,宝明科技,57.65,59.16,59.8,57.3,2744100.0
20250911,002993,奥海科技,45.21,46.54,47.08,44.88,7112800.0
20250911,002995,天地在线,18.17,18.38,18.39,17.9,3665900.0
20250911,002996,顺博合金,7.73,7.72,7.76,7.59,9233100.0
20250911,002997,瑞鹄模具,37.87,38.38,38.38,37.26,7923200.0
20250911,002998,优彩资源,8.19,8.19,8.25,8.03,4274500.0
20250911,002999,天禾股份,6.96,6.94,6.96,6.83,5890900.0
20250911,003000,劲仔食品,12.32,12.45,12.48,12.29,5380000.0
20250911,003001,中岩大地,25.37,25.55,25.65,25.16,2585000.0
20250911,003002,壶化股份,24.0,24.25,24.25,23.84,2419000.0
20250911,003003,天元股份,12.69,12.82,12.82,12.56,5158500.0
20250911,003004,声迅股份,19.98,20.82,20.82,19.78,1954400.0
20250911,003005,竞业达,22.2,22.5,22.51,22.07,4324500.0
20250911,003006,百亚股份,29.22,29.46,29.48,28.64,2139300.0
20250911,003007,直真科技,34.09,35.31,35.36,34.09,3584000.0
20250911,003008,开普检测,21.81,22.15,22.16,21.58,1216300.0
20250911,003009,中天火箭,47.71,48.62,48.78,47.54,3123200.0
20250911,003010,若羽臣,57.7,58.59,58.98,56.76,4658400.0
20250911,003011,海象新材,20.8,21.07,21.12,20.5,2215200.0
20250911,003012,东鹏控股,7.07,7.17,7.17,7.06,10044600.0
20250911,003013,地铁设计,15.61,15.6,15.65,15.43,2450800.0
20250911,003015,日久光电,17.66,18.12,18.33,17.39,13405100.0
20250911,003016,欣贺股份,8.02,8.06,8.07,7.88,4214700.0
20250911,003017,大洋生物,35.0,35.12,35.3,34.5,3995900.0
20250911,003018,金富科技,12.08,12.3,12.3,11.96,1835200.0
20250911,003019,宸展光电,40.4,41.19,41.36,39.69,7569000.0
20250911,003020,立方制药,29.08,30.06,30.64,28.0,8283100.0
20250911,003021,兆威机电,119.0,130.38,130.38,118.54,17628300.0
20250911,003022,联泓新科,21.07,23.01,23.01,21.07,39727300.0
20250911,003023,彩虹集团,22.06,21.97,22.16,21.62,4283300.0
20250911,003025,思进智能,13.93,14.07,14.07,13.76,4359100.0
20250911,003026,中晶科技,34.23,35.13,35.15,33.8,2777500.0
20250911,003027,同兴科技,20.2,20.0,20.24,19.86,2967800.0
20250911,003028,振邦智能,31.77,32.6,32.65,31.38,2341200.0
20250911,003029,吉大正元,26.2,26.64,26.83,25.88,5835700.0
20250911,003030,祖名股份,19.7,19.78,19.81,19.39,1360900.0
20250911,003031,中瓷电子,56.6,59.85,59.94,56.06,5337000.0
20250911,003032,传智教育,6.74,6.75,6.75,6.66,4716800.0
20250911,003033,征和工业,46.8,46.27,47.19,45.41,2726200.0
20250911,003035,南网能源,4.8,4.92,4.99,4.8,42356700.0
20250911,003036,泰坦股份,18.85,18.24,18.88,17.67,16221000.0
20250911,003037,三和管桩,8.52,8.54,8.54,8.4,6245900.0
20250911,003038,鑫铂股份,17.41,17.51,17.57,17.18,3545100.0
20250911,003039,顺控发展,13.73,13.83,13.83,13.63,3254900.0
20250911,003040,楚天龙,22.45,23.04,23.06,22.12,28726800.0
20250911,003041,真爱美家,24.26,23.98,24.29,23.62,4176200.0
20250911,003042,中农联合,16.9,16.99,17.01,16.66,2240500.0
20250911,003043,华亚智能,51.02,51.21,51.49,50.61,2735000.0
20250911,003816,中国广核,3.72,3.75,3.75,3.7,151320600.0
20250911,300001,特锐德,24.78,25.5,25.66,24.71,29179400.0
20250911,300002,神州泰岳,13.63,14.05,14.08,13.16,114060100.0
20250911,300003,乐普医疗,17.96,18.04,18.09,17.0,59332900.0
20250911,300004,南风股份,10.56,12.72,12.72,10.41,79721000.0
20250911,300005,探路者,9.27,9.47,9.49,9.12,40559200.0
20250911,300006,莱美药业,4.48,4.53,4.55,4.37,22601200.0
20250911,300007,汉威科技,52.69,53.52,53.58,51.06,37600000.0
20250911,300008,天海防务,6.4,6.5,6.5,6.34,61606700.0
20250911,300009,安科生物,10.5,10.75,10.75,10.29,33292100.0
20250911,300011,鼎汉技术,8.39,8.47,8.48,8.31,14019600.0
20250911,300012,华测检测,13.15,13.41,13.42,13.01,36179300.0
20250911,300013,新宁物流,3.87,3.93,3.94,3.84,12018300.0
20250911,300014,亿纬锂能,69.9,71.7,72.71,68.13,105915500.0
20250911,300015,爱尔眼科,12.71,13.12,13.15,12.58,160440000.0
20250911,300016,北陆药业,9.72,9.73,9.75,9.25,38043200.0
20250911,300017,网宿科技,11.04,11.39,11.39,10.94,100974700.0
20250911,300018,中元股份,8.19,8.36,8.37,8.1,10533700.0
20250911,300019,硅宝科技,23.18,23.24,23.26,22.59,21779800.0
20250911,300021,大禹节水,5.14,5.15,5.16,5.08,30746100.0
20250911,300022,吉峰科技,8.35,8.46,8.48,8.21,12424700.0
20250911,300024,机器人,19.65,20.19,20.2,19.34,66957100.0
20250911,300025,华星创业,6.71,6.76,6.77,6.58,18163800.0
20250911,300026,红日药业,3.83,3.87,3.88,3.76,53433000.0
20250911,300030,阳普医疗,8.0,8.17,8.17,7.84,8872400.0
20250911,300031,宝通科技,25.0,25.68,25.7,24.66,18225600.0
20250911,300032,金龙机电,5.14,5.31,5.31,5.06,35360200.0
20250911,300033,同花顺,350.0,367.41,374.45,347.0,17565700.0
20250911,300034,钢研高纳,16.08,16.38,16.39,16.01,10528100.0
20250911,300035,中科电气,21.36,21.67,22.0,21.0,62172200.0
20250911,300036,超图软件,17.06,17.01,17.15,16.68,21017700.0
20250911,300037,新宙邦,47.1,48.73,49.66,47.01,25093600.0
20250911,300039,上海凯宝,6.15,6.22,6.22,6.07,18305700.0
20250911,300040,九洲集团,7.19,7.28,7.28,7.13,11238500.0
20250911,300041,回天新材,11.32,11.32,11.6,11.07,42903100.0
20250911,300042,朗科科技,24.16,25.04,25.08,24.08,11614100.0
20250911,300043,星辉娱乐,5.7,5.74,5.79,5.48,159311900.0
20250911,300045,华力创通,24.18,25.3,25.6,24.06,77051200.0
20250911,300046,台基股份,39.02,40.5,40.91,38.75,16395400.0
20250911,300047,天源迪科,16.12,16.69,16.7,15.96,41964900.0
20250911,300048,合康新能,6.58,6.7,6.72,6.47,19267500.0
20250911,300049,福瑞医科,63.9,69.22,71.98,62.11,21941000.0
20250911,300050,世纪鼎利,6.75,6.8,6.84,6.63,52649100.0
20250911,300051,琏升科技,7.22,7.3,7.3,7.06,9258100.0
20250911,300052,中青宝,12.52,12.33,12.58,12.26,10251700.0
20250911,300053,航宇微,13.68,14.03,14.06,13.56,22464100.0
20250911,300054,鼎龙股份,30.0,30.86,30.99,29.65,20788100.0
20250911,300055,万邦达,5.93,5.92,5.95,5.83,13088700.0
20250911,300056,中创环保,13.86,13.79,13.87,13.15,16451600.0
20250911,300057,万顺新材,6.16,6.24,6.24,5.97,55200600.0
20250911,300058,蓝色光标,6.64,6.72,6.73,6.48,147688600.0
20250911,300059,东方财富,26.05,27.27,27.58,25.93,704454200.0
20250911,300061,旗天科技,13.16,13.39,13.5,12.92,27015200.0
20250911,300062,中能电气,5.49,5.57,5.58,5.42,8772400.0
20250911,300063,天龙集团,9.25,9.42,9.44,9.07,44427200.0
20250911,300065,海兰信,18.87,19.04,19.13,18.47,40561500.0
20250911,300066,三川智慧,6.61,6.88,6.88,6.48,61990500.0
20250911,300067,安诺其,5.18,5.25,5.26,5.08,39047400.0
20250911,300069,金利华电,20.24,20.52,20.52,19.98,4255100.0
20250911,300070,碧水源,4.42,4.48,4.48,4.38,35200000.0
20250911,300071,福石控股,4.91,4.9,4.91,4.79,22564400.0
20250911,300072,海新能科,3.88,3.94,3.95,3.84,34199400.0
20250911,300073,当升科技,53.98,55.59,56.01,53.78,55842800.0
20250911,300074,华平股份,4.93,5.0,5.01,4.86,20267000.0
20250911,300075,数字政通,16.6,16.92,16.95,16.42,14448400.0
20250911,300077,国民技术,24.59,25.45,25.48,24.44,32712100.0
20250911,300078,思创智联,3.49,3.53,3.53,3.44,27925300.0
20250911,300079,数码视讯,5.82,6.02,6.04,5.73,53248800.0
20250911,300080,易成新能,4.56,4.59,4.6,4.47,24609800.0
20250911,300082,奥克股份,8.08,8.07,8.11,7.97,12274100.0
20250911,300083,创世纪,9.75,10.63,10.7,9.62,183970800.0
20250911,300084,海默科技,8.53,8.61,8.62,8.45,19153300.0
20250911,300085,银之杰,49.9,54.56,56.36,49.52,85769800.0
20250911,300086,康芝药业,6.68,6.87,6.95,6.47,38844300.0
20250911,300088,长信科技,6.53,6.75,6.77,6.47,78307800.0
20250911,300092,科新机电,18.6,18.86,19.27,17.98,38428200.0
20250911,300093,金刚光伏,13.96,13.8,14.0,13.75,3548400.0
20250911,300094,国联水产,3.79,3.79,3.82,3.73,37063100.0
20250911,300095,华伍股份,9.46,9.62,9.65,9.38,11223000.0
20250911,300097,智云股份,6.3,6.14,6.3,6.06,9962900.0
20250911,300098,高新兴,5.8,6.03,6.04,5.74,88237700.0
20250911,300099,尤洛卡,6.98,7.08,7.1,6.92,10021300.0
20250911,300100,双林股份,44.58,45.98,45.99,44.14,24519800.0
20250911,300101,振芯科技,24.13,25.01,25.08,23.7,13207200.0
20250911,300102,乾照光电,13.11,13.29,13.58,12.95,34953500.0
20250911,300103,达刚控股,7.33,7.36,7.4,7.2,5633700.0
20250911,300105,龙源技术,7.33,7.42,7.44,7.23,7376600.0
20250911,300106,西部牧业,11.89,11.96,11.98,11.7,12231800.0
20250911,300107,建新股份,7.51,7.6,7.6,7.41,8252000.0
20250911,300109,新开源,18.08,18.2,18.3,17.86,10762700.0
20250911,300110,华仁药业,3.4,3.4,3.41,3.33,24181500.0
20250911,300112,万讯自控,8.74,8.89,8.9,8.6,5999200.0
20250911,300113,顺网科技,24.66,25.6,25.74,24.2,40098200.0
20250911,300115,长盈精密,24.4,25.96,25.98,24.3,124763300.0
20250911,300118,东方日升,11.02,11.09,11.1,10.86,42099600.0
20250911,300119,瑞普生物,21.5,21.76,21.79,21.23,6735000.0
20250911,300120,经纬辉开,9.08,10.0,10.1,8.9,69616200.0
20250911,300121,阳谷华泰,14.65,14.87,14.89,14.23,14420300.0
20250911,300122,智飞生物,21.57,22.1,22.19,21.21,31088700.0
20250911,300124,汇川技术,79.0,80.7,81.12,77.89,57681500.0
20250911,300125,聆达股份,8.69,8.41,8.84,8.3,12742300.0
20250911,300126,锐奇股份,7.31,7.5,7.53,7.18,7193000.0
20250911,300127,银河磁体,29.89,30.81,30.89,29.63,7670300.0
20250911,300128,锦富技术,5.26,5.34,5.35,5.21,30426900.0
20250911,300129,泰胜风能,7.68,7.74,7.75,7.58,19655100.0
20250911,300130,新国都,28.33,29.22,29.27,27.98,17835700.0
20250911,300131,英唐智控,10.02,10.24,10.32,9.83,54419600.0
20250911,300132,诺斯贝尔,6.62,6.66,6.67,6.5,23490800.0
20250911,300133,华策影视,8.96,8.93,9.0,8.6,116182700.0
20250911,300134,大富科技,12.44,13.35,13.99,12.4,60400000.0
20250911,300135,宝利国际,4.22,4.21,4.22,4.15,21318600.0
20250911,300136,信维通信,24.8,26.47,26.9,24.5,51746700.0
20250911,300137,先河环保,7.28,7.1,7.33,7.04,11109200.0
20250911,300138,晨光生物,13.41,13.43,13.49,13.31,7882000.0
20250911,300139,晓程科技,27.68,26.82,28.58,26.32,83096500.0
20250911,300140,节能环境,6.22,6.38,6.39,6.19,11927200.0
20250911,300141,和顺电气,9.2,9.38,9.38,9.09,4331100.0
20250911,300142,沃森生物,12.18,12.46,12.47,11.91,37237300.0
20250911,300143,盈康生命,12.8,12.7,12.98,12.53,27620000.0
20250911,300144,宋城演艺,9.05,9.09,9.09,8.91,66077100.0
20250911,300145,南方泵业,4.7,4.86,4.87,4.64,77662800.0
20250911,300146,汤臣倍健,12.15,12.25,12.25,12.01,15848900.0
20250911,300148,天舟文化,4.98,5.03,5.04,4.86,51169700.0
20250911,300149,睿智医药,12.62,12.95,13.0,11.98,43242600.0
20250911,300150,世纪瑞尔,5.42,5.57,5.58,5.33,18108900.0
20250911,300151,昌红科技,13.3,13.53,13.57,13.22,7964100.0
20250911,300153,科泰电源,39.16,39.98,42.15,39.13,64408000.0
20250911,300154,瑞凌股份,8.64,8.8,8.81,8.53,4805600.0
20250911,300155,安居宝,4.88,4.95,4.96,4.81,11735300.0
20250911,300157,新锦动力,4.96,4.97,4.98,4.82,57118000.0
20250911,300158,振东制药,7.62,7.75,7.75,7.26,49047400.0
20250911,300159,新研股份,3.03,3.07,3.08,3.01,25718900.0
20250911,300160,秀强股份,6.12,6.13,6.14,6.03,15868200.0
20250911,300161,华中数控,30.17,31.08,31.18,29.85,8206100.0
20250911,300162,雷曼光电,7.4,7.43,7.47,7.23,12700900.0
20250911,300163,先锋新材,3.56,3.57,3.57,3.47,21677400.0
20250911,300164,通源石油,5.88,5.86,6.13,5.79,195106600.0
20250911,300165,天瑞仪器,4.99,5.07,5.08,4.98,9477900.0
20250911,300166,东方国信,10.82,11.06,11.06,10.63,61280300.0
20250911,300168,万达信息,7.47,7.57,7.6,7.31,19729800.0
20250911,300169,天晟新材,7.49,7.54,7.58,7.36,10381300.0
20250911,300170,汉得信息,18.3,18.2,18.59,17.88,92331800.0
20250911,300171,东富龙,14.3,14.5,14.54,14.04,8357300.0
20250911,300172,中电环保,5.36,5.41,5.42,5.3,14233100.0
20250911,300174,元力股份,17.75,18.29,18.6,17.71,16698400.0
20250911,300175,朗源股份,6.1,6.08,6.13,6.05,4770700.0
20250911,300176,鸿特科技,7.35,7.47,7.47,7.25,9374200.0
20250911,300177,中海达,10.03,10.2,10.2,9.92,18575000.0
20250911,300179,四方达,9.78,9.88,9.9,9.6,8032000.0
20250911,300180,华峰超纤,7.83,8.03,8.04,7.72,55936000.0
20250911,300181,佐力药业,18.24,18.51,18.51,18.05,11759900.0
20250911,300182,捷成股份,5.65,5.74,5.74,5.54,79316100.0
20250911,300183,东软载波,16.62,17.06,17.1,16.44,9991500.0
20250911,300184,力源信息,11.61,12.08,12.15,11.42,115309100.0
20250911,300185,通裕重工,2.8,2.83,2.84,2.77,69957800.0
20250911,300187,永清环保,5.29,5.32,5.33,5.2,6497900.0
20250911,300188,国投智能,15.9,16.25,16.25,15.75,22899600.0
20250911,300189,神农种业,4.62,4.72,4.75,4.62,86839700.0
20250911,300190,维尔利,4.28,4.48,4.48,4.24,22993000.0
20250911,300191,潜能恒信,20.9,20.56,21.2,20.21,13204100.0
20250911,300192,科德教育,19.27,19.67,19.86,18.9,30304100.0
20250911,300193,佳士科技,9.29,9.48,9.58,9.18,10462700.0
20250911,300194,福安药业,4.53,4.56,4.56,4.46,16547900.0
20250911,300195,长荣股份,7.99,8.09,8.09,7.81,13828300.0
20250911,300196,长海股份,15.95,16.44,16.7,15.85,17908800.0
20250911,300197,节能铁汉,2.25,2.36,2.4,2.21,150924800.0
20250911,300199,翰宇药业,23.47,24.32,24.34,22.5,68411600.0
20250911,300200,高盟新材,10.01,10.15,10.15,9.89,7635500.0
20250911,300201,海伦哲,5.27,5.36,5.37,5.21,20610200.0
20250911,300203,聚光科技,18.14,18.38,18.51,17.84,10689500.0
20250911,300204,舒泰神,36.0,39.7,41.55,35.51,49301700.0
20250911,300206,理邦仪器,12.56,12.65,12.68,12.28,5346200.0
20250911,300207,欣旺达,27.48,28.06,28.3,26.96,111369300.0
20250911,300209,行云科技,5.17,5.21,5.21,5.1,12625100.0
20250911,300210,森远股份,10.22,10.4,10.45,10.06,9326500.0
20250911,300213,佳讯飞鸿,10.19,11.03,11.48,9.94,72104500.0
20250911,300214,日科化学,7.99,8.15,8.15,7.86,14217100.0
20250911,300215,电科院,6.11,6.18,6.18,6.05,6122300.0
20250911,300217,东方电热,5.99,6.15,6.19,5.97,111010700.0
20250911,300218,安利股份,20.5,20.51,20.86,20.2,11241100.0
20250911,300219,鸿利智汇,6.62,6.7,6.71,6.5,14014100.0
20250911,300220,金运激光,16.45,16.91,16.94,16.1,5293000.0
20250911,300221,银禧科技,8.59,8.93,9.01,8.53,23720800.0
20250911,300222,科大智能,12.66,13.4,13.47,12.61,78674100.0
20250911,300223,君正股份,71.6,74.45,74.5,70.72,18832800.0
20250911,300224,正海磁材,16.59,17.1,17.13,16.46,37306700.0
20250911,300225,金力泰,5.48,5.68,5.83,5.42,33934400.0
20250911,300226,上海钢联,26.01,26.72,26.85,25.61,13809400.0
20250911,300227,光韵达,8.96,9.4,9.41,8.86,22783500.0
20250911,300228,富瑞特装,7.55,7.57,7.57,7.41,14253100.0
20250911,300229,拓尔思,21.88,22.16,22.19,21.37,46606200.0
20250911,300230,永利股份,5.42,5.47,5.47,5.33,18974000.0
20250911,300231,银信科技,11.91,12.28,12.3,11.73,24561000.0
20250911,300232,洲明科技,7.65,7.86,7.86,7.58,25278900.0
20250911,300233,金城医药,20.77,20.32,20.8,20.08,20384000.0
20250911,300234,开尔新材,5.52,5.54,5.56,5.43,9947400.0
20250911,300235,方直科技,11.81,12.29,12.39,11.69,13397000.0
20250911,300236,上海新阳,50.65,52.89,53.1,50.27,13056100.0
20250911,300238,冠昊生物,16.01,16.18,16.19,15.68,6589100.0
20250911,300239,东宝生物,5.66,5.7,5.72,5.56,7219800.0
20250911,300240,飞力达,8.29,8.38,8.38,8.18,9678600.0
20250911,300241,瑞丰光电,5.71,5.88,5.88,5.66,25636600.0
20250911,300242,佳云科技,4.37,4.43,4.43,4.25,22741400.0
20250911,300243,瑞丰高材,11.92,12.23,12.46,11.58,24420600.0
20250911,300244,迪安诊断,16.92,17.18,17.18,16.41,23202800.0
20250911,300246,宝莱特,8.95,9.0,9.02,8.81,5064000.0
20250911,300247,融捷健康,4.38,4.41,4.41,4.27,18476600.0
20250911,300248,新开普,13.84,13.97,14.01,13.71,9202400.0
20250911,300249,依米康,16.69,17.03,17.1,16.3,39343500.0
20250911,300250,初灵信息,17.14,17.55,17.55,17.07,9221400.0
20250911,300251,光线传媒,19.35,19.32,19.4,18.76,88730700.0
20250911,300252,金信诺,12.36,14.4,14.4,12.09,116279600.0
20250911,300253,卫宁健康,9.32,9.5,9.5,9.19,48421600.0
20250911,300254,仟源医药,10.75,10.83,10.83,10.64,6326600.0
20250911,300255,常山药业,46.85,48.98,50.08,45.18,30051200.0
20250911,300256,星星科技,4.42,4.56,4.56,4.33,86369900.0
20250911,300257,开山股份,15.07,15.33,15.38,14.91,9726400.0
20250911,300258,精锻科技,15.16,15.38,15.42,14.92,30620700.0
20250911,300259,新天科技,3.85,3.93,3.93,3.8,18114300.0
20250911,300260,新莱应材,37.1,39.05,39.25,36.3,27201500.0
20250911,300261,雅本化学,7.3,7.4,7.41,7.21,15670000.0
20250911,300263,隆华科技,8.44,8.76,8.82,8.32,46477400.0
20250911,300264,佳创视讯,6.19,6.24,6.24,6.04,18517000.0
20250911,300265,通光线缆,9.19,9.39,9.39,9.09,11529900.0
20250911,300266,兴源环境,2.74,2.8,2.82,2.71,39117000.0
20250911,300267,尔康制药,3.75,3.79,3.79,3.66,42060200.0
20250911,300268,佳沃食品,10.47,10.51,10.56,10.37,1423500.0
20250911,300269,联建光电,5.09,5.2,5.2,5.0,24783700.0
20250911,300270,中威电子,8.36,8.45,8.49,8.23,7483900.0
20250911,300271,华宇软件,7.97,8.11,8.11,7.85,17565300.0
20250911,300272,开能健康,6.73,6.76,6.76,6.61,8591700.0
20250911,300274,阳光电源,126.53,137.34,137.34,123.5,134665100.0
20250911,300275,梅安森,14.14,14.03,14.14,13.8,8606000.0
20250911,300276,三丰智能,10.84,11.19,11.19,10.63,66807100.0
20250911,300277,汽轮科技,14.98,15.6,15.96,14.56,36517400.0
20250911,300278,华昌达,5.65,5.82,5.83,5.58,35989200.0
20250911,300279,和晶科技,7.68,7.94,7.95,7.56,15790100.0
20250911,300281,金明精机,7.65,7.77,7.78,7.53,9530100.0
20250911,300283,温州宏丰,7.7,7.87,7.93,7.45,46398600.0
20250911,300284,苏交科,8.76,8.89,8.9,8.75,14494700.0
20250911,300285,国瓷材料,23.51,24.51,24.72,23.22,36799200.0
20250911,300286,安科瑞,23.71,24.96,25.25,23.58,7997800.0
20250911,300287,飞利信,6.77,6.79,6.83,6.45,182070900.0
20250911,300288,朗玛信息,14.77,14.94,14.95,14.54,5967800.0
20250911,300289,利德曼,7.95,8.1,8.1,7.76,16322000.0
20250911,300291,百纳千成,6.53,6.58,6.61,6.31,52059100.0
20250911,300292,吴通控股,5.09,5.15,5.15,5.02,66379800.0
20250911,300293,蓝英装备,23.26,23.78,23.83,22.98,10957000.0
20250911,300294,博雅生物,25.55,25.77,25.78,25.41,5533600.0
20250911,300296,利亚德,7.04,7.23,7.23,6.96,114566600.0
20250911,300298,三诺生物,21.03,21.0,21.07,20.79,10823000.0
20250911,300299,富春股份,6.76,6.85,6.85,6.58,29638500.0
20250911,300300,海峡创新,5.49,5.43,5.49,5.3,24915800.0
20250911,300302,同有科技,14.77,15.35,15.37,14.66,14085000.0
20250911,300303,聚飞光电,7.07,7.15,7.19,6.93,86717400.0
20250911,300304,云意电气,12.8,13.7,13.7,12.68,40185400.0
20250911,300305,裕兴股份,6.43,6.43,6.51,6.36,6890000.0
20250911,300306,远方信息,12.91,13.17,13.24,12.76,6103700.0
20250911,300307,慈星股份,7.37,7.43,7.44,7.27,13908700.0
20250911,300308,中际旭创,402.19,439.97,443.99,402.19,65680200.0
20250911,300310,宜通世纪,6.5,6.61,6.62,6.39,34444000.0
20250911,300311,任子行,5.08,5.1,5.1,5.04,12522900.0
20250911,300313,天山生物,8.03,8.2,8.38,8.02,7183000.0
20250911,300314,戴维医疗,14.61,14.87,14.88,14.23,5849900.0
20250911,300315,掌趣科技,5.65,5.7,5.7,5.51,104896900.0
20250911,300316,晶盛机电,34.21,35.92,36.01,33.83,52063900.0
20250911,300317,珈伟新能,4.41,4.48,4.49,4.33,49042000.0
20250911,300318,博晖创新,5.91,5.93,5.93,5.76,5625100.0
20250911,300319,麦捷科技,11.89,12.89,13.3,11.85,65700000.0
20250911,300320,海达股份,10.78,10.89,10.9,10.62,8996300.0
20250911,300321,同大股份,39.65,39.05,39.89,38.3,2198000.0
20250911,300322,硕贝德,23.08,24.01,24.12,22.89,43886700.0
20250911,300323,华灿光电,8.82,8.95,8.95,8.7,36269700.0
20250911,300324,旋极信息,6.4,6.67,6.75,6.3,266734100.0
20250911,300327,中颖电子,24.56,25.35,25.36,24.33,9856400.0
20250911,300328,宜安科技,17.9,18.43,18.74,17.11,99167800.0
20250911,300329,海伦钢琴,12.75,12.98,12.98,12.35,8590800.0
20250911,300331,苏大维格,29.35,31.05,31.6,28.28,43654600.0
20250911,300332,天壕能源,5.64,5.67,5.68,5.57,30844500.0
20250911,300333,兆日科技,13.5,13.78,13.78,13.27,13464700.0
20250911,300334,津膜科技,7.25,7.21,7.25,7.09,3785200.0
20250911,300335,迪森股份,5.93,6.06,6.11,5.92,15176300.0
20250911,300337,银邦股份,10.71,10.91,10.91,10.5,16905300.0
20250911,300339,润和软件,58.5,60.33,60.57,57.5,67058300.0
20250911,300340,科恒股份,15.02,15.09,15.12,14.68,15781900.0
20250911,300341,麦克奥迪,16.81,17.26,17.28,16.63,8114700.0
20250911,300342,天银机电,17.95,18.62,18.64,17.77,28538300.0
20250911,300343,联创股份,5.41,5.45,5.46,5.31,16844200.0
20250911,300345,华民股份,7.2,7.3,7.31,7.14,16796500.0
20250911,300346,南大光电,33.0,34.36,34.45,32.78,36803000.0
20250911,300347,泰格医药,59.5,61.22,61.35,55.79,36222000.0
20250911,300348,长亮科技,15.91,16.25,16.28,15.73,43228700.0
20250911,300349,金卡智能,12.31,12.53,12.53,12.21,6734700.0
20250911,300350,华鹏飞,6.22,6.3,6.32,6.13,12705200.0
20250911,300351,永贵电器,17.1,17.65,17.69,17.0,14916800.0
20250911,300353,东土科技,24.46,25.36,25.5,23.65,52932000.0
20250911,300354,东华测试,42.36,43.09,43.49,41.6,4643200.0
20250911,300355,蒙草生态,4.49,4.7,4.76,4.45,119125100.0
20250911,300357,我武生物,31.26,31.52,31.8,29.38,15498900.0
20250911,300358,楚天科技,8.16,8.27,8.28,7.99,10137900.0
20250911,300359,全通教育,5.94,6.06,6.07,5.83,14464400.0
20250911,300360,炬华科技,15.51,15.69,15.72,15.4,8713000.0
20250911,300363,博腾股份,24.7,25.58,25.94,23.37,36400300.0
20250911,300364,中文在线,28.51,28.93,28.93,27.5,78506200.0
20250911,300365,恒华科技,6.46,6.54,6.54,6.31,17797200.0
20250911,300368,汇金股份,14.2,14.63,14.75,14.12,49828200.0
20250911,300369,绿盟科技,7.58,7.84,7.84,7.49,18604800.0
20250911,300370,安控科技,3.13,3.2,3.2,3.04,67776400.0
20250911,300371,汇中股份,14.64,14.44,14.64,14.08,9975400.0
20250911,300373,扬杰科技,62.87,65.27,65.7,62.68,15477700.0
20250911,300374,中铁装配,16.75,16.82,16.84,16.46,4863600.0
20250911,300375,鹏翎股份,5.15,5.21,5.21,5.04,22950800.0
20250911,300376,易事特,5.35,5.31,5.35,5.22,28476700.0
20250911,300377,赢时胜,23.19,23.96,24.3,22.9,48517600.0
20250911,300378,鼎捷数智,49.77,51.11,51.5,48.68,20762900.0
20250911,300380,安硕信息,49.55,51.79,51.98,49.35,10273300.0
20250911,300381,溢多利,7.16,7.21,7.23,7.05,7769500.0
20250911,300382,斯莱克,18.5,17.38,18.86,16.32,62529200.0
20250911,300383,光环新网,14.47,14.83,15.05,14.19,97347600.0
20250911,300384,三联虹普,17.01,17.28,17.3,16.83,4098700.0
20250911,300386,飞天诚信,18.2,18.61,18.65,17.91,8347600.0
20250911,300387,富邦科技,9.19,9.27,9.28,9.06,7038900.0
20250911,300388,节能国祯,8.45,8.6,8.68,8.36,16912800.0
20250911,300389,艾比森,17.15,16.96,17.15,16.51,18251300.0
20250911,300390,天华新能,22.88,23.0,23.18,22.6,34712500.0
20250911,300393,中来股份,6.29,6.43,6.43,6.23,27079500.0
20250911,300394,天孚通信,180.01,198.6,201.52,176.8,62624800.0
20250911,300395,菲利华,89.77,90.59,93.99,88.0,41496100.0
20250911,300397,天和防务,12.4,12.64,12.65,12.33,14230400.0
20250911,300398,飞凯材料,21.91,22.72,22.74,21.58,29442900.0
20250911,300399,天利科技,28.3,29.69,29.7,28.03,11687800.0
20250911,300400,劲拓股份,25.35,25.99,26.25,24.64,18719200.0
20250911,300401,花园生物,14.29,14.5,14.51,14.14,10853900.0
20250911,300402,宝色股份,18.03,18.34,18.34,17.91,3898100.0
20250911,300403,汉宇集团,15.72,16.83,16.84,15.5,59434500.0
20250911,300404,博济医药,10.53,10.75,10.76,10.22,14500900.0
20250911,300405,科隆股份,6.21,6.22,6.27,6.04,10964200.0
20250911,300406,九强生物,13.87,14.01,14.02,13.63,4752700.0
20250911,300407,凯发电气,11.41,11.46,11.47,11.09,3850800.0
20250911,300408,三环集团,43.87,43.57,45.05,42.66,54040900.0
20250911,300409,道氏技术,25.0,26.71,26.99,24.57,124149000.0
20250911,300410,正业科技,9.78,9.92,9.99,9.49,42350500.0
20250911,300411,金盾股份,13.05,13.18,13.18,12.88,10127400.0
20250911,300412,迦南科技,5.29,5.42,5.43,5.21,18245400.0
20250911,300413,芒果超媒,29.58,30.08,30.15,29.0,27034000.0
20250911,300414,中光防雷,12.24,12.53,12.55,12.15,9687900.0
20250911,300415,伊之密,27.31,28.51,28.82,26.9,34672400.0
20250911,300416,苏试试验,16.85,17.35,17.36,16.76,18110400.0
20250911,300417,南华仪器,13.05,13.23,13.27,12.88,2083400.0
20250911,300418,昆仑万维,40.65,42.04,42.75,39.5,103283800.0
20250911,300420,五洋自控,4.69,4.29,4.69,4.1,178405200.0
20250911,300421,力星股份,15.1,15.38,15.38,14.9,9805100.0
20250911,300422,博世科,5.43,5.62,5.75,5.31,30224600.0
20250911,300423,昇辉科技,7.13,7.43,7.66,7.11,37294900.0
20250911,300424,航新科技,15.36,15.85,15.86,15.3,6336900.0
20250911,300425,中建环能,5.21,5.27,5.28,5.16,9163700.0
20250911,300426,华智数媒,10.85,10.82,10.9,10.41,22351200.0
20250911,300427,红相股份,6.24,6.36,6.36,6.15,13952400.0
20250911,300428,立中集团,23.41,23.49,23.96,22.94,39486600.0
20250911,300429,强力新材,13.1,13.46,13.48,12.9,17707600.0
20250911,300432,富临精工,14.8,15.23,15.24,14.67,62344300.0
20250911,300433,蓝思科技,29.15,30.11,30.21,28.2,163091700.0
20250911,300434,金石亚药,9.89,10.02,10.04,9.68,9069900.0
20250911,300435,中泰股份,18.2,18.73,18.9,18.06,18780800.0
20250911,300436,广生堂,106.68,114.05,115.4,105.02,15500800.0
20250911,300437,清水源,9.55,9.51,9.55,9.36,4803500.0
20250911,300438,鹏辉能源,31.8,32.47,33.13,30.85,39947100.0
20250911,300439,美康生物,10.74,10.9,10.91,10.56,4617200.0
20250911,300440,运达科技,13.3,13.45,13.8,13.08,11744800.0
20250911,300441,鲍斯股份,8.4,8.68,8.71,8.3,16075100.0
20250911,300442,润泽科技,51.0,53.15,53.51,50.78,37828500.0
20250911,300443,金雷股份,27.1,27.67,27.89,26.9,8364000.0
20250911,300444,双杰电气,8.2,8.28,8.3,8.1,26841900.0
20250911,300445,康斯特,18.92,19.25,19.29,18.62,3876600.0
20250911,300446,航天智造,16.86,17.21,17.22,16.73,11943900.0
20250911,300447,全信股份,14.47,14.74,14.77,14.31,5069400.0
20250911,300448,浩云科技,6.3,6.51,6.51,6.24,23238500.0
20250911,300449,汉邦高科,7.22,7.36,7.38,7.11,8913800.0
20250911,300450,先导智能,57.6,60.13,60.5,57.14,238673200.0
20250911,300451,创业慧康,5.05,5.1,5.1,4.98,44180600.0
20250911,300452,山河药辅,13.55,13.69,13.7,13.3,4942900.0
20250911,300453,三鑫医疗,9.75,9.8,9.81,9.5,7665200.0
20250911,300454,深信服,112.0,118.3,118.32,108.75,11148500.0
20250911,300455,航天智装,17.73,17.91,18.14,17.41,21323700.0
20250911,300456,赛微电子,22.37,23.77,23.96,22.18,62174100.0
20250911,300457,赢合科技,27.5,27.83,28.14,26.86,41513600.0
20250911,300458,全志科技,44.57,46.98,47.17,44.24,54884000.0
20250911,300459,汤姆猫,5.34,5.38,5.38,5.16,154478000.0
20250911,300461,田中精机,20.41,20.68,20.75,20.05,2432700.0
20250911,300463,迈克生物,12.21,12.28,12.3,12.02,5624300.0
20250911,300464,星徽股份,5.7,5.69,5.7,5.53,11447300.0
20250911,300465,高伟达,25.14,25.33,25.6,23.56,55300000.0
20250911,300466,赛摩智能,9.56,9.76,9.77,9.47,9054700.0
20250911,300467,迅游科技,23.58,23.82,23.85,22.6,10151700.0
20250911,300468,四方精创,40.0,41.6,41.78,39.44,47117800.0
20250911,300469,信息发展,70.0,71.75,73.58,67.1,15924400.0
20250911,300470,中密控股,38.02,38.85,38.85,37.81,3111500.0
20250911,300471,厚普股份,10.65,10.87,10.92,10.5,9130600.0
20250911,300473,德尔股份,33.06,33.48,33.7,32.81,9938000.0
20250911,300474,景嘉微,74.95,77.87,78.4,74.5,18959500.0
20250911,300475,香农芯创,52.85,64.51,64.51,52.84,57245800.0
20250911,300476,胜宏科技,300.26,338.0,345.88,290.43,92942500.0
20250911,300478,杭州高新,19.46,19.96,21.21,18.91,20452600.0
20250911,300479,神思电子,20.32,20.64,20.66,20.12,5307800.0
20250911,300480,光力科技,16.12,16.45,16.47,15.9,12328700.0
20250911,300481,濮阳惠成,14.55,14.74,14.75,14.39,6255500.0
20250911,300482,万孚生物,22.06,22.18,22.21,21.83,5156000.0
20250911,300483,首华燃气,12.55,12.31,12.62,12.15,25307100.0
20250911,300484,蓝海华腾,25.71,25.89,26.49,25.46,31457800.0
20250911,300485,赛升药业,12.23,12.48,12.5,11.85,13624900.0
20250911,300486,东杰智能,23.43,23.67,23.89,22.45,36436000.0
20250911,300487,蓝晓科技,54.26,54.69,55.56,53.4,7229300.0
20250911,300488,恒锋工具,35.63,36.7,36.78,35.3,2549300.0
20250911,300489,光智科技,49.63,49.25,49.99,48.72,6952800.0
20250911,300490,华自科技,10.17,10.06,10.17,9.94,20952400.0
20250911,300491,通合科技,35.7,38.3,39.39,34.61,22733500.0
20250911,300492,华图山鼎,63.69,69.55,71.5,63.69,5110100.0
20250911,300493,润欣科技,20.75,21.6,21.61,20.52,26216600.0
20250911,300494,盛天网络,14.13,14.34,14.35,13.78,32288000.0
20250911,300496,中科创达,72.6,74.3,74.62,71.25,24930900.0
20250911,300497,富祥股份,10.36,10.39,10.41,10.07,9507400.0
20250911,300498,温氏股份,18.73,19.53,20.0,18.72,155772100.0
20250911,300499,高澜股份,29.38,30.04,30.62,28.65,69669300.0
20250911,300500,启迪设计,14.07,14.16,14.16,13.81,3757400.0
20250911,300501,海顺新材,17.39,17.11,17.39,16.8,7604000.0
20250911,300502,新易盛,345.99,379.9,381.52,345.0,76090400.0
20250911,300503,昊志机电,29.37,30.85,30.9,29.17,22811300.0
20250911,300504,天邑股份,14.61,15.09,15.1,14.4,7152700.0
20250911,300505,川金诺,20.27,20.5,20.5,20.1,8165100.0
20250911,300506,名家汇,4.02,3.96,4.02,3.95,5759500.0
20250911,300507,苏奥传感,8.26,8.53,8.55,8.14,43173900.0
20250911,300508,维宏股份,29.6,30.54,30.54,29.12,1977400.0
20250911,300509,新美星,9.2,9.59,9.69,9.15,7793300.0
20250911,300510,金冠股份,4.57,4.6,4.62,4.48,33334500.0
20250911,300511,雪榕生物,5.82,5.89,5.9,5.75,14613400.0
20250911,300512,中亚股份,8.14,8.4,8.44,8.05,6383200.0
20250911,300513,恒实科技,8.87,8.87,8.89,8.66,6714000.0
20250911,300514,友讯达,14.12,14.3,14.3,13.85,4393600.0
20250911,300515,三德科技,21.16,21.59,21.6,20.82,5529500.0
20250911,300516,久之洋,36.48,37.41,37.47,35.88,2149900.0
20250911,300517,海波重科,11.53,11.48,11.63,11.11,6619400.0
20250911,300518,新迅达,13.9,14.01,14.05,13.51,9829300.0
20250911,300519,新光药业,16.59,16.63,16.65,16.27,3762000.0
20250911,300520,科大国创,23.9,24.49,25.25,23.88,18200700.0
20250911,300521,爱司凯,25.3,25.36,25.82,24.71,5390400.0
20250911,300522,世名科技,13.19,13.48,13.48,13.05,6528800.0
20250911,300523,辰安科技,20.98,21.34,21.38,20.8,2789100.0
20250911,300525,博思软件,14.15,14.46,14.46,13.85,23548700.0
20250911,300528,幸福蓝海,27.86,25.9,28.0,25.0,84847700.0
20250911,300529,健帆生物,23.82,24.19,24.22,23.44,10328900.0
20250911,300530,领湃科技,37.2,37.77,37.84,36.08,8548100.0
20250911,300531,优博讯,18.5,18.99,18.99,18.24,12515400.0
20250911,300532,今天国际,13.56,13.62,13.63,13.27,15113000.0
20250911,300533,冰川网络,39.7,40.26,40.5,38.4,15731900.0
20250911,300534,陇神戎发,9.95,10.08,10.08,9.75,9518900.0
20250911,300535,达威股份,20.28,20.5,20.61,19.59,2037000.0
20250911,300536,农尚环境,9.9,10.08,10.17,9.7,12379900.0
20250911,300537,广信材料,23.45,24.4,24.44,23.22,8918900.0
20250911,300538,同益股份,16.47,17.01,17.05,16.25,5671900.0
20250911,300539,横河精密,39.08,39.09,39.95,37.68,23864100.0
20250911,300540,蜀道装备,18.69,19.6,19.8,18.41,15315400.0
20250911,300541,先进数通,15.48,15.89,15.92,15.22,24395700.0
20250911,300542,新晨科技,21.71,22.45,22.75,21.71,21350300.0
20250911,300543,朗科智能,12.58,12.75,12.77,12.43,22308400.0
20250911,300545,联得装备,34.51,34.95,35.16,33.85,6035200.0
20250911,300546,雄帝科技,27.24,27.95,27.97,26.79,9968000.0
20250911,300547,川环科技,42.8,44.78,45.0,42.1,22996900.0
20250911,300548,长芯博创,119.0,127.48,128.03,116.7,33547900.0
20250911,300549,优德精密,19.49,19.96,19.96,19.31,3237500.0
20250911,300550,和仁科技,12.79,13.11,13.14,12.59,5372700.0
20250911,300551,古鳌科技,12.18,12.49,12.62,11.95,20346400.0
20250911,300552,万集科技,26.65,27.25,27.27,26.2,3678100.0
20250911,300553,集智股份,40.33,40.98,41.26,40.0,3943900.0
20250911,300554,三超新材,23.97,24.2,24.35,23.68,3045900.0
20250911,300556,丝路视觉,20.31,20.64,20.64,19.99,3859000.0
20250911,300557,理工光科,26.87,27.32,27.36,26.51,2131000.0
20250911,300558,贝达药业,70.9,70.0,70.9,66.88,9853900.0
20250911,300559,佳发教育,15.44,15.71,15.89,14.74,22141400.0
20250911,300560,中富通,13.66,13.85,13.88,13.48,7728700.0
20250911,300561,汇金科技,16.66,16.86,16.98,16.27,14688200.0
20250911,300562,乐心医疗,15.21,15.2,15.25,14.89,8139100.0
20250911,300563,神宇股份,38.59,40.93,41.99,38.06,11970500.0
20250911,300564,筑博设计,16.01,16.18,16.18,15.87,3093400.0
20250911,300565,科信技术,12.2,12.64,12.68,12.09,10481000.0
20250911,300566,激智科技,18.35,18.84,18.84,18.16,5886500.0
20250911,300567,精测电子,70.3,71.73,72.3,69.16,8117700.0
20250911,300568,星源材质,14.31,14.54,14.66,14.1,137949500.0
20250911,300569,天能重工,5.7,5.8,5.8,5.62,33742900.0
20250911,300570,太辰光,111.0,122.35,125.05,108.8,29891300.0
20250911,300571,平治信息,32.2,33.11,33.18,32.0,7302500.0
20250911,300572,安车检测,24.56,25.2,25.3,24.52,7794400.0
20250911,300573,兴齐眼药,70.0,72.27,72.27,67.33,14379700.0
20250911,300575,中旗股份,6.39,6.45,6.46,6.31,7733700.0
20250911,300576,容大感光,35.96,37.14,37.2,35.66,10630200.0
20250911,300577,开润股份,23.38,23.4,23.77,22.75,2595700.0
20250911,300578,会畅科技,18.79,19.17,19.18,18.58,4766600.0
20250911,300579,数字认证,37.42,37.72,37.88,36.84,11054100.0
20250911,300580,贝斯特,27.86,29.45,29.59,27.74,29578000.0
20250911,300581,晨曦航空,17.1,17.32,17.38,16.89,23266800.0
20250911,300582,英飞特,15.91,16.29,16.34,15.7,11996600.0
20250911,300583,赛托生物,15.93,15.91,15.95,15.5,3730700.0
20250911,300584,海辰药业,70.39,69.11,70.77,67.0,14156400.0
20250911,300585,奥联电子,16.41,16.41,16.48,16.02,6579400.0
20250911,300586,美联新材,11.11,11.29,11.35,10.85,21065600.0
20250911,300587,天铁科技,8.97,9.12,9.29,8.73,53703600.0
20250911,300588,熙菱信息,19.19,19.32,19.49,19.01,10790700.0
20250911,300589,江龙船艇,13.15,13.28,13.29,13.07,7929500.0
20250911,300590,移为通信,13.01,13.3,13.3,12.96,14966000.0
20250911,300591,万里马,9.82,9.93,9.99,9.7,25578800.0
20250911,300592,华凯易佰,11.48,11.51,11.52,11.28,7554200.0
20250911,300593,新雷能,16.84,18.3,18.58,16.74,32067700.0
20250911,300595,欧普康视,17.7,18.13,18.15,17.34,12828000.0
20250911,300596,利安隆,34.48,34.92,35.35,34.09,4047900.0
20250911,300597,吉大通信,9.52,9.55,9.59,9.33,22029200.0
20250911,300598,诚迈科技,51.18,52.88,52.88,50.53,13185100.0
20250911,300599,雄塑科技,7.87,7.89,7.92,7.65,4391500.0
20250911,300600,国瑞科技,16.6,16.88,16.99,16.21,12868400.0
20250911,300601,康泰生物,18.44,18.91,18.93,17.56,30061300.0
20250911,300602,飞荣达,28.45,29.65,29.75,28.21,30367300.0
20250911,300603,立昂技术,10.9,11.16,11.18,10.76,14294400.0
20250911,300604,长川科技,56.03,59.1,59.85,55.61,38791800.0
20250911,300605,恒锋信息,15.6,16.0,16.05,15.34,7471200.0
20250911,300606,金太阳,19.8,20.32,20.4,19.5,5234500.0
20250911,300607,拓斯达,37.3,39.67,39.98,37.15,62063600.0
20250911,300608,思特奇,13.24,13.12,13.28,12.88,16496300.0
20250911,300609,汇纳科技,46.01,47.65,47.86,45.25,4953100.0
20250911,300610,晨化股份,12.16,12.2,12.25,12.0,4725700.0
20250911,300611,美力科技,24.46,25.08,25.08,24.07,6908100.0
20250911,300612,宣亚国际,14.48,14.69,14.69,14.2,6232200.0
20250911,300613,富瀚微,48.52,50.15,50.19,47.97,6148000.0
20250911,300614,百川畅银,15.61,15.69,15.88,15.6,3806700.0
20250911,300615,欣天科技,13.88,14.47,14.49,13.81,6554000.0
20250911,300616,尚品宅配,13.02,13.02,13.04,12.71,3610800.0
20250911,300617,安靠智电,35.7,35.87,36.99,35.58,4992200.0
20250911,300618,寒锐钴业,51.0,53.04,53.8,49.51,34818000.0
20250911,300619,金银河,35.5,37.08,37.09,34.42,27150800.0
20250911,300620,光库科技,95.17,100.27,104.0,92.0,29603900.0
20250911,300621,维业股份,9.43,9.56,9.56,9.31,4584000.0
20250911,300622,博士眼镜,33.75,34.7,34.98,33.22,11053800.0
20250911,300623,捷捷微电,29.88,31.0,31.1,29.71,19738500.0
20250911,300624,万兴科技,72.95,74.2,74.24,71.66,9627200.0
20250911,300625,三雄极光,12.1,12.19,12.19,11.96,1606300.0
20250911,300626,华瑞股份,10.89,11.01,11.08,10.74,4625800.0
20250911,300627,华测导航,35.1,36.35,36.42,34.82,10960400.0
20250911,300628,亿联网络,38.29,38.67,38.94,37.57,12447900.0
20250911,300629,新劲刚,19.8,20.12,20.14,19.6,6517300.0
20250911,300631,久吾高科,35.71,35.59,36.36,34.8,17340200.0
20250911,300632,光莆股份,13.06,13.31,13.31,12.84,8627700.0
20250911,300633,开立医疗,35.83,36.55,36.9,35.25,8339400.0
20250911,300634,彩讯股份,26.41,26.49,26.61,25.83,18775300.0
20250911,300635,中达安,14.25,14.6,14.75,14.05,4461000.0
20250911,300636,同和药业,9.09,9.12,9.14,8.87,8839900.0
20250911,300637,扬帆新材,13.33,13.61,13.65,13.25,7806600.0
20250911,300638,广和通,29.39,30.28,30.5,28.99,34973100.0
20250911,300639,凯普生物,5.85,5.9,5.91,5.72,7761500.0
20250911,300640,德艺文创,6.72,6.72,6.74,6.55,8305400.0
20250911,300641,正丹股份,23.06,23.26,23.35,22.82,9526500.0
20250911,300642,透景生命,23.76,24.83,25.1,23.05,13751100.0
20250911,300643,万通智控,22.9,23.43,23.47,22.47,5070600.0
20250911,300644,南京聚隆,35.04,36.4,36.51,34.92,6167600.0
20250911,300645,正元智慧,18.42,18.76,18.77,18.14,6587800.0
20250911,300647,超频三,7.26,7.35,7.37,7.1,14949700.0
20250911,300648,星云股份,47.3,48.3,48.7,46.58,7833800.0
20250911,300649,杭州园林,18.37,18.04,18.37,17.8,5981700.0
20250911,300650,太龙股份,15.63,15.65,15.79,15.3,9205700.0
20250911,300651,金陵体育,26.31,25.75,26.34,24.83,25340600.0
20250911,300652,雷迪克,54.92,59.14,60.47,54.92,9222800.0
20250911,300653,正海生物,20.51,20.65,20.71,20.1,2841800.0
20250911,300654,世纪天鸿,10.2,10.34,10.34,10.06,7458600.0
20250911,300655,晶瑞电材,13.56,13.82,13.9,13.18,102235600.0
20250911,300656,民德电子,25.1,25.8,25.82,24.84,3146500.0
20250911,300657,弘信电子,31.27,32.41,32.6,31.06,35441900.0
20250911,300658,延江股份,8.5,8.61,8.88,8.15,41204300.0
20250911,300659,中孚信息,14.69,14.99,15.0,14.51,6653200.0
20250911,300660,江苏雷利,51.36,53.23,53.45,50.34,22598700.0
20250911,300661,圣邦股份,69.88,72.34,72.37,69.38,15328300.0
20250911,300662,科锐国际,29.44,30.66,30.71,29.31,5841600.0
20250911,300663,科蓝软件,18.67,19.14,19.25,18.41,21500600.0
20250911,300664,鹏鹞环保,5.63,5.66,5.67,5.57,11020800.0
20250911,300665,飞鹿股份,9.56,9.64,9.64,9.41,14021700.0
20250911,300666,江丰电子,73.7,75.99,76.1,72.9,10669000.0
20250911,300667,必创科技,15.24,15.72,15.72,15.11,5912700.0
20250911,300668,杰恩股份,18.55,18.45,18.55,18.09,2796200.0
20250911,300669,沪宁股份,34.99,35.29,35.39,34.0,1177000.0
20250911,300670,大烨智能,7.42,7.47,7.54,7.34,7690700.0
20250911,300671,富满微,36.62,37.59,37.72,36.4,7640600.0
20250911,300672,国科微,86.5,89.19,89.98,86.02,8151500.0
20250911,300673,佩蒂股份,18.92,19.05,19.45,18.6,10465100.0
20250911,300674,宇信科技,25.38,25.96,25.98,25.0,22902800.0
20250911,300675,建科院,14.99,15.09,15.1,14.75,2863600.0
20250911,300676,华大基因,50.8,51.88,51.89,49.89,7340400.0
20250911,300677,英科医疗,36.53,36.91,37.33,36.03,13234600.0
20250911,300678,中科信息,35.28,36.06,36.15,34.82,10515200.0
20250911,300679,电连技术,50.7,51.8,51.89,50.33,21575300.0
20250911,300680,隆盛科技,47.26,52.56,54.43,46.65,24437000.0
20250911,300681,英搏尔,29.24,30.36,30.54,28.88,9577900.0
20250911,300682,朗新科技,23.4,23.32,23.92,21.8,57055500.0
20250911,300683,海特生物,39.74,40.26,40.78,38.8,6794700.0
20250911,300684,中石科技,34.92,36.65,37.65,34.2,30538500.0
20250911,300685,艾德生物,24.18,24.15,24.18,23.37,12417000.0
20250911,300686,智动力,12.85,12.8,12.85,12.3,15626800.0
20250911,300687,赛意信息,27.3,27.25,27.88,26.62,23363100.0
20250911,300688,创业黑马,31.41,31.68,31.68,30.72,8864800.0
20250911,300689,澄天伟业,54.39,56.0,56.55,52.52,6502800.0
20250911,300690,双一科技,36.0,36.87,37.09,35.97,11071300.0
20250911,300691,联合光电,17.91,18.32,18.38,17.7,5974500.0
20250911,300692,中赋科技,7.9,8.24,8.35,7.9,26866400.0
20250911,300693,盛弘股份,38.0,39.7,40.08,37.83,22127000.0
20250911,300694,蠡湖股份,13.89,13.71,13.9,13.59,9929900.0
20250911,300695,兆丰股份,102.45,106.98,108.0,101.1,1664200.0
20250911,300696,爱乐达,26.79,26.6,26.8,26.2,7634200.0
20250911,300697,电工合金,14.69,15.15,15.15,14.51,13403500.0
20250911,300698,万马科技,44.96,46.67,47.49,44.38,9246300.0
20250911,300699,光威复材,30.0,30.47,30.49,29.8,11257600.0
20250911,300700,岱勒新材,13.23,13.25,13.47,12.92,14093600.0
20250911,300701,森霸传感,13.16,14.28,15.5,13.13,53390600.0
20250911,300702,天宇股份,26.9,27.26,27.39,26.12,4733700.0
20250911,300703,创源股份,33.6,35.66,36.5,32.94,20141200.0
20250911,300705,九典制药,17.58,17.84,17.84,17.0,13915000.0
20250911,300706,阿石创,39.7,41.39,42.28,39.13,13083300.0
20250911,300707,威唐工业,15.35,15.4,15.46,15.05,5657900.0
20250911,300708,聚灿光电,8.9,9.07,9.08,8.78,33248600.0
20250911,300709,精研科技,50.01,50.88,51.2,48.53,13968500.0
20250911,300710,万隆光电,18.89,19.21,19.27,18.58,2769800.0
20250911,300711,广哈通信,21.55,22.58,22.63,21.26,9078900.0
20250911,300712,永福股份,26.98,26.98,27.07,26.58,4223700.0
20250911,300713,英可瑞,18.07,18.36,18.44,17.79,3332400.0
20250911,300715,凯伦股份,11.58,11.73,11.87,11.4,7380300.0
20250911,300717,华信新材,20.76,20.81,20.89,20.41,2572800.0
20250911,300718,长盛轴承,90.0,93.4,93.45,90.0,12577700.0
20250911,300719,安达维尔,16.24,16.49,16.5,16.15,4061500.0
20250911,300720,海川智能,25.73,26.46,26.69,25.3,4992400.0
20250911,300721,怡达股份,14.27,14.38,14.39,14.02,3448600.0
20250911,300722,新余国科,32.1,32.58,32.75,31.92,4775300.0
20250911,300723,一品红,58.3,61.23,61.88,56.3,12531000.0
20250911,300724,捷佳伟创,94.03,99.29,100.58,93.4,34434400.0
20250911,300725,药石科技,43.05,43.49,43.5,40.05,17479800.0
20250911,300726,宏达电子,34.76,35.51,35.52,34.4,5635000.0
20250911,300727,润禾材料,38.32,41.4,42.24,38.32,14107800.0
20250911,300729,乐歌股份,14.96,15.08,15.1,14.78,5476900.0
20250911,300730,科创信息,18.25,19.27,19.46,17.83,26645500.0
20250911,300731,科创新源,45.02,47.78,48.29,44.31,13712300.0
20250911,300732,设研院,8.76,8.88,8.89,8.67,13869200.0
20250911,300733,西菱动力,19.9,20.14,20.18,19.48,9242500.0
20250911,300735,光弘科技,28.78,29.88,29.95,28.12,19901900.0
20250911,300736,百邦科技,12.55,12.68,12.69,12.29,6664300.0
20250911,300737,科顺股份,5.06,5.11,5.13,5.0,11435700.0
20250911,300738,奥飞数据,21.15,21.91,22.16,20.7,85901600.0
20250911,300739,明阳电路,16.65,17.99,18.13,16.63,41843600.0
20250911,300740,水羊股份,21.49,22.05,22.09,20.88,15084700.0
20250911,300741,华宝股份,20.06,20.32,20.33,19.78,5896500.0
20250911,300743,天地数码,18.99,19.15,19.18,18.51,3604600.0
20250911,300745,欣锐科技,21.26,21.42,21.42,20.7,4694400.0
20250911,300746,汉嘉数智,14.66,15.09,15.13,14.43,5558600.0
20250911,300747,锐科激光,26.59,27.67,27.8,26.27,20546300.0
20250911,300748,金力永磁,34.29,36.01,36.17,34.24,78053000.0
20250911,300749,顶固集创,8.9,8.95,8.97,8.72,3567600.0
20250911,300750,宁德时代,315.55,322.55,322.98,309.04,38034500.0
20250911,300751,迈为股份,90.18,93.78,94.01,89.78,7377100.0
20250911,300752,隆利科技,23.14,23.86,24.0,22.9,9235000.0
20250911,300753,爱朋医疗,29.91,30.43,30.45,29.11,7589800.0
20250911,300755,华致酒行,17.76,18.17,18.22,17.61,8857000.0
20250911,300756,金马游乐,38.85,40.09,41.77,38.51,8448000.0
20250911,300757,罗博特科,254.01,265.0,273.56,250.88,9939400.0
20250911,300758,七彩化学,14.7,14.94,14.95,14.61,9029700.0
20250911,300759,康龙化成,31.0,32.47,32.59,29.54,86019500.0
20250911,300760,迈瑞医疗,237.7,243.74,243.95,236.41,7610700.0
20250911,300761,立华股份,21.66,23.92,24.1,21.35,49176900.0
20250911,300762,上海瀚讯,24.7,25.67,25.97,24.5,33575100.0
20250911,300763,锦浪科技,83.1,85.31,85.47,82.02,34792600.0
20250911,300765,石药创新,51.49,54.78,55.38,48.5,14886200.0
20250911,300766,每日互动,43.37,43.62,44.65,42.5,45087400.0
20250911,300767,震安科技,20.5,21.96,22.8,19.88,26407400.0
20250911,300768,迪普科技,18.18,18.62,18.67,17.83,10352800.0
20250911,300769,德方纳米,41.69,40.97,41.77,40.77,21774100.0
20250911,300770,新媒股份,47.02,47.23,47.29,46.26,6849500.0
20250911,300771,智莱科技,12.99,13.13,13.14,12.79,5749600.0
20250911,300772,运达股份,18.09,17.75,18.18,17.42,45242700.0
20250911,300773,拉卡拉,25.27,26.17,26.26,25.03,35088600.0
20250911,300774,倍杰特,9.57,9.66,9.7,9.41,4811300.0
20250911,300775,三角防务,24.37,24.69,24.7,24.15,8717800.0
20250911,300776,帝尔激光,72.01,77.15,78.34,72.01,7987200.0
20250911,300777,中简科技,35.34,35.7,36.05,35.28,12484400.0
20250911,300778,新城市,13.48,13.7,13.7,13.3,6774900.0
20250911,300779,惠城环保,183.99,182.36,184.4,172.0,6049600.0
20250911,300780,德恩精工,18.22,18.4,18.44,18.0,5535300.0
20250911,300781,因赛集团,41.15,41.62,41.69,40.48,5842500.0
20250911,300782,卓胜微,77.84,79.93,79.98,77.08,9783100.0
20250911,300783,三只松鼠,25.8,26.26,26.27,25.65,10405700.0
20250911,300784,利安科技,58.0,59.52,60.54,57.3,1694000.0
20250911,300785,值得买,37.0,38.46,39.87,36.4,34063100.0
20250911,300786,国林科技,15.24,15.61,15.62,14.88,10556000.0
20250911,300787,海能实业,14.25,14.68,14.79,14.06,8136300.0
20250911,300788,中信出版,31.17,31.33,31.35,30.68,2196700.0
20250911,300789,唐源电气,27.33,27.9,28.25,26.9,1863700.0
20250911,300790,宇瞳光学,34.39,35.5,35.8,33.31,37547000.0
20250911,300791,仙乐健康,25.09,25.6,25.88,24.69,4931100.0
20250911,300792,壹网壹创,32.13,31.62,32.38,31.13,14632300.0
20250911,300793,佳禾智能,16.88,17.26,17.26,16.72,11126700.0
20250911,300795,米奥会展,16.17,16.02,16.18,15.71,5174500.0
20250911,300796,贝斯美,10.43,10.53,10.53,10.24,9506400.0
20250911,300797,钢研纳克,17.12,17.56,17.56,16.9,13448800.0
20250911,300798,锦鸡股份,8.11,8.27,8.27,8.0,11210500.0
20250911,300800,力合科技,11.8,11.89,11.93,11.55,2821900.0
20250911,300801,泰和科技,29.51,29.45,29.87,28.38,23024400.0
20250911,300802,矩子科技,20.51,21.31,21.5,20.28,7303200.0
20250911,300803,指南针,137.47,150.05,151.83,136.76,67840000.0
20250911,300804,广康生化,41.08,41.55,41.58,40.52,1387100.0
20250911,300805,电声股份,13.1,12.8,13.1,12.5,35635500.0
20250911,300806,斯迪克,22.8,24.72,24.9,22.6,22763400.0
20250911,300807,天迈科技,43.05,43.07,43.1,42.0,2802500.0
20250911,300808,久量股份,27.18,28.62,28.7,26.66,3954300.0
20250911,300809,华辰装备,44.25,46.13,46.25,43.57,10154000.0
20250911,300810,中科海讯,42.9,44.25,44.45,42.8,4824200.0
20250911,300811,铂科新材,75.45,81.02,82.17,74.26,23948200.0
20250911,300812,易天股份,23.15,24.28,24.34,22.81,5272900.0
20250911,300813,泰林生物,31.86,31.55,31.86,30.62,1936500.0
20250911,300814,中富电路,39.0,44.36,46.0,39.0,23323600.0
20250911,300815,玉禾田,26.08,26.8,26.88,25.76,11766900.0
20250911,300816,艾可蓝,39.3,39.48,40.69,38.11,4985600.0
20250911,300817,双飞集团,22.0,22.49,22.5,21.69,3953400.0
20250911,300818,耐普矿机,25.2,25.19,25.38,24.45,3451200.0
20250911,300819,聚杰微纤,25.0,25.24,25.27,24.6,3242100.0
20250911,300820,英杰电气,49.07,49.92,49.95,48.32,2588700.0
20250911,300821,东岳硅材,9.98,10.09,10.09,9.8,17501000.0
20250911,300822,贝仕达克,18.3,18.61,18.8,18.01,4135200.0
20250911,300823,建科智能,15.7,15.8,15.83,15.53,2253300.0
20250911,300824,北鼎股份,13.37,13.15,13.37,12.95,6101400.0
20250911,300825,阿尔特,11.28,11.59,11.6,11.05,15175300.0
20250911,300826,测绘股份,17.86,18.1,18.16,17.85,3325200.0
20250911,300827,上能电气,33.15,33.8,33.81,32.0,67724300.0
20250911,300828,锐新科技,16.27,16.53,16.53,16.03,3428500.0
20250911,300829,金丹科技,20.2,20.14,20.24,19.88,11226400.0
20250911,300830,金现代,11.28,11.6,11.63,11.16,18024200.0
20250911,300832,新产业,67.8,70.18,70.47,67.0,4883800.0
20250911,300833,浩洋股份,40.9,41.17,42.88,40.3,3152700.0
20250911,300834,星辉环材,24.0,24.1,24.2,23.71,2183700.0
20250911,300835,龙磁科技,63.0,64.33,65.5,62.16,6071200.0
20250911,300836,佰奥智能,39.59,42.6,43.28,39.1,6153500.0
20250911,300837,浙矿股份,25.42,25.76,25.85,25.32,1410300.0
20250911,300838,浙江力诺,14.48,14.61,14.63,14.28,1570900.0
20250911,300839,博汇股份,14.82,15.2,15.3,14.66,8248500.0
20250911,300840,酷特智能,20.6,20.81,20.87,20.3,8231000.0
20250911,300841,康华生物,72.5,76.6,77.6,70.05,6968200.0
20250911,300842,帝科股份,54.5,55.18,55.6,52.0,7780800.0
20250911,300843,胜蓝股份,55.25,57.37,58.4,53.43,16115200.0
20250911,300844,山水比德,51.57,52.2,52.5,50.8,1038500.0
20250911,300845,捷安高科,11.19,11.36,11.36,11.01,7021200.0
20250911,300846,首都在线,21.51,22.07,22.15,21.1,40898700.0
20250911,300847,中船汉光,17.88,18.07,18.12,17.67,4820200.0
20250911,300848,美瑞新材,16.66,16.89,16.96,16.54,3329000.0
20250911,300849,锦盛新材,14.39,14.11,14.54,13.87,8756100.0
20250911,300850,新强联,35.5,37.36,38.15,35.25,25387500.0
20250911,300851,交大思诺,27.91,28.35,28.57,27.61,819100.0
20250911,300852,四会富仕,37.38,44.29,44.29,37.19,10878600.0
20250911,300853,申昊科技,23.84,24.48,24.52,23.58,4340200.0
20250911,300854,中兰环保,19.87,20.01,20.28,19.0,3395900.0
20250911,300855,图南股份,27.53,27.91,28.12,26.9,6534600.0
20250911,300856,科思股份,14.2,14.28,14.28,14.03,4091800.0
20250911,300857,协创数据,130.0,137.05,138.18,125.0,32054300.0
20250911,300858,科拓生物,19.14,19.02,19.15,18.71,7374100.0
20250911,300859,西域旅游,47.5,47.39,47.57,46.3,13813700.0
20250911,300860,锋尚文化,28.44,28.57,28.66,28.1,3264000.0
20250911,300861,美畅股份,17.51,17.32,17.54,17.14,12748500.0
20250911,300862,蓝盾光电,24.86,25.17,25.37,24.4,4557900.0
20250911,300863,卡倍亿,36.3,37.22,37.25,35.93,2600100.0
20250911,300864,南大环境,20.4,20.47,20.48,20.07,1640700.0
20250911,300865,大宏立,31.66,31.91,31.99,31.22,1890100.0
20250911,300866,安克创新,136.0,136.8,137.69,134.23,3387800.0
20250911,300867,圣元环保,17.0,17.14,17.16,16.93,3140100.0
20250911,300868,杰美特,31.99,31.88,32.23,31.33,2221500.0
20250911,300869,康泰医学,16.95,17.27,17.36,16.64,7467400.0
20250911,300870,欧陆通,214.0,226.45,229.9,207.0,10453200.0
20250911,300871,回盛生物,22.12,22.43,22.49,21.92,6386300.0
20250911,300872,天阳科技,23.99,24.65,25.19,23.99,26159100.0
20250911,300873,海晨股份,24.08,25.2,25.37,24.0,12540400.0
20250911,300875,捷强装备,43.5,44.27,44.6,42.89,4902700.0
20250911,300876,蒙泰高新,30.35,30.5,31.13,30.03,1023000.0
20250911,300877,金春股份,26.03,26.5,26.8,25.81,1691100.0
20250911,300878,维康药业,21.52,21.61,21.71,20.5,3696500.0
20250911,300879,大叶股份,37.25,37.86,37.96,36.85,9989400.0
20250911,300880,迦南智能,20.07,20.19,20.28,19.92,2813500.0
20250911,300881,盛德鑫泰,34.75,35.16,35.22,34.42,1112900.0
20250911,300882,万胜智能,18.69,18.67,18.7,18.15,7511800.0
20250911,300883,龙利得,6.9,6.91,7.04,6.78,11661100.0
20250911,300884,狄耐克,13.4,13.55,13.58,13.16,5304300.0
20250911,300885,海昌新材,24.18,24.56,25.11,23.88,12775100.0
20250911,300886,华业香料,29.83,30.25,30.25,29.32,2136100.0
20250911,300887,谱尼测试,8.15,8.31,8.32,8.07,8258400.0
20250911,300888,稳健医疗,39.85,39.79,39.85,39.15,6210900.0
20250911,300889,爱克股份,19.6,19.32,19.72,19.01,5782600.0
20250911,300890,翔丰华,34.4,34.01,34.57,33.58,11236000.0
20250911,300891,惠云钛业,10.2,10.28,10.33,10.06,17233200.0
20250911,300892,品渥食品,39.19,39.91,40.17,37.89,8189000.0
20250911,300893,松原安全,28.6,29.34,29.7,28.5,7198900.0
20250911,300894,火星人,13.27,13.53,13.54,13.08,5194200.0
20250911,300895,铜牛信息,48.49,49.4,49.41,47.66,6434400.0
20250911,300896,爱美客,194.94,201.0,201.01,192.45,4630400.0
20250911,300897,山科智能,29.82,28.88,29.9,28.27,6615400.0
20250911,300898,熊猫乳品,30.54,30.35,30.73,29.64,11481200.0
20250911,300899,上海凯鑫,28.0,27.75,28.0,27.45,734100.0
20250911,300900,广联航空,18.95,19.15,19.15,18.75,8266400.0
20250911,300901,中胤时尚,17.0,16.85,17.1,16.76,3404300.0
20250911,300902,国安达,22.63,23.05,23.06,22.36,5735000.0
20250911,300903,科翔股份,11.7,12.06,12.18,11.62,42662900.0
20250911,300904,威力传动,68.52,66.0,68.65,65.3,2647000.0
20250911,300905,宝丽迪,33.15,33.67,33.9,32.53,7147500.0
20250911,300906,日月明,31.01,31.3,31.39,30.62,1501200.0
20250911,300907,康平科技,34.4,35.11,35.25,33.81,2819200.0
20250911,300908,仲景食品,32.74,32.55,32.74,32.03,2353200.0
20250911,300909,汇创达,33.24,34.11,34.25,33.05,3130400.0
20250911,300910,瑞丰新材,59.45,60.21,60.45,59.26,1645500.0
20250911,300911,亿田智能,51.9,52.15,54.0,50.59,4340500.0
20250911,300912,凯龙高科,16.07,15.95,16.15,15.71,4198100.0
20250911,300913,兆龙互连,53.05,57.48,57.83,53.05,17048300.0
20250911,300915,海融科技,26.67,26.69,26.78,26.25,1573200.0
20250911,300916,朗特智能,40.76,42.94,44.3,39.88,5501200.0
20250911,300917,特发服务,47.52,48.45,48.98,47.21,12894800.0
20250911,300918,南山智尚,23.64,25.34,25.77,23.29,48072300.0
20250911,300919,中伟新材,43.19,42.88,43.51,42.3,16578700.0
20250911,300920,润阳科技,49.97,50.39,52.13,48.65,1941000.0
20250911,300921,南凌科技,24.19,24.38,24.46,23.93,4872000.0
20250911,300922,天秦装备,24.14,24.35,24.5,23.76,4483900.0
20250911,300923,研奥股份,26.29,26.66,26.74,26.02,1209400.0
20250911,300925,法本信息,22.91,25.06,26.13,22.85,41652900.0
20250911,300926,博俊科技,28.58,28.77,28.88,28.23,6047800.0
20250911,300927,江天化学,27.1,27.58,27.64,26.86,2901600.0
20250911,300928,华安鑫创,34.6,34.08,34.67,33.55,2230700.0
20250911,300929,华骐环保,11.06,11.18,11.22,10.87,3487800.0
20250911,300930,屹通新材,30.78,31.18,31.27,30.44,1245100.0
20250911,300931,通用电梯,11.63,11.86,12.07,11.1,11374800.0
20250911,300932,三友联众,11.66,11.95,11.97,11.47,5651300.0
20250911,300933,中辰股份,8.59,9.02,9.13,8.51,32175700.0
20250911,300935,盈建科,25.45,25.56,25.8,25.0,1323400.0
20250911,300936,中英科技,38.0,40.13,40.15,37.6,3334200.0
20250911,300937,药易购,27.78,28.02,28.15,27.37,1254300.0
20250911,300938,信测标准,25.01,25.11,25.37,24.43,8726300.0
20250911,300939,秋田微,34.48,36.07,36.11,34.25,5065700.0
20250911,300940,南极光,28.15,28.0,28.38,27.38,10385000.0
20250911,300941,创识科技,25.4,25.79,25.82,25.06,4486100.0
20250911,300942,易瑞生物,10.84,11.21,11.29,10.56,11966200.0
20250911,300943,春晖智控,16.74,17.11,17.13,16.4,5428000.0
20250911,300945,曼卡龙,22.4,21.84,22.4,21.2,33422800.0
20250911,300946,恒而达,54.6,56.51,56.51,54.09,3763300.0
20250911,300947,德必集团,21.3,21.44,21.45,20.94,3724500.0
20250911,300948,冠中生态,11.5,11.56,11.56,11.26,3049700.0
20250911,300949,奥雅股份,40.71,41.3,41.41,40.09,994200.0
20250911,300950,德固特,33.87,33.42,34.0,32.2,9484800.0
20250911,300951,博硕科技,39.21,39.86,40.08,38.86,5526000.0
20250911,300952,恒辉安防,30.66,31.5,31.95,30.5,12024600.0
20250911,300953,震裕科技,147.8,153.17,154.0,144.6,9344400.0
20250911,300955,嘉亨家化,29.7,30.3,30.99,28.74,4411900.0
20250911,300956,英力股份,19.54,21.44,22.35,18.7,41691700.0
20250911,300957,贝泰妮,49.52,49.8,49.88,48.71,6560900.0
20250911,300958,建工修复,13.06,13.07,13.1,12.87,2299300.0
20250911,300959,线上线下,47.81,47.02,48.0,45.68,4346200.0
20250911,300960,通业科技,28.35,28.62,28.68,27.91,2632100.0
20250911,300961,深水海纳,16.83,17.02,17.03,16.5,5073900.0
20250911,300962,中金辐照,17.15,17.45,17.46,16.96,3083900.0
20250911,300963,中洲特材,18.11,18.45,18.46,17.92,10843300.0
20250911,300964,本川智能,45.26,49.6,49.7,45.24,6923000.0
20250911,300965,恒宇信通,63.55,64.61,65.17,62.68,1189900.0
20250911,300966,共同药业,22.05,22.36,22.36,21.62,2367800.0
20250911,300967,晓鸣股份,24.79,25.23,26.19,24.71,16459200.0
20250911,300968,格林精密,15.15,15.63,15.63,14.94,9451900.0
20250911,300969,恒帅股份,93.47,94.45,94.96,91.8,2110200.0
20250911,300970,华绿生物,14.56,14.66,14.7,14.35,2810500.0
20250911,300971,博亚精工,23.36,23.84,23.84,23.01,6083200.0
20250911,300972,万辰集团,176.73,171.9,178.57,168.46,4444700.0
20250911,300973,立高食品,47.5,47.7,47.79,46.8,3178000.0
20250911,300975,商络电子,11.68,12.11,12.11,11.57,20791100.0
20250911,300976,达瑞电子,60.46,62.03,62.14,59.23,2454400.0
20250911,300977,深圳瑞捷,19.41,19.43,19.55,19.07,1618800.0
20250911,300978,东箭科技,11.26,11.32,11.35,11.02,4803200.0
20250911,300979,华利集团,54.75,54.54,54.91,53.92,2944800.0
20250911,300980,祥源新材,24.8,25.84,26.13,24.53,10590300.0
20250911,300981,中红医疗,13.81,14.09,14.09,13.54,5227900.0
20250911,300982,苏文电能,19.14,19.44,19.45,18.92,2691000.0
20250911,300983,尤安设计,21.32,21.58,21.69,21.22,439300.0
20250911,300984,金沃股份,68.71,69.52,70.5,66.0,6005700.0
20250911,300985,致远新能,19.43,19.8,19.83,19.06,2945800.0
20250911,300986,志特新材,11.73,11.81,11.82,11.3,17017700.0
20250911,300987,川网传媒,18.53,18.9,18.9,18.2,4906500.0
20250911,300988,津荣天宇,23.89,24.09,24.27,23.5,3773600.0
20250911,300989,蕾奥规划,17.41,17.55,17.6,17.14,2922400.0
20250911,300990,同飞股份,69.99,80.99,83.3,69.66,12746500.0
20250911,300991,创益通,37.0,39.56,40.22,36.52,7090900.0
20250911,300992,泰福泵业,25.96,26.66,26.85,25.83,2239600.0
20250911,300993,玉马科技,17.15,17.23,17.78,16.64,19904200.0
20250911,300994,久祺股份,18.99,19.1,19.15,18.47,5579400.0
20250911,300995,奇德新材,53.11,53.1,53.71,51.03,5988800.0
20250911,300996,普联软件,17.18,17.62,17.62,16.91,8763700.0
20250911,300997,欢乐家,21.38,21.11,21.56,20.2,24741700.0
20250911,300998,宁波方正,25.95,26.7,26.95,25.8,5513200.0
20250911,300999,金龙鱼,33.3,33.84,33.86,33.17,11036400.0
20250911,301000,肇民科技,51.0,53.66,56.23,49.18,24681100.0
20250911,301001,凯淳股份,29.9,30.07,30.17,29.45,1544500.0
20250911,301002,崧盛股份,35.84,35.8,35.94,34.11,7164200.0
20250911,301003,江苏博云,36.82,38.2,38.38,36.1,3539100.0
20250911,301004,嘉益股份,63.61,64.41,64.8,62.51,1583300.0
20250911,301005,超捷股份,46.85,48.61,48.89,46.35,5415200.0
20250911,301006,迈拓股份,17.1,17.3,17.32,16.8,1871100.0
20250911,301007,德迈仕,42.84,44.6,44.85,42.44,6378500.0
20250911,301008,宏昌科技,32.07,33.5,33.95,30.97,10718900.0
20250911,301009,可靠股份,13.69,13.96,13.96,13.47,5011700.0
20250911,301010,晶雪节能,19.21,19.52,19.58,18.98,1779900.0
20250911,301011,华立科技,27.86,28.28,28.73,27.3,5239000.0
20250911,301012,扬电科技,21.29,21.57,21.62,21.02,6375600.0
20250911,301013,利和兴,19.1,19.49,19.69,18.68,15307200.0
20250911,301015,百洋医药,30.88,31.35,32.38,29.93,11628100.0
20250911,301016,雷尔伟,23.62,21.91,23.62,21.66,22673800.0
20250911,301017,漱玉平民,11.67,11.87,11.89,11.5,4717800.0
20250911,301018,申菱环境,71.0,72.84,74.63,69.89,19123000.0
20250911,301019,宁波色母,16.91,17.12,17.14,16.66,1767900.0
20250911,301020,密封科技,23.22,23.77,23.78,23.0,2372100.0
20250911,301021,英诺激光,36.0,36.95,37.34,35.42,4957300.0
20250911,301022,海泰科,41.9,41.45,42.29,40.46,5151500.0
20250911,301023,奕帆传动,41.76,42.63,42.63,41.57,1300500.0
20250911,301024,霍普股份,42.6,43.43,43.43,42.19,1096900.0
20250911,301025,读客文化,10.27,10.33,10.35,10.0,5419700.0
20250911,301026,浩通科技,30.5,31.31,31.32,30.16,8463700.0
20250911,301027,华蓝集团,15.74,15.68,15.76,15.36,7669600.0
20250911,301028,鼎熔岩,13.2,13.46,13.46,13.03,4578200.0
20250911,301029,怡合达,28.1,30.02,30.35,27.87,28160900.0
20250911,301031,中熔电气,103.48,106.8,107.9,102.5,4757500.0
20250911,301032,新柴股份,13.44,13.75,13.78,13.32,4496100.0
20250911,301033,迈普医学,74.7,76.53,77.18,73.9,847900.0
20250911,301035,润丰股份,77.0,78.15,78.26,76.37,1320700.0
20250911,301036,双乐股份,34.8,35.3,35.31,34.51,1320400.0
20250911,301037,保立佳,14.9,14.86,14.95,14.58,2120700.0
20250911,301038,深水规院,27.44,28.3,28.35,27.4,7754900.0
20250911,301039,中集车辆,9.48,9.45,9.56,9.34,17405300.0
20250911,301040,中环海陆,23.24,23.5,23.66,23.02,13423100.0
20250911,301041,金百泽,28.5,29.83,29.88,28.36,7187200.0
20250911,301042,安联锐视,41.74,41.99,42.34,41.0,1861000.0
20250911,301043,绿岛风,36.94,37.7,37.77,36.41,798100.0
20250911,301045,天禄科技,26.3,26.5,26.77,25.83,5929000.0
20250911,301046,能辉科技,26.79,25.75,26.79,25.29,8873100.0
20250911,301047,义翘神州,78.4,79.74,80.11,76.8,1932200.0
20250911,301048,金鹰重工,12.27,12.41,12.41,12.14,6710800.0
20250911,301049,超越科技,22.13,22.37,22.4,21.7,1166700.0
20250911,301050,雷电微力,48.85,49.45,49.45,48.28,5718000.0
20250911,301051,信濠光电,23.25,24.45,24.5,22.62,4870500.0
20250911,301052,果麦文化,75.55,79.37,79.5,73.37,4932200.0
20250911,301053,远信工业,36.81,36.77,37.34,35.55,3566100.0
20250911,301055,张小泉,23.49,24.15,24.45,22.88,3625800.0
20250911,301056,森赫股份,10.82,10.9,10.92,10.58,2290800.0
20250911,301057,汇隆新材,26.78,27.37,27.5,25.91,2926800.0
20250911,301058,中粮科工,11.78,11.56,11.83,11.35,26925200.0
20250911,301059,金三江,11.68,11.88,11.9,11.49,2983700.0
20250911,301060,兰卫医学,9.71,9.89,9.9,9.55,4316200.0
20250911,301061,匠心家居,97.0,97.33,98.37,96.01,1287500.0
20250911,301062,上海艾录,8.52,8.6,8.6,8.37,9341800.0
20250911,301063,海锅股份,27.4,27.92,27.99,27.01,2678300.0
20250911,301065,本立科技,24.18,24.3,24.3,23.56,2102000.0
20250911,301066,万事利,14.72,14.94,14.94,14.42,3323600.0
20250911,301067,显盈科技,31.65,32.7,32.76,31.33,2758300.0
20250911,301068,大地海洋,26.75,26.68,26.86,26.07,1764800.0
20250911,301069,凯盛新材,22.98,23.69,23.75,22.7,17040700.0
20250911,301070,开勒股份,50.59,52.13,53.48,50.59,5131400.0
20250911,301071,力量钻石,29.73,30.49,30.91,29.55,6088900.0
20250911,301072,中捷精工,26.03,26.41,26.65,25.68,1957100.0
20250911,301073,君亭酒店,27.15,27.35,27.37,26.5,14289500.0
20250911,301075,多瑞医药,42.9,43.86,44.4,41.82,2783600.0
20250911,301076,新瀚新材,60.01,62.23,62.48,58.65,24560900.0
20250911,301077,星华新材,22.7,22.96,22.98,22.37,2200000.0
20250911,301078,孩子王,11.61,11.78,11.78,11.44,44482700.0
20250911,301079,邵阳液压,27.69,28.37,28.39,27.45,3279200.0
20250911,301080,百普赛斯,59.99,58.32,60.11,54.5,6492500.0
20250911,301081,严牌股份,10.58,10.61,10.66,10.39,2589100.0
20250911,301082,久盛电气,18.33,18.47,18.54,17.98,5393000.0
20250911,301083,百胜智能,16.38,16.8,16.83,16.28,3406000.0
20250911,301085,亚康股份,57.34,59.04,59.18,57.28,2239800.0
20250911,301086,鸿富瀚,63.5,65.75,68.75,63.5,3827900.0
20250911,301087,可孚医疗,40.45,40.68,40.88,39.51,2102500.0
20250911,301088,戎美股份,14.47,14.51,14.53,14.26,1529600.0
20250911,301089,拓新药业,32.51,32.95,33.13,32.01,3063500.0
20250911,301090,华润材料,8.03,8.13,8.13,7.92,5893900.0
20250911,301091,深城交,32.11,32.42,32.55,32.05,5724300.0
20250911,301092,争光股份,30.88,31.21,31.24,30.42,1188200.0
20250911,301093,华兰股份,35.1,35.67,35.8,34.5,3140000.0
20250911,301095,广立微,77.58,79.81,81.41,77.38,6594400.0
20250911,301096,百诚医药,61.28,62.92,63.0,58.88,5183000.0
20250911,301097,天益医疗,44.48,45.45,45.59,44.11,619000.0
20250911,301098,金埔园林,9.15,9.15,9.16,8.98,4471700.0
20250911,301099,雅创电子,36.65,39.19,39.35,36.33,7798700.0
20250911,301100,风光股份,19.14,19.49,19.6,19.07,1130000.0
20250911,301101,明月镜片,46.22,47.21,47.5,45.75,4722300.0
20250911,301102,兆讯传媒,12.03,11.89,12.07,11.63,6112500.0
20250911,301103,何氏眼科,21.49,21.98,22.41,21.15,3231200.0
20250911,301105,鸿铭股份,40.7,42.23,43.12,40.46,1836400.0
20250911,301106,骏成科技,30.31,30.73,30.76,29.95,1478800.0
20250911,301107,瑜欣电子,29.01,29.67,29.76,28.48,1576600.0
20250911,301108,洁雅股份,33.0,32.55,33.3,31.3,2317100.0
20250911,301109,军信股份,15.04,15.21,15.22,14.85,6748200.0
20250911,301110,青木科技,66.22,66.36,67.27,64.44,3450700.0
20250911,301111,粤万年青,16.73,16.8,16.85,16.39,2610900.0
20250911,301112,信邦智能,47.19,49.26,49.26,46.69,4533500.0
20250911,301113,雅艺科技,22.44,22.67,22.67,21.99,1130600.0
20250911,301115,联检科技,16.49,16.68,16.7,16.38,2923100.0
20250911,301116,益客食品,11.51,11.61,11.71,11.48,4683900.0
20250911,301118,恒光股份,23.68,23.63,23.8,23.31,2034600.0
20250911,301119,正强股份,35.61,37.77,38.0,35.03,3271500.0
20250911,301120,新特电气,13.76,14.5,14.53,13.58,17229800.0
20250911,301121,紫建电子,48.5,49.01,49.69,48.02,4028800.0
20250911,301122,采纳股份,23.4,23.87,24.2,22.61,5524500.0
20250911,301123,奕东电子,41.5,49.16,49.16,41.2,18976000.0
20250911,301125,腾亚精工,19.9,19.66,19.99,19.38,4277500.0
20250911,301126,达嘉维康,11.95,12.04,12.04,11.75,3911800.0
20250911,301127,武汉天源,13.68,13.85,14.04,13.45,10274100.0
20250911,301128,强瑞技术,84.81,90.56,91.55,84.28,10969900.0
20250911,301129,瑞纳智能,28.57,29.13,29.15,28.22,2894800.0
20250911,301130,西点药业,31.37,31.53,31.67,30.7,1279500.0
20250911,301131,聚赛龙,49.6,50.47,50.75,49.25,1172500.0
20250911,301132,满坤科技,35.8,37.91,37.94,35.55,7182000.0
20250911,301133,金钟股份,27.58,27.93,28.3,26.66,5801300.0
20250911,301135,瑞德智能,29.0,29.93,30.0,28.42,3417400.0
20250911,301136,招标股份,11.7,11.87,11.92,11.52,3705800.0
20250911,301137,哈焊华通,31.17,31.69,31.71,30.76,3842900.0
20250911,301138,华研精机,37.1,38.17,38.3,36.58,2591700.0
20250911,301141,中科磁业,63.06,64.96,65.27,62.38,4859700.0
20250911,301148,嘉戎技术,28.15,27.83,28.25,27.41,2819700.0
20250911,301149,隆华新材,11.16,11.23,11.23,11.05,5409500.0
20250911,301150,中一科技,37.24,39.9,41.08,36.7,26090600.0
20250911,301151,冠龙节能,21.8,22.12,22.17,21.55,3573300.0
20250911,301152,天力锂能,30.18,29.89,30.18,29.59,6265000.0
20250911,301153,中科江南,23.15,23.56,23.58,22.74,6285000.0
20250911,301155,海力风电,79.98,81.93,82.87,79.0,2809100.0
20250911,301156,美农生物,18.61,18.69,18.69,18.4,2395400.0
20250911,301157,华塑科技,50.82,51.22,51.65,50.15,1634000.0
20250911,301158,德石股份,18.65,18.82,18.82,18.31,3249100.0
20250911,301159,三维天地,34.85,35.58,35.96,34.35,1963200.0
20250911,301160,翔楼新材,62.26,64.98,65.39,62.18,3960100.0
20250911,301161,唯万密封,35.6,36.14,36.65,34.59,10972100.0
20250911,301162,国能日新,56.74,57.68,58.58,55.8,3053900.0
20250911,301163,宏德股份,29.14,29.42,29.5,28.91,3617300.0
20250911,301165,锐捷网络,85.75,89.67,91.78,84.3,15934600.0
20250911,301166,优宁维,31.2,31.62,31.62,30.76,953200.0
20250911,301167,建研设计,16.39,16.35,16.39,16.11,1791000.0
20250911,301168,通灵股份,38.52,39.6,39.99,38.12,1903200.0
20250911,301169,零点有数,46.39,48.3,49.17,45.51,3102700.0
20250911,301170,锡南科技,27.59,27.84,27.9,27.15,1186200.0
20250911,301171,易点天下,30.96,31.62,31.65,30.48,22641100.0
20250911,301172,君逸数码,23.07,23.73,23.75,22.79,6707800.0
20250911,301173,毓恬冠佳,49.07,49.29,49.96,48.55,1572400.0
20250911,301175,中科环保,5.43,5.51,5.51,5.38,16859400.0
20250911,301176,逸豪新材,28.62,31.1,32.23,28.62,12470000.0
20250911,301177,迪阿股份,38.43,37.29,38.63,36.91,5145200.0
20250911,301178,天亿马,58.8,58.95,59.5,56.34,4320200.0
20250911,301179,泽宇智能,16.38,16.54,16.62,16.08,4021300.0
20250911,301180,万祥科技,14.59,14.95,15.18,14.41,8599000.0
20250911,301181,标榜股份,30.49,30.9,31.09,29.78,2795400.0
20250911,301182,凯旺科技,38.98,40.28,40.32,38.89,4602400.0
20250911,301183,东田微,94.21,97.95,101.27,91.0,11506300.0
20250911,301185,鸥玛软件,19.11,19.43,19.43,18.85,3384400.0
20250911,301186,超达装备,44.1,44.48,44.71,43.66,872800.0
20250911,301187,欧圣电气,29.08,29.42,29.46,28.71,3347000.0
20250911,301188,力诺药包,18.05,18.24,18.25,17.91,5537600.0
20250911,301189,奥尼电子,32.24,33.33,33.38,31.58,2760300.0
20250911,301190,善水科技,28.36,29.05,29.5,28.11,4290800.0
20250911,301191,菲菱科思,95.12,99.98,100.88,94.81,3213500.0
20250911,301192,泰祥股份,29.18,29.75,30.15,28.71,785600.0
20250911,301193,家联科技,21.54,21.3,21.56,20.7,4318000.0
20250911,301195,北路智控,34.82,35.16,35.19,34.46,1830200.0
20250911,301196,唯科科技,100.5,101.8,102.6,96.56,5320400.0
20250911,301197,工大科雅,19.04,19.18,19.2,18.81,1995900.0
20250911,301198,喜悦智行,11.98,12.14,12.16,11.66,3279500.0
20250911,301199,迈赫股份,27.4,28.02,28.04,27.05,3823200.0
20250911,301200,大族数控,98.3,114.7,116.27,98.01,17928100.0
20250911,301201,诚达药业,27.22,27.48,27.53,26.38,3219900.0
20250911,301202,朗威股份,43.97,45.13,45.35,43.12,4059800.0
20250911,301203,国泰环保,37.19,36.75,37.51,36.36,2880100.0
20250911,301205,联特科技,92.39,100.19,102.51,91.68,13039400.0
20250911,301206,三元生物,30.14,30.19,30.2,29.6,2872200.0
20250911,301207,华兰疫苗,18.21,18.75,18.95,17.9,4992400.0
20250911,301208,中亦科技,43.23,44.42,44.56,42.77,3937300.0
20250911,301209,联合化学,91.0,90.48,91.9,88.86,1325400.0
20250911,301210,金杨精密,46.31,47.63,47.98,45.9,5012200.0
20250911,301211,亨迪药业,12.7,12.8,12.8,12.45,4291400.0
20250911,301212,联盛化学,27.0,27.08,27.16,26.48,1936500.0
20250911,301213,观想科技,53.87,54.7,54.87,53.18,1766000.0
20250911,301215,中汽股份,6.36,6.46,6.46,6.29,10949800.0
20250911,301216,万凯新材,20.7,20.78,21.3,20.1,38115400.0
20250911,301217,铜冠铜箔,31.93,33.1,34.43,30.91,64088600.0
20250911,301218,华是科技,21.44,21.83,21.83,21.13,2362700.0
20250911,301219,腾远钴业,70.7,71.02,71.44,69.0,7944000.0
20250911,301220,亚香股份,45.01,45.49,45.79,44.51,2183900.0
20250911,301221,光庭信息,53.58,55.43,55.44,52.5,2936700.0
20250911,301222,浙江恒威,29.58,29.73,29.81,28.83,1609500.0
20250911,301223,中荣股份,17.9,18.11,18.12,17.77,1291100.0
20250911,301225,恒勃股份,95.99,99.28,101.5,95.68,3287100.0
20250911,301226,祥明智能,35.3,35.5,35.79,34.0,4221900.0
20250911,301227,森鹰窗业,35.74,37.17,37.33,35.1,2365700.0
20250911,301228,实朴检测,28.85,28.95,28.98,28.16,2305100.0
20250911,301229,纽泰格,21.91,22.21,22.35,21.58,3025700.0
20250911,301230,泓博医药,35.58,36.91,37.06,34.12,6665900.0
20250911,301231,荣信文化,25.12,24.98,25.25,24.32,3032400.0
20250911,301232,飞沃科技,39.16,40.19,40.22,38.41,4712000.0
20250911,301233,盛帮股份,55.22,56.15,56.15,54.0,897800.0
20250911,301234,五洲医疗,45.66,46.22,46.7,44.11,1643000.0
20250911,301235,华康洁净,32.01,33.05,33.85,31.51,3415100.0
20250911,301236,软通动力,54.0,55.26,55.68,53.21,30697600.0
20250911,301237,和顺科技,42.43,43.4,44.0,41.7,1827000.0
20250911,301238,瑞泰新材,22.68,22.53,23.1,22.16,34514500.0
20250911,301239,普瑞眼科,38.04,39.36,40.39,37.4,5204900.0
20250911,301246,宏源药业,15.14,15.07,15.15,14.82,4581600.0
20250911,301248,杰创智能,30.51,29.8,32.1,29.27,35357400.0
20250911,301251,威尔高,54.12,59.78,61.66,54.08,12891400.0
20250911,301252,同星科技,27.64,28.29,28.38,27.45,2603000.0
20250911,301255,通力科技,31.97,32.75,32.75,31.66,2477600.0
20250911,301256,华融化学,10.47,10.47,10.53,10.33,5156400.0
20250911,301257,普蕊斯,47.95,48.35,49.36,45.4,6319300.0
20250911,301258,富士莱,34.51,35.14,35.14,33.8,1654200.0
20250911,301259,艾布鲁,45.0,45.5,45.92,43.82,9823200.0
20250911,301260,格力博,20.97,21.43,21.47,20.61,6035500.0
20250911,301261,恒工精密,87.0,90.05,90.9,85.88,4688800.0
20250911,301262,海看股份,25.3,25.63,25.63,24.88,2533700.0
20250911,301263,泰恩康,37.09,37.8,38.1,36.0,8445500.0
20250911,301265,华新科技,11.29,11.4,11.44,11.15,3782300.0
,301266,宇邦新材,35.93,36.32,36.46,35.6,2736100.0
20250911,301267,华厦眼科,20.69,21.98,22.95,20.48,23396800.0
20250911,301268,铭利达,23.67,24.06,24.5,23.23,6265200.0
20250911,301269,华大九天,113.88,116.3,117.3,112.8,8364500.0
20250911,301270,汉仪股份,39.15,39.3,39.41,38.71,2645300.0
20250911,301272,英华特,43.12,43.22,43.98,41.71,2693000.0
20250911,301273,瑞晨环保,28.5,28.58,28.98,28.07,1079400.0
20250911,301275,汉朔科技,53.68,54.91,54.91,53.31,2486000.0
20250911,301276,嘉曼服饰,22.3,22.23,22.4,21.9,2298900.0
20250911,301277,新天地,13.63,13.7,13.7,13.36,3862900.0
20250911,301278,快可电子,34.4,34.81,34.86,33.66,1401900.0
20250911,301279,金道科技,23.41,23.85,23.88,23.03,1695700.0
20250911,301280,珠城科技,51.41,52.55,52.96,50.8,2251600.0
20250911,301281,科源制药,35.1,35.14,35.19,34.2,1449000.0
20250911,301282,金禄电子,27.22,29.43,29.77,27.11,16626600.0
20250911,301283,聚胶股份,43.52,44.46,44.77,42.82,1147100.0
20250911,301285,鸿日达,46.45,48.0,48.75,45.89,4815700.0
20250911,301286,侨源股份,25.97,26.58,26.76,25.82,2241500.0
20250911,301287,康力源,43.13,42.09,43.26,41.16,2917600.0
20250911,301288,清研环境,17.13,17.8,18.28,16.78,2433600.0
20250911,301289,国缆检测,51.96,52.7,52.74,51.48,920800.0
20250911,301290,东星医疗,27.38,27.53,28.05,27.26,3241700.0
20250911,301291,明阳电气,42.86,44.24,44.89,42.53,6536400.0
20250911,301292,海科新源,21.88,21.86,22.0,21.51,15647200.0
20250911,301293,三博脑科,58.62,59.94,59.95,57.75,10349300.0
20250911,301295,美硕科技,32.86,32.33,32.99,31.91,2973800.0
20250911,301296,新巨丰,9.98,10.04,10.05,9.88,7203300.0
20250911,301297,富乐德,38.92,39.89,39.99,38.51,5854700.0
20250911,301298,东利机械,17.13,17.39,17.43,16.87,2388300.0
20250911,301299,卓创资讯,61.32,62.04,62.1,60.55,1137000.0
20250911,301300,远翔新材,40.05,40.28,40.37,39.34,1014500.0
20250911,301301,川宁生物,11.45,11.56,11.56,11.28,18975200.0
20250911,301302,华如科技,23.87,24.08,24.12,23.53,3297700.0
20250911,301303,真兰仪表,16.24,16.52,16.55,16.06,2423000.0
20250911,301305,朗坤科技,22.24,23.1,23.55,22.06,14251000.0
20250911,301306,西测测试,53.46,55.1,55.29,53.03,2818400.0
20250911,301307,美利信,30.01,31.42,31.99,30.01,20446200.0
20250911,301308,江波龙,92.12,97.5,97.8,92.12,11011400.0
20250911,301309,万得凯,30.28,30.68,30.7,29.98,1000200.0
20250911,301310,鑫宏业,40.4,41.64,41.87,39.98,2805400.0
20250911,301311,昆船智能,19.69,19.82,19.83,19.37,3675400.0
20250911,301312,智立方,55.85,57.85,58.65,55.38,5736300.0
20250911,301313,凡拓数创,26.31,26.46,26.48,25.76,2055200.0
20250911,301314,科瑞思,42.6,43.3,43.36,41.6,682800.0
20250911,301315,威士顿,52.81,53.55,53.91,52.81,3332100.0
20250911,301316,慧博云通,57.75,60.8,61.44,57.3,18337400.0
20250911,301317,鑫磊股份,34.3,34.62,34.64,33.81,2312900.0
20250911,301318,维海德,31.28,31.76,31.79,30.91,1692800.0
20250911,301319,唯特偶,28.3,30.7,31.85,27.72,8069000.0
20250911,301320,豪江智能,18.71,18.89,18.94,18.43,3152600.0
20250911,301321,翰博高新,17.3,17.78,17.78,17.15,4315300.0
20250911,301322,绿通科技,33.0,33.31,33.68,32.0,3879600.0
20250911,301323,新莱福,50.12,51.55,51.8,49.51,1957000.0
20250911,301325,曼恩斯特,67.91,69.67,70.56,66.5,9716300.0
20250911,301326,捷邦科技,105.73,109.81,114.44,104.1,3120400.0
20250911,301327,华宝新能,67.58,67.88,68.11,66.35,2190600.0
20250911,301328,维峰电子,48.2,49.0,49.2,47.5,2205400.0
20250911,301329,信音电子,20.78,21.3,21.32,20.5,2298100.0
20250911,301330,熵基科技,33.22,34.1,34.25,32.2,11885600.0
20250911,301331,恩威医药,34.12,34.62,34.65,33.54,1003400.0
20250911,301332,德尔玛,10.44,10.57,10.58,10.35,3801800.0
20250911,301333,诺思格,58.4,56.45,58.4,55.11,6728600.0
20250911,301335,天元宠物,33.94,34.55,36.36,32.62,6660300.0
20250911,301336,趣睡科技,55.9,56.62,57.18,55.01,1126700.0
20250911,301337,亚华电子,28.08,28.73,28.73,27.69,1623000.0
20250911,301338,凯格精机,61.7,68.33,70.48,61.5,6810400.0
20250911,301339,通行宝,15.96,16.16,16.16,15.72,8005900.0
20250911,301345,涛涛车业,207.3,202.89,207.5,196.02,2234800.0
20250911,301348,蓝箭电子,20.51,20.98,21.02,20.36,7199700.0
20250911,301349,信德新材,42.01,42.58,42.77,41.4,3922000.0
20250911,301353,普莱得,25.67,25.88,25.93,25.27,1134800.0
20250911,301355,南王科技,12.34,12.63,12.74,12.23,7822300.0
20250911,301356,天振股份,20.95,21.1,21.28,20.53,2403200.0
20250911,301357,北方长龙,114.39,120.74,125.0,110.0,8541200.0
20250911,301358,湖南裕能,39.29,40.25,40.46,38.7,21145100.0
20250911,301359,东南电子,20.9,21.34,21.39,20.77,1710800.0
20250911,301360,荣旗科技,59.0,58.85,59.74,57.61,2799900.0
20250911,301361,众智科技,34.09,34.9,35.3,33.77,3046300.0
20250911,301362,民爆光电,43.21,43.73,43.93,42.69,1282700.0
20250911,301363,美好医疗,25.99,26.56,26.94,25.0,17862100.0
20250911,301365,矩阵股份,20.6,20.31,20.6,19.87,4750700.0
20250911,301366,一博科技,38.02,39.85,39.85,38.01,6739000.0
20250911,301367,瑞迈特,91.2,93.11,93.79,88.0,1123500.0
20250911,301368,丰立智能,70.58,72.5,72.5,70.0,7271700.0
20250911,301369,联动科技,77.67,78.28,79.54,75.55,2114000.0
20250911,301370,国科恒泰,11.3,11.47,11.48,11.11,6497100.0
20250911,301371,敷尔佳,26.51,26.48,26.52,26.06,1857800.0
20250911,301372,科净源,26.9,26.92,27.16,26.52,1658400.0
20250911,301373,凌玮科技,34.84,34.96,35.06,34.44,901100.0
20250911,301376,致欧科技,19.82,19.9,19.94,19.62,2980600.0
20250911,301377,鼎泰高科,71.65,85.45,85.45,71.65,11969500.0
20250911,301378,通达海,30.5,31.06,31.06,29.82,3514700.0
20250911,301379,天山电子,23.25,24.39,24.52,23.11,6671600.0
20250911,301380,挖金客,37.18,37.94,37.99,36.72,3429600.0
20250911,301381,赛维时代,24.24,24.18,24.34,23.6,11088800.0
20250911,301382,蜂助手,35.73,35.96,36.02,35.15,7414000.0
20250911,301383,天键股份,36.15,36.73,36.83,35.8,2423200.0
20250911,301386,未来电器,24.2,24.19,24.26,23.83,2201800.0
20250911,301387,光大同创,40.91,42.15,42.39,40.77,1913200.0
20250911,301388,欣灵电气,32.34,32.77,32.97,31.73,3099500.0
20250911,301389,隆扬电子,62.89,65.58,67.4,62.1,26307400.0
20250911,301390,经纬股份,36.52,37.0,37.08,36.24,666100.0
20250911,301391,卡莱特,55.46,56.27,56.69,54.5,1557300.0
20250911,301392,汇成真空,161.0,160.11,163.96,158.0,3529300.0
20250911,301393,昊帆生物,53.71,54.0,54.16,51.9,1432800.0
20250911,301395,仁信新材,11.23,11.33,11.34,11.08,3485900.0
20250911,301396,宏景科技,71.94,74.64,76.58,71.3,17101700.0
20250911,301397,溯联股份,43.0,45.23,46.39,42.41,14942600.0
20250911,301398,星源卓镁,51.02,54.96,58.8,49.8,16103500.0
20250911,301399,英特科技,19.99,20.4,20.4,19.73,3057000.0
20250911,301408,华人健康,13.7,13.79,13.79,13.46,5504800.0
20250911,301413,安培龙,136.12,144.07,144.93,135.0,5324000.0
20250911,301418,协昌科技,39.34,39.84,40.07,39.06,1352800.0
20250911,301419,阿莱德,33.61,35.94,36.3,33.3,7369800.0
20250911,301421,波长光电,70.5,73.06,73.09,69.57,4505200.0
20250911,301428,世纪恒通,37.45,38.0,38.0,37.0,2265500.0
20250911,301429,森泰股份,19.53,19.64,19.64,19.24,1056100.0
20250911,301439,泓淋电力,15.22,15.5,15.5,15.08,4062600.0
20250911,301446,福事特,28.55,28.69,29.16,27.9,1670900.0
20250911,301448,开创电气,64.27,60.83,67.0,60.01,9684800.0
20250911,301456,盘古智能,28.21,28.04,28.44,27.52,5163400.0
20250911,301458,钧崴电子,35.76,37.17,37.25,35.62,4696400.0
20250911,301459,丰茂股份,43.22,44.05,44.08,42.5,1628900.0
20250911,301468,博盈特焊,25.35,25.52,25.54,25.02,1022000.0
20250911,301469,恒达新材,28.85,28.98,29.09,28.51,996000.0
20250911,301479,弘景光电,95.29,97.11,97.94,94.5,1399700.0
20250911,301486,致尚科技,103.0,104.56,106.66,100.0,13882500.0
20250911,301487,盟固利,24.86,25.13,25.25,24.09,30610900.0
20250911,301488,豪恩汽电,139.0,147.03,149.77,135.0,7574600.0
20250911,301489,思泉新材,218.0,226.32,237.81,213.0,6044400.0
20250911,301491,汉桑科技,65.7,66.46,66.47,64.51,3243100.0
20250911,301498,乖宝宠物,96.9,97.33,99.46,96.1,1872300.0
20250911,301499,维科精密,27.8,28.59,28.65,27.36,2160600.0
20250911,301500,飞南资源,17.85,17.65,17.86,17.45,16233000.0
20250911,301501,恒鑫生活,51.12,51.26,51.39,50.59,1414400.0
20250911,301502,华阳智能,52.01,52.57,52.78,51.05,1125500.0
20250911,301503,智迪科技,40.04,41.48,41.58,39.7,1420300.0
20250911,301505,苏州规划,23.08,22.74,23.08,22.35,3019900.0
20250911,301507,民生健康,14.21,14.35,14.35,14.05,3090900.0
20250911,301508,中机认检,32.75,33.13,33.14,32.51,1863300.0
20250911,301509,金凯生科,37.95,38.39,38.39,36.4,4051000.0
20250911,301510,固高科技,32.76,34.38,34.38,32.42,10959100.0
20250911,301511,德福科技,34.34,36.2,37.5,34.11,55143000.0
20250911,301512,智信精密,45.45,46.76,46.77,44.95,1081400.0
20250911,301515,港通医疗,21.61,21.72,21.75,21.31,1014600.0
20250911,301516,中远通,17.75,18.33,18.33,17.6,4138300.0
20250911,301517,陕西华达,43.98,45.35,45.5,43.91,4644800.0
20250911,301518,长华化学,30.35,31.65,32.66,30.35,11406500.0
20250911,301519,舜禹股份,14.38,14.48,14.48,14.18,1792000.0
20250911,301520,万邦医药,43.43,43.71,43.74,42.48,952600.0
20250911,301522,上大股份,33.99,34.39,34.39,33.63,2702600.0
20250911,301525,儒竞科技,94.0,94.98,95.89,91.82,2797600.0
20250911,301526,国际复材,7.04,7.3,7.45,7.0,202156000.0
20250911,301528,多浦乐,61.58,61.0,61.77,59.88,887500.0
20250911,301529,福赛科技,88.41,90.69,93.43,87.53,3166000.0
20250911,301533,威马农机,39.3,39.14,39.51,38.4,1836500.0
20250911,301535,浙江华远,21.85,22.44,23.0,21.4,12351100.0
20250911,301536,星宸科技,61.6,63.15,63.37,60.96,6139400.0
20250911,301538,骏鼎达,90.0,98.3,105.0,89.22,6528200.0
20250911,301539,宏鑫科技,19.9,20.6,20.73,19.66,3637600.0
20250911,301548,崇德科技,50.1,51.28,51.33,49.41,1079800.0
20250911,301550,斯菱智驱,106.19,112.99,113.41,104.56,7883600.0
20250911,301551,无线传媒,48.58,49.0,49.0,48.01,1416800.0
20250911,301552,科力装备,42.8,43.44,43.49,42.1,1622400.0
20250911,301555,惠柏新材,30.41,31.17,31.23,29.92,3146600.0
20250911,301556,托普云农,97.51,100.84,101.01,95.4,1984600.0
20250911,301557,常友科技,72.89,74.0,74.5,72.26,774300.0
20250911,301558,三态股份,9.04,9.15,9.15,8.9,10917900.0
20250911,301559,中集环科,17.93,18.07,18.08,17.66,3080800.0
20250911,301560,众捷汽车,36.76,37.22,37.22,36.41,1394200.0
20250911,301565,中仑新材,26.12,25.76,26.12,25.24,10915800.0
20250911,301566,达利凯普,17.27,17.64,17.76,17.03,15202300.0
20250911,301567,贝隆精密,40.8,41.2,41.21,40.03,1112000.0
20250911,301568,思泰克,47.94,53.3,54.43,47.62,10721600.0
20250911,301571,国科天成,42.85,44.26,44.26,42.58,3397300.0
20250911,301575,艾芬达,67.77,71.51,74.0,65.61,10915500.0
20250911,301577,美信科技,58.95,60.79,60.99,58.51,1224200.0
20250911,301578,辰奕智能,36.99,37.78,37.93,36.68,1206100.0
20250911,301580,爱迪特,46.03,46.82,46.87,45.32,1618900.0
20250911,301581,黄山谷捷,55.09,57.43,57.6,54.52,1869500.0
20250911,301585,蓝宇股份,34.33,34.6,34.6,34.03,1331900.0
20250911,301586,佳力奇,49.89,50.28,50.3,49.35,1248700.0
20250911,301587,中瑞股份,24.17,24.29,24.39,23.8,4964900.0
20250911,301588,美新科技,21.97,21.57,21.97,21.32,2551500.0
20250911,301589,诺瓦星云,178.04,178.2,179.9,176.06,987400.0
20250911,301590,优优绿能,210.91,212.32,215.76,204.21,1419700.0
20250911,301591,肯特股份,44.68,45.32,45.32,44.08,1996500.0
20250911,301592,六九一二,133.2,136.35,136.89,133.2,1035200.0
20250911,301595,太力科技,40.88,40.98,41.0,40.33,1001200.0
20250911,301596,瑞迪智驱,87.01,92.66,93.0,86.56,2900100.0
20250911,301598,博科测试,66.04,66.99,67.66,65.0,1711500.0
20250911,301600,慧翰股份,113.3,134.6,134.6,111.56,7455100.0
20250911,301601,惠通科技,33.06,33.44,33.45,32.71,1508900.0
20250911,301602,超研股份,25.31,25.51,25.54,24.86,2750200.0
20250911,301603,乔锋智能,76.75,78.9,79.3,75.33,3721800.0
20250911,301606,绿联科技,63.66,65.76,66.8,63.57,3168300.0
20250911,301607,富特科技,36.0,36.67,36.88,35.7,3365200.0
20250911,301608,博实结,95.78,95.68,97.86,94.3,2652200.0
20250911,301609,山大电力,48.75,49.3,49.39,48.37,2348000.0
20250911,301611,珂玛科技,52.7,53.0,53.3,51.87,4202400.0
20250911,301613,新铝时代,55.78,56.69,56.8,55.13,2563500.0
20250911,301616,浙江华业,53.99,54.71,54.77,53.02,1956300.0
20250911,301617,博苑新材,87.0,84.0,93.85,83.5,9619700.0
20250911,301618,长联科技,59.8,60.09,60.47,59.43,806000.0
20250911,301622,英思特,81.7,83.4,83.49,81.07,2059000.0
20250911,301626,苏州天脉,130.68,131.81,134.6,130.07,2401500.0
20250911,301628,强达电路,88.32,93.08,93.2,88.1,2557300.0
20250911,301629,矽电股份,153.05,156.21,157.41,152.21,1099200.0
20250911,301630,同宇新材,179.19,200.06,205.3,178.01,2595700.0
20250911,301631,壹连科技,91.37,93.09,93.15,90.36,1657600.0
20250911,301632,广东建科,31.62,31.68,31.81,31.02,5838600.0
20250911,301633,港迪技术,83.2,82.1,84.3,81.67,1592100.0
20250911,301636,泽润新能,56.05,56.71,56.72,55.66,1073900.0
20250911,301658,首航新能,35.6,36.03,36.18,34.8,6066300.0
20250911,301662,宏工科技,153.5,155.0,158.18,149.51,3739900.0
20250911,301665,泰禾股份,31.02,31.11,31.19,30.35,3261600.0
20250911,301678,新恒汇,89.04,90.86,94.5,88.86,12209600.0
20250911,302132,中航成飞,80.64,82.81,83.5,79.77,17025600.0
20250911,600000,浦发银行,13.93,14.12,14.17,13.88,83259300.0
20250911,600004,白云机场,9.62,9.65,9.66,9.55,22398800.0
20250911,600006,东风股份,7.44,7.57,7.6,7.37,43328800.0
20250911,600007,中国国贸,21.08,21.33,21.36,21.02,3378100.0
20250911,600008,首创环保,3.13,3.15,3.16,3.11,86911800.0
20250911,600009,上海机场,32.14,32.24,32.25,31.92,10703500.0
20250911,600010,包钢股份,2.43,2.48,2.49,2.4,969037700.0
20250911,600011,华能国际,7.72,7.68,7.75,7.62,73992000.0
20250911,600012,皖通高速,13.81,13.69,13.81,13.6,10677900.0
20250911,600015,华夏银行,7.26,7.31,7.32,7.22,51660200.0
20250911,600016,民生银行,4.43,4.46,4.47,4.38,265255700.0
20250911,600017,日照港,3.16,3.19,3.19,3.14,22202700.0
20250911,600018,上港集团,5.55,5.59,5.59,5.53,34525000.0
20250911,600019,宝钢股份,6.94,7.06,7.07,6.93,95050600.0
20250911,600020,中原高速,4.36,4.38,4.39,4.34,9680800.0
20250911,600021,上海电力,19.71,22.01,22.77,19.39,292835500.0
20250911,600022,山东钢铁,1.49,1.5,1.51,1.48,46147000.0
20250911,600023,浙能电力,5.13,5.16,5.17,5.12,52610800.0
20250911,600025,华能水电,9.39,9.44,9.44,9.36,29063900.0
20250911,600026,中远海能,12.01,11.93,12.12,11.87,60597700.0
20250911,600027,华电国际,5.43,5.43,5.44,5.38,61621200.0
20250911,600028,中国石化,5.62,5.63,5.64,5.55,218933600.0
20250911,600029,南方航空,6.04,6.06,6.07,5.97,46743600.0
20250911,600030,中信证券,29.39,30.33,30.33,29.3,186399100.0
20250911,600031,三一重工,21.06,21.21,21.21,20.87,50808800.0
20250911,600032,浙江新能,7.71,7.72,7.73,7.65,9445100.0
20250911,600033,福建高速,3.48,3.5,3.5,3.46,19067300.0
20250911,600035,楚天高速,4.07,4.07,4.08,4.05,19935600.0
20250911,600036,招商银行,43.13,43.3,43.33,42.78,65073100.0
20250911,600037,歌华有线,8.29,8.28,8.32,8.13,24335900.0
20250911,600038,中直股份,36.08,36.48,36.49,35.99,7415300.0
20250911,600039,四川路桥,8.75,8.71,8.8,8.6,31923000.0
20250911,600048,保利发展,7.8,7.82,7.82,7.75,159568700.0
20250911,600050,中国联通,5.68,5.77,5.77,5.62,1019450000.0
20250911,600051,宁波联合,7.43,7.42,7.43,7.3,4797600.0
20250911,600052,东望时代,5.17,5.22,5.35,5.05,36981300.0
20250911,600054,黄山旅游,12.34,12.26,12.34,12.1,14383400.0
20250911,600055,万东医疗,18.38,18.47,18.5,18.04,8838200.0
20250911,600056,中国医药,10.87,10.89,10.89,10.77,12469100.0
20250911,600057,厦门象屿,7.4,7.4,7.43,7.36,13304900.0
20250911,600058,五矿发展,9.47,9.59,9.59,9.23,20739000.0
20250911,600059,古越龙山,10.03,10.21,10.27,10.01,15216100.0
20250911,600060,海信视像,21.76,21.8,21.95,21.56,11342500.0
20250911,600061,国投资本,7.7,7.89,7.92,7.69,74913700.0
20250911,600062,华润双鹤,19.18,19.35,19.38,18.96,9354500.0
20250911,600063,皖维高新,5.64,5.78,5.82,5.59,100289000.0
20250911,600064,南京高科,7.97,8.07,8.07,7.91,22848200.0
20250911,600066,宇通客车,28.76,28.8,29.21,28.62,13020300.0
20250911,600067,冠城新材,3.05,3.13,3.13,3.0,35375000.0
20250911,600071,凤凰光学,20.9,23.07,23.07,20.72,14146700.0
20250911,600072,中船科技,12.4,12.51,12.51,12.32,13948900.0
20250911,600073,光明肉业,7.24,7.3,7.37,7.22,19926000.0
20250911,600075,新疆天业,4.55,4.57,4.58,4.5,13104600.0
20250911,600076,康欣新材,2.78,2.8,2.82,2.72,30860300.0
20250911,600078,澄星股份,6.74,6.81,6.83,6.71,8582500.0
20250911,600081,东风科技,13.35,13.46,13.53,13.15,6016600.0
20250911,600085,同仁堂,35.18,35.37,35.37,34.88,12035900.0
20250911,600088,中视传媒,17.75,17.84,17.87,17.4,6326600.0
20250911,600089,特变电工,14.47,14.9,14.99,14.45,116365600.0
20250911,600094,大名城,3.51,3.61,3.62,3.47,39737600.0
20250911,600095,湘财股份,11.18,11.54,11.58,11.1,73384400.0
20250911,600096,云天化,27.22,27.53,27.59,27.15,22418400.0
20250911,600097,开创国际,11.55,11.53,11.62,11.35,5028100.0
20250911,600098,广州发展,6.91,6.93,6.96,6.87,25715800.0
20250911,600099,林海股份,10.97,11.13,11.19,10.86,3610200.0
20250911,600100,同方股份,7.56,7.95,7.95,7.46,83042300.0
20250911,600101,明星电力,9.85,9.88,9.88,9.75,10911700.0
20250911,600103,青山纸业,3.8,3.8,3.8,3.65,254323700.0
20250911,600104,上汽集团,18.9,18.97,18.97,18.64,48355800.0
20250911,600105,永鼎股份,10.56,10.99,11.06,10.52,109081100.0
20250911,600106,重庆路桥,6.7,6.76,6.78,6.53,30028400.0
20250911,600108,亚盛集团,3.17,3.15,3.2,3.11,69983000.0
20250911,600109,国金证券,9.8,10.15,10.18,9.74,68290000.0
20250911,600110,诺德股份,7.77,7.88,8.07,7.61,198160600.0
20250911,600111,北方稀土,49.0,50.56,51.0,48.68,233458900.0
20250911,600113,浙江东日,59.5,58.96,60.43,57.86,5946200.0
20250911,600114,东睦股份,27.7,29.45,29.58,27.6,31852900.0
20250911,600115,中国东航,4.1,4.08,4.12,4.04,70021600.0
20250911,600116,三峡水利,6.69,6.71,6.71,6.66,6983600.0
20250911,600117,西宁特钢,3.39,3.4,3.41,3.34,45024900.0
20250911,600118,中国卫星,36.5,37.62,38.39,36.09,82126400.0
20250911,600120,浙江东方,6.16,6.22,6.22,6.08,65571800.0
20250911,600121,郑州煤电,4.04,4.05,4.05,4.01,11695700.0
20250911,600123,兰花科创,6.53,6.55,6.56,6.48,13257000.0
20250911,600125,铁龙物流,6.15,6.17,6.17,6.1,17279600.0
20250911,600126,杭钢股份,9.69,9.71,9.82,9.5,110510500.0
20250911,600127,金健米业,6.88,6.91,6.92,6.87,11063600.0
20250911,600128,苏豪弘业,11.15,11.15,11.19,10.95,10537900.0
20250911,600129,太极集团,22.1,22.2,22.21,21.8,11725100.0
20250911,600130,波导股份,4.01,4.01,4.04,3.96,16115500.0
20250911,600131,国网信通,17.51,17.83,17.88,17.41,10802100.0
20250911,600132,重庆啤酒,54.88,54.85,54.88,54.5,3896600.0
20250911,600133,东湖高新,8.91,8.96,8.97,8.8,15943900.0
20250911,600135,乐凯胶片,7.62,7.58,7.62,7.46,6358200.0
20250911,600137,浪莎股份,19.59,19.29,19.59,19.07,1934000.0
20250911,600138,中青旅,10.4,10.38,10.41,10.23,23683200.0
20250911,600141,兴发集团,28.0,28.28,28.56,27.88,13540500.0
20250911,600143,金发科技,17.52,17.86,18.06,17.35,179797100.0
20250911,600148,长春一东,20.23,20.24,20.29,19.99,1929700.0
20250911,600149,廊坊发展,5.53,5.53,5.54,5.4,7503000.0
20250911,600150,中国船舶,37.85,37.93,37.97,37.28,67373200.0
20250911,600151,航天机电,7.86,7.98,8.0,7.74,19481600.0
20250911,600152,维科技术,6.84,6.95,7.01,6.76,35189500.0
20250911,600153,建发股份,10.5,10.58,10.59,10.41,15991000.0
20250911,600155,华创云信,7.45,7.63,7.68,7.42,50094500.0
20250911,600156,华升股份,8.32,8.76,8.91,8.28,25625600.0
20250911,600157,永泰能源,1.43,1.45,1.46,1.42,668683400.0
20250911,600158,中体产业,9.66,9.52,9.73,9.35,78772900.0
20250911,600159,大龙地产,2.91,2.97,2.97,2.87,23477700.0
20250911,600160,巨化股份,35.77,37.21,37.3,35.7,51249700.0
20250911,600161,天坛生物,19.81,19.87,19.92,19.68,13633100.0
20250911,600162,香江控股,1.78,1.78,1.79,1.74,38905400.0
20250911,600163,中闽能源,5.27,5.3,5.36,5.24,16604600.0
20250911,600165,宁科生物,3.73,3.7,3.73,3.66,6020400.0
20250911,600166,福田汽车,2.83,2.85,2.86,2.79,133053600.0
20250911,600167,联美控股,6.58,6.67,6.7,6.49,10545200.0
20250911,600168,武汉控股,5.0,5.02,5.03,4.97,8192700.0
20250911,600170,上海建工,2.4,2.41,2.42,2.39,148948800.0
20250911,600171,上海贝岭,33.94,34.97,34.98,33.6,26728600.0
20250911,600172,黄河旋风,4.58,4.68,4.68,4.53,36241400.0
20250911,600173,卧龙新能,8.28,8.81,9.23,8.24,150793100.0
20250911,600176,中国巨石,15.42,16.08,16.23,15.41,126339100.0
20250911,600177,雅戈尔,7.36,7.37,7.39,7.32,20076200.0
20250911,600178,东安动力,13.4,13.48,13.5,13.2,8108500.0
20250911,600179,安通控股,3.43,3.47,3.48,3.4,42268500.0
20250911,600182,S佳通,15.58,15.52,15.58,15.31,1947000.0
20250911,600183,生益科技,49.2,52.77,52.77,49.2,56974700.0
20250911,600184,光电股份,18.01,18.43,18.55,17.87,11366100.0
20250911,600185,珠免集团,5.78,5.82,5.83,5.73,24726400.0
20250911,600186,莲花控股,6.04,6.11,6.11,5.95,56927400.0
20250911,600188,兖矿能源,13.09,13.1,13.14,12.98,22243000.0
20250911,600189,泉阳泉,7.53,7.5,7.53,7.39,14926900.0
20250911,600191,华资实业,7.92,7.92,7.94,7.73,8758200.0
20250911,600192,长城电工,9.66,9.78,9.79,9.5,10908300.0
20250911,600195,中牧股份,7.37,7.42,7.42,7.32,9637500.0
20250911,600196,复星医药,30.31,31.3,31.3,29.85,60735000.0
20250911,600197,伊力特,15.8,15.98,15.98,15.68,6827600.0
20250911,600198,大唐电信,8.39,8.62,8.63,8.25,30770300.0
20250911,600199,金种子酒,11.03,11.15,11.17,10.98,12795900.0
20250911,600201,生物股份,8.15,8.23,8.26,8.0,21560500.0
20250911,600202,哈空调,6.07,6.07,6.08,5.93,7661300.0
20250911,600203,福日电子,13.95,14.33,14.39,13.85,45377100.0
20250911,600206,有研新材,20.9,21.55,21.74,20.68,45454100.0
20250911,600207,安彩高科,5.31,5.66,5.87,5.14,97675500.0
20250911,600208,衢州发展,4.53,4.68,4.72,4.5,130087200.0
20250911,600210,紫江企业,7.7,7.68,7.7,7.52,60963100.0
20250911,600211,西藏药业,53.05,54.75,56.38,51.6,16337300.0
20250911,600212,绿能慧充,8.27,8.34,8.35,8.18,16021900.0
20250911,600215,派斯林,7.43,7.44,7.49,7.32,9909700.0
20250911,600216,浙江医药,15.1,15.26,15.27,14.86,13529800.0
20250911,600217,中再资环,4.39,4.4,4.41,4.36,13180900.0
20250911,600218,全柴动力,9.61,9.69,9.7,9.47,8883600.0
20250911,600219,南山铝业,3.86,3.92,3.92,3.84,165445800.0
20250911,600221,海航控股,1.58,1.58,1.59,1.56,347979400.0
20250911,600222,太龙药业,6.55,6.69,6.7,6.38,21991400.0
20250911,600223,福瑞达,7.96,8.02,8.03,7.9,8376200.0
20250911,600226,亨通股份,3.61,3.65,3.69,3.56,106006600.0
20250911,600227,赤天化,2.59,2.59,2.59,2.54,20966400.0
20250911,600228,返利科技,4.78,4.74,4.79,4.67,6512200.0
20250911,600229,城市传媒,6.79,6.81,6.81,6.67,5353000.0
20250911,600230,沧州大化,12.81,12.65,12.82,12.5,13225400.0
20250911,600231,凌钢股份,2.01,2.02,2.03,1.98,16369400.0
20250911,600232,金鹰股份,6.82,6.79,6.83,6.69,7705900.0
20250911,600233,圆通速递,18.57,18.59,18.98,18.4,22755800.0
20250911,600234,科新发展,8.78,8.86,8.91,8.66,3141700.0
20250911,600235,民丰特纸,6.75,6.77,6.78,6.66,7960700.0
20250911,600236,桂冠电力,6.4,6.4,6.4,6.36,6864900.0
20250911,600237,铜峰电子,7.63,7.96,7.98,7.57,34672200.0
20250911,600241,时代万恒,8.77,8.63,8.77,8.53,11501400.0
20250911,600246,万通发展,13.27,14.45,14.45,13.05,324711200.0
20250911,600248,陕建股份,3.85,3.86,3.87,3.82,21744700.0
20250911,600249,两面针,6.55,6.48,6.64,6.42,57117200.0
20250911,600250,南京商旅,12.22,12.7,12.94,12.12,27007100.0
20250911,600251,冠农股份,8.58,8.62,8.71,8.51,9472000.0
20250911,600252,中恒集团,2.73,2.75,2.75,2.68,46107900.0
20250911,600255,鑫科材料,3.98,4.14,4.15,3.93,131509800.0
20250911,600256,广汇能源,5.02,5.03,5.03,4.99,57213300.0
20250911,600257,大湖股份,5.7,5.66,5.73,5.61,16283300.0
20250911,600258,首旅酒店,15.47,15.49,15.5,15.1,20433300.0
20250911,600259,中稀有色,60.58,62.6,62.98,60.0,14800800.0
20250911,600261,阳光照明,3.46,3.52,3.53,3.42,26234300.0
20250911,600262,北方股份,22.5,22.53,22.55,22.26,4031700.0
20250911,600266,城建发展,5.13,5.19,5.2,5.07,52842100.0
20250911,600267,海正药业,10.4,10.59,10.65,10.17,17815300.0
20250911,600268,国电南自,9.58,9.86,9.87,9.54,18143700.0
20250911,600269,赣粤高速,4.99,5.01,5.01,4.95,14498000.0
20250911,600271,航天信息,8.53,8.67,8.67,8.49,20207600.0
20250911,600272,开开实业,13.26,13.26,13.28,13.05,2708800.0
20250911,600273,嘉化能源,8.71,8.67,8.72,8.58,17050200.0
20250911,600276,恒瑞医药,66.58,68.29,68.47,64.0,194235900.0
20250911,600278,东方创业,7.47,7.51,7.51,7.33,8419700.0
20250911,600279,重庆港,5.38,5.39,5.4,5.32,6529800.0
20250911,600280,中央商场,3.61,3.61,3.65,3.55,53639400.0
20250911,600281,华阳新材,6.38,6.44,6.44,6.27,13598900.0
20250911,600282,南钢股份,4.9,4.89,4.93,4.82,39239600.0
20250911,600283,钱江水利,9.69,9.72,9.72,9.62,4328900.0
20250911,600284,浦东建设,8.69,9.12,9.16,8.49,48899700.0
20250911,600285,羚锐制药,22.83,23.12,23.15,22.74,7199600.0
20250911,600287,苏豪时尚,6.09,5.93,6.13,5.83,10579600.0
20250911,600288,大恒科技,12.68,13.13,13.14,12.56,21296900.0
20250911,600292,电投水电,14.0,14.07,14.18,13.66,44169500.0
20250911,600293,三峡新材,3.13,3.11,3.13,3.07,18751800.0
20250911,600295,鄂尔多斯,9.91,9.92,9.94,9.85,5791100.0
20250911,600298,安琪酵母,41.0,41.81,41.88,40.65,10928600.0
20250911,600299,安迪苏,9.79,9.82,9.83,9.72,8484800.0
20250911,600300,维维股份,3.43,3.43,3.44,3.39,27206100.0
20250911,600301,华锡有色,32.56,33.72,33.98,32.36,11924800.0
20250911,600303,曙光股份,3.83,3.75,3.83,3.68,33569900.0
20250911,600305,恒顺醋业,8.28,8.28,8.3,8.2,11932200.0
20250911,600307,酒钢宏兴,1.66,1.68,1.68,1.64,39747500.0
20250911,600308,华泰股份,3.73,3.72,3.76,3.68,18287700.0
20250911,600309,万华化学,67.3,68.43,68.5,66.82,31929500.0
20250911,600310,广西能源,4.01,4.02,4.03,3.99,11537600.0
20250911,600312,平高电气,15.26,15.45,15.47,15.15,14789500.0
20250911,600313,农发种业,6.46,6.55,6.64,6.45,33180400.0
20250911,600315,上海家化,28.01,28.52,28.6,27.35,11302400.0
20250911,600316,洪都航空,35.2,35.39,35.68,35.1,10765300.0
20250911,600318,新力金融,9.93,10.15,10.16,9.83,31575400.0
20250911,600319,亚星化学,8.18,8.25,8.31,8.01,6897100.0
20250911,600320,振华重工,4.37,4.46,4.46,4.34,48144500.0
20250911,600322,津投城开,2.67,2.68,2.73,2.62,21731000.0
20250911,600323,瀚蓝环境,26.9,26.96,27.15,26.57,5153900.0
20250911,600325,华发股份,5.48,5.51,5.52,5.41,52254500.0
20250911,600326,西藏天路,13.38,13.7,13.84,13.31,114844900.0
20250911,600327,大东方,5.06,5.04,5.06,4.95,27890400.0
20250911,600328,中盐化工,7.99,7.96,7.99,7.89,22074400.0
20250911,600329,达仁堂,45.9,46.43,46.46,44.6,6991600.0
20250911,600330,天通股份,10.4,10.91,11.19,10.2,208707000.0
20250911,600331,宏达股份,11.48,11.22,11.5,10.86,77913400.0
20250911,600332,白云山,26.46,26.6,26.62,26.33,7912300.0
20250911,600333,长春燃气,5.6,5.6,5.62,5.51,14317600.0
20250911,600335,国机汽车,6.24,6.27,6.28,6.18,14740300.0
20250911,600336,澳柯玛,6.71,6.8,6.8,6.6,12038000.0
20250911,600338,西藏珠峰,13.3,13.22,13.42,13.13,67113900.0
20250911,600339,中油工程,3.49,3.49,3.5,3.43,43549500.0
20250911,600343,航天动力,14.3,14.48,14.68,14.1,17711700.0
20250911,600345,长江通信,27.08,28.12,28.31,27.08,9626500.0
20250911,600346,恒力石化,17.23,17.29,17.44,17.07,19839900.0
20250911,600348,华阳股份,6.97,6.98,7.0,6.91,32468700.0
20250911,600350,山东高速,9.15,9.11,9.17,9.09,13528800.0
20250911,600351,亚宝药业,6.91,6.95,6.96,6.8,16872200.0
20250911,600352,浙江龙盛,10.4,10.46,10.48,10.32,20677900.0
20250911,600353,旭光电子,16.75,17.23,17.49,16.51,47406900.0
20250911,600354,敦煌种业,6.44,6.47,6.47,6.39,16423700.0
20250911,600356,恒丰纸业,10.55,10.45,10.57,10.27,10191400.0
20250911,600358,国旅联合,5.86,5.78,5.87,5.73,12627000.0
20250911,600359,新农开发,7.14,7.15,7.15,7.09,6015700.0
20250911,600360,华微电子,8.45,8.57,8.62,8.25,24286500.0
20250911,600361,创新新材,4.43,4.47,4.47,4.37,54599900.0
20250911,600362,江西铜业,28.7,29.0,29.13,28.53,45385500.0
20250911,600363,联创光电,59.9,61.22,61.38,59.8,8221500.0
20250911,600366,宁波韵升,14.62,15.05,15.07,14.45,53847200.0
20250911,600367,红星发展,17.95,18.03,18.09,17.52,27843500.0
20250911,600368,五洲交通,4.32,4.32,4.33,4.29,27645900.0
20250911,600369,西南证券,4.72,4.92,4.95,4.7,92561000.0
20250911,600371,万向德农,9.16,9.23,9.24,9.14,5434800.0
20250911,600372,中航机载,12.13,12.27,12.27,12.07,23564100.0
20250911,600373,中文传媒,10.23,10.31,10.32,10.15,13091600.0
20250911,600375,汉马科技,7.14,7.15,7.23,7.03,56768000.0
20250911,600376,首开股份,4.76,5.01,5.15,4.68,443731800.0
20250911,600377,宁沪高速,13.18,13.14,13.19,12.99,14604200.0
20250911,600378,昊华科技,30.57,30.6,30.63,30.15,10666400.0
20250911,600379,宝光股份,11.68,11.77,11.79,11.55,2952200.0
20250911,600380,健康元,12.9,13.03,13.04,12.45,36080800.0
20250911,600382,广东明珠,6.06,6.13,6.15,5.97,7653200.0
20250911,600383,金地集团,4.12,4.12,4.14,4.06,79975300.0
20250911,600386,北巴传媒,4.78,4.8,4.81,4.73,16323600.0
20250911,600388,紫金龙净,12.86,13.01,13.05,12.8,13604500.0
20250911,600389,江山股份,26.18,26.27,26.33,25.67,4968700.0
20250911,600390,五矿资本,6.0,6.13,6.13,5.98,74022200.0
20250911,600391,航发科技,25.5,25.85,25.91,25.28,7794100.0
20250911,600392,盛和资源,21.72,22.62,22.83,21.67,114369300.0
20250911,600395,盘江股份,5.27,5.24,5.3,5.2,13302400.0
20250911,600396,华电辽能,3.26,3.29,3.29,3.22,17400200.0
20250911,600397,江钨装备,7.76,7.86,7.88,7.67,26460500.0
20250911,600398,海澜之家,6.89,6.93,6.94,6.83,33106300.0
20250911,600400,红豆股份,2.62,2.64,2.65,2.55,81374600.0
20250911,600403,大有能源,3.65,3.65,3.66,3.6,12028800.0
20250911,600405,动力源,7.1,7.07,7.12,6.93,21555000.0
20250911,600406,国电南瑞,22.21,22.41,22.44,22.15,83342900.0
20250911,600408,安泰集团,2.39,2.37,2.4,2.34,26729300.0
20250911,600409,三友化工,6.17,6.12,6.17,6.05,26868100.0
20250911,600410,华胜天成,18.79,19.4,19.67,18.29,231651400.0
20250911,600415,小商品城,19.4,20.16,20.3,19.27,60684300.0
20250911,600416,湘电股份,15.33,16.04,16.17,15.28,50365600.0
20250911,600418,江淮汽车,55.1,55.5,55.6,53.65,70134600.0
20250911,600419,天润乳业,10.77,10.76,10.77,10.6,5485700.0
20250911,600420,国药现代,11.15,11.26,11.29,10.91,18733900.0
20250911,600422,昆药集团,14.38,14.45,14.46,14.19,16646900.0
20250911,600425,青松建化,4.63,4.66,4.67,4.54,46382900.0
20250911,600426,华鲁恒升,26.44,26.43,27.02,26.14,18834600.0
20250911,600428,中远海特,7.07,7.06,7.08,6.96,30241400.0
20250911,600429,三元股份,5.01,5.05,5.05,4.95,13222200.0
20250911,600433,冠豪高新,3.07,3.09,3.09,3.03,17198300.0
20250911,600435,北方导航,13.85,14.07,14.11,13.7,39538200.0
20250911,600436,片仔癀,203.11,204.38,204.5,201.89,2721300.0
20250911,600438,通威股份,22.11,22.44,22.49,22.02,77331800.0
20250911,600444,国机通用,18.39,18.45,18.58,18.13,12562300.0
20250911,600446,金证股份,19.89,20.39,20.55,19.23,43561600.0
20250911,600448,华纺股份,3.59,3.56,3.6,3.48,44717800.0
20250911,600449,宁夏建材,13.42,13.54,13.54,13.33,5187400.0
20250911,600452,涪陵电力,10.35,10.37,10.44,10.15,29532300.0
20250911,600455,博通股份,27.19,27.31,27.39,26.69,1505400.0
20250911,600456,宝钛股份,31.39,31.77,31.78,31.12,7315200.0
20250911,600458,时代新材,14.51,15.03,15.15,14.4,17903200.0
20250911,600459,贵研铂业,17.28,17.28,17.43,16.99,24646400.0
20250911,600460,士兰微,28.83,29.8,29.95,28.68,58071400.0
20250911,600461,洪城环境,9.16,9.21,9.23,9.15,13243100.0
20250911,600463,空港股份,11.17,11.55,11.62,10.96,7845500.0
20250911,600467,好当家,2.57,2.56,2.57,2.53,63402800.0
20250911,600468,百利电气,6.44,6.51,6.51,6.33,17914600.0
20250911,600469,风神股份,6.22,6.25,6.25,6.14,7908500.0
20250911,600470,六国化工,5.9,5.87,5.91,5.76,13163300.0
20250911,600475,华光环能,18.06,18.06,18.06,18.06,7046300.0
20250911,600477,杭萧钢构,2.72,2.75,2.75,2.69,38602400.0
20250911,600478,科力远,6.43,6.45,6.49,6.31,73618400.0
20250911,600479,千金药业,11.04,11.23,11.23,10.85,12782400.0
20250911,600480,凌云股份,13.69,13.8,13.85,13.4,36180900.0
20250911,600481,双良节能,6.23,6.2,6.24,6.12,43667100.0
20250911,600482,中国动力,22.01,22.33,22.42,21.85,22663500.0
20250911,600483,福能股份,9.88,9.85,9.98,9.8,18915100.0
20250911,600486,扬农化工,74.0,75.2,75.42,73.69,2489300.0
20250911,600487,亨通光电,20.45,20.95,21.09,20.03,134243100.0
20250911,600488,津药药业,4.23,4.26,4.27,4.18,6080600.0
20250911,600489,中金黄金,19.13,18.99,19.42,18.71,106952400.0
20250911,600490,鹏欣资源,6.16,6.52,6.67,6.05,152157800.0
20250911,600493,凤竹纺织,6.75,6.74,6.75,6.56,4583600.0
20250911,600495,晋西车轴,5.26,5.27,5.27,5.17,19759600.0
20250911,600496,精工钢构,3.61,3.63,3.64,3.57,19006100.0
20250911,600497,驰宏锌锗,6.09,6.23,6.25,6.08,122757900.0
20250911,600498,烽火通信,24.42,25.4,25.45,24.25,58060000.0
20250911,600499,科达制造,11.47,11.52,11.6,11.41,16952000.0
20250911,600500,中化国际,4.49,4.56,4.6,4.45,47165700.0
20250911,600501,航天晨光,23.5,24.17,24.2,23.5,16714000.0
20250911,600502,安徽建工,4.62,4.64,4.65,4.59,13159900.0
20250911,600503,华丽家族,3.74,3.82,3.97,3.66,207283900.0
20250911,600505,西昌电力,13.47,13.51,13.52,13.36,5504000.0
20250911,600506,统一股份,20.01,20.04,20.04,19.67,6813800.0
20250911,600507,方大特钢,5.62,5.73,5.73,5.61,24403000.0
20250911,600508,上海能源,12.07,12.12,12.13,12.04,2570200.0
20250911,600509,天富能源,7.44,7.56,7.62,7.38,89681300.0
20250911,600510,黑牡丹,7.47,8.25,8.25,7.36,36580400.0
20250911,600511,国药股份,29.5,29.63,29.66,29.3,4255000.0
20250911,600512,腾达建设,2.46,2.48,2.49,2.43,35003000.0
20250911,600513,联环药业,21.46,21.89,22.0,20.68,23595400.0
20250911,600515,海南机场,3.9,3.95,3.95,3.87,84963400.0
20250911,600516,方大炭素,5.31,5.32,5.34,5.23,86860700.0
20250911,600517,国网英大,5.8,6.03,6.04,5.77,44404300.0
20250911,600518,康美药业,2.02,2.02,2.03,2.0,219734400.0
20250911,600519,贵州茅台,1522.01,1523.5,1526.02,1508.5,3723900.0
20250911,600520,三佳科技,28.75,29.18,29.2,28.5,3643400.0
20250911,600521,华海药业,22.99,23.57,23.68,22.16,82283200.0
20250911,600522,中天科技,15.98,16.3,16.32,15.76,131099800.0
20250911,600523,贵航股份,14.4,14.65,14.67,14.28,5617600.0
20250911,600525,长园集团,3.69,3.72,3.83,3.69,26231200.0
20250911,600526,菲达环保,5.25,5.35,5.35,5.21,16558400.0
20250911,600527,江南高纤,2.24,2.26,2.27,2.22,73108100.0
20250911,600528,中铁工业,8.37,8.47,8.47,8.33,24202200.0
20250911,600529,山东药玻,22.2,22.32,22.33,22.06,7795700.0
20250911,600531,豫光金铅,10.23,10.48,10.57,10.06,83626100.0
20250911,600533,栖霞建设,2.85,2.9,2.91,2.81,37631100.0
20250911,600535,天士力,16.2,16.28,16.28,16.0,17350000.0
20250911,600536,中国软件,47.84,49.26,49.31,47.56,29433200.0
20250911,600538,国发股份,6.16,6.06,6.18,6.02,12114600.0
20250911,600539,狮头股份,10.97,11.0,11.02,10.75,6738000.0
20250911,600540,新赛股份,4.81,4.82,4.83,4.77,9935400.0
20250911,600545,卓郎智能,3.05,3.18,3.33,3.0,239994600.0
20250911,600546,山煤国际,9.7,9.73,9.74,9.65,17209600.0
20250911,600547,山东黄金,38.21,38.05,38.51,37.5,47610800.0
20250911,600548,深高速,10.26,10.16,10.33,10.03,11558700.0
20250911,600549,厦门钨业,30.85,31.44,31.55,30.49,63301100.0
20250911,600550,保变电气,8.33,8.44,8.44,8.23,22109600.0
20250911,600551,时代出版,8.91,8.91,8.92,8.8,7053800.0
20250911,600552,凯盛科技,12.2,12.89,13.08,12.06,52072700.0
20250911,600556,天下秀,5.34,5.34,5.37,5.19,59478000.0
20250911,600557,康缘药业,16.61,16.63,16.64,15.91,17545900.0
20250911,600558,大西洋,5.25,5.29,5.3,5.18,13437600.0
20250911,600559,老白干酒,17.8,18.0,18.0,17.65,22529400.0
20250911,600560,金自天正,16.85,17.37,17.43,16.71,4015800.0
20250911,600561,江西长运,6.94,6.98,6.98,6.8,4649900.0
20250911,600562,国睿科技,26.65,27.71,27.73,26.45,15689000.0
20250911,600563,法拉电子,117.01,121.99,121.99,116.75,4196800.0
20250911,600566,济川药业,25.84,26.04,26.04,25.72,3854100.0
20250911,600567,山鹰国际,1.88,1.89,1.89,1.86,119443900.0
20250911,600569,安阳钢铁,2.22,2.24,2.24,2.19,24770000.0
20250911,600570,恒生电子,34.46,35.32,35.32,34.0,56293700.0
20250911,600571,信雅达,17.82,18.1,18.18,17.51,17251900.0
20250911,600572,康恩贝,4.5,4.54,4.55,4.47,33183800.0
20250911,600573,惠泉啤酒,11.95,11.98,12.01,11.77,2466400.0
20250911,600575,淮河能源,3.39,3.41,3.41,3.37,25430100.0
20250911,600576,祥源文旅,8.27,8.21,8.28,8.01,33109400.0
20250911,600577,精达股份,8.06,8.4,8.48,7.94,96558900.0
20250911,600578,京能电力,4.45,4.49,4.5,4.42,40046000.0
20250911,600579,中化装备,9.03,9.12,9.15,8.92,9587900.0
20250911,600580,卧龙电驱,38.61,41.95,42.86,38.27,248925400.0
20250911,600582,天地科技,5.98,6.02,6.02,5.95,37152000.0
20250911,600583,海油工程,5.36,5.39,5.39,5.32,42543300.0
20250911,600584,长电科技,36.62,38.05,38.06,36.25,82889900.0
20250911,600585,海螺水泥,24.01,24.14,24.14,23.95,23457000.0
20250911,600586,金晶科技,5.4,5.38,5.41,5.27,47073100.0
20250911,600587,新华医疗,16.28,16.52,16.52,16.15,9903100.0
20250911,600588,用友网络,15.25,15.37,15.5,14.63,144453100.0
20250911,600589,大位科技,7.78,8.08,8.1,7.74,116795800.0
20250911,600590,泰豪科技,9.9,10.22,10.39,9.83,59575600.0
20250911,600592,龙溪股份,28.13,28.81,29.17,27.67,37126000.0
20250911,600593,大连圣亚,38.22,38.68,38.82,37.68,8781500.0
20250911,600594,益佰制药,4.34,4.35,4.36,4.23,15100900.0
20250911,600595,中孚实业,5.07,5.28,5.34,5.01,78995300.0
20250911,600596,新安股份,11.11,11.13,11.22,11.05,23254200.0
20250911,600597,光明乳业,8.75,8.79,8.79,8.68,11696500.0
20250911,600598,北大荒,14.6,14.7,14.7,14.58,18337400.0
20250911,600600,青岛啤酒,68.02,68.25,68.26,67.82,4898200.0
20250911,600601,方正科技,9.38,10.27,10.27,9.37,368855100.0
20250911,600602,云赛智联,20.79,20.95,20.96,20.32,40516800.0
20250911,600603,广汇物流,9.24,9.3,9.33,9.19,9440700.0
20250911,600604,市北高新,5.48,5.56,5.56,5.4,18906500.0
20250911,600605,汇通能源,34.7,34.3,35.03,34.19,3351700.0
20250911,600606,绿地控股,1.85,1.88,1.9,1.82,196408900.0
20250911,600609,金杯汽车,4.91,4.93,4.94,4.88,31106700.0
20250911,600610,中毅达,12.31,12.44,12.45,12.14,24096200.0
20250911,600611,大众交通,6.08,6.13,6.13,6.06,22348400.0
20250911,600612,老凤祥,55.01,55.32,55.72,54.39,4239200.0
20250911,600613,神奇制药,6.7,6.75,6.75,6.61,5912100.0
20250911,600615,鑫源智造,12.9,12.85,13.12,12.31,24849100.0
20250911,600616,金枫酒业,5.84,5.85,5.85,5.73,14345800.0
20250911,600617,国新能源,2.8,2.81,2.81,2.75,17800300.0
20250911,600618,氯碱化工,10.88,10.9,10.92,10.74,8437700.0
20250911,600619,海立股份,20.1,20.91,21.0,19.69,61641400.0
20250911,600620,天宸股份,6.53,6.69,6.7,6.5,21046300.0
20250911,600621,华鑫股份,16.46,16.86,16.88,16.35,28199800.0
20250911,600622,光大嘉宝,3.05,3.13,3.24,3.0,107418700.0
20250911,600623,华谊集团,8.64,8.78,8.88,8.6,13051900.0
20250911,600626,申达股份,4.44,4.47,4.51,4.32,20819300.0
20250911,600628,新世界,7.92,7.9,7.98,7.78,20542300.0
20250911,600629,华建集团,12.85,14.2,14.2,12.85,44116200.0
20250911,600630,龙头股份,8.5,8.48,8.53,8.34,9628100.0
20250911,600633,浙数文化,14.23,14.5,14.53,13.99,32434200.0
20250911,600635,大众公用,4.26,4.26,4.27,4.17,55070500.0
20250911,600637,东方明珠,8.5,8.69,8.74,8.32,83785800.0
20250911,600638,新黄浦,5.8,5.86,5.86,5.73,8828200.0
20250911,600639,浦东金桥,10.54,10.58,10.58,10.46,5340000.0
20250911,600640,国脉文化,12.27,12.46,12.47,12.09,6750700.0
20250911,600641,先导基电,15.88,16.24,16.42,15.6,28581800.0
20250911,600642,申能股份,7.99,8.01,8.02,7.96,14098100.0
20250911,600643,爱建集团,5.74,5.82,5.83,5.69,21475500.0
20250911,600644,乐山电力,11.49,11.56,11.56,11.33,14367700.0
20250911,600645,中源协和,24.71,25.21,25.22,24.27,6940300.0
20250911,600648,外高桥,11.21,11.19,11.21,11.1,6089600.0
20250911,600649,城投控股,4.76,4.8,4.81,4.69,24828000.0
20250911,600650,锦江在线,16.06,16.21,16.21,15.85,5676600.0
20250911,600651,飞乐音响,6.79,7.04,7.08,6.7,64294800.0
20250911,600653,申华控股,2.23,2.2,2.23,2.16,98594700.0
20250911,600654,中安科,3.38,3.47,3.47,3.33,55772300.0
20250911,600655,豫园股份,6.29,6.29,6.32,6.2,16317600.0
20250911,600657,信达地产,4.12,4.17,4.18,4.08,27706800.0
20250911,600658,电子城,6.09,6.24,6.24,6.01,41041500.0
20250911,600660,福耀玻璃,70.01,71.99,72.08,69.71,16849900.0
20250911,600661,昂立教育,10.86,10.8,10.87,10.66,5338100.0
20250911,600662,外服控股,5.46,5.44,5.48,5.38,12188000.0
20250911,600663,陆家嘴,8.55,8.59,8.6,8.5,7304700.0
20250911,600664,哈药股份,3.69,3.71,3.71,3.66,29438600.0
20250911,600665,天地源,3.43,3.49,3.5,3.35,15604000.0
20250911,600666,奥瑞德,3.6,3.66,3.66,3.53,92641600.0
20250911,600667,太极实业,7.06,7.19,7.21,6.98,61292900.0
20250911,600668,尖峰集团,11.7,11.79,11.8,11.6,5940600.0
20250911,600671,天目药业,18.24,18.41,18.45,18.02,2585500.0
20250911,600673,东阳光,24.0,25.17,26.18,22.0,230856100.0
20250911,600674,川投能源,14.75,14.8,14.8,14.71,13724100.0
20250911,600675,中华企业,3.08,3.1,3.12,3.04,65763700.0
20250911,600676,久事动娱,5.83,5.91,5.98,5.66,19297900.0
20250911,600679,上海凤凰,13.87,13.8,13.88,13.6,8793900.0
20250911,600681,百川能源,3.86,3.89,3.9,3.83,12333800.0
20250911,600682,南京新百,8.0,8.05,8.07,7.79,25190700.0
20250911,600683,京投发展,4.21,4.22,4.24,4.14,13200700.0
20250911,600684,珠江股份,5.8,6.06,6.15,5.78,75426100.0
20250911,600685,中船防务,26.28,26.85,26.86,26.17,9569200.0
20250911,600686,金龙汽车,12.05,12.11,12.12,11.89,15333300.0
20250911,600688,上海石化,2.76,2.77,2.78,2.74,48034300.0
20250911,600689,上海三毛,15.8,15.46,16.08,15.14,21776700.0
20250911,600690,海尔智家,26.54,26.62,26.63,26.2,45760700.0
20250911,600691,潞化科技,2.68,2.71,2.72,2.65,25673100.0
20250911,600692,亚通股份,8.46,8.5,8.54,8.32,8265500.0
20250911,600693,东百集团,6.74,6.75,6.83,6.57,65835400.0
20250911,600694,大商股份,19.29,19.15,19.34,18.91,7675400.0
20250911,600697,欧亚集团,14.11,13.98,14.17,13.63,28319600.0
20250911,600698,湖南天雁,10.15,10.34,10.35,10.09,23083700.0
20250911,600699,均胜电子,26.5,26.79,27.0,26.25,107492100.0
20250911,600702,舍得酒业,66.01,68.26,68.36,66.01,15668100.0
20250911,600703,三安光电,14.7,15.19,15.21,14.55,131809400.0
20250911,600704,物产中大,5.83,5.9,5.91,5.77,92433800.0
20250911,600706,曲江文旅,11.15,11.18,11.19,10.81,17228300.0
20250911,600707,彩虹股份,6.12,6.2,6.2,6.08,37562000.0
20250911,600708,光明地产,3.52,3.58,3.62,3.48,28917900.0
20250911,600710,苏美达,10.1,10.12,10.13,9.93,14159900.0
20250911,600711,盛屯矿业,8.7,8.84,8.88,8.58,97911700.0
20250911,600712,南宁百货,7.43,7.48,7.56,7.25,21686300.0
20250911,600713,南京医药,5.02,5.03,5.04,4.95,17660100.0
20250911,600714,金瑞矿业,12.42,12.39,12.44,12.13,7323200.0
20250911,600715,文投控股,2.99,3.02,3.06,2.92,156907000.0
20250911,600716,凤凰股份,4.03,4.03,4.03,3.95,10352600.0
20250911,600717,天津港,4.75,4.81,4.81,4.72,25350300.0
20250911,600718,东软集团,10.11,10.34,10.34,9.98,29423600.0
20250911,600719,大连热电,6.27,6.26,6.27,6.2,6372100.0
20250911,600720,中交设计,7.67,7.74,7.75,7.64,9539100.0
20250911,600721,百花医药,9.66,10.01,10.06,9.26,42494100.0
20250911,600722,金牛化工,7.11,7.25,7.32,7.11,49647800.0
20250911,600724,宁波富达,5.16,5.19,5.21,5.1,19030400.0
20250911,600725,云维股份,3.51,3.5,3.51,3.45,17398800.0
20250911,600726,华电能源,2.49,2.51,2.51,2.46,28425100.0
20250911,600727,鲁北化工,7.68,7.74,7.74,7.6,7515500.0
20250911,600728,佳都科技,7.1,7.11,7.18,7.01,126543500.0
20250911,600729,重百集团,29.25,29.37,29.62,29.12,3853300.0
20250911,600731,湖南海利,7.1,7.16,7.17,7.04,14100100.0
20250911,600732,爱旭股份,16.0,16.2,16.24,15.83,38868500.0
20250911,600733,北汽蓝谷,8.42,8.75,8.75,8.25,178788200.0
20250911,600736,苏州高新,5.54,5.61,5.61,5.49,13978700.0
20250911,600737,中粮糖业,16.85,16.86,17.11,16.4,42252000.0
20250911,600738,丽尚国潮,5.15,5.16,5.17,5.11,11361600.0
20250911,600739,辽宁成大,12.17,12.47,12.49,12.06,18460400.0
20250911,600740,山西焦化,3.89,3.9,3.9,3.86,18276900.0
20250911,600741,华域汽车,20.6,20.77,20.79,20.33,33844500.0
20250911,600742,富维股份,10.21,10.33,10.34,10.16,9232400.0
20250911,600743,华远控股,2.16,2.16,2.17,2.13,20633400.0
20250911,600744,华银电力,6.61,6.73,6.73,6.49,87592800.0
20250911,600746,江苏索普,7.53,7.57,7.58,7.48,4286400.0
20250911,600748,上实发展,4.41,4.41,4.44,4.29,28525000.0
20250911,600749,西藏旅游,20.82,21.28,21.3,20.81,20060600.0
20250911,600750,华润江中,21.94,21.98,22.02,21.77,3729100.0
20250911,600751,海航科技,4.31,4.51,4.54,4.15,93987600.0
20250911,600754,锦江酒店,23.54,23.47,23.54,23.05,14955500.0
20250911,600755,厦门国贸,6.11,6.13,6.14,6.08,13925000.0
20250911,600756,浪潮软件,15.29,15.55,15.55,15.21,9900600.0
20250911,600757,长江传媒,8.72,8.77,8.79,8.61,15531600.0
20250911,600758,辽宁能源,3.84,3.85,3.89,3.8,15502400.0
20250911,600760,中航沈飞,57.25,58.84,58.86,56.82,27898400.0
20250911,600761,安徽合力,20.57,20.95,20.99,20.33,14654100.0
20250911,600763,通策医疗,46.77,47.78,48.2,45.6,15617200.0
20250911,600764,中国海防,30.17,30.36,30.53,29.95,8389700.0
20250911,600765,中航重机,16.05,16.13,16.15,15.91,14846900.0
20250911,600768,富邦新材,12.56,12.66,12.68,12.29,2308600.0
20250911,600769,祥龙电业,10.53,10.65,10.65,10.32,5002100.0
20250911,600770,综艺股份,5.75,6.01,6.08,5.65,48642600.0
20250911,600771,广誉远,19.99,20.1,20.14,19.67,7339900.0
20250911,600773,西藏城投,10.81,10.95,10.96,10.73,11196500.0
20250911,600774,汉商集团,10.06,10.06,10.07,9.76,4795400.0
20250911,600775,南京熊猫,11.45,11.71,11.72,11.36,25348300.0
20250911,600776,东方通信,13.4,13.94,13.94,13.12,105844200.0
20250911,600777,新潮能源,3.95,3.95,3.96,3.92,15982900.0
20250911,600778,友好集团,7.5,7.39,7.5,7.17,38876400.0
20250911,600779,水井坊,46.4,46.88,46.9,46.04,4558900.0
20250911,600780,通宝能源,5.9,5.91,5.92,5.85,10120300.0
20250911,600782,新钢股份,4.11,4.16,4.16,4.07,34143700.0
20250911,600783,鲁信创投,12.59,12.79,12.8,12.48,7290000.0
20250911,600784,鲁银投资,6.28,6.31,6.31,6.22,8588900.0
20250911,600785,新华百货,13.8,15.03,15.03,13.75,38091300.0
20250911,600787,中储股份,5.99,6.08,6.08,5.97,37804300.0
20250911,600789,鲁抗医药,9.8,9.84,9.85,9.7,17262600.0
20250911,600790,轻纺城,4.12,4.13,4.15,4.06,13244400.0
20250911,600791,京能置业,5.08,5.04,5.1,4.98,10914600.0
20250911,600792,云煤能源,3.88,3.89,3.9,3.82,14228300.0
20250911,600793,宜宾纸业,24.59,24.77,25.1,24.21,6946200.0
20250911,600794,保税科技,4.39,4.43,4.43,4.33,24385200.0
20250911,600795,国电电力,5.21,5.19,5.25,5.15,144785400.0
20250911,600796,钱江生化,5.9,5.92,5.92,5.81,7462100.0
20250911,600797,浙大网新,10.86,11.03,11.06,10.55,86504600.0
20250911,600798,宁波海运,3.85,3.89,3.89,3.82,21459600.0
20250911,600800,渤海化学,3.98,3.97,3.98,3.89,18650300.0
20250911,600801,华新建材,16.38,17.07,17.16,16.32,41581000.0
20250911,600802,福建水泥,5.44,5.46,5.48,5.33,8294500.0
20250911,600803,新奥股份,18.97,18.96,19.12,18.86,7572400.0
20250911,600805,悦达投资,5.4,5.47,5.47,5.33,16266500.0
20250911,600807,济高发展,3.42,3.4,3.43,3.34,29261000.0
20250911,600808,马钢股份,3.59,3.64,3.64,3.53,65269300.0
20250911,600809,山西汾酒,205.06,207.9,208.69,204.0,5196000.0
20250911,600810,神马股份,10.53,10.32,10.67,10.16,41008500.0
20250911,600812,华北制药,6.06,6.12,6.13,5.99,20629900.0
20250911,600814,杭州解百,8.18,8.19,8.23,7.98,21032100.0
20250911,600815,厦工股份,2.74,2.75,2.76,2.71,17912700.0
20250911,600816,建元信托,2.83,2.89,2.89,2.81,57189300.0
20250911,600817,宇通重工,11.97,12.16,12.18,11.82,5187500.0
20250911,600819,耀皮玻璃,6.96,7.1,7.41,6.93,42335100.0
20250911,600820,隧道股份,6.43,6.46,6.46,6.4,25602700.0
20250911,600821,金开新能,5.75,5.8,5.81,5.74,25857500.0
20250911,600822,上海物贸,12.0,12.19,12.2,11.91,9409300.0
20250911,600824,益民集团,4.54,4.53,4.55,4.44,39616100.0
20250911,600825,新华传媒,6.98,6.97,6.98,6.84,15103700.0
20250911,600826,兰生股份,10.95,10.73,10.95,10.45,29580000.0
20250911,600827,百联股份,9.66,9.7,9.71,9.53,11504200.0
20250911,600828,茂业商业,4.63,4.7,4.72,4.5,54781100.0
20250911,600829,人民同泰,8.38,8.45,8.45,8.21,8374800.0
20250911,600830,香溢融通,9.98,10.13,10.13,9.9,9917700.0
20250911,600831,广电网络,5.16,5.07,5.16,5.02,11719300.0
20250911,600833,第一医药,13.64,13.6,13.65,13.25,8993800.0
20250911,600834,申通地铁,8.75,8.86,8.87,8.67,8064600.0
20250911,600835,上海机电,26.05,26.68,26.84,25.4,20312000.0
20250911,600838,上海九百,9.04,9.08,9.08,8.84,13425300.0
20250911,600839,四川长虹,10.42,10.73,10.77,10.29,218521100.0
20250911,600841,动力新科,6.44,6.65,6.68,6.44,20091700.0
20250911,600843,上工申贝,12.15,12.36,12.41,11.92,31602000.0
20250911,600844,金煤科技,3.15,3.13,3.15,3.09,14971800.0
20250911,600845,宝信软件,23.42,23.74,23.77,23.21,20482600.0
20250911,600846,同济科技,11.03,12.13,12.13,10.98,27677100.0
20250911,600847,万里股份,11.59,11.48,11.59,11.3,3155000.0
20250911,600848,上海临港,9.26,9.29,9.3,9.17,8915900.0
20250911,600850,电科数字,27.38,28.65,29.3,27.3,27993200.0
20250911,600851,海欣股份,6.7,6.74,6.76,6.53,6509500.0
20250911,600853,龙建股份,4.07,4.13,4.13,4.05,23145800.0
20250911,600854,春兰股份,5.3,5.35,5.35,5.23,7661300.0
20250911,600855,航天长峰,13.95,14.15,14.24,13.85,11613541.0
20250911,600857,宁波中百,13.3,13.7,13.7,13.25,4713700.0
20250911,600858,银座股份,6.18,6.16,6.32,6.08,39583700.0
20250911,600859,王府井,14.81,14.94,14.94,14.64,35806900.0
20250911,600860,京城股份,12.16,12.24,12.27,12.03,6915800.0
20250911,600861,北京人力,20.0,20.1,20.1,19.84,2340900.0
20250911,600862,中航高科,23.65,23.91,23.94,23.38,13387100.0
20250911,600863,华能蒙电,4.14,4.15,4.17,4.12,65121100.0
20250911,600864,哈投股份,7.39,7.65,7.68,7.36,66656700.0
20250911,600865,百大集团,10.61,10.65,10.81,10.39,23216100.0
20250911,600866,星湖科技,7.65,7.68,7.69,7.55,22451300.0
20250911,600867,通化东宝,8.37,8.44,8.46,8.16,28999200.0
20250911,600868,梅雁吉祥,2.81,2.82,2.83,2.78,36621300.0
20250911,600869,远东股份,6.96,7.19,7.28,6.82,91519000.0
20250911,600871,石化油服,2.08,2.1,2.1,2.05,114482600.0
20250911,600872,中炬高新,19.13,19.26,19.29,19.03,8796000.0
20250911,600873,梅花生物,11.1,11.17,11.19,11.04,20611100.0
20250911,600874,创业环保,5.98,6.01,6.01,5.94,9423700.0
20250911,600875,东方电气,18.91,19.24,19.28,18.8,27488800.0
20250911,600876,凯盛新能,10.89,10.86,10.95,10.78,3744600.0
20250911,600877,电科芯片,13.75,14.42,14.68,13.72,35670600.0
20250911,600879,航天电子,10.28,10.46,10.48,10.17,61286600.0
20250911,600880,博瑞传播,4.98,5.01,5.02,4.91,20512800.0
20250911,600881,亚泰集团,2.14,2.19,2.19,2.06,161146900.0
20250911,600882,妙可蓝多,26.06,25.81,26.15,25.5,6332800.0
20250911,600883,博闻科技,8.27,8.27,8.28,8.1,4031700.0
20250911,600884,杉杉股份,13.15,13.44,13.5,12.91,96661800.0
20250911,600885,宏发股份,25.75,27.6,27.77,25.6,45476800.0
20250911,600886,国投电力,14.15,14.17,14.2,14.08,18930900.0
20250911,600887,伊利股份,28.38,28.72,28.75,28.37,60793300.0
20250911,600888,新疆众和,7.51,7.55,7.56,7.46,19757400.0
20250911,600892,大晟文化,3.42,3.48,3.5,3.37,14317400.0
20250911,600893,航发动力,37.12,37.79,38.26,36.91,24845300.0
20250911,600894,广日股份,10.11,10.18,10.19,10.06,4231100.0
20250911,600895,张江高科,32.89,34.72,34.81,32.83,67174900.0
20250911,600897,厦门空港,14.85,14.89,14.9,14.71,2675200.0
20250911,600900,长江电力,28.0,28.0,28.11,27.92,105396700.0
20250911,600901,江苏金租,5.57,5.58,5.6,5.54,40579600.0
20250911,600903,贵州燃气,6.93,6.95,6.96,6.89,9297900.0
20250911,600905,三峡能源,4.29,4.31,4.31,4.27,130444500.0
20250911,600906,财达证券,7.36,7.55,7.56,7.34,43723500.0
20250911,600908,无锡银行,6.03,6.1,6.11,6.01,22387000.0
20250911,600909,华安证券,6.21,6.41,6.43,6.18,63723100.0
20250911,600916,中国黄金,8.66,8.59,8.68,8.49,55255600.0
20250911,600917,重庆燃气,5.77,5.79,5.8,5.75,3854100.0
20250911,600918,中泰证券,6.88,7.06,7.08,6.86,33195400.0
20250911,600919,江苏银行,10.82,10.76,10.88,10.62,181404000.0
20250911,600925,苏能股份,4.95,4.97,4.97,4.93,8415100.0
20250911,600926,杭州银行,15.94,15.99,16.06,15.87,38512100.0
20250911,600927,永安期货,14.95,15.24,15.24,14.84,5978300.0
20250911,600928,西安银行,4.44,4.36,4.48,4.29,65296300.0
,600929,雪天盐业,5.81,5.75,5.84,5.69,24822300.0
20250911,600930,华电新能,6.37,6.38,6.39,6.34,72204700.0
20250911,600933,爱柯迪,19.6,19.99,20.18,19.46,16465300.0
20250911,600935,华塑股份,2.58,2.58,2.59,2.55,17943200.0
20250911,600936,北投科技,3.84,3.83,3.84,3.76,16184900.0
20250911,600938,中国海油,26.15,26.22,26.29,25.98,39732000.0
20250911,600939,重庆建工,3.39,3.38,3.41,3.32,15447200.0
20250911,600941,中国移动,108.26,108.3,108.47,107.54,12923700.0
20250911,600955,维远股份,14.92,14.98,15.01,14.79,3548500.0
20250911,600956,新天绿能,7.99,7.99,8.07,7.93,12844900.0
20250911,600958,东方证券,10.86,11.12,11.18,10.77,134560800.0
20250911,600959,江苏有线,3.77,3.78,3.79,3.69,62082700.0
20250911,600960,渤海汽车,4.66,4.68,4.69,4.53,19607900.0
20250911,600961,株冶集团,14.67,14.77,14.87,14.49,26752800.0
20250911,600962,国投中鲁,21.75,22.1,22.49,21.55,6393300.0
20250911,600963,岳阳林纸,4.73,4.73,4.74,4.67,22161800.0
20250911,600966,博汇纸业,5.21,5.28,5.32,5.14,14997600.0
20250911,600967,内蒙一机,18.88,19.19,19.44,18.63,55199900.0
20250911,600968,海油发展,3.92,3.97,3.98,3.88,62091000.0
20250911,600969,郴电国际,7.3,7.33,7.34,7.23,5364300.0
20250911,600970,中材国际,8.99,9.05,9.05,8.96,14693400.0
20250911,600971,恒源煤电,6.65,6.67,6.68,6.62,7967600.0
20250911,600973,宝胜股份,5.14,5.25,5.25,5.1,23917400.0
20250911,600975,新五丰,6.55,6.78,6.8,6.55,83904700.0
20250911,600976,健民集团,42.89,42.93,43.72,42.3,3442800.0
20250911,600977,中国电影,17.8,17.5,17.88,16.87,116000700.0
20250911,600979,广安爱众,4.85,4.9,4.9,4.8,28498900.0
20250911,600980,北矿科技,24.26,24.92,24.95,23.9,8426400.0
20250911,600981,苏豪汇鸿,3.19,3.16,3.19,3.07,35089300.0
20250911,600982,宁波能源,4.65,4.7,4.7,4.62,17633200.0
20250911,600983,惠而浦,10.61,10.7,10.73,10.49,2834800.0
20250911,600984,建设机械,3.59,3.6,3.63,3.53,19079000.0
20250911,600985,淮北矿业,12.08,12.13,12.16,11.98,14806000.0
20250911,600986,浙文互联,8.69,8.73,8.75,8.47,64944100.0
20250911,600987,航民股份,7.46,7.44,7.51,7.31,15452200.0
20250911,600988,赤峰黄金,30.26,29.77,30.27,29.26,83930000.0
20250911,600989,宝丰能源,17.39,17.57,17.62,17.32,30887100.0
20250911,600990,四创电子,26.47,26.93,26.95,26.13,6757000.0
20250911,600992,贵绳股份,14.21,14.26,14.27,14.02,3998600.0
20250911,600993,马应龙,27.04,27.29,27.33,26.75,5336100.0
20250911,600995,南网储能,11.55,11.55,11.58,11.34,27402100.0
20250911,600996,贵广网络,8.2,8.28,8.38,8.09,20803900.0
20250911,600997,开滦股份,6.73,6.8,6.81,6.73,8581200.0
20250911,600998,九州通,4.98,5.03,5.03,4.93,50243200.0
20250911,600999,招商证券,18.01,18.47,18.48,17.91,48747300.0
20250911,601000,唐山港,3.91,3.96,3.96,3.9,43272300.0
20250911,601001,晋控煤业,12.72,12.72,12.87,12.55,17234700.0
20250911,601002,晋亿实业,5.36,5.43,5.45,5.32,10601900.0
20250911,601003,柳钢股份,5.63,5.7,5.7,5.56,19946700.0
20250911,601005,重庆钢铁,1.45,1.45,1.46,1.43,105600500.0
20250911,601006,大秦铁路,6.09,6.11,6.11,6.08,79814900.0
20250911,601007,金陵饭店,8.24,8.18,8.27,8.0,27637200.0
20250911,601008,连云港,5.69,5.71,5.71,5.62,15404700.0
20250911,601009,南京银行,11.23,11.27,11.29,11.15,42210700.0
20250911,601011,宝泰隆,2.97,3.01,3.01,2.94,43173200.0
20250911,601012,隆基绿能,17.14,17.28,17.36,17.01,109961400.0
20250911,601015,陕西黑猫,3.59,3.59,3.6,3.54,17530000.0
20250911,601016,节能风电,3.11,3.15,3.15,3.09,69844500.0
20250911,601018,宁波港,3.63,3.63,3.63,3.59,58369500.0
20250911,601019,山东出版,8.31,8.32,8.33,8.23,13158600.0
20250911,601020,华钰矿业,25.68,26.99,27.05,25.18,57982600.0
20250911,601021,春秋航空,53.21,53.09,53.47,52.53,5273900.0
20250911,601022,宁波远洋,10.06,10.05,10.12,9.93,21446000.0
20250911,601033,永兴股份,16.23,16.3,16.35,16.11,4421100.0
20250911,601038,一拖股份,13.08,13.17,13.18,13.01,3773200.0
20250911,601058,赛轮轮胎,15.17,15.31,15.31,15.05,22942100.0
20250911,601059,信达证券,18.64,19.29,19.3,18.52,55589400.0
20250911,601061,中信金属,9.45,9.43,9.45,9.33,21329500.0
20250911,601065,江盐集团,8.49,8.51,8.51,8.44,4496100.0
20250911,601066,中信建投,26.19,26.75,26.83,26.04,20994000.0
20250911,601068,中铝国际,4.88,4.92,4.93,4.82,9733300.0
20250911,601069,西部黄金,32.5,31.99,33.08,30.62,78699700.0
20250911,601077,渝农商行,6.63,6.62,6.77,6.59,79222500.0
20250911,601083,锦江航运,11.93,11.95,11.96,11.75,7107400.0
20250911,601086,国芳集团,12.9,13.21,13.44,12.74,69139000.0
20250911,601088,中国神华,38.2,38.28,38.32,38.03,28099200.0
20250911,601089,福元医药,22.6,23.05,23.05,21.88,10218400.0
20250911,601096,宏盛华源,4.38,4.42,4.42,4.35,16936900.0
20250911,601098,中南传媒,12.99,12.96,12.99,12.8,15922100.0
20250911,601099,太平洋,4.74,5.01,5.19,4.72,1077618400.0
20250911,601100,恒立液压,87.47,89.75,90.11,87.17,7045200.0
20250911,601101,昊华能源,7.22,7.23,7.24,7.16,7824700.0
20250911,601106,中国一重,2.97,2.99,3.0,2.94,34282700.0
20250911,601107,四川成渝,5.64,5.69,5.69,5.62,11950100.0
20250911,601108,财通证券,8.41,8.67,8.67,8.38,57613600.0
20250911,601111,中国国航,7.7,7.72,7.74,7.61,61565800.0
20250911,601113,华鼎股份,3.87,3.88,3.89,3.83,10346000.0
20250911,601116,三江购物,15.01,16.24,16.24,15.01,55733800.0
20250911,601117,中国化学,7.51,7.58,7.59,7.48,58387200.0
20250911,601118,海南橡胶,5.36,5.39,5.43,5.32,34790400.0
20250911,601121,宝地矿业,6.89,6.84,6.92,6.79,14513300.0
20250911,601126,四方股份,17.27,17.5,17.69,17.09,16438900.0
20250911,601127,赛力斯,138.0,139.39,139.39,136.54,28978800.0
20250911,601128,常熟银行,7.56,7.63,7.65,7.5,42148300.0
20250911,601133,柏诚股份,12.9,12.98,13.04,12.73,6232200.0
20250911,601136,首创证券,21.23,21.77,21.91,21.18,46995400.0
20250911,601137,博威合金,24.8,25.89,26.13,24.31,46841500.0
20250911,601138,工业富联,55.8,59.04,59.04,54.65,272279800.0
20250911,601139,深圳燃气,6.61,6.63,6.64,6.58,10141100.0
20250911,601155,新城控股,14.68,15.09,15.16,14.58,20943300.0
20250911,601156,东航物流,15.3,15.44,15.45,15.15,10781600.0
20250911,601158,重庆水务,4.75,4.75,4.76,4.72,15896400.0
20250911,601162,天风证券,5.46,5.63,5.66,5.43,496462800.0
20250911,601163,三角轮胎,13.95,14.01,14.03,13.88,3153900.0
20250911,601166,兴业银行,21.51,21.84,21.88,21.42,69389400.0
20250911,601168,西部矿业,19.03,19.34,19.35,18.88,40767200.0
20250911,601169,北京银行,6.03,6.07,6.07,5.99,126902300.0
20250911,601177,杭齿前进,19.1,19.34,19.35,18.93,14295400.0
20250911,601179,中国西电,6.41,6.47,6.48,6.37,40958200.0
20250911,601186,中国铁建,7.95,8.02,8.02,7.94,39362900.0
20250911,601187,厦门银行,6.58,6.61,6.64,6.5,17106600.0
20250911,601188,龙江交通,3.58,3.57,3.58,3.53,29697000.0
20250911,601198,东兴证券,11.6,11.88,11.91,11.54,41290400.0
20250911,601199,江南水务,5.9,5.91,5.91,5.84,5998400.0
20250911,601200,上海环境,8.15,8.2,8.21,8.11,8237900.0
20250911,601208,东材科技,19.1,19.84,19.84,19.1,64705700.0
20250911,601211,国泰海通,19.5,19.94,19.96,19.36,106685200.0
20250911,601212,白银有色,3.82,3.82,3.82,3.82,91366600.0
20250911,601216,君正集团,5.31,5.36,5.36,5.26,197504600.0
20250911,601218,吉鑫科技,4.8,4.76,4.81,4.66,90252800.0
20250911,601222,林洋能源,6.19,6.24,6.26,6.16,26364300.0
20250911,601225,陕西煤业,20.09,20.19,20.26,19.91,32398300.0
20250911,601226,华电科工,7.45,7.38,7.46,7.26,25400700.0
20250911,601228,广州港,3.41,3.43,3.43,3.38,19928400.0
20250911,601229,上海银行,9.4,9.42,9.45,9.32,76223400.0
20250911,601231,环旭电子,18.27,19.14,19.14,18.08,21033100.0
20250911,601233,桐昆股份,14.62,14.8,14.81,14.44,26859700.0
20250911,601236,红塔证券,8.82,9.04,9.06,8.8,37540400.0
20250911,601238,广汽集团,7.71,7.77,7.78,7.63,35150900.0
20250911,601279,英利汽车,4.33,4.35,4.36,4.25,17572700.0
20250911,601288,农业银行,7.28,7.28,7.35,7.2,443981500.0
20250911,601298,青岛港,8.44,8.42,8.44,8.33,25031600.0
20250911,601311,骆驼股份,10.95,10.9,10.99,10.66,67062400.0
20250911,601318,中国平安,57.9,58.69,58.69,57.6,59507200.0
20250911,601319,中国人保,8.24,8.35,8.35,8.21,81608800.0
20250911,601326,秦港股份,3.47,3.49,3.5,3.43,17835200.0
20250911,601328,交通银行,7.2,7.27,7.29,7.18,172427600.0
20250911,601330,绿色动力,7.18,7.16,7.18,7.12,5719000.0
20250911,601333,广深铁路,3.52,3.52,3.54,3.48,59647700.0
20250911,601336,新华保险,63.0,64.78,64.81,62.7,20975500.0
20250911,601339,百隆东方,5.53,5.48,5.53,5.43,9815000.0
20250911,601360,三六零,10.68,10.95,10.99,10.55,135973100.0
20250911,601366,利群股份,4.62,4.61,4.62,4.56,10770100.0
20250911,601368,绿城水务,5.02,5.03,5.03,4.95,5058100.0
20250911,601369,陕鼓动力,8.3,8.44,8.44,8.28,12825000.0
20250911,601375,中原证券,4.52,4.75,4.8,4.52,166387200.0
20250911,601377,兴业证券,6.39,6.56,6.6,6.37,132678100.0
20250911,601388,怡球资源,2.73,2.75,2.77,2.68,45556500.0
20250911,601390,中国中铁,5.54,5.59,5.6,5.52,84299200.0
20250911,601398,工商银行,7.46,7.51,7.58,7.39,541515900.0
20250911,601399,国机重装,3.36,3.4,3.4,3.32,95024100.0
20250911,601456,国联民生,10.93,11.36,11.36,10.83,90265800.0
20250911,601500,通用股份,4.57,4.59,4.6,4.54,17504100.0
20250911,601512,中新集团,8.71,8.82,8.82,8.62,7572000.0
20250911,601515,衢州东峰,4.75,4.78,4.79,4.69,27012400.0
20250911,601518,吉林高速,2.76,2.78,2.78,2.74,14845300.0
20250911,601519,大智慧,14.6,15.8,15.98,14.46,128905500.0
20250911,601528,瑞丰银行,5.54,5.59,5.59,5.5,15176500.0
20250911,601555,东吴证券,9.42,9.79,9.8,9.4,125178400.0
20250911,601566,九牧王,8.83,8.9,8.91,8.71,3313900.0
20250911,601567,三星电气,22.69,22.89,22.99,22.46,10026400.0
20250911,601568,北元化工,4.02,4.02,4.02,3.97,37791700.0
20250911,601577,长沙银行,9.52,9.59,9.61,9.43,25745600.0
20250911,601579,会稽山,22.76,23.58,23.63,22.26,17930400.0
20250911,601588,北辰实业,1.95,2.0,2.01,1.93,59983800.0
20250911,601595,上海电影,32.26,31.75,32.26,31.15,10224000.0
20250911,601598,中国外运,6.0,6.29,6.3,5.99,38423100.0
20250911,601599,浙文影业,3.86,3.82,3.86,3.77,30744000.0
20250911,601600,中国铝业,7.6,7.83,7.85,7.58,233402300.0
20250911,601601,中国太保,37.48,38.14,38.14,37.26,32383400.0
20250911,601606,长城军工,46.27,47.12,48.39,44.82,71816300.0
20250911,601607,上海医药,18.12,18.29,18.29,18.0,15197100.0
20250911,601608,中信重工,5.24,5.3,5.31,5.15,44165000.0
20250911,601609,金田股份,11.23,11.84,12.05,11.21,96629900.0
20250911,601611,中国核建,8.85,8.91,8.91,8.79,13029800.0
20250911,601615,明阳智能,12.64,12.86,12.86,12.49,51894500.0
20250911,601616,广电电气,3.84,3.91,3.92,3.8,22542500.0
20250911,601618,中国中冶,3.38,3.43,3.44,3.38,99425000.0
20250911,601619,嘉泽新能,4.43,4.43,4.43,4.35,95788500.0
20250911,601628,中国人寿,39.5,39.66,39.67,39.12,22275800.0
20250911,601633,长城汽车,25.6,25.61,25.73,25.22,25355000.0
20250911,601636,旗滨集团,6.7,6.74,6.75,6.62,33821900.0
20250911,601658,邮储银行,6.25,6.27,6.29,6.18,137183200.0
20250911,601665,齐鲁银行,5.76,5.8,5.82,5.74,73610900.0
20250911,601666,平煤股份,7.84,7.84,7.84,7.75,16722700.0
20250911,601668,中国建筑,5.51,5.55,5.57,5.49,213419700.0
20250911,601669,中国电建,5.65,5.69,5.69,5.63,181798100.0
20250911,601677,明泰铝业,13.54,13.7,13.74,13.5,23287400.0
20250911,601678,滨化股份,4.28,4.34,4.34,4.27,39114100.0
20250911,601686,友发集团,5.9,5.92,5.93,5.86,5113500.0
20250911,601688,华泰证券,20.48,21.17,21.27,20.38,102224200.0
20250911,601689,拓普集团,68.0,68.31,68.34,65.56,100645800.0
20250911,601696,中银证券,14.7,15.21,15.27,14.6,89550000.0
20250911,601698,中国卫通,21.8,22.38,22.49,21.6,62828900.0
20250911,601699,潞安环能,13.05,13.06,13.19,12.9,19742400.0
20250911,601700,风范股份,4.85,4.92,4.92,4.82,12184500.0
20250911,601702,华峰铝业,16.92,17.18,17.21,16.7,5799900.0
20250911,601717,中创智领,22.69,23.05,23.55,22.61,43274500.0
20250911,601727,上海电气,7.99,8.14,8.16,7.91,166295300.0
20250911,601728,中国电信,7.25,7.33,7.33,7.22,148599700.0
20250911,601766,中国中车,7.58,7.76,7.76,7.53,145138200.0
20250911,601777,千里科技,11.18,11.31,11.33,11.05,41825600.0
20250911,601778,晶科科技,4.27,4.71,4.71,4.1,296064500.0
20250911,601788,光大证券,19.1,19.55,19.72,18.94,72188900.0
20250911,601789,宁波建工,5.38,5.43,5.44,5.35,28801100.0
20250911,601798,蓝科高新,9.75,9.92,9.94,9.55,9487300.0
20250911,601799,星宇股份,120.6,122.04,122.16,120.45,1738900.0
20250911,601800,中国交建,8.82,8.95,8.96,8.8,42685900.0
20250911,601801,皖新传媒,6.72,6.75,6.76,6.65,13141100.0
20250911,601808,中海油服,13.83,13.91,13.92,13.74,9492400.0
20250911,601811,新华文轩,15.6,15.58,15.64,15.39,2669200.0
20250911,601816,京沪高铁,5.3,5.31,5.32,5.24,186314400.0
20250911,601818,光大银行,3.66,3.7,3.71,3.64,243260900.0
20250911,601825,沪农商行,8.71,8.74,8.78,8.68,24365000.0
20250911,601827,三峰环境,8.74,8.73,8.77,8.63,7797800.0
20250911,601828,美凯龙,2.99,3.0,3.01,2.94,31169200.0
20250911,601838,成都银行,18.5,18.61,18.63,18.33,28434400.0
20250911,601857,中国石油,8.77,8.73,8.79,8.66,198396000.0
20250911,601858,中国科传,21.03,21.37,21.38,20.75,7726600.0
20250911,601860,紫金银行,2.95,2.97,2.98,2.92,54324800.0
20250911,601865,福莱特,18.55,18.94,19.0,18.43,23631700.0
20250911,601866,中远海发,2.55,2.59,2.59,2.54,91519500.0
20250911,601868,中国能建,2.39,2.4,2.41,2.37,277996000.0
20250911,601869,长飞光纤,88.5,93.25,95.36,85.39,28517500.0
20250911,601872,招商轮船,7.97,8.09,8.27,7.96,120149700.0
20250911,601877,正泰电器,27.76,28.57,28.64,27.7,33079200.0
20250911,601878,浙商证券,11.55,11.89,11.93,11.52,69469700.0
20250911,601880,辽港股份,1.7,1.72,1.72,1.69,100028700.0
20250911,601881,中国银河,17.0,17.48,17.48,16.96,66721900.0
20250911,601882,海天精工,21.22,21.35,21.39,20.93,5156500.0
20250911,601886,江河集团,7.57,7.68,7.71,7.5,5489600.0
20250911,601888,中国中免,70.31,71.35,71.35,69.63,29876300.0
20250911,601890,亚星锚链,9.67,9.76,9.76,9.56,18321300.0
20250911,601898,中煤能源,11.13,11.1,11.2,10.98,25703200.0
20250911,601899,紫金矿业,25.25,25.71,25.74,25.08,250428500.0
20250911,601900,南方传媒,13.42,13.47,13.47,13.32,7631900.0
20250911,601901,方正证券,8.27,8.52,8.52,8.22,138887500.0
20250911,601908,京运通,4.15,4.16,4.17,4.06,100700100.0
20250911,601916,浙商银行,3.11,3.13,3.13,3.09,175721900.0
20250911,601918,新集能源,6.25,6.29,6.29,6.22,22970700.0
20250911,601919,中远海控,15.03,15.08,15.08,14.93,84163600.0
20250911,601921,浙版传媒,8.39,8.41,8.42,8.25,14435400.0
20250911,601928,凤凰传媒,10.55,10.63,10.63,10.47,17329600.0
20250911,601929,吉视传媒,5.81,5.77,5.88,5.61,599883200.0
20250911,601933,永辉超市,5.12,5.24,5.24,5.1,231238400.0
20250911,601939,建设银行,9.12,9.16,9.21,9.02,146115600.0
20250911,601949,中国出版,7.15,7.19,7.2,7.07,14690400.0
20250911,601952,苏垦农发,9.59,9.65,9.68,9.58,6704900.0
20250911,601956,东贝集团,6.88,6.95,6.95,6.76,12114400.0
20250911,601958,金钼股份,15.57,15.76,15.76,15.4,33237500.0
20250911,601963,重庆银行,9.69,9.65,9.74,9.55,12471600.0
20250911,601965,中国汽研,18.44,18.37,18.5,18.03,7252700.0
20250911,601966,玲珑轮胎,15.94,15.92,15.95,15.72,17582500.0
20250911,601968,宝钢包装,5.25,5.26,5.28,5.2,13767700.0
20250911,601969,海南矿业,8.53,8.5,8.54,8.4,17515600.0
20250911,601975,招商南油,3.32,3.32,3.36,3.27,243562500.0
20250911,601985,中国核电,8.77,8.81,8.81,8.72,92058100.0
20250911,601988,中国银行,5.48,5.5,5.54,5.44,410841300.0
20250911,601990,南京证券,8.63,8.8,8.85,8.58,51027100.0
20250911,601991,大唐发电,3.67,3.69,3.71,3.64,138884300.0
20250911,601992,金隅集团,1.63,1.64,1.64,1.61,49290500.0
20250911,601995,中金公司,36.5,37.32,37.35,36.37,32645600.0
20250911,601996,丰林集团,2.43,2.45,2.45,2.37,35047000.0
20250911,601997,贵阳银行,6.04,6.07,6.07,6.0,34894200.0
20250911,601998,中信银行,7.89,7.9,7.94,7.8,57570000.0
20250911,601999,出版传媒,7.46,7.51,7.54,7.28,7988100.0
20250911,603000,人民网,20.2,20.47,20.57,20.2,15912700.0
20250911,603001,奥康国际,8.97,9.02,9.18,8.9,5939100.0
20250911,603002,宏昌电子,7.54,7.93,7.97,7.54,47105600.0
20250911,603004,鼎龙科技,25.1,25.25,25.46,24.69,7313300.0
20250911,603005,晶方科技,29.65,30.63,30.64,29.35,37361700.0
20250911,603006,联明股份,14.1,14.29,14.34,13.86,5002400.0
20250911,603007,顺景科技,4.69,4.66,4.7,4.63,9477300.0
20250911,603009,北特科技,48.87,50.62,50.8,48.04,14547600.0
20250911,603010,万盛股份,10.39,10.43,10.46,10.33,3665700.0
20250911,603011,合锻智能,17.28,17.4,17.49,16.74,52513400.0
20250911,603012,创力集团,6.15,6.22,6.23,6.1,10988900.0
20250911,603013,亚普股份,25.23,25.96,26.08,25.12,5794300.0
20250911,603014,威高血净,40.49,40.38,40.49,39.4,3313100.0
20250911,603015,弘讯科技,11.94,12.08,12.09,11.75,6560200.0
20250911,603016,新宏泰,27.63,27.6,28.19,27.2,3504000.0
20250911,603017,中衡设计,9.83,9.87,9.88,9.73,5790700.0
20250911,603018,华设集团,7.67,7.73,7.73,7.65,7308100.0
20250911,603019,中科曙光,84.5,92.09,92.09,83.2,89521200.0
20250911,603020,爱普股份,10.11,9.93,10.12,9.83,13157900.0
20250911,603022,新通联,10.77,10.67,10.77,10.55,8892500.0
20250911,603023,威帝股份,4.29,4.3,4.33,4.22,9044400.0
20250911,603025,大豪科技,15.9,16.65,16.68,15.83,14840500.0
20250911,603026,石大胜华,42.65,42.85,43.6,42.11,8221500.0
20250911,603027,千禾味业,12.04,12.06,12.09,11.91,12177100.0
20250911,603028,赛福天,8.27,8.55,8.57,8.13,12883000.0
20250911,603029,天鹅股份,19.04,18.95,19.04,18.68,2694200.0
20250911,603030,全筑股份,2.75,2.77,2.77,2.71,38219800.0
20250911,603031,安孚科技,39.0,39.81,40.54,37.9,10094700.0
20250911,603032,德新科技,23.4,23.42,23.74,22.67,19643200.0
20250911,603033,三维股份,12.52,12.7,12.73,12.12,12036000.0
20250911,603035,常熟汽饰,14.99,15.8,15.93,14.8,25857700.0
20250911,603036,如通股份,20.86,22.0,22.1,20.61,11687400.0
20250911,603037,凯众股份,12.7,12.76,12.81,12.56,7231400.0
20250911,603038,华立股份,14.98,15.88,15.9,14.91,11333200.0
20250911,603039,泛微网络,56.1,57.29,57.36,55.0,4088800.0
20250911,603040,新坐标,62.8,65.73,66.28,62.35,3153500.0
20250911,603041,美思德,12.52,12.58,12.59,12.35,2780300.0
20250911,603042,华脉科技,15.64,15.83,15.86,15.45,7162500.0
20250911,603043,广州酒家,18.0,17.87,18.01,17.6,7372200.0
20250911,603045,福达合金,19.5,19.79,19.89,19.22,2518500.0
20250911,603048,浙江黎明,20.69,21.15,21.88,20.51,7551500.0
20250911,603049,中策橡胶,46.35,46.61,46.73,46.21,2782500.0
20250911,603050,科林电气,15.98,16.03,16.06,15.77,1833700.0
20250911,603051,鹿山新材,25.55,26.84,27.88,25.01,30781700.0
20250911,603052,可川科技,32.55,34.06,34.77,32.4,8176800.0
20250911,603053,成都燃气,10.67,10.72,10.73,10.49,6064600.0
20250911,603055,台华新材,9.32,9.4,9.41,9.21,6778800.0
20250911,603057,紫燕食品,22.32,22.21,22.5,21.71,4579900.0
20250911,603058,永吉股份,9.4,9.59,9.98,9.4,29015000.0
20250911,603059,倍加洁,31.75,32.58,33.0,31.71,6236400.0
20250911,603060,国检集团,6.63,6.66,6.66,6.53,5916500.0
20250911,603061,金海通,103.7,106.86,107.28,102.2,1503800.0
20250911,603062,麦加芯彩,53.29,53.48,53.69,52.98,889000.0
20250911,603063,禾望电气,32.99,33.95,34.2,32.92,33879900.0
20250911,603065,宿迁联盛,8.66,8.7,8.71,8.56,3837300.0
20250911,603066,音飞储存,11.33,11.62,12.2,11.19,10136500.0
20250911,603067,振华股份,17.01,17.71,17.93,16.98,16200700.0
20250911,603068,博通集成,41.05,42.45,42.68,40.62,9019700.0
20250911,603069,海汽集团,20.7,20.86,21.17,20.39,7461000.0
20250911,603070,万控智造,13.91,14.3,14.4,13.78,3564000.0
20250911,603071,物产环能,13.78,13.94,13.98,13.75,3229800.0
20250911,603072,天和磁材,50.02,50.87,50.93,49.58,4198900.0
20250911,603073,彩蝶实业,17.87,17.9,17.95,17.5,1436800.0
20250911,603075,热威股份,24.51,25.09,25.2,24.51,2455600.0
20250911,603076,乐惠国际,26.18,26.43,26.45,25.87,1734300.0
20250911,603077,和邦生物,1.93,1.95,1.96,1.92,102969900.0
20250911,603078,江化微,19.66,20.36,20.38,19.4,28183100.0
20250911,603079,圣达生物,18.15,18.14,18.18,17.78,3258500.0
20250911,603080,新疆火炬,21.86,21.78,21.93,21.62,4955500.0
20250911,603081,大丰实业,12.84,13.11,13.12,12.63,10140600.0
20250911,603082,北自科技,39.91,40.73,40.75,39.5,1825100.0
20250911,603083,剑桥科技,85.9,92.26,92.26,84.31,43874400.0
20250911,603085,天成自控,10.7,10.77,10.78,10.43,6658300.0
20250911,603086,先达股份,9.43,9.42,9.45,9.26,17330300.0
20250911,603087,甘李药业,71.8,74.43,74.72,69.61,19665300.0
20250911,603088,宁波精达,10.05,10.42,10.58,9.91,21435600.0
20250911,603089,正裕工业,16.32,16.88,17.1,16.25,9172900.0
20250911,603090,宏盛股份,45.7,45.4,47.76,43.88,11674000.0
20250911,603091,众鑫股份,76.67,78.1,78.16,75.35,657000.0
20250911,603093,南华期货,21.01,21.54,21.59,20.83,12563000.0
20250911,603095,越剑智能,14.75,14.88,14.89,14.55,1921700.0
20250911,603096,新经典,18.38,18.29,18.42,18.07,1396600.0
20250911,603097,江苏华辰,22.25,22.3,22.3,21.9,2414900.0
20250911,603098,森特股份,16.06,16.11,16.29,15.65,19562700.0
20250911,603099,长白山,51.46,51.27,51.8,49.77,16730200.0
20250911,603100,川仪股份,24.1,25.0,25.09,24.02,15083200.0
20250911,603101,汇嘉时代,13.23,13.65,14.38,13.1,77387300.0
20250911,603102,百合股份,47.88,46.32,47.9,45.36,2326900.0
20250911,603103,横店影视,17.74,17.87,17.9,17.26,10461300.0
20250911,603105,芯能科技,9.23,9.27,9.28,9.06,12556500.0
20250911,603106,恒银科技,10.68,10.93,10.98,10.5,17867100.0
20250911,603107,上海汽配,15.73,15.9,15.9,15.64,2494200.0
20250911,603108,润达医疗,16.78,16.92,16.92,16.52,13839400.0
20250911,603109,神驰机电,30.8,31.27,31.42,30.6,6013300.0
20250911,603110,东方材料,17.31,17.33,17.47,17.04,15391400.0
20250911,603111,康尼机电,7.81,7.83,7.9,7.69,16848600.0
20250911,603112,华翔股份,17.43,17.49,17.55,17.05,9554500.0
20250911,603113,金能科技,7.58,7.58,7.62,7.5,6912300.0
20250911,603115,海星股份,19.4,19.42,19.7,18.95,4595200.0
20250911,603116,红蜻蜓,6.0,6.09,6.13,5.92,7848800.0
20250911,603117,万林物流,5.61,5.64,5.67,5.54,10343800.0
20250911,603118,共进股份,12.16,12.84,12.87,12.11,46072000.0
20250911,603119,浙江荣泰,100.3,102.07,103.7,96.94,30636600.0
20250911,603120,肯特催化,42.81,43.21,43.22,42.0,1823100.0
20250911,603121,华培动力,17.5,17.53,17.58,17.25,9877800.0
20250911,603122,合富中国,6.72,6.76,6.76,6.59,4739300.0
20250911,603123,翠微股份,13.21,13.42,13.45,12.99,26415700.0
20250911,603124,江南新材,82.5,89.49,89.49,82.02,3397900.0
20250911,603125,常青科技,16.61,16.85,16.89,16.47,3272700.0
20250911,603126,中材节能,6.85,6.82,6.85,6.72,7680800.0
20250911,603127,昭衍新药,33.89,34.42,34.93,32.46,59516100.0
20250911,603128,华贸物流,6.14,6.16,6.16,6.08,19979400.0
20250911,603129,春风动力,271.0,271.87,277.88,265.68,2384800.0
20250911,603130,云中马,40.42,40.01,40.66,38.88,2858400.0
20250911,603131,上海沪工,21.0,23.57,23.57,21.0,37006200.0
20250911,603132,金徽股份,14.05,14.14,14.17,13.82,5111300.0
20250911,603135,中重科技,10.51,10.73,10.79,10.3,9646100.0
20250911,603136,天目湖,13.33,13.35,13.36,13.09,11471700.0
20250911,603137,恒尚节能,14.68,14.6,14.68,13.9,3696800.0
20250911,603138,海量数据,17.3,17.07,17.33,16.15,27723800.0
20250911,603139,康惠股份,23.88,23.73,23.89,23.21,1523000.0
20250911,603150,万朗磁塑,38.75,38.82,39.09,37.58,4064400.0
20250911,603151,邦基科技,26.1,28.4,28.4,26.1,5280000.0
20250911,603153,上海建科,18.32,18.72,18.75,18.21,2499000.0
20250911,603155,新亚强,16.6,16.72,16.82,16.25,5462600.0
20250911,603156,养元饮品,22.02,22.4,22.43,21.88,4129000.0
20250911,603158,腾龙股份,10.57,10.77,10.82,10.39,40509100.0
20250911,603159,上海亚虹,24.82,24.61,25.12,24.27,4990200.0
20250911,603160,汇顶科技,75.25,78.89,79.15,75.01,9020800.0
20250911,603161,科华控股,13.23,13.31,13.32,13.02,4532500.0
20250911,603162,海通发展,9.06,9.1,9.12,8.99,6414700.0
20250911,603163,圣晖集成,50.32,51.58,55.85,48.7,10151500.0
20250911,603165,荣晟环保,13.19,13.2,13.24,12.92,7388700.0
20250911,603166,福达股份,16.7,17.18,17.2,16.4,21549000.0
20250911,603167,渤海轮渡,10.24,10.21,10.24,10.14,7312900.0
20250911,603168,莎普爱思,8.33,8.22,8.33,8.01,13665000.0
20250911,603169,兰石重装,7.68,7.71,7.72,7.58,19440200.0
20250911,603170,宝立食品,14.06,14.14,14.26,13.81,3773200.0
20250911,603171,税友股份,50.5,51.1,51.33,50.05,4707500.0
20250911,603172,万丰股份,17.39,17.52,17.59,17.11,1550500.0
20250911,603173,福斯达,51.35,50.85,51.86,50.49,3363300.0
20250911,603176,汇通集团,6.4,6.44,6.44,6.3,6797400.0
20250911,603177,德创环保,11.31,11.37,11.39,11.11,11990300.0
20250911,603178,圣龙股份,20.38,20.27,20.47,20.08,10808700.0
20250911,603179,新泉股份,66.5,69.15,70.02,66.0,35658900.0
20250911,603180,金牌家居,20.73,20.84,21.04,20.59,1645800.0
20250911,603181,皇马科技,16.82,16.87,16.95,16.53,16174100.0
20250911,603182,嘉华股份,14.24,14.43,14.47,14.11,2811500.0
20250911,603183,建研院,4.52,4.53,4.54,4.42,9689400.0
20250911,603185,弘元绿能,24.1,24.16,24.39,23.8,16212300.0
20250911,603186,华正新材,36.32,38.86,39.52,36.32,12199800.0
20250911,603187,海容冷链,14.99,15.35,15.38,14.88,7788900.0
20250911,603188,亚邦股份,4.26,4.25,4.26,4.17,9862500.0
20250911,603190,亚通精工,23.72,23.84,23.84,23.42,1640400.0
20250911,603191,望变电气,15.1,16.04,16.15,15.0,18939400.0
20250911,603192,汇得科技,23.78,23.37,23.79,23.16,3595500.0
20250911,603193,润本股份,28.94,28.94,29.0,28.5,3432000.0
20250911,603194,中力股份,39.57,39.9,40.02,39.18,2544000.0
20250911,603195,公牛集团,46.84,46.85,46.91,46.46,3647900.0
20250911,603196,璞源材料,20.51,20.72,20.75,19.9,5138100.0
20250911,603197,保隆科技,38.83,39.26,39.27,38.11,6272600.0
20250911,603198,迎驾贡酒,45.63,45.93,46.44,45.2,10199000.0
20250911,603199,九华旅游,38.69,38.42,38.86,37.65,3924800.0
20250911,603200,上海洗霸,104.53,105.8,110.5,101.0,22721300.0
20250911,603201,常润股份,18.61,19.38,19.39,18.53,5319700.0
20250911,603202,天有为,99.28,99.95,99.98,98.83,1064400.0
20250911,603203,快克智能,30.6,31.59,31.83,30.06,4340300.0
20250911,603205,健尔康,29.69,29.79,29.81,29.43,1165300.0
20250911,603206,嘉环科技,16.96,17.66,17.76,16.71,7679400.0
20250911,603207,小方制药,34.68,34.77,34.94,33.82,2648900.0
20250911,603208,江山欧派,15.02,14.99,15.09,14.83,2500700.0
20250911,603209,兴通股份,15.31,15.33,15.49,15.21,2931300.0
20250911,603210,泰鸿万立,21.02,21.56,21.58,20.75,7681900.0
20250911,603211,晋拓股份,19.41,19.67,19.69,19.04,3594000.0
20250911,603212,赛伍技术,12.25,12.42,12.43,12.11,17986300.0
20250911,603213,镇洋发展,13.59,13.94,13.99,13.58,10113700.0
20250911,603214,爱婴室,19.12,19.05,19.17,18.8,4858700.0
20250911,603215,比依股份,20.53,20.87,20.98,20.07,4741600.0
20250911,603216,梦天家居,15.77,16.66,16.77,15.66,11693400.0
20250911,603217,元利科技,20.89,20.82,20.91,20.39,3638500.0
20250911,603218,日月股份,12.68,13.02,13.14,12.62,13029000.0
20250911,603219,富佳股份,18.29,18.21,18.41,17.83,7057400.0
20250911,603220,中贝通信,22.7,23.73,23.77,22.51,29511500.0
20250911,603221,爱丽家居,12.37,12.46,12.47,12.23,5057100.0
20250911,603222,济民健康,12.19,14.06,14.06,11.88,89061200.0
20250911,603223,恒通股份,9.38,9.54,9.7,9.34,7580500.0
20250911,603225,新凤鸣,16.0,16.15,16.47,15.8,15092200.0
20250911,603226,菲林格尔,29.39,28.6,29.39,27.81,8146800.0
20250911,603227,雪峰科技,9.38,9.46,9.49,9.31,22119400.0
20250911,603228,景旺电子,60.96,62.7,62.7,60.0,25370200.0
20250911,603229,奥翔药业,11.05,11.13,11.14,10.6,12660800.0
20250911,603230,内蒙新华,12.7,12.97,12.99,12.49,6075300.0
20250911,603231,索宝蛋白,19.3,19.29,19.39,18.83,7289200.0
20250911,603232,格尔软件,15.15,15.23,15.24,14.8,4482100.0
20250911,603233,大参林,17.3,17.55,17.65,16.93,9076600.0
20250911,603235,天新药业,27.38,27.46,27.48,27.02,997600.0
20250911,603236,移远通信,94.35,99.61,99.61,93.04,15233300.0
20250911,603237,五芳斋,18.99,19.08,19.28,18.75,7849700.0
20250911,603238,诺邦股份,20.44,20.68,20.9,20.13,2410200.0
20250911,603239,浙江仙通,17.58,18.75,19.33,17.4,29879100.0
20250911,603255,鼎际得,38.46,39.38,39.69,37.66,3688500.0
20250911,603256,宏和科技,36.9,39.41,39.41,36.9,25008700.0
20250911,603257,中国瑞林,70.99,71.99,74.6,68.7,7928200.0
20250911,603258,电魂网络,21.66,21.6,21.66,21.04,3821000.0
20250911,603259,药明康德,99.0,104.65,105.2,97.55,100340200.0
20250911,603260,合盛硅业,52.2,53.2,53.21,52.1,6806300.0
20250911,603261,立航科技,21.91,22.13,22.58,21.87,1542100.0
20250911,603262,技源集团,31.71,32.99,33.12,31.66,9633400.0
20250911,603266,天龙股份,21.52,21.86,21.91,21.21,4712900.0
20250911,603267,鸿远电子,52.28,53.8,53.8,52.28,4781200.0
20250911,603268,松发股份,49.21,49.42,49.8,49.0,992700.0
20250911,603269,海鸥股份,11.11,11.37,11.5,11.07,7134700.0
20250911,603270,金帝股份,25.85,26.25,26.29,25.55,2892100.0
20250911,603271,永杰新材,40.7,41.12,41.35,39.92,3023000.0
20250911,603273,天元智能,20.22,20.24,20.27,19.86,2904600.0
20250911,603275,众辰科技,52.25,55.9,56.89,51.43,6340700.0
20250911,603276,恒兴新材,18.42,18.31,18.54,18.05,1970400.0
20250911,603277,银都股份,18.57,18.45,18.69,18.01,5459500.0
20250911,603278,大业股份,10.17,10.34,10.38,10.03,11208800.0
20250911,603279,景津装备,16.31,16.28,16.31,16.1,4428200.0
20250911,603280,南方路机,44.0,43.91,44.4,43.03,5488400.0
20250911,603281,江瀚新材,25.11,25.31,25.31,24.88,1813200.0
20250911,603282,亚光股份,18.72,18.66,18.8,18.21,2299500.0
20250911,603283,赛腾股份,41.38,41.92,42.56,40.56,11445500.0
20250911,603285,键邦股份,31.13,31.29,33.38,29.88,22835900.0
20250911,603286,日盈电子,35.35,36.3,36.58,34.6,11131900.0
20250911,603288,海天味业,40.88,41.29,41.29,40.56,16413100.0
20250911,603289,泰瑞机器,10.6,10.77,10.77,10.44,6735600.0
20250911,603290,斯达半导,102.64,106.2,106.71,102.0,7496100.0
20250911,603291,联合水务,11.46,11.44,11.48,11.28,2834600.0
20250911,603296,华勤技术,84.48,92.16,92.59,83.62,27096800.0
20250911,603297,永新光学,97.7,98.96,100.88,95.88,2162700.0
20250911,603298,杭叉集团,25.47,26.0,26.49,25.3,11853600.0
20250911,603299,苏盐井神,11.07,11.05,11.1,10.96,9094700.0
20250911,603300,海南华铁,10.07,10.21,10.21,9.96,96956400.0
20250911,603301,振德医疗,29.45,32.4,32.4,29.45,16087700.0
20250911,603303,得邦照明,14.56,14.51,14.67,14.2,3520300.0
20250911,603305,旭升集团,15.5,15.95,15.98,15.17,53312800.0
20250911,603306,华懋科技,46.93,50.04,51.06,46.38,16156600.0
20250911,603307,扬州金泉,40.97,40.8,40.97,39.9,629300.0
20250911,603308,应流股份,29.47,32.16,32.16,29.25,24590700.0
20250911,603309,维力医疗,14.29,14.55,14.55,14.1,4101600.0
20250911,603310,巍华新材,18.01,18.04,18.05,17.9,2137900.0
20250911,603311,金海高科,11.13,11.17,11.2,10.94,2631400.0
20250911,603312,西典新能,42.11,43.39,43.55,41.55,1596200.0
20250911,603313,梦百合,8.92,8.84,8.92,8.73,7557600.0
20250911,603315,福鞍股份,14.02,14.04,14.23,13.73,12437200.0
20250911,603316,诚邦股份,10.19,10.38,11.0,10.0,54147900.0
20250911,603317,天味食品,12.08,12.16,12.17,11.94,5808800.0
20250911,603318,水发燃气,6.83,6.8,6.85,6.7,7994300.0
20250911,603319,美湖股份,37.2,40.25,40.25,36.95,23485900.0
20250911,603320,迪贝电气,19.09,19.62,19.88,18.74,3902900.0
20250911,603321,梅轮电梯,8.59,8.62,8.69,8.45,5198400.0
20250911,603322,超讯科技,38.71,40.06,40.15,38.7,7620100.0
20250911,603323,苏农银行,5.28,5.3,5.31,5.22,29397700.0
20250911,603324,盛剑科技,25.11,25.63,25.67,24.79,2647800.0
20250911,603325,博隆技术,87.5,88.65,88.68,86.18,1125600.0
20250911,603326,我乐家居,8.85,8.95,8.99,8.72,4392000.0
20250911,603327,福蓉科技,9.72,9.92,9.94,9.57,12040000.0
20250911,603328,依顿电子,12.28,12.08,12.4,11.72,105737500.0
20250911,603329,上海雅仕,11.43,11.5,11.5,11.28,2882200.0
20250911,603330,天洋新材,7.5,7.59,7.62,7.45,8106800.0
20250911,603331,百达精工,10.98,10.95,10.98,10.73,3498500.0
20250911,603332,苏州龙杰,14.15,14.31,14.33,13.92,5354700.0
20250911,603333,福华尚纬,8.82,9.06,9.17,8.69,27895400.0
20250911,603335,迪生力,5.44,5.39,5.46,5.21,64482100.0
20250911,603336,宏辉果蔬,9.99,10.4,10.44,9.9,31923600.0
20250911,603337,杰克科技,46.97,48.17,49.4,46.48,4953900.0
20250911,603338,浙江鼎力,51.96,52.0,52.2,51.43,5704400.0
20250911,603339,四方科技,15.01,15.36,15.45,14.91,11282300.0
20250911,603341,龙旗科技,42.27,44.91,45.35,41.82,13010600.0
20250911,603344,星德胜,27.8,28.58,28.64,27.6,5210600.0
20250911,603345,安井食品,74.53,75.11,75.12,73.92,5896400.0
20250911,603348,文灿股份,22.3,22.54,22.8,22.12,9421400.0
20250911,603350,安乃达,42.0,42.36,42.36,40.8,3562200.0
20250911,603351,威尔药业,28.48,28.66,28.76,27.62,1097800.0
20250911,603353,和顺石油,16.71,16.6,16.85,16.37,3662500.0
20250911,603355,莱克电气,22.4,22.45,22.49,22.13,2038800.0
20250911,603356,华菱精工,13.12,13.12,13.14,12.8,3119700.0
20250911,603357,设计总院,8.49,8.55,8.57,8.43,4474800.0
20250911,603358,华达科技,41.64,41.75,42.15,41.1,2425900.0
20250911,603360,百傲化学,24.65,25.2,25.44,24.18,15012100.0
20250911,603363,傲农生物,5.19,5.24,5.43,5.13,161443700.0
20250911,603365,水星家纺,16.99,16.99,17.08,16.85,1042600.0
20250911,603366,日出东方,9.89,10.01,10.02,9.73,20786600.0
20250911,603367,辰欣药业,20.81,21.38,21.6,20.14,20313200.0
20250911,603368,柳药集团,18.26,19.01,19.5,18.09,20253900.0
20250911,603369,今世缘,42.59,43.02,43.15,42.23,9968600.0
20250911,603370,华新精科,55.78,54.56,56.35,54.01,13400300.0
20250911,603373,安邦护卫,49.88,51.58,51.74,49.6,2176900.0
20250911,603375,盛景微,38.68,39.68,39.8,38.23,2858300.0
20250911,603379,三美股份,56.41,57.55,57.65,56.08,7957800.0
20250911,603380,易德龙,40.89,44.99,44.99,40.61,5888900.0
20250911,603381,永臻股份,22.9,23.07,23.35,22.72,6016800.0
20250911,603382,海阳科技,41.03,40.83,41.97,40.1,9173700.0
20250911,603383,顶点软件,42.55,43.71,43.71,41.82,5400300.0
20250911,603385,惠达卫浴,6.92,6.96,6.98,6.8,4001500.0
20250911,603386,骏亚科技,14.66,15.65,15.8,14.61,20836100.0
20250911,603387,基蛋生物,8.48,8.52,8.53,8.33,6874000.0
20250911,603389,亚振家居,26.1,25.68,26.98,25.0,4041200.0
20250911,603390,通达电气,13.12,13.28,13.28,12.9,6014300.0
20250911,603391,力聚热能,43.3,42.89,43.8,42.5,2475800.0
20250911,603392,万泰生物,59.0,60.71,62.0,57.88,10072500.0
20250911,603393,新天然气,29.5,29.45,29.52,29.15,4188400.0
20250911,603395,红四方,36.11,36.27,36.58,35.85,3907900.0
20250911,603396,金辰股份,29.09,29.3,29.3,28.68,4000700.0
20250911,603399,永杉锂业,10.03,9.94,10.05,9.87,16905200.0
20250911,603400,华之杰,65.38,66.5,66.64,64.1,1658800.0
20250911,603406,天富龙,44.44,44.46,44.48,44.03,2379300.0
20250911,603408,建霖家居,12.5,12.51,12.91,12.37,10513900.0
20250911,603409,汇通控股,34.7,34.97,35.0,34.6,917900.0
20250911,603416,信捷电气,57.7,60.1,61.0,57.53,4825800.0
20250911,603421,鼎信通讯,6.49,6.63,6.63,6.4,7640600.0
20250911,603439,三力制药,12.89,12.94,12.95,12.73,4591700.0
20250911,603444,吉比特,477.0,513.0,525.12,466.85,2814600.0
20250911,603456,九洲药业,18.39,18.68,18.8,17.3,41022200.0
20250911,603458,勘设股份,8.56,8.84,8.84,8.4,9656200.0
20250911,603466,风语筑,9.85,9.99,9.99,9.65,13269600.0
20250911,603477,巨星农牧,21.69,22.45,22.77,21.68,38636500.0
20250911,603486,科沃斯,96.83,100.45,100.45,94.86,5625900.0
20250911,603488,展鹏科技,8.46,8.53,8.54,8.28,3756300.0
20250911,603489,八方股份,25.81,26.45,26.46,25.59,2410300.0
20250911,603496,恒为科技,30.0,31.27,31.5,28.95,39659800.0
20250911,603499,翔港科技,18.25,18.43,18.52,17.95,5402100.0
20250911,603500,祥和实业,11.03,11.25,11.26,10.77,9356600.0
20250911,603501,豪威集团,130.28,135.0,135.0,129.68,26376800.0
20250911,603505,金石资源,17.5,17.49,17.75,17.26,13433500.0
20250911,603506,南都物业,13.52,13.64,13.67,13.3,7168800.0
20250911,603507,振江股份,25.62,26.3,26.5,25.3,7583100.0
20250911,603508,思维列控,32.4,32.91,32.94,32.19,5842100.0
20250911,603511,爱慕股份,16.94,18.17,18.74,16.47,27273600.0
20250911,603515,欧普照明,17.51,17.67,17.79,17.34,2028400.0
20250911,603516,淳中科技,129.29,137.09,137.09,125.0,14863500.0
20250911,603518,锦泓集团,10.21,10.45,10.5,10.02,15531300.0
20250911,603519,立霸股份,12.79,12.86,12.87,12.63,2238000.0
20250911,603520,司太立,12.06,11.9,12.06,11.6,13005900.0
20250911,603527,众源新材,11.47,11.6,11.64,11.27,9950100.0
20250911,603528,多伦科技,8.87,9.05,9.06,8.8,11683700.0
20250911,603529,爱玛科技,35.04,35.02,35.06,34.3,7738700.0
20250911,603530,神马电力,31.43,31.7,31.99,31.05,3431700.0
20250911,603533,掌阅科技,19.86,20.07,20.1,19.4,10448700.0
20250911,603535,嘉诚国际,11.26,11.72,11.84,11.11,9374300.0
20250911,603536,惠发食品,11.09,11.03,11.41,10.73,22210400.0
20250911,603538,美诺华,23.94,24.55,24.59,22.8,14881200.0
20250911,603551,奥普科技,12.72,12.78,12.8,12.58,1919100.0
20250911,603556,海兴电力,26.86,27.07,27.09,26.73,3804000.0
20250911,603558,健盛集团,9.75,9.81,9.9,9.67,7759400.0
20250911,603559,中通国脉,9.14,8.96,9.31,8.9,4388100.0
20250911,603565,中谷物流,11.51,11.56,11.63,11.38,17694500.0
20250911,603566,普莱柯,14.38,14.62,14.63,14.31,4068400.0
20250911,603567,珍宝岛,11.74,12.08,12.2,11.46,9922700.0
20250911,603568,伟明环保,20.03,20.08,20.1,19.89,6947800.0
20250911,603569,长久物流,9.97,9.92,9.98,9.68,10223400.0
20250911,603577,汇金通,9.86,9.88,9.9,9.77,6191100.0
20250911,603578,三星新材,13.3,13.4,13.4,12.98,2215100.0
20250911,603579,荣泰健康,35.12,36.95,37.1,34.8,8552800.0
20250911,603580,艾艾精工,14.68,14.58,14.68,14.51,903100.0
20250911,603583,捷昌驱动,41.0,42.25,42.32,40.3,16650800.0
20250911,603585,苏利股份,18.8,18.75,18.8,18.46,1458800.0
20250911,603586,金麒麟,19.65,19.82,19.84,19.4,3326800.0
20250911,603587,地素时尚,13.09,13.04,13.12,12.9,2803700.0
20250911,603588,高能环境,6.78,6.81,6.82,6.62,35876400.0
20250911,603589,口子窖,34.33,34.54,34.54,34.12,4711000.0
20250911,603590,康辰药业,51.65,53.08,53.19,48.1,7364500.0
20250911,603596,伯特利,46.64,48.0,48.16,46.58,15688000.0
20250911,603598,引力传媒,17.13,17.17,17.19,16.8,6435300.0
20250911,603599,广信股份,11.91,12.09,12.09,11.91,7614700.0
20250911,603600,永艺股份,11.39,11.31,11.39,11.11,5400300.0
20250911,603601,再升科技,5.33,5.56,5.61,5.22,79140000.0
20250911,603602,纵横通信,15.6,15.74,15.77,15.42,7865100.0
20250911,603605,珀莱雅,81.59,82.29,82.32,81.16,5660500.0
20250911,603606,东方电缆,58.0,58.38,58.89,57.17,15876200.0
20250911,603607,京华激光,23.87,24.23,24.26,23.54,5093300.0
20250911,603608,天创时尚,7.54,7.64,7.67,7.53,8628800.0
20250911,603609,禾丰股份,8.67,8.85,8.88,8.66,10379500.0
20250911,603610,麒盛科技,16.8,16.9,16.99,16.2,11723700.0
20250911,603611,诺力股份,24.1,24.52,24.57,24.1,6693600.0
20250911,603612,索通发展,27.07,27.77,27.93,26.85,31327300.0
20250911,603613,国联股份,31.55,31.9,32.13,31.2,20374700.0
20250911,603615,茶花股份,28.02,28.06,28.14,27.23,4038400.0
20250911,603616,韩建河山,5.63,5.62,5.63,5.51,12021700.0
20250911,603617,君禾股份,8.31,8.44,8.45,8.18,11587400.0
20250911,603618,杭电股份,7.12,7.12,7.16,6.93,26378300.0
20250911,603619,中曼石油,19.75,19.59,19.76,19.27,20322600.0
20250911,603626,科森科技,13.66,13.81,14.1,13.04,144181600.0
20250911,603628,清源股份,13.82,13.88,13.9,13.71,7699200.0
20250911,603629,利通电子,23.45,24.49,24.5,23.31,10905100.0
20250911,603630,拉芳家化,27.84,28.2,28.2,26.57,8399100.0
20250911,603633,徕木股份,10.7,11.77,11.77,10.52,19845700.0
20250911,603636,南威软件,12.12,12.33,12.35,11.98,13210300.0
20250911,603637,镇海股份,11.27,11.38,11.4,11.17,5760300.0
20250911,603638,艾迪精密,18.02,18.34,18.36,17.81,4420500.0
20250911,603639,海利尔,14.82,15.0,15.0,14.7,2721800.0
20250911,603648,畅联股份,11.11,11.1,11.14,10.95,3265800.0
20250911,603650,彤程新材,33.76,34.89,34.93,33.4,12715200.0
20250911,603655,朗博科技,36.67,36.68,37.09,35.8,1168100.0
20250911,603656,泰禾智能,22.19,22.17,22.61,21.75,13753200.0
20250911,603657,春光科技,44.5,42.48,44.5,40.8,13812100.0
20250911,603658,安图生物,41.23,41.72,41.78,40.65,3566300.0
20250911,603659,璞泰来,26.08,26.57,26.91,25.71,77577600.0
20250911,603660,苏州科达,8.63,8.67,8.73,8.48,23953700.0
20250911,603661,恒林股份,32.89,32.9,33.37,32.69,1399700.0
20250911,603662,柯力传感,70.0,72.72,72.93,69.21,15067600.0
20250911,603663,三祥新材,29.02,29.8,30.1,28.86,18454100.0
20250911,603665,康隆达,27.16,27.19,27.48,26.24,2740900.0
20250911,603666,亿嘉和,32.76,33.77,33.84,32.32,12517800.0
20250911,603667,五洲新春,40.77,41.6,41.67,39.85,25374900.0
20250911,603668,天马科技,14.67,14.58,14.84,14.45,15073100.0
20250911,603669,灵康药业,5.78,5.85,5.87,5.67,15862600.0
20250911,603676,卫信康,12.45,12.55,12.56,12.1,4709600.0
20250911,603677,奇精机械,18.86,19.14,19.15,18.61,2746000.0
20250911,603678,火炬电子,36.71,37.3,37.56,36.35,7342800.0
20250911,603679,华体科技,16.39,16.38,16.49,16.12,4097700.0
20250911,603680,今创集团,12.94,13.1,13.17,12.86,4120100.0
20250911,603681,永冠新材,16.22,16.22,16.25,15.99,3605500.0
20250911,603682,锦和商管,6.08,6.17,6.25,6.01,11035000.0
20250911,603683,晶华新材,26.77,27.34,28.32,26.5,10119800.0
20250911,603685,晨丰科技,18.94,18.87,18.94,18.45,2318800.0
20250911,603686,福龙马,19.1,18.89,19.33,18.58,42617500.0
20250911,603687,大胜达,8.53,8.58,8.65,8.38,14834300.0
20250911,603688,石英股份,37.3,38.79,38.99,37.21,17341900.0
20250911,603689,皖天然气,8.8,8.87,8.89,8.78,3253400.0
20250911,603690,至纯科技,26.39,27.42,27.46,26.0,26607000.0
20250911,603693,江苏新能,13.16,13.25,13.25,13.05,4931900.0
20250911,603696,安记食品,13.38,13.29,13.48,13.03,21970500.0
20250911,603697,有友食品,12.55,12.57,12.59,12.28,10105800.0
20250911,603698,航天工程,17.44,18.68,18.68,17.44,15970300.0
20250911,603699,纽威股份,35.6,36.34,36.68,35.19,5852300.0
20250911,603700,宁水集团,12.49,12.61,12.65,12.22,4852200.0
20250911,603701,德宏股份,19.11,19.3,19.36,18.8,5136500.0
20250911,603703,盛洋科技,9.88,10.07,10.08,9.78,8243600.0
20250911,603706,东方环宇,21.0,20.91,21.05,20.61,1565200.0
20250911,603707,健友股份,11.16,11.15,11.17,10.85,19082100.0
20250911,603708,家家悦,11.46,11.48,11.59,11.34,7924800.0
20250911,603709,中源家居,14.9,14.74,14.99,14.6,11940700.0
20250911,603711,香飘飘,13.76,13.73,13.8,13.57,3395300.0
20250911,603712,七一二,22.0,21.83,22.05,21.53,15886600.0
20250911,603713,密尔克卫,66.29,68.0,68.29,65.03,2326000.0
20250911,603716,塞力医疗,28.0,28.46,28.69,26.71,28817000.0
20250911,603717,天域生物,9.63,9.81,10.02,9.48,33443800.0
20250911,603719,良品铺子,13.62,13.78,13.78,13.44,6992200.0
20250911,603721,中广天择,22.66,22.38,22.88,22.2,2326800.0
20250911,603722,阿科力,45.17,45.71,46.69,44.8,2133500.0
20250911,603725,天安新材,10.0,10.05,10.11,9.84,5244800.0
20250911,603726,朗迪集团,18.86,19.31,19.34,18.61,3634400.0
20250911,603727,博迈科,13.99,13.9,14.0,13.68,4269400.0
20250911,603728,鸣志电器,68.5,72.26,72.54,68.41,28436400.0
20250911,603730,岱美股份,5.8,5.83,5.83,5.72,13081300.0
20250911,603733,仙鹤股份,24.0,24.39,24.48,23.94,2904400.0
20250911,603737,三棵树,46.9,47.39,47.63,46.68,2985100.0
20250911,603738,泰晶科技,14.7,15.15,15.15,14.51,14198700.0
20250911,603739,蔚蓝生物,14.44,14.48,14.49,14.24,3370900.0
20250911,603755,日辰股份,28.27,27.95,28.41,27.75,1151700.0
20250911,603757,大元泵业,48.4,51.53,53.6,47.41,25161600.0
20250911,603758,秦安股份,14.76,14.94,15.07,14.66,8027300.0
20250911,603759,海天股份,8.02,8.05,8.13,7.9,7696400.0
20250911,603766,隆鑫通用,12.6,12.28,12.65,12.11,54311100.0
20250911,603767,中马传动,30.16,30.14,30.88,29.63,28289300.0
20250911,603768,常青股份,12.91,12.92,12.97,12.72,3060200.0
20250911,603773,沃格光电,37.28,37.29,38.15,36.68,10178900.0
20250911,603776,永安行,20.88,20.99,21.66,20.03,12202100.0
20250911,603777,来伊份,14.81,14.6,14.92,14.41,16279000.0
20250911,603778,国晟科技,3.98,3.94,3.99,3.91,36693100.0
20250911,603779,威龙股份,7.25,7.24,7.25,7.15,5727400.0
20250911,603786,科博达,62.34,62.36,62.65,60.69,4561300.0
20250911,603787,新日股份,13.25,13.12,13.45,12.95,13111200.0
20250911,603788,宁波高发,16.63,16.95,16.96,16.34,4653700.0
20250911,603790,雅运股份,20.0,21.7,21.77,19.59,15279500.0
20250911,603797,联泰环保,4.7,4.72,4.72,4.62,6155800.0
20250911,603798,康普顿,15.53,15.94,16.12,15.4,8276700.0
20250911,603799,华友钴业,51.0,51.65,51.76,50.25,72967100.0
20250911,603800,洪田股份,50.66,53.62,55.66,49.4,13686700.0
20250911,603801,志邦家居,10.0,10.02,10.03,9.89,7310100.0
20250911,603803,瑞斯康达,8.53,9.02,9.02,8.49,21751900.0
20250911,603806,福斯特,15.78,16.61,16.77,15.71,58885300.0
20250911,603808,歌力思,8.33,8.28,8.33,8.12,5650500.0
20250911,603809,豪能股份,14.42,14.67,14.68,14.23,27921700.0
20250911,603810,丰山集团,15.36,15.38,15.52,15.15,1890400.0
20250911,603811,诚意药业,13.68,13.98,13.99,13.32,8926900.0
20250911,603813,原尚股份,21.2,21.43,21.75,21.08,1367700.0
20250911,603815,交建股份,11.28,11.3,11.63,10.99,28743200.0
20250911,603816,顾家家居,30.61,30.84,31.05,30.51,6064900.0
20250911,603817,海峡环保,6.56,6.52,6.59,6.4,20291900.0
20250911,603818,曲美家居,4.01,4.08,4.09,3.97,15717700.0
20250911,603819,神力股份,12.2,12.3,12.31,12.04,4066600.0
20250911,603823,百合花,13.85,13.96,14.02,13.66,10934000.0
20250911,603826,坤彩科技,20.07,20.11,20.16,19.87,2978800.0
20250911,603829,洛凯股份,19.2,19.44,19.91,19.05,4552300.0
20250911,603833,欧派家居,58.31,58.11,58.8,57.7,3661700.0
20250911,603836,海程邦达,14.27,14.16,14.27,14.06,2650400.0
20250911,603839,安正时尚,8.81,8.58,8.82,8.41,37687000.0
20250911,603848,好太太,28.62,29.44,29.95,27.8,7453600.0
20250911,603855,华荣股份,20.18,20.26,20.28,20.0,3981700.0
20250911,603856,东宏股份,11.64,11.72,11.73,11.51,2701300.0
20250911,603858,步长制药,18.93,19.32,19.33,18.72,7198200.0
20250911,603859,能科科技,43.23,45.19,45.45,42.31,17137000.0
20250911,603860,中公高科,31.19,31.4,31.4,30.78,957000.0
20250911,603861,白云电器,10.13,11.2,11.2,9.98,40325100.0
20250911,603863,松炀资源,21.26,21.06,21.26,20.35,16531500.0
20250911,603866,桃李面包,5.87,5.89,5.95,5.84,39833400.0
20250911,603867,新化股份,30.53,30.63,31.0,30.11,4025400.0
20250911,603868,飞科电器,37.42,37.57,37.59,37.13,923000.0
20250911,603871,嘉友国际,12.62,12.56,12.72,12.44,9500200.0
20250911,603876,鼎胜新材,12.15,12.2,12.63,12.07,65441600.0
20250911,603877,太平鸟,14.24,14.23,14.26,14.11,1341300.0
20250911,603878,武进不锈,6.55,7.05,7.2,6.55,68392700.0
20250911,603879,永悦科技,6.66,6.45,6.66,6.24,22624700.0
20250911,603880,南卫股份,6.4,6.38,6.4,6.26,6132400.0
20250911,603881,数据港,33.36,33.73,33.79,32.43,80150700.0
20250911,603882,金域医学,31.95,32.13,32.17,31.13,9191100.0
20250911,603883,老百姓,17.28,17.38,17.38,17.0,14862900.0
20250911,603885,吉祥航空,12.82,12.85,12.88,12.56,22429000.0
20250911,603886,元祖股份,13.09,13.08,13.16,12.92,4260700.0
20250911,603887,城地香江,17.92,18.08,18.15,17.51,19204400.0
20250911,603888,新华网,19.72,20.11,20.12,19.58,10568600.0
20250911,603889,新澳股份,6.26,6.23,6.3,6.16,8151600.0
20250911,603890,春秋电子,13.01,13.61,13.62,13.01,17306800.0
20250911,603893,瑞芯微,199.88,211.79,212.44,198.52,17930100.0
20250911,603895,天永智能,32.15,32.25,32.34,31.6,3990400.0
20250911,603896,寿仙谷,21.33,21.44,21.46,21.2,1712000.0
20250911,603897,长城科技,26.16,26.51,26.51,25.86,3554800.0
20250911,603898,好莱客,10.95,10.81,10.95,10.61,2796700.0
20250911,603899,晨光股份,30.35,30.54,30.55,29.96,5060800.0
20250911,603900,莱绅通灵,11.73,11.45,11.75,11.22,27644700.0
20250911,603901,永创智能,10.59,10.8,10.91,10.53,9117700.0
20250911,603903,中持股份,11.28,12.0,12.08,11.19,14477000.0
20250911,603906,龙蟠科技,15.43,15.39,15.63,15.26,27370900.0
20250911,603908,牧高笛,24.8,24.83,24.86,24.24,1994000.0
20250911,603909,建发合诚,10.82,10.86,10.89,10.4,2588700.0
20250911,603912,佳力图,9.55,9.86,9.9,9.5,21004700.0
20250911,603915,国茂股份,16.79,17.19,17.21,16.52,15995700.0
20250911,603916,苏博特,11.0,10.96,11.0,10.84,6344100.0
20250911,603917,合力科技,14.05,14.12,14.2,13.78,15122700.0
20250911,603918,金桥信息,18.24,18.49,18.54,17.91,17747700.0
20250911,603919,金徽酒,22.33,22.75,23.0,22.16,9463800.0
20250911,603920,世运电路,40.76,42.55,42.55,40.33,47187400.0
20250911,603926,铁流股份,16.01,15.98,16.18,15.62,11792100.0
20250911,603927,中科软,20.32,20.77,20.78,20.15,14186700.0
20250911,603928,兴业股份,15.71,16.01,16.03,15.49,5438600.0
20250911,603929,亚翔集成,40.14,42.98,43.4,40.02,5401500.0
20250911,603931,格林达,25.88,26.45,26.48,25.63,2955000.0
20250911,603933,睿能科技,15.76,16.07,16.18,15.48,4398800.0
20250911,603936,博敏电子,11.61,12.15,12.43,11.56,81155500.0
20250911,603937,丽岛新材,11.9,11.79,11.9,11.67,6100900.0
20250911,603938,三孚股份,14.14,14.29,14.29,14.12,2577300.0
20250911,603939,益丰药房,25.5,26.18,26.29,25.08,11042300.0
20250911,603948,建业股份,26.0,25.41,26.0,24.98,10425600.0
20250911,603949,雪龙集团,19.71,20.38,21.6,19.36,12175800.0
20250911,603950,长源东谷,34.37,34.04,34.95,33.5,9652900.0
20250911,603955,大千生态,37.02,37.12,37.47,37.0,2027800.0
20250911,603956,威派格,6.61,6.68,6.68,6.54,10755000.0
20250911,603958,哈森股份,16.83,16.88,16.9,16.65,3649400.0
20250911,603960,克来机电,19.97,20.42,20.45,19.83,9034100.0
20250911,603966,法兰泰克,11.24,11.22,11.27,11.01,9270100.0
20250911,603967,中创物流,11.79,11.78,11.81,11.59,3663000.0
20250911,603968,醋化股份,12.58,12.64,12.65,12.3,2374200.0
20250911,603969,银龙股份,9.31,9.72,9.81,9.21,34805600.0
20250911,603970,中农立华,13.79,13.89,13.9,13.73,2773000.0
20250911,603976,正川股份,20.6,20.6,20.66,20.02,1345200.0
20250911,603977,国泰集团,12.35,12.51,12.52,12.28,8531000.0
20250911,603978,深圳新星,19.22,21.14,21.14,19.22,26199600.0
20250911,603979,金诚信,61.87,63.0,63.0,60.9,6874700.0
20250911,603980,吉华集团,5.56,5.54,5.59,5.43,17170300.0
20250911,603982,泉峰汽车,9.74,9.75,9.76,9.59,13780200.0
20250911,603983,丸美生物,39.96,40.07,40.07,39.39,1411400.0
20250911,603985,恒润股份,15.63,16.24,16.24,15.5,14371600.0
20250911,603986,兆易创新,161.26,177.42,177.42,160.0,55442400.0
20250911,603987,康德莱,9.34,9.47,9.47,9.2,11357100.0
20250911,603988,中电电机,26.4,26.7,26.82,25.98,9609700.0
20250911,603989,艾华集团,17.65,19.6,19.6,17.52,11780500.0
20250911,603990,麦迪科技,14.67,14.73,14.73,14.48,6782600.0
20250911,603991,领先股份,65.0,65.88,66.66,64.57,2811400.0
20250911,603992,松霖科技,28.74,29.04,29.36,27.9,8194900.0
20250911,603993,洛阳钼业,12.56,13.0,13.0,12.5,246496900.0
20250911,603995,甬金股份,18.18,18.26,18.28,18.07,6018800.0
20250911,603997,继峰股份,11.68,11.92,11.95,11.55,11741300.0
20250911,603998,方盛制药,11.23,11.24,11.25,10.99,13442800.0
20250911,603999,读者传媒,6.8,6.75,6.8,6.63,8115800.0
20250911,605001,威奥股份,7.53,7.56,7.59,7.4,5060000.0
20250911,605003,众望布艺,23.38,23.31,23.47,23.08,1359400.0
20250911,605005,合兴股份,18.88,19.1,19.27,18.51,3301700.0
20250911,605006,山东玻纤,8.37,8.73,8.83,8.35,47118000.0
20250911,605007,五洲特纸,12.19,12.18,12.24,12.02,2261200.0
20250911,605008,长鸿高科,14.93,15.22,15.35,14.87,3760700.0
20250911,605009,豪悦护理,34.44,34.72,34.75,34.13,2707400.0
20250911,605011,杭州热电,21.63,21.62,21.64,21.45,2610100.0
20250911,605016,百龙创园,21.42,21.09,21.51,20.7,7638800.0
20250911,605018,长华集团,12.19,12.38,12.44,12.14,5538500.0
20250911,605020,永和股份,27.54,28.1,28.28,27.28,7867800.0
20250911,605028,世茂能源,26.0,25.11,26.7,24.9,13470200.0
20250911,605033,美邦股份,23.13,23.54,23.55,22.86,3544200.0
20250911,605050,福然德,20.3,20.23,20.44,18.89,23247300.0
20250911,605055,迎丰股份,8.53,8.56,8.75,8.27,21683200.0
20250911,605056,咸亨国际,13.83,14.05,14.14,13.72,2490700.0
20250911,605058,澳弘电子,27.88,30.55,30.55,27.68,6464400.0
20250911,605060,联德股份,26.52,27.79,27.93,25.9,3818700.0
20250911,605066,天正电气,7.69,7.83,7.85,7.6,13550000.0
20250911,605068,明新旭腾,27.22,28.36,28.65,26.53,5693000.0
20250911,605069,正和生态,11.17,11.46,11.83,11.12,28536600.0
20250911,605077,华康股份,18.68,18.64,18.79,18.43,3870000.0
20250911,605080,浙江自然,26.94,26.89,26.95,26.51,2216300.0
20250911,605086,龙高股份,26.35,26.18,26.35,25.55,1634300.0
20250911,605088,冠盛股份,37.5,37.99,38.13,37.2,4308600.0
20250911,605089,味知香,27.42,27.66,27.8,27.02,1648600.0
20250911,605090,九丰能源,31.16,31.74,31.91,30.89,8664300.0
20250911,605098,行动教育,36.79,36.6,36.79,36.1,838700.0
20250911,605099,共创草坪,36.89,35.16,37.43,34.8,12929900.0
20250911,605100,华丰股份,24.74,25.62,25.78,24.36,5513700.0
20250911,605108,同庆楼,21.37,21.29,21.44,20.9,4169600.0
20250911,605111,新洁能,32.86,33.88,33.89,32.64,12414400.0
20250911,605116,奥锐特,23.1,23.11,23.14,22.36,3519900.0
20250911,605117,德业股份,70.8,74.49,74.5,69.89,36057300.0
20250911,605118,力鼎光电,29.14,30.25,30.42,29.03,3738200.0
20250911,605122,四方新材,13.84,13.88,13.88,13.55,2357100.0
20250911,605123,派克新材,73.08,74.09,74.4,71.38,3985100.0
20250911,605128,上海沿浦,38.95,39.33,39.48,37.71,4178200.0
20250911,605133,嵘泰股份,42.96,43.7,44.33,42.16,8041100.0
20250911,605136,丽人丽妆,10.66,10.71,11.32,10.53,49121200.0
20250911,605138,盛泰集团,8.38,8.47,8.47,8.23,7221700.0
20250911,605151,西上海,20.4,20.35,20.44,19.9,2675500.0
20250911,605155,西大门,14.43,14.5,14.57,14.16,2233100.0
20250911,605158,华达新材,9.1,9.06,9.1,8.92,4024400.0
20250911,605162,新中港,9.02,9.07,9.08,8.97,4321600.0
20250911,605166,聚合顺,12.21,12.31,12.31,11.98,9434200.0
20250911,605167,利柏特,10.92,11.01,11.03,10.73,6005500.0
20250911,605168,三人行,31.52,31.94,32.05,30.92,3825600.0
20250911,605169,洪通燃气,14.72,14.9,14.91,14.52,4151100.0
20250911,605177,东亚药业,19.85,20.1,20.1,19.47,1639800.0
20250911,605178,时空科技,23.82,24.28,24.44,23.46,2821600.0
20250911,605179,一鸣食品,23.0,22.97,23.26,22.6,10309400.0
20250911,605180,华生科技,16.52,16.47,16.58,16.18,4002000.0
20250911,605183,确成股份,20.54,20.67,20.75,20.2,2817000.0
20250911,605186,健麾信息,20.93,21.0,21.08,20.54,1803000.0
20250911,605188,国光连锁,17.81,19.78,19.78,17.6,43642400.0
20250911,605189,富春染织,14.54,14.64,14.72,14.33,3081500.0
20250911,605196,华通线缆,26.7,26.65,27.1,26.26,12468500.0
20250911,605198,安德利,45.42,45.65,45.8,44.85,1427900.0
20250911,605208,永茂泰,14.85,15.45,15.68,14.7,33524500.0
20250911,605218,伟时电子,22.01,22.5,22.54,21.75,3779800.0
20250911,605222,起帆电缆,17.63,17.69,17.92,17.45,4984700.0
20250911,605228,神通科技,16.6,17.23,17.28,16.48,5323200.0
20250911,605258,协和电子,34.41,35.88,35.88,34.39,5013500.0
20250911,605259,绿田机械,26.65,26.72,26.9,26.31,2643000.0
20250911,605266,健之佳,21.78,21.9,21.92,21.47,1903700.0
20250911,605268,王力安防,11.01,11.06,11.5,10.71,23671400.0
20250911,605277,新亚电子,25.35,26.8,27.35,25.33,44883000.0
20250911,605286,同力天启,44.02,44.11,44.55,43.4,2359400.0
20250911,605287,德才股份,19.35,21.26,21.26,19.35,5460600.0
20250911,605288,凯迪股份,98.8,104.2,106.4,95.58,3554300.0
20250911,605289,罗曼股份,44.52,48.97,48.97,44.43,5476200.0
20250911,605296,神农集团,32.41,33.51,34.66,32.33,12698900.0
20250911,605298,必得科技,42.99,41.3,43.08,38.7,12642400.0
20250911,605299,舒华体育,10.2,9.94,10.24,9.8,17778600.0
20250911,605300,佳禾食品,14.15,14.1,14.17,13.85,3208700.0
20250911,605303,园林股份,15.51,15.53,15.55,15.32,5873300.0
20250911,605305,中际联合,38.89,39.28,39.68,38.5,7244700.0
20250911,605318,法狮龙,33.22,33.8,34.52,32.92,2265200.0
20250911,605319,无锡振华,31.51,32.13,32.26,31.1,3596800.0
20250911,605333,沪光股份,32.17,33.32,33.57,32.02,5632000.0
20250911,605337,李子园,13.93,13.93,14.04,13.69,11666700.0
20250911,605338,巴比食品,24.37,23.98,24.52,23.42,3379900.0
20250911,605339,南侨食品,17.3,17.24,17.36,17.13,1013800.0
20250911,605358,立昂微,24.74,25.98,26.09,24.52,16621500.0
20250911,605365,立达信,15.12,15.4,15.66,14.92,2814800.0
20250911,605366,宏柏新材,6.36,6.33,6.41,6.2,13600200.0
20250911,605368,蓝天燃气,9.95,10.01,10.02,9.93,4788800.0
20250911,605369,拱东医疗,20.21,20.14,20.21,19.76,1612800.0
20250911,605376,博迁新材,47.1,48.67,49.3,46.54,5471200.0
20250911,605377,华旺科技,9.31,9.26,9.31,9.19,5724400.0
20250911,605378,野马电池,28.0,29.71,30.58,27.52,25766500.0
20250911,605388,均瑶健康,8.88,8.85,8.91,8.62,29904800.0
20250911,605389,长龄液压,43.67,44.93,45.0,43.22,1654700.0
20250911,605398,新炬网络,35.82,35.82,35.82,35.82,3844700.0
20250911,605399,晨光新材,13.53,13.51,13.54,13.38,4054300.0
20250911,605488,福莱新材,30.3,31.18,31.28,30.3,7895000.0
20250911,605499,东鹏饮料,296.05,299.78,299.98,293.53,1505800.0
20250911,605500,森林包装,10.26,10.37,10.68,10.06,22664400.0
20250911,605507,国邦医药,23.39,23.37,23.39,22.88,4442700.0
20250911,605555,德昌股份,17.71,17.67,17.81,17.28,7484300.0
20250911,605566,福莱蒽特,26.4,27.75,28.15,26.39,5854600.0
20250911,605567,春雪食品,10.56,10.58,10.63,10.45,3916300.0
20250911,605577,龙版传媒,14.08,14.9,14.98,13.94,16928400.0
20250911,605580,恒盛能源,25.73,26.57,27.18,25.61,12858100.0
20250911,605588,冠石科技,53.87,54.74,54.78,52.89,2436200.0
20250911,605589,圣泉集团,31.26,32.43,32.97,31.04,31857100.0
20250911,605598,上海港湾,25.58,25.95,26.09,25.33,3094400.0
20250911,605599,菜百股份,14.48,14.41,14.48,14.18,5497200.0
