日期,股票代码,股票名称,开盘价,收盘价,最高价,最低价,成交量(股)
20251230,000001,平安银行,11.53,11.48,11.56,11.45,58258400.0
20251230,000002,万  科Ａ,4.72,4.62,4.73,4.62,151736600.0
20251230,000006,深振业Ａ,9.8,9.86,9.99,9.61,30537200.0
20251230,000007,全新好,11.36,11.62,11.76,11.29,10322200.0
20251230,000008,神州高铁,2.86,2.85,2.89,2.84,44346300.0
20251230,000009,中国宝安,9.92,9.95,10.05,9.81,22164700.0
20251230,000011,深物业A,8.92,8.86,8.98,8.81,4387900.0
20251230,000012,南  玻Ａ,4.48,4.44,4.49,4.43,14619000.0
20251230,000014,沙河股份,13.69,13.55,13.94,13.55,7442100.0
20251230,000017,深中华A,8.06,7.88,8.08,7.8,21528800.0
20251230,000019,深粮控股,7.09,6.95,7.1,6.93,10667100.0
20251230,000020,深华发Ａ,14.06,13.74,14.08,13.64,5465000.0
20251230,000021,深科技,24.4,24.48,24.86,24.27,42425500.0
20251230,000025,特  力Ａ,17.6,17.43,17.66,17.37,6716800.0
20251230,000026,飞亚达,15.24,14.89,15.24,14.82,4925500.0
20251230,000027,深圳能源,6.64,6.57,6.64,6.55,18873800.0
20251230,000028,国药一致,24.6,24.61,24.66,24.49,1458400.0
20251230,000029,深深房Ａ,22.44,22.25,22.62,22.0,3975700.0
20251230,000030,富奥股份,5.72,5.75,5.78,5.64,10472600.0
20251230,000031,大悦城,2.87,2.82,2.88,2.82,13165800.0
20251230,000032,深桑达Ａ,19.55,19.54,19.95,19.52,13846200.0
20251230,000034,神州数码,39.19,39.28,40.15,39.0,17692400.0
20251230,000035,中国天楹,5.58,5.54,5.6,5.53,18544400.0
20251230,000036,华联控股,6.75,6.74,6.93,6.33,228041200.0
20251230,000037,深南电A,8.35,8.26,8.38,8.23,5837300.0
20251230,000039,中集集团,9.44,10.04,10.16,9.4,114305600.0
20251230,000042,中洲控股,7.46,7.44,7.49,7.36,2658300.0
20251230,000045,深纺织Ａ,12.1,12.02,12.17,12.01,4466100.0
20251230,000048,京基智农,16.56,17.23,17.47,16.3,45354800.0
20251230,000049,德赛电池,27.06,27.18,27.29,26.86,4746600.0
20251230,000050,深天马Ａ,8.86,8.87,8.93,8.83,17787200.0
20251230,000055,方大集团,4.19,4.14,4.2,4.13,8245700.0
20251230,000058,深 赛 格,9.37,9.34,9.44,9.31,10152500.0
20251230,000059,华锦股份,5.19,5.35,5.45,5.11,42712200.0
20251230,000060,中金岭南,5.62,5.8,5.84,5.59,146025400.0
20251230,000061,农 产 品,10.14,10.56,10.77,10.13,36611600.0
20251230,000062,深圳华强,24.59,24.76,24.93,24.5,8315900.0
20251230,000063,中兴通讯,37.26,37.27,37.66,37.2,75279800.0
20251230,000065,北方国际,12.25,12.19,12.33,12.16,13294700.0
20251230,000066,中国长城,14.28,14.29,14.44,14.28,33115200.0
20251230,000068,华控赛格,3.41,3.38,3.41,3.36,7716400.0
20251230,000069,华侨城Ａ,2.5,2.48,2.51,2.47,66678100.0
20251230,000070,特发信息,12.13,11.98,12.38,11.93,62193700.0
20251230,000088,盐 田 港,4.48,4.43,4.49,4.43,27415300.0
20251230,000089,深圳机场,7.04,6.95,7.05,6.93,13337900.0
20251230,000090,天健集团,3.73,3.68,3.73,3.67,21372800.0
20251230,000096,广聚能源,10.41,10.34,10.49,10.28,4879500.0
20251230,000099,中信海直,20.34,20.5,20.93,20.33,13115900.0
20251230,000100,TCL科技,4.46,4.54,4.59,4.45,390725100.0
20251230,000151,中成股份,12.01,11.93,12.02,11.92,3375400.0
20251230,000153,丰原药业,6.32,6.31,6.35,6.26,4854600.0
20251230,000155,川能动力,11.67,11.76,11.91,11.46,33498700.0
20251230,000156,华数传媒,7.46,7.5,7.6,7.45,7122300.0
20251230,000157,中联重科,8.44,8.55,8.66,8.4,56862800.0
20251230,000158,常山北明,20.6,20.63,20.82,20.51,45344100.0
20251230,000159,国际实业,5.84,6.02,6.14,5.81,33317000.0
20251230,000166,申万宏源,5.28,5.28,5.32,5.27,63064700.0
20251230,000301,东方盛虹,10.92,11.37,11.5,10.87,44730800.0
20251230,000333,美的集团,78.16,78.85,79.38,78.12,21362200.0
20251230,000338,潍柴动力,17.21,17.36,17.58,17.15,55742300.0
20251230,000400,许继电气,25.86,25.79,26.18,25.7,15991900.0
20251230,000401,金隅冀东,4.45,4.39,4.45,4.39,15098800.0
20251230,000402,金 融 街,2.75,2.73,2.75,2.73,9670300.0
20251230,000403,派林生物,13.91,13.78,13.95,13.73,8044600.0
20251230,000404,长虹华意,6.77,6.73,6.78,6.72,5170700.0
20251230,000407,胜利股份,5.29,5.18,5.3,5.05,105430700.0
20251230,000408,藏格矿业,81.37,83.89,84.37,80.66,13710600.0
20251230,000409,云鼎科技,11.08,11.05,11.23,11.03,8489800.0
20251230,000410,沈阳机床,7.15,7.22,7.27,7.12,17733800.0
20251230,000411,英特集团,12.1,13.23,13.23,11.92,41982900.0
20251230,000415,渤海租赁,4.07,4.09,4.14,4.03,70288100.0
20251230,000417,合百集团,7.71,7.84,7.95,7.65,49935100.0
20251230,000419,通程控股,6.63,6.45,6.65,6.34,22270600.0
20251230,000420,吉林化纤,4.76,4.61,5.11,4.58,621078500.0
20251230,000421,南京公用,6.82,6.85,6.89,6.73,10955300.0
20251230,000422,湖北宜化,14.1,14.54,14.74,13.92,37447600.0
20251230,000423,东阿阿胶,48.9,48.92,48.97,48.66,3460900.0
20251230,000425,徐工机械,11.17,11.33,11.59,11.15,79640500.0
20251230,000426,兴业银锡,34.72,36.7,37.2,34.42,81525900.0
20251230,000428,华天酒店,3.32,3.27,3.33,3.25,21672700.0
20251230,000429,粤高速Ａ,11.96,11.97,12.05,11.87,5450200.0
20251230,000430,张家界,7.57,7.57,7.57,7.57,46800.0
20251230,000498,山东路桥,6.06,6.02,6.08,6.01,11768800.0
20251230,000501,武商集团,10.02,9.95,10.24,9.89,20589300.0
20251230,000503,国新健康,9.02,8.94,9.06,8.93,6755900.0
20251230,000504,南华生物,9.19,8.83,9.19,8.83,2185000.0
20251230,000505,京粮控股,8.95,8.66,9.04,8.63,66247100.0
20251230,000506,招金黄金,12.97,13.2,13.37,12.72,27219100.0
20251230,000507,珠海港,5.27,5.21,5.28,5.2,8009900.0
20251230,000509,华塑控股,3.44,3.4,3.46,3.36,16901400.0
20251230,000510,新金路,11.66,12.3,12.63,11.55,86255500.0
20251230,000513,丽珠集团,34.53,34.53,34.66,34.42,3498900.0
20251230,000514,渝 开 发,4.95,4.91,4.97,4.91,12206000.0
20251230,000516,国际医学,4.37,4.32,4.39,4.3,22517400.0
20251230,000517,荣安地产,1.8,1.79,1.81,1.77,21744400.0
20251230,000518,四环生物,2.41,2.39,2.41,2.38,4275100.0
20251230,000519,中兵红箭,17.95,17.96,18.18,17.86,29109500.0
20251230,000520,凤凰航运,4.91,4.89,4.94,4.78,24879800.0
20251230,000521,长虹美菱,6.51,6.44,6.52,6.42,7978200.0
20251230,000523,红棉股份,3.88,3.84,3.92,3.79,89132800.0
20251230,000524,岭南控股,11.98,11.97,12.13,11.92,6023700.0
20251230,000525,红太阳,5.54,5.48,5.54,5.45,15023300.0
20251230,000526,学大教育,38.37,38.05,38.49,37.88,1631500.0
20251230,000528,柳    工,12.14,11.95,12.31,11.91,53730300.0
20251230,000529,广弘控股,6.13,6.03,6.16,6.03,8621700.0
20251230,000530,冰山冷热,6.8,7.52,7.52,6.69,84255700.0
20251230,000531,穗恒运Ａ,6.54,6.47,6.57,6.43,9201200.0
20251230,000532,华金资本,16.21,16.28,16.69,16.06,19835300.0
20251230,000533,顺钠股份,8.56,8.48,8.7,8.43,38723200.0
20251230,000534,万泽股份,23.31,21.94,23.4,21.48,34041000.0
20251230,000536,华映科技,4.92,4.85,4.95,4.85,95944100.0
20251230,000537,绿发电力,8.27,8.25,8.29,8.23,10461000.0
20251230,000538,云南白药,56.69,56.94,56.98,56.59,5773100.0
20251230,000539,粤电力Ａ,4.5,4.42,4.51,4.41,30057500.0
20251230,000541,佛山照明,6.05,5.99,6.05,5.99,6897000.0
20251230,000543,皖能电力,8.24,8.02,8.32,8.0,63472600.0
20251230,000544,中原环保,8.31,8.31,8.33,8.21,5066500.0
20251230,000545,金浦钛业,2.98,2.91,2.99,2.86,39608600.0
20251230,000546,金圆股份,6.6,6.55,6.78,6.38,73670200.0
20251230,000547,航天发展,32.01,30.01,33.88,29.75,675928800.0
20251230,000548,湖南投资,5.47,5.37,5.48,5.37,7701000.0
20251230,000550,江铃汽车,18.85,19.02,19.2,18.76,4073300.0
20251230,000551,创元科技,14.0,14.15,15.0,13.75,103985000.0
20251230,000552,甘肃能化,2.34,2.33,2.35,2.32,38288200.0
20251230,000553,安道麦A,5.61,5.53,5.62,5.49,8738000.0
20251230,000554,泰山石油,6.51,6.57,6.59,6.41,19378700.0
20251230,000555,神州信息,16.41,16.36,16.7,16.26,35218700.0
20251230,000557,西部创业,5.12,5.02,5.12,5.0,11324500.0
20251230,000558,天府文旅,5.14,5.12,5.16,5.08,26908700.0
20251230,000559,万向钱潮,13.88,15.69,15.69,13.8,234679000.0
20251230,000560,我爱我家,2.88,2.87,2.89,2.87,53986900.0
20251230,000561,烽火电子,12.0,12.34,12.65,11.8,80333600.0
20251230,000563,陕国投Ａ,3.49,3.46,3.5,3.45,39502600.0
20251230,000564,供销大集,2.5,2.49,2.52,2.48,296559600.0
20251230,000565,渝三峡Ａ,7.52,7.49,7.6,7.47,7324200.0
20251230,000566,海南海药,7.53,7.09,7.61,7.08,157707300.0
20251230,000567,海德股份,6.78,6.49,6.8,6.47,41449100.0
20251230,000568,泸州老窖,117.17,117.85,118.1,116.7,5283200.0
20251230,000570,苏常柴Ａ,5.6,5.56,5.62,5.51,7555700.0
20251230,000571,新大洲A,5.99,5.82,5.99,5.79,30105600.0
20251230,000572,海马汽车,8.39,8.16,8.4,8.14,163062700.0
20251230,000573,粤宏远Ａ,4.1,4.08,4.15,4.06,11555400.0
20251230,000576,甘化科工,10.52,10.4,10.58,10.39,6085300.0
20251230,000581,威孚高科,20.39,20.67,20.71,20.36,7995400.0
20251230,000582,北部湾港,9.59,9.3,9.65,9.27,70566300.0
20251230,000586,汇源通信,13.78,13.62,14.08,13.61,4190900.0
20251230,000589,贵州轮胎,5.13,5.23,5.31,5.09,49858100.0
20251230,000590,古汉医药,11.02,10.92,11.06,10.9,2363000.0
20251230,000591,太阳能,4.5,4.45,4.51,4.43,49531000.0
20251230,000592,平潭发展,16.3,16.8,16.86,15.5,515518300.0
20251230,000593,德龙汇能,11.5,11.21,11.55,11.02,19833000.0
20251230,000595,新能股份,5.63,5.64,5.69,5.62,5486800.0
20251230,000596,古井贡酒,135.99,135.62,136.61,134.21,3099400.0
20251230,000597,东北制药,5.25,5.24,5.28,5.2,7346400.0
20251230,000598,兴蓉环境,7.1,7.05,7.12,7.01,22170500.0
20251230,000599,青岛双星,6.58,6.48,6.74,6.46,21512900.0
20251230,000600,建投能源,8.46,8.43,8.54,8.36,21762800.0
20251230,000601,韶能股份,4.71,4.72,4.74,4.68,10628800.0
20251230,000603,盛达资源,29.92,30.62,31.1,29.1,37015500.0
20251230,000605,渤海股份,6.76,6.7,6.78,6.63,4655100.0
20251230,000607,华媒控股,4.12,4.1,4.18,4.09,11244500.0
20251230,000608,阳光股份,2.58,2.63,2.66,2.55,13525700.0
20251230,000612,焦作万方,10.58,11.09,11.21,10.46,64947400.0
20251230,000617,中油资本,9.81,9.71,9.94,9.69,166196500.0
20251230,000619,海螺新材,6.29,6.21,6.32,6.2,5271400.0
20251230,000620,盈新发展,2.7,2.74,2.8,2.64,272243500.0
20251230,000623,吉林敖东,19.62,19.62,19.79,19.53,8543400.0
20251230,000625,长安汽车,11.86,11.9,12.05,11.84,64644500.0
20251230,000626,远大控股,8.05,7.99,8.11,7.92,6343100.0
20251230,000628,高新发展,45.87,46.59,48.38,45.63,10011600.0
20251230,000629,钒钛股份,3.08,3.1,3.12,3.04,93101400.0
20251230,000630,铜陵有色,5.56,5.8,5.85,5.55,352390700.0
20251230,000631,顺发恒能,3.25,3.2,3.25,3.19,12778600.0
20251230,000633,合金投资,7.27,7.27,7.39,7.2,15756700.0
,000635,英 力 特,9.2,8.97,9.21,8.93,5571600.0
20251230,000636,风华高科,16.36,16.39,16.75,16.35,29675400.0
20251230,000637,茂化实华,4.37,4.33,4.41,4.28,9339700.0
20251230,000650,仁和药业,5.71,5.67,5.73,5.65,14571100.0
20251230,000651,格力电器,40.66,40.53,40.76,40.37,38389900.0
20251230,000652,泰达股份,4.27,4.19,4.29,4.19,19208400.0
20251230,000655,金岭矿业,9.53,9.49,9.6,9.36,8852000.0
20251230,000656,金科股份,1.44,1.44,1.46,1.44,61206300.0
20251230,000657,中钨高新,28.05,28.04,28.77,27.82,78075300.0
20251230,000659,珠海中富,3.98,3.9,4.17,3.78,219910800.0
20251230,000661,长春高新,93.0,92.74,93.58,92.66,3502600.0
20251230,000663,永安林业,7.61,7.56,7.71,7.44,13729600.0
20251230,000665,湖北广电,6.01,6.01,6.01,5.97,76281600.0
20251230,000668,荣丰控股,10.05,9.92,10.05,9.85,1700200.0
20251230,000670,盈方微,7.4,7.36,7.47,7.36,10785700.0
20251230,000672,上峰材料,11.6,11.81,11.99,11.51,16146400.0
20251230,000676,智度股份,8.36,8.55,8.67,8.34,48754600.0
20251230,000678,襄阳轴承,14.43,15.44,15.8,14.31,75364000.0
20251230,000679,大连友谊,7.39,7.22,7.41,7.18,8917700.0
20251230,000680,山推股份,11.49,11.93,12.19,11.44,31003500.0
20251230,000681,视觉中国,21.9,22.81,23.04,21.81,79232400.0
20251230,000682,东方电子,11.75,11.79,12.03,11.74,12414500.0
20251230,000683,博源化工,7.35,7.54,7.64,7.3,51732600.0
20251230,000685,中山公用,11.18,11.32,11.32,11.09,16252400.0
20251230,000686,东北证券,9.39,9.46,9.54,9.33,40568100.0
20251230,000688,国城矿业,26.0,26.86,27.45,25.88,24608200.0
20251230,000690,宝新能源,4.31,4.22,4.31,4.21,63454300.0
20251230,000691,亚太实业,9.45,9.1,9.45,9.0,17789900.0
20251230,000692,惠天热电,3.49,3.48,3.52,3.45,12466100.0
20251230,000695,滨海能源,13.34,13.03,13.39,12.84,20988900.0
20251230,000697,炼石航空,8.67,8.59,8.72,8.53,6760000.0
20251230,000700,模塑科技,13.07,13.89,13.89,12.88,115838900.0
20251230,000701,厦门信达,6.81,6.67,6.83,6.65,27466600.0
20251230,000702,正虹科技,6.69,6.68,6.83,6.61,6054100.0
20251230,000703,恒逸石化,9.94,10.98,10.98,9.93,92070500.0
20251230,000705,浙江震元,9.06,9.05,9.13,8.99,6680100.0
20251230,000707,双环科技,6.14,6.12,6.17,6.06,5460600.0
20251230,000708,中信特钢,15.96,16.16,16.24,15.89,9623700.0
20251230,000709,河钢股份,2.35,2.33,2.35,2.29,93694200.0
20251230,000710,贝瑞基因,11.25,11.16,11.33,11.15,4908900.0
20251230,000711,京蓝科技,1.74,1.74,1.78,1.73,63628500.0
20251230,000712,锦龙股份,12.01,12.15,12.18,11.98,10391500.0
20251230,000713,国投丰乐,6.7,6.66,6.75,6.64,8501900.0
20251230,000715,中兴商业,6.51,6.43,6.77,6.22,32743200.0
20251230,000716,黑芝麻,6.21,6.28,6.29,6.17,27388300.0
20251230,000717,中南股份,2.62,2.59,2.64,2.56,24479100.0
20251230,000718,苏宁环球,2.3,2.27,2.3,2.26,32852500.0
20251230,000719,中原传媒,11.69,11.65,11.76,11.63,5546100.0
20251230,000720,新能泰山,3.3,3.32,3.34,3.25,16375300.0
20251230,000721,西安饮食,8.99,8.94,9.03,8.87,15886300.0
20251230,000722,湖南发展,11.76,11.65,11.79,11.58,7029400.0
20251230,000723,美锦能源,4.74,4.76,4.8,4.69,54927600.0
20251230,000725,京东方Ａ,4.12,4.17,4.2,4.11,610001800.0
20251230,000726,鲁  泰Ａ,7.13,7.13,7.2,7.09,5982300.0
20251230,000727,冠捷科技,2.56,2.56,2.59,2.55,59541200.0
20251230,000728,国元证券,8.39,8.38,8.45,8.37,17885400.0
20251230,000729,燕京啤酒,11.26,11.18,11.27,11.16,27776300.0
20251230,000731,四川美丰,6.57,6.57,6.62,6.5,4467800.0
20251230,000733,振华科技,51.96,52.1,53.19,51.8,20025700.0
20251230,000735,罗 牛 山,9.4,9.0,9.45,8.95,125820300.0
20251230,000736,中交发展,5.29,5.32,5.33,5.25,7528100.0
20251230,000737,北方铜业,14.8,15.08,15.27,14.48,80075500.0
20251230,000738,航发控制,20.85,20.92,21.48,20.6,37801100.0
20251230,000739,普洛药业,16.11,16.27,16.31,16.05,4404300.0
20251230,000750,国海证券,4.26,4.26,4.3,4.24,40121600.0
20251230,000751,锌业股份,4.0,4.07,4.11,3.98,45963100.0
20251230,000753,漳州发展,8.2,8.0,8.24,7.95,45777000.0
20251230,000755,山西高速,5.15,5.05,5.15,5.03,7212200.0
20251230,000756,新华制药,15.58,15.53,15.65,15.47,9254900.0
20251230,000757,浩物股份,4.9,4.91,5.0,4.84,7675000.0
20251230,000758,中色股份,6.4,6.49,6.55,6.33,51939700.0
20251230,000759,中百集团,7.93,7.75,7.94,7.64,98365200.0
20251230,000761,本钢板材,3.38,3.35,3.4,3.3,11515800.0
20251230,000762,西藏矿业,26.28,26.55,26.97,25.81,18534500.0
20251230,000766,通化金马,27.6,27.39,27.95,27.27,12075400.0
20251230,000767,晋控电力,2.84,2.81,2.84,2.8,27576300.0
20251230,000768,中航西飞,25.3,25.04,25.42,24.94,26542300.0
20251230,000776,广发证券,21.89,21.96,22.2,21.85,39581200.0
20251230,000777,中核科技,26.2,25.85,27.14,25.68,54223700.0
20251230,000778,新兴铸管,4.17,4.18,4.2,4.11,45896400.0
20251230,000779,甘咨询,8.25,8.21,8.29,8.2,3276100.0
20251230,000782,恒申新材,5.05,5.0,5.08,4.97,12867000.0
20251230,000783,长江证券,8.15,8.19,8.25,8.13,48466400.0
20251230,000785,居然智家,2.97,2.94,2.98,2.93,52820600.0
20251230,000786,北新建材,24.52,24.78,25.0,24.51,9714200.0
20251230,000788,北大医药,6.15,6.1,6.18,6.07,16519400.0
20251230,000789,万年青,5.35,5.27,5.35,5.26,4762100.0
20251230,000790,华神科技,3.9,3.88,3.94,3.84,13738600.0
20251230,000791,甘肃能源,6.52,6.5,6.54,6.45,14473800.0
20251230,000792,盐湖股份,27.52,27.74,28.04,27.3,62134200.0
20251230,000795,英洛华,9.91,9.98,10.02,9.85,10201100.0
20251230,000796,凯撒旅业,7.13,6.79,7.2,6.75,184349900.0
20251230,000797,中国武夷,4.04,4.07,4.2,4.0,102676400.0
20251230,000798,中水渔业,10.95,10.64,10.95,10.6,23634600.0
20251230,000799,酒鬼酒,55.55,55.3,56.19,55.01,5341500.0
20251230,000800,一汽解放,6.78,6.78,6.81,6.74,10393900.0
20251230,000801,四川九洲,17.0,16.91,17.25,16.84,24587100.0
20251230,000802,北京文化,4.66,4.63,4.72,4.56,43190400.0
20251230,000803,山高环能,7.15,7.08,7.19,7.05,9638100.0
20251230,000807,云铝股份,29.0,31.65,31.73,28.9,61179300.0
20251230,000809,和展能源,3.34,3.31,3.35,3.29,12590300.0
20251230,000810,创维数字,11.73,11.71,11.87,11.66,11506000.0
20251230,000811,冰轮环境,18.51,18.76,19.03,18.32,34560000.0
20251230,000812,陕西金叶,4.88,4.77,4.88,4.74,32784600.0
20251230,000813,德展健康,3.88,3.86,3.89,3.83,17107200.0
20251230,000815,美利云,11.3,11.16,11.36,11.13,10514300.0
20251230,000816,智慧农业,3.85,3.88,4.28,3.75,214280500.0
20251230,000818,航锦科技,19.19,19.26,19.5,19.06,10039700.0
20251230,000819,岳阳兴长,16.39,16.22,16.44,16.15,4593800.0
20251230,000820,神雾节能,3.37,3.37,3.38,3.31,3723300.0
20251230,000822,山东海化,5.32,5.3,5.39,5.25,10739900.0
20251230,000823,超声电子,13.85,13.73,13.97,13.68,18582200.0
20251230,000825,太钢不锈,4.91,4.92,4.98,4.86,93509500.0
20251230,000828,东莞控股,10.75,10.78,10.79,10.67,5655500.0
20251230,000829,天音控股,10.51,10.55,10.71,10.51,15711000.0
20251230,000830,鲁西化工,16.2,16.68,17.08,16.13,26755200.0
20251230,000831,中国稀土,45.95,46.28,46.87,45.51,19691800.0
20251230,000833,粤桂股份,18.51,18.55,18.73,18.24,22159700.0
20251230,000837,秦川机床,12.6,12.99,13.07,12.56,38085200.0
20251230,000839,国安股份,2.62,2.61,2.67,2.6,27332400.0
20251230,000848,承德露露,8.47,8.51,8.54,8.47,7156600.0
20251230,000850,华茂股份,5.58,5.42,5.58,5.39,30970100.0
20251230,000852,石化机械,7.18,7.17,7.26,7.16,14927800.0
20251230,000856,冀东装备,10.28,10.31,10.44,10.15,5396400.0
20251230,000858,五 粮 液,107.9,107.36,107.99,107.02,15847000.0
20251230,000859,国风新材,10.83,10.77,11.6,10.61,183442900.0
20251230,000860,顺鑫农业,14.74,14.78,14.82,14.72,4161400.0
20251230,000862,银星能源,5.85,5.82,5.89,5.69,21853900.0
20251230,000863,三湘印象,5.88,6.22,6.39,5.8,124182700.0
20251230,000868,安凯客车,4.92,4.93,5.04,4.88,13508400.0
20251230,000869,张  裕Ａ,20.6,20.46,20.6,20.36,706900.0
20251230,000875,电投绿能,5.59,5.63,5.65,5.55,32358200.0
20251230,000876,新 希 望,9.2,9.26,9.33,9.19,28635900.0
20251230,000877,天山股份,5.36,5.34,5.38,5.29,12973100.0
20251230,000878,云南铜业,18.5,19.44,19.66,18.46,105156200.0
20251230,000880,潍柴重机,27.3,27.42,27.65,27.13,7672400.0
20251230,000881,中广核技,9.03,8.93,9.07,8.89,21000200.0
20251230,000882,华联股份,2.06,2.06,2.08,2.04,95450600.0
20251230,000883,湖北能源,4.58,4.56,4.59,4.55,23327500.0
20251230,000885,城发环境,13.66,13.71,13.74,13.6,2943200.0
20251230,000886,海南高速,7.06,6.75,7.08,6.72,64078500.0
20251230,000887,中鼎股份,22.8,23.75,23.99,22.73,59144200.0
20251230,000888,峨眉山Ａ,12.88,12.84,12.94,12.75,9669900.0
20251230,000889,中嘉博创,3.7,3.66,3.74,3.65,14987100.0
20251230,000890,法尔胜,5.15,5.16,5.25,5.11,29358800.0
20251230,000892,欢瑞世纪,6.97,6.84,7.08,6.83,35677300.0
20251230,000893,亚钾国际,46.02,47.94,48.35,45.8,11329100.0
20251230,000895,双汇发展,26.58,26.73,26.78,26.45,7628700.0
20251230,000897,津滨发展,2.28,2.27,2.29,2.26,17688100.0
20251230,000898,鞍钢股份,2.55,2.53,2.57,2.51,31304600.0
20251230,000899,赣能股份,10.1,10.02,10.11,9.9,10596700.0
20251230,000900,现代投资,4.1,4.09,4.11,4.07,11686600.0
20251230,000901,航天科技,25.56,26.91,27.72,25.15,172498300.0
20251230,000902,新洋丰,15.62,15.72,15.82,15.54,9938600.0
20251230,000905,厦门港务,14.8,13.86,14.8,13.8,74493500.0
20251230,000906,浙商中拓,5.98,5.94,5.99,5.9,4338000.0
20251230,000908,石药景峰,7.25,7.28,7.43,7.22,10816800.0
20251230,000910,大亚圣象,7.49,7.45,7.53,7.44,4210600.0
20251230,000912,泸天化,4.18,4.19,4.24,4.13,8960700.0
20251230,000913,钱江摩托,15.45,15.65,15.8,15.45,4736300.0
20251230,000915,华特达因,32.94,33.0,33.18,32.88,2221000.0
20251230,000917,电广传媒,11.58,10.35,11.58,10.35,207925100.0
20251230,000919,金陵药业,7.55,7.53,7.61,7.44,16156300.0
20251230,000920,沃顿科技,12.57,12.43,12.6,12.41,5237300.0
20251230,000921,海信家电,25.2,25.16,25.23,25.05,4199400.0
20251230,000922,佳电股份,13.7,13.66,13.82,13.58,13314200.0
20251230,000923,河钢资源,20.59,21.0,21.4,20.05,18146100.0
20251230,000925,众合科技,8.84,8.74,8.88,8.65,24605100.0
20251230,000926,福星股份,2.28,2.26,2.29,2.24,22760200.0
20251230,000927,中国铁物,2.61,2.59,2.62,2.57,43042500.0
20251230,000928,中钢国际,6.62,6.56,6.64,6.54,17895200.0
20251230,000929,兰州黄河,8.93,8.9,8.97,8.8,1730500.0
20251230,000930,中粮科技,5.82,5.8,5.86,5.77,9033600.0
20251230,000931,中 关 村,4.93,4.86,4.93,4.84,7403200.0
20251230,000932,华菱钢铁,5.62,5.6,5.67,5.57,51899200.0
20251230,000933,神火股份,26.0,27.18,27.35,25.82,48046700.0
20251230,000935,四川双马,25.1,25.0,25.42,24.9,6509000.0
20251230,000936,华西股份,8.5,8.58,9.1,8.4,96738900.0
20251230,000937,冀中能源,5.41,5.4,5.43,5.37,11801500.0
20251230,000938,紫光股份,24.69,24.73,24.92,24.58,35492600.0
20251230,000948,南天信息,17.86,17.84,18.25,17.8,12220700.0
20251230,000949,新乡化纤,5.53,5.57,5.71,5.44,56224600.0
20251230,000950,重药控股,6.05,5.94,6.08,5.93,57549600.0
20251230,000951,中国重汽,16.54,16.58,16.78,16.45,11338200.0
20251230,000952,广济药业,7.06,6.99,7.11,6.97,12462100.0
20251230,000953,中哲精化,7.28,7.22,7.35,7.21,9004300.0
20251230,000955,欣龙控股,6.6,6.23,6.61,6.2,45298700.0
20251230,000957,中通客车,10.95,10.96,11.02,10.88,10124700.0
20251230,000958,电投产融,6.6,6.52,6.65,6.5,39036500.0
20251230,000959,首钢股份,4.9,4.9,4.95,4.84,40130800.0
20251230,000960,锡业股份,26.02,27.57,27.8,25.99,50605300.0
20251230,000962,东方钽业,30.8,31.23,32.41,30.5,21487900.0
20251230,000963,华东医药,38.39,39.06,39.09,38.16,8536600.0
20251230,000965,天保基建,3.91,3.9,3.94,3.89,20643700.0
20251230,000966,长源电力,4.3,4.28,4.3,4.27,11230700.0
20251230,000967,盈峰环境,7.35,7.36,7.6,7.32,44685300.0
20251230,000968,蓝焰控股,6.65,6.61,6.68,6.55,7313700.0
20251230,000969,安泰科技,20.61,20.69,21.38,20.61,93977200.0
20251230,000970,中科三环,13.4,13.6,13.65,13.35,14923000.0
20251230,000972,中基健康,3.79,3.78,3.8,3.75,4298900.0
20251230,000973,佛塑科技,15.07,14.74,15.29,13.73,134464900.0
20251230,000975,山金国际,23.92,24.27,24.5,23.47,37824900.0
20251230,000977,浪潮信息,67.0,67.56,68.15,66.34,33438900.0
20251230,000978,桂林旅游,7.07,7.08,7.17,6.9,14360100.0
20251230,000980,众泰汽车,3.57,3.58,3.67,3.57,96105400.0
20251230,000981,山子高科,3.58,4.03,4.03,3.56,1151436500.0
20251230,000983,山西焦煤,6.5,6.47,6.5,6.42,22346700.0
20251230,000985,大庆华科,19.55,19.37,19.82,18.9,6021700.0
20251230,000987,越秀资本,8.44,8.12,8.49,8.1,171729000.0
20251230,000988,华工科技,79.4,80.71,82.2,79.06,52285100.0
20251230,000989,九芝堂,8.79,8.77,8.83,8.76,6070100.0
20251230,000990,诚志股份,7.95,7.92,8.01,7.85,13853600.0
20251230,000993,闽东电力,12.22,11.79,12.23,11.74,25112900.0
20251230,000995,皇台酒业,12.74,12.65,12.91,12.6,6923200.0
20251230,000997,新 大 陆,27.89,27.84,28.41,27.6,41174700.0
20251230,000998,隆平高科,9.43,9.41,9.54,9.38,15324600.0
20251230,000999,华润三九,28.54,28.54,28.67,28.38,4701700.0
20251230,001201,东瑞股份,14.7,14.69,14.83,14.62,3089700.0
20251230,001202,炬申股份,15.76,15.79,15.95,15.65,1525800.0
20251230,001203,大中矿业,30.4,31.11,32.07,29.78,32581900.0
20251230,001205,盛航股份,17.33,17.08,17.33,17.0,4447000.0
20251230,001206,依依股份,30.39,30.49,30.98,30.17,2277000.0
20251230,001207,联科科技,24.92,25.14,25.29,24.7,3729900.0
20251230,001208,华菱线缆,22.07,24.38,24.38,21.68,107241900.0
20251230,001209,洪兴股份,20.57,20.33,20.69,20.19,1978800.0
20251230,001210,金房能源,17.61,17.53,17.9,17.48,1459200.0
20251230,001211,双枪科技,26.38,26.13,26.58,26.0,1876600.0
20251230,001212,中旗新材,51.65,50.69,51.69,50.4,4710100.0
20251230,001213,中铁特货,4.07,4.04,4.08,4.04,9644900.0
20251230,001215,千味央厨,38.21,36.98,38.21,36.84,1324800.0
20251230,001216,华瓷股份,17.11,17.36,17.55,16.92,9462000.0
20251230,001217,华尔泰,15.16,14.44,15.3,14.39,33312800.0
20251230,001218,丽臣实业,23.13,23.0,23.32,22.71,1059800.0
20251230,001219,青岛食品,14.27,14.13,14.3,14.08,2469700.0
20251230,001221,悍高集团,57.59,57.49,57.99,57.15,862300.0
20251230,001222,源飞宠物,23.52,23.62,23.62,23.29,1499200.0
20251230,001223,欧克科技,47.38,48.5,48.8,46.1,1096300.0
20251230,001225,和泰机电,55.84,55.5,55.84,54.51,622600.0
20251230,001226,拓山重工,44.45,43.42,44.96,43.11,1121000.0
20251230,001227,兰州银行,2.33,2.32,2.33,2.32,22028600.0
20251230,001228,永泰运,26.47,26.13,26.52,26.01,1012700.0
20251230,001229,魅视科技,43.0,43.01,44.5,42.32,7483100.0
20251230,001230,劲旅环境,21.87,21.79,21.96,21.66,1168500.0
20251230,001231,农心科技,22.8,22.67,22.8,22.41,1819700.0
20251230,001233,海安集团,59.5,59.25,59.56,58.35,2235300.0
20251230,001234,泰慕士,27.3,26.96,27.36,26.7,1926200.0
20251230,001236,弘业期货,10.71,10.75,10.95,10.71,13485100.0
20251230,001238,浙江正特,49.55,49.54,50.15,49.2,232100.0
20251230,001239,永达股份,16.3,16.29,16.44,16.28,2120400.0
20251230,001255,博菲电气,32.29,32.16,32.55,31.87,2435400.0
20251230,001256,炜冈科技,21.52,22.02,22.07,21.4,1371300.0
20251230,001258,立新能源,7.15,7.06,7.22,7.05,9539400.0
20251230,001259,利仁科技,30.43,30.0,30.44,29.86,1072200.0
20251230,001260,坤泰股份,20.13,20.07,20.24,19.84,1143000.0
20251230,001266,宏英智能,34.54,35.79,35.79,33.2,9661900.0
20251230,001267,汇绿生态,21.32,21.89,22.64,21.32,36686400.0
20251230,001268,联合精密,37.5,37.42,37.84,36.7,2929000.0
20251230,001269,欧晶科技,24.23,23.9,24.26,23.86,1496000.0
20251230,001270,铖昌科技,88.53,87.3,88.54,82.58,22865900.0
20251230,001277,速达股份,39.69,39.28,39.69,39.2,619400.0
20251230,001278,一彬科技,19.66,19.57,19.92,19.41,1987500.0
20251230,001279,强邦新材,33.9,34.19,34.42,33.9,410200.0
20251230,001280,中国铀业,61.98,60.89,61.99,60.71,22228500.0
20251230,001282,三联锻造,20.9,21.19,21.4,20.64,4970900.0
20251230,001283,豪鹏科技,69.79,69.37,69.79,68.73,2462000.0
20251230,001285,瑞立科密,55.65,55.62,56.2,53.9,4735900.0
20251230,001286,陕西能源,9.54,9.4,9.55,9.37,19667100.0
20251230,001287,中电港,22.54,22.8,22.97,22.5,14448200.0
20251230,001288,运机集团,31.55,31.18,32.05,30.95,4020000.0
20251230,001289,龙源电力,15.05,15.0,15.08,14.96,3095900.0
20251230,001296,长江材料,27.79,26.29,27.79,26.03,11040600.0
20251230,001298,好上好,29.51,29.67,29.8,29.4,4406000.0
20251230,001299,美能能源,12.06,13.37,13.37,11.8,12480100.0
20251230,001300,三柏硕,14.9,15.22,16.15,14.71,11659300.0
20251230,001301,尚太科技,84.69,86.4,88.58,83.78,3668300.0
20251230,001306,夏厦精密,86.0,90.9,92.18,85.03,3428600.0
20251230,001308,康冠科技,20.79,20.85,21.1,20.65,1926400.0
20251230,001309,德明利,244.29,240.67,250.5,238.38,14862800.0
20251230,001311,多利科技,32.12,32.08,32.8,31.1,16775700.0
20251230,001313,粤海饲料,7.51,7.3,7.52,7.27,14308100.0
20251230,001314,亿道信息,43.38,44.31,45.3,43.19,3501400.0
20251230,001316,润贝航科,37.89,37.49,38.05,37.26,2167400.0
20251230,001317,三羊马,53.8,56.03,56.78,52.29,12044000.0
20251230,001318,阳光乳业,15.6,15.84,15.85,15.19,14363700.0
20251230,001319,铭科精技,26.73,27.51,27.69,26.56,6490600.0
20251230,001322,箭牌家居,9.03,8.9,9.12,8.88,3947000.0
20251230,001323,慕思股份,26.37,26.06,26.37,25.93,995600.0
20251230,001324,长青科技,18.22,17.92,18.26,17.9,1598600.0
20251230,001325,元创股份,50.0,49.39,50.15,49.39,2592300.0
20251230,001326,联域股份,45.48,45.85,47.19,44.55,3069600.0
20251230,001328,登康口腔,38.95,39.0,39.09,38.54,1185900.0
20251230,001330,博纳影业,7.8,7.87,8.07,7.72,144744700.0
20251230,001332,锡装股份,51.99,54.14,55.77,51.5,3282100.0
20251230,001333,光华股份,21.89,21.33,21.98,21.28,2366000.0
20251230,001335,信凯科技,48.52,49.73,50.16,48.15,4223600.0
20251230,001336,楚环科技,24.7,25.01,25.2,24.36,4696200.0
20251230,001337,四川黄金,27.55,28.1,28.43,27.45,12311200.0
20251230,001338,永顺泰,12.23,12.1,12.27,12.07,6483200.0
20251230,001339,智微智能,48.83,49.81,50.17,48.83,4102500.0
20251230,001356,富岭股份,13.05,13.0,13.09,13.0,2003200.0
20251230,001358,兴欣新材,25.9,25.64,26.05,25.6,849900.0
20251230,001359,平安电工,72.0,72.69,72.99,71.5,2480800.0
20251230,001360,南矿集团,22.9,21.73,22.99,21.6,9835700.0
20251230,001366,播恩集团,13.35,13.25,13.4,13.1,2255700.0
20251230,001367,海森药业,21.9,21.95,22.1,21.8,757900.0
20251230,001368,通达创智,24.81,24.41,25.08,24.38,1746600.0
20251230,001369,双欣材料,19.6,19.68,25.0,19.6,145990800.0
20251230,001373,翔腾新材,30.94,32.12,32.5,30.75,3023700.0
20251230,001376,百通能源,17.16,16.79,17.16,16.17,35447600.0
20251230,001378,德冠新材,23.81,23.4,23.81,23.32,1572800.0
20251230,001379,腾达科技,23.85,23.94,24.19,23.5,7835000.0
20251230,001380,华纬科技,22.62,22.93,23.08,22.57,2880300.0
20251230,001382,新亚电缆,20.63,20.51,20.7,20.51,2084100.0
20251230,001386,马可波罗,22.51,22.72,22.79,22.42,6311000.0
20251230,001387,雪祺电气,14.01,13.87,14.09,13.82,3342000.0
20251230,001388,信通电子,43.41,43.29,43.45,43.01,681800.0
20251230,001389,广合科技,82.0,81.2,83.38,80.81,3746600.0
20251230,001390,古麒绒材,24.39,24.33,24.44,23.97,3026100.0
20251230,001391,国货航,6.13,6.02,6.15,6.0,41301700.0
20251230,001395,亚联机械,44.6,43.76,44.67,43.68,927900.0
20251230,001396,誉帆科技,60.0,50.01,64.5,49.99,16661900.0
20251230,001400,江顺科技,75.51,74.54,76.88,71.06,3847700.0
20251230,001696,宗申动力,21.75,21.73,21.96,21.63,15398900.0
20251230,001872,招商港口,19.64,19.4,19.64,19.27,3937500.0
20251230,001896,豫能控股,5.26,5.21,5.32,5.17,16552700.0
20251230,001914,招商积余,10.7,10.64,10.75,10.58,5610300.0
20251230,001965,招商公路,10.05,10.06,10.08,9.94,14413500.0
20251230,001979,招商蛇口,8.59,8.55,8.63,8.48,51500300.0
20251230,002001,新 和 成,24.59,25.14,25.3,24.52,24953200.0
20251230,002003,伟星股份,10.6,10.69,10.75,10.56,5501100.0
20251230,002004,华邦健康,4.83,4.81,4.83,4.74,19272400.0
20251230,002005,德豪润达,2.5,2.51,2.54,2.47,10884800.0
20251230,002006,精工科技,23.2,23.44,23.83,22.77,47693600.0
20251230,002007,华兰生物,15.14,15.19,15.24,15.14,5864000.0
20251230,002008,大族激光,42.05,41.9,42.67,41.31,26236300.0
20251230,002009,天奇股份,21.77,23.43,23.43,21.77,105154400.0
20251230,002010,传化智联,5.81,5.85,5.88,5.78,18723200.0
20251230,002011,盾安环境,12.67,12.71,12.82,12.64,16666900.0
20251230,002012,凯恩股份,6.41,6.38,6.56,6.33,11277600.0
20251230,002014,永新股份,12.1,11.88,12.1,11.87,2384000.0
20251230,002015,协鑫能科,10.24,10.19,10.35,10.18,22207300.0
20251230,002016,世荣兆业,5.76,5.7,5.78,5.67,6609200.0
20251230,002017,东信和平,22.27,21.92,22.77,21.85,44770300.0
20251230,002019,亿帆医药,11.75,11.77,11.84,11.69,6450100.0
20251230,002020,京新药业,19.2,18.9,19.37,18.87,9686200.0
20251230,002021,中捷资源,2.46,2.48,2.52,2.43,30507600.0
20251230,002022,科华生物,5.94,5.93,5.98,5.88,5108200.0
20251230,002023,海特高新,13.4,13.34,13.58,13.29,26866900.0
20251230,002025,航天电器,48.6,48.56,51.12,48.32,42598500.0
20251230,002026,山东威达,15.03,15.12,15.29,14.92,17630900.0
20251230,002027,分众传媒,7.19,7.29,7.38,7.09,153748100.0
20251230,002028,思源电气,153.57,156.0,158.61,153.57,4644600.0
20251230,002029,七 匹 狼,10.95,11.44,11.8,10.61,64995500.0
20251230,002030,达安基因,6.01,5.99,6.04,5.98,9319900.0
20251230,002031,巨轮智能,7.64,8.08,8.16,7.61,226792300.0
20251230,002032,苏 泊 尔,44.47,44.18,44.66,44.04,2281200.0
20251230,002033,丽江股份,9.18,9.15,9.26,9.07,8896300.0
20251230,002034,旺能环境,15.9,15.87,15.97,15.83,2233000.0
20251230,002035,华帝股份,6.12,6.25,6.39,6.1,20230900.0
20251230,002036,联创电子,10.79,10.6,10.84,10.6,52767700.0
20251230,002037,保利联合,9.72,9.52,9.75,9.51,9452700.0
20251230,002038,双鹭药业,7.55,7.41,7.57,7.4,16463000.0
20251230,002039,黔源电力,17.99,17.94,18.07,17.86,3980600.0
20251230,002040,南 京 港,9.95,9.81,9.98,9.8,8847100.0
20251230,002041,登海种业,9.57,9.58,9.69,9.53,10174000.0
20251230,002042,华孚时尚,4.12,4.09,4.15,4.09,19191000.0
20251230,002043,兔 宝 宝,14.28,14.19,14.38,14.15,6058600.0
20251230,002044,美年健康,5.17,5.17,5.2,5.14,131355900.0
20251230,002045,国光电器,13.9,13.99,14.17,13.81,11027300.0
20251230,002046,国机精工,42.18,41.7,43.2,41.5,28583400.0
20251230,002047,宝鹰股份,3.7,3.66,3.74,3.66,11804800.0
20251230,002048,宁波华翔,30.0,31.93,32.28,29.68,46498700.0
20251230,002050,三花智控,47.0,52.5,52.5,46.88,281110100.0
20251230,002051,中工国际,9.15,9.03,9.21,8.98,15910400.0
20251230,002052,同洲电子,13.19,13.06,13.25,12.88,32479600.0
20251230,002053,云南能投,11.74,11.66,11.82,11.61,6769700.0
20251230,002054,德美化工,7.41,7.38,7.49,7.32,7440200.0
20251230,002056,横店东磁,19.84,19.8,20.05,19.76,18051300.0
20251230,002057,中钢天源,10.26,10.34,10.4,10.23,9680800.0
20251230,002058,紫竹高科,22.92,22.66,22.92,22.3,1882000.0
20251230,002059,云南旅游,5.33,5.34,5.39,5.3,17339100.0
20251230,002060,广东建工,3.67,3.62,3.67,3.61,14757700.0
20251230,002061,浙江交科,4.02,3.99,4.02,3.98,15807200.0
20251230,002062,宏润建设,9.05,9.29,9.44,9.04,26652700.0
20251230,002063,远光软件,6.01,6.03,6.09,6.0,21378100.0
20251230,002064,华峰化学,10.85,11.07,11.29,10.8,32281900.0
20251230,002065,东华软件,9.08,9.09,9.16,9.07,33037500.0
20251230,002066,瑞泰科技,19.06,19.0,19.5,18.7,4908200.0
20251230,002067,景兴纸业,5.51,5.76,5.85,5.47,181044000.0
20251230,002068,黑猫股份,8.93,8.87,8.95,8.81,8803600.0
20251230,002069,獐子岛,3.73,3.69,3.75,3.67,14800900.0
20251230,002072,凯瑞德,7.68,7.32,7.68,7.23,23229800.0
20251230,002073,软控股份,8.1,8.2,8.25,8.08,15373100.0
20251230,002074,国轩高科,38.99,39.5,39.85,38.84,32033000.0
20251230,002075,沙钢股份,5.67,5.69,5.75,5.63,23632900.0
20251230,002076,星光股份,2.01,2.02,2.04,2.01,12046500.0
20251230,002077,大港股份,14.82,14.88,15.04,14.76,11424100.0
20251230,002078,太阳纸业,15.7,15.65,15.76,15.43,29336500.0
20251230,002079,苏州固锝,9.6,9.62,9.74,9.54,14354300.0
20251230,002080,中材科技,38.04,37.71,38.6,37.35,59030900.0
20251230,002081,金 螳 螂,3.59,3.49,3.62,3.47,79015000.0
20251230,002083,孚日股份,11.11,12.04,12.45,10.51,231672600.0
20251230,002084,海鸥住工,3.92,3.87,3.95,3.83,19486200.0
20251230,002085,万丰奥威,15.81,15.95,16.11,15.79,30539200.0
20251230,002086,东方海洋,2.34,2.31,2.35,2.3,37702300.0
20251230,002088,鲁阳节能,10.59,10.42,10.59,10.4,3029700.0
20251230,002090,金智科技,11.92,11.85,12.02,11.75,9289700.0
20251230,002091,江苏国泰,9.08,9.07,9.15,8.99,17238900.0
20251230,002092,中泰化学,4.79,5.15,5.19,4.78,125151000.0
20251230,002093,国脉科技,11.45,11.41,11.55,11.38,23572500.0
20251230,002094,青岛金王,7.38,7.27,7.46,7.26,25635800.0
20251230,002095,生 意 宝,17.88,17.82,18.1,17.81,3054200.0
20251230,002096,易普力,13.33,13.29,13.41,13.27,5006900.0
20251230,002097,山河智能,12.17,12.25,12.38,12.08,26192700.0
20251230,002098,浔兴股份,10.17,9.99,10.26,9.83,15896400.0
20251230,002099,海翔药业,6.32,6.51,6.79,6.29,72052200.0
20251230,002100,天康生物,7.24,7.6,7.77,7.24,66353500.0
20251230,002101,广东鸿图,12.3,12.39,12.44,12.24,6209300.0
20251230,002103,广博股份,9.1,9.11,9.21,9.08,10733400.0
20251230,002104,恒宝股份,22.2,21.49,23.18,21.45,168700800.0
20251230,002105,信隆健康,7.56,7.37,7.56,7.32,14669600.0
20251230,002106,莱宝高科,11.0,11.03,11.1,10.9,6201900.0
20251230,002107,沃华医药,6.33,6.37,6.45,6.23,14502400.0
20251230,002108,沧州明珠,4.91,4.84,4.92,4.77,66754700.0
20251230,002110,三钢闽光,4.5,4.44,4.53,4.4,24119300.0
20251230,002111,威海广泰,10.35,10.34,10.47,10.31,8550000.0
20251230,002112,三变科技,13.47,13.4,13.57,13.37,10468400.0
20251230,002114,罗平锌电,8.44,8.49,8.57,8.3,14087000.0
20251230,002115,三维通信,12.26,12.36,12.58,12.1,127705600.0
20251230,002116,中国海诚,10.46,10.31,10.47,10.29,5319300.0
20251230,002117,东港股份,14.12,14.24,14.45,14.0,28540200.0
20251230,002119,康强电子,16.57,16.54,16.73,16.53,7389000.0
20251230,002120,韵达股份,6.79,6.8,6.82,6.76,13754500.0
20251230,002121,科陆电子,7.8,7.79,7.85,7.72,17941600.0
20251230,002123,梦网科技,12.47,12.41,12.72,12.39,28799000.0
20251230,002124,天邦食品,2.77,2.76,2.8,2.75,34486500.0
20251230,002125,湘潭电化,14.42,14.42,14.53,14.1,18988700.0
20251230,002126,银轮股份,37.1,38.81,39.3,36.74,34239400.0
20251230,002127,南极电商,3.41,3.4,3.44,3.39,38370800.0
20251230,002128,电投能源,26.96,27.94,28.19,26.88,14549300.0
20251230,002129,TCL中环,8.73,8.66,8.8,8.65,69552000.0
20251230,002130,沃尔核材,26.07,26.76,27.15,26.05,54078500.0
20251230,002131,利欧股份,5.08,5.13,5.21,5.06,276119500.0
20251230,002132,恒星科技,3.57,3.58,3.62,3.54,16637800.0
20251230,002133,广宇集团,3.4,3.33,3.4,3.29,22115500.0
20251230,002134,天津普林,25.74,25.46,26.05,25.02,12232900.0
20251230,002135,东南网架,4.57,4.51,4.59,4.49,10142700.0
20251230,002136,安 纳 达,12.68,12.42,12.68,12.28,22771900.0
20251230,002137,实益达,8.6,8.67,8.72,8.58,11291500.0
20251230,002138,顺络电子,36.43,36.52,36.7,36.14,14591300.0
20251230,002139,拓邦股份,13.56,13.9,13.95,13.53,28955500.0
20251230,002140,东华科技,11.36,11.16,11.36,11.16,8493100.0
20251230,002141,贤丰控股,3.67,3.83,3.95,3.64,37856600.0
20251230,002142,宁波银行,28.0,28.18,28.25,27.85,18224700.0
20251230,002144,宏达高科,12.75,12.69,12.89,12.61,3277900.0
20251230,002145,钛能化学,4.94,4.92,4.99,4.83,40081700.0
20251230,002146,荣盛发展,1.75,1.64,1.81,1.64,558498800.0
20251230,002148,北纬科技,8.62,8.63,8.69,8.58,8123900.0
20251230,002149,西部材料,43.63,43.0,46.87,42.52,114862100.0
20251230,002150,正泰电源,20.57,20.36,20.75,20.13,12768500.0
20251230,002151,北斗星通,40.35,41.3,44.2,39.6,102058600.0
20251230,002152,广电运通,12.87,13.35,13.66,12.87,97809400.0
20251230,002153,石基信息,10.45,10.56,10.75,10.45,42615500.0
20251230,002154,报 喜 鸟,3.88,3.86,3.89,3.84,22682200.0
20251230,002155,湖南黄金,20.62,21.3,21.4,20.54,42772600.0
20251230,002156,通富微电,37.39,38.29,38.72,37.39,65945500.0
20251230,002157,正邦科技,3.32,3.32,3.37,3.27,168487600.0
20251230,002158,汉钟精机,25.3,25.15,25.47,25.14,7744500.0
20251230,002159,三特索道,15.45,15.28,15.49,15.17,3328200.0
20251230,002160,常铝股份,5.18,5.25,5.34,5.1,43502700.0
20251230,002161,远 望 谷,7.28,7.27,7.39,7.24,11713100.0
20251230,002162,悦心健康,4.76,4.71,4.79,4.64,18584800.0
20251230,002163,海南发展,23.51,22.25,24.48,22.08,238255600.0
20251230,002164,宁波东力,16.4,16.48,16.89,16.24,27388800.0
20251230,002165,红 宝 丽,7.7,7.58,7.7,7.57,14792100.0
20251230,002166,莱茵生物,8.71,8.58,8.73,8.55,22359000.0
20251230,002167,东方锆业,12.3,12.39,12.49,12.19,15009900.0
20251230,002169,智光电气,11.68,12.24,12.57,11.51,111102100.0
20251230,002170,芭田股份,11.93,12.13,12.23,11.86,26310800.0
20251230,002171,楚江新材,13.1,13.38,13.49,12.94,131177300.0
20251230,002172,澳洋健康,4.01,4.01,4.05,3.97,14336000.0
20251230,002173,创新医疗,21.94,21.8,22.2,21.44,35916400.0
20251230,002174,游族网络,12.38,12.24,12.55,12.21,21812800.0
20251230,002176,江特电机,9.64,9.9,10.05,9.57,69607900.0
20251230,002177,御银股份,8.55,8.55,8.55,8.16,148843100.0
20251230,002178,延华智能,6.33,6.31,6.37,6.28,12431400.0
20251230,002179,中航光电,35.69,35.46,36.02,35.28,46373700.0
20251230,002180,奔图科技,19.8,19.82,20.06,19.65,20908000.0
20251230,002181,粤 传 媒,8.49,8.45,8.65,8.43,26714900.0
20251230,002182,宝武镁业,15.09,15.3,15.45,15.0,22633300.0
20251230,002183,怡 亚 通,4.85,4.79,4.86,4.79,42414200.0
20251230,002184,海得控制,12.9,13.2,13.27,12.85,9502400.0
20251230,002185,华天科技,11.0,11.05,11.11,10.96,34687000.0
20251230,002186,全 聚 德,11.6,11.55,11.64,11.45,5200300.0
20251230,002187,广百股份,9.87,8.09,9.87,8.09,142368100.0
20251230,002188,中天服务,6.46,6.24,6.47,6.24,34550700.0
20251230,002189,中光学,22.98,22.67,22.99,22.65,3412100.0
20251230,002190,成飞集成,37.4,36.88,37.58,36.85,11310900.0
20251230,002191,劲嘉股份,4.29,4.22,4.29,4.2,18253000.0
20251230,002192,融捷股份,51.0,52.18,52.88,49.99,12523600.0
20251230,002194,武汉凡谷,12.79,12.93,13.22,12.78,21036300.0
20251230,002195,岩山科技,6.91,6.95,6.98,6.87,125960400.0
20251230,002196,方正电机,13.69,15.43,15.43,13.6,135574300.0
20251230,002197,证通电子,10.53,10.56,11.37,10.49,46110600.0
20251230,002199,东晶电子,8.6,8.7,8.98,8.56,5493800.0
20251230,002200,交投生态,7.75,7.54,7.75,7.54,871100.0
20251230,002201,九鼎新材,10.4,11.94,12.33,10.1,205358000.0
20251230,002202,金风科技,22.01,20.2,22.78,19.54,682739400.0
20251230,002203,海亮股份,12.37,13.25,13.25,12.3,35371900.0
20251230,002204,大连重工,7.38,7.57,7.68,7.33,70875700.0
20251230,002205,国统股份,14.35,14.56,15.18,13.93,15358300.0
20251230,002206,海 利 得,5.88,5.9,5.95,5.85,14207300.0
20251230,002208,合肥城建,10.97,11.25,11.4,10.8,43579700.0
20251230,002209,达 意 隆,16.31,16.24,16.44,16.18,4206800.0
20251230,002210,飞马国际,3.64,3.68,3.72,3.6,89623000.0
20251230,002212,天融信,9.04,8.91,9.14,8.9,34992700.0
20251230,002213,大为股份,26.52,26.71,27.49,26.46,19691000.0
20251230,002214,大立科技,17.97,17.86,18.09,17.85,1850400.0
20251230,002215,诺 普 信,10.8,10.87,11.02,10.77,9957000.0
20251230,002216,三全食品,11.35,11.32,11.4,11.29,4639700.0
20251230,002218,拓日新能,4.38,4.32,4.43,4.3,86100200.0
20251230,002219,新里程,2.17,2.15,2.18,2.13,47968700.0
20251230,002221,东华能源,8.3,8.2,8.37,8.18,13637500.0
20251230,002222,福晶科技,57.35,57.38,58.28,57.03,13336200.0
20251230,002223,鱼跃医疗,37.07,38.21,38.37,36.98,12125300.0
20251230,002224,三 力 士,4.39,4.35,4.41,4.32,11002600.0
20251230,002225,濮耐股份,5.9,5.88,5.99,5.78,25638000.0
20251230,002226,江南化工,5.84,5.85,5.92,5.8,18474000.0
20251230,002228,合兴包装,5.13,5.13,5.13,5.13,20462700.0
20251230,002229,鸿博股份,15.51,15.5,15.72,15.47,20277800.0
20251230,002230,科大讯飞,48.71,48.95,49.16,48.66,29672800.0
20251230,002232,启明信息,18.77,18.47,18.94,18.46,7896600.0
20251230,002233,塔牌集团,8.92,9.05,9.17,8.88,13536800.0
20251230,002234,民和股份,8.75,8.69,8.85,8.63,4593100.0
20251230,002235,安妮股份,10.5,10.8,11.53,10.46,135728900.0
20251230,002236,大华股份,18.83,18.96,19.04,18.81,27217500.0
20251230,002237,恒邦股份,13.12,13.36,13.46,13.07,41961600.0
20251230,002238,天威视讯,8.12,8.11,8.25,8.1,11463400.0
20251230,002239,奥特佳,2.96,2.99,3.01,2.94,59960600.0
20251230,002240,盛新锂能,32.01,33.4,33.91,31.67,50211800.0
20251230,002241,歌尔股份,28.1,28.9,29.15,27.83,131971000.0
20251230,002242,九阳股份,10.59,10.38,10.6,10.37,9814700.0
20251230,002243,力合科创,10.74,9.96,10.79,9.89,62610200.0
20251230,002244,滨江集团,9.84,9.75,9.9,9.73,23407400.0
20251230,002245,蔚蓝锂芯,17.71,17.85,18.07,17.53,59875400.0
20251230,002246,北化股份,17.55,17.53,17.61,17.37,11856300.0
20251230,002247,聚力文化,2.89,2.84,2.89,2.8,17447800.0
20251230,002248,华东数控,11.43,11.73,11.74,11.34,18874700.0
20251230,002249,大洋电机,10.44,11.09,11.33,10.4,195938800.0
20251230,002250,联化科技,12.93,13.18,13.49,12.88,45019300.0
20251230,002251,步步高,5.33,5.32,5.39,5.27,115387400.0
20251230,002252,上海莱士,6.37,6.36,6.38,6.35,16106100.0
20251230,002253,川大智胜,11.3,11.02,11.89,11.02,8078200.0
20251230,002254,泰和新材,10.24,10.15,10.24,10.05,16368800.0
20251230,002255,海陆重工,12.55,12.75,13.03,12.51,68131200.0
20251230,002256,兆新股份,3.58,3.54,3.6,3.49,50220100.0
20251230,002258,利尔化学,12.97,13.17,13.28,12.93,11091600.0
20251230,002259,升达林业,3.83,3.77,3.85,3.74,9062500.0
20251230,002261,拓维信息,34.0,34.17,34.88,33.84,203069100.0
20251230,002262,恩华药业,24.31,24.24,24.41,24.12,4561800.0
20251230,002263,大东南,3.36,3.34,3.38,3.32,30986600.0
20251230,002264,新 华 都,9.39,9.05,9.45,8.85,70764700.0
20251230,002265,建设工业,26.14,26.76,27.14,26.08,17553100.0
20251230,002266,浙富控股,4.14,4.15,4.19,4.11,68977400.0
20251230,002267,陕天然气,7.52,7.51,7.52,7.44,5215600.0
20251230,002268,电科网安,19.81,20.6,21.33,19.81,86399300.0
20251230,002269,美邦服饰,1.91,1.89,1.92,1.88,71869800.0
20251230,002270,华明装备,26.14,25.29,26.16,25.24,9071200.0
20251230,002271,东方雨虹,13.71,13.54,13.77,13.51,26516600.0
20251230,002272,川润股份,17.71,18.15,19.67,16.82,180192800.0
20251230,002273,水晶光电,24.57,24.98,25.17,24.48,29555800.0
,002274,华昌化工,5.72,5.72,5.78,5.65,7816200.0
20251230,002275,桂林三金,14.15,14.13,14.2,14.1,1793400.0
20251230,002276,万马股份,16.2,17.32,17.9,16.1,91316200.0
20251230,002277,友阿股份,6.91,6.91,6.98,6.86,22611900.0
20251230,002278,神开股份,12.54,13.14,13.56,12.54,84139600.0
20251230,002279,久其软件,7.69,7.63,7.8,7.62,38411400.0
20251230,002281,光迅科技,70.39,70.45,73.28,70.18,35849900.0
20251230,002282,博深股份,7.33,7.3,7.38,7.25,4871200.0
20251230,002283,天润工业,6.19,6.24,6.27,6.15,12357700.0
20251230,002284,亚太股份,15.1,15.28,15.52,14.9,23878200.0
20251230,002285,世联行,2.85,2.8,2.88,2.8,72908800.0
20251230,002286,保龄宝,9.03,8.93,9.04,8.92,6232400.0
20251230,002287,奇正藏药,23.69,23.62,23.83,23.6,1674300.0
20251230,002289,宇顺电子,30.7,30.7,31.5,30.7,1844900.0
20251230,002290,禾盛新材,45.02,45.43,45.94,44.62,5691700.0
20251230,002291,遥望科技,6.25,6.28,6.37,6.25,26674300.0
20251230,002292,奥飞娱乐,8.68,8.73,8.89,8.63,45090700.0
20251230,002293,罗莱生活,9.92,10.42,10.85,9.92,20798800.0
20251230,002294,信立泰,52.3,51.79,52.9,50.61,10356700.0
20251230,002295,精艺股份,12.95,12.99,13.25,12.51,17360100.0
20251230,002296,辉煌科技,11.32,11.69,12.3,11.2,49378600.0
20251230,002297,博云新材,12.05,11.72,12.28,11.63,121887200.0
20251230,002298,中电鑫龙,10.42,10.45,10.56,10.33,30096400.0
20251230,002299,圣农发展,16.44,16.56,16.74,16.38,10196000.0
20251230,002300,太阳电缆,9.53,9.48,9.9,9.44,78800900.0
20251230,002301,齐心集团,7.5,7.46,7.59,7.45,21940100.0
20251230,002302,西部建设,6.21,6.13,6.21,6.1,9618800.0
20251230,002303,美盈森,4.12,4.05,4.15,4.03,29757000.0
20251230,002304,洋河股份,61.4,61.19,61.41,61.04,3207300.0
20251230,002307,北新路桥,5.12,5.07,5.15,5.04,47869100.0
20251230,002309,中利集团,3.45,3.37,3.48,3.36,50479700.0
20251230,002310,东方新能,2.28,2.28,2.3,2.26,37118300.0
20251230,002311,海大集团,54.99,56.3,56.65,54.57,9502000.0
20251230,002312,川发龙蟒,11.12,11.08,11.23,10.97,31648700.0
20251230,002313,日海智能,10.22,10.14,10.33,10.13,5029300.0
20251230,002314,南山控股,2.85,2.83,2.86,2.81,26265900.0
20251230,002315,焦点科技,44.0,44.31,45.38,43.94,9833000.0
20251230,002316,亚联发展,4.79,4.71,4.81,4.7,10995400.0
20251230,002317,众生药业,19.37,19.31,19.51,19.23,31455300.0
20251230,002318,久立特材,27.21,27.96,28.42,27.11,14997900.0
20251230,002319,乐通股份,12.52,12.09,12.58,12.0,9561900.0
20251230,002320,海峡股份,12.54,12.01,12.58,11.94,84158700.0
20251230,002321,华英农业,2.38,2.35,2.4,2.34,31770100.0
20251230,002322,理工能科,11.88,11.91,12.01,11.83,3022500.0
20251230,002324,普利特,15.19,15.62,15.85,15.19,47733800.0
20251230,002326,永太科技,24.81,25.6,26.75,24.21,88932600.0
20251230,002327,富安娜,6.78,6.75,6.8,6.72,2926200.0
20251230,002328,新朋股份,6.74,6.71,6.78,6.63,15389600.0
20251230,002329,皇氏集团,4.08,3.98,4.12,3.93,77862200.0
20251230,002330,得利斯,5.03,4.89,5.04,4.86,30661000.0
20251230,002331,皖通科技,8.94,8.79,8.99,8.78,9863000.0
20251230,002332,仙琚制药,9.05,9.01,9.06,9.0,9659100.0
20251230,002333,罗普斯金,5.76,5.63,5.76,5.62,7130900.0
20251230,002334,英威腾,8.82,9.12,9.14,8.81,30804300.0
20251230,002335,科华数据,55.1,56.75,57.5,54.68,30278000.0
20251230,002337,赛象科技,6.45,6.47,6.53,6.4,14723400.0
20251230,002338,奥普光电,58.43,57.18,58.98,57.0,10850100.0
20251230,002339,积成电子,9.28,9.08,9.29,9.05,34867700.0
20251230,002340,格林美,7.85,8.19,8.25,7.82,200225800.0
20251230,002342,巨力索具,7.72,8.58,8.58,7.64,194765400.0
20251230,002343,慈文传媒,7.0,7.08,7.17,6.99,17056300.0
20251230,002344,海宁皮城,4.81,4.78,4.92,4.71,29173600.0
20251230,002345,潮宏基,12.82,12.37,13.05,12.28,20309000.0
20251230,002346,柘中股份,20.25,20.03,20.5,20.01,6210900.0
20251230,002347,泰尔股份,9.21,11.25,11.25,9.21,217472000.0
20251230,002348,高乐股份,5.78,5.83,5.92,5.78,19942400.0
20251230,002349,精华制药,7.26,7.25,7.31,7.2,8660400.0
20251230,002350,北京科锐,8.35,8.13,8.35,8.12,15307800.0
20251230,002351,漫步者,12.08,12.06,12.16,12.04,4982500.0
20251230,002352,顺丰控股,38.63,38.38,38.66,38.29,14313900.0
20251230,002353,杰瑞股份,74.0,72.97,75.62,72.66,13886300.0
20251230,002354,天娱数科,6.17,6.26,6.33,6.17,49909900.0
20251230,002355,兴民智通,6.08,5.96,6.09,5.91,25941600.0
20251230,002356,鹏飞绿能,4.15,4.03,4.16,4.0,59955000.0
20251230,002357,富临运业,10.68,10.61,10.88,10.59,11455300.0
20251230,002358,森源电气,5.59,5.56,5.78,5.55,31637000.0
20251230,002361,神剑股份,13.97,13.04,14.28,13.04,364129200.0
20251230,002362,汉王科技,20.95,20.86,21.12,20.8,3525200.0
20251230,002363,隆基机械,9.47,10.8,11.2,9.19,111522900.0
20251230,002364,中恒电气,26.1,26.4,26.66,25.92,28665900.0
20251230,002365,永安药业,15.01,15.04,15.15,14.97,4062300.0
20251230,002366,融发核电,7.39,7.37,7.48,7.33,44977400.0
20251230,002367,康力电梯,7.46,7.71,7.78,7.4,16099000.0
20251230,002368,太极股份,24.28,24.3,24.49,24.27,5474800.0
20251230,002369,卓翼科技,8.61,8.61,8.69,8.57,13353200.0
20251230,002370,亚太药业,7.37,7.32,7.44,7.28,25053000.0
20251230,002371,北方华创,453.25,459.0,471.93,453.25,10155900.0
20251230,002372,伟星新材,10.6,10.5,10.65,10.47,9298600.0
20251230,002373,千方科技,11.79,11.77,11.96,11.73,32233900.0
20251230,002374,中锐股份,3.79,3.73,3.83,3.65,58054000.0
20251230,002375,亚厦股份,3.83,3.79,3.84,3.78,12149700.0
20251230,002376,新北洋,7.56,7.62,7.71,7.55,14259100.0
20251230,002377,国创高新,2.86,2.87,2.9,2.84,12154900.0
20251230,002378,章源钨业,14.19,14.44,14.71,14.07,50556400.0
20251230,002379,宏桥控股,22.91,23.9,24.14,22.6,16651600.0
20251230,002380,科远智慧,27.2,27.31,27.45,27.16,2474900.0
20251230,002381,双箭股份,6.62,6.58,6.65,6.54,3301100.0
20251230,002382,蓝帆医疗,5.57,5.51,5.58,5.51,6732700.0
20251230,002383,合众思壮,11.6,13.27,13.27,11.41,120401100.0
20251230,002384,东山精密,88.01,87.4,91.01,86.81,43794400.0
20251230,002385,大北农,4.02,4.05,4.09,4.0,98755200.0
20251230,002386,天原股份,5.6,5.54,5.64,5.48,22059000.0
20251230,002387,维信诺,8.47,8.42,8.5,8.4,12286500.0
20251230,002388,新亚制程,6.29,6.31,6.5,6.29,16747100.0
20251230,002389,航天彩虹,24.0,23.82,24.47,23.61,61284800.0
20251230,002390,信邦制药,3.23,3.25,3.28,3.2,31535100.0
20251230,002391,长青股份,5.91,5.95,5.98,5.86,4631000.0
20251230,002392,北京利尔,7.47,7.51,7.62,7.4,11792100.0
20251230,002393,力生制药,21.55,21.85,21.93,21.35,4304700.0
20251230,002394,联发股份,15.31,15.42,15.95,15.1,12916000.0
20251230,002395,双象股份,16.65,16.86,17.08,16.65,3028600.0
20251230,002396,星网锐捷,30.46,30.63,31.49,30.32,17897600.0
20251230,002397,梦洁股份,3.91,4.03,4.22,3.88,42963200.0
20251230,002398,垒知集团,5.9,5.79,5.94,5.76,29515600.0
20251230,002399,海普瑞,11.86,11.81,11.94,11.71,2476300.0
20251230,002400,省广集团,8.45,8.48,8.63,8.41,142898600.0
20251230,002401,中远海科,15.88,15.86,16.06,15.84,3413900.0
20251230,002402,和而泰,39.39,40.19,40.66,39.31,44471000.0
20251230,002403,爱仕达,12.41,12.9,13.24,12.35,12138100.0
20251230,002404,嘉欣丝绸,7.0,6.97,7.06,6.86,9594200.0
20251230,002405,四维图新,8.93,8.89,8.99,8.87,38101600.0
20251230,002406,远东传动,7.84,7.91,7.96,7.81,14887100.0
20251230,002407,多氟多,32.75,34.19,34.97,32.37,161590000.0
20251230,002408,齐翔腾达,4.9,4.95,5.0,4.87,24874900.0
20251230,002409,雅克科技,72.51,72.55,74.17,72.3,10127200.0
20251230,002410,广联达,12.37,12.41,12.52,12.35,16390100.0
20251230,002412,汉森制药,6.51,6.41,6.51,6.39,8647000.0
20251230,002413,雷科防务,11.41,11.41,11.41,11.23,213797000.0
20251230,002414,高德红外,14.8,14.77,15.04,14.59,73967700.0
20251230,002415,海康威视,29.51,29.85,29.94,29.46,27017100.0
20251230,002416,爱施德,12.18,12.45,12.58,12.15,34346700.0
20251230,002418,康盛股份,4.84,4.92,5.0,4.8,69220100.0
20251230,002419,天虹股份,5.68,5.55,5.69,5.49,35447200.0
20251230,002420,毅昌科技,7.86,7.96,8.35,7.73,38033800.0
20251230,002421,达实智能,2.91,2.85,2.92,2.84,60835400.0
20251230,002422,科伦药业,28.82,28.83,28.96,28.14,24810500.0
20251230,002423,中粮资本,11.87,11.77,11.94,11.77,14766300.0
20251230,002425,凯撒文化,3.5,3.5,3.53,3.48,16928700.0
20251230,002426,胜利精密,3.76,3.82,3.9,3.73,202945600.0
20251230,002427,尤夫股份,6.75,6.86,7.06,6.73,43284100.0
20251230,002428,云南锗业,30.7,30.09,31.0,29.94,52329500.0
20251230,002429,兆驰股份,7.71,7.61,7.78,7.57,88463500.0
20251230,002430,杭氧股份,30.56,30.01,30.67,29.87,14588100.0
20251230,002432,九安医疗,40.31,40.08,40.38,40.07,4034500.0
20251230,002434,万里扬,9.35,9.78,9.85,9.32,32429600.0
20251230,002436,兴森科技,21.85,21.7,22.22,21.56,76104900.0
20251230,002437,誉衡药业,3.07,3.07,3.1,3.05,24234500.0
20251230,002438,江苏神通,15.6,15.78,16.04,15.45,16301000.0
20251230,002439,启明星辰,14.0,14.1,14.2,13.97,10900100.0
20251230,002440,闰土股份,7.63,7.56,7.69,7.53,11700900.0
20251230,002441,众业达,9.31,9.37,9.41,9.31,5068500.0
20251230,002442,龙星科技,6.28,6.23,6.33,6.15,6088500.0
20251230,002443,金洲管道,8.26,8.2,8.38,8.16,12206200.0
20251230,002444,巨星科技,33.03,33.34,33.59,32.95,11522200.0
20251230,002445,中南文化,2.62,2.61,2.64,2.59,66745200.0
20251230,002446,盛路通信,10.18,10.35,10.66,10.07,144273100.0
20251230,002448,中原内配,12.72,12.94,13.17,12.65,18693500.0
20251230,002449,国星光电,8.43,8.41,8.52,8.41,7296400.0
20251230,002451,摩恩电气,10.08,10.47,10.78,9.95,66653600.0
20251230,002452,长高电气,8.21,8.22,8.27,8.18,9745300.0
20251230,002453,华软科技,6.58,6.42,6.6,6.34,39026800.0
20251230,002454,松芝股份,8.7,8.76,8.83,8.7,5764200.0
20251230,002455,百川股份,7.05,7.28,7.37,6.99,45808600.0
20251230,002456,欧菲光,10.6,10.61,10.7,10.54,40509600.0
20251230,002457,青龙管业,10.65,10.65,10.73,10.61,3195500.0
20251230,002458,益生股份,8.42,8.44,8.53,8.35,7186500.0
20251230,002459,晶澳科技,11.62,11.64,11.74,11.5,38287300.0
20251230,002460,赣锋锂业,62.25,64.15,65.56,61.75,87027400.0
20251230,002461,珠江啤酒,9.35,9.31,9.4,9.27,5788600.0
20251230,002462,嘉事堂,14.63,14.66,14.73,14.5,3968800.0
20251230,002463,沪电股份,76.5,74.59,77.58,74.33,69922900.0
20251230,002465,海格通信,15.0,15.12,15.66,14.8,325778300.0
20251230,002466,天齐锂业,54.0,56.38,57.0,53.81,56860000.0
20251230,002467,二六三,5.92,6.0,6.0,5.92,32548300.0
20251230,002468,申通快递,13.41,13.52,13.62,13.4,12626100.0
20251230,002469,三维化学,8.38,8.43,8.46,8.31,8461700.0
20251230,002470,金正大,1.77,1.79,1.81,1.75,63516700.0
20251230,002471,中超控股,7.38,7.51,7.58,7.21,161756400.0
20251230,002472,双环传动,43.8,47.25,48.68,43.62,42748200.0
20251230,002474,榕基软件,9.57,9.53,9.77,9.51,52949800.0
20251230,002475,立讯精密,57.98,58.07,59.38,57.18,99164700.0
20251230,002476,新叶股份,7.1,7.04,7.22,6.9,35597700.0
20251230,002478,常宝股份,8.74,8.58,8.77,8.53,30625700.0
20251230,002479,富春环保,4.92,4.88,4.94,4.86,6836300.0
20251230,002480,新筑股份,6.27,6.14,6.27,6.11,12747100.0
20251230,002481,双塔食品,5.15,5.12,5.17,5.11,12129900.0
20251230,002482,广田集团,1.72,1.7,1.73,1.7,34485900.0
20251230,002483,润邦股份,7.07,7.18,7.3,7.04,14525600.0
20251230,002484,江海股份,30.48,30.28,31.18,30.01,17692800.0
20251230,002486,嘉麟杰,3.15,3.09,3.15,3.05,19211200.0
20251230,002487,大金重工,52.61,53.15,53.69,52.23,13568600.0
20251230,002488,金固股份,8.85,9.0,9.13,8.82,49084900.0
20251230,002489,浙江永强,3.95,3.87,3.96,3.86,34454200.0
20251230,002490,山东墨龙,6.56,6.89,7.08,6.46,61953800.0
20251230,002491,通鼎互联,6.12,6.08,6.22,6.06,67297200.0
20251230,002492,恒基达鑫,8.09,8.14,8.32,7.96,11410300.0
20251230,002493,荣盛石化,11.24,11.98,12.17,11.18,107205600.0
20251230,002494,华斯股份,5.41,5.41,5.47,5.31,7842900.0
20251230,002495,佳隆股份,2.7,2.67,2.72,2.66,21813400.0
20251230,002496,辉丰股份,1.78,1.75,1.78,1.71,13490500.0
20251230,002497,雅化集团,23.8,24.61,25.2,23.71,55795100.0
20251230,002498,汉缆股份,3.85,3.85,3.91,3.83,34973300.0
20251230,002500,山西证券,6.06,6.05,6.09,6.03,21978600.0
20251230,002506,协鑫集成,2.87,2.82,2.94,2.8,301701500.0
20251230,002507,涪陵榨菜,12.96,12.94,13.03,12.91,8307600.0
20251230,002508,老板电器,19.5,19.27,19.57,19.24,6264600.0
20251230,002510,天汽模,7.45,7.43,7.56,7.36,69652700.0
20251230,002511,中顺洁柔,8.42,8.47,8.53,8.39,15672300.0
20251230,002513,蓝丰生化,6.78,6.72,6.81,6.66,10638900.0
20251230,002515,金字火腿,6.08,6.01,6.12,5.98,30184900.0
20251230,002516,旷达科技,6.63,6.62,6.71,6.57,17134600.0
20251230,002517,恺英网络,21.82,22.08,22.52,21.75,39770400.0
20251230,002518,科士达,49.33,49.23,50.15,48.61,10177000.0
20251230,002519,银河电子,6.26,6.39,6.8,6.17,169449000.0
20251230,002520,日发精机,6.25,6.32,6.4,6.2,44298100.0
20251230,002521,齐峰新材,8.35,8.27,8.38,8.26,3893200.0
20251230,002522,浙江众成,5.55,5.62,5.68,5.51,59364600.0
20251230,002523,天桥起重,4.27,4.29,4.34,4.23,38179300.0
20251230,002524,光正眼科,4.16,4.12,4.19,4.1,11020000.0
20251230,002526,山东矿机,3.56,3.61,3.64,3.54,34864000.0
20251230,002527,新时达,15.89,17.15,17.15,15.89,35707900.0
20251230,002529,海源复材,6.83,6.79,6.86,6.76,2515100.0
20251230,002530,金财互联,10.5,10.52,10.59,10.39,34866700.0
20251230,002531,天顺风能,6.83,6.84,6.97,6.82,17431800.0
20251230,002532,天山铝业,15.15,16.2,16.46,15.0,70672000.0
20251230,002533,金杯电工,12.41,12.54,12.6,12.36,10220800.0
20251230,002534,西子洁能,17.17,17.14,17.43,17.05,10324300.0
20251230,002535,林州重机,3.91,3.94,3.98,3.91,25026000.0
20251230,002536,飞龙股份,30.02,32.06,32.65,29.88,104246800.0
20251230,002537,海联金汇,9.1,8.92,9.27,8.91,113666100.0
20251230,002539,云图控股,11.74,11.87,12.01,11.7,16417300.0
20251230,002540,亚太科技,7.0,7.13,7.2,6.94,27194800.0
20251230,002541,鸿路钢构,16.04,15.84,16.09,15.79,5911300.0
20251230,002543,万和电气,10.1,10.23,10.36,10.1,10783100.0
20251230,002544,普天科技,33.01,33.71,35.27,32.65,46677500.0
20251230,002545,东方铁塔,17.92,18.55,18.77,17.8,13776200.0
20251230,002546,新联电子,7.03,7.07,7.13,7.01,12954300.0
20251230,002548,金新农,5.52,5.53,5.56,5.33,35876300.0
20251230,002549,凯美特气,20.9,20.97,21.16,20.76,37204100.0
20251230,002550,千红制药,7.9,7.89,7.96,7.87,10043200.0
20251230,002551,尚荣医疗,3.68,3.64,3.7,3.63,7390600.0
20251230,002552,宝鼎科技,16.84,16.68,16.9,16.4,6464900.0
20251230,002553,南方精工,26.7,27.62,27.8,26.6,23879000.0
20251230,002554,惠博普,3.28,3.24,3.32,3.22,28992000.0
20251230,002555,三七互娱,22.55,23.37,24.0,22.51,88121900.0
20251230,002556,辉隆股份,6.03,6.09,6.28,5.98,20706900.0
20251230,002557,洽洽食品,21.9,21.92,22.14,21.8,4143200.0
20251230,002558,巨人网络,45.0,43.92,45.22,43.74,28643600.0
20251230,002559,亚威股份,10.0,10.12,10.14,9.91,13346700.0
20251230,002560,通达股份,10.21,9.97,10.32,9.93,77777000.0
20251230,002561,徐家汇,8.99,8.91,9.09,8.75,14586100.0
20251230,002562,兄弟科技,6.49,6.58,6.64,6.4,47913000.0
20251230,002563,森马服饰,5.44,5.5,5.51,5.41,23750900.0
20251230,002564,天沃科技,7.59,7.65,7.68,7.49,15661800.0
20251230,002565,顺灏股份,15.66,16.66,17.5,15.4,373401800.0
20251230,002566,益盛药业,7.63,7.58,7.68,7.53,4292600.0
20251230,002567,唐人神,4.41,4.45,4.46,4.39,20850300.0
20251230,002568,百润股份,21.47,21.36,21.7,21.34,6618700.0
20251230,002570,贝因美,6.11,6.09,6.12,6.09,21005800.0
20251230,002571,德力股份,11.27,12.08,12.46,10.73,61698000.0
20251230,002572,索菲亚,13.63,13.49,13.65,13.46,6501200.0
20251230,002573,清新环境,3.77,3.75,3.77,3.72,5786100.0
20251230,002574,明牌珠宝,5.64,5.62,5.69,5.5,10015000.0
20251230,002575,群兴玩具,6.2,6.19,6.42,6.07,33259200.0
20251230,002576,通达动力,17.12,17.47,17.6,16.95,5253200.0
20251230,002577,雷柏科技,17.81,17.67,17.91,17.66,1532700.0
20251230,002578,闽发铝业,4.5,4.54,4.66,4.41,74939400.0
20251230,002579,中京电子,12.04,12.01,12.2,11.98,37953300.0
20251230,002580,圣阳股份,12.48,12.54,12.62,12.4,6257300.0
20251230,002582,好想你,10.52,10.85,11.04,10.36,20257200.0
20251230,002583,海能达,11.44,11.31,11.53,11.31,41217100.0
20251230,002584,西陇科学,9.18,8.85,9.18,8.83,32616000.0
20251230,002585,双星新材,6.75,6.71,6.88,6.59,47202100.0
20251230,002586,围海股份,4.39,4.43,4.47,4.36,11263500.0
20251230,002587,奥拓电子,6.71,6.69,6.81,6.65,12065300.0
20251230,002588,史丹利,9.72,9.89,9.92,9.7,8725800.0
20251230,002589,瑞康医药,3.31,3.27,3.32,3.22,73020900.0
20251230,002590,万安科技,14.7,14.81,14.95,14.7,17383700.0
20251230,002591,恒大高新,9.02,9.02,9.02,9.02,8440600.0
20251230,002593,日上集团,6.14,6.03,6.15,5.99,35922400.0
20251230,002594,比亚迪,99.26,99.75,100.15,98.74,31875600.0
20251230,002595,豪迈科技,83.9,84.75,85.4,83.4,2001500.0
20251230,002596,海南瑞泽,5.46,5.34,5.61,5.34,148786400.0
20251230,002597,金禾实业,20.75,20.93,21.24,20.63,5449800.0
20251230,002599,盛通股份,8.44,8.59,8.97,8.35,61459700.0
20251230,002600,领益智造,15.33,15.83,15.95,15.11,325068500.0
20251230,002601,龙佰集团,19.3,19.65,20.02,19.12,24657800.0
20251230,002602,世纪华通,17.41,17.47,17.81,17.38,105753000.0
20251230,002603,以岭药业,17.1,17.1,17.17,16.97,14141700.0
20251230,002605,姚记科技,23.31,23.28,23.49,23.2,3898700.0
20251230,002606,大连电瓷,8.86,8.78,8.91,8.78,6658800.0
20251230,002607,中公教育,2.7,2.63,2.7,2.63,125615900.0
20251230,002608,江苏国信,7.5,7.42,7.5,7.37,19651200.0
20251230,002609,捷顺科技,9.19,9.15,9.26,9.15,4939000.0
20251230,002611,东方精工,18.35,19.14,19.26,18.28,107703000.0
20251230,002612,朗姿股份,19.48,19.55,19.84,19.41,7274600.0
20251230,002613,北玻股份,3.76,3.72,3.76,3.71,8757500.0
20251230,002614,奥佳华,7.46,7.37,7.53,7.36,19648100.0
20251230,002615,哈尔斯,7.67,7.62,7.74,7.59,5362200.0
20251230,002616,长青集团,5.45,5.48,5.52,5.44,7865600.0
20251230,002617,露笑科技,8.13,8.25,8.34,8.1,75790800.0
20251230,002622,皓宸医疗,3.03,3.0,3.06,2.99,20180300.0
20251230,002623,亚玛顿,18.65,18.45,18.65,18.33,1900700.0
20251230,002624,完美世界,16.28,16.4,16.72,16.15,33458800.0
20251230,002625,光启技术,50.1,49.47,50.53,49.4,25144700.0
20251230,002626,金达威,19.31,20.0,20.13,19.14,13400300.0
20251230,002627,三峡旅游,7.42,7.46,7.5,7.2,18150000.0
20251230,002628,成都路桥,4.16,4.12,4.18,4.11,9873500.0
20251230,002629,仁智股份,6.9,6.81,6.98,6.8,9803300.0
20251230,002631,德尔未来,6.17,5.98,6.19,5.96,27840000.0
20251230,002632,道明光学,12.1,12.46,12.54,12.05,32694700.0
20251230,002633,申科股份,16.8,16.38,16.8,16.37,2623700.0
20251230,002635,安洁科技,13.72,13.84,13.96,13.68,5866600.0
20251230,002636,金安国纪,17.22,17.22,17.42,16.82,21179700.0
20251230,002637,赞宇科技,10.38,10.42,10.55,10.32,7403900.0
20251230,002638,勤上股份,3.16,3.05,3.18,3.04,39560000.0
20251230,002639,雪人集团,19.0,19.4,20.26,18.99,194956100.0
20251230,002640,跨境通,4.68,4.59,4.68,4.59,101573800.0
20251230,002641,公元股份,4.37,4.34,4.39,4.3,12793600.0
20251230,002642,荣联科技,8.15,8.11,8.23,8.11,12205000.0
20251230,002643,万润股份,15.16,14.99,15.25,14.91,30020300.0
20251230,002644,佛慈制药,8.75,8.61,8.77,8.6,13597000.0
20251230,002645,华宏科技,14.65,14.81,14.88,14.5,10552000.0
20251230,002646,天佑德酒,8.76,8.73,8.78,8.7,3620800.0
20251230,002647,仁东控股,7.86,7.79,7.95,7.7,22080300.0
20251230,002648,卫星化学,17.26,17.68,17.88,17.15,57395100.0
20251230,002649,博彦科技,12.99,13.04,13.15,12.92,9008900.0
20251230,002651,利君股份,11.8,11.64,11.86,11.48,25624700.0
20251230,002652,扬子新材,4.37,4.37,4.44,4.37,23871700.0
20251230,002653,海思科,51.75,50.62,51.75,49.76,3675700.0
20251230,002654,万润科技,14.2,14.27,14.5,14.18,28157500.0
20251230,002655,共达电声,13.03,12.97,13.13,12.87,12915300.0
20251230,002656,摩登大道,2.76,2.8,2.83,2.75,11286600.0
20251230,002657,中科金财,28.53,30.02,30.98,28.4,65507700.0
20251230,002658,雪迪龙,8.7,8.68,8.75,8.56,7930300.0
20251230,002659,凯文教育,5.37,5.33,5.42,5.28,12026700.0
20251230,002660,茂硕电源,9.38,9.29,9.4,9.25,5991100.0
20251230,002661,克明食品,9.25,9.16,9.25,9.09,3345600.0
20251230,002662,峰璟股份,3.97,4.05,4.07,3.93,24778700.0
20251230,002663,普邦股份,1.95,1.91,1.95,1.91,24542300.0
20251230,002664,信质集团,23.0,24.01,24.35,23.0,19297800.0
20251230,002666,德联集团,5.59,5.55,5.6,5.5,22276700.0
20251230,002668,TCL智家,10.76,10.82,11.04,10.72,11576000.0
20251230,002669,康达新材,15.11,14.76,15.21,14.71,16874400.0
20251230,002670,国盛证券,16.96,17.06,17.18,16.9,15942800.0
20251230,002671,龙泉股份,5.28,5.18,5.29,5.13,16372600.0
20251230,002672,东江环保,4.78,4.74,4.81,4.71,6295500.0
20251230,002673,西部证券,7.97,7.96,8.01,7.92,25454200.0
20251230,002674,兴业科技,14.61,15.51,15.88,14.52,25561100.0
20251230,002675,东诚药业,13.57,13.36,13.65,13.35,7731200.0
20251230,002676,顺威股份,8.4,8.33,8.48,8.28,12422000.0
20251230,002677,浙江美大,8.6,8.33,8.6,8.31,14419900.0
20251230,002678,珠江钢琴,5.29,5.29,5.36,5.18,15773000.0
20251230,002679,福建金森,12.3,12.17,12.43,12.06,6624300.0
20251230,002681,奋达科技,6.58,6.7,6.75,6.53,53678200.0
20251230,002682,龙洲股份,9.9,9.52,10.53,9.28,211016900.0
20251230,002683,广东宏大,44.91,44.49,45.9,43.93,18451900.0
20251230,002685,华东重机,7.65,7.64,7.7,7.62,19595700.0
20251230,002686,亿利达,6.53,6.54,6.69,6.48,13049500.0
20251230,002687,乔治白,4.97,4.86,4.98,4.83,12986000.0
20251230,002688,金河生物,5.96,5.93,5.99,5.92,8359300.0
20251230,002690,美亚光电,20.92,21.06,21.34,20.83,5038800.0
20251230,002692,远程股份,5.15,5.13,5.21,5.12,8020200.0
20251230,002693,双成药业,7.05,6.96,7.12,6.95,5721800.0
20251230,002695,煌上煌,11.68,11.7,11.81,11.62,4485000.0
20251230,002696,百洋股份,6.94,7.0,7.11,6.87,8464600.0
20251230,002697,红旗连锁,6.03,5.93,6.05,5.92,76584000.0
20251230,002698,博实股份,16.4,17.05,17.54,16.26,41753500.0
20251230,002700,万憬能源,6.74,6.67,6.75,6.66,3756100.0
20251230,002701,奥瑞金,6.04,6.02,6.07,5.93,53086000.0
20251230,002702,海欣食品,7.66,7.38,7.7,7.29,88532500.0
20251230,002703,浙江世宝,24.04,21.85,24.25,21.85,116256400.0
20251230,002705,新宝股份,14.15,14.1,14.22,14.05,4667300.0
20251230,002706,良信股份,10.85,10.66,10.91,10.61,25720800.0
20251230,002707,众信旅游,7.1,7.23,7.33,7.06,28039400.0
20251230,002708,光洋股份,13.24,13.42,13.55,13.12,20887400.0
20251230,002709,天赐材料,43.05,45.36,45.5,42.44,103638500.0
20251230,002712,思美传媒,5.31,5.33,5.43,5.28,19077300.0
20251230,002713,东易日盛,8.55,8.55,8.55,8.55,99500.0
20251230,002714,牧原股份,50.0,50.89,51.35,49.93,46030900.0
20251230,002715,登云股份,17.77,17.6,17.87,17.53,2742700.0
20251230,002716,湖南白银,6.96,6.99,7.11,6.7,363467900.0
20251230,002721,金一文化,3.09,3.09,3.16,3.09,44433600.0
20251230,002722,物产金轮,15.05,15.01,15.18,14.97,2433800.0
20251230,002723,小崧股份,8.48,8.39,8.57,8.38,7916300.0
20251230,002724,海洋王,6.85,6.73,6.85,6.71,4787800.0
20251230,002725,跃岭股份,17.25,17.19,17.41,16.99,11370100.0
20251230,002727,一心堂,13.31,13.13,13.37,13.05,12318800.0
20251230,002728,特一药业,11.01,10.97,11.11,10.83,24166800.0
20251230,002729,好利科技,16.0,15.84,16.14,15.64,7152600.0
20251230,002730,电光科技,14.95,14.99,15.1,14.85,3426400.0
20251230,002732,燕塘乳业,17.08,16.98,17.1,16.85,2753200.0
20251230,002733,雄韬股份,19.97,19.83,20.12,19.79,8492800.0
20251230,002734,利民股份,16.0,16.01,16.21,15.86,9893000.0
20251230,002735,王子新材,16.9,16.39,17.2,16.23,43428700.0
20251230,002736,国信证券,13.08,13.07,13.16,13.02,19837700.0
20251230,002737,葵花药业,14.86,14.81,14.87,14.77,1486500.0
20251230,002738,中矿资源,76.2,79.24,81.04,75.54,24881100.0
20251230,002739,儒意电影,10.97,11.28,11.31,10.97,62206900.0
20251230,002741,光华科技,20.33,20.3,20.5,20.22,11165200.0
20251230,002742,冀衡医药,4.64,4.53,4.64,4.52,7186400.0
20251230,002743,富煌钢构,5.5,5.42,5.52,5.35,7940300.0
20251230,002745,木林森,9.51,9.59,9.78,9.49,28768400.0
20251230,002746,仙坛股份,6.13,6.1,6.18,6.09,10437800.0
20251230,002747,埃斯顿,22.61,23.66,23.8,22.6,40869300.0
20251230,002748,世龙实业,13.58,13.34,13.83,13.21,23201800.0
20251230,002749,国光股份,14.0,13.17,14.04,13.11,9383700.0
20251230,002752,昇兴股份,7.14,7.14,7.18,7.14,22055100.0
20251230,002753,永东股份,7.08,7.12,7.26,7.0,7477100.0
20251230,002755,奥赛康,16.3,16.27,16.48,16.18,6072100.0
20251230,002756,永兴材料,52.63,54.27,54.79,51.7,16842200.0
20251230,002757,南兴股份,16.9,17.7,17.7,16.69,23341700.0
20251230,002758,浙农股份,10.03,10.18,10.33,9.84,19969800.0
20251230,002760,凤形股份,21.45,21.52,21.84,21.38,3390800.0
20251230,002761,浙江建投,8.57,8.5,8.59,8.49,6927900.0
20251230,002762,金发拉比,6.9,6.88,6.97,6.82,2600600.0
20251230,002763,汇洁股份,8.0,7.79,8.05,7.79,30983000.0
20251230,002765,蓝黛科技,12.12,12.9,13.29,12.07,64443500.0
20251230,002766,索菱股份,5.64,5.5,5.68,5.47,42559400.0
20251230,002767,先锋电子,22.63,22.1,22.71,22.1,7017900.0
20251230,002768,国恩股份,52.8,52.9,54.1,52.01,3803800.0
20251230,002769,普路通,12.11,11.83,12.23,11.73,29194100.0
20251230,002771,真视通,15.2,15.04,15.21,15.03,3122600.0
20251230,002772,众兴菌业,14.84,14.53,14.88,14.22,12562300.0
20251230,002773,康弘药业,29.73,29.97,30.0,29.5,4863500.0
20251230,002774,快意电梯,9.4,9.27,9.43,9.25,2809500.0
20251230,002775,文科股份,4.24,4.24,4.33,4.2,13657300.0
20251230,002777,久远银海,17.82,17.72,17.95,17.7,4412600.0
20251230,002778,中晟高科,20.88,20.79,21.13,20.61,2305200.0
20251230,002779,中坚科技,112.99,117.95,120.15,112.12,5000700.0
20251230,002780,三夫户外,14.44,14.45,14.63,14.12,6155600.0
20251230,002782,可立克,18.45,18.73,18.92,18.4,7552000.0
20251230,002783,凯龙股份,9.58,9.56,9.68,9.45,11966800.0
20251230,002785,万里石,35.71,37.0,37.3,35.38,8579800.0
20251230,002786,银宝山新,8.6,8.59,8.67,8.55,6384100.0
20251230,002787,华源控股,12.51,12.44,12.82,12.36,9427600.0
20251230,002788,鹭燕医药,22.2,23.53,23.53,21.81,77503800.0
20251230,002790,瑞尔特,8.6,8.45,8.6,8.43,6877500.0
20251230,002791,坚朗五金,21.41,21.38,21.53,21.3,4057100.0
20251230,002792,通宇通讯,41.03,39.7,42.82,39.5,135175900.0
20251230,002793,罗欣药业,4.8,4.78,4.83,4.72,9884700.0
20251230,002795,永和智控,6.55,6.39,6.58,6.31,22019800.0
20251230,002796,世嘉科技,29.0,29.2,30.2,27.38,31466900.0
20251230,002797,第一创业,6.94,6.95,7.0,6.93,39942100.0
20251230,002798,帝欧水华,5.74,5.65,5.75,5.64,4723000.0
20251230,002799,环球印务,8.47,8.4,8.8,8.33,9271200.0
20251230,002800,天顺股份,15.67,15.13,15.69,14.97,8674200.0
20251230,002801,微光股份,34.8,35.58,36.08,34.71,3004800.0
20251230,002802,洪汇新材,12.45,12.46,12.64,12.35,2223700.0
20251230,002803,吉宏股份,16.39,16.24,16.67,16.23,11233400.0
20251230,002805,丰元股份,17.8,18.15,18.34,17.31,36626200.0
20251230,002806,华锋股份,12.45,12.41,12.63,12.35,6562400.0
20251230,002807,江阴银行,4.58,4.58,4.59,4.53,30969700.0
20251230,002809,红墙股份,10.71,10.68,10.9,10.65,3763700.0
20251230,002810,山东赫达,14.93,14.85,15.15,14.7,11532900.0
20251230,002811,郑中设计,15.2,14.83,15.5,14.78,10567500.0
20251230,002812,恩捷股份,56.04,57.13,58.58,54.3,48408900.0
20251230,002813,路畅科技,28.84,28.5,28.88,28.16,4097400.0
20251230,002815,崇达技术,13.95,13.86,14.11,13.83,20049500.0
20251230,002817,黄山胶囊,7.73,7.57,7.73,7.55,5028200.0
20251230,002818,富森美,11.13,11.06,11.15,11.04,2125600.0
20251230,002819,东方中科,27.0,26.7,27.11,26.7,3077400.0
20251230,002820,桂发祥,12.1,11.98,12.16,11.88,8851100.0
20251230,002821,凯莱英,94.81,93.0,95.2,92.8,4261300.0
20251230,002823,凯中精密,15.94,16.13,16.25,15.91,4507800.0
20251230,002824,和胜股份,19.6,19.64,19.9,19.42,8129500.0
20251230,002825,纳尔股份,12.0,11.82,12.3,11.81,9104500.0
20251230,002826,易明医药,18.07,18.07,18.2,17.95,2214600.0
20251230,002827,高争民爆,37.96,37.61,37.96,37.32,6381000.0
20251230,002828,贝肯能源,10.92,10.78,10.99,10.72,10392100.0
20251230,002829,星网宇达,29.83,30.3,31.3,29.57,21073200.0
20251230,002830,名雕股份,20.01,20.01,20.33,19.68,3150500.0
20251230,002831,裕同科技,28.4,28.52,28.78,28.12,3243700.0
20251230,002832,比音勒芬,15.05,15.1,15.12,15.01,2901000.0
20251230,002833,弘亚数控,16.0,16.62,16.65,15.91,9662100.0
20251230,002835,同为股份,16.22,16.24,16.38,16.12,1577300.0
20251230,002836,新宏泽,15.61,15.07,15.66,14.76,10064700.0
20251230,002837,英维克,109.36,113.2,117.3,107.55,65481100.0
20251230,002838,道恩股份,24.3,24.4,24.59,24.1,3234100.0
20251230,002839,张家港行,4.61,4.6,4.64,4.57,32192300.0
20251230,002840,华统股份,9.71,9.72,9.84,9.53,21041600.0
20251230,002841,视源股份,38.68,38.82,39.25,38.68,2554900.0
20251230,002842,翔鹭钨业,14.51,14.7,15.06,14.3,40589300.0
20251230,002843,泰嘉股份,20.31,20.48,20.93,20.27,19985400.0
20251230,002845,同兴达,14.03,14.06,14.31,13.98,4941600.0
20251230,002846,英联股份,16.25,16.12,16.31,16.0,8729400.0
20251230,002847,盐津铺子,69.7,68.77,70.35,68.73,2404900.0
20251230,002848,高斯贝尔,8.23,8.55,8.62,8.19,10268200.0
20251230,002849,威星智能,15.58,15.73,15.98,15.39,7838600.0
20251230,002850,科达利,158.86,164.44,166.77,157.0,9499400.0
20251230,002851,麦格米特,87.19,89.26,90.41,87.19,18057600.0
20251230,002852,道道全,10.64,10.59,10.75,10.57,4597700.0
20251230,002853,皮阿诺,21.0,21.6,22.24,20.68,16704500.0
20251230,002855,捷荣技术,16.37,16.3,16.42,16.26,2108400.0
20251230,002857,三晖电气,20.76,20.53,20.88,20.5,1851900.0
20251230,002858,力盛体育,15.11,14.97,15.34,14.96,4419000.0
20251230,002859,洁美科技,28.05,27.75,28.25,27.75,2131600.0
20251230,002860,星帅尔,13.43,13.54,13.63,13.36,7098700.0
20251230,002861,瀛通通讯,17.73,18.23,18.74,17.6,7801200.0
20251230,002862,实丰文化,19.9,19.45,19.9,19.43,4994600.0
20251230,002863,今飞凯达,5.84,5.86,5.96,5.79,20858000.0
20251230,002864,盘龙药业,30.91,30.94,31.13,30.47,2505100.0
20251230,002865,钧达股份,56.32,53.63,57.4,52.9,46209200.0
20251230,002866,传艺科技,18.51,18.59,18.66,18.2,24218400.0
20251230,002867,周大生,12.12,12.14,12.17,12.07,3351300.0
20251230,002868,绿康生化,33.21,32.9,33.53,32.8,1272700.0
20251230,002869,金溢科技,23.33,23.04,23.5,23.02,3724600.0
,002870,香山股份,40.83,40.61,42.45,40.61,11785500.0
20251230,002871,伟隆股份,16.78,17.01,17.33,16.56,5720300.0
20251230,002873,新天药业,9.96,9.94,10.02,9.84,3448800.0
20251230,002875,安奈儿,17.27,16.74,17.4,16.72,6138500.0
20251230,002876,三利谱,23.6,23.26,23.6,23.21,1372400.0
20251230,002877,智能自控,9.22,9.3,9.45,9.15,14899300.0
20251230,002878,元隆雅图,17.48,17.54,17.79,17.42,10703600.0
20251230,002879,长缆科技,18.31,18.89,19.1,18.01,11260700.0
20251230,002880,卫光生物,25.7,25.49,25.75,25.47,430400.0
20251230,002881,美格智能,42.79,43.34,43.63,42.46,5017600.0
20251230,002882,金龙羽,30.53,30.53,30.93,30.12,4147500.0
20251230,002884,凌霄泵业,17.78,17.75,17.85,17.71,1954000.0
20251230,002885,京泉华,26.57,27.05,27.1,26.24,16747600.0
20251230,002886,沃特股份,20.7,21.2,21.43,20.53,12215800.0
20251230,002887,绿茵生态,9.36,9.22,9.39,9.21,2646500.0
20251230,002888,惠威科技,19.9,19.77,20.03,19.75,3865800.0
20251230,002889,东方嘉盛,15.66,15.85,15.87,15.66,4727500.0
20251230,002890,弘宇股份,14.66,14.73,14.88,14.54,1376500.0
20251230,002891,中宠股份,52.01,52.03,52.61,51.88,1996000.0
20251230,002892,科力尔,13.39,13.61,13.73,13.29,25502200.0
20251230,002893,京能热力,11.1,11.17,11.23,11.0,8935600.0
20251230,002895,川恒股份,36.24,36.76,37.61,36.14,11105600.0
20251230,002896,中大力德,85.0,92.15,92.2,84.5,21993300.0
20251230,002897,意华股份,51.48,52.69,53.84,51.08,15482000.0
20251230,002899,英派斯,26.22,28.13,28.72,25.8,15897700.0
20251230,002900,哈三联,12.63,12.7,12.71,12.44,3972200.0
20251230,002901,大博医疗,48.32,48.02,48.72,47.9,1538300.0
20251230,002902,铭普光磁,23.3,23.05,23.73,23.01,8283400.0
20251230,002903,宇环数控,23.01,23.24,23.69,22.81,12379200.0
20251230,002905,金逸影视,10.48,11.62,11.62,10.46,20171300.0
20251230,002906,华阳集团,30.68,30.94,31.12,30.43,6988900.0
20251230,002907,华森制药,15.14,14.96,15.16,14.93,2074800.0
20251230,002908,德生科技,9.47,9.57,9.91,9.44,11194700.0
20251230,002909,集泰股份,6.92,7.04,7.04,6.85,40036800.0
20251230,002910,庄园牧场,11.61,11.28,11.65,11.25,19861500.0
20251230,002911,佛燃能源,12.05,12.17,12.18,11.91,5026600.0
20251230,002912,中新赛克,29.09,29.12,29.42,29.01,2305300.0
20251230,002913,奥士康,42.85,43.65,44.3,42.67,5599700.0
20251230,002915,中欣氟材,23.5,24.99,25.97,23.25,36098400.0
20251230,002916,深南电路,234.7,233.75,238.5,227.6,9373200.0
20251230,002917,金奥博,13.21,13.35,13.46,13.17,4789600.0
20251230,002918,蒙娜丽莎,14.3,14.27,14.6,14.07,4784200.0
20251230,002919,名臣健康,22.9,22.8,23.3,22.5,7681400.0
20251230,002920,德赛西威,120.01,122.14,122.85,119.45,11527600.0
20251230,002921,联诚精密,15.34,16.36,16.68,15.12,10732300.0
20251230,002922,伊戈尔,31.53,31.11,31.56,30.69,14432100.0
20251230,002923,润都股份,12.11,12.02,12.15,11.96,2983300.0
20251230,002925,盈趣科技,17.13,17.27,17.35,16.93,9803800.0
20251230,002926,华西证券,9.33,9.32,9.41,9.29,15331800.0
20251230,002927,泰永长征,20.11,19.56,20.76,19.43,17919000.0
20251230,002928,华夏航空,10.92,10.77,11.03,10.62,18307600.0
20251230,002929,润建股份,39.8,39.68,40.05,39.56,2630000.0
20251230,002930,宏川智慧,11.18,11.01,11.35,11.01,6512600.0
20251230,002931,锋龙股份,28.82,28.82,28.82,28.82,130200.0
20251230,002933,新兴装备,36.0,36.35,36.49,35.76,4925100.0
20251230,002935,天奥电子,21.8,21.35,21.93,21.14,22832200.0
20251230,002936,郑州银行,1.94,1.93,1.95,1.93,56100000.0
20251230,002937,兴瑞科技,22.91,24.24,24.5,22.74,11703800.0
20251230,002938,鹏鼎控股,50.96,51.21,52.38,50.52,21088100.0
20251230,002939,长城证券,10.24,10.32,10.42,10.24,26814100.0
20251230,002940,昂利康,33.57,33.67,33.85,33.35,4640000.0
20251230,002941,新疆交建,16.27,16.04,16.35,16.01,24804300.0
20251230,002942,新农股份,19.41,19.28,19.61,19.15,1507700.0
20251230,002943,宇晶股份,36.0,37.38,37.8,35.99,6731700.0
20251230,002945,华林证券,14.42,14.93,15.52,14.4,28196400.0
20251230,002946,新乳业,18.77,18.76,18.8,18.46,4655500.0
20251230,002947,恒铭达,52.2,52.55,53.7,52.17,7321300.0
20251230,002948,青岛银行,4.48,4.48,4.49,4.44,24841600.0
20251230,002949,华阳国际,15.09,15.21,15.42,14.8,5306700.0
20251230,002950,奥美医疗,11.05,10.91,11.06,10.88,5296200.0
20251230,002951,金时科技,15.7,15.39,16.2,15.16,13895900.0
20251230,002952,亚世光电,19.85,19.55,19.9,19.5,3152600.0
20251230,002953,日丰股份,11.56,11.56,11.65,11.48,4173000.0
20251230,002955,鸿合科技,29.91,29.63,30.01,29.52,2665000.0
20251230,002956,西麦食品,27.21,27.18,27.58,26.77,2637000.0
20251230,002957,科瑞技术,21.66,21.76,22.1,21.4,12075500.0
20251230,002958,青农商行,3.12,3.1,3.12,3.1,30077300.0
20251230,002959,小熊电器,42.4,42.11,42.48,42.11,1204900.0
20251230,002960,青鸟智控,11.0,10.98,11.13,10.9,11246300.0
20251230,002961,瑞达期货,28.51,28.67,29.1,28.17,19795900.0
20251230,002962,五方光电,14.25,14.38,14.38,14.15,2708900.0
20251230,002963,豪尔赛,15.15,15.29,15.35,14.74,4998300.0
20251230,002965,祥鑫科技,41.0,41.37,41.88,40.5,17266500.0
20251230,002966,苏州银行,8.28,8.27,8.35,8.23,27453600.0
20251230,002967,广电计量,22.54,21.97,22.61,21.83,21314200.0
20251230,002968,新大正,12.45,12.21,12.45,12.11,3426800.0
20251230,002969,嘉美包装,11.85,11.85,11.85,11.85,8274500.0
20251230,002970,锐明技术,48.5,49.18,49.48,48.07,4208100.0
20251230,002971,和远气体,30.0,29.94,30.68,29.66,4324900.0
20251230,002972,科安达,12.13,11.93,12.18,11.93,1866200.0
20251230,002973,侨银股份,13.08,13.29,13.48,13.08,2676700.0
20251230,002975,博杰股份,78.42,78.3,79.75,77.72,3461300.0
20251230,002976,瑞玛精密,28.04,28.85,29.76,27.66,10047100.0
20251230,002978,安宁股份,32.39,32.66,32.97,32.31,5102700.0
20251230,002979,雷赛智能,41.4,43.03,43.16,41.2,11718300.0
20251230,002980,华盛昌,21.0,20.74,21.0,20.72,1502900.0
20251230,002981,朝阳科技,28.59,28.71,28.85,28.49,1989000.0
20251230,002982,湘佳股份,13.94,13.91,14.1,13.83,2015800.0
20251230,002983,芯瑞达,22.02,22.35,22.69,22.02,5612800.0
20251230,002984,森麒麟,20.9,21.32,21.37,20.83,14414500.0
20251230,002985,北摩高科,30.8,31.23,31.84,30.7,12891300.0
20251230,002986,宇新股份,10.82,10.69,10.83,10.66,1843400.0
20251230,002987,京北方,21.18,20.8,21.7,20.78,42925300.0
20251230,002988,豪美新材,37.91,37.74,38.13,37.3,2653500.0
20251230,002989,中天精装,31.0,31.23,32.15,31.0,4690200.0
20251230,002990,盛视科技,28.01,27.94,28.2,27.88,2211000.0
20251230,002991,甘源食品,57.43,56.7,57.77,56.5,950300.0
20251230,002992,宝明科技,49.7,48.54,49.71,48.5,1665800.0
20251230,002993,奥海科技,43.86,43.92,44.4,43.63,2510100.0
20251230,002995,天地在线,16.2,16.24,16.54,16.2,3528700.0
20251230,002996,顺博合金,7.41,7.46,7.55,7.32,8765500.0
20251230,002997,瑞鹄模具,37.44,37.48,37.75,37.2,2391800.0
20251230,002998,优彩资源,7.63,7.58,7.63,7.47,6275600.0
20251230,002999,天禾股份,6.85,6.81,6.94,6.71,7549300.0
20251230,003000,劲仔食品,11.48,11.43,11.54,11.39,3418600.0
20251230,003001,中岩大地,20.56,20.41,20.73,20.28,2460500.0
20251230,003002,壶化股份,32.2,32.0,32.64,31.77,5874700.0
20251230,003003,天元股份,13.64,13.3,13.66,13.16,12891400.0
20251230,003004,声迅股份,20.88,21.44,21.68,20.45,2078300.0
20251230,003005,竞业达,20.23,20.05,20.3,20.04,2919600.0
20251230,003006,百亚股份,21.25,21.94,22.48,21.16,8088500.0
20251230,003007,直真科技,37.27,36.65,37.92,36.52,5973100.0
20251230,003008,开普检测,21.99,21.69,22.0,21.55,939000.0
20251230,003009,中天火箭,69.0,71.4,75.9,67.21,21006800.0
20251230,003010,若羽臣,36.24,35.99,36.5,35.5,4673700.0
20251230,003011,海象新材,21.78,21.71,22.08,21.52,2303500.0
20251230,003012,东鹏控股,6.67,6.62,6.69,6.61,4613200.0
20251230,003013,地铁设计,14.22,14.12,14.22,14.09,1601800.0
20251230,003015,日久光电,15.65,15.58,15.75,15.56,2849900.0
20251230,003016,欣贺股份,10.43,9.96,10.54,9.85,35456000.0
20251230,003017,大洋生物,29.7,30.19,30.47,29.49,1881800.0
20251230,003018,金富科技,15.46,16.2,16.46,15.46,21836000.0
20251230,003019,宸展光电,33.1,33.71,33.88,32.89,3380300.0
20251230,003020,立方制药,26.48,26.57,26.66,26.26,1368900.0
20251230,003021,兆威机电,120.01,128.91,128.96,119.3,14999800.0
20251230,003022,联泓新科,19.69,19.87,20.05,19.55,10503200.0
20251230,003023,彩虹集团,22.5,22.58,22.75,22.3,1753000.0
20251230,003025,思进智能,14.26,14.3,14.34,14.18,3031800.0
20251230,003026,中晶科技,30.92,30.89,31.28,30.64,1964600.0
20251230,003027,同兴科技,22.74,22.21,23.07,21.89,11684700.0
20251230,003028,振邦智能,29.44,29.75,30.16,29.19,1525300.0
20251230,003029,吉大正元,27.0,26.55,27.94,26.52,16017800.0
20251230,003030,祖名股份,20.37,20.12,20.42,20.08,1384500.0
20251230,003031,中瓷电子,76.0,73.7,76.2,73.25,8456100.0
20251230,003032,传智教育,6.38,6.36,6.45,6.33,3845200.0
20251230,003033,征和工业,73.0,76.55,80.6,71.5,8087900.0
20251230,003035,南网能源,4.63,4.6,4.66,4.59,14032400.0
20251230,003036,泰坦股份,15.6,15.62,15.74,15.54,1667100.0
20251230,003037,三和管桩,8.02,7.95,8.06,7.87,12520600.0
20251230,003038,鑫铂股份,15.81,15.83,15.97,15.67,4051000.0
20251230,003039,顺控发展,14.57,14.48,14.63,14.45,5902000.0
20251230,003040,楚天龙,20.18,20.32,21.0,20.13,55405300.0
20251230,003041,真爱美家,49.5,49.84,51.21,48.84,14123700.0
20251230,003042,中农联合,16.02,16.04,16.52,15.85,4480700.0
20251230,003043,华亚智能,46.18,46.13,46.49,45.76,1070200.0
20251230,003816,中国广核,3.81,3.76,3.82,3.75,175325800.0
20251230,300001,特锐德,25.9,25.97,26.23,25.7,13408600.0
20251230,300002,神州泰岳,11.18,11.32,11.44,11.15,41525000.0
20251230,300003,乐普医疗,16.03,15.88,16.1,15.84,19888100.0
20251230,300004,南风股份,11.89,11.7,11.98,11.64,22231200.0
20251230,300005,探路者,10.91,10.72,10.93,10.67,24503200.0
20251230,300006,莱美药业,5.26,5.24,5.37,5.16,30393500.0
20251230,300007,汉威科技,50.21,54.02,56.24,49.85,42728900.0
20251230,300008,天海防务,8.11,7.93,8.27,7.91,193102800.0
20251230,300009,安科生物,9.63,9.62,9.68,9.59,11029100.0
20251230,300011,鼎汉技术,8.65,8.57,8.7,8.53,9483600.0
20251230,300012,华测检测,13.43,13.48,13.64,13.39,15498800.0
20251230,300013,新宁物流,4.05,3.96,4.08,3.95,22316100.0
20251230,300014,亿纬锂能,67.51,67.7,68.15,66.18,56641500.0
20251230,300015,爱尔眼科,10.99,11.03,11.11,10.93,43572500.0
20251230,300016,北陆药业,7.99,7.99,8.05,7.96,4666200.0
20251230,300017,网宿科技,10.1,10.26,10.29,10.09,39150400.0
20251230,300018,中元股份,11.05,11.15,11.28,10.92,14920300.0
20251230,300019,硅宝科技,21.0,21.03,21.24,20.82,8848100.0
20251230,300021,大禹节水,4.65,4.67,4.72,4.59,16561200.0
20251230,300022,吉峰科技,7.7,8.11,8.45,7.69,31456300.0
20251230,300024,机器人,17.61,18.36,18.63,17.57,76242800.0
20251230,300025,华星创业,5.73,5.71,5.86,5.7,9543100.0
20251230,300026,红日药业,3.56,3.55,3.58,3.54,18118000.0
20251230,300030,阳普医疗,7.42,7.32,7.43,7.29,3930400.0
20251230,300031,宝通科技,22.27,22.84,22.94,22.26,13894400.0
20251230,300032,金龙机电,5.23,5.4,5.49,5.18,41940800.0
20251230,300033,同花顺,323.87,325.73,328.8,322.2,4643400.0
20251230,300034,钢研高纳,19.66,19.2,19.74,19.09,41109600.0
20251230,300035,中科电气,21.54,21.71,21.92,21.46,20721000.0
20251230,300036,超图软件,17.89,17.64,17.9,17.58,13732500.0
20251230,300037,新宙邦,51.47,52.54,53.1,51.19,17411800.0
20251230,300039,上海凯宝,6.03,6.03,6.05,6.0,9862700.0
20251230,300040,九洲集团,6.07,6.05,6.12,6.05,7351800.0
20251230,300041,回天新材,11.22,11.18,11.33,11.15,10280400.0
20251230,300042,朗科科技,25.93,25.86,26.32,25.77,7039100.0
20251230,300043,星辉娱乐,5.65,5.67,5.75,5.61,36459400.0
20251230,300045,华力创通,27.01,27.91,28.87,26.8,113824100.0
20251230,300046,台基股份,35.15,35.27,35.63,35.0,5926100.0
20251230,300047,天源迪科,12.31,12.4,12.57,12.29,21402000.0
20251230,300048,合康新能,5.9,5.96,6.03,5.82,37907300.0
20251230,300049,福瑞医科,71.64,71.36,72.23,70.87,3969300.0
20251230,300050,世纪鼎利,5.45,5.46,5.54,5.43,11630700.0
20251230,300051,琏升科技,6.65,6.5,6.65,6.48,8962500.0
20251230,300052,中青宝,12.33,12.4,12.57,12.3,6589900.0
20251230,300053,航宇微,18.25,18.33,19.06,17.96,94358500.0
20251230,300054,鼎龙股份,37.6,37.92,38.24,37.31,16131200.0
20251230,300055,万邦达,7.6,8.03,8.24,7.53,31074800.0
20251230,300056,中创环保,8.41,8.31,8.48,8.3,14173400.0
20251230,300057,万顺新材,5.83,5.76,5.87,5.73,22583200.0
20251230,300058,蓝色光标,9.36,9.6,10.2,9.36,844630400.0
20251230,300059,东方财富,23.29,23.43,23.63,23.21,224793900.0
20251230,300061,旗天科技,10.32,10.36,10.55,10.32,10093300.0
20251230,300062,中能电气,9.32,9.08,9.36,9.07,61142600.0
20251230,300063,天龙集团,8.13,8.22,8.35,8.13,46841100.0
20251230,300065,海兰信,18.36,18.14,18.6,18.14,31504700.0
20251230,300066,三川智慧,6.32,6.25,6.33,6.24,18209100.0
20251230,300067,安诺其,4.89,4.83,4.91,4.81,16427500.0
20251230,300069,金利华电,17.51,17.27,17.62,17.23,2236100.0
20251230,300070,碧水源,3.93,3.92,3.96,3.89,18971000.0
20251230,300071,福石控股,5.8,5.9,6.15,5.8,151811100.0
20251230,300072,海新能科,4.65,4.6,4.68,4.57,46577100.0
20251230,300073,当升科技,57.93,58.36,58.92,57.5,10935900.0
20251230,300074,华平股份,4.67,4.59,4.69,4.56,14061000.0
20251230,300075,数字政通,14.96,15.28,15.56,14.95,16069300.0
20251230,300077,国民技术,20.29,20.34,20.55,20.18,10524900.0
20251230,300078,思创智联,4.17,4.24,4.26,4.15,88684200.0
20251230,300079,数码视讯,5.29,5.33,5.39,5.28,24118600.0
20251230,300080,易成新能,5.0,4.93,5.04,4.9,18669500.0
20251230,300082,奥克股份,10.0,10.12,10.3,9.83,21378300.0
20251230,300083,创世纪,8.98,9.4,9.47,8.93,85795700.0
20251230,300084,海默科技,9.66,9.63,9.77,9.58,10986100.0
20251230,300085,银之杰,40.8,41.34,41.9,40.38,40300800.0
20251230,300086,康芝药业,12.31,11.95,12.49,11.92,78009000.0
20251230,300088,长信科技,5.97,6.02,6.07,5.96,35010100.0
20251230,300092,科新机电,15.44,15.84,15.98,15.34,11317800.0
20251230,300093,金刚光伏,17.15,16.97,17.26,16.38,6493600.0
20251230,300094,国联水产,3.66,3.58,3.68,3.58,68299800.0
20251230,300095,华伍股份,11.68,12.77,13.33,11.4,105230700.0
20251230,300097,智云股份,6.94,7.14,7.3,6.92,8026700.0
20251230,300098,高新兴,6.07,6.11,6.23,6.02,70532900.0
20251230,300099,尤洛卡,7.45,7.39,7.51,7.35,15287600.0
20251230,300100,双林股份,38.7,40.77,41.5,38.51,39489900.0
20251230,300101,振芯科技,25.6,27.78,28.86,25.45,60539200.0
20251230,300102,乾照光电,24.43,23.81,26.1,23.7,184394000.0
20251230,300103,达刚控股,7.87,7.93,8.09,7.77,7050200.0
20251230,300105,龙源技术,7.18,7.14,7.25,7.1,7205400.0
20251230,300106,西部牧业,11.0,10.69,11.02,10.65,10509200.0
20251230,300107,建新股份,6.87,6.82,6.9,6.8,5154000.0
20251230,300109,新开源,16.99,16.71,16.99,16.7,5666100.0
20251230,300110,华仁药业,3.17,3.14,3.18,3.11,20320600.0
20251230,300111,向日葵,6.32,6.18,6.44,6.15,65571900.0
20251230,300112,万讯自控,8.56,8.59,8.69,8.52,3850600.0
20251230,300113,顺网科技,19.97,20.0,20.26,19.81,24183400.0
20251230,300115,长盈精密,40.3,45.13,47.99,40.04,181628500.0
20251230,300118,东方日升,15.88,14.48,15.99,14.44,158822700.0
20251230,300119,瑞普生物,19.21,19.19,19.37,19.1,3362800.0
20251230,300120,经纬辉开,8.41,8.33,8.44,8.31,10398500.0
20251230,300121,阳谷华泰,12.96,12.85,12.99,12.8,8588700.0
20251230,300122,智飞生物,19.01,18.98,19.12,18.91,9071700.0
20251230,300124,汇川技术,73.05,76.48,76.69,73.0,52697800.0
20251230,300125,聆达股份,7.48,7.47,7.97,7.39,15936700.0
20251230,300126,锐奇股份,8.5,8.55,8.61,8.33,6263100.0
20251230,300127,银河磁体,30.6,30.71,31.05,30.31,3550500.0
20251230,300128,锦富技术,7.25,7.28,7.37,7.15,34791500.0
20251230,300129,泰胜风能,10.41,10.0,10.69,9.91,109103100.0
20251230,300130,新国都,27.3,26.95,27.99,26.78,52782400.0
20251230,300131,英唐智控,14.59,14.71,15.0,14.28,91038500.0
20251230,300132,诺斯贝尔,8.16,8.69,8.8,8.13,43040100.0
20251230,300133,华策影视,8.02,8.09,8.28,7.99,90407600.0
20251230,300134,大富科技,12.33,12.46,12.68,12.3,14002900.0
20251230,300135,宝利国际,3.98,3.96,4.03,3.94,12239200.0
20251230,300136,信维通信,52.92,53.0,56.53,51.88,186961800.0
20251230,300137,先河环保,9.99,10.0,10.18,9.7,20361200.0
20251230,300138,晨光生物,12.5,12.38,12.54,12.35,6157800.0
20251230,300139,晓程科技,30.88,31.4,31.94,30.71,36115500.0
20251230,300140,节能环境,6.77,6.67,6.83,6.65,15062000.0
20251230,300141,和顺电气,13.37,12.71,13.43,12.65,19859200.0
20251230,300142,沃森生物,11.07,11.07,11.15,11.0,15371100.0
20251230,300143,盈康生命,9.94,9.87,9.99,9.85,4433200.0
20251230,300144,宋城演艺,8.17,8.18,8.23,8.16,19287600.0
20251230,300145,南方泵业,4.72,4.76,4.78,4.71,60693600.0
20251230,300146,汤臣倍健,12.16,12.09,12.23,12.07,10722500.0
20251230,300148,天舟文化,4.29,4.33,4.37,4.26,22172800.0
20251230,300149,睿智医药,9.65,9.57,9.69,9.52,5515400.0
20251230,300150,世纪瑞尔,5.33,5.3,5.36,5.28,8212300.0
20251230,300151,昌红科技,14.88,15.15,15.79,14.65,25260300.0
20251230,300153,科泰电源,29.5,29.7,29.83,29.25,9646000.0
20251230,300154,瑞凌股份,9.61,9.76,9.83,9.61,6411200.0
20251230,300155,安居宝,5.98,6.03,6.15,5.78,17823100.0
20251230,300157,新锦动力,4.54,4.6,4.68,4.47,32154500.0
20251230,300158,振东制药,5.85,5.79,5.86,5.78,20469200.0
20251230,300159,新研股份,3.18,3.15,3.25,3.15,34470600.0
20251230,300160,秀强股份,5.47,5.44,5.49,5.42,7391500.0
20251230,300161,华中数控,28.72,29.07,29.3,28.52,4917100.0
20251230,300162,雷曼光电,8.02,8.02,8.22,7.94,13578600.0
20251230,300163,先锋新材,4.07,4.02,4.09,4.0,14962000.0
20251230,300164,通源石油,5.52,5.71,5.74,5.45,73256100.0
20251230,300165,天瑞仪器,4.68,4.74,4.77,4.68,5150900.0
20251230,300166,东方国信,9.96,10.04,10.13,9.91,19972200.0
20251230,300168,万达信息,6.36,6.36,6.45,6.34,11730000.0
20251230,300169,天晟新材,6.26,6.26,6.36,6.21,7432200.0
20251230,300170,汉得信息,17.92,17.64,18.2,17.6,102769700.0
20251230,300171,东富龙,15.86,15.78,15.97,15.78,4619300.0
20251230,300172,中电环保,5.5,5.52,5.57,5.43,20184300.0
20251230,300174,元力股份,15.67,15.53,15.8,15.46,9395000.0
20251230,300175,朗源股份,5.72,5.7,5.77,5.66,3872800.0
20251230,300176,鸿特科技,6.68,6.64,6.73,6.6,6461600.0
20251230,300177,中海达,10.16,10.09,10.32,10.03,34151500.0
20251230,300179,四方达,15.43,15.46,16.25,15.2,40583800.0
20251230,300180,华峰超纤,6.93,6.87,7.08,6.81,95780200.0
20251230,300181,佐力药业,16.38,16.39,16.52,16.33,8006400.0
20251230,300182,捷成股份,5.31,5.43,5.45,5.31,51229900.0
20251230,300183,东软载波,14.64,14.75,14.95,14.62,3975100.0
20251230,300184,力源信息,9.91,9.97,10.05,9.9,18110900.0
20251230,300185,通裕重工,2.87,2.83,2.88,2.83,64729900.0
20251230,300187,永清环保,4.93,4.88,4.96,4.86,6008300.0
20251230,300188,国投智能,14.36,14.45,14.71,14.34,14828000.0
20251230,300189,神农种业,7.6,7.41,7.71,7.3,229200700.0
20251230,300190,维尔利,4.43,4.29,4.47,4.23,47376700.0
20251230,300191,潜能恒信,18.22,18.21,18.4,18.09,2588400.0
20251230,300192,科德教育,21.4,21.71,22.35,21.15,23711700.0
20251230,300193,佳士科技,8.93,8.91,8.96,8.88,3759600.0
20251230,300194,福安药业,4.43,4.44,4.45,4.41,11143200.0
20251230,300195,长荣股份,8.11,8.14,8.26,8.08,8614400.0
20251230,300196,长海股份,14.42,14.4,14.52,14.33,4568800.0
20251230,300197,节能铁汉,1.76,1.76,1.79,1.75,36578100.0
20251230,300199,翰宇药业,18.42,18.25,18.57,18.18,20969500.0
20251230,300200,高盟新材,12.26,11.83,12.3,11.82,28055100.0
20251230,300201,海伦哲,6.32,6.51,6.58,6.3,50085700.0
20251230,300203,聚光科技,16.11,15.87,16.14,15.73,8226600.0
20251230,300204,舒泰神,27.91,27.59,28.67,27.39,21703100.0
20251230,300206,理邦仪器,12.81,12.75,12.95,12.75,3838000.0
20251230,300207,欣旺达,26.0,27.19,27.42,25.99,96744300.0
20251230,300209,行云科技,5.5,5.46,5.56,5.44,9947300.0
20251230,300210,森远股份,9.24,9.03,9.25,9.03,11066800.0
20251230,300213,佳讯飞鸿,9.38,9.32,9.58,9.3,25708600.0
20251230,300214,日科化学,6.76,6.78,6.83,6.71,5105600.0
20251230,300215,电科院,6.57,6.36,6.6,6.35,22601600.0
20251230,300217,东方电热,5.23,5.23,5.26,5.18,18351400.0
20251230,300218,安利股份,15.54,15.62,15.71,15.48,2961300.0
20251230,300219,鸿利智汇,7.15,7.14,7.23,7.12,10251700.0
20251230,300220,金运激光,14.43,14.3,14.55,14.28,2159000.0
20251230,300221,银禧科技,10.2,10.22,10.43,10.08,41400900.0
20251230,300222,科大智能,10.8,11.02,11.06,10.76,19124700.0
20251230,300223,君正股份,112.04,112.39,113.6,107.56,34912600.0
20251230,300224,正海磁材,15.44,15.57,15.64,15.29,13495300.0
20251230,300225,金力泰,5.76,5.77,6.0,5.7,16700200.0
20251230,300226,上海钢联,25.16,24.81,25.24,24.8,6675000.0
20251230,300227,光韵达,9.07,9.06,9.15,9.0,10656100.0
20251230,300228,富瑞特装,10.21,10.01,10.35,9.92,75166000.0
20251230,300229,拓尔思,19.22,19.46,19.66,19.22,24008600.0
20251230,300230,永利股份,4.78,4.78,4.84,4.75,7858700.0
20251230,300231,银信科技,10.25,10.25,10.36,10.22,5287700.0
20251230,300232,洲明科技,6.96,7.03,7.17,6.95,16450200.0
20251230,300233,金城医药,14.2,14.02,14.2,13.88,6232600.0
20251230,300234,开尔新材,5.12,5.24,5.38,5.05,16867700.0
20251230,300235,方直科技,16.2,16.07,16.29,15.8,8286000.0
20251230,300236,上海新阳,61.72,62.1,62.34,61.45,14027100.0
20251230,300238,冠昊生物,13.89,13.9,14.05,13.84,2854800.0
20251230,300239,东宝生物,5.84,5.82,5.85,5.7,15021900.0
20251230,300240,飞力达,7.52,7.4,7.54,7.35,8631800.0
20251230,300241,瑞丰光电,5.6,5.59,5.7,5.58,11356400.0
20251230,300242,佳云科技,4.97,4.87,5.07,4.85,22564900.0
20251230,300243,瑞丰高材,10.32,10.3,10.44,10.18,3987300.0
20251230,300244,迪安诊断,15.51,15.42,15.58,15.35,8381200.0
20251230,300246,宝莱特,8.09,8.04,8.16,8.03,3534500.0
20251230,300247,融捷健康,5.16,5.13,5.24,5.11,21168300.0
20251230,300248,新开普,12.3,12.03,12.55,12.0,14314100.0
20251230,300249,依米康,14.65,14.85,15.08,14.64,14706100.0
20251230,300250,初灵信息,24.08,24.08,24.46,24.01,10794800.0
20251230,300251,光线传媒,16.05,16.29,16.37,15.97,40746800.0
20251230,300252,金信诺,14.16,14.31,14.77,14.08,48338500.0
20251230,300253,卫宁健康,8.65,8.63,8.73,8.61,41400200.0
20251230,300254,仟源医药,10.16,10.39,10.63,10.09,9773900.0
20251230,300255,常山药业,61.47,61.68,62.8,61.33,8920700.0
20251230,300256,星星科技,4.0,4.0,4.03,3.98,25062200.0
20251230,300257,开山股份,14.24,14.18,14.32,14.11,5280600.0
20251230,300258,精锻科技,13.89,14.31,14.44,13.77,32277600.0
20251230,300259,新天科技,4.36,4.38,4.42,4.36,13114300.0
20251230,300260,新莱应材,54.45,54.73,55.78,53.85,19439900.0
20251230,300261,雅本化学,6.76,6.7,6.79,6.68,9577400.0
20251230,300263,隆华科技,8.86,8.77,8.94,8.74,50112700.0
20251230,300264,佳创视讯,6.55,6.18,6.58,6.16,25505800.0
20251230,300265,通光线缆,13.56,13.36,14.24,13.35,68597700.0
20251230,300266,兴源环境,2.52,2.54,2.57,2.5,24503200.0
20251230,300267,尔康制药,3.47,3.43,3.48,3.4,23715900.0
20251230,300268,佳沃食品,13.69,13.48,13.69,13.23,1487100.0
20251230,300269,联建光电,6.5,6.75,7.01,6.37,88377900.0
20251230,300270,中威电子,11.18,11.01,11.31,10.94,12062100.0
20251230,300271,华宇软件,7.17,7.18,7.24,7.16,6256300.0
20251230,300272,开能健康,7.38,7.47,7.66,7.32,22072900.0
20251230,300274,阳光电源,175.1,179.07,180.51,173.68,56484800.0
20251230,300275,梅安森,13.16,13.39,13.69,13.03,15888900.0
20251230,300276,三丰智能,9.36,9.95,10.13,9.27,116748700.0
20251230,300277,汽轮科技,13.15,12.91,13.15,12.86,8393800.0
20251230,300278,华昌达,5.92,6.12,6.18,5.92,65018400.0
20251230,300279,和晶科技,7.12,7.35,7.53,7.09,19673400.0
20251230,300281,金明精机,7.92,8.09,8.19,7.75,21977300.0
20251230,300283,温州宏丰,7.63,7.55,7.66,7.51,9090100.0
20251230,300284,苏交科,7.93,7.87,8.04,7.87,8118100.0
20251230,300285,国瓷材料,27.36,27.2,27.64,27.0,28637700.0
20251230,300286,安科瑞,23.2,23.04,23.27,23.0,2474900.0
20251230,300287,飞利信,4.83,4.82,4.89,4.81,22880000.0
20251230,300288,朗玛信息,13.23,13.26,13.42,13.18,3426200.0
20251230,300289,利德曼,6.99,6.97,7.05,6.92,6718800.0
20251230,300291,百纳千成,6.57,7.76,7.76,6.42,197158800.0
20251230,300292,吴通控股,4.45,4.47,4.51,4.44,19970200.0
20251230,300293,蓝英装备,21.26,21.18,21.34,21.06,3690500.0
20251230,300294,博雅生物,22.94,22.86,22.95,22.79,2451800.0
20251230,300296,利亚德,6.17,6.27,6.33,6.16,45570800.0
20251230,300298,三诺生物,17.27,17.13,17.3,17.12,4535700.0
20251230,300299,富春股份,7.04,7.02,7.21,6.95,44436200.0
20251230,300300,海峡创新,16.66,16.39,17.5,15.69,168932700.0
20251230,300302,同有科技,18.5,18.26,18.64,18.2,12334100.0
20251230,300303,聚飞光电,6.82,6.87,6.99,6.8,32592700.0
20251230,300304,云意电气,11.42,11.65,11.7,11.32,18502200.0
20251230,300305,裕兴股份,5.96,5.94,6.01,5.88,8697200.0
20251230,300306,远方信息,13.64,13.44,13.93,13.41,6902400.0
20251230,300307,慈星股份,7.05,7.09,7.13,7.04,7925500.0
20251230,300308,中际旭创,618.1,632.0,644.34,615.0,26114500.0
20251230,300310,宜通世纪,5.96,5.9,6.0,5.88,18941400.0
20251230,300311,任子行,4.4,4.44,4.53,4.39,8024800.0
20251230,300313,天山生物,8.21,8.2,8.28,8.18,1840000.0
20251230,300314,戴维医疗,12.73,12.61,12.75,12.59,1871300.0
20251230,300315,掌趣科技,4.87,4.88,4.94,4.86,37406300.0
20251230,300316,晶盛机电,37.66,37.54,37.97,37.3,12629400.0
20251230,300317,珈伟新能,3.89,3.85,3.92,3.81,17128400.0
20251230,300318,博晖创新,6.32,6.24,6.34,6.23,8976100.0
20251230,300319,麦捷科技,11.83,11.83,11.95,11.82,12995500.0
20251230,300320,海达股份,9.34,9.37,9.46,9.3,5251400.0
20251230,300321,同大股份,45.18,45.49,46.41,43.74,2866100.0
20251230,300322,硕贝德,24.73,27.29,29.58,24.62,130050100.0
20251230,300323,华灿光电,7.58,7.62,7.75,7.57,12946500.0
20251230,300324,旋极信息,5.96,5.99,6.12,5.92,76990600.0
20251230,300327,中颖电子,28.61,28.93,29.45,28.52,12109400.0
20251230,300328,宜安科技,16.86,17.23,17.47,16.78,29785600.0
20251230,300329,海伦钢琴,15.4,16.2,16.53,15.22,10357700.0
20251230,300331,苏大维格,31.29,31.3,32.1,31.1,9045100.0
20251230,300332,天壕能源,5.34,5.29,5.34,5.25,11558100.0
20251230,300333,兆日科技,11.2,11.53,11.98,11.13,25163000.0
20251230,300334,津膜科技,6.98,6.91,7.03,6.86,5426800.0
20251230,300335,迪森股份,5.71,5.67,5.74,5.63,7134100.0
20251230,300337,银邦股份,15.3,14.58,15.6,14.49,127036400.0
20251230,300339,润和软件,50.59,50.04,50.83,49.96,27969100.0
20251230,300340,科恒股份,12.38,12.35,12.53,12.26,4739000.0
20251230,300341,麦克奥迪,16.72,16.49,16.75,16.46,5101500.0
20251230,300342,天银机电,32.67,31.66,34.38,31.58,93288400.0
20251230,300343,联创股份,5.92,6.1,6.12,5.91,21195400.0
20251230,300345,华民股份,6.39,6.34,6.42,6.32,8591300.0
20251230,300346,南大光电,43.4,43.07,43.75,42.92,38548700.0
20251230,300347,泰格医药,55.92,56.63,56.98,55.66,9138100.0
20251230,300348,长亮科技,15.0,14.65,15.3,14.63,52186500.0
20251230,300349,金卡智能,14.42,14.44,14.88,14.25,12956200.0
20251230,300350,华鹏飞,6.38,6.28,6.41,6.27,16173800.0
20251230,300351,永贵电器,18.31,18.19,18.45,18.11,11724900.0
20251230,300353,东土科技,20.45,20.75,20.94,20.36,17942400.0
20251230,300354,东华测试,44.04,45.84,45.96,43.88,8711000.0
20251230,300355,蒙草生态,4.07,4.04,4.07,4.04,17135700.0
20251230,300357,我武生物,28.23,28.2,28.55,28.11,4618900.0
20251230,300358,楚天科技,9.92,9.85,10.1,9.85,23946700.0
20251230,300359,全通教育,5.22,5.25,5.3,5.2,5737200.0
20251230,300360,炬华科技,17.53,17.71,17.87,17.2,24972100.0
20251230,300363,博腾股份,23.2,23.45,23.65,23.08,6559900.0
20251230,300364,中文在线,23.84,23.96,24.42,23.81,33185000.0
20251230,300365,恒华科技,6.25,6.21,6.32,6.2,9445500.0
20251230,300368,汇金股份,14.6,14.91,15.28,14.57,48929800.0
20251230,300369,绿盟科技,7.35,7.35,7.48,7.32,12605400.0
20251230,300370,安控科技,2.58,2.59,2.61,2.56,15156200.0
20251230,300371,汇中股份,12.41,12.44,12.62,12.4,1680400.0
20251230,300373,扬杰科技,67.85,69.41,70.37,67.85,17801100.0
20251230,300374,中铁装配,15.83,15.7,15.93,15.69,4216300.0
20251230,300375,鹏翎股份,5.3,5.38,5.42,5.27,19832900.0
20251230,300376,易事特,6.47,6.67,6.68,6.4,39087600.0
20251230,300377,赢时胜,23.71,23.31,24.3,23.02,110756300.0
20251230,300378,鼎捷数智,45.02,44.21,45.4,43.75,18484100.0
20251230,300380,安硕信息,41.1,41.27,41.86,41.1,2989500.0
20251230,300381,溢多利,6.51,6.44,6.54,6.43,5248600.0
20251230,300382,斯莱克,15.52,15.76,15.97,15.29,18639800.0
20251230,300383,光环新网,12.33,12.44,12.55,12.31,32316000.0
20251230,300384,三联虹普,15.86,16.17,16.37,15.85,4229900.0
20251230,300386,飞天诚信,17.24,17.9,18.9,17.0,36022200.0
20251230,300387,富邦科技,8.51,8.46,8.61,8.44,5227800.0
20251230,300388,节能国祯,8.06,8.06,8.14,7.98,4243900.0
20251230,300389,艾比森,16.02,16.05,16.21,15.95,2873000.0
20251230,300390,天华新能,52.54,56.65,58.0,51.68,52309800.0
20251230,300393,中来股份,6.83,6.65,6.85,6.64,37453800.0
20251230,300394,天孚通信,209.9,212.47,217.4,208.18,29098700.0
20251230,300395,菲利华,106.28,104.3,111.5,103.78,35131300.0
20251230,300397,天和防务,15.0,14.79,15.38,14.72,35399100.0
20251230,300398,飞凯材料,22.76,22.69,22.91,22.61,16004600.0
20251230,300399,天利科技,25.4,25.59,26.09,25.35,5253600.0
20251230,300400,劲拓股份,20.01,19.95,20.15,19.91,5127500.0
20251230,300401,花园生物,15.38,15.3,15.46,14.92,22741600.0
20251230,300402,宝色股份,21.58,21.47,21.85,21.35,7815800.0
20251230,300403,汉宇集团,13.9,14.61,14.84,13.84,50508900.0
20251230,300404,博济医药,9.4,9.42,9.43,9.32,3798200.0
20251230,300405,科隆股份,6.47,6.43,6.56,6.36,6558200.0
20251230,300406,九强生物,13.25,13.17,13.25,13.1,3441600.0
20251230,300407,凯发电气,11.42,11.3,11.57,11.28,7862500.0
20251230,300408,三环集团,46.01,46.28,46.97,45.83,14314400.0
20251230,300409,道氏技术,22.51,22.9,23.05,22.31,22877400.0
20251230,300410,正业科技,8.25,8.2,8.31,8.17,7084800.0
20251230,300411,金盾股份,11.29,11.29,11.49,11.23,5883300.0
20251230,300412,迦南科技,5.36,5.3,5.39,5.25,8473900.0
20251230,300413,芒果超媒,23.59,23.82,24.24,23.53,21420800.0
20251230,300414,中光防雷,15.16,14.77,15.26,14.73,38833600.0
20251230,300415,伊之密,25.45,26.3,26.44,25.38,10869500.0
20251230,300416,苏试试验,18.16,18.1,18.58,17.89,26705700.0
20251230,300417,南华仪器,14.01,14.0,14.15,13.75,2671600.0
20251230,300418,昆仑万维,40.65,40.18,41.0,40.09,49546100.0
20251230,300420,五洋自控,3.93,3.95,3.98,3.9,17272600.0
20251230,300421,力星股份,31.96,35.95,39.01,31.52,76438500.0
20251230,300422,博世科,4.61,4.55,4.67,4.53,7578500.0
20251230,300423,昇辉科技,8.8,8.56,8.9,8.51,24764000.0
20251230,300424,航新科技,18.34,18.25,18.84,18.15,18751200.0
20251230,300425,中建环能,5.0,4.94,5.0,4.93,4799500.0
20251230,300426,华智数媒,7.75,7.75,7.95,7.74,6876000.0
20251230,300427,红相股份,13.03,12.16,13.76,12.12,129076100.0
20251230,300428,立中集团,23.39,23.7,24.05,23.14,13791200.0
20251230,300429,强力新材,13.52,13.34,13.6,13.31,17808500.0
20251230,300432,富临精工,16.07,16.72,16.85,15.95,91001500.0
20251230,300433,蓝思科技,28.33,29.66,29.79,27.92,126781000.0
20251230,300434,金石亚药,10.43,10.32,10.48,10.28,10295700.0
20251230,300435,中泰股份,22.3,22.1,22.53,22.03,11757100.0
20251230,300436,广生堂,90.67,91.06,91.7,89.77,3445000.0
20251230,300437,清水源,17.0,16.55,17.05,16.03,30215800.0
20251230,300438,鹏辉能源,55.13,55.3,56.3,54.08,19614600.0
20251230,300439,美康生物,9.82,9.87,9.92,9.78,1907900.0
20251230,300440,运达科技,12.02,11.95,12.09,11.86,3613600.0
20251230,300441,鲍斯股份,7.51,7.54,7.59,7.48,3400500.0
20251230,300442,润泽科技,50.69,51.42,52.17,50.42,29406800.0
20251230,300443,金雷股份,28.4,28.6,29.06,28.22,7303600.0
20251230,300444,双杰电气,9.96,9.85,10.02,9.83,46259700.0
20251230,300445,康斯特,25.36,25.2,25.97,25.09,9881600.0
20251230,300446,航天智造,24.79,24.56,25.78,24.36,62115000.0
20251230,300447,全信股份,17.69,17.65,18.26,17.4,17957500.0
20251230,300448,浩云科技,8.16,8.01,8.47,8.01,35547800.0
20251230,300449,汉邦高科,7.62,7.4,7.66,7.36,10882100.0
20251230,300450,先导智能,50.15,50.8,51.2,49.48,63590800.0
20251230,300451,创业慧康,4.81,4.8,4.89,4.8,22371100.0
20251230,300452,山河药辅,13.37,13.21,13.39,13.21,3265600.0
20251230,300453,三鑫医疗,8.68,8.66,8.72,8.6,3702800.0
20251230,300454,深信服,113.21,113.4,114.61,112.8,3055800.0
20251230,300455,航天智装,29.88,28.87,30.49,28.69,67510000.0
20251230,300456,赛微电子,56.0,62.15,62.49,55.35,120400000.0
20251230,300457,赢合科技,26.61,27.45,28.13,26.39,22186900.0
20251230,300458,全志科技,41.61,42.93,43.15,41.56,24692100.0
20251230,300459,汤姆猫,4.42,4.47,4.52,4.41,89245900.0
20251230,300461,田中精机,19.1,19.01,19.27,18.87,1823300.0
20251230,300463,迈克生物,11.34,11.21,11.35,11.18,4876500.0
20251230,300464,星徽股份,6.48,6.35,6.49,6.22,13404500.0
20251230,300465,高伟达,19.91,19.82,20.39,19.76,18038200.0
20251230,300466,赛摩智能,9.91,10.06,10.15,9.9,8912700.0
20251230,300467,迅游科技,27.27,27.93,28.35,27.27,5965100.0
20251230,300468,四方精创,39.55,38.09,40.95,37.8,96376300.0
20251230,300469,信息发展,63.8,61.34,64.68,61.34,7294400.0
20251230,300470,中密控股,37.38,37.35,37.65,37.1,2421700.0
20251230,300471,厚普股份,12.82,12.75,13.13,12.67,13792500.0
20251230,300473,德尔股份,29.21,30.02,30.45,29.21,4385700.0
20251230,300474,景嘉微,72.69,72.7,73.58,72.34,9113400.0
20251230,300475,香农芯创,155.09,150.35,159.99,149.5,39588700.0
20251230,300476,胜宏科技,294.99,296.5,299.91,291.16,26339300.0
20251230,300478,杭州高新,32.23,31.67,32.52,31.53,4021500.0
20251230,300479,神思电子,18.76,18.91,19.13,18.71,4008200.0
20251230,300480,光力科技,16.7,16.6,16.95,16.58,4681400.0
20251230,300481,濮阳惠成,15.71,15.55,15.82,15.52,4530800.0
20251230,300482,万孚生物,19.51,19.54,19.63,19.45,2593400.0
20251230,300483,首华燃气,14.6,14.49,14.8,14.44,9241400.0
20251230,300484,蓝海华腾,18.9,19.1,19.26,18.83,3394800.0
20251230,300485,赛升药业,10.69,10.61,10.72,10.58,3933800.0
20251230,300487,蓝晓科技,61.44,61.81,62.46,61.09,3258800.0
20251230,300488,恒锋工具,31.65,32.8,32.95,31.62,2694700.0
20251230,300489,光智科技,49.9,51.38,53.5,49.9,10999100.0
20251230,300490,华自科技,12.25,12.18,12.37,12.0,24200400.0
20251230,300491,通合科技,25.5,25.07,25.9,25.01,9910200.0
20251230,300492,华图山鼎,74.0,72.34,74.0,72.2,1145200.0
20251230,300493,润欣科技,19.35,19.52,19.84,19.13,31102600.0
20251230,300494,盛天网络,11.87,12.0,12.1,11.86,10074700.0
20251230,300496,中科创达,65.5,66.79,67.12,65.5,12485600.0
20251230,300497,富祥股份,14.7,15.52,16.16,14.29,70559200.0
20251230,300498,温氏股份,16.91,17.12,17.27,16.89,43416800.0
20251230,300499,高澜股份,30.54,31.6,32.8,30.2,49271800.0
20251230,300500,启迪设计,13.96,13.75,14.13,13.75,4548300.0
20251230,300501,海顺新材,14.9,15.0,15.11,14.83,2733300.0
20251230,300502,新易盛,440.0,446.0,454.88,436.71,25885000.0
20251230,300503,昊志机电,50.74,63.8,64.56,50.74,81453100.0
20251230,300504,天邑股份,14.8,14.6,14.97,14.57,4275000.0
20251230,300505,川金诺,22.47,22.83,23.1,22.23,12202900.0
20251230,300506,名家汇,4.12,4.09,4.13,4.08,7771600.0
20251230,300507,苏奥传感,9.33,9.21,9.34,9.2,19450900.0
20251230,300508,维宏股份,35.72,36.81,37.17,35.58,4942700.0
20251230,300509,新美星,12.88,13.22,13.34,12.66,19017800.0
20251230,300510,金冠股份,4.2,4.15,4.23,4.14,13466500.0
20251230,300511,雪榕生物,6.17,6.18,6.34,6.16,15627800.0
20251230,300512,中亚股份,9.7,9.53,9.79,9.45,15359600.0
20251230,300513,恒实科技,9.62,9.28,9.62,9.27,10138200.0
20251230,300514,友讯达,13.29,13.19,13.37,13.15,2202100.0
20251230,300515,三德科技,19.6,19.47,19.73,19.46,1637900.0
20251230,300516,久之洋,68.88,67.25,70.28,66.6,15960200.0
20251230,300517,海波重科,11.46,11.08,11.46,11.04,3303300.0
20251230,300518,新迅达,17.99,17.78,18.34,17.57,9966500.0
20251230,300519,新光药业,15.03,14.94,15.12,14.88,1853900.0
20251230,300520,科大国创,36.08,36.11,36.98,35.7,23864800.0
20251230,300521,爱司凯,28.68,29.18,29.99,28.31,4264300.0
20251230,300522,世名科技,12.55,12.46,12.66,12.45,2956600.0
20251230,300523,辰安科技,23.86,24.08,24.5,23.68,4567400.0
20251230,300525,博思软件,13.65,13.88,14.23,13.65,34420800.0
20251230,300528,幸福蓝海,19.7,20.86,21.37,19.7,27464500.0
20251230,300529,健帆生物,19.94,19.86,20.04,19.85,2703400.0
20251230,300530,领湃科技,27.11,26.9,27.31,26.76,2036000.0
20251230,300531,优博讯,18.0,18.16,18.48,17.99,10792100.0
20251230,300532,今天国际,11.69,11.71,11.78,11.66,2996400.0
20251230,300533,冰川网络,34.01,34.64,35.51,33.94,8431600.0
20251230,300534,陇神戎发,9.51,9.53,9.58,9.44,4559900.0
20251230,300535,达威股份,17.93,17.81,18.11,17.67,1653900.0
20251230,300536,农尚环境,7.4,7.24,7.59,7.23,15067100.0
20251230,300537,广信材料,22.25,21.75,22.32,21.7,6692100.0
20251230,300538,同益股份,16.1,16.17,16.36,16.0,5858500.0
20251230,300539,横河精密,40.22,43.5,44.07,40.0,20726200.0
20251230,300540,蜀道装备,18.77,18.45,18.92,18.45,4669100.0
20251230,300541,先进数通,14.78,14.78,15.14,14.73,18750600.0
20251230,300542,新晨科技,20.58,19.99,21.15,19.9,21158900.0
20251230,300543,朗科智能,10.84,11.08,11.14,10.73,13282900.0
20251230,300545,联得装备,31.28,31.13,31.92,30.88,5707200.0
20251230,300546,雄帝科技,25.71,25.6,26.7,25.52,19571000.0
20251230,300547,川环科技,39.4,40.51,41.37,39.12,17254400.0
20251230,300548,长芯博创,140.15,140.3,146.98,137.03,26571500.0
20251230,300549,优德精密,18.78,19.01,19.19,18.68,2402700.0
20251230,300550,和仁科技,14.63,14.63,15.07,14.4,6017200.0
20251230,300551,古鳌科技,17.1,17.25,17.9,16.82,36097000.0
20251230,300552,万集科技,29.93,30.22,30.79,28.96,18724900.0
20251230,300553,集智股份,41.21,41.27,41.83,40.51,5367500.0
20251230,300554,三超新材,23.6,23.03,23.88,23.03,2360700.0
20251230,300556,丝路视觉,18.8,18.71,19.0,18.65,2586800.0
20251230,300557,理工光科,36.11,34.85,36.22,34.43,13409500.0
20251230,300558,贝达药业,46.71,46.66,46.98,46.43,3559300.0
20251230,300559,佳发教育,12.65,12.54,12.87,12.43,10552300.0
20251230,300560,中富通,16.66,16.24,16.71,16.19,15421200.0
20251230,300561,汇金科技,14.66,14.65,15.05,14.6,6382700.0
20251230,300562,乐心医疗,13.39,13.44,13.51,13.33,2423500.0
20251230,300563,神宇股份,36.98,37.01,37.73,36.76,5976800.0
20251230,300564,筑博设计,15.83,15.61,15.89,15.54,1965500.0
20251230,300565,科信技术,12.74,12.88,13.17,12.56,12698700.0
20251230,300566,激智科技,18.41,18.39,18.57,18.3,2629700.0
20251230,300567,精测电子,85.57,84.99,88.77,84.48,7926100.0
20251230,300568,星源材质,15.41,15.64,15.85,15.2,72273100.0
20251230,300569,天能重工,5.83,5.75,5.85,5.74,14071600.0
20251230,300570,太辰光,117.47,120.0,123.8,116.85,19758700.0
20251230,300571,平治信息,27.45,27.26,27.75,27.25,2302100.0
20251230,300572,安车检测,28.7,28.53,29.29,28.45,5342000.0
20251230,300573,兴齐眼药,68.62,69.22,69.57,67.88,4563300.0
20251230,300575,中旗股份,5.85,5.85,5.91,5.77,5930400.0
20251230,300576,容大感光,39.26,38.97,39.71,38.71,14579600.0
20251230,300577,开润股份,21.05,21.61,21.88,21.0,2811100.0
20251230,300578,会畅科技,20.73,20.61,21.44,20.46,10757400.0
20251230,300579,数字认证,30.36,34.99,35.75,30.36,32320500.0
20251230,300580,贝斯特,25.05,26.34,26.57,25.0,20221200.0
20251230,300581,晨曦航空,16.61,16.34,16.83,16.31,20921800.0
20251230,300582,英飞特,17.48,16.3,17.69,15.89,46873200.0
20251230,300583,赛托生物,13.67,13.56,13.88,13.54,1664100.0
20251230,300584,海辰药业,49.9,50.77,51.43,49.55,3747300.0
20251230,300585,奥联电子,19.0,18.25,19.17,17.98,21597200.0
20251230,300586,美联新材,11.08,10.9,11.16,10.83,15581000.0
20251230,300587,天铁科技,5.79,6.06,6.26,5.7,61629900.0
20251230,300588,熙菱信息,27.0,27.03,27.64,26.93,4439500.0
20251230,300589,江龙船艇,19.93,19.77,20.8,19.56,69234600.0
20251230,300590,移为通信,12.46,12.55,12.73,12.42,7493900.0
20251230,300591,万里马,9.89,10.49,10.88,9.66,79161300.0
20251230,300592,华凯易佰,10.44,10.43,10.5,10.34,8215000.0
20251230,300593,新雷能,30.85,29.42,30.86,29.16,48393800.0
20251230,300595,欧普康视,14.83,14.78,14.94,14.74,5899900.0
20251230,300596,利安隆,42.48,42.81,42.99,42.18,3622600.0
20251230,300597,吉大通信,9.43,9.27,9.46,9.24,16636000.0
20251230,300598,诚迈科技,46.55,46.44,47.0,46.42,5623000.0
20251230,300599,雄塑科技,7.66,7.51,7.67,7.44,6647900.0
20251230,300600,国瑞科技,14.85,14.78,15.03,14.63,7257600.0
20251230,300601,康泰生物,14.98,14.86,15.0,14.78,8380000.0
20251230,300602,飞荣达,33.0,34.01,34.6,32.72,33625600.0
20251230,300603,立昂技术,9.77,9.61,9.77,9.6,4721300.0
20251230,300604,长川科技,106.64,105.7,112.0,104.68,38077200.0
20251230,300605,恒锋信息,15.73,15.52,15.86,15.47,6632000.0
20251230,300606,金太阳,23.81,23.97,24.82,23.71,10294500.0
20251230,300607,拓斯达,31.58,33.77,34.59,31.34,50448600.0
20251230,300608,思特奇,10.86,10.83,10.98,10.83,4482000.0
20251230,300609,汇纳科技,39.06,39.31,39.64,38.5,4973200.0
20251230,300610,晨化股份,11.85,11.75,11.89,11.7,2441800.0
20251230,300611,美力科技,26.76,27.82,28.07,26.76,11597000.0
20251230,300612,宣亚国际,16.16,16.46,17.03,16.16,28883000.0
20251230,300613,富瀚微,45.54,46.55,46.8,45.54,4236000.0
20251230,300614,百川畅银,12.27,12.58,12.77,12.26,3001300.0
20251230,300615,欣天科技,13.46,13.27,13.48,13.25,3008100.0
20251230,300616,尚品宅配,14.15,13.89,14.15,13.88,3271500.0
20251230,300617,安靠智电,32.69,32.19,32.77,32.17,1873200.0
20251230,300618,寒锐钴业,43.6,45.19,45.74,43.36,10715800.0
20251230,300619,金银河,43.33,44.68,46.0,43.06,11659300.0
20251230,300620,光库科技,152.07,154.5,156.69,150.57,13966300.0
20251230,300621,维业股份,8.46,8.35,8.54,8.32,3201800.0
20251230,300622,博士眼镜,30.66,31.49,32.39,30.66,15855100.0
20251230,300623,捷捷微电,27.27,27.38,27.7,27.23,8921500.0
20251230,300624,万兴科技,68.48,68.19,69.35,67.56,9370000.0
20251230,300625,三雄极光,11.79,11.73,11.92,11.72,1839400.0
20251230,300626,华瑞股份,14.47,14.64,14.79,14.14,8237800.0
20251230,300627,华测导航,33.39,34.04,35.17,33.3,31002500.0
20251230,300628,亿联网络,36.41,36.1,36.65,36.08,5253200.0
20251230,300629,新劲刚,23.5,22.71,24.38,22.41,39021400.0
20251230,300631,久吾高科,28.51,28.51,28.82,28.2,2113200.0
20251230,300632,光莆股份,14.0,13.9,14.1,13.83,10788500.0
20251230,300633,开立医疗,26.3,26.2,26.46,26.02,3456200.0
20251230,300634,彩讯股份,24.38,24.44,24.77,24.23,10199000.0
20251230,300635,中达安,16.69,16.02,16.69,15.98,2998100.0
20251230,300636,同和药业,7.47,7.49,7.53,7.4,4301000.0
20251230,300637,扬帆新材,11.82,11.69,11.92,11.68,4595600.0
20251230,300638,广和通,27.6,28.31,28.58,27.49,34910100.0
20251230,300639,凯普生物,5.43,5.38,5.43,5.35,5615300.0
20251230,300640,德艺文创,8.14,7.97,8.17,7.83,38134200.0
20251230,300641,正丹股份,17.73,17.8,17.95,17.72,4181400.0
20251230,300642,透景生命,18.52,18.42,18.65,18.32,2429400.0
20251230,300643,万通智控,19.12,19.54,19.68,19.0,4555500.0
20251230,300644,南京聚隆,36.87,36.73,37.27,36.0,11094000.0
20251230,300645,正元智慧,18.55,18.42,18.96,18.42,3832100.0
20251230,300647,超频三,6.91,7.0,7.09,6.86,16279900.0
20251230,300648,星云股份,54.94,51.93,55.3,51.56,10386200.0
20251230,300649,杭州园林,14.49,14.21,14.57,14.15,2460900.0
20251230,300650,太龙股份,16.6,16.77,17.0,16.57,6229000.0
20251230,300651,金陵体育,20.5,20.38,20.6,20.33,3133500.0
20251230,300652,雷迪克,53.08,56.69,57.79,53.03,6996700.0
20251230,300653,正海生物,20.24,19.94,20.24,19.86,1582400.0
20251230,300654,世纪天鸿,9.36,9.39,9.53,9.35,9035000.0
20251230,300655,晶瑞电材,16.24,16.08,16.45,16.0,54692700.0
20251230,300656,民德电子,22.09,22.16,22.73,22.0,3094300.0
20251230,300657,弘信电子,27.63,27.8,27.97,27.45,10751700.0
20251230,300658,延江股份,13.12,13.27,13.69,12.97,17976600.0
20251230,300659,中孚信息,15.21,15.06,15.42,15.02,8681800.0
20251230,300660,江苏雷利,53.0,56.45,58.7,52.53,27709500.0
20251230,300661,圣邦股份,69.22,69.96,70.48,69.22,15099400.0
20251230,300662,科锐国际,24.85,24.95,25.4,24.6,3148400.0
20251230,300663,科蓝软件,17.25,17.3,17.58,17.2,11981900.0
20251230,300664,鹏鹞环保,5.4,5.35,5.41,5.32,10451800.0
20251230,300665,飞鹿股份,9.99,9.72,10.05,9.66,12660200.0
20251230,300666,江丰电子,93.35,93.01,94.8,92.9,7142900.0
20251230,300667,必创科技,17.43,17.43,17.75,17.35,6204300.0
20251230,300668,杰恩股份,28.21,28.78,29.88,28.2,11547200.0
20251230,300669,沪宁股份,26.86,26.4,27.01,26.39,967000.0
20251230,300670,大烨智能,6.92,6.85,7.02,6.7,35982200.0
20251230,300671,富满微,32.64,32.35,33.0,32.32,3167500.0
20251230,300672,国科微,105.65,108.4,110.2,105.36,11329700.0
20251230,300673,佩蒂股份,18.36,17.88,18.47,17.86,5354700.0
20251230,300674,宇信科技,23.22,23.4,24.04,23.22,31155600.0
20251230,300675,建科院,15.86,15.39,15.86,15.33,3363000.0
20251230,300676,华大基因,45.46,45.38,45.85,45.2,2861500.0
20251230,300677,英科医疗,39.86,39.2,40.34,39.1,10159600.0
20251230,300678,中科信息,30.13,30.6,30.86,30.11,6085900.0
20251230,300679,电连技术,48.59,50.22,50.68,48.5,8848000.0
20251230,300680,隆盛科技,52.66,56.26,56.26,51.78,27440200.0
20251230,300681,英搏尔,24.63,24.84,25.19,24.57,7304000.0
20251230,300682,朗新科技,15.62,15.5,15.88,15.43,19024500.0
20251230,300683,海特生物,28.38,28.07,28.44,28.03,2257400.0
20251230,300684,中石科技,50.22,50.69,51.88,49.84,14848300.0
20251230,300685,艾德生物,20.39,20.42,20.5,20.3,3105800.0
20251230,300686,智动力,14.7,15.0,15.13,14.57,5051700.0
20251230,300687,赛意信息,22.2,22.53,22.95,22.2,11941000.0
20251230,300688,创业黑马,29.0,28.71,29.27,28.5,6764800.0
20251230,300689,澄天伟业,45.04,45.05,45.98,44.8,1194100.0
20251230,300690,双一科技,32.94,34.29,34.75,32.5,18538500.0
20251230,300691,联合光电,16.81,16.82,16.95,16.73,2510000.0
20251230,300692,中赋科技,8.71,8.58,8.74,8.42,11259500.0
20251230,300693,盛弘股份,39.23,39.08,39.6,38.91,6581000.0
20251230,300694,蠡湖股份,12.12,12.08,12.24,11.9,3170300.0
20251230,300695,兆丰股份,90.16,93.69,95.5,90.12,1659000.0
20251230,300696,爱乐达,29.2,28.59,30.0,28.42,16638000.0
20251230,300697,电工合金,16.21,16.61,16.87,16.19,11135900.0
20251230,300698,万马科技,42.37,42.42,42.9,41.88,5151100.0
20251230,300699,光威复材,40.0,39.3,40.2,38.68,92777300.0
20251230,300700,岱勒新材,12.48,12.35,12.55,12.26,6997100.0
20251230,300701,森霸传感,13.12,12.94,13.23,12.92,8954000.0
20251230,300702,天宇股份,23.55,23.64,23.73,23.36,1790900.0
20251230,300703,创源股份,24.76,24.47,25.18,24.45,9692600.0
20251230,300705,九典制药,15.07,15.14,15.15,14.98,5022200.0
20251230,300706,阿石创,35.56,35.05,35.95,34.95,4880100.0
20251230,300707,威唐工业,16.9,16.69,16.97,16.52,12258700.0
20251230,300708,聚灿光电,8.8,8.84,8.89,8.77,15791300.0
20251230,300709,精研科技,46.01,47.0,47.38,45.42,10916400.0
20251230,300710,万隆光电,28.9,31.0,31.89,28.71,14888000.0
20251230,300711,广哈通信,22.97,23.01,23.29,22.81,5194900.0
20251230,300712,永福股份,27.58,27.04,27.59,27.01,4081500.0
20251230,300713,英可瑞,17.35,17.22,17.48,17.12,2233500.0
20251230,300715,凯伦股份,10.52,10.35,10.6,10.3,2838100.0
20251230,300717,华信新材,19.03,18.96,19.3,18.9,1114700.0
20251230,300718,长盛轴承,84.0,88.83,90.0,83.36,22418700.0
20251230,300719,安达维尔,18.33,17.85,18.74,17.71,20912100.0
20251230,300720,海川智能,33.0,33.65,34.5,32.72,7426600.0
20251230,300721,怡达股份,12.84,12.76,12.99,12.64,2615000.0
20251230,300722,新余国科,35.0,34.74,35.68,34.45,10161500.0
20251230,300723,一品红,34.08,34.11,34.49,33.83,7868700.0
20251230,300724,捷佳伟创,100.2,97.1,101.5,96.88,23399400.0
20251230,300725,药石科技,38.76,38.93,39.3,38.65,3281000.0
20251230,300726,宏达电子,50.89,50.88,52.58,49.78,24706700.0
20251230,300727,润禾材料,35.3,36.27,37.45,35.21,6540100.0
20251230,300729,乐歌股份,13.73,13.65,13.78,13.64,2490700.0
20251230,300730,科创信息,13.52,13.29,13.68,13.28,10906500.0
20251230,300731,科创新源,56.78,58.33,60.97,56.22,13814900.0
20251230,300732,设研院,7.63,7.48,7.65,7.48,8307100.0
20251230,300733,西菱动力,18.56,18.74,19.09,18.3,9601300.0
20251230,300735,光弘科技,24.85,24.84,25.12,24.77,6885900.0
20251230,300736,百邦科技,15.5,15.54,15.88,15.18,10012700.0
20251230,300737,科顺股份,5.49,5.37,5.51,5.36,20579600.0
20251230,300738,奥飞数据,18.4,18.5,18.66,18.28,18149600.0
20251230,300739,明阳电路,18.37,18.27,18.49,18.19,16381700.0
20251230,300740,水羊股份,21.8,21.76,21.92,21.21,16080100.0
20251230,300741,华宝股份,18.68,18.31,18.69,18.26,2669800.0
20251230,300743,天地数码,21.16,22.99,23.53,21.13,11090700.0
20251230,300745,欣锐科技,26.18,25.92,26.42,25.84,4453800.0
20251230,300746,汉嘉数智,12.77,12.68,12.97,12.65,2504000.0
20251230,300747,锐科激光,27.11,26.88,27.37,26.5,16019400.0
20251230,300748,金力永磁,33.92,34.4,34.7,33.5,28351600.0
20251230,300749,顶固集创,12.39,12.18,12.8,12.13,14034000.0
20251230,300750,宁德时代,367.1,369.2,371.0,366.56,19030800.0
20251230,300751,迈为股份,205.42,192.1,207.03,191.0,14664300.0
20251230,300752,隆利科技,18.24,18.08,18.3,18.01,2941500.0
20251230,300753,爱朋医疗,28.46,28.03,28.68,27.98,6543800.0
20251230,300755,华致酒行,17.62,17.78,17.83,17.42,3815900.0
20251230,300756,金马游乐,59.3,58.84,59.63,58.39,2050900.0
20251230,300757,罗博特科,225.01,225.07,230.74,224.05,4840600.0
20251230,300758,七彩化学,12.81,12.68,12.85,12.66,4109900.0
20251230,300759,康龙化成,29.0,28.79,29.16,28.45,22666500.0
20251230,300760,迈瑞医疗,199.03,195.59,199.5,194.98,8272400.0
20251230,300761,立华股份,20.52,20.78,21.09,20.38,9088300.0
20251230,300762,上海瀚讯,38.6,38.75,40.8,38.23,109599600.0
20251230,300763,锦浪科技,72.88,72.69,73.4,72.6,6507200.0
20251230,300765,石药创新,36.8,35.71,36.96,35.62,11861000.0
20251230,300766,每日互动,31.78,31.77,32.36,31.4,17043800.0
20251230,300767,震安科技,21.38,21.2,21.96,21.13,8057800.0
20251230,300768,迪普科技,18.54,18.45,18.82,18.4,5536400.0
20251230,300769,德方纳米,44.53,45.33,45.89,43.77,18026500.0
20251230,300770,新媒股份,43.76,43.77,44.15,43.55,2965600.0
20251230,300771,智莱科技,15.3,15.08,15.35,15.03,14961600.0
20251230,300772,运达股份,19.56,19.4,19.7,18.88,17752600.0
20251230,300773,拉卡拉,26.88,26.6,28.53,26.57,157979600.0
20251230,300774,倍杰特,19.33,19.31,19.88,18.92,14668000.0
20251230,300775,三角防务,30.82,30.6,31.14,30.45,27946400.0
20251230,300776,帝尔激光,61.24,60.73,62.97,60.7,4215300.0
20251230,300777,中简科技,39.8,38.79,40.48,38.63,61136700.0
20251230,300778,新城市,14.03,13.46,14.2,13.41,12276500.0
20251230,300779,惠城环保,146.37,130.85,146.37,129.8,9540400.0
20251230,300780,德恩精工,19.19,19.35,19.53,19.0,9499100.0
20251230,300781,因赛集团,32.9,33.13,33.8,32.9,4249200.0
20251230,300782,卓胜微,77.68,82.4,88.0,76.68,38402300.0
20251230,300783,三只松鼠,22.9,22.94,23.09,22.88,4894400.0
20251230,300784,利安科技,50.0,49.82,50.39,49.82,319100.0
20251230,300785,值得买,39.63,40.96,41.23,39.63,23325100.0
20251230,300786,国林科技,16.5,16.18,16.6,16.18,6871300.0
20251230,300787,海能实业,11.55,11.54,11.66,11.48,3379000.0
20251230,300788,中信出版,27.13,27.16,27.39,27.09,1321500.0
20251230,300789,唐源电气,22.21,21.86,22.3,21.81,1113100.0
20251230,300790,宇瞳光学,29.22,29.69,30.05,28.88,11301000.0
20251230,300791,仙乐健康,25.32,25.42,25.99,25.32,3053800.0
20251230,300792,壹网壹创,26.55,27.31,27.39,26.53,6621000.0
20251230,300793,佳禾智能,15.96,16.06,16.22,15.85,6712300.0
20251230,300795,米奥会展,13.37,13.47,13.54,13.35,1531000.0
20251230,300796,贝斯美,8.73,8.77,8.88,8.72,4803600.0
20251230,300797,钢研纳克,16.58,16.63,16.88,16.57,3734100.0
20251230,300798,锦鸡股份,7.04,7.04,7.13,7.01,5058100.0
20251230,300800,力合科技,11.89,11.63,11.94,11.61,2342300.0
20251230,300801,泰和科技,27.53,28.07,28.38,27.32,8078400.0
20251230,300802,矩子科技,18.92,19.04,19.21,18.9,1930600.0
20251230,300803,指南针,133.0,134.79,136.15,132.12,20224100.0
20251230,300804,广康生化,35.05,34.62,35.18,34.62,509200.0
20251230,300805,电声股份,10.35,10.29,10.51,10.22,6779000.0
20251230,300806,斯迪克,29.52,30.95,31.58,29.52,17246200.0
20251230,300807,天迈科技,54.3,53.1,55.3,52.9,2679500.0
20251230,300808,久量股份,30.93,31.0,31.3,30.44,2384200.0
20251230,300809,华辰装备,37.15,37.57,37.88,37.09,5198100.0
20251230,300810,中科海讯,38.76,38.28,39.33,38.25,2455700.0
20251230,300811,铂科新材,71.52,71.98,72.98,71.03,6204300.0
20251230,300812,易天股份,29.1,28.8,29.8,28.7,9382500.0
20251230,300813,泰林生物,24.38,24.62,25.5,24.33,2632600.0
20251230,300814,中富电路,77.28,76.44,79.9,75.74,7522000.0
20251230,300815,玉禾田,22.47,23.2,23.5,22.35,13238100.0
20251230,300816,艾可蓝,49.99,47.96,50.58,47.6,3228200.0
20251230,300817,双飞集团,20.59,21.67,21.79,20.5,13003100.0
20251230,300818,耐普矿机,35.8,35.54,36.15,35.2,2221700.0
20251230,300819,聚杰微纤,34.27,37.48,39.1,33.92,20340400.0
20251230,300820,英杰电气,48.39,48.1,48.81,48.08,2192800.0
20251230,300821,东岳硅材,12.06,11.99,12.29,11.83,42518000.0
20251230,300822,贝仕达克,15.88,15.97,16.08,15.82,2406500.0
20251230,300823,建科智能,15.4,15.5,15.85,15.21,2523400.0
20251230,300824,北鼎股份,11.46,11.32,11.48,11.27,2678400.0
20251230,300825,阿尔特,9.45,9.49,9.65,9.39,6846500.0
20251230,300826,测绘股份,16.66,16.79,16.96,16.66,1411000.0
20251230,300827,上能电气,35.5,35.32,35.63,35.02,21350100.0
20251230,300828,锐新科技,16.1,16.85,16.94,16.1,7446800.0
20251230,300829,金丹科技,16.73,16.58,16.78,16.48,2501700.0
20251230,300830,金现代,9.95,9.95,10.08,9.93,5818500.0
20251230,300832,新产业,57.52,56.4,57.84,56.21,2347000.0
20251230,300833,浩洋股份,41.1,40.66,42.18,40.63,1157000.0
20251230,300834,星辉环材,22.48,22.75,22.8,22.25,1801600.0
20251230,300835,龙磁科技,66.0,65.71,67.02,65.68,2124100.0
20251230,300836,佰奥智能,55.29,55.68,56.5,54.26,1184400.0
20251230,300837,浙矿股份,33.3,32.65,33.3,32.5,2406800.0
20251230,300838,浙江力诺,15.5,15.35,15.57,15.2,2288200.0
20251230,300839,博汇股份,12.19,12.2,12.44,12.08,2825400.0
20251230,300840,酷特智能,17.59,19.56,19.56,17.59,42254500.0
20251230,300841,康华生物,73.0,72.31,73.26,72.12,1253000.0
20251230,300842,帝科股份,59.99,60.01,60.97,59.99,4039700.0
20251230,300843,胜蓝股份,51.3,53.66,56.2,50.8,11577900.0
20251230,300844,山水比德,34.7,34.93,35.41,34.5,1698100.0
20251230,300845,捷安高科,11.25,11.09,11.32,11.05,3470200.0
20251230,300846,首都在线,22.0,21.67,22.0,21.37,38956200.0
20251230,300847,中船汉光,17.05,16.96,17.16,16.94,4225100.0
20251230,300848,美瑞新材,15.88,17.37,17.47,15.62,34476500.0
20251230,300849,锦盛新材,15.76,15.57,15.92,15.4,2160800.0
20251230,300850,新强联,43.04,42.57,43.69,42.42,9757200.0
20251230,300851,交大思诺,27.01,26.52,27.01,26.5,728400.0
20251230,300852,四会富仕,38.03,39.34,39.7,38.0,7250500.0
20251230,300853,申昊科技,20.58,20.78,21.12,20.31,3282600.0
20251230,300854,中兰环保,17.49,17.45,17.92,17.17,5285100.0
20251230,300855,图南股份,32.89,32.5,33.6,32.35,7421800.0
20251230,300856,科思股份,13.47,13.44,13.56,13.4,4901600.0
20251230,300857,协创数据,148.94,156.89,159.61,146.5,17806000.0
20251230,300858,科拓生物,16.81,16.58,17.0,16.56,3161200.0
20251230,300859,西域旅游,37.19,36.72,37.19,36.6,3650700.0
20251230,300860,锋尚文化,26.79,26.55,27.2,26.5,2587200.0
20251230,300861,美畅股份,14.85,14.9,15.01,14.83,4433200.0
20251230,300862,蓝盾光电,23.0,22.72,23.06,22.56,3384500.0
20251230,300863,卡倍亿,50.28,51.42,52.07,50.28,3800800.0
20251230,300864,南大环境,19.78,19.7,19.78,19.51,624300.0
20251230,300865,大宏立,27.22,27.12,28.0,27.03,1252800.0
20251230,300866,安克创新,111.0,113.45,114.8,110.87,3994200.0
20251230,300867,圣元环保,18.78,19.08,19.28,18.75,6875500.0
20251230,300868,杰美特,30.2,31.0,31.8,30.02,3648400.0
20251230,300869,康泰医学,15.23,15.04,15.23,14.95,2706600.0
20251230,300870,欧陆通,222.8,218.96,228.9,217.43,7351500.0
20251230,300871,回盛生物,20.52,20.64,20.9,20.49,3116500.0
20251230,300872,天阳科技,20.49,20.27,20.96,20.2,26404200.0
20251230,300873,海晨股份,21.96,21.9,22.28,21.85,2268400.0
20251230,300875,捷强装备,40.66,40.96,42.17,40.6,3737100.0
20251230,300876,蒙泰高新,38.01,36.56,38.49,36.33,4926200.0
20251230,300877,金春股份,30.12,28.7,30.5,28.56,13765000.0
20251230,300878,维康药业,25.74,25.77,26.56,25.5,2858300.0
20251230,300879,大叶股份,29.12,30.53,31.21,28.92,9449300.0
20251230,300880,迦南智能,18.0,17.64,18.0,17.6,1420200.0
20251230,300881,盛德鑫泰,34.7,34.15,34.85,34.05,1261200.0
20251230,300882,万胜智能,19.18,19.0,19.19,18.96,3426300.0
20251230,300883,龙利得,6.9,6.73,6.91,6.72,9005800.0
20251230,300884,狄耐克,15.0,14.68,15.09,14.61,12969300.0
20251230,300885,海昌新材,25.43,30.98,30.98,25.01,44157500.0
20251230,300886,华业香料,25.85,25.72,26.13,25.65,939400.0
20251230,300887,谱尼测试,9.27,9.5,9.5,9.23,40577400.0
20251230,300888,稳健医疗,38.56,38.06,38.82,38.05,3743400.0
20251230,300889,爱克股份,20.57,20.64,20.96,20.55,3546400.0
20251230,300890,翔丰华,30.04,30.03,30.34,29.81,3932900.0
20251230,300891,惠云钛业,9.01,8.93,9.05,8.81,5323200.0
20251230,300892,品渥食品,31.5,30.66,31.64,30.61,3072800.0
20251230,300893,松原安全,24.08,23.93,24.13,23.65,4268000.0
20251230,300894,火星人,11.3,11.27,11.39,11.15,2905500.0
20251230,300895,铜牛信息,43.87,43.57,44.38,43.5,2362400.0
20251230,300896,爱美客,140.86,141.25,143.15,139.55,2709300.0
20251230,300897,山科智能,25.95,25.76,26.16,25.73,1214900.0
20251230,300898,熊猫乳品,27.43,27.19,27.6,26.91,4487800.0
20251230,300899,上海凯鑫,32.12,32.25,32.79,32.05,307300.0
20251230,300900,广联航空,39.07,35.32,41.45,34.99,90331100.0
20251230,300901,中胤时尚,16.3,16.25,16.32,15.99,2333400.0
20251230,300902,国安达,21.13,21.06,21.32,20.97,5217900.0
20251230,300903,科翔股份,18.44,18.2,18.89,18.16,22416100.0
20251230,300904,威力传动,63.34,62.85,63.89,62.2,832700.0
20251230,300905,宝丽迪,32.38,32.49,32.66,32.1,2505100.0
20251230,300906,日月明,35.88,35.48,36.26,35.12,2435700.0
20251230,300907,康平科技,29.02,29.9,30.23,28.99,2217300.0
20251230,300908,仲景食品,27.69,27.7,28.23,27.59,1571500.0
20251230,300909,汇创达,47.34,49.08,49.36,46.17,5155100.0
20251230,300910,瑞丰新材,56.9,57.19,57.35,56.25,1944800.0
20251230,300911,亿田智能,33.78,33.54,33.98,33.33,1633300.0
20251230,300912,凯龙高科,16.55,16.47,16.82,16.25,3515400.0
20251230,300913,兆龙互连,53.29,53.46,54.57,52.96,5617100.0
20251230,300915,海融科技,23.96,23.68,24.18,23.6,743300.0
20251230,300916,朗特智能,31.75,33.19,33.92,31.59,7505700.0
20251230,300917,特发服务,39.62,39.05,39.64,39.0,3744400.0
20251230,300918,南山智尚,17.35,19.06,19.08,17.33,43022800.0
20251230,300919,中伟新材,43.9,45.75,46.37,43.18,17173100.0
20251230,300920,润阳科技,45.04,46.77,47.39,45.0,3186300.0
20251230,300921,南凌科技,22.53,22.41,22.95,22.36,2748100.0
20251230,300922,天秦装备,23.25,22.9,23.65,22.86,7041300.0
20251230,300923,研奥股份,25.52,25.53,25.73,25.33,704300.0
20251230,300925,法本信息,20.69,20.8,21.04,20.6,10310400.0
20251230,300926,博俊科技,32.08,32.48,32.91,31.9,5923000.0
20251230,300927,江天化学,23.56,23.28,23.65,23.06,1947000.0
20251230,300928,华安鑫创,31.0,30.92,31.38,30.6,950500.0
20251230,300929,华骐环保,10.75,10.73,10.91,10.58,2670200.0
20251230,300930,屹通新材,29.52,29.54,29.88,29.23,670400.0
20251230,300931,通用电梯,11.12,10.99,11.2,10.95,4002000.0
20251230,300932,三友联众,12.13,11.87,12.13,11.85,5458900.0
20251230,300933,中辰股份,8.47,8.37,8.49,8.28,14997200.0
20251230,300935,盈建科,32.97,31.03,32.97,30.82,2049200.0
20251230,300936,中英科技,36.6,36.46,37.24,36.4,829500.0
20251230,300937,药易购,32.89,35.65,36.3,32.3,12565100.0
20251230,300938,信测标准,33.6,32.48,34.5,31.51,14155100.0
20251230,300939,秋田微,34.73,34.27,35.09,34.21,3227400.0
20251230,300940,南极光,29.5,29.12,29.86,28.98,7640700.0
20251230,300941,创识科技,23.55,23.81,25.45,23.45,17543000.0
20251230,300942,易瑞生物,9.47,9.4,9.59,9.4,4258900.0
20251230,300943,春晖智控,20.89,20.47,20.95,20.4,9494900.0
20251230,300945,曼卡龙,16.56,16.25,16.57,16.21,10386500.0
20251230,300946,恒而达,52.95,57.15,57.57,52.05,7365200.0
20251230,300947,德必集团,20.86,19.93,20.86,19.83,9995100.0
20251230,300948,冠中生态,20.35,20.55,21.36,19.99,7217600.0
20251230,300949,奥雅股份,39.03,39.06,39.78,38.95,860200.0
20251230,300950,德固特,22.8,22.85,23.11,22.67,2191500.0
20251230,300951,博硕科技,33.73,33.84,34.08,33.52,948100.0
20251230,300952,恒辉安防,37.63,39.5,39.97,37.3,13886400.0
20251230,300953,震裕科技,158.03,168.98,171.55,156.0,9956700.0
20251230,300956,英力股份,16.98,16.82,17.2,16.81,5354400.0
20251230,300957,贝泰妮,40.02,39.67,40.3,39.61,3855800.0
20251230,300958,建工修复,12.5,12.41,12.54,12.32,2166800.0
20251230,300959,线上线下,104.81,100.46,104.81,99.6,6389000.0
20251230,300960,通业科技,26.5,25.82,27.0,25.55,5982100.0
20251230,300961,深水海纳,14.1,14.16,14.5,14.01,4080000.0
20251230,300962,中金辐照,16.2,16.12,16.31,16.11,2307600.0
20251230,300963,中洲特材,21.13,20.99,21.7,20.91,24124500.0
20251230,300964,本川智能,56.3,56.07,57.0,55.93,3479800.0
20251230,300965,恒宇信通,66.3,71.33,72.71,65.22,4878400.0
20251230,300966,共同药业,19.78,19.75,19.98,19.58,890100.0
20251230,300967,晓鸣股份,19.11,19.32,19.65,19.04,5154000.0
20251230,300968,格林精密,14.91,14.86,14.95,14.71,7967400.0
20251230,300969,恒帅股份,121.55,128.05,136.0,120.69,3568800.0
20251230,300970,华绿生物,20.72,21.56,22.74,20.02,19500500.0
20251230,300971,博亚精工,24.4,24.33,24.66,24.18,2672400.0
20251230,300972,万辰集团,204.0,200.66,204.59,199.5,1250600.0
20251230,300973,立高食品,43.2,42.7,43.41,42.35,3020300.0
20251230,300975,商络电子,12.43,12.61,12.62,12.39,15654300.0
20251230,300976,达瑞电子,60.68,59.95,61.35,59.73,2318000.0
20251230,300977,深圳瑞捷,17.2,17.04,17.33,17.04,1226300.0
20251230,300978,东箭科技,12.7,12.47,12.75,12.44,16767400.0
20251230,300979,华利集团,51.33,50.95,51.5,50.69,2542300.0
20251230,300980,祥源新材,32.2,33.56,34.15,31.73,15396600.0
20251230,300981,中红医疗,12.64,12.52,12.68,12.44,3253200.0
20251230,300982,苏文电能,20.99,20.4,20.99,20.27,7855100.0
20251230,300983,尤安设计,27.73,27.28,27.84,27.16,1000100.0
20251230,300984,金沃股份,72.35,76.82,78.68,72.08,7816300.0
20251230,300985,致远新能,18.96,18.54,18.98,18.45,2711400.0
20251230,300986,志特新材,10.26,10.26,10.31,10.2,3807100.0
20251230,300987,川网传媒,16.55,16.44,16.75,16.43,2044600.0
20251230,300988,津荣天宇,23.15,23.3,23.52,23.0,3099200.0
20251230,300989,蕾奥规划,17.79,17.8,17.94,17.61,9953500.0
20251230,300990,同飞股份,89.15,94.42,97.7,88.33,12048700.0
20251230,300991,创益通,40.08,40.26,41.6,39.79,3901600.0
20251230,300992,泰福泵业,26.06,26.33,26.84,25.7,2347300.0
20251230,300993,玉马科技,14.94,15.33,15.4,14.53,15881900.0
20251230,300994,久祺股份,15.89,15.81,15.95,15.7,1988100.0
20251230,300995,奇德新材,39.98,41.6,41.99,39.61,5435300.0
20251230,300996,普联软件,16.39,16.45,16.58,16.29,4709800.0
20251230,300997,欢乐家,27.01,26.78,27.14,26.04,15101100.0
20251230,300998,宁波方正,22.54,22.12,22.65,22.1,2855800.0
20251230,300999,金龙鱼,28.88,29.02,29.08,28.88,5703000.0
20251230,301000,肇民科技,38.43,40.58,41.05,38.4,12319500.0
20251230,301001,凯淳股份,28.51,28.57,28.85,28.1,2374000.0
20251230,301002,崧盛股份,34.09,33.55,34.3,32.71,5326400.0
20251230,301003,江苏博云,41.43,43.59,44.7,41.4,3363400.0
20251230,301004,嘉益股份,51.88,52.34,52.82,51.39,718000.0
20251230,301005,超捷股份,155.4,146.7,156.37,141.0,22647800.0
20251230,301006,迈拓股份,16.51,16.4,16.57,16.33,1135300.0
20251230,301007,德迈仕,37.81,38.22,38.55,37.79,4641000.0
20251230,301008,宏昌科技,34.88,35.83,36.0,34.62,5458100.0
20251230,301009,可靠股份,12.65,12.64,12.74,12.52,2503700.0
20251230,301010,晶雪节能,22.2,23.04,23.36,21.65,7818600.0
20251230,301011,华立科技,25.3,25.49,25.68,25.21,1654600.0
20251230,301012,扬电科技,25.65,25.74,26.09,25.25,4664400.0
20251230,301013,利和兴,26.95,27.62,27.98,26.95,12929700.0
20251230,301015,百洋医药,23.26,23.0,23.38,22.94,3986700.0
20251230,301016,雷尔伟,20.95,20.76,21.16,20.54,4044200.0
20251230,301017,漱玉平民,15.27,15.29,16.27,14.8,30346900.0
20251230,301018,申菱环境,64.07,65.94,67.98,63.62,14681900.0
20251230,301019,宁波色母,23.01,23.04,23.33,22.86,3104900.0
20251230,301020,密封科技,21.76,21.85,22.1,21.59,969500.0
20251230,301021,英诺激光,49.51,49.07,50.99,48.68,13015900.0
20251230,301022,海泰科,32.5,33.1,33.58,32.33,4513500.0
20251230,301023,奕帆传动,41.49,43.9,44.58,40.84,6208100.0
20251230,301024,霍普股份,36.14,35.23,36.14,35.09,791500.0
20251230,301025,读客文化,9.8,9.62,9.99,9.62,13262000.0
20251230,301026,浩通科技,28.62,28.61,28.97,28.08,9939600.0
20251230,301027,华蓝集团,18.91,18.4,19.15,18.33,7543600.0
20251230,301028,鼎熔岩,14.77,14.77,15.03,14.64,6299400.0
20251230,301029,怡合达,26.22,26.94,27.07,26.22,12888600.0
20251230,301031,中熔电气,111.82,113.07,114.4,111.37,1447700.0
20251230,301032,新柴股份,12.15,12.19,12.27,12.04,1731300.0
20251230,301033,迈普医学,67.98,68.32,68.89,67.5,336000.0
20251230,301035,润丰股份,65.99,67.7,68.47,65.66,1720900.0
20251230,301036,双乐股份,34.6,34.59,34.86,34.55,1306000.0
20251230,301037,保立佳,14.52,14.39,14.66,14.3,1185900.0
20251230,301038,深水规院,22.99,23.03,23.4,22.99,3242300.0
20251230,301039,中集车辆,9.65,9.67,9.82,9.55,19451700.0
20251230,301040,中环海陆,29.65,28.75,29.65,28.69,5101700.0
20251230,301041,金百泽,27.06,26.81,27.23,26.79,2570200.0
20251230,301042,安联锐视,79.61,80.99,82.0,78.79,1593500.0
20251230,301043,绿岛风,66.83,64.8,67.87,63.73,3281500.0
20251230,301045,天禄科技,26.9,26.57,26.91,26.44,1278400.0
20251230,301046,能辉科技,25.31,24.49,25.45,24.2,6632200.0
20251230,301047,义翘神州,67.0,67.39,67.75,66.82,516700.0
20251230,301048,金鹰重工,11.44,11.38,11.58,11.38,3128400.0
20251230,301049,超越科技,21.17,21.12,21.45,20.82,1145900.0
20251230,301050,雷电微力,50.7,51.34,52.81,50.45,16545500.0
20251230,301051,信濠光电,19.54,19.29,19.59,19.26,1883300.0
20251230,301052,果麦文化,38.43,38.17,39.35,38.16,4135200.0
20251230,301053,远信工业,35.27,35.02,36.22,34.33,2375700.0
20251230,301055,张小泉,19.89,19.49,19.96,19.41,2113700.0
20251230,301056,森赫股份,15.34,16.8,17.68,15.15,17248200.0
20251230,301057,汇隆新材,33.8,34.53,34.99,32.77,4545200.0
20251230,301058,中粮科工,11.05,10.93,11.14,10.92,8549600.0
20251230,301059,金三江,12.88,12.67,12.88,12.62,2184900.0
20251230,301060,兰卫医学,9.36,9.24,9.43,9.16,4473000.0
20251230,301061,匠心家居,93.98,95.36,96.48,93.29,1598800.0
20251230,301062,上海艾录,8.47,8.34,8.53,8.3,8878600.0
20251230,301063,海锅股份,24.36,24.17,24.48,24.12,1657600.0
20251230,301065,本立科技,21.66,21.39,21.68,21.3,1059600.0
20251230,301066,万事利,17.35,16.41,17.38,16.37,11828200.0
20251230,301067,显盈科技,33.02,32.96,33.48,32.69,2804700.0
20251230,301068,大地海洋,25.6,26.15,26.48,25.6,1013400.0
20251230,301069,凯盛新材,29.22,28.78,29.55,28.74,30992900.0
20251230,301070,开勒股份,60.5,60.28,61.19,59.76,1222000.0
20251230,301071,力量钻石,36.37,36.19,36.97,36.0,7076500.0
20251230,301072,中捷精工,21.81,22.06,22.38,21.64,1145900.0
20251230,301073,君亭酒店,25.95,25.85,26.03,25.65,3851600.0
20251230,301075,多瑞医药,56.12,58.69,59.95,55.18,2261800.0
20251230,301076,新瀚新材,45.7,49.64,52.6,45.37,24506400.0
20251230,301077,星华新材,27.97,26.32,28.01,26.19,7953100.0
20251230,301078,孩子王,10.31,10.29,10.43,10.25,34606800.0
20251230,301079,邵阳液压,31.0,31.9,33.24,30.2,23304200.0
20251230,301080,百普赛斯,52.85,52.74,53.48,52.74,798900.0
20251230,301081,严牌股份,10.28,10.13,10.31,10.08,1688200.0
20251230,301082,久盛电气,18.0,17.81,18.25,17.79,7587200.0
20251230,301083,百胜智能,18.45,18.54,18.65,18.3,2200300.0
20251230,301085,亚康股份,52.29,52.94,53.68,51.51,2145800.0
20251230,301086,鸿富瀚,114.42,113.38,114.64,112.4,1302700.0
20251230,301087,可孚医疗,44.0,44.08,44.39,43.75,1082200.0
20251230,301088,戎美股份,17.65,17.28,17.77,17.18,3985100.0
20251230,301089,拓新药业,28.3,27.94,28.39,27.88,1697200.0
20251230,301090,华润材料,7.08,7.04,7.12,6.98,4207100.0
20251230,301091,深城交,26.1,26.15,26.49,26.06,5660400.0
20251230,301092,争光股份,36.21,35.6,36.57,35.5,3336300.0
20251230,301093,华兰股份,49.1,48.72,49.12,48.26,1955100.0
20251230,301095,广立微,70.68,71.05,71.66,70.51,3541700.0
20251230,301096,百诚医药,57.34,57.75,57.75,56.6,3100600.0
20251230,301097,天益医疗,52.2,51.7,52.59,51.35,709100.0
20251230,301098,金埔园林,8.66,8.56,8.71,8.53,3515500.0
20251230,301099,雅创电子,43.2,43.28,43.66,43.0,2642500.0
20251230,301100,风光股份,21.75,21.25,21.84,21.24,1280700.0
20251230,301101,明月镜片,38.68,39.99,40.21,38.68,3651500.0
20251230,301102,兆讯传媒,10.5,10.4,10.54,10.38,2925900.0
20251230,301103,何氏眼科,19.59,19.44,19.68,19.39,932900.0
20251230,301105,鸿铭股份,48.25,47.52,48.3,46.83,1730600.0
20251230,301106,骏成科技,29.75,29.51,29.75,29.31,812300.0
20251230,301107,瑜欣电子,28.28,28.09,28.28,27.79,823400.0
20251230,301108,洁雅股份,33.36,33.86,34.06,33.21,1067300.0
20251230,301109,军信股份,15.18,14.97,15.33,14.95,8022400.0
20251230,301110,青木科技,63.8,64.56,65.3,63.32,1707400.0
20251230,301111,粤万年青,19.52,19.33,19.69,19.29,5280400.0
20251230,301112,信邦智能,38.67,39.35,39.52,38.38,1969000.0
20251230,301113,雅艺科技,24.54,23.81,24.94,23.51,2489800.0
20251230,301115,联检科技,15.98,15.78,15.98,15.73,1446100.0
20251230,301116,益客食品,11.18,10.96,11.18,10.95,5055100.0
20251230,301118,恒光股份,25.46,24.9,25.56,24.82,7074200.0
20251230,301119,正强股份,51.42,49.52,51.66,49.2,2233900.0
20251230,301120,新特电气,17.5,18.0,18.25,17.2,19822600.0
20251230,301121,紫建电子,39.5,39.5,40.05,39.09,1680300.0
20251230,301122,采纳股份,26.92,27.09,27.79,26.79,1594400.0
20251230,301123,奕东电子,69.37,79.5,82.0,69.3,34190100.0
20251230,301125,腾亚精工,17.5,18.23,18.54,17.43,4358900.0
20251230,301126,达嘉维康,12.62,13.09,13.5,11.85,23367200.0
20251230,301127,武汉天源,15.96,15.41,15.99,15.24,15055600.0
20251230,301128,强瑞技术,100.01,102.44,106.8,99.56,6902100.0
20251230,301129,瑞纳智能,24.03,23.85,24.2,23.79,883100.0
20251230,301130,西点药业,28.84,28.45,28.84,28.39,590700.0
20251230,301131,聚赛龙,47.02,47.92,48.48,47.02,1385900.0
20251230,301132,满坤科技,33.8,33.57,33.96,33.51,1350700.0
20251230,301133,金钟股份,35.85,38.43,40.0,35.4,11924900.0
20251230,301135,瑞德智能,27.44,27.7,28.02,27.27,2144500.0
20251230,301136,招标股份,20.8,19.62,21.63,19.55,33389700.0
20251230,301137,哈焊华通,47.82,47.86,49.5,47.21,13016200.0
20251230,301138,华研精机,38.52,39.09,39.35,38.26,1732200.0
20251230,301141,中科磁业,52.5,52.46,53.23,52.26,1539500.0
20251230,301148,嘉戎技术,45.72,47.11,48.39,44.97,2846900.0
20251230,301149,隆华新材,10.69,10.63,10.81,10.61,3285200.0
20251230,301150,中一科技,41.59,41.87,42.41,40.8,8781100.0
20251230,301151,冠龙节能,18.94,18.81,19.07,18.75,1372900.0
20251230,301152,天力锂能,31.2,31.07,31.62,30.4,4574100.0
20251230,301153,中科江南,20.29,20.6,21.09,20.29,5706600.0
20251230,301155,海力风电,81.0,80.59,82.1,80.46,1650100.0
20251230,301156,美农生物,17.68,17.5,17.75,17.41,1319500.0
20251230,301157,华塑科技,51.69,52.06,52.48,50.9,815000.0
20251230,301158,德石股份,22.4,22.11,22.6,22.09,5948800.0
20251230,301159,三维天地,35.87,35.39,35.99,35.23,1720200.0
20251230,301160,翔楼新材,66.0,68.81,69.39,65.42,6075300.0
20251230,301161,唯万密封,35.11,37.08,39.06,34.5,18492000.0
20251230,301162,国能日新,51.98,51.35,52.0,51.18,1216300.0
20251230,301163,宏德股份,26.52,26.55,26.85,26.33,1199300.0
20251230,301165,锐捷网络,86.71,89.45,92.8,86.52,11428000.0
20251230,301166,优宁维,29.76,29.7,29.98,29.6,761000.0
20251230,301167,建研设计,16.32,16.15,16.38,16.12,1601500.0
20251230,301168,通灵股份,46.29,46.1,46.88,45.94,1519300.0
20251230,301169,零点有数,49.95,49.92,50.59,49.18,1508700.0
20251230,301170,锡南科技,27.76,27.93,28.02,27.52,1176100.0
20251230,301171,易点天下,36.0,36.74,37.62,35.51,73514400.0
20251230,301172,君逸数码,22.18,21.93,22.44,21.9,3052200.0
20251230,301173,毓恬冠佳,45.72,45.19,45.72,45.19,659400.0
20251230,301175,中科环保,6.07,5.92,6.12,5.88,51806800.0
20251230,301176,逸豪新材,25.78,25.68,26.13,25.61,2173400.0
20251230,301177,迪阿股份,29.08,29.2,29.59,28.8,1481500.0
20251230,301178,天亿马,48.9,49.25,49.45,48.18,2089200.0
20251230,301179,泽宇智能,15.92,15.83,15.98,15.77,1617800.0
20251230,301180,万祥科技,17.11,16.86,17.11,16.76,3056200.0
20251230,301181,标榜股份,43.82,47.5,48.0,43.3,9728800.0
20251230,301182,凯旺科技,42.98,43.97,46.01,41.92,6051000.0
20251230,301183,东田微,170.79,164.9,176.88,164.5,11134000.0
20251230,301185,鸥玛软件,18.73,18.69,18.9,18.63,2038400.0
20251230,301186,超达装备,47.02,47.63,47.99,46.63,961700.0
20251230,301187,欧圣电气,26.88,27.59,28.89,26.7,13541700.0
20251230,301188,力诺药包,17.8,17.64,17.86,17.54,2928800.0
20251230,301189,奥尼电子,40.8,42.33,42.6,40.38,4388000.0
20251230,301190,善水科技,21.38,21.15,21.39,21.03,1040600.0
20251230,301191,菲菱科思,113.82,110.77,117.0,110.14,4198000.0
20251230,301192,泰祥股份,30.35,29.9,30.35,29.56,1400400.0
20251230,301193,家联科技,22.88,21.9,23.2,21.84,5982500.0
20251230,301195,北路智控,33.44,33.31,33.48,33.15,699000.0
20251230,301196,唯科科技,78.41,83.0,83.89,77.65,5769700.0
20251230,301197,工大科雅,21.0,20.7,21.3,20.5,3178900.0
20251230,301198,喜悦智行,11.82,11.62,11.83,11.55,2377500.0
20251230,301199,迈赫股份,22.9,23.55,23.78,22.73,5339100.0
20251230,301200,大族数控,124.88,122.44,126.3,120.62,3747100.0
20251230,301201,诚达药业,42.05,42.33,43.27,41.01,4767100.0
20251230,301202,朗威股份,40.72,41.33,41.88,40.4,1983600.0
20251230,301203,国泰环保,32.5,32.18,32.5,32.12,449300.0
20251230,301205,联特科技,169.51,171.12,176.4,167.6,9325200.0
20251230,301206,三元生物,26.71,26.4,26.71,26.39,1488400.0
20251230,301207,华兰疫苗,18.8,18.71,18.86,18.69,4218500.0
20251230,301208,中亦科技,40.45,39.92,41.39,39.6,6398400.0
20251230,301209,联合化学,106.96,109.2,110.4,105.5,3457500.0
20251230,301210,金杨精密,35.86,36.5,36.95,35.7,1988200.0
20251230,301211,亨迪药业,12.43,12.25,12.43,12.2,4631300.0
20251230,301212,联盛化学,28.74,28.2,28.74,28.2,861800.0
20251230,301215,中汽股份,6.81,6.77,6.87,6.75,14919300.0
20251230,301216,万凯新材,17.14,16.97,17.53,16.95,10377800.0
20251230,301217,铜冠铜箔,35.4,35.74,36.27,35.21,24161200.0
20251230,301218,华是科技,23.7,23.22,23.82,23.21,3868000.0
20251230,301219,腾远钴业,64.99,68.2,68.56,64.5,8199600.0
20251230,301220,亚香股份,38.08,37.38,38.28,37.3,1253500.0
20251230,301221,光庭信息,53.0,52.6,53.28,52.12,3018700.0
20251230,301222,浙江恒威,29.0,28.8,29.1,28.72,728500.0
20251230,301223,中荣股份,18.55,18.31,18.58,18.27,1295800.0
20251230,301225,恒勃股份,145.37,155.71,162.31,137.1,4614200.0
20251230,301226,祥明智能,31.49,33.05,33.57,31.2,6205900.0
20251230,301227,森鹰窗业,51.3,50.81,51.88,50.25,1450500.0
20251230,301228,实朴检测,39.38,38.78,39.58,38.26,2303600.0
20251230,301229,纽泰格,20.61,21.21,21.45,20.37,6419500.0
20251230,301230,泓博医药,29.45,29.49,29.83,29.13,1773300.0
20251230,301231,荣信文化,30.11,30.01,30.83,29.67,4971200.0
20251230,301232,飞沃科技,151.0,142.8,164.05,139.0,11773500.0
20251230,301233,盛帮股份,51.8,51.38,52.48,51.36,1072400.0
20251230,301234,五洲医疗,43.21,43.12,44.3,42.0,2455900.0
20251230,301235,华康洁净,38.43,37.56,39.33,37.25,8264100.0
20251230,301236,软通动力,47.88,47.84,48.45,47.66,16158400.0
20251230,301237,和顺科技,59.45,61.61,63.3,57.96,9238000.0
20251230,301238,瑞泰新材,20.6,20.66,20.88,20.29,10249900.0
20251230,301239,普瑞眼科,31.0,30.96,31.25,30.75,791100.0
20251230,301246,宏源药业,23.27,24.5,25.35,22.05,51537400.0
20251230,301248,杰创智能,31.03,31.63,32.1,30.81,9113000.0
20251230,301251,威尔高,53.69,53.86,54.65,53.16,2769000.0
20251230,301252,同星科技,30.51,33.29,35.27,30.5,18302800.0
20251230,301255,通力科技,29.25,29.36,29.66,28.7,2213500.0
20251230,301256,华融化学,14.06,13.6,14.08,13.58,22489300.0
20251230,301257,普蕊斯,52.1,52.09,52.45,51.2,1397200.0
20251230,301258,富士莱,32.67,32.75,32.79,32.16,770600.0
20251230,301259,艾布鲁,33.27,33.5,34.4,32.9,4016600.0
20251230,301260,格力博,17.15,17.33,17.59,17.0,8384600.0
20251230,301261,恒工精密,85.01,98.09,103.06,85.01,11436700.0
20251230,301262,海看股份,24.64,24.82,25.14,24.39,5627900.0
20251230,301263,泰恩康,28.5,28.83,29.13,28.32,3914200.0
20251230,301265,华新科技,12.52,13.15,13.32,12.26,14875000.0
,301266,宇邦新材,37.38,36.15,37.66,36.11,3085400.0
20251230,301267,华厦眼科,18.06,17.99,18.26,17.98,3822800.0
20251230,301268,铭利达,18.65,18.85,18.93,18.4,3780400.0
20251230,301269,华大九天,107.0,107.29,109.0,107.0,2709600.0
20251230,301270,汉仪股份,37.26,37.09,37.97,37.02,3126400.0
20251230,301272,英华特,40.14,39.9,40.3,39.68,504700.0
20251230,301273,瑞晨环保,26.61,26.7,26.93,26.32,680600.0
20251230,301275,汉朔科技,53.01,53.5,53.56,52.88,1309600.0
20251230,301276,嘉曼服饰,28.39,28.05,28.51,27.55,2929800.0
20251230,301277,新天地,11.75,11.7,11.8,11.67,1520900.0
20251230,301278,快可电子,34.42,33.62,34.63,33.58,2990300.0
20251230,301279,金道科技,30.99,31.67,32.22,30.48,3969600.0
20251230,301280,珠城科技,50.34,52.2,53.24,50.3,4323700.0
20251230,301281,科源制药,29.68,29.5,29.84,29.12,1757800.0
20251230,301282,金禄电子,29.5,29.09,29.6,28.84,8101300.0
20251230,301283,聚胶股份,46.75,46.97,48.08,46.12,1120900.0
20251230,301285,鸿日达,68.6,67.61,69.94,67.31,2063700.0
20251230,301286,侨源股份,41.94,41.73,42.46,41.35,2699500.0
20251230,301287,康力源,42.46,41.55,42.46,41.55,526500.0
20251230,301288,清研环境,16.4,17.78,18.08,16.35,2331800.0
20251230,301289,国缆检测,57.87,57.56,58.85,57.55,1094000.0
20251230,301290,东星医疗,25.66,25.51,25.66,25.02,825900.0
20251230,301291,明阳电气,43.0,42.92,43.56,42.59,3663500.0
20251230,301292,海科新源,65.99,68.51,71.39,62.16,32917100.0
20251230,301293,三博脑科,59.89,59.9,60.55,59.11,10183900.0
20251230,301295,美硕科技,29.5,29.08,29.82,28.98,1286000.0
20251230,301296,新巨丰,8.59,8.54,8.66,8.52,1990300.0
20251230,301297,富乐德,35.55,35.57,36.22,35.46,3007500.0
20251230,301298,东利机械,15.65,15.86,15.94,15.65,1524700.0
20251230,301299,卓创资讯,53.74,53.41,54.29,53.3,601100.0
20251230,301300,远翔新材,43.46,42.86,43.48,42.53,1196800.0
20251230,301301,川宁生物,10.16,10.14,10.24,10.14,6609700.0
20251230,301302,华如科技,22.5,22.35,22.73,22.23,2365700.0
20251230,301303,真兰仪表,15.25,15.16,15.25,15.1,1584900.0
20251230,301305,朗坤科技,22.28,22.5,22.56,22.22,3108400.0
20251230,301306,西测测试,110.0,107.64,113.5,107.01,12012700.0
20251230,301307,美利信,35.7,35.57,36.05,35.39,7317300.0
20251230,301308,江波龙,255.12,254.75,268.9,252.5,13084500.0
20251230,301309,万得凯,28.38,28.11,28.48,28.11,420000.0
20251230,301310,鑫宏业,43.16,43.04,43.39,42.51,1299900.0
20251230,301311,昆船智能,18.71,18.78,18.85,18.56,3090200.0
20251230,301312,智立方,49.73,49.86,50.33,49.41,1430100.0
20251230,301313,凡拓数创,26.2,25.72,26.35,25.7,1842700.0
20251230,301314,科瑞思,41.59,41.66,42.33,41.5,541700.0
20251230,301315,威士顿,55.33,56.58,57.47,55.22,3106900.0
20251230,301316,慧博云通,44.19,45.8,46.6,44.04,15133500.0
20251230,301317,鑫磊股份,32.32,31.97,32.56,31.95,1147000.0
20251230,301318,维海德,27.35,27.36,27.69,27.35,802900.0
20251230,301319,唯特偶,50.68,51.3,52.87,50.11,4183000.0
20251230,301320,豪江智能,16.8,16.99,17.14,16.67,1573200.0
20251230,301321,翰博高新,18.68,18.7,19.19,18.35,6578100.0
20251230,301322,绿通科技,27.7,27.56,28.1,27.53,1097500.0
20251230,301323,新莱福,55.74,55.06,55.83,54.81,1379300.0
20251230,301325,曼恩斯特,51.0,51.38,51.78,50.6,1797800.0
20251230,301326,捷邦科技,112.78,113.33,117.2,110.88,2599400.0
20251230,301327,华宝新能,58.0,58.75,59.58,57.5,2651600.0
20251230,301328,维峰电子,46.52,47.74,48.18,46.5,2667700.0
20251230,301329,信音电子,23.58,23.26,24.51,23.23,7375400.0
20251230,301330,熵基科技,29.77,33.06,33.38,29.77,17714600.0
20251230,301331,恩威医药,26.59,26.38,26.72,26.3,765000.0
20251230,301332,德尔玛,9.3,9.3,9.35,9.23,2952000.0
20251230,301333,诺思格,60.43,59.82,61.38,59.78,1711000.0
20251230,301335,天元宠物,29.01,29.12,29.26,28.72,1621900.0
20251230,301336,趣睡科技,52.8,51.94,53.8,51.84,1269100.0
20251230,301337,亚华电子,27.5,27.13,27.69,27.11,1233900.0
20251230,301338,凯格精机,89.06,90.5,92.5,87.25,4819300.0
20251230,301339,通行宝,14.36,14.39,14.48,14.31,2496500.0
20251230,301345,涛涛车业,250.0,250.86,258.8,246.0,1164600.0
20251230,301348,蓝箭电子,20.48,20.31,20.6,20.3,3504200.0
20251230,301349,信德新材,47.3,47.45,48.03,46.6,2437500.0
20251230,301353,普莱得,26.62,26.6,26.8,26.53,595900.0
20251230,301355,南王科技,13.83,13.58,13.97,13.32,20673300.0
20251230,301356,天振股份,21.61,21.32,21.66,21.22,1676600.0
20251230,301357,北方长龙,147.0,149.76,155.0,145.34,5799700.0
20251230,301358,湖南裕能,65.88,66.61,68.06,64.22,20985500.0
20251230,301359,东南电子,19.06,19.04,19.28,19.0,947500.0
20251230,301360,荣旗科技,71.0,72.3,72.39,70.25,1029400.0
20251230,301361,众智科技,32.62,32.76,33.12,32.62,1727400.0
20251230,301362,民爆光电,41.43,41.4,41.83,41.25,346400.0
20251230,301363,美好医疗,24.56,25.0,25.08,24.2,11637500.0
20251230,301365,矩阵股份,26.27,24.66,26.27,24.48,6579100.0
20251230,301366,一博科技,35.4,35.52,36.0,35.2,2314500.0
20251230,301367,瑞迈特,82.3,84.4,85.37,82.3,967500.0
20251230,301368,丰立智能,61.03,63.98,65.39,60.51,8711700.0
20251230,301369,联动科技,137.29,134.36,137.58,132.87,985800.0
20251230,301370,国科恒泰,11.61,11.89,11.96,11.32,14836600.0
20251230,301371,敷尔佳,23.9,23.72,23.93,23.65,1649300.0
20251230,301372,科净源,25.69,25.25,25.69,25.11,822000.0
20251230,301373,凌玮科技,33.18,32.62,33.19,32.59,2131000.0
20251230,301376,致欧科技,18.41,18.41,18.54,18.3,1066300.0
20251230,301377,鼎泰高科,142.52,144.4,148.3,141.28,7294900.0
20251230,301378,通达海,28.04,27.81,28.37,27.81,1237800.0
20251230,301379,天山电子,26.44,26.22,26.7,26.11,4329900.0
20251230,301380,挖金客,31.9,31.5,31.9,31.33,848300.0
20251230,301381,赛维时代,20.63,20.64,20.89,20.6,1956800.0
20251230,301382,蜂助手,34.75,34.78,35.32,34.47,9578000.0
20251230,301383,天键股份,34.1,35.26,35.95,34.01,3885800.0
20251230,301386,未来电器,23.81,23.73,23.97,23.71,980100.0
20251230,301387,光大同创,53.9,54.57,55.8,53.2,3679800.0
20251230,301388,欣灵电气,30.73,30.21,30.75,30.18,1273600.0
20251230,301389,隆扬电子,55.99,56.54,57.92,55.51,6450400.0
20251230,301390,经纬股份,33.67,33.29,33.88,33.17,549000.0
20251230,301391,卡莱特,80.95,78.92,80.95,78.89,887200.0
20251230,301392,汇成真空,131.5,128.78,133.86,128.78,2676100.0
20251230,301393,昊帆生物,50.8,51.0,51.24,50.4,694900.0
20251230,301395,仁信新材,12.26,12.12,12.35,11.98,9695400.0
20251230,301396,宏景科技,64.01,63.93,65.35,63.39,6421500.0
20251230,301397,溯联股份,34.59,35.68,36.06,34.34,6698900.0
20251230,301398,星源卓镁,52.43,53.7,54.98,52.02,4520000.0
20251230,301399,英特科技,19.58,19.9,20.38,19.4,5687000.0
20251230,301408,华人健康,18.64,18.54,18.86,18.28,21321500.0
20251230,301413,安培龙,122.08,137.3,146.78,121.5,10763300.0
20251230,301418,协昌科技,36.45,36.63,36.83,36.43,518900.0
20251230,301419,阿莱德,34.17,34.58,34.99,34.17,2430000.0
20251230,301421,波长光电,104.05,102.81,105.86,102.7,5143900.0
20251230,301428,世纪恒通,33.2,33.0,33.62,32.98,1490300.0
20251230,301429,森泰股份,19.13,18.89,19.18,18.85,807900.0
20251230,301439,泓淋电力,15.09,15.04,15.2,14.96,2396200.0
20251230,301446,福事特,31.93,31.63,32.24,31.58,977100.0
20251230,301448,开创电气,53.05,51.97,53.05,51.61,1547700.0
20251230,301449,天溯计量,96.51,86.7,98.5,86.5,7362200.0
20251230,301456,盘古智能,31.86,31.78,32.04,31.06,3523500.0
20251230,301458,钧崴电子,32.38,32.69,32.77,32.33,2266000.0
20251230,301459,丰茂股份,44.45,44.6,44.99,43.56,1722100.0
20251230,301468,博盈特焊,54.57,53.28,55.7,52.65,7534000.0
20251230,301469,恒达新材,31.77,31.93,32.25,31.22,5861500.0
20251230,301479,弘景光电,85.67,85.95,86.18,85.1,538800.0
20251230,301486,致尚科技,115.27,126.0,135.0,115.27,12805300.0
20251230,301487,盟固利,22.0,22.19,22.38,21.81,11289900.0
20251230,301488,豪恩汽电,157.15,162.39,163.96,151.71,4748600.0
20251230,301489,思泉新材,208.31,209.0,217.99,204.68,4418700.0
20251230,301491,汉桑科技,55.46,55.15,55.65,55.15,563800.0
20251230,301498,乖宝宠物,66.5,66.16,66.88,66.03,2020000.0
20251230,301499,维科精密,29.8,29.4,29.8,29.28,1824800.0
20251230,301500,飞南资源,15.37,15.41,15.5,15.18,4642400.0
20251230,301501,恒鑫生活,43.8,43.5,44.05,43.5,957900.0
20251230,301502,华阳智能,43.98,44.66,46.18,43.52,1181700.0
20251230,301503,智迪科技,35.96,35.94,36.2,35.78,604400.0
20251230,301505,苏州规划,23.44,22.5,23.45,22.45,4638500.0
20251230,301507,民生健康,15.44,15.43,15.61,15.13,6527800.0
20251230,301508,中机认检,31.08,31.16,31.38,31.03,1013600.0
20251230,301509,金凯生科,34.02,33.91,34.37,33.8,1376200.0
20251230,301510,固高科技,36.5,38.9,39.19,36.27,25657200.0
20251230,301511,德福科技,37.31,36.9,37.84,36.2,35170600.0
20251230,301512,智信精密,43.15,43.52,44.0,43.06,613200.0
20251230,301515,港通医疗,20.29,20.0,20.29,19.89,925500.0
20251230,301516,中远通,15.84,15.68,15.93,15.64,2389600.0
20251230,301517,陕西华达,64.85,65.6,68.16,64.85,15642500.0
20251230,301518,长华化学,34.24,34.36,34.79,34.12,1877700.0
20251230,301519,舜禹股份,13.49,13.4,13.61,13.27,1819800.0
20251230,301520,万邦医药,40.14,39.63,40.14,39.53,422800.0
20251230,301522,上大股份,39.18,38.76,41.0,38.41,35346500.0
20251230,301525,儒竞科技,84.5,87.32,87.78,84.21,1847800.0
20251230,301526,国际复材,7.21,7.07,7.33,7.01,153342700.0
20251230,301528,多浦乐,70.0,67.41,70.0,67.38,880400.0
20251230,301529,福赛科技,98.01,106.96,111.21,97.0,5887900.0
20251230,301533,威马农机,42.6,42.82,44.44,41.52,5489700.0
20251230,301535,浙江华远,21.12,21.29,21.59,21.0,4680800.0
20251230,301536,星宸科技,60.54,61.42,61.8,60.15,5942300.0
20251230,301538,骏鼎达,76.3,78.65,79.6,75.69,2738700.0
20251230,301539,宏鑫科技,20.52,20.38,20.68,20.34,2641000.0
20251230,301548,崇德科技,55.31,55.42,55.98,55.0,1640400.0
20251230,301550,斯菱智驱,121.82,135.39,141.88,121.0,15083800.0
20251230,301551,无线传媒,31.2,31.23,31.73,31.15,5318500.0
20251230,301552,科力装备,37.74,37.66,38.09,37.37,521200.0
20251230,301555,惠柏新材,32.96,33.33,33.78,32.67,3165400.0
20251230,301556,托普云农,98.9,96.12,102.0,95.89,3413300.0
20251230,301557,常友科技,143.01,131.97,146.49,125.26,1598600.0
20251230,301558,三态股份,8.11,8.1,8.2,8.08,5424100.0
20251230,301559,中集环科,16.01,15.89,16.05,15.87,1053800.0
20251230,301560,众捷汽车,34.24,34.26,34.68,34.06,874400.0
20251230,301563,云汉芯城,165.19,160.4,165.19,159.6,2960300.0
20251230,301565,中仑新材,24.6,24.6,24.88,24.35,3091400.0
20251230,301566,达利凯普,19.78,19.44,19.93,19.42,16175400.0
20251230,301567,贝隆精密,45.29,44.59,45.29,44.57,1607200.0
20251230,301568,思泰克,49.21,49.45,50.25,49.08,3449600.0
20251230,301571,国科天成,52.69,55.3,57.49,51.88,8881600.0
20251230,301575,艾芬达,48.78,50.99,51.1,48.55,2383400.0
20251230,301577,美信科技,56.85,56.46,57.27,56.36,581600.0
20251230,301578,辰奕智能,33.96,33.57,33.96,33.52,616200.0
20251230,301580,爱迪特,43.25,44.64,45.2,43.16,2075600.0
20251230,301581,黄山谷捷,47.3,47.15,47.5,46.5,474800.0
20251230,301584,建发致新,31.0,30.44,31.03,30.44,3957600.0
20251230,301585,蓝宇股份,30.43,30.7,30.95,30.43,1438500.0
20251230,301586,佳力奇,48.91,48.0,48.91,47.73,2396000.0
20251230,301587,中瑞股份,23.51,23.55,23.83,23.42,1997700.0
20251230,301588,美新科技,18.31,17.93,18.31,17.88,1372500.0
20251230,301589,诺瓦星云,163.56,163.9,166.33,162.25,1254100.0
20251230,301590,优优绿能,177.0,176.87,178.47,175.08,341500.0
20251230,301591,肯特股份,40.7,40.89,41.2,40.59,1710300.0
20251230,301592,六九一二,123.98,121.35,124.59,121.31,880200.0
20251230,301595,太力科技,42.49,42.85,43.99,41.51,3377700.0
20251230,301596,瑞迪智驱,75.5,78.9,79.68,75.0,2181700.0
20251230,301598,博科测试,63.3,62.27,63.3,62.27,394900.0
20251230,301600,慧翰股份,137.0,132.29,137.0,131.69,3164900.0
20251230,301601,惠通科技,28.17,28.07,28.33,28.05,545500.0
20251230,301602,超研股份,21.7,21.75,21.82,21.6,805300.0
20251230,301603,乔锋智能,75.2,76.91,77.47,74.84,2500600.0
20251230,301606,绿联科技,57.97,58.1,59.49,57.8,2273700.0
20251230,301607,富特科技,41.21,40.6,41.35,40.33,3036300.0
20251230,301608,博实结,85.59,87.5,88.45,85.0,1112400.0
20251230,301609,山大电力,41.8,41.24,41.8,41.2,1059900.0
20251230,301611,珂玛科技,85.92,87.01,92.38,85.0,19642400.0
20251230,301613,新铝时代,49.08,51.17,51.8,48.4,5450000.0
20251230,301616,浙江华业,51.9,51.7,52.46,51.62,993800.0
20251230,301617,博苑新材,72.63,72.4,74.94,70.87,2110200.0
20251230,301618,长联科技,49.77,48.53,49.77,48.51,687100.0
20251230,301622,英思特,64.98,64.25,64.98,63.9,1079900.0
20251230,301626,苏州天脉,190.94,187.99,192.34,187.01,1278400.0
20251230,301628,强达电路,92.32,89.9,92.32,89.57,2078200.0
20251230,301629,矽电股份,224.05,216.32,228.7,216.21,1283000.0
20251230,301630,同宇新材,174.0,171.9,174.99,171.71,363400.0
20251230,301631,壹连科技,105.8,103.46,105.8,103.02,1400400.0
20251230,301632,广东建科,24.18,24.18,24.37,24.14,1578500.0
20251230,301633,港迪技术,69.6,69.96,70.79,69.4,493300.0
20251230,301636,泽润新能,49.51,49.14,49.56,49.11,480000.0
20251230,301638,南网数字,19.11,18.85,19.25,18.85,26251200.0
20251230,301656,联合动力,26.5,26.28,26.67,26.17,6928600.0
20251230,301658,首航新能,29.2,28.92,29.33,28.92,2070100.0
20251230,301662,宏工科技,117.0,119.36,120.39,114.5,1247000.0
20251230,301665,泰禾股份,28.35,28.48,28.71,28.27,1674200.0
20251230,301667,纳百川,85.0,79.58,86.2,77.32,12338200.0
20251230,301668,昊创瑞通,48.5,48.19,48.7,48.0,1191000.0
20251230,301678,新恒汇,65.52,65.96,67.5,65.5,2419900.0
20251230,302132,中航成飞,80.0,78.94,81.0,78.58,14248700.0
20251230,600000,浦发银行,12.17,12.39,12.41,12.1,74051100.0
20251230,600004,白云机场,9.56,9.42,9.59,9.42,28071300.0
20251230,600006,东风股份,7.2,7.18,7.23,7.17,11504000.0
20251230,600007,中国国贸,19.48,19.57,19.65,19.3,2970100.0
20251230,600008,首创环保,3.01,3.0,3.02,3.0,35976400.0
20251230,600009,上海机场,33.3,32.79,33.43,32.51,15759600.0
20251230,600010,包钢股份,2.38,2.38,2.4,2.36,377598600.0
20251230,600011,华能国际,7.62,7.39,7.67,7.36,130971500.0
20251230,600012,皖通高速,14.72,14.69,14.86,14.62,3912700.0
20251230,600015,华夏银行,6.88,6.85,6.89,6.83,36360300.0
20251230,600016,民生银行,3.86,3.83,3.87,3.82,223200100.0
20251230,600017,日照港,3.01,2.99,3.02,2.98,19306100.0
20251230,600018,上港集团,5.48,5.4,5.49,5.39,70075500.0
20251230,600019,宝钢股份,7.43,7.41,7.5,7.37,56295900.0
20251230,600020,中原高速,4.28,4.25,4.28,4.23,9495600.0
20251230,600021,上海电力,20.43,20.18,20.43,20.04,88654900.0
20251230,600022,山东钢铁,1.53,1.52,1.54,1.51,80024600.0
20251230,600023,浙能电力,5.01,4.95,5.02,4.95,84387400.0
20251230,600025,华能水电,9.09,9.05,9.1,9.02,19255500.0
20251230,600026,中远海能,11.83,11.71,11.86,11.68,27022500.0
20251230,600027,华电国际,5.08,4.97,5.09,4.96,164977900.0
20251230,600028,中国石化,5.99,6.16,6.24,5.96,268997200.0
20251230,600029,南方航空,7.72,7.66,7.74,7.57,54498100.0
20251230,600030,中信证券,28.86,28.83,29.02,28.75,85434800.0
20251230,600031,三一重工,20.67,21.04,21.35,20.67,75035500.0
20251230,600032,浙江新能,7.43,7.35,7.47,7.33,7712300.0
20251230,600033,福建高速,4.26,4.31,4.37,4.22,69503100.0
20251230,600035,楚天高速,3.89,3.88,3.9,3.86,6754400.0
20251230,600036,招商银行,41.9,42.28,42.48,41.78,83478300.0
20251230,600037,歌华有线,7.28,7.26,7.34,7.25,12269400.0
20251230,600038,中直股份,35.98,35.75,36.15,35.65,7682700.0
20251230,600039,四川路桥,9.73,9.98,10.03,9.67,18890900.0
20251230,600048,保利发展,6.18,6.09,6.18,6.09,114675600.0
20251230,600050,中国联通,5.1,5.09,5.12,5.07,140253700.0
20251230,600051,宁波联合,7.56,7.51,7.57,7.43,3283700.0
20251230,600052,东望时代,4.72,4.63,4.74,4.6,15309300.0
20251230,600054,黄山旅游,11.31,11.26,11.32,11.25,3741600.0
20251230,600055,万东医疗,15.68,15.69,15.78,15.65,2434700.0
20251230,600056,中国医药,10.32,10.3,10.35,10.25,8611700.0
20251230,600057,厦门象屿,8.62,8.64,8.7,8.58,18179100.0
20251230,600059,古越龙山,9.18,9.18,9.24,9.17,4301800.0
20251230,600060,海信视像,23.96,24.3,24.48,23.92,9438600.0
20251230,600061,国投资本,7.61,7.66,7.69,7.6,24747300.0
20251230,600062,华润双鹤,18.31,18.36,18.39,18.24,3583000.0
20251230,600063,皖维高新,6.03,5.94,6.07,5.89,42902100.0
20251230,600064,南京高科,8.61,8.64,8.66,8.53,19903100.0
20251230,600066,宇通客车,32.0,32.35,32.68,31.93,13639800.0
20251230,600067,冠城新材,4.23,4.25,4.31,4.14,45484800.0
20251230,600071,凤凰光学,20.82,20.6,20.85,20.6,2563600.0
20251230,600072,中船科技,11.64,11.62,11.7,11.59,8157200.0
20251230,600073,光明肉业,6.42,6.42,6.45,6.39,8248200.0
20251230,600075,新疆天业,4.88,5.05,5.13,4.84,37847600.0
20251230,600076,康欣新材,3.35,3.28,3.39,3.27,32977400.0
20251230,600078,澄星股份,9.77,9.78,9.99,9.41,30937800.0
20251230,600081,东风科技,11.86,11.86,11.92,11.76,2197200.0
20251230,600085,同仁堂,32.3,32.32,32.51,32.25,5308800.0
20251230,600088,中视传媒,16.18,16.09,16.25,16.0,4483400.0
20251230,600089,特变电工,22.5,22.6,22.78,22.4,110948100.0
20251230,600094,大名城,4.18,4.1,4.19,4.08,25551800.0
20251230,600095,湘财股份,11.14,11.15,11.25,11.12,23021200.0
20251230,600096,云天化,32.19,33.82,34.39,31.95,67103900.0
20251230,600097,开创国际,11.5,11.36,11.5,11.28,6847300.0
20251230,600098,广州发展,6.65,6.55,6.65,6.51,23951100.0
20251230,600099,林海股份,10.28,10.26,10.39,10.19,2261100.0
20251230,600100,同方股份,8.7,8.72,8.84,8.69,40958700.0
20251230,600101,明星电力,9.2,9.23,9.34,9.18,9877600.0
20251230,600103,青山纸业,4.26,4.32,4.42,4.23,251237500.0
20251230,600104,上汽集团,15.34,15.35,15.39,15.24,31057900.0
20251230,600105,永鼎股份,25.2,25.91,27.98,25.18,258239600.0
20251230,600106,重庆路桥,6.28,6.25,6.29,6.23,12999900.0
20251230,600108,亚盛集团,3.24,3.21,3.27,3.17,59841500.0
20251230,600109,国金证券,9.32,9.36,9.41,9.3,18180500.0
20251230,600110,诺德股份,7.15,7.18,7.28,7.02,65686600.0
20251230,600111,北方稀土,45.17,45.97,46.56,44.88,63641900.0
20251230,600113,浙江东日,64.0,63.55,64.38,63.15,4295400.0
20251230,600114,东睦股份,30.0,30.85,31.13,30.0,17157300.0
20251230,600115,中国东航,5.66,5.67,5.76,5.54,107215900.0
20251230,600116,三峡水利,6.63,6.59,6.65,6.56,12660600.0
20251230,600117,西宁特钢,2.87,2.84,2.88,2.82,20111300.0
20251230,600118,中国卫星,85.4,86.32,96.05,84.48,221025600.0
20251230,600120,浙江东方,6.24,6.23,6.29,6.18,49437600.0
20251230,600121,郑州煤电,4.25,4.21,4.26,4.18,25462900.0
20251230,600123,兰花科创,6.0,5.94,6.01,5.93,10225000.0
20251230,600125,铁龙物流,6.47,6.44,6.51,6.36,18194500.0
20251230,600126,杭钢股份,8.11,8.15,8.2,8.08,27171100.0
20251230,600127,金健米业,6.8,6.73,6.83,6.71,21752300.0
20251230,600128,苏豪弘业,11.05,10.91,11.09,10.83,5428500.0
20251230,600129,太极集团,17.83,18.25,18.4,17.79,8724500.0
20251230,600130,波导股份,4.19,4.2,4.23,4.16,12075300.0
20251230,600131,国网信通,16.09,16.06,16.2,16.01,6374300.0
20251230,600132,重庆啤酒,52.32,52.45,52.69,52.23,1553800.0
20251230,600133,东湖高新,9.2,9.13,9.29,9.11,15230200.0
20251230,600135,乐凯胶片,9.15,9.38,9.72,9.09,32297400.0
20251230,600137,浪莎股份,19.36,19.01,19.42,18.95,1915800.0
20251230,600138,中青旅,9.89,10.01,10.06,9.75,31572300.0
20251230,600141,兴发集团,34.0,34.72,35.27,33.7,15352500.0
20251230,600143,金发科技,18.87,20.0,20.42,18.74,196243400.0
20251230,600148,长春一东,19.54,19.53,19.7,19.47,1043200.0
20251230,600149,廊坊发展,5.06,5.0,5.08,4.98,6177800.0
20251230,600150,中国船舶,33.54,33.26,33.71,33.25,37598000.0
20251230,600151,航天机电,18.57,17.3,19.59,17.14,357422800.0
20251230,600152,维科技术,7.54,7.56,7.74,7.42,40997500.0
20251230,600153,建发股份,9.45,9.32,9.47,9.3,25349300.0
20251230,600155,华创云信,6.6,6.63,6.72,6.58,20521100.0
20251230,600156,华升股份,8.38,8.36,8.53,8.19,8549200.0
20251230,600157,永泰能源,1.59,1.58,1.6,1.57,425663100.0
20251230,600158,中体产业,8.67,8.69,8.77,8.61,13909500.0
20251230,600159,大龙地产,2.77,2.74,2.79,2.74,14381500.0
20251230,600160,巨化股份,37.2,38.44,38.75,37.1,23025300.0
20251230,600161,天坛生物,16.56,16.46,16.6,16.43,5356300.0
20251230,600162,香江控股,1.83,1.83,1.84,1.8,34896200.0
20251230,600163,中闽能源,5.65,5.54,5.68,5.53,32990300.0
20251230,600165,宁科生物,4.12,4.11,4.25,4.11,11176200.0
20251230,600166,福田汽车,2.87,2.9,2.92,2.83,96229500.0
20251230,600167,联美控股,7.07,7.1,7.14,7.02,9867100.0
20251230,600168,武汉控股,5.11,5.1,5.13,5.08,5701300.0
20251230,600170,上海建工,2.67,2.64,2.68,2.64,137970200.0
20251230,600171,上海贝岭,31.51,31.52,31.85,31.5,8991000.0
20251230,600172,黄河旋风,5.78,5.78,5.92,5.73,42253100.0
20251230,600173,卧龙新能,7.12,7.23,7.25,7.04,11266400.0
20251230,600176,中国巨石,16.01,16.6,16.84,15.89,78057600.0
20251230,600177,雅戈尔,7.51,7.54,7.55,7.47,12175200.0
20251230,600178,东安动力,13.16,12.84,13.16,12.7,32285300.0
20251230,600179,安通控股,5.69,5.49,5.98,5.49,337611200.0
20251230,600182,S佳通,15.24,15.12,15.24,15.1,1965400.0
20251230,600183,生益科技,72.44,70.76,73.4,70.59,39213100.0
20251230,600184,光电股份,18.91,18.88,19.36,18.76,19378300.0
20251230,600185,珠免集团,6.83,6.77,6.86,6.75,26191700.0
20251230,600186,莲花控股,6.05,5.92,6.08,5.9,61657400.0
20251230,600188,兖矿能源,13.4,13.25,13.42,13.15,34622500.0
20251230,600189,泉阳泉,7.01,6.89,7.02,6.87,14229700.0
20251230,600191,华资实业,12.76,12.81,13.03,12.6,10541800.0
20251230,600192,长城电工,9.4,10.52,10.52,9.4,36823600.0
20251230,600195,中牧股份,7.92,7.88,7.97,7.85,9584200.0
20251230,600196,复星医药,26.55,26.46,26.59,26.35,10610500.0
20251230,600197,伊力特,14.02,14.0,14.07,13.99,2634400.0
20251230,600198,大唐电信,9.21,9.16,9.47,9.15,37803400.0
20251230,600199,金种子酒,9.78,9.73,9.8,9.71,4865200.0
20251230,600201,生物股份,15.24,15.0,15.41,14.91,39432100.0
20251230,600202,哈空调,5.98,5.84,6.0,5.82,9158500.0
20251230,600203,福日电子,13.03,13.07,13.18,12.89,19046700.0
20251230,600206,有研新材,20.43,20.47,20.57,20.3,12732700.0
20251230,600207,安彩高科,5.22,5.15,5.24,5.14,11730500.0
20251230,600208,衢州发展,3.85,3.87,3.91,3.84,42874300.0
20251230,600210,紫江企业,7.43,7.43,7.47,7.39,14439900.0
20251230,600211,西藏药业,41.8,42.05,42.34,41.74,1883900.0
20251230,600212,绿能慧充,8.19,8.07,8.21,8.06,13278300.0
20251230,600215,派斯林,7.35,7.16,7.38,7.04,14017900.0
20251230,600216,浙江医药,13.77,13.74,13.8,13.66,5708900.0
20251230,600217,中再资环,4.07,4.05,4.08,4.04,12776400.0
20251230,600218,全柴动力,10.56,10.5,10.59,10.4,13383000.0
20251230,600219,南山铝业,5.12,5.31,5.38,5.1,290911200.0
20251230,600221,海航控股,1.79,1.77,1.81,1.77,663641300.0
20251230,600222,太龙药业,6.55,6.66,6.77,6.5,23414400.0
20251230,600223,福瑞达,7.35,7.35,7.38,7.3,5612900.0
20251230,600226,亨通股份,5.29,5.12,5.3,5.08,80552300.0
20251230,600227,赤天化,2.43,2.41,2.44,2.37,29213300.0
20251230,600228,返利科技,5.76,5.69,5.86,5.62,12805500.0
20251230,600229,城市传媒,6.34,6.29,6.39,6.28,2995400.0
20251230,600230,沧州大化,13.62,14.46,14.69,13.37,31554900.0
20251230,600231,凌钢股份,2.19,2.17,2.2,2.14,23326000.0
20251230,600232,金鹰股份,7.81,7.76,7.89,7.69,10896600.0
20251230,600233,圆通速递,16.27,16.34,16.37,16.16,15464000.0
20251230,600234,科新发展,13.29,12.95,13.36,12.9,3642200.0
20251230,600235,民丰特纸,6.83,6.8,6.89,6.74,7716900.0
20251230,600236,桂冠电力,7.53,7.59,7.73,7.15,69531000.0
20251230,600237,铜峰电子,9.01,8.96,9.09,8.86,36839200.0
20251230,600241,时代万恒,8.41,8.24,8.41,8.2,4820900.0
20251230,600246,万通发展,12.71,12.89,13.38,12.62,103809600.0
20251230,600248,陕建股份,3.56,3.53,3.56,3.52,15706700.0
20251230,600249,两面针,5.94,5.85,5.95,5.83,9949100.0
20251230,600250,南京商旅,11.65,11.48,11.7,11.41,18293500.0
20251230,600251,冠农股份,9.22,9.19,9.34,9.18,8961200.0
20251230,600252,中恒集团,2.77,2.73,2.78,2.73,40770200.0
20251230,600255,鑫科材料,3.9,3.88,4.05,3.81,97954300.0
20251230,600256,广汇能源,4.95,4.93,4.95,4.92,48801300.0
20251230,600257,大湖股份,5.99,5.97,6.03,5.87,12938600.0
20251230,600258,首旅酒店,16.2,16.08,16.37,16.07,11378600.0
20251230,600259,中稀有色,56.0,56.3,56.98,55.56,10121800.0
20251230,600261,阳光照明,3.36,3.36,3.39,3.35,8063500.0
20251230,600262,北方股份,25.74,25.59,25.88,25.45,2991000.0
20251230,600266,城建发展,4.6,4.61,4.64,4.54,53268300.0
20251230,600267,海正药业,9.98,9.88,9.99,9.85,10634700.0
20251230,600268,国电南自,10.54,10.58,10.66,10.5,12867700.0
20251230,600269,赣粤高速,5.2,5.19,5.24,5.19,11429200.0
20251230,600271,航天信息,10.54,11.59,11.59,10.48,89084500.0
20251230,600272,开开实业,13.8,13.71,13.9,13.51,7292000.0
20251230,600273,嘉化能源,8.38,8.43,8.47,8.36,10091500.0
20251230,600276,恒瑞医药,60.4,60.18,60.6,59.9,25330500.0
20251230,600278,东方创业,7.64,7.61,7.67,7.48,6992200.0
20251230,600279,重庆港,5.56,5.61,5.83,5.43,40080100.0
20251230,600280,中央商场,4.1,3.99,4.13,3.96,94115200.0
20251230,600281,华阳新材,6.05,5.96,6.05,5.9,12604100.0
20251230,600282,南钢股份,5.34,5.38,5.49,5.3,54408800.0
20251230,600283,钱江水利,9.13,9.05,9.14,9.02,4381500.0
20251230,600284,浦东建设,8.4,8.55,8.65,8.4,25695600.0
20251230,600285,羚锐制药,20.53,20.74,20.76,20.44,4188800.0
20251230,600287,苏豪时尚,5.52,5.48,5.6,5.46,4779500.0
20251230,600288,大恒科技,15.14,14.95,15.23,14.93,7148100.0
20251230,600292,电投水电,13.15,13.32,13.57,12.77,31413800.0
20251230,600293,三峡新材,3.28,3.18,3.28,3.17,29857500.0
20251230,600295,鄂尔多斯,11.87,12.5,12.97,11.83,21106600.0
20251230,600298,安琪酵母,43.64,42.82,44.23,42.74,10221400.0
20251230,600299,安迪苏,9.0,9.01,9.07,8.95,5102500.0
20251230,600300,维维股份,3.56,3.51,3.57,3.5,33338600.0
20251230,600301,华锡有色,36.18,38.3,38.6,36.0,11694700.0
20251230,600303,曙光股份,3.26,3.25,3.31,3.22,16133200.0
20251230,600305,恒顺醋业,7.87,7.86,7.88,7.82,6684100.0
20251230,600307,酒钢宏兴,1.67,1.66,1.69,1.65,51470000.0
20251230,600308,华泰股份,3.96,3.92,3.98,3.89,19668000.0
20251230,600309,万华化学,75.5,77.0,77.99,75.02,26628400.0
20251230,600310,广西能源,3.88,3.84,3.89,3.82,16408200.0
20251230,600312,平高电气,17.3,17.36,17.58,17.26,14869400.0
20251230,600313,农发种业,6.69,6.57,6.79,6.56,40481100.0
20251230,600315,上海家化,22.51,22.52,22.77,22.42,4549400.0
20251230,600316,洪都航空,33.6,34.15,34.43,32.71,23621600.0
20251230,600318,新力金融,9.01,8.95,9.14,8.95,14365200.0
20251230,600319,亚星化学,9.56,9.33,9.58,9.22,6068200.0
20251230,600320,振华重工,4.94,5.03,5.1,4.92,81106000.0
20251230,600322,津投城开,2.37,2.34,2.42,2.34,19271600.0
20251230,600323,瀚蓝环境,28.7,28.2,28.95,28.18,5662800.0
20251230,600325,华发股份,4.23,4.19,4.24,4.18,24228300.0
20251230,600326,西藏天路,11.06,11.08,11.18,10.99,28089200.0
20251230,600327,大东方,5.07,4.99,5.07,4.97,35777200.0
20251230,600328,中盐化工,8.3,8.35,8.46,8.16,23523000.0
20251230,600329,达仁堂,46.11,46.17,46.4,45.75,2763600.0
20251230,600330,天通股份,12.91,12.77,13.0,12.58,164995300.0
20251230,600331,宏达股份,12.32,12.79,13.05,12.32,68624200.0
20251230,600332,白云山,25.7,25.66,25.78,25.61,7153700.0
20251230,600333,长春燃气,5.63,5.56,5.65,5.49,12666800.0
20251230,600335,国机汽车,6.35,6.39,6.45,6.33,12184700.0
20251230,600336,澳柯玛,8.71,8.19,8.71,8.02,46848400.0
20251230,600338,西藏珠峰,14.71,15.12,15.36,14.62,63143200.0
20251230,600339,中油工程,3.36,3.37,3.4,3.32,35140900.0
20251230,600343,航天动力,45.26,48.75,48.96,45.23,151078900.0
20251230,600345,长江通信,33.17,31.51,33.49,31.34,26085000.0
20251230,600346,恒力石化,20.92,22.43,22.8,20.9,56250000.0
20251230,600348,华阳股份,8.48,8.27,8.53,8.25,70395500.0
20251230,600350,山东高速,9.75,9.72,9.79,9.67,5098300.0
20251230,600351,亚宝药业,6.51,6.49,6.53,6.46,5357100.0
20251230,600352,浙江龙盛,10.68,10.77,10.82,10.61,16816400.0
20251230,600353,旭光电子,16.19,16.01,16.29,15.96,19471600.0
20251230,600354,敦煌种业,6.67,6.71,6.85,6.57,36161400.0
20251230,600356,恒丰纸业,8.9,8.83,8.9,8.77,5147800.0
20251230,600358,国旅联合,5.9,5.95,6.0,5.84,6736800.0
20251230,600359,新农开发,7.3,7.23,7.37,7.19,7955500.0
20251230,600360,华微电子,7.96,8.08,8.22,7.94,15698500.0
20251230,600361,创新新材,4.26,4.29,4.32,4.16,51896300.0
20251230,600362,江西铜业,46.85,50.25,51.3,46.42,93050800.0
20251230,600363,联创光电,56.96,57.33,58.38,56.86,7528900.0
20251230,600366,宁波韵升,13.8,13.95,14.04,13.72,25654700.0
20251230,600367,红星发展,17.63,17.89,18.05,17.53,20463600.0
20251230,600368,五洲交通,4.0,3.96,4.01,3.95,15878400.0
20251230,600369,西南证券,4.51,4.51,4.54,4.48,22644300.0
20251230,600371,万向德农,8.88,8.83,9.05,8.78,6283800.0
20251230,600372,中航机载,13.23,13.19,13.56,13.08,94596800.0
20251230,600373,中文传媒,9.2,9.22,9.24,9.19,11723000.0
20251230,600375,汉马科技,5.82,5.85,5.85,5.75,22226600.0
20251230,600376,首开股份,6.08,6.89,6.89,5.92,366622500.0
20251230,600377,宁沪高速,12.13,12.05,12.15,12.02,8026800.0
20251230,600378,昊华科技,31.5,31.66,31.97,31.33,7024900.0
20251230,600379,宝光股份,11.73,11.55,11.76,11.53,3402800.0
20251230,600380,健康元,11.56,11.56,11.58,11.4,13650600.0
20251230,600382,广东明珠,7.23,7.24,7.32,7.11,11177700.0
20251230,600383,金地集团,3.08,3.03,3.09,3.03,77838900.0
20251230,600386,北巴传媒,4.35,4.39,4.45,4.31,10536300.0
20251230,600388,紫金龙净,16.45,16.24,16.45,16.08,11354600.0
20251230,600389,江山股份,25.98,25.7,26.46,25.35,15425200.0
20251230,600390,五矿资本,5.63,5.57,5.63,5.56,29653300.0
20251230,600391,航发科技,34.89,33.73,35.1,33.4,33050600.0
20251230,600392,盛和资源,21.1,21.68,21.9,21.07,38525600.0
20251230,600395,盘江股份,4.75,4.71,4.76,4.69,11996000.0
20251230,600396,华电辽能,2.89,2.86,2.92,2.86,15475500.0
20251230,600397,江钨装备,7.69,7.79,7.92,7.6,31869200.0
20251230,600398,海澜之家,6.19,6.13,6.19,6.12,28781900.0
20251230,600399,抚顺特钢,5.98,5.86,5.98,5.83,72309600.0
20251230,600400,红豆股份,2.4,2.39,2.43,2.38,29052000.0
20251230,600403,大有能源,7.08,7.05,7.1,6.98,23708600.0
20251230,600405,动力源,5.26,5.22,5.32,5.21,8558700.0
20251230,600406,国电南瑞,22.65,22.58,22.82,22.54,30706000.0
20251230,600408,安泰集团,4.22,4.14,4.24,4.08,85272500.0
20251230,600409,三友化工,6.15,6.38,6.48,6.12,68459200.0
20251230,600410,华胜天成,17.65,17.52,17.74,17.4,94981900.0
20251230,600415,小商品城,16.23,15.87,16.3,15.78,65570600.0
20251230,600416,湘电股份,14.53,14.68,14.93,14.46,44145900.0
20251230,600418,江淮汽车,49.34,49.61,49.99,48.88,33458300.0
20251230,600419,天润乳业,9.99,9.81,10.0,9.76,4291800.0
20251230,600420,国药现代,10.12,10.12,10.16,10.09,7399900.0
20251230,600422,昆药集团,12.5,12.5,12.57,12.46,2809100.0
20251230,600425,青松建化,4.21,4.18,4.22,4.16,19252600.0
20251230,600426,华鲁恒升,30.91,31.61,32.28,30.71,25343900.0
20251230,600428,中远海特,7.21,7.14,7.25,7.11,29710000.0
20251230,600429,三元股份,5.18,5.16,5.24,5.13,27861900.0
20251230,600433,冠豪高新,3.29,3.28,3.31,3.25,16556500.0
20251230,600435,北方导航,14.8,15.0,15.44,14.75,66798000.0
20251230,600436,片仔癀,169.73,169.1,170.2,168.8,1165400.0
20251230,600438,通威股份,21.29,21.01,21.44,20.95,64275800.0
20251230,600444,国机通用,18.25,18.25,18.36,17.98,3712400.0
20251230,600446,金证股份,15.89,15.94,16.09,15.86,17866500.0
20251230,600448,华纺股份,3.19,3.15,3.22,3.13,16586800.0
20251230,600449,宁夏建材,12.38,12.33,12.45,12.32,2724300.0
20251230,600452,涪陵电力,9.32,9.41,9.54,9.31,23236600.0
20251230,600455,博通股份,25.87,25.71,26.09,25.51,1333300.0
20251230,600456,宝钛股份,38.26,37.13,38.38,36.75,30044900.0
20251230,600458,时代新材,13.42,13.38,13.47,13.31,6959700.0
20251230,600459,贵研铂业,18.36,18.84,18.99,18.36,42630500.0
20251230,600460,士兰微,27.93,28.19,28.39,27.81,19181800.0
20251230,600461,洪城环境,9.43,9.3,9.46,9.27,10464600.0
20251230,600463,空港股份,11.39,11.48,11.7,11.23,4298900.0
20251230,600467,好当家,2.62,2.6,2.63,2.56,59964500.0
20251230,600468,百利电气,6.82,6.92,7.14,6.8,59547700.0
20251230,600469,风神股份,6.82,6.78,6.88,6.68,4615000.0
20251230,600470,六国化工,6.1,6.08,6.19,5.96,15018900.0
20251230,600475,华光环能,18.85,18.39,18.88,18.06,20257100.0
20251230,600477,杭萧钢构,2.85,2.82,2.87,2.79,164638700.0
20251230,600478,科力远,6.81,6.92,6.95,6.72,34237500.0
20251230,600479,千金药业,10.19,10.13,10.19,10.11,4232300.0
20251230,600480,凌云股份,12.12,12.35,12.43,12.03,20792400.0
20251230,600481,双良节能,6.39,6.44,6.69,6.12,199346900.0
20251230,600482,中国动力,21.0,20.8,21.11,20.66,19704700.0
20251230,600483,福能股份,9.7,9.5,9.71,9.47,28865200.0
20251230,600486,扬农化工,68.98,70.5,71.26,68.57,4666100.0
20251230,600487,亨通光电,24.81,24.46,25.0,24.38,82713600.0
20251230,600488,津药药业,4.13,4.09,4.15,4.09,5823900.0
20251230,600489,中金黄金,22.14,23.37,23.57,22.1,87393300.0
20251230,600490,鹏欣资源,7.5,7.71,7.78,7.45,56094200.0
20251230,600493,凤竹纺织,7.84,7.48,7.84,7.46,14682900.0
20251230,600495,晋西车轴,4.78,4.78,4.82,4.76,9266700.0
20251230,600496,精工钢构,4.16,4.13,4.22,4.11,18724500.0
20251230,600497,驰宏锌锗,7.01,7.25,7.35,7.01,120624000.0
20251230,600498,烽火通信,30.09,29.16,31.15,28.89,140790100.0
20251230,600499,科达制造,13.35,13.66,13.81,13.2,22203500.0
20251230,600500,中化国际,3.95,3.95,3.99,3.91,17953700.0
20251230,600501,航天晨光,25.6,27.39,28.67,25.4,88169300.0
20251230,600502,安徽建工,4.65,4.65,4.67,4.63,9922500.0
20251230,600503,华丽家族,2.68,2.66,2.69,2.64,17025700.0
20251230,600505,西昌电力,13.07,13.01,13.17,12.92,5291000.0
20251230,600506,统一股份,26.73,29.12,29.12,26.03,56047600.0
20251230,600507,方大特钢,5.94,5.95,6.02,5.9,16155900.0
20251230,600508,上海能源,11.93,11.85,12.0,11.83,3613000.0
20251230,600509,天富能源,8.36,8.34,8.46,8.3,23317900.0
20251230,600510,黑牡丹,8.68,8.59,8.7,8.59,5025300.0
20251230,600511,国药股份,28.67,28.73,28.85,28.6,2608000.0
20251230,600512,腾达建设,2.44,2.42,2.46,2.4,18345400.0
20251230,600513,联环药业,18.51,18.43,18.91,18.36,8160000.0
20251230,600515,海南机场,5.3,5.15,5.38,5.15,272776500.0
20251230,600516,方大炭素,5.75,5.75,5.81,5.67,44036600.0
20251230,600517,国网英大,6.11,6.05,6.12,6.05,29658900.0
20251230,600518,康美药业,1.92,1.91,1.93,1.91,100907600.0
20251230,600519,贵州茅台,1401.0,1389.72,1401.9,1386.0,3379200.0
20251230,600520,三佳科技,25.03,24.92,25.16,24.89,2247400.0
20251230,600521,华海药业,17.15,17.21,17.37,16.96,13823400.0
20251230,600522,中天科技,18.0,18.08,18.32,17.91,62201500.0
20251230,600523,贵航股份,15.45,15.45,15.67,15.41,7707400.0
20251230,600525,长园集团,3.48,3.47,3.6,3.43,58503800.0
20251230,600526,菲达环保,5.25,5.25,5.29,5.18,7071100.0
20251230,600527,江南高纤,2.22,2.2,2.29,2.2,88634300.0
20251230,600528,中铁工业,8.18,8.26,8.3,8.17,14416500.0
20251230,600529,山东药玻,19.97,20.0,20.06,19.94,3236000.0
20251230,600531,豫光金铅,11.51,11.93,12.09,11.43,88747100.0
20251230,600533,栖霞建设,2.58,2.54,2.58,2.52,10137400.0
20251230,600535,天士力,15.05,15.07,15.19,15.05,5493400.0
20251230,600536,中国软件,45.92,45.55,46.18,45.51,9603900.0
20251230,600538,国发股份,6.16,6.11,6.16,5.99,8924200.0
20251230,600539,狮头股份,10.07,10.04,10.15,9.99,2756500.0
20251230,600540,新赛股份,4.74,4.67,4.78,4.65,16130500.0
20251230,600545,卓郎智能,2.6,2.59,2.63,2.57,19987600.0
20251230,600546,山煤国际,10.22,10.17,10.25,10.11,10987900.0
20251230,600547,山东黄金,37.2,38.51,38.92,37.02,41003000.0
20251230,600548,深高速,8.88,8.77,8.89,8.74,6906900.0
20251230,600549,厦门钨业,39.56,40.89,41.5,39.36,38612900.0
20251230,600550,保变电气,10.8,10.85,11.05,10.7,88691000.0
20251230,600551,时代出版,8.22,8.24,8.26,8.19,4234100.0
20251230,600552,凯盛科技,11.25,12.43,12.43,11.23,100289400.0
20251230,600556,天下秀,5.68,5.76,5.85,5.68,67596600.0
20251230,600557,康缘药业,14.15,14.22,14.28,14.03,4445600.0
20251230,600558,大西洋,5.96,6.1,6.17,5.92,30627900.0
20251230,600559,老白干酒,16.1,16.1,16.16,16.08,4921600.0
20251230,600560,金自天正,16.01,16.18,16.44,15.99,3225100.0
20251230,600561,江西长运,6.53,6.47,6.61,6.46,3929900.0
20251230,600562,国睿科技,27.7,27.56,28.17,27.4,15149600.0
20251230,600563,法拉电子,106.22,106.0,107.29,105.15,2441400.0
20251230,600566,济川药业,26.35,26.53,26.57,26.12,4263800.0
20251230,600567,山鹰国际,1.7,1.7,1.71,1.68,81020400.0
20251230,600569,安阳钢铁,2.3,2.28,2.32,2.26,22905500.0
20251230,600570,恒生电子,30.2,30.27,30.58,30.08,40370500.0
20251230,600571,信雅达,15.53,15.6,15.85,15.53,11540800.0
20251230,600572,康恩贝,4.45,4.45,4.47,4.41,22607600.0
20251230,600573,惠泉啤酒,12.22,12.0,12.29,11.96,10760400.0
20251230,600575,淮河能源,3.46,3.37,3.46,3.36,62443800.0
20251230,600576,祥源文旅,6.37,6.35,6.46,6.31,34434900.0
20251230,600577,精达股份,12.15,11.99,12.34,11.94,92134600.0
20251230,600578,京能电力,5.22,5.11,5.27,5.07,72043300.0
20251230,600579,中化装备,8.2,8.29,8.36,8.2,5388900.0
20251230,600580,卧龙电驱,45.64,49.63,50.5,45.47,180294500.0
20251230,600582,天地科技,5.79,5.8,5.81,5.76,19058900.0
20251230,600583,海油工程,5.51,5.51,5.57,5.46,41076200.0
20251230,600584,长电科技,36.53,37.1,37.24,36.51,33480300.0
20251230,600585,海螺水泥,22.15,21.84,22.21,21.83,28645800.0
20251230,600586,金晶科技,6.13,6.0,6.16,5.91,51588400.0
20251230,600587,新华医疗,14.5,14.53,14.59,14.49,2886000.0
20251230,600588,用友网络,12.96,13.1,13.23,12.96,41716800.0
20251230,600589,大位科技,7.17,7.13,7.2,7.11,28598800.0
20251230,600590,泰豪科技,9.41,9.36,9.47,9.3,19586100.0
20251230,600592,龙溪股份,26.7,28.27,29.78,26.62,76291300.0
20251230,600593,大连圣亚,41.0,41.46,41.96,40.5,5910900.0
20251230,600594,益佰制药,4.05,4.0,4.05,3.98,14226900.0
20251230,600595,中孚实业,7.68,7.92,8.13,7.55,77985600.0
20251230,600596,新安股份,11.43,11.65,11.88,11.35,26005100.0
20251230,600597,光明乳业,8.1,8.11,8.13,8.09,7923800.0
20251230,600598,北大荒,14.92,15.09,15.22,14.91,23763900.0
20251230,600600,青岛啤酒,61.28,61.27,61.38,61.12,2329100.0
20251230,600601,方正科技,11.92,12.05,12.6,11.89,182290000.0
20251230,600602,云赛智联,18.65,18.6,18.77,18.48,22221300.0
20251230,600603,广汇物流,6.44,6.45,6.56,6.36,8707200.0
20251230,600604,市北高新,5.65,5.57,5.75,5.56,22481700.0
20251230,600605,汇通能源,31.31,30.22,31.31,30.08,2732100.0
20251230,600606,绿地控股,1.65,1.64,1.66,1.64,54958500.0
20251230,600609,金杯汽车,4.61,4.61,4.65,4.6,9489900.0
20251230,600610,中毅达,9.86,9.88,10.02,9.86,12846300.0
20251230,600611,大众交通,5.48,5.46,5.48,5.44,16418600.0
20251230,600612,老凤祥,44.36,44.26,44.52,44.21,976700.0
20251230,600613,神奇制药,6.08,6.05,6.14,6.0,7215900.0
20251230,600615,鑫源智造,11.45,11.17,11.45,11.17,2688400.0
20251230,600616,金枫酒业,5.36,5.38,5.44,5.35,7657700.0
20251230,600617,国新能源,3.16,3.14,3.18,3.11,21320900.0
20251230,600618,氯碱化工,11.92,12.06,12.23,11.75,11385100.0
20251230,600619,海立股份,20.49,20.55,20.8,20.48,19775500.0
20251230,600620,天宸股份,6.79,6.59,6.86,6.58,14903000.0
20251230,600621,华鑫股份,15.27,15.45,15.6,15.24,16131900.0
20251230,600622,光大嘉宝,2.87,2.84,2.88,2.83,28310500.0
20251230,600623,华谊集团,7.44,7.54,7.6,7.25,17027100.0
20251230,600626,申达股份,4.51,4.39,4.68,4.36,29652500.0
20251230,600628,新世界,8.29,7.99,8.29,7.95,34478100.0
20251230,600629,华建集团,20.2,19.73,20.2,19.15,54204300.0
20251230,600630,龙头股份,9.07,8.92,9.08,8.9,11451000.0
20251230,600633,浙数文化,12.69,12.77,12.87,12.64,9724900.0
20251230,600635,大众公用,6.92,6.73,6.94,6.67,113614200.0
20251230,600637,东方明珠,9.9,9.67,9.9,9.67,68249200.0
20251230,600638,新黄浦,6.12,6.15,6.25,6.07,13557000.0
20251230,600639,浦东金桥,10.17,10.18,10.25,10.15,3804100.0
20251230,600640,国脉文化,12.42,12.34,12.51,12.31,6257900.0
20251230,600641,先导基电,17.28,17.57,17.78,17.27,26380300.0
20251230,600642,申能股份,7.89,7.82,7.91,7.8,19834700.0
20251230,600643,爱建集团,5.55,5.48,5.57,5.47,13451000.0
20251230,600644,乐山电力,9.91,9.81,9.93,9.77,12720700.0
20251230,600645,中源协和,25.21,25.5,26.1,25.21,8475300.0
20251230,600648,外高桥,10.08,10.07,10.14,9.96,1884800.0
20251230,600649,城投控股,4.32,4.28,4.33,4.26,17354100.0
20251230,600650,锦江在线,15.26,14.9,15.33,14.86,10297200.0
20251230,600651,飞乐音响,7.18,7.19,7.25,7.12,18564400.0
20251230,600653,申华控股,1.93,1.91,1.94,1.91,17919800.0
20251230,600654,中安科,3.73,3.74,3.81,3.71,55828300.0
20251230,600655,豫园股份,5.2,5.14,5.2,5.1,11758000.0
20251230,600657,信达地产,3.49,3.44,3.5,3.44,13988600.0
20251230,600658,电子城,5.53,5.46,5.55,5.45,17784800.0
20251230,600660,福耀玻璃,63.03,64.5,64.75,63.0,11280200.0
20251230,600661,昂立教育,10.22,10.05,10.22,10.01,4278800.0
20251230,600662,外服控股,5.05,5.02,5.18,4.99,16242500.0
20251230,600663,陆家嘴,7.9,7.88,7.95,7.87,3847100.0
20251230,600664,哈药股份,3.49,3.49,3.5,3.47,19538600.0
20251230,600665,天地源,3.27,3.24,3.27,3.17,10116100.0
20251230,600666,奥瑞德,3.25,3.27,3.3,3.24,37414100.0
20251230,600667,太极实业,8.01,8.03,8.17,7.98,54312400.0
20251230,600668,尖峰集团,10.97,10.88,10.97,10.87,3896300.0
20251230,600671,天目药业,17.37,17.42,17.65,17.28,2118300.0
20251230,600673,东阳光,22.25,22.98,23.34,21.94,47272200.0
20251230,600674,川投能源,13.99,13.9,13.99,13.85,16460600.0
20251230,600675,中华企业,2.73,2.71,2.73,2.69,23963100.0
20251230,600676,久事动娱,5.91,5.8,5.93,5.8,9013900.0
20251230,600679,上海凤凰,13.57,13.45,13.68,13.38,6699500.0
20251230,600681,百川能源,4.08,4.08,4.12,4.04,23644400.0
20251230,600682,南京新百,8.28,8.89,8.89,8.28,56581700.0
20251230,600683,京投发展,4.29,4.23,4.31,4.21,12671300.0
20251230,600684,珠江股份,4.35,4.31,4.42,4.3,16817200.0
20251230,600685,中船防务,28.63,28.34,28.93,28.23,18405400.0
20251230,600686,金龙汽车,17.19,17.24,17.39,17.0,12901600.0
20251230,600688,上海石化,2.75,2.85,2.92,2.74,141197900.0
20251230,600689,上海三毛,13.4,13.46,13.63,13.35,2019700.0
20251230,600690,海尔智家,26.53,26.54,26.68,26.3,31914300.0
20251230,600691,潞化科技,2.82,2.79,2.84,2.75,17906500.0
20251230,600692,亚通股份,6.96,6.89,7.05,6.66,14775900.0
20251230,600693,东百集团,18.29,17.82,19.03,17.82,178507500.0
20251230,600694,大商股份,18.16,17.93,18.16,17.89,8155900.0
20251230,600697,欧亚集团,13.6,13.34,13.74,13.2,11820100.0
20251230,600698,湖南天雁,9.0,8.98,9.18,8.96,13060400.0
20251230,600699,均胜电子,29.35,30.99,31.72,29.13,88354700.0
20251230,600702,舍得酒业,57.29,57.0,57.65,56.62,5237300.0
20251230,600703,三安光电,14.32,14.16,14.42,14.1,74844400.0
20251230,600704,物产中大,5.56,5.55,5.58,5.51,36813000.0
20251230,600706,曲江文旅,10.73,10.79,11.02,10.55,18682100.0
20251230,600707,彩虹股份,6.38,6.42,6.54,6.3,57926700.0
20251230,600708,光明地产,3.62,3.67,3.74,3.56,45630300.0
20251230,600710,苏美达,10.9,10.9,10.99,10.84,8338500.0
20251230,600711,盛屯矿业,14.0,15.1,15.28,13.88,169131800.0
20251230,600712,南宁百货,6.99,6.96,7.01,6.7,24158500.0
20251230,600713,南京医药,5.45,5.38,5.48,5.27,25290700.0
20251230,600714,金瑞矿业,12.4,12.42,12.65,12.25,6314900.0
20251230,600715,文投控股,2.17,2.19,2.22,2.15,37138800.0
20251230,600716,凤凰股份,3.88,3.83,3.89,3.79,8949300.0
20251230,600717,天津港,4.51,4.46,4.52,4.45,17608800.0
20251230,600718,东软集团,9.88,9.91,9.96,9.84,14070300.0
20251230,600719,大连热电,6.3,6.54,6.55,6.19,28318700.0
20251230,600720,中交设计,7.33,7.3,7.34,7.29,6196100.0
20251230,600722,金牛化工,5.92,5.97,6.12,5.86,11850000.0
20251230,600724,宁波富达,5.67,5.68,5.77,5.66,10585400.0
20251230,600725,云维股份,4.11,4.03,4.12,3.99,26106800.0
20251230,600726,华电能源,2.41,2.4,2.43,2.38,23012200.0
20251230,600727,鲁北化工,6.92,6.9,6.98,6.87,4693400.0
20251230,600728,佳都科技,7.04,6.72,7.04,6.71,263833300.0
20251230,600729,重百集团,26.23,26.13,26.4,26.09,4764800.0
20251230,600731,湖南海利,6.82,6.79,6.92,6.74,4702100.0
20251230,600732,爱旭股份,13.61,13.42,13.95,13.4,25659500.0
20251230,600733,北汽蓝谷,7.94,7.84,7.96,7.83,111647100.0
20251230,600736,苏州高新,7.2,6.75,7.2,6.63,164004900.0
20251230,600737,中粮糖业,17.3,17.2,17.65,17.19,31517200.0
20251230,600738,丽尚国潮,5.12,5.14,5.18,5.04,19698500.0
20251230,600739,辽宁成大,11.39,11.23,11.39,11.19,18981300.0
20251230,600740,山西焦化,3.8,3.79,3.83,3.75,11387500.0
20251230,600741,华域汽车,19.76,20.08,20.12,19.58,13915200.0
20251230,600742,富维股份,9.87,10.02,10.09,9.8,7568100.0
20251230,600743,华远控股,1.98,1.99,2.0,1.96,12635400.0
20251230,600744,华银电力,5.97,5.92,5.98,5.91,26214000.0
20251230,600746,江苏索普,6.98,7.02,7.09,6.88,5548900.0
20251230,600748,上实发展,5.31,5.31,5.36,5.25,13553900.0
20251230,600749,西藏旅游,16.85,16.81,16.98,16.78,3438200.0
20251230,600750,华润江中,23.5,23.48,23.77,23.43,4855400.0
20251230,600751,海航科技,3.93,3.87,3.94,3.86,38425900.0
20251230,600754,锦江酒店,24.65,24.35,24.8,24.14,11969200.0
20251230,600755,厦门国贸,7.5,7.39,7.77,7.16,303003100.0
20251230,600756,浪潮软件,17.58,17.76,17.98,17.58,17474400.0
20251230,600757,长江传媒,8.68,8.73,8.77,8.67,8060100.0
20251230,600758,辽宁能源,3.74,3.69,3.74,3.65,15551500.0
20251230,600760,中航沈飞,57.12,56.45,57.33,55.82,22447800.0
20251230,600761,安徽合力,21.55,21.55,22.45,21.28,26174000.0
20251230,600763,通策医疗,40.5,40.33,40.52,40.3,3605400.0
20251230,600764,中国海防,27.3,27.0,27.55,27.0,10037000.0
20251230,600765,中航重机,18.87,19.18,20.28,18.44,158228700.0
20251230,600768,富邦新材,13.47,13.89,14.26,13.42,5355800.0
20251230,600769,祥龙电业,12.25,11.94,12.25,11.79,5820600.0
20251230,600770,综艺股份,5.14,5.11,5.2,5.11,11535500.0
20251230,600771,广誉远,18.14,18.17,18.18,18.0,3005600.0
20251230,600773,西藏城投,12.28,12.18,12.43,12.1,13057600.0
20251230,600774,汉商集团,9.26,9.17,9.31,9.12,4091100.0
20251230,600775,南京熊猫,12.49,12.2,12.5,12.14,56693200.0
20251230,600776,东方通信,15.2,16.89,16.89,15.2,72225100.0
20251230,600777,新潮能源,3.85,3.84,3.85,3.82,10284100.0
20251230,600778,友好集团,6.98,6.9,7.04,6.8,16875600.0
20251230,600779,水井坊,38.51,38.7,39.84,38.25,6990200.0
20251230,600780,通宝能源,5.69,5.65,5.69,5.63,8710900.0
20251230,600782,新钢股份,3.9,3.89,3.94,3.85,53160300.0
20251230,600783,鲁信创投,25.53,22.48,25.53,21.94,127419000.0
20251230,600784,鲁银投资,7.0,6.79,7.05,6.78,16854200.0
20251230,600785,新华百货,13.67,13.48,13.69,13.43,7336400.0
20251230,600787,中储股份,5.66,5.62,5.67,5.61,17605400.0
20251230,600789,鲁抗医药,9.09,9.08,9.13,9.04,11016200.0
20251230,600790,轻纺城,3.83,3.81,3.84,3.77,14835700.0
20251230,600791,京能置业,4.71,4.69,4.77,4.68,7751900.0
20251230,600792,云煤能源,3.97,3.91,3.97,3.88,18858500.0
20251230,600793,宜宾纸业,22.18,21.84,22.24,21.79,5243300.0
20251230,600794,保税科技,3.91,3.95,4.02,3.91,28622800.0
20251230,600795,国电电力,5.3,5.16,5.3,5.14,264812500.0
20251230,600796,钱江生化,6.08,6.01,6.12,5.97,5923000.0
20251230,600797,浙大网新,9.79,9.79,9.88,9.75,18902300.0
20251230,600798,宁波海运,3.56,3.52,3.56,3.51,12847300.0
20251230,600800,渤海化学,3.49,3.42,3.49,3.41,43635300.0
20251230,600801,华新建材,24.03,24.44,24.93,23.75,9761900.0
20251230,600802,福建水泥,6.82,6.85,6.96,6.73,18158800.0
20251230,600803,新奥股份,20.81,20.76,20.92,20.63,4551500.0
20251230,600805,悦达投资,5.45,5.39,5.48,5.32,9348500.0
20251230,600807,济高发展,3.25,3.16,3.27,3.14,70538900.0
20251230,600808,马钢股份,4.18,4.2,4.26,4.14,75280500.0
20251230,600809,山西汾酒,175.01,173.05,175.56,172.69,4220700.0
20251230,600810,神马股份,8.95,9.35,9.55,8.75,56663500.0
20251230,600812,华北制药,5.56,5.53,5.56,5.52,7466400.0
20251230,600814,杭州解百,8.6,8.31,8.6,8.12,21909800.0
20251230,600815,厦工股份,3.64,3.61,3.68,3.58,60571200.0
20251230,600816,建元信托,2.86,2.84,2.86,2.83,34838500.0
20251230,600817,宇通重工,11.3,11.41,11.49,11.26,2468700.0
20251230,600819,耀皮玻璃,8.34,8.05,8.34,8.04,10163900.0
20251230,600820,隧道股份,6.59,6.54,6.6,6.53,21868700.0
20251230,600821,金开新能,5.13,5.14,5.16,5.12,10875900.0
20251230,600822,上海物贸,10.76,10.6,10.78,10.58,4359300.0
20251230,600824,益民集团,4.8,4.68,4.86,4.62,77456400.0
20251230,600825,新华传媒,6.13,6.12,6.2,6.11,8572900.0
20251230,600826,兰生股份,10.53,10.55,10.66,10.51,4010700.0
20251230,600827,百联股份,9.15,9.01,9.16,8.99,14925600.0
20251230,600828,茂业商业,6.15,6.24,6.59,5.75,122786500.0
20251230,600829,人民同泰,11.11,10.89,11.13,10.71,26474500.0
20251230,600830,香溢融通,9.73,9.58,9.78,9.55,7059900.0
20251230,600831,广电网络,4.13,4.19,4.32,4.12,14882500.0
20251230,600833,第一医药,13.1,12.95,13.14,12.92,3554500.0
20251230,600834,申通地铁,8.29,8.22,8.32,8.18,2480800.0
20251230,600835,上海机电,28.93,30.03,30.29,28.45,21769500.0
20251230,600838,上海九百,11.0,11.31,12.1,10.23,95857800.0
20251230,600839,四川长虹,9.1,9.08,9.13,9.05,62590100.0
20251230,600841,动力新科,6.01,6.0,6.02,5.94,6952000.0
20251230,600843,上工申贝,12.06,12.01,12.26,11.92,26303200.0
20251230,600844,金煤科技,2.91,2.91,2.94,2.87,15408000.0
20251230,600845,宝信软件,20.45,20.43,20.63,20.42,7359400.0
20251230,600846,同济科技,13.41,13.24,13.44,13.21,5197400.0
20251230,600847,万里股份,11.7,11.44,11.72,11.4,1810800.0
20251230,600848,上海临港,11.71,11.53,11.74,11.48,16110800.0
20251230,600850,电科数字,29.69,29.47,30.08,29.11,17630700.0
20251230,600851,海欣股份,6.94,6.99,7.06,6.82,6346500.0
20251230,600853,龙建股份,4.26,4.22,4.27,4.19,21628300.0
20251230,600854,春兰股份,4.99,4.94,4.99,4.92,7584800.0
20251230,600855,航天长峰,19.4,20.07,20.55,19.25,65469600.0
20251230,600857,宁波中百,13.85,13.74,13.96,13.69,4293600.0
20251230,600858,银座股份,6.59,6.68,6.89,6.59,87405200.0
20251230,600859,王府井,15.07,14.84,15.3,14.8,46864500.0
20251230,600860,京城股份,12.48,12.67,12.91,12.43,11513400.0
20251230,600861,北京人力,17.75,17.7,17.82,17.62,3646600.0
20251230,600862,中航高科,24.07,23.52,24.17,23.42,57355900.0
20251230,600863,华能蒙电,4.54,4.51,4.56,4.5,49140600.0
20251230,600864,哈投股份,6.74,6.71,6.79,6.71,18532600.0
20251230,600865,百大集团,18.0,17.28,18.21,17.28,47111500.0
20251230,600866,星湖科技,6.83,6.8,6.85,6.8,11619700.0
20251230,600867,通化东宝,8.2,8.22,8.25,8.13,14164100.0
20251230,600868,梅雁吉祥,3.47,3.39,3.48,3.33,127583800.0
20251230,600869,远东股份,7.85,7.99,8.06,7.83,47766000.0
20251230,600871,石化油服,2.16,2.17,2.2,2.14,119446900.0
20251230,600872,中炬高新,17.26,17.29,17.56,17.21,7367100.0
20251230,600873,梅花生物,10.21,10.16,10.27,10.14,20664700.0
20251230,600874,创业环保,5.97,5.93,5.97,5.92,10921400.0
20251230,600875,东方电气,24.19,24.4,24.75,24.0,45806600.0
20251230,600876,凯盛新能,9.97,9.86,10.0,9.8,3423500.0
20251230,600877,电科芯片,16.52,17.49,18.13,16.29,96881200.0
20251230,600879,航天电子,18.86,19.38,20.86,18.69,673707900.0
20251230,600880,博瑞传播,4.84,4.86,4.95,4.83,12844600.0
20251230,600881,亚泰集团,1.87,1.86,1.88,1.84,39679100.0
20251230,600882,妙可蓝多,24.49,25.62,25.65,24.39,11753900.0
20251230,600883,博闻科技,8.04,8.03,8.12,7.97,3089600.0
20251230,600884,杉杉股份,13.42,13.62,13.75,13.2,55449500.0
20251230,600885,宏发股份,30.56,30.62,30.75,30.25,9652200.0
20251230,600886,国投电力,13.21,13.1,13.22,13.09,21405600.0
20251230,600887,伊利股份,28.76,28.69,28.9,28.61,39049800.0
20251230,600888,新疆众和,8.03,8.22,8.31,8.0,24205500.0
20251230,600892,大晟文化,3.7,3.66,3.74,3.64,7082400.0
20251230,600893,航发动力,40.33,39.95,41.15,39.79,38397400.0
20251230,600894,广日股份,9.25,9.21,9.26,9.17,3293800.0
20251230,600895,张江高科,41.98,41.17,41.98,41.0,53288800.0
20251230,600897,厦门空港,17.9,17.48,17.9,17.4,10022000.0
20251230,600900,长江电力,27.5,27.32,27.5,27.32,72424700.0
20251230,600901,江苏金租,6.14,6.13,6.15,6.07,21320800.0
20251230,600903,贵州燃气,6.64,6.65,6.68,6.6,4458200.0
20251230,600905,三峡能源,4.11,4.1,4.12,4.09,61233900.0
20251230,600906,财达证券,6.83,6.78,6.84,6.77,21279400.0
20251230,600908,无锡银行,5.93,5.93,5.94,5.89,9483400.0
20251230,600909,华安证券,6.75,6.78,6.82,6.73,36476700.0
20251230,600916,中国黄金,8.07,8.09,8.1,8.05,13628200.0
20251230,600917,重庆燃气,5.48,5.45,5.49,5.43,3904300.0
20251230,600918,中泰证券,6.63,6.61,6.65,6.6,18277900.0
20251230,600919,江苏银行,10.29,10.44,10.46,10.25,123843400.0
20251230,600925,苏能股份,4.53,4.52,4.54,4.51,4685300.0
20251230,600926,杭州银行,15.25,15.36,15.39,15.17,36513000.0
20251230,600927,永安期货,15.96,15.91,16.18,15.86,11359200.0
20251230,600928,西安银行,3.76,3.71,3.77,3.71,18095800.0
,600929,雪天盐业,5.66,5.61,5.69,5.6,9157400.0
20251230,600930,华电新能,6.32,6.31,6.34,6.3,38863000.0
20251230,600933,爱柯迪,19.12,19.87,20.06,19.09,19292000.0
20251230,600935,华塑股份,2.45,2.44,2.47,2.41,17429800.0
20251230,600936,北投科技,4.31,4.29,4.39,4.27,56482600.0
20251230,600938,中国海油,28.93,29.86,30.08,28.88,58502600.0
20251230,600939,重庆建工,3.21,3.2,3.25,3.19,18242500.0
20251230,600941,中国移动,100.5,100.35,100.9,100.22,8788800.0
20251230,600955,维远股份,16.63,16.48,16.8,16.26,13130200.0
20251230,600956,新天绿能,7.33,7.27,7.34,7.27,4927600.0
20251230,600958,东方证券,10.88,10.86,10.96,10.81,49617500.0
20251230,600959,江苏有线,3.41,3.43,3.46,3.38,36254200.0
20251230,600960,渤海汽车,5.47,5.39,5.47,5.35,21832400.0
20251230,600961,株冶集团,15.81,16.2,16.43,15.62,20900700.0
20251230,600962,国投中鲁,24.01,23.67,24.4,23.65,7264800.0
20251230,600963,岳阳林纸,4.61,4.63,4.69,4.55,30373100.0
20251230,600966,博汇纸业,6.89,6.91,7.04,6.72,33835500.0
20251230,600967,内蒙一机,16.44,16.5,16.7,16.3,28340900.0
20251230,600968,海油发展,3.8,3.85,3.87,3.78,50549900.0
20251230,600969,郴电国际,9.63,9.64,9.73,9.31,13172900.0
20251230,600970,中材国际,10.3,10.33,10.45,10.23,16491100.0
20251230,600971,恒源煤电,6.29,6.25,6.29,6.23,7881600.0
20251230,600973,宝胜股份,6.84,6.86,7.33,6.75,148272200.0
20251230,600975,新五丰,5.92,5.95,6.0,5.89,15184900.0
20251230,600976,健民集团,34.74,33.98,34.75,33.79,2951300.0
20251230,600977,中国电影,15.45,15.68,15.86,15.41,48420100.0
20251230,600979,广安爱众,4.45,4.4,4.46,4.39,12786400.0
20251230,600980,北矿科技,22.7,22.79,22.91,22.58,1919100.0
20251230,600981,苏豪汇鸿,3.19,3.17,3.22,3.13,39741900.0
20251230,600982,宁波能源,4.38,4.35,4.39,4.33,9711400.0
20251230,600983,惠而浦,9.55,9.51,9.56,9.44,1343900.0
20251230,600984,建设机械,4.05,4.08,4.14,3.91,50901900.0
20251230,600985,淮北矿业,11.24,11.19,11.26,11.14,7985800.0
20251230,600986,浙文互联,7.4,7.7,7.85,7.4,58603900.0
20251230,600987,航民股份,6.94,6.88,6.95,6.86,8936000.0
20251230,600988,赤峰黄金,30.7,31.63,31.9,30.69,41302300.0
20251230,600989,宝丰能源,18.99,19.48,19.66,18.9,43414200.0
20251230,600990,四创电子,31.9,31.09,32.19,30.83,19077400.0
20251230,600992,贵绳股份,13.22,13.4,13.84,13.17,8280200.0
20251230,600993,马应龙,28.25,28.07,28.25,27.9,5143200.0
20251230,600995,南网储能,12.66,12.67,12.77,12.54,9433200.0
20251230,600996,贵广网络,10.32,9.94,10.46,9.87,29198000.0
20251230,600997,开滦股份,5.79,5.77,5.82,5.75,6660900.0
20251230,600998,九州通,5.06,5.09,5.12,5.05,23628100.0
20251230,600999,招商证券,16.69,16.7,16.79,16.65,25966700.0
20251230,601000,唐山港,3.87,3.87,3.93,3.84,53856500.0
20251230,601001,晋控煤业,13.56,13.43,13.64,13.33,12363400.0
20251230,601002,晋亿实业,5.16,5.22,5.34,5.09,15887600.0
20251230,601003,柳钢股份,5.03,5.01,5.09,4.97,9104100.0
20251230,601005,重庆钢铁,1.48,1.47,1.49,1.46,96960600.0
20251230,601006,大秦铁路,5.25,5.18,5.25,5.18,133790600.0
20251230,601007,金陵饭店,7.77,7.72,7.78,7.62,8811000.0
20251230,601008,连云港,5.23,5.19,5.23,5.17,9053700.0
20251230,601009,南京银行,11.54,11.52,11.6,11.46,29573800.0
20251230,601011,宝泰隆,3.45,3.43,3.46,3.38,34723600.0
20251230,601012,隆基绿能,18.55,18.44,18.75,18.4,98251000.0
20251230,601015,陕西黑猫,3.68,3.67,3.72,3.64,19194300.0
20251230,601016,节能风电,2.98,2.97,2.99,2.96,37375000.0
20251230,601018,宁波港,3.65,3.63,3.65,3.62,49808500.0
20251230,601019,山东出版,8.4,8.58,8.71,8.39,12248100.0
20251230,601020,华钰矿业,26.3,27.18,27.37,26.2,24924600.0
20251230,601021,春秋航空,57.99,57.6,58.5,56.93,5611300.0
20251230,601022,宁波远洋,9.22,9.16,9.23,9.13,6143200.0
20251230,601026,道生天合,20.57,20.27,21.0,20.26,17038400.0
20251230,601033,永兴股份,14.93,15.0,15.0,14.78,3764300.0
20251230,601038,一拖股份,14.15,14.1,14.35,14.02,11720200.0
20251230,601058,赛轮轮胎,15.93,16.43,16.47,15.81,41927200.0
20251230,601059,信达证券,17.77,17.73,17.78,17.72,17418700.0
20251230,601061,中信金属,13.93,14.29,14.5,13.88,27576700.0
20251230,601065,江盐集团,8.34,8.3,8.34,8.27,3030900.0
20251230,601066,中信建投,26.66,26.71,26.8,26.58,14443400.0
20251230,601068,中铝国际,5.55,5.4,5.58,5.31,43570300.0
20251230,601069,西部黄金,26.5,27.18,27.58,26.38,20983100.0
20251230,601077,渝农商行,6.33,6.31,6.36,6.26,54662200.0
20251230,601083,锦江航运,11.19,11.18,11.27,11.12,5729500.0
20251230,601086,国芳集团,10.3,10.2,10.31,10.16,14016900.0
20251230,601088,中国神华,40.21,40.45,40.49,40.0,23746800.0
20251230,601089,福元医药,23.85,24.32,24.55,23.83,3223200.0
20251230,601096,宏盛华源,4.18,4.17,4.2,4.15,14470700.0
20251230,601098,中南传媒,11.0,11.0,11.04,10.92,11441100.0
20251230,601099,太平洋,4.14,4.13,4.17,4.12,96461400.0
20251230,601100,恒立液压,108.56,112.96,114.15,108.56,17088400.0
20251230,601101,昊华能源,7.3,7.26,7.35,7.25,5972000.0
20251230,601106,中国一重,4.05,4.0,4.13,3.98,154126100.0
20251230,601107,四川成渝,6.2,6.1,6.2,6.07,11191200.0
20251230,601108,财通证券,8.72,8.81,8.9,8.72,56893900.0
20251230,601111,中国国航,9.1,9.07,9.19,8.94,71410100.0
20251230,601113,华鼎股份,4.79,4.68,4.79,4.65,97111700.0
20251230,601116,三江购物,14.04,13.73,14.04,13.66,16648000.0
20251230,601117,中国化学,7.63,7.53,7.65,7.51,54839200.0
20251230,601118,海南橡胶,6.09,5.92,6.23,5.91,92883800.0
20251230,601121,宝地矿业,7.48,7.39,7.49,7.31,13472000.0
20251230,601126,四方股份,30.8,30.46,31.37,30.0,21274700.0
20251230,601127,赛力斯,120.6,121.34,121.85,119.58,14710000.0
20251230,601128,常熟银行,7.06,7.05,7.07,7.03,19833000.0
20251230,601133,柏诚股份,15.8,15.47,15.98,15.43,20130600.0
20251230,601136,首创证券,18.78,18.8,18.9,18.76,8038900.0
20251230,601137,博威合金,21.33,21.86,22.0,21.21,20650600.0
20251230,601138,工业富联,63.8,64.23,65.3,63.01,149296200.0
20251230,601139,深圳燃气,6.64,6.59,6.65,6.58,9078100.0
20251230,601155,新城控股,13.88,13.73,13.96,13.71,13091600.0
20251230,601156,东航物流,18.05,18.27,18.42,18.0,9918000.0
20251230,601158,重庆水务,4.44,4.43,4.45,4.43,5583200.0
20251230,601162,天风证券,4.22,4.21,4.25,4.19,118940800.0
20251230,601163,三角轮胎,14.33,14.29,14.39,14.25,2804700.0
20251230,601166,兴业银行,21.35,21.09,21.42,21.07,67534400.0
20251230,601168,西部矿业,25.9,26.95,27.28,25.82,49368400.0
20251230,601169,北京银行,5.51,5.48,5.51,5.48,121955200.0
20251230,601177,杭齿前进,16.89,17.58,17.62,16.83,16668100.0
20251230,601179,中国西电,9.15,9.11,9.22,9.08,110205000.0
20251230,601186,中国铁建,7.75,7.7,7.76,7.69,36639100.0
20251230,601187,厦门银行,7.56,7.42,7.56,7.35,14075300.0
20251230,601188,龙江交通,3.51,3.49,3.52,3.47,17154500.0
20251230,601198,东兴证券,14.2,14.07,14.2,14.0,35649700.0
20251230,601199,江南水务,5.61,5.56,5.63,5.55,4444000.0
20251230,601200,上海环境,8.05,8.02,8.06,7.99,5029500.0
20251230,601208,东材科技,27.79,27.09,28.06,26.95,86492100.0
20251230,601211,国泰海通,20.67,20.51,20.73,20.48,70998400.0
20251230,601212,白银有色,5.62,5.95,6.11,5.62,391325800.0
20251230,601216,君正集团,4.82,4.87,4.89,4.8,41210800.0
20251230,601218,吉鑫科技,5.12,5.07,5.14,5.06,23923600.0
20251230,601222,林洋能源,5.51,5.51,5.53,5.49,11826800.0
20251230,601225,陕西煤业,21.66,21.56,21.74,21.37,25092800.0
20251230,601226,华电科工,8.08,7.95,8.13,7.95,17027500.0
20251230,601228,广州港,3.27,3.25,3.28,3.24,17610300.0
20251230,601229,上海银行,10.13,10.17,10.2,10.06,53090000.0
20251230,601231,环旭电子,29.12,31.01,31.84,29.05,66902200.0
20251230,601233,桐昆股份,16.86,17.4,17.6,16.71,47310300.0
20251230,601236,红塔证券,8.34,8.22,8.37,8.22,18873700.0
20251230,601238,广汽集团,8.19,8.17,8.21,8.1,28156600.0
20251230,601279,英利汽车,5.4,5.3,5.42,5.2,41575100.0
20251230,601288,农业银行,7.63,7.61,7.65,7.53,225916300.0
20251230,601298,青岛港,8.35,8.28,8.37,8.25,20081100.0
20251230,601311,骆驼股份,9.17,9.23,9.28,9.15,12701700.0
20251230,601318,中国平安,69.75,68.8,70.23,68.39,104667400.0
20251230,601319,中国人保,9.15,9.03,9.15,9.0,44083700.0
20251230,601326,秦港股份,3.53,3.48,3.54,3.47,21512600.0
20251230,601328,交通银行,7.35,7.24,7.36,7.24,108818500.0
20251230,601330,绿色动力,6.73,6.71,6.75,6.67,5163600.0
20251230,601333,广深铁路,3.03,3.02,3.05,3.02,35133600.0
20251230,601336,新华保险,70.9,70.08,71.0,69.92,13870600.0
20251230,601339,百隆东方,5.75,5.79,5.84,5.69,11085000.0
20251230,601360,三六零,10.69,10.85,11.05,10.68,154248500.0
20251230,601366,利群股份,5.13,4.96,5.15,4.94,61610000.0
20251230,601368,绿城水务,4.89,4.86,4.9,4.83,4699400.0
20251230,601369,陕鼓动力,10.26,10.15,10.46,10.05,16067100.0
20251230,601375,中原证券,4.34,4.33,4.37,4.32,23783500.0
20251230,601377,兴业证券,7.43,7.53,7.6,7.37,161409100.0
20251230,601388,怡球资源,2.95,3.0,3.04,2.93,47473600.0
20251230,601390,中国中铁,5.46,5.4,5.46,5.39,95234600.0
20251230,601398,工商银行,7.84,7.85,7.87,7.79,208754600.0
20251230,601399,国机重装,4.83,4.68,4.86,4.67,285455200.0
20251230,601456,国联民生,10.22,10.24,10.28,10.19,18644300.0
20251230,601500,通用股份,4.88,4.99,5.13,4.85,76802000.0
20251230,601512,中新集团,9.07,8.93,9.12,8.93,6488000.0
20251230,601515,衢州东峰,4.16,4.14,4.2,4.12,15896000.0
20251230,601518,吉林高速,2.84,2.81,2.85,2.79,17908700.0
20251230,601519,大智慧,12.92,13.0,13.11,12.91,26132500.0
20251230,601528,瑞丰银行,5.76,5.69,5.84,5.68,18400600.0
20251230,601555,东吴证券,9.12,9.13,9.18,9.08,28527300.0
20251230,601566,九牧王,13.75,13.78,14.18,13.54,33923200.0
20251230,601567,三星电气,23.04,22.92,23.29,22.86,11633400.0
20251230,601568,北元化工,3.78,3.75,3.79,3.74,15227500.0
20251230,601577,长沙银行,9.79,9.74,9.8,9.68,10977000.0
20251230,601579,会稽山,20.7,20.48,20.76,20.45,4957900.0
20251230,601588,北辰实业,1.75,1.72,1.75,1.71,22782000.0
20251230,601595,上海电影,29.43,29.19,29.89,29.02,11285200.0
20251230,601598,中国外运,6.13,6.08,6.13,6.08,9078600.0
20251230,601599,浙文影业,3.91,3.87,4.0,3.86,36762200.0
20251230,601600,中国铝业,11.13,11.99,12.12,11.12,409754400.0
20251230,601601,中国太保,42.33,41.91,42.64,41.36,31139300.0
20251230,601606,长城军工,48.63,50.26,51.25,48.58,56344600.0
20251230,601607,上海医药,17.83,17.82,17.85,17.8,7716500.0
20251230,601608,中信重工,6.53,6.58,6.65,6.44,43264100.0
20251230,601609,金田股份,10.64,10.86,10.94,10.51,31563500.0
20251230,601611,中国核建,13.02,12.96,13.28,12.94,65718300.0
20251230,601615,明阳智能,14.61,14.35,14.67,14.33,40524700.0
20251230,601616,广电电气,3.89,3.87,3.93,3.84,13423400.0
20251230,601618,中国中冶,3.0,2.98,3.01,2.96,186806400.0
20251230,601619,嘉泽新能,4.6,4.55,4.6,4.46,60267200.0
20251230,601628,中国人寿,46.0,45.57,46.0,45.0,16259900.0
20251230,601633,长城汽车,22.6,22.5,22.67,22.44,12464300.0
20251230,601636,旗滨集团,6.02,5.98,6.07,5.93,43323400.0
20251230,601658,邮储银行,5.45,5.46,5.49,5.41,143988600.0
20251230,601665,齐鲁银行,5.59,5.64,5.65,5.55,70778000.0
20251230,601666,平煤股份,7.95,7.92,7.95,7.83,13505400.0
20251230,601668,中国建筑,5.21,5.16,5.22,5.15,194002600.0
20251230,601669,中国电建,5.24,5.21,5.26,5.21,84502800.0
20251230,601677,明泰铝业,14.44,14.86,14.93,14.3,35086600.0
20251230,601678,滨化股份,4.27,4.29,4.35,4.21,35706300.0
20251230,601686,友发集团,6.32,6.29,6.38,6.28,7820800.0
20251230,601688,华泰证券,23.47,23.57,23.84,23.45,51801100.0
20251230,601689,拓普集团,71.5,77.88,78.78,71.12,53516600.0
20251230,601696,中银证券,15.18,15.25,15.48,15.04,110164300.0
20251230,601698,中国卫通,29.0,32.48,33.0,28.58,375265700.0
20251230,601699,潞安环能,11.95,11.85,11.97,11.81,19016100.0
20251230,601700,风范股份,5.99,5.75,6.0,5.72,100111700.0
20251230,601702,华峰铝业,20.2,20.59,20.65,20.0,8280500.0
20251230,601717,中创智领,24.34,24.86,24.99,24.3,14816400.0
20251230,601727,上海电气,8.46,8.46,8.5,8.41,86340400.0
20251230,601728,中国电信,6.26,6.24,6.29,6.22,105108400.0
20251230,601766,中国中车,6.9,6.85,6.91,6.81,63674500.0
20251230,601777,千里科技,10.83,10.7,10.85,10.63,24142700.0
20251230,601778,晶科科技,3.73,3.68,3.74,3.66,112265000.0
20251230,601788,光大证券,17.71,17.66,17.88,17.64,24544900.0
20251230,601789,宁波建工,5.07,5.01,5.07,5.01,16010100.0
20251230,601798,蓝科高新,8.89,8.87,9.0,8.86,4183800.0
20251230,601799,星宇股份,123.82,124.11,124.5,123.55,1335600.0
20251230,601800,中国交建,8.3,8.28,8.32,8.26,13798300.0
20251230,601801,皖新传媒,6.49,6.49,6.52,6.46,8608700.0
20251230,601808,中海油服,14.02,14.03,14.15,13.86,10214500.0
20251230,601811,新华文轩,13.49,13.37,13.51,13.32,1748400.0
20251230,601816,京沪高铁,5.22,5.15,5.23,5.15,88711400.0
20251230,601818,光大银行,3.52,3.49,3.53,3.49,200164900.0
20251230,601825,沪农商行,9.16,9.17,9.22,9.06,13401300.0
20251230,601827,三峰环境,8.33,8.27,8.33,8.25,3578200.0
20251230,601828,美凯龙,2.71,2.71,2.75,2.66,33815200.0
20251230,601838,成都银行,16.13,16.12,16.18,16.07,29852900.0
20251230,601857,中国石油,10.06,10.25,10.4,10.02,172605500.0
20251230,601858,中国科传,17.68,17.8,17.92,17.68,2741900.0
20251230,601860,紫金银行,2.77,2.77,2.78,2.75,24749300.0
20251230,601865,福莱特,15.88,15.89,16.08,15.78,12500000.0
20251230,601866,中远海发,2.52,2.51,2.53,2.48,69801500.0
20251230,601868,中国能建,2.35,2.34,2.37,2.34,219052800.0
20251230,601869,长飞光纤,119.02,119.3,124.0,119.01,12893800.0
20251230,601872,招商轮船,9.04,8.98,9.09,8.93,48872500.0
20251230,601877,正泰电器,28.1,28.14,28.28,27.99,13865900.0
20251230,601878,浙商证券,10.9,10.85,10.93,10.84,28897000.0
20251230,601880,辽港股份,1.61,1.59,1.61,1.58,89183000.0
20251230,601881,中国银河,15.89,15.82,15.96,15.78,32611900.0
20251230,601882,海天精工,19.41,19.54,19.6,19.41,1354900.0
20251230,601886,江河集团,7.97,7.93,7.99,7.85,3027800.0
20251230,601888,中国中免,91.38,90.21,91.38,88.88,46653200.0
20251230,601890,亚星锚链,10.35,10.4,10.55,10.3,39589700.0
20251230,601898,中煤能源,12.58,12.6,12.68,12.5,13177000.0
20251230,601899,紫金矿业,31.55,33.42,33.48,31.53,243802400.0
20251230,601900,南方传媒,13.27,13.31,13.47,13.27,4650100.0
20251230,601901,方正证券,7.82,7.82,7.87,7.8,33941800.0
20251230,601908,京运通,4.06,4.0,4.11,3.99,69085400.0
20251230,601916,浙商银行,3.05,3.03,3.06,3.03,84108600.0
20251230,601918,新集能源,6.69,6.58,6.69,6.56,33544200.0
20251230,601919,中远海控,15.17,15.27,15.45,15.07,54747500.0
20251230,601921,浙版传媒,7.79,7.76,7.82,7.75,7297700.0
20251230,601928,凤凰传媒,10.01,9.96,10.03,9.94,10245900.0
20251230,601929,吉视传媒,3.37,3.38,3.46,3.31,150615700.0
20251230,601933,永辉超市,5.17,4.92,5.22,4.88,794327500.0
20251230,601939,建设银行,9.25,9.22,9.29,9.18,63775000.0
20251230,601949,中国出版,6.48,6.42,6.51,6.41,4641000.0
20251230,601952,苏垦农发,9.17,9.16,9.22,9.1,8520900.0
20251230,601956,东贝集团,7.08,7.16,7.21,7.03,10636300.0
20251230,601958,金钼股份,15.04,15.34,15.47,14.94,23464600.0
20251230,601963,重庆银行,11.02,10.9,11.08,10.76,12162600.0
20251230,601965,中国汽研,16.73,16.79,16.88,16.63,5294100.0
20251230,601966,玲珑轮胎,14.68,14.63,14.7,14.6,11274100.0
20251230,601968,宝钢包装,5.49,5.38,5.49,5.33,16562200.0
20251230,601969,海南矿业,12.12,11.84,12.2,11.63,92823600.0
20251230,601975,招商南油,3.06,3.05,3.07,3.02,77493600.0
20251230,601985,中国核电,8.68,8.67,8.69,8.65,53648400.0
20251230,601988,中国银行,5.66,5.67,5.7,5.61,236688700.0
20251230,601990,南京证券,8.01,8.02,8.06,7.99,13589500.0
20251230,601991,大唐发电,3.58,3.55,3.61,3.53,109627100.0
20251230,601992,金隅集团,1.71,1.68,1.72,1.66,98775200.0
20251230,601995,中金公司,35.2,35.19,35.36,35.07,17408700.0
20251230,601996,丰林集团,2.33,2.29,2.33,2.25,26862000.0
20251230,601997,贵阳银行,5.87,5.87,5.89,5.82,24690700.0
20251230,601998,中信银行,7.56,7.62,7.67,7.5,62105500.0
20251230,601999,出版传媒,6.82,6.83,6.9,6.78,4388100.0
20251230,603000,人民网,18.78,18.88,18.95,18.76,6285500.0
20251230,603001,奥康国际,8.57,8.59,8.67,8.43,4168300.0
20251230,603002,宏昌电子,7.54,7.49,7.62,7.47,17855400.0
20251230,603004,鼎龙科技,23.49,23.32,23.5,23.18,2181100.0
20251230,603005,晶方科技,27.62,27.84,28.02,27.61,11647500.0
20251230,603006,联明股份,13.13,13.21,13.22,12.98,2108400.0
20251230,603007,顺景科技,5.85,5.85,5.85,5.7,36822000.0
20251230,603009,北特科技,43.55,48.4,48.4,43.44,22739900.0
20251230,603010,万盛股份,10.6,10.64,10.77,10.44,6237000.0
20251230,603011,合锻智能,22.97,23.28,23.94,22.87,60406500.0
20251230,603012,创力集团,6.03,5.98,6.04,5.92,9111200.0
20251230,603013,亚普股份,24.59,24.52,24.72,23.93,7200600.0
20251230,603014,威高血净,40.0,39.79,40.14,39.72,1180500.0
20251230,603015,弘讯科技,12.71,12.91,13.05,12.65,10408600.0
20251230,603016,新宏泰,29.59,29.22,30.0,29.0,3820900.0
20251230,603017,中衡设计,12.0,11.3,12.56,11.3,60145500.0
20251230,603018,华设集团,7.62,7.56,7.65,7.56,5437200.0
20251230,603019,中科曙光,85.0,85.39,86.82,84.77,39037800.0
20251230,603020,爱普股份,10.28,10.12,10.29,10.1,2652500.0
20251230,603022,新通联,10.4,10.24,10.45,10.17,5358800.0
20251230,603023,威帝股份,5.24,5.35,5.4,5.04,48432500.0
20251230,603025,大豪科技,17.57,18.14,18.18,17.48,12741900.0
20251230,603026,石大胜华,75.48,76.5,78.78,74.57,10626800.0
20251230,603027,千禾味业,9.74,9.78,9.95,9.71,12946400.0
20251230,603028,赛福天,8.6,8.9,9.08,8.56,39995300.0
20251230,603029,天鹅股份,18.4,18.24,18.63,18.03,2055300.0
20251230,603030,全筑股份,3.01,2.99,3.02,2.96,29433800.0
20251230,603031,安孚科技,46.98,45.74,46.98,45.35,9141300.0
20251230,603032,德新科技,19.61,19.38,19.61,19.21,4450200.0
20251230,603033,三维股份,10.36,10.76,10.85,10.3,6564100.0
20251230,603035,常熟汽饰,15.23,15.59,15.7,15.18,7672300.0
20251230,603036,如通股份,20.15,20.31,20.75,20.0,3083200.0
20251230,603037,凯众股份,13.35,14.56,14.8,13.26,32106900.0
20251230,603038,华立股份,16.51,16.27,16.88,16.2,14211900.0
20251230,603039,泛微网络,51.45,51.83,53.49,50.5,3867100.0
20251230,603040,新坐标,90.35,91.69,92.97,88.68,2407100.0
20251230,603041,美思德,12.1,12.03,12.14,11.96,1711500.0
20251230,603042,华脉科技,17.01,17.22,17.43,16.7,11499800.0
20251230,603043,广州酒家,17.88,17.52,17.9,17.39,4644900.0
20251230,603045,福达合金,19.13,19.46,19.77,19.13,2008800.0
20251230,603048,浙江黎明,20.89,21.18,21.5,20.66,1700000.0
20251230,603049,中策橡胶,55.72,56.59,56.84,55.63,3267700.0
20251230,603050,科林电气,17.63,17.47,17.82,17.35,2887900.0
20251230,603051,鹿山新材,20.3,20.47,20.88,20.06,5083600.0
20251230,603052,可川科技,32.2,31.88,32.8,31.78,6629800.0
20251230,603053,成都燃气,9.68,9.58,9.69,9.55,3278900.0
20251230,603055,台华新材,9.01,9.02,9.09,8.94,4249800.0
20251230,603057,紫燕食品,19.76,19.9,20.26,19.76,2462100.0
20251230,603058,永吉股份,9.53,9.42,9.58,9.32,10829900.0
20251230,603059,倍加洁,29.97,29.97,30.5,29.71,1579000.0
20251230,603060,国检集团,6.1,6.04,6.1,6.03,3477600.0
20251230,603061,金海通,140.1,139.01,143.5,138.8,851300.0
20251230,603062,麦加芯彩,46.29,46.95,47.05,46.0,824200.0
20251230,603063,禾望电气,33.8,33.58,34.39,33.51,17028700.0
20251230,603065,宿迁联盛,8.39,8.35,8.45,8.26,4529900.0
20251230,603066,音飞储存,10.76,10.71,10.85,10.71,1533000.0
20251230,603067,振华股份,29.37,28.99,29.71,28.0,33166100.0
20251230,603068,博通集成,37.4,37.49,38.09,37.2,5969800.0
20251230,603069,海汽集团,27.73,27.16,28.37,26.84,32006500.0
20251230,603070,万控智造,13.05,13.03,13.15,12.96,1835700.0
20251230,603071,物产环能,13.11,13.19,13.23,13.11,1206700.0
20251230,603072,天和磁材,41.5,41.08,41.57,40.95,2106800.0
20251230,603073,彩蝶实业,18.73,18.7,19.05,18.63,1017900.0
20251230,603075,热威股份,21.59,21.85,22.27,21.4,1690500.0
20251230,603076,乐惠国际,23.79,23.41,23.8,23.38,1213400.0
20251230,603077,和邦生物,2.25,2.27,2.3,2.22,131571000.0
20251230,603078,江化微,17.73,17.62,17.84,17.6,6667600.0
20251230,603079,圣达生物,16.79,16.72,16.99,16.56,2770000.0
20251230,603080,新疆火炬,22.79,24.09,25.2,22.41,13515100.0
20251230,603081,大丰实业,13.85,14.07,14.3,13.77,9128500.0
20251230,603082,北自科技,36.44,36.99,37.3,36.31,1541700.0
20251230,603083,剑桥科技,133.33,138.11,144.7,133.01,33459700.0
20251230,603085,天成自控,11.36,11.98,12.54,11.35,49707900.0
20251230,603086,先达股份,8.29,8.29,8.35,8.24,6653700.0
20251230,603087,甘李药业,65.91,66.96,67.65,65.86,7831700.0
20251230,603088,宁波精达,10.4,10.44,10.55,10.39,9277700.0
20251230,603089,正裕工业,12.68,12.77,12.91,12.57,4142900.0
20251230,603090,宏盛股份,58.57,59.48,61.72,57.43,7362100.0
20251230,603091,众鑫股份,80.01,79.09,80.99,79.02,838100.0
20251230,603092,德力佳,63.7,63.61,63.9,62.85,1612300.0
20251230,603093,南华期货,19.6,19.75,20.05,19.53,8467000.0
20251230,603095,越剑智能,17.56,18.18,19.08,16.91,20487300.0
20251230,603096,新经典,17.43,17.3,17.52,17.23,868100.0
20251230,603097,江苏华辰,29.14,28.73,29.29,28.7,3602400.0
20251230,603098,森特股份,14.12,14.04,14.2,13.95,5290600.0
20251230,603099,长白山,45.18,46.02,46.2,44.95,8817600.0
20251230,603100,川仪股份,22.68,22.71,22.98,22.6,3854900.0
20251230,603101,汇嘉时代,9.85,9.53,9.85,9.5,11714400.0
20251230,603102,百合股份,42.16,42.22,42.68,41.92,483100.0
20251230,603103,横店影视,15.7,16.42,16.72,15.67,9702700.0
20251230,603105,芯能科技,9.38,9.2,9.4,9.13,15137400.0
20251230,603106,恒银科技,10.49,10.6,10.9,10.48,21904800.0
20251230,603107,上海汽配,14.92,14.88,14.97,14.86,2247400.0
20251230,603108,润达医疗,14.8,14.82,14.92,14.76,6568500.0
20251230,603109,神驰机电,25.41,25.98,26.2,25.32,4065500.0
20251230,603110,东方材料,16.2,16.0,16.27,15.88,7037100.0
20251230,603111,康尼机电,6.91,6.89,6.92,6.86,5092200.0
20251230,603112,华翔股份,18.0,17.77,18.0,17.61,6230700.0
20251230,603113,金能科技,6.08,6.19,6.26,6.03,11598600.0
20251230,603115,海星股份,18.81,18.72,18.95,18.65,2112200.0
20251230,603116,红蜻蜓,6.41,6.3,6.93,6.07,57913400.0
20251230,603117,万林物流,4.67,4.65,4.72,4.63,6171300.0
20251230,603118,共进股份,11.51,11.66,11.67,11.49,15083400.0
20251230,603119,浙江荣泰,108.4,117.81,117.81,105.58,22682100.0
20251230,603120,肯特催化,38.24,38.32,38.68,38.24,696900.0
20251230,603121,华培动力,21.62,21.47,21.82,21.39,5858000.0
20251230,603122,合富中国,24.29,26.0,26.94,23.0,98516700.0
20251230,603123,翠微股份,16.99,16.38,17.63,16.27,206606300.0
20251230,603124,江南新材,81.09,81.46,82.8,80.5,1715800.0
20251230,603125,常青科技,17.2,17.12,17.32,17.02,3555700.0
20251230,603126,中材节能,6.73,6.68,6.74,6.59,6612700.0
20251230,603127,昭衍新药,34.0,34.8,35.5,33.8,33003900.0
20251230,603128,华贸物流,6.09,6.08,6.13,6.05,18306500.0
20251230,603129,春风动力,279.09,278.88,281.87,277.56,800700.0
20251230,603130,云中马,53.61,51.5,54.35,50.81,5975000.0
20251230,603131,上海沪工,30.93,29.72,31.07,29.56,37726100.0
20251230,603132,金徽股份,14.58,14.55,14.73,14.34,5169300.0
20251230,603135,中重科技,9.14,9.16,9.22,9.09,2735400.0
20251230,603136,天目湖,11.86,11.75,11.94,11.7,6130400.0
20251230,603137,恒尚节能,13.96,13.75,13.96,13.71,1117600.0
20251230,603138,海量数据,14.18,14.1,14.39,14.04,4366700.0
20251230,603139,康惠股份,20.44,20.27,20.7,19.91,1250500.0
20251230,603150,万朗磁塑,38.38,38.43,38.64,38.1,1718200.0
20251230,603151,邦基科技,18.42,18.37,18.54,18.29,1566800.0
20251230,603153,上海建科,17.13,16.93,17.15,16.92,1637900.0
20251230,603155,新亚强,17.48,17.26,17.65,17.22,4295600.0
20251230,603156,养元饮品,26.12,26.14,26.28,25.96,3133300.0
20251230,603158,腾龙股份,10.52,10.8,10.86,10.42,22853900.0
20251230,603159,上海亚虹,25.0,25.71,26.58,24.79,4595000.0
20251230,603160,汇顶科技,77.98,78.55,79.08,77.95,3084200.0
20251230,603161,科华控股,13.65,13.78,13.84,13.65,2093300.0
20251230,603162,海通发展,12.63,12.29,12.63,12.15,21088500.0
20251230,603163,圣晖集成,73.5,70.16,75.7,70.0,6930900.0
20251230,603165,荣晟环保,12.58,12.74,12.75,12.53,2456900.0
20251230,603166,福达股份,15.68,16.06,16.15,15.6,17557500.0
20251230,603167,渤海轮渡,9.41,9.3,9.41,9.26,6570300.0
20251230,603168,莎普爱思,7.44,7.39,7.48,7.33,4363400.0
20251230,603169,兰石重装,10.55,10.62,10.94,10.49,58487000.0
20251230,603170,宝立食品,14.41,14.2,14.5,14.16,2133500.0
20251230,603171,税友股份,51.86,54.1,55.98,51.18,8703900.0
20251230,603172,万丰股份,17.96,17.69,18.16,17.61,1522900.0
20251230,603173,福斯达,43.15,43.2,44.0,42.9,2494500.0
20251230,603175,超颖电子,69.85,68.91,72.38,68.77,4122300.0
20251230,603176,汇通集团,5.3,5.26,5.32,5.25,3310600.0
20251230,603177,德创环保,11.21,11.4,11.45,11.12,3952600.0
20251230,603178,圣龙股份,18.79,19.12,19.26,18.59,6040900.0
20251230,603179,新泉股份,68.71,74.19,74.99,68.71,21594400.0
20251230,603180,金牌家居,20.53,20.31,20.53,20.11,1524900.0
20251230,603181,皇马科技,14.38,14.54,14.55,14.26,7117000.0
20251230,603182,嘉华股份,16.0,15.96,16.18,15.83,1123900.0
20251230,603183,建研院,4.35,4.28,4.35,4.26,9202100.0
20251230,603185,弘元绿能,30.56,31.0,32.3,30.41,20935000.0
20251230,603186,华正新材,49.94,49.98,50.84,49.5,12663700.0
20251230,603187,海容冷链,15.9,15.5,15.9,15.45,3947500.0
20251230,603188,亚邦股份,4.57,4.56,4.63,4.51,9351400.0
20251230,603190,亚通精工,26.86,26.69,27.07,26.54,2561300.0
20251230,603191,望变电气,14.98,14.93,15.09,14.89,5234500.0
20251230,603192,汇得科技,26.24,28.72,28.72,26.19,15070800.0
20251230,603193,润本股份,24.26,24.2,24.69,24.16,1715400.0
20251230,603194,中力股份,37.75,38.14,38.32,37.64,2325300.0
20251230,603195,公牛集团,41.0,40.91,41.05,40.8,2914800.0
20251230,603196,璞源材料,25.48,25.22,25.5,25.17,1889800.0
20251230,603197,保隆科技,35.94,36.58,36.88,35.84,4331400.0
20251230,603198,迎驾贡酒,39.7,40.07,40.55,39.61,4161600.0
20251230,603199,九华旅游,36.4,36.15,36.4,35.83,1552300.0
20251230,603200,上海洗霸,70.01,71.28,72.25,69.36,5312000.0
20251230,603201,常润股份,17.02,16.92,17.02,16.85,674900.0
20251230,603202,天有为,91.2,91.81,91.96,91.18,459800.0
20251230,603203,快克智能,36.34,37.43,38.2,36.34,6925900.0
20251230,603205,健尔康,27.98,29.24,31.05,27.98,8121900.0
20251230,603206,嘉环科技,17.07,16.9,17.25,16.8,3128500.0
20251230,603207,小方制药,28.74,28.72,28.9,28.65,558300.0
20251230,603208,江山欧派,14.68,14.46,14.7,14.4,2154500.0
20251230,603209,兴通股份,15.65,15.22,15.74,15.2,8622600.0
20251230,603210,泰鸿万立,19.65,19.55,19.7,19.46,1421900.0
20251230,603211,晋拓股份,21.48,23.61,23.61,21.4,15692800.0
20251230,603212,赛伍技术,14.45,14.15,14.63,14.06,42539800.0
20251230,603213,镇洋发展,13.26,13.06,13.29,13.0,2443900.0
20251230,603214,爱婴室,17.05,17.0,17.12,16.94,2927200.0
20251230,603215,比依股份,21.28,20.8,21.36,20.65,4861300.0
20251230,603216,梦天家居,42.63,46.4,46.44,41.18,7640500.0
20251230,603217,元利科技,25.35,25.82,25.99,25.25,2762300.0
20251230,603218,日月股份,13.3,13.2,13.39,13.11,8170600.0
20251230,603219,富佳股份,16.24,16.35,16.57,16.1,4417300.0
20251230,603220,中贝通信,21.25,21.27,21.64,21.2,5928300.0
20251230,603221,爱丽家居,12.4,13.12,13.63,12.4,25126800.0
20251230,603222,济民健康,9.32,9.2,9.41,9.2,10876000.0
20251230,603223,恒通股份,9.32,9.36,9.43,9.25,5748400.0
20251230,603225,新凤鸣,18.41,19.9,20.21,18.2,26693500.0
20251230,603226,菲林格尔,32.8,31.57,33.95,31.51,5734500.0
20251230,603227,雪峰科技,8.25,8.28,8.33,8.23,6127500.0
20251230,603228,景旺电子,75.0,76.33,77.13,75.0,21471900.0
20251230,603229,奥翔药业,9.42,9.43,9.49,9.39,3162500.0
20251230,603230,内蒙新华,12.35,12.41,12.45,12.23,4335700.0
20251230,603231,索宝蛋白,18.25,18.09,18.34,18.07,1649400.0
20251230,603232,格尔软件,22.87,22.97,23.58,22.61,25454300.0
20251230,603233,大参林,17.63,17.73,17.76,17.51,3898400.0
20251230,603235,天新药业,26.87,26.92,26.96,26.76,611500.0
20251230,603236,移远通信,92.69,94.11,95.2,92.6,5807300.0
20251230,603237,五芳斋,16.62,16.54,16.77,16.5,1387100.0
20251230,603238,诺邦股份,17.18,17.16,17.38,17.05,1351500.0
20251230,603239,浙江仙通,20.62,21.1,21.45,20.11,7654700.0
20251230,603248,锡华科技,24.47,22.67,24.58,22.66,24740700.0
20251230,603255,鼎际得,28.85,28.87,29.29,28.55,823100.0
20251230,603256,宏和科技,37.2,37.91,38.89,36.6,22280300.0
20251230,603257,中国瑞林,57.7,58.03,59.27,57.5,1764800.0
20251230,603258,电魂网络,18.47,18.52,18.8,18.41,1564400.0
20251230,603259,药明康德,92.1,91.9,92.58,90.52,30734800.0
20251230,603260,合盛硅业,52.85,53.68,54.37,52.61,8482400.0
20251230,603261,立航科技,24.5,23.69,24.5,23.6,659900.0
20251230,603262,技源集团,28.28,28.22,28.32,28.14,664800.0
20251230,603266,天龙股份,22.25,22.72,22.88,22.19,6131200.0
20251230,603267,鸿远电子,52.19,53.28,53.93,52.03,11111600.0
20251230,603268,松发股份,88.2,85.65,88.4,84.6,2055700.0
20251230,603269,海鸥股份,12.97,13.29,13.63,12.8,17980100.0
20251230,603270,金帝股份,25.92,26.67,28.2,25.7,16870600.0
20251230,603271,永杰新材,41.85,41.48,42.3,41.34,1627900.0
20251230,603273,天元智能,20.63,20.21,20.64,20.15,3694200.0
20251230,603275,众辰科技,43.0,45.7,46.61,42.71,7013900.0
20251230,603276,恒兴新材,17.0,16.45,17.0,16.27,3232500.0
20251230,603277,银都股份,17.08,17.04,17.08,16.81,1991200.0
20251230,603278,大业股份,15.49,15.49,15.49,15.07,26239800.0
20251230,603279,景津装备,16.43,16.45,16.8,16.34,7511600.0
20251230,603280,南方路机,37.66,37.64,37.97,37.2,1647100.0
20251230,603281,江瀚新材,28.2,28.0,28.45,27.89,1153700.0
20251230,603282,亚光股份,20.1,19.95,20.43,19.68,1627300.0
20251230,603283,赛腾股份,43.68,43.8,44.82,43.66,6790500.0
20251230,603285,键邦股份,24.46,24.3,24.59,24.19,2016400.0
20251230,603286,日盈电子,62.0,67.15,68.03,61.51,10241800.0
20251230,603288,海天味业,37.22,37.28,37.6,37.15,8190400.0
20251230,603289,泰瑞机器,10.01,10.09,10.2,9.86,3257400.0
20251230,603290,斯达半导,96.0,97.6,98.73,95.77,3868200.0
20251230,603291,联合水务,9.6,9.61,9.65,9.52,2440100.0
20251230,603296,华勤技术,91.46,92.55,93.17,90.86,7499400.0
20251230,603297,永新光学,102.28,104.17,105.44,101.99,2051100.0
20251230,603298,杭叉集团,26.5,26.9,27.15,26.45,5461300.0
20251230,603299,苏盐井神,10.28,10.44,10.45,10.22,6373800.0
20251230,603300,海南华铁,8.12,7.89,8.2,7.88,185534600.0
20251230,603301,振德医疗,71.25,70.75,71.63,70.22,2169200.0
20251230,603303,得邦照明,12.91,12.93,12.97,12.88,754000.0
20251230,603305,旭升集团,16.32,16.74,17.13,16.04,119154900.0
20251230,603306,华懋科技,58.88,61.89,62.5,58.88,12232800.0
20251230,603307,扬州金泉,39.34,38.99,39.43,38.8,587600.0
20251230,603308,应流股份,42.48,43.17,43.6,41.72,16773200.0
20251230,603309,维力医疗,13.56,13.57,13.69,13.52,1837700.0
20251230,603310,巍华新材,16.97,16.85,16.97,16.82,1217600.0
20251230,603311,金海高科,16.42,15.62,16.6,15.56,20814500.0
20251230,603312,西典新能,47.82,46.87,48.19,46.81,2216900.0
20251230,603313,梦百合,9.17,9.04,9.21,9.01,8447000.0
20251230,603315,福鞍股份,15.6,15.82,15.98,15.31,9499300.0
20251230,603316,诚邦股份,14.81,14.7,15.36,14.66,7853300.0
20251230,603317,天味食品,12.58,12.61,12.67,12.5,3748100.0
20251230,603318,水发燃气,6.73,6.61,6.76,6.57,8679600.0
20251230,603319,美湖股份,37.0,38.28,38.79,36.5,21305800.0
20251230,603320,迪贝电气,18.59,18.55,18.76,18.46,1341200.0
20251230,603321,梅轮电梯,8.12,8.02,8.12,7.95,2688100.0
20251230,603322,超讯科技,38.31,38.7,39.1,38.27,6569600.0
20251230,603323,苏农银行,5.05,5.04,5.07,5.02,14519100.0
20251230,603324,盛剑科技,25.36,24.89,25.47,24.85,2913900.0
20251230,603325,博隆技术,77.28,77.62,78.28,77.28,311200.0
20251230,603326,我乐家居,8.93,8.88,9.04,8.8,3040000.0
20251230,603327,福蓉科技,10.65,10.83,10.9,10.62,22597400.0
20251230,603328,依顿电子,11.16,11.15,11.27,11.08,9728200.0
20251230,603329,上海雅仕,11.05,11.0,11.1,10.92,1866000.0
20251230,603330,天洋新材,7.32,7.25,7.35,7.22,5748800.0
20251230,603331,百达精工,12.89,12.95,13.06,12.68,6655700.0
20251230,603332,苏州龙杰,13.79,13.32,13.79,13.24,19345800.0
20251230,603333,福华尚纬,8.26,8.27,8.5,8.23,18853800.0
20251230,603334,丰倍生物,42.2,41.9,42.27,41.85,1477700.0
20251230,603335,迪生力,5.59,5.61,5.66,5.5,7627800.0
20251230,603336,宏辉果蔬,8.5,8.69,8.83,8.4,16456200.0
20251230,603337,杰克科技,39.67,42.27,43.2,39.56,8530600.0
20251230,603338,浙江鼎力,55.54,57.13,57.3,55.28,7585900.0
20251230,603339,四方科技,13.09,12.9,13.1,12.9,2997100.0
20251230,603341,龙旗科技,41.54,42.15,42.6,41.52,6501500.0
20251230,603344,星德胜,32.3,33.96,34.5,31.57,11329200.0
20251230,603345,安井食品,79.99,79.79,80.55,79.51,2925100.0
20251230,603348,文灿股份,19.18,19.36,19.56,19.04,3206900.0
20251230,603350,安乃达,37.79,38.45,38.63,37.52,1111500.0
20251230,603351,威尔药业,25.75,25.67,25.97,25.56,666700.0
20251230,603353,和顺石油,27.25,26.71,27.4,25.74,13279600.0
20251230,603355,莱克电气,30.95,31.79,32.31,30.94,5159300.0
20251230,603356,华菱精工,14.62,14.21,14.62,14.18,2489300.0
20251230,603357,设计总院,8.09,8.09,8.12,8.04,2956200.0
20251230,603358,华达科技,49.53,49.46,50.0,49.18,4094500.0
20251230,603360,百傲化学,31.68,31.99,32.22,31.3,8889800.0
20251230,603363,傲农生物,4.67,4.7,4.74,4.6,37784000.0
20251230,603365,水星家纺,19.99,20.99,21.42,19.95,5372900.0
20251230,603366,日出东方,9.6,9.65,9.68,9.53,20464200.0
20251230,603367,辰欣药业,17.53,17.49,17.6,17.32,8342100.0
20251230,603368,柳药集团,17.75,17.71,17.78,17.66,3259000.0
20251230,603369,今世缘,35.0,34.97,35.15,34.84,3048500.0
20251230,603370,华新精科,46.14,46.55,46.74,46.01,1026400.0
20251230,603373,安邦护卫,37.5,37.69,38.06,37.3,775400.0
20251230,603375,盛景微,36.79,36.48,36.89,36.41,1312800.0
20251230,603376,大明电子,37.7,37.39,37.71,37.38,2056300.0
20251230,603379,三美股份,59.68,60.61,61.16,59.61,3827000.0
20251230,603380,易德龙,38.56,39.4,39.6,38.56,3585800.0
20251230,603381,永臻股份,20.0,20.11,20.2,19.68,3378200.0
20251230,603382,海阳科技,32.96,32.13,32.96,32.05,2017900.0
20251230,603383,顶点软件,36.28,36.36,36.57,36.2,2553700.0
20251230,603385,惠达卫浴,6.86,6.79,6.89,6.73,3467800.0
20251230,603386,骏亚科技,15.55,16.35,16.6,15.5,58077300.0
20251230,603387,基蛋生物,8.23,8.33,8.43,8.15,6591700.0
20251230,603389,亚振家居,45.5,47.54,47.54,45.3,2289900.0
20251230,603390,通达电气,13.02,12.86,13.1,12.79,6431000.0
20251230,603391,力聚热能,67.37,66.11,67.8,66.05,1302300.0
20251230,603392,万泰生物,46.0,45.68,46.17,45.63,2393700.0
20251230,603393,新天然气,26.86,26.96,27.04,26.71,2707900.0
20251230,603395,红四方,29.4,29.56,30.04,29.35,2420300.0
20251230,603396,金辰股份,34.12,33.75,34.55,32.92,6214600.0
20251230,603399,永杉锂业,10.41,10.49,10.68,10.22,16787400.0
20251230,603400,华之杰,52.0,52.55,52.78,52.0,435300.0
20251230,603406,天富龙,40.56,40.4,40.8,40.22,1114100.0
20251230,603408,建霖家居,14.1,14.05,14.33,13.95,7919300.0
20251230,603409,汇通控股,38.0,37.22,38.0,35.99,3152100.0
20251230,603416,信捷电气,53.89,55.91,56.21,53.3,4804600.0
20251230,603418,友升股份,55.8,57.76,58.5,55.15,3649500.0
20251230,603421,鼎信通讯,7.52,7.24,7.54,7.23,23464900.0
20251230,603439,三力制药,11.73,11.63,11.73,11.61,2606600.0
20251230,603444,吉比特,422.47,424.2,430.0,421.8,1189400.0
20251230,603456,九洲药业,18.13,18.06,18.22,18.05,8032200.0
20251230,603458,勘设股份,10.0,10.44,10.44,9.3,41919100.0
20251230,603466,风语筑,9.14,9.21,9.28,9.11,7593100.0
20251230,603477,巨星农牧,17.35,17.38,17.57,17.3,7759800.0
20251230,603486,科沃斯,79.79,81.41,81.88,79.2,6285200.0
20251230,603488,展鹏科技,7.75,7.72,7.84,7.7,2791200.0
20251230,603489,八方股份,30.59,30.89,31.18,30.3,3052100.0
20251230,603496,恒为科技,26.95,27.12,27.27,26.82,5906900.0
20251230,603499,翔港科技,20.97,20.23,21.19,20.0,5883800.0
20251230,603500,祥和实业,11.86,11.95,11.96,11.78,4252700.0
20251230,603501,豪威集团,126.57,126.8,127.95,126.33,9780600.0
20251230,603505,金石资源,18.75,18.99,19.28,18.66,11194100.0
20251230,603506,南都物业,13.15,12.86,13.15,12.86,4678500.0
20251230,603507,振江股份,25.62,25.47,25.75,25.12,7067600.0
20251230,603511,爱慕股份,15.6,15.41,15.6,15.31,1177600.0
20251230,603515,欧普照明,18.08,17.98,18.19,17.91,1233300.0
20251230,603516,淳中科技,220.0,230.2,237.6,220.0,7648200.0
20251230,603518,锦泓集团,9.86,9.75,9.9,9.7,9697000.0
20251230,603519,立霸股份,11.96,12.03,12.06,11.88,1807800.0
20251230,603520,司太立,9.41,9.41,9.52,9.3,7255700.0
20251230,603527,众源新材,11.13,11.13,11.28,10.93,7958900.0
20251230,603528,多伦科技,10.19,10.16,10.38,10.09,29139800.0
20251230,603529,爱玛科技,29.84,29.82,30.04,29.78,3211700.0
20251230,603530,神马电力,41.61,41.12,41.75,40.9,4405500.0
20251230,603533,掌阅科技,20.21,20.11,20.48,19.75,28486900.0
20251230,603535,嘉诚国际,10.93,10.74,10.94,10.66,9153000.0
20251230,603536,惠发食品,11.26,11.01,11.27,11.0,7594300.0
20251230,603538,美诺华,19.37,19.48,19.52,19.26,3243100.0
20251230,603551,奥普科技,11.82,11.74,11.83,11.7,2070100.0
20251230,603556,海兴电力,34.5,35.45,36.5,34.41,5909400.0
20251230,603558,健盛集团,11.27,11.28,11.42,11.21,2938500.0
20251230,603559,中通国脉,7.19,7.15,7.31,6.93,7118100.0
20251230,603565,中谷物流,10.18,10.06,10.2,10.02,19398000.0
20251230,603566,普莱柯,12.54,12.5,12.57,12.47,2697200.0
20251230,603567,珍宝岛,9.09,9.02,9.13,9.0,6546300.0
20251230,603568,伟明环保,24.94,25.15,25.29,24.89,3969700.0
20251230,603569,长久物流,7.59,7.52,7.63,7.5,4728200.0
20251230,603577,汇金通,10.66,10.53,10.71,10.48,14573100.0
20251230,603578,三星新材,12.01,11.92,12.15,11.91,2090700.0
20251230,603579,荣泰健康,23.3,23.44,23.79,23.22,3805500.0
20251230,603580,艾艾精工,15.79,16.32,16.52,15.61,2644000.0
20251230,603583,捷昌驱动,36.2,37.84,37.99,36.2,13163900.0
20251230,603585,苏利股份,19.1,18.9,19.23,18.78,4333500.0
20251230,603586,金麒麟,18.7,18.85,18.98,18.62,2449100.0
20251230,603587,地素时尚,13.32,13.35,13.54,13.2,3954400.0
20251230,603588,高能环境,7.6,7.65,7.71,7.54,28155000.0
20251230,603589,口子窖,30.3,30.26,30.5,30.23,2232100.0
20251230,603590,康辰药业,40.25,40.0,40.58,39.82,2273700.0
20251230,603596,伯特利,50.95,52.68,53.12,50.47,17648400.0
20251230,603598,引力传媒,16.05,16.42,16.43,16.05,15227700.0
20251230,603599,广信股份,11.37,11.57,11.65,11.33,10171100.0
20251230,603600,永艺股份,11.95,11.81,11.98,11.73,4922800.0
20251230,603601,再升科技,12.27,11.94,13.1,11.71,266529500.0
20251230,603602,纵横通信,14.26,14.27,14.49,14.18,4189800.0
20251230,603605,珀莱雅,67.28,67.17,68.68,66.98,4587600.0
20251230,603606,东方电缆,61.39,61.47,62.44,61.39,4082200.0
20251230,603607,京华激光,27.27,27.59,28.18,27.0,11325400.0
20251230,603608,天创时尚,9.15,9.36,9.36,8.5,69759500.0
20251230,603609,禾丰股份,7.1,7.16,7.2,7.04,4906200.0
20251230,603610,麒盛科技,20.05,19.6,20.05,19.44,6528500.0
20251230,603611,诺力股份,24.4,24.6,24.75,24.27,3994100.0
20251230,603612,索通发展,23.67,24.06,24.31,23.53,12045900.0
20251230,603613,国联股份,27.18,27.5,27.84,27.11,8450900.0
20251230,603615,茶花股份,23.12,22.9,23.37,22.9,2958800.0
20251230,603616,韩建河山,5.15,5.12,5.2,5.08,7053200.0
20251230,603617,君禾股份,7.4,7.58,7.69,7.37,11845800.0
20251230,603618,杭电股份,8.24,8.2,8.33,8.14,20814600.0
20251230,603619,中曼石油,23.21,23.5,23.84,22.79,11247300.0
20251230,603626,科森科技,17.21,19.53,19.53,17.17,93198100.0
20251230,603628,清源股份,14.01,13.69,14.08,13.69,9083000.0
20251230,603629,利通电子,26.51,26.96,27.2,26.37,7949100.0
20251230,603630,拉芳家化,19.79,19.33,19.95,19.21,3880900.0
20251230,603633,徕木股份,10.09,10.11,10.23,9.98,8523500.0
20251230,603636,南威软件,11.67,11.63,11.9,11.62,18568400.0
20251230,603637,镇海股份,10.91,10.75,10.91,10.72,2993500.0
20251230,603638,艾迪精密,18.83,19.1,19.17,18.77,3715500.0
20251230,603639,海利尔,12.7,12.62,12.72,12.58,1410000.0
20251230,603648,畅联股份,10.28,10.56,10.69,10.22,4268300.0
20251230,603650,彤程新材,44.17,44.45,44.8,44.01,12761300.0
20251230,603655,朗博科技,38.0,38.9,40.31,37.51,2671600.0
20251230,603656,泰禾智能,22.77,22.8,23.13,22.57,2980200.0
20251230,603657,春光科技,30.9,30.41,30.96,30.31,2319300.0
20251230,603658,安图生物,35.65,35.75,35.83,35.5,1350400.0
20251230,603659,璞泰来,26.88,27.4,27.55,26.78,26159300.0
20251230,603660,苏州科达,10.8,10.48,10.94,10.39,32019600.0
20251230,603661,恒林股份,31.53,31.7,31.84,31.37,648600.0
20251230,603662,柯力传感,66.92,70.33,70.99,66.05,16399800.0
20251230,603663,三祥新材,35.36,35.29,35.89,34.88,6933500.0
20251230,603665,康隆达,31.75,31.41,32.5,31.4,2584500.0
20251230,603666,亿嘉和,30.0,30.31,30.46,29.56,5965200.0
20251230,603667,五洲新春,58.2,63.62,63.62,57.89,41141700.0
20251230,603668,天马科技,16.93,16.61,16.96,16.41,21977400.0
20251230,603669,灵康药业,4.61,4.6,4.63,4.54,4592800.0
20251230,603676,卫信康,10.69,10.57,10.7,10.52,1290900.0
20251230,603677,奇精机械,17.86,18.1,18.25,17.86,2007700.0
20251230,603678,火炬电子,36.15,35.26,36.15,35.22,20928000.0
20251230,603679,华体科技,15.51,15.86,16.3,15.42,19751400.0
20251230,603680,今创集团,15.96,15.87,16.48,15.6,19558100.0
20251230,603681,永冠新材,19.0,19.21,19.55,19.0,5186100.0
20251230,603682,锦和商管,6.56,6.52,6.67,6.49,11490100.0
20251230,603683,晶华新材,26.07,26.05,26.57,25.65,7500300.0
20251230,603685,晨丰科技,18.57,18.74,18.92,18.48,1961400.0
20251230,603686,福龙马,28.51,31.58,31.58,27.65,141935500.0
20251230,603687,大胜达,9.52,9.68,9.74,9.47,11604300.0
20251230,603688,石英股份,36.96,36.87,37.3,36.77,5428600.0
20251230,603689,皖天然气,8.16,8.13,8.18,8.13,1881200.0
20251230,603690,至纯科技,29.79,29.77,30.15,29.62,16149800.0
20251230,603693,江苏新能,11.9,11.8,11.9,11.74,2383800.0
20251230,603696,安记食品,22.22,21.21,22.3,21.21,37132000.0
20251230,603697,有友食品,12.15,12.2,12.26,12.01,5588200.0
20251230,603698,航天工程,36.42,36.8,38.83,35.53,60290700.0
20251230,603699,纽威股份,51.35,52.46,52.85,51.32,3761800.0
20251230,603700,宁水集团,13.16,13.25,13.55,13.06,2810400.0
20251230,603701,德宏股份,20.31,20.25,20.6,20.16,3030700.0
20251230,603703,盛洋科技,14.09,13.59,14.13,13.58,30303000.0
20251230,603706,东方环宇,19.32,19.33,19.5,19.17,1090400.0
20251230,603707,健友股份,9.07,9.09,9.11,9.03,6119000.0
20251230,603708,家家悦,12.15,11.82,12.22,11.76,17155000.0
20251230,603709,中源家居,16.85,16.38,16.85,16.32,5900600.0
20251230,603711,香飘飘,13.77,13.47,13.79,13.46,5431000.0
20251230,603712,七一二,20.15,19.73,20.27,19.68,15819700.0
20251230,603713,密尔克卫,55.85,55.69,56.06,55.43,762900.0
20251230,603716,塞力医疗,21.58,20.95,21.58,20.9,12323200.0
20251230,603717,天域生物,7.82,7.77,7.91,7.69,5871800.0
20251230,603719,良品铺子,11.75,11.7,11.75,11.61,3581600.0
20251230,603721,中广天择,19.01,19.1,19.18,18.99,703000.0
20251230,603722,阿科力,39.81,41.38,41.38,38.83,4472200.0
20251230,603725,天安新材,9.3,9.23,9.34,9.18,2264800.0
20251230,603726,朗迪集团,22.31,22.55,22.64,22.07,3054600.0
20251230,603727,博迈科,14.03,13.88,14.05,13.84,3145700.0
20251230,603728,鸣志电器,66.88,72.98,73.89,66.88,21506700.0
20251230,603730,岱美股份,8.15,8.71,8.98,8.08,54699500.0
20251230,603733,仙鹤股份,23.9,24.02,24.15,23.76,3427000.0
20251230,603737,三棵树,46.23,46.8,47.1,45.95,2716900.0
20251230,603738,泰晶科技,15.8,15.69,15.97,15.67,10951700.0
20251230,603739,蔚蓝生物,14.02,14.04,14.17,13.92,2475800.0
20251230,603755,日辰股份,36.91,36.83,37.58,36.55,1994900.0
20251230,603757,大元泵业,45.5,47.36,47.99,44.75,16610000.0
20251230,603758,秦安股份,17.94,18.08,18.34,17.85,5248600.0
20251230,603759,海天股份,10.4,10.39,10.47,10.27,5748800.0
20251230,603766,隆鑫通用,15.5,15.85,16.04,15.47,19038500.0
20251230,603767,中马传动,23.65,24.98,25.27,23.59,21851700.0
20251230,603768,常青股份,11.65,11.55,11.71,11.46,1300200.0
20251230,603773,沃格光电,31.11,33.73,34.94,31.11,19637400.0
20251230,603776,永安行,17.73,17.6,17.77,17.48,3758300.0
20251230,603777,来伊份,14.01,13.51,14.05,13.5,17540200.0
20251230,603778,国晟科技,17.2,16.32,18.29,15.1,123286600.0
20251230,603779,威龙股份,6.51,6.42,6.51,6.4,3711200.0
20251230,603786,科博达,76.3,80.55,81.3,75.02,8036600.0
20251230,603787,新日股份,12.9,12.99,13.24,12.78,3031500.0
20251230,603788,宁波高发,16.29,16.33,16.37,16.09,1772600.0
20251230,603790,雅运股份,19.73,19.58,20.05,19.57,1926000.0
20251230,603797,联泰环保,4.82,4.68,4.82,4.66,7298200.0
20251230,603798,康普顿,14.88,16.27,16.27,14.7,10782900.0
20251230,603799,华友钴业,63.88,68.03,68.64,63.86,82041900.0
20251230,603800,洪田股份,48.01,48.49,49.3,48.01,5334400.0
20251230,603801,志邦家居,9.16,9.15,9.19,9.12,1946300.0
20251230,603803,瑞斯康达,11.51,11.6,11.77,11.23,26631400.0
20251230,603806,福斯特,14.01,14.03,14.15,13.85,24005100.0
20251230,603808,歌力思,8.35,8.68,8.97,8.29,10424000.0
20251230,603809,豪能股份,14.0,14.66,14.71,13.89,101836800.0
20251230,603810,丰山集团,15.89,15.9,16.11,15.72,1279200.0
20251230,603811,诚意药业,10.61,10.53,10.61,10.51,3974400.0
20251230,603813,原尚股份,38.3,38.3,38.9,38.25,309200.0
20251230,603815,交建股份,7.59,7.62,7.73,7.53,19386300.0
20251230,603816,顾家家居,30.73,30.85,31.05,30.7,3969900.0
20251230,603817,海峡环保,7.4,7.31,7.47,7.21,19734800.0
20251230,603818,曲美家居,3.6,3.56,3.65,3.55,12231000.0
20251230,603819,神力股份,11.98,12.01,12.07,11.89,5458400.0
20251230,603823,百合花,15.4,15.12,15.45,15.05,7798700.0
20251230,603826,坤彩科技,17.5,17.13,17.5,17.13,3446300.0
20251230,603829,洛凯股份,22.71,22.29,23.1,22.17,8847900.0
20251230,603833,欧派家居,53.38,53.09,53.56,52.63,2257300.0
20251230,603836,海程邦达,13.59,13.49,13.62,13.29,3912300.0
20251230,603839,安正时尚,7.95,8.1,8.17,7.95,7419300.0
20251230,603848,好太太,18.34,18.27,18.42,18.15,1843400.0
20251230,603855,华荣股份,19.38,19.43,19.49,19.27,1544600.0
20251230,603856,东宏股份,12.62,12.44,12.69,12.4,2268100.0
20251230,603858,步长制药,16.01,15.7,16.03,15.65,9916500.0
20251230,603859,能科科技,40.2,40.21,41.3,40.0,7213700.0
20251230,603860,中公高科,30.12,30.13,30.42,30.01,762100.0
20251230,603861,白云电器,12.17,12.45,12.72,12.03,19852400.0
20251230,603863,松炀资源,20.36,20.78,21.85,20.36,11165000.0
20251230,603866,桃李面包,5.27,5.26,5.28,5.24,11433300.0
20251230,603867,新化股份,25.2,25.09,25.46,24.87,4191200.0
20251230,603868,飞科电器,41.3,40.4,41.51,39.4,5122200.0
20251230,603871,嘉友国际,13.88,13.8,13.99,13.74,4918500.0
20251230,603876,鼎胜新材,15.65,14.87,15.65,14.72,64294400.0
20251230,603877,太平鸟,14.48,14.51,14.59,14.3,2356500.0
20251230,603878,武进不锈,10.12,9.26,10.16,9.23,33966100.0
20251230,603879,永悦科技,7.03,6.87,7.6,6.5,82589500.0
20251230,603880,南卫股份,6.25,6.18,6.32,6.16,4162400.0
20251230,603881,数据港,30.1,30.1,30.37,29.93,18521200.0
20251230,603882,金域医学,27.9,28.0,28.14,27.79,2447800.0
20251230,603883,老百姓,15.07,14.97,15.11,14.96,7910200.0
20251230,603885,吉祥航空,14.16,13.88,14.25,13.8,20149500.0
20251230,603886,元祖股份,13.36,13.48,13.82,13.11,10261000.0
20251230,603887,城地香江,13.8,13.58,13.85,13.55,7720900.0
20251230,603888,新华网,19.08,19.19,19.36,19.06,4667000.0
20251230,603889,新澳股份,7.73,7.74,7.86,7.67,5787000.0
20251230,603890,春秋电子,16.26,16.57,16.86,16.16,27866600.0
20251230,603893,瑞芯微,175.4,178.75,179.77,175.01,7259600.0
20251230,603895,天永智能,29.03,29.62,29.88,28.88,2349500.0
20251230,603896,寿仙谷,19.57,19.39,19.64,19.3,1253700.0
20251230,603897,长城科技,27.15,27.29,27.55,26.88,4060100.0
20251230,603898,好莱客,13.01,13.89,14.04,13.01,13422400.0
20251230,603899,晨光股份,27.61,27.35,27.61,27.22,3981100.0
20251230,603900,莱绅通灵,8.66,8.55,8.68,8.51,7936500.0
20251230,603901,永创智能,14.33,14.18,14.34,13.82,10042800.0
20251230,603903,中持股份,13.95,14.09,14.34,13.92,7057000.0
20251230,603906,龙蟠科技,19.9,20.2,20.6,19.87,33511400.0
20251230,603908,牧高笛,23.51,23.19,23.72,23.16,992200.0
20251230,603909,建发合诚,11.5,11.45,11.61,11.37,4175800.0
20251230,603912,佳力图,8.49,8.65,8.78,8.48,11923700.0
20251230,603915,国茂股份,18.33,18.52,18.6,18.1,18006800.0
20251230,603916,苏博特,9.59,9.5,9.68,9.49,4262200.0
20251230,603917,合力科技,14.75,14.6,14.85,14.53,7132300.0
20251230,603918,金桥信息,15.79,15.67,16.42,15.66,15081400.0
20251230,603919,金徽酒,20.55,20.71,20.85,20.31,3612700.0
20251230,603920,世运电路,46.66,48.56,50.0,46.66,46789400.0
20251230,603926,铁流股份,16.25,16.7,16.85,16.02,7929800.0
20251230,603927,中科软,18.95,18.91,19.18,18.88,9197400.0
20251230,603928,兴业股份,16.42,16.03,16.42,16.03,5909500.0
20251230,603929,亚翔集成,95.0,93.0,98.68,93.0,10279100.0
20251230,603931,格林达,31.78,31.26,31.95,31.08,5732800.0
20251230,603933,睿能科技,25.09,26.87,27.6,24.78,28130200.0
20251230,603936,博敏电子,12.88,12.44,12.88,12.35,86727900.0
20251230,603937,丽岛新材,11.91,11.89,12.1,11.82,3504700.0
20251230,603938,三孚股份,19.61,19.53,20.03,19.03,12606200.0
20251230,603939,益丰药房,22.09,21.66,22.11,21.6,10043400.0
20251230,603948,建业股份,26.35,26.55,26.85,26.15,2037700.0
20251230,603949,雪龙集团,19.03,18.67,19.09,18.52,5759400.0
20251230,603950,长源东谷,29.14,29.02,29.35,28.81,2953200.0
20251230,603955,大千生态,29.54,29.09,29.54,29.05,985200.0
20251230,603956,威派格,6.35,6.31,6.41,6.28,7971400.0
20251230,603958,哈森股份,12.7,13.1,13.82,12.59,8488200.0
20251230,603960,克来机电,19.81,20.13,20.36,19.77,7997800.0
20251230,603966,法兰泰克,11.9,11.9,12.18,11.83,13428900.0
20251230,603967,中创物流,12.67,12.48,12.67,12.34,2633900.0
20251230,603968,醋化股份,11.17,11.13,11.28,11.0,1600200.0
20251230,603969,银龙股份,10.04,10.04,10.2,9.94,14831700.0
20251230,603970,中农立华,12.98,12.98,13.13,12.9,1651800.0
20251230,603976,正川股份,19.54,19.3,19.56,19.23,850300.0
20251230,603977,国泰集团,14.35,14.22,14.63,14.12,38974100.0
20251230,603978,深圳新星,28.59,28.88,29.38,27.51,22457800.0
20251230,603979,金诚信,74.3,77.15,78.5,74.3,7895500.0
20251230,603980,吉华集团,5.1,5.07,5.12,5.02,7906600.0
20251230,603982,泉峰汽车,8.49,8.44,8.53,8.34,4518100.0
20251230,603983,丸美生物,32.85,33.18,33.99,32.85,4469400.0
20251230,603985,恒润股份,15.14,15.09,15.38,15.08,6107800.0
20251230,603986,兆易创新,226.0,220.22,229.54,219.1,27161000.0
20251230,603987,康德莱,8.68,8.62,8.68,8.6,2595800.0
20251230,603988,中电电机,24.65,24.5,24.93,24.3,3518700.0
20251230,603989,艾华集团,16.66,16.49,16.73,16.48,3514100.0
20251230,603990,麦迪科技,15.18,15.76,15.88,14.83,32072900.0
20251230,603991,领先股份,72.33,72.91,74.43,72.02,1745800.0
20251230,603992,松霖科技,41.32,40.33,42.46,40.0,5933900.0
20251230,603993,洛阳钼业,18.27,19.52,19.55,18.21,232214500.0
20251230,603995,甬金股份,18.02,17.89,18.07,17.72,4895300.0
20251230,603997,继峰股份,14.01,13.94,14.16,13.89,6936600.0
20251230,603998,方盛制药,11.11,11.29,11.3,11.08,4797800.0
20251230,603999,读者传媒,6.86,6.9,6.99,6.8,10638200.0
20251230,605001,威奥股份,7.71,7.74,7.89,7.68,15436700.0
20251230,605003,众望布艺,30.17,32.32,32.32,30.1,8430800.0
20251230,605005,合兴股份,19.56,19.45,19.6,19.15,4843100.0
20251230,605006,山东玻纤,7.47,7.38,7.47,7.32,5888200.0
20251230,605007,五洲特纸,12.77,13.73,14.54,12.77,35069200.0
20251230,605008,长鸿高科,14.66,14.4,14.66,14.36,2299000.0
20251230,605009,豪悦护理,31.19,30.89,31.32,30.88,1418200.0
20251230,605011,杭州热电,20.1,20.08,20.14,19.97,1146000.0
20251230,605016,百龙创园,21.84,21.95,22.19,21.69,3191000.0
20251230,605018,长华集团,11.16,11.52,11.59,11.16,3453700.0
20251230,605020,永和股份,26.71,27.1,27.3,26.66,4517300.0
20251230,605028,世茂能源,27.75,30.51,30.51,27.31,5375000.0
20251230,605033,美邦股份,19.95,19.98,20.2,19.75,1989400.0
20251230,605050,福然德,13.01,13.23,13.39,13.0,7330200.0
20251230,605055,迎丰股份,9.8,10.07,10.2,9.59,17267400.0
20251230,605056,咸亨国际,16.58,16.56,16.98,16.4,4383700.0
20251230,605058,澳弘电子,30.86,30.48,31.09,30.35,2021100.0
20251230,605060,联德股份,37.58,36.8,37.95,36.7,2376800.0
20251230,605066,天正电气,7.33,7.31,7.4,7.3,6971100.0
20251230,605068,明新旭腾,28.0,26.67,28.17,26.53,4396800.0
20251230,605069,正和生态,14.65,14.85,14.85,13.81,31093900.0
20251230,605077,华康股份,15.0,14.82,15.12,14.8,2491600.0
20251230,605080,浙江自然,22.85,22.79,22.97,22.68,782200.0
20251230,605086,龙高股份,42.87,46.46,46.46,42.5,8084600.0
20251230,605088,冠盛股份,34.9,34.74,35.2,34.62,3814900.0
20251230,605089,味知香,25.44,25.03,25.49,25.0,1385500.0
20251230,605090,九丰能源,44.3,42.62,45.28,42.4,53641800.0
20251230,605098,行动教育,41.32,41.64,42.0,41.29,902400.0
20251230,605099,共创草坪,34.88,35.13,35.45,34.8,1243600.0
20251230,605100,华丰股份,43.0,42.05,43.53,41.9,4160300.0
20251230,605108,同庆楼,19.3,19.03,19.3,18.95,6711800.0
20251230,605111,新洁能,36.66,36.74,37.77,36.16,19737000.0
20251230,605116,奥锐特,24.5,25.35,25.91,24.5,6678600.0
20251230,605117,德业股份,87.0,86.4,89.0,86.4,7088900.0
20251230,605118,力鼎光电,29.74,30.08,30.26,29.54,1889300.0
20251230,605122,四方新材,13.3,13.3,13.5,13.3,4841800.0
20251230,605123,派克新材,107.03,102.0,108.9,101.12,12839300.0
20251230,605128,上海沿浦,37.2,37.13,37.9,36.41,3724300.0
20251230,605133,嵘泰股份,32.98,34.92,35.47,32.63,16867000.0
20251230,605136,丽人丽妆,11.15,10.78,11.17,10.77,17400800.0
20251230,605138,盛泰集团,7.09,6.97,7.09,6.95,1981000.0
20251230,605151,西上海,18.96,18.96,19.05,18.75,805800.0
20251230,605155,西大门,17.07,17.31,17.85,17.05,10026300.0
20251230,605158,华达新材,7.98,8.0,8.07,7.91,2179200.0
20251230,605162,新中港,8.55,8.56,8.65,8.5,3269000.0
20251230,605166,聚合顺,10.44,10.53,10.6,10.33,4006000.0
20251230,605167,利柏特,14.3,15.1,15.38,14.13,39890900.0
20251230,605168,三人行,37.71,37.85,38.45,37.0,14478200.0
20251230,605169,洪通燃气,13.17,13.28,13.56,13.13,3360500.0
20251230,605177,东亚药业,18.08,17.87,18.19,17.77,1403500.0
20251230,605178,时空科技,53.71,52.98,54.65,52.62,5360800.0
20251230,605179,一鸣食品,21.08,21.1,21.1,20.68,4255700.0
20251230,605180,华生科技,14.38,14.35,14.57,14.26,1264500.0
20251230,605183,确成股份,19.9,19.92,20.05,19.8,1323400.0
20251230,605186,健麾信息,19.68,19.66,19.81,19.4,1501100.0
20251230,605188,国光连锁,20.0,19.55,20.1,19.45,10877100.0
20251230,605189,富春染织,15.48,16.07,16.36,15.15,7751500.0
20251230,605196,华通线缆,32.77,35.19,35.59,32.6,19654300.0
20251230,605198,安德利,37.48,38.07,38.87,37.48,1843200.0
20251230,605208,永茂泰,13.51,13.78,13.84,13.36,7291400.0
20251230,605218,伟时电子,18.23,18.2,18.41,18.08,1324100.0
20251230,605222,起帆电缆,17.81,18.29,18.69,17.8,10288400.0
20251230,605228,神通科技,14.75,14.8,14.85,14.55,3377500.0
20251230,605255,天普股份,208.0,218.02,218.02,208.0,999800.0
20251230,605258,协和电子,31.42,31.1,31.6,31.06,1364900.0
20251230,605259,绿田机械,22.19,22.2,22.29,22.05,1257800.0
20251230,605266,健之佳,19.26,19.24,19.39,19.12,1224500.0
20251230,605268,王力安防,10.87,10.79,10.96,10.66,4148900.0
20251230,605277,新亚电子,22.4,22.47,22.83,22.29,4340900.0
20251230,605286,同力天启,39.98,41.12,41.31,39.21,3089100.0
20251230,605287,德才股份,26.8,25.94,27.2,25.8,5636300.0
20251230,605288,凯迪股份,86.9,91.2,91.86,85.89,1194200.0
20251230,605289,罗曼股份,67.33,67.04,67.97,66.4,1749500.0
20251230,605296,神农集团,28.85,29.45,30.0,28.75,5733400.0
20251230,605298,必得科技,39.61,39.8,40.08,39.41,1031600.0
20251230,605299,舒华体育,11.45,11.39,11.6,11.36,12374100.0
20251230,605300,佳禾食品,11.81,11.71,11.86,11.67,4262100.0
20251230,605303,园林股份,17.85,17.71,18.37,17.5,6339100.0
20251230,605305,中际联合,41.75,42.42,43.27,41.72,4212600.0
20251230,605318,法狮龙,70.97,66.9,71.04,66.53,3131600.0
20251230,605319,无锡振华,21.28,21.27,21.49,21.06,2967200.0
20251230,605333,沪光股份,30.45,30.28,30.63,30.11,3604800.0
20251230,605337,李子园,12.03,11.86,12.03,11.8,4626400.0
20251230,605338,巴比食品,29.02,28.47,29.25,28.32,2594000.0
20251230,605339,南侨食品,19.88,19.71,19.99,19.53,3904400.0
20251230,605358,立昂微,35.6,34.98,36.18,34.89,24719000.0
20251230,605365,立达信,27.26,25.84,28.09,25.81,14278700.0
20251230,605366,宏柏新材,6.39,6.28,6.4,6.27,11565700.0
20251230,605368,蓝天燃气,7.77,7.71,7.79,7.7,4633300.0
20251230,605369,拱东医疗,18.71,18.59,18.72,18.51,860700.0
20251230,605376,博迁新材,66.68,66.98,67.99,66.0,4975400.0
20251230,605377,华旺科技,8.79,8.72,8.82,8.66,11083900.0
20251230,605378,野马电池,22.75,22.91,23.08,22.58,4175600.0
20251230,605388,均瑶健康,7.57,7.41,7.63,7.4,11356700.0
20251230,605389,长龄液压,67.64,74.16,75.88,67.64,1906100.0
20251230,605398,新炬网络,28.17,28.08,28.59,28.05,2175300.0
20251230,605399,晨光新材,13.73,13.66,13.91,13.6,4835100.0
20251230,605488,福莱新材,33.38,34.75,35.28,33.2,16519200.0
20251230,605499,东鹏饮料,267.1,268.02,269.52,265.2,1005100.0
20251230,605500,森林包装,9.4,9.4,9.77,9.21,12946600.0
20251230,605507,国邦医药,23.8,24.66,24.77,23.8,6820800.0
20251230,605555,德昌股份,17.72,18.67,18.85,17.67,15958700.0
20251230,605566,福莱蒽特,30.9,31.15,31.55,30.73,2464700.0
20251230,605567,春雪食品,10.99,10.91,11.08,10.79,2962000.0
20251230,605577,龙版传媒,12.71,12.66,12.88,12.55,4156600.0
20251230,605580,恒盛能源,22.69,23.16,23.52,22.69,14454300.0
20251230,605588,冠石科技,51.0,50.31,51.01,50.28,787300.0
20251230,605589,圣泉集团,28.62,28.62,28.78,28.34,14480000.0
20251230,605598,上海港湾,68.49,67.93,72.85,67.9,15384300.0
20251230,605599,菜百股份,15.8,15.96,16.11,15.79,2311500.0
