日期,股票代码,股票名称,开盘价,收盘价,最高价,最低价,成交量(股)
20251208,000001,平安银行,11.49,11.52,11.6,11.48,85589900.0
20251208,000002,万  科Ａ,4.9,4.91,4.98,4.9,195411800.0
20251208,000006,深振业Ａ,9.98,10.21,10.32,9.94,26539300.0
20251208,000007,全新好,9.5,9.89,9.95,9.31,18701700.0
20251208,000008,神州高铁,3.06,3.05,3.08,3.03,46776500.0
20251208,000009,中国宝安,10.25,10.39,10.46,10.15,30768700.0
20251208,000011,深物业A,9.44,9.38,9.47,9.36,4563700.0
20251208,000012,南  玻Ａ,4.75,4.72,4.77,4.71,12183800.0
20251208,000014,沙河股份,14.71,14.56,14.71,14.42,7745600.0
20251208,000017,深中华A,7.96,8.25,8.4,7.88,36703000.0
20251208,000019,深粮控股,7.13,7.19,7.2,7.11,11080200.0
20251208,000020,深华发Ａ,15.64,17.19,17.19,15.64,12208400.0
20251208,000021,深科技,24.03,24.59,24.79,24.03,63889600.0
20251208,000025,特  力Ａ,18.68,18.73,18.94,18.6,11265000.0
20251208,000026,飞亚达,15.08,15.25,15.29,15.07,3089200.0
20251208,000027,深圳能源,6.67,6.63,6.68,6.62,15290700.0
20251208,000028,国药一致,25.19,25.04,25.27,25.01,2831200.0
20251208,000029,深深房Ａ,23.32,23.29,23.45,22.9,3886300.0
20251208,000030,富奥股份,5.74,5.66,5.77,5.65,11571100.0
20251208,000031,大悦城,3.08,3.07,3.13,3.06,15606600.0
20251208,000032,深桑达Ａ,19.56,19.41,19.76,19.38,12329100.0
20251208,000034,神州数码,39.12,39.53,40.13,39.12,15679800.0
20251208,000035,中国天楹,6.16,6.19,6.4,6.08,118603500.0
20251208,000036,华联控股,4.69,4.72,4.79,4.61,51698600.0
20251208,000037,深南电A,8.75,8.74,8.82,8.71,6488200.0
20251208,000039,中集集团,9.15,9.5,9.8,9.15,126016100.0
20251208,000042,中洲控股,8.19,8.2,8.27,8.19,4616000.0
20251208,000045,深纺织Ａ,12.35,12.34,12.42,12.27,5414200.0
20251208,000048,京基智农,12.74,13.35,13.49,12.72,27316400.0
20251208,000049,德赛电池,28.83,29.35,29.66,28.2,21863400.0
20251208,000050,深天马Ａ,9.25,9.23,9.44,9.21,33668100.0
20251208,000055,方大集团,4.25,4.32,4.34,4.23,11419000.0
20251208,000058,深 赛 格,9.31,9.41,9.42,9.3,8654400.0
20251208,000059,华锦股份,5.2,5.13,5.21,5.13,15086900.0
20251208,000060,中金岭南,5.55,5.58,5.59,5.43,136864400.0
20251208,000061,农 产 品,9.4,9.33,9.49,9.32,17831300.0
20251208,000062,深圳华强,24.91,25.08,25.24,24.91,7670100.0
20251208,000063,中兴通讯,41.51,42.23,42.68,41.5,152076400.0
20251208,000065,北方国际,12.69,12.59,12.75,12.47,28706400.0
20251208,000066,中国长城,14.67,14.83,14.95,14.67,39213400.0
20251208,000068,华控赛格,3.77,3.7,3.77,3.68,17673600.0
20251208,000069,华侨城Ａ,2.56,2.55,2.58,2.53,58596000.0
20251208,000070,特发信息,15.41,14.61,15.82,14.58,305286700.0
20251208,000088,盐 田 港,4.47,4.45,4.48,4.44,20815900.0
20251208,000089,深圳机场,6.98,6.94,7.0,6.92,10320300.0
20251208,000090,天健集团,3.95,3.93,3.98,3.92,31593800.0
20251208,000096,广聚能源,10.79,10.87,10.9,10.75,4347900.0
20251208,000099,中信海直,20.41,20.33,20.6,20.25,9978600.0
20251208,000100,TCL科技,4.53,4.48,4.59,4.47,514337000.0
20251208,000151,中成股份,12.62,12.51,12.67,12.49,4471400.0
20251208,000153,丰原药业,6.8,6.77,6.83,6.73,8695800.0
20251208,000155,川能动力,11.63,11.84,11.93,11.57,34338900.0
20251208,000156,华数传媒,7.58,7.61,7.64,7.55,10028200.0
20251208,000157,中联重科,8.65,8.58,8.66,8.49,70451100.0
20251208,000158,常山北明,21.07,21.22,21.35,21.05,35950300.0
20251208,000159,国际实业,5.93,5.87,5.94,5.84,12980700.0
20251208,000166,申万宏源,5.25,5.27,5.35,5.23,166414000.0
20251208,000301,东方盛虹,9.6,9.48,9.63,9.42,12816700.0
20251208,000333,美的集团,83.0,81.81,83.1,81.04,27336500.0
20251208,000338,潍柴动力,17.72,17.44,17.72,17.22,75338200.0
20251208,000400,许继电气,25.91,25.75,26.07,25.64,16549400.0
20251208,000401,金隅冀东,4.56,4.52,4.57,4.52,10290100.0
20251208,000402,金 融 街,2.84,2.85,2.87,2.83,22711400.0
20251208,000403,派林生物,14.69,14.42,14.73,14.34,12826100.0
20251208,000404,长虹华意,6.99,6.94,7.0,6.93,8722100.0
20251208,000407,胜利股份,5.03,5.06,5.14,4.96,86130600.0
20251208,000408,藏格矿业,68.59,69.87,70.0,66.95,20052800.0
20251208,000409,云鼎科技,11.5,11.53,11.64,11.5,10030000.0
20251208,000410,沈阳机床,7.7,7.57,7.7,7.57,30566400.0
20251208,000411,英特集团,12.64,12.61,13.39,12.56,20718100.0
20251208,000415,渤海租赁,3.88,3.84,3.92,3.82,97053700.0
20251208,000417,合百集团,7.69,7.96,8.17,7.65,89690600.0
20251208,000419,通程控股,6.46,6.35,6.48,6.33,7510700.0
20251208,000420,吉林化纤,3.84,3.84,3.87,3.83,24156300.0
20251208,000421,南京公用,7.21,7.16,7.27,7.05,13396100.0
20251208,000422,湖北宜化,14.43,14.23,14.51,14.11,31272400.0
20251208,000423,东阿阿胶,48.1,47.87,48.42,47.84,5061100.0
20251208,000425,徐工机械,11.08,10.99,11.12,10.9,66164800.0
20251208,000426,兴业银锡,35.23,34.99,35.4,34.56,50928200.0
20251208,000428,华天酒店,3.41,3.39,3.43,3.35,19952700.0
20251208,000429,粤高速Ａ,12.58,12.54,12.58,12.44,8937300.0
20251208,000430,张家界,7.9,7.89,7.95,7.83,6226800.0
20251208,000498,山东路桥,6.07,6.02,6.08,6.02,9849800.0
20251208,000501,武商集团,9.71,9.75,9.82,9.7,10695500.0
20251208,000503,国新健康,9.78,9.76,9.93,9.76,9017300.0
20251208,000504,南华生物,9.2,9.09,9.2,9.07,898900.0
20251208,000505,京粮控股,7.75,7.88,7.98,7.71,34840800.0
20251208,000506,招金黄金,12.0,11.91,12.0,11.57,19580900.0
20251208,000507,珠海港,5.34,5.36,5.38,5.33,8132000.0
20251208,000509,华塑控股,3.87,3.9,4.13,3.87,36414800.0
20251208,000510,新金路,10.46,9.71,10.5,9.55,153127100.0
20251208,000513,丽珠集团,35.79,35.75,35.95,35.67,4976800.0
20251208,000514,渝 开 发,5.45,5.41,5.48,5.39,28117300.0
20251208,000516,国际医学,4.72,4.68,4.74,4.67,16855400.0
20251208,000517,荣安地产,2.0,2.04,2.07,2.0,49302500.0
20251208,000518,四环生物,2.54,2.51,2.56,2.5,10177900.0
20251208,000519,中兵红箭,18.21,18.2,18.47,18.16,29934600.0
20251208,000520,凤凰航运,5.1,5.13,5.19,5.03,34578600.0
20251208,000521,长虹美菱,6.7,6.67,6.72,6.66,7745000.0
20251208,000523,红棉股份,3.65,3.61,3.69,3.56,59771400.0
20251208,000524,岭南控股,11.8,11.83,11.88,11.76,6239600.0
20251208,000525,红太阳,5.83,5.83,5.89,5.8,10121800.0
20251208,000526,学大教育,36.6,37.55,37.83,36.52,2765000.0
20251208,000528,柳    工,12.85,12.72,12.85,12.47,35811900.0
20251208,000529,广弘控股,6.32,6.28,6.32,6.25,8282700.0
20251208,000530,冰山冷热,7.5,7.57,7.68,7.43,133215500.0
20251208,000531,穗恒运Ａ,6.61,6.49,6.65,6.48,9049300.0
20251208,000532,华金资本,14.5,14.45,14.62,14.36,4085700.0
20251208,000533,顺钠股份,8.22,8.09,8.33,8.06,38658900.0
20251208,000534,万泽股份,21.43,21.66,21.67,20.88,18390200.0
20251208,000536,华映科技,6.01,6.18,6.6,5.97,497426700.0
20251208,000537,绿发电力,8.45,8.39,8.5,8.39,11421800.0
20251208,000538,云南白药,55.93,56.1,56.17,55.9,5492400.0
20251208,000539,粤电力Ａ,4.64,4.6,4.65,4.59,17819900.0
20251208,000541,佛山照明,6.18,6.18,6.2,6.16,6349700.0
20251208,000543,皖能电力,8.29,8.16,8.32,8.1,34520400.0
20251208,000544,中原环保,8.63,8.55,8.66,8.54,5920400.0
20251208,000545,金浦钛业,3.14,3.14,3.15,3.06,50228800.0
20251208,000546,金圆股份,6.0,6.12,6.18,5.95,38017300.0
20251208,000547,航天发展,21.91,22.0,22.63,21.25,601247800.0
20251208,000548,湖南投资,5.9,5.83,5.95,5.82,8857900.0
20251208,000550,江铃汽车,18.78,18.49,18.79,18.48,4089700.0
20251208,000551,创元科技,11.15,11.17,11.29,11.14,7005300.0
20251208,000552,甘肃能化,2.48,2.45,2.48,2.44,48063100.0
20251208,000553,安道麦A,6.17,6.08,6.21,6.06,4309600.0
20251208,000554,泰山石油,6.78,6.75,6.8,6.71,10092300.0
20251208,000555,神州信息,17.07,17.52,17.76,17.04,58719700.0
20251208,000557,西部创业,5.0,4.94,5.03,4.93,11438700.0
20251208,000558,天府文旅,5.5,5.53,5.59,5.46,58210900.0
20251208,000559,万向钱潮,12.47,12.51,12.65,12.26,111879700.0
20251208,000560,我爱我家,3.08,3.08,3.1,3.04,142664100.0
20251208,000561,烽火电子,11.71,11.63,11.99,11.62,52968500.0
20251208,000563,陕国投Ａ,3.52,3.52,3.56,3.51,59437300.0
20251208,000564,供销大集,2.47,2.56,2.59,2.46,390760600.0
20251208,000565,渝三峡Ａ,7.77,7.61,7.77,7.57,14869500.0
20251208,000566,海南海药,8.38,8.47,8.68,8.23,221227700.0
20251208,000567,海德股份,6.57,6.67,6.77,6.57,37120800.0
20251208,000568,泸州老窖,127.6,125.38,128.29,125.0,11742600.0
20251208,000570,苏常柴Ａ,6.13,6.03,6.13,6.02,9313000.0
20251208,000571,新大洲A,6.38,7.01,7.01,6.3,105011300.0
20251208,000572,海马汽车,9.22,9.69,9.84,9.06,279967800.0
20251208,000573,粤宏远Ａ,4.25,4.26,4.29,4.24,11472900.0
20251208,000576,甘化科工,10.6,10.5,10.86,10.48,9416900.0
20251208,000581,威孚高科,20.46,20.39,20.6,20.36,8655600.0
20251208,000582,北部湾港,8.99,8.96,9.03,8.92,11079500.0
20251208,000586,汇源通信,13.43,13.63,13.83,13.42,7998900.0
20251208,000589,贵州轮胎,5.2,5.18,5.29,5.17,29912200.0
20251208,000590,古汉医药,11.58,11.5,11.7,11.45,2843500.0
20251208,000591,太阳能,4.52,4.5,4.54,4.49,35506100.0
20251208,000592,平潭发展,12.21,12.7,12.88,11.87,519120200.0
20251208,000593,德龙汇能,12.8,12.4,12.91,12.28,37138000.0
20251208,000595,新能股份,5.48,5.6,5.65,5.47,8921900.0
20251208,000596,古井贡酒,155.98,153.88,156.77,153.5,1804700.0
20251208,000597,东北制药,5.66,5.57,5.72,5.56,14543300.0
20251208,000598,兴蓉环境,7.24,7.17,7.27,7.16,21680200.0
20251208,000599,青岛双星,6.45,6.42,6.49,6.39,21447200.0
20251208,000600,建投能源,8.14,8.07,8.16,8.01,22481300.0
20251208,000601,韶能股份,5.12,5.1,5.15,5.08,9445300.0
20251208,000603,盛达资源,27.84,27.69,28.05,26.9,21256800.0
20251208,000605,渤海股份,7.15,7.1,7.18,7.06,5219900.0
20251208,000607,华媒控股,4.34,4.31,4.37,4.3,11789000.0
20251208,000608,阳光股份,2.64,2.58,2.67,2.52,16871700.0
20251208,000612,焦作万方,10.34,10.19,10.36,10.05,67166200.0
20251208,000617,中油资本,9.18,9.27,9.42,9.16,116199600.0
20251208,000619,海螺新材,6.55,6.56,6.61,6.51,8446900.0
20251208,000620,盈新发展,2.96,3.12,3.28,2.96,379680000.0
20251208,000623,吉林敖东,19.9,19.72,20.08,19.72,20142500.0
20251208,000625,长安汽车,11.8,11.81,11.83,11.77,30963300.0
20251208,000626,远大控股,8.1,8.12,8.17,8.05,7253200.0
20251208,000628,高新发展,43.03,43.35,43.6,42.95,3873200.0
20251208,000629,钒钛股份,3.12,3.1,3.13,3.07,89378300.0
20251208,000630,铜陵有色,5.86,5.76,5.86,5.61,409992400.0
20251208,000631,顺发恒能,3.42,3.47,3.51,3.4,29195100.0
20251208,000633,合金投资,8.76,9.05,9.08,8.58,65444800.0
20251208,000636,风华高科,16.03,16.29,16.47,16.03,28169300.0
20251208,000637,茂化实华,4.64,4.6,4.69,4.57,10180000.0
20251208,000650,仁和药业,6.06,5.99,6.08,5.99,13646800.0
20251208,000651,格力电器,40.88,40.68,41.05,40.62,32810500.0
20251208,000652,泰达股份,4.52,4.59,4.67,4.52,37390000.0
20251208,000655,金岭矿业,9.42,9.28,9.48,9.24,6699900.0
20251208,000656,金科股份,1.5,1.5,1.53,1.48,110473600.0
20251208,000657,中钨高新,23.37,24.11,24.22,23.19,109220600.0
20251208,000659,珠海中富,3.22,3.23,3.28,3.17,63923100.0
20251208,000661,长春高新,100.07,99.2,100.45,99.02,5467100.0
20251208,000663,永安林业,8.86,9.18,9.35,8.81,40526700.0
20251208,000665,湖北广电,5.7,5.71,5.75,5.68,25218400.0
20251208,000668,荣丰控股,11.31,11.28,11.55,11.16,1854800.0
20251208,000670,盈方微,7.61,7.7,7.75,7.61,15809000.0
20251208,000672,上峰材料,10.85,11.02,11.15,10.78,17040400.0
20251208,000676,智度股份,8.54,8.57,8.63,8.52,26905000.0
20251208,000678,襄阳轴承,14.9,14.98,15.25,14.29,72832700.0
20251208,000679,大连友谊,8.35,8.09,8.46,8.08,9947100.0
20251208,000680,山推股份,10.86,10.75,10.92,10.62,20607700.0
20251208,000681,视觉中国,22.58,22.81,23.07,22.58,42936100.0
20251208,000682,东方电子,11.73,11.79,11.91,11.58,23783000.0
20251208,000683,博源化工,7.34,7.13,7.35,6.99,72313200.0
20251208,000685,中山公用,12.35,12.49,12.66,12.29,42211800.0
20251208,000686,东北证券,9.36,9.61,10.09,9.32,154397300.0
20251208,000688,国城矿业,21.5,22.89,23.33,21.3,35598100.0
20251208,000690,宝新能源,4.35,4.34,4.38,4.34,27377600.0
20251208,000691,亚太实业,10.65,10.06,10.69,9.95,15516100.0
20251208,000692,惠天热电,4.02,4.08,4.09,3.94,96509900.0
20251208,000695,滨海能源,14.3,14.16,14.4,13.96,20818400.0
20251208,000697,炼石航空,8.97,9.23,9.32,8.91,9437200.0
20251208,000700,模塑科技,9.88,10.47,10.68,9.77,74290800.0
20251208,000701,厦门信达,8.1,8.65,8.65,7.85,181256200.0
20251208,000702,正虹科技,6.93,6.96,6.98,6.88,4582200.0
20251208,000703,恒逸石化,8.56,8.35,8.76,8.2,56317900.0
20251208,000705,浙江震元,10.06,9.91,10.13,9.88,8641200.0
20251208,000707,双环科技,6.4,6.32,6.4,6.32,6542600.0
20251208,000708,中信特钢,15.9,15.54,16.08,15.27,21640700.0
20251208,000709,河钢股份,2.34,2.33,2.35,2.31,80709500.0
20251208,000710,贝瑞基因,11.67,11.58,11.7,11.55,6174000.0
20251208,000711,京蓝科技,1.74,1.74,1.75,1.73,26092400.0
20251208,000712,锦龙股份,13.0,12.84,13.18,12.83,22067000.0
20251208,000713,国投丰乐,6.88,6.92,6.94,6.86,7788400.0
20251208,000715,中兴商业,6.3,6.35,6.41,6.24,15616000.0
20251208,000716,黑芝麻,6.21,6.18,6.23,6.16,13594900.0
20251208,000717,中南股份,2.61,2.61,2.64,2.59,24243400.0
20251208,000718,苏宁环球,2.48,2.46,2.51,2.45,39963600.0
20251208,000719,中原传媒,12.1,11.95,12.1,11.95,5519400.0
20251208,000720,新能泰山,3.47,3.46,3.51,3.45,13057200.0
20251208,000721,西安饮食,9.43,9.35,9.48,9.28,30173200.0
20251208,000722,湖南发展,12.28,12.02,12.31,12.01,14244900.0
20251208,000723,美锦能源,5.0,4.92,5.01,4.9,85995300.0
20251208,000725,京东方Ａ,4.26,4.21,4.35,4.2,1189101600.0
20251208,000726,鲁  泰Ａ,7.16,7.05,7.18,7.04,8981300.0
20251208,000727,冠捷科技,2.87,2.84,2.88,2.82,130606000.0
20251208,000728,国元证券,8.4,8.39,8.51,8.37,58793400.0
20251208,000729,燕京啤酒,12.51,12.44,12.57,12.31,15658400.0
20251208,000731,四川美丰,6.67,6.61,6.67,6.58,6867000.0
20251208,000733,振华科技,48.4,48.27,48.77,48.16,13439700.0
20251208,000735,罗 牛 山,9.23,9.47,9.75,9.1,131770000.0
20251208,000736,中交发展,5.69,5.65,5.74,5.64,7179500.0
20251208,000737,北方铜业,15.04,15.6,15.79,14.82,120331800.0
20251208,000738,航发控制,19.15,19.08,19.45,19.01,20826900.0
20251208,000739,普洛药业,16.14,16.16,16.24,16.08,4922700.0
20251208,000750,国海证券,4.31,4.29,4.36,4.29,90161700.0
20251208,000751,锌业股份,4.12,4.09,4.13,4.02,66530100.0
20251208,000753,漳州发展,8.83,9.1,9.2,8.81,113075000.0
20251208,000755,山西高速,5.35,5.32,5.38,5.31,8442200.0
20251208,000756,新华制药,16.82,16.7,16.93,16.64,17791200.0
20251208,000757,浩物股份,5.16,5.12,5.18,5.09,10384400.0
20251208,000758,中色股份,6.25,6.27,6.28,6.22,30867400.0
20251208,000759,中百集团,7.1,7.35,7.44,7.1,46411300.0
20251208,000761,本钢板材,3.37,3.33,3.39,3.33,9295500.0
20251208,000762,西藏矿业,25.56,26.13,26.38,25.5,24463200.0
20251208,000766,通化金马,29.16,28.92,29.19,28.02,20362500.0
20251208,000767,晋控电力,2.91,2.87,2.91,2.87,24257200.0
20251208,000768,中航西飞,24.0,24.1,24.34,24.0,21359700.0
20251208,000776,广发证券,21.69,21.71,22.18,21.6,88781800.0
20251208,000777,中核科技,21.23,21.14,21.33,21.09,15293200.0
20251208,000778,新兴铸管,4.12,4.1,4.13,4.06,45498000.0
20251208,000779,甘咨询,8.77,8.75,8.79,8.72,2528600.0
20251208,000782,恒申新材,5.3,5.33,5.37,5.24,10214000.0
20251208,000783,长江证券,8.28,8.28,8.45,8.25,134647200.0
20251208,000785,居然智家,3.15,3.17,3.22,3.09,170386800.0
20251208,000786,北新建材,25.09,25.1,25.32,24.87,11825800.0
20251208,000788,北大医药,7.26,7.14,7.47,7.1,72402200.0
20251208,000789,万年青,5.6,5.55,5.62,5.54,5420900.0
20251208,000790,华神科技,4.31,4.29,4.34,4.25,17465400.0
20251208,000791,甘肃能源,6.68,6.59,6.7,6.56,19053800.0
20251208,000792,盐湖股份,25.41,26.1,26.23,25.38,79488400.0
20251208,000795,英洛华,10.2,10.14,10.22,10.06,19638800.0
20251208,000796,凯撒旅业,6.75,7.09,7.24,6.66,120176500.0
20251208,000797,中国武夷,3.88,4.1,4.22,3.88,233865700.0
20251208,000798,中水渔业,11.23,11.65,11.68,11.22,38701400.0
20251208,000799,酒鬼酒,54.82,55.0,55.19,54.6,6002700.0
20251208,000800,一汽解放,7.18,7.09,7.24,7.08,20703600.0
20251208,000801,四川九洲,16.17,16.23,16.48,16.12,23418500.0
20251208,000802,北京文化,4.58,4.79,4.98,4.58,58846200.0
20251208,000803,山高环能,6.68,6.67,6.75,6.64,9149200.0
20251208,000807,云铝股份,28.21,28.31,28.37,27.56,58795700.0
20251208,000809,和展能源,3.43,3.4,3.43,3.36,17910700.0
20251208,000810,创维数字,11.97,11.95,12.16,11.94,12625500.0
20251208,000811,冰轮环境,16.02,16.2,16.2,16.02,92469500.0
20251208,000812,陕西金叶,5.29,5.18,5.34,5.15,73260800.0
20251208,000813,德展健康,4.01,3.99,4.05,3.98,23419300.0
20251208,000815,美利云,11.52,11.6,11.66,11.51,7788700.0
20251208,000816,智慧农业,3.91,3.92,3.98,3.85,118672100.0
20251208,000818,航锦科技,20.09,20.09,20.22,20.01,9336400.0
20251208,000819,岳阳兴长,16.96,16.77,17.0,16.65,5015000.0
20251208,000820,神雾节能,3.34,3.35,3.45,3.29,15545900.0
20251208,000822,山东海化,5.57,5.5,5.61,5.48,11731300.0
20251208,000823,超声电子,14.63,14.51,14.75,14.19,47990400.0
20251208,000825,太钢不锈,4.39,4.56,4.71,4.37,141104000.0
20251208,000828,东莞控股,11.16,11.12,11.31,11.12,6715500.0
20251208,000829,天音控股,10.94,10.9,11.12,10.86,42276200.0
20251208,000830,鲁西化工,15.39,15.14,15.58,14.86,29560700.0
20251208,000831,中国稀土,46.87,47.14,47.42,46.54,22632500.0
20251208,000833,粤桂股份,19.7,20.72,21.13,19.52,61948800.0
20251208,000837,秦川机床,12.48,12.51,12.58,12.48,15303700.0
20251208,000839,国安股份,2.74,2.71,2.76,2.7,34574600.0
20251208,000848,承德露露,8.53,8.52,8.55,8.49,5771800.0
20251208,000850,华茂股份,4.68,4.7,4.72,4.65,10765800.0
20251208,000852,石化机械,7.23,7.24,7.27,7.16,19813500.0
20251208,000856,冀东装备,10.75,10.79,10.83,10.7,3034500.0
20251208,000858,五 粮 液,114.85,113.27,115.13,113.1,27697900.0
20251208,000859,国风新材,9.49,9.3,9.68,9.13,226210800.0
20251208,000860,顺鑫农业,15.15,15.09,15.16,15.07,3504500.0
20251208,000862,银星能源,5.72,5.74,5.76,5.68,10962300.0
20251208,000863,三湘印象,4.34,4.57,4.59,4.3,60859000.0
20251208,000868,安凯客车,5.12,5.06,5.12,5.05,13059600.0
20251208,000869,张  裕Ａ,21.06,20.82,21.06,20.8,1237200.0
20251208,000875,电投绿能,5.58,5.65,5.83,5.58,59027400.0
20251208,000876,新 希 望,9.34,9.23,9.35,9.21,27257400.0
20251208,000877,天山股份,5.73,5.67,5.75,5.66,17455100.0
20251208,000878,云南铜业,18.5,18.61,18.77,18.1,98709300.0
20251208,000880,潍柴重机,27.4,27.82,28.11,27.03,20393100.0
20251208,000881,中广核技,9.06,8.88,9.07,8.86,41639000.0
20251208,000882,华联股份,2.04,2.06,2.08,2.02,116106100.0
20251208,000883,湖北能源,4.65,4.62,4.66,4.61,18527700.0
20251208,000885,城发环境,13.88,13.79,13.91,13.78,4269800.0
20251208,000886,海南高速,7.34,7.77,8.08,7.32,82697000.0
20251208,000887,中鼎股份,21.88,21.92,22.17,21.57,34391000.0
20251208,000888,峨眉山Ａ,12.87,12.98,13.08,12.82,25450900.0
20251208,000889,中嘉博创,3.74,3.75,3.78,3.71,13376000.0
20251208,000890,法尔胜,4.43,4.56,4.87,4.41,40111200.0
20251208,000892,欢瑞世纪,7.45,7.81,7.94,7.45,110102600.0
20251208,000893,亚钾国际,48.75,47.8,48.9,46.91,12429400.0
20251208,000895,双汇发展,26.81,26.62,26.9,26.53,8774300.0
20251208,000897,津滨发展,2.48,2.5,2.53,2.48,32525600.0
20251208,000898,鞍钢股份,2.55,2.54,2.57,2.52,34433000.0
20251208,000899,赣能股份,10.15,9.96,10.18,9.95,10595000.0
20251208,000900,现代投资,4.32,4.28,4.33,4.27,16587900.0
20251208,000901,航天科技,22.92,23.35,23.35,22.76,40805100.0
20251208,000902,新洋丰,15.66,15.4,15.72,15.34,14742400.0
20251208,000905,厦门港务,12.0,13.2,13.2,11.9,108534900.0
20251208,000906,浙商中拓,6.0,5.97,6.05,5.97,5296200.0
20251208,000908,石药景峰,7.74,7.91,8.1,7.69,20886600.0
20251208,000910,大亚圣象,7.48,7.51,7.55,7.46,3229800.0
20251208,000912,泸天化,4.41,4.37,4.44,4.36,10555200.0
20251208,000913,钱江摩托,15.93,15.78,15.93,15.69,3136100.0
20251208,000915,华特达因,33.7,32.98,33.77,32.92,3468000.0
20251208,000917,电广传媒,8.87,8.86,9.14,8.83,62949600.0
20251208,000919,金陵药业,7.43,7.36,7.47,7.33,7448200.0
20251208,000920,沃顿科技,12.12,12.05,12.18,12.02,4293400.0
20251208,000921,海信家电,26.53,26.34,26.59,26.03,8090000.0
20251208,000922,佳电股份,12.68,12.75,12.92,12.68,12071000.0
20251208,000923,河钢资源,19.59,19.4,19.63,18.98,14216900.0
20251208,000925,众合科技,8.57,8.7,8.83,8.54,39658100.0
20251208,000926,福星股份,2.45,2.46,2.47,2.43,29317200.0
20251208,000927,中国铁物,2.69,2.67,2.7,2.67,35493000.0
20251208,000928,中钢国际,6.7,6.58,6.75,6.56,33815200.0
20251208,000929,兰州黄河,8.5,8.47,8.55,8.45,2478800.0
20251208,000930,中粮科技,5.86,5.86,5.91,5.84,10332000.0
20251208,000931,中 关 村,5.24,5.19,5.27,5.19,7036100.0
20251208,000932,华菱钢铁,5.63,5.51,5.64,5.48,74470400.0
20251208,000933,神火股份,27.25,27.23,27.37,26.42,41084900.0
20251208,000935,四川双马,23.89,24.17,24.79,23.8,19575600.0
20251208,000936,华西股份,7.31,7.3,7.37,7.29,12826200.0
20251208,000937,冀中能源,5.84,5.8,5.85,5.79,16052300.0
20251208,000938,紫光股份,25.06,25.43,25.58,25.03,48666200.0
20251208,000948,南天信息,17.47,17.47,17.56,17.44,2650200.0
20251208,000949,新乡化纤,4.74,4.7,4.75,4.6,33811400.0
20251208,000950,重药控股,5.47,5.42,5.5,5.4,20142900.0
20251208,000951,中国重汽,17.41,17.09,17.46,17.01,12749000.0
20251208,000952,广济药业,8.63,8.38,8.85,8.35,53116600.0
20251208,000953,中哲精化,7.43,7.33,7.46,7.3,7671700.0
20251208,000955,欣龙控股,6.82,7.1,7.15,6.76,48998000.0
20251208,000957,中通客车,11.04,11.1,11.13,11.01,10685500.0
20251208,000958,电投产融,6.75,6.67,6.75,6.63,45255900.0
20251208,000959,首钢股份,4.51,4.53,4.57,4.44,33948500.0
20251208,000960,锡业股份,27.03,26.73,27.21,26.23,51521900.0
20251208,000962,东方钽业,29.0,28.11,29.65,28.03,29036600.0
20251208,000963,华东医药,42.58,42.52,43.07,42.09,6896400.0
20251208,000965,天保基建,4.24,4.2,4.27,4.18,50926200.0
20251208,000966,长源电力,4.36,4.3,4.37,4.3,13402300.0
20251208,000967,盈峰环境,6.9,6.85,6.96,6.79,20066700.0
20251208,000968,蓝焰控股,6.91,6.86,6.94,6.85,11224100.0
20251208,000969,安泰科技,18.74,18.9,19.18,18.65,73096200.0
20251208,000970,中科三环,13.38,13.5,13.67,13.1,55718200.0
20251208,000972,中基健康,4.02,3.86,4.02,3.84,11685100.0
20251208,000973,佛塑科技,12.85,12.62,13.01,12.38,65880000.0
20251208,000975,山金国际,22.15,21.88,22.15,21.5,37907800.0
20251208,000977,浪潮信息,61.48,62.69,64.3,61.38,54264600.0
20251208,000978,桂林旅游,6.76,6.77,6.81,6.71,6037800.0
20251208,000980,众泰汽车,3.69,3.81,3.9,3.61,204432600.0
20251208,000981,山子高科,3.28,3.28,3.29,3.23,339635600.0
20251208,000983,山西焦煤,6.68,6.65,6.69,6.64,33382300.0
20251208,000985,大庆华科,20.1,19.93,20.16,19.82,2497100.0
20251208,000987,越秀资本,7.49,7.51,7.61,7.44,62985100.0
20251208,000988,华工科技,75.1,79.58,81.8,75.1,80887400.0
20251208,000989,九芝堂,9.29,9.26,9.29,9.23,6336100.0
20251208,000990,诚志股份,7.68,7.63,7.71,7.62,8610900.0
20251208,000993,闽东电力,14.03,14.24,14.47,13.88,66385200.0
20251208,000995,皇台酒业,12.14,12.16,12.21,12.12,2787600.0
20251208,000997,新 大 陆,25.54,25.97,26.15,25.53,13605100.0
20251208,000998,隆平高科,9.55,9.55,9.57,9.52,12914200.0
20251208,000999,华润三九,28.3,28.15,28.39,28.1,7958300.0
20251208,001201,东瑞股份,15.0,14.95,15.05,14.86,2101300.0
20251208,001202,炬申股份,15.65,15.68,15.8,15.52,1863500.0
20251208,001203,大中矿业,25.69,27.92,27.92,25.26,39454900.0
20251208,001205,盛航股份,18.11,18.47,18.63,17.88,10022100.0
20251208,001206,依依股份,30.25,30.45,30.47,29.92,2588200.0
20251208,001207,联科科技,22.41,22.75,22.9,22.39,2461900.0
20251208,001208,华菱线缆,12.69,12.85,12.9,12.5,26824300.0
20251208,001209,洪兴股份,20.74,21.08,21.1,20.6,3200500.0
20251208,001210,金房能源,16.9,17.08,17.25,16.61,1962200.0
20251208,001211,双枪科技,27.56,28.56,28.68,27.56,15081800.0
20251208,001212,中旗新材,44.58,45.92,46.33,44.55,6562400.0
20251208,001213,中铁特货,4.13,4.11,4.14,4.1,8610000.0
20251208,001215,千味央厨,37.65,37.11,38.0,36.82,2887700.0
20251208,001216,华瓷股份,16.78,16.85,16.87,16.69,9581200.0
20251208,001217,华尔泰,13.96,13.56,14.06,13.45,8258200.0
20251208,001218,丽臣实业,23.07,22.89,23.29,22.8,1594800.0
20251208,001219,青岛食品,14.93,14.67,14.99,14.62,4442100.0
20251208,001221,悍高集团,59.06,58.6,59.19,58.05,1142200.0
20251208,001222,源飞宠物,26.73,27.34,27.54,26.41,5523300.0
20251208,001223,欧克科技,51.81,52.2,52.83,51.81,526500.0
20251208,001225,和泰机电,58.39,61.2,62.5,57.53,2364000.0
20251208,001226,拓山重工,40.5,40.92,41.2,39.8,1776300.0
20251208,001227,兰州银行,2.37,2.37,2.38,2.36,49123900.0
20251208,001228,永泰运,26.65,26.64,26.92,26.5,1388600.0
20251208,001229,魅视科技,40.62,40.82,41.45,40.38,2260100.0
20251208,001230,劲旅环境,22.11,22.4,22.66,22.1,1027000.0
20251208,001231,农心科技,23.19,23.85,25.5,23.04,10404400.0
20251208,001233,海安集团,64.8,65.02,65.8,64.68,4791400.0
20251208,001234,泰慕士,30.0,30.55,31.22,29.71,6102600.0
20251208,001236,弘业期货,10.63,10.9,11.36,10.58,36982100.0
20251208,001238,浙江正特,50.37,50.57,50.99,50.09,259900.0
20251208,001239,永达股份,16.58,16.5,16.79,16.36,3269400.0
20251208,001255,博菲电气,31.69,31.92,31.99,31.54,1101600.0
20251208,001256,炜冈科技,21.81,22.4,22.55,21.81,1604100.0
20251208,001258,立新能源,7.46,7.4,7.47,7.38,8903200.0
20251208,001259,利仁科技,30.86,31.51,31.86,30.86,1269000.0
20251208,001260,坤泰股份,21.0,20.91,21.06,20.33,2756100.0
20251208,001266,宏英智能,30.05,30.11,30.26,29.74,2527200.0
20251208,001267,汇绿生态,19.02,20.3,20.3,19.02,44122900.0
20251208,001268,联合精密,35.2,36.06,36.12,35.03,2540800.0
20251208,001269,欧晶科技,24.14,24.42,24.64,24.02,2097500.0
20251208,001270,铖昌科技,51.57,51.57,51.57,51.57,554300.0
20251208,001277,速达股份,38.99,38.84,39.15,38.83,832500.0
20251208,001278,一彬科技,20.3,20.12,20.7,19.89,2594800.0
20251208,001279,强邦新材,36.25,36.09,36.3,36.05,623500.0
20251208,001280,中国铀业,64.59,68.75,69.6,63.0,60374100.0
20251208,001282,三联锻造,20.95,21.15,21.2,20.88,3075200.0
20251208,001283,豪鹏科技,71.41,71.82,72.22,70.88,2233400.0
20251208,001285,瑞立科密,50.06,50.04,50.27,49.88,1210400.0
20251208,001286,陕西能源,10.11,9.9,10.11,9.87,16771600.0
20251208,001287,中电港,22.62,22.89,23.07,22.58,18173400.0
20251208,001288,运机集团,30.69,31.17,31.46,29.91,2534400.0
20251208,001289,龙源电力,15.75,15.66,15.77,15.6,4256400.0
20251208,001296,长江材料,26.33,26.97,27.45,25.91,12623700.0
20251208,001298,好上好,31.1,31.5,31.8,30.98,12129300.0
20251208,001299,美能能源,11.39,11.55,11.61,11.38,4382000.0
20251208,001300,三柏硕,15.47,16.08,16.47,15.38,7360700.0
20251208,001301,尚太科技,85.88,86.03,86.5,83.73,5739800.0
20251208,001306,夏厦精密,82.25,84.43,84.76,81.82,1305100.0
20251208,001308,康冠科技,21.92,21.82,22.03,21.82,2060000.0
20251208,001309,德明利,206.25,222.42,222.42,206.25,17144700.0
20251208,001311,多利科技,27.77,28.86,29.4,27.42,11014300.0
20251208,001313,粤海饲料,8.44,8.89,9.25,8.44,27677600.0
20251208,001314,亿道信息,46.2,46.33,46.5,45.88,1707400.0
20251208,001316,润贝航科,37.48,37.32,37.78,37.09,3013500.0
20251208,001317,三羊马,41.6,42.31,42.58,41.43,2092800.0
20251208,001318,阳光乳业,15.54,15.62,15.75,15.38,14142300.0
20251208,001319,铭科精技,26.25,26.31,26.43,26.11,1651900.0
20251208,001322,箭牌家居,8.42,8.39,8.52,8.36,3369300.0
20251208,001323,慕思股份,26.88,26.75,27.03,26.65,1135300.0
20251208,001324,长青科技,20.16,20.0,20.18,19.83,2152600.0
20251208,001326,联域股份,43.85,44.32,44.99,43.63,952600.0
20251208,001328,登康口腔,35.5,35.37,35.8,35.04,1447100.0
20251208,001330,博纳影业,8.79,9.68,9.68,8.6,168043300.0
20251208,001332,锡装股份,52.13,52.6,52.98,51.52,982900.0
20251208,001333,光华股份,22.99,23.05,23.2,22.73,1093200.0
20251208,001335,信凯科技,44.15,44.3,44.5,43.23,2305600.0
20251208,001336,楚环科技,23.87,25.01,25.58,23.69,10076600.0
20251208,001337,四川黄金,27.74,27.95,27.99,27.5,9638800.0
20251208,001338,永顺泰,12.23,12.23,12.35,12.17,6332700.0
20251208,001339,智微智能,52.08,51.97,52.47,51.9,2661200.0
20251208,001356,富岭股份,13.37,13.31,13.44,13.28,2353400.0
20251208,001358,兴欣新材,26.77,26.5,27.15,26.4,780400.0
20251208,001359,平安电工,57.58,58.29,58.99,57.05,1442000.0
20251208,001360,南矿集团,20.2,20.72,20.72,19.2,24968600.0
20251208,001366,播恩集团,13.97,14.15,14.35,13.97,4435400.0
20251208,001367,海森药业,22.99,22.74,22.99,22.67,844100.0
20251208,001368,通达创智,27.8,27.98,28.76,27.43,6215400.0
20251208,001373,翔腾新材,32.23,32.77,32.83,31.76,1341000.0
20251208,001376,百通能源,12.66,12.48,12.71,12.44,6122900.0
20251208,001378,德冠新材,23.24,23.32,23.39,23.13,1367300.0
20251208,001379,腾达科技,23.33,22.92,23.49,22.85,5158800.0
20251208,001380,华纬科技,23.0,23.03,23.09,22.75,2155100.0
20251208,001382,新亚电缆,20.35,20.25,20.36,20.21,2259600.0
20251208,001386,马可波罗,22.46,22.51,22.7,22.41,4256900.0
20251208,001387,雪祺电气,14.84,15.21,15.26,14.7,13266900.0
20251208,001388,信通电子,42.88,42.8,42.95,42.52,382000.0
20251208,001389,广合科技,70.0,72.05,73.0,69.66,6052600.0
20251208,001390,古麒绒材,27.3,27.17,27.61,27.15,5238400.0
20251208,001391,国货航,6.28,6.29,6.29,6.27,9879800.0
20251208,001395,亚联机械,44.18,44.25,44.63,43.99,667700.0
20251208,001400,江顺科技,63.41,64.1,64.86,62.6,885000.0
20251208,001696,宗申动力,21.68,21.67,21.81,21.59,13168300.0
20251208,001872,招商港口,19.88,19.74,19.88,19.63,3110300.0
20251208,001896,豫能控股,5.55,5.52,5.59,5.49,11310500.0
20251208,001914,招商积余,11.3,11.23,11.35,11.21,4153900.0
20251208,001965,招商公路,9.97,9.81,9.98,9.81,17523000.0
20251208,001979,招商蛇口,9.2,9.21,9.26,9.16,33326900.0
20251208,002001,新 和 成,24.82,24.6,24.91,24.33,16830100.0
20251208,002003,伟星股份,10.93,10.85,10.99,10.75,9153800.0
20251208,002004,华邦健康,4.89,4.86,4.93,4.84,26716700.0
20251208,002005,德豪润达,2.66,2.6,2.66,2.52,21947600.0
20251208,002006,精工科技,22.3,22.73,23.24,21.95,29714000.0
20251208,002007,华兰生物,15.48,15.43,15.52,15.4,9208800.0
20251208,002008,大族激光,38.09,39.5,40.29,37.92,38825400.0
20251208,002009,天奇股份,16.28,16.37,16.42,16.13,10414200.0
20251208,002010,传化智联,5.81,5.79,5.85,5.77,18856800.0
20251208,002011,盾安环境,12.77,12.64,12.88,12.63,12414000.0
20251208,002012,凯恩股份,6.44,6.53,6.58,6.38,51950300.0
20251208,002014,永新股份,11.84,11.63,11.87,11.62,3727900.0
20251208,002015,协鑫能科,9.88,9.95,10.05,9.86,19985600.0
20251208,002016,世荣兆业,6.36,6.39,6.41,6.28,8557700.0
20251208,002017,东信和平,20.89,21.25,21.49,20.89,15198100.0
20251208,002019,亿帆医药,12.71,12.61,12.8,12.57,9398700.0
20251208,002020,京新药业,19.1,19.21,19.35,18.83,9662200.0
20251208,002021,中捷资源,2.72,2.67,2.74,2.66,32334800.0
20251208,002022,科华生物,6.58,6.54,6.64,6.53,5581300.0
20251208,002023,海特高新,13.53,13.52,13.98,13.48,96640800.0
20251208,002025,航天电器,45.29,44.2,46.53,43.78,31607800.0
20251208,002026,山东威达,16.48,15.5,16.6,15.33,38656000.0
20251208,002027,分众传媒,7.19,7.13,7.23,7.12,117767300.0
20251208,002028,思源电气,160.76,155.03,161.9,151.5,9033500.0
20251208,002029,七 匹 狼,10.93,11.76,11.76,10.91,76067400.0
20251208,002030,达安基因,6.43,6.42,6.48,6.41,11660100.0
20251208,002031,巨轮智能,7.9,8.03,8.14,7.8,257437500.0
20251208,002032,苏 泊 尔,48.9,48.47,48.9,47.92,2511000.0
20251208,002033,丽江股份,8.95,8.94,8.97,8.88,8718300.0
20251208,002034,旺能环境,16.52,16.35,16.52,16.32,2811000.0
20251208,002035,华帝股份,6.26,6.22,6.26,6.21,7327700.0
20251208,002036,联创电子,10.84,10.87,11.1,10.82,54335400.0
20251208,002037,保利联合,9.67,9.57,9.68,9.57,4508000.0
20251208,002038,双鹭药业,7.92,7.7,7.96,7.69,26356600.0
20251208,002039,黔源电力,18.39,18.2,18.5,18.16,3687600.0
20251208,002040,南 京 港,10.26,10.34,10.38,10.21,9259100.0
20251208,002041,登海种业,9.48,9.5,9.54,9.45,6092300.0
20251208,002042,华孚时尚,4.24,4.21,4.25,4.2,21739600.0
20251208,002043,兔 宝 宝,13.42,13.21,13.5,13.17,6859000.0
20251208,002044,美年健康,5.16,5.13,5.18,5.12,46763000.0
20251208,002045,国光电器,14.72,14.86,14.97,14.64,16791100.0
20251208,002046,国机精工,33.6,35.45,36.06,33.6,43872700.0
20251208,002047,宝鹰股份,3.82,3.9,3.95,3.82,38826000.0
20251208,002048,宁波华翔,27.55,27.69,27.9,27.22,14514000.0
20251208,002049,紫光国微,77.01,77.41,77.75,76.73,16066300.0
20251208,002050,三花智控,45.15,46.8,47.0,44.5,256868100.0
20251208,002051,中工国际,9.2,9.1,9.25,9.07,18753500.0
20251208,002052,同洲电子,12.69,12.77,13.11,12.65,20429600.0
20251208,002053,云南能投,11.73,11.68,11.78,11.67,5388400.0
20251208,002054,德美化工,7.74,7.76,7.84,7.67,10831800.0
20251208,002056,横店东磁,19.44,19.3,19.53,19.15,22543700.0
20251208,002057,中钢天源,10.2,10.15,10.22,10.08,9645700.0
20251208,002058,紫竹高科,21.38,22.0,22.3,21.2,3322100.0
20251208,002059,云南旅游,5.45,5.42,5.45,5.38,29260400.0
20251208,002060,广东建工,3.83,3.79,3.85,3.79,19739600.0
20251208,002061,浙江交科,4.08,4.14,4.16,4.06,31148900.0
20251208,002062,宏润建设,9.33,9.47,9.55,9.21,24322000.0
20251208,002063,远光软件,6.15,6.14,6.19,6.14,23371300.0
20251208,002064,华峰化学,9.71,9.43,9.74,9.29,45986500.0
20251208,002065,东华软件,10.11,10.1,10.15,10.02,80372300.0
20251208,002066,瑞泰科技,18.69,18.18,18.73,18.12,6858900.0
20251208,002067,景兴纸业,5.59,5.65,5.68,5.55,74151200.0
20251208,002068,黑猫股份,9.47,9.49,9.56,9.46,8352800.0
20251208,002069,獐子岛,4.17,4.11,4.18,4.09,28698400.0
20251208,002072,凯瑞德,7.21,7.48,7.64,7.21,8878800.0
20251208,002073,软控股份,8.52,8.69,8.74,8.5,30189500.0
20251208,002074,国轩高科,38.56,39.31,39.57,38.56,37040500.0
20251208,002075,沙钢股份,5.97,5.88,6.01,5.86,37075300.0
20251208,002076,星光股份,2.14,2.12,2.14,2.1,30311300.0
20251208,002077,大港股份,15.1,15.34,15.45,15.05,21621300.0
20251208,002078,太阳纸业,15.32,15.08,15.32,14.94,15353500.0
20251208,002079,苏州固锝,9.57,9.73,9.93,9.55,20779200.0
20251208,002080,中材科技,33.9,35.31,36.35,33.9,54029100.0
20251208,002081,金 螳 螂,3.3,3.27,3.31,3.27,22229800.0
20251208,002083,孚日股份,10.36,10.21,10.63,10.05,156289900.0
20251208,002084,海鸥住工,4.62,4.68,4.75,4.59,77556300.0
20251208,002085,万丰奥威,15.9,15.82,16.03,15.77,29302200.0
20251208,002086,东方海洋,2.55,2.55,2.57,2.54,56611400.0
20251208,002088,鲁阳节能,11.23,11.13,11.29,11.02,3084300.0
20251208,002090,金智科技,12.15,12.08,12.2,11.97,14532800.0
20251208,002091,江苏国泰,9.09,9.02,9.14,8.98,20235200.0
20251208,002092,中泰化学,4.85,4.76,4.85,4.74,34167300.0
20251208,002093,国脉科技,14.02,13.59,14.31,13.45,201874200.0
20251208,002094,青岛金王,7.12,7.13,7.18,7.12,12309000.0
20251208,002095,生 意 宝,18.15,18.18,18.49,18.11,4827500.0
20251208,002096,易普力,13.22,13.03,13.25,13.02,5538000.0
20251208,002097,山河智能,12.11,12.15,12.23,12.1,18876000.0
20251208,002098,浔兴股份,10.45,10.7,10.76,10.28,30727500.0
20251208,002099,海翔药业,6.17,6.28,6.31,6.14,13857300.0
20251208,002100,天康生物,6.99,6.92,6.99,6.89,16923800.0
20251208,002101,广东鸿图,12.58,12.51,12.62,12.48,5161700.0
20251208,002103,广博股份,9.65,9.52,9.65,9.47,8590400.0
20251208,002104,恒宝股份,18.05,18.67,18.88,18.02,45110900.0
20251208,002105,信隆健康,7.74,7.74,7.79,7.56,29224400.0
20251208,002106,莱宝高科,11.04,11.03,11.09,10.97,7353500.0
20251208,002107,沃华医药,6.65,6.78,6.78,6.58,40381200.0
20251208,002108,沧州明珠,4.83,4.86,4.86,4.76,99230300.0
20251208,002110,三钢闽光,4.87,4.89,4.95,4.83,81872100.0
20251208,002111,威海广泰,9.97,9.91,10.11,9.89,8586400.0
20251208,002112,三变科技,13.26,13.3,13.42,13.14,12370100.0
20251208,002114,罗平锌电,9.34,9.12,9.41,9.03,48069500.0
20251208,002115,三维通信,11.13,11.18,11.35,11.06,84777200.0
20251208,002116,中国海诚,10.96,10.84,10.98,10.8,8600900.0
20251208,002117,东港股份,12.86,13.05,13.23,12.83,23673800.0
20251208,002119,康强电子,16.34,16.62,16.72,16.32,15327400.0
20251208,002120,韵达股份,6.91,6.9,6.93,6.87,16437000.0
20251208,002121,科陆电子,7.51,7.65,7.66,7.46,29305900.0
20251208,002123,梦网科技,11.27,11.36,11.44,11.27,10954200.0
20251208,002124,天邦食品,2.74,2.74,2.75,2.72,25386400.0
20251208,002125,湘潭电化,13.74,13.81,13.94,13.61,15280300.0
20251208,002126,银轮股份,34.76,35.24,35.36,34.01,21032300.0
20251208,002127,南极电商,3.47,3.48,3.5,3.46,29916500.0
20251208,002128,电投能源,28.6,27.97,28.8,27.38,25215900.0
20251208,002129,TCL中环,8.86,8.9,8.95,8.8,57977300.0
20251208,002130,沃尔核材,26.22,26.55,26.85,26.13,57196000.0
20251208,002131,利欧股份,5.08,5.15,5.22,5.0,410434700.0
20251208,002132,恒星科技,3.64,3.49,3.65,3.48,60063900.0
20251208,002133,广宇集团,3.45,3.46,3.48,3.4,15151900.0
20251208,002134,天津普林,21.93,21.96,22.38,21.88,5390600.0
20251208,002135,东南网架,4.56,4.5,4.57,4.47,9009500.0
20251208,002136,安 纳 达,12.75,12.6,12.8,12.49,10658400.0
20251208,002137,实益达,9.38,9.41,9.47,9.33,19264900.0
20251208,002138,顺络电子,35.55,35.52,35.96,34.84,18964300.0
20251208,002139,拓邦股份,13.44,13.43,13.49,13.37,15145900.0
20251208,002140,东华科技,11.13,11.16,11.28,11.1,6134700.0
20251208,002141,贤丰控股,3.94,3.84,3.96,3.81,43224300.0
20251208,002142,宁波银行,28.23,28.18,28.46,28.05,23548400.0
20251208,002144,宏达高科,13.37,13.63,13.78,13.33,4942700.0
20251208,002145,钛能化学,5.11,5.0,5.12,4.99,54216300.0
20251208,002146,荣盛发展,1.63,1.62,1.64,1.61,145205500.0
20251208,002148,北纬科技,8.84,8.88,8.92,8.8,9346000.0
20251208,002149,西部材料,22.57,22.57,22.57,22.57,8137400.0
20251208,002150,正泰电源,20.2,20.57,20.82,19.75,19157700.0
20251208,002151,北斗星通,31.5,31.57,32.36,31.41,27947600.0
20251208,002152,广电运通,12.38,12.38,12.49,12.36,22067900.0
20251208,002153,石基信息,10.91,11.16,11.24,10.87,61491900.0
20251208,002154,报 喜 鸟,4.08,4.05,4.1,4.03,29490100.0
20251208,002155,湖南黄金,21.26,21.17,21.32,21.0,34490700.0
20251208,002156,通富微电,36.8,37.63,38.11,36.8,56267600.0
20251208,002157,正邦科技,3.0,3.04,3.06,2.98,123456900.0
20251208,002158,汉钟精机,23.77,23.79,24.61,23.62,9716200.0
20251208,002159,三特索道,15.76,15.78,15.86,15.53,3082500.0
20251208,002160,常铝股份,5.62,5.48,5.63,5.37,104256600.0
20251208,002161,远 望 谷,7.37,7.42,7.45,7.37,9053400.0
20251208,002162,悦心健康,5.26,5.25,5.5,5.22,75508800.0
20251208,002163,海南发展,14.05,15.33,15.33,13.98,94270200.0
20251208,002164,宁波东力,13.65,15.05,15.05,13.6,64095700.0
20251208,002165,红 宝 丽,7.78,7.79,7.83,7.7,16648700.0
20251208,002166,莱茵生物,8.8,8.91,9.13,8.72,33033000.0
20251208,002167,东方锆业,12.23,12.24,12.28,12.16,16443600.0
20251208,002169,智光电气,8.7,8.58,8.73,8.5,38061300.0
20251208,002170,芭田股份,12.35,12.19,12.35,12.07,36090900.0
20251208,002171,楚江新材,12.18,12.09,12.32,12.05,92339300.0
20251208,002172,澳洋健康,4.27,4.2,4.31,4.18,17983400.0
20251208,002173,创新医疗,21.87,22.02,22.3,21.54,33476200.0
20251208,002174,游族网络,11.55,11.57,11.64,11.45,15962900.0
20251208,002176,江特电机,9.56,9.65,9.79,9.52,68257700.0
20251208,002177,御银股份,6.65,6.72,6.79,6.64,22420300.0
20251208,002178,延华智能,6.72,6.85,6.94,6.72,30102900.0
20251208,002179,中航光电,33.53,33.5,34.04,33.45,24465600.0
20251208,002180,奔图科技,18.61,18.87,18.88,18.58,12722700.0
20251208,002181,粤 传 媒,8.98,9.1,9.14,8.98,24263500.0
20251208,002182,宝武镁业,14.23,14.27,14.72,14.23,24380700.0
20251208,002183,怡 亚 通,4.86,4.85,4.88,4.81,36342300.0
20251208,002184,海得控制,13.58,13.69,13.7,13.43,8078700.0
20251208,002185,华天科技,11.13,11.2,11.26,11.11,51792000.0
20251208,002186,全 聚 德,11.87,11.9,11.95,11.77,5101900.0
20251208,002187,广百股份,7.6,7.68,7.81,7.51,51752200.0
20251208,002188,中天服务,6.21,6.29,6.32,6.2,8443300.0
20251208,002189,中光学,24.0,23.87,24.38,23.85,4463500.0
20251208,002190,成飞集成,38.0,38.4,38.7,38.0,7031200.0
20251208,002191,劲嘉股份,4.25,4.21,4.27,4.2,15914900.0
20251208,002192,融捷股份,48.88,50.18,50.84,48.83,17389900.0
20251208,002194,武汉凡谷,12.56,12.81,12.88,12.56,46259000.0
20251208,002195,岩山科技,7.02,7.05,7.12,7.02,125364700.0
20251208,002196,方正电机,12.78,13.15,13.2,12.74,66356500.0
20251208,002197,证通电子,10.44,10.74,10.84,10.43,8621200.0
20251208,002199,东晶电子,9.02,8.95,9.15,8.86,3079900.0
20251208,002200,交投生态,7.82,7.88,7.93,7.8,2389500.0
20251208,002201,九鼎新材,8.0,8.08,8.25,8.0,20998600.0
20251208,002202,金风科技,16.11,15.9,16.27,15.75,105674600.0
20251208,002203,海亮股份,11.83,11.8,11.88,11.62,17459200.0
20251208,002204,大连重工,7.11,7.18,7.27,7.04,82978900.0
20251208,002205,国统股份,13.9,13.89,13.97,13.71,5670900.0
20251208,002206,海 利 得,5.67,5.68,5.72,5.65,14447800.0
20251208,002208,合肥城建,11.62,12.22,12.79,11.45,106138200.0
20251208,002209,达 意 隆,16.17,15.85,16.19,15.79,6086900.0
20251208,002210,飞马国际,3.77,3.86,3.91,3.73,102794700.0
20251208,002212,天融信,8.99,9.21,9.25,8.97,38007700.0
20251208,002213,大为股份,26.65,28.13,28.6,26.65,43779800.0
20251208,002214,大立科技,15.12,15.23,15.27,15.09,1712000.0
20251208,002215,诺 普 信,11.07,11.05,11.16,11.01,8144200.0
20251208,002216,三全食品,11.6,11.47,11.65,11.36,7533100.0
20251208,002218,拓日新能,4.14,4.19,4.3,4.04,218372200.0
20251208,002219,新里程,2.33,2.34,2.35,2.31,54403100.0
20251208,002221,东华能源,7.85,7.78,7.85,7.76,6659300.0
20251208,002222,福晶科技,53.0,57.77,57.77,52.28,22261800.0
20251208,002223,鱼跃医疗,36.22,35.84,36.25,35.83,4561100.0
20251208,002224,三 力 士,4.69,4.63,4.69,4.62,16984300.0
20251208,002225,濮耐股份,5.88,5.88,5.95,5.82,20794300.0
20251208,002226,江南化工,6.27,6.08,6.27,6.01,72289000.0
20251208,002228,合兴包装,4.93,4.62,4.99,4.58,256284300.0
20251208,002229,鸿博股份,16.29,16.69,16.91,16.2,42929200.0
20251208,002230,科大讯飞,49.06,49.18,49.41,48.9,23956200.0
20251208,002232,启明信息,18.5,18.76,18.86,18.5,4772700.0
20251208,002233,塔牌集团,9.29,9.34,9.38,9.2,16904400.0
20251208,002234,民和股份,9.21,9.13,9.25,9.05,5078000.0
20251208,002235,安妮股份,10.22,10.22,10.22,10.22,6933100.0
20251208,002236,大华股份,19.31,19.35,19.52,19.31,30471900.0
20251208,002237,恒邦股份,13.08,12.99,13.08,12.87,22890600.0
20251208,002238,天威视讯,9.24,9.85,9.95,9.23,42199300.0
20251208,002239,奥特佳,3.05,3.04,3.07,3.03,52181700.0
20251208,002240,盛新锂能,29.6,31.2,31.83,29.41,60151500.0
20251208,002241,歌尔股份,29.67,30.14,30.26,29.6,98642000.0
20251208,002242,九阳股份,10.64,10.69,10.73,10.56,18436600.0
20251208,002243,力合科创,9.52,9.52,9.62,9.47,20675200.0
20251208,002244,滨江集团,9.96,10.13,10.15,9.88,28117300.0
20251208,002245,蔚蓝锂芯,16.18,16.27,16.35,16.17,23805000.0
20251208,002246,北化股份,16.89,17.02,17.25,16.89,16233000.0
20251208,002247,聚力文化,3.0,3.05,3.05,2.97,20521100.0
20251208,002248,华东数控,12.21,12.12,12.3,12.07,26442700.0
20251208,002249,大洋电机,10.95,11.07,11.2,10.78,123810600.0
20251208,002250,联化科技,12.08,12.02,12.18,11.95,31534100.0
20251208,002251,步步高,5.03,5.2,5.24,5.03,109874100.0
20251208,002252,上海莱士,6.63,6.62,6.64,6.61,19383400.0
20251208,002253,川大智胜,9.54,9.37,9.58,9.35,3907400.0
20251208,002254,泰和新材,9.54,9.47,9.57,9.47,7034000.0
20251208,002255,海陆重工,11.86,12.16,12.3,11.86,80850500.0
20251208,002256,兆新股份,3.43,3.42,3.46,3.4,45921600.0
20251208,002258,利尔化学,13.58,13.3,13.68,13.24,17133900.0
20251208,002259,升达林业,4.01,4.03,4.08,3.98,8900000.0
20251208,002261,拓维信息,30.66,31.0,31.19,30.66,29968700.0
20251208,002262,恩华药业,24.6,24.66,24.75,24.51,4111800.0
20251208,002263,大东南,3.45,3.47,3.52,3.42,49060400.0
20251208,002264,新 华 都,8.99,9.52,9.87,8.99,172536700.0
20251208,002265,建设工业,26.69,27.14,27.2,26.67,13255200.0
20251208,002266,浙富控股,4.12,4.08,4.15,4.07,57933400.0
20251208,002267,陕天然气,8.01,7.92,8.01,7.92,6723600.0
20251208,002268,电科网安,18.46,18.54,18.77,18.0,35606800.0
20251208,002269,美邦服饰,1.99,2.0,2.01,1.98,85081500.0
20251208,002270,华明装备,25.4,25.24,25.52,25.0,10023900.0
20251208,002271,东方雨虹,13.45,13.19,13.48,13.12,41107700.0
20251208,002272,川润股份,14.05,14.18,14.23,14.03,11311200.0
20251208,002273,水晶光电,24.62,24.84,24.96,24.6,26588900.0
20251208,002275,桂林三金,15.24,14.96,15.24,14.96,2837000.0
20251208,002276,万马股份,15.81,16.08,16.15,15.78,33715200.0
20251208,002277,友阿股份,6.87,6.89,6.95,6.83,31649500.0
20251208,002278,神开股份,11.95,12.0,12.1,11.27,40064700.0
20251208,002279,久其软件,8.43,8.71,8.82,8.4,95390200.0
20251208,002281,光迅科技,62.8,65.44,66.31,62.59,43688900.0
20251208,002282,博深股份,7.65,7.59,7.66,7.56,5135000.0
20251208,002283,天润工业,6.17,6.19,6.2,6.14,10886800.0
20251208,002284,亚太股份,12.64,12.55,12.64,12.5,7143400.0
20251208,002285,世联行,3.04,3.05,3.09,2.99,129780200.0
20251208,002286,保龄宝,9.23,9.11,9.26,9.06,8517800.0
20251208,002287,奇正藏药,24.81,24.7,24.92,24.69,1629000.0
20251208,002289,宇顺电子,35.12,34.65,35.65,34.6,1697100.0
20251208,002290,禾盛新材,42.8,42.23,43.27,42.0,4602800.0
20251208,002291,遥望科技,6.81,6.89,6.95,6.77,45563800.0
20251208,002292,奥飞娱乐,9.37,9.74,9.91,9.36,122470500.0
20251208,002293,罗莱生活,9.74,9.71,9.81,9.62,5997200.0
20251208,002294,信立泰,60.69,60.65,61.29,60.01,2524100.0
20251208,002295,精艺股份,12.51,13.63,13.63,12.2,43856600.0
20251208,002296,辉煌科技,10.79,10.84,10.85,10.75,5090800.0
20251208,002297,博云新材,10.34,10.3,10.84,10.28,101238400.0
20251208,002298,中电鑫龙,10.45,10.66,10.75,10.45,47181700.0
20251208,002299,圣农发展,15.93,16.08,16.11,15.78,9622200.0
20251208,002300,太阳电缆,10.99,10.38,11.39,9.89,239678900.0
20251208,002301,齐心集团,7.8,7.8,7.95,7.76,42531100.0
20251208,002302,西部建设,6.4,6.29,6.41,6.29,13703500.0
20251208,002303,美盈森,4.24,4.12,4.26,4.12,28784200.0
20251208,002304,洋河股份,62.84,62.75,63.03,62.62,3493000.0
20251208,002307,北新路桥,5.89,5.71,5.93,5.65,106578800.0
20251208,002309,中利集团,3.25,3.38,3.38,3.24,65948100.0
20251208,002310,东方新能,2.47,2.43,2.48,2.43,35947300.0
20251208,002311,海大集团,55.59,54.59,55.61,54.31,8086000.0
20251208,002312,川发龙蟒,11.44,11.43,11.53,11.37,32554900.0
20251208,002313,日海智能,10.79,10.87,11.01,10.78,9159800.0
20251208,002314,南山控股,3.07,3.09,3.12,3.06,36734400.0
20251208,002315,焦点科技,43.3,43.9,43.96,43.09,7050900.0
20251208,002316,亚联发展,5.15,5.26,5.28,5.15,11087200.0
20251208,002317,众生药业,23.06,22.04,23.07,21.95,80741500.0
20251208,002318,久立特材,24.75,24.81,24.94,24.4,7733200.0
20251208,002319,乐通股份,12.43,12.72,12.73,12.24,5021500.0
20251208,002320,海峡股份,12.46,13.17,13.23,12.46,69350900.0
20251208,002321,华英农业,2.72,2.62,2.73,2.61,93308100.0
20251208,002322,理工能科,12.25,12.26,12.35,12.24,2421100.0
20251208,002324,普利特,12.73,12.69,12.88,12.65,8707800.0
20251208,002326,永太科技,22.98,23.17,23.35,22.69,44557600.0
20251208,002327,富安娜,7.14,7.08,7.14,7.08,6507000.0
20251208,002328,新朋股份,6.71,6.8,6.94,6.69,22531900.0
20251208,002329,皇氏集团,3.94,3.91,3.97,3.87,19775500.0
20251208,002330,得利斯,5.32,5.25,5.37,5.19,17041500.0
20251208,002331,皖通科技,9.25,9.36,9.42,9.22,15844500.0
20251208,002332,仙琚制药,9.22,9.21,9.27,9.19,9082100.0
20251208,002333,罗普斯金,5.94,5.8,5.94,5.75,10111400.0
20251208,002334,英威腾,8.62,8.64,8.65,8.55,12454800.0
20251208,002335,科华数据,54.77,56.31,56.68,54.76,34241700.0
20251208,002337,赛象科技,6.36,6.47,6.48,6.33,30668600.0
20251208,002338,奥普光电,52.41,53.36,53.5,52.41,6674200.0
20251208,002339,积成电子,8.08,8.22,8.3,8.05,12607800.0
20251208,002340,格林美,7.52,7.54,7.57,7.47,99432300.0
20251208,002342,巨力索具,7.28,7.45,7.53,7.28,46918800.0
20251208,002343,慈文传媒,7.71,8.08,8.45,7.7,36876000.0
20251208,002344,海宁皮城,5.11,5.1,5.17,5.04,81921300.0
20251208,002345,潮宏基,13.18,13.02,13.18,12.98,8540900.0
20251208,002346,柘中股份,16.93,17.0,17.13,16.77,2102500.0
20251208,002347,泰尔股份,7.44,7.68,8.13,7.43,81359500.0
20251208,002348,高乐股份,5.95,6.77,6.82,5.93,219376500.0
20251208,002349,精华制药,8.0,7.88,8.03,7.85,17859700.0
20251208,002350,北京科锐,8.5,8.51,8.59,8.45,9496000.0
20251208,002351,漫步者,12.65,12.63,12.75,12.62,7740500.0
20251208,002352,顺丰控股,38.3,38.08,38.34,38.02,19098200.0
20251208,002353,杰瑞股份,71.37,70.7,72.58,68.01,36238100.0
20251208,002354,天娱数科,6.47,6.47,6.5,6.44,51173100.0
20251208,002355,兴民智通,6.0,6.03,6.04,5.96,9218600.0
20251208,002356,鹏飞绿能,4.24,4.2,4.31,4.16,73433800.0
20251208,002357,富临运业,10.58,10.57,10.85,10.49,8092700.0
20251208,002358,森源电气,5.65,5.56,5.68,5.54,26677100.0
20251208,002361,神剑股份,6.69,6.72,6.81,6.68,47098600.0
20251208,002362,汉王科技,22.48,22.3,22.62,22.25,5213100.0
20251208,002363,隆基机械,9.43,9.49,9.71,9.35,17109900.0
20251208,002364,中恒电气,23.77,24.38,24.6,23.77,25088300.0
20251208,002365,永安药业,15.73,15.82,15.92,15.71,4037700.0
20251208,002366,融发核电,7.2,7.29,7.33,7.2,54219400.0
20251208,002367,康力电梯,7.39,7.33,7.43,7.3,7414700.0
20251208,002368,太极股份,24.1,24.29,24.45,24.08,5268100.0
20251208,002369,卓翼科技,9.95,10.23,10.3,9.89,73787100.0
20251208,002370,亚太药业,7.4,7.53,7.67,7.4,53644800.0
20251208,002371,北方华创,450.1,463.0,467.56,443.86,8275200.0
20251208,002372,伟星新材,10.48,10.44,10.54,10.34,9869600.0
20251208,002373,千方科技,10.81,10.84,11.03,10.8,31309900.0
20251208,002374,中锐股份,3.56,3.59,3.68,3.53,98627400.0
20251208,002375,亚厦股份,3.93,3.91,3.95,3.9,11917100.0
20251208,002376,新北洋,7.62,7.57,7.63,7.55,7805500.0
20251208,002377,国创高新,3.05,3.04,3.07,3.01,20800400.0
20251208,002378,章源钨业,13.1,13.16,13.36,12.95,45491500.0
20251208,002379,宏桥控股,24.99,23.8,24.99,23.51,31040100.0
20251208,002380,科远智慧,26.66,26.97,27.04,26.64,3325700.0
20251208,002381,双箭股份,6.88,6.87,6.94,6.84,4195800.0
20251208,002382,蓝帆医疗,5.5,5.44,5.51,5.43,6942200.0
20251208,002383,合众思壮,9.99,9.98,10.19,9.92,39641100.0
20251208,002384,东山精密,70.55,75.36,76.66,70.28,73053800.0
20251208,002385,大北农,4.04,4.04,4.05,4.02,38674100.0
20251208,002386,天原股份,5.53,5.45,5.54,5.38,21788300.0
20251208,002387,维信诺,9.1,8.97,9.15,8.93,22355200.0
20251208,002388,新亚制程,6.05,6.02,6.08,5.95,10516500.0
20251208,002389,航天彩虹,22.29,22.47,22.78,22.29,31130800.0
20251208,002390,信邦制药,3.94,3.9,3.95,3.88,31642900.0
20251208,002391,长青股份,5.99,5.94,6.01,5.91,7781900.0
20251208,002392,北京利尔,7.67,7.73,7.84,7.61,15364700.0
20251208,002393,力生制药,20.48,20.43,20.53,20.41,1522200.0
20251208,002394,联发股份,12.68,13.03,13.09,12.68,11811600.0
20251208,002395,双象股份,16.99,16.9,17.06,16.86,2196600.0
20251208,002396,星网锐捷,27.6,29.06,29.38,27.38,38005100.0
20251208,002397,梦洁股份,4.19,4.11,4.19,4.08,15378600.0
20251208,002398,垒知集团,6.57,6.8,6.95,6.53,127911000.0
20251208,002399,海普瑞,12.14,11.94,12.18,11.94,3563200.0
20251208,002400,省广集团,8.57,8.88,8.92,8.54,173030800.0
20251208,002401,中远海科,16.17,16.15,16.29,16.13,3197500.0
20251208,002402,和而泰,45.79,46.19,46.93,43.88,150210600.0
20251208,002403,爱仕达,13.04,13.1,13.13,12.93,4296600.0
20251208,002404,嘉欣丝绸,6.91,7.1,7.2,6.86,25598600.0
20251208,002405,四维图新,8.48,8.45,8.53,8.45,22692100.0
20251208,002406,远东传动,7.63,7.67,7.69,7.6,12834400.0
20251208,002407,多氟多,29.64,31.61,31.79,29.64,115749400.0
20251208,002408,齐翔腾达,4.79,4.74,4.8,4.73,14333800.0
20251208,002409,雅克科技,70.15,72.37,73.23,70.1,14960000.0
20251208,002410,广联达,12.81,12.73,12.89,12.69,21283500.0
20251208,002412,汉森制药,6.95,6.87,6.99,6.84,9486200.0
20251208,002413,雷科防务,8.98,8.89,9.28,8.79,521679900.0
20251208,002414,高德红外,12.56,12.59,12.87,12.56,45637800.0
20251208,002415,海康威视,30.15,30.43,30.66,30.14,42477300.0
20251208,002416,爱施德,11.94,11.91,12.02,11.9,13735500.0
20251208,002418,康盛股份,4.55,4.6,4.63,4.53,38725600.0
20251208,002419,天虹股份,5.49,5.43,5.52,5.42,14690300.0
20251208,002420,毅昌科技,7.39,7.25,7.41,7.21,10311100.0
20251208,002421,达实智能,2.94,2.93,2.96,2.92,36680300.0
20251208,002422,科伦药业,33.87,33.0,33.95,32.93,10460800.0
20251208,002423,中粮资本,12.03,11.85,12.11,11.84,23654000.0
20251208,002425,凯撒文化,4.09,4.07,4.09,4.05,14739400.0
20251208,002426,胜利精密,3.64,3.75,3.77,3.64,194901900.0
20251208,002427,尤夫股份,6.21,6.18,6.24,6.15,7194300.0
20251208,002428,云南锗业,27.33,27.17,27.99,27.1,50900800.0
20251208,002429,兆驰股份,6.82,6.89,6.94,6.78,79179800.0
20251208,002430,杭氧股份,28.28,29.27,29.57,27.88,22227700.0
20251208,002432,九安医疗,40.93,40.65,41.08,40.63,5328600.0
20251208,002434,万里扬,9.05,8.96,9.1,8.94,11492600.0
20251208,002436,兴森科技,21.4,21.75,22.0,21.26,76885600.0
20251208,002437,誉衡药业,3.24,3.24,3.27,3.23,31682900.0
20251208,002438,江苏神通,14.78,14.62,14.87,14.59,13528000.0
20251208,002439,启明星辰,14.66,14.64,14.76,14.62,8818600.0
20251208,002440,闰土股份,7.71,7.6,7.72,7.58,10957000.0
20251208,002441,众业达,9.39,9.27,9.42,9.27,5893000.0
20251208,002442,龙星科技,6.88,6.88,6.91,6.77,11452000.0
20251208,002443,金洲管道,8.12,7.99,8.12,7.97,10117600.0
20251208,002444,巨星科技,35.11,35.07,35.86,34.75,19978400.0
20251208,002445,中南文化,2.56,2.56,2.57,2.54,30286500.0
20251208,002446,盛路通信,8.99,8.94,9.15,8.9,65262200.0
20251208,002448,中原内配,10.93,10.9,11.05,10.78,8404300.0
20251208,002449,国星光电,8.93,8.96,8.98,8.91,9762800.0
20251208,002451,摩恩电气,10.35,10.45,10.72,10.28,56625500.0
20251208,002452,长高电气,8.04,8.07,8.09,7.98,12557900.0
20251208,002453,华软科技,6.5,6.6,6.65,6.48,26263900.0
20251208,002454,松芝股份,8.72,8.68,8.77,8.65,5621800.0
20251208,002455,百川股份,7.18,7.12,7.19,7.07,23098300.0
20251208,002456,欧菲光,11.21,11.17,11.28,11.16,55379500.0
20251208,002457,青龙管业,11.13,11.08,11.15,11.05,5888100.0
20251208,002458,益生股份,8.52,8.5,8.55,8.45,6602000.0
20251208,002459,晶澳科技,11.31,11.42,11.5,11.28,39575200.0
20251208,002460,赣锋锂业,59.7,62.99,63.3,59.7,69540000.0
20251208,002461,珠江啤酒,9.64,9.49,9.65,9.43,11943900.0
20251208,002462,嘉事堂,15.41,15.12,15.59,15.0,8001000.0
20251208,002463,沪电股份,68.6,71.26,72.0,67.72,74311300.0
20251208,002465,海格通信,12.84,12.81,13.13,12.71,124302000.0
20251208,002466,天齐锂业,51.2,53.1,53.45,51.19,63997800.0
20251208,002467,二六三,6.16,6.24,6.27,6.16,63331900.0
20251208,002468,申通快递,14.24,14.23,14.29,13.96,13554500.0
20251208,002469,三维化学,8.31,8.34,8.41,8.27,6076600.0
20251208,002470,金正大,1.89,1.87,1.9,1.86,48876300.0
20251208,002471,中超控股,4.28,4.4,4.43,4.28,79160400.0
20251208,002472,双环传动,41.11,41.76,41.98,40.5,27701400.0
20251208,002474,榕基软件,10.6,11.54,11.54,10.56,147289000.0
20251208,002475,立讯精密,59.1,60.08,60.71,58.74,111448100.0
20251208,002476,新叶股份,6.1,6.1,6.12,5.96,19266100.0
20251208,002478,常宝股份,7.97,7.86,8.02,7.73,32739700.0
20251208,002479,富春环保,5.0,4.99,5.02,4.97,8598200.0
20251208,002480,新筑股份,6.28,6.2,6.29,6.18,5252800.0
20251208,002481,双塔食品,5.69,5.7,5.75,5.61,23771800.0
20251208,002482,广田集团,1.81,1.8,1.82,1.78,57868000.0
20251208,002483,润邦股份,6.97,7.01,7.09,6.9,18479800.0
20251208,002484,江海股份,26.81,27.69,27.94,26.79,22977500.0
20251208,002486,嘉麟杰,3.14,3.16,3.18,3.11,20992100.0
20251208,002487,大金重工,58.04,56.95,58.5,56.74,22230400.0
20251208,002488,金固股份,8.37,8.58,8.82,8.33,76117500.0
20251208,002489,浙江永强,4.03,3.97,4.04,3.96,29376200.0
20251208,002490,山东墨龙,6.95,6.97,6.98,6.88,29023900.0
20251208,002491,通鼎互联,5.71,5.83,5.85,5.67,60152100.0
20251208,002492,恒基达鑫,7.7,8.43,8.43,7.62,29415600.0
20251208,002493,荣盛石化,9.82,9.67,9.87,9.52,33313100.0
20251208,002494,华斯股份,5.55,5.57,5.62,5.48,7735900.0
20251208,002495,佳隆股份,3.02,2.96,3.03,2.92,41866700.0
20251208,002496,辉丰股份,1.73,1.73,1.75,1.72,16377800.0
20251208,002497,雅化集团,20.68,21.89,22.14,20.63,48158200.0
20251208,002498,汉缆股份,3.85,3.77,3.87,3.76,57337000.0
20251208,002500,山西证券,6.12,6.09,6.2,6.07,44978400.0
20251208,002506,协鑫集成,2.5,2.76,2.76,2.48,280291100.0
20251208,002507,涪陵榨菜,13.12,13.01,13.14,13.0,13765600.0
20251208,002508,老板电器,20.24,19.78,20.31,19.73,8788500.0
20251208,002510,天汽模,7.08,7.24,7.39,6.98,85720200.0
20251208,002511,中顺洁柔,8.2,8.08,8.21,8.06,11065600.0
20251208,002513,蓝丰生化,7.29,7.32,7.4,7.22,19652500.0
20251208,002515,金字火腿,6.7,6.8,6.87,6.65,113034500.0
20251208,002516,旷达科技,6.34,6.39,6.44,6.33,19493500.0
20251208,002517,恺英网络,22.14,22.44,22.78,21.99,36536200.0
20251208,002518,科士达,46.96,47.65,48.27,46.58,11866000.0
20251208,002519,银河电子,6.15,6.06,6.5,5.98,301828500.0
20251208,002520,日发精机,6.62,6.59,6.71,6.51,105553100.0
20251208,002521,齐峰新材,9.04,8.85,9.08,8.83,5553900.0
20251208,002522,浙江众成,5.16,5.12,5.16,5.08,27079200.0
20251208,002523,天桥起重,4.24,4.29,4.34,4.21,51430600.0
20251208,002524,光正眼科,4.62,4.63,4.69,4.59,9877900.0
20251208,002526,山东矿机,3.73,3.74,3.78,3.73,31009600.0
20251208,002527,新时达,16.39,16.24,16.51,16.23,12496100.0
20251208,002529,海源复材,7.07,7.18,7.2,7.04,3115100.0
20251208,002530,金财互联,10.01,10.08,10.16,10.01,18038000.0
20251208,002531,天顺风能,7.07,6.98,7.11,6.97,23233500.0
20251208,002532,天山铝业,14.18,14.15,14.3,13.57,70231300.0
20251208,002533,金杯电工,12.19,12.22,12.34,12.16,11959600.0
20251208,002534,西子洁能,16.52,16.47,16.63,16.1,11656600.0
20251208,002535,林州重机,4.09,4.05,4.1,4.04,19508200.0
20251208,002536,飞龙股份,22.16,23.43,23.76,21.98,43587200.0
20251208,002537,海联金汇,8.04,8.14,8.24,8.01,22213600.0
20251208,002539,云图控股,11.04,10.86,11.08,10.79,18822400.0
20251208,002540,亚太科技,7.44,7.42,7.47,7.28,29689900.0
20251208,002541,鸿路钢构,16.36,16.03,16.4,16.0,5009500.0
20251208,002543,万和电气,10.63,10.4,10.63,10.36,7825200.0
20251208,002544,普天科技,31.14,30.17,31.68,29.9,68050400.0
20251208,002545,东方铁塔,18.38,18.18,18.47,18.1,10611600.0
20251208,002546,新联电子,6.9,6.84,6.91,6.82,14008300.0
20251208,002548,金新农,5.84,6.07,6.15,5.81,57449900.0
20251208,002549,凯美特气,19.89,20.51,20.55,19.89,43039900.0
20251208,002550,千红制药,8.15,8.11,8.2,8.06,11303400.0
20251208,002551,尚荣医疗,3.92,3.92,3.97,3.91,9435900.0
20251208,002552,宝鼎科技,16.63,16.55,16.72,16.42,4316000.0
20251208,002553,南方精工,26.49,26.99,27.0,26.43,11921300.0
20251208,002554,惠博普,3.29,3.35,3.39,3.21,52624400.0
20251208,002555,三七互娱,20.28,20.56,20.98,20.2,73225100.0
20251208,002556,辉隆股份,6.02,6.0,6.07,5.97,11852500.0
20251208,002557,洽洽食品,21.45,21.19,21.55,21.06,7993000.0
20251208,002558,巨人网络,39.9,40.74,41.3,39.25,31311200.0
20251208,002559,亚威股份,10.52,10.57,10.63,10.49,14621800.0
20251208,002560,通达股份,8.98,9.1,9.2,8.97,41616900.0
20251208,002561,徐家汇,8.75,8.83,8.88,8.74,5618400.0
20251208,002562,兄弟科技,6.5,6.52,6.56,6.47,19511400.0
20251208,002563,森马服饰,5.77,5.7,5.8,5.7,47380500.0
20251208,002564,天沃科技,7.57,7.6,7.74,7.51,26227100.0
20251208,002565,顺灏股份,13.09,13.09,13.09,12.88,116416900.0
20251208,002566,益盛药业,8.84,8.66,8.86,8.55,31417400.0
20251208,002567,唐人神,4.56,4.55,4.57,4.53,16729900.0
20251208,002568,百润股份,22.35,22.3,22.51,22.28,4802200.0
20251208,002570,贝因美,6.13,6.12,6.16,6.11,25376500.0
20251208,002571,德力股份,9.23,9.14,9.3,9.1,9681600.0
20251208,002572,索菲亚,14.03,13.95,14.08,13.9,11879400.0
20251208,002573,清新环境,3.91,3.93,4.0,3.89,12808900.0
20251208,002574,明牌珠宝,5.95,5.91,5.95,5.86,13152600.0
20251208,002575,群兴玩具,7.21,7.27,7.36,7.15,73278200.0
20251208,002576,通达动力,17.49,17.33,17.58,17.27,3568700.0
20251208,002577,雷柏科技,18.79,18.85,18.91,18.72,1294200.0
20251208,002578,闽发铝业,4.95,5.46,5.46,4.84,255141400.0
20251208,002579,中京电子,11.5,11.68,11.8,11.4,24678000.0
20251208,002580,圣阳股份,12.48,12.54,12.62,12.44,7546400.0
20251208,002582,好想你,10.18,10.09,10.23,10.02,8566300.0
20251208,002583,海能达,11.44,11.36,11.57,11.35,37119200.0
20251208,002584,西陇科学,9.02,9.1,9.17,9.0,32626700.0
20251208,002585,双星新材,7.62,7.62,7.62,7.62,20727300.0
20251208,002586,围海股份,4.13,4.16,4.16,4.03,7244400.0
20251208,002587,奥拓电子,6.76,6.82,6.82,6.73,18636400.0
20251208,002588,史丹利,9.72,9.49,9.77,9.48,9761700.0
20251208,002589,瑞康医药,4.69,4.69,4.69,4.05,551018400.0
20251208,002590,万安科技,13.32,13.36,13.4,13.29,4452000.0
20251208,002591,恒大高新,7.1,7.11,7.17,7.04,10527600.0
20251208,002593,日上集团,6.54,6.63,6.69,6.49,99502900.0
20251208,002594,比亚迪,96.21,96.53,97.15,96.21,24780500.0
20251208,002595,豪迈科技,74.88,74.22,74.97,73.38,4098200.0
20251208,002596,海南瑞泽,6.27,6.31,6.49,6.16,180204200.0
20251208,002597,金禾实业,20.16,20.03,20.25,20.02,4616100.0
20251208,002599,盛通股份,8.19,8.2,8.28,8.18,6677700.0
20251208,002600,领益智造,14.79,15.08,15.15,14.71,230293900.0
20251208,002601,龙佰集团,18.4,18.23,18.46,17.97,11753400.0
20251208,002602,世纪华通,16.92,16.84,17.16,16.6,122056500.0
20251208,002603,以岭药业,18.43,17.95,18.44,17.88,27716600.0
20251208,002605,姚记科技,23.03,23.16,23.31,22.98,4483100.0
20251208,002606,大连电瓷,9.04,8.98,9.05,8.97,6464100.0
20251208,002607,中公教育,2.41,2.42,2.43,2.39,98954800.0
20251208,002608,江苏国信,7.95,7.88,7.96,7.87,10816800.0
20251208,002609,捷顺科技,9.08,9.17,9.23,9.08,8067300.0
20251208,002611,东方精工,18.58,18.67,18.76,18.48,67032100.0
20251208,002612,朗姿股份,19.55,19.78,20.06,19.49,10663800.0
20251208,002613,北玻股份,3.85,3.86,3.87,3.84,8183400.0
20251208,002614,奥佳华,7.75,7.99,8.13,7.68,66590800.0
20251208,002615,哈尔斯,7.92,7.86,7.95,7.77,9974500.0
20251208,002616,长青集团,5.79,5.81,5.86,5.74,9091300.0
20251208,002617,露笑科技,8.08,8.11,8.15,8.04,50239000.0
20251208,002622,皓宸医疗,3.4,3.34,3.42,3.32,24417300.0
20251208,002623,亚玛顿,18.5,18.64,18.69,18.42,1741600.0
20251208,002624,完美世界,14.11,14.16,14.33,14.05,24928900.0
20251208,002625,光启技术,50.8,50.17,51.15,49.5,47775800.0
20251208,002626,金达威,18.83,18.9,19.18,18.71,5786300.0
20251208,002627,三峡旅游,6.95,6.98,7.04,6.89,14706200.0
20251208,002628,成都路桥,4.26,4.22,4.27,4.2,10353400.0
20251208,002629,仁智股份,7.66,7.75,7.8,7.48,15030700.0
20251208,002631,德尔未来,6.13,5.84,6.16,5.82,46100100.0
20251208,002632,道明光学,14.53,15.67,15.94,14.53,143974500.0
20251208,002633,申科股份,16.79,16.62,16.9,16.55,2034800.0
20251208,002635,安洁科技,14.0,14.06,14.11,13.93,6104400.0
20251208,002636,金安国纪,15.71,16.18,16.5,15.62,31770400.0
20251208,002637,赞宇科技,10.71,10.58,10.71,10.53,4360600.0
20251208,002638,勤上股份,3.24,3.14,3.26,3.11,47469700.0
20251208,002639,雪人集团,15.62,15.5,16.68,15.38,255026600.0
20251208,002640,跨境通,4.41,4.47,4.51,4.41,48306400.0
20251208,002641,公元股份,4.56,4.5,4.59,4.46,29098100.0
20251208,002642,荣联科技,8.61,8.68,8.7,8.56,14424800.0
20251208,002643,万润股份,14.19,14.25,14.42,14.11,20329600.0
20251208,002644,佛慈制药,8.97,8.91,9.04,8.89,4271700.0
20251208,002645,华宏科技,14.8,14.8,14.9,14.73,11992900.0
20251208,002646,天佑德酒,9.24,9.13,9.25,9.11,4814200.0
20251208,002647,仁东控股,6.66,6.85,6.92,6.64,11641300.0
20251208,002648,卫星化学,16.85,16.74,16.88,16.69,27867000.0
20251208,002649,博彦科技,13.58,13.63,13.72,13.54,9884100.0
20251208,002651,利君股份,12.0,12.17,12.45,11.98,58805800.0
20251208,002652,扬子新材,3.8,3.75,3.85,3.72,13908600.0
20251208,002653,海思科,60.2,61.47,62.53,59.44,2787600.0
20251208,002654,万润科技,13.68,13.99,14.12,13.68,45177500.0
20251208,002655,共达电声,12.9,13.04,13.07,12.76,17770000.0
20251208,002656,摩登大道,2.8,2.9,2.94,2.78,38066300.0
20251208,002657,中科金财,26.47,27.67,28.67,26.37,36811400.0
20251208,002658,雪迪龙,8.75,8.77,8.82,8.7,11752100.0
20251208,002659,凯文教育,6.21,6.18,6.29,6.14,19217700.0
20251208,002660,茂硕电源,10.92,10.46,11.39,10.42,67227900.0
20251208,002661,克明食品,9.6,9.55,9.65,9.49,3319600.0
20251208,002662,峰璟股份,4.01,3.96,4.02,3.95,22025500.0
20251208,002663,普邦股份,2.18,2.23,2.25,2.17,46219800.0
20251208,002664,信质集团,23.65,23.54,23.78,23.23,10120400.0
20251208,002666,德联集团,5.31,5.22,5.31,5.21,8752900.0
20251208,002668,TCL智家,10.84,10.65,10.84,10.6,10771100.0
20251208,002669,康达新材,13.3,13.56,13.72,13.23,13209300.0
20251208,002670,国盛证券,18.1,17.92,18.27,17.86,48700600.0
20251208,002671,龙泉股份,5.71,5.68,5.75,5.62,43750800.0
20251208,002672,东江环保,5.11,5.0,5.12,4.99,8500600.0
20251208,002673,西部证券,8.16,8.1,8.23,8.09,49462000.0
20251208,002674,兴业科技,13.08,13.49,13.57,13.08,8530100.0
20251208,002675,东诚药业,15.08,14.8,15.25,14.76,6892200.0
20251208,002676,顺威股份,8.01,8.03,8.08,7.91,11204900.0
20251208,002677,浙江美大,7.9,7.83,7.99,7.79,5587800.0
20251208,002678,珠江钢琴,5.12,5.07,5.14,5.07,8776600.0
20251208,002679,福建金森,15.8,16.06,16.06,15.8,17025600.0
20251208,002681,奋达科技,7.12,7.24,7.26,7.06,99210400.0
20251208,002682,龙洲股份,8.67,8.67,8.67,8.67,4409000.0
20251208,002683,广东宏大,41.7,39.79,42.35,38.76,28962800.0
20251208,002685,华东重机,8.1,8.16,8.22,8.0,43525500.0
20251208,002686,亿利达,7.21,7.5,7.65,7.17,71820200.0
20251208,002687,乔治白,4.95,4.95,5.02,4.94,7626500.0
20251208,002688,金河生物,6.13,6.16,6.21,6.1,13168800.0
20251208,002690,美亚光电,20.69,20.65,20.75,20.46,4127900.0
20251208,002692,远程股份,5.23,5.23,5.3,5.21,9197100.0
20251208,002693,双成药业,6.91,6.9,6.96,6.87,6096200.0
20251208,002695,煌上煌,12.33,12.13,12.39,12.11,5036700.0
20251208,002696,百洋股份,7.13,7.11,7.17,7.05,10957500.0
20251208,002697,红旗连锁,5.77,5.79,5.86,5.73,36123900.0
20251208,002698,博实股份,16.18,16.24,16.24,16.12,8753500.0
20251208,002700,万憬能源,7.12,7.05,7.14,7.03,3995400.0
20251208,002701,奥瑞金,5.98,5.77,6.0,5.76,35318400.0
20251208,002702,海欣食品,9.9,10.2,10.51,9.35,249332400.0
20251208,002703,浙江世宝,12.23,12.34,12.39,12.19,13575400.0
20251208,002705,新宝股份,14.92,14.72,14.95,14.71,5334700.0
20251208,002706,良信股份,10.0,9.92,10.05,9.91,17354400.0
20251208,002707,众信旅游,6.95,6.97,7.0,6.93,10432000.0
20251208,002708,光洋股份,12.37,12.39,12.43,12.27,9411100.0
20251208,002709,天赐材料,37.96,39.8,40.2,37.72,79350100.0
20251208,002712,思美传媒,5.88,6.08,6.32,5.88,39334200.0
20251208,002713,东易日盛,11.0,11.3,11.3,10.23,65961200.0
20251208,002714,牧原股份,48.77,48.38,48.88,48.1,27116400.0
20251208,002715,登云股份,18.74,19.07,19.2,18.5,4851500.0
20251208,002716,湖南白银,6.5,6.45,6.51,6.36,96728500.0
20251208,002718,友邦吊顶,29.32,29.16,29.33,27.39,3394500.0
20251208,002721,金一文化,3.27,3.21,3.27,3.2,35715400.0
20251208,002722,物产金轮,15.85,15.74,15.9,15.73,2491200.0
20251208,002723,小崧股份,9.54,9.38,9.6,8.79,36112300.0
20251208,002724,海洋王,7.25,7.22,7.28,7.2,8306800.0
20251208,002725,跃岭股份,15.53,15.93,16.16,15.35,21454200.0
20251208,002727,一心堂,13.09,13.01,13.19,13.0,6970700.0
20251208,002728,特一药业,13.2,12.88,13.26,12.82,54524300.0
20251208,002729,好利科技,17.02,17.86,18.18,16.98,34412800.0
20251208,002730,电光科技,15.07,15.18,15.2,15.07,3015200.0
20251208,002732,燕塘乳业,17.76,17.77,17.96,17.58,6132100.0
20251208,002733,雄韬股份,20.01,20.2,20.26,19.91,7970500.0
20251208,002734,利民股份,16.07,16.14,16.24,16.06,18887000.0
20251208,002735,王子新材,14.92,14.99,15.1,14.82,14099500.0
20251208,002736,国信证券,13.5,13.48,13.64,13.33,67929100.0
20251208,002737,葵花药业,14.85,14.75,14.91,14.72,2211300.0
20251208,002738,中矿资源,62.17,65.86,66.47,62.09,27437600.0
20251208,002739,儒意电影,11.13,11.15,11.32,11.09,39491800.0
20251208,002741,光华科技,21.3,22.5,22.78,21.23,28318500.0
20251208,002742,冀衡医药,4.83,4.85,4.88,4.8,6198600.0
20251208,002743,富煌钢构,5.57,5.62,5.7,5.55,10231800.0
20251208,002745,木林森,9.43,9.33,9.51,9.32,27482800.0
20251208,002746,仙坛股份,6.09,6.07,6.1,6.05,11147600.0
20251208,002747,埃斯顿,22.65,22.73,22.76,22.45,16955100.0
20251208,002748,世龙实业,11.67,11.65,11.75,11.6,12129400.0
20251208,002749,国光股份,14.14,14.01,14.16,13.98,1619200.0
20251208,002752,昇兴股份,7.22,7.91,7.91,7.09,45941300.0
20251208,002753,永东股份,7.71,7.67,7.78,7.59,12917500.0
20251208,002755,奥赛康,17.35,17.24,17.45,17.12,7363200.0
20251208,002756,永兴材料,45.13,46.19,46.55,45.12,17308800.0
20251208,002757,南兴股份,16.46,16.66,16.77,16.45,5147600.0
20251208,002758,浙农股份,10.0,10.54,10.95,9.86,31061200.0
20251208,002760,凤形股份,22.82,22.88,22.95,22.66,2249600.0
20251208,002761,浙江建投,8.76,8.72,8.81,8.71,7655500.0
20251208,002762,金发拉比,7.26,7.2,7.44,7.18,3362000.0
20251208,002763,汇洁股份,7.5,7.46,7.55,7.4,6229900.0
20251208,002765,蓝黛科技,12.13,12.23,12.26,12.06,13799500.0
20251208,002766,索菱股份,5.26,5.27,5.31,5.25,7200100.0
20251208,002767,先锋电子,20.8,21.0,21.15,20.72,6742600.0
20251208,002768,国恩股份,54.57,54.23,55.2,53.31,2391200.0
20251208,002771,真视通,15.87,15.99,16.09,15.83,6342000.0
20251208,002772,众兴菌业,12.7,12.73,12.8,12.51,7505300.0
20251208,002773,康弘药业,31.18,31.34,31.5,30.92,4242700.0
20251208,002774,快意电梯,9.34,9.26,9.37,9.18,4909200.0
20251208,002775,文科股份,4.25,4.23,4.29,4.2,10899300.0
20251208,002777,久远银海,18.33,18.3,18.48,18.28,6321000.0
20251208,002778,中晟高科,21.2,21.44,21.5,20.81,4824900.0
20251208,002779,中坚科技,128.6,129.37,133.65,127.0,7530700.0
20251208,002780,三夫户外,15.37,15.39,15.58,15.24,8496500.0
20251208,002782,可立克,17.99,18.15,18.32,17.95,8557300.0
20251208,002783,凯龙股份,9.07,9.02,9.08,9.0,6515200.0
20251208,002785,万里石,37.4,36.98,37.5,36.68,5985200.0
20251208,002786,银宝山新,9.22,9.12,9.22,9.1,7544300.0
20251208,002787,华源控股,13.05,12.48,13.2,12.35,26364100.0
20251208,002788,鹭燕医药,11.31,11.32,11.96,10.75,70138400.0
20251208,002790,瑞尔特,9.44,9.8,10.1,9.42,48145300.0
20251208,002791,坚朗五金,22.35,22.18,22.46,22.15,4661500.0
20251208,002792,通宇通讯,31.0,32.42,32.42,30.18,48308600.0
20251208,002793,罗欣药业,5.35,5.26,5.41,5.25,13724900.0
20251208,002795,永和智控,7.0,6.77,7.15,6.62,42866900.0
20251208,002796,世嘉科技,18.21,19.49,19.84,18.12,17314900.0
20251208,002797,第一创业,7.0,6.97,7.08,6.97,90761800.0
20251208,002798,帝欧水华,6.05,6.05,6.05,5.94,4831700.0
20251208,002799,环球印务,9.18,9.14,9.28,9.08,11532000.0
20251208,002800,天顺股份,15.34,15.5,15.55,15.09,5160900.0
20251208,002801,微光股份,33.28,33.31,33.42,32.88,1705500.0
20251208,002802,洪汇新材,13.09,13.18,13.25,13.07,1944600.0
20251208,002803,吉宏股份,16.45,16.78,16.95,16.39,13077900.0
20251208,002805,丰元股份,18.0,18.37,18.41,17.72,17276600.0
20251208,002806,华锋股份,12.71,12.56,12.74,12.4,16049200.0
20251208,002807,江阴银行,4.77,4.74,4.78,4.7,32385100.0
20251208,002809,红墙股份,11.32,11.27,11.44,11.16,3756000.0
20251208,002810,山东赫达,13.23,13.45,13.63,13.23,6312800.0
20251208,002811,郑中设计,13.97,13.88,14.0,13.73,11437900.0
20251208,002813,路畅科技,28.09,27.67,28.33,27.61,2520300.0
20251208,002815,崇达技术,13.51,13.71,13.8,13.49,26761700.0
20251208,002817,黄山胶囊,8.19,8.1,8.25,8.07,5420400.0
20251208,002818,富森美,11.06,11.01,11.11,11.01,1886800.0
20251208,002819,东方中科,27.13,27.27,27.43,27.13,1942800.0
20251208,002820,桂发祥,13.2,12.87,13.2,12.7,12356500.0
20251208,002821,凯莱英,92.83,93.32,93.9,92.58,2511700.0
20251208,002823,凯中精密,15.71,15.9,15.94,15.71,5331500.0
20251208,002824,和胜股份,18.96,18.67,19.17,18.62,3474500.0
20251208,002825,纳尔股份,11.31,11.47,11.51,11.24,11582600.0
20251208,002826,易明医药,18.31,18.45,18.58,18.18,3731300.0
20251208,002827,高争民爆,35.3,35.24,35.7,35.14,2891200.0
20251208,002828,贝肯能源,11.8,11.6,11.85,11.49,16865300.0
20251208,002829,星网宇达,28.94,28.57,29.06,28.1,18763500.0
20251208,002830,名雕股份,21.45,23.29,24.58,20.68,19106500.0
20251208,002831,裕同科技,29.2,29.01,29.24,28.44,5247900.0
20251208,002832,比音勒芬,15.48,15.48,15.56,15.47,3297400.0
20251208,002833,弘亚数控,16.66,16.46,16.68,16.43,3099500.0
20251208,002835,同为股份,17.1,17.32,17.84,16.97,4497700.0
20251208,002836,新宏泽,16.3,17.54,17.9,16.05,16802800.0
20251208,002837,英维克,71.66,76.37,77.29,71.62,58798000.0
20251208,002838,道恩股份,22.9,24.41,24.72,22.9,9600500.0
20251208,002839,张家港行,4.73,4.7,4.74,4.64,39765900.0
20251208,002840,华统股份,9.49,9.54,9.55,9.44,9202900.0
20251208,002841,视源股份,38.79,38.55,38.96,38.51,3730900.0
20251208,002842,翔鹭钨业,11.91,11.81,11.98,11.56,14295300.0
20251208,002843,泰嘉股份,18.7,18.86,19.14,18.7,5271900.0
20251208,002845,同兴达,14.7,14.82,14.92,14.62,9951100.0
20251208,002846,英联股份,16.19,16.24,16.36,16.12,7114400.0
20251208,002847,盐津铺子,67.41,66.55,67.45,66.26,2502500.0
20251208,002848,高斯贝尔,8.51,8.22,8.67,8.18,7868100.0
20251208,002849,威星智能,14.04,14.23,14.32,13.94,8035400.0
20251208,002850,科达利,158.46,163.71,164.5,158.22,5937900.0
20251208,002851,麦格米特,70.58,74.84,74.9,70.58,26540000.0
20251208,002852,道道全,10.82,10.88,11.03,10.78,7576600.0
20251208,002853,皮阿诺,15.03,16.24,16.24,14.86,9360400.0
20251208,002855,捷荣技术,19.02,19.39,19.59,18.86,10240300.0
20251208,002857,三晖电气,19.4,20.0,20.2,19.4,2995700.0
20251208,002858,力盛体育,14.81,15.13,15.18,14.67,8580500.0
20251208,002859,洁美科技,28.99,29.2,29.62,28.8,3547200.0
20251208,002860,星帅尔,14.58,14.69,15.3,14.2,41699700.0
20251208,002861,瀛通通讯,21.0,21.0,21.66,20.47,8053500.0
20251208,002862,实丰文化,21.27,21.27,21.63,21.16,10015800.0
20251208,002863,今飞凯达,6.04,5.97,6.07,5.91,42624700.0
20251208,002864,盘龙药业,35.03,34.42,35.28,34.03,7322500.0
20251208,002865,钧达股份,36.72,36.87,37.18,36.36,6641000.0
20251208,002866,传艺科技,19.65,19.41,19.79,19.29,8826800.0
20251208,002867,周大生,12.43,12.2,12.43,12.16,12405200.0
20251208,002868,绿康生化,38.17,36.45,38.17,36.05,2273800.0
20251208,002869,金溢科技,23.05,22.97,23.35,22.9,3684400.0
20251208,002871,伟隆股份,15.5,15.5,15.68,15.15,3525600.0
20251208,002873,新天药业,10.5,10.56,10.67,10.5,4094000.0
20251208,002875,安奈儿,16.45,16.13,16.48,16.1,3166600.0
20251208,002876,三利谱,24.81,24.96,25.28,24.79,2613000.0
20251208,002877,智能自控,9.46,9.64,9.77,9.46,28554200.0
20251208,002878,元隆雅图,18.5,18.83,18.93,18.44,13148900.0
20251208,002879,长缆科技,16.6,16.55,16.68,16.45,2233500.0
20251208,002880,卫光生物,26.33,26.39,26.44,26.19,674900.0
20251208,002881,美格智能,46.61,47.75,48.2,46.61,12665900.0
20251208,002882,金龙羽,30.26,31.59,31.93,30.24,11890400.0
20251208,002884,凌霄泵业,17.7,17.87,17.91,17.65,3490600.0
20251208,002885,京泉华,27.01,26.72,27.2,26.26,38398400.0
20251208,002886,沃特股份,19.59,19.87,19.87,19.47,4255700.0
20251208,002887,绿茵生态,9.59,9.55,9.7,9.54,2542400.0
20251208,002888,惠威科技,20.26,20.34,20.55,19.98,8307100.0
20251208,002889,东方嘉盛,16.02,16.32,16.55,15.96,11303600.0
20251208,002890,弘宇股份,15.2,15.07,15.2,14.85,1856200.0
20251208,002891,中宠股份,53.99,54.64,54.99,53.6,2306000.0
20251208,002892,科力尔,13.05,13.15,13.22,12.94,11703000.0
20251208,002893,京能热力,13.81,13.3,13.85,12.95,38799000.0
20251208,002895,川恒股份,37.36,36.49,37.4,35.8,15142300.0
20251208,002896,中大力德,84.52,85.8,86.35,84.28,7646100.0
20251208,002897,意华股份,46.24,47.65,47.75,46.05,7339700.0
20251208,002899,英派斯,25.18,25.59,25.8,25.0,5380500.0
20251208,002900,哈三联,13.95,14.54,15.3,13.95,18223900.0
20251208,002901,大博医疗,48.3,48.5,48.7,48.01,1740400.0
20251208,002902,铭普光磁,22.6,23.26,23.5,22.56,15703700.0
20251208,002903,宇环数控,24.5,24.68,24.88,24.1,13533600.0
20251208,002905,金逸影视,10.91,11.26,11.46,10.8,13869200.0
20251208,002906,华阳集团,29.85,29.8,30.0,29.68,4708500.0
20251208,002907,华森制药,15.71,15.62,15.79,15.6,2080400.0
20251208,002908,德生科技,9.68,9.78,9.82,9.68,5127700.0
20251208,002909,集泰股份,6.95,6.82,7.01,6.77,7833700.0
20251208,002910,庄园牧场,10.95,10.96,11.06,10.84,5603000.0
20251208,002911,佛燃能源,12.2,12.1,12.25,12.09,4774600.0
20251208,002912,中新赛克,28.76,29.3,29.51,28.76,2515000.0
20251208,002913,奥士康,39.06,40.2,40.57,38.5,9015100.0
20251208,002915,中欣氟材,22.85,23.1,23.15,22.72,9584300.0
20251208,002916,深南电路,190.64,196.31,198.6,189.05,10471200.0
20251208,002917,金奥博,13.3,13.35,13.39,13.28,2893100.0
20251208,002918,蒙娜丽莎,13.74,14.02,14.19,13.63,5489500.0
20251208,002919,名臣健康,23.11,22.8,23.4,22.46,6702300.0
20251208,002920,德赛西威,111.15,111.06,111.59,110.61,4830700.0
20251208,002921,联诚精密,15.96,15.85,16.14,15.76,3588200.0
20251208,002922,伊戈尔,30.96,31.73,32.38,30.96,29016800.0
20251208,002923,润都股份,13.8,13.72,13.87,13.66,3242700.0
20251208,002925,盈趣科技,18.68,19.28,19.38,18.45,39419600.0
20251208,002926,华西证券,9.69,9.65,9.8,9.65,34071100.0
20251208,002927,泰永长征,17.74,17.67,18.11,17.53,12817700.0
20251208,002928,华夏航空,10.1,10.04,10.15,9.72,22065300.0
20251208,002929,润建股份,40.4,40.6,40.91,40.35,3319300.0
20251208,002930,宏川智慧,11.58,11.63,11.65,11.4,5963900.0
20251208,002931,锋龙股份,19.24,19.54,19.63,18.66,17052000.0
20251208,002933,新兴装备,33.91,34.3,35.36,33.91,3402100.0
20251208,002935,天奥电子,19.01,18.9,19.38,18.8,20067100.0
20251208,002936,郑州银行,2.0,1.99,2.01,1.99,102349900.0
20251208,002937,兴瑞科技,20.09,20.55,20.77,19.74,7883300.0
20251208,002938,鹏鼎控股,48.5,49.79,50.28,48.03,38861000.0
20251208,002939,长城证券,10.62,10.44,10.74,10.43,82959900.0
20251208,002940,昂利康,38.44,38.18,38.44,37.58,7415100.0
20251208,002941,新疆交建,16.36,16.37,16.44,16.3,14839400.0
20251208,002942,新农股份,20.9,21.34,21.38,20.65,3028300.0
20251208,002943,宇晶股份,33.17,36.14,36.14,33.11,14300800.0
20251208,002945,华林证券,15.0,14.86,15.15,14.85,12911900.0
20251208,002946,新乳业,16.79,16.6,16.84,16.52,5633100.0
20251208,002947,恒铭达,44.4,44.75,45.4,44.31,4327000.0
20251208,002948,青岛银行,4.75,4.72,4.76,4.71,33181900.0
20251208,002949,华阳国际,13.94,13.96,14.02,13.79,2484800.0
20251208,002950,奥美医疗,11.59,11.43,11.61,11.38,5854400.0
20251208,002951,金时科技,13.39,13.33,13.48,13.3,1175700.0
20251208,002952,亚世光电,22.14,22.43,22.7,21.84,8470400.0
20251208,002953,日丰股份,11.59,11.61,11.67,11.55,6000600.0
20251208,002955,鸿合科技,29.14,29.08,30.8,28.99,6338500.0
20251208,002956,西麦食品,23.41,23.91,24.12,23.2,3756000.0
20251208,002957,科瑞技术,19.8,20.09,20.2,19.6,7100900.0
20251208,002958,青农商行,3.2,3.2,3.24,3.19,52363100.0
20251208,002959,小熊电器,43.56,43.36,43.69,43.32,1059400.0
20251208,002960,青鸟智控,10.86,10.72,10.92,10.69,28533900.0
20251208,002961,瑞达期货,29.38,29.38,29.38,29.38,6757700.0
20251208,002962,五方光电,15.09,15.25,15.33,15.0,4559900.0
20251208,002963,豪尔赛,15.68,15.48,15.74,15.31,3054300.0
20251208,002965,祥鑫科技,37.65,37.8,37.96,37.55,6028700.0
20251208,002966,苏州银行,8.19,8.14,8.21,8.13,31954000.0
20251208,002967,广电计量,21.8,21.92,22.48,21.8,20912500.0
20251208,002968,新大正,11.92,11.96,11.98,11.79,2910500.0
20251208,002969,嘉美包装,4.4,4.23,4.4,4.18,109430300.0
20251208,002970,锐明技术,48.5,49.2,49.56,48.46,4984500.0
20251208,002971,和远气体,31.26,31.96,32.07,31.08,3392200.0
20251208,002972,科安达,12.44,12.8,12.88,12.37,4987300.0
20251208,002973,侨银股份,13.62,13.61,13.85,13.58,2229200.0
20251208,002975,博杰股份,73.48,75.45,76.26,72.6,6331900.0
20251208,002976,瑞玛精密,28.0,28.12,28.45,27.68,10811600.0
20251208,002978,安宁股份,31.12,30.94,31.18,30.78,4232300.0
20251208,002979,雷赛智能,41.42,41.84,41.96,41.13,5907300.0
20251208,002980,华盛昌,22.23,22.45,22.58,22.04,2071900.0
20251208,002981,朝阳科技,31.0,30.93,31.25,30.57,5999500.0
20251208,002982,湘佳股份,14.19,14.18,14.2,14.05,2022500.0
20251208,002983,芯瑞达,21.85,22.6,23.23,21.55,18357300.0
20251208,002984,森麒麟,21.26,21.76,22.3,21.23,24519800.0
20251208,002985,北摩高科,28.47,28.28,29.15,28.27,4856400.0
20251208,002986,宇新股份,11.05,10.84,11.08,10.83,2227600.0
20251208,002987,京北方,18.95,19.09,19.2,18.93,9298900.0
20251208,002988,豪美新材,38.58,39.85,40.05,38.49,3559800.0
20251208,002989,中天精装,24.58,24.18,24.58,24.17,2294100.0
20251208,002990,盛视科技,28.66,29.16,29.81,28.66,4633400.0
20251208,002991,甘源食品,60.91,60.56,61.45,60.4,1069200.0
20251208,002992,宝明科技,53.59,52.97,54.5,52.88,2402700.0
20251208,002993,奥海科技,43.4,43.5,43.89,43.16,2364000.0
20251208,002995,天地在线,17.24,17.27,17.44,17.22,2584100.0
20251208,002996,顺博合金,7.8,7.64,7.82,7.62,13277900.0
20251208,002997,瑞鹄模具,36.39,36.12,36.4,35.92,2296400.0
20251208,002998,优彩资源,7.88,7.84,7.92,7.7,4804800.0
20251208,002999,天禾股份,7.19,7.1,7.21,7.03,7315900.0
20251208,003000,劲仔食品,11.6,11.56,11.67,11.53,2591500.0
20251208,003001,中岩大地,21.8,22.3,22.88,21.61,4775800.0
20251208,003002,壶化股份,28.5,29.15,29.48,28.4,7025900.0
20251208,003003,天元股份,13.88,13.93,14.08,13.66,14244700.0
20251208,003004,声迅股份,21.38,22.11,22.28,21.29,1565500.0
20251208,003005,竞业达,20.74,20.94,21.11,20.74,2927300.0
20251208,003006,百亚股份,20.23,20.27,20.6,20.21,3956500.0
20251208,003007,直真科技,33.54,34.18,34.28,33.54,2173700.0
20251208,003008,开普检测,23.25,23.41,23.52,22.91,3196700.0
20251208,003009,中天火箭,64.0,61.67,65.44,61.37,19477000.0
20251208,003010,若羽臣,33.9,34.5,34.85,33.81,4594300.0
20251208,003011,海象新材,23.51,23.15,23.77,22.88,4700400.0
20251208,003012,东鹏控股,6.92,6.84,6.95,6.82,7408600.0
20251208,003013,地铁设计,15.1,15.0,15.14,14.95,2158700.0
20251208,003015,日久光电,16.21,16.48,16.83,16.08,9972400.0
20251208,003016,欣贺股份,10.32,10.57,11.29,10.1,51588700.0
20251208,003017,大洋生物,30.44,30.7,30.75,30.28,1695200.0
20251208,003018,金富科技,20.19,21.07,21.43,19.79,39787100.0
20251208,003019,宸展光电,33.31,33.7,34.8,33.13,7707800.0
20251208,003020,立方制药,27.4,27.47,27.88,27.22,1846700.0
20251208,003021,兆威机电,110.0,109.7,110.26,107.68,5369700.0
20251208,003022,联泓新科,19.1,19.13,19.2,18.97,8753400.0
20251208,003023,彩虹集团,23.5,23.84,24.07,23.35,3354400.0
20251208,003025,思进智能,14.43,14.44,14.53,14.36,3139200.0
20251208,003026,中晶科技,30.33,30.77,30.9,30.32,1732300.0
20251208,003027,同兴科技,20.8,20.6,20.8,20.37,3367200.0
20251208,003028,振邦智能,30.66,30.8,30.91,30.66,664600.0
20251208,003029,吉大正元,24.53,26.6,26.6,24.39,7694800.0
20251208,003030,祖名股份,21.99,21.4,21.99,21.2,2822000.0
20251208,003031,中瓷电子,59.37,59.37,59.37,59.37,3822200.0
20251208,003032,传智教育,6.47,6.45,6.51,6.43,2835100.0
20251208,003033,征和工业,58.52,60.92,61.66,58.25,2184800.0
20251208,003035,南网能源,4.69,4.63,4.7,4.61,19572800.0
20251208,003036,泰坦股份,17.2,16.77,17.21,16.73,5376600.0
20251208,003037,三和管桩,7.73,7.75,7.8,7.7,4599800.0
20251208,003038,鑫铂股份,15.93,16.13,16.16,15.88,3455100.0
20251208,003039,顺控发展,14.65,14.4,14.66,14.37,9817500.0
20251208,003040,楚天龙,18.47,18.81,19.0,18.4,8690300.0
20251208,003041,真爱美家,46.41,46.3,46.88,45.01,6493400.0
20251208,003042,中农联合,17.23,17.39,17.52,16.94,7335800.0
20251208,003043,华亚智能,48.92,48.99,49.19,48.12,1216700.0
20251208,003816,中国广核,3.86,3.8,3.88,3.8,129511200.0
20251208,300001,特锐德,26.19,26.0,26.23,25.82,17216800.0
20251208,300002,神州泰岳,11.2,11.24,11.34,11.2,27611600.0
20251208,300003,乐普医疗,15.92,15.89,16.07,15.87,11502600.0
20251208,300004,南风股份,10.6,10.59,10.7,10.46,13997300.0
20251208,300005,探路者,10.4,10.35,10.66,10.3,44972400.0
20251208,300006,莱美药业,5.14,5.18,5.41,5.1,57525800.0
20251208,300007,汉威科技,51.0,52.13,52.5,50.22,26560000.0
20251208,300008,天海防务,8.15,8.34,8.59,8.15,301570400.0
20251208,300009,安科生物,9.75,9.79,9.9,9.75,15274200.0
20251208,300011,鼎汉技术,8.55,8.45,8.59,8.43,9790300.0
20251208,300012,华测检测,13.81,13.66,13.89,13.66,14462300.0
20251208,300013,新宁物流,4.13,4.16,4.18,4.1,11855100.0
20251208,300014,亿纬锂能,69.14,72.1,72.88,69.0,48927500.0
20251208,300015,爱尔眼科,11.31,11.4,11.52,11.31,39893000.0
20251208,300016,北陆药业,8.22,8.21,8.26,8.18,7312800.0
20251208,300017,网宿科技,10.29,10.31,10.39,10.26,37265200.0
20251208,300018,中元股份,10.86,10.75,10.95,10.69,12953700.0
20251208,300019,硅宝科技,20.73,20.85,21.05,20.7,9106200.0
20251208,300021,大禹节水,4.64,4.65,4.66,4.63,10027300.0
20251208,300022,吉峰科技,8.2,8.18,8.23,8.14,5420200.0
20251208,300024,机器人,17.55,18.04,18.36,17.45,52518100.0
20251208,300025,华星创业,6.11,6.28,6.32,6.11,13729700.0
20251208,300026,红日药业,3.83,3.78,3.85,3.77,56659200.0
20251208,300030,阳普医疗,7.91,7.87,8.0,7.85,4555600.0
20251208,300031,宝通科技,22.15,22.45,22.61,22.15,7556300.0
20251208,300032,金龙机电,5.49,5.62,5.65,5.49,30028700.0
20251208,300033,同花顺,333.94,330.07,337.74,329.17,12336300.0
20251208,300034,钢研高纳,17.26,17.34,17.85,17.25,41822000.0
20251208,300035,中科电气,21.11,21.46,21.59,21.05,24480200.0
20251208,300036,超图软件,17.69,17.43,17.8,17.39,18452400.0
20251208,300037,新宙邦,48.78,49.74,50.16,48.61,15130900.0
20251208,300039,上海凯宝,6.46,6.39,6.48,6.37,24208400.0
20251208,300040,九洲集团,6.24,6.28,6.3,6.21,9267300.0
20251208,300041,回天新材,11.23,11.3,11.44,11.21,15243900.0
20251208,300042,朗科科技,27.0,27.91,28.16,26.9,14843600.0
20251208,300043,星辉娱乐,5.64,5.83,5.89,5.62,50908200.0
20251208,300045,华力创通,24.08,24.16,24.85,23.99,84918000.0
20251208,300046,台基股份,36.0,36.23,36.62,35.87,7560600.0
20251208,300047,天源迪科,14.41,14.66,14.79,14.38,15522200.0
20251208,300048,合康新能,5.63,5.62,5.69,5.6,18147200.0
20251208,300049,福瑞医科,70.65,70.75,71.23,69.7,4398800.0
20251208,300050,世纪鼎利,5.84,5.9,5.96,5.83,11636800.0
20251208,300051,琏升科技,6.88,7.44,7.87,6.87,47006100.0
20251208,300052,中青宝,12.1,12.29,12.41,12.05,6389100.0
20251208,300053,航宇微,17.68,17.0,18.5,16.97,175190700.0
20251208,300054,鼎龙股份,35.04,35.41,35.68,34.82,12301300.0
20251208,300055,万邦达,7.98,7.92,8.01,7.82,9248100.0
20251208,300056,中创环保,8.37,8.58,8.6,8.36,14862100.0
20251208,300057,万顺新材,5.9,6.15,6.18,5.88,43826100.0
20251208,300058,蓝色光标,9.1,9.57,9.66,9.09,576366300.0
20251208,300059,东方财富,23.8,23.64,24.22,23.54,577238800.0
20251208,300061,旗天科技,11.0,11.04,11.14,10.94,7841200.0
20251208,300062,中能电气,10.02,10.14,10.65,9.83,168575100.0
20251208,300063,天龙集团,8.55,8.73,8.8,8.53,34667900.0
20251208,300065,海兰信,17.9,17.88,18.17,17.81,30980500.0
20251208,300066,三川智慧,6.57,6.59,6.62,6.55,17525200.0
20251208,300067,安诺其,4.9,5.06,5.1,4.86,41481900.0
20251208,300069,金利华电,18.66,18.69,18.75,18.47,2526500.0
20251208,300070,碧水源,4.18,4.16,4.21,4.15,20418700.0
20251208,300071,福石控股,5.89,6.16,6.25,5.87,107859500.0
20251208,300072,海新能科,4.49,4.52,4.56,4.48,40271900.0
20251208,300073,当升科技,57.96,59.07,59.65,57.86,12443200.0
20251208,300074,华平股份,4.99,5.13,5.22,4.97,23590900.0
20251208,300075,数字政通,15.68,15.65,15.84,15.65,7201000.0
20251208,300077,国民技术,21.52,21.54,21.78,21.51,12411300.0
20251208,300078,思创智联,4.96,5.3,5.48,4.95,225803500.0
20251208,300079,数码视讯,5.56,5.56,5.61,5.54,22122100.0
20251208,300080,易成新能,5.08,5.09,5.17,5.03,22975000.0
20251208,300082,奥克股份,10.27,10.45,10.51,10.14,25599800.0
20251208,300083,创世纪,9.33,9.3,9.42,9.22,46124200.0
20251208,300084,海默科技,9.15,9.3,9.33,9.05,12164700.0
20251208,300085,银之杰,40.5,41.84,43.63,40.36,76250600.0
20251208,300086,康芝药业,11.1,11.72,11.97,11.1,76502500.0
20251208,300088,长信科技,6.11,6.1,6.14,6.09,35691100.0
20251208,300092,科新机电,16.4,16.51,16.66,16.25,8879100.0
20251208,300093,金刚光伏,13.95,13.9,14.12,13.83,2683800.0
20251208,300094,国联水产,4.1,4.08,4.14,4.05,115011900.0
20251208,300095,华伍股份,11.03,11.11,11.4,10.96,103574700.0
20251208,300097,智云股份,6.76,6.97,7.0,6.75,15615500.0
20251208,300098,高新兴,5.75,5.87,5.95,5.72,96256300.0
20251208,300099,尤洛卡,7.77,7.64,7.81,7.6,48344200.0
20251208,300100,双林股份,38.18,38.51,38.69,38.05,10250400.0
20251208,300101,振芯科技,23.8,23.38,24.05,23.33,26868100.0
20251208,300102,乾照光电,24.71,23.59,25.5,23.0,264347600.0
20251208,300103,达刚控股,7.17,7.14,7.23,7.08,8042500.0
20251208,300105,龙源技术,7.53,7.45,7.55,7.43,6734900.0
20251208,300106,西部牧业,11.12,11.16,11.28,11.08,6254000.0
20251208,300107,建新股份,6.95,6.92,7.0,6.91,3381200.0
20251208,300109,新开源,17.11,17.27,17.55,17.11,6492000.0
20251208,300110,华仁药业,3.54,3.57,3.6,3.53,33098300.0
20251208,300111,向日葵,7.35,7.51,7.54,7.32,69992200.0
20251208,300112,万讯自控,9.11,9.18,9.23,9.09,5310100.0
20251208,300113,顺网科技,19.76,19.76,19.94,19.69,14131700.0
20251208,300115,长盈精密,42.5,45.22,45.47,41.5,195020100.0
20251208,300118,东方日升,10.15,10.68,10.91,10.11,61949800.0
20251208,300119,瑞普生物,19.33,19.37,19.42,19.22,3191800.0
20251208,300120,经纬辉开,9.22,9.29,9.36,9.2,15635500.0
20251208,300121,阳谷华泰,14.06,14.08,14.13,14.02,6589500.0
20251208,300122,智飞生物,20.14,20.06,20.23,19.98,12785800.0
20251208,300124,汇川技术,73.44,74.04,74.38,72.8,33409400.0
20251208,300125,聆达股份,7.1,7.35,7.46,7.08,11927200.0
20251208,300126,锐奇股份,9.33,9.2,9.39,9.16,5500700.0
20251208,300127,银河磁体,31.9,32.11,32.26,31.51,9741100.0
20251208,300128,锦富技术,7.08,7.38,7.43,7.07,56894900.0
20251208,300129,泰胜风能,9.0,8.95,9.18,8.8,90850600.0
20251208,300130,新国都,24.75,25.2,25.4,24.68,13201000.0
20251208,300131,英唐智控,12.3,12.48,12.71,12.23,76890700.0
20251208,300132,诺斯贝尔,7.65,7.83,7.99,7.58,23910300.0
20251208,300133,华策影视,7.42,7.49,7.6,7.41,54921400.0
20251208,300134,大富科技,12.31,12.4,12.53,12.26,17995300.0
20251208,300135,宝利国际,4.0,4.05,4.08,4.0,11927300.0
20251208,300136,信维通信,35.0,33.85,35.77,33.5,66081800.0
20251208,300137,先河环保,8.05,8.23,8.47,7.95,31451100.0
20251208,300138,晨光生物,12.4,12.2,12.41,12.15,4878300.0
20251208,300139,晓程科技,27.0,28.71,29.27,26.61,63775300.0
20251208,300140,节能环境,6.49,6.39,6.49,6.37,10686200.0
20251208,300141,和顺电气,11.66,11.74,11.84,11.66,6234800.0
20251208,300142,沃森生物,11.74,11.68,11.81,11.66,18900100.0
20251208,300143,盈康生命,10.08,10.07,10.13,10.06,3027000.0
20251208,300144,宋城演艺,7.97,8.06,8.08,7.95,25173800.0
20251208,300145,南方泵业,4.28,4.3,4.32,4.27,26295000.0
20251208,300146,汤臣倍健,11.93,11.78,11.98,11.77,21088300.0
20251208,300148,天舟文化,4.57,4.6,4.63,4.55,25366300.0
20251208,300149,睿智医药,9.94,9.99,10.07,9.94,6083700.0
20251208,300150,世纪瑞尔,5.43,5.62,5.75,5.41,30892300.0
20251208,300151,昌红科技,13.51,13.46,13.72,13.45,5691400.0
20251208,300153,科泰电源,30.62,31.26,31.48,30.53,11660200.0
20251208,300154,瑞凌股份,9.19,9.21,9.27,9.12,3972200.0
20251208,300155,安居宝,5.81,5.99,6.18,5.81,18711900.0
20251208,300157,新锦动力,4.78,4.79,4.82,4.74,20590600.0
20251208,300158,振东制药,6.6,6.5,6.64,6.5,26494400.0
20251208,300159,新研股份,3.31,3.33,3.39,3.31,30521400.0
20251208,300160,秀强股份,5.69,5.69,5.72,5.68,6439600.0
20251208,300161,华中数控,28.88,28.96,29.3,28.65,4305100.0
20251208,300162,雷曼光电,8.39,8.36,8.44,8.3,22808200.0
20251208,300163,先锋新材,4.35,4.4,4.43,4.35,20519700.0
20251208,300164,通源石油,5.94,5.96,5.99,5.86,51098900.0
20251208,300165,天瑞仪器,4.52,4.6,4.7,4.51,18717200.0
20251208,300166,东方国信,10.12,10.14,10.22,10.08,23784900.0
20251208,300168,万达信息,6.7,6.78,6.85,6.7,15777800.0
20251208,300169,天晟新材,6.4,6.44,6.58,6.38,10074500.0
20251208,300170,汉得信息,17.8,18.96,19.25,17.65,115836500.0
20251208,300171,东富龙,15.66,15.69,15.85,15.58,5922200.0
20251208,300172,中电环保,5.7,5.66,5.72,5.63,20638300.0
20251208,300174,元力股份,15.78,15.67,15.82,15.62,6936600.0
20251208,300175,朗源股份,5.83,5.85,5.89,5.81,3128000.0
20251208,300176,鸿特科技,6.98,6.94,6.99,6.92,6841600.0
20251208,300177,中海达,9.77,9.78,9.93,9.76,26817700.0
20251208,300179,四方达,16.01,16.67,16.85,16.0,67296400.0
20251208,300180,华峰超纤,6.45,6.54,6.63,6.43,28475100.0
20251208,300181,佐力药业,17.1,17.23,17.29,17.09,7772800.0
20251208,300182,捷成股份,5.49,5.47,5.54,5.46,51992700.0
20251208,300183,东软载波,15.39,15.46,15.59,15.3,4209100.0
20251208,300184,力源信息,10.16,10.26,10.33,10.13,29152500.0
20251208,300185,通裕重工,3.02,3.03,3.06,2.99,118907600.0
20251208,300187,永清环保,5.38,5.4,5.45,5.36,7520800.0
20251208,300188,国投智能,15.07,15.7,16.06,15.03,50481300.0
20251208,300189,神农种业,5.99,6.15,6.25,5.97,161875600.0
20251208,300190,维尔利,4.29,4.42,4.46,4.28,19564200.0
20251208,300191,潜能恒信,18.49,18.19,18.52,18.13,3641800.0
20251208,300192,科德教育,19.8,20.8,20.95,19.73,26673300.0
20251208,300193,佳士科技,9.23,9.2,9.24,9.16,5525400.0
20251208,300194,福安药业,4.63,4.58,4.64,4.56,21171300.0
20251208,300195,长荣股份,8.13,8.1,8.18,8.08,8196300.0
20251208,300196,长海股份,13.76,13.84,13.95,13.72,5180500.0
20251208,300197,节能铁汉,1.9,1.9,1.94,1.89,40718300.0
20251208,300199,翰宇药业,19.02,19.2,19.45,19.01,30849200.0
20251208,300200,高盟新材,11.9,12.56,12.65,11.83,53067300.0
20251208,300201,海伦哲,5.68,5.71,5.76,5.66,32463400.0
20251208,300203,聚光科技,15.48,15.38,15.53,15.31,5735800.0
20251208,300204,舒泰神,28.0,27.98,28.82,27.89,28144200.0
20251208,300206,理邦仪器,13.55,13.45,13.63,13.4,5744200.0
20251208,300207,欣旺达,29.21,29.4,29.72,28.91,45717800.0
20251208,300209,行云科技,5.44,5.51,5.56,5.44,9938400.0
20251208,300210,森远股份,9.08,9.11,9.33,9.03,10865800.0
20251208,300213,佳讯飞鸿,9.05,9.24,9.3,9.0,27787100.0
20251208,300214,日科化学,7.08,7.04,7.1,7.02,6161400.0
20251208,300215,电科院,7.56,7.41,7.57,7.38,36773200.0
20251208,300217,东方电热,5.32,5.3,5.37,5.29,29340000.0
20251208,300218,安利股份,16.2,16.17,16.33,16.06,6761600.0
20251208,300219,鸿利智汇,7.64,7.69,7.75,7.61,17341900.0
20251208,300220,金运激光,15.42,15.62,15.73,15.4,5301100.0
20251208,300221,银禧科技,9.62,9.8,9.93,9.46,52835300.0
20251208,300222,科大智能,11.21,11.25,11.31,11.2,11571500.0
20251208,300223,君正股份,91.43,93.85,94.39,91.0,32492800.0
20251208,300224,正海磁材,15.3,15.41,15.52,15.21,25129200.0
20251208,300225,金力泰,5.45,5.58,5.61,5.45,6325600.0
20251208,300226,上海钢联,24.53,24.61,24.83,24.53,5411600.0
20251208,300227,光韵达,8.91,9.1,9.18,8.9,14311200.0
20251208,300228,富瑞特装,9.02,9.06,9.3,8.98,65647700.0
20251208,300229,拓尔思,20.08,20.06,20.28,20.01,24344100.0
20251208,300230,永利股份,4.9,4.91,4.94,4.89,9887200.0
20251208,300231,银信科技,10.7,10.72,10.79,10.65,7102300.0
20251208,300232,洲明科技,7.19,7.26,7.34,7.17,18485700.0
20251208,300233,金城医药,16.28,16.27,16.39,16.22,2955800.0
20251208,300234,开尔新材,5.3,5.34,5.39,5.26,7453800.0
20251208,300235,方直科技,16.86,16.69,17.1,16.5,19232900.0
20251208,300236,上海新阳,56.9,58.85,59.79,56.71,12314100.0
20251208,300238,冠昊生物,14.7,14.62,14.8,14.54,4627600.0
20251208,300239,东宝生物,5.74,5.82,5.84,5.74,9983500.0
20251208,300240,飞力达,7.58,7.67,7.76,7.58,8571900.0
20251208,300241,瑞丰光电,6.1,6.13,6.17,6.08,25626500.0
20251208,300242,佳云科技,5.4,5.63,5.7,5.38,42360000.0
20251208,300243,瑞丰高材,10.74,10.91,10.97,10.73,4267300.0
20251208,300244,迪安诊断,15.29,15.18,15.35,15.14,7728500.0
20251208,300246,宝莱特,8.46,8.49,8.57,8.42,4406700.0
20251208,300247,融捷健康,4.93,5.07,5.14,4.93,28336000.0
20251208,300248,新开普,12.56,12.71,12.83,12.55,9240600.0
20251208,300249,依米康,14.41,14.55,14.69,14.37,7563000.0
20251208,300250,初灵信息,29.09,30.6,31.35,28.5,61060100.0
20251208,300251,光线传媒,16.19,16.3,16.35,16.16,25931200.0
20251208,300252,金信诺,13.65,13.91,14.25,13.59,66403700.0
20251208,300253,卫宁健康,8.18,8.27,8.36,8.13,37505800.0
20251208,300254,仟源医药,10.39,10.51,10.52,10.35,4332500.0
20251208,300255,常山药业,66.33,65.1,66.33,63.0,23937900.0
20251208,300256,星星科技,4.22,4.27,4.29,4.22,55784100.0
20251208,300257,开山股份,14.54,14.65,14.92,14.39,6504600.0
20251208,300258,精锻科技,13.78,13.91,14.16,13.6,30250500.0
20251208,300259,新天科技,4.49,4.64,4.64,4.48,43243800.0
20251208,300260,新莱应材,48.7,50.01,50.4,48.6,14782200.0
20251208,300261,雅本化学,7.22,7.18,7.29,7.16,14960400.0
20251208,300263,隆华科技,8.29,8.34,8.38,8.26,26089200.0
20251208,300264,佳创视讯,6.9,6.85,6.98,6.75,32443600.0
20251208,300265,通光线缆,9.95,10.08,10.28,9.94,24472800.0
20251208,300266,兴源环境,2.52,2.5,2.53,2.48,12245100.0
20251208,300267,尔康制药,3.8,3.82,3.89,3.8,49689100.0
20251208,300268,佳沃食品,13.9,13.73,13.92,13.38,2394100.0
20251208,300269,联建光电,7.41,8.2,8.57,7.35,191482000.0
20251208,300271,华宇软件,7.69,7.92,8.21,7.68,31632500.0
20251208,300272,开能健康,7.49,7.38,7.52,7.37,22004200.0
20251208,300274,阳光电源,182.11,184.28,188.2,177.3,70534600.0
20251208,300275,梅安森,13.29,13.39,13.65,13.23,9113100.0
20251208,300276,三丰智能,9.18,9.22,9.29,9.13,28762300.0
20251208,300277,汽轮科技,12.6,12.58,12.72,12.53,5431000.0
20251208,300278,华昌达,5.76,5.78,5.81,5.73,23441700.0
20251208,300279,和晶科技,7.24,7.29,7.33,7.23,6117800.0
20251208,300281,金明精机,8.1,8.09,8.16,8.01,22547800.0
20251208,300283,温州宏丰,7.75,7.95,7.96,7.75,17910100.0
20251208,300284,苏交科,8.32,8.22,8.34,8.2,8009800.0
20251208,300285,国瓷材料,22.96,22.9,23.25,22.85,19379900.0
20251208,300286,安科瑞,22.88,23.07,23.21,22.73,4472900.0
20251208,300287,飞利信,5.13,5.3,5.42,5.11,64528600.0
20251208,300288,朗玛信息,14.15,14.17,14.39,14.14,5270900.0
20251208,300289,利德曼,7.34,7.36,7.42,7.32,9273900.0
20251208,300291,百纳千成,5.69,5.63,5.71,5.62,16608700.0
20251208,300292,吴通控股,4.72,4.75,4.81,4.69,33181900.0
20251208,300293,蓝英装备,22.1,22.26,22.45,22.05,4159500.0
20251208,300294,博雅生物,23.71,23.67,23.8,23.65,1996500.0
20251208,300296,利亚德,6.51,6.5,6.57,6.46,55112400.0
20251208,300298,三诺生物,17.34,17.32,17.46,17.3,4404100.0
20251208,300299,富春股份,7.61,8.06,8.24,7.6,115261100.0
20251208,300300,海峡创新,18.2,18.47,19.44,17.67,227852700.0
20251208,300302,同有科技,18.5,19.51,19.75,18.36,23684400.0
20251208,300303,聚飞光电,6.8,6.9,6.92,6.78,46361300.0
20251208,300304,云意电气,11.26,11.17,11.26,11.1,13682000.0
20251208,300305,裕兴股份,6.95,6.86,7.27,6.79,28413200.0
20251208,300306,远方信息,13.15,13.66,13.88,13.15,13138500.0
20251208,300307,慈星股份,7.46,7.4,7.51,7.38,11523200.0
20251208,300308,中际旭创,543.0,570.0,585.0,539.0,40822400.0
20251208,300310,宜通世纪,6.3,6.46,6.54,6.3,49114500.0
20251208,300311,任子行,4.62,4.65,4.69,4.62,6784400.0
20251208,300313,天山生物,9.05,8.9,9.15,8.86,3826800.0
20251208,300314,戴维医疗,13.0,12.97,13.09,12.96,2209200.0
20251208,300315,掌趣科技,5.08,5.1,5.13,5.08,35688400.0
20251208,300316,晶盛机电,35.55,36.53,36.88,35.53,17960800.0
20251208,300317,珈伟新能,4.02,4.09,4.12,4.01,26011800.0
20251208,300318,博晖创新,6.81,6.78,6.9,6.75,16716000.0
20251208,300319,麦捷科技,12.04,12.14,12.22,12.01,27817000.0
20251208,300320,海达股份,9.74,9.9,10.03,9.71,14203500.0
20251208,300321,同大股份,47.28,47.34,48.4,46.89,1608800.0
20251208,300322,硕贝德,22.15,22.58,22.87,22.11,28078200.0
20251208,300323,华灿光电,7.99,8.0,8.09,7.92,19068700.0
20251208,300324,旋极信息,6.06,6.34,6.56,6.04,217058100.0
20251208,300327,中颖电子,29.3,29.63,29.88,29.0,21042300.0
20251208,300328,宜安科技,16.5,16.47,16.75,16.41,21721300.0
20251208,300329,海伦钢琴,17.93,18.13,18.19,17.67,7116200.0
20251208,300331,苏大维格,30.2,30.97,31.15,30.18,7931100.0
20251208,300332,天壕能源,5.52,5.5,5.56,5.48,8869800.0
20251208,300333,兆日科技,11.0,11.42,11.58,11.0,18665600.0
20251208,300334,津膜科技,7.62,7.64,7.7,7.55,8973900.0
20251208,300335,迪森股份,6.01,6.03,6.08,6.01,9028000.0
20251208,300337,银邦股份,12.0,13.57,13.57,11.91,109156000.0
20251208,300339,润和软件,50.18,50.76,51.12,50.18,24410400.0
20251208,300340,科恒股份,13.0,13.15,13.22,12.95,6107800.0
20251208,300341,麦克奥迪,17.25,17.64,17.79,17.25,8725700.0
20251208,300342,天银机电,21.78,22.26,24.37,21.54,107870800.0
20251208,300343,联创股份,6.02,5.97,6.1,5.95,20481600.0
20251208,300345,华民股份,6.43,6.54,6.58,6.43,8562500.0
20251208,300346,南大光电,40.82,41.81,42.13,40.8,49088700.0
20251208,300347,泰格医药,49.69,49.31,49.94,49.16,7108400.0
20251208,300348,长亮科技,13.75,13.87,14.1,13.6,26989600.0
20251208,300349,金卡智能,13.67,13.57,13.7,13.5,8447800.0
20251208,300350,华鹏飞,7.13,7.49,7.52,7.09,57147600.0
20251208,300351,永贵电器,17.08,17.26,17.36,17.08,7836200.0
20251208,300353,东土科技,20.5,20.57,20.71,20.4,12337000.0
20251208,300354,东华测试,44.68,46.19,47.55,44.51,5807500.0
20251208,300355,蒙草生态,4.14,4.14,4.19,4.13,25411600.0
20251208,300357,我武生物,30.41,30.36,30.87,30.07,3868200.0
20251208,300358,楚天科技,9.21,9.28,9.37,9.21,14952000.0
20251208,300359,全通教育,5.55,5.58,5.67,5.55,9019100.0
20251208,300360,炬华科技,16.52,16.56,16.65,16.48,11609900.0
20251208,300363,博腾股份,23.41,23.42,23.69,23.38,5963000.0
20251208,300364,中文在线,25.12,25.24,25.46,25.01,29122200.0
20251208,300365,恒华科技,6.57,6.67,6.75,6.57,24008900.0
20251208,300368,汇金股份,15.5,15.82,16.4,15.5,82092700.0
20251208,300369,绿盟科技,7.77,8.02,8.27,7.77,32477300.0
20251208,300370,安控科技,2.74,2.75,2.76,2.72,18564300.0
20251208,300371,汇中股份,12.68,12.8,12.88,12.64,2365000.0
20251208,300373,扬杰科技,64.65,65.76,65.93,64.58,9074800.0
20251208,300374,中铁装配,16.89,16.47,16.9,16.44,7507100.0
20251208,300375,鹏翎股份,5.29,5.43,5.49,5.25,31867200.0
20251208,300376,易事特,5.91,5.98,6.03,5.91,14758700.0
20251208,300377,赢时胜,19.8,21.3,22.35,19.51,195000200.0
20251208,300378,鼎捷数智,42.7,43.38,43.77,42.64,8615000.0
20251208,300380,安硕信息,42.38,43.18,44.27,42.2,9283400.0
20251208,300381,溢多利,6.9,6.86,6.97,6.85,5394900.0
20251208,300382,斯莱克,15.36,15.56,15.58,15.27,11292000.0
20251208,300383,光环新网,12.71,12.71,12.77,12.66,31886500.0
20251208,300384,三联虹普,16.34,16.47,16.56,16.3,3147600.0
20251208,300386,飞天诚信,16.2,16.75,17.1,16.2,8728300.0
20251208,300387,富邦科技,8.92,8.92,9.01,8.91,4617200.0
20251208,300388,节能国祯,9.05,8.92,9.14,8.9,11495100.0
20251208,300389,艾比森,15.76,15.92,15.98,15.74,3633300.0
20251208,300390,天华新能,47.51,51.65,52.82,47.18,57588900.0
20251208,300393,中来股份,6.9,7.05,7.15,6.84,45551400.0
20251208,300394,天孚通信,198.75,236.9,238.5,198.06,71244500.0
20251208,300395,菲利华,80.03,81.59,84.18,79.11,27871900.0
20251208,300397,天和防务,14.38,14.48,14.85,14.33,54469800.0
20251208,300398,飞凯材料,21.78,22.19,22.3,21.76,17415700.0
20251208,300399,天利科技,25.48,26.06,26.58,25.09,10876500.0
20251208,300400,劲拓股份,18.95,18.99,19.03,18.7,5747000.0
20251208,300401,花园生物,14.14,14.25,14.35,14.01,9600100.0
20251208,300402,宝色股份,21.07,21.51,21.57,20.93,10215700.0
20251208,300403,汉宇集团,14.21,14.27,14.39,14.08,29268400.0
20251208,300404,博济医药,9.63,9.69,9.75,9.62,4357100.0
20251208,300405,科隆股份,6.95,6.95,7.01,6.91,10540200.0
20251208,300406,九强生物,13.67,13.65,13.76,13.56,3785500.0
20251208,300407,凯发电气,12.8,12.63,12.91,12.58,8804800.0
20251208,300408,三环集团,43.32,44.88,45.2,43.0,29740600.0
20251208,300409,道氏技术,21.72,22.0,22.15,21.63,22954000.0
20251208,300410,正业科技,8.41,8.59,8.65,8.39,9158700.0
20251208,300411,金盾股份,11.56,11.67,11.75,11.55,5590400.0
20251208,300412,迦南科技,5.83,5.77,5.88,5.74,22457100.0
20251208,300413,芒果超媒,23.94,23.99,24.21,23.86,19141200.0
20251208,300414,中光防雷,12.02,12.44,12.5,12.0,16269300.0
20251208,300415,伊之密,25.59,25.45,25.68,25.17,8211000.0
20251208,300416,苏试试验,16.63,16.79,17.28,16.45,40421900.0
20251208,300417,南华仪器,14.14,14.23,14.32,13.86,3369100.0
20251208,300418,昆仑万维,41.0,41.1,41.41,40.84,41459300.0
20251208,300420,五洋自控,4.15,4.25,4.28,4.13,45360000.0
20251208,300421,力星股份,28.0,32.61,33.22,26.9,89042100.0
20251208,300422,博世科,5.0,4.99,5.05,4.97,7888400.0
20251208,300423,昇辉科技,7.94,7.97,8.09,7.85,16492500.0
20251208,300424,航新科技,17.96,17.81,18.3,17.72,26154400.0
20251208,300425,中建环能,5.07,5.08,5.11,5.06,8477500.0
20251208,300426,华智数媒,8.14,8.26,8.32,8.12,5848000.0
20251208,300427,红相股份,11.75,12.67,12.67,11.54,122273100.0
20251208,300428,立中集团,22.21,22.64,22.88,22.05,13143400.0
20251208,300429,强力新材,13.51,13.72,13.79,13.5,12777100.0
20251208,300432,富临精工,16.08,16.03,16.14,15.85,40335300.0
20251208,300433,蓝思科技,29.13,29.38,29.57,28.37,81322700.0
20251208,300434,金石亚药,11.7,11.56,11.82,11.48,17583100.0
20251208,300435,中泰股份,19.63,19.49,19.74,19.39,5492900.0
20251208,300436,广生堂,91.33,94.01,96.48,91.33,6479300.0
20251208,300437,清水源,22.0,21.4,22.18,20.92,47856900.0
20251208,300438,鹏辉能源,53.93,55.1,55.98,52.7,22322100.0
20251208,300439,美康生物,10.38,10.36,10.43,10.34,2661500.0
20251208,300440,运达科技,12.22,12.45,12.55,12.2,5885700.0
20251208,300441,鲍斯股份,7.81,7.79,7.83,7.77,4002100.0
20251208,300442,润泽科技,47.89,49.15,49.49,47.77,22767200.0
20251208,300443,金雷股份,28.9,28.84,29.28,28.5,10908600.0
20251208,300444,双杰电气,9.61,9.67,9.82,9.61,60080300.0
20251208,300445,康斯特,21.11,21.61,21.7,20.98,5681900.0
20251208,300446,航天智造,21.46,21.59,22.5,21.35,75467700.0
20251208,300447,全信股份,16.51,16.87,17.86,16.51,32707800.0
20251208,300448,浩云科技,7.46,7.76,7.86,7.41,30097000.0
20251208,300449,汉邦高科,7.15,7.16,7.24,7.12,6722200.0
20251208,300450,先导智能,48.5,50.29,50.8,48.5,71936600.0
20251208,300451,创业慧康,5.0,5.11,5.17,4.99,40684900.0
20251208,300452,山河药辅,14.21,14.08,14.31,14.01,5165400.0
20251208,300453,三鑫医疗,9.21,9.21,9.28,9.19,3704400.0
20251208,300454,深信服,112.71,113.28,114.7,112.55,3452700.0
20251208,300455,航天智装,29.3,28.7,32.66,28.6,125525100.0
20251208,300456,赛微电子,48.0,53.65,54.93,47.45,129498700.0
20251208,300457,赢合科技,27.24,27.77,28.1,27.24,12790400.0
20251208,300458,全志科技,42.25,42.64,42.94,42.2,17407500.0
20251208,300459,汤姆猫,4.68,4.71,4.75,4.68,89880400.0
20251208,300461,田中精机,20.84,20.88,20.99,20.74,1966800.0
20251208,300463,迈克生物,11.5,11.45,11.56,11.43,5331200.0
20251208,300464,星徽股份,6.98,7.17,7.26,6.97,17493500.0
20251208,300465,高伟达,21.5,21.81,22.0,21.37,17688300.0
20251208,300466,赛摩智能,10.01,10.27,10.31,10.0,10312000.0
20251208,300467,迅游科技,28.39,26.96,28.39,26.95,10712200.0
20251208,300468,四方精创,31.84,33.0,33.57,31.7,37429600.0
20251208,300469,信息发展,65.12,62.46,66.98,62.0,10060500.0
20251208,300470,中密控股,35.8,35.79,35.97,35.67,1795800.0
20251208,300471,厚普股份,13.97,13.62,14.1,13.54,22875000.0
20251208,300473,德尔股份,27.6,27.67,27.81,27.36,2026000.0
20251208,300474,景嘉微,73.34,73.4,74.0,73.12,10536100.0
20251208,300475,香农芯创,127.01,143.36,146.33,126.0,80231200.0
20251208,300476,胜宏科技,269.5,287.01,292.8,268.94,53543300.0
20251208,300478,杭州高新,29.93,29.72,31.25,29.52,6636100.0
20251208,300479,神思电子,19.17,19.2,19.38,19.17,2914500.0
20251208,300480,光力科技,16.02,16.18,16.33,15.99,4584100.0
20251208,300481,濮阳惠成,16.18,16.09,16.24,15.94,6380400.0
20251208,300482,万孚生物,20.84,20.82,20.94,20.79,2566600.0
20251208,300483,首华燃气,15.47,16.11,16.39,15.4,26935600.0
20251208,300484,蓝海华腾,19.1,19.28,19.33,19.05,3207000.0
20251208,300485,赛升药业,11.52,11.44,11.62,11.4,6876900.0
20251208,300486,东杰智能,20.08,20.16,20.44,19.96,8331800.0
20251208,300487,蓝晓科技,52.17,52.47,52.75,51.87,2603800.0
20251208,300488,恒锋工具,32.45,32.19,32.62,31.94,1609800.0
20251208,300489,光智科技,40.57,40.71,40.85,40.31,1085500.0
20251208,300490,华自科技,12.8,12.88,13.05,12.45,34760300.0
20251208,300491,通合科技,25.78,25.78,25.93,25.5,3981600.0
20251208,300492,华图山鼎,68.88,69.44,70.3,68.3,1148800.0
20251208,300493,润欣科技,19.96,20.09,20.25,19.8,27180000.0
20251208,300494,盛天网络,11.95,12.03,12.12,11.95,9819600.0
20251208,300496,中科创达,65.81,65.58,66.1,65.36,13838000.0
20251208,300497,富祥股份,14.58,14.83,14.92,14.42,34754400.0
20251208,300498,温氏股份,17.15,17.08,17.18,16.98,28225600.0
20251208,300499,高澜股份,26.38,27.04,27.3,26.26,23199000.0
20251208,300500,启迪设计,16.19,15.54,16.19,15.42,11131900.0
20251208,300501,海顺新材,16.16,16.14,16.25,16.02,2275200.0
20251208,300502,新易盛,375.12,404.52,415.51,375.03,55941300.0
20251208,300503,昊志机电,34.99,35.8,36.2,33.6,56967700.0
20251208,300504,天邑股份,14.36,14.58,14.68,14.33,3939000.0
20251208,300505,川金诺,22.7,22.41,22.75,22.15,12691700.0
20251208,300506,名家汇,4.24,4.45,4.54,4.24,14350000.0
20251208,300507,苏奥传感,9.26,9.4,9.47,9.2,28263500.0
20251208,300508,维宏股份,36.82,38.1,38.46,36.13,10752300.0
20251208,300509,新美星,13.01,13.16,13.27,12.83,22255100.0
20251208,300510,金冠股份,4.33,4.34,4.36,4.31,13544200.0
20251208,300511,雪榕生物,6.75,6.74,7.17,6.73,21279600.0
20251208,300512,中亚股份,9.93,9.85,9.96,9.8,9496300.0
20251208,300513,恒实科技,9.61,9.7,9.85,9.61,5436100.0
20251208,300514,友讯达,13.53,13.59,13.68,13.5,2801900.0
20251208,300515,三德科技,19.65,19.62,19.8,19.55,1708100.0
20251208,300516,久之洋,55.01,56.76,59.0,54.27,22886200.0
20251208,300517,海波重科,11.59,11.74,11.74,11.51,4173600.0
20251208,300518,新迅达,16.66,17.13,17.65,16.46,13074400.0
20251208,300519,新光药业,16.79,17.34,18.25,16.61,13183600.0
20251208,300520,科大国创,35.58,36.62,38.0,35.58,42862000.0
20251208,300521,爱司凯,28.8,28.65,28.94,28.12,3825800.0
20251208,300522,世名科技,12.95,12.94,13.15,12.91,4434000.0
20251208,300523,辰安科技,25.29,25.77,26.39,25.17,10936000.0
20251208,300525,博思软件,14.36,14.52,14.62,14.2,44025000.0
20251208,300528,幸福蓝海,21.52,21.5,21.78,21.21,22189100.0
20251208,300529,健帆生物,20.16,20.12,20.25,20.09,2800000.0
20251208,300530,领湃科技,27.72,28.12,28.24,27.7,2297000.0
20251208,300531,优博讯,17.31,17.57,17.7,17.25,4657300.0
20251208,300532,今天国际,11.9,11.93,11.98,11.88,3483300.0
20251208,300533,冰川网络,34.04,34.43,34.7,33.93,4573500.0
20251208,300534,陇神戎发,10.59,10.42,10.65,10.36,11839100.0
20251208,300535,达威股份,19.03,19.09,19.24,18.9,2201100.0
20251208,300536,农尚环境,8.39,8.18,8.54,8.12,12865300.0
20251208,300537,广信材料,23.39,23.58,23.76,23.27,6084100.0
20251208,300538,同益股份,17.3,17.59,17.72,17.21,9088000.0
20251208,300539,横河精密,41.17,41.65,42.11,41.09,4535100.0
20251208,300540,蜀道装备,19.05,18.75,19.09,18.67,3726600.0
20251208,300541,先进数通,14.69,14.78,14.83,14.66,8689600.0
20251208,300542,新晨科技,18.79,18.62,19.19,18.61,7854900.0
20251208,300543,朗科智能,10.98,11.0,11.08,10.91,4545400.0
20251208,300545,联得装备,33.46,33.38,33.6,32.69,13484700.0
20251208,300546,雄帝科技,24.01,24.38,24.53,23.94,4985000.0
20251208,300547,川环科技,33.21,34.31,34.37,32.98,9319700.0
20251208,300548,长芯博创,123.64,133.3,136.74,122.0,47288100.0
20251208,300549,优德精密,21.15,20.63,21.23,20.4,6833700.0
20251208,300550,和仁科技,13.45,13.44,13.74,13.31,3705200.0
20251208,300552,万集科技,24.43,24.75,24.97,24.43,2658000.0
20251208,300553,集智股份,35.88,40.15,41.08,35.82,11307300.0
20251208,300554,三超新材,23.62,24.28,24.42,23.62,3294000.0
20251208,300556,丝路视觉,19.53,19.72,19.85,19.46,4136000.0
20251208,300557,理工光科,29.34,29.45,29.63,29.14,3259600.0
20251208,300558,贝达药业,48.27,48.26,48.9,48.02,6104400.0
20251208,300559,佳发教育,11.34,11.3,11.46,11.28,4730800.0
20251208,300560,中富通,19.92,20.59,20.84,19.61,55075300.0
20251208,300561,汇金科技,14.3,14.2,14.55,14.17,7163600.0
20251208,300562,乐心医疗,13.96,13.9,14.06,13.88,3548800.0
20251208,300563,神宇股份,38.53,39.79,39.91,38.25,11177200.0
20251208,300564,筑博设计,15.7,15.8,15.92,15.69,1100600.0
20251208,300565,科信技术,12.68,13.06,13.14,12.6,16417800.0
20251208,300566,激智科技,18.81,18.82,18.95,18.72,4589400.0
20251208,300567,精测电子,67.86,67.43,68.0,66.7,5130800.0
20251208,300568,星源材质,15.07,15.48,15.5,14.85,82508600.0
20251208,300569,天能重工,6.0,5.99,6.02,5.95,15390000.0
20251208,300570,太辰光,112.2,119.75,122.95,112.2,39241600.0
20251208,300571,平治信息,28.27,28.58,28.8,28.25,2270600.0
20251208,300572,安车检测,28.32,29.4,29.47,27.98,8157200.0
20251208,300573,兴齐眼药,73.19,73.09,74.18,72.97,6114600.0
20251208,300575,中旗股份,6.11,6.09,6.15,6.07,6741300.0
20251208,300576,容大感光,39.19,40.69,41.41,39.19,36177000.0
20251208,300577,开润股份,23.16,23.06,23.16,22.82,1032300.0
20251208,300578,会畅科技,17.91,19.14,19.82,17.86,13863200.0
20251208,300579,数字认证,29.56,29.74,30.06,29.21,3042100.0
20251208,300580,贝斯特,24.41,24.49,24.59,24.24,5423000.0
20251208,300581,晨曦航空,17.24,17.38,17.85,17.24,33554000.0
20251208,300582,英飞特,14.98,15.01,15.15,14.72,6588200.0
20251208,300583,赛托生物,14.87,14.9,15.04,14.83,1761400.0
20251208,300584,海辰药业,51.36,52.31,52.65,51.31,4334800.0
20251208,300585,奥联电子,20.99,20.25,21.15,19.82,10806000.0
20251208,300586,美联新材,10.15,10.13,10.27,10.09,6265700.0
20251208,300587,天铁科技,7.47,7.49,7.73,7.47,18011400.0
20251208,300588,熙菱信息,29.52,28.68,29.66,28.68,6215500.0
20251208,300589,江龙船艇,23.0,22.43,23.57,22.3,66644300.0
20251208,300590,移为通信,12.54,12.63,12.77,12.54,9391900.0
20251208,300591,万里马,9.5,10.04,10.18,9.5,45647300.0
20251208,300592,华凯易佰,10.74,11.02,11.14,10.7,12497600.0
20251208,300593,新雷能,26.02,25.65,26.31,25.15,34126800.0
20251208,300595,欧普康视,15.63,15.57,15.71,15.56,8091800.0
20251208,300596,利安隆,42.5,42.75,43.28,42.31,6835600.0
20251208,300597,吉大通信,9.57,9.73,9.79,9.52,9247800.0
20251208,300598,诚迈科技,46.4,46.99,47.28,46.31,6844000.0
20251208,300599,雄塑科技,7.4,7.48,7.57,7.34,5362400.0
20251208,300600,国瑞科技,16.08,16.12,16.39,16.03,10102400.0
20251208,300601,康泰生物,15.64,15.58,15.78,15.52,7556400.0
20251208,300602,飞荣达,27.97,29.0,29.39,27.92,22390700.0
20251208,300603,立昂技术,10.1,10.22,10.25,10.02,5727500.0
20251208,300604,长川科技,85.0,87.82,88.22,84.69,42861500.0
20251208,300605,恒锋信息,18.57,19.49,19.56,18.5,29610700.0
20251208,300606,金太阳,22.35,22.55,22.66,22.18,3738500.0
20251208,300607,拓斯达,29.7,29.93,30.09,29.3,14265300.0
20251208,300608,思特奇,11.46,11.55,11.61,11.41,4608600.0
20251208,300609,汇纳科技,40.43,40.63,41.2,40.1,5221700.0
20251208,300610,晨化股份,12.44,12.33,12.51,12.25,4321200.0
20251208,300611,美力科技,27.4,27.58,27.76,27.17,6165600.0
20251208,300612,宣亚国际,17.38,17.75,17.96,17.3,28999400.0
20251208,300613,富瀚微,45.92,45.97,46.35,45.4,3459000.0
20251208,300614,百川畅银,13.73,13.71,13.8,13.4,2940400.0
20251208,300615,欣天科技,14.0,14.37,14.41,13.93,5552500.0
20251208,300616,尚品宅配,13.94,14.22,14.3,13.89,3788200.0
20251208,300617,安靠智电,31.65,31.61,31.85,31.45,1410000.0
20251208,300618,寒锐钴业,44.18,45.13,45.36,44.18,9287200.0
20251208,300619,金银河,46.2,46.7,46.99,45.8,12483600.0
20251208,300620,光库科技,144.04,167.25,169.19,144.04,35188100.0
20251208,300621,维业股份,9.13,9.12,9.21,9.06,3834000.0
20251208,300622,博士眼镜,31.54,32.49,32.6,31.4,19011800.0
20251208,300623,捷捷微电,26.82,27.02,27.18,26.82,9750000.0
20251208,300624,万兴科技,70.24,71.0,71.3,70.18,8908900.0
20251208,300625,三雄极光,12.4,12.55,12.67,12.35,2458600.0
20251208,300626,华瑞股份,14.15,14.28,14.5,13.96,12063600.0
20251208,300627,华测导航,32.38,31.93,32.6,31.85,20220400.0
20251208,300628,亿联网络,34.3,34.59,34.68,34.22,6665400.0
20251208,300629,新劲刚,19.2,19.19,19.49,19.14,7907800.0
20251208,300631,久吾高科,28.67,28.8,28.93,28.3,3160000.0
20251208,300632,光莆股份,15.73,17.32,18.28,15.6,56343000.0
20251208,300633,开立医疗,26.92,27.22,27.39,26.92,2638600.0
20251208,300634,彩讯股份,24.86,25.18,25.39,24.86,10330100.0
20251208,300635,中达安,17.02,17.31,17.48,16.97,3625700.0
20251208,300636,同和药业,8.08,8.04,8.09,8.0,4566000.0
20251208,300637,扬帆新材,11.95,12.1,12.23,11.88,4623700.0
20251208,300638,广和通,29.15,30.54,31.2,29.13,91473600.0
20251208,300639,凯普生物,5.93,5.86,5.96,5.85,7261000.0
20251208,300640,德艺文创,8.01,8.05,8.22,7.81,30269600.0
20251208,300641,正丹股份,18.3,18.39,18.45,18.29,3697300.0
20251208,300642,透景生命,18.92,19.05,19.28,18.9,3702400.0
20251208,300643,万通智控,19.25,19.17,19.27,18.95,4119800.0
20251208,300644,南京聚隆,32.79,32.9,33.18,32.79,2054900.0
20251208,300645,正元智慧,18.16,18.59,18.68,18.09,4813800.0
20251208,300647,超频三,7.35,7.39,7.46,7.32,19108200.0
20251208,300648,星云股份,46.66,48.85,49.95,46.65,6790200.0
20251208,300649,杭州园林,14.95,14.99,15.15,14.88,3017600.0
20251208,300650,太龙股份,18.25,19.15,19.61,18.15,25150200.0
20251208,300651,金陵体育,22.26,22.33,22.6,21.93,10415000.0
20251208,300652,雷迪克,52.96,53.77,53.77,52.5,2244100.0
20251208,300653,正海生物,21.72,21.4,21.84,21.35,4516400.0
20251208,300654,世纪天鸿,9.88,9.94,10.03,9.88,10048000.0
20251208,300655,晶瑞电材,15.91,16.49,16.56,15.91,73196800.0
20251208,300656,民德电子,21.28,21.28,21.46,21.21,1947000.0
20251208,300657,弘信电子,29.4,30.65,30.98,29.13,41751100.0
20251208,300658,延江股份,11.7,11.51,11.88,11.43,13909700.0
20251208,300659,中孚信息,18.26,18.59,18.8,17.89,23833100.0
20251208,300660,江苏雷利,50.36,51.77,52.08,49.7,15667100.0
20251208,300661,圣邦股份,66.48,66.22,67.0,66.03,10715800.0
20251208,300662,科锐国际,27.16,26.92,27.24,26.85,2735600.0
20251208,300663,科蓝软件,17.38,17.51,17.66,17.3,8125600.0
20251208,300664,鹏鹞环保,5.66,5.64,5.68,5.61,12121400.0
20251208,300665,飞鹿股份,9.72,9.69,9.8,9.62,6579900.0
20251208,300666,江丰电子,87.32,88.78,89.4,87.01,7916200.0
20251208,300667,必创科技,17.08,17.28,17.55,16.98,11576000.0
20251208,300668,杰恩股份,19.12,19.29,19.4,18.97,1423900.0
20251208,300669,沪宁股份,27.2,27.31,27.73,27.06,1044700.0
20251208,300670,大烨智能,8.28,8.16,8.3,8.02,11777700.0
20251208,300671,富满微,34.53,35.28,35.46,34.53,5086800.0
20251208,300672,国科微,96.43,100.11,102.79,96.15,10608800.0
20251208,300673,佩蒂股份,17.86,18.01,18.26,17.68,4316000.0
20251208,300674,宇信科技,21.8,21.98,22.14,21.75,10314800.0
20251208,300675,建科院,16.59,16.54,16.67,16.36,3709400.0
20251208,300676,华大基因,45.23,45.0,45.45,44.97,2747500.0
20251208,300677,英科医疗,43.48,43.72,44.1,42.68,8271600.0
20251208,300678,中科信息,31.09,31.07,31.3,31.0,4725500.0
20251208,300679,电连技术,47.0,47.3,47.5,46.82,3846900.0
20251208,300680,隆盛科技,50.75,50.34,51.23,49.5,16714300.0
20251208,300681,英搏尔,27.8,27.79,28.08,27.61,6163900.0
20251208,300682,朗新科技,15.4,15.41,15.76,15.37,17403300.0
20251208,300683,海特生物,29.6,29.68,30.35,29.55,3194400.0
20251208,300684,中石科技,42.22,45.2,45.67,42.22,29722400.0
20251208,300685,艾德生物,22.28,22.28,22.66,22.16,6170000.0
20251208,300686,智动力,14.96,15.25,15.45,14.96,8585900.0
20251208,300687,赛意信息,21.93,22.45,22.64,21.9,6968600.0
20251208,300688,创业黑马,28.15,28.42,28.93,28.01,5078500.0
20251208,300689,澄天伟业,46.2,46.2,46.48,45.71,1420300.0
20251208,300690,双一科技,30.36,30.22,30.39,29.93,3441200.0
20251208,300691,联合光电,17.45,17.68,17.81,17.44,4604900.0
20251208,300692,中赋科技,8.35,8.27,8.41,8.24,6309400.0
20251208,300693,盛弘股份,39.53,39.64,40.19,39.27,12035200.0
20251208,300694,蠡湖股份,12.16,12.26,12.29,12.1,3235400.0
20251208,300695,兆丰股份,90.15,90.65,91.25,88.5,868900.0
20251208,300696,爱乐达,26.44,26.68,27.04,26.42,11229100.0
20251208,300697,电工合金,17.23,18.02,18.36,17.0,35944100.0
20251208,300698,万马科技,39.8,41.2,41.55,39.44,6183000.0
20251208,300699,光威复材,30.18,30.56,31.39,30.06,32003300.0
20251208,300700,岱勒新材,11.7,12.24,12.38,11.68,13008900.0
20251208,300701,森霸传感,12.36,12.45,12.46,12.26,4721400.0
20251208,300702,天宇股份,24.86,24.76,25.17,24.72,2013400.0
20251208,300703,创源股份,24.17,24.2,24.42,24.15,2646100.0
20251208,300705,九典制药,16.07,16.07,16.15,16.02,5380300.0
20251208,300706,阿石创,35.22,37.4,37.66,35.22,12903800.0
20251208,300707,威唐工业,15.98,16.27,16.42,15.87,11188100.0
20251208,300708,聚灿光电,9.06,9.1,9.14,9.01,50643100.0
20251208,300709,精研科技,44.6,44.74,45.15,43.9,10071700.0
20251208,300711,广哈通信,22.62,22.6,22.9,22.41,6203200.0
20251208,300712,永福股份,30.69,30.32,31.14,30.2,10938700.0
20251208,300713,英可瑞,17.2,17.18,17.37,17.11,2018200.0
20251208,300715,凯伦股份,10.75,10.62,10.94,10.55,3238000.0
20251208,300717,华信新材,19.78,19.81,19.89,19.71,1446500.0
20251208,300718,长盛轴承,83.02,84.43,84.87,82.7,8623000.0
20251208,300719,安达维尔,17.05,17.12,17.55,17.05,9633800.0
20251208,300720,海川智能,30.59,32.0,32.8,29.75,11218900.0
20251208,300721,怡达股份,13.73,13.79,13.95,13.7,3323000.0
20251208,300722,新余国科,33.33,33.48,34.68,33.22,15721200.0
20251208,300723,一品红,48.0,48.37,49.8,47.8,6624600.0
20251208,300724,捷佳伟创,84.61,92.16,95.66,84.61,29608200.0
20251208,300725,药石科技,38.03,38.11,38.35,38.03,2564000.0
20251208,300726,宏达电子,41.39,41.2,42.05,41.01,10683200.0
20251208,300727,润禾材料,33.33,33.62,33.88,33.0,1854200.0
20251208,300729,乐歌股份,14.01,14.06,14.13,13.94,2260000.0
20251208,300730,科创信息,12.83,13.04,13.11,12.75,8250500.0
20251208,300731,科创新源,44.48,47.92,48.6,44.33,15913900.0
20251208,300732,设研院,7.82,7.8,7.85,7.78,4894200.0
20251208,300733,西菱动力,17.88,18.21,18.58,17.5,9676600.0
20251208,300735,光弘科技,25.11,25.15,25.35,25.09,8783400.0
20251208,300736,百邦科技,20.5,21.79,21.97,19.98,15094400.0
20251208,300737,科顺股份,5.16,5.16,5.22,5.12,12206900.0
20251208,300738,奥飞数据,18.95,19.17,19.26,18.88,27145300.0
20251208,300739,明阳电路,16.69,17.24,17.32,16.59,16848800.0
20251208,300740,水羊股份,19.96,20.54,20.72,19.9,14170200.0
20251208,300741,华宝股份,18.45,18.19,18.45,18.06,4667900.0
20251208,300743,天地数码,17.79,17.77,17.94,17.73,1477700.0
20251208,300745,欣锐科技,27.15,27.51,27.69,26.67,6059800.0
20251208,300746,汉嘉数智,13.02,12.93,13.08,12.88,1920600.0
20251208,300747,锐科激光,25.36,25.76,26.16,25.33,16218000.0
20251208,300748,金力永磁,35.59,36.4,36.85,35.5,74634700.0
20251208,300749,顶固集创,12.98,12.32,13.0,12.06,23845500.0
20251208,300750,宁德时代,390.43,392.5,395.38,385.5,21659800.0
20251208,300751,迈为股份,133.89,146.86,150.02,133.85,24743400.0
20251208,300752,隆利科技,18.81,18.79,19.05,18.72,3891100.0
20251208,300753,爱朋医疗,27.29,27.07,27.49,26.73,4345200.0
20251208,300755,华致酒行,18.05,18.18,18.28,18.0,2683700.0
20251208,300756,金马游乐,54.02,55.09,55.6,54.02,2562400.0
20251208,300757,罗博特科,216.52,234.51,244.0,214.0,12205600.0
20251208,300758,七彩化学,13.19,13.14,13.27,13.11,5044900.0
20251208,300759,康龙化成,29.26,29.13,29.54,29.03,13887200.0
20251208,300760,迈瑞医疗,202.39,200.05,204.75,200.02,6107200.0
20251208,300761,立华股份,20.04,20.14,20.2,19.8,4559700.0
20251208,300762,上海瀚讯,34.5,33.13,36.35,32.88,177715900.0
20251208,300763,锦浪科技,71.0,72.49,73.1,70.87,10088800.0
20251208,300765,石药创新,30.62,30.7,31.44,30.58,7791100.0
20251208,300766,每日互动,33.09,33.64,33.76,32.95,12806600.0
20251208,300767,震安科技,19.46,19.69,19.87,19.43,5785700.0
20251208,300768,迪普科技,19.27,19.5,19.66,19.27,9156900.0
20251208,300769,德方纳米,45.22,46.6,47.0,44.9,17277800.0
20251208,300770,新媒股份,43.18,43.4,43.51,43.08,2595300.0
20251208,300771,智莱科技,13.38,13.52,13.61,13.36,4144600.0
20251208,300772,运达股份,18.31,19.0,19.3,18.26,23163900.0
20251208,300773,拉卡拉,21.79,22.24,22.68,21.77,24386600.0
20251208,300774,倍杰特,18.23,18.08,18.49,17.41,32783200.0
20251208,300775,三角防务,28.67,28.65,29.26,28.52,29908700.0
20251208,300776,帝尔激光,59.67,60.34,61.16,59.67,3859200.0
20251208,300777,中简科技,31.69,31.67,32.18,31.66,10517800.0
20251208,300778,新城市,13.75,13.83,14.22,13.75,5477400.0
20251208,300779,惠城环保,133.53,132.45,136.45,131.4,4931700.0
20251208,300780,德恩精工,18.28,18.49,18.75,18.19,9610500.0
20251208,300781,因赛集团,35.6,36.09,36.27,35.45,4092000.0
20251208,300782,卓胜微,70.08,70.09,70.64,69.88,5054700.0
20251208,300783,三只松鼠,23.15,22.82,23.23,22.66,7597600.0
20251208,300784,利安科技,51.51,51.71,52.07,51.23,462800.0
20251208,300785,值得买,41.2,42.72,42.98,41.06,20589800.0
20251208,300786,国林科技,15.61,15.9,15.94,15.6,5135300.0
20251208,300787,海能实业,11.92,11.96,12.03,11.84,4954200.0
20251208,300788,中信出版,28.35,28.43,28.62,28.35,2212600.0
20251208,300789,唐源电气,23.25,22.9,23.26,22.81,2443200.0
20251208,300790,宇瞳光学,29.39,29.29,29.66,29.06,9164400.0
20251208,300791,仙乐健康,23.43,23.13,23.56,23.05,2218600.0
20251208,300792,壹网壹创,28.29,28.75,28.88,28.2,6558000.0
20251208,300793,佳禾智能,17.02,17.34,17.4,17.01,13430600.0
20251208,300795,米奥会展,14.52,14.66,14.84,14.4,4640900.0
20251208,300796,贝斯美,9.01,9.0,9.09,8.98,4493400.0
20251208,300797,钢研纳克,16.39,16.33,16.51,16.28,3335700.0
20251208,300798,锦鸡股份,7.38,7.38,7.43,7.36,5279800.0
20251208,300800,力合科技,12.07,12.0,12.18,11.96,2268500.0
20251208,300801,泰和科技,27.91,28.79,28.95,27.85,7947600.0
20251208,300802,矩子科技,19.37,19.52,19.72,19.33,2652200.0
20251208,300803,指南针,132.0,131.16,136.63,130.0,50285700.0
20251208,300804,广康生化,35.94,35.96,36.05,35.56,524000.0
20251208,300805,电声股份,11.59,11.81,11.86,11.57,5793400.0
20251208,300806,斯迪克,26.56,26.79,26.96,26.3,7204800.0
20251208,300807,天迈科技,46.14,45.8,46.66,45.68,1132400.0
20251208,300808,久量股份,29.45,29.73,30.3,29.18,1530400.0
20251208,300809,华辰装备,36.87,36.73,36.9,36.19,4064200.0
20251208,300810,中科海讯,39.28,39.68,40.1,39.17,3324400.0
20251208,300811,铂科新材,72.19,75.3,75.82,71.89,8268300.0
20251208,300812,易天股份,26.56,29.67,30.3,26.16,18926500.0
20251208,300813,泰林生物,25.79,25.83,26.2,25.61,1430900.0
20251208,300814,中富电路,79.68,87.27,88.0,79.65,20661400.0
20251208,300815,玉禾田,23.22,23.0,23.25,22.89,6162100.0
20251208,300816,艾可蓝,42.2,42.08,42.67,41.88,980600.0
20251208,300817,双飞集团,19.39,19.55,19.55,19.21,2724700.0
20251208,300818,耐普矿机,35.41,35.95,36.14,34.66,4825400.0
20251208,300819,聚杰微纤,28.44,29.33,29.49,28.12,11585900.0
20251208,300820,英杰电气,48.71,49.25,49.49,48.54,3775700.0
20251208,300821,东岳硅材,12.66,12.75,12.89,12.47,46230400.0
20251208,300822,贝仕达克,17.27,17.69,17.78,17.2,5994400.0
20251208,300823,建科智能,16.22,16.19,16.43,16.15,1983700.0
20251208,300824,北鼎股份,11.83,11.72,11.88,11.66,4049700.0
20251208,300825,阿尔特,9.99,9.97,10.09,9.85,7345000.0
20251208,300826,测绘股份,17.2,17.05,17.23,17.01,2329300.0
20251208,300827,上能电气,35.5,35.75,36.01,34.9,25186300.0
20251208,300828,锐新科技,16.42,16.72,16.75,16.32,2884900.0
20251208,300829,金丹科技,17.07,16.96,17.15,16.9,2920700.0
20251208,300830,金现代,10.21,10.71,10.79,10.21,16886000.0
20251208,300832,新产业,60.0,59.22,60.35,59.0,2007200.0
20251208,300833,浩洋股份,41.48,42.39,43.37,41.19,1128100.0
20251208,300834,星辉环材,23.14,23.32,23.62,23.05,1617600.0
20251208,300835,龙磁科技,60.41,62.45,63.08,60.23,3786500.0
20251208,300836,佰奥智能,50.83,52.51,53.08,50.73,1294300.0
20251208,300837,浙矿股份,28.9,28.11,29.04,27.63,3645300.0
20251208,300838,浙江力诺,15.32,15.36,15.45,15.12,2150900.0
20251208,300839,博汇股份,12.52,12.58,12.79,12.46,3217600.0
20251208,300840,酷特智能,17.54,17.7,17.78,17.5,3889100.0
20251208,300841,康华生物,82.7,79.6,82.7,78.16,4843900.0
20251208,300842,帝科股份,54.86,56.5,56.95,54.42,4261800.0
20251208,300843,胜蓝股份,45.92,47.71,47.94,45.75,8039600.0
20251208,300844,山水比德,36.43,36.45,36.82,36.1,837200.0
20251208,300845,捷安高科,11.55,11.79,11.86,11.55,5197300.0
20251208,300846,首都在线,19.5,19.54,19.69,19.47,10496100.0
20251208,300847,中船汉光,17.58,17.69,18.02,17.46,8101000.0
20251208,300848,美瑞新材,15.0,15.06,15.13,14.96,3970800.0
20251208,300849,锦盛新材,16.08,16.87,17.2,15.94,6303500.0
20251208,300850,新强联,46.93,47.43,47.55,46.05,12904700.0
20251208,300851,交大思诺,27.6,27.73,27.96,27.47,985000.0
20251208,300852,四会富仕,37.18,38.03,38.38,36.83,7114200.0
20251208,300853,申昊科技,21.24,21.17,21.32,20.96,2279900.0
20251208,300854,中兰环保,17.49,17.62,17.7,17.41,2234500.0
20251208,300855,图南股份,28.11,27.16,28.25,27.09,7613300.0
20251208,300856,科思股份,15.5,15.19,15.52,15.11,8784600.0
20251208,300857,协创数据,138.5,141.55,142.87,138.5,8445200.0
20251208,300858,科拓生物,17.51,17.16,17.56,17.09,4783500.0
20251208,300859,西域旅游,36.13,35.68,36.13,35.45,3918500.0
20251208,300860,锋尚文化,28.67,30.03,30.75,28.3,11129500.0
20251208,300861,美畅股份,15.02,15.02,15.11,14.97,4915700.0
20251208,300862,蓝盾光电,26.99,26.59,27.09,26.3,7650300.0
20251208,300863,卡倍亿,47.97,47.85,48.27,47.3,1535000.0
20251208,300864,南大环境,20.05,20.17,20.19,20.01,800300.0
20251208,300865,大宏立,28.45,28.59,28.69,28.21,1019800.0
20251208,300866,安克创新,111.2,108.49,111.21,107.55,6007100.0
20251208,300867,圣元环保,23.02,23.48,23.7,22.6,24120000.0
20251208,300868,杰美特,27.54,28.1,28.22,27.14,2090300.0
20251208,300869,康泰医学,15.93,15.82,16.08,15.8,3058800.0
20251208,300870,欧陆通,193.2,203.62,205.4,192.94,6067700.0
20251208,300871,回盛生物,19.53,19.54,19.63,19.45,2682100.0
20251208,300872,天阳科技,19.01,19.13,19.4,18.96,10450500.0
20251208,300873,海晨股份,22.12,22.38,22.52,22.1,1906100.0
20251208,300875,捷强装备,43.97,43.79,44.86,43.68,3901200.0
20251208,300876,蒙泰高新,32.53,33.33,34.99,32.37,3420300.0
20251208,300877,金春股份,25.73,25.87,26.05,25.7,1330000.0
20251208,300878,维康药业,24.1,22.66,24.59,21.8,11078000.0
20251208,300879,大叶股份,28.46,28.83,29.27,28.35,3200500.0
20251208,300880,迦南智能,18.61,18.52,18.64,18.48,1320700.0
20251208,300881,盛德鑫泰,34.1,33.98,34.35,33.73,1112300.0
20251208,300882,万胜智能,19.26,19.32,19.45,19.19,4447000.0
20251208,300883,龙利得,7.05,7.0,7.09,6.96,6457000.0
20251208,300884,狄耐克,15.73,16.4,16.65,15.65,43540700.0
20251208,300885,海昌新材,27.56,27.1,27.9,26.29,36583000.0
20251208,300886,华业香料,27.4,27.31,27.64,27.2,1226700.0
20251208,300887,谱尼测试,8.25,8.14,8.33,8.12,5672000.0
20251208,300888,稳健医疗,39.09,38.72,39.22,38.66,2885700.0
20251208,300889,爱克股份,24.58,23.53,24.58,23.22,13145200.0
20251208,300890,翔丰华,30.67,30.91,31.1,30.47,4394400.0
20251208,300891,惠云钛业,9.19,9.24,9.25,9.08,4313900.0
20251208,300892,品渥食品,32.9,33.3,33.48,32.38,2939600.0
20251208,300893,松原安全,23.15,23.09,23.35,22.81,2437800.0
20251208,300894,火星人,11.94,11.92,12.1,11.85,3995200.0
20251208,300895,铜牛信息,45.9,47.11,47.7,45.9,5548200.0
20251208,300896,爱美客,142.97,142.81,144.31,142.47,1873700.0
20251208,300897,山科智能,25.49,25.2,25.49,24.91,2947700.0
20251208,300898,熊猫乳品,27.59,27.22,27.6,27.0,4102200.0
20251208,300899,上海凯鑫,32.32,32.91,33.28,32.03,665800.0
20251208,300900,广联航空,23.01,22.85,24.97,22.3,68965900.0
20251208,300901,中胤时尚,15.78,16.13,16.2,15.66,2309600.0
20251208,300902,国安达,24.47,24.93,25.09,24.43,21235800.0
20251208,300903,科翔股份,20.5,20.1,20.75,19.99,51230600.0
20251208,300904,威力传动,66.96,67.6,68.85,66.53,1618400.0
20251208,300905,宝丽迪,31.13,31.28,31.52,31.0,1860700.0
20251208,300906,日月明,33.27,33.47,33.57,32.8,2132700.0
20251208,300907,康平科技,30.86,30.54,30.86,30.4,1939800.0
20251208,300908,仲景食品,28.88,28.81,29.0,28.58,1174900.0
20251208,300909,汇创达,45.44,46.7,47.06,45.44,3470200.0
20251208,300910,瑞丰新材,57.75,57.35,58.2,57.06,2177100.0
20251208,300911,亿田智能,34.26,35.95,37.28,34.25,6389400.0
20251208,300912,凯龙高科,17.4,17.28,17.52,17.23,3658400.0
20251208,300913,兆龙互连,55.0,57.97,58.85,54.72,19231400.0
20251208,300915,海融科技,25.5,25.01,25.5,25.0,1718200.0
20251208,300916,朗特智能,34.53,34.83,35.0,34.4,1199400.0
20251208,300917,特发服务,41.9,42.25,42.33,41.73,4963800.0
20251208,300918,南山智尚,17.85,17.86,17.95,17.64,5740200.0
20251208,300919,中伟新材,40.81,41.12,41.42,40.68,8971900.0
20251208,300920,润阳科技,39.09,39.15,39.59,38.56,723600.0
20251208,300921,南凌科技,23.7,24.66,24.95,23.7,10009200.0
20251208,300922,天秦装备,22.29,22.7,23.05,22.29,4200600.0
20251208,300923,研奥股份,26.0,26.05,26.35,25.62,890700.0
20251208,300925,法本信息,20.29,20.61,20.85,20.29,7509300.0
20251208,300926,博俊科技,29.82,30.0,30.2,29.61,4487900.0
20251208,300927,江天化学,24.3,24.21,24.45,24.18,1798200.0
20251208,300928,华安鑫创,30.84,31.28,31.49,30.81,1208900.0
20251208,300929,华骐环保,11.34,11.52,11.57,11.33,3197500.0
20251208,300930,屹通新材,29.95,29.88,30.11,29.68,803600.0
20251208,300931,通用电梯,11.35,11.52,11.58,11.23,3887000.0
20251208,300932,三友联众,13.6,12.48,13.95,12.28,34440000.0
20251208,300933,中辰股份,8.5,8.51,8.62,8.43,10082300.0
20251208,300935,盈建科,28.37,29.38,29.47,28.37,1480900.0
20251208,300936,中英科技,38.0,38.71,38.98,37.7,1076900.0
20251208,300937,药易购,35.5,34.44,35.61,34.18,8469400.0
20251208,300938,信测标准,34.09,34.67,35.23,33.85,10909300.0
20251208,300939,秋田微,34.35,35.37,35.75,33.91,7249500.0
20251208,300940,南极光,30.54,32.35,33.14,30.54,24728700.0
20251208,300941,创识科技,29.03,29.38,30.94,28.88,30523300.0
20251208,300942,易瑞生物,10.04,9.91,10.12,9.9,4005100.0
20251208,300943,春晖智控,19.66,19.39,19.8,19.31,12722800.0
20251208,300945,曼卡龙,16.6,16.75,16.86,16.35,7143900.0
20251208,300946,恒而达,56.02,60.29,61.46,55.48,11138900.0
20251208,300947,德必集团,18.88,18.84,19.03,18.7,2318800.0
20251208,300948,冠中生态,19.71,20.23,20.92,19.71,13801800.0
20251208,300949,奥雅股份,44.76,45.61,45.99,44.3,1130500.0
20251208,300950,德固特,23.52,23.77,24.06,23.4,4382900.0
20251208,300951,博硕科技,34.9,35.16,35.35,34.61,2288500.0
20251208,300952,恒辉安防,35.73,35.1,36.19,33.17,12139400.0
20251208,300953,震裕科技,149.03,150.78,151.89,145.5,5359300.0
20251208,300955,嘉亨家化,38.5,37.08,38.8,36.2,5603000.0
20251208,300956,英力股份,17.38,17.51,17.61,17.38,3771300.0
20251208,300957,贝泰妮,40.57,40.67,40.84,40.5,2289100.0
20251208,300958,建工修复,13.07,13.15,13.28,13.07,2693100.0
20251208,300959,线上线下,110.85,115.0,119.68,108.8,7392400.0
20251208,300960,通业科技,24.44,24.81,24.95,24.2,1015300.0
20251208,300961,深水海纳,14.71,14.66,14.84,14.61,4075500.0
20251208,300962,中金辐照,17.17,17.06,17.33,17.06,4624600.0
20251208,300963,中洲特材,18.79,19.13,19.29,18.63,18248300.0
20251208,300964,本川智能,55.34,56.13,56.86,55.0,5737700.0
20251208,300965,恒宇信通,58.88,65.87,69.0,58.88,5306400.0
20251208,300966,共同药业,20.9,20.86,20.99,20.72,1059600.0
20251208,300967,晓鸣股份,18.99,19.31,19.36,18.86,3817700.0
20251208,300968,格林精密,15.25,15.86,15.98,15.11,24532500.0
20251208,300969,恒帅股份,94.63,100.25,101.47,93.75,2846200.0
20251208,300970,华绿生物,17.3,17.47,17.65,17.3,2218800.0
20251208,300971,博亚精工,24.09,24.78,24.93,24.09,5457000.0
20251208,300972,万辰集团,182.11,181.0,182.57,179.0,1423300.0
20251208,300973,立高食品,38.63,38.49,38.7,38.3,1995400.0
20251208,300975,商络电子,12.71,12.91,13.04,12.69,21424500.0
20251208,300976,达瑞电子,60.49,60.77,61.4,59.97,1320400.0
20251208,300977,深圳瑞捷,18.6,18.61,18.9,18.55,1339000.0
20251208,300978,东箭科技,12.06,12.23,12.32,12.0,10231600.0
20251208,300979,华利集团,58.3,57.8,58.79,57.2,2200200.0
20251208,300980,祥源新材,26.37,26.85,27.28,26.14,4657700.0
20251208,300981,中红医疗,15.45,15.16,15.9,15.08,18126100.0
20251208,300982,苏文电能,19.96,19.32,20.17,19.27,11329500.0
20251208,300983,尤安设计,25.51,26.11,26.66,25.5,1066700.0
20251208,300984,金沃股份,63.75,68.65,68.86,62.2,6113200.0
20251208,300985,致远新能,19.92,19.75,20.0,19.66,2447500.0
20251208,300986,志特新材,10.47,10.48,10.54,10.45,5615800.0
20251208,300987,川网传媒,17.2,17.27,17.47,17.18,3266300.0
20251208,300988,津荣天宇,23.76,24.55,24.8,23.51,5073800.0
20251208,300989,蕾奥规划,18.1,18.16,18.35,17.98,3469900.0
20251208,300990,同飞股份,72.2,73.49,74.25,71.5,4278200.0
20251208,300991,创益通,39.17,39.64,39.83,38.55,2148300.0
20251208,300992,泰福泵业,24.85,24.96,25.29,24.55,1725700.0
20251208,300993,玉马科技,15.2,15.48,15.66,15.15,8373200.0
20251208,300994,久祺股份,16.11,16.15,16.26,16.05,1668700.0
20251208,300995,奇德新材,38.08,39.25,39.6,37.91,2817600.0
20251208,300996,普联软件,17.29,17.71,17.8,17.19,20620600.0
20251208,300997,欢乐家,22.98,23.78,24.24,22.9,12975400.0
20251208,300998,宁波方正,22.61,22.53,22.75,22.05,1780200.0
20251208,300999,金龙鱼,29.09,28.84,29.15,28.76,9928600.0
20251208,301000,肇民科技,39.01,39.79,39.97,39.01,4597500.0
20251208,301001,凯淳股份,32.3,32.42,32.87,32.26,3991600.0
20251208,301002,崧盛股份,30.01,30.71,31.3,29.95,2086200.0
20251208,301003,江苏博云,37.09,39.34,39.76,37.09,2999700.0
20251208,301004,嘉益股份,54.71,54.48,54.98,54.32,413700.0
20251208,301005,超捷股份,74.4,72.5,77.18,72.27,32900400.0
20251208,301006,迈拓股份,17.48,17.6,17.7,17.4,1604200.0
20251208,301007,德迈仕,37.34,37.44,37.65,37.0,2904500.0
20251208,301008,宏昌科技,35.1,35.4,35.73,34.87,2699600.0
20251208,301009,可靠股份,12.75,12.73,12.89,12.71,2591700.0
20251208,301010,晶雪节能,25.95,25.84,27.2,25.8,9212900.0
20251208,301011,华立科技,25.24,25.09,25.25,25.04,1613600.0
20251208,301012,扬电科技,25.88,26.4,27.38,25.86,12014200.0
20251208,301013,利和兴,29.0,29.12,29.35,28.2,19066600.0
20251208,301015,百洋医药,22.65,22.43,22.75,22.4,3105000.0
20251208,301016,雷尔伟,18.79,18.91,18.98,18.73,1756900.0
20251208,301017,漱玉平民,15.17,14.9,15.2,14.66,22780100.0
20251208,301018,申菱环境,52.0,53.97,54.51,51.9,6474900.0
20251208,301019,宁波色母,27.86,29.67,29.89,26.94,16191000.0
20251208,301020,密封科技,22.52,22.58,22.7,22.51,664100.0
20251208,301021,英诺激光,37.8,38.81,39.0,37.8,4548800.0
20251208,301022,海泰科,31.94,32.09,32.28,31.8,1543200.0
20251208,301023,奕帆传动,37.42,37.39,37.6,37.1,965300.0
20251208,301024,霍普股份,36.87,37.23,37.36,36.87,614200.0
20251208,301025,读客文化,10.73,10.83,10.99,10.7,17514500.0
20251208,301026,浩通科技,25.5,25.55,25.65,25.3,2693300.0
20251208,301027,华蓝集团,16.96,16.71,17.05,16.52,4726000.0
20251208,301028,鼎熔岩,15.02,15.09,15.21,14.69,18167600.0
20251208,301029,怡合达,26.73,26.56,26.73,26.45,10212100.0
20251208,301031,中熔电气,107.8,109.65,110.78,106.97,2650700.0
20251208,301032,新柴股份,12.89,12.89,12.93,12.73,2057900.0
20251208,301033,迈普医学,63.35,63.69,64.0,62.63,548800.0
20251208,301035,润丰股份,73.29,70.8,73.32,70.28,1309900.0
20251208,301036,双乐股份,35.3,35.69,35.87,35.21,1134300.0
20251208,301037,保立佳,15.32,15.38,15.39,15.11,1600000.0
20251208,301038,深水规院,23.73,23.82,23.95,23.7,2720200.0
20251208,301039,中集车辆,10.15,10.1,10.19,9.93,11010300.0
20251208,301040,中环海陆,30.43,29.59,30.51,29.4,10204800.0
20251208,301041,金百泽,28.59,29.52,29.88,28.5,5247300.0
20251208,301042,安联锐视,81.4,77.93,81.4,76.4,1418500.0
20251208,301043,绿岛风,55.56,56.52,57.12,54.7,3263800.0
20251208,301045,天禄科技,27.51,27.4,28.07,27.18,1682500.0
20251208,301046,能辉科技,31.85,30.08,31.94,29.8,16044400.0
20251208,301047,义翘神州,68.81,68.8,69.33,68.7,521000.0
20251208,301048,金鹰重工,11.51,11.55,11.65,11.5,3173200.0
20251208,301049,超越科技,22.2,22.28,22.59,22.09,1360300.0
20251208,301050,雷电微力,47.51,47.48,48.88,47.34,12250200.0
20251208,301051,信濠光电,21.21,21.31,21.55,21.21,1390100.0
20251208,301052,果麦文化,39.35,39.75,40.09,39.11,3222200.0
20251208,301053,远信工业,34.93,34.6,34.93,33.98,609900.0
20251208,301055,张小泉,19.49,19.43,19.5,19.11,1801600.0
20251208,301056,森赫股份,11.91,11.88,12.02,11.85,2462600.0
20251208,301057,汇隆新材,30.22,29.6,30.5,29.45,2100100.0
20251208,301058,中粮科工,11.21,11.15,11.22,11.13,4939600.0
20251208,301059,金三江,12.76,12.72,12.84,12.63,3128500.0
20251208,301060,兰卫医学,10.37,10.4,10.48,10.26,6453300.0
20251208,301061,匠心家居,108.8,104.9,109.33,104.38,890700.0
20251208,301062,上海艾录,7.85,7.87,7.93,7.83,3888000.0
20251208,301063,海锅股份,24.18,24.4,24.66,24.18,1850000.0
20251208,301065,本立科技,22.36,22.36,22.57,22.27,1293700.0
20251208,301066,万事利,15.34,16.93,17.88,15.3,18276000.0
20251208,301067,显盈科技,31.54,31.69,32.2,31.5,3721000.0
20251208,301068,大地海洋,28.91,29.07,29.3,28.48,1312900.0
20251208,301069,凯盛新材,26.38,25.93,26.49,25.69,18350100.0
20251208,301070,开勒股份,59.18,60.62,60.83,58.8,3909100.0
20251208,301071,力量钻石,37.04,38.1,38.44,36.99,10678200.0
20251208,301072,中捷精工,22.98,23.13,23.18,22.69,1003900.0
20251208,301073,君亭酒店,26.4,26.84,27.85,26.28,10720000.0
20251208,301075,多瑞医药,49.88,51.21,51.79,48.7,2050800.0
20251208,301076,新瀚新材,42.45,43.6,43.68,42.2,6525200.0
20251208,301077,星华新材,27.6,27.37,27.69,26.93,2632400.0
20251208,301078,孩子王,9.61,9.64,9.72,9.58,29197800.0
20251208,301079,邵阳液压,26.1,25.7,26.37,25.66,5953700.0
20251208,301080,百普赛斯,55.83,55.44,56.21,54.61,1201600.0
20251208,301081,严牌股份,10.99,10.93,11.06,10.9,1415900.0
20251208,301082,久盛电气,17.5,17.77,17.85,17.5,5557800.0
20251208,301083,百胜智能,24.72,22.5,24.72,22.43,17814500.0
20251208,301085,亚康股份,52.9,53.05,53.35,52.81,971300.0
20251208,301086,鸿富瀚,95.99,97.51,98.86,95.63,1712600.0
20251208,301087,可孚医疗,44.33,43.78,44.38,43.2,1355900.0
20251208,301088,戎美股份,14.65,14.8,15.05,14.65,3006900.0
20251208,301089,拓新药业,32.08,32.1,32.66,32.04,2834800.0
20251208,301090,华润材料,7.32,7.3,7.36,7.29,5171400.0
20251208,301091,深城交,26.41,26.33,26.68,26.21,5319200.0
20251208,301092,争光股份,35.75,35.33,36.36,34.91,5024600.0
20251208,301093,华兰股份,49.56,48.6,49.9,47.87,2636400.0
20251208,301095,广立微,66.81,69.23,69.95,66.75,3784200.0
20251208,301096,百诚医药,54.59,54.4,55.28,54.27,2187900.0
20251208,301097,天益医疗,57.01,55.4,57.29,55.08,1025600.0
20251208,301098,金埔园林,9.38,9.48,9.52,9.34,5355500.0
20251208,301099,雅创电子,43.03,43.83,44.17,43.03,3815800.0
20251208,301100,风光股份,23.61,23.99,24.25,23.2,3741700.0
20251208,301101,明月镜片,41.38,41.9,42.18,41.3,3159900.0
20251208,301102,兆讯传媒,12.12,11.89,12.12,11.87,2431600.0
20251208,301103,何氏眼科,20.15,20.2,20.28,20.1,1244500.0
20251208,301105,鸿铭股份,47.49,46.25,47.49,45.61,743800.0
20251208,301106,骏成科技,30.54,30.98,31.0,30.53,1143500.0
20251208,301107,瑜欣电子,28.69,28.67,28.85,28.44,1085200.0
20251208,301108,洁雅股份,31.43,32.69,33.85,31.43,1870900.0
20251208,301109,军信股份,14.46,14.46,14.48,14.37,6965600.0
20251208,301110,青木科技,67.8,66.85,67.96,66.31,2120600.0
20251208,301111,粤万年青,25.3,25.4,25.98,24.78,27076500.0
20251208,301112,信邦智能,37.6,37.8,38.06,37.3,1382000.0
20251208,301113,雅艺科技,25.16,25.08,25.45,25.0,921300.0
20251208,301115,联检科技,16.17,16.02,16.19,15.99,1976600.0
20251208,301116,益客食品,12.49,12.56,12.76,12.36,11967000.0
20251208,301118,恒光股份,24.61,24.58,24.74,24.33,3111500.0
20251208,301119,正强股份,46.79,47.17,47.55,46.13,1809400.0
20251208,301120,新特电气,18.29,18.35,18.43,18.1,15780200.0
20251208,301121,紫建电子,42.71,42.88,43.38,42.55,1441800.0
20251208,301122,采纳股份,27.49,26.76,27.65,26.68,2236500.0
20251208,301123,奕东电子,41.32,43.11,43.26,41.31,6430200.0
20251208,301125,腾亚精工,18.18,18.04,18.54,17.95,4386200.0
20251208,301126,达嘉维康,13.8,13.58,14.11,13.25,16301000.0
20251208,301127,武汉天源,14.8,15.36,15.47,14.64,12327800.0
20251208,301128,强瑞技术,83.94,87.02,87.78,83.94,3298400.0
20251208,301129,瑞纳智能,24.6,25.08,25.22,24.6,1544700.0
20251208,301130,西点药业,30.9,31.24,31.44,30.63,958700.0
20251208,301131,聚赛龙,46.58,46.86,47.1,46.31,731200.0
20251208,301132,满坤科技,33.01,34.15,34.54,33.0,2964500.0
20251208,301133,金钟股份,32.99,33.72,34.2,32.0,4423100.0
20251208,301135,瑞德智能,27.08,27.24,27.43,26.98,1369900.0
20251208,301136,招标股份,27.35,26.17,29.0,26.16,74534900.0
20251208,301137,哈焊华通,43.51,44.92,45.48,43.51,13162300.0
20251208,301138,华研精机,40.31,40.86,41.21,39.96,3314500.0
20251208,301141,中科磁业,53.79,55.59,55.93,53.79,3482700.0
20251208,301148,嘉戎技术,55.0,56.44,56.66,52.18,11456500.0
20251208,301149,隆华新材,10.93,10.8,10.97,10.69,10079000.0
20251208,301150,中一科技,41.96,43.92,45.0,41.96,15006200.0
20251208,301151,冠龙节能,19.17,19.14,19.25,19.06,1171000.0
20251208,301152,天力锂能,31.71,32.95,33.25,31.5,5769900.0
20251208,301153,中科江南,20.15,20.11,20.38,20.06,2644500.0
20251208,301155,海力风电,80.6,80.36,81.81,78.5,3303400.0
20251208,301156,美农生物,18.17,18.12,18.4,18.08,1765200.0
20251208,301157,华塑科技,52.42,51.96,52.53,51.55,1379800.0
20251208,301158,德石股份,22.32,22.17,22.44,22.0,6834100.0
20251208,301159,三维天地,39.0,39.26,39.77,38.88,4386300.0
20251208,301160,翔楼新材,65.17,66.09,66.25,64.25,2234900.0
20251208,301161,唯万密封,33.0,33.18,33.47,32.53,3939900.0
20251208,301162,国能日新,52.39,52.09,52.54,51.9,1260400.0
20251208,301163,宏德股份,28.12,28.29,28.59,27.96,1078700.0
20251208,301165,锐捷网络,73.16,82.0,83.8,73.1,19324300.0
20251208,301166,优宁维,31.16,31.02,31.38,31.0,943800.0
20251208,301167,建研设计,17.01,17.3,17.3,17.01,2356200.0
20251208,301168,通灵股份,45.88,45.95,47.2,45.8,1954200.0
20251208,301169,零点有数,45.97,46.0,46.33,45.02,1649000.0
20251208,301170,锡南科技,28.0,28.14,28.27,27.89,1024300.0
20251208,301171,易点天下,36.95,38.18,38.52,36.8,64357100.0
20251208,301172,君逸数码,23.0,23.31,23.65,22.87,5906200.0
20251208,301173,毓恬冠佳,46.0,46.2,46.25,45.79,278800.0
20251208,301175,中科环保,5.35,5.42,5.44,5.3,28825800.0
20251208,301176,逸豪新材,26.08,26.71,26.85,25.94,2296600.0
20251208,301177,迪阿股份,29.73,29.36,29.73,29.25,1078400.0
20251208,301178,天亿马,51.68,51.5,52.04,51.31,1110600.0
20251208,301179,泽宇智能,15.73,15.86,15.93,15.7,2529500.0
20251208,301180,万祥科技,16.96,16.99,17.08,16.76,3795400.0
20251208,301181,标榜股份,37.99,36.09,38.52,35.28,6832600.0
20251208,301182,凯旺科技,36.4,36.88,37.3,36.2,2068000.0
20251208,301183,东田微,141.75,164.14,164.14,140.2,10561600.0
20251208,301185,鸥玛软件,19.55,19.95,20.05,19.49,6295500.0
20251208,301186,超达装备,46.53,46.97,47.1,46.46,610100.0
20251208,301187,欧圣电气,24.55,24.45,24.67,24.38,1952200.0
20251208,301188,力诺药包,16.9,17.06,17.14,16.86,2363000.0
20251208,301189,奥尼电子,40.18,41.06,42.5,39.43,6495500.0
20251208,301190,善水科技,22.5,21.78,22.5,21.65,1468900.0
20251208,301191,菲菱科思,99.7,104.72,105.96,99.67,5528600.0
20251208,301192,泰祥股份,30.75,30.0,30.75,28.82,3608600.0
20251208,301193,家联科技,20.88,21.01,21.38,20.64,2985700.0
20251208,301195,北路智控,33.4,33.49,33.55,33.26,646600.0
20251208,301196,唯科科技,76.65,77.51,78.0,74.58,4469200.0
20251208,301197,工大科雅,21.37,21.24,21.5,20.95,2082200.0
20251208,301198,喜悦智行,12.34,12.43,12.58,12.34,3519600.0
20251208,301199,迈赫股份,22.52,22.47,22.55,22.2,1816100.0
20251208,301200,大族数控,103.07,109.96,111.0,103.0,4843000.0
20251208,301201,诚达药业,42.41,41.73,42.87,41.53,4973500.0
20251208,301202,朗威股份,38.98,39.55,39.7,38.98,870900.0
20251208,301203,国泰环保,32.74,32.98,33.13,32.74,565800.0
20251208,301205,联特科技,120.0,132.22,135.8,119.6,15334400.0
20251208,301206,三元生物,27.28,27.3,27.37,27.09,868400.0
20251208,301207,华兰疫苗,21.78,21.7,21.92,21.44,9165200.0
20251208,301208,中亦科技,37.66,38.17,38.66,37.6,1713400.0
20251208,301209,联合化学,101.57,102.09,102.49,100.4,956900.0
20251208,301210,金杨精密,37.91,37.88,38.12,37.66,1375300.0
20251208,301211,亨迪药业,14.06,13.95,14.19,13.85,10416400.0
20251208,301212,联盛化学,29.39,29.88,29.92,29.02,1746500.0
20251208,301213,观想科技,66.09,67.66,68.18,65.8,2904700.0
20251208,301215,中汽股份,6.47,6.43,6.52,6.41,9305200.0
20251208,301216,万凯新材,18.3,18.2,18.42,17.88,7903500.0
20251208,301217,铜冠铜箔,30.6,32.86,34.16,30.6,50213100.0
20251208,301218,华是科技,22.81,25.13,26.77,22.81,19103800.0
20251208,301219,腾远钴业,63.54,65.35,65.58,63.54,7356100.0
20251208,301220,亚香股份,38.47,38.38,39.28,38.09,1176800.0
20251208,301221,光庭信息,47.49,47.92,48.26,47.39,979300.0
20251208,301222,浙江恒威,30.08,30.16,30.4,29.97,742200.0
20251208,301223,中荣股份,18.8,18.7,18.87,18.66,1254700.0
20251208,301225,恒勃股份,103.17,102.81,104.0,98.07,3115300.0
20251208,301226,祥明智能,29.1,30.25,31.33,28.76,6835900.0
20251208,301227,森鹰窗业,46.94,45.8,46.96,45.45,1442300.0
20251208,301228,实朴检测,43.85,43.16,44.84,42.0,7249200.0
20251208,301229,纽泰格,20.06,19.96,20.13,19.87,1599100.0
20251208,301230,泓博医药,30.41,30.45,30.8,30.34,1619000.0
20251208,301231,荣信文化,29.9,30.4,30.73,29.68,5132400.0
20251208,301232,飞沃科技,77.0,90.0,93.36,76.24,12446400.0
20251208,301233,盛帮股份,50.3,50.35,50.73,49.99,746100.0
20251208,301234,五洲医疗,39.03,39.76,40.69,38.02,1806700.0
20251208,301235,华康洁净,29.72,31.03,31.6,29.41,4198400.0
20251208,301236,软通动力,46.33,46.88,47.12,46.33,12342300.0
20251208,301237,和顺科技,48.13,48.04,49.8,47.0,724500.0
20251208,301238,瑞泰新材,21.0,21.1,21.26,20.76,10572000.0
20251208,301239,普瑞眼科,33.78,33.48,34.0,33.42,1243600.0
20251208,301246,宏源药业,17.66,17.68,17.79,17.49,5100500.0
20251208,301248,杰创智能,28.9,29.95,30.69,28.9,16153100.0
20251208,301251,威尔高,53.59,55.14,56.35,53.28,4957000.0
20251208,301252,同星科技,27.56,29.18,29.96,27.56,9571800.0
20251208,301255,通力科技,28.65,28.62,28.78,28.46,869400.0
20251208,301256,华融化学,15.57,15.71,16.26,15.35,43378800.0
20251208,301257,普蕊斯,45.0,44.67,45.5,44.5,1276100.0
20251208,301258,富士莱,32.82,32.84,33.1,32.7,639100.0
20251208,301259,艾布鲁,34.91,36.01,36.29,34.66,4955900.0
20251208,301260,格力博,16.99,16.91,17.06,16.86,2121000.0
20251208,301261,恒工精密,82.44,86.67,88.18,82.39,3866800.0
20251208,301262,海看股份,25.8,25.37,25.8,25.26,6176600.0
20251208,301263,泰恩康,27.5,28.05,28.77,27.3,6179700.0
20251208,301265,华新科技,13.48,13.64,13.68,13.0,18193900.0
20251208,301267,华厦眼科,18.72,19.02,19.05,18.72,5421900.0
20251208,301268,铭利达,19.43,19.49,19.73,19.42,2095400.0
20251208,301269,华大九天,104.0,106.44,106.84,104.0,4257400.0
20251208,301270,汉仪股份,38.28,38.75,39.2,37.94,3044400.0
20251208,301272,英华特,41.38,42.36,43.86,41.21,1395400.0
20251208,301273,瑞晨环保,27.56,28.03,28.25,27.29,867500.0
20251208,301275,汉朔科技,53.85,53.59,53.85,53.29,1378800.0
20251208,301276,嘉曼服饰,22.35,22.82,23.08,22.3,2630100.0
20251208,301277,新天地,12.31,12.29,12.35,12.25,1759800.0
20251208,301278,快可电子,34.6,35.15,35.45,34.4,1286900.0
20251208,301279,金道科技,28.37,28.97,29.28,28.15,1760100.0
20251208,301280,珠城科技,48.52,49.09,49.6,48.32,1284000.0
20251208,301281,科源制药,27.99,28.05,28.12,27.82,920000.0
20251208,301282,金禄电子,25.68,28.96,30.64,25.51,21790400.0
20251208,301283,聚胶股份,46.27,46.47,46.95,45.6,1058000.0
20251208,301285,鸿日达,55.25,57.37,57.77,55.16,3505500.0
20251208,301286,侨源股份,38.81,38.64,39.88,38.13,5168300.0
20251208,301287,康力源,40.45,41.73,41.99,40.41,1569300.0
20251208,301288,清研环境,17.17,17.1,17.28,17.05,508800.0
20251208,301289,国缆检测,58.4,57.76,58.59,57.4,1452400.0
20251208,301290,东星医疗,26.22,26.63,26.88,26.11,1086100.0
20251208,301291,明阳电气,43.5,44.11,44.34,42.82,7316700.0
20251208,301292,海科新源,67.8,65.95,67.8,63.0,16830500.0
20251208,301293,三博脑科,54.07,54.93,55.29,54.07,5135900.0
20251208,301295,美硕科技,27.17,27.56,27.8,27.12,1121500.0
20251208,301296,新巨丰,8.75,8.73,8.8,8.72,1898600.0
20251208,301297,富乐德,36.88,37.16,37.35,36.83,2519800.0
20251208,301298,东利机械,16.65,16.5,16.65,16.41,1635000.0
20251208,301299,卓创资讯,55.81,56.32,56.65,55.7,578800.0
20251208,301300,远翔新材,48.2,49.6,50.75,47.81,5156500.0
20251208,301301,川宁生物,10.36,10.29,10.38,10.29,6946400.0
20251208,301302,华如科技,23.6,23.62,24.56,23.56,5483600.0
20251208,301303,真兰仪表,15.55,15.61,15.77,15.48,2103200.0
20251208,301305,朗坤科技,21.93,21.88,22.03,21.68,3800600.0
20251208,301306,西测测试,66.18,64.4,68.0,63.73,11453300.0
20251208,301307,美利信,39.5,39.52,40.12,38.48,9810500.0
20251208,301308,江波龙,242.0,273.0,275.83,241.58,25207600.0
20251208,301309,万得凯,28.69,28.94,28.98,28.6,495200.0
20251208,301310,鑫宏业,41.95,42.94,43.3,41.95,1428200.0
20251208,301311,昆船智能,18.98,19.14,19.54,18.98,5518900.0
20251208,301312,智立方,48.8,51.32,52.5,48.59,4917700.0
20251208,301313,凡拓数创,26.42,26.92,27.09,26.42,2267200.0
20251208,301314,科瑞思,45.29,47.0,47.83,45.19,1569100.0
20251208,301315,威士顿,64.8,66.0,67.3,64.11,12517700.0
20251208,301316,慧博云通,44.3,46.55,47.55,44.05,10158600.0
20251208,301317,鑫磊股份,31.72,31.85,32.06,31.5,1165200.0
20251208,301318,维海德,28.26,28.73,28.88,28.26,917000.0
20251208,301319,唯特偶,43.58,47.34,47.57,43.45,7113400.0
20251208,301320,豪江智能,17.46,17.61,17.62,17.34,1699400.0
20251208,301321,翰博高新,16.03,16.9,17.25,16.0,6990700.0
20251208,301322,绿通科技,27.7,27.67,27.89,27.48,1189100.0
20251208,301323,新莱福,54.8,55.44,55.7,54.5,1665200.0
20251208,301325,曼恩斯特,50.51,51.09,51.49,50.17,1963000.0
20251208,301326,捷邦科技,101.29,102.45,103.88,100.29,1063300.0
20251208,301327,华宝新能,55.94,56.36,56.53,55.77,873100.0
20251208,301328,维峰电子,42.79,43.09,43.26,42.58,1098400.0
20251208,301329,信音电子,23.71,23.8,24.02,23.21,10347900.0
20251208,301330,熵基科技,29.23,29.45,29.64,29.2,2091400.0
20251208,301331,恩威医药,28.74,28.77,29.03,28.55,526600.0
20251208,301332,德尔玛,9.8,9.81,9.9,9.77,3313200.0
20251208,301333,诺思格,55.18,55.54,57.69,55.18,1742300.0
20251208,301335,天元宠物,28.72,28.76,29.15,28.72,1277400.0
20251208,301336,趣睡科技,54.38,56.73,58.09,53.23,2654700.0
20251208,301337,亚华电子,28.76,29.2,29.55,28.72,2456500.0
20251208,301338,凯格精机,66.3,67.32,68.48,66.1,2834900.0
20251208,301339,通行宝,14.33,14.45,14.58,14.3,4339800.0
20251208,301345,涛涛车业,213.11,218.2,222.72,213.09,1293200.0
20251208,301348,蓝箭电子,21.19,21.3,21.41,21.08,5417800.0
20251208,301349,信德新材,47.68,48.72,49.35,46.83,3379900.0
20251208,301353,普莱得,27.2,27.28,27.43,27.04,846200.0
20251208,301355,南王科技,14.4,14.08,14.45,13.85,14337100.0
20251208,301356,天振股份,21.4,21.51,21.65,21.13,1144500.0
20251208,301357,北方长龙,154.85,156.35,157.5,153.81,4770200.0
20251208,301358,湖南裕能,67.11,69.7,70.13,66.06,14587800.0
20251208,301359,东南电子,20.68,20.53,20.68,20.21,1744800.0
20251208,301360,荣旗科技,72.58,74.18,75.78,72.58,1833300.0
20251208,301361,众智科技,33.86,33.63,33.99,33.56,1608200.0
20251208,301362,民爆光电,40.99,41.23,42.0,40.9,549200.0
20251208,301363,美好医疗,21.3,21.11,21.42,21.05,4474100.0
20251208,301365,矩阵股份,25.85,26.11,26.88,25.42,11983700.0
20251208,301366,一博科技,35.7,36.56,36.81,35.63,4638600.0
20251208,301367,瑞迈特,92.29,90.89,92.29,89.88,886200.0
20251208,301368,丰立智能,59.77,60.22,60.56,59.0,4408700.0
20251208,301369,联动科技,106.6,109.56,110.9,106.17,1102300.0
20251208,301370,国科恒泰,11.89,11.69,11.94,11.67,6325000.0
20251208,301371,敷尔佳,26.14,26.23,26.69,25.88,3184800.0
20251208,301372,科净源,26.9,27.02,27.2,26.83,922300.0
20251208,301373,凌玮科技,31.17,31.16,31.25,30.87,682500.0
20251208,301376,致欧科技,19.01,19.41,19.71,18.84,3283800.0
20251208,301377,鼎泰高科,105.13,105.4,109.38,104.19,10458300.0
20251208,301378,通达海,30.38,30.86,31.58,30.37,2324500.0
20251208,301379,天山电子,27.0,28.11,28.5,26.86,9259600.0
20251208,301380,挖金客,32.6,32.98,33.24,32.44,1113800.0
20251208,301381,赛维时代,21.78,21.74,21.96,21.74,2378900.0
20251208,301382,蜂助手,34.6,35.17,35.17,34.51,10598100.0
20251208,301383,天键股份,37.3,37.92,38.58,36.75,6024800.0
20251208,301386,未来电器,24.46,24.48,24.58,24.32,1318100.0
20251208,301387,光大同创,41.54,41.68,42.4,41.37,1489100.0
20251208,301388,欣灵电气,31.65,31.4,31.87,31.31,988600.0
20251208,301389,隆扬电子,52.18,52.98,54.09,52.18,6641500.0
20251208,301390,经纬股份,35.79,36.28,36.52,35.75,575800.0
20251208,301391,卡莱特,83.5,84.32,84.93,82.7,851000.0
20251208,301392,汇成真空,123.0,125.22,126.0,122.4,2006200.0
20251208,301393,昊帆生物,50.38,50.52,50.65,50.16,525700.0
20251208,301395,仁信新材,11.15,11.14,11.23,11.11,1300100.0
20251208,301396,宏景科技,60.0,61.17,61.62,59.7,4018400.0
20251208,301397,溯联股份,34.46,35.0,35.18,33.75,3669000.0
20251208,301398,星源卓镁,50.64,50.0,50.88,49.64,2214900.0
20251208,301399,英特科技,18.26,18.48,18.57,18.24,1608000.0
20251208,301408,华人健康,16.91,16.25,16.97,16.22,27149100.0
20251208,301413,安培龙,128.52,131.6,132.6,126.6,4969100.0
20251208,301418,协昌科技,38.73,38.78,39.25,38.2,849300.0
20251208,301419,阿莱德,32.79,33.35,33.75,32.3,2852500.0
20251208,301421,波长光电,94.86,97.59,97.68,94.38,4757400.0
20251208,301428,世纪恒通,34.88,35.2,35.5,34.85,2040800.0
20251208,301429,森泰股份,19.67,19.9,20.07,19.67,1062500.0
20251208,301439,泓淋电力,15.04,15.1,15.16,14.95,2220500.0
20251208,301446,福事特,29.01,29.2,29.34,28.87,617200.0
20251208,301448,开创电气,58.27,60.33,61.66,57.57,1472800.0
20251208,301456,盘古智能,29.79,29.2,29.79,29.01,1664000.0
20251208,301458,钧崴电子,33.38,33.66,33.83,33.3,2319000.0
20251208,301459,丰茂股份,40.96,40.87,41.08,40.6,636200.0
20251208,301468,博盈特焊,46.16,48.6,50.38,45.67,16948900.0
20251208,301469,恒达新材,29.43,29.4,29.59,29.15,917300.0
20251208,301479,弘景光电,84.01,84.29,84.62,83.4,625500.0
20251208,301486,致尚科技,93.55,110.22,110.22,93.55,26343600.0
20251208,301487,盟固利,22.59,22.95,23.08,22.59,9310700.0
20251208,301488,豪恩汽电,134.28,136.85,138.38,132.51,2868200.0
20251208,301489,思泉新材,172.69,180.04,182.8,172.69,5288700.0
20251208,301491,汉桑科技,57.5,57.65,57.72,57.11,658400.0
20251208,301498,乖宝宠物,67.42,67.63,68.6,67.15,1772400.0
20251208,301499,维科精密,29.51,29.91,30.17,29.22,2889800.0
20251208,301500,飞南资源,15.28,15.31,15.38,15.12,3384900.0
20251208,301501,恒鑫生活,43.37,43.48,43.48,43.05,1470700.0
20251208,301502,华阳智能,45.47,46.0,46.1,45.33,620000.0
20251208,301503,智迪科技,37.28,37.25,37.62,37.0,960000.0
20251208,301505,苏州规划,21.89,21.72,22.17,21.61,1804100.0
20251208,301507,民生健康,15.68,15.68,15.82,15.63,5473700.0
20251208,301508,中机认检,31.3,31.13,31.56,31.11,1327900.0
20251208,301509,金凯生科,33.62,33.83,34.07,33.6,1220500.0
20251208,301510,固高科技,38.61,39.6,40.15,37.72,33970400.0
20251208,301511,德福科技,32.7,34.35,35.06,32.7,44766700.0
20251208,301512,智信精密,45.23,45.47,45.83,45.08,710900.0
20251208,301515,港通医疗,21.69,21.87,22.03,21.66,844600.0
20251208,301516,中远通,16.4,16.35,16.4,16.19,1940600.0
20251208,301517,陕西华达,53.26,52.31,54.06,50.68,17049100.0
20251208,301518,长华化学,37.27,37.47,37.7,36.36,2822800.0
20251208,301519,舜禹股份,14.4,14.55,14.64,14.24,1903000.0
20251208,301520,万邦医药,41.34,41.61,42.28,41.22,521400.0
20251208,301522,上大股份,33.5,32.32,33.6,32.29,10280300.0
20251208,301525,儒竞科技,86.41,86.48,87.59,85.02,1513500.0
20251208,301526,国际复材,7.7,7.72,8.22,7.62,390229100.0
20251208,301528,多浦乐,61.08,62.45,63.33,61.08,788600.0
20251208,301529,福赛科技,87.0,92.29,96.22,85.85,7319200.0
20251208,301533,威马农机,38.68,38.89,39.36,38.64,2265900.0
20251208,301535,浙江华远,19.17,19.09,19.17,18.81,2251700.0
20251208,301536,星宸科技,57.96,58.4,58.89,57.45,6668400.0
20251208,301538,骏鼎达,74.64,73.88,74.86,72.88,1235400.0
20251208,301539,宏鑫科技,20.54,20.35,20.54,20.17,2998300.0
20251208,301548,崇德科技,50.15,50.51,50.68,49.99,1240200.0
20251208,301550,斯菱智驱,116.8,122.2,123.0,112.5,12104300.0
20251208,301551,无线传媒,33.02,34.52,35.42,32.87,9929800.0
20251208,301552,科力装备,37.88,37.71,38.0,37.62,541200.0
20251208,301555,惠柏新材,31.29,31.59,31.99,31.14,1259600.0
20251208,301556,托普云农,97.54,98.21,99.25,97.29,1199000.0
20251208,301557,常友科技,135.31,134.45,138.37,131.58,776800.0
20251208,301558,三态股份,8.59,8.71,8.78,8.58,8776600.0
20251208,301559,中集环科,16.15,16.18,16.29,16.14,1425100.0
20251208,301560,众捷汽车,34.01,34.01,34.19,33.92,805100.0
20251208,301563,云汉芯城,161.6,171.5,173.33,161.6,3489400.0
20251208,301565,中仑新材,27.59,28.14,28.49,27.16,8506200.0
20251208,301566,达利凯普,18.75,18.79,18.88,18.52,14033600.0
20251208,301567,贝隆精密,51.15,53.33,53.35,51.06,6495400.0
20251208,301568,思泰克,47.7,48.27,48.86,46.8,10485200.0
20251208,301571,国科天成,50.16,50.59,51.0,49.79,5981200.0
20251208,301575,艾芬达,48.12,48.38,48.65,48.12,566500.0
20251208,301577,美信科技,58.13,58.48,59.05,57.82,698000.0
20251208,301578,辰奕智能,34.4,34.68,34.81,34.28,809400.0
20251208,301580,爱迪特,43.92,43.94,44.21,43.7,556000.0
20251208,301581,黄山谷捷,48.39,48.77,48.86,48.28,392100.0
20251208,301584,建发致新,33.51,34.18,34.38,33.51,10423800.0
20251208,301585,蓝宇股份,30.49,30.41,30.61,30.35,418500.0
20251208,301586,佳力奇,46.2,46.25,46.98,45.9,1120200.0
20251208,301587,中瑞股份,22.99,22.99,23.19,22.91,1761500.0
20251208,301588,美新科技,19.08,19.1,19.18,18.71,1342500.0
20251208,301589,诺瓦星云,154.37,154.22,155.38,153.81,405700.0
20251208,301590,优优绿能,167.85,167.91,168.86,166.24,488500.0
20251208,301591,肯特股份,39.05,39.12,39.39,39.04,733900.0
20251208,301592,六九一二,117.8,117.74,119.3,117.56,508600.0
20251208,301595,太力科技,37.69,37.49,38.24,37.4,849900.0
20251208,301596,瑞迪智驱,74.79,75.14,75.18,74.3,578200.0
20251208,301598,博科测试,61.45,61.67,61.83,61.21,362600.0
20251208,301600,慧翰股份,129.01,129.6,130.54,127.89,1663800.0
20251208,301601,惠通科技,29.54,29.19,29.54,29.12,764000.0
20251208,301602,超研股份,22.41,22.41,22.52,22.3,976400.0
20251208,301603,乔锋智能,71.88,73.1,73.37,71.52,1676900.0
20251208,301606,绿联科技,61.15,62.1,62.98,60.81,1550300.0
20251208,301607,富特科技,41.78,43.04,44.0,41.08,3348300.0
20251208,301608,博实结,84.24,85.1,85.88,84.2,794300.0
20251208,301609,山大电力,42.76,42.7,42.89,42.55,941400.0
20251208,301611,珂玛科技,53.0,53.43,53.76,52.9,3707900.0
20251208,301613,新铝时代,47.12,46.92,47.2,46.85,841800.0
20251208,301616,浙江华业,51.5,51.3,51.5,50.78,1002100.0
20251208,301617,博苑新材,77.05,80.11,81.5,76.77,1787500.0
20251208,301618,长联科技,51.76,51.7,52.08,51.61,545600.0
20251208,301622,英思特,64.98,65.1,65.19,64.45,1711700.0
20251208,301626,苏州天脉,168.79,166.82,171.98,166.36,1119400.0
20251208,301628,强达电路,85.33,90.43,92.1,84.58,2994700.0
20251208,301629,矽电股份,218.57,221.87,223.44,215.88,1708500.0
20251208,301630,同宇新材,171.99,173.82,174.79,171.73,289400.0
20251208,301631,壹连科技,95.6,96.41,97.24,94.6,1518700.0
20251208,301632,广东建科,25.05,25.05,25.26,25.01,1506500.0
20251208,301633,港迪技术,67.78,67.96,68.49,67.7,264500.0
20251208,301636,泽润新能,49.01,49.42,49.61,48.77,438000.0
20251208,301638,南网数字,20.88,21.19,21.39,20.81,44974200.0
20251208,301656,联合动力,25.85,26.07,26.23,25.84,5622100.0
20251208,301658,首航新能,29.0,29.43,29.62,28.88,1802600.0
20251208,301662,宏工科技,126.8,130.0,130.68,126.0,1855300.0
20251208,301665,泰禾股份,29.75,29.56,29.87,29.5,1540800.0
20251208,301668,昊创瑞通,51.15,51.67,52.24,50.89,1789000.0
20251208,301678,新恒汇,64.83,66.85,67.45,64.83,2275100.0
20251208,302132,中航成飞,78.29,78.21,79.0,77.92,6978500.0
20251208,600000,浦发银行,11.26,11.39,11.43,11.23,89418400.0
20251208,600004,白云机场,9.76,9.77,9.82,9.7,11154100.0
20251208,600006,东风股份,7.35,7.36,7.4,7.34,18232600.0
20251208,600007,中国国贸,19.95,19.7,19.98,19.65,2410100.0
20251208,600008,首创环保,3.05,3.03,3.05,3.02,60248400.0
20251208,600009,上海机场,32.0,32.15,32.22,31.81,11133700.0
20251208,600010,包钢股份,2.46,2.45,2.47,2.44,397072300.0
20251208,600011,华能国际,7.9,7.8,7.92,7.76,45932100.0
20251208,600012,皖通高速,14.92,14.8,15.0,14.74,5351500.0
20251208,600015,华夏银行,6.87,6.94,6.97,6.86,70548700.0
20251208,600016,民生银行,4.0,4.0,4.03,3.99,318196700.0
20251208,600017,日照港,3.05,3.03,3.06,3.02,30555300.0
20251208,600018,上港集团,5.66,5.61,5.68,5.6,32140500.0
20251208,600019,宝钢股份,7.32,7.18,7.34,7.16,116901000.0
20251208,600020,中原高速,4.48,4.44,4.5,4.42,12843200.0
20251208,600021,上海电力,19.87,20.24,20.49,19.87,85098400.0
20251208,600022,山东钢铁,1.52,1.53,1.54,1.51,96114100.0
20251208,600023,浙能电力,5.15,5.12,5.17,5.11,45655800.0
20251208,600025,华能水电,9.6,9.41,9.6,9.4,28250900.0
20251208,600026,中远海能,11.4,11.34,11.45,11.29,37504500.0
20251208,600027,华电国际,5.28,5.2,5.29,5.19,81070100.0
20251208,600028,中国石化,5.96,5.96,6.01,5.9,111802700.0
20251208,600029,南方航空,7.05,7.1,7.12,6.9,49133100.0
20251208,600030,中信证券,28.38,28.7,29.06,28.38,314621700.0
20251208,600031,三一重工,21.43,21.23,21.63,21.03,65289800.0
20251208,600032,浙江新能,7.37,7.35,7.41,7.34,7369300.0
20251208,600033,福建高速,4.34,4.55,4.71,4.29,205323200.0
20251208,600035,楚天高速,4.04,4.02,4.05,4.02,8567400.0
20251208,600036,招商银行,43.44,43.18,43.64,43.07,58003900.0
20251208,600037,歌华有线,7.54,7.52,7.62,7.51,12836100.0
20251208,600038,中直股份,35.49,35.33,35.7,35.33,7260200.0
20251208,600039,四川路桥,9.3,9.32,9.4,9.12,25966800.0
20251208,600048,保利发展,6.49,6.51,6.57,6.49,103998300.0
20251208,600050,中国联通,5.35,5.33,5.37,5.32,170972000.0
20251208,600051,宁波联合,7.77,7.73,7.81,7.69,4910800.0
20251208,600052,东望时代,5.04,5.07,5.1,5.02,16835300.0
20251208,600054,黄山旅游,11.28,11.32,11.32,11.24,3513100.0
20251208,600055,万东医疗,16.21,15.99,16.29,15.95,4566400.0
20251208,600056,中国医药,10.91,10.9,10.95,10.87,12451400.0
20251208,600057,厦门象屿,9.04,9.11,9.3,8.67,64588300.0
20251208,600058,五矿发展,8.72,8.62,8.77,8.58,7856600.0
20251208,600059,古越龙山,9.1,9.11,9.14,9.09,6102800.0
20251208,600060,海信视像,25.88,25.46,26.06,25.15,9792100.0
20251208,600061,国投资本,7.58,7.6,7.69,7.53,72148900.0
20251208,600062,华润双鹤,18.82,18.74,18.85,18.71,5174500.0
20251208,600063,皖维高新,6.1,6.06,6.15,6.0,25060800.0
20251208,600064,南京高科,8.57,8.51,8.58,8.5,13466100.0
20251208,600066,宇通客车,33.1,32.27,33.15,32.1,14698900.0
20251208,600067,冠城新材,4.51,4.78,4.94,4.51,148525100.0
20251208,600071,凤凰光学,21.31,21.7,21.9,21.27,4986100.0
20251208,600072,中船科技,12.18,12.15,12.28,12.13,14461900.0
20251208,600073,光明肉业,6.64,6.63,6.67,6.61,6834600.0
20251208,600075,新疆天业,4.92,4.8,4.93,4.8,18012600.0
20251208,600076,康欣新材,2.95,2.94,3.0,2.91,20548200.0
20251208,600078,澄星股份,10.76,10.68,10.86,10.46,24859400.0
20251208,600081,东风科技,12.2,12.12,12.21,12.11,1684300.0
20251208,600085,同仁堂,33.42,33.22,33.5,33.01,6346600.0
20251208,600088,中视传媒,16.86,16.67,17.1,16.51,9243700.0
20251208,600089,特变电工,22.02,22.16,22.37,21.88,154222200.0
20251208,600094,大名城,4.1,4.1,4.15,4.08,18804800.0
20251208,600095,湘财股份,11.99,11.69,11.99,11.67,75921400.0
20251208,600096,云天化,31.6,31.29,31.74,30.9,43061200.0
20251208,600097,开创国际,11.99,12.31,12.31,11.93,13952800.0
20251208,600098,广州发展,6.88,6.8,6.91,6.78,15877300.0
20251208,600099,林海股份,10.8,10.72,10.85,10.71,2439000.0
20251208,600100,同方股份,8.95,9.18,9.2,8.93,96841000.0
20251208,600101,明星电力,9.07,9.14,9.19,9.06,9105500.0
20251208,600103,青山纸业,4.15,4.38,4.49,4.15,509957500.0
20251208,600104,上汽集团,15.51,15.24,15.52,15.22,76618200.0
20251208,600105,永鼎股份,17.5,18.14,18.58,17.46,308996100.0
20251208,600106,重庆路桥,6.56,6.46,6.56,6.4,23519200.0
20251208,600108,亚盛集团,3.21,3.18,3.22,3.16,37608800.0
20251208,600109,国金证券,9.4,9.35,9.49,9.34,52532200.0
20251208,600110,诺德股份,7.42,7.65,7.74,7.39,104917000.0
20251208,600111,北方稀土,47.33,47.18,47.53,46.58,82795800.0
20251208,600113,浙江东日,54.2,54.61,54.85,53.7,3440200.0
20251208,600114,东睦股份,28.95,28.96,29.28,28.75,14394200.0
20251208,600115,中国东航,5.12,5.22,5.22,4.98,90572100.0
20251208,600116,三峡水利,6.51,6.49,6.52,6.49,7171700.0
20251208,600117,西宁特钢,2.93,2.9,2.93,2.87,39490100.0
20251208,600118,中国卫星,49.6,48.98,52.5,48.51,138912700.0
20251208,600120,浙江东方,6.37,6.36,6.47,6.35,71712600.0
20251208,600121,郑州煤电,4.39,4.45,4.46,4.32,54540000.0
20251208,600123,兰花科创,6.39,6.37,6.41,6.36,11460300.0
20251208,600125,铁龙物流,6.4,6.29,6.41,6.27,14743600.0
20251208,600126,杭钢股份,8.51,8.51,8.55,8.49,29797900.0
20251208,600127,金健米业,7.1,7.13,7.19,7.08,21800200.0
20251208,600128,苏豪弘业,11.05,11.0,11.1,10.95,6203600.0
20251208,600129,太极集团,19.17,19.12,19.23,19.07,4620500.0
20251208,600130,波导股份,4.1,4.11,4.12,4.03,17676700.0
20251208,600131,国网信通,16.55,16.48,16.56,16.44,5682700.0
20251208,600132,重庆啤酒,53.5,53.05,53.71,53.02,2218400.0
20251208,600133,东湖高新,9.27,9.19,9.3,9.18,18533100.0
20251208,600135,乐凯胶片,8.24,8.64,9.05,8.18,44065500.0
20251208,600137,浪莎股份,19.61,19.49,19.69,19.38,1259700.0
20251208,600138,中青旅,9.57,9.57,9.61,9.54,8237000.0
20251208,600141,兴发集团,33.58,32.99,33.59,32.44,21521900.0
20251208,600143,金发科技,18.5,18.67,18.77,18.4,67272200.0
20251208,600148,长春一东,19.69,19.91,20.0,19.69,1440000.0
20251208,600149,廊坊发展,5.41,5.37,5.42,5.34,6029700.0
20251208,600150,中国船舶,33.85,33.74,34.35,33.73,47289600.0
20251208,600151,航天机电,14.0,13.48,14.97,13.29,401173000.0
20251208,600152,维科技术,7.27,7.29,7.36,7.2,22833800.0
20251208,600153,建发股份,9.73,9.8,9.89,9.65,28564300.0
20251208,600155,华创云信,7.0,6.98,7.13,6.97,46972800.0
20251208,600156,华升股份,8.65,8.58,8.78,8.53,7938100.0
20251208,600157,永泰能源,1.65,1.65,1.67,1.64,623343500.0
20251208,600158,中体产业,8.86,8.86,8.96,8.8,30285800.0
20251208,600159,大龙地产,3.09,3.11,3.13,3.07,16883100.0
20251208,600160,巨化股份,34.18,35.34,35.49,34.14,29890100.0
20251208,600161,天坛生物,17.12,17.14,17.18,17.09,5454900.0
20251208,600162,香江控股,1.97,1.97,1.99,1.96,38224300.0
20251208,600163,中闽能源,6.08,6.07,6.21,5.99,74377500.0
20251208,600165,宁科生物,3.97,3.95,4.04,3.91,15424800.0
20251208,600166,福田汽车,2.87,2.82,2.89,2.81,104489500.0
20251208,600167,联美控股,8.07,7.91,8.07,7.77,57123100.0
20251208,600168,武汉控股,5.28,5.26,5.3,5.25,13503800.0
20251208,600170,上海建工,2.74,2.73,2.76,2.72,132058300.0
20251208,600171,上海贝岭,31.84,32.07,32.25,31.8,9417900.0
20251208,600172,黄河旋风,6.57,6.79,6.88,6.57,152875200.0
20251208,600173,卧龙新能,7.46,7.46,7.51,7.35,12632000.0
20251208,600176,中国巨石,15.8,15.75,16.0,15.6,34256100.0
20251208,600177,雅戈尔,7.52,7.46,7.53,7.44,19479300.0
20251208,600178,东安动力,11.9,11.98,12.01,11.9,3146900.0
20251208,600179,安通控股,4.28,4.37,4.44,4.25,112367300.0
20251208,600182,S佳通,15.92,15.92,16.0,15.76,1899300.0
20251208,600183,生益科技,57.05,59.45,60.76,56.98,45091400.0
20251208,600184,光电股份,18.09,18.43,18.57,18.0,18542400.0
20251208,600185,珠免集团,6.7,6.96,7.05,6.69,45234200.0
20251208,600186,莲花控股,5.44,5.44,5.47,5.42,20824700.0
20251208,600188,兖矿能源,13.75,13.52,13.75,13.43,44418700.0
20251208,600189,泉阳泉,7.38,7.34,7.4,7.27,10805700.0
20251208,600191,华资实业,12.76,12.63,13.12,12.29,27362000.0
20251208,600192,长城电工,9.08,9.04,9.11,9.0,6198900.0
20251208,600195,中牧股份,7.96,8.09,8.19,7.96,18039800.0
20251208,600196,复星医药,27.5,27.33,27.6,27.28,13032400.0
20251208,600197,伊力特,14.22,14.14,14.23,14.14,2043200.0
20251208,600198,大唐电信,8.8,8.81,8.95,8.72,40927100.0
20251208,600199,金种子酒,9.78,9.78,9.84,9.75,5178900.0
20251208,600201,生物股份,13.35,14.39,14.72,13.28,71749500.0
20251208,600202,哈空调,6.06,6.11,6.15,6.02,9028300.0
20251208,600203,福日电子,14.83,14.84,14.99,14.63,63959000.0
20251208,600206,有研新材,20.05,20.35,20.4,19.97,19840600.0
20251208,600207,安彩高科,5.15,5.29,5.43,5.13,34300900.0
20251208,600208,衢州发展,4.29,4.24,4.36,4.22,77298700.0
20251208,600210,紫江企业,7.4,7.36,7.46,7.36,19334400.0
20251208,600211,西藏药业,41.78,41.97,42.19,41.78,2304300.0
20251208,600212,绿能慧充,8.57,8.5,8.98,8.46,26843000.0
20251208,600215,派斯林,7.09,7.04,7.1,7.03,6923100.0
20251208,600216,浙江医药,14.05,13.96,14.08,13.96,5687100.0
20251208,600217,中再资环,4.36,4.4,4.41,4.32,47760000.0
20251208,600218,全柴动力,11.41,11.56,11.8,11.29,60546800.0
20251208,600219,南山铝业,5.32,5.22,5.33,5.15,325887500.0
20251208,600221,海航控股,1.77,1.79,1.8,1.76,431283500.0
20251208,600223,福瑞达,7.43,7.45,7.48,7.43,5804600.0
20251208,600226,亨通股份,4.24,4.39,4.42,4.23,87781200.0
20251208,600227,赤天化,2.88,2.97,3.1,2.83,262671300.0
20251208,600228,返利科技,6.61,6.61,6.61,6.61,11610500.0
20251208,600229,城市传媒,6.74,6.74,6.85,6.72,4719300.0
20251208,600230,沧州大化,12.74,12.9,13.04,12.65,10763600.0
20251208,600231,凌钢股份,2.19,2.17,2.19,2.15,18775700.0
20251208,600232,金鹰股份,7.1,7.3,7.38,7.1,10677900.0
20251208,600233,圆通速递,17.38,17.4,17.51,16.91,19298300.0
20251208,600234,科新发展,11.49,11.5,11.59,11.21,3213800.0
20251208,600235,民丰特纸,6.83,6.8,6.87,6.75,5221000.0
20251208,600236,桂冠电力,7.0,6.88,7.02,6.86,9182800.0
20251208,600237,铜峰电子,8.39,8.46,8.52,8.29,34284000.0
20251208,600241,时代万恒,9.1,8.92,9.1,8.8,6541100.0
20251208,600246,万通发展,13.0,13.83,14.06,12.85,280007400.0
20251208,600248,陕建股份,3.72,3.7,3.72,3.69,12324300.0
20251208,600249,两面针,6.35,6.26,6.35,6.22,11016700.0
20251208,600250,南京商旅,10.3,11.24,11.24,10.24,27049800.0
20251208,600251,冠农股份,8.91,8.79,8.93,8.75,9638700.0
20251208,600252,中恒集团,3.0,2.96,3.02,2.94,90324300.0
20251208,600255,鑫科材料,4.01,4.08,4.12,3.98,173280900.0
20251208,600256,广汇能源,4.99,4.98,5.0,4.97,41382300.0
20251208,600257,大湖股份,6.51,6.45,6.56,6.36,22046700.0
20251208,600258,首旅酒店,15.89,15.8,15.95,15.52,13338500.0
20251208,600259,中稀有色,52.62,53.3,53.66,52.55,7815300.0
20251208,600261,阳光照明,3.5,3.46,3.5,3.45,11319000.0
20251208,600262,北方股份,25.26,25.43,25.7,25.07,3320500.0
20251208,600266,城建发展,4.79,4.83,4.88,4.78,30162900.0
20251208,600267,海正药业,10.62,10.54,10.68,10.5,11618700.0
20251208,600268,国电南自,10.56,10.51,10.64,10.4,20824600.0
20251208,600269,赣粤高速,5.41,5.35,5.43,5.33,17135500.0
20251208,600271,航天信息,9.4,9.43,9.68,9.22,107243600.0
20251208,600272,开开实业,16.55,16.9,17.39,16.33,24386200.0
20251208,600273,嘉化能源,8.3,8.27,8.34,8.24,12051100.0
20251208,600276,恒瑞医药,62.6,62.46,63.55,61.92,50861800.0
20251208,600278,东方创业,7.89,7.86,8.05,7.86,11490000.0
20251208,600279,重庆港,5.27,5.22,5.27,5.17,9531000.0
20251208,600280,中央商场,3.64,3.69,3.71,3.62,41166200.0
20251208,600281,华阳新材,6.39,6.37,6.39,6.26,36399200.0
20251208,600282,南钢股份,5.24,5.21,5.27,5.12,43262800.0
20251208,600283,钱江水利,9.4,9.38,9.42,9.36,2536000.0
20251208,600284,浦东建设,8.11,8.14,8.26,8.08,20194300.0
20251208,600285,羚锐制药,22.11,21.97,22.13,21.93,2965500.0
20251208,600287,苏豪时尚,6.18,6.1,6.26,6.04,19068800.0
20251208,600288,大恒科技,15.11,15.13,15.32,15.02,8398500.0
20251208,600292,电投水电,12.7,12.8,12.88,12.7,11399500.0
20251208,600293,三峡新材,3.23,3.23,3.31,3.21,29824300.0
20251208,600295,鄂尔多斯,11.35,10.97,11.37,10.93,11712200.0
20251208,600298,安琪酵母,41.49,41.11,41.58,40.7,5601400.0
20251208,600299,安迪苏,9.16,9.06,9.17,9.04,7428900.0
20251208,600300,维维股份,3.65,3.59,3.66,3.56,40886400.0
20251208,600301,华锡有色,38.67,38.04,39.07,37.7,11151200.0
20251208,600303,曙光股份,3.44,3.48,3.49,3.42,16792100.0
20251208,600305,恒顺醋业,7.92,7.87,7.94,7.87,6574000.0
20251208,600307,酒钢宏兴,1.63,1.63,1.64,1.62,36899600.0
20251208,600308,华泰股份,3.97,3.92,3.97,3.88,18030600.0
20251208,600309,万华化学,70.2,69.97,70.7,69.38,32980300.0
20251208,600310,广西能源,3.8,3.82,3.83,3.8,7820600.0
20251208,600312,平高电气,17.1,16.99,17.1,16.82,18317500.0
20251208,600313,农发种业,6.85,6.84,6.9,6.8,30396900.0
20251208,600315,上海家化,22.88,22.92,23.07,22.83,3336700.0
20251208,600316,洪都航空,32.1,32.11,32.45,32.04,7404400.0
20251208,600318,新力金融,9.21,9.1,9.35,9.08,28493600.0
20251208,600319,亚星化学,9.37,9.14,9.37,9.03,12362400.0
20251208,600320,振华重工,4.98,4.98,5.04,4.89,95358400.0
20251208,600322,津投城开,2.47,2.47,2.49,2.44,19548500.0
20251208,600323,瀚蓝环境,29.84,29.37,30.0,29.15,4016700.0
20251208,600325,华发股份,4.53,4.53,4.57,4.52,23509100.0
20251208,600326,西藏天路,11.03,11.05,11.1,11.01,22637500.0
20251208,600327,大东方,5.21,5.25,5.25,5.15,43752900.0
20251208,600328,中盐化工,8.24,8.09,8.26,8.06,23266800.0
20251208,600329,达仁堂,46.61,45.85,46.76,45.79,5087800.0
20251208,600330,天通股份,9.89,10.28,10.51,9.89,88404400.0
20251208,600331,宏达股份,11.16,11.06,11.22,10.98,54467500.0
20251208,600332,白云山,25.96,25.82,26.02,25.79,10088100.0
20251208,600333,长春燃气,6.02,6.06,6.17,6.0,16781600.0
20251208,600335,国机汽车,6.39,6.35,6.43,6.33,13249700.0
20251208,600336,澳柯玛,7.91,7.94,8.08,7.88,23879300.0
20251208,600338,西藏珠峰,14.0,14.39,14.44,13.93,51153500.0
20251208,600339,中油工程,3.44,3.4,3.44,3.39,32541200.0
20251208,600343,航天动力,29.92,31.04,31.04,29.18,127107200.0
20251208,600345,长江通信,28.8,28.4,29.49,28.32,20784700.0
20251208,600346,恒力石化,19.37,18.99,19.46,18.71,19855600.0
20251208,600348,华阳股份,7.99,7.76,7.99,7.72,64887400.0
20251208,600350,山东高速,9.08,9.06,9.1,9.01,5714900.0
20251208,600351,亚宝药业,6.84,6.82,6.85,6.8,9096000.0
20251208,600352,浙江龙盛,10.7,10.51,10.71,10.5,22551000.0
20251208,600353,旭光电子,15.35,15.55,15.7,15.16,23831400.0
20251208,600354,敦煌种业,6.59,6.64,6.66,6.57,19801700.0
20251208,600356,恒丰纸业,8.73,8.78,8.82,8.71,4703600.0
20251208,600358,国旅联合,5.76,5.77,5.85,5.76,4666100.0
20251208,600359,新农开发,7.25,7.27,7.32,7.18,7392300.0
20251208,600360,华微电子,8.01,7.97,8.02,7.94,9643300.0
20251208,600361,创新新材,4.59,4.57,4.62,4.54,50022200.0
20251208,600362,江西铜业,43.33,44.74,44.93,42.32,81540800.0
20251208,600363,联创光电,55.4,56.05,56.84,55.31,7813100.0
20251208,600366,宁波韵升,14.04,14.54,15.05,13.88,138331900.0
20251208,600367,红星发展,16.27,16.2,16.4,16.13,9791900.0
20251208,600368,五洲交通,4.02,4.0,4.02,3.99,9683100.0
20251208,600369,西南证券,4.54,4.52,4.59,4.51,65302500.0
20251208,600371,万向德农,9.19,9.26,9.37,9.13,9043000.0
20251208,600372,中航机载,12.59,12.63,12.86,12.56,65469800.0
20251208,600373,中文传媒,10.21,10.15,10.25,10.13,21714800.0
20251208,600375,汉马科技,6.09,6.06,6.12,6.04,23516800.0
20251208,600376,首开股份,6.0,6.09,6.14,5.92,168968100.0
20251208,600377,宁沪高速,12.45,12.35,12.48,12.31,11126300.0
20251208,600378,昊华科技,30.2,30.05,30.3,29.8,5606800.0
20251208,600379,宝光股份,11.78,11.86,12.08,11.68,4686100.0
20251208,600380,健康元,12.63,12.54,12.76,12.48,19935200.0
20251208,600382,广东明珠,7.2,7.12,7.25,7.05,10573600.0
20251208,600383,金地集团,3.26,3.24,3.31,3.22,103878600.0
20251208,600386,北巴传媒,4.7,4.67,4.72,4.64,7690900.0
20251208,600388,紫金龙净,15.87,15.6,15.99,15.57,14877900.0
20251208,600389,江山股份,22.73,22.58,23.15,22.58,5432200.0
20251208,600390,五矿资本,5.61,5.62,5.72,5.61,50783300.0
20251208,600391,航发科技,27.29,27.84,29.08,27.25,21768600.0
20251208,600392,盛和资源,21.14,21.25,21.27,20.92,41157800.0
20251208,600395,盘江股份,4.76,4.71,4.77,4.71,14097500.0
20251208,600396,华电辽能,3.06,3.07,3.09,3.05,8856400.0
20251208,600397,江钨装备,6.68,6.77,6.82,6.66,15491100.0
20251208,600398,海澜之家,6.26,6.19,6.3,6.18,28419000.0
20251208,600399,抚顺特钢,5.27,5.25,5.31,5.24,29150000.0
20251208,600400,红豆股份,2.57,2.6,2.62,2.56,46995500.0
20251208,600403,大有能源,8.11,8.04,8.22,7.9,74273100.0
20251208,600405,动力源,5.42,5.42,5.44,5.39,9713000.0
20251208,600406,国电南瑞,22.75,22.73,22.94,22.67,36703800.0
20251208,600408,安泰集团,5.26,5.08,5.37,5.05,186899900.0
20251208,600409,三友化工,6.18,6.25,6.3,6.15,35804500.0
20251208,600410,华胜天成,18.27,18.78,18.9,18.27,104584300.0
20251208,600415,小商品城,16.42,16.39,16.68,16.36,31375900.0
20251208,600416,湘电股份,13.41,13.5,13.58,13.41,14921700.0
20251208,600418,江淮汽车,49.0,48.46,49.3,48.0,34019900.0
20251208,600419,天润乳业,9.74,9.68,9.8,9.66,4998300.0
20251208,600420,国药现代,10.33,10.28,10.37,10.27,6890100.0
20251208,600422,昆药集团,13.16,13.13,13.19,13.11,3523600.0
20251208,600425,青松建化,4.38,4.32,4.38,4.29,34570200.0
20251208,600426,华鲁恒升,29.4,28.7,29.48,28.6,13258400.0
20251208,600428,中远海特,7.18,7.11,7.21,7.08,23482000.0
20251208,600429,三元股份,5.55,5.51,5.57,5.45,24132300.0
20251208,600433,冠豪高新,3.25,3.24,3.28,3.23,13782200.0
20251208,600435,北方导航,13.84,14.08,14.28,13.84,40766500.0
20251208,600436,片仔癀,169.2,169.34,169.88,168.78,1223600.0
20251208,600438,通威股份,21.6,21.89,21.94,21.54,49017300.0
20251208,600444,国机通用,19.48,19.86,20.02,19.41,8185200.0
20251208,600446,金证股份,15.79,15.89,16.37,15.79,29013300.0
20251208,600448,华纺股份,3.34,3.34,3.35,3.3,19131700.0
20251208,600449,宁夏建材,12.95,12.96,13.1,12.95,5126200.0
20251208,600452,涪陵电力,9.4,9.38,9.41,9.24,24146100.0
20251208,600455,博通股份,26.7,26.93,27.04,26.64,1926600.0
20251208,600456,宝钛股份,32.55,32.76,33.61,32.53,19906900.0
20251208,600458,时代新材,13.23,13.25,13.39,13.18,7787600.0
20251208,600459,贵研铂业,17.51,17.36,17.56,17.06,23957400.0
20251208,600460,士兰微,28.15,28.49,28.58,28.13,25673300.0
20251208,600461,洪城环境,9.99,9.97,10.0,9.8,13377100.0
20251208,600463,空港股份,11.27,11.35,11.59,11.11,4641900.0
20251208,600467,好当家,2.98,2.94,3.03,2.92,176790200.0
20251208,600468,百利电气,6.29,6.35,6.48,6.26,31790000.0
20251208,600469,风神股份,7.11,6.99,7.12,6.96,8893000.0
20251208,600470,六国化工,6.35,6.2,6.35,6.13,17323600.0
20251208,600475,华光环能,17.48,17.64,17.89,17.43,10627900.0
20251208,600477,杭萧钢构,2.79,2.77,2.8,2.75,28769800.0
20251208,600478,科力远,6.71,6.68,6.74,6.65,37455900.0
20251208,600479,千金药业,10.79,10.65,10.79,10.65,4576600.0
20251208,600480,凌云股份,12.13,12.08,12.19,12.06,11187800.0
20251208,600481,双良节能,5.55,5.62,5.67,5.55,25822000.0
20251208,600482,中国动力,19.65,19.8,20.09,19.65,24433500.0
20251208,600483,福能股份,10.18,10.02,10.19,9.96,29684400.0
20251208,600486,扬农化工,65.58,64.21,65.98,64.07,2272200.0
20251208,600487,亨通光电,20.05,20.38,20.64,20.05,52465600.0
20251208,600488,津药药业,4.37,4.31,4.42,4.3,8710000.0
20251208,600489,中金黄金,22.71,22.35,22.8,22.16,69733300.0
20251208,600490,鹏欣资源,7.41,7.28,7.43,7.18,42609600.0
20251208,600493,凤竹纺织,7.8,8.54,8.54,7.65,24633200.0
20251208,600495,晋西车轴,4.92,5.15,5.26,4.92,43920300.0
20251208,600496,精工钢构,4.32,4.25,4.34,4.18,33259400.0
20251208,600497,驰宏锌锗,6.76,6.75,6.79,6.62,99920900.0
20251208,600498,烽火通信,23.29,24.85,25.26,23.27,133601100.0
20251208,600499,科达制造,12.57,12.83,12.98,12.39,24829500.0
20251208,600500,中化国际,3.97,3.94,3.99,3.93,20024400.0
20251208,600501,航天晨光,23.05,22.92,23.74,22.89,35947300.0
20251208,600502,安徽建工,4.86,4.83,4.88,4.83,14480600.0
20251208,600503,华丽家族,2.9,2.88,2.93,2.87,27023100.0
20251208,600505,西昌电力,12.71,12.84,12.9,12.59,7450800.0
20251208,600506,统一股份,24.39,24.86,25.07,24.36,17330500.0
20251208,600507,方大特钢,5.95,5.8,5.98,5.76,25880500.0
20251208,600508,上海能源,12.41,12.28,12.45,12.27,4588500.0
20251208,600509,天富能源,9.09,9.31,9.4,9.08,77184600.0
20251208,600510,黑牡丹,9.56,9.39,9.66,9.26,12335600.0
20251208,600511,国药股份,29.26,29.19,29.42,29.15,4418100.0
20251208,600512,腾达建设,2.54,2.52,2.56,2.5,23594900.0
20251208,600513,联环药业,18.28,18.54,18.75,18.28,11371300.0
20251208,600515,海南机场,4.83,4.97,5.02,4.81,163108900.0
20251208,600516,方大炭素,6.14,6.1,6.16,6.05,72084800.0
20251208,600517,国网英大,6.09,6.05,6.15,6.04,34425100.0
20251208,600518,康美药业,2.0,2.0,2.01,1.99,133395700.0
20251208,600519,贵州茅台,1429.2,1418.22,1436.67,1418.0,3360300.0
20251208,600520,三佳科技,25.65,25.54,25.65,25.4,1635900.0
20251208,600521,华海药业,18.09,17.96,18.15,17.86,15423500.0
20251208,600522,中天科技,16.83,16.85,16.95,16.72,74061200.0
20251208,600523,贵航股份,14.6,14.97,15.32,14.6,11955000.0
20251208,600525,长园集团,3.72,3.71,3.78,3.7,10801300.0
20251208,600526,菲达环保,5.39,5.38,5.41,5.35,8276300.0
20251208,600527,江南高纤,2.27,2.26,2.28,2.24,30859100.0
20251208,600528,中铁工业,8.11,8.06,8.13,8.05,7490500.0
20251208,600529,山东药玻,20.15,20.13,20.22,20.09,4194200.0
20251208,600531,豫光金铅,11.63,11.42,11.64,11.25,48722100.0
20251208,600533,栖霞建设,2.72,2.72,2.77,2.71,20313600.0
20251208,600535,天士力,15.42,15.27,15.43,15.26,5831300.0
20251208,600536,中国软件,45.2,45.26,45.5,45.2,10497900.0
20251208,600538,国发股份,6.38,6.63,6.72,6.33,27346800.0
20251208,600539,狮头股份,10.36,10.47,10.49,10.35,2933800.0
20251208,600540,新赛股份,4.83,4.8,4.85,4.76,9106600.0
20251208,600545,卓郎智能,2.74,2.73,2.76,2.72,17278000.0
20251208,600546,山煤国际,10.4,10.35,10.4,10.12,26471300.0
20251208,600547,山东黄金,36.28,35.74,36.29,35.37,33260700.0
20251208,600548,深高速,9.41,9.3,9.42,9.28,8083200.0
20251208,600549,厦门钨业,36.23,37.12,37.28,35.66,56261500.0
20251208,600550,保变电气,9.44,9.44,9.52,9.37,50698000.0
20251208,600551,时代出版,8.42,8.41,8.46,8.36,6826500.0
20251208,600552,凯盛科技,11.35,11.39,11.5,11.32,14138200.0
20251208,600556,天下秀,6.19,6.2,6.22,6.15,72287300.0
20251208,600557,康缘药业,15.28,15.46,15.53,15.27,8565200.0
20251208,600558,大西洋,5.79,5.79,5.91,5.75,38852800.0
20251208,600559,老白干酒,16.24,16.24,16.27,16.17,5716300.0
20251208,600560,金自天正,16.83,16.72,17.01,16.68,1912700.0
20251208,600561,江西长运,6.87,6.85,6.95,6.81,4573200.0
20251208,600562,国睿科技,27.3,27.11,27.79,27.04,17893200.0
20251208,600563,法拉电子,103.25,104.01,104.5,102.53,2997400.0
20251208,600566,济川药业,27.33,27.22,27.5,26.88,6592600.0
20251208,600567,山鹰国际,1.72,1.71,1.72,1.7,101662300.0
20251208,600569,安阳钢铁,2.36,2.32,2.37,2.31,23693300.0
20251208,600570,恒生电子,29.52,29.93,30.18,29.44,45892900.0
20251208,600571,信雅达,15.52,15.52,15.8,15.46,8627500.0
20251208,600572,康恩贝,4.72,4.65,4.74,4.64,33463300.0
20251208,600573,惠泉啤酒,12.79,12.88,13.22,12.55,20036900.0
20251208,600575,淮河能源,3.65,3.61,3.65,3.58,45299600.0
20251208,600576,祥源文旅,6.35,6.39,6.49,6.35,49557600.0
20251208,600577,精达股份,10.21,10.26,10.45,10.2,59304900.0
20251208,600578,京能电力,4.66,4.56,4.66,4.53,45608900.0
20251208,600579,中化装备,8.74,8.84,9.0,8.73,6933300.0
20251208,600580,卧龙电驱,42.39,44.02,44.31,41.9,105735400.0
20251208,600582,天地科技,5.94,5.93,5.96,5.9,24844900.0
20251208,600583,海油工程,5.65,5.54,5.67,5.53,41192300.0
20251208,600584,长电科技,36.73,37.28,37.47,36.61,38282000.0
20251208,600585,海螺水泥,22.8,22.67,22.9,22.61,23152500.0
20251208,600586,金晶科技,5.74,5.95,6.12,5.71,66121600.0
20251208,600587,新华医疗,15.11,15.05,15.17,15.02,6484700.0
20251208,600588,用友网络,13.43,13.5,13.6,13.32,43738000.0
20251208,600589,大位科技,7.2,7.25,7.31,7.17,55157100.0
20251208,600590,泰豪科技,9.06,9.06,9.17,9.05,15914400.0
20251208,600592,龙溪股份,28.36,29.1,30.44,28.36,102296100.0
20251208,600593,大连圣亚,45.18,44.84,45.4,44.8,5990600.0
20251208,600594,益佰制药,4.25,4.19,4.29,4.18,17891200.0
20251208,600595,中孚实业,8.01,7.89,8.01,7.73,136772700.0
20251208,600596,新安股份,11.77,11.38,11.83,11.23,40242800.0
20251208,600597,光明乳业,8.16,8.11,8.18,8.1,12253400.0
20251208,600598,北大荒,14.79,14.81,14.89,14.76,11419200.0
20251208,600600,青岛啤酒,63.12,62.58,63.19,62.57,5630600.0
20251208,600601,方正科技,11.47,11.9,12.04,11.42,183873400.0
20251208,600602,云赛智联,18.21,18.27,18.38,18.01,10409800.0
20251208,600603,广汇物流,6.77,6.86,7.05,6.75,13725400.0
20251208,600604,市北高新,5.87,5.87,5.96,5.84,16169200.0
20251208,600605,汇通能源,28.32,28.05,28.32,27.66,2568400.0
20251208,600606,绿地控股,1.7,1.7,1.72,1.69,61766400.0
20251208,600609,金杯汽车,4.76,4.76,4.77,4.72,11831400.0
20251208,600610,中毅达,9.87,9.99,10.05,9.87,12906300.0
20251208,600611,大众交通,5.73,5.71,5.73,5.66,37240600.0
20251208,600612,老凤祥,44.48,44.56,44.68,44.4,865500.0
20251208,600613,神奇制药,6.9,6.79,6.93,6.75,10264700.0
20251208,600615,鑫源智造,11.8,11.81,11.86,11.69,2033500.0
20251208,600616,金枫酒业,5.6,5.53,5.62,5.51,11974300.0
20251208,600617,国新能源,3.4,3.35,3.42,3.33,33842600.0
20251208,600618,氯碱化工,12.68,12.51,12.69,12.18,18488600.0
20251208,600619,海立股份,20.47,20.84,20.97,20.46,25737000.0
20251208,600620,天宸股份,6.33,6.38,6.4,6.3,5000600.0
20251208,600621,华鑫股份,15.61,15.5,15.8,15.49,20789800.0
20251208,600622,光大嘉宝,3.12,3.09,3.14,3.08,52203100.0
20251208,600623,华谊集团,7.86,7.7,7.88,7.69,12435000.0
20251208,600626,申达股份,4.82,4.71,4.85,4.69,23066700.0
20251208,600628,新世界,7.77,7.77,7.83,7.71,13255100.0
20251208,600629,华建集团,19.78,20.0,20.24,19.78,27605000.0
20251208,600630,龙头股份,10.83,10.69,11.11,10.63,40760200.0
20251208,600633,浙数文化,13.09,13.11,13.18,13.09,9115200.0
20251208,600635,大众公用,7.28,7.29,7.4,7.1,262769000.0
20251208,600637,东方明珠,10.11,10.19,10.44,10.11,112414900.0
20251208,600638,新黄浦,5.85,5.94,6.1,5.83,15874000.0
20251208,600639,浦东金桥,10.44,10.36,10.44,10.35,4917900.0
20251208,600640,国脉文化,13.06,13.08,13.19,13.02,7085200.0
20251208,600641,先导基电,16.6,16.74,16.9,16.44,20082100.0
20251208,600642,申能股份,8.17,8.16,8.22,8.07,23974400.0
20251208,600643,爱建集团,5.52,5.53,5.61,5.5,20858500.0
20251208,600644,乐山电力,10.2,10.25,10.3,10.17,8940500.0
20251208,600645,中源协和,28.9,27.83,29.37,27.0,17221900.0
20251208,600648,外高桥,10.4,10.43,10.46,10.37,3111500.0
20251208,600649,城投控股,4.42,4.39,4.45,4.38,15040400.0
20251208,600650,锦江在线,15.4,15.56,15.67,15.25,23015300.0
20251208,600651,飞乐音响,8.0,7.98,8.13,7.88,33779900.0
20251208,600653,申华控股,2.01,2.01,2.03,2.0,22243200.0
20251208,600654,中安科,3.89,3.86,3.89,3.82,62938700.0
20251208,600655,豫园股份,5.33,5.3,5.34,5.3,7350300.0
20251208,600657,信达地产,3.73,3.69,3.74,3.69,20764500.0
20251208,600658,电子城,5.4,5.48,5.55,5.37,17367700.0
20251208,600660,福耀玻璃,64.11,63.45,64.38,63.28,8996800.0
20251208,600661,昂立教育,10.57,10.77,10.98,10.47,6259000.0
20251208,600662,外服控股,5.33,5.27,5.34,5.26,7686500.0
20251208,600663,陆家嘴,8.18,8.13,8.21,8.12,5655100.0
20251208,600664,哈药股份,3.76,3.71,3.76,3.7,38560800.0
20251208,600665,天地源,3.64,3.66,3.69,3.63,9532200.0
20251208,600666,奥瑞德,3.42,3.4,3.43,3.38,49635000.0
20251208,600667,太极实业,7.9,8.01,8.06,7.9,62912500.0
20251208,600668,尖峰集团,11.63,11.54,11.63,11.53,2894300.0
20251208,600671,天目药业,17.47,17.22,17.47,16.99,1741200.0
20251208,600673,东阳光,20.74,21.63,21.95,20.7,45506900.0
20251208,600674,川投能源,14.61,14.46,14.61,14.46,13718200.0
20251208,600675,中华企业,2.82,2.81,2.84,2.81,21179900.0
20251208,600676,久事动娱,6.04,6.09,6.12,5.99,7886300.0
20251208,600679,上海凤凰,14.68,14.35,14.8,14.34,17122300.0
20251208,600681,百川能源,4.27,4.26,4.32,4.22,42843600.0
20251208,600682,南京新百,7.7,7.81,7.97,7.61,32656100.0
20251208,600683,京投发展,4.57,4.52,4.6,4.49,12653800.0
20251208,600684,珠江股份,4.54,4.59,4.6,4.51,14318900.0
20251208,600685,中船防务,30.61,30.32,30.86,30.04,40711400.0
20251208,600686,金龙汽车,16.38,16.55,16.73,16.12,22447400.0
20251208,600688,上海石化,2.75,2.73,2.76,2.73,26082900.0
20251208,600689,上海三毛,14.79,14.62,14.97,14.51,4723300.0
20251208,600690,海尔智家,27.52,27.17,27.62,27.01,38129100.0
20251208,600691,潞化科技,3.04,3.0,3.08,2.97,23368000.0
20251208,600692,亚通股份,7.85,7.8,7.85,7.7,4526600.0
20251208,600693,东百集团,10.45,11.21,11.21,10.29,89581300.0
20251208,600694,大商股份,17.29,17.29,17.34,17.24,2994700.0
20251208,600697,欧亚集团,13.37,13.39,13.47,13.29,4961300.0
20251208,600698,湖南天雁,9.03,9.06,9.13,9.03,8506300.0
20251208,600699,均胜电子,27.08,27.28,27.36,26.62,43562500.0
20251208,600702,舍得酒业,57.85,57.48,57.88,57.23,6805600.0
20251208,600703,三安光电,13.36,13.29,13.39,13.26,49153600.0
20251208,600704,物产中大,5.5,5.48,5.52,5.46,38725600.0
20251208,600706,曲江文旅,11.11,10.99,11.11,10.77,10534500.0
20251208,600707,彩虹股份,6.6,6.39,6.62,6.33,123470800.0
20251208,600708,光明地产,3.38,3.34,3.39,3.32,13423900.0
20251208,600710,苏美达,10.85,10.64,10.85,10.62,14608200.0
20251208,600711,盛屯矿业,14.1,14.06,14.23,13.82,196656900.0
20251208,600712,南宁百货,6.7,6.8,6.85,6.69,8658600.0
20251208,600713,南京医药,5.24,5.18,5.24,5.15,20013600.0
20251208,600714,金瑞矿业,12.42,12.27,12.47,12.25,5549400.0
20251208,600715,文投控股,2.41,2.42,2.42,2.4,28592300.0
20251208,600716,凤凰股份,3.92,3.91,3.95,3.9,9902500.0
20251208,600717,天津港,4.59,4.55,4.6,4.55,17185300.0
20251208,600718,东软集团,10.05,10.06,10.13,10.05,14904700.0
20251208,600719,大连热电,6.01,5.99,6.01,5.95,10026400.0
20251208,600720,中交设计,7.49,7.46,7.5,7.45,5075100.0
20251208,600721,百花医药,10.99,10.7,11.0,10.5,48434600.0
20251208,600722,金牛化工,6.17,6.1,6.18,6.09,10353700.0
20251208,600724,宁波富达,5.56,5.58,5.66,5.55,19249300.0
20251208,600725,云维股份,3.76,3.7,3.76,3.67,18799300.0
20251208,600726,华电能源,2.52,2.55,2.56,2.5,27036600.0
20251208,600727,鲁北化工,7.01,7.05,7.08,6.98,4329500.0
20251208,600728,佳都科技,6.33,6.34,6.38,6.31,28622800.0
20251208,600729,重百集团,26.89,26.62,26.99,26.56,3432300.0
20251208,600731,湖南海利,6.98,6.92,6.99,6.89,7328500.0
20251208,600732,爱旭股份,13.01,13.09,13.18,12.71,35220100.0
20251208,600733,北汽蓝谷,7.5,7.57,7.63,7.45,62528500.0
20251208,600736,苏州高新,5.74,5.87,5.9,5.72,29285700.0
20251208,600737,中粮糖业,17.01,17.04,17.18,16.96,16627000.0
20251208,600738,丽尚国潮,5.17,5.2,5.24,5.11,19272200.0
20251208,600739,辽宁成大,11.95,11.8,12.08,11.79,23085200.0
20251208,600740,山西焦化,3.96,3.94,3.97,3.93,23718400.0
20251208,600741,华域汽车,20.0,19.75,20.04,19.65,9011000.0
20251208,600742,富维股份,9.93,9.94,10.1,9.88,10492700.0
20251208,600743,华远控股,2.2,2.23,2.32,2.2,141521200.0
20251208,600744,华银电力,6.05,6.06,6.08,6.02,23273700.0
20251208,600746,江苏索普,7.03,6.96,7.04,6.92,5024500.0
20251208,600748,上实发展,5.67,5.66,5.72,5.54,23986000.0
20251208,600749,西藏旅游,16.9,17.11,17.16,16.87,3308900.0
20251208,600750,华润江中,23.0,23.11,23.15,22.76,7804100.0
20251208,600751,海航科技,4.01,3.96,4.05,3.95,44766000.0
20251208,600754,锦江酒店,25.42,25.37,25.58,24.9,9106800.0
20251208,600755,厦门国贸,6.92,7.19,7.37,6.87,183934400.0
20251208,600756,浪潮软件,19.41,19.58,19.85,19.15,37053400.0
20251208,600757,长江传媒,9.17,9.12,9.18,9.09,12081600.0
20251208,600758,辽宁能源,4.0,4.06,4.07,3.97,20330900.0
20251208,600760,中航沈飞,57.01,56.93,57.64,56.86,15639700.0
20251208,600761,安徽合力,20.37,20.14,20.44,20.14,6068800.0
20251208,600763,通策医疗,41.91,41.74,41.98,41.7,3147200.0
20251208,600764,中国海防,28.12,28.07,28.56,27.88,13606200.0
20251208,600765,中航重机,16.01,16.22,16.75,16.01,57602500.0
20251208,600768,富邦新材,13.68,13.72,13.93,13.56,3675500.0
20251208,600769,祥龙电业,12.72,12.73,12.81,12.59,5551200.0
20251208,600770,综艺股份,5.15,5.19,5.22,5.15,10331100.0
20251208,600771,广誉远,19.17,18.94,19.23,18.93,5231100.0
20251208,600773,西藏城投,12.53,12.34,12.54,12.19,12287900.0
20251208,600774,汉商集团,9.74,9.75,9.84,9.7,2738400.0
20251208,600775,南京熊猫,11.94,11.74,12.12,11.69,89863100.0
20251208,600776,东方通信,13.5,13.9,14.05,13.48,39946200.0
20251208,600777,新潮能源,3.9,3.9,3.91,3.89,8372800.0
20251208,600778,友好集团,6.73,6.79,6.82,6.72,8722700.0
20251208,600779,水井坊,38.59,38.4,38.73,38.36,1784100.0
20251208,600780,通宝能源,5.91,5.88,5.94,5.86,10475100.0
20251208,600782,新钢股份,3.91,3.86,3.91,3.83,39801200.0
20251208,600783,鲁信创投,15.67,15.55,15.92,15.52,27911800.0
20251208,600784,鲁银投资,6.64,6.47,6.67,6.43,11364400.0
20251208,600785,新华百货,13.39,13.42,13.53,13.28,4424400.0
20251208,600787,中储股份,5.71,5.7,5.72,5.69,14017800.0
20251208,600789,鲁抗医药,9.74,9.66,9.83,9.63,32419000.0
20251208,600790,轻纺城,3.86,3.84,3.88,3.82,11648000.0
20251208,600791,京能置业,5.16,5.18,5.25,5.14,5627300.0
20251208,600792,云煤能源,4.49,4.39,4.5,4.32,32434200.0
20251208,600793,宜宾纸业,22.0,22.03,22.11,21.79,2242800.0
20251208,600794,保税科技,3.88,3.87,3.9,3.84,12209000.0
20251208,600795,国电电力,5.71,5.72,5.76,5.66,113212100.0
20251208,600796,钱江生化,6.45,6.35,6.48,6.33,7000800.0
20251208,600797,浙大网新,10.52,10.65,10.8,10.51,56233400.0
20251208,600798,宁波海运,3.71,3.73,3.75,3.7,16324200.0
20251208,600801,华新建材,22.68,22.77,22.95,22.14,10690900.0
20251208,600802,福建水泥,8.38,8.47,9.12,8.12,106448200.0
20251208,600803,新奥股份,21.54,21.53,21.66,21.05,8079000.0
20251208,600805,悦达投资,5.48,5.46,5.5,5.43,9903600.0
20251208,600807,济高发展,3.43,3.36,3.45,3.34,17736100.0
20251208,600808,马钢股份,3.86,3.86,3.88,3.8,38069400.0
20251208,600809,山西汾酒,181.97,180.15,182.3,180.0,4746300.0
20251208,600810,神马股份,8.47,8.5,8.54,8.43,14086500.0
20251208,600812,华北制药,5.85,5.8,5.88,5.79,15221600.0
20251208,600814,杭州解百,7.63,7.57,7.66,7.55,8304300.0
20251208,600815,厦工股份,4.27,4.46,4.59,4.19,248902300.0
20251208,600816,建元信托,2.97,2.95,3.01,2.94,69966100.0
20251208,600817,宇通重工,11.03,10.96,11.05,10.91,2279900.0
20251208,600819,耀皮玻璃,8.05,8.02,8.08,7.97,6288100.0
20251208,600820,隧道股份,6.44,6.38,6.46,6.37,18517800.0
20251208,600821,金开新能,5.31,5.3,5.32,5.28,14898600.0
20251208,600822,上海物贸,10.91,10.93,11.04,10.91,4310000.0
20251208,600824,益民集团,4.56,4.55,4.58,4.49,19126900.0
20251208,600825,新华传媒,6.64,6.59,6.64,6.57,7765600.0
20251208,600826,兰生股份,11.47,11.33,11.59,11.26,11641400.0
20251208,600827,百联股份,8.98,9.03,9.1,8.96,7824700.0
20251208,600828,茂业商业,5.92,5.89,6.17,5.66,133371800.0
20251208,600829,人民同泰,13.26,13.72,13.97,12.99,62547700.0
20251208,600830,香溢融通,9.59,9.56,9.7,9.55,7317600.0
20251208,600831,广电网络,4.5,4.5,4.57,4.48,11497700.0
20251208,600833,第一医药,13.85,13.98,14.47,13.85,6957700.0
20251208,600834,申通地铁,8.45,8.52,8.58,8.44,4504100.0
20251208,600835,上海机电,29.32,29.01,29.65,29.0,14541900.0
20251208,600838,上海九百,8.91,8.97,9.21,8.84,10830200.0
20251208,600839,四川长虹,9.3,9.29,9.36,9.28,53254800.0
20251208,600841,动力新科,6.16,6.1,6.18,6.1,4935500.0
20251208,600843,上工申贝,11.03,11.23,11.57,11.0,19966800.0
20251208,600844,金煤科技,3.34,3.27,3.35,3.26,20384000.0
20251208,600845,宝信软件,20.98,20.99,21.07,20.92,7101500.0
20251208,600846,同济科技,17.31,17.6,17.68,16.95,9112900.0
20251208,600847,万里股份,12.06,12.18,12.3,12.02,2354900.0
20251208,600848,上海临港,11.46,11.63,11.77,11.41,15048400.0
20251208,600850,电科数字,25.75,26.19,26.45,25.75,8425800.0
20251208,600851,海欣股份,7.52,7.35,7.58,7.34,23886100.0
20251208,600853,龙建股份,4.47,4.59,4.82,4.47,106962400.0
20251208,600854,春兰股份,5.33,5.29,5.35,5.28,6615300.0
20251208,600855,航天长峰,18.45,18.6,19.73,18.25,77239322.0
20251208,600857,宁波中百,15.02,14.84,15.07,14.64,7478900.0
20251208,600858,银座股份,6.02,5.98,6.03,5.94,10287000.0
20251208,600859,王府井,14.82,14.7,15.16,14.64,39405400.0
20251208,600860,京城股份,12.75,13.01,13.09,12.65,12187800.0
20251208,600861,北京人力,18.26,18.28,18.45,18.18,3716300.0
20251208,600862,中航高科,21.23,21.42,21.61,21.23,21096600.0
20251208,600863,华能蒙电,4.77,4.7,4.77,4.67,66395100.0
20251208,600864,哈投股份,6.97,6.89,7.04,6.89,45969000.0
20251208,600865,百大集团,9.55,9.67,9.74,9.48,8686800.0
20251208,600866,星湖科技,6.89,6.88,6.92,6.85,13919800.0
20251208,600867,通化东宝,8.82,8.76,8.85,8.76,15075300.0
20251208,600868,梅雁吉祥,3.95,3.85,4.13,3.79,368659600.0
20251208,600869,远东股份,7.35,7.44,7.48,7.17,55319300.0
20251208,600871,石化油服,2.31,2.28,2.32,2.26,148497900.0
20251208,600872,中炬高新,17.56,17.49,17.57,17.39,6419500.0
20251208,600873,梅花生物,10.15,10.03,10.17,10.01,35042300.0
20251208,600874,创业环保,6.05,5.97,6.06,5.96,13508800.0
20251208,600875,东方电气,21.86,21.43,21.89,21.36,34718700.0
20251208,600876,凯盛新能,10.04,10.05,10.16,9.98,2977100.0
20251208,600877,电科芯片,15.31,15.44,15.8,15.3,51716300.0
20251208,600879,航天电子,12.96,13.41,13.96,12.8,513277600.0
20251208,600880,博瑞传播,5.28,5.24,5.37,5.22,26688000.0
20251208,600881,亚泰集团,2.02,2.04,2.07,2.01,81832400.0
20251208,600882,妙可蓝多,26.24,25.91,26.24,25.85,4226000.0
20251208,600883,博闻科技,8.4,8.45,8.54,8.37,2849300.0
20251208,600884,杉杉股份,13.58,13.35,13.67,13.29,56324500.0
20251208,600885,宏发股份,29.18,29.62,29.84,29.15,22951900.0
20251208,600886,国投电力,13.8,13.7,13.81,13.62,13879100.0
20251208,600887,伊利股份,28.95,28.84,29.15,28.73,33170700.0
20251208,600888,新疆众和,8.12,7.97,8.13,7.9,25711400.0
20251208,600892,大晟文化,3.56,3.56,3.6,3.53,6523900.0
20251208,600893,航发动力,37.1,36.99,37.59,36.97,21119900.0
20251208,600894,广日股份,9.15,9.14,9.19,9.12,2657800.0
20251208,600895,张江高科,39.9,40.48,40.94,39.88,43822000.0
20251208,600897,厦门空港,17.1,18.92,18.92,17.0,17623200.0
20251208,600900,长江电力,28.07,27.87,28.1,27.86,75426500.0
20251208,600901,江苏金租,6.25,6.17,6.27,6.17,26406500.0
20251208,600903,贵州燃气,6.9,6.86,6.9,6.86,6984600.0
20251208,600905,三峡能源,4.2,4.19,4.21,4.18,74912500.0
20251208,600906,财达证券,6.92,6.94,7.03,6.89,34946100.0
20251208,600908,无锡银行,6.11,6.08,6.14,6.04,17863700.0
20251208,600909,华安证券,6.59,6.68,6.8,6.55,129953600.0
20251208,600916,中国黄金,8.08,8.05,8.09,8.04,10928300.0
20251208,600917,重庆燃气,5.71,5.69,5.72,5.68,4938400.0
20251208,600918,中泰证券,6.82,6.78,6.89,6.77,79590400.0
20251208,600919,江苏银行,10.51,10.47,10.54,10.43,117214700.0
20251208,600925,苏能股份,4.76,4.73,4.76,4.72,8189400.0
20251208,600926,杭州银行,15.6,15.67,15.73,15.55,32430600.0
20251208,600927,永安期货,15.02,15.63,16.04,15.02,22147600.0
20251208,600928,西安银行,3.78,3.8,3.81,3.78,22859600.0
20251208,600930,华电新能,6.58,6.54,6.6,6.5,133750900.0
20251208,600933,爱柯迪,19.75,19.45,19.75,19.38,14357200.0
20251208,600935,华塑股份,2.63,2.59,2.65,2.58,19113800.0
20251208,600936,北投科技,3.43,3.44,3.5,3.42,11964200.0
20251208,600938,中国海油,28.99,28.54,29.01,28.44,26417500.0
20251208,600939,重庆建工,3.91,3.89,3.95,3.87,32684600.0
20251208,600941,中国移动,105.47,104.51,105.6,104.42,19437400.0
20251208,600955,维远股份,15.45,15.27,15.5,15.2,5116000.0
20251208,600956,新天绿能,7.56,7.51,7.58,7.46,10703800.0
20251208,600958,东方证券,10.72,10.81,11.04,10.62,161803800.0
20251208,600959,江苏有线,3.46,3.47,3.52,3.46,37777300.0
20251208,600960,渤海汽车,5.08,5.08,5.1,5.04,10935600.0
20251208,600961,株冶集团,15.48,15.14,15.54,15.01,23389500.0
20251208,600962,国投中鲁,19.26,19.85,19.98,19.26,1851800.0
20251208,600963,岳阳林纸,4.34,4.34,4.37,4.33,14566800.0
20251208,600966,博汇纸业,6.23,5.99,6.24,5.84,40992500.0
20251208,600967,内蒙一机,16.69,16.7,16.99,16.63,26657700.0
20251208,600968,海油发展,3.9,3.83,3.9,3.82,39368200.0
20251208,600969,郴电国际,9.3,9.28,9.36,9.06,9895300.0
20251208,600970,中材国际,9.83,9.57,9.83,9.51,27708400.0
20251208,600971,恒源煤电,6.74,6.62,6.76,6.62,13225300.0
20251208,600973,宝胜股份,6.29,6.48,6.48,6.16,200944000.0
20251208,600975,新五丰,5.97,6.01,6.02,5.96,9474800.0
20251208,600976,健民集团,36.93,36.8,37.03,36.76,1117100.0
20251208,600977,中国电影,17.57,16.95,17.57,16.82,112612700.0
20251208,600979,广安爱众,4.7,4.69,4.71,4.66,10935700.0
20251208,600980,北矿科技,22.88,22.93,22.98,22.72,2547300.0
20251208,600981,苏豪汇鸿,3.8,3.83,3.95,3.75,253543700.0
20251208,600982,宁波能源,4.53,4.51,4.54,4.5,15508000.0
20251208,600983,惠而浦,10.23,10.16,10.28,10.14,2021300.0
20251208,600984,建设机械,4.68,4.51,4.68,4.43,104104500.0
20251208,600985,淮北矿业,11.76,11.6,11.76,11.58,23522900.0
20251208,600986,浙文互联,8.72,8.97,9.05,8.69,51397500.0
20251208,600987,航民股份,7.25,7.15,7.25,7.15,7485800.0
20251208,600988,赤峰黄金,31.07,30.74,31.08,30.45,28914800.0
20251208,600989,宝丰能源,18.8,18.52,18.8,18.3,33613900.0
20251208,600990,四创电子,27.15,28.22,29.4,26.72,23096700.0
20251208,600992,贵绳股份,13.74,13.58,13.82,13.56,3827400.0
20251208,600993,马应龙,28.39,28.41,28.49,28.26,3894300.0
20251208,600995,南网储能,12.45,12.35,12.5,12.33,10449300.0
20251208,600996,贵广网络,11.6,11.32,11.72,11.27,27833100.0
20251208,600997,开滦股份,6.18,6.1,6.18,6.1,7665000.0
20251208,600998,九州通,5.12,5.14,5.23,5.08,52252900.0
20251208,600999,招商证券,16.79,16.82,17.07,16.76,86093300.0
20251208,601000,唐山港,3.89,3.85,3.9,3.85,31671800.0
20251208,601001,晋控煤业,14.3,14.12,14.3,13.85,20909400.0
20251208,601002,晋亿实业,5.12,5.17,5.29,5.08,17250300.0
20251208,601003,柳钢股份,5.0,4.96,5.04,4.94,11609800.0
20251208,601005,重庆钢铁,1.48,1.49,1.5,1.47,108042700.0
20251208,601006,大秦铁路,5.56,5.52,5.58,5.5,87126600.0
20251208,601007,金陵饭店,7.67,7.81,7.88,7.6,13559900.0
20251208,601008,连云港,5.24,5.24,5.27,5.22,9882400.0
20251208,601009,南京银行,11.5,11.4,11.52,11.35,39892500.0
20251208,601011,宝泰隆,3.75,3.7,3.75,3.65,76358100.0
20251208,601012,隆基绿能,17.99,18.08,18.17,17.9,108315000.0
20251208,601015,陕西黑猫,4.01,3.95,4.04,3.91,46809700.0
20251208,601016,节能风电,3.02,2.99,3.03,2.99,44479400.0
20251208,601018,宁波港,3.72,3.7,3.73,3.68,61709400.0
20251208,601019,山东出版,8.51,8.38,8.54,8.36,10597900.0
20251208,601020,华钰矿业,29.38,28.5,29.4,28.15,45875200.0
20251208,601021,春秋航空,55.39,54.42,55.46,53.76,6259500.0
20251208,601022,宁波远洋,9.17,9.37,9.38,9.16,15239000.0
20251208,601026,道生天合,20.17,20.25,20.3,20.11,5530600.0
20251208,601033,永兴股份,15.54,15.44,15.6,15.4,2631100.0
20251208,601038,一拖股份,12.96,12.81,13.02,12.8,5001100.0
20251208,601058,赛轮轮胎,17.2,17.12,17.44,17.01,24433500.0
20251208,601061,中信金属,14.61,14.35,14.76,14.16,25729800.0
20251208,601065,江盐集团,8.58,8.52,8.62,8.51,6796400.0
20251208,601066,中信建投,26.0,25.85,26.3,25.76,34853700.0
20251208,601068,中铝国际,5.15,5.07,5.17,5.05,21796300.0
20251208,601069,西部黄金,26.5,26.28,26.5,26.11,11847800.0
20251208,601077,渝农商行,6.55,6.5,6.56,6.5,50741900.0
20251208,601083,锦江航运,11.36,11.34,11.39,11.27,6269300.0
20251208,601086,国芳集团,10.22,10.41,10.5,10.2,11196400.0
20251208,601088,中国神华,41.49,40.9,41.49,40.58,23739800.0
20251208,601089,福元医药,25.33,24.95,25.33,24.57,7114800.0
20251208,601096,宏盛华源,4.27,4.21,4.28,4.19,23875000.0
20251208,601098,中南传媒,11.22,11.2,11.33,11.15,14006700.0
20251208,601099,太平洋,4.22,4.18,4.29,4.18,242962500.0
20251208,601100,恒立液压,111.78,111.7,112.5,108.01,15535400.0
20251208,601101,昊华能源,7.46,7.33,7.46,7.28,11648700.0
20251208,601106,中国一重,3.58,3.76,3.76,3.45,328512600.0
20251208,601107,四川成渝,6.0,5.97,6.0,5.91,9637300.0
20251208,601108,财通证券,8.41,8.53,8.66,8.4,99523000.0
20251208,601111,中国国航,8.29,8.36,8.39,8.07,56034700.0
20251208,601113,华鼎股份,4.57,4.53,4.67,4.5,34810400.0
20251208,601116,三江购物,14.9,15.3,15.51,14.86,28094700.0
20251208,601117,中国化学,7.72,7.6,7.75,7.57,57195400.0
20251208,601118,海南橡胶,5.89,5.92,6.05,5.88,60111700.0
20251208,601121,宝地矿业,7.71,7.55,7.74,7.49,14312300.0
20251208,601126,四方股份,29.5,29.27,30.0,28.4,31608900.0
20251208,601127,赛力斯,126.06,125.58,126.38,124.82,13749100.0
20251208,601128,常熟银行,7.11,7.13,7.16,7.07,36978000.0
20251208,601133,柏诚股份,13.88,14.38,14.42,13.71,18855300.0
20251208,601136,首创证券,20.48,20.27,20.72,20.2,30320000.0
20251208,601137,博威合金,22.06,21.92,22.13,21.78,11358700.0
20251208,601138,工业富联,60.75,63.41,64.27,60.38,241075400.0
20251208,601139,深圳燃气,6.66,6.62,6.67,6.61,7536500.0
20251208,601155,新城控股,14.66,14.37,14.68,14.32,10757200.0
20251208,601156,东航物流,16.45,16.43,16.49,16.28,5964100.0
20251208,601158,重庆水务,4.65,4.63,4.66,4.62,12924400.0
20251208,601162,天风证券,4.38,4.38,4.45,4.35,342351900.0
20251208,601163,三角轮胎,15.05,14.82,15.06,14.77,5331200.0
20251208,601166,兴业银行,20.8,20.88,21.04,20.76,74199600.0
20251208,601168,西部矿业,26.41,26.3,26.49,25.74,53123200.0
20251208,601169,北京银行,5.59,5.63,5.65,5.57,148867000.0
20251208,601177,杭齿前进,17.22,17.31,17.4,17.22,6890000.0
20251208,601179,中国西电,8.52,8.43,8.54,8.4,113787700.0
20251208,601186,中国铁建,7.81,7.76,7.82,7.76,22401400.0
20251208,601187,厦门银行,7.21,7.46,7.59,7.18,33339600.0
20251208,601188,龙江交通,3.63,3.62,3.67,3.59,25657500.0
20251208,601199,江南水务,5.75,5.7,5.76,5.7,5408800.0
20251208,601200,上海环境,8.13,8.09,8.15,8.07,9842600.0
20251208,601208,东材科技,19.7,20.76,21.1,19.54,75558800.0
20251208,601211,国泰海通,20.15,20.38,20.65,20.14,232951300.0
20251208,601212,白银有色,5.16,5.18,5.18,5.03,142682500.0
20251208,601216,君正集团,4.83,4.83,4.86,4.81,43219500.0
20251208,601218,吉鑫科技,5.05,5.11,5.14,4.99,37383400.0
20251208,601222,林洋能源,5.76,5.75,5.79,5.75,11167900.0
20251208,601225,陕西煤业,22.48,22.29,22.53,21.87,37701500.0
20251208,601226,华电科工,7.76,7.78,7.88,7.74,15415400.0
20251208,601228,广州港,3.33,3.33,3.35,3.31,23429600.0
20251208,601229,上海银行,9.8,9.66,9.81,9.64,47778300.0
20251208,601231,环旭电子,22.53,24.77,24.77,22.3,43620800.0
20251208,601233,桐昆股份,15.28,14.79,15.32,14.65,29817500.0
20251208,601236,红塔证券,8.6,8.58,8.68,8.57,23243900.0
20251208,601238,广汽集团,8.72,8.67,8.76,8.54,61423900.0
20251208,601279,英利汽车,4.74,4.8,4.82,4.69,34760600.0
20251208,601288,农业银行,7.82,7.84,7.86,7.75,188338200.0
20251208,601298,青岛港,8.64,8.59,8.66,8.52,15272400.0
20251208,601311,骆驼股份,9.22,9.21,9.28,9.19,14764900.0
20251208,601318,中国平安,62.04,63.4,63.8,62.0,102997900.0
20251208,601319,中国人保,8.73,8.79,8.83,8.67,105039300.0
20251208,601326,秦港股份,3.58,3.54,3.6,3.52,22766900.0
20251208,601328,交通银行,7.43,7.46,7.51,7.41,120827600.0
20251208,601330,绿色动力,7.04,7.0,7.04,6.94,7899000.0
20251208,601333,广深铁路,3.09,3.06,3.1,3.06,37199300.0
20251208,601336,新华保险,67.1,67.85,68.99,67.1,20421300.0
20251208,601339,百隆东方,5.47,5.34,5.47,5.34,9055600.0
20251208,601360,三六零,12.42,12.38,12.46,12.25,152005600.0
20251208,601366,利群股份,4.54,4.55,4.59,4.53,8847000.0
20251208,601368,绿城水务,5.09,5.06,5.14,5.05,5965000.0
20251208,601369,陕鼓动力,9.5,9.37,9.5,9.22,17928800.0
20251208,601375,中原证券,4.39,4.39,4.44,4.37,59208700.0
20251208,601377,兴业证券,7.48,7.7,7.92,7.39,829993600.0
20251208,601388,怡球资源,3.04,3.06,3.08,3.01,60585700.0
20251208,601390,中国中铁,5.53,5.48,5.54,5.47,67364600.0
20251208,601398,工商银行,7.99,7.99,8.04,7.95,213082000.0
20251208,601399,国机重装,4.79,4.92,5.07,4.56,912462200.0
20251208,601456,国联民生,10.74,10.65,10.82,10.64,48241400.0
20251208,601500,通用股份,4.71,4.82,4.82,4.67,67666000.0
20251208,601512,中新集团,9.19,9.06,9.3,8.99,12197800.0
20251208,601515,衢州东峰,4.49,4.54,4.67,4.49,28404900.0
20251208,601518,吉林高速,2.96,2.95,2.98,2.92,15238500.0
20251208,601519,大智慧,13.62,13.41,13.82,13.41,62191000.0
20251208,601528,瑞丰银行,5.51,5.48,5.54,5.45,20788800.0
20251208,601555,东吴证券,9.17,9.1,9.3,9.1,79304600.0
20251208,601566,九牧王,13.67,13.92,14.5,13.44,57959300.0
20251208,601567,三星电气,22.8,23.14,23.39,22.8,21437200.0
20251208,601568,北元化工,3.9,3.89,3.91,3.88,16114900.0
20251208,601577,长沙银行,9.56,9.54,9.6,9.5,15380400.0
20251208,601579,会稽山,20.79,20.59,20.8,20.42,5841800.0
20251208,601588,北辰实业,1.81,1.8,1.83,1.79,27329800.0
20251208,601595,上海电影,28.63,28.74,29.08,28.6,7181400.0
20251208,601598,中国外运,6.42,6.34,6.47,6.28,14890500.0
20251208,601599,浙文影业,3.79,3.84,3.89,3.77,28671600.0
20251208,601600,中国铝业,11.33,11.27,11.34,11.02,347288000.0
20251208,601601,中国太保,37.5,38.24,38.6,37.4,63918800.0
20251208,601606,长城军工,50.58,50.17,50.95,49.91,32721500.0
20251208,601607,上海医药,17.93,17.92,17.96,17.87,9131300.0
20251208,601608,中信重工,6.8,6.88,6.92,6.79,53065300.0
20251208,601609,金田股份,10.69,10.72,10.78,10.55,35756300.0
20251208,601611,中国核建,12.25,12.19,12.49,12.15,88141000.0
20251208,601615,明阳智能,13.73,13.69,13.85,13.57,36591200.0
20251208,601616,广电电气,4.0,4.01,4.05,3.98,14988100.0
20251208,601618,中国中冶,3.41,3.39,3.44,3.36,205316100.0
20251208,601619,嘉泽新能,4.28,4.26,4.29,4.24,28927800.0
20251208,601628,中国人寿,45.67,45.51,46.06,45.2,16555700.0
20251208,601633,长城汽车,21.92,21.77,21.96,21.74,12744500.0
20251208,601636,旗滨集团,6.26,6.1,6.28,6.1,43876900.0
20251208,601658,邮储银行,5.55,5.57,5.59,5.54,121695600.0
20251208,601665,齐鲁银行,5.91,5.85,5.92,5.82,75266000.0
20251208,601666,平煤股份,7.86,7.8,7.87,7.78,14612500.0
20251208,601668,中国建筑,5.33,5.28,5.34,5.26,158661300.0
20251208,601669,中国电建,5.32,5.3,5.34,5.29,83044700.0
20251208,601677,明泰铝业,14.53,14.35,14.57,14.25,27315100.0
20251208,601678,滨化股份,4.53,4.41,4.54,4.4,45770800.0
20251208,601686,友发集团,6.48,6.43,6.5,6.39,10475200.0
20251208,601688,华泰证券,22.34,22.66,23.09,22.34,158207400.0
20251208,601689,拓普集团,67.76,68.7,68.98,66.85,35844500.0
20251208,601696,中银证券,14.15,14.28,14.81,14.15,240443700.0
20251208,601698,中国卫通,22.3,22.26,23.0,22.18,129675900.0
20251208,601699,潞安环能,12.82,12.86,12.94,12.64,28570500.0
20251208,601700,风范股份,5.07,4.99,5.08,4.98,12839500.0
20251208,601702,华峰铝业,18.89,18.72,18.91,18.25,8335500.0
20251208,601717,中创智领,24.62,24.32,24.75,24.12,16317400.0
20251208,601727,上海电气,8.6,8.6,8.67,8.57,112634900.0
20251208,601728,中国电信,6.87,6.82,6.93,6.81,88462800.0
20251208,601766,中国中车,7.1,7.06,7.15,7.05,95192400.0
20251208,601777,千里科技,10.36,10.42,10.7,10.34,27523600.0
20251208,601778,晶科科技,3.33,3.34,3.36,3.32,52674200.0
20251208,601788,光大证券,17.71,17.62,17.9,17.6,45243300.0
20251208,601789,宁波建工,5.17,5.19,5.2,5.16,15966300.0
20251208,601798,蓝科高新,9.16,9.06,9.16,9.02,4138900.0
20251208,601799,星宇股份,128.06,128.55,129.27,127.0,2322100.0
20251208,601800,中国交建,8.56,8.52,8.59,8.52,18590800.0
20251208,601801,皖新传媒,6.62,6.58,6.65,6.58,6189000.0
20251208,601808,中海油服,14.33,14.16,14.37,14.07,8900900.0
20251208,601811,新华文轩,13.95,13.88,13.99,13.88,1899600.0
20251208,601816,京沪高铁,5.25,5.2,5.27,5.2,99462700.0
20251208,601818,光大银行,3.52,3.56,3.58,3.52,241260700.0
20251208,601825,沪农商行,9.41,9.52,9.59,9.33,21454100.0
20251208,601827,三峰环境,8.35,8.28,8.41,8.25,8228300.0
20251208,601828,美凯龙,2.53,2.54,2.58,2.53,19404200.0
20251208,601838,成都银行,16.95,16.82,17.0,16.79,34021200.0
20251208,601857,中国石油,9.92,9.85,9.94,9.75,99038800.0
20251208,601858,中国科传,18.36,18.4,18.44,18.31,2534900.0
20251208,601860,紫金银行,2.8,2.78,2.81,2.78,35144000.0
20251208,601865,福莱特,15.76,15.79,15.89,15.7,10734000.0
20251208,601866,中远海发,2.57,2.57,2.59,2.56,71957500.0
20251208,601868,中国能建,2.38,2.37,2.38,2.36,182171600.0
20251208,601869,长飞光纤,83.65,88.31,91.5,83.64,22576100.0
20251208,601872,招商轮船,8.32,8.34,8.37,8.2,77226600.0
20251208,601877,正泰电器,28.37,28.19,28.6,27.99,19622400.0
20251208,601878,浙商证券,11.15,11.1,11.26,11.07,47227600.0
20251208,601880,辽港股份,1.63,1.62,1.64,1.62,64858600.0
20251208,601881,中国银河,16.26,16.22,16.43,16.11,67797700.0
20251208,601882,海天精工,19.26,19.29,19.38,19.23,1861200.0
20251208,601886,江河集团,7.95,7.92,7.97,7.73,6321600.0
20251208,601888,中国中免,81.11,82.11,82.95,81.11,31270600.0
20251208,601890,亚星锚链,10.46,10.53,10.7,10.46,49461500.0
20251208,601898,中煤能源,13.54,13.43,13.59,13.1,36387500.0
20251208,601899,紫金矿业,31.4,31.5,31.6,30.94,206802400.0
20251208,601900,南方传媒,13.75,13.45,13.77,13.43,8576900.0
20251208,601901,方正证券,7.88,7.86,8.0,7.84,134690400.0
20251208,601908,京运通,3.76,3.74,3.77,3.72,32060300.0
20251208,601916,浙商银行,3.05,3.08,3.09,3.04,134819300.0
20251208,601918,新集能源,7.0,6.8,7.01,6.78,71497900.0
20251208,601919,中远海控,15.01,14.85,15.03,14.83,44954600.0
20251208,601921,浙版传媒,7.98,7.97,8.02,7.95,7568100.0
20251208,601928,凤凰传媒,10.32,10.31,10.38,10.28,13577500.0
20251208,601929,吉视传媒,3.58,3.62,3.67,3.58,155228300.0
20251208,601933,永辉超市,3.87,4.32,4.32,3.86,430256100.0
20251208,601939,建设银行,9.32,9.31,9.37,9.27,79054700.0
20251208,601949,中国出版,6.5,6.44,6.52,6.44,6918700.0
20251208,601952,苏垦农发,9.14,9.15,9.18,9.12,4828500.0
20251208,601956,东贝集团,7.18,7.15,7.21,7.14,8306700.0
20251208,601958,金钼股份,14.51,14.29,14.55,14.18,17450700.0
20251208,601963,重庆银行,10.9,10.86,10.95,10.8,13295700.0
20251208,601965,中国汽研,16.98,16.92,17.02,16.89,2205400.0
20251208,601966,玲珑轮胎,15.04,14.95,15.1,14.93,9900000.0
20251208,601968,宝钢包装,5.37,5.29,5.48,5.27,11611800.0
20251208,601969,海南矿业,11.22,11.51,11.6,11.17,34113200.0
20251208,601975,招商南油,3.1,3.1,3.11,3.07,85704600.0
20251208,601985,中国核电,8.8,8.74,8.84,8.72,78535400.0
20251208,601988,中国银行,5.81,5.83,5.87,5.77,306473000.0
20251208,601990,南京证券,8.17,8.08,8.24,8.07,44070200.0
20251208,601991,大唐发电,3.54,3.5,3.55,3.48,111477700.0
20251208,601992,金隅集团,1.68,1.68,1.7,1.67,50020400.0
20251208,601996,丰林集团,2.56,2.66,2.79,2.56,82239900.0
20251208,601997,贵阳银行,6.0,6.01,6.04,5.98,25096700.0
20251208,601998,中信银行,7.71,7.64,7.72,7.56,57856000.0
20251208,601999,出版传媒,7.47,7.35,7.52,7.33,4583300.0
20251208,603000,人民网,19.58,19.57,19.64,19.53,11337100.0
20251208,603001,奥康国际,8.7,8.98,9.1,8.66,12117600.0
20251208,603002,宏昌电子,7.17,7.33,7.37,7.15,26226800.0
20251208,603004,鼎龙科技,23.61,24.0,24.14,23.61,3369800.0
20251208,603005,晶方科技,27.58,27.45,27.62,27.4,17518300.0
20251208,603006,联明股份,13.23,13.29,13.41,13.11,2085800.0
20251208,603007,顺景科技,5.29,5.24,5.37,5.22,7458400.0
20251208,603009,北特科技,41.87,42.19,42.49,41.13,10338100.0
20251208,603010,万盛股份,11.06,10.94,11.07,10.82,6225800.0
20251208,603011,合锻智能,21.48,21.93,22.15,21.42,59904800.0
20251208,603012,创力集团,5.9,5.89,5.94,5.86,6602900.0
20251208,603013,亚普股份,22.17,21.89,22.46,21.73,3539200.0
20251208,603014,威高血净,41.17,41.48,41.67,41.17,2028200.0
20251208,603015,弘讯科技,12.27,12.68,12.78,12.11,27908900.0
20251208,603016,新宏泰,25.92,26.02,26.17,25.52,1360200.0
20251208,603017,中衡设计,11.23,10.86,11.23,10.81,24119400.0
20251208,603018,华设集团,7.55,7.52,7.56,7.51,4252500.0
20251208,603019,中科曙光,98.93,101.33,102.2,98.6,41213300.0
20251208,603020,爱普股份,10.12,10.02,10.13,9.98,3430900.0
20251208,603022,新通联,10.45,10.33,10.45,10.26,3893200.0
20251208,603023,威帝股份,4.54,4.95,4.95,4.5,69140600.0
20251208,603025,大豪科技,17.43,17.42,17.6,17.1,8616000.0
20251208,603026,石大胜华,77.1,79.25,79.99,76.48,11603200.0
20251208,603027,千禾味业,9.4,9.23,9.45,9.22,10501600.0
20251208,603028,赛福天,8.0,8.11,8.25,7.97,14331800.0
20251208,603029,天鹅股份,18.91,18.8,19.14,18.73,2102800.0
20251208,603030,全筑股份,3.12,3.09,3.13,3.05,26440900.0
20251208,603031,安孚科技,38.59,39.97,40.1,38.59,4395600.0
20251208,603032,德新科技,18.93,18.87,19.1,18.86,6666200.0
20251208,603033,三维股份,10.86,10.79,10.92,10.73,5050700.0
20251208,603035,常熟汽饰,15.49,15.42,15.6,15.38,5307800.0
20251208,603036,如通股份,22.3,21.59,22.3,21.36,9215600.0
20251208,603037,凯众股份,12.95,13.07,13.13,12.89,5094900.0
20251208,603038,华立股份,17.39,17.48,17.73,17.39,3782700.0
20251208,603039,泛微网络,49.82,49.94,50.26,49.61,1536100.0
20251208,603040,新坐标,80.52,81.76,82.14,79.51,1391800.0
20251208,603041,美思德,12.44,12.45,12.53,12.35,2557800.0
20251208,603042,华脉科技,16.05,17.67,17.67,16.05,21711800.0
20251208,603043,广州酒家,18.0,17.73,18.0,17.55,4655600.0
20251208,603045,福达合金,20.2,20.15,20.35,20.01,2821900.0
20251208,603048,浙江黎明,21.53,22.32,22.45,21.29,4908300.0
20251208,603049,中策橡胶,57.3,59.5,59.94,57.13,7832900.0
20251208,603050,科林电气,17.18,17.14,17.21,16.61,5189900.0
20251208,603051,鹿山新材,20.67,20.88,21.05,20.66,3162000.0
20251208,603052,可川科技,32.7,33.4,34.07,31.85,15981200.0
20251208,603053,成都燃气,9.95,9.95,10.0,9.9,2330900.0
20251208,603055,台华新材,9.09,9.04,9.11,8.97,3878900.0
20251208,603057,紫燕食品,17.66,17.59,17.78,17.42,2725300.0
20251208,603058,永吉股份,9.06,9.2,9.31,9.0,8802900.0
20251208,603059,倍加洁,29.95,30.14,30.15,29.71,1352400.0
20251208,603060,国检集团,6.32,6.29,6.34,6.28,4474300.0
20251208,603061,金海通,134.01,136.67,138.5,131.88,1921000.0
20251208,603062,麦加芯彩,46.25,45.89,46.59,45.71,678400.0
20251208,603063,禾望电气,30.68,30.83,31.2,30.52,13550200.0
20251208,603065,宿迁联盛,8.77,8.74,8.8,8.61,14458000.0
20251208,603066,音飞储存,11.17,11.19,11.21,11.13,2276400.0
20251208,603067,振华股份,29.69,28.72,29.85,28.1,47784300.0
20251208,603068,博通集成,38.69,39.43,39.7,38.5,9781300.0
20251208,603069,海汽集团,24.55,25.73,25.95,24.55,9999700.0
20251208,603070,万控智造,13.23,13.0,13.24,12.97,2306500.0
20251208,603071,物产环能,13.35,13.33,13.4,13.25,1917400.0
20251208,603072,天和磁材,42.78,42.82,43.1,42.7,1625900.0
20251208,603073,彩蝶实业,19.77,19.43,19.77,19.18,1470600.0
20251208,603075,热威股份,22.5,22.38,22.63,22.17,1634400.0
20251208,603076,乐惠国际,24.01,23.87,24.48,23.7,2030900.0
20251208,603077,和邦生物,2.38,2.36,2.4,2.33,188275500.0
20251208,603078,江化微,17.84,17.98,18.06,17.8,6799200.0
20251208,603079,圣达生物,17.49,17.66,17.73,17.49,2846600.0
20251208,603080,新疆火炬,24.0,23.4,24.97,23.08,6925400.0
20251208,603081,大丰实业,12.95,12.91,13.02,12.81,6829800.0
20251208,603082,北自科技,36.78,36.75,36.95,36.58,643600.0
20251208,603083,剑桥科技,112.0,118.0,119.33,110.9,36229800.0
20251208,603085,天成自控,10.63,10.77,10.83,10.6,6848900.0
20251208,603086,先达股份,8.29,8.34,8.35,8.19,10184800.0
20251208,603087,甘李药业,63.66,63.41,64.34,63.21,6483600.0
20251208,603088,宁波精达,10.08,10.08,10.14,9.99,8984100.0
20251208,603089,正裕工业,12.96,12.98,13.05,12.91,3651800.0
20251208,603090,宏盛股份,42.31,45.45,46.02,41.69,6397600.0
20251208,603091,众鑫股份,75.08,75.98,76.33,74.38,360300.0
20251208,603092,德力佳,70.68,72.7,73.6,70.45,4198800.0
20251208,603093,南华期货,19.75,20.18,20.37,19.72,16493700.0
20251208,603095,越剑智能,14.58,14.27,14.63,14.24,2926200.0
20251208,603096,新经典,18.02,17.93,18.18,17.77,2208300.0
20251208,603097,江苏华辰,27.7,27.81,28.39,27.48,3715700.0
20251208,603098,森特股份,12.85,13.0,13.14,12.82,4513900.0
20251208,603099,长白山,48.97,48.63,49.21,48.49,6767400.0
20251208,603100,川仪股份,23.92,23.41,24.54,23.4,14776000.0
20251208,603101,汇嘉时代,9.53,9.55,9.64,9.43,6618700.0
20251208,603102,百合股份,42.01,42.29,42.38,41.81,382400.0
20251208,603103,横店影视,16.44,16.49,16.66,16.33,3993800.0
20251208,603105,芯能科技,9.29,9.41,9.48,9.28,10799500.0
20251208,603106,恒银科技,13.17,12.64,13.25,12.6,37292900.0
20251208,603107,上海汽配,15.3,15.31,15.36,15.23,1503300.0
20251208,603108,润达医疗,15.16,15.11,15.34,15.1,9247100.0
20251208,603109,神驰机电,26.6,27.09,27.41,26.41,6130000.0
20251208,603110,东方材料,15.64,15.96,16.03,15.59,4990400.0
20251208,603111,康尼机电,7.04,7.03,7.06,7.0,5653800.0
20251208,603112,华翔股份,18.6,18.81,18.98,17.87,16561800.0
20251208,603113,金能科技,6.75,6.85,6.85,6.56,35752300.0
20251208,603115,海星股份,18.32,18.27,18.39,18.0,2585900.0
20251208,603116,红蜻蜓,6.07,6.02,6.08,5.99,5242400.0
20251208,603117,万林物流,5.11,5.15,5.16,5.07,5319100.0
20251208,603118,共进股份,11.41,11.69,11.77,11.39,22378500.0
20251208,603119,浙江荣泰,96.5,96.93,97.62,92.08,13501000.0
20251208,603120,肯特催化,39.03,38.72,39.06,38.71,539300.0
20251208,603121,华培动力,18.0,18.38,18.55,17.87,13754200.0
20251208,603122,合富中国,29.16,29.18,29.18,28.6,20782500.0
20251208,603123,翠微股份,11.27,11.49,11.55,11.27,10845400.0
20251208,603124,江南新材,72.49,74.05,74.5,72.0,1761100.0
20251208,603125,常青科技,17.64,17.73,17.81,17.5,3832100.0
20251208,603126,中材节能,7.07,7.01,7.07,6.98,8777400.0
20251208,603127,昭衍新药,27.95,27.97,28.36,27.85,10240900.0
20251208,603128,华贸物流,5.93,5.91,5.94,5.9,7231200.0
20251208,603129,春风动力,277.94,278.71,280.0,273.82,1166800.0
20251208,603130,云中马,44.5,46.22,47.78,44.0,6203600.0
20251208,603131,上海沪工,30.6,29.74,31.68,29.52,66166100.0
20251208,603132,金徽股份,13.96,13.84,13.98,13.65,4665300.0
20251208,603135,中重科技,9.67,9.59,9.69,9.56,3008500.0
20251208,603136,天目湖,11.21,11.24,11.27,11.19,2558700.0
20251208,603137,恒尚节能,14.75,14.74,14.87,14.63,2597700.0
20251208,603138,海量数据,14.47,14.47,14.65,14.44,3953800.0
20251208,603139,康惠股份,21.91,22.35,22.51,21.87,2027600.0
20251208,603150,万朗磁塑,36.28,36.87,37.14,36.15,1342900.0
20251208,603151,邦基科技,18.4,18.46,18.5,18.21,2353800.0
20251208,603153,上海建科,17.46,17.4,17.6,17.33,2085100.0
20251208,603155,新亚强,17.44,18.48,18.85,17.3,15900500.0
20251208,603156,养元饮品,27.6,27.81,28.17,27.15,6683100.0
20251208,603158,腾龙股份,9.78,10.0,10.0,9.73,12673800.0
20251208,603159,上海亚虹,23.18,23.33,23.73,22.8,2946200.0
20251208,603160,汇顶科技,80.91,82.25,82.45,80.91,4965300.0
20251208,603161,科华控股,13.65,13.58,13.7,13.52,2161100.0
20251208,603162,海通发展,13.3,13.7,14.15,12.93,61702900.0
20251208,603163,圣晖集成,58.25,60.87,61.99,56.88,4385600.0
20251208,603165,荣晟环保,12.91,12.75,12.92,12.72,2008200.0
20251208,603166,福达股份,14.95,15.95,15.95,14.95,36855700.0
20251208,603167,渤海轮渡,9.93,9.89,10.1,9.81,6530000.0
20251208,603168,莎普爱思,8.23,8.36,8.37,8.19,10289700.0
20251208,603169,兰石重装,9.75,9.75,9.91,9.69,57385000.0
20251208,603170,宝立食品,14.64,14.22,14.66,14.15,3818700.0
20251208,603171,税友股份,53.35,52.05,53.93,51.63,5665900.0
20251208,603172,万丰股份,18.46,18.73,18.83,18.46,1637200.0
20251208,603173,福斯达,38.28,38.51,38.93,38.17,1960600.0
20251208,603175,超颖电子,70.0,71.09,72.48,69.2,5714800.0
20251208,603176,汇通集团,6.0,5.69,6.11,5.59,27666200.0
20251208,603177,德创环保,12.3,12.22,12.3,11.96,14611600.0
20251208,603178,圣龙股份,18.12,18.28,18.34,18.11,2214300.0
20251208,603179,新泉股份,69.5,68.29,69.5,64.4,29505500.0
20251208,603180,金牌家居,21.29,21.68,21.97,21.14,4822400.0
20251208,603181,皇马科技,14.33,14.46,14.55,14.33,8937000.0
20251208,603182,嘉华股份,16.04,16.06,16.19,15.81,1767800.0
20251208,603183,建研院,4.66,4.63,4.69,4.6,10834400.0
20251208,603185,弘元绿能,29.56,30.56,30.74,29.4,23352700.0
20251208,603186,华正新材,42.8,45.35,46.36,42.5,9207400.0
20251208,603187,海容冷链,15.09,14.73,15.13,14.56,9574100.0
20251208,603188,亚邦股份,4.9,4.84,4.9,4.78,11848800.0
20251208,603190,亚通精工,26.98,26.63,27.34,26.6,5584700.0
20251208,603191,望变电气,15.0,14.94,15.05,14.86,4443700.0
20251208,603192,汇得科技,23.44,23.53,23.77,23.28,1810100.0
20251208,603193,润本股份,24.0,24.36,24.38,23.9,2148700.0
20251208,603194,中力股份,37.67,37.61,37.85,37.44,1165300.0
20251208,603195,公牛集团,42.92,42.8,43.12,42.74,3325900.0
20251208,603196,璞源材料,25.74,28.12,28.26,25.74,10293900.0
20251208,603197,保隆科技,35.44,35.56,35.81,35.39,1884800.0
20251208,603198,迎驾贡酒,40.34,39.8,40.43,39.67,3299400.0
20251208,603199,九华旅游,35.64,35.78,35.85,35.53,1011700.0
20251208,603200,上海洗霸,72.09,73.86,74.1,71.99,4794100.0
20251208,603201,常润股份,17.18,17.17,17.46,16.85,1109800.0
20251208,603202,天有为,93.25,93.57,93.57,92.9,700500.0
20251208,603203,快克智能,30.42,30.61,30.77,30.24,1331300.0
20251208,603205,健尔康,27.92,27.87,28.07,27.8,709400.0
20251208,603206,嘉环科技,16.53,16.91,17.05,16.4,4670900.0
20251208,603207,小方制药,29.03,29.1,29.28,28.92,658400.0
20251208,603208,江山欧派,14.86,14.87,15.02,14.79,1943900.0
20251208,603209,兴通股份,16.49,17.03,17.55,16.3,22695000.0
20251208,603210,泰鸿万立,19.57,19.58,19.64,19.51,1042800.0
20251208,603211,晋拓股份,19.54,18.95,19.9,18.59,14040400.0
20251208,603212,赛伍技术,12.88,13.79,14.26,12.85,52545300.0
20251208,603213,镇洋发展,13.79,13.79,13.82,13.75,2467900.0
20251208,603214,爱婴室,17.29,17.17,17.32,17.11,3382800.0
20251208,603215,比依股份,20.42,20.43,20.46,20.17,2501000.0
20251208,603216,梦天家居,30.78,30.12,31.3,28.44,10386200.0
20251208,603217,元利科技,27.34,27.12,27.39,26.7,2459200.0
20251208,603218,日月股份,13.06,12.9,13.12,12.87,11090600.0
20251208,603219,富佳股份,16.15,16.35,16.53,16.15,3214100.0
20251208,603220,中贝通信,22.38,22.67,22.84,22.38,5641500.0
20251208,603221,爱丽家居,12.18,12.48,12.8,12.05,5997800.0
20251208,603222,济民健康,9.39,9.41,9.48,9.31,13266700.0
20251208,603223,恒通股份,11.29,11.34,11.54,11.19,22069200.0
20251208,603225,新凤鸣,17.44,16.99,17.55,16.54,10646900.0
20251208,603226,菲林格尔,36.78,38.19,38.65,36.5,3998200.0
20251208,603227,雪峰科技,8.41,8.36,8.47,8.36,6418300.0
20251208,603228,景旺电子,63.1,68.34,68.34,62.2,40565300.0
20251208,603229,奥翔药业,9.74,9.68,9.85,9.65,4200600.0
20251208,603230,内蒙新华,12.55,12.62,12.79,12.51,2956900.0
20251208,603231,索宝蛋白,19.41,19.32,19.5,19.02,2342300.0
20251208,603232,格尔软件,23.38,24.56,25.7,23.38,41279800.0
20251208,603233,大参林,18.01,17.47,18.03,17.47,8779000.0
20251208,603235,天新药业,27.43,27.1,27.54,26.68,776400.0
20251208,603236,移远通信,92.1,91.68,92.28,90.9,7396800.0
20251208,603237,五芳斋,16.86,16.9,16.99,16.83,1211100.0
20251208,603238,诺邦股份,17.25,17.01,17.37,16.95,2130000.0
20251208,603239,浙江仙通,20.38,21.46,21.5,20.22,16296900.0
20251208,603255,鼎际得,32.64,32.74,32.83,32.48,893500.0
20251208,603256,宏和科技,33.44,36.15,36.15,33.17,25749000.0
20251208,603257,中国瑞林,57.5,57.7,58.0,57.21,803400.0
20251208,603258,电魂网络,18.66,18.74,18.8,18.53,1521100.0
20251208,603259,药明康德,90.83,91.55,91.91,90.41,36469100.0
20251208,603260,合盛硅业,53.55,53.38,53.83,52.8,12025000.0
20251208,603261,立航科技,24.08,24.35,25.13,24.01,1118400.0
20251208,603262,技源集团,27.77,27.73,27.88,27.67,496400.0
20251208,603266,天龙股份,20.2,20.29,20.37,20.06,2883100.0
20251208,603267,鸿远电子,48.38,47.98,48.8,47.89,5707200.0
20251208,603268,松发股份,79.8,78.3,80.1,77.0,3292700.0
20251208,603269,海鸥股份,12.3,12.57,12.68,12.3,10838900.0
20251208,603270,金帝股份,24.5,24.54,24.66,24.38,1848400.0
20251208,603271,永杰新材,38.48,38.57,38.75,38.4,1590900.0
20251208,603273,天元智能,19.88,19.97,20.21,19.56,5885800.0
20251208,603275,众辰科技,41.55,42.08,42.14,41.33,2049100.0
20251208,603276,恒兴新材,17.14,17.27,17.36,17.12,1173700.0
20251208,603277,银都股份,17.39,17.3,17.39,17.13,1371400.0
20251208,603278,大业股份,9.74,10.69,10.69,9.74,18441300.0
20251208,603279,景津装备,16.18,15.61,16.18,15.45,10042700.0
20251208,603280,南方路机,40.98,41.92,42.5,40.66,6550300.0
20251208,603281,江瀚新材,27.58,27.49,27.81,27.22,1339500.0
20251208,603282,亚光股份,19.9,19.76,20.05,19.72,1431000.0
20251208,603283,赛腾股份,42.5,42.87,43.06,42.09,8383300.0
20251208,603285,键邦股份,24.67,24.71,24.87,24.51,1140000.0
20251208,603286,日盈电子,52.56,56.59,57.77,51.05,15675800.0
20251208,603288,海天味业,36.51,36.51,36.68,36.45,8191100.0
20251208,603289,泰瑞机器,10.22,10.38,10.55,10.2,6067100.0
20251208,603290,斯达半导,99.66,99.11,99.82,98.09,3833700.0
20251208,603291,联合水务,10.48,10.41,10.49,10.37,3586800.0
20251208,603296,华勤技术,91.45,93.35,95.55,90.66,13261900.0
20251208,603297,永新光学,98.33,102.13,103.39,97.92,2618900.0
20251208,603298,杭叉集团,26.45,26.11,26.65,25.94,7999600.0
20251208,603299,苏盐井神,10.47,10.31,10.47,10.31,5766500.0
20251208,603300,海南华铁,7.11,7.27,7.36,7.08,75237300.0
20251208,603301,振德医疗,71.0,74.01,76.12,71.0,17820400.0
20251208,603303,得邦照明,13.31,13.13,13.32,13.11,1662900.0
20251208,603305,旭升集团,13.74,13.68,13.76,13.53,23568900.0
20251208,603306,华懋科技,47.63,50.34,51.08,47.63,14496900.0
20251208,603307,扬州金泉,41.1,41.24,41.27,40.39,507000.0
20251208,603308,应流股份,41.0,42.01,42.33,40.91,17419100.0
20251208,603309,维力医疗,13.79,13.7,13.82,13.63,2935600.0
20251208,603310,巍华新材,17.18,17.15,17.22,17.1,1127000.0
20251208,603311,金海高科,11.93,11.91,12.04,11.84,1751000.0
20251208,603312,西典新能,48.79,49.26,49.77,48.13,2676300.0
20251208,603313,梦百合,9.2,9.26,9.34,9.15,6831100.0
20251208,603315,福鞍股份,14.4,15.44,15.48,14.4,15096800.0
20251208,603316,诚邦股份,14.51,15.49,15.49,14.5,17385200.0
20251208,603317,天味食品,12.79,12.63,12.82,12.54,4454000.0
20251208,603318,水发燃气,6.77,6.74,6.8,6.71,5525200.0
20251208,603319,美湖股份,38.5,39.3,39.48,37.61,17605100.0
20251208,603320,迪贝电气,18.95,19.02,19.17,18.95,1548900.0
20251208,603321,梅轮电梯,7.94,7.98,8.0,7.84,3567700.0
20251208,603322,超讯科技,48.5,49.97,50.99,48.15,14135500.0
20251208,603323,苏农银行,5.2,5.19,5.25,5.18,26330300.0
20251208,603324,盛剑科技,24.0,24.15,24.23,23.96,1083000.0
20251208,603325,博隆技术,77.78,78.16,78.47,77.72,579400.0
20251208,603326,我乐家居,9.18,9.18,9.24,9.08,3403900.0
20251208,603327,福蓉科技,12.29,13.58,14.03,12.29,156341300.0
20251208,603328,依顿电子,10.99,11.11,11.19,10.94,13537000.0
20251208,603329,上海雅仕,11.38,11.4,11.57,11.37,2184400.0
20251208,603330,天洋新材,7.65,7.79,7.86,7.55,7326100.0
20251208,603331,百达精工,11.94,11.87,12.0,11.76,3867800.0
20251208,603332,苏州龙杰,12.87,12.88,12.98,12.7,4836000.0
20251208,603333,福华尚纬,7.78,8.04,8.24,7.78,12337900.0
20251208,603334,丰倍生物,42.99,43.18,43.39,42.82,1489400.0
20251208,603335,迪生力,6.18,6.12,6.23,6.04,9164100.0
20251208,603336,宏辉果蔬,9.1,9.05,9.1,8.91,8278700.0
20251208,603337,杰克科技,39.45,39.09,39.53,38.63,2757700.0
20251208,603338,浙江鼎力,60.76,60.71,61.18,59.13,6923700.0
20251208,603339,四方科技,12.96,12.97,13.06,12.9,2486700.0
20251208,603341,龙旗科技,45.21,45.4,45.66,44.88,13364100.0
20251208,603344,星德胜,25.6,25.67,25.88,25.56,1451700.0
20251208,603345,安井食品,80.5,80.45,80.93,78.68,4245000.0
20251208,603348,文灿股份,20.48,20.52,20.55,20.35,2219800.0
20251208,603350,安乃达,37.8,38.06,38.13,37.74,1006900.0
20251208,603351,威尔药业,26.97,27.23,27.4,26.72,652700.0
20251208,603353,和顺石油,34.2,32.41,34.39,31.4,12979000.0
20251208,603355,莱克电气,33.83,33.55,33.95,32.64,3676700.0
20251208,603356,华菱精工,14.0,14.05,14.12,13.8,3578600.0
20251208,603357,设计总院,8.31,8.3,8.33,8.29,3383400.0
20251208,603358,华达科技,42.78,43.06,43.35,42.28,4690400.0
20251208,603360,百傲化学,31.71,33.24,33.7,31.7,15432000.0
20251208,603363,傲农生物,4.57,4.85,4.91,4.56,66627500.0
20251208,603365,水星家纺,20.81,20.8,20.97,20.57,1278200.0
20251208,603366,日出东方,9.59,9.64,9.71,9.54,24425600.0
20251208,603367,辰欣药业,18.43,18.23,18.52,18.17,10640200.0
20251208,603368,柳药集团,18.48,18.35,18.58,18.27,5388000.0
20251208,603369,今世缘,36.3,36.07,36.4,35.97,6557800.0
20251208,603370,华新精科,45.65,45.78,46.05,45.65,702900.0
20251208,603373,安邦护卫,40.21,40.68,40.79,40.2,749600.0
20251208,603375,盛景微,38.5,38.76,39.05,38.3,1764500.0
20251208,603376,大明电子,37.8,39.23,39.28,37.65,5152300.0
20251208,603379,三美股份,54.36,55.58,56.2,54.29,8456200.0
20251208,603380,易德龙,36.1,36.42,36.75,35.96,2120500.0
20251208,603381,永臻股份,19.95,20.02,20.07,19.88,1846000.0
20251208,603382,海阳科技,30.94,30.87,31.18,30.8,1032600.0
20251208,603383,顶点软件,38.91,39.24,39.78,38.6,15041100.0
20251208,603385,惠达卫浴,7.18,7.28,7.29,7.17,3354900.0
20251208,603386,骏亚科技,16.7,18.32,18.32,15.51,86558800.0
20251208,603387,基蛋生物,8.47,8.4,8.51,8.39,5999500.0
20251208,603389,亚振家居,39.81,40.5,40.88,39.62,1414100.0
20251208,603390,通达电气,12.39,12.33,12.39,12.22,2122900.0
20251208,603391,力聚热能,68.44,68.15,70.48,68.0,2139800.0
20251208,603392,万泰生物,46.69,47.16,47.5,46.6,2743900.0
20251208,603393,新天然气,27.42,27.43,27.55,27.3,4000400.0
20251208,603395,红四方,30.35,30.3,30.55,29.91,3875700.0
20251208,603396,金辰股份,34.03,35.56,36.0,33.4,10055400.0
20251208,603399,永杉锂业,10.86,11.37,11.43,10.84,22697600.0
20251208,603400,华之杰,52.78,53.23,53.39,52.78,658000.0
20251208,603406,天富龙,40.54,40.39,40.56,40.32,895600.0
20251208,603408,建霖家居,13.5,13.54,13.66,13.26,4586600.0
20251208,603409,汇通控股,34.4,34.32,34.42,34.25,628600.0
20251208,603416,信捷电气,54.29,55.66,55.93,53.96,2708400.0
20251208,603418,友升股份,56.0,55.99,56.1,55.76,1237700.0
20251208,603421,鼎信通讯,7.97,8.09,8.15,7.88,16996600.0
20251208,603439,三力制药,12.14,12.17,12.2,12.11,3226100.0
20251208,603444,吉比特,431.77,440.08,443.98,431.7,1241700.0
20251208,603456,九洲药业,18.5,18.43,18.62,18.39,10060200.0
20251208,603458,勘设股份,8.21,8.4,8.51,8.11,11250500.0
20251208,603466,风语筑,9.44,9.46,9.55,9.41,9622800.0
20251208,603477,巨星农牧,16.99,16.91,17.0,16.8,4224600.0
20251208,603486,科沃斯,79.7,80.87,81.43,78.26,5727400.0
20251208,603488,展鹏科技,8.15,8.14,8.22,8.14,2724800.0
20251208,603489,八方股份,31.25,31.31,31.75,31.15,3710500.0
20251208,603496,恒为科技,27.69,28.08,28.16,27.56,6917100.0
20251208,603499,翔港科技,19.65,19.63,19.98,19.55,4915000.0
20251208,603500,祥和实业,11.48,11.32,11.52,11.27,5038500.0
20251208,603501,豪威集团,120.02,120.98,121.8,120.02,11521400.0
20251208,603505,金石资源,17.86,17.94,18.05,17.44,14813400.0
20251208,603506,南都物业,12.41,12.42,12.48,12.28,3461400.0
20251208,603507,振江股份,24.18,24.09,24.56,23.9,6058700.0
20251208,603508,思维列控,31.09,29.34,31.09,29.04,22767400.0
20251208,603511,爱慕股份,15.8,15.95,16.19,15.7,3418900.0
20251208,603515,欧普照明,18.06,18.03,18.14,17.88,1043000.0
20251208,603516,淳中科技,165.0,174.54,175.5,164.99,7486700.0
20251208,603518,锦泓集团,9.75,9.95,9.99,9.61,13186600.0
20251208,603519,立霸股份,12.61,12.43,12.71,12.4,2991400.0
20251208,603520,司太立,9.84,9.83,9.9,9.79,7345700.0
20251208,603527,众源新材,11.14,10.98,11.18,10.92,7456400.0
20251208,603528,多伦科技,9.39,10.03,10.03,9.25,29898400.0
20251208,603529,爱玛科技,30.0,29.88,30.15,29.76,5512200.0
20251208,603530,神马电力,42.6,41.96,42.84,41.83,5240900.0
20251208,603533,掌阅科技,19.95,19.98,20.19,19.85,16240800.0
20251208,603535,嘉诚国际,10.59,10.69,10.77,10.59,3295600.0
20251208,603536,惠发食品,13.91,14.1,14.4,13.58,29639700.0
20251208,603538,美诺华,20.07,20.48,20.78,20.07,6167100.0
20251208,603551,奥普科技,12.18,12.41,12.5,12.04,6449600.0
20251208,603556,海兴电力,34.8,34.57,35.05,33.98,4675100.0
20251208,603558,健盛集团,11.6,11.5,11.63,11.41,3381400.0
20251208,603559,中通国脉,8.47,8.4,8.52,8.3,1164600.0
20251208,603565,中谷物流,10.67,10.39,10.69,10.3,20098300.0
20251208,603566,普莱柯,13.09,13.13,13.2,13.05,3200000.0
20251208,603567,珍宝岛,10.24,10.21,10.29,10.16,6311000.0
20251208,603568,伟明环保,22.15,22.31,22.6,21.83,6906700.0
20251208,603569,长久物流,7.86,7.84,7.9,7.82,5150300.0
20251208,603577,汇金通,10.21,10.27,10.37,10.11,7690900.0
20251208,603578,三星新材,12.61,12.6,12.91,12.57,2811400.0
20251208,603579,荣泰健康,23.75,23.79,23.83,23.55,2867200.0
20251208,603580,艾艾精工,15.95,16.0,16.22,15.88,944100.0
20251208,603583,捷昌驱动,36.52,36.55,36.68,36.16,5211600.0
20251208,603585,苏利股份,18.07,17.96,18.2,17.92,1030100.0
20251208,603586,金麒麟,18.52,18.51,18.55,18.33,1024500.0
20251208,603587,地素时尚,13.02,13.06,13.18,13.01,2680300.0
20251208,603588,高能环境,7.21,7.11,7.24,7.11,25699800.0
20251208,603589,口子窖,30.45,30.39,30.52,30.3,2714400.0
20251208,603590,康辰药业,42.79,43.26,44.38,42.51,4280200.0
20251208,603596,伯特利,46.02,45.63,46.12,45.57,4327000.0
20251208,603598,引力传媒,18.22,18.8,19.11,18.0,32923400.0
20251208,603599,广信股份,11.73,11.56,11.74,11.5,6200700.0
20251208,603600,永艺股份,12.65,12.73,12.75,12.48,8925500.0
20251208,603601,再升科技,5.75,5.75,5.75,5.75,30663500.0
20251208,603602,纵横通信,14.74,14.91,15.0,14.69,4919900.0
20251208,603605,珀莱雅,69.0,69.19,69.46,69.0,2230700.0
20251208,603606,东方电缆,59.41,58.98,59.61,58.13,6128600.0
20251208,603607,京华激光,25.4,25.4,25.77,25.2,5161600.0
20251208,603608,天创时尚,7.16,7.5,7.54,7.12,15385000.0
20251208,603609,禾丰股份,7.39,7.36,7.42,7.34,3329700.0
20251208,603610,麒盛科技,19.1,19.92,20.29,18.73,14291800.0
20251208,603611,诺力股份,23.42,23.42,23.66,23.31,2348800.0
20251208,603612,索通发展,24.32,24.33,24.63,24.23,15348900.0
20251208,603613,国联股份,29.98,30.31,30.67,29.7,14188300.0
20251208,603615,茶花股份,24.08,23.81,24.19,23.75,2111700.0
20251208,603616,韩建河山,5.48,5.52,5.59,5.46,9967300.0
20251208,603617,君禾股份,7.53,7.46,7.54,7.42,9760600.0
20251208,603618,杭电股份,8.0,8.01,8.06,7.97,14379800.0
20251208,603619,中曼石油,22.1,22.07,22.13,21.71,6975300.0
20251208,603626,科森科技,12.6,13.51,13.8,12.53,108868500.0
20251208,603628,清源股份,14.06,14.68,14.7,14.05,18881300.0
20251208,603629,利通电子,25.85,26.27,26.45,25.83,7039500.0
20251208,603630,拉芳家化,20.3,20.44,20.55,20.2,1805300.0
20251208,603633,徕木股份,11.55,11.15,11.75,11.1,16819500.0
20251208,603636,南威软件,13.61,14.19,14.48,13.61,55256900.0
20251208,603637,镇海股份,10.56,10.81,10.93,10.53,8201100.0
20251208,603638,艾迪精密,20.55,19.76,20.55,19.7,12410600.0
20251208,603639,海利尔,12.93,12.77,12.94,12.7,2453900.0
20251208,603648,畅联股份,10.39,10.41,10.49,10.38,1581300.0
20251208,603650,彤程新材,42.95,44.09,44.38,42.74,25354000.0
20251208,603655,朗博科技,37.95,38.68,39.3,37.95,1366100.0
20251208,603656,泰禾智能,23.2,23.46,23.56,23.01,2296200.0
20251208,603657,春光科技,36.16,36.04,36.61,35.81,3431800.0
20251208,603658,安图生物,36.24,35.98,36.27,35.94,2105400.0
20251208,603659,璞泰来,26.55,26.83,27.03,26.36,22953800.0
20251208,603660,苏州科达,9.62,10.22,10.4,9.61,33877100.0
20251208,603661,恒林股份,33.51,33.5,33.88,33.11,1504600.0
20251208,603662,柯力传感,64.66,64.88,65.5,64.02,6229400.0
20251208,603663,三祥新材,32.0,32.77,32.82,31.55,13093100.0
20251208,603665,康隆达,31.15,30.88,31.15,30.07,2913800.0
20251208,603666,亿嘉和,30.59,30.75,31.05,30.35,3525600.0
20251208,603667,五洲新春,48.6,53.97,53.97,47.81,61418100.0
20251208,603668,天马科技,16.18,17.33,17.92,16.09,63608900.0
20251208,603669,灵康药业,5.09,4.99,5.12,4.98,8743700.0
20251208,603676,卫信康,11.35,11.19,11.42,11.16,1876100.0
20251208,603677,奇精机械,21.35,21.12,21.45,20.83,8646600.0
20251208,603678,火炬电子,32.3,31.89,32.63,31.87,16906900.0
20251208,603679,华体科技,15.72,15.91,16.36,15.67,6337600.0
20251208,603680,今创集团,10.74,11.77,11.77,10.74,14031000.0
20251208,603681,永冠新材,17.64,18.12,18.38,17.5,5883900.0
20251208,603682,锦和商管,6.34,6.52,6.63,6.26,22722300.0
20251208,603683,晶华新材,26.86,28.33,28.78,26.82,14031700.0
20251208,603685,晨丰科技,21.08,20.68,21.08,20.58,2733800.0
20251208,603686,福龙马,24.8,27.28,27.28,24.65,70038300.0
20251208,603687,大胜达,9.0,8.94,9.08,8.91,6551600.0
20251208,603688,石英股份,36.38,36.63,36.84,36.38,5487300.0
20251208,603689,皖天然气,8.29,8.31,8.32,8.26,2969000.0
20251208,603690,至纯科技,28.73,29.2,29.35,28.69,14177300.0
20251208,603693,江苏新能,12.08,12.04,12.13,12.02,2479500.0
20251208,603696,安记食品,21.42,21.42,21.42,21.42,3615900.0
20251208,603697,有友食品,12.63,12.51,12.75,12.44,6339400.0
20251208,603698,航天工程,21.53,23.67,23.67,21.49,24201800.0
20251208,603699,纽威股份,48.48,47.92,48.79,47.0,4938600.0
20251208,603700,宁水集团,13.01,13.03,13.12,12.97,2469700.0
20251208,603701,德宏股份,18.55,18.8,19.45,18.55,4663900.0
20251208,603703,盛洋科技,12.34,12.54,13.13,12.34,27060200.0
20251208,603706,东方环宇,20.04,20.01,20.14,19.99,784400.0
20251208,603707,健友股份,9.63,9.6,9.64,9.58,8754400.0
20251208,603708,家家悦,11.64,11.64,11.81,11.55,5767900.0
20251208,603709,中源家居,17.68,18.71,19.69,17.51,18773300.0
20251208,603711,香飘飘,15.41,14.96,15.44,14.87,18664400.0
20251208,603712,七一二,22.0,21.63,22.05,21.53,25710400.0
20251208,603713,密尔克卫,53.45,53.9,54.79,53.45,2032500.0
20251208,603716,塞力医疗,21.48,21.55,21.61,21.33,6094700.0
20251208,603717,天域生物,8.25,8.26,8.31,8.15,5526200.0
20251208,603719,良品铺子,12.24,12.18,12.28,12.15,3109700.0
20251208,603721,中广天择,19.06,18.98,19.06,18.91,676400.0
20251208,603722,阿科力,39.17,38.95,39.2,38.77,878000.0
20251208,603725,天安新材,9.27,9.3,9.38,9.21,3500400.0
20251208,603726,朗迪集团,22.35,22.94,23.22,22.1,9176700.0
20251208,603727,博迈科,15.28,15.34,15.45,15.21,3423800.0
20251208,603728,鸣志电器,68.7,69.51,69.91,67.73,8450900.0
20251208,603730,岱美股份,8.3,8.14,8.35,8.12,19329400.0
20251208,603733,仙鹤股份,23.61,23.07,23.61,22.98,2359900.0
20251208,603737,三棵树,47.0,45.57,47.38,45.35,3543000.0
20251208,603738,泰晶科技,15.62,17.18,17.18,15.6,30948800.0
20251208,603739,蔚蓝生物,14.96,14.74,14.98,14.71,2841700.0
20251208,603755,日辰股份,34.72,34.64,35.2,34.17,1796300.0
20251208,603757,大元泵业,36.1,37.58,38.4,35.95,7995600.0
20251208,603758,秦安股份,19.35,19.06,19.45,18.78,12096300.0
20251208,603759,海天股份,10.59,10.63,10.72,10.56,11085500.0
20251208,603766,隆鑫通用,15.98,15.35,16.04,15.26,53984300.0
20251208,603767,中马传动,23.6,23.76,23.82,23.31,6080200.0
20251208,603768,常青股份,11.83,11.86,11.99,11.78,1874200.0
20251208,603773,沃格光电,31.38,32.36,32.82,31.31,11048900.0
20251208,603776,永安行,19.3,18.85,19.3,18.77,5513800.0
20251208,603777,来伊份,13.91,13.59,13.93,13.46,9213800.0
20251208,603778,国晟科技,13.1,13.26,13.38,12.7,148366200.0
20251208,603779,威龙股份,6.8,6.82,6.89,6.76,5705300.0
20251208,603786,科博达,73.93,73.62,74.35,71.8,2732900.0
20251208,603787,新日股份,13.88,13.73,14.01,13.66,4188600.0
20251208,603788,宁波高发,16.2,16.26,16.31,16.09,1566300.0
20251208,603790,雅运股份,19.65,19.65,19.9,19.31,1726400.0
20251208,603797,联泰环保,4.87,4.88,4.9,4.83,4932900.0
20251208,603798,康普顿,14.8,15.04,15.26,14.75,2694500.0
20251208,603799,华友钴业,63.8,64.14,64.5,62.8,57522400.0
20251208,603800,洪田股份,45.86,46.78,47.28,45.76,3356700.0
20251208,603801,志邦家居,9.36,9.29,9.4,9.28,5399600.0
20251208,603803,瑞斯康达,11.01,11.49,11.64,11.01,54159700.0
20251208,603806,福斯特,14.03,13.91,14.07,13.88,14726400.0
20251208,603808,歌力思,8.62,8.53,8.72,8.5,3317800.0
20251208,603809,豪能股份,12.88,13.4,13.58,12.87,63487800.0
20251208,603810,丰山集团,16.77,16.75,16.96,16.65,1678800.0
20251208,603811,诚意药业,10.93,10.99,11.04,10.93,3435100.0
20251208,603813,原尚股份,39.05,38.79,39.56,38.4,677500.0
20251208,603815,交建股份,10.87,10.87,10.87,10.87,6046700.0
20251208,603816,顾家家居,30.97,30.33,31.15,30.22,5723000.0
20251208,603817,海峡环保,8.1,8.27,8.41,8.01,61568900.0
20251208,603818,曲美家居,3.86,3.87,3.9,3.82,10831900.0
20251208,603819,神力股份,11.34,11.46,11.5,11.3,3326200.0
20251208,603823,百合花,16.01,16.09,16.2,15.78,8152500.0
20251208,603826,坤彩科技,17.15,17.17,17.3,17.08,3149300.0
20251208,603829,洛凯股份,29.09,29.5,29.7,27.82,10539400.0
20251208,603833,欧派家居,52.33,52.32,52.92,52.04,1844700.0
20251208,603836,海程邦达,14.5,14.95,16.05,14.5,17510800.0
20251208,603839,安正时尚,8.02,8.04,8.15,7.97,5551100.0
20251208,603848,好太太,19.05,19.04,19.19,18.92,1404400.0
20251208,603855,华荣股份,19.64,19.61,19.8,19.51,2442700.0
20251208,603856,东宏股份,13.03,12.71,13.03,12.62,3479900.0
20251208,603858,步长制药,16.98,16.87,17.05,16.82,4161300.0
20251208,603859,能科科技,40.26,40.33,41.28,40.0,5572600.0
20251208,603860,中公高科,30.79,30.82,31.1,30.69,886000.0
20251208,603861,白云电器,11.5,11.64,11.75,11.39,11541600.0
20251208,603863,松炀资源,19.18,19.96,20.05,19.18,8885900.0
20251208,603866,桃李面包,5.47,5.43,5.48,5.42,13110200.0
20251208,603867,新化股份,26.61,26.43,26.74,26.36,4552700.0
20251208,603868,飞科电器,34.81,35.02,35.1,34.68,553100.0
20251208,603871,嘉友国际,13.15,12.82,13.26,12.79,7238500.0
20251208,603876,鼎胜新材,13.16,13.7,13.82,12.94,31379800.0
20251208,603877,太平鸟,16.57,16.38,16.8,16.28,5398100.0
20251208,603878,武进不锈,10.95,10.79,11.22,10.67,26361800.0
20251208,603879,永悦科技,5.9,6.03,6.14,5.84,13779100.0
20251208,603880,南卫股份,6.72,6.87,6.99,6.72,4884500.0
20251208,603881,数据港,31.98,32.26,32.45,31.84,28732700.0
20251208,603882,金域医学,28.77,28.54,28.82,28.51,3104500.0
20251208,603883,老百姓,15.93,15.93,15.97,15.84,7644000.0
20251208,603885,吉祥航空,13.61,13.84,13.91,13.27,16116600.0
20251208,603886,元祖股份,15.04,14.0,15.06,13.92,41364900.0
20251208,603887,城地香江,14.85,15.04,15.3,14.83,10429500.0
20251208,603888,新华网,19.5,19.58,19.68,19.48,7407500.0
20251208,603889,新澳股份,7.61,7.7,7.77,7.57,5966400.0
20251208,603890,春秋电子,16.45,16.5,16.57,16.15,30341300.0
20251208,603893,瑞芯微,180.88,180.51,182.0,179.47,7908800.0
20251208,603895,天永智能,28.03,28.45,29.25,28.03,1335100.0
20251208,603896,寿仙谷,19.95,19.84,19.98,19.8,1149500.0
20251208,603897,长城科技,26.3,25.81,26.31,25.77,3497100.0
20251208,603898,好莱客,13.56,14.48,14.48,13.31,9630400.0
20251208,603899,晨光股份,28.01,27.61,28.03,27.52,4952800.0
20251208,603900,莱绅通灵,8.82,8.91,8.95,8.79,5961700.0
20251208,603901,永创智能,13.98,13.91,13.98,13.45,14167200.0
20251208,603903,中持股份,15.16,15.64,15.88,15.16,6310300.0
20251208,603906,龙蟠科技,20.87,21.0,21.17,20.4,59349700.0
20251208,603908,牧高笛,24.55,24.5,24.72,24.11,1140800.0
20251208,603909,建发合诚,13.38,14.1,14.25,13.34,30576600.0
20251208,603912,佳力图,8.17,8.25,8.34,8.15,8186100.0
20251208,603915,国茂股份,17.48,17.27,17.48,17.05,9615700.0
20251208,603916,苏博特,9.63,9.54,9.68,9.53,3734200.0
20251208,603917,合力科技,14.46,14.69,14.74,14.31,8684200.0
20251208,603918,金桥信息,16.0,16.07,16.25,15.9,13973800.0
20251208,603919,金徽酒,20.1,20.06,20.24,20.03,2337200.0
20251208,603920,世运电路,41.09,41.29,41.74,40.93,18056200.0
20251208,603926,铁流股份,15.26,15.47,15.49,15.11,2441400.0
20251208,603927,中科软,19.66,19.61,19.8,19.6,7490400.0
20251208,603928,兴业股份,16.61,16.84,17.0,16.42,11917400.0
20251208,603929,亚翔集成,70.25,77.5,77.5,69.33,6228400.0
20251208,603931,格林达,34.8,36.21,37.62,33.8,16064800.0
20251208,603933,睿能科技,29.0,31.55,32.55,26.65,53527500.0
20251208,603936,博敏电子,10.8,11.22,11.33,10.8,31139100.0
20251208,603937,丽岛新材,12.63,12.66,12.73,12.4,4708900.0
20251208,603938,三孚股份,17.87,18.04,18.17,17.7,7429100.0
20251208,603939,益丰药房,23.32,23.1,23.45,23.0,6641400.0
20251208,603948,建业股份,26.48,26.57,26.64,26.16,2839100.0
20251208,603949,雪龙集团,18.46,18.6,18.64,18.32,1718100.0
20251208,603950,长源东谷,30.4,31.99,32.48,30.15,5522200.0
20251208,603955,大千生态,29.68,29.91,30.85,29.66,1758500.0
20251208,603956,威派格,6.58,6.64,6.67,6.54,7870200.0
20251208,603958,哈森股份,16.21,16.15,16.33,16.1,2730200.0
20251208,603960,克来机电,18.99,19.47,19.72,18.97,6701700.0
20251208,603966,法兰泰克,11.13,11.02,11.18,10.93,6612300.0
20251208,603967,中创物流,12.58,12.43,12.59,12.35,4251400.0
20251208,603968,醋化股份,11.56,11.53,11.66,11.45,2429400.0
20251208,603969,银龙股份,9.79,9.71,9.85,9.62,9132800.0
20251208,603970,中农立华,13.15,13.1,13.18,13.05,2056300.0
20251208,603976,正川股份,20.58,20.43,20.8,20.4,1324300.0
20251208,603977,国泰集团,12.26,12.24,12.44,12.2,10902500.0
20251208,603978,深圳新星,28.15,28.18,28.65,27.58,12041100.0
20251208,603979,金诚信,70.08,68.34,70.42,67.19,10946600.0
20251208,603980,吉华集团,5.39,5.37,5.42,5.31,12795400.0
20251208,603982,泉峰汽车,8.77,8.76,8.92,8.73,4845300.0
20251208,603983,丸美生物,34.48,34.84,35.38,34.39,2609400.0
20251208,603985,恒润股份,14.2,14.1,14.25,14.06,5510500.0
20251208,603986,兆易创新,208.62,213.89,216.97,207.53,31130700.0
20251208,603987,康德莱,8.79,8.77,8.87,8.76,3720200.0
20251208,603988,中电电机,25.04,25.69,25.85,25.04,4205700.0
20251208,603989,艾华集团,16.79,16.84,16.95,16.74,3319100.0
20251208,603990,麦迪科技,15.11,15.74,15.95,14.96,14135800.0
20251208,603991,领先股份,76.95,79.92,81.48,76.95,3799600.0
20251208,603992,松霖科技,30.32,30.92,31.04,30.07,4353100.0
20251208,603993,洛阳钼业,18.43,18.69,18.78,17.95,251207100.0
20251208,603995,甬金股份,17.14,17.18,17.2,17.05,3524000.0
20251208,603997,继峰股份,13.5,13.31,13.57,13.23,11291200.0
20251208,603998,方盛制药,11.56,11.65,11.96,11.55,11866000.0
20251208,603999,读者传媒,7.28,7.36,7.51,7.27,26518200.0
20251208,605001,威奥股份,7.56,7.54,7.67,7.52,4211500.0
20251208,605003,众望布艺,24.43,24.45,24.84,23.7,2151000.0
20251208,605005,合兴股份,18.8,19.13,19.36,18.6,4987400.0
20251208,605006,山东玻纤,7.4,7.5,7.56,7.4,6438200.0
20251208,605007,五洲特纸,12.0,11.89,12.0,11.86,1354800.0
20251208,605008,长鸿高科,15.2,15.25,15.47,15.14,2235800.0
20251208,605009,豪悦护理,31.6,31.07,31.6,31.0,2191800.0
20251208,605011,杭州热电,20.87,20.69,20.9,20.6,2969400.0
20251208,605016,百龙创园,20.6,20.27,20.63,20.21,3663400.0
20251208,605018,长华集团,11.35,11.44,11.46,11.29,3815800.0
20251208,605020,永和股份,25.96,26.07,26.38,25.92,6256700.0
20251208,605028,世茂能源,28.1,28.34,28.35,27.61,2046600.0
20251208,605033,美邦股份,21.3,21.29,21.54,20.86,2269100.0
20251208,605050,福然德,13.3,13.17,13.34,13.16,4212100.0
20251208,605055,迎丰股份,8.71,8.63,8.75,8.59,3193400.0
20251208,605056,咸亨国际,19.83,19.7,19.98,19.35,4386800.0
20251208,605058,澳弘电子,32.7,34.8,35.29,32.5,8641500.0
20251208,605060,联德股份,37.83,37.32,38.33,36.87,4044700.0
20251208,605066,天正电气,7.47,7.43,7.47,7.39,7970400.0
20251208,605068,明新旭腾,26.24,28.08,28.38,26.0,4424100.0
20251208,605069,正和生态,10.09,10.08,10.16,9.9,3110300.0
20251208,605077,华康股份,15.48,15.3,15.5,15.21,3159700.0
20251208,605080,浙江自然,23.19,23.37,23.45,23.19,902500.0
20251208,605086,龙高股份,42.0,40.72,42.3,39.9,7330700.0
20251208,605088,冠盛股份,33.88,34.2,34.44,33.68,2500500.0
20251208,605089,味知香,27.82,27.18,27.98,26.97,1840800.0
20251208,605090,九丰能源,33.5,33.34,34.77,33.3,13266900.0
20251208,605098,行动教育,40.97,41.36,41.86,40.59,1217200.0
20251208,605099,共创草坪,36.36,35.82,36.4,35.2,2423000.0
20251208,605100,华丰股份,44.9,45.68,45.7,43.8,6043300.0
20251208,605108,同庆楼,20.5,20.92,20.94,20.24,15839800.0
20251208,605111,新洁能,34.08,34.5,34.58,34.08,9076800.0
20251208,605116,奥锐特,22.52,22.27,22.65,22.21,1381700.0
20251208,605117,德业股份,85.51,85.04,86.28,84.35,7368100.0
20251208,605118,力鼎光电,28.38,29.17,29.18,28.26,2727800.0
20251208,605122,四方新材,13.17,13.04,13.18,13.02,2214100.0
20251208,605123,派克新材,76.0,75.25,77.48,74.99,8029500.0
20251208,605128,上海沿浦,37.3,37.77,37.93,36.9,2334600.0
20251208,605133,嵘泰股份,36.99,37.42,37.66,36.06,11082500.0
20251208,605136,丽人丽妆,10.48,11.54,11.54,10.44,32499300.0
20251208,605138,盛泰集团,7.26,7.23,7.31,7.21,2861100.0
20251208,605151,西上海,19.45,19.73,19.85,19.32,1868100.0
20251208,605155,西大门,17.0,16.8,17.14,16.72,3654200.0
20251208,605158,华达新材,8.35,8.31,8.37,8.26,2368600.0
20251208,605162,新中港,9.07,9.11,9.22,9.03,3414200.0
20251208,605166,聚合顺,10.63,10.67,10.68,10.55,2216200.0
20251208,605167,利柏特,10.62,10.52,10.65,10.45,4513200.0
20251208,605168,三人行,30.87,33.44,33.44,30.68,17063000.0
20251208,605169,洪通燃气,13.5,13.54,13.64,13.5,2115500.0
20251208,605177,东亚药业,19.65,19.55,19.85,19.4,1760300.0
20251208,605178,时空科技,54.3,57.25,59.73,54.01,14066100.0
20251208,605179,一鸣食品,21.53,21.46,21.65,21.24,6101000.0
20251208,605180,华生科技,15.04,15.11,15.23,14.96,1867800.0
20251208,605183,确成股份,19.29,19.25,19.49,19.13,1504100.0
20251208,605186,健麾信息,20.75,20.86,20.98,20.52,1456300.0
20251208,605188,国光连锁,21.66,22.47,23.48,21.65,19938900.0
20251208,605189,富春染织,16.03,16.1,16.66,16.03,6530700.0
20251208,605196,华通线缆,36.1,37.3,37.39,34.66,14733300.0
20251208,605198,安德利,39.6,37.62,39.6,37.13,3551000.0
20251208,605208,永茂泰,13.37,13.47,13.54,13.32,4348800.0
20251208,605218,伟时电子,19.27,19.3,19.45,19.08,1344400.0
20251208,605222,起帆电缆,17.1,16.93,17.23,16.87,2846400.0
20251208,605228,神通科技,14.51,14.44,14.56,14.34,2008700.0
20251208,605255,天普股份,133.01,140.48,142.97,129.88,3989200.0
20251208,605258,协和电子,32.0,32.8,32.92,31.76,1829800.0
20251208,605259,绿田机械,21.61,21.66,21.8,21.56,1671500.0
20251208,605266,健之佳,20.16,20.19,20.38,20.12,1486300.0
20251208,605268,王力安防,10.72,10.69,10.79,10.61,3244100.0
20251208,605277,新亚电子,22.48,22.77,22.99,22.4,10140000.0
20251208,605286,同力天启,41.2,40.51,41.48,40.37,1362800.0
20251208,605287,德才股份,26.65,27.12,27.87,26.04,6495700.0
20251208,605288,凯迪股份,95.13,92.5,95.49,89.17,2222400.0
20251208,605289,罗曼股份,69.65,68.4,69.69,66.2,4189000.0
20251208,605296,神农集团,27.85,28.03,28.08,27.58,1672200.0
20251208,605298,必得科技,38.22,38.9,39.18,38.22,1557600.0
20251208,605299,舒华体育,13.73,14.25,14.25,13.59,13291300.0
20251208,605300,佳禾食品,12.63,12.42,12.64,12.35,4064500.0
20251208,605303,园林股份,20.69,20.38,21.14,19.84,14627100.0
20251208,605305,中际联合,43.45,42.43,43.8,41.77,6072400.0
20251208,605318,法狮龙,52.0,53.17,54.42,51.93,2405900.0
20251208,605319,无锡振华,20.75,20.76,20.84,20.55,2399700.0
20251208,605333,沪光股份,31.08,30.67,31.13,30.6,3135600.0
20251208,605337,李子园,12.09,12.04,12.12,11.98,3186300.0
20251208,605338,巴比食品,27.07,26.62,27.17,26.4,3248600.0
20251208,605339,南侨食品,20.12,20.7,20.82,19.85,11813300.0
20251208,605358,立昂微,29.36,29.82,30.16,29.29,12942700.0
20251208,605365,立达信,19.68,20.14,20.6,19.35,11372800.0
20251208,605366,宏柏新材,6.92,6.88,6.96,6.78,20358400.0
20251208,605368,蓝天燃气,9.4,9.38,9.42,9.36,3120200.0
20251208,605369,拱东医疗,19.01,18.85,19.02,18.81,747300.0
20251208,605376,博迁新材,50.54,51.68,52.71,50.25,7524700.0
20251208,605377,华旺科技,8.25,8.18,8.28,8.17,6032100.0
20251208,605378,野马电池,22.56,22.9,23.0,22.47,3574500.0
20251208,605388,均瑶健康,7.7,7.6,7.72,7.55,14409300.0
20251208,605389,长龄液压,66.93,67.46,67.77,65.3,1414600.0
20251208,605398,新炬网络,30.04,30.9,31.29,29.8,6288500.0
20251208,605399,晨光新材,15.01,15.0,15.18,14.83,9571000.0
20251208,605488,福莱新材,34.0,35.0,35.2,33.8,13179100.0
20251208,605499,东鹏饮料,262.53,260.0,262.53,259.09,1197100.0
20251208,605500,森林包装,8.9,8.88,8.92,8.8,1947600.0
20251208,605507,国邦医药,24.13,24.06,24.29,23.83,2946800.0
20251208,605555,德昌股份,17.47,18.55,18.63,17.47,13859600.0
20251208,605566,福莱蒽特,32.02,31.87,33.1,31.4,2243400.0
20251208,605567,春雪食品,11.43,11.43,11.56,11.41,3753100.0
20251208,605577,龙版传媒,13.28,13.41,13.43,13.24,3896800.0
20251208,605580,恒盛能源,38.31,37.97,38.38,37.19,5244400.0
20251208,605588,冠石科技,50.03,50.6,50.77,50.01,890100.0
20251208,605589,圣泉集团,26.75,26.99,27.2,26.75,11647900.0
20251208,605598,上海港湾,48.61,49.77,51.64,48.58,26031800.0
20251208,605599,菜百股份,15.32,15.19,15.34,15.05,3825800.0
