日期,股票代码,股票名称,开盘价,收盘价,最高价,最低价,成交量(股)
20251217,000001,平安银行,11.47,11.53,11.58,11.42,70149500.0
20251217,000002,万  科Ａ,4.92,4.96,4.97,4.84,198857200.0
20251217,000006,深振业Ａ,9.38,9.53,9.58,9.29,28755500.0
20251217,000007,全新好,12.0,11.52,12.0,11.31,23390100.0
20251217,000008,神州高铁,2.87,2.86,2.87,2.8,53419300.0
20251217,000009,中国宝安,9.83,9.94,9.97,9.74,24400800.0
20251217,000011,深物业A,8.82,8.91,8.93,8.73,5124500.0
20251217,000012,南  玻Ａ,4.43,4.43,4.44,4.38,17909000.0
20251217,000014,沙河股份,13.33,13.48,13.5,13.25,7377400.0
20251217,000017,深中华A,7.54,7.56,7.6,7.4,16100800.0
20251217,000019,深粮控股,6.92,6.83,6.97,6.72,12521300.0
20251217,000020,深华发Ａ,13.86,14.16,14.23,13.72,5713400.0
20251217,000021,深科技,23.02,23.64,23.76,22.76,39012000.0
20251217,000025,特  力Ａ,17.46,17.64,17.65,17.25,7396300.0
20251217,000026,飞亚达,14.86,15.03,15.05,14.61,3244000.0
20251217,000027,深圳能源,6.51,6.56,6.58,6.46,15066100.0
20251217,000028,国药一致,24.45,24.56,24.65,24.33,1893600.0
20251217,000029,深深房Ａ,21.86,22.29,22.45,21.62,5251600.0
20251217,000030,富奥股份,5.54,5.54,5.59,5.45,9068500.0
20251217,000031,大悦城,2.84,2.85,2.87,2.8,15748000.0
20251217,000032,深桑达Ａ,18.34,18.54,18.65,18.11,10140900.0
20251217,000034,神州数码,37.03,37.69,37.89,36.75,10953700.0
20251217,000035,中国天楹,5.65,5.69,5.73,5.54,44198800.0
20251217,000036,华联控股,4.84,5.03,5.05,4.75,55824400.0
20251217,000037,深南电A,8.3,8.37,8.38,8.17,7408900.0
20251217,000039,中集集团,8.85,8.88,8.91,8.7,42663100.0
20251217,000042,中洲控股,7.68,7.74,7.75,7.56,4697200.0
20251217,000045,深纺织Ａ,11.66,11.72,11.73,11.44,5328800.0
20251217,000048,京基智农,13.01,13.13,13.13,12.74,10739600.0
20251217,000049,德赛电池,26.55,27.11,27.18,26.4,8301200.0
20251217,000050,深天马Ａ,8.78,8.96,9.02,8.72,20388100.0
20251217,000055,方大集团,4.11,4.06,4.14,4.03,10520000.0
20251217,000058,深 赛 格,9.17,8.95,9.29,8.85,27380000.0
20251217,000059,华锦股份,4.94,4.94,4.95,4.82,17189100.0
20251217,000060,中金岭南,5.25,5.39,5.41,5.2,117893400.0
20251217,000061,农 产 品,9.77,9.87,10.07,9.66,30283300.0
20251217,000062,深圳华强,23.77,24.01,24.15,23.51,7550200.0
20251217,000063,中兴通讯,35.81,36.96,37.18,35.81,130464000.0
20251217,000065,北方国际,12.15,12.05,12.17,11.79,23274600.0
20251217,000066,中国长城,13.68,13.9,13.92,13.53,40894700.0
20251217,000068,华控赛格,3.42,3.41,3.43,3.35,10367300.0
20251217,000069,华侨城Ａ,2.54,2.56,2.59,2.49,80097300.0
20251217,000070,特发信息,11.03,11.81,12.08,10.99,141159100.0
20251217,000088,盐 田 港,4.47,4.5,4.51,4.43,23399300.0
20251217,000089,深圳机场,6.93,7.0,7.05,6.9,17231600.0
20251217,000090,天健集团,3.65,3.69,3.7,3.61,25854800.0
20251217,000096,广聚能源,10.16,10.23,10.23,10.03,4406600.0
20251217,000099,中信海直,19.5,19.5,19.61,19.15,8826500.0
20251217,000100,TCL科技,4.55,4.67,4.68,4.54,509498500.0
20251217,000151,中成股份,11.99,11.94,12.0,11.75,3492000.0
20251217,000153,丰原药业,6.23,6.28,6.34,6.18,8850500.0
20251217,000155,川能动力,11.65,11.82,11.88,11.47,56536900.0
20251217,000156,华数传媒,7.3,7.39,7.42,7.25,8421700.0
20251217,000157,中联重科,8.38,8.45,8.49,8.32,43089400.0
20251217,000158,常山北明,19.89,19.89,20.0,19.5,35174600.0
20251217,000159,国际实业,5.43,5.44,5.49,5.35,11129700.0
20251217,000166,申万宏源,5.22,5.3,5.34,5.17,111548500.0
20251217,000301,东方盛虹,10.02,10.08,10.14,9.87,20345900.0
20251217,000333,美的集团,79.71,80.47,80.92,79.38,23028200.0
20251217,000338,潍柴动力,17.53,17.57,17.65,17.29,56378200.0
20251217,000400,许继电气,25.62,25.91,26.07,25.07,26989900.0
20251217,000401,金隅冀东,4.5,4.45,4.5,4.38,14760100.0
20251217,000402,金 融 街,2.74,2.74,2.76,2.71,17370600.0
20251217,000403,派林生物,13.36,13.5,13.52,13.19,13342500.0
20251217,000404,长虹华意,6.74,6.77,6.79,6.64,7696400.0
20251217,000407,胜利股份,4.47,4.53,4.54,4.41,45179500.0
20251217,000408,藏格矿业,72.78,75.19,75.68,72.3,16325200.0
20251217,000409,云鼎科技,10.78,10.86,10.87,10.55,7995600.0
20251217,000410,沈阳机床,7.1,7.16,7.18,7.02,16773200.0
20251217,000411,英特集团,11.73,11.98,12.31,11.62,13462500.0
20251217,000415,渤海租赁,3.84,3.88,3.93,3.82,100929600.0
20251217,000417,合百集团,7.47,7.52,7.69,7.29,49196800.0
20251217,000419,通程控股,6.28,6.26,6.37,6.15,15878400.0
20251217,000420,吉林化纤,4.03,4.0,4.04,3.94,43757000.0
20251217,000421,南京公用,6.76,6.75,6.77,6.62,11471200.0
20251217,000422,湖北宜化,13.62,13.96,13.99,13.56,25923100.0
20251217,000423,东阿阿胶,48.33,48.69,48.84,48.06,4752500.0
20251217,000425,徐工机械,11.0,11.09,11.17,10.93,47894600.0
20251217,000426,兴业银锡,33.33,34.95,35.37,33.08,64410700.0
20251217,000428,华天酒店,3.33,3.43,3.59,3.29,74820500.0
20251217,000429,粤高速Ａ,12.09,11.97,12.2,11.96,8159000.0
20251217,000430,张家界,7.77,7.69,7.79,7.6,5681500.0
20251217,000498,山东路桥,5.94,5.9,5.95,5.83,14874100.0
20251217,000501,武商集团,9.86,9.79,9.97,9.69,18433700.0
20251217,000503,国新健康,9.0,9.13,9.23,8.99,10679000.0
20251217,000504,南华生物,8.66,8.43,8.7,8.24,3606100.0
20251217,000505,京粮控股,8.37,7.8,8.47,7.8,85839600.0
20251217,000506,招金黄金,13.2,13.46,13.66,12.81,33254100.0
20251217,000507,珠海港,5.16,5.15,5.17,5.08,7385700.0
20251217,000509,华塑控股,3.37,3.39,3.42,3.31,20866500.0
20251217,000510,新金路,9.6,9.56,9.76,9.27,53985900.0
20251217,000513,丽珠集团,34.35,34.66,34.77,34.29,3749100.0
20251217,000514,渝 开 发,5.0,4.96,5.0,4.9,16407700.0
20251217,000516,国际医学,4.48,4.57,4.6,4.48,29861100.0
20251217,000517,荣安地产,1.79,1.8,1.81,1.76,34743400.0
20251217,000518,四环生物,2.37,2.38,2.39,2.34,5600500.0
20251217,000519,中兵红箭,16.85,17.09,17.11,16.61,21268000.0
20251217,000520,凤凰航运,4.76,4.89,4.92,4.66,26675900.0
20251217,000521,长虹美菱,6.48,6.51,6.52,6.41,6349000.0
20251217,000523,红棉股份,3.3,3.33,3.39,3.24,40741500.0
20251217,000524,岭南控股,11.85,12.26,12.38,11.85,17500800.0
20251217,000525,红太阳,5.74,5.67,5.74,5.57,13250600.0
20251217,000526,学大教育,37.43,37.45,37.57,36.75,2147700.0
20251217,000528,柳    工,12.33,12.58,12.64,12.23,24863600.0
20251217,000529,广弘控股,6.05,5.89,6.1,5.81,11721700.0
20251217,000530,冰山冷热,7.49,7.84,8.27,7.49,103581100.0
20251217,000531,穗恒运Ａ,6.41,6.4,6.43,6.29,9434300.0
20251217,000532,华金资本,15.16,15.78,16.15,15.11,32951500.0
20251217,000533,顺钠股份,8.54,8.58,8.76,8.38,73340500.0
20251217,000534,万泽股份,22.81,23.31,23.68,22.32,22676900.0
20251217,000536,华映科技,5.42,5.15,5.5,5.05,258723100.0
20251217,000537,绿发电力,8.32,8.41,8.44,8.27,9016600.0
20251217,000538,云南白药,55.89,56.2,56.21,55.68,6545900.0
20251217,000539,粤电力Ａ,4.53,4.53,4.54,4.45,20573100.0
20251217,000541,佛山照明,5.94,5.95,5.98,5.87,7328000.0
20251217,000543,皖能电力,8.1,8.15,8.17,8.01,21142700.0
20251217,000544,中原环保,8.19,8.19,8.22,8.08,5200200.0
20251217,000545,金浦钛业,2.79,2.81,2.83,2.72,25444100.0
20251217,000546,金圆股份,6.45,6.75,6.75,6.35,62965400.0
20251217,000547,航天发展,22.02,21.05,22.5,21.05,437083900.0
20251217,000548,湖南投资,5.42,5.37,5.45,5.29,10634700.0
20251217,000550,江铃汽车,18.42,18.56,18.6,18.38,2544900.0
20251217,000551,创元科技,11.31,11.17,11.38,10.92,11112400.0
20251217,000552,甘肃能化,2.32,2.34,2.35,2.3,35413800.0
20251217,000553,安道麦A,5.79,5.86,5.9,5.72,5462400.0
20251217,000554,泰山石油,6.26,6.3,6.32,6.19,8756300.0
20251217,000555,神州信息,15.8,16.17,16.27,15.63,27638700.0
20251217,000557,西部创业,4.85,4.83,4.86,4.77,7725700.0
20251217,000558,天府文旅,5.19,5.29,5.36,5.19,54352300.0
20251217,000559,万向钱潮,11.1,11.35,11.41,11.1,49346200.0
20251217,000560,我爱我家,2.9,2.91,2.93,2.88,66197500.0
20251217,000561,烽火电子,11.51,11.22,11.65,10.96,30008700.0
20251217,000563,陕国投Ａ,3.39,3.42,3.45,3.35,57252800.0
20251217,000564,供销大集,2.66,2.6,2.67,2.56,509360100.0
20251217,000565,渝三峡Ａ,7.62,7.48,7.64,7.33,10224900.0
20251217,000566,海南海药,7.08,6.73,7.08,6.58,89544900.0
20251217,000567,海德股份,6.37,6.12,6.38,5.94,43340200.0
20251217,000568,泸州老窖,122.58,122.11,123.21,120.75,7840600.0
20251217,000570,苏常柴Ａ,5.47,5.43,5.5,5.33,10563000.0
20251217,000571,新大洲A,5.62,5.59,5.66,5.37,39485200.0
20251217,000572,海马汽车,9.75,9.1,9.75,9.02,205802300.0
20251217,000573,粤宏远Ａ,3.88,3.89,3.91,3.8,16040900.0
20251217,000576,甘化科工,9.97,9.92,10.07,9.63,8336400.0
20251217,000581,威孚高科,19.84,20.06,20.09,19.77,8649100.0
20251217,000582,北部湾港,8.85,8.88,8.92,8.77,14323400.0
20251217,000586,汇源通信,13.1,13.08,13.19,12.7,4423900.0
20251217,000589,贵州轮胎,5.06,5.02,5.08,4.93,20666000.0
20251217,000590,古汉医药,10.6,10.72,10.75,10.54,2369200.0
20251217,000591,太阳能,4.44,4.46,4.47,4.4,34136200.0
20251217,000592,平潭发展,14.72,13.82,15.8,13.82,563511600.0
20251217,000593,德龙汇能,10.0,10.2,10.29,9.89,22450500.0
20251217,000595,新能股份,5.5,5.55,5.57,5.41,5977100.0
20251217,000596,古井贡酒,146.15,145.6,146.25,143.66,1997100.0
20251217,000597,东北制药,5.18,5.27,5.28,5.17,11067200.0
20251217,000598,兴蓉环境,7.19,7.17,7.21,7.11,16237800.0
20251217,000599,青岛双星,5.96,5.89,6.05,5.74,24062000.0
20251217,000600,建投能源,8.14,8.22,8.25,8.04,20171100.0
20251217,000601,韶能股份,4.8,4.82,4.83,4.72,12623500.0
20251217,000603,盛达资源,29.51,30.71,31.07,29.28,26197100.0
20251217,000605,渤海股份,6.63,6.57,6.64,6.47,6494400.0
20251217,000607,华媒控股,4.07,4.08,4.08,3.99,11306900.0
20251217,000608,阳光股份,2.3,2.34,2.35,2.26,11833100.0
20251217,000612,焦作万方,9.76,9.93,9.98,9.65,32633600.0
20251217,000617,中油资本,9.0,9.06,9.15,8.78,126568600.0
20251217,000619,海螺新材,6.06,5.99,6.08,5.87,8734000.0
20251217,000620,盈新发展,2.93,2.89,2.94,2.83,195622600.0
20251217,000623,吉林敖东,19.03,19.43,19.62,18.98,12540100.0
20251217,000625,长安汽车,11.98,11.79,11.98,11.7,133139200.0
20251217,000626,远大控股,7.72,7.66,7.78,7.55,9483400.0
20251217,000628,高新发展,43.77,44.57,44.9,43.38,7369700.0
20251217,000629,钒钛股份,2.89,2.94,2.96,2.88,77743800.0
20251217,000630,铜陵有色,5.26,5.43,5.47,5.24,255038900.0
20251217,000631,顺发恒能,3.2,3.19,3.22,3.14,14245000.0
20251217,000633,合金投资,7.2,7.19,7.23,6.95,18834100.0
20251217,000636,风华高科,15.74,15.94,16.03,15.49,20960700.0
20251217,000637,茂化实华,4.26,4.27,4.3,4.15,9540500.0
20251217,000650,仁和药业,5.72,5.78,5.79,5.7,10606900.0
20251217,000651,格力电器,40.84,41.1,41.2,40.64,42425000.0
20251217,000652,泰达股份,4.2,4.22,4.24,4.14,16871000.0
20251217,000655,金岭矿业,8.71,8.76,8.8,8.6,7969000.0
20251217,000656,金科股份,1.53,1.48,1.54,1.47,222372800.0
20251217,000657,中钨高新,26.17,28.51,28.66,25.46,168382900.0
20251217,000659,珠海中富,3.21,3.22,3.24,3.15,36011900.0
20251217,000661,长春高新,95.0,95.31,95.42,92.81,7805800.0
20251217,000663,永安林业,7.7,7.5,7.7,7.35,23009000.0
20251217,000665,湖北广电,5.29,5.34,5.36,5.23,21598600.0
20251217,000668,荣丰控股,9.37,9.44,9.51,8.9,5937700.0
20251217,000670,盈方微,7.21,7.27,7.3,7.08,15833100.0
20251217,000672,上峰材料,10.96,11.0,11.08,10.81,9731300.0
20251217,000676,智度股份,8.26,8.32,8.33,8.1,22625800.0
20251217,000678,襄阳轴承,14.39,14.54,15.09,14.0,49310200.0
20251217,000679,大连友谊,7.96,8.19,8.24,7.9,10995700.0
20251217,000680,山推股份,10.74,11.26,11.3,10.74,44313500.0
20251217,000681,视觉中国,20.91,21.44,21.55,20.82,28099100.0
20251217,000682,东方电子,11.79,11.84,11.92,11.57,14215900.0
20251217,000683,博源化工,6.87,6.88,7.0,6.73,51817500.0
20251217,000685,中山公用,12.02,11.65,12.1,11.47,48389100.0
20251217,000686,东北证券,9.32,9.44,9.58,9.22,68457900.0
20251217,000688,国城矿业,24.4,25.34,25.34,23.88,55971500.0
20251217,000690,宝新能源,4.29,4.32,4.34,4.26,24851700.0
20251217,000691,亚太实业,8.55,8.69,8.81,8.28,12258600.0
20251217,000692,惠天热电,3.46,3.48,3.5,3.41,16729600.0
20251217,000695,滨海能源,12.18,12.67,12.73,11.99,19812800.0
20251217,000697,炼石航空,9.18,9.02,9.18,8.95,4544100.0
20251217,000700,模塑科技,10.65,10.56,10.68,10.18,40295500.0
20251217,000701,厦门信达,6.43,6.33,6.44,6.2,41303500.0
20251217,000702,正虹科技,6.92,6.56,6.96,6.44,11810200.0
20251217,000703,恒逸石化,7.45,7.71,7.79,7.33,40572200.0
20251217,000705,浙江震元,9.12,9.18,9.28,9.04,6378700.0
20251217,000707,双环科技,6.06,6.1,6.1,5.98,5121900.0
20251217,000708,中信特钢,15.05,15.24,15.29,14.9,12162500.0
20251217,000709,河钢股份,2.24,2.26,2.27,2.22,70570100.0
20251217,000710,贝瑞基因,11.18,11.31,11.63,11.04,11667100.0
20251217,000711,京蓝科技,1.67,1.68,1.7,1.67,21720400.0
20251217,000712,锦龙股份,12.52,12.27,12.58,12.15,27266800.0
20251217,000713,国投丰乐,6.66,6.63,6.67,6.54,8653400.0
20251217,000715,中兴商业,6.41,6.44,6.58,6.22,36709100.0
20251217,000716,黑芝麻,6.85,6.55,6.99,6.49,126334900.0
20251217,000717,中南股份,2.49,2.52,2.52,2.45,22197400.0
20251217,000718,苏宁环球,2.27,2.29,2.29,2.24,35198200.0
20251217,000719,中原传媒,11.78,11.74,11.86,11.69,8150700.0
20251217,000720,新能泰山,3.6,3.55,3.61,3.45,37521600.0
20251217,000721,西安饮食,9.85,10.19,10.28,9.65,74042700.0
20251217,000722,湖南发展,11.62,11.61,11.63,11.38,6926500.0
20251217,000723,美锦能源,4.6,4.64,4.64,4.5,54145600.0
20251217,000725,京东方Ａ,4.14,4.17,4.19,4.13,709017000.0
20251217,000726,鲁  泰Ａ,6.89,6.92,6.95,6.82,8206300.0
20251217,000727,冠捷科技,2.55,2.59,2.59,2.52,73714300.0
20251217,000728,国元证券,8.24,8.32,8.39,8.15,37571500.0
20251217,000729,燕京啤酒,12.15,12.18,12.31,12.01,19770700.0
20251217,000731,四川美丰,6.41,6.54,6.55,6.4,6747600.0
20251217,000733,振华科技,48.56,48.75,48.89,47.77,12129600.0
20251217,000735,罗 牛 山,11.0,9.98,11.05,9.89,202224100.0
20251217,000736,中交发展,5.28,5.33,5.33,5.22,7226700.0
20251217,000737,北方铜业,13.83,14.16,14.2,13.77,34919700.0
20251217,000738,航发控制,19.59,19.41,19.86,19.0,22124500.0
20251217,000739,普洛药业,16.04,16.35,16.35,16.04,6232200.0
20251217,000750,国海证券,4.16,4.2,4.24,4.1,71933500.0
20251217,000751,锌业股份,3.69,3.76,3.77,3.66,34782100.0
20251217,000753,漳州发展,7.63,7.52,7.69,7.34,53268700.0
20251217,000755,山西高速,5.02,5.12,5.14,5.0,9069500.0
20251217,000756,新华制药,15.59,15.72,15.72,15.36,16604600.0
20251217,000757,浩物股份,4.79,4.86,4.87,4.72,10585300.0
20251217,000758,中色股份,5.87,5.98,5.99,5.82,29313000.0
20251217,000759,中百集团,7.84,7.67,8.11,7.52,122825100.0
20251217,000761,本钢板材,3.18,3.19,3.2,3.12,8741200.0
20251217,000762,西藏矿业,25.01,25.98,26.08,24.73,33976600.0
20251217,000766,通化金马,27.37,27.88,27.94,27.15,10377400.0
20251217,000767,晋控电力,2.81,2.8,2.83,2.76,34082000.0
20251217,000768,中航西飞,24.03,24.22,24.49,23.87,19781200.0
20251217,000776,广发证券,21.21,21.83,22.35,21.17,99093600.0
20251217,000777,中核科技,20.43,20.61,20.66,19.9,12821000.0
20251217,000778,新兴铸管,4.0,4.04,4.06,3.97,41552100.0
20251217,000779,甘咨询,8.31,8.24,8.31,8.12,3361700.0
20251217,000782,恒申新材,4.99,4.99,5.0,4.87,9582000.0
20251217,000783,长江证券,8.03,8.2,8.28,7.99,77019700.0
20251217,000785,居然智家,3.04,3.07,3.11,3.0,109271800.0
20251217,000786,北新建材,24.78,24.86,25.01,24.51,8592800.0
20251217,000788,北大医药,6.25,6.39,6.45,6.23,33333100.0
20251217,000789,万年青,5.29,5.28,5.33,5.24,5263000.0
20251217,000790,华神科技,3.92,3.88,3.93,3.81,13723200.0
20251217,000791,甘肃能源,6.54,6.55,6.57,6.47,13676800.0
20251217,000792,盐湖股份,25.67,26.98,27.12,25.67,167261700.0
20251217,000795,英洛华,9.67,9.68,9.7,9.5,10008900.0
20251217,000796,凯撒旅业,6.76,6.37,6.78,6.12,108788200.0
20251217,000797,中国武夷,3.5,3.58,3.58,3.36,128295500.0
20251217,000798,中水渔业,11.11,10.94,11.19,10.75,26128000.0
20251217,000799,酒鬼酒,56.23,55.85,56.5,55.0,9416900.0
20251217,000800,一汽解放,6.63,6.67,6.68,6.56,19472200.0
20251217,000801,四川九洲,16.8,16.86,17.08,16.21,47054500.0
20251217,000802,北京文化,5.22,5.2,5.43,5.09,61831100.0
20251217,000803,山高环能,7.03,6.87,7.03,6.69,18070500.0
20251217,000807,云铝股份,26.8,27.49,27.77,26.78,40371400.0
20251217,000809,和展能源,3.22,3.25,3.27,3.19,14003400.0
20251217,000810,创维数字,11.2,11.25,11.3,10.97,13004000.0
20251217,000811,冰轮环境,16.5,16.86,17.14,16.5,43817700.0
20251217,000812,陕西金叶,4.94,4.89,4.95,4.78,37614300.0
20251217,000813,德展健康,3.84,3.85,3.86,3.77,19539100.0
20251217,000815,美利云,10.82,10.94,10.95,10.71,9456700.0
20251217,000816,智慧农业,3.9,3.45,3.94,3.44,198392600.0
20251217,000818,航锦科技,18.33,18.53,18.63,18.15,10327300.0
20251217,000819,岳阳兴长,15.49,15.66,15.75,15.2,10471200.0
20251217,000820,神雾节能,3.23,3.23,3.28,3.14,4917600.0
20251217,000822,山东海化,5.06,5.1,5.12,4.99,8929400.0
20251217,000823,超声电子,13.04,13.4,13.44,12.8,32161800.0
20251217,000825,太钢不锈,4.9,4.8,4.98,4.72,200768600.0
20251217,000828,东莞控股,10.78,10.82,10.9,10.68,4799700.0
20251217,000829,天音控股,10.83,10.95,11.09,10.79,27462800.0
20251217,000830,鲁西化工,14.72,15.09,15.17,14.65,29178900.0
20251217,000831,中国稀土,43.1,44.01,44.19,42.72,23710200.0
20251217,000833,粤桂股份,17.96,18.65,18.72,17.83,29409600.0
20251217,000837,秦川机床,11.83,11.85,11.91,11.6,12507500.0
20251217,000839,国安股份,2.59,2.59,2.6,2.55,25690200.0
20251217,000848,承德露露,8.61,8.7,8.71,8.52,14743700.0
20251217,000850,华茂股份,4.74,4.96,5.0,4.64,68889200.0
20251217,000852,石化机械,7.1,6.99,7.11,6.84,27551900.0
20251217,000856,冀东装备,9.63,9.69,9.76,9.42,5347900.0
20251217,000858,五 粮 液,113.0,113.4,113.75,112.1,15314000.0
20251217,000859,国风新材,9.8,10.17,10.29,9.45,163086100.0
20251217,000860,顺鑫农业,15.11,15.05,15.17,14.92,5140200.0
20251217,000862,银星能源,6.02,5.93,6.08,5.86,28490700.0
20251217,000863,三湘印象,5.16,4.68,5.24,4.68,88744500.0
20251217,000868,安凯客车,5.03,4.93,5.03,4.86,16756800.0
20251217,000869,张  裕Ａ,20.43,20.57,20.62,20.3,926400.0
20251217,000875,电投绿能,5.54,5.61,5.62,5.5,31045100.0
20251217,000876,新 希 望,9.25,9.16,9.3,9.08,33911500.0
20251217,000877,天山股份,5.31,5.34,5.36,5.25,13895600.0
20251217,000878,云南铜业,16.82,17.26,17.4,16.73,46705700.0
20251217,000880,潍柴重机,26.0,26.4,26.56,25.82,10150100.0
20251217,000881,中广核技,8.43,8.48,8.52,8.21,23641600.0
20251217,000882,华联股份,2.12,2.13,2.18,2.1,225544300.0
20251217,000883,湖北能源,4.58,4.6,4.61,4.54,22053500.0
20251217,000885,城发环境,13.35,13.5,13.54,13.27,3294000.0
20251217,000886,海南高速,6.8,6.58,6.83,6.36,62410000.0
20251217,000887,中鼎股份,21.1,21.5,21.58,21.0,22642800.0
20251217,000888,峨眉山Ａ,12.65,12.92,12.98,12.59,23698300.0
20251217,000889,中嘉博创,3.57,3.58,3.61,3.5,13769400.0
20251217,000890,法尔胜,6.43,7.2,7.82,6.4,183356000.0
20251217,000892,欢瑞世纪,6.88,6.87,6.95,6.68,43991500.0
20251217,000893,亚钾国际,46.8,48.08,48.78,46.66,14128000.0
20251217,000895,双汇发展,27.03,27.2,27.34,26.78,8995900.0
20251217,000897,津滨发展,2.26,2.27,2.28,2.24,24486400.0
20251217,000898,鞍钢股份,2.43,2.44,2.46,2.38,26989000.0
20251217,000899,赣能股份,9.76,9.83,9.86,9.67,6699100.0
20251217,000900,现代投资,4.09,4.08,4.11,4.05,11963400.0
20251217,000901,航天科技,24.5,23.9,25.18,23.13,140834700.0
20251217,000902,新洋丰,15.21,15.41,15.5,15.16,8048000.0
20251217,000905,厦门港务,12.99,12.84,13.08,12.63,64998600.0
20251217,000906,浙商中拓,5.87,5.86,5.88,5.78,4076800.0
20251217,000908,石药景峰,7.73,7.59,7.78,7.49,14520600.0
20251217,000910,大亚圣象,7.46,7.55,7.7,7.38,9145800.0
20251217,000912,泸天化,4.11,4.13,4.14,4.06,7053200.0
20251217,000913,钱江摩托,15.09,15.39,15.47,15.01,3420900.0
20251217,000915,华特达因,32.82,33.37,33.44,32.72,2430800.0
20251217,000917,电广传媒,8.7,8.73,8.77,8.53,45263100.0
20251217,000919,金陵药业,6.87,6.93,6.94,6.82,7251800.0
20251217,000920,沃顿科技,11.73,11.75,11.79,11.52,4785400.0
20251217,000921,海信家电,25.8,25.95,26.13,25.32,6232100.0
20251217,000922,佳电股份,12.64,12.7,12.73,12.41,10534900.0
20251217,000923,河钢资源,18.82,19.23,19.35,18.51,10600100.0
20251217,000925,众合科技,8.9,8.79,9.09,8.66,52090500.0
20251217,000926,福星股份,2.32,2.3,2.33,2.25,34518300.0
20251217,000927,中国铁物,2.57,2.57,2.58,2.53,46483900.0
20251217,000928,中钢国际,6.34,6.31,6.35,6.2,32804900.0
20251217,000929,兰州黄河,8.48,8.52,8.55,8.36,1902000.0
20251217,000930,中粮科技,5.7,5.7,5.75,5.61,11357400.0
20251217,000931,中 关 村,4.83,4.83,4.84,4.74,8247800.0
20251217,000932,华菱钢铁,5.36,5.48,5.53,5.31,54649700.0
20251217,000933,神火股份,24.9,25.44,25.72,24.73,28532700.0
20251217,000935,四川双马,24.95,25.01,25.44,24.27,15455800.0
20251217,000936,华西股份,7.95,7.74,7.99,7.46,66141200.0
20251217,000937,冀中能源,5.29,5.29,5.31,5.22,21003900.0
20251217,000938,紫光股份,24.0,24.5,24.53,23.9,38208500.0
20251217,000948,南天信息,16.98,16.88,16.98,16.57,4342700.0
20251217,000949,新乡化纤,4.97,4.94,5.01,4.85,60336300.0
20251217,000950,重药控股,6.4,6.24,6.78,6.03,149221600.0
20251217,000951,中国重汽,16.95,17.11,17.16,16.88,7613000.0
20251217,000952,广济药业,7.17,7.28,7.3,7.12,18648200.0
20251217,000953,中哲精化,7.6,7.6,7.69,7.33,18194500.0
20251217,000955,欣龙控股,6.12,5.93,6.12,5.73,38671700.0
20251217,000957,中通客车,11.3,11.48,11.48,11.2,13094000.0
20251217,000958,电投产融,6.42,6.47,6.49,6.37,22653000.0
20251217,000959,首钢股份,4.34,4.4,4.42,4.26,32854500.0
20251217,000960,锡业股份,25.59,26.42,26.67,25.36,40651700.0
20251217,000962,东方钽业,27.71,29.07,29.39,27.65,21803800.0
20251217,000963,华东医药,39.37,40.04,40.15,39.29,5510500.0
20251217,000965,天保基建,3.83,3.87,3.88,3.78,26433200.0
20251217,000966,长源电力,4.29,4.29,4.3,4.23,13888000.0
20251217,000967,盈峰环境,6.77,6.77,6.78,6.63,19216600.0
20251217,000968,蓝焰控股,6.46,6.51,6.53,6.43,6882000.0
20251217,000969,安泰科技,19.44,19.74,20.05,18.98,91006100.0
20251217,000970,中科三环,12.67,12.86,12.96,12.58,14291000.0
20251217,000972,中基健康,3.64,3.67,3.67,3.54,6863300.0
20251217,000973,佛塑科技,11.1,11.82,12.1,10.9,88239200.0
20251217,000975,山金国际,23.85,24.77,25.15,23.85,59935400.0
20251217,000977,浪潮信息,60.56,62.85,63.12,60.4,44429000.0
20251217,000978,桂林旅游,6.58,6.74,6.75,6.52,14604400.0
20251217,000980,众泰汽车,3.79,3.69,3.84,3.65,128340600.0
20251217,000981,山子高科,3.04,3.05,3.07,2.98,364382000.0
20251217,000983,山西焦煤,6.4,6.41,6.43,6.31,22834400.0
20251217,000985,大庆华科,18.09,18.22,18.32,17.59,2107200.0
20251217,000987,越秀资本,7.31,7.39,7.47,7.23,31679600.0
20251217,000988,华工科技,73.0,77.29,77.69,72.7,64051800.0
20251217,000989,九芝堂,8.77,8.83,8.85,8.65,8361400.0
20251217,000990,诚志股份,7.6,7.63,7.66,7.54,15348600.0
20251217,000993,闽东电力,13.0,12.7,13.06,12.34,25053500.0
20251217,000995,皇台酒业,13.25,12.93,13.26,12.82,16701600.0
20251217,000997,新 大 陆,25.62,25.9,26.09,25.21,10734000.0
20251217,000998,隆平高科,9.27,9.3,9.33,9.16,14240600.0
20251217,000999,华润三九,28.09,28.23,28.28,27.96,5272700.0
20251217,001201,东瑞股份,15.16,14.57,15.18,14.43,4788200.0
20251217,001202,炬申股份,14.8,15.06,15.15,14.57,2036300.0
20251217,001203,大中矿业,27.77,28.3,28.3,27.09,39079600.0
20251217,001205,盛航股份,17.05,16.91,17.12,16.67,3040700.0
20251217,001206,依依股份,30.44,29.77,30.6,29.35,3843700.0
20251217,001207,联科科技,23.35,23.79,23.87,23.0,3600300.0
20251217,001208,华菱线缆,19.8,20.8,21.7,19.58,154787700.0
20251217,001209,洪兴股份,20.11,20.09,20.19,19.61,2883500.0
20251217,001210,金房能源,16.0,16.47,16.49,15.91,1432300.0
20251217,001211,双枪科技,24.64,25.15,25.28,24.62,2928000.0
20251217,001212,中旗新材,43.04,43.54,43.8,42.26,4151500.0
20251217,001213,中铁特货,4.05,4.07,4.08,4.02,10887200.0
20251217,001215,千味央厨,38.28,39.29,39.5,37.55,3556500.0
20251217,001216,华瓷股份,16.68,16.92,17.03,16.53,10678000.0
20251217,001217,华尔泰,12.79,12.84,12.92,12.6,4663500.0
20251217,001218,丽臣实业,21.78,22.01,22.13,21.56,1337300.0
20251217,001219,青岛食品,14.25,14.21,14.34,13.91,3677300.0
20251217,001221,悍高集团,57.08,57.88,58.14,56.68,1432600.0
20251217,001222,源飞宠物,23.75,23.76,24.07,22.97,2116500.0
20251217,001223,欧克科技,47.47,48.6,48.99,47.04,1066700.0
20251217,001225,和泰机电,53.38,53.5,54.33,52.43,1019000.0
20251217,001226,拓山重工,45.0,43.81,45.7,43.11,3263900.0
20251217,001227,兰州银行,2.3,2.3,2.31,2.28,46308600.0
20251217,001228,永泰运,25.32,25.51,25.51,25.02,773000.0
20251217,001229,魅视科技,37.0,37.17,37.45,35.95,1837500.0
20251217,001230,劲旅环境,20.95,21.07,21.14,20.57,1297200.0
20251217,001231,农心科技,20.85,20.71,20.89,20.23,1822600.0
20251217,001233,海安集团,58.89,59.02,59.19,57.77,3693300.0
20251217,001234,泰慕士,28.28,28.07,28.45,27.22,3018900.0
20251217,001236,弘业期货,10.34,10.37,10.45,10.06,15400000.0
20251217,001238,浙江正特,47.89,49.77,49.88,47.89,244900.0
20251217,001239,永达股份,15.69,15.68,15.84,15.34,2830000.0
20251217,001255,博菲电气,35.64,37.46,37.46,35.64,9617300.0
20251217,001256,炜冈科技,20.47,20.25,20.51,20.01,1591300.0
20251217,001258,立新能源,7.11,7.14,7.16,7.03,10350100.0
20251217,001259,利仁科技,28.26,28.56,28.79,27.32,1309100.0
20251217,001260,坤泰股份,19.1,19.26,19.36,18.92,1657300.0
20251217,001266,宏英智能,28.2,28.13,28.37,27.23,2835000.0
20251217,001267,汇绿生态,21.7,22.17,22.36,21.1,34489600.0
20251217,001268,联合精密,36.0,34.5,36.0,33.09,5028300.0
20251217,001269,欧晶科技,23.08,23.4,23.42,22.89,1338900.0
20251217,001270,铖昌科技,70.86,70.86,70.86,70.86,702100.0
20251217,001277,速达股份,38.45,38.95,38.97,38.42,1129300.0
20251217,001278,一彬科技,19.4,19.3,19.58,19.0,2948400.0
20251217,001279,强邦新材,34.25,34.21,34.37,33.9,701800.0
20251217,001280,中国铀业,66.02,64.65,66.7,63.99,42072300.0
20251217,001282,三联锻造,19.8,19.86,20.07,19.37,2890900.0
20251217,001283,豪鹏科技,66.98,68.17,68.26,66.6,1571000.0
20251217,001285,瑞立科密,51.99,52.02,52.8,51.08,3250800.0
20251217,001286,陕西能源,9.99,9.94,10.0,9.85,11787300.0
20251217,001287,中电港,21.18,21.42,21.49,20.84,12978500.0
20251217,001288,运机集团,32.15,34.26,34.32,31.93,7675200.0
20251217,001289,龙源电力,15.04,15.1,15.15,14.98,3700600.0
20251217,001296,长江材料,28.05,29.58,29.59,28.05,21174500.0
20251217,001298,好上好,28.68,29.14,29.19,28.58,5924900.0
20251217,001299,美能能源,11.53,11.75,11.76,11.3,4803800.0
20251217,001300,三柏硕,14.8,15.03,15.09,14.36,3125500.0
20251217,001301,尚太科技,80.66,81.4,82.45,79.51,3785400.0
20251217,001306,夏厦精密,78.37,79.08,79.61,77.3,656400.0
20251217,001308,康冠科技,20.29,20.4,20.46,20.07,1919300.0
20251217,001309,德明利,199.58,204.38,204.48,198.0,8025400.0
20251217,001311,多利科技,29.4,29.98,30.14,29.34,5684000.0
20251217,001313,粤海饲料,8.29,8.31,8.35,8.16,8022100.0
20251217,001314,亿道信息,42.74,42.77,42.99,41.91,1809800.0
20251217,001316,润贝航科,34.35,33.77,34.83,32.6,2334900.0
20251217,001317,三羊马,53.22,57.2,57.2,50.0,19277500.0
20251217,001318,阳光乳业,16.72,16.81,17.41,16.25,36947000.0
20251217,001319,铭科精技,24.84,25.04,25.2,24.43,2072100.0
20251217,001322,箭牌家居,8.22,8.26,8.32,8.17,2706400.0
20251217,001323,慕思股份,25.61,25.84,25.89,25.2,944700.0
20251217,001324,长青科技,17.69,17.75,17.87,17.27,1652500.0
20251217,001326,联域股份,41.8,40.25,41.8,39.7,686400.0
20251217,001328,登康口腔,38.48,38.96,39.38,37.65,2377400.0
20251217,001330,博纳影业,9.74,9.83,10.63,9.74,258622300.0
20251217,001331,胜通能源,21.6,21.6,21.6,21.6,362100.0
20251217,001332,锡装股份,50.23,51.4,51.48,49.55,1258800.0
20251217,001333,光华股份,21.32,21.25,21.45,20.92,1567300.0
20251217,001335,信凯科技,46.04,45.65,46.38,44.38,1714200.0
20251217,001336,楚环科技,22.76,23.05,23.18,22.11,2116500.0
20251217,001337,四川黄金,28.17,28.5,28.72,27.67,14131500.0
20251217,001338,永顺泰,12.14,12.14,12.26,12.01,7392800.0
20251217,001339,智微智能,47.27,47.95,48.1,46.69,2447700.0
20251217,001356,富岭股份,13.18,13.44,13.45,13.07,4518100.0
20251217,001358,兴欣新材,24.78,24.93,25.14,24.37,639900.0
20251217,001359,平安电工,63.0,69.22,69.22,63.0,3140100.0
20251217,001360,南矿集团,20.13,20.13,20.77,20.13,15167000.0
20251217,001366,播恩集团,12.8,12.86,13.0,12.5,2894500.0
20251217,001367,海森药业,21.33,21.52,21.52,21.05,1407000.0
20251217,001368,通达创智,24.14,24.01,24.21,23.53,2295000.0
20251217,001373,翔腾新材,28.14,28.31,28.58,27.71,1328500.0
20251217,001376,百通能源,14.26,15.18,15.55,14.05,36977200.0
20251217,001378,德冠新材,22.14,22.03,22.49,21.71,1534500.0
20251217,001379,腾达科技,23.11,22.96,23.18,22.28,5085100.0
20251217,001380,华纬科技,21.51,21.78,21.8,21.38,2202000.0
20251217,001382,新亚电缆,20.65,20.73,20.83,20.26,4816900.0
20251217,001386,马可波罗,24.04,23.87,25.35,23.38,16336100.0
20251217,001387,雪祺电气,14.2,13.9,14.23,13.61,6855600.0
20251217,001388,信通电子,42.59,42.59,42.69,42.02,660600.0
20251217,001389,广合科技,77.01,81.1,81.78,77.01,12855100.0
20251217,001390,古麒绒材,24.75,24.84,24.91,24.41,3263200.0
20251217,001391,国货航,6.19,6.19,6.19,6.12,13709400.0
20251217,001395,亚联机械,43.51,44.68,44.88,43.38,1352100.0
20251217,001400,江顺科技,62.98,67.55,68.4,62.98,1755500.0
20251217,001696,宗申动力,20.43,20.57,20.62,20.05,20312900.0
20251217,001872,招商港口,19.93,19.88,19.95,19.78,1936400.0
20251217,001896,豫能控股,5.39,5.43,5.46,5.3,18450900.0
20251217,001914,招商积余,10.91,10.93,11.06,10.79,5165700.0
20251217,001965,招商公路,9.91,9.91,9.96,9.78,13328700.0
20251217,001979,招商蛇口,8.7,8.76,8.78,8.6,41311700.0
20251217,002001,新 和 成,24.03,24.25,24.37,23.9,13659300.0
20251217,002003,伟星股份,10.66,10.71,10.8,10.55,8133900.0
20251217,002004,华邦健康,4.66,4.7,4.73,4.63,18131000.0
20251217,002005,德豪润达,2.58,2.55,2.6,2.48,14955100.0
20251217,002006,精工科技,20.93,21.02,21.18,20.28,16462300.0
20251217,002007,华兰生物,15.17,15.29,15.31,15.11,7616900.0
20251217,002008,大族激光,36.18,37.73,37.84,36.18,17568900.0
20251217,002009,天奇股份,15.44,15.43,15.55,15.04,10506000.0
20251217,002010,传化智联,5.62,5.69,5.71,5.55,19719400.0
20251217,002011,盾安环境,12.19,12.38,12.44,12.12,7966000.0
20251217,002012,凯恩股份,5.71,5.8,5.87,5.69,13381500.0
20251217,002014,永新股份,11.9,12.01,12.04,11.85,3892900.0
20251217,002015,协鑫能科,9.88,10.01,10.01,9.77,19601300.0
20251217,002016,世荣兆业,5.92,5.92,5.96,5.78,9277100.0
20251217,002017,东信和平,21.32,20.9,21.39,20.16,39865100.0
20251217,002019,亿帆医药,11.83,11.92,12.02,11.74,7551800.0
20251217,002020,京新药业,18.92,19.69,19.76,18.8,13536200.0
20251217,002021,中捷资源,2.43,2.42,2.45,2.36,25731300.0
20251217,002022,科华生物,5.97,5.97,6.0,5.89,5627200.0
20251217,002023,海特高新,12.67,12.4,12.78,12.08,31408700.0
20251217,002025,航天电器,46.5,45.91,47.4,45.52,22452400.0
20251217,002026,山东威达,13.57,13.79,13.82,13.32,13587900.0
20251217,002027,分众传媒,7.08,7.22,7.26,7.04,134558700.0
20251217,002028,思源电气,149.28,150.1,151.4,146.7,7590900.0
20251217,002029,七 匹 狼,11.11,10.98,11.13,10.56,57188900.0
20251217,002030,达安基因,6.04,6.07,6.09,6.0,9438500.0
20251217,002031,巨轮智能,7.38,7.29,7.47,7.15,103783800.0
20251217,002032,苏 泊 尔,47.31,47.65,47.89,47.02,1575500.0
20251217,002033,丽江股份,8.94,9.19,9.23,8.92,18730900.0
20251217,002034,旺能环境,15.74,15.84,15.86,15.64,3004800.0
20251217,002035,华帝股份,6.09,6.12,6.14,6.04,6461800.0
20251217,002036,联创电子,11.29,11.59,11.75,11.15,87754600.0
20251217,002037,保利联合,9.47,9.39,9.59,9.25,9413100.0
20251217,002038,双鹭药业,7.28,7.29,7.33,7.14,17286900.0
20251217,002039,黔源电力,18.51,18.48,18.54,18.3,3054300.0
20251217,002040,南 京 港,9.8,9.83,9.87,9.66,6625400.0
20251217,002041,登海种业,9.34,9.18,9.34,9.05,11580500.0
20251217,002042,华孚时尚,4.05,4.08,4.08,3.99,23286600.0
20251217,002043,兔 宝 宝,13.64,14.31,14.42,13.48,15721900.0
20251217,002044,美年健康,5.01,5.47,5.47,4.99,249112500.0
20251217,002045,国光电器,13.8,13.92,13.97,13.58,10896800.0
20251217,002046,国机精工,35.73,35.33,36.05,34.4,22839800.0
20251217,002047,宝鹰股份,3.85,3.82,3.9,3.74,15343900.0
20251217,002048,宁波华翔,26.5,27.84,28.0,26.5,26696700.0
20251217,002049,紫光国微,73.66,75.06,75.42,73.0,12214200.0
20251217,002050,三花智控,43.13,44.02,44.16,43.07,109405000.0
20251217,002051,中工国际,8.87,8.9,8.93,8.7,13086700.0
20251217,002052,同洲电子,12.05,12.16,12.29,11.92,14105100.0
20251217,002053,云南能投,11.67,11.7,11.71,11.49,10049600.0
20251217,002054,德美化工,7.2,7.26,7.29,7.1,13045600.0
20251217,002056,横店东磁,18.72,19.46,19.57,18.6,25875100.0
20251217,002057,中钢天源,9.66,9.83,9.83,9.6,9200800.0
20251217,002058,紫竹高科,20.44,20.5,20.84,20.05,1192000.0
20251217,002059,云南旅游,5.31,5.46,5.49,5.3,50358300.0
20251217,002060,广东建工,3.57,3.6,3.62,3.55,16545700.0
20251217,002061,浙江交科,3.99,3.97,4.0,3.9,27189300.0
20251217,002062,宏润建设,8.7,8.87,8.91,8.62,29278600.0
20251217,002063,远光软件,5.97,5.99,6.01,5.86,24510700.0
20251217,002064,华峰化学,9.81,9.9,9.99,9.71,32674100.0
20251217,002065,东华软件,9.01,9.15,9.22,8.94,51058900.0
20251217,002066,瑞泰科技,20.8,19.33,21.41,19.0,22880400.0
20251217,002067,景兴纸业,4.98,5.04,5.06,4.95,42202400.0
20251217,002068,黑猫股份,8.71,8.85,8.91,8.67,6694000.0
20251217,002069,獐子岛,3.8,3.76,3.83,3.7,20959200.0
20251217,002072,凯瑞德,7.01,6.87,7.06,6.74,5543700.0
20251217,002073,软控股份,7.91,8.05,8.06,7.81,24386300.0
20251217,002074,国轩高科,37.26,38.27,38.38,37.26,31822700.0
20251217,002075,沙钢股份,5.56,5.62,5.65,5.51,21551000.0
20251217,002076,星光股份,1.96,1.99,2.02,1.93,21051600.0
20251217,002077,大港股份,14.29,14.55,14.55,14.13,14776600.0
20251217,002078,太阳纸业,15.07,15.19,15.29,14.92,25348300.0
20251217,002079,苏州固锝,9.27,9.29,9.32,9.07,10953200.0
20251217,002080,中材科技,33.26,35.1,35.2,32.6,77723500.0
20251217,002081,金 螳 螂,3.2,3.23,3.24,3.17,15115400.0
20251217,002083,孚日股份,11.0,11.34,11.78,10.8,192333300.0
20251217,002084,海鸥住工,3.82,3.86,3.9,3.75,31861900.0
20251217,002085,万丰奥威,14.91,15.0,15.07,14.7,27830200.0
20251217,002086,东方海洋,2.37,2.38,2.38,2.33,40573100.0
20251217,002088,鲁阳节能,10.61,10.74,10.78,10.52,1855800.0
20251217,002090,金智科技,11.68,11.55,11.75,11.24,15207200.0
20251217,002091,江苏国泰,8.61,8.8,8.85,8.55,26616600.0
20251217,002092,中泰化学,4.48,4.56,4.58,4.45,32998800.0
20251217,002093,国脉科技,11.42,11.54,11.57,11.13,41701100.0
20251217,002094,青岛金王,7.15,7.14,7.17,7.03,20635800.0
20251217,002095,生 意 宝,17.27,18.03,18.92,16.94,7314400.0
20251217,002096,易普力,12.86,12.95,12.98,12.78,4238600.0
20251217,002097,山河智能,11.75,11.81,11.82,11.57,22575900.0
20251217,002098,浔兴股份,9.86,9.57,9.9,9.42,16904400.0
20251217,002099,海翔药业,5.74,5.83,5.9,5.73,11865400.0
20251217,002100,天康生物,7.4,7.25,7.4,7.12,36026700.0
20251217,002101,广东鸿图,11.88,11.91,11.99,11.74,5217100.0
20251217,002103,广博股份,8.91,8.96,8.97,8.78,6236200.0
20251217,002104,恒宝股份,20.0,19.91,20.42,19.2,131031300.0
20251217,002105,信隆健康,6.98,6.93,7.06,6.8,29535300.0
20251217,002106,莱宝高科,10.5,10.62,10.69,10.36,7360800.0
20251217,002107,沃华医药,5.89,5.88,5.91,5.74,11111800.0
20251217,002108,沧州明珠,4.78,4.85,4.89,4.63,86923200.0
20251217,002110,三钢闽光,4.2,4.22,4.25,4.09,41250000.0
20251217,002111,威海广泰,9.75,9.59,9.83,9.41,9028500.0
20251217,002112,三变科技,13.13,13.31,13.44,12.81,19913400.0
20251217,002114,罗平锌电,7.9,8.04,8.08,7.62,20310000.0
20251217,002115,三维通信,11.83,12.2,12.41,11.58,173432200.0
20251217,002116,中国海诚,10.18,10.2,10.25,10.03,5158300.0
20251217,002117,东港股份,13.0,13.05,13.09,12.73,15648500.0
20251217,002119,康强电子,15.72,15.85,15.9,15.37,10646300.0
20251217,002120,韵达股份,6.92,6.94,6.95,6.84,21814100.0
20251217,002121,科陆电子,7.55,7.7,7.71,7.44,25123400.0
20251217,002123,梦网科技,12.48,12.8,12.89,12.36,59764800.0
20251217,002124,天邦食品,2.94,2.87,2.97,2.82,81454100.0
20251217,002125,湘潭电化,12.97,13.21,13.24,12.91,14643800.0
20251217,002126,银轮股份,32.9,34.08,34.36,32.89,16317500.0
20251217,002127,南极电商,3.41,3.45,3.46,3.38,33222700.0
20251217,002128,电投能源,26.7,26.93,27.18,26.41,10964300.0
20251217,002129,TCL中环,8.26,8.37,8.39,8.21,62278400.0
20251217,002130,沃尔核材,25.87,26.57,26.59,25.7,51133100.0
20251217,002131,利欧股份,4.95,5.04,5.07,4.94,186814100.0
20251217,002132,恒星科技,3.36,3.4,3.4,3.31,18019900.0
20251217,002133,广宇集团,3.16,3.15,3.18,3.07,42574100.0
20251217,002134,天津普林,22.92,23.26,23.57,22.7,9530900.0
20251217,002135,东南网架,4.45,4.43,4.45,4.33,12951100.0
20251217,002136,安 纳 达,11.35,11.43,11.51,11.12,9861600.0
20251217,002137,实益达,8.5,8.41,8.55,8.21,15696400.0
20251217,002138,顺络电子,33.52,34.46,34.54,33.42,12763600.0
20251217,002139,拓邦股份,13.3,13.5,13.54,13.28,12423900.0
20251217,002140,东华科技,11.17,11.24,11.25,10.92,7280900.0
20251217,002141,贤丰控股,3.69,3.71,3.73,3.64,13824400.0
20251217,002142,宁波银行,27.94,28.02,28.2,27.7,17219400.0
20251217,002144,宏达高科,12.23,12.27,12.37,12.01,3469400.0
20251217,002145,钛能化学,4.71,4.75,4.77,4.63,43282100.0
20251217,002146,荣盛发展,1.51,1.52,1.53,1.47,137552600.0
20251217,002148,北纬科技,8.36,8.33,8.4,8.13,12567600.0
20251217,002149,西部材料,28.3,31.17,32.68,27.7,140288300.0
20251217,002150,正泰电源,19.29,20.0,20.16,19.25,14917200.0
20251217,002151,北斗星通,32.16,32.12,33.0,31.66,24341400.0
20251217,002152,广电运通,12.09,12.19,12.24,11.9,24532300.0
20251217,002153,石基信息,10.15,10.21,10.26,9.96,26694500.0
20251217,002154,报 喜 鸟,3.87,3.88,3.89,3.82,23536100.0
20251217,002155,湖南黄金,20.58,21.02,21.2,20.55,36833800.0
20251217,002156,通富微电,35.36,36.29,36.38,35.02,32443400.0
20251217,002157,正邦科技,3.71,3.59,3.75,3.48,427549000.0
20251217,002158,汉钟精机,22.91,24.36,24.49,22.86,11814400.0
20251217,002159,三特索道,14.82,15.15,15.19,14.8,4129100.0
20251217,002160,常铝股份,4.76,4.88,4.88,4.71,36959800.0
20251217,002161,远 望 谷,6.93,7.01,7.03,6.84,10266600.0
20251217,002162,悦心健康,4.41,4.51,4.65,4.4,53116300.0
20251217,002163,海南发展,15.1,14.01,15.1,13.73,107929600.0
20251217,002164,宁波东力,16.96,17.12,17.2,16.48,25620200.0
20251217,002165,红 宝 丽,7.41,7.39,7.46,7.22,20572200.0
20251217,002167,东方锆业,11.74,11.99,12.01,11.58,19087200.0
20251217,002169,智光电气,8.5,8.68,8.71,8.35,28545000.0
20251217,002170,芭田股份,11.44,11.68,11.71,11.44,21537600.0
20251217,002171,楚江新材,11.72,11.97,12.02,11.45,73605600.0
20251217,002172,澳洋健康,3.89,3.96,4.06,3.88,30750900.0
20251217,002173,创新医疗,19.87,20.58,21.33,19.73,35576100.0
20251217,002174,游族网络,11.28,11.36,11.4,11.08,21659300.0
20251217,002176,江特电机,9.26,9.43,9.44,9.16,77592600.0
20251217,002177,御银股份,6.83,6.92,7.02,6.7,70521600.0
20251217,002178,延华智能,6.2,6.29,6.34,6.15,13033300.0
20251217,002179,中航光电,32.8,32.88,33.1,32.26,23058900.0
20251217,002180,奔图科技,18.69,19.12,19.23,18.64,23857700.0
20251217,002181,粤 传 媒,8.16,8.29,8.31,8.1,22942800.0
20251217,002182,宝武镁业,13.4,13.61,13.68,13.33,12261800.0
20251217,002183,怡 亚 通,4.51,4.56,4.57,4.47,27017500.0
20251217,002184,海得控制,12.45,12.56,12.57,12.2,7736400.0
20251217,002185,华天科技,10.53,10.73,10.77,10.47,41175900.0
20251217,002186,全 聚 德,11.88,12.21,12.21,11.65,18949300.0
20251217,002187,广百股份,8.18,7.96,8.84,7.9,152015300.0
20251217,002188,中天服务,5.63,6.17,6.17,5.54,21259700.0
20251217,002189,中光学,21.95,22.36,22.4,21.85,2812700.0
20251217,002190,成飞集成,36.0,35.82,36.9,35.43,10544000.0
20251217,002191,劲嘉股份,4.06,4.09,4.12,4.01,11688900.0
20251217,002192,融捷股份,49.15,50.8,51.2,47.84,27080000.0
20251217,002194,武汉凡谷,12.2,12.21,12.41,11.85,17872000.0
20251217,002195,岩山科技,6.52,6.65,6.7,6.48,120742200.0
20251217,002196,方正电机,11.7,11.92,12.01,11.6,31985400.0
20251217,002197,证通电子,9.2,9.8,9.87,9.02,18571600.0
20251217,002199,东晶电子,7.91,8.01,8.08,7.71,3136700.0
20251217,002200,交投生态,7.34,7.53,7.59,7.31,2709900.0
20251217,002201,九鼎新材,8.16,8.35,8.36,8.12,21833100.0
20251217,002202,金风科技,16.31,16.52,16.58,16.12,110185700.0
20251217,002203,海亮股份,11.25,11.56,11.6,11.17,12200000.0
20251217,002204,大连重工,7.1,7.13,7.21,6.98,42422100.0
20251217,002205,国统股份,13.17,13.27,13.33,12.97,3594900.0
20251217,002206,海 利 得,5.54,5.6,5.62,5.5,13594400.0
20251217,002208,合肥城建,10.1,10.24,10.29,9.94,41349400.0
20251217,002209,达 意 隆,15.03,15.14,15.22,14.8,4203000.0
20251217,002210,飞马国际,3.65,3.61,3.67,3.6,63176200.0
20251217,002212,天融信,8.59,8.57,8.63,8.38,24033900.0
20251217,002213,大为股份,24.8,25.21,25.25,24.25,17863300.0
20251217,002214,大立科技,17.14,17.15,17.32,16.96,3163500.0
20251217,002215,诺 普 信,10.47,10.59,10.73,10.22,13589100.0
20251217,002216,三全食品,11.31,11.37,11.48,11.17,7107800.0
20251217,002218,拓日新能,4.08,4.21,4.37,3.99,99583500.0
20251217,002219,新里程,2.18,2.2,2.22,2.18,37380100.0
20251217,002221,东华能源,8.02,7.97,8.03,7.87,10799000.0
20251217,002222,福晶科技,60.32,62.79,62.95,60.01,23918800.0
20251217,002223,鱼跃医疗,35.85,36.68,36.78,35.78,9751700.0
20251217,002224,三 力 士,4.36,4.33,4.37,4.26,19002400.0
20251217,002225,濮耐股份,5.55,5.51,5.56,5.33,24669500.0
20251217,002226,江南化工,5.87,5.88,5.92,5.82,13317200.0
20251217,002228,合兴包装,3.96,3.99,4.1,3.85,60937400.0
20251217,002229,鸿博股份,15.38,15.64,15.69,15.26,22788900.0
20251217,002230,科大讯飞,48.74,49.33,49.42,48.51,21704100.0
20251217,002232,启明信息,18.51,18.91,19.18,18.4,16230700.0
20251217,002233,塔牌集团,9.43,9.46,9.51,9.37,14456600.0
20251217,002234,民和股份,8.53,8.45,8.56,8.35,5372800.0
20251217,002235,安妮股份,11.2,10.71,11.54,10.68,147524500.0
20251217,002236,大华股份,18.13,18.53,18.59,18.1,24035500.0
20251217,002237,恒邦股份,12.68,12.95,13.0,12.64,27195100.0
20251217,002238,天威视讯,9.23,9.23,9.41,8.95,13038500.0
20251217,002239,奥特佳,2.87,2.89,2.9,2.85,50193600.0
20251217,002240,盛新锂能,30.99,32.32,32.32,30.33,76521400.0
20251217,002241,歌尔股份,28.31,28.43,28.63,27.87,83386000.0
20251217,002242,九阳股份,10.47,10.6,10.68,10.34,10367900.0
20251217,002243,力合科创,8.94,8.95,8.98,8.74,17763800.0
20251217,002244,滨江集团,10.0,10.04,10.11,9.83,24969300.0
20251217,002245,蔚蓝锂芯,15.49,15.93,15.93,15.49,25114600.0
20251217,002246,北化股份,16.53,16.46,16.66,15.98,19285700.0
20251217,002247,聚力文化,2.74,2.74,2.76,2.68,17928900.0
20251217,002248,华东数控,11.19,10.87,11.28,10.51,23265000.0
20251217,002249,大洋电机,9.91,10.06,10.1,9.85,57517300.0
20251217,002250,联化科技,11.72,12.02,12.05,11.55,32378700.0
20251217,002251,步步高,5.6,5.82,6.08,5.4,497532700.0
20251217,002252,上海莱士,6.35,6.36,6.38,6.28,26496000.0
20251217,002253,川大智胜,9.66,9.89,9.91,9.61,3819700.0
20251217,002254,泰和新材,9.5,9.48,9.53,9.35,7295600.0
20251217,002255,海陆重工,12.12,12.47,12.93,12.03,98732900.0
20251217,002256,兆新股份,3.66,3.77,3.83,3.6,149293900.0
20251217,002258,利尔化学,12.78,12.99,13.03,12.68,7938500.0
20251217,002259,升达林业,3.73,3.73,3.76,3.66,9856500.0
20251217,002261,拓维信息,29.63,30.03,30.15,29.13,31889600.0
20251217,002262,恩华药业,24.72,24.89,25.05,24.62,6597300.0
20251217,002263,大东南,3.22,3.24,3.25,3.17,34395300.0
20251217,002264,新 华 都,8.79,8.68,9.0,8.48,87846700.0
20251217,002265,建设工业,25.18,25.61,25.67,25.14,9015100.0
20251217,002266,浙富控股,4.0,4.06,4.07,3.98,48802500.0
20251217,002267,陕天然气,7.44,7.47,7.51,7.39,6264800.0
20251217,002268,电科网安,18.04,18.06,18.19,17.61,15725100.0
20251217,002269,美邦服饰,1.9,1.9,1.92,1.86,99587100.0
20251217,002270,华明装备,24.99,25.25,25.45,24.41,8428600.0
20251217,002271,东方雨虹,13.2,13.41,13.48,13.03,35918700.0
20251217,002272,川润股份,13.7,14.33,14.51,13.68,32225800.0
20251217,002273,水晶光电,23.8,24.37,24.44,23.6,21259500.0
20251217,002275,桂林三金,14.39,14.46,14.5,14.3,2087200.0
20251217,002276,万马股份,15.8,15.8,15.93,15.36,34921900.0
20251217,002277,友阿股份,7.0,7.29,7.42,6.92,69413200.0
20251217,002278,神开股份,11.39,11.25,11.43,11.02,32722100.0
20251217,002279,久其软件,7.59,7.63,7.68,7.4,44772400.0
20251217,002281,光迅科技,62.92,68.59,68.59,62.35,49529500.0
20251217,002282,博深股份,7.13,7.13,7.19,7.0,5945800.0
20251217,002283,天润工业,5.89,5.95,5.97,5.86,9660600.0
20251217,002284,亚太股份,12.6,12.86,13.03,12.53,18766900.0
20251217,002285,世联行,3.28,3.34,3.53,3.2,237233700.0
20251217,002286,保龄宝,8.92,8.97,9.0,8.79,8152100.0
20251217,002287,奇正藏药,24.15,24.01,24.15,23.7,1467900.0
20251217,002289,宇顺电子,25.54,25.54,25.54,25.54,445300.0
20251217,002290,禾盛新材,40.77,41.66,42.0,40.14,3495300.0
20251217,002291,遥望科技,6.18,6.24,6.24,6.09,33748500.0
20251217,002292,奥飞娱乐,8.73,8.93,8.95,8.46,61394500.0
20251217,002293,罗莱生活,9.54,9.68,9.75,9.5,6148700.0
20251217,002294,信立泰,56.39,56.7,56.9,55.5,4111600.0
20251217,002295,精艺股份,12.23,12.84,13.17,12.02,30097000.0
20251217,002296,辉煌科技,10.26,10.2,10.28,10.0,7556300.0
20251217,002297,博云新材,10.07,9.78,10.15,9.54,39715400.0
20251217,002298,中电鑫龙,10.05,10.16,10.19,9.88,35411300.0
20251217,002299,圣农发展,16.1,15.88,16.15,15.71,13268600.0
20251217,002300,太阳电缆,12.18,11.65,12.49,11.65,169204500.0
20251217,002301,齐心集团,7.27,7.36,7.36,7.07,33299000.0
20251217,002302,西部建设,6.02,6.04,6.06,5.92,8135500.0
20251217,002303,美盈森,3.91,3.9,3.91,3.84,19542100.0
20251217,002304,洋河股份,62.39,62.38,62.58,62.0,3539000.0
20251217,002307,北新路桥,5.42,5.36,5.49,5.26,74188400.0
20251217,002309,中利集团,3.37,3.27,3.41,3.21,108182900.0
20251217,002310,东方新能,2.49,2.43,2.53,2.41,118688100.0
20251217,002311,海大集团,53.85,53.83,54.05,53.03,4132100.0
20251217,002312,川发龙蟒,10.56,10.72,10.75,10.49,28564500.0
20251217,002313,日海智能,9.79,9.85,9.9,9.53,11002300.0
20251217,002314,南山控股,2.85,2.86,2.87,2.79,36017000.0
20251217,002315,焦点科技,41.53,43.05,43.17,41.06,6889900.0
20251217,002316,亚联发展,4.64,4.72,4.73,4.54,12116500.0
20251217,002317,众生药业,19.53,19.76,19.88,19.44,36262400.0
20251217,002318,久立特材,25.78,26.55,26.67,25.54,14826700.0
20251217,002319,乐通股份,10.62,10.31,10.62,10.15,11278200.0
20251217,002320,海峡股份,12.36,11.39,12.36,11.12,76205100.0
20251217,002321,华英农业,2.36,2.37,2.39,2.32,41548500.0
20251217,002322,理工能科,11.64,11.65,11.72,11.35,4288700.0
20251217,002324,普利特,12.13,12.34,12.39,11.97,10262000.0
20251217,002326,永太科技,22.0,23.3,23.42,21.55,76066500.0
20251217,002327,富安娜,6.69,6.66,6.7,6.6,5707600.0
20251217,002328,新朋股份,6.44,6.55,6.56,6.35,14069500.0
20251217,002329,皇氏集团,4.4,4.12,4.45,4.12,178651400.0
20251217,002330,得利斯,5.06,4.86,5.09,4.78,30501300.0
20251217,002331,皖通科技,8.6,8.5,8.71,8.3,13731500.0
20251217,002332,仙琚制药,9.01,9.09,9.14,8.97,9123600.0
20251217,002333,罗普斯金,5.47,5.51,5.55,5.34,13687100.0
20251217,002334,英威腾,8.39,8.46,8.49,8.23,16181700.0
20251217,002335,科华数据,53.67,55.8,55.96,53.52,26089400.0
20251217,002337,赛象科技,6.09,5.94,6.09,5.76,23590000.0
20251217,002338,奥普光电,51.92,52.0,52.23,50.54,4425900.0
20251217,002339,积成电子,8.9,8.8,9.0,8.63,36626300.0
20251217,002340,格林美,7.25,7.4,7.42,7.21,105462800.0
20251217,002342,巨力索具,7.0,6.94,7.01,6.75,29308100.0
20251217,002343,慈文传媒,7.15,7.17,7.21,7.0,25416100.0
20251217,002344,海宁皮城,4.73,4.74,4.85,4.67,35569300.0
20251217,002345,潮宏基,12.5,12.68,12.9,12.38,16844400.0
20251217,002346,柘中股份,17.79,17.71,17.85,17.19,6019700.0
20251217,002347,泰尔股份,7.81,7.85,8.07,7.69,51130900.0
20251217,002348,高乐股份,6.45,6.21,6.47,6.0,73206800.0
20251217,002349,精华制药,7.26,7.29,7.31,7.2,11525500.0
20251217,002350,北京科锐,8.53,8.42,8.58,8.18,16112800.0
20251217,002351,漫步者,12.1,12.23,12.28,11.93,8140100.0
20251217,002352,顺丰控股,37.51,37.93,38.08,37.46,27945600.0
20251217,002353,杰瑞股份,71.07,71.8,72.18,69.93,24282600.0
20251217,002354,天娱数科,6.12,6.15,6.15,6.01,36138500.0
20251217,002355,兴民智通,5.76,5.68,5.92,5.56,36519300.0
20251217,002356,鹏飞绿能,4.11,4.05,4.14,3.98,76409000.0
20251217,002357,富临运业,10.43,10.18,10.48,9.92,9594200.0
20251217,002358,森源电气,5.6,5.51,5.65,5.35,37514400.0
20251217,002361,神剑股份,6.92,6.75,7.06,6.64,59801800.0
20251217,002362,汉王科技,20.96,20.61,20.96,20.15,5725800.0
20251217,002363,隆基机械,8.1,8.04,8.17,7.86,12370900.0
20251217,002364,中恒电气,23.65,24.4,24.68,23.41,22658600.0
20251217,002365,永安药业,14.86,14.95,14.97,14.61,6369800.0
20251217,002366,融发核电,7.13,7.25,7.3,7.1,57146300.0
20251217,002367,康力电梯,7.15,7.2,7.26,7.07,7033100.0
20251217,002368,太极股份,23.01,23.23,23.3,22.68,5720600.0
20251217,002369,卓翼科技,8.7,8.62,8.74,8.42,32082400.0
20251217,002370,亚太药业,6.99,7.04,7.08,6.89,28613900.0
20251217,002371,北方华创,441.71,444.74,448.63,436.88,6097000.0
20251217,002372,伟星新材,10.66,10.73,10.76,10.59,16318900.0
20251217,002373,千方科技,10.53,10.75,10.83,10.44,36762000.0
20251217,002374,中锐股份,3.84,3.68,3.91,3.51,161366500.0
20251217,002375,亚厦股份,3.68,3.7,3.72,3.65,12534100.0
20251217,002376,新北洋,7.25,7.3,7.36,7.12,12520600.0
20251217,002377,国创高新,2.82,2.83,2.85,2.77,12990500.0
20251217,002378,章源钨业,13.74,14.27,14.64,13.52,108434600.0
20251217,002379,宏桥控股,22.49,22.49,22.97,22.0,15375500.0
20251217,002380,科远智慧,26.1,26.44,26.48,25.7,3409500.0
20251217,002381,双箭股份,6.4,6.39,6.42,6.3,5624800.0
20251217,002382,蓝帆医疗,5.5,5.55,5.58,5.46,13747200.0
20251217,002383,合众思壮,10.32,10.5,10.82,10.2,90866500.0
20251217,002384,东山精密,77.56,81.41,82.2,77.43,46552500.0
20251217,002385,大北农,4.02,3.99,4.03,3.97,60711100.0
20251217,002386,天原股份,5.21,5.3,5.31,5.17,19241900.0
20251217,002387,维信诺,8.48,8.51,8.52,8.31,14277400.0
20251217,002388,新亚制程,5.42,5.59,5.62,5.36,17107900.0
20251217,002389,航天彩虹,24.15,23.54,24.16,23.11,57411500.0
20251217,002390,信邦制药,3.2,3.26,3.27,3.18,45764400.0
20251217,002391,长青股份,5.65,5.72,5.72,5.57,7713300.0
20251217,002392,北京利尔,7.3,7.38,7.41,7.18,12258800.0
20251217,002393,力生制药,19.92,19.96,19.98,19.68,1902100.0
20251217,002394,联发股份,13.19,13.39,13.45,12.83,11143600.0
20251217,002395,双象股份,15.97,16.13,16.17,15.76,2225900.0
20251217,002396,星网锐捷,28.28,29.03,29.2,27.96,19566000.0
20251217,002397,梦洁股份,4.09,4.22,4.3,4.07,30977600.0
20251217,002398,垒知集团,5.59,5.45,5.63,5.36,39716000.0
20251217,002399,海普瑞,11.7,11.64,11.71,11.53,2690100.0
20251217,002400,省广集团,7.98,8.25,8.25,7.97,108904400.0
20251217,002401,中远海科,15.4,15.29,15.4,15.04,4735600.0
20251217,002402,和而泰,38.02,38.67,38.84,37.81,49883700.0
20251217,002403,爱仕达,12.12,12.19,12.26,11.91,3618600.0
20251217,002404,嘉欣丝绸,6.88,6.98,7.14,6.78,18325500.0
20251217,002405,四维图新,8.49,8.64,8.77,8.42,85466100.0
20251217,002406,远东传动,7.25,7.26,7.29,7.09,12484900.0
20251217,002407,多氟多,28.71,30.01,30.37,28.45,152294700.0
20251217,002408,齐翔腾达,4.63,4.67,4.7,4.6,11500500.0
20251217,002409,雅克科技,71.0,72.21,72.68,69.85,9851600.0
20251217,002410,广联达,12.2,12.32,12.35,11.99,24683400.0
20251217,002412,汉森制药,6.47,6.46,6.5,6.38,5774800.0
20251217,002413,雷科防务,9.26,9.15,9.59,8.8,351998600.0
20251217,002414,高德红外,12.85,12.86,12.99,12.52,55593600.0
20251217,002415,海康威视,28.69,29.07,29.19,28.65,26961200.0
20251217,002416,爱施德,11.79,11.89,12.03,11.73,17594200.0
20251217,002418,康盛股份,4.42,4.65,4.74,4.38,118072500.0
20251217,002419,天虹股份,5.74,5.71,5.85,5.56,60122000.0
20251217,002420,毅昌科技,7.32,7.26,7.38,7.05,14326200.0
20251217,002421,达实智能,2.73,2.74,2.75,2.68,32821100.0
20251217,002422,科伦药业,30.76,31.15,31.28,30.52,8868700.0
20251217,002423,中粮资本,11.5,11.57,11.63,11.2,19422700.0
20251217,002425,凯撒文化,3.66,3.74,3.76,3.59,34019700.0
20251217,002426,胜利精密,3.26,3.28,3.31,3.2,113052500.0
20251217,002427,尤夫股份,6.06,6.13,6.14,6.0,10697400.0
20251217,002428,云南锗业,26.76,27.42,27.56,26.58,36199200.0
20251217,002429,兆驰股份,6.68,6.86,6.89,6.64,68861400.0
20251217,002430,杭氧股份,29.03,28.97,29.3,28.46,15925600.0
20251217,002432,九安医疗,41.4,41.18,41.58,40.65,10341800.0
20251217,002434,万里扬,8.82,8.92,8.92,8.65,14265800.0
20251217,002436,兴森科技,19.16,19.62,19.64,18.97,64976000.0
20251217,002437,誉衡药业,3.04,3.08,3.08,3.02,23742700.0
20251217,002438,江苏神通,15.28,15.26,15.48,14.99,21401000.0
20251217,002439,启明星辰,13.61,13.77,13.77,13.44,13989800.0
20251217,002440,闰土股份,7.68,7.58,7.69,7.46,16604300.0
20251217,002441,众业达,8.86,8.82,8.9,8.65,8121200.0
20251217,002442,龙星科技,6.12,6.07,6.15,5.94,8847200.0
20251217,002443,金洲管道,8.04,8.13,8.25,8.04,12976800.0
20251217,002444,巨星科技,35.7,36.53,36.56,35.68,9572600.0
20251217,002445,中南文化,2.59,2.54,2.6,2.47,128325800.0
20251217,002446,盛路通信,9.14,9.2,9.6,9.05,91012500.0
20251217,002448,中原内配,11.91,12.15,12.43,11.91,25104400.0
20251217,002449,国星光电,8.24,8.28,8.3,8.12,9483400.0
20251217,002451,摩恩电气,10.35,10.07,10.65,9.8,62919000.0
20251217,002452,长高电气,7.98,7.98,8.0,7.79,19288800.0
20251217,002453,华软科技,6.29,6.23,6.31,6.05,25212900.0
20251217,002454,松芝股份,8.38,8.41,8.49,8.24,5240900.0
20251217,002455,百川股份,6.6,6.67,6.67,6.51,13400600.0
20251217,002456,欧菲光,10.45,10.47,10.55,10.27,71534600.0
20251217,002457,青龙管业,10.45,10.56,10.56,10.44,3880300.0
20251217,002458,益生股份,8.39,8.38,8.42,8.2,8019500.0
20251217,002459,晶澳科技,10.9,11.16,11.17,10.9,35856100.0
20251217,002460,赣锋锂业,61.5,62.99,63.15,60.91,75524200.0
20251217,002461,珠江啤酒,9.5,9.57,9.6,9.42,6752100.0
20251217,002462,嘉事堂,15.44,15.78,16.08,15.4,15110500.0
20251217,002463,沪电股份,68.45,72.0,72.0,68.22,69237600.0
20251217,002465,海格通信,13.0,12.82,13.16,12.58,92878500.0
20251217,002466,天齐锂业,51.99,53.14,53.36,51.23,82846100.0
20251217,002467,二六三,5.84,5.86,5.86,5.71,30516800.0
20251217,002468,申通快递,14.07,14.37,14.45,13.97,11549400.0
20251217,002469,三维化学,8.16,8.18,8.22,8.08,7860000.0
20251217,002470,金正大,1.73,1.75,1.76,1.71,58770300.0
20251217,002471,中超控股,5.86,5.55,5.9,5.55,374154900.0
20251217,002472,双环传动,39.96,40.41,40.66,39.43,13270400.0
20251217,002474,榕基软件,9.51,9.53,9.66,9.21,84359900.0
20251217,002475,立讯精密,57.15,58.66,58.79,57.08,76178600.0
20251217,002476,新叶股份,5.75,5.82,5.85,5.68,14129800.0
20251217,002478,常宝股份,8.31,8.21,8.35,8.0,46539200.0
20251217,002479,富春环保,4.76,4.76,4.78,4.7,6717000.0
20251217,002480,新筑股份,5.85,5.81,5.88,5.72,8633200.0
20251217,002481,双塔食品,5.28,5.3,5.31,5.18,17741400.0
20251217,002482,广田集团,1.69,1.71,1.71,1.67,66643100.0
20251217,002483,润邦股份,7.0,6.98,7.02,6.84,12953700.0
20251217,002484,江海股份,26.28,27.82,28.1,26.16,25049800.0
20251217,002486,嘉麟杰,2.92,2.92,2.95,2.86,24275000.0
20251217,002487,大金重工,54.01,55.6,55.72,54.01,12531100.0
20251217,002488,金固股份,8.01,7.85,8.11,7.69,65292100.0
20251217,002489,浙江永强,3.7,3.74,3.75,3.66,25362000.0
20251217,002490,山东墨龙,6.21,6.27,6.31,6.12,22836300.0
20251217,002491,通鼎互联,5.64,6.22,6.22,5.61,90772400.0
20251217,002492,恒基达鑫,7.93,7.86,8.02,7.65,8479700.0
20251217,002493,荣盛石化,9.23,9.46,9.48,9.21,27146200.0
20251217,002494,华斯股份,5.01,5.04,5.06,4.9,9921200.0
20251217,002495,佳隆股份,2.69,2.66,2.73,2.61,38399700.0
20251217,002496,辉丰股份,1.62,1.64,1.64,1.61,10796000.0
20251217,002497,雅化集团,22.61,23.0,23.38,21.86,65776700.0
20251217,002498,汉缆股份,3.9,3.86,3.91,3.75,55415400.0
20251217,002500,山西证券,6.02,6.08,6.13,5.95,29683900.0
20251217,002506,协鑫集成,2.59,2.61,2.62,2.55,172531900.0
20251217,002507,涪陵榨菜,13.05,13.16,13.21,12.99,15224200.0
20251217,002508,老板电器,19.86,19.81,19.95,19.63,5430800.0
20251217,002510,天汽模,7.14,6.96,7.15,6.9,44905700.0
20251217,002511,中顺洁柔,7.98,8.09,8.12,7.94,8833100.0
20251217,002513,蓝丰生化,6.67,6.68,6.69,6.51,13840400.0
20251217,002515,金字火腿,6.22,6.26,6.32,6.13,36011800.0
20251217,002516,旷达科技,6.35,6.38,6.4,6.25,17630100.0
20251217,002517,恺英网络,21.35,22.1,22.27,21.32,49394800.0
20251217,002518,科士达,44.86,48.48,48.94,44.65,12841100.0
20251217,002519,银河电子,6.44,5.99,6.45,5.99,198114200.0
20251217,002520,日发精机,6.01,5.89,6.05,5.74,37987200.0
20251217,002521,齐峰新材,8.39,8.42,8.55,8.33,3443600.0
20251217,002522,浙江众成,4.82,4.88,4.9,4.73,17417000.0
20251217,002523,天桥起重,3.87,3.81,3.89,3.72,39225000.0
20251217,002524,光正眼科,4.09,4.07,4.12,3.99,13386500.0
20251217,002526,山东矿机,3.43,3.46,3.46,3.4,23464300.0
20251217,002527,新时达,14.6,14.95,14.97,14.54,9064700.0
20251217,002529,海源复材,6.57,6.7,6.73,6.52,3619800.0
20251217,002530,金财互联,9.65,9.8,9.81,9.42,29316100.0
20251217,002531,天顺风能,6.58,6.65,6.66,6.53,12695800.0
20251217,002532,天山铝业,13.22,13.64,13.73,13.22,42049800.0
20251217,002533,金杯电工,12.34,12.37,12.41,11.96,17255000.0
20251217,002534,西子洁能,16.17,16.99,17.07,16.01,16631400.0
20251217,002535,林州重机,3.69,3.69,3.71,3.6,13344200.0
20251217,002536,飞龙股份,27.58,27.59,27.59,27.58,21184900.0
20251217,002537,海联金汇,8.3,8.21,8.36,7.91,80859200.0
20251217,002539,云图控股,10.8,11.08,11.11,10.8,20136100.0
20251217,002540,亚太科技,6.79,6.69,6.82,6.5,26376000.0
20251217,002541,鸿路钢构,16.15,16.12,16.3,15.88,4286500.0
20251217,002543,万和电气,9.84,9.85,9.9,9.71,5513000.0
20251217,002544,普天科技,31.03,31.21,31.83,29.47,52100200.0
20251217,002545,东方铁塔,17.08,18.43,18.43,17.04,18693600.0
20251217,002546,新联电子,6.69,6.74,6.76,6.53,27882700.0
20251217,002548,金新农,5.38,5.42,5.43,5.17,36756300.0
20251217,002549,凯美特气,20.1,20.21,20.38,19.8,40147400.0
20251217,002550,千红制药,7.86,7.85,7.89,7.73,11736400.0
20251217,002551,尚荣医疗,3.59,3.58,3.61,3.52,9542000.0
20251217,002552,宝鼎科技,16.05,16.38,16.49,15.65,7094900.0
20251217,002553,南方精工,25.17,25.5,25.58,24.88,8381100.0
20251217,002554,惠博普,2.99,3.0,3.02,2.92,30144700.0
20251217,002555,三七互娱,20.89,21.9,22.14,20.89,103210100.0
20251217,002556,辉隆股份,5.74,5.74,5.76,5.6,12695900.0
20251217,002557,洽洽食品,21.74,21.97,22.48,21.59,7099600.0
20251217,002558,巨人网络,40.2,42.67,43.13,40.06,38024000.0
20251217,002559,亚威股份,9.61,9.66,9.67,9.42,14685100.0
20251217,002560,通达股份,9.35,9.26,9.52,9.02,34961300.0
20251217,002561,徐家汇,8.93,9.07,9.19,8.77,27066200.0
20251217,002562,兄弟科技,6.23,6.27,6.29,6.13,17327100.0
20251217,002563,森马服饰,5.55,5.55,5.59,5.46,32234400.0
20251217,002564,天沃科技,7.21,7.33,7.39,7.17,12490600.0
20251217,002565,顺灏股份,16.08,15.17,16.7,15.17,301654200.0
20251217,002566,益盛药业,7.52,7.55,7.56,7.39,8479400.0
20251217,002567,唐人神,4.48,4.42,4.52,4.39,29617200.0
20251217,002568,百润股份,21.8,21.53,21.83,21.2,7568400.0
20251217,002570,贝因美,6.2,6.17,6.36,6.07,80541400.0
20251217,002571,德力股份,9.22,9.32,9.38,8.94,10199100.0
20251217,002572,索菲亚,13.98,13.93,14.0,13.71,8928300.0
20251217,002573,清新环境,3.72,3.73,3.75,3.68,8656000.0
20251217,002574,明牌珠宝,5.39,5.41,5.43,5.24,12359500.0
20251217,002575,群兴玩具,6.49,6.26,6.89,6.15,45290500.0
20251217,002576,通达动力,16.26,16.28,16.45,15.86,4264200.0
20251217,002577,雷柏科技,17.71,17.73,17.81,17.31,2097300.0
20251217,002578,闽发铝业,4.2,4.27,4.3,4.1,70913800.0
20251217,002579,中京电子,11.73,11.83,11.9,11.31,33040500.0
20251217,002580,圣阳股份,12.18,12.24,12.28,11.93,8189800.0
20251217,002582,好想你,10.16,10.23,10.55,10.02,34540700.0
20251217,002583,海能达,10.8,10.85,10.88,10.64,21749700.0
20251217,002584,西陇科学,9.48,9.48,9.53,9.27,55558300.0
20251217,002585,双星新材,6.25,6.4,6.42,6.14,57870800.0
20251217,002586,围海股份,4.06,4.05,4.06,4.02,4687000.0
20251217,002587,奥拓电子,6.48,6.33,6.54,6.17,21249900.0
20251217,002588,史丹利,9.45,9.6,9.63,9.31,7701600.0
20251217,002589,瑞康医药,3.39,3.38,3.47,3.32,132815400.0
20251217,002590,万安科技,13.6,13.94,14.03,13.45,25548300.0
20251217,002591,恒大高新,6.29,6.23,6.37,6.05,17654300.0
20251217,002593,日上集团,5.81,5.72,5.86,5.58,32357100.0
20251217,002594,比亚迪,94.5,95.21,95.7,93.68,27282500.0
20251217,002595,豪迈科技,82.99,83.42,84.29,81.8,5081000.0
20251217,002596,海南瑞泽,5.75,5.22,5.75,5.22,129384000.0
20251217,002597,金禾实业,20.18,20.15,20.23,19.95,3659300.0
20251217,002599,盛通股份,7.65,7.69,7.69,7.48,9242200.0
20251217,002600,领益智造,15.16,15.72,15.79,15.12,229329600.0
20251217,002601,龙佰集团,17.66,18.01,18.15,17.59,14036900.0
20251217,002602,世纪华通,16.24,16.73,16.88,16.04,133235200.0
20251217,002603,以岭药业,17.08,17.42,17.48,17.06,15767400.0
20251217,002605,姚记科技,22.59,22.82,22.93,22.4,3404400.0
20251217,002606,大连电瓷,8.8,8.69,8.82,8.47,11451700.0
20251217,002607,中公教育,2.74,2.75,2.76,2.67,386581500.0
20251217,002608,江苏国信,7.68,7.75,7.78,7.63,12577500.0
20251217,002609,捷顺科技,8.96,8.97,9.01,8.77,7397800.0
20251217,002611,东方精工,17.25,17.55,17.66,17.21,34389500.0
20251217,002612,朗姿股份,18.86,19.23,19.39,18.68,8433900.0
20251217,002613,北玻股份,3.65,3.66,3.66,3.59,8167300.0
20251217,002614,奥佳华,7.09,7.0,7.15,6.85,24254500.0
20251217,002615,哈尔斯,7.59,7.62,7.64,7.45,6906300.0
20251217,002616,长青集团,5.48,5.45,5.5,5.32,12783400.0
20251217,002617,露笑科技,7.72,7.77,7.78,7.59,42011600.0
20251217,002622,皓宸医疗,3.05,3.05,3.08,2.98,20772400.0
20251217,002623,亚玛顿,17.78,17.83,17.83,17.28,2056100.0
20251217,002624,完美世界,14.77,15.59,15.62,14.73,63914700.0
20251217,002625,光启技术,51.58,52.57,52.68,50.92,31067200.0
20251217,002626,金达威,18.32,18.53,18.62,18.19,5149600.0
20251217,002627,三峡旅游,7.19,7.77,8.0,7.19,61683600.0
20251217,002628,成都路桥,4.05,4.04,4.06,3.95,12287500.0
20251217,002629,仁智股份,7.03,7.22,7.23,6.82,11712700.0
20251217,002631,德尔未来,5.21,5.09,5.22,4.96,21995300.0
20251217,002632,道明光学,12.27,12.45,12.53,12.12,40338900.0
20251217,002633,申科股份,16.63,16.8,16.86,16.12,3599100.0
20251217,002635,安洁科技,13.25,13.38,13.4,13.09,5809100.0
20251217,002636,金安国纪,15.38,15.94,16.04,15.2,18962800.0
20251217,002637,赞宇科技,10.24,10.27,10.3,9.98,4768400.0
20251217,002638,勤上股份,3.0,3.0,3.03,2.93,28276500.0
20251217,002639,雪人集团,19.3,19.62,20.37,18.71,303682000.0
20251217,002640,跨境通,4.34,4.34,4.36,4.21,72001500.0
20251217,002641,公元股份,4.17,4.21,4.22,4.12,14433800.0
20251217,002642,荣联科技,7.92,8.02,8.03,7.77,17674300.0
20251217,002643,万润股份,14.34,14.37,14.41,14.01,20750100.0
20251217,002644,佛慈制药,8.37,8.46,8.47,8.3,3076300.0
20251217,002645,华宏科技,14.11,14.39,14.45,13.96,10983000.0
20251217,002646,天佑德酒,8.85,8.88,8.92,8.76,5386100.0
20251217,002647,仁东控股,7.08,6.99,7.14,6.84,14958800.0
20251217,002648,卫星化学,16.27,16.65,16.66,16.27,40451900.0
20251217,002649,博彦科技,12.69,12.8,12.83,12.48,8643200.0
20251217,002651,利君股份,11.54,11.21,11.76,10.9,34608300.0
20251217,002652,扬子新材,3.47,3.45,3.5,3.37,17090200.0
20251217,002653,海思科,52.61,52.4,52.66,51.4,2485600.0
20251217,002654,万润科技,12.75,12.95,13.02,12.62,20591200.0
20251217,002655,共达电声,12.0,11.92,12.08,11.64,12705300.0
20251217,002656,摩登大道,2.68,2.64,2.71,2.61,18060700.0
20251217,002657,中科金财,26.54,26.74,27.05,25.7,22552200.0
20251217,002658,雪迪龙,8.5,8.5,8.57,8.3,14460700.0
20251217,002659,凯文教育,5.4,5.38,5.45,5.24,19079300.0
20251217,002660,茂硕电源,9.1,9.05,9.17,8.81,10669900.0
20251217,002661,克明食品,9.21,9.24,9.3,9.13,2943900.0
20251217,002662,峰璟股份,3.77,3.77,3.82,3.7,22447200.0
20251217,002663,普邦股份,1.96,1.95,1.96,1.9,30958400.0
20251217,002664,信质集团,21.95,21.59,21.98,21.04,9289400.0
20251217,002666,德联集团,4.89,4.9,4.93,4.8,8682000.0
20251217,002668,TCL智家,10.64,10.71,10.73,10.51,8157600.0
20251217,002669,康达新材,13.9,13.68,14.02,13.26,13204400.0
20251217,002670,国盛证券,16.5,16.68,16.87,16.35,26711500.0
20251217,002671,龙泉股份,5.04,5.0,5.06,4.89,20542600.0
20251217,002672,东江环保,4.75,4.76,4.77,4.65,5571500.0
20251217,002673,西部证券,7.89,7.96,8.02,7.78,37664800.0
20251217,002674,兴业科技,12.81,12.92,13.24,12.7,7142100.0
20251217,002675,东诚药业,13.3,13.3,13.41,13.05,8564700.0
20251217,002676,顺威股份,8.4,8.38,8.46,8.18,21521100.0
20251217,002677,浙江美大,7.29,7.3,7.35,7.16,5502800.0
20251217,002678,珠江钢琴,4.69,4.71,4.73,4.62,7489400.0
20251217,002679,福建金森,12.42,11.91,12.42,11.72,12757700.0
20251217,002681,奋达科技,6.52,6.57,6.57,6.38,41971600.0
20251217,002682,龙洲股份,9.67,9.67,9.67,9.67,12367100.0
20251217,002683,广东宏大,40.13,41.04,41.38,39.85,11352600.0
20251217,002685,华东重机,7.98,7.94,7.99,7.83,22551700.0
20251217,002686,亿利达,6.33,6.35,6.39,6.16,20067600.0
20251217,002687,乔治白,4.62,4.64,4.67,4.56,8248600.0
20251217,002688,金河生物,5.84,5.85,5.86,5.76,8495500.0
20251217,002690,美亚光电,20.2,20.34,20.46,19.91,3864100.0
20251217,002692,远程股份,5.24,5.07,5.24,4.98,19834300.0
20251217,002693,双成药业,6.5,6.6,6.61,6.36,6281700.0
20251217,002695,煌上煌,11.81,11.9,11.95,11.61,5028700.0
20251217,002696,百洋股份,6.65,6.69,6.72,6.55,10046700.0
20251217,002697,红旗连锁,7.3,7.03,7.54,6.8,402324300.0
20251217,002698,博实股份,16.18,16.16,16.25,15.9,8483900.0
20251217,002700,万憬能源,6.62,6.63,6.64,6.48,4921600.0
20251217,002701,奥瑞金,6.04,5.99,6.09,5.94,47010300.0
20251217,002702,海欣食品,8.4,8.16,8.87,7.77,114977900.0
20251217,002703,浙江世宝,13.98,14.47,14.47,13.6,150420100.0
20251217,002705,新宝股份,14.21,14.29,14.35,14.11,5039200.0
20251217,002706,良信股份,9.51,9.61,9.64,9.34,17972500.0
20251217,002707,众信旅游,6.84,6.96,6.99,6.81,19976800.0
20251217,002708,光洋股份,12.13,12.32,12.34,12.05,7880300.0
20251217,002709,天赐材料,37.77,39.98,40.37,37.65,116397100.0
20251217,002712,思美传媒,5.22,5.23,5.28,5.09,19468600.0
20251217,002713,东易日盛,9.51,9.75,9.87,9.2,40312000.0
20251217,002714,牧原股份,49.75,49.59,49.88,48.3,27264300.0
20251217,002715,登云股份,17.35,17.33,17.44,16.9,3642600.0
20251217,002716,湖南白银,6.1,6.31,6.35,6.1,156861500.0
20251217,002718,友邦吊顶,29.16,29.8,30.04,28.83,1956000.0
20251217,002721,金一文化,3.03,3.0,3.04,2.97,52444700.0
20251217,002722,物产金轮,14.68,14.76,14.78,14.47,2390700.0
20251217,002723,小崧股份,9.44,9.61,9.75,9.31,19325400.0
20251217,002724,海洋王,6.7,6.64,6.71,6.5,6688200.0
20251217,002725,跃岭股份,16.38,16.82,16.95,16.07,40712100.0
20251217,002727,一心堂,12.44,12.66,12.7,12.43,7291700.0
20251217,002728,特一药业,11.12,11.29,11.33,11.09,24921400.0
20251217,002729,好利科技,15.68,15.59,15.87,15.27,7881200.0
20251217,002730,电光科技,14.83,14.7,15.1,14.37,5988200.0
20251217,002732,燕塘乳业,17.45,17.3,17.49,16.95,5189200.0
20251217,002733,雄韬股份,19.26,19.85,19.88,19.13,8435800.0
20251217,002734,利民股份,15.42,15.58,15.68,15.31,12526200.0
20251217,002735,王子新材,15.05,16.64,16.64,15.03,53841700.0
20251217,002736,国信证券,12.72,13.0,13.11,12.63,40737200.0
20251217,002737,葵花药业,15.1,15.16,15.26,15.03,3093100.0
20251217,002738,中矿资源,65.0,67.44,67.88,63.8,37737100.0
20251217,002739,儒意电影,10.96,11.31,11.33,10.95,40503600.0
20251217,002741,光华科技,19.83,20.45,20.5,19.69,14528500.0
20251217,002742,冀衡医药,4.65,4.61,4.65,4.54,3895200.0
20251217,002743,富煌钢构,5.21,5.18,5.22,5.09,8082300.0
20251217,002745,木林森,9.09,9.11,9.21,8.93,22078200.0
20251217,002746,仙坛股份,6.0,5.98,6.02,5.94,10633600.0
20251217,002747,埃斯顿,20.91,21.18,21.23,20.69,10176300.0
20251217,002748,世龙实业,11.41,11.6,11.99,11.13,18806300.0
20251217,002749,国光股份,13.53,13.71,13.8,13.48,2029400.0
20251217,002752,昇兴股份,7.04,6.65,7.19,6.62,116263100.0
20251217,002753,永东股份,6.97,6.97,7.06,6.86,7733800.0
20251217,002755,奥赛康,16.3,16.53,16.53,16.14,5166200.0
20251217,002756,永兴材料,47.36,48.17,48.99,46.8,25128300.0
20251217,002757,南兴股份,15.55,15.72,15.75,15.38,3558600.0
20251217,002758,浙农股份,9.61,9.59,9.7,9.41,8447400.0
20251217,002760,凤形股份,21.55,21.78,21.95,21.08,3041200.0
20251217,002761,浙江建投,8.35,8.41,8.42,8.26,7863900.0
20251217,002762,金发拉比,6.93,6.82,7.02,6.7,2620500.0
20251217,002763,汇洁股份,6.93,6.94,7.04,6.82,3909700.0
20251217,002765,蓝黛科技,11.48,11.48,11.57,11.17,13432300.0
20251217,002766,索菱股份,5.5,5.46,5.81,5.35,136663100.0
20251217,002767,先锋电子,21.2,22.18,22.18,21.03,18317100.0
20251217,002768,国恩股份,52.2,53.51,53.59,52.01,1442100.0
20251217,002771,真视通,14.54,14.66,14.68,14.3,4912200.0
20251217,002772,众兴菌业,12.24,12.99,13.09,12.11,19701800.0
20251217,002773,康弘药业,30.0,30.31,30.49,29.7,3750000.0
20251217,002774,快意电梯,8.92,9.15,9.22,8.83,4586800.0
20251217,002775,文科股份,4.03,4.01,4.07,3.95,10461000.0
20251217,002777,久远银海,17.11,17.39,17.59,17.1,5524100.0
20251217,002778,中晟高科,20.16,20.51,20.51,19.93,2366400.0
20251217,002779,中坚科技,116.8,117.79,119.97,115.56,4960700.0
20251217,002780,三夫户外,14.13,14.2,14.25,13.85,7477200.0
20251217,002782,可立克,17.35,17.62,17.65,17.02,8728800.0
20251217,002783,凯龙股份,8.86,8.88,8.94,8.7,8577100.0
20251217,002785,万里石,35.57,35.16,35.6,34.47,4124000.0
20251217,002786,银宝山新,8.45,8.48,8.48,8.25,7947300.0
20251217,002787,华源控股,11.61,11.66,11.76,11.32,9687500.0
20251217,002788,鹭燕医药,11.88,12.64,12.64,11.51,70082300.0
20251217,002790,瑞尔特,8.53,8.35,8.53,8.14,11604600.0
20251217,002791,坚朗五金,21.8,21.88,21.88,21.35,5581600.0
20251217,002792,通宇通讯,35.21,31.69,35.6,31.69,147593500.0
20251217,002793,罗欣药业,4.87,4.91,4.93,4.8,11155400.0
20251217,002795,永和智控,6.18,6.2,6.28,5.95,22409100.0
20251217,002796,世嘉科技,21.12,22.89,22.89,21.12,30075900.0
20251217,002797,第一创业,6.85,6.93,6.96,6.77,52273100.0
20251217,002798,帝欧水华,5.64,5.65,5.69,5.49,6271400.0
20251217,002799,环球印务,8.59,8.51,8.61,8.34,9926800.0
20251217,002800,天顺股份,13.43,13.47,13.49,13.03,3305100.0
20251217,002801,微光股份,31.92,32.3,32.4,31.48,1661300.0
20251217,002802,洪汇新材,12.0,12.03,12.15,11.76,2162500.0
20251217,002803,吉宏股份,15.6,15.67,15.74,15.35,6896300.0
20251217,002805,丰元股份,16.38,16.85,16.89,16.21,16273700.0
20251217,002806,华锋股份,11.6,11.66,11.68,11.38,7362200.0
20251217,002807,江阴银行,4.58,4.58,4.61,4.54,23881300.0
20251217,002809,红墙股份,10.2,10.21,10.27,10.01,3748800.0
20251217,002810,山东赫达,12.49,12.67,12.73,12.37,3361900.0
20251217,002811,郑中设计,12.98,12.79,12.98,12.56,7092300.0
20251217,002812,恩捷股份,46.63,46.91,47.48,45.7,39191600.0
20251217,002813,路畅科技,28.47,28.04,30.46,26.83,16622200.0
20251217,002815,崇达技术,13.27,13.71,13.76,13.11,26074900.0
20251217,002817,黄山胶囊,7.45,7.48,7.51,7.32,3813700.0
20251217,002818,富森美,11.25,11.16,11.3,11.1,4294400.0
20251217,002819,东方中科,26.8,26.7,26.9,25.95,3043100.0
20251217,002820,桂发祥,12.49,12.62,13.36,12.16,31999600.0
20251217,002821,凯莱英,90.45,91.79,92.15,90.01,2320300.0
20251217,002823,凯中精密,15.05,15.17,15.18,14.76,6368100.0
20251217,002824,和胜股份,17.28,17.6,17.64,17.06,3153100.0
20251217,002825,纳尔股份,12.51,12.46,12.69,12.27,18710300.0
20251217,002826,易明医药,17.6,17.7,17.91,17.42,2468300.0
20251217,002827,高争民爆,35.68,36.71,36.88,35.61,7383000.0
20251217,002828,贝肯能源,10.35,10.49,10.55,10.18,10921800.0
20251217,002829,星网宇达,26.54,26.34,27.13,25.65,9233800.0
20251217,002830,名雕股份,18.81,18.69,18.98,18.4,3612000.0
20251217,002831,裕同科技,28.84,28.82,29.17,28.56,4646400.0
20251217,002832,比音勒芬,15.02,15.08,15.13,14.9,3455000.0
20251217,002833,弘亚数控,15.43,15.57,15.59,15.31,2317100.0
20251217,002835,同为股份,15.88,15.86,15.97,15.41,2982200.0
20251217,002836,新宏泽,15.73,16.3,16.41,15.03,17945500.0
20251217,002837,英维克,88.0,92.95,92.95,87.96,71676900.0
20251217,002838,道恩股份,24.4,24.54,24.85,24.13,4612000.0
20251217,002839,张家港行,4.61,4.57,4.61,4.55,32899500.0
20251217,002840,华统股份,9.87,9.72,9.88,9.64,18006300.0
20251217,002841,视源股份,37.6,37.36,37.76,36.82,5305200.0
20251217,002842,翔鹭钨业,12.06,12.21,12.46,11.74,44193800.0
20251217,002843,泰嘉股份,17.31,17.67,17.68,17.18,4328000.0
20251217,002845,同兴达,13.8,13.72,13.82,13.4,6877700.0
20251217,002846,英联股份,15.3,15.59,15.65,15.21,5940200.0
20251217,002847,盐津铺子,69.6,70.7,71.74,67.77,4038300.0
20251217,002848,高斯贝尔,7.6,7.48,7.6,7.36,2914900.0
20251217,002849,威星智能,13.16,13.17,13.29,12.85,4485100.0
20251217,002850,科达利,147.14,148.43,148.99,145.8,2976200.0
20251217,002851,麦格米特,76.5,82.79,83.66,76.5,27579300.0
20251217,002852,道道全,10.4,10.35,10.43,10.19,4904500.0
20251217,002853,皮阿诺,18.11,19.65,19.65,16.34,26941500.0
20251217,002855,捷荣技术,16.68,16.48,16.68,16.24,3888700.0
20251217,002857,三晖电气,20.2,20.68,21.43,20.17,4860600.0
20251217,002858,力盛体育,14.29,14.73,14.85,14.22,8816600.0
20251217,002859,洁美科技,28.19,28.75,28.86,27.84,2007500.0
20251217,002860,星帅尔,13.5,13.4,13.64,13.15,13482900.0
20251217,002861,瀛通通讯,17.96,18.37,18.38,17.68,5052800.0
20251217,002862,实丰文化,20.91,20.71,21.23,20.05,8843300.0
20251217,002863,今飞凯达,5.52,5.5,5.58,5.35,21478300.0
20251217,002864,盘龙药业,31.3,31.55,31.61,30.83,3100000.0
20251217,002865,钧达股份,40.35,43.31,43.31,40.35,24196600.0
20251217,002866,传艺科技,16.88,17.04,17.06,16.42,8523900.0
20251217,002867,周大生,11.95,12.02,12.08,11.87,7596600.0
20251217,002868,绿康生化,33.33,34.53,34.63,33.12,1572800.0
20251217,002869,金溢科技,23.1,22.87,23.8,22.28,9010200.0
20251217,002871,伟隆股份,15.3,15.74,16.16,15.05,5637600.0
20251217,002873,新天药业,9.74,9.76,9.78,9.57,4163800.0
20251217,002875,安奈儿,15.48,15.78,15.88,15.26,3050800.0
20251217,002876,三利谱,22.9,22.93,22.96,22.44,1915000.0
20251217,002877,智能自控,9.37,9.34,9.9,9.06,26741300.0
20251217,002878,元隆雅图,16.88,17.02,17.13,16.67,9413900.0
20251217,002879,长缆科技,17.76,17.71,18.15,17.32,12610400.0
20251217,002880,卫光生物,25.58,25.31,25.65,25.03,708300.0
20251217,002881,美格智能,41.8,42.36,42.59,41.37,4648400.0
20251217,002882,金龙羽,29.99,29.97,30.14,29.12,5578500.0
20251217,002884,凌霄泵业,17.38,17.46,17.49,17.26,2101700.0
20251217,002885,京泉华,25.03,26.23,27.03,24.65,27780100.0
20251217,002886,沃特股份,19.0,19.23,19.29,18.75,3950700.0
20251217,002887,绿茵生态,8.85,8.93,8.97,8.72,2242800.0
20251217,002888,惠威科技,18.21,18.19,18.3,17.72,3869700.0
20251217,002889,东方嘉盛,16.5,16.39,16.5,15.89,11615300.0
20251217,002890,弘宇股份,14.26,14.25,14.33,13.85,1475800.0
20251217,002891,中宠股份,53.2,53.37,54.6,52.35,3612800.0
20251217,002892,科力尔,12.35,12.43,12.44,12.08,7005800.0
20251217,002893,京能热力,11.4,11.48,11.49,11.2,9207900.0
20251217,002895,川恒股份,34.0,35.13,35.19,33.97,9210100.0
20251217,002896,中大力德,78.91,80.11,80.5,78.26,4686300.0
20251217,002897,意华股份,44.9,47.1,47.31,44.7,6109700.0
20251217,002899,英派斯,23.55,24.15,24.19,23.55,5034300.0
20251217,002900,哈三联,12.75,12.88,12.89,12.52,4931900.0
20251217,002901,大博医疗,48.82,48.51,49.56,48.32,2662700.0
20251217,002902,铭普光磁,21.35,22.49,22.64,20.95,13391200.0
20251217,002903,宇环数控,21.09,20.97,21.19,20.37,4782100.0
20251217,002905,金逸影视,10.0,10.02,10.07,9.76,7070200.0
20251217,002906,华阳集团,29.47,30.01,30.38,29.38,8962800.0
20251217,002907,华森制药,14.82,14.91,14.94,14.62,2156100.0
20251217,002908,德生科技,9.16,9.21,9.24,8.95,7213000.0
20251217,002909,集泰股份,6.52,6.71,6.74,6.33,15351100.0
20251217,002910,庄园牧场,10.2,11.28,11.28,9.95,17402100.0
20251217,002911,佛燃能源,11.87,12.08,12.1,11.78,4906600.0
20251217,002912,中新赛克,28.41,28.37,28.79,27.7,4540500.0
20251217,002913,奥士康,42.3,43.42,43.54,41.6,6206700.0
20251217,002915,中欣氟材,21.77,22.21,22.3,21.46,8087500.0
20251217,002916,深南电路,203.64,222.53,222.53,199.8,17283100.0
20251217,002917,金奥博,12.66,12.74,12.77,12.52,3848100.0
20251217,002918,蒙娜丽莎,13.72,13.9,13.97,13.62,2729700.0
20251217,002919,名臣健康,21.4,21.4,22.0,20.89,4082700.0
20251217,002920,德赛西威,114.92,119.3,120.71,114.92,18495100.0
20251217,002921,联诚精密,14.09,14.08,14.22,13.7,4251900.0
20251217,002922,伊戈尔,30.68,31.69,32.27,29.95,28493100.0
20251217,002923,润都股份,12.39,12.34,12.47,12.14,3682300.0
20251217,002925,盈趣科技,16.93,17.15,17.18,16.63,15523300.0
20251217,002926,华西证券,9.37,9.49,9.56,9.29,17452400.0
20251217,002927,泰永长征,19.31,19.8,20.68,18.42,35033600.0
20251217,002928,华夏航空,10.87,11.41,11.59,10.76,31795900.0
20251217,002929,润建股份,38.4,38.74,38.95,38.01,2726700.0
20251217,002930,宏川智慧,11.59,11.7,11.7,11.28,7659000.0
20251217,002931,锋龙股份,18.03,19.68,19.68,17.61,12389000.0
20251217,002933,新兴装备,34.65,34.23,34.89,33.5,4249900.0
20251217,002935,天奥电子,19.05,18.85,19.37,18.47,12837500.0
20251217,002936,郑州银行,1.92,1.93,1.94,1.91,79135800.0
20251217,002937,兴瑞科技,20.79,21.36,21.43,20.28,9793800.0
20251217,002938,鹏鼎控股,48.63,51.25,51.5,48.22,35976500.0
20251217,002939,长城证券,10.03,10.17,10.27,9.95,33966000.0
20251217,002940,昂利康,32.9,32.22,32.9,31.45,11077400.0
20251217,002941,新疆交建,16.15,16.07,16.34,15.75,17721800.0
20251217,002942,新农股份,19.95,20.33,20.99,19.11,4739200.0
20251217,002943,宇晶股份,35.51,36.88,37.79,35.51,7614500.0
20251217,002945,华林证券,14.24,14.34,14.48,14.01,9276400.0
20251217,002946,新乳业,17.77,18.1,18.4,17.65,8420900.0
20251217,002947,恒铭达,43.16,44.76,44.86,43.16,5030500.0
20251217,002948,青岛银行,4.52,4.55,4.56,4.5,23893700.0
20251217,002949,华阳国际,12.87,12.91,13.0,12.55,2831300.0
20251217,002950,奥美医疗,11.1,11.31,11.32,11.09,4582700.0
20251217,002951,金时科技,12.86,13.0,13.09,12.7,2798100.0
20251217,002952,亚世光电,20.3,20.21,20.51,19.52,4683700.0
20251217,002953,日丰股份,11.19,11.31,11.32,11.05,5558800.0
20251217,002955,鸿合科技,28.57,28.3,28.59,27.5,3163700.0
20251217,002956,西麦食品,24.29,24.86,25.3,24.0,3559700.0
20251217,002957,科瑞技术,18.85,18.95,19.01,18.53,6116500.0
20251217,002958,青农商行,3.11,3.12,3.13,3.09,39957300.0
20251217,002959,小熊电器,43.06,42.93,43.35,42.33,2398000.0
20251217,002960,青鸟智控,10.05,10.11,10.14,9.9,10974500.0
20251217,002961,瑞达期货,29.0,29.47,30.18,28.28,30365100.0
20251217,002962,五方光电,14.52,14.37,14.53,14.08,4322900.0
20251217,002963,豪尔赛,14.22,14.5,14.56,13.98,3485800.0
20251217,002965,祥鑫科技,36.09,36.33,36.5,35.43,6049300.0
20251217,002966,苏州银行,8.1,8.07,8.12,8.0,34105900.0
20251217,002967,广电计量,21.9,21.1,22.02,20.68,17250500.0
20251217,002968,新大正,11.17,11.17,11.28,10.95,2242300.0
20251217,002969,嘉美包装,5.02,5.02,5.02,5.02,4902100.0
20251217,002970,锐明技术,46.29,49.13,50.08,46.2,8934100.0
20251217,002971,和远气体,30.5,30.1,30.7,28.86,8303800.0
20251217,002972,科安达,11.34,11.75,12.1,11.09,7988100.0
20251217,002973,侨银股份,13.32,13.14,13.32,12.9,1966700.0
20251217,002975,博杰股份,69.78,74.75,74.75,69.25,7709700.0
20251217,002976,瑞玛精密,26.9,26.56,27.41,26.0,7594300.0
20251217,002978,安宁股份,30.62,30.94,30.94,30.27,3746000.0
20251217,002979,雷赛智能,37.4,37.84,37.93,36.93,4073200.0
20251217,002980,华盛昌,20.68,20.54,20.75,20.16,2259800.0
20251217,002981,朝阳科技,28.17,28.39,28.4,27.67,3241300.0
20251217,002982,湘佳股份,13.77,13.62,13.85,13.46,2692300.0
20251217,002983,芯瑞达,21.99,22.41,22.41,21.66,6520900.0
20251217,002984,森麒麟,22.15,22.39,22.5,22.09,10676100.0
20251217,002985,北摩高科,28.9,27.86,28.9,27.27,11563700.0
20251217,002986,宇新股份,10.52,10.32,10.52,10.21,2880700.0
20251217,002987,京北方,19.2,19.28,19.42,18.59,24168100.0
20251217,002988,豪美新材,36.85,36.65,37.2,35.56,2670600.0
20251217,002989,中天精装,26.19,26.45,26.61,25.72,3806300.0
20251217,002990,盛视科技,27.0,27.17,27.37,26.58,2402900.0
20251217,002991,甘源食品,57.39,57.43,58.0,56.68,1190500.0
20251217,002992,宝明科技,48.59,49.54,49.75,47.82,1344800.0
20251217,002993,奥海科技,41.48,42.76,42.88,41.32,2049200.0
20251217,002995,天地在线,16.27,16.29,16.34,15.83,5002400.0
20251217,002996,顺博合金,6.99,7.1,7.1,6.91,7945200.0
20251217,002997,瑞鹄模具,34.98,35.16,35.19,34.58,2198200.0
20251217,002998,优彩资源,7.33,7.31,7.36,7.16,3972000.0
20251217,002999,天禾股份,6.55,6.55,6.61,6.4,7549100.0
20251217,003000,劲仔食品,11.58,11.67,11.72,11.4,5783100.0
20251217,003001,中岩大地,19.82,19.89,19.95,19.23,2658900.0
20251217,003002,壶化股份,29.45,29.91,30.38,29.1,6068000.0
20251217,003003,天元股份,12.6,12.36,12.72,12.07,6602800.0
20251217,003004,声迅股份,21.64,21.66,21.7,21.18,435800.0
20251217,003005,竞业达,19.16,20.92,20.92,18.73,8150100.0
20251217,003006,百亚股份,20.99,21.79,21.98,20.63,8958700.0
20251217,003007,直真科技,31.66,31.68,31.85,30.88,1754900.0
20251217,003008,开普检测,21.29,21.46,21.49,20.92,1322300.0
20251217,003009,中天火箭,60.96,58.13,61.49,57.01,8754100.0
20251217,003010,若羽臣,33.9,34.31,34.65,33.5,4787500.0
20251217,003011,海象新材,21.06,21.29,21.37,20.75,2226800.0
20251217,003012,东鹏控股,6.75,6.78,6.82,6.68,5486000.0
20251217,003013,地铁设计,14.01,13.97,14.03,13.85,2340200.0
20251217,003015,日久光电,15.28,15.48,15.5,14.98,4395000.0
20251217,003016,欣贺股份,9.32,9.1,9.34,8.88,25078200.0
20251217,003017,大洋生物,28.76,28.93,29.14,28.3,2107400.0
20251217,003018,金富科技,17.62,17.73,18.5,17.25,10535800.0
20251217,003019,宸展光电,31.85,32.05,32.15,31.0,4253800.0
20251217,003020,立方制药,26.0,26.13,26.25,25.69,1376000.0
20251217,003021,兆威机电,101.0,102.58,103.3,100.04,3265200.0
20251217,003022,联泓新科,18.22,18.49,18.59,18.07,8558700.0
20251217,003023,彩虹集团,22.27,22.3,22.51,21.96,2743900.0
20251217,003025,思进智能,13.4,13.42,13.53,13.14,3647300.0
20251217,003026,中晶科技,29.66,29.88,29.95,28.87,2151700.0
20251217,003027,同兴科技,19.23,19.16,19.37,18.77,3069300.0
20251217,003028,振邦智能,29.01,29.1,29.61,28.73,1635100.0
20251217,003029,吉大正元,26.46,26.91,27.06,26.0,14801900.0
20251217,003030,祖名股份,20.06,20.28,20.69,19.87,1894300.0
20251217,003031,中瓷电子,68.77,74.88,74.88,67.9,13559700.0
20251217,003032,传智教育,6.06,6.14,6.14,6.0,5366800.0
20251217,003033,征和工业,60.96,63.79,64.35,59.81,3737900.0
20251217,003035,南网能源,4.65,4.66,4.66,4.57,13975000.0
20251217,003036,泰坦股份,15.07,15.19,15.21,14.88,2078800.0
20251217,003037,三和管桩,7.33,7.32,7.36,7.2,4207400.0
20251217,003038,鑫铂股份,14.9,14.94,14.98,14.66,2930900.0
20251217,003039,顺控发展,14.06,13.41,14.14,13.15,11608000.0
20251217,003040,楚天龙,18.51,18.34,18.66,17.66,27882700.0
20251217,003041,真爱美家,41.2,41.4,41.68,40.8,2874500.0
20251217,003042,中农联合,15.39,15.33,15.39,14.98,3277100.0
20251217,003043,华亚智能,46.18,46.49,47.08,45.61,917700.0
20251217,003816,中国广核,3.83,3.83,3.85,3.79,108757300.0
20251217,300001,特锐德,25.1,25.47,25.58,24.78,16870100.0
20251217,300002,神州泰岳,10.98,11.27,11.32,10.93,38401800.0
20251217,300003,乐普医疗,15.44,15.76,15.84,15.24,24723400.0
20251217,300004,南风股份,11.33,11.8,12.64,10.48,73253700.0
20251217,300005,探路者,9.9,10.05,10.15,9.83,20005900.0
20251217,300006,莱美药业,4.52,4.61,4.64,4.45,20130400.0
20251217,300007,汉威科技,46.5,46.4,46.88,45.07,13019200.0
20251217,300008,天海防务,7.51,7.56,7.61,7.36,120820000.0
20251217,300009,安科生物,9.54,9.67,9.7,9.47,13871800.0
20251217,300011,鼎汉技术,7.85,7.91,7.94,7.67,9185200.0
20251217,300012,华测检测,13.31,13.42,13.47,13.09,18273200.0
20251217,300013,新宁物流,3.94,3.95,3.96,3.83,14126400.0
20251217,300014,亿纬锂能,68.35,69.96,70.25,67.99,33891000.0
20251217,300015,爱尔眼科,10.93,11.24,11.27,10.92,69595000.0
20251217,300016,北陆药业,7.68,7.75,7.78,7.63,5455400.0
20251217,300017,网宿科技,9.75,9.91,9.93,9.66,39292600.0
20251217,300018,中元股份,10.46,10.56,10.61,10.23,16552600.0
20251217,300019,硅宝科技,19.99,20.27,20.27,19.82,10963300.0
20251217,300021,大禹节水,4.46,4.44,4.49,4.37,18639300.0
20251217,300022,吉峰科技,7.58,7.64,7.69,7.52,5987900.0
20251217,300024,机器人,16.79,17.0,17.13,16.6,19513600.0
20251217,300025,华星创业,5.74,5.69,5.81,5.52,15203400.0
20251217,300026,红日药业,3.55,3.58,3.58,3.51,25412300.0
20251217,300030,阳普医疗,7.25,7.23,7.29,7.1,4400400.0
20251217,300031,宝通科技,20.88,21.01,21.08,20.6,5815700.0
20251217,300032,金龙机电,5.13,5.07,5.22,4.94,28404200.0
20251217,300033,同花顺,306.0,316.64,319.5,305.85,8095000.0
20251217,300034,钢研高纳,18.49,18.3,18.59,17.8,44079200.0
20251217,300035,中科电气,20.37,20.95,20.95,20.16,31680700.0
20251217,300036,超图软件,16.64,16.64,16.75,16.18,12504400.0
20251217,300037,新宙邦,47.25,49.01,49.11,46.8,19601400.0
20251217,300039,上海凯宝,6.03,6.06,6.07,5.97,15920600.0
20251217,300040,九洲集团,6.02,5.99,6.05,5.84,14571500.0
20251217,300041,回天新材,10.9,10.99,11.0,10.74,12463400.0
20251217,300042,朗科科技,25.31,25.56,25.64,24.68,8743600.0
20251217,300043,星辉娱乐,5.55,5.68,5.68,5.49,48206100.0
20251217,300045,华力创通,24.55,24.46,25.33,23.99,54830000.0
20251217,300046,台基股份,34.46,34.94,34.97,33.65,7122200.0
20251217,300047,天源迪科,12.13,12.16,12.26,11.8,27919000.0
20251217,300048,合康新能,5.63,5.6,5.68,5.46,28434800.0
20251217,300049,福瑞医科,68.68,70.98,71.36,67.4,7485000.0
20251217,300050,世纪鼎利,5.42,5.4,5.42,5.22,13486500.0
20251217,300051,琏升科技,7.15,6.68,7.19,6.45,38906700.0
20251217,300052,中青宝,11.18,11.47,11.48,10.95,8908200.0
20251217,300053,航宇微,17.29,16.8,17.77,16.44,78825500.0
20251217,300054,鼎龙股份,37.27,38.16,38.4,36.64,19564000.0
20251217,300055,万邦达,7.41,7.51,7.6,7.29,12337300.0
20251217,300056,中创环保,8.86,8.67,8.95,8.45,25583600.0
20251217,300057,万顺新材,5.6,5.68,5.71,5.49,17573800.0
20251217,300058,蓝色光标,8.36,8.53,8.56,8.27,251517100.0
20251217,300059,东方财富,22.61,23.09,23.42,22.46,341817800.0
20251217,300061,旗天科技,10.51,10.52,10.64,10.27,9371400.0
20251217,300062,中能电气,10.8,10.34,10.84,10.13,100892600.0
20251217,300063,天龙集团,7.92,8.05,8.13,7.84,26937400.0
20251217,300065,海兰信,17.02,17.14,17.2,16.71,22084000.0
20251217,300066,三川智慧,6.16,6.24,6.25,6.09,15889000.0
20251217,300067,安诺其,4.91,4.89,4.93,4.78,23982500.0
20251217,300069,金利华电,17.57,17.15,17.58,16.72,4249500.0
20251217,300070,碧水源,3.88,3.91,3.92,3.84,28766600.0
20251217,300071,福石控股,5.55,5.51,5.67,5.35,61083600.0
20251217,300072,海新能科,4.52,4.61,4.64,4.43,112513100.0
20251217,300073,当升科技,55.81,57.02,57.42,55.77,11297400.0
20251217,300074,华平股份,4.57,4.48,4.58,4.36,22657300.0
20251217,300075,数字政通,14.68,14.77,14.85,14.45,7229200.0
20251217,300077,国民技术,19.8,19.91,20.05,19.39,12554300.0
20251217,300078,思创智联,4.03,4.16,4.29,4.03,77494700.0
20251217,300079,数码视讯,5.21,5.23,5.26,5.12,23784000.0
20251217,300080,易成新能,4.83,4.88,4.9,4.74,22302000.0
20251217,300082,奥克股份,9.35,9.57,9.6,9.16,17185500.0
20251217,300083,创世纪,8.66,8.78,8.81,8.54,30990100.0
20251217,300084,海默科技,9.13,9.19,9.21,8.92,9644200.0
20251217,300085,银之杰,39.39,40.43,41.49,38.24,53022500.0
20251217,300086,康芝药业,11.03,10.37,11.04,10.2,59616200.0
20251217,300088,长信科技,5.82,5.89,5.9,5.75,35127400.0
20251217,300092,科新机电,15.08,15.12,15.22,14.76,7164600.0
20251217,300093,金刚光伏,14.81,15.02,15.08,14.43,4374600.0
20251217,300094,国联水产,3.77,3.73,3.8,3.65,82699100.0
20251217,300095,华伍股份,10.83,10.73,10.96,10.39,36081500.0
20251217,300097,智云股份,6.48,6.64,6.68,6.45,5512600.0
20251217,300098,高新兴,5.83,5.84,5.99,5.72,100210200.0
20251217,300099,尤洛卡,7.06,6.87,7.16,6.72,27604600.0
20251217,300100,双林股份,36.31,36.77,37.08,35.86,7927000.0
20251217,300101,振芯科技,22.28,22.05,22.61,21.31,18632100.0
20251217,300102,乾照光电,23.55,24.26,25.38,23.55,161357500.0
20251217,300103,达刚控股,7.06,6.92,7.19,6.81,8075000.0
20251217,300105,龙源技术,7.16,7.16,7.18,6.97,10767500.0
20251217,300106,西部牧业,10.75,10.85,11.25,10.48,19821000.0
20251217,300107,建新股份,6.57,6.58,6.6,6.42,4166000.0
20251217,300109,新开源,16.18,16.36,16.74,16.05,7025800.0
20251217,300110,华仁药业,3.16,3.18,3.2,3.11,21915200.0
20251217,300111,向日葵,6.69,6.83,6.94,6.58,36821100.0
20251217,300112,万讯自控,8.2,8.18,8.33,7.99,6905700.0
20251217,300113,顺网科技,18.67,19.0,19.04,18.51,11790000.0
20251217,300115,长盈精密,35.66,36.19,36.55,35.53,82730100.0
20251217,300118,东方日升,12.01,12.36,12.9,11.88,144553100.0
20251217,300119,瑞普生物,19.04,19.14,19.35,18.94,4224000.0
20251217,300120,经纬辉开,8.34,8.36,8.37,8.15,9944800.0
20251217,300121,阳谷华泰,13.86,13.43,13.88,13.34,11738200.0
20251217,300122,智飞生物,18.95,19.11,19.13,18.8,12151300.0
20251217,300124,汇川技术,70.56,71.85,71.89,69.98,22818100.0
20251217,300125,聆达股份,7.35,7.31,7.46,7.15,6877100.0
20251217,300126,锐奇股份,8.43,8.34,8.45,8.16,5708000.0
20251217,300127,银河磁体,29.49,29.9,29.94,29.06,4573500.0
20251217,300128,锦富技术,7.39,8.1,8.17,7.22,143115500.0
20251217,300129,泰胜风能,8.6,8.56,8.7,8.4,38322200.0
20251217,300130,新国都,24.5,24.86,25.05,23.98,15258000.0
20251217,300131,英唐智控,12.93,12.92,13.02,12.31,81128100.0
20251217,300132,诺斯贝尔,7.83,7.78,7.97,7.61,20372200.0
20251217,300133,华策影视,7.68,8.0,8.05,7.68,105861800.0
20251217,300134,大富科技,11.16,11.18,11.3,10.87,13921200.0
20251217,300135,宝利国际,3.75,3.77,3.78,3.69,11305500.0
20251217,300136,信维通信,35.98,35.76,36.49,35.08,57817500.0
20251217,300137,先河环保,8.97,9.65,9.85,8.92,38950000.0
20251217,300138,晨光生物,12.86,12.82,12.96,12.68,8048600.0
20251217,300139,晓程科技,30.3,30.13,30.68,29.13,34495300.0
20251217,300140,节能环境,6.52,6.29,6.57,6.18,35494800.0
20251217,300141,和顺电气,12.4,12.2,12.56,11.88,14798700.0
20251217,300142,沃森生物,11.07,11.17,11.23,10.95,19386400.0
20251217,300143,盈康生命,9.75,9.83,9.88,9.69,3693300.0
20251217,300144,宋城演艺,8.1,8.22,8.26,8.05,55335400.0
20251217,300145,南方泵业,4.09,4.4,4.44,4.09,88307200.0
20251217,300146,汤臣倍健,11.8,11.85,11.88,11.68,15496600.0
20251217,300148,天舟文化,4.26,4.28,4.29,4.18,20868400.0
20251217,300149,睿智医药,9.49,9.45,9.52,9.27,7907300.0
20251217,300150,世纪瑞尔,5.1,5.11,5.14,4.96,12601800.0
20251217,300151,昌红科技,13.12,13.38,13.46,13.08,5398600.0
20251217,300153,科泰电源,28.85,29.88,29.91,28.81,12840700.0
20251217,300154,瑞凌股份,8.65,8.68,8.73,8.46,4810800.0
20251217,300155,安居宝,6.1,5.98,6.39,5.82,23182700.0
20251217,300157,新锦动力,4.42,4.44,4.46,4.3,21775100.0
20251217,300158,振东制药,6.0,6.07,6.12,5.95,19754800.0
20251217,300159,新研股份,3.23,3.22,3.33,3.19,32131100.0
20251217,300160,秀强股份,5.36,5.4,5.42,5.28,8243500.0
20251217,300161,华中数控,27.53,27.82,27.85,27.43,1565000.0
20251217,300162,雷曼光电,7.43,7.34,7.48,7.12,14564000.0
20251217,300163,先锋新材,4.02,4.02,4.04,3.92,20479700.0
20251217,300164,通源石油,5.23,5.29,5.3,5.16,30991400.0
20251217,300165,天瑞仪器,4.37,4.41,4.46,4.32,4670100.0
20251217,300166,东方国信,9.58,9.66,9.66,9.39,21939400.0
20251217,300168,万达信息,6.24,6.4,6.59,6.22,21357000.0
20251217,300169,天晟新材,6.29,6.2,6.34,6.01,14431300.0
20251217,300170,汉得信息,16.87,17.95,18.2,16.65,84012300.0
20251217,300171,东富龙,15.04,15.12,15.17,14.9,4877500.0
20251217,300172,中电环保,5.66,5.44,5.68,5.31,49551900.0
20251217,300174,元力股份,15.1,15.32,15.38,15.02,4695500.0
20251217,300175,朗源股份,5.53,5.57,5.58,5.46,3941300.0
20251217,300176,鸿特科技,6.41,6.41,6.49,6.27,8398800.0
20251217,300177,中海达,9.43,9.52,9.85,9.28,36670100.0
20251217,300179,四方达,14.24,14.32,14.38,13.81,35122100.0
20251217,300180,华峰超纤,6.37,6.35,6.39,6.16,49601700.0
20251217,300181,佐力药业,16.89,17.03,17.11,16.7,12389300.0
20251217,300182,捷成股份,5.11,5.14,5.15,5.03,46998900.0
20251217,300183,东软载波,14.45,14.53,14.62,14.16,4771000.0
20251217,300184,力源信息,9.63,9.72,9.75,9.45,22034200.0
20251217,300185,通裕重工,2.81,2.82,2.83,2.76,73440200.0
20251217,300187,永清环保,4.89,4.79,4.92,4.72,10763200.0
20251217,300188,国投智能,14.11,14.11,14.3,13.7,19764700.0
20251217,300189,神农种业,6.04,5.64,6.04,5.45,205578600.0
20251217,300190,维尔利,4.11,4.35,4.39,4.05,29787600.0
20251217,300191,潜能恒信,17.34,17.48,17.5,17.08,2684200.0
20251217,300192,科德教育,19.2,20.17,20.17,19.03,29313700.0
20251217,300193,佳士科技,8.69,8.64,8.75,8.52,6031400.0
20251217,300194,福安药业,4.57,4.72,4.79,4.5,62112900.0
20251217,300195,长荣股份,8.15,7.91,8.18,7.69,16080100.0
20251217,300196,长海股份,13.37,13.67,13.68,13.26,3514000.0
20251217,300197,节能铁汉,1.76,1.76,1.77,1.72,42588000.0
20251217,300199,翰宇药业,17.9,18.01,18.07,17.69,16725600.0
20251217,300200,高盟新材,13.3,12.66,13.35,12.44,51041000.0
20251217,300201,海伦哲,5.25,5.3,5.32,5.22,21046200.0
20251217,300203,聚光科技,15.68,15.35,15.7,15.16,10560600.0
20251217,300204,舒泰神,26.54,26.67,26.74,25.8,19480700.0
20251217,300206,理邦仪器,12.62,12.54,12.67,12.46,6642100.0
20251217,300207,欣旺达,27.94,29.07,29.25,27.94,48529900.0
20251217,300209,行云科技,5.9,5.74,5.95,5.6,22253000.0
20251217,300210,森远股份,9.36,9.44,9.66,9.3,9773900.0
20251217,300213,佳讯飞鸿,9.32,9.17,9.36,8.98,35440200.0
20251217,300214,日科化学,6.6,6.68,6.7,6.53,5926700.0
20251217,300215,电科院,7.3,6.94,7.32,6.7,41194000.0
20251217,300217,东方电热,5.05,5.09,5.09,4.95,28048200.0
20251217,300218,安利股份,15.17,15.31,15.38,15.0,4052900.0
20251217,300219,鸿利智汇,6.89,6.91,6.94,6.74,17035500.0
20251217,300220,金运激光,13.95,13.86,13.97,13.45,3239000.0
20251217,300221,银禧科技,9.2,9.12,9.26,8.88,24008800.0
20251217,300222,科大智能,10.38,10.48,10.49,10.23,13522600.0
20251217,300223,君正股份,91.04,93.37,93.7,89.33,19281400.0
20251217,300224,正海磁材,14.61,14.69,14.76,14.33,12916300.0
20251217,300225,金力泰,5.18,5.1,5.2,5.03,5564700.0
20251217,300226,上海钢联,23.73,23.94,24.08,23.31,5877000.0
20251217,300227,光韵达,8.53,8.55,8.62,8.29,12421300.0
20251217,300228,富瑞特装,9.18,8.9,9.23,8.61,66783000.0
20251217,300229,拓尔思,18.43,18.6,18.67,17.95,18236500.0
20251217,300230,永利股份,4.63,4.68,4.69,4.56,11753800.0
20251217,300231,银信科技,10.02,10.16,10.19,9.83,7546900.0
20251217,300232,洲明科技,6.84,6.87,6.89,6.7,14876800.0
20251217,300233,金城医药,14.3,14.46,14.55,14.09,7155700.0
20251217,300234,开尔新材,5.04,4.93,5.05,4.84,13390800.0
20251217,300235,方直科技,16.6,16.4,16.96,16.17,9602900.0
20251217,300236,上海新阳,60.51,61.39,61.83,58.5,14301300.0
20251217,300238,冠昊生物,13.8,13.98,13.99,13.69,3432100.0
20251217,300239,东宝生物,5.29,5.27,5.3,5.17,9380600.0
20251217,300240,飞力达,7.31,7.42,7.51,7.18,12614700.0
20251217,300241,瑞丰光电,5.64,5.51,5.72,5.39,28176400.0
20251217,300242,佳云科技,5.2,4.93,5.2,4.77,45866600.0
20251217,300243,瑞丰高材,10.01,10.0,10.08,9.75,4500000.0
20251217,300244,迪安诊断,14.55,15.14,15.58,14.55,25702500.0
20251217,300246,宝莱特,7.84,7.83,7.91,7.67,4056300.0
20251217,300247,融捷健康,4.7,4.74,4.78,4.65,18267700.0
20251217,300248,新开普,11.49,11.6,11.65,11.28,7242300.0
20251217,300249,依米康,13.59,14.1,14.13,13.58,13126600.0
20251217,300250,初灵信息,24.5,25.5,25.64,24.4,18934100.0
20251217,300251,光线传媒,15.8,15.93,15.94,15.55,32998000.0
20251217,300252,金信诺,13.43,13.48,13.74,13.01,35980300.0
20251217,300253,卫宁健康,8.24,8.55,8.98,8.24,158595400.0
20251217,300254,仟源医药,9.77,9.84,9.89,9.64,4555900.0
20251217,300255,常山药业,62.0,63.9,64.15,61.5,16459300.0
20251217,300256,星星科技,4.03,4.06,4.07,3.96,38789400.0
20251217,300257,开山股份,13.79,13.91,13.99,13.7,4937600.0
20251217,300258,精锻科技,12.69,12.73,12.84,12.44,11762800.0
20251217,300259,新天科技,4.22,4.23,4.25,4.13,23905700.0
20251217,300260,新莱应材,49.2,49.8,50.1,47.66,17261000.0
20251217,300261,雅本化学,6.54,6.58,6.62,6.45,10160400.0
20251217,300263,隆华科技,8.07,8.17,8.22,7.94,21130200.0
20251217,300264,佳创视讯,6.7,6.7,6.77,6.44,22230600.0
20251217,300265,通光线缆,13.11,12.85,13.7,12.45,120308900.0
20251217,300266,兴源环境,2.64,2.54,2.66,2.49,52204600.0
20251217,300267,尔康制药,3.41,3.47,3.47,3.39,31412300.0
20251217,300268,佳沃食品,12.53,12.5,13.08,12.3,1239400.0
20251217,300269,联建光电,6.58,6.45,6.66,6.28,56636800.0
20251217,300270,中威电子,10.39,11.01,11.9,10.28,43467300.0
20251217,300271,华宇软件,7.01,7.14,7.17,6.93,11687200.0
20251217,300272,开能健康,7.08,7.2,7.27,6.95,21556100.0
20251217,300274,阳光电源,162.51,169.5,170.65,162.51,57104000.0
20251217,300275,梅安森,12.7,12.53,12.82,12.21,9602700.0
20251217,300276,三丰智能,8.55,8.55,8.63,8.25,22192900.0
20251217,300277,汽轮科技,12.79,12.78,12.94,12.47,9380800.0
20251217,300278,华昌达,5.75,5.65,6.05,5.61,77384500.0
20251217,300279,和晶科技,6.7,6.7,6.74,6.53,8363100.0
20251217,300281,金明精机,7.18,7.18,7.23,6.98,11706000.0
20251217,300283,温州宏丰,7.29,7.31,7.34,7.04,18683900.0
20251217,300284,苏交科,7.81,7.8,7.88,7.55,12367100.0
20251217,300285,国瓷材料,26.55,26.38,26.68,25.63,45928800.0
20251217,300286,安科瑞,22.37,22.6,22.6,21.92,4599200.0
20251217,300287,飞利信,4.88,4.88,4.95,4.76,31900200.0
20251217,300288,朗玛信息,12.96,13.26,13.63,12.96,5691400.0
20251217,300289,利德曼,6.89,6.91,6.96,6.8,7732500.0
20251217,300292,吴通控股,4.45,4.49,4.5,4.35,31084700.0
20251217,300293,蓝英装备,21.18,20.97,21.29,20.5,5440600.0
20251217,300294,博雅生物,22.72,22.9,22.94,22.58,2690300.0
20251217,300296,利亚德,6.04,6.11,6.15,5.96,49594300.0
20251217,300298,三诺生物,16.54,16.7,16.9,16.46,6950000.0
20251217,300299,富春股份,7.09,7.17,7.2,6.88,61306200.0
20251217,300300,海峡创新,15.6,14.09,16.16,13.77,176691700.0
20251217,300302,同有科技,17.66,18.08,18.1,17.4,11997300.0
20251217,300303,聚飞光电,6.74,6.8,6.82,6.57,42993300.0
20251217,300304,云意电气,10.88,10.83,10.95,10.32,58605800.0
20251217,300305,裕兴股份,5.78,5.71,5.81,5.6,10520900.0
20251217,300306,远方信息,14.22,14.15,14.45,13.81,15870500.0
20251217,300307,慈星股份,6.94,6.99,7.01,6.88,8335600.0
20251217,300308,中际旭创,557.0,589.98,592.07,556.66,32357000.0
20251217,300310,宜通世纪,6.1,6.02,6.25,5.9,41777100.0
20251217,300311,任子行,4.31,4.29,4.32,4.19,12078600.0
20251217,300313,天山生物,8.21,8.18,8.35,8.06,2324700.0
20251217,300314,戴维医疗,12.56,12.55,12.6,12.3,2399100.0
20251217,300315,掌趣科技,4.74,4.79,4.8,4.7,38204500.0
20251217,300316,晶盛机电,33.76,34.17,34.28,33.25,12607900.0
20251217,300317,珈伟新能,3.73,3.77,3.78,3.64,22341600.0
20251217,300318,博晖创新,6.25,6.24,6.3,6.12,10334300.0
20251217,300319,麦捷科技,11.54,11.61,11.65,11.3,17969000.0
20251217,300320,海达股份,9.06,9.22,9.24,9.06,7627700.0
20251217,300321,同大股份,43.3,45.3,45.6,42.5,3183000.0
20251217,300322,硕贝德,22.62,22.93,23.51,22.44,30665500.0
20251217,300323,华灿光电,7.43,7.46,7.52,7.29,14772800.0
20251217,300324,旋极信息,5.8,5.82,5.87,5.71,68185400.0
20251217,300327,中颖电子,28.13,28.57,28.58,27.51,14736200.0
20251217,300328,宜安科技,15.75,15.76,15.97,15.26,25600200.0
20251217,300329,海伦钢琴,16.88,16.76,16.91,16.48,4021000.0
20251217,300331,苏大维格,29.35,29.98,30.1,29.03,7426700.0
20251217,300332,天壕能源,5.26,5.23,5.27,5.12,15827600.0
20251217,300333,兆日科技,10.86,10.98,11.08,10.52,12670800.0
20251217,300334,津膜科技,6.87,6.81,6.89,6.67,8531400.0
20251217,300335,迪森股份,5.58,5.59,5.6,5.46,10025700.0
20251217,300337,银邦股份,12.47,13.81,14.29,11.83,174118200.0
20251217,300339,润和软件,47.16,48.54,48.8,46.91,23467200.0
20251217,300340,科恒股份,12.11,12.31,12.34,11.92,6606000.0
20251217,300341,麦克奥迪,17.4,17.01,17.47,16.58,8376300.0
20251217,300342,天银机电,25.8,25.17,28.18,25.09,101010400.0
20251217,300343,联创股份,5.65,5.73,5.75,5.61,12052100.0
20251217,300345,华民股份,6.01,6.08,6.11,5.92,8707200.0
20251217,300346,南大光电,47.04,47.22,47.59,44.8,96971400.0
20251217,300347,泰格医药,48.9,50.1,50.31,48.63,7351600.0
20251217,300348,长亮科技,13.89,13.93,14.1,13.46,31652300.0
20251217,300349,金卡智能,13.41,13.57,13.64,13.31,6389500.0
20251217,300350,华鹏飞,6.55,6.5,6.59,6.28,29854000.0
20251217,300351,永贵电器,16.4,16.77,16.83,16.29,7646600.0
20251217,300353,东土科技,19.61,19.41,19.61,18.95,12714400.0
20251217,300354,东华测试,42.13,42.2,42.66,41.32,2603100.0
20251217,300355,蒙草生态,4.01,4.0,4.03,3.92,31833600.0
20251217,300357,我武生物,28.88,29.02,29.18,28.42,4120900.0
20251217,300358,楚天科技,8.71,8.8,8.83,8.61,18238200.0
20251217,300359,全通教育,5.21,5.23,5.26,5.09,9464200.0
20251217,300360,炬华科技,16.49,16.73,16.73,16.17,15077100.0
20251217,300363,博腾股份,22.75,23.04,23.07,22.61,6006500.0
20251217,300364,中文在线,22.91,23.55,23.62,22.91,21671900.0
20251217,300365,恒华科技,6.34,6.2,6.41,6.06,16660400.0
20251217,300368,汇金股份,14.6,14.8,15.14,14.1,49896800.0
20251217,300369,绿盟科技,7.31,7.26,7.36,7.04,20362500.0
20251217,300370,安控科技,2.57,2.58,2.59,2.48,25856600.0
20251217,300371,汇中股份,11.93,11.88,12.06,11.63,2558900.0
20251217,300373,扬杰科技,63.28,65.03,65.1,63.13,7265300.0
20251217,300374,中铁装配,15.6,15.68,15.72,15.36,4323500.0
20251217,300375,鹏翎股份,5.36,5.25,5.42,5.11,39737700.0
20251217,300376,易事特,6.05,5.99,6.06,5.88,21100300.0
20251217,300377,赢时胜,22.3,22.53,24.0,21.13,161794300.0
20251217,300378,鼎捷数智,40.11,42.2,42.27,40.11,12413700.0
20251217,300380,安硕信息,41.79,42.09,42.8,40.61,5979500.0
20251217,300381,溢多利,6.36,6.33,6.36,6.2,5990900.0
20251217,300382,斯莱克,15.86,16.16,16.32,15.8,14049300.0
20251217,300383,光环新网,12.5,12.62,12.65,12.13,44872700.0
20251217,300384,三联虹普,15.56,15.71,15.72,15.45,2092000.0
20251217,300386,飞天诚信,16.18,16.23,16.37,15.6,8881100.0
20251217,300387,富邦科技,8.33,8.37,8.37,8.17,5036900.0
20251217,300388,节能国祯,8.23,8.17,8.24,7.96,8566400.0
20251217,300389,艾比森,15.41,15.68,15.73,15.28,4346300.0
20251217,300390,天华新能,48.95,53.69,54.38,47.77,77115400.0
20251217,300393,中来股份,6.42,6.5,6.52,6.29,32226900.0
20251217,300394,天孚通信,201.29,217.78,219.58,199.55,51481500.0
20251217,300395,菲利华,90.86,96.8,97.49,90.86,47671800.0
20251217,300397,天和防务,14.25,14.02,14.3,13.52,38114800.0
20251217,300398,飞凯材料,23.07,22.98,23.1,22.45,28389500.0
20251217,300399,天利科技,24.61,25.4,25.99,23.75,10033300.0
20251217,300400,劲拓股份,17.95,18.45,18.5,17.76,5123700.0
20251217,300401,花园生物,14.95,15.1,15.18,14.85,19665500.0
20251217,300402,宝色股份,20.8,20.59,20.88,19.96,11675700.0
20251217,300403,汉宇集团,12.97,13.15,13.18,12.85,11339200.0
20251217,300404,博济医药,9.34,9.31,9.36,9.17,4342500.0
20251217,300405,科隆股份,6.36,6.31,6.44,6.2,8401000.0
20251217,300406,九强生物,13.07,13.23,13.24,13.01,3456100.0
20251217,300407,凯发电气,11.85,11.81,12.05,11.56,17901200.0
20251217,300408,三环集团,43.37,44.46,44.46,42.97,18404700.0
20251217,300409,道氏技术,21.34,21.84,21.89,21.25,17782800.0
20251217,300410,正业科技,8.08,8.2,8.22,7.95,9528500.0
20251217,300411,金盾股份,11.42,11.26,11.51,11.03,9207000.0
20251217,300412,迦南科技,5.22,5.15,5.23,5.02,14190400.0
20251217,300413,芒果超媒,23.28,23.6,23.66,23.17,11984400.0
20251217,300414,中光防雷,12.62,12.36,12.96,11.85,21819400.0
20251217,300415,伊之密,24.23,24.58,24.65,24.02,5502400.0
20251217,300416,苏试试验,17.15,16.96,17.33,16.68,24311800.0
20251217,300417,南华仪器,13.06,12.94,13.15,12.64,3813500.0
20251217,300418,昆仑万维,38.34,40.1,40.68,38.26,59329100.0
20251217,300420,五洋自控,3.89,3.95,3.95,3.85,23782200.0
20251217,300421,力星股份,27.45,28.3,28.34,27.0,29886400.0
20251217,300422,博世科,4.56,4.53,4.6,4.47,7639600.0
20251217,300423,昇辉科技,9.31,9.16,9.57,8.79,68733000.0
20251217,300424,航新科技,17.02,16.73,17.25,16.28,14537800.0
20251217,300425,中建环能,4.88,4.9,4.92,4.81,5554200.0
20251217,300426,华智数媒,7.96,8.07,8.08,7.82,4718700.0
20251217,300427,红相股份,13.57,12.7,13.58,12.1,141543300.0
20251217,300428,立中集团,21.87,22.1,22.19,21.64,7287100.0
20251217,300429,强力新材,14.46,14.24,14.52,13.8,37420900.0
20251217,300432,富临精工,15.0,15.31,15.39,14.98,34987200.0
20251217,300433,蓝思科技,28.8,29.65,29.87,28.8,82469300.0
20251217,300434,金石亚药,10.54,10.6,10.64,10.37,10691800.0
20251217,300435,中泰股份,20.69,21.55,22.39,20.17,24889600.0
20251217,300436,广生堂,85.04,88.12,88.49,84.3,5672700.0
20251217,300437,清水源,17.39,17.53,17.97,16.8,31650600.0
20251217,300438,鹏辉能源,50.58,52.31,53.15,50.23,30704900.0
20251217,300439,美康生物,9.75,9.84,9.85,9.66,2989300.0
20251217,300440,运达科技,11.8,11.91,12.0,11.5,5670300.0
20251217,300441,鲍斯股份,7.41,7.41,7.43,7.26,5097200.0
20251217,300442,润泽科技,51.31,53.0,53.08,51.05,27403400.0
20251217,300443,金雷股份,27.83,28.38,28.49,27.56,5330300.0
20251217,300444,双杰电气,10.1,9.89,10.32,9.59,88168000.0
20251217,300445,康斯特,25.76,24.48,25.98,24.12,17640900.0
20251217,300446,航天智造,21.72,21.95,22.94,21.52,41874600.0
20251217,300447,全信股份,17.03,17.1,17.75,16.29,27934300.0
20251217,300448,浩云科技,8.07,8.0,8.13,7.82,33705200.0
20251217,300449,汉邦高科,6.65,6.73,6.76,6.5,5836500.0
20251217,300450,先导智能,46.25,47.49,47.78,46.16,44700600.0
20251217,300451,创业慧康,4.68,4.79,4.93,4.68,48215100.0
20251217,300452,山河药辅,13.12,13.14,13.2,12.97,4458500.0
20251217,300453,三鑫医疗,8.74,8.83,8.84,8.67,3225600.0
20251217,300454,深信服,110.0,112.5,112.96,109.8,3790500.0
20251217,300455,航天智装,25.83,24.58,26.3,24.3,48945500.0
20251217,300456,赛微电子,62.32,60.84,65.0,59.59,120994600.0
20251217,300457,赢合科技,25.47,25.81,26.04,25.28,8765300.0
20251217,300458,全志科技,40.83,41.69,41.76,40.41,14942800.0
20251217,300459,汤姆猫,4.39,4.44,4.45,4.35,68429300.0
20251217,300461,田中精机,19.41,19.1,19.45,18.58,2926100.0
20251217,300463,迈克生物,11.25,11.31,11.33,11.11,4351800.0
20251217,300464,星徽股份,6.56,6.56,6.65,6.35,16191300.0
20251217,300465,高伟达,20.18,20.46,20.6,19.67,13370200.0
20251217,300466,赛摩智能,9.48,9.42,9.55,9.22,7861000.0
20251217,300467,迅游科技,27.39,27.48,27.64,26.6,4012200.0
20251217,300468,四方精创,32.81,32.5,33.22,31.2,59070900.0
20251217,300469,信息发展,63.55,65.0,65.5,61.3,9703800.0
20251217,300470,中密控股,36.39,36.35,36.44,35.7,2540400.0
20251217,300471,厚普股份,12.91,12.68,12.98,12.21,20955600.0
20251217,300473,德尔股份,26.62,27.09,27.17,26.42,2080800.0
20251217,300474,景嘉微,76.25,78.82,80.25,76.25,21916700.0
20251217,300475,香农芯创,130.1,137.56,137.92,128.95,32973400.0
20251217,300476,胜宏科技,287.01,304.16,306.0,285.65,45661900.0
20251217,300478,杭州高新,30.12,31.1,31.12,29.75,4544200.0
20251217,300479,神思电子,18.35,18.47,18.5,18.08,3024800.0
20251217,300480,光力科技,15.62,15.79,15.8,15.23,5506000.0
20251217,300481,濮阳惠成,15.35,15.5,15.5,14.93,7003200.0
20251217,300482,万孚生物,19.72,19.9,19.95,19.63,2414500.0
20251217,300483,首华燃气,14.22,14.28,14.3,13.91,8912700.0
20251217,300484,蓝海华腾,18.14,18.28,18.29,17.85,3042100.0
20251217,300485,赛升药业,10.61,10.64,10.65,10.39,5238000.0
20251217,300487,蓝晓科技,59.68,60.2,60.68,59.37,5241900.0
20251217,300488,恒锋工具,29.7,29.69,29.95,29.0,1619300.0
20251217,300489,光智科技,42.05,42.67,43.82,40.91,5539600.0
20251217,300490,华自科技,11.18,11.45,11.47,10.96,18010400.0
20251217,300491,通合科技,24.58,25.36,25.42,24.3,6084300.0
20251217,300492,华图山鼎,75.1,76.77,76.77,74.76,1654400.0
20251217,300493,润欣科技,18.17,18.91,19.13,17.87,22776400.0
20251217,300494,盛天网络,11.55,11.66,11.66,11.36,8055300.0
20251217,300496,中科创达,63.01,64.71,64.78,62.84,15016300.0
20251217,300497,富祥股份,14.14,14.51,14.85,13.87,36647700.0
20251217,300498,温氏股份,17.21,17.04,17.25,16.77,37659200.0
20251217,300499,高澜股份,28.03,29.96,29.98,28.03,63122900.0
20251217,300500,启迪设计,13.94,13.99,14.07,13.6,4212200.0
20251217,300501,海顺新材,14.57,14.71,14.76,14.37,3012000.0
20251217,300502,新易盛,408.51,446.1,446.33,408.5,49263900.0
20251217,300503,昊志机电,35.76,36.0,36.75,35.52,19167600.0
20251217,300504,天邑股份,14.77,14.77,14.85,14.39,6228800.0
20251217,300505,川金诺,20.84,21.76,21.77,20.76,15336100.0
20251217,300506,名家汇,4.22,4.13,4.23,4.07,10904800.0
20251217,300507,苏奥传感,9.25,8.95,9.41,8.77,52237700.0
20251217,300508,维宏股份,33.98,32.97,34.2,31.96,4143000.0
20251217,300509,新美星,12.12,12.13,12.2,11.69,10334000.0
20251217,300510,金冠股份,4.2,4.12,4.21,4.0,27673000.0
20251217,300511,雪榕生物,6.3,6.23,6.32,6.09,14642500.0
20251217,300512,中亚股份,10.02,10.44,10.65,9.79,26985500.0
20251217,300513,恒实科技,10.0,9.8,10.01,9.49,13909800.0
20251217,300514,友讯达,12.91,12.93,13.02,12.56,3657200.0
20251217,300515,三德科技,18.77,19.07,19.13,18.54,2099000.0
20251217,300516,久之洋,67.88,65.91,73.8,65.88,31485500.0
20251217,300517,海波重科,10.66,10.63,10.73,10.37,3088000.0
20251217,300518,新迅达,16.89,16.38,17.11,15.75,11946300.0
20251217,300519,新光药业,15.0,15.18,15.26,14.87,2449700.0
20251217,300520,科大国创,37.0,37.6,38.28,36.02,39581100.0
20251217,300521,爱司凯,26.69,27.11,27.28,25.91,3527200.0
20251217,300522,世名科技,12.17,11.91,12.21,11.59,5491300.0
20251217,300523,辰安科技,22.69,22.56,22.89,22.07,5042600.0
20251217,300525,博思软件,13.52,13.72,13.73,13.36,18656100.0
20251217,300528,幸福蓝海,18.94,19.34,19.34,18.52,12340300.0
20251217,300529,健帆生物,19.7,19.66,19.74,19.34,3019800.0
20251217,300530,领湃科技,26.76,26.6,26.76,25.9,1719300.0
20251217,300531,优博讯,16.96,17.07,17.08,16.4,6915100.0
20251217,300532,今天国际,11.41,11.49,11.5,11.23,4046500.0
20251217,300533,冰川网络,32.98,33.88,33.88,32.95,6505400.0
20251217,300534,陇神戎发,9.49,9.55,9.56,9.34,5592700.0
20251217,300535,达威股份,17.09,17.23,17.34,16.73,1993700.0
20251217,300536,农尚环境,7.16,7.15,7.2,6.96,6429400.0
20251217,300537,广信材料,23.91,23.41,23.91,22.74,8940700.0
20251217,300538,同益股份,15.82,15.61,15.92,15.2,7509200.0
20251217,300539,横河精密,38.8,39.77,40.08,38.58,3382400.0
20251217,300540,蜀道装备,18.74,19.32,19.35,18.15,8521000.0
20251217,300541,先进数通,14.02,14.23,14.23,13.76,10272600.0
20251217,300542,新晨科技,20.1,19.87,20.19,19.33,23930900.0
20251217,300543,朗科智能,10.25,10.25,10.39,10.03,6638100.0
20251217,300545,联得装备,28.9,29.74,29.88,28.64,7338400.0
20251217,300546,雄帝科技,24.6,24.69,24.94,24.11,13788800.0
20251217,300547,川环科技,32.73,35.76,35.8,32.73,23159100.0
20251217,300548,长芯博创,127.36,134.33,135.15,127.36,29821800.0
20251217,300549,优德精密,17.89,17.74,17.99,17.24,3501300.0
20251217,300550,和仁科技,12.44,12.57,12.63,12.24,3097300.0
20251217,300551,古鳌科技,13.81,16.8,16.8,13.51,50628400.0
20251217,300552,万集科技,28.07,29.26,30.12,27.01,40091900.0
20251217,300553,集智股份,36.1,36.12,36.32,34.89,2651400.0
20251217,300554,三超新材,22.6,22.92,22.93,21.91,2953800.0
20251217,300556,丝路视觉,18.22,18.27,18.3,17.68,3884100.0
20251217,300557,理工光科,30.6,32.95,33.22,30.2,14442900.0
20251217,300558,贝达药业,45.56,46.44,46.53,45.25,3950600.0
20251217,300559,佳发教育,10.73,11.38,11.38,10.61,13038400.0
20251217,300560,中富通,17.42,17.25,17.64,16.6,22076500.0
20251217,300561,汇金科技,12.88,13.0,13.08,12.61,5797800.0
20251217,300562,乐心医疗,13.23,13.31,13.41,13.09,3895300.0
20251217,300563,神宇股份,35.0,35.7,35.72,34.82,3838400.0
20251217,300564,筑博设计,14.81,14.85,15.07,14.6,1197900.0
20251217,300565,科信技术,12.13,12.62,13.18,12.13,28449500.0
20251217,300566,激智科技,17.5,17.79,17.79,17.21,5432000.0
20251217,300567,精测电子,75.05,77.62,77.92,74.39,8860800.0
20251217,300568,星源材质,13.99,14.3,14.35,13.83,64613500.0
20251217,300569,天能重工,5.62,5.65,5.66,5.51,16690900.0
20251217,300570,太辰光,111.75,120.8,120.99,110.5,27017100.0
20251217,300571,平治信息,26.53,27.17,27.17,26.02,2810400.0
20251217,300572,安车检测,28.16,28.12,28.41,27.53,4781200.0
20251217,300573,兴齐眼药,66.99,68.14,68.37,66.44,5109100.0
20251217,300575,中旗股份,5.72,5.71,5.75,5.63,6600600.0
20251217,300576,容大感光,42.02,41.39,42.04,39.78,29659700.0
20251217,300577,开润股份,21.54,21.99,22.05,21.54,1767300.0
20251217,300578,会畅科技,19.22,19.39,19.59,18.76,6788100.0
20251217,300579,数字认证,28.35,28.66,28.71,27.8,3140500.0
20251217,300580,贝斯特,22.88,22.91,23.04,22.36,4789100.0
20251217,300581,晨曦航空,15.51,15.58,15.89,15.21,18164800.0
20251217,300582,英飞特,14.76,14.93,14.99,14.43,6072200.0
20251217,300583,赛托生物,13.8,13.52,13.8,13.29,3463000.0
20251217,300584,海辰药业,47.8,50.55,52.44,47.39,6859800.0
20251217,300585,奥联电子,21.0,20.74,21.27,20.17,7887900.0
20251217,300586,美联新材,9.5,9.63,9.7,9.4,6867600.0
20251217,300587,天铁科技,7.19,7.12,7.19,6.91,17357700.0
20251217,300588,熙菱信息,26.6,26.36,27.34,26.25,4018000.0
20251217,300589,江龙船艇,18.41,18.56,18.71,18.0,34889500.0
20251217,300590,移为通信,12.15,12.11,12.35,11.81,8937900.0
20251217,300591,万里马,9.62,9.41,9.84,9.2,41963000.0
20251217,300592,华凯易佰,10.31,10.58,10.58,10.31,7186600.0
20251217,300593,新雷能,26.01,27.86,27.86,25.88,50253200.0
20251217,300595,欧普康视,14.72,14.83,14.85,14.61,7836700.0
20251217,300596,利安隆,41.52,43.98,44.19,41.52,10426600.0
20251217,300597,吉大通信,8.85,8.78,8.9,8.58,7858100.0
20251217,300598,诚迈科技,43.68,44.42,44.53,43.33,5034200.0
20251217,300599,雄塑科技,7.33,7.26,7.48,7.13,7890000.0
20251217,300600,国瑞科技,14.5,14.35,14.55,13.89,8177300.0
20251217,300601,康泰生物,14.85,15.0,15.03,14.7,8277500.0
20251217,300602,飞荣达,27.2,29.55,29.67,27.2,36381900.0
20251217,300603,立昂技术,9.41,9.48,9.49,9.18,8383500.0
20251217,300604,长川科技,87.38,89.98,90.39,86.18,27205400.0
20251217,300605,恒锋信息,15.44,15.6,15.65,15.01,10306600.0
20251217,300606,金太阳,20.58,20.81,20.87,20.07,3379000.0
20251217,300607,拓斯达,27.3,27.62,27.8,26.92,7865400.0
20251217,300608,思特奇,10.95,11.17,11.17,10.91,5411200.0
20251217,300609,汇纳科技,36.11,36.71,36.89,35.44,4305200.0
20251217,300610,晨化股份,11.08,11.16,11.2,10.86,2690600.0
20251217,300611,美力科技,25.9,26.14,26.24,25.49,5124300.0
20251217,300612,宣亚国际,15.7,16.14,16.14,15.58,13394700.0
20251217,300613,富瀚微,44.32,44.92,45.01,43.51,2960200.0
20251217,300614,百川畅银,12.73,11.27,12.92,10.9,13735000.0
20251217,300615,欣天科技,12.71,12.96,13.0,12.42,6372300.0
20251217,300616,尚品宅配,13.32,13.14,13.55,12.87,5552800.0
20251217,300617,安靠智电,30.95,31.18,31.24,30.0,2135200.0
20251217,300618,寒锐钴业,41.69,42.68,42.85,41.52,7278600.0
20251217,300619,金银河,42.87,44.01,44.3,42.87,10920500.0
20251217,300620,光库科技,159.0,166.92,167.88,158.61,21969200.0
20251217,300621,维业股份,8.27,8.22,8.33,8.04,5161800.0
20251217,300622,博士眼镜,28.71,29.18,29.24,28.15,8335600.0
20251217,300623,捷捷微电,27.02,27.22,27.38,26.51,15369300.0
20251217,300624,万兴科技,64.28,66.52,66.55,64.28,6444800.0
20251217,300625,三雄极光,11.82,11.78,11.89,11.48,3243700.0
20251217,300626,华瑞股份,12.2,12.04,12.26,11.69,8611600.0
20251217,300627,华测导航,31.28,31.8,32.07,30.82,19562000.0
20251217,300628,亿联网络,35.66,36.13,36.3,35.57,8263700.0
20251217,300629,新劲刚,18.76,18.48,18.98,18.1,6818500.0
20251217,300631,久吾高科,27.7,28.35,28.4,27.31,3208700.0
20251217,300632,光莆股份,13.98,13.81,14.32,13.48,15787600.0
20251217,300633,开立医疗,26.55,26.62,26.71,26.04,2061800.0
20251217,300634,彩讯股份,23.41,23.72,23.72,22.94,8939400.0
20251217,300635,中达安,15.6,15.8,15.85,15.2,2898400.0
20251217,300636,同和药业,7.59,7.65,7.66,7.54,4828400.0
20251217,300637,扬帆新材,11.98,11.72,12.09,11.27,8942800.0
20251217,300638,广和通,27.28,28.0,28.14,26.7,37936600.0
20251217,300639,凯普生物,5.41,5.44,5.47,5.35,5568700.0
20251217,300640,德艺文创,7.3,7.38,7.48,7.21,36796600.0
20251217,300641,正丹股份,17.76,17.76,17.86,17.42,3626600.0
20251217,300642,透景生命,18.18,18.3,18.34,17.81,3075600.0
20251217,300643,万通智控,18.36,18.37,18.58,18.04,3246400.0
20251217,300644,南京聚隆,31.53,32.05,32.05,30.95,1756700.0
20251217,300645,正元智慧,17.13,17.21,17.33,16.81,2993800.0
20251217,300647,超频三,6.64,6.57,6.76,6.37,20518500.0
20251217,300648,星云股份,51.4,53.99,54.2,51.0,8585300.0
20251217,300649,杭州园林,13.67,13.68,13.77,13.29,2730400.0
20251217,300650,太龙股份,16.62,16.72,16.79,15.99,8175200.0
20251217,300651,金陵体育,20.5,20.32,20.58,19.88,5533300.0
20251217,300652,雷迪克,48.93,49.96,50.0,48.06,1627400.0
20251217,300653,正海生物,20.3,20.43,20.44,19.91,2137600.0
20251217,300654,世纪天鸿,9.14,9.24,9.29,8.95,10742900.0
20251217,300655,晶瑞电材,17.7,17.38,17.74,16.77,111952000.0
20251217,300656,民德电子,20.19,20.09,20.23,19.53,2071500.0
20251217,300657,弘信电子,27.0,27.98,28.08,26.81,16375300.0
20251217,300658,延江股份,12.33,11.96,12.38,11.93,13678200.0
20251217,300659,中孚信息,15.88,15.36,16.13,14.73,22269500.0
20251217,300660,江苏雷利,46.02,46.86,47.25,45.5,5655400.0
20251217,300661,圣邦股份,64.23,66.03,66.09,64.05,10222000.0
20251217,300662,科锐国际,24.92,25.05,25.98,24.73,5088100.0
20251217,300663,科蓝软件,17.01,17.01,17.19,16.6,9542900.0
20251217,300664,鹏鹞环保,5.32,5.33,5.35,5.24,10215100.0
20251217,300665,飞鹿股份,9.44,9.41,9.47,9.18,7934900.0
20251217,300666,江丰电子,89.0,91.87,92.15,87.51,11994700.0
20251217,300667,必创科技,16.71,16.5,16.89,16.1,9826400.0
20251217,300668,杰恩股份,19.2,19.15,19.28,18.77,2241000.0
20251217,300669,沪宁股份,25.1,25.09,25.42,24.27,1293900.0
20251217,300670,大烨智能,7.51,7.61,7.85,7.3,9106900.0
20251217,300671,富满微,31.8,32.23,32.28,31.26,3813700.0
20251217,300672,国科微,96.8,99.2,100.39,95.05,6924300.0
20251217,300673,佩蒂股份,17.78,17.88,18.24,17.56,4522400.0
20251217,300674,宇信科技,21.56,21.8,21.95,21.11,13772800.0
20251217,300675,建科院,15.28,15.21,15.34,14.88,2979300.0
20251217,300676,华大基因,44.7,45.68,45.84,44.7,4352400.0
20251217,300677,英科医疗,42.73,44.75,45.0,41.97,13522700.0
20251217,300678,中科信息,29.29,29.4,29.49,28.7,4767700.0
20251217,300679,电连技术,47.17,48.78,49.5,47.02,11586000.0
20251217,300680,隆盛科技,45.25,45.89,46.45,44.69,6729000.0
20251217,300681,英搏尔,23.66,24.02,24.2,23.3,9864100.0
20251217,300682,朗新科技,14.95,15.18,15.22,14.74,13919700.0
20251217,300683,海特生物,27.78,27.95,27.95,27.1,2890000.0
20251217,300684,中石科技,42.3,46.8,46.8,42.3,36264600.0
20251217,300685,艾德生物,20.34,20.49,20.56,20.16,5001400.0
20251217,300686,智动力,14.48,14.9,15.01,14.24,7230400.0
20251217,300687,赛意信息,21.71,22.22,22.28,21.61,9453100.0
20251217,300688,创业黑马,28.49,29.01,29.31,28.0,9147700.0
20251217,300689,澄天伟业,42.46,43.18,43.45,41.3,1361800.0
20251217,300690,双一科技,31.96,31.27,32.11,30.41,7878700.0
20251217,300691,联合光电,16.82,16.79,17.01,16.35,6334500.0
20251217,300692,中赋科技,8.38,8.5,8.6,8.32,8825200.0
20251217,300693,盛弘股份,37.72,39.02,39.15,37.4,8993000.0
20251217,300694,蠡湖股份,11.75,11.7,11.86,11.43,4710500.0
20251217,300695,兆丰股份,85.06,87.12,87.79,84.9,614000.0
20251217,300696,爱乐达,26.33,26.12,26.54,25.4,6287700.0
20251217,300697,电工合金,16.12,16.33,16.37,15.79,9237800.0
20251217,300698,万马科技,40.29,40.01,41.66,38.63,10173200.0
20251217,300699,光威复材,30.02,29.94,30.29,29.52,17275200.0
20251217,300700,岱勒新材,11.88,12.5,12.56,11.79,11497700.0
20251217,300701,森霸传感,12.89,13.86,13.88,12.87,32936300.0
20251217,300702,天宇股份,23.25,23.61,23.78,23.25,1683700.0
20251217,300703,创源股份,22.85,22.93,23.05,22.4,3341500.0
20251217,300705,九典制药,15.2,15.35,15.38,15.17,3968800.0
20251217,300706,阿石创,34.84,35.18,35.35,33.96,4812700.0
20251217,300707,威唐工业,15.98,15.61,16.16,15.26,8795500.0
20251217,300708,聚灿光电,8.62,8.7,8.72,8.45,23590400.0
20251217,300709,精研科技,41.47,43.07,43.1,41.45,4585200.0
20251217,300711,广哈通信,21.55,21.69,21.88,20.76,5684300.0
20251217,300712,永福股份,27.89,27.8,28.0,27.01,4524500.0
20251217,300713,英可瑞,16.82,16.95,17.15,16.41,3971700.0
20251217,300715,凯伦股份,10.39,10.48,10.65,10.28,3160900.0
20251217,300717,华信新材,18.2,18.28,18.41,17.84,1651500.0
20251217,300718,长盛轴承,77.76,78.8,79.38,77.0,4058000.0
20251217,300719,安达维尔,16.79,16.3,16.86,15.92,7302100.0
20251217,300720,海川智能,28.69,28.64,29.8,28.22,7656900.0
20251217,300721,怡达股份,12.66,12.53,12.7,12.24,4196000.0
20251217,300722,新余国科,32.08,31.61,32.5,30.75,7054900.0
20251217,300723,一品红,32.91,33.34,33.45,31.7,25581300.0
20251217,300724,捷佳伟创,86.21,88.32,88.7,85.32,9863600.0
20251217,300725,药石科技,37.53,37.93,37.96,37.04,3430100.0
20251217,300726,宏达电子,40.2,40.35,40.56,39.06,6760000.0
20251217,300727,润禾材料,31.84,34.2,34.7,31.84,7653800.0
20251217,300729,乐歌股份,13.46,13.58,13.68,13.41,2498700.0
20251217,300730,科创信息,12.41,12.61,12.65,12.23,7455900.0
20251217,300731,科创新源,48.35,53.18,53.67,48.35,23248400.0
20251217,300732,设研院,7.38,7.38,7.45,7.24,7193400.0
20251217,300733,西菱动力,17.71,17.47,17.94,16.81,6903800.0
20251217,300735,光弘科技,23.89,24.3,24.39,23.63,8729000.0
20251217,300736,百邦科技,19.5,19.38,19.68,18.66,10402300.0
20251217,300737,科顺股份,5.3,5.21,5.33,5.11,22816000.0
20251217,300738,奥飞数据,17.96,18.27,18.4,17.82,21164400.0
20251217,300739,明阳电路,17.26,17.68,17.72,16.78,18018300.0
20251217,300740,水羊股份,21.89,22.44,23.09,21.29,36216600.0
20251217,300741,华宝股份,18.92,19.35,19.46,18.75,4457100.0
20251217,300743,天地数码,19.7,19.99,20.12,19.53,7764300.0
20251217,300745,欣锐科技,25.0,25.09,25.27,24.38,5190400.0
20251217,300746,汉嘉数智,12.0,11.89,12.04,11.61,3327100.0
20251217,300747,锐科激光,24.91,25.03,25.25,24.34,11012600.0
20251217,300748,金力永磁,32.6,33.05,33.1,31.86,32810600.0
20251217,300749,顶固集创,10.57,10.58,10.64,10.27,5658400.0
20251217,300750,宁德时代,376.45,383.42,384.5,375.06,22257400.0
20251217,300751,迈为股份,157.78,157.73,159.99,154.63,9507400.0
20251217,300752,隆利科技,17.56,17.57,17.64,17.02,3922000.0
20251217,300753,爱朋医疗,25.55,25.82,26.78,25.32,5220100.0
20251217,300755,华致酒行,17.95,18.21,18.4,17.68,7258700.0
20251217,300756,金马游乐,56.34,56.04,56.5,54.91,2534900.0
20251217,300757,罗博特科,205.0,212.78,213.8,202.12,5973500.0
20251217,300758,七彩化学,12.27,12.3,12.42,12.1,4489400.0
20251217,300759,康龙化成,28.38,29.19,29.4,28.31,16014600.0
20251217,300760,迈瑞医疗,194.8,196.36,197.84,193.47,5777500.0
20251217,300761,立华股份,21.0,20.29,21.0,19.8,10610100.0
20251217,300762,上海瀚讯,33.04,34.4,35.2,32.93,96222800.0
20251217,300763,锦浪科技,69.75,71.35,71.48,69.35,6974000.0
20251217,300765,石药创新,28.57,29.03,29.2,28.41,9766300.0
20251217,300766,每日互动,29.83,30.37,30.5,29.7,10252300.0
20251217,300767,震安科技,20.6,20.66,20.74,19.92,6228600.0
20251217,300768,迪普科技,18.51,18.52,18.66,18.05,5740900.0
20251217,300769,德方纳米,42.61,43.75,43.76,42.29,18696800.0
20251217,300770,新媒股份,42.08,42.71,42.98,41.95,1994300.0
20251217,300771,智莱科技,16.1,15.58,16.7,15.48,59047100.0
20251217,300772,运达股份,18.48,19.05,19.15,18.21,11345900.0
20251217,300773,拉卡拉,22.19,22.12,22.35,21.33,44336100.0
20251217,300774,倍杰特,17.0,17.9,18.15,16.7,15150000.0
20251217,300775,三角防务,28.5,28.64,28.81,27.6,31373200.0
20251217,300776,帝尔激光,57.89,58.46,58.8,57.0,4275100.0
20251217,300777,中简科技,32.75,32.83,33.2,32.32,11254200.0
20251217,300778,新城市,12.6,12.42,12.66,12.16,5029000.0
20251217,300779,惠城环保,137.0,142.72,142.9,135.2,5047700.0
20251217,300780,德恩精工,18.16,17.4,18.2,17.04,7002600.0
20251217,300781,因赛集团,32.1,32.3,32.33,31.34,3441600.0
20251217,300782,卓胜微,74.0,78.78,80.7,73.6,31674100.0
20251217,300783,三只松鼠,23.49,23.64,24.11,23.08,15385900.0
20251217,300784,利安科技,49.14,48.89,49.56,48.0,438900.0
20251217,300785,值得买,38.7,39.49,39.53,38.33,10699100.0
20251217,300786,国林科技,15.4,15.31,15.42,14.87,6580500.0
20251217,300787,海能实业,11.03,11.15,11.2,10.9,4731400.0
20251217,300788,中信出版,27.25,27.45,27.45,27.05,1160300.0
20251217,300789,唐源电气,20.97,21.05,21.14,20.55,1348200.0
20251217,300790,宇瞳光学,29.6,30.16,30.28,28.82,17691100.0
20251217,300791,仙乐健康,23.7,23.79,24.2,23.25,3606300.0
20251217,300792,壹网壹创,27.32,27.99,27.99,26.77,5864600.0
20251217,300793,佳禾智能,15.43,15.6,15.64,15.04,9907600.0
20251217,300795,米奥会展,14.04,13.83,14.04,13.67,2492000.0
20251217,300796,贝斯美,8.41,8.32,8.42,8.16,5774900.0
20251217,300797,钢研纳克,16.5,16.01,16.68,15.7,7351900.0
20251217,300798,锦鸡股份,7.01,7.03,7.06,6.86,6657900.0
20251217,300800,力合科技,11.12,11.02,11.17,10.85,2206100.0
20251217,300801,泰和科技,26.1,26.44,26.5,25.7,4841500.0
20251217,300802,矩子科技,18.05,18.16,18.2,17.69,3092200.0
20251217,300803,指南针,126.5,134.65,138.0,126.0,44929800.0
20251217,300804,广康生化,33.49,33.93,33.97,32.77,1014800.0
20251217,300805,电声股份,10.18,10.29,10.33,10.02,6520100.0
20251217,300806,斯迪克,25.86,26.8,27.0,25.83,8970400.0
20251217,300807,天迈科技,48.38,47.05,49.8,45.0,5340100.0
20251217,300808,久量股份,28.16,29.05,29.19,27.85,1660000.0
20251217,300809,华辰装备,33.23,33.15,33.54,32.51,3800900.0
20251217,300810,中科海讯,36.55,37.15,37.23,36.15,2360400.0
20251217,300811,铂科新材,68.08,71.16,71.58,68.08,5523800.0
20251217,300812,易天股份,26.43,28.83,29.13,25.93,12159700.0
20251217,300813,泰林生物,24.56,24.72,24.88,23.99,1676800.0
20251217,300814,中富电路,72.8,78.64,79.2,72.69,17565800.0
20251217,300815,玉禾田,21.92,21.83,22.18,21.3,6942600.0
20251217,300816,艾可蓝,40.46,40.37,40.8,39.12,1421000.0
20251217,300817,双飞集团,18.75,18.49,18.99,18.05,2831900.0
20251217,300818,耐普矿机,33.4,34.08,34.11,33.12,1909100.0
20251217,300819,聚杰微纤,25.13,25.3,25.33,24.45,3243500.0
20251217,300820,英杰电气,47.16,47.46,47.79,46.3,2890500.0
20251217,300821,东岳硅材,11.4,11.77,11.85,11.32,38939400.0
20251217,300822,贝仕达克,15.65,15.72,15.85,15.13,3691000.0
20251217,300823,建科智能,14.56,14.51,14.71,14.25,2303100.0
20251217,300824,北鼎股份,11.23,11.2,11.27,10.94,2920300.0
20251217,300825,阿尔特,9.24,9.21,9.37,9.0,7428000.0
20251217,300826,测绘股份,16.61,16.58,16.71,16.38,2405800.0
20251217,300827,上能电气,35.0,36.26,36.6,34.81,25582100.0
20251217,300828,锐新科技,15.08,15.36,15.37,14.85,3232200.0
20251217,300829,金丹科技,16.45,16.7,16.71,16.19,3178100.0
20251217,300830,金现代,9.9,10.07,10.12,9.85,7874900.0
20251217,300832,新产业,58.93,60.27,60.5,58.93,3169800.0
20251217,300833,浩洋股份,42.02,43.0,43.5,41.72,1199500.0
20251217,300834,星辉环材,21.28,21.39,21.43,21.0,954600.0
20251217,300835,龙磁科技,59.7,60.6,60.86,59.6,2195800.0
20251217,300836,佰奥智能,52.72,52.95,53.97,51.84,1366400.0
20251217,300837,浙矿股份,30.01,30.14,30.68,28.8,5443800.0
20251217,300838,浙江力诺,13.81,13.78,13.88,13.44,2157000.0
20251217,300839,博汇股份,11.92,11.75,11.92,11.5,3180900.0
20251217,300840,酷特智能,16.2,16.3,16.35,15.77,4917400.0
20251217,300841,康华生物,73.6,75.75,75.93,73.5,1369100.0
20251217,300842,帝科股份,65.0,60.46,65.0,58.68,8688800.0
20251217,300843,胜蓝股份,44.3,46.65,46.8,44.28,6814600.0
20251217,300844,山水比德,34.09,33.94,34.23,33.0,1168200.0
20251217,300845,捷安高科,10.87,10.88,11.02,10.6,4409200.0
20251217,300846,首都在线,18.18,18.42,18.45,17.94,10489900.0
20251217,300847,中船汉光,16.54,16.52,16.66,16.18,5285400.0
20251217,300848,美瑞新材,14.16,14.4,14.42,14.0,3419100.0
20251217,300849,锦盛新材,16.15,16.41,16.45,16.01,2034800.0
20251217,300850,新强联,45.44,45.83,45.87,44.05,8702900.0
20251217,300851,交大思诺,25.81,25.89,26.13,25.32,875700.0
20251217,300852,四会富仕,35.48,36.68,36.73,35.08,3473400.0
20251217,300853,申昊科技,19.22,19.26,19.5,18.81,2643100.0
20251217,300854,中兰环保,15.69,15.51,15.71,15.11,2322400.0
20251217,300855,图南股份,29.96,29.9,30.28,28.77,8369000.0
20251217,300856,科思股份,15.52,15.6,15.88,15.25,9963600.0
20251217,300857,协创数据,143.02,142.22,146.3,136.46,14214100.0
20251217,300858,科拓生物,16.48,16.36,16.69,16.11,4193600.0
20251217,300859,西域旅游,36.3,38.02,38.39,36.09,13039100.0
20251217,300860,锋尚文化,26.49,26.05,26.56,25.31,7269300.0
20251217,300861,美畅股份,14.19,14.21,14.27,13.9,7099600.0
20251217,300862,蓝盾光电,22.04,21.95,22.2,21.35,4774200.0
20251217,300863,卡倍亿,48.5,49.37,49.39,47.64,2373000.0
20251217,300864,南大环境,19.17,19.23,19.46,19.01,902600.0
20251217,300865,大宏立,26.58,26.21,26.58,25.62,1332100.0
20251217,300866,安克创新,108.4,110.26,110.89,106.81,3578600.0
20251217,300867,圣元环保,20.32,20.09,20.57,19.68,9744300.0
20251217,300868,杰美特,27.4,27.85,28.19,26.96,1572700.0
20251217,300869,康泰医学,15.4,15.35,15.44,15.11,2985200.0
20251217,300870,欧陆通,205.01,219.16,220.98,205.01,9066900.0
20251217,300871,回盛生物,20.99,20.43,21.08,19.9,8232500.0
20251217,300872,天阳科技,19.5,19.23,19.5,18.48,31331100.0
20251217,300873,海晨股份,21.1,21.88,22.02,20.96,3531500.0
20251217,300875,捷强装备,39.26,39.64,39.64,38.12,3119200.0
20251217,300876,蒙泰高新,35.61,35.01,35.99,33.8,3415100.0
20251217,300877,金春股份,25.55,25.6,25.72,25.01,1164300.0
20251217,300878,维康药业,20.53,20.87,20.95,20.3,1934300.0
20251217,300879,大叶股份,29.09,28.54,29.4,28.0,4923900.0
20251217,300880,迦南智能,17.51,17.59,17.64,17.0,1610800.0
20251217,300881,盛德鑫泰,32.84,32.68,32.89,31.91,1366800.0
20251217,300882,万胜智能,18.65,18.68,18.84,18.1,5965500.0
20251217,300883,龙利得,6.5,6.47,6.57,6.33,6085900.0
20251217,300884,狄耐克,14.53,14.09,14.67,13.75,14008800.0
20251217,300885,海昌新材,22.73,22.79,23.05,22.03,9830700.0
20251217,300886,华业香料,25.2,25.19,25.35,24.62,1290000.0
20251217,300887,谱尼测试,8.45,7.74,8.49,7.47,32689900.0
20251217,300888,稳健医疗,37.4,38.19,38.3,37.28,3734900.0
20251217,300889,爱克股份,21.22,20.62,21.43,20.38,6959400.0
20251217,300890,翔丰华,28.85,29.35,29.35,28.37,4414300.0
20251217,300891,惠云钛业,8.48,8.43,8.53,8.27,4997100.0
20251217,300892,品渥食品,31.55,31.86,32.58,31.03,4701900.0
20251217,300893,松原安全,23.6,24.14,24.15,23.49,2982900.0
20251217,300894,火星人,11.22,11.28,11.28,10.91,4349600.0
20251217,300895,铜牛信息,44.44,45.36,45.4,43.81,3061400.0
20251217,300896,爱美客,139.31,142.01,142.4,138.0,3430200.0
20251217,300897,山科智能,24.92,24.95,24.99,24.04,1848700.0
20251217,300898,熊猫乳品,27.61,28.29,29.15,27.27,11572100.0
20251217,300899,上海凯鑫,30.82,31.15,31.29,30.31,432600.0
20251217,300900,广联航空,22.9,22.47,23.37,21.88,28295000.0
20251217,300901,中胤时尚,15.83,16.12,16.25,15.68,2699800.0
20251217,300902,国安达,21.17,21.27,21.36,20.55,7934200.0
20251217,300903,科翔股份,18.92,18.64,19.14,18.04,26607400.0
20251217,300904,威力传动,62.23,63.13,63.2,61.06,825300.0
20251217,300905,宝丽迪,31.18,31.3,31.33,30.62,2197400.0
20251217,300906,日月明,33.62,36.57,36.57,33.62,8167300.0
20251217,300907,康平科技,28.07,28.4,28.43,27.55,1718300.0
20251217,300908,仲景食品,27.68,28.04,28.25,27.52,1391600.0
20251217,300909,汇创达,42.89,42.26,43.77,41.7,3677600.0
20251217,300910,瑞丰新材,57.27,57.92,58.2,56.91,1535100.0
20251217,300911,亿田智能,32.56,33.26,33.85,32.35,3740300.0
20251217,300912,凯龙高科,15.51,15.52,15.78,15.08,2952200.0
20251217,300913,兆龙互连,51.29,53.94,54.03,51.29,7993000.0
20251217,300915,海融科技,23.43,23.5,23.72,23.12,900700.0
20251217,300916,朗特智能,32.5,32.75,32.96,31.92,1215900.0
20251217,300917,特发服务,39.72,39.84,40.21,39.0,6305000.0
20251217,300918,南山智尚,15.48,15.8,15.98,15.35,14940100.0
20251217,300919,中伟新材,39.38,40.87,41.2,39.29,14183700.0
20251217,300920,润阳科技,38.01,38.38,38.46,37.45,1030800.0
20251217,300921,南凌科技,22.9,23.06,23.07,22.11,4478600.0
20251217,300922,天秦装备,22.13,22.06,22.48,21.43,2766700.0
20251217,300923,研奥股份,24.14,24.33,24.49,23.75,1054800.0
20251217,300925,法本信息,19.81,20.11,20.19,19.4,10340800.0
20251217,300926,博俊科技,29.75,30.08,30.08,29.5,3154600.0
20251217,300927,江天化学,22.61,22.82,22.88,22.22,2066400.0
20251217,300928,华安鑫创,29.75,29.8,30.87,29.01,2067000.0
20251217,300929,华骐环保,10.39,10.35,10.48,10.16,2978600.0
20251217,300930,屹通新材,28.51,28.67,28.78,27.88,1010600.0
20251217,300931,通用电梯,10.34,10.88,10.9,10.15,4890800.0
20251217,300932,三友联众,12.72,12.79,12.85,12.34,9937100.0
20251217,300933,中辰股份,7.88,7.86,7.95,7.62,13076200.0
20251217,300935,盈建科,29.3,30.76,31.52,29.3,2368500.0
20251217,300936,中英科技,35.32,35.84,35.97,34.54,918400.0
20251217,300937,药易购,31.38,32.9,33.88,31.14,9672200.0
20251217,300938,信测标准,32.99,32.0,33.34,31.82,8275100.0
20251217,300939,秋田微,35.08,35.71,35.95,34.21,5201500.0
20251217,300940,南极光,31.3,31.86,32.95,31.3,9618500.0
20251217,300941,创识科技,29.92,29.72,30.1,28.32,30533900.0
20251217,300942,易瑞生物,9.32,9.37,9.42,9.21,2812100.0
20251217,300943,春晖智控,20.98,20.45,21.3,20.05,15665400.0
20251217,300945,曼卡龙,16.59,17.0,17.22,16.59,9246700.0
20251217,300946,恒而达,49.63,50.44,50.63,49.23,2069500.0
20251217,300947,德必集团,18.68,18.51,18.77,18.09,3977800.0
20251217,300948,冠中生态,20.75,20.3,22.22,19.8,15948000.0
20251217,300949,奥雅股份,39.97,39.59,40.19,38.56,1272300.0
20251217,300950,德固特,22.38,22.33,22.38,21.63,3034700.0
20251217,300951,博硕科技,33.48,33.33,33.6,32.52,1440500.0
20251217,300952,恒辉安防,32.58,33.45,33.67,32.4,5393700.0
20251217,300953,震裕科技,141.7,144.02,144.9,141.5,2636200.0
20251217,300955,嘉亨家化,39.39,39.3,39.99,38.38,3990700.0
20251217,300956,英力股份,16.11,16.02,16.25,15.64,3953200.0
20251217,300957,贝泰妮,40.66,40.96,41.25,40.12,3859600.0
20251217,300958,建工修复,12.08,12.15,12.23,11.87,2731400.0
20251217,300959,线上线下,107.19,116.12,117.02,106.02,7346500.0
20251217,300960,通业科技,23.69,23.76,23.88,23.2,1072900.0
20251217,300961,深水海纳,13.78,13.7,13.83,13.46,2968300.0
20251217,300962,中金辐照,16.0,16.11,16.2,15.77,3190200.0
20251217,300963,中洲特材,21.62,21.81,22.65,20.77,56763200.0
20251217,300964,本川智能,57.75,60.49,60.77,57.05,8063900.0
20251217,300965,恒宇信通,65.52,67.62,68.47,63.81,2618500.0
20251217,300966,共同药业,19.46,19.45,19.55,19.14,1037400.0
20251217,300967,晓鸣股份,19.3,19.7,19.88,18.76,11851400.0
20251217,300968,格林精密,13.84,13.91,13.97,13.5,8579800.0
20251217,300969,恒帅股份,96.2,104.18,106.0,96.05,4334800.0
20251217,300970,华绿生物,16.39,16.58,16.68,16.08,2883300.0
20251217,300971,博亚精工,24.07,22.55,24.15,21.7,10840900.0
20251217,300972,万辰集团,177.42,188.0,189.85,177.0,2938000.0
20251217,300973,立高食品,39.12,39.42,40.09,38.55,3420700.0
20251217,300975,商络电子,12.09,12.22,12.23,11.67,23686000.0
20251217,300976,达瑞电子,56.78,57.91,57.99,56.45,1221700.0
20251217,300977,深圳瑞捷,17.31,17.01,17.31,16.69,1220200.0
20251217,300978,东箭科技,12.62,13.16,13.58,12.62,42566000.0
20251217,300979,华利集团,55.88,56.25,57.0,55.8,1418200.0
20251217,300980,祥源新材,26.02,26.74,26.78,25.8,5643100.0
20251217,300981,中红医疗,13.04,13.02,13.14,12.71,5217100.0
20251217,300982,苏文电能,21.05,20.48,21.1,20.12,6367400.0
20251217,300983,尤安设计,25.62,26.26,26.33,25.46,586100.0
20251217,300984,金沃股份,62.83,63.6,63.83,62.32,1901900.0
20251217,300985,致远新能,17.76,17.85,17.97,17.33,2514000.0
20251217,300986,志特新材,9.8,9.85,9.87,9.68,5337800.0
20251217,300987,川网传媒,16.07,16.2,16.24,15.81,2183800.0
20251217,300988,津荣天宇,22.61,22.53,22.87,21.86,4627200.0
20251217,300989,蕾奥规划,17.25,17.04,17.25,16.41,11100200.0
20251217,300990,同飞股份,70.86,81.36,81.8,70.86,8848800.0
20251217,300991,创益通,39.0,38.94,39.27,37.85,1488700.0
20251217,300992,泰福泵业,25.26,24.94,25.26,24.22,1893700.0
20251217,300993,玉马科技,15.0,14.9,15.3,14.48,9931100.0
20251217,300994,久祺股份,15.29,15.16,15.39,14.83,4127700.0
20251217,300995,奇德新材,37.5,37.52,38.25,36.18,2537300.0
20251217,300996,普联软件,15.97,16.15,16.22,15.81,5435400.0
20251217,300997,欢乐家,31.49,30.56,33.54,29.3,34472100.0
20251217,300998,宁波方正,20.72,20.8,20.96,19.98,1923200.0
20251217,300999,金龙鱼,28.75,29.04,29.06,28.53,10945200.0
20251217,301000,肇民科技,35.56,36.32,36.45,35.16,3959500.0
20251217,301001,凯淳股份,28.3,28.12,28.5,27.15,3333100.0
20251217,301002,崧盛股份,27.64,27.72,28.29,27.02,2346300.0
20251217,301003,江苏博云,38.78,39.45,39.49,38.3,983900.0
20251217,301004,嘉益股份,50.9,51.8,51.95,50.9,494800.0
20251217,301005,超捷股份,95.19,92.77,97.0,89.36,22679900.0
20251217,301006,迈拓股份,15.82,15.83,16.07,15.56,1220000.0
20251217,301007,德迈仕,35.15,35.5,35.77,34.31,2703400.0
20251217,301008,宏昌科技,32.43,32.91,32.98,31.82,2150100.0
20251217,301009,可靠股份,12.25,12.46,12.7,12.2,4604400.0
20251217,301010,晶雪节能,25.52,25.12,27.33,24.88,8407000.0
20251217,301011,华立科技,24.21,24.37,24.4,23.94,1223800.0
20251217,301012,扬电科技,25.47,25.7,25.88,24.85,5340500.0
20251217,301013,利和兴,27.29,26.78,27.31,25.71,16302300.0
20251217,301015,百洋医药,22.14,22.47,22.65,22.08,3433100.0
20251217,301016,雷尔伟,18.29,18.35,18.66,17.97,2383900.0
20251217,301017,漱玉平民,14.25,15.03,15.76,14.25,31683300.0
20251217,301018,申菱环境,56.66,59.31,59.8,56.59,17854100.0
20251217,301019,宁波色母,24.12,23.75,24.4,23.06,7347400.0
20251217,301020,密封科技,22.01,21.77,22.38,21.31,2462200.0
20251217,301021,英诺激光,35.7,38.12,38.18,35.13,6460900.0
20251217,301022,海泰科,30.55,30.83,31.12,30.02,1883400.0
20251217,301023,奕帆传动,35.55,35.29,35.55,34.63,838800.0
20251217,301024,霍普股份,34.36,34.3,34.56,33.34,803500.0
20251217,301025,读客文化,9.64,9.48,9.78,9.25,9518300.0
20251217,301026,浩通科技,26.55,27.0,27.13,26.36,9897500.0
20251217,301027,华蓝集团,16.28,16.51,16.55,15.76,4793100.0
20251217,301028,鼎熔岩,14.35,14.62,15.16,14.35,8837700.0
20251217,301029,怡合达,24.67,25.07,25.19,24.41,6114300.0
20251217,301031,中熔电气,104.38,106.85,106.92,103.78,1667900.0
20251217,301032,新柴股份,11.91,12.0,12.05,11.7,3175400.0
20251217,301033,迈普医学,66.41,67.92,67.98,66.33,477600.0
20251217,301035,润丰股份,71.48,73.38,73.69,71.17,1056500.0
20251217,301036,双乐股份,35.72,35.93,35.96,35.13,2057900.0
20251217,301037,保立佳,13.67,13.76,13.85,13.21,1838800.0
20251217,301038,深水规院,22.8,23.12,23.15,22.55,2190900.0
20251217,301039,中集车辆,10.51,10.41,10.68,10.37,13380500.0
20251217,301040,中环海陆,30.29,29.4,30.97,28.52,6089200.0
20251217,301041,金百泽,26.83,27.04,27.13,26.1,3013300.0
20251217,301042,安联锐视,77.1,79.88,80.5,75.89,1183700.0
20251217,301043,绿岛风,54.93,56.16,58.88,54.93,1763800.0
20251217,301045,天禄科技,26.5,26.56,26.76,25.88,1591600.0
20251217,301046,能辉科技,28.03,26.26,28.38,24.91,11631700.0
20251217,301047,义翘神州,66.28,66.65,66.93,65.34,525800.0
20251217,301048,金鹰重工,11.15,11.11,11.23,10.87,3959300.0
20251217,301049,超越科技,20.18,20.32,20.7,19.74,1376000.0
20251217,301050,雷电微力,49.09,48.5,49.5,47.51,11610800.0
20251217,301051,信濠光电,19.99,19.95,20.16,19.44,1860600.0
20251217,301052,果麦文化,36.9,37.44,37.46,36.54,3057100.0
20251217,301053,远信工业,31.48,31.71,31.79,30.61,770800.0
20251217,301055,张小泉,18.5,18.71,18.77,18.18,1305700.0
20251217,301056,森赫股份,10.63,10.63,10.75,10.4,1609400.0
20251217,301057,汇隆新材,28.23,27.58,28.23,26.82,1556500.0
20251217,301058,中粮科工,10.7,10.59,10.75,10.38,8586800.0
20251217,301059,金三江,12.3,12.28,12.37,12.08,2412100.0
20251217,301060,兰卫医学,9.24,9.18,9.45,9.03,6901000.0
20251217,301061,匠心家居,107.68,109.11,109.88,106.59,590100.0
20251217,301062,上海艾录,7.9,7.78,7.93,7.66,5950700.0
20251217,301063,海锅股份,22.96,23.17,23.2,22.31,2617800.0
20251217,301065,本立科技,20.65,20.64,20.83,20.29,998700.0
20251217,301066,万事利,17.49,18.32,19.08,17.06,23761000.0
20251217,301067,显盈科技,32.58,32.67,33.2,31.4,5902600.0
20251217,301068,大地海洋,25.5,25.3,25.73,25.07,1055600.0
20251217,301069,凯盛新材,25.25,25.73,26.18,25.2,22996100.0
20251217,301070,开勒股份,59.56,60.28,60.77,58.17,1994100.0
20251217,301071,力量钻石,34.31,34.88,35.03,33.9,6187100.0
20251217,301072,中捷精工,21.09,20.89,21.4,20.46,1016700.0
20251217,301073,君亭酒店,26.59,26.23,27.28,26.02,16488700.0
20251217,301075,多瑞医药,48.2,48.95,49.08,47.69,607600.0
20251217,301076,新瀚新材,40.41,42.4,42.49,39.94,4995700.0
20251217,301077,星华新材,27.52,27.72,29.0,27.11,5674100.0
20251217,301078,孩子王,10.52,10.6,11.1,10.3,111578000.0
20251217,301079,邵阳液压,28.28,27.58,28.87,26.9,12653500.0
20251217,301080,百普赛斯,52.27,52.13,52.62,50.81,2405200.0
20251217,301081,严牌股份,9.82,9.85,9.93,9.62,2476300.0
20251217,301082,久盛电气,18.03,18.35,18.6,17.83,11918100.0
20251217,301083,百胜智能,18.98,18.9,19.11,18.54,3540400.0
20251217,301085,亚康股份,50.23,50.46,50.57,49.1,936900.0
20251217,301086,鸿富瀚,99.0,100.02,100.86,96.0,1943100.0
20251217,301087,可孚医疗,45.04,46.04,46.15,44.89,1841500.0
20251217,301088,戎美股份,14.0,14.27,14.28,13.8,2497200.0
20251217,301089,拓新药业,28.3,28.42,28.6,27.96,2463000.0
20251217,301090,华润材料,6.77,6.81,6.84,6.69,5113200.0
20251217,301091,深城交,25.48,25.47,25.58,24.88,5990000.0
20251217,301092,争光股份,35.67,37.17,37.28,34.7,7432400.0
20251217,301093,华兰股份,49.3,49.65,50.35,48.51,2057200.0
20251217,301095,广立微,65.45,67.81,68.12,65.45,3453400.0
20251217,301096,百诚医药,53.19,53.4,53.7,51.92,1612600.0
20251217,301097,天益医疗,53.89,55.0,55.18,53.81,809800.0
20251217,301098,金埔园林,8.33,8.31,8.42,8.16,4642000.0
20251217,301099,雅创电子,40.65,41.43,41.5,40.21,2098900.0
20251217,301100,风光股份,23.26,22.96,23.55,22.47,2764300.0
20251217,301101,明月镜片,38.53,38.86,39.18,37.97,1858500.0
20251217,301102,兆讯传媒,10.77,10.72,10.81,10.56,3747500.0
20251217,301103,何氏眼科,19.1,19.3,19.39,18.94,1314200.0
20251217,301105,鸿铭股份,44.52,44.29,44.96,42.85,856500.0
20251217,301106,骏成科技,28.25,28.14,28.45,27.45,1323000.0
20251217,301107,瑜欣电子,27.01,27.33,27.46,26.68,690600.0
20251217,301108,洁雅股份,31.82,33.01,33.01,31.8,1387700.0
20251217,301109,军信股份,15.69,15.5,15.77,15.39,9867100.0
20251217,301110,青木科技,62.06,63.39,63.77,62.06,1895000.0
20251217,301111,粤万年青,20.23,20.03,20.34,19.78,8069300.0
20251217,301112,信邦智能,38.4,38.4,38.68,36.77,2836200.0
20251217,301113,雅艺科技,22.23,22.4,22.5,21.76,1322000.0
20251217,301115,联检科技,15.15,15.15,15.23,15.06,1700000.0
20251217,301116,益客食品,11.17,11.17,11.45,10.92,9153200.0
20251217,301118,恒光股份,22.2,22.54,22.57,21.86,2728100.0
20251217,301119,正强股份,44.13,44.9,45.31,43.42,1349700.0
20251217,301120,新特电气,18.49,19.59,20.65,17.71,37516800.0
20251217,301121,紫建电子,38.17,39.42,39.48,38.03,2555700.0
20251217,301122,采纳股份,28.12,28.0,28.23,27.26,2066000.0
20251217,301123,奕东电子,45.8,52.78,52.78,45.8,29925500.0
20251217,301125,腾亚精工,18.35,17.17,18.39,16.81,5322300.0
20251217,301126,达嘉维康,11.96,12.38,12.94,11.96,14249200.0
20251217,301127,武汉天源,14.46,14.53,14.63,14.24,5951700.0
20251217,301128,强瑞技术,81.26,87.26,87.37,81.26,5106200.0
20251217,301129,瑞纳智能,23.2,23.25,23.4,22.62,1244300.0
20251217,301130,西点药业,28.38,28.32,28.45,27.92,673200.0
20251217,301131,聚赛龙,43.22,43.29,43.65,42.37,631200.0
20251217,301132,满坤科技,32.43,33.18,33.29,31.8,2227500.0
20251217,301133,金钟股份,30.48,33.88,33.94,30.47,7895500.0
20251217,301135,瑞德智能,25.46,25.59,25.79,24.91,1550700.0
20251217,301136,招标股份,22.0,21.26,22.3,20.5,33866000.0
20251217,301137,哈焊华通,46.83,47.51,48.98,46.14,15754800.0
20251217,301138,华研精机,39.5,36.6,39.75,36.16,4655800.0
20251217,301141,中科磁业,51.84,52.07,52.25,50.8,1768000.0
20251217,301148,嘉戎技术,44.15,44.49,45.67,43.8,2761400.0
20251217,301149,隆华新材,10.29,10.4,10.43,10.18,4345100.0
20251217,301150,中一科技,39.01,39.9,39.97,38.96,8298200.0
20251217,301151,冠龙节能,18.48,18.43,18.5,18.02,1716100.0
20251217,301152,天力锂能,29.89,30.48,30.55,29.42,5196100.0
20251217,301153,中科江南,19.25,19.62,19.65,18.88,3936700.0
20251217,301155,海力风电,81.5,80.38,81.84,78.8,2869400.0
20251217,301156,美农生物,16.87,16.89,17.06,16.55,2194800.0
20251217,301157,华塑科技,49.77,49.98,50.25,48.66,786800.0
20251217,301158,德石股份,20.85,20.99,21.05,20.34,5549500.0
20251217,301159,三维天地,35.7,35.75,35.96,34.59,2746100.0
20251217,301160,翔楼新材,62.1,64.2,64.5,62.1,1765400.0
20251217,301161,唯万密封,30.48,30.73,30.87,29.96,2503200.0
20251217,301162,国能日新,52.22,52.47,52.79,51.96,964400.0
20251217,301163,宏德股份,25.52,25.56,25.75,24.86,1315400.0
20251217,301165,锐捷网络,77.59,83.52,85.1,77.36,12969300.0
20251217,301166,优宁维,29.01,29.03,29.17,28.58,968600.0
20251217,301167,建研设计,15.7,15.86,15.89,15.38,2613900.0
20251217,301168,通灵股份,46.3,46.9,47.12,45.88,1780200.0
20251217,301169,零点有数,45.57,47.15,47.29,44.73,2195700.0
20251217,301170,锡南科技,26.79,26.6,26.94,26.18,1106500.0
20251217,301171,易点天下,33.54,34.12,34.26,33.33,24538200.0
20251217,301172,君逸数码,21.34,21.07,21.5,20.49,5057800.0
20251217,301173,毓恬冠佳,45.92,45.5,46.14,44.55,654300.0
20251217,301175,中科环保,5.57,5.53,5.6,5.43,44726500.0
20251217,301176,逸豪新材,24.42,25.14,25.15,23.97,2688500.0
20251217,301177,迪阿股份,28.13,28.48,28.66,28.11,1082400.0
20251217,301178,天亿马,48.42,47.91,49.42,47.0,1511200.0
20251217,301179,泽宇智能,15.83,15.65,15.85,15.31,2812100.0
20251217,301180,万祥科技,15.54,15.39,15.77,14.98,3516600.0
20251217,301181,标榜股份,34.52,34.38,34.65,33.64,1908100.0
20251217,301182,凯旺科技,33.61,38.87,39.4,33.37,8588000.0
20251217,301183,东田微,166.1,169.47,173.0,165.63,10773000.0
20251217,301185,鸥玛软件,18.27,18.21,18.38,17.7,3875800.0
20251217,301186,超达装备,44.3,44.44,44.71,43.63,820800.0
20251217,301187,欧圣电气,25.99,25.85,26.46,25.6,5417800.0
20251217,301188,力诺药包,17.39,17.4,17.46,17.08,3532900.0
20251217,301189,奥尼电子,38.2,38.89,38.9,37.81,1625100.0
20251217,301190,善水科技,20.38,20.62,20.65,19.96,2138900.0
20251217,301191,菲菱科思,99.61,101.33,101.4,97.5,2693600.0
20251217,301192,泰祥股份,28.46,29.12,29.35,28.29,1174200.0
20251217,301193,家联科技,20.85,21.3,21.33,20.33,3396300.0
20251217,301195,北路智控,32.24,32.28,32.48,31.65,894700.0
20251217,301196,唯科科技,72.5,73.32,73.38,70.46,3802000.0
20251217,301197,工大科雅,19.65,19.56,19.72,19.05,1991200.0
20251217,301198,喜悦智行,11.25,11.27,11.34,10.98,2479000.0
20251217,301199,迈赫股份,20.99,20.93,21.04,20.46,2069700.0
20251217,301200,大族数控,113.64,119.3,119.99,113.45,4829700.0
20251217,301201,诚达药业,40.75,41.13,41.7,40.5,4630200.0
20251217,301202,朗威股份,37.21,38.45,38.58,37.01,1632000.0
20251217,301203,国泰环保,30.98,31.0,31.24,30.6,545400.0
20251217,301205,联特科技,145.86,174.0,174.0,142.01,20485600.0
20251217,301206,三元生物,26.44,26.56,26.58,26.15,751500.0
20251217,301207,华兰疫苗,19.36,19.43,19.63,19.15,5520100.0
20251217,301208,中亦科技,36.39,36.63,36.7,35.39,1483600.0
20251217,301209,联合化学,102.75,103.62,103.99,100.59,845300.0
20251217,301210,金杨精密,34.48,34.9,35.0,33.94,1697200.0
20251217,301211,亨迪药业,12.4,12.47,12.51,12.26,4680000.0
20251217,301212,联盛化学,28.6,28.53,29.06,27.81,1342600.0
20251217,301213,观想科技,66.0,66.36,67.3,63.31,1911500.0
20251217,301215,中汽股份,6.39,6.52,6.52,6.25,36005600.0
20251217,301216,万凯新材,16.5,16.81,16.85,16.45,4952100.0
20251217,301217,铜冠铜箔,30.79,33.29,33.3,30.7,56261800.0
20251217,301218,华是科技,23.3,23.75,24.15,22.96,8294500.0
20251217,301219,腾远钴业,59.82,61.59,61.87,59.82,4170500.0
20251217,301220,亚香股份,35.23,35.25,35.4,34.41,939500.0
20251217,301221,光庭信息,47.16,49.7,49.99,47.02,7647100.0
20251217,301222,浙江恒威,28.0,28.25,28.35,27.66,841600.0
20251217,301223,中荣股份,17.61,17.55,17.66,17.33,994600.0
20251217,301225,恒勃股份,97.65,100.88,101.66,97.65,1439500.0
20251217,301226,祥明智能,31.27,31.6,33.5,30.37,6741300.0
20251217,301227,森鹰窗业,45.0,44.51,45.0,43.89,911600.0
20251217,301228,实朴检测,40.65,40.15,41.35,39.43,2596100.0
20251217,301229,纽泰格,19.03,19.2,19.24,18.76,1661900.0
20251217,301230,泓博医药,29.3,29.7,29.8,28.9,1651300.0
20251217,301231,荣信文化,29.53,29.16,29.53,28.62,3317900.0
20251217,301232,飞沃科技,106.0,103.91,106.82,100.51,6360100.0
20251217,301233,盛帮股份,47.8,48.37,48.49,47.29,503700.0
20251217,301234,五洲医疗,43.99,44.0,44.99,42.37,2455900.0
20251217,301235,华康洁净,33.25,33.88,34.13,32.74,3974200.0
20251217,301236,软通动力,45.25,45.69,45.94,44.33,13333600.0
20251217,301237,和顺科技,48.62,47.32,49.0,46.6,1021400.0
20251217,301238,瑞泰新材,19.66,20.09,20.15,19.51,8378400.0
20251217,301239,普瑞眼科,30.82,31.24,31.4,30.63,1337400.0
20251217,301246,宏源药业,16.63,16.92,16.96,16.44,7592400.0
20251217,301248,杰创智能,28.63,29.1,29.49,28.13,5258100.0
20251217,301251,威尔高,50.21,52.01,52.25,49.45,3704100.0
20251217,301252,同星科技,26.65,27.69,27.85,26.45,4307300.0
20251217,301255,通力科技,26.95,26.8,26.95,26.22,919000.0
20251217,301256,华融化学,15.91,14.95,16.24,14.68,39562200.0
20251217,301257,普蕊斯,44.7,45.2,45.24,43.8,818900.0
20251217,301258,富士莱,30.93,30.99,31.17,30.5,694800.0
20251217,301259,艾布鲁,32.3,32.64,32.9,31.69,3067700.0
20251217,301260,格力博,15.97,16.0,16.05,15.6,2233800.0
20251217,301261,恒工精密,77.21,78.51,78.7,76.8,1236000.0
20251217,301262,海看股份,23.6,23.87,23.89,23.4,2645800.0
20251217,301263,泰恩康,27.14,27.04,27.45,26.7,2653300.0
20251217,301265,华新科技,11.81,11.94,11.99,11.38,6132200.0
20251217,301267,华厦眼科,18.3,18.43,18.5,18.15,4067800.0
20251217,301268,铭利达,18.03,18.08,18.34,17.79,1763800.0
20251217,301269,华大九天,102.74,103.89,103.93,101.25,3925900.0
20251217,301270,汉仪股份,36.34,36.75,36.9,36.08,1919300.0
20251217,301272,英华特,38.35,38.92,39.12,37.7,772300.0
20251217,301273,瑞晨环保,24.83,25.14,25.27,24.45,759000.0
20251217,301275,汉朔科技,52.66,52.51,52.78,51.65,1120500.0
20251217,301276,嘉曼服饰,24.2,24.56,24.77,24.18,3091500.0
20251217,301277,新天地,11.7,11.7,11.72,11.52,1906400.0
20251217,301278,快可电子,33.44,33.46,33.5,32.44,1619100.0
20251217,301279,金道科技,29.43,28.72,29.85,28.1,3868000.0
20251217,301280,珠城科技,47.01,47.98,48.2,46.01,1473100.0
20251217,301281,科源制药,26.13,26.54,26.66,25.87,943600.0
20251217,301282,金禄电子,28.09,28.44,28.89,27.73,6814100.0
20251217,301283,聚胶股份,46.53,47.76,47.82,46.12,1676600.0
20251217,301285,鸿日达,68.5,72.18,72.8,67.97,6968600.0
20251217,301286,侨源股份,46.72,46.39,46.86,45.01,5016300.0
20251217,301287,康力源,39.85,39.91,40.16,38.85,640900.0
20251217,301288,清研环境,15.75,15.61,15.76,15.22,505000.0
20251217,301289,国缆检测,57.35,58.35,58.36,56.7,1174500.0
20251217,301290,东星医疗,25.2,25.03,25.2,24.49,647100.0
20251217,301291,明阳电气,42.89,43.3,43.73,42.24,3624700.0
20251217,301292,海科新源,58.66,60.86,62.9,58.58,22483200.0
20251217,301293,三博脑科,52.01,53.65,54.3,52.01,6354000.0
20251217,301295,美硕科技,25.41,25.48,25.68,24.71,1153500.0
20251217,301296,新巨丰,8.29,8.27,8.32,8.12,2929700.0
20251217,301297,富乐德,37.11,37.07,37.32,36.3,3331900.0
20251217,301298,东利机械,15.31,15.17,15.32,14.9,2119800.0
20251217,301299,卓创资讯,52.0,52.23,52.33,50.82,876400.0
20251217,301300,远翔新材,42.99,43.17,43.43,42.0,1552900.0
20251217,301301,川宁生物,9.93,10.04,10.08,9.93,11468000.0
20251217,301302,华如科技,21.88,21.52,22.39,20.95,4336600.0
20251217,301303,真兰仪表,14.91,14.88,15.02,14.67,1941800.0
20251217,301305,朗坤科技,22.17,22.0,22.17,21.5,4342500.0
20251217,301306,西测测试,96.98,104.58,108.62,96.98,15869800.0
20251217,301307,美利信,35.88,37.61,38.0,34.01,11105800.0
20251217,301308,江波龙,240.67,251.28,252.5,237.0,12796900.0
20251217,301309,万得凯,27.2,27.12,27.44,26.66,628700.0
20251217,301310,鑫宏业,44.99,44.55,44.99,43.66,1039800.0
20251217,301311,昆船智能,18.13,18.08,18.33,17.56,4061600.0
20251217,301312,智立方,46.29,46.64,46.8,44.9,1732800.0
20251217,301313,凡拓数创,25.01,25.41,25.48,24.72,1959200.0
20251217,301314,科瑞思,41.3,41.24,41.93,40.45,888300.0
20251217,301315,威士顿,58.55,58.75,59.98,56.66,6505500.0
20251217,301316,慧博云通,47.03,46.96,47.75,45.82,6796600.0
20251217,301317,鑫磊股份,31.39,31.98,31.99,31.3,848100.0
20251217,301318,维海德,26.74,27.21,27.21,26.43,1095900.0
20251217,301319,唯特偶,49.2,48.21,49.46,47.19,4541600.0
20251217,301320,豪江智能,16.3,16.18,16.35,15.84,2106500.0
20251217,301321,翰博高新,16.82,17.25,17.28,16.49,6122300.0
20251217,301322,绿通科技,26.32,26.67,26.74,25.98,1373200.0
20251217,301323,新莱福,53.75,53.69,54.33,51.95,1495200.0
20251217,301325,曼恩斯特,48.27,49.35,49.49,47.95,1686700.0
20251217,301326,捷邦科技,103.01,107.16,110.0,100.25,3134900.0
20251217,301327,华宝新能,55.5,55.33,55.87,54.5,1238000.0
20251217,301328,维峰电子,41.21,41.79,42.0,40.45,1597900.0
20251217,301329,信音电子,22.62,22.09,22.76,21.61,9091700.0
20251217,301330,熵基科技,27.96,28.18,28.25,27.58,2030100.0
20251217,301331,恩威医药,26.3,26.36,26.48,25.77,735200.0
20251217,301332,德尔玛,9.41,9.4,9.44,9.22,2960500.0
20251217,301333,诺思格,55.0,57.23,57.64,54.95,1805900.0
20251217,301335,天元宠物,27.19,28.2,29.12,27.13,4336200.0
20251217,301336,趣睡科技,50.58,50.92,51.5,49.51,895300.0
20251217,301337,亚华电子,26.64,26.72,26.85,26.2,1981000.0
20251217,301338,凯格精机,61.23,64.25,64.28,61.17,2159400.0
20251217,301339,通行宝,14.03,14.05,14.28,13.8,5502400.0
20251217,301345,涛涛车业,233.98,234.0,236.18,227.53,978600.0
20251217,301348,蓝箭电子,19.71,19.94,19.94,19.22,5015300.0
20251217,301349,信德新材,45.02,46.68,46.75,44.76,2257000.0
20251217,301353,普莱得,25.79,25.65,25.94,25.05,1121400.0
20251217,301355,南王科技,12.96,13.03,13.05,12.64,8550100.0
20251217,301356,天振股份,20.75,21.51,21.85,20.33,2174300.0
20251217,301357,北方长龙,134.67,140.48,140.8,134.67,2911000.0
20251217,301358,湖南裕能,62.6,65.47,66.0,62.12,22170700.0
20251217,301359,东南电子,18.82,18.61,18.85,18.21,1737200.0
20251217,301360,荣旗科技,67.21,69.45,69.8,66.34,1298200.0
20251217,301361,众智科技,35.0,34.2,35.35,33.2,5889100.0
20251217,301362,民爆光电,39.74,39.83,40.1,39.23,398100.0
20251217,301363,美好医疗,20.6,21.24,21.3,20.5,4401200.0
20251217,301365,矩阵股份,23.87,23.2,23.87,22.35,4238000.0
20251217,301366,一博科技,34.9,35.17,35.27,34.05,3031000.0
20251217,301367,瑞迈特,83.55,85.29,85.99,83.0,881600.0
20251217,301368,丰立智能,54.59,55.22,55.4,53.35,2015000.0
20251217,301369,联动科技,117.69,122.21,125.0,114.8,1443100.0
20251217,301370,国科恒泰,11.46,11.75,11.93,11.46,10492100.0
20251217,301371,敷尔佳,23.9,24.18,24.42,23.75,2785100.0
20251217,301372,科净源,24.7,24.98,25.18,24.24,1079400.0
20251217,301373,凌玮科技,29.5,29.6,29.73,28.94,754400.0
20251217,301376,致欧科技,19.46,19.35,19.53,19.1,2398400.0
20251217,301377,鼎泰高科,122.2,127.98,129.41,117.01,15472100.0
20251217,301378,通达海,27.59,27.94,27.94,26.79,1899400.0
20251217,301379,天山电子,25.83,26.4,26.44,25.31,4177800.0
20251217,301380,挖金客,30.67,30.84,30.85,30.08,1080100.0
20251217,301381,赛维时代,20.64,21.01,21.09,20.53,2915900.0
20251217,301382,蜂助手,32.49,33.28,33.31,32.36,6568800.0
20251217,301383,天键股份,33.65,34.0,34.1,32.73,2487000.0
20251217,301386,未来电器,23.19,23.28,23.36,22.62,2022200.0
20251217,301387,光大同创,42.8,43.02,43.2,41.72,1697600.0
20251217,301388,欣灵电气,30.45,30.34,30.56,29.35,1690300.0
20251217,301389,隆扬电子,50.06,53.47,53.68,50.06,12626000.0
20251217,301390,经纬股份,32.38,32.32,32.76,31.8,627800.0
20251217,301391,卡莱特,81.51,81.75,84.97,79.18,1207300.0
20251217,301392,汇成真空,138.51,140.91,142.5,138.0,3974900.0
20251217,301393,昊帆生物,49.38,49.17,49.96,47.8,1010300.0
20251217,301395,仁信新材,10.37,10.41,10.49,10.2,1870700.0
20251217,301396,宏景科技,62.53,63.88,64.18,61.23,6757400.0
20251217,301397,溯联股份,31.79,32.2,32.89,31.31,4948800.0
20251217,301398,星源卓镁,45.37,46.32,46.32,44.8,1380400.0
20251217,301399,英特科技,17.57,17.58,17.78,17.21,1489400.0
20251217,301408,华人健康,15.88,18.2,19.31,15.78,71592300.0
20251217,301413,安培龙,114.61,116.62,117.45,114.1,2272300.0
20251217,301418,协昌科技,35.67,35.82,36.0,34.89,1044600.0
20251217,301419,阿莱德,32.0,32.85,32.87,31.55,1994300.0
20251217,301421,波长光电,108.78,112.29,114.3,107.1,12771100.0
20251217,301428,世纪恒通,32.75,32.42,32.91,31.6,1728300.0
20251217,301429,森泰股份,18.02,18.18,18.5,17.86,987000.0
20251217,301439,泓淋电力,15.08,14.95,15.24,14.7,5599700.0
20251217,301446,福事特,29.25,30.35,31.0,28.21,4142000.0
20251217,301448,开创电气,58.91,58.29,58.91,57.03,481600.0
20251217,301456,盘古智能,28.09,27.99,28.22,27.27,1350200.0
20251217,301458,钧崴电子,31.45,31.89,31.95,30.92,1770300.0
20251217,301459,丰茂股份,40.35,39.9,40.36,39.28,981500.0
20251217,301468,博盈特焊,53.11,53.77,54.49,50.49,14958000.0
20251217,301469,恒达新材,26.68,26.76,26.96,26.26,811800.0
20251217,301479,弘景光电,84.95,85.0,85.45,83.6,1023400.0
20251217,301486,致尚科技,109.16,110.48,113.67,107.0,14104000.0
20251217,301487,盟固利,20.97,21.21,21.27,20.7,9271400.0
20251217,301488,豪恩汽电,132.0,135.8,143.25,132.0,5213500.0
20251217,301489,思泉新材,186.0,199.99,200.0,186.0,8705900.0
20251217,301491,汉桑科技,55.0,55.15,55.38,53.92,902300.0
20251217,301498,乖宝宠物,67.45,69.52,70.51,65.15,5662300.0
20251217,301499,维科精密,28.42,28.8,29.22,28.01,2607200.0
20251217,301500,飞南资源,14.6,14.85,14.87,14.51,3105800.0
20251217,301501,恒鑫生活,42.18,42.92,43.47,42.0,911700.0
20251217,301502,华阳智能,42.6,42.38,42.76,41.46,542900.0
20251217,301503,智迪科技,34.16,34.58,34.76,33.75,832200.0
20251217,301505,苏州规划,19.98,20.08,20.3,19.58,1891900.0
20251217,301507,民生健康,14.37,14.66,14.81,14.34,6963400.0
20251217,301508,中机认检,30.59,30.39,30.75,29.85,1846000.0
20251217,301509,金凯生科,32.41,32.67,32.77,31.87,1399000.0
20251217,301510,固高科技,33.9,34.18,34.37,33.32,9541100.0
20251217,301511,德福科技,36.0,38.9,39.41,35.45,84488200.0
20251217,301512,智信精密,40.42,41.08,41.23,39.94,733100.0
20251217,301515,港通医疗,19.78,19.6,19.78,19.2,838100.0
20251217,301516,中远通,15.68,15.65,15.73,15.2,2140800.0
20251217,301517,陕西华达,61.74,62.52,64.5,60.5,15508000.0
20251217,301518,长华化学,32.8,32.88,32.95,32.13,1886200.0
20251217,301519,舜禹股份,12.9,12.89,12.99,12.6,2239500.0
20251217,301520,万邦医药,39.1,39.09,39.28,38.34,562300.0
20251217,301522,上大股份,34.4,33.87,34.9,33.2,11013600.0
20251217,301525,儒竞科技,80.11,82.6,82.85,79.68,728100.0
20251217,301526,国际复材,6.53,6.8,6.91,6.36,170606100.0
20251217,301528,多浦乐,60.1,59.78,60.78,58.27,592800.0
20251217,301529,福赛科技,80.96,86.58,88.86,80.96,2936900.0
20251217,301533,威马农机,41.5,41.28,41.72,39.94,4758400.0
20251217,301535,浙江华远,19.69,19.48,19.76,19.07,3425400.0
20251217,301536,星宸科技,56.47,58.1,58.29,55.66,6215500.0
20251217,301538,骏鼎达,70.69,72.71,73.0,69.88,1513100.0
20251217,301539,宏鑫科技,20.31,20.06,20.63,19.6,3437000.0
20251217,301548,崇德科技,52.62,52.35,53.0,51.35,2070300.0
20251217,301550,斯菱智驱,106.25,110.47,111.76,106.25,6232300.0
20251217,301551,无线传媒,33.47,32.52,33.54,31.88,6682200.0
20251217,301552,科力装备,37.19,37.24,37.45,36.35,797600.0
20251217,301555,惠柏新材,30.01,30.46,30.53,29.32,1619300.0
20251217,301556,托普云农,96.96,95.9,97.64,93.0,1641300.0
20251217,301557,常友科技,150.77,146.8,150.77,142.0,1156700.0
20251217,301558,三态股份,8.0,8.08,8.1,7.87,9201200.0
20251217,301559,中集环科,15.72,15.64,15.74,15.41,1678200.0
20251217,301560,众捷汽车,32.95,33.89,34.49,32.93,1456900.0
20251217,301563,云汉芯城,155.12,155.55,156.0,148.15,1967500.0
20251217,301565,中仑新材,25.42,25.72,25.95,25.18,4148600.0
20251217,301566,达利凯普,19.58,19.31,20.35,18.6,30409200.0
20251217,301567,贝隆精密,44.48,44.92,45.08,43.48,2427900.0
20251217,301568,思泰克,45.0,44.91,45.36,43.59,3438700.0
20251217,301571,国科天成,47.67,47.7,48.0,46.17,4241700.0
20251217,301575,艾芬达,51.04,51.33,51.79,49.6,1514400.0
20251217,301577,美信科技,54.1,54.31,54.49,52.85,631900.0
20251217,301578,辰奕智能,33.95,33.71,34.3,33.31,1574500.0
20251217,301580,爱迪特,42.01,42.25,42.48,41.68,681800.0
20251217,301581,黄山谷捷,45.88,45.8,46.08,44.98,490900.0
20251217,301584,建发致新,31.06,31.45,31.68,30.72,4076100.0
20251217,301585,蓝宇股份,30.7,30.42,30.82,30.07,771300.0
20251217,301586,佳力奇,45.52,45.02,45.61,43.91,985800.0
20251217,301587,中瑞股份,21.36,21.42,21.57,20.96,1674800.0
20251217,301588,美新科技,17.67,17.56,17.67,17.16,1414900.0
20251217,301589,诺瓦星云,150.76,153.67,154.87,150.72,684400.0
20251217,301590,优优绿能,163.04,167.28,167.6,160.7,486800.0
20251217,301591,肯特股份,37.49,37.56,37.88,36.74,888100.0
20251217,301592,六九一二,113.22,113.07,113.98,110.88,616500.0
20251217,301595,太力科技,40.0,40.45,41.98,39.66,2669400.0
20251217,301596,瑞迪智驱,69.1,69.88,70.17,68.44,480500.0
20251217,301598,博科测试,61.0,61.66,62.2,60.88,576100.0
20251217,301600,慧翰股份,129.0,130.99,132.85,127.6,1684400.0
20251217,301601,惠通科技,28.15,28.08,28.43,27.58,815700.0
20251217,301602,超研股份,21.58,21.57,21.65,21.15,970300.0
20251217,301603,乔锋智能,70.19,70.51,70.89,69.13,1343100.0
20251217,301606,绿联科技,60.65,61.14,61.45,59.85,1228400.0
20251217,301607,富特科技,39.53,39.98,40.06,38.9,1604700.0
20251217,301608,博实结,83.01,85.15,85.2,82.7,821700.0
20251217,301609,山大电力,42.09,41.63,42.2,40.9,1503200.0
20251217,301611,珂玛科技,64.6,66.3,67.6,64.23,9788900.0
20251217,301613,新铝时代,48.0,47.66,48.16,46.62,1493200.0
20251217,301616,浙江华业,48.83,49.1,49.16,47.7,1026900.0
20251217,301617,博苑新材,74.29,74.01,74.33,72.4,1195500.0
20251217,301618,长联科技,49.33,48.96,49.33,48.3,585500.0
20251217,301622,英思特,61.15,61.74,61.89,60.01,1393000.0
20251217,301626,苏州天脉,168.0,171.8,172.59,167.87,1157600.0
20251217,301628,强达电路,90.57,91.97,92.0,88.19,2424400.0
20251217,301629,矽电股份,232.26,236.8,242.88,228.01,1844500.0
20251217,301630,同宇新材,162.93,165.41,165.99,162.45,369400.0
20251217,301631,壹连科技,103.36,103.42,104.98,100.98,1609900.0
20251217,301632,广东建科,23.92,24.05,24.05,23.27,2895000.0
20251217,301633,港迪技术,65.18,65.14,65.47,64.0,299500.0
20251217,301636,泽润新能,48.56,48.85,48.98,47.92,540000.0
20251217,301638,南网数字,19.36,19.43,19.7,18.95,33684600.0
20251217,301656,联合动力,26.18,25.96,26.43,25.55,8758500.0
20251217,301658,首航新能,29.48,29.93,29.96,28.93,2371200.0
20251217,301662,宏工科技,112.0,112.86,113.82,108.6,1004200.0
20251217,301665,泰禾股份,27.33,28.29,28.45,27.11,2325900.0
20251217,301668,昊创瑞通,49.23,48.92,49.58,47.62,2064000.0
20251217,301678,新恒汇,68.8,67.88,69.2,65.66,4144700.0
20251217,302132,中航成飞,76.81,77.81,81.4,76.81,23550400.0
20251217,600000,浦发银行,11.54,11.54,11.67,11.45,60894800.0
20251217,600004,白云机场,9.55,9.62,9.66,9.47,15518600.0
20251217,600006,东风股份,7.06,7.13,7.15,7.05,15147900.0
20251217,600007,中国国贸,19.07,18.92,19.2,18.83,4196700.0
20251217,600008,首创环保,2.99,3.01,3.01,2.97,63805400.0
20251217,600009,上海机场,30.85,30.91,31.09,30.61,8959600.0
20251217,600010,包钢股份,2.31,2.35,2.36,2.3,398470000.0
20251217,600011,华能国际,7.74,7.81,7.84,7.67,45001400.0
20251217,600012,皖通高速,14.54,14.36,14.63,14.27,7613800.0
20251217,600015,华夏银行,6.79,6.78,6.82,6.75,49422100.0
20251217,600016,民生银行,3.88,3.91,3.92,3.87,236187700.0
20251217,600017,日照港,2.97,2.97,2.99,2.93,22791400.0
20251217,600018,上港集团,5.5,5.51,5.53,5.47,32747200.0
20251217,600019,宝钢股份,7.07,7.11,7.15,7.0,83190000.0
20251217,600020,中原高速,4.28,4.3,4.32,4.25,11224500.0
20251217,600021,上海电力,19.12,19.34,19.44,18.98,48951500.0
20251217,600022,山东钢铁,1.47,1.47,1.49,1.46,76773900.0
20251217,600023,浙能电力,5.12,5.13,5.15,5.09,36259400.0
20251217,600025,华能水电,9.38,9.37,9.42,9.35,14637000.0
20251217,600026,中远海能,11.41,11.94,12.0,11.36,65551300.0
20251217,600027,华电国际,5.21,5.26,5.28,5.17,56309100.0
20251217,600028,中国石化,5.81,5.84,5.9,5.78,118090900.0
20251217,600029,南方航空,7.15,7.49,7.53,7.12,121679100.0
20251217,600030,中信证券,28.48,28.97,29.15,28.4,161703800.0
20251217,600031,三一重工,20.79,21.07,21.19,20.63,48258800.0
20251217,600032,浙江新能,7.31,7.32,7.34,7.22,8089600.0
20251217,600033,福建高速,3.99,4.06,4.09,3.9,92553200.0
20251217,600035,楚天高速,3.85,3.87,3.88,3.83,7650300.0
20251217,600036,招商银行,41.6,41.52,41.85,41.23,63126700.0
20251217,600037,歌华有线,7.19,7.24,7.26,7.12,10729200.0
20251217,600038,中直股份,34.94,35.01,35.21,34.59,5659500.0
20251217,600039,四川路桥,10.0,9.89,10.03,9.77,26050500.0
20251217,600048,保利发展,6.27,6.28,6.31,6.19,120153000.0
20251217,600050,中国联通,5.11,5.14,5.15,5.08,137300800.0
20251217,600051,宁波联合,7.22,7.21,7.26,7.11,5300400.0
20251217,600052,东望时代,4.81,4.84,4.89,4.7,16568000.0
20251217,600054,黄山旅游,11.26,11.39,11.42,11.22,8046900.0
20251217,600055,万东医疗,15.87,16.02,16.15,15.75,4395500.0
20251217,600056,中国医药,10.38,10.46,10.47,10.31,11377600.0
20251217,600057,厦门象屿,8.57,8.51,8.63,8.43,18671600.0
20251217,600058,五矿发展,9.25,9.41,9.46,9.17,19335800.0
20251217,600059,古越龙山,9.11,9.12,9.12,9.01,6946800.0
20251217,600060,海信视像,24.91,25.44,25.59,24.71,10955300.0
20251217,600061,国投资本,7.49,7.59,7.65,7.45,41484500.0
20251217,600062,华润双鹤,18.18,18.42,18.45,18.17,5522800.0
20251217,600063,皖维高新,5.87,5.93,5.95,5.74,25700700.0
20251217,600064,南京高科,8.14,8.22,8.26,8.11,15865500.0
20251217,600066,宇通客车,33.43,34.47,34.77,33.12,17634800.0
20251217,600067,冠城新材,4.06,4.06,4.08,3.96,41186700.0
20251217,600071,凤凰光学,20.45,20.45,20.61,19.97,3860700.0
20251217,600072,中船科技,11.38,11.5,11.57,11.25,11937100.0
20251217,600073,光明肉业,6.53,6.46,6.55,6.39,12219300.0
20251217,600075,新疆天业,4.61,4.67,4.68,4.58,11256200.0
20251217,600076,康欣新材,2.81,2.82,2.82,2.75,13260500.0
20251217,600078,澄星股份,9.73,10.05,10.2,9.57,38987400.0
20251217,600081,东风科技,11.57,11.55,11.68,11.38,2927700.0
20251217,600085,同仁堂,32.79,32.57,32.79,32.3,6734800.0
20251217,600088,中视传媒,16.06,16.08,16.12,15.86,2628300.0
20251217,600089,特变电工,21.78,22.27,22.45,21.6,161674900.0
20251217,600094,大名城,4.05,4.06,4.1,3.98,39961500.0
20251217,600095,湘财股份,11.1,11.25,11.35,10.96,36426200.0
20251217,600096,云天化,28.71,29.63,29.76,28.71,35605900.0
20251217,600097,开创国际,11.53,11.5,11.59,11.29,7555700.0
20251217,600098,广州发展,6.78,6.82,6.83,6.72,13981200.0
20251217,600099,林海股份,9.85,9.84,9.95,9.66,3394600.0
20251217,600100,同方股份,8.25,8.19,8.32,8.02,56603600.0
20251217,600101,明星电力,9.08,9.13,9.14,8.98,10944900.0
20251217,600103,青山纸业,3.69,3.83,3.84,3.62,195842900.0
20251217,600104,上汽集团,15.61,15.65,15.72,15.53,45657000.0
20251217,600105,永鼎股份,19.19,20.33,20.8,19.11,283718500.0
20251217,600106,重庆路桥,6.15,6.17,6.2,6.09,12255000.0
20251217,600108,亚盛集团,3.05,3.0,3.05,2.97,55892200.0
20251217,600109,国金证券,9.21,9.33,9.43,9.15,34661200.0
20251217,600110,诺德股份,6.5,6.67,6.69,6.5,53157100.0
20251217,600111,北方稀土,44.09,44.75,44.94,43.75,53449200.0
20251217,600113,浙江东日,61.7,62.48,64.56,61.32,9965000.0
20251217,600114,东睦股份,29.21,29.78,29.92,28.9,14185400.0
20251217,600115,中国东航,5.47,5.68,5.72,5.42,211397900.0
20251217,600116,三峡水利,6.42,6.49,6.51,6.36,15433900.0
20251217,600117,西宁特钢,2.75,2.75,2.76,2.71,19693700.0
20251217,600118,中国卫星,53.0,52.82,54.8,51.8,73238100.0
20251217,600120,浙江东方,5.95,6.01,6.04,5.88,49523800.0
20251217,600121,郑州煤电,4.24,4.2,4.24,4.1,29183800.0
20251217,600123,兰花科创,5.85,5.87,5.89,5.81,11798700.0
20251217,600125,铁龙物流,6.36,6.33,6.36,6.25,12021000.0
20251217,600126,杭钢股份,7.67,7.8,7.84,7.65,36357600.0
20251217,600127,金健米业,6.91,6.69,6.98,6.56,42007200.0
20251217,600128,苏豪弘业,10.25,10.31,10.33,10.08,5623500.0
20251217,600129,太极集团,17.53,17.63,17.74,17.37,6421300.0
20251217,600130,波导股份,3.78,3.84,3.86,3.77,11996300.0
20251217,600131,国网信通,16.01,16.08,16.16,15.78,6838900.0
20251217,600132,重庆啤酒,54.48,54.48,54.89,54.15,2984300.0
20251217,600133,东湖高新,8.95,9.02,9.05,8.85,13204200.0
20251217,600135,乐凯胶片,8.88,8.79,9.17,8.52,47504900.0
20251217,600137,浪莎股份,17.97,17.93,18.15,17.46,2525600.0
20251217,600138,中青旅,9.39,9.5,9.52,9.37,14009900.0
20251217,600141,兴发集团,30.58,32.15,32.58,30.58,23388200.0
20251217,600143,金发科技,17.21,17.56,17.68,17.18,48303700.0
20251217,600148,长春一东,19.39,19.12,19.52,18.71,2061500.0
20251217,600149,廊坊发展,5.0,4.98,5.02,4.88,7622500.0
20251217,600150,中国船舶,32.68,32.95,33.02,32.48,46791200.0
20251217,600151,航天机电,16.8,18.12,18.6,16.52,313253800.0
20251217,600152,维科技术,6.49,6.58,6.59,6.41,15562400.0
20251217,600153,建发股份,9.4,9.48,9.54,9.34,19962500.0
20251217,600155,华创云信,6.77,6.83,6.89,6.68,30423400.0
20251217,600156,华升股份,7.84,7.91,7.99,7.78,8462300.0
20251217,600157,永泰能源,1.56,1.57,1.59,1.55,416497100.0
20251217,600158,中体产业,8.48,8.61,8.61,8.41,19222600.0
20251217,600159,大龙地产,2.72,2.73,2.74,2.67,15508100.0
20251217,600160,巨化股份,35.3,36.25,36.48,35.27,18845600.0
20251217,600161,天坛生物,16.16,16.31,16.33,16.1,7576100.0
20251217,600162,香江控股,1.82,1.83,1.84,1.79,45990500.0
20251217,600163,中闽能源,5.99,5.76,5.99,5.6,69650600.0
20251217,600165,宁科生物,3.62,3.62,3.62,3.62,51600.0
20251217,600166,福田汽车,2.76,2.76,2.78,2.72,102559800.0
20251217,600167,联美控股,7.04,7.09,7.12,6.98,13375200.0
20251217,600168,武汉控股,5.07,5.05,5.09,4.99,9255600.0
20251217,600170,上海建工,2.61,2.62,2.63,2.58,125893800.0
20251217,600171,上海贝岭,30.3,30.76,30.87,30.3,7141800.0
20251217,600172,黄河旋风,5.67,5.83,5.85,5.57,60849300.0
20251217,600173,卧龙新能,6.98,7.01,7.01,6.86,8820000.0
20251217,600176,中国巨石,15.06,15.3,15.37,14.95,26017900.0
20251217,600177,雅戈尔,7.58,7.58,7.61,7.52,17104100.0
20251217,600178,东安动力,11.65,11.6,11.74,11.47,4459900.0
20251217,600179,安通控股,3.86,4.01,4.04,3.86,55314700.0
20251217,600182,S佳通,15.12,15.18,15.18,15.02,1796000.0
20251217,600183,生益科技,61.51,64.99,65.0,60.9,48670100.0
20251217,600184,光电股份,19.09,19.52,19.59,18.41,25979400.0
20251217,600185,珠免集团,6.97,7.0,7.09,6.83,35686100.0
20251217,600186,莲花控股,5.85,5.98,6.29,5.75,179149700.0
20251217,600188,兖矿能源,13.17,13.23,13.28,13.02,23865600.0
20251217,600189,泉阳泉,7.12,7.17,7.21,7.07,13986700.0
20251217,600191,华资实业,11.7,11.97,12.04,11.38,12126400.0
20251217,600192,长城电工,9.7,9.82,9.97,9.54,36976000.0
20251217,600195,中牧股份,8.0,8.09,8.21,7.97,20215600.0
20251217,600196,复星医药,26.69,26.87,26.96,26.5,14574000.0
20251217,600197,伊力特,14.03,14.07,14.12,13.9,2301100.0
20251217,600198,大唐电信,10.03,9.12,10.09,9.02,133105100.0
20251217,600199,金种子酒,9.99,9.92,10.0,9.79,9497500.0
20251217,600201,生物股份,16.76,15.28,17.16,15.28,93786700.0
20251217,600202,哈空调,5.65,5.69,5.72,5.54,7240100.0
20251217,600203,福日电子,13.0,13.15,13.19,12.81,27871800.0
20251217,600206,有研新材,19.5,19.76,19.84,19.35,12436500.0
20251217,600207,安彩高科,4.92,4.99,5.01,4.81,13550000.0
20251217,600208,衢州发展,3.83,3.88,3.9,3.83,48703900.0
20251217,600210,紫江企业,7.11,7.21,7.25,7.09,18129800.0
20251217,600211,西藏药业,40.7,41.35,41.45,40.6,2311600.0
20251217,600212,绿能慧充,8.12,8.11,8.22,7.9,15141400.0
20251217,600215,派斯林,6.47,6.49,6.51,6.3,6331100.0
20251217,600216,浙江医药,13.54,13.68,13.74,13.48,6152000.0
20251217,600217,中再资环,4.17,4.06,4.19,3.99,56551300.0
20251217,600218,全柴动力,11.3,10.99,11.39,10.58,36608300.0
20251217,600219,南山铝业,4.62,4.68,4.72,4.6,156813100.0
20251217,600221,海航控股,1.72,1.75,1.75,1.69,460480300.0
20251217,600222,太龙药业,6.76,7.07,7.15,6.68,37505200.0
20251217,600223,福瑞达,7.26,7.33,7.38,7.16,7200600.0
20251217,600226,亨通股份,4.24,4.53,4.6,4.23,145536300.0
20251217,600227,赤天化,2.5,2.54,2.54,2.45,46373300.0
20251217,600228,返利科技,4.62,5.1,5.1,4.62,31108100.0
20251217,600229,城市传媒,6.38,6.37,6.38,6.25,3560800.0
20251217,600230,沧州大化,12.33,12.89,12.91,12.33,10520300.0
20251217,600231,凌钢股份,2.04,2.05,2.06,2.02,12873600.0
20251217,600232,金鹰股份,7.45,7.37,7.78,7.22,32030900.0
20251217,600233,圆通速递,17.32,17.34,17.45,17.15,7893500.0
20251217,600234,科新发展,12.57,13.81,13.81,12.45,8948100.0
20251217,600235,民丰特纸,6.32,6.32,6.39,6.22,4858400.0
20251217,600236,桂冠电力,6.84,6.83,6.86,6.76,6085900.0
20251217,600237,铜峰电子,8.98,9.01,9.1,8.84,61391500.0
20251217,600241,时代万恒,8.27,8.27,8.32,8.07,3981200.0
20251217,600246,万通发展,12.03,12.11,12.27,11.94,60993700.0
20251217,600248,陕建股份,3.55,3.56,3.57,3.51,13186100.0
20251217,600249,两面针,6.05,5.96,6.08,5.87,15830600.0
20251217,600250,南京商旅,12.38,13.29,13.29,12.31,48253000.0
20251217,600251,冠农股份,8.4,8.55,8.63,8.35,9787700.0
20251217,600252,中恒集团,2.73,2.77,2.77,2.71,50986300.0
20251217,600255,鑫科材料,3.95,3.96,3.99,3.82,116050500.0
20251217,600256,广汇能源,5.01,5.01,5.02,4.98,36447900.0
20251217,600257,大湖股份,6.15,6.17,6.19,5.97,15386800.0
20251217,600258,首旅酒店,16.2,16.63,16.96,15.95,37126200.0
20251217,600259,中稀有色,49.1,50.02,50.29,48.9,8004500.0
20251217,600261,阳光照明,3.31,3.33,3.34,3.27,12661100.0
20251217,600262,北方股份,24.7,24.78,24.91,24.3,2321800.0
20251217,600266,城建发展,4.44,4.48,4.5,4.42,23909600.0
20251217,600267,海正药业,10.08,10.09,10.13,10.0,8913000.0
20251217,600268,国电南自,10.46,10.55,10.6,10.19,29985600.0
20251217,600269,赣粤高速,5.22,5.21,5.25,5.18,11110800.0
20251217,600271,航天信息,11.0,10.67,11.5,10.48,279038700.0
20251217,600272,开开实业,14.14,14.14,14.49,13.88,10053000.0
20251217,600273,嘉化能源,8.22,8.26,8.31,8.2,10287600.0
20251217,600276,恒瑞医药,59.35,60.3,60.8,59.01,33041800.0
20251217,600278,东方创业,7.4,7.53,7.56,7.37,7453300.0
20251217,600279,重庆港,5.17,5.2,5.21,5.08,9969800.0
20251217,600280,中央商场,4.6,4.25,4.64,4.16,242150300.0
20251217,600281,华阳新材,5.91,5.84,5.91,5.67,11853000.0
20251217,600282,南钢股份,5.04,5.1,5.12,5.0,48331900.0
20251217,600283,钱江水利,8.98,9.0,9.02,8.9,2772300.0
20251217,600284,浦东建设,7.91,7.81,7.96,7.64,16556500.0
20251217,600285,羚锐制药,21.01,20.96,21.11,20.8,5699100.0
20251217,600287,苏豪时尚,5.59,5.51,5.63,5.43,7526500.0
20251217,600288,大恒科技,14.57,14.81,14.83,14.29,7952800.0
20251217,600292,电投水电,12.56,12.48,12.62,12.41,8981600.0
20251217,600293,三峡新材,2.98,2.96,3.0,2.9,32006600.0
20251217,600295,鄂尔多斯,11.39,11.5,11.55,11.27,10545700.0
20251217,600298,安琪酵母,40.6,41.68,42.15,40.24,9929300.0
20251217,600299,安迪苏,8.75,8.82,8.87,8.66,4475600.0
20251217,600300,维维股份,3.55,3.58,3.62,3.46,54923800.0
20251217,600301,华锡有色,38.21,39.24,39.78,37.99,7115100.0
20251217,600303,曙光股份,3.2,3.21,3.23,3.14,14616400.0
20251217,600305,恒顺醋业,7.94,7.96,8.01,7.87,8823500.0
20251217,600307,酒钢宏兴,1.61,1.61,1.62,1.58,59302200.0
20251217,600308,华泰股份,3.72,3.75,3.76,3.68,13185600.0
20251217,600309,万华化学,69.75,74.22,74.88,69.75,70113400.0
20251217,600310,广西能源,3.77,3.74,3.78,3.69,18052400.0
20251217,600312,平高电气,17.81,17.91,18.09,17.4,21548400.0
20251217,600313,农发种业,6.54,6.36,6.56,6.24,51957200.0
20251217,600315,上海家化,22.53,22.9,23.02,22.31,4956900.0
20251217,600316,洪都航空,30.1,30.51,30.65,29.5,6778500.0
20251217,600318,新力金融,8.76,8.83,8.91,8.56,16823500.0
20251217,600319,亚星化学,8.74,8.89,8.89,8.7,4077200.0
20251217,600320,振华重工,4.64,4.58,4.67,4.5,62104000.0
20251217,600322,津投城开,2.28,2.3,2.31,2.25,17949800.0
20251217,600323,瀚蓝环境,29.3,29.41,29.6,29.03,2779900.0
20251217,600325,华发股份,4.29,4.31,4.34,4.23,29034200.0
20251217,600326,西藏天路,10.7,10.76,10.78,10.53,28007300.0
20251217,600327,大东方,5.5,5.48,5.65,5.34,93961900.0
20251217,600328,中盐化工,7.81,7.83,7.88,7.76,9332400.0
20251217,600329,达仁堂,45.39,46.52,46.7,44.99,4707900.0
20251217,600330,天通股份,10.35,11.15,11.32,10.32,179490500.0
20251217,600331,宏达股份,10.87,11.04,11.09,10.8,47791600.0
20251217,600332,白云山,25.54,25.66,25.7,25.46,10553600.0
20251217,600333,长春燃气,5.53,5.57,5.6,5.47,15603000.0
20251217,600335,国机汽车,6.23,6.26,6.27,6.15,11356400.0
20251217,600336,澳柯玛,8.77,9.55,9.63,8.67,79656500.0
20251217,600338,西藏珠峰,13.22,13.6,13.65,13.15,53025400.0
20251217,600339,中油工程,3.24,3.27,3.28,3.22,23178600.0
20251217,600343,航天动力,37.75,36.2,38.15,36.0,117997200.0
20251217,600345,长江通信,28.0,29.64,30.95,27.75,21541100.0
20251217,600346,恒力石化,18.42,18.78,18.88,18.37,23371500.0
20251217,600348,华阳股份,7.68,7.76,7.78,7.63,31843600.0
20251217,600350,山东高速,9.3,9.21,9.35,9.2,6823300.0
20251217,600351,亚宝药业,6.5,6.52,6.53,6.45,7329700.0
20251217,600352,浙江龙盛,10.48,10.65,10.7,10.47,17651900.0
20251217,600353,旭光电子,15.75,16.02,16.08,15.46,32168300.0
20251217,600354,敦煌种业,6.53,6.35,6.56,6.22,43558100.0
20251217,600356,恒丰纸业,8.36,8.38,8.41,8.27,3127200.0
20251217,600358,国旅联合,5.67,5.75,5.75,5.66,4454500.0
20251217,600359,新农开发,6.83,6.89,6.93,6.66,9583600.0
20251217,600360,华微电子,7.81,7.88,7.88,7.77,6577600.0
20251217,600361,创新新材,4.18,4.18,4.21,4.13,36839600.0
20251217,600362,江西铜业,40.71,41.37,41.72,40.38,38954200.0
20251217,600363,联创光电,56.03,56.84,57.13,55.26,7846600.0
20251217,600366,宁波韵升,13.05,13.32,13.36,12.92,29470400.0
20251217,600367,红星发展,15.15,15.59,15.6,15.15,10189100.0
20251217,600368,五洲交通,3.89,3.87,3.89,3.83,11859200.0
20251217,600369,西南证券,4.43,4.47,4.5,4.35,46764600.0
20251217,600371,万向德农,8.75,8.67,8.75,8.5,8005800.0
20251217,600372,中航机载,12.84,12.7,12.95,12.51,66479500.0
20251217,600373,中文传媒,9.7,9.6,9.71,9.52,18347800.0
20251217,600375,汉马科技,5.77,5.82,5.83,5.7,19568500.0
20251217,600376,首开股份,5.0,5.04,5.08,4.93,75084700.0
20251217,600377,宁沪高速,12.21,12.09,12.22,12.06,9766900.0
20251217,600378,昊华科技,29.71,30.22,30.34,29.51,6841100.0
20251217,600379,宝光股份,11.7,11.51,11.71,11.2,5067000.0
20251217,600380,健康元,11.62,11.67,11.71,11.51,14746400.0
20251217,600382,广东明珠,6.98,7.08,7.11,6.92,11234100.0
20251217,600383,金地集团,3.13,3.14,3.15,3.08,70852100.0
20251217,600386,北巴传媒,4.3,4.25,4.32,4.18,12109300.0
20251217,600388,紫金龙净,15.85,16.14,16.22,15.84,12343400.0
20251217,600389,江山股份,21.78,23.35,23.55,21.71,10542100.0
20251217,600390,五矿资本,5.38,5.46,5.52,5.31,39719900.0
20251217,600391,航发科技,28.5,28.38,28.97,27.72,13563100.0
20251217,600392,盛和资源,20.17,20.78,20.85,19.93,42393300.0
20251217,600395,盘江股份,4.6,4.61,4.62,4.55,13536300.0
20251217,600396,华电辽能,2.91,2.91,2.93,2.87,11528100.0
20251217,600397,江钨装备,6.66,6.8,6.94,6.6,20045000.0
20251217,600398,海澜之家,6.2,6.24,6.26,6.14,28868100.0
20251217,600399,抚顺特钢,5.52,5.49,5.57,5.41,62623600.0
20251217,600400,红豆股份,2.4,2.41,2.42,2.36,31176100.0
20251217,600403,大有能源,6.76,6.88,6.94,6.63,49332200.0
20251217,600405,动力源,5.07,5.04,5.09,4.93,11432700.0
20251217,600406,国电南瑞,22.73,23.06,23.1,22.68,33492300.0
20251217,600408,安泰集团,4.66,4.58,4.67,4.35,102213100.0
20251217,600409,三友化工,5.8,5.93,5.95,5.8,21971200.0
20251217,600410,华胜天成,16.7,16.94,17.0,16.44,55756700.0
20251217,600415,小商品城,16.16,16.36,16.48,15.95,51343000.0
20251217,600416,湘电股份,13.32,13.39,13.49,13.14,17270400.0
20251217,600418,江淮汽车,47.3,47.64,48.2,47.0,26411900.0
20251217,600419,天润乳业,9.59,9.98,10.18,9.52,14289300.0
20251217,600420,国药现代,10.18,10.22,10.23,10.1,6693200.0
20251217,600422,昆药集团,12.27,12.42,12.44,12.25,4718700.0
20251217,600425,青松建化,4.18,4.19,4.21,4.12,18278300.0
20251217,600426,华鲁恒升,28.21,29.33,29.68,28.02,24360800.0
20251217,600428,中远海特,7.07,7.18,7.2,7.04,14070400.0
20251217,600429,三元股份,5.55,5.79,5.87,5.47,104765200.0
20251217,600433,冠豪高新,3.09,3.12,3.14,3.07,17026200.0
20251217,600435,北方导航,13.53,13.58,13.7,13.3,25903700.0
20251217,600436,片仔癀,170.86,171.28,171.7,169.43,1459800.0
20251217,600438,通威股份,20.8,21.18,21.25,20.8,65552500.0
20251217,600444,国机通用,18.29,17.91,18.46,17.46,7259000.0
20251217,600446,金证股份,15.41,15.59,15.85,15.05,23441300.0
20251217,600448,华纺股份,3.06,3.07,3.09,3.0,18943500.0
20251217,600449,宁夏建材,12.21,12.32,12.36,12.13,3747400.0
20251217,600452,涪陵电力,9.45,9.39,9.45,9.31,14604200.0
20251217,600455,博通股份,24.87,25.18,25.2,24.51,1351500.0
20251217,600456,宝钛股份,32.41,32.27,32.57,31.6,10321200.0
20251217,600458,时代新材,13.18,13.23,13.25,12.95,7922300.0
20251217,600459,贵研铂业,18.37,19.0,19.15,18.2,66842300.0
20251217,600460,士兰微,27.23,27.67,27.73,27.23,18954600.0
20251217,600461,洪城环境,9.58,9.61,9.68,9.56,12274600.0
20251217,600463,空港股份,11.9,11.49,11.96,11.17,7293400.0
20251217,600467,好当家,2.66,2.58,2.67,2.54,85671700.0
20251217,600468,百利电气,6.62,6.71,6.95,6.45,73815700.0
20251217,600469,风神股份,6.65,6.67,6.74,6.55,7145800.0
20251217,600470,六国化工,5.74,5.83,6.1,5.61,33384000.0
20251217,600475,华光环能,17.14,17.14,17.25,16.69,9910900.0
20251217,600477,杭萧钢构,2.6,2.62,2.62,2.57,22379300.0
20251217,600478,科力远,6.47,6.59,6.6,6.38,31524700.0
20251217,600479,千金药业,10.19,10.26,10.29,10.15,4881300.0
20251217,600480,凌云股份,11.29,11.47,11.5,11.24,11711800.0
20251217,600481,双良节能,5.41,5.48,5.49,5.36,24248800.0
20251217,600482,中国动力,19.56,20.09,20.09,19.45,22779800.0
20251217,600483,福能股份,10.05,10.0,10.09,9.9,16018100.0
20251217,600486,扬农化工,63.5,65.0,65.47,63.04,2726000.0
20251217,600487,亨通光电,19.88,21.67,21.9,19.88,174407000.0
20251217,600488,津药药业,4.05,4.09,4.1,4.04,5367900.0
20251217,600489,中金黄金,22.1,22.62,22.78,22.02,72464100.0
20251217,600490,鹏欣资源,7.61,7.65,7.73,7.45,66961900.0
20251217,600493,凤竹纺织,7.94,7.38,8.08,7.28,48290400.0
20251217,600495,晋西车轴,4.81,4.8,4.85,4.7,17556400.0
20251217,600496,精工钢构,4.22,4.27,4.29,4.17,20770500.0
20251217,600497,驰宏锌锗,6.57,6.74,6.78,6.51,99199600.0
20251217,600498,烽火通信,25.6,26.7,26.8,25.48,113491400.0
20251217,600499,科达制造,13.01,13.47,13.56,13.01,39447900.0
20251217,600500,中化国际,3.77,3.84,3.84,3.76,18284900.0
20251217,600501,航天晨光,24.4,27.04,27.04,24.05,65129200.0
20251217,600502,安徽建工,4.63,4.62,4.66,4.57,15347600.0
20251217,600503,华丽家族,2.69,2.69,2.7,2.63,23023600.0
20251217,600505,西昌电力,13.02,12.85,13.02,12.59,6511300.0
20251217,600506,统一股份,22.86,22.89,23.03,22.4,8253400.0
20251217,600507,方大特钢,5.74,5.77,5.79,5.67,10935200.0
20251217,600508,上海能源,11.92,11.92,11.97,11.8,2512600.0
20251217,600509,天富能源,8.29,8.4,8.42,8.15,27933600.0
20251217,600510,黑牡丹,8.37,8.5,8.53,8.2,9596700.0
20251217,600511,国药股份,28.66,28.81,28.94,28.51,2743600.0
20251217,600512,腾达建设,2.36,2.38,2.38,2.33,18749700.0
20251217,600513,联环药业,17.31,17.64,17.7,17.25,7506400.0
20251217,600515,海南机场,4.65,4.69,4.69,4.45,152398100.0
20251217,600516,方大炭素,5.58,5.67,5.71,5.52,49751800.0
20251217,600517,国网英大,5.9,5.94,5.98,5.79,31063300.0
20251217,600518,康美药业,1.91,1.92,1.93,1.9,124643500.0
20251217,600519,贵州茅台,1425.0,1433.1,1439.94,1417.68,3138200.0
20251217,600520,三佳科技,25.15,25.17,25.3,24.88,1542900.0
20251217,600521,华海药业,16.86,17.09,17.18,16.69,11609100.0
20251217,600522,中天科技,16.78,17.78,17.96,16.64,149667200.0
20251217,600523,贵航股份,14.97,14.83,15.04,14.47,6455600.0
20251217,600525,长园集团,3.48,3.51,3.55,3.47,6144500.0
20251217,600526,菲达环保,5.1,5.09,5.11,5.0,10808400.0
20251217,600527,江南高纤,2.09,2.09,2.1,2.05,34157700.0
20251217,600528,中铁工业,7.83,7.92,7.94,7.78,11155200.0
20251217,600529,山东药玻,20.3,20.29,20.37,20.14,5245000.0
20251217,600531,豫光金铅,10.5,10.86,10.93,10.45,66133900.0
20251217,600533,栖霞建设,2.48,2.49,2.5,2.43,14861900.0
20251217,600535,天士力,15.02,15.06,15.1,14.82,7572800.0
20251217,600536,中国软件,43.45,44.41,44.43,43.22,13429000.0
20251217,600538,国发股份,6.15,6.21,6.21,6.02,9191200.0
20251217,600539,狮头股份,9.78,9.86,9.9,9.62,3683400.0
20251217,600540,新赛股份,4.47,4.46,4.49,4.36,10754100.0
20251217,600545,卓郎智能,2.51,2.54,2.55,2.48,18548500.0
20251217,600546,山煤国际,10.22,10.27,10.34,10.17,11795400.0
20251217,600547,山东黄金,35.35,36.18,36.5,35.31,32949800.0
20251217,600548,深高速,8.92,8.88,8.92,8.8,8864100.0
20251217,600549,厦门钨业,39.6,41.59,42.22,39.2,75964100.0
20251217,600550,保变电气,10.0,10.11,10.28,9.83,100862800.0
20251217,600551,时代出版,8.12,8.17,8.18,8.04,4149800.0
20251217,600552,凯盛科技,10.76,10.86,10.88,10.56,16013500.0
20251217,600556,天下秀,5.5,5.81,5.83,5.5,80161200.0
20251217,600557,康缘药业,14.18,14.29,14.34,14.14,4812400.0
20251217,600558,大西洋,5.58,5.64,5.71,5.51,21817400.0
20251217,600559,老白干酒,16.25,16.18,16.29,16.02,7237600.0
20251217,600560,金自天正,15.47,15.55,15.69,15.12,2745000.0
20251217,600561,江西长运,6.37,6.45,6.48,6.28,6052100.0
20251217,600562,国睿科技,27.17,27.15,28.2,26.57,12647700.0
20251217,600563,法拉电子,100.28,101.98,102.1,99.65,2500500.0
20251217,600566,济川药业,26.83,26.81,27.01,26.63,4902100.0
20251217,600567,山鹰国际,1.63,1.63,1.64,1.6,99156100.0
20251217,600569,安阳钢铁,2.17,2.2,2.21,2.14,22888000.0
20251217,600570,恒生电子,28.98,29.53,29.68,28.48,37132500.0
20251217,600571,信雅达,14.99,15.26,15.28,14.65,13780800.0
20251217,600572,康恩贝,4.56,4.59,4.61,4.53,22576200.0
20251217,600573,惠泉啤酒,12.37,11.95,12.48,11.8,24627400.0
20251217,600575,淮河能源,3.53,3.54,3.55,3.49,32534600.0
20251217,600576,祥源文旅,5.7,5.71,5.85,5.58,34531800.0
20251217,600577,精达股份,10.4,10.81,10.89,10.39,122105600.0
20251217,600578,京能电力,4.59,4.6,4.63,4.52,29697200.0
20251217,600579,中化装备,8.23,8.16,8.32,8.01,5830600.0
20251217,600580,卧龙电驱,39.3,40.0,40.32,39.22,45303200.0
20251217,600582,天地科技,5.71,5.77,5.77,5.66,23621500.0
20251217,600583,海油工程,5.33,5.37,5.39,5.28,35317800.0
20251217,600584,长电科技,35.3,35.93,36.05,35.13,27849800.0
20251217,600585,海螺水泥,21.92,22.06,22.13,21.73,19103400.0
20251217,600586,金晶科技,5.58,5.58,5.7,5.37,48109700.0
20251217,600587,新华医疗,14.4,14.52,14.54,14.33,4268500.0
20251217,600588,用友网络,12.29,12.73,12.74,12.28,42749600.0
20251217,600589,大位科技,6.91,7.03,7.03,6.9,34865600.0
20251217,600590,泰豪科技,8.93,8.97,9.02,8.73,15972900.0
20251217,600592,龙溪股份,23.67,23.97,24.12,23.36,23508500.0
20251217,600593,大连圣亚,44.2,44.91,46.1,43.8,10140600.0
20251217,600594,益佰制药,3.99,4.06,4.15,3.93,25537000.0
20251217,600595,中孚实业,7.25,7.65,7.7,7.25,69877100.0
20251217,600596,新安股份,10.58,10.82,10.91,10.5,16677200.0
20251217,600597,光明乳业,8.12,8.18,8.24,8.05,13211400.0
20251217,600598,北大荒,14.81,14.55,14.82,14.37,41449100.0
20251217,600600,青岛啤酒,62.3,62.24,62.4,61.8,3191700.0
20251217,600601,方正科技,11.7,12.09,12.19,11.51,193482000.0
20251217,600602,云赛智联,17.16,17.4,17.5,17.04,11995600.0
20251217,600603,广汇物流,6.27,6.39,6.41,6.19,10097500.0
20251217,600604,市北高新,5.42,5.36,5.43,5.28,12161100.0
20251217,600605,汇通能源,27.6,27.78,28.06,27.12,1797100.0
20251217,600606,绿地控股,1.64,1.65,1.65,1.61,69918100.0
20251217,600609,金杯汽车,4.65,4.68,4.73,4.6,20612300.0
20251217,600610,中毅达,9.74,9.66,9.75,9.52,15540500.0
20251217,600611,大众交通,5.52,5.48,5.58,5.41,60116700.0
20251217,600612,老凤祥,44.43,44.52,44.64,44.22,1628900.0
20251217,600613,神奇制药,6.14,6.11,6.15,5.98,7860500.0
20251217,600615,鑫源智造,10.94,10.97,11.02,10.71,2730800.0
20251217,600616,金枫酒业,5.25,5.26,5.28,5.17,10094500.0
20251217,600617,国新能源,3.14,3.16,3.17,3.09,26246300.0
20251217,600618,氯碱化工,11.41,11.61,11.66,11.37,8135900.0
20251217,600619,海立股份,20.25,20.16,20.36,19.61,24792400.0
20251217,600620,天宸股份,5.87,5.96,6.0,5.84,7336900.0
20251217,600621,华鑫股份,15.08,15.28,15.36,14.95,12128300.0
20251217,600622,光大嘉宝,2.88,2.88,2.91,2.83,29939300.0
20251217,600623,华谊集团,7.26,7.27,7.32,7.15,9113900.0
20251217,600626,申达股份,4.44,4.51,4.52,4.38,13624500.0
20251217,600628,新世界,8.22,8.08,8.31,7.99,47891100.0
20251217,600629,华建集团,18.45,18.55,18.6,18.21,19668000.0
20251217,600630,龙头股份,8.9,9.02,9.07,8.77,13712700.0
20251217,600633,浙数文化,12.3,12.48,12.52,12.23,8990000.0
20251217,600635,大众公用,6.47,6.48,6.53,6.33,118280800.0
20251217,600637,东方明珠,9.07,9.16,9.18,9.0,37065700.0
20251217,600638,新黄浦,5.57,5.58,5.65,5.44,11645600.0
20251217,600639,浦东金桥,10.16,10.15,10.2,10.06,3483600.0
20251217,600640,国脉文化,12.27,12.36,12.37,12.02,7428700.0
20251217,600641,先导基电,15.97,16.19,16.24,15.66,17866700.0
20251217,600642,申能股份,8.01,8.03,8.08,7.95,19951100.0
20251217,600643,爱建集团,5.21,5.27,5.31,5.09,20744900.0
20251217,600644,乐山电力,10.03,9.96,10.07,9.77,19917700.0
20251217,600645,中源协和,25.68,25.81,26.01,25.38,6781200.0
20251217,600648,外高桥,9.91,9.92,9.96,9.82,2524000.0
20251217,600649,城投控股,4.27,4.31,4.34,4.25,16137800.0
20251217,600650,锦江在线,16.52,15.46,16.98,15.36,39727800.0
20251217,600651,飞乐音响,7.46,7.42,7.5,7.26,34974800.0
20251217,600653,申华控股,1.9,1.89,1.91,1.87,21483200.0
20251217,600654,中安科,3.65,3.69,3.7,3.59,63605200.0
20251217,600655,豫园股份,5.15,5.26,5.28,5.1,22672200.0
20251217,600657,信达地产,3.49,3.51,3.54,3.44,14447800.0
20251217,600658,电子城,5.41,5.42,5.45,5.29,18565000.0
20251217,600660,福耀玻璃,61.36,62.08,62.35,61.08,9973300.0
20251217,600661,昂立教育,10.29,10.19,10.37,10.0,5138100.0
20251217,600662,外服控股,5.05,5.08,5.11,5.01,9585400.0
20251217,600663,陆家嘴,7.91,7.87,7.92,7.73,10755700.0
20251217,600664,哈药股份,3.51,3.55,3.55,3.48,20527500.0
20251217,600665,天地源,3.19,3.24,3.26,3.15,12362000.0
20251217,600666,奥瑞德,3.26,3.25,3.26,3.18,43015700.0
20251217,600667,太极实业,7.47,7.55,7.56,7.35,36578600.0
20251217,600668,尖峰集团,10.9,10.99,11.03,10.83,3667700.0
20251217,600671,天目药业,16.58,17.11,17.23,16.48,3272100.0
20251217,600673,东阳光,21.7,22.01,22.22,21.47,38073400.0
20251217,600674,川投能源,14.34,14.27,14.35,14.23,14810100.0
20251217,600675,中华企业,2.71,2.72,2.73,2.67,26864700.0
20251217,600676,久事动娱,5.56,5.56,5.58,5.47,8083800.0
20251217,600679,上海凤凰,13.65,13.38,13.67,13.17,9404300.0
20251217,600681,百川能源,3.93,4.02,4.02,3.89,36555300.0
20251217,600682,南京新百,7.93,8.27,8.35,7.93,82521400.0
20251217,600683,京投发展,4.2,4.25,4.29,4.2,12602600.0
20251217,600684,珠江股份,4.26,4.31,4.4,4.19,23477400.0
20251217,600685,中船防务,27.2,27.41,27.5,26.8,20388600.0
20251217,600686,金龙汽车,16.13,16.5,16.63,16.04,28673800.0
20251217,600688,上海石化,2.63,2.64,2.65,2.61,27459200.0
20251217,600689,上海三毛,13.2,13.37,13.54,12.96,4014000.0
20251217,600690,海尔智家,27.1,27.49,27.73,26.81,33674200.0
20251217,600691,潞化科技,2.78,2.82,2.82,2.74,15284400.0
20251217,600692,亚通股份,7.22,7.16,7.22,7.03,4140900.0
20251217,600693,东百集团,17.59,16.72,17.6,16.11,170953200.0
20251217,600694,大商股份,18.66,18.58,19.22,18.27,17831100.0
20251217,600697,欧亚集团,14.92,14.44,15.82,14.05,55021100.0
20251217,600698,湖南天雁,8.76,8.81,8.87,8.62,12147600.0
20251217,600699,均胜电子,27.04,28.5,29.03,26.95,105600100.0
20251217,600702,舍得酒业,58.0,57.9,58.16,57.02,5821700.0
20251217,600703,三安光电,12.95,13.17,13.19,12.91,36915100.0
20251217,600704,物产中大,5.39,5.45,5.47,5.36,45204200.0
20251217,600706,曲江文旅,11.1,12.28,12.28,11.1,45980400.0
20251217,600707,彩虹股份,6.47,6.55,6.64,6.33,64128100.0
20251217,600708,光明地产,3.11,3.12,3.14,3.06,13981700.0
20251217,600710,苏美达,10.58,10.63,10.66,10.49,9521800.0
20251217,600711,盛屯矿业,13.09,13.34,13.5,13.04,111275600.0
20251217,600712,南宁百货,6.75,6.67,6.85,6.52,17583500.0
20251217,600713,南京医药,5.13,5.27,5.33,5.11,30322900.0
20251217,600714,金瑞矿业,11.46,11.55,11.56,11.24,3918500.0
20251217,600715,文投控股,2.19,2.2,2.21,2.13,37873300.0
20251217,600716,凤凰股份,3.6,3.66,3.67,3.57,10954600.0
20251217,600717,天津港,4.45,4.49,4.5,4.43,14974900.0
20251217,600718,东软集团,9.64,9.79,9.81,9.61,16097800.0
20251217,600719,大连热电,5.55,5.59,5.61,5.51,5177100.0
20251217,600720,中交设计,7.33,7.34,7.39,7.28,7473500.0
20251217,600721,百花医药,10.59,10.51,10.7,10.32,29213600.0
20251217,600722,金牛化工,5.78,5.8,5.81,5.7,6622500.0
20251217,600724,宁波富达,5.27,5.38,5.52,5.27,17262100.0
20251217,600725,云维股份,3.7,4.08,4.08,3.68,93446100.0
20251217,600726,华电能源,2.41,2.39,2.42,2.35,25520300.0
20251217,600727,鲁北化工,6.69,6.71,6.72,6.58,4238700.0
20251217,600728,佳都科技,6.16,6.18,6.22,6.08,26182700.0
20251217,600729,重百集团,26.3,26.55,27.18,25.9,12333300.0
20251217,600731,湖南海利,6.7,6.7,6.74,6.61,5307400.0
20251217,600732,爱旭股份,12.66,12.81,12.84,12.47,20287000.0
20251217,600733,北汽蓝谷,8.28,8.17,8.44,7.98,446869900.0
20251217,600736,苏州高新,5.58,5.61,5.63,5.51,15398500.0
20251217,600737,中粮糖业,17.23,17.11,17.78,17.0,50338700.0
20251217,600738,丽尚国潮,5.11,5.33,5.52,5.05,78575800.0
20251217,600739,辽宁成大,11.27,11.46,11.54,11.22,11529700.0
20251217,600740,山西焦化,3.75,3.75,3.77,3.7,14749500.0
20251217,600741,华域汽车,19.61,19.89,19.94,19.6,9198700.0
20251217,600742,富维股份,10.1,10.02,10.1,9.86,8515700.0
20251217,600743,华远控股,2.0,1.99,2.01,1.95,26376200.0
20251217,600744,华银电力,5.96,5.93,5.96,5.81,31173000.0
20251217,600746,江苏索普,6.75,6.78,6.79,6.64,3947300.0
20251217,600748,上实发展,5.21,5.3,5.32,5.16,19954900.0
20251217,600749,西藏旅游,16.5,16.86,16.99,16.5,6471000.0
20251217,600750,华润江中,24.36,24.41,24.55,24.2,6877200.0
20251217,600751,海航科技,3.7,3.75,3.77,3.66,28547200.0
20251217,600754,锦江酒店,24.79,25.17,25.69,24.65,13108400.0
20251217,600755,厦门国贸,6.27,6.29,6.31,6.2,41687200.0
20251217,600756,浪潮软件,17.2,17.4,17.44,17.0,16624400.0
20251217,600757,长江传媒,8.9,8.93,8.99,8.87,10210000.0
20251217,600758,辽宁能源,3.76,3.8,3.82,3.7,13888800.0
20251217,600760,中航沈飞,53.96,54.51,55.33,53.78,17101700.0
20251217,600761,安徽合力,19.54,19.57,19.69,19.42,6418800.0
20251217,600763,通策医疗,40.3,40.81,40.93,40.21,4055800.0
20251217,600764,中国海防,26.03,26.19,26.28,25.76,7620100.0
20251217,600765,中航重机,16.88,16.77,16.99,16.5,39723800.0
20251217,600768,富邦新材,12.63,12.66,12.8,12.3,2743500.0
20251217,600769,祥龙电业,12.07,11.94,12.07,11.63,5322000.0
20251217,600770,综艺股份,5.02,5.0,5.05,4.87,18776600.0
20251217,600771,广誉远,18.1,17.99,18.15,17.74,7429200.0
20251217,600773,西藏城投,11.68,12.15,12.25,11.68,26787300.0
20251217,600774,汉商集团,9.21,9.24,9.27,9.05,3973600.0
20251217,600775,南京熊猫,10.75,10.9,11.06,10.58,32105800.0
20251217,600776,东方通信,15.68,15.41,16.24,15.27,80138400.0
20251217,600777,新潮能源,3.82,3.87,3.88,3.81,10153200.0
20251217,600778,友好集团,6.82,6.79,6.94,6.6,29292900.0
20251217,600779,水井坊,37.76,37.14,37.9,36.95,3406700.0
20251217,600780,通宝能源,5.68,5.7,5.73,5.61,9965300.0
20251217,600782,新钢股份,3.71,3.74,3.76,3.66,56227200.0
20251217,600783,鲁信创投,14.75,14.7,14.83,14.2,13896600.0
20251217,600784,鲁银投资,6.3,6.27,6.35,6.19,5457900.0
20251217,600785,新华百货,13.95,13.77,14.07,13.5,15653000.0
20251217,600787,中储股份,5.56,5.59,5.61,5.53,14102000.0
20251217,600789,鲁抗医药,9.1,9.14,9.15,9.01,17028500.0
20251217,600790,轻纺城,3.77,3.81,3.82,3.75,12730400.0
20251217,600791,京能置业,4.7,4.72,4.75,4.61,7852800.0
20251217,600792,云煤能源,3.94,3.96,3.97,3.86,18023900.0
20251217,600793,宜宾纸业,20.55,20.74,20.86,20.38,2462200.0
20251217,600794,保税科技,3.74,3.72,3.74,3.65,18539900.0
20251217,600795,国电电力,5.84,5.93,5.96,5.81,120618600.0
20251217,600796,钱江生化,5.96,5.94,5.97,5.81,6079300.0
20251217,600797,浙大网新,9.53,9.62,9.64,9.45,28138300.0
20251217,600798,宁波海运,3.47,3.51,3.51,3.43,20680400.0
20251217,600801,华新建材,23.62,23.8,23.97,23.46,6830000.0
20251217,600802,福建水泥,6.79,6.57,6.82,6.43,33479900.0
20251217,600803,新奥股份,22.52,22.72,22.8,22.38,6458000.0
20251217,600805,悦达投资,5.33,5.42,5.45,5.26,17304200.0
20251217,600807,济高发展,3.22,3.13,3.23,3.08,20994300.0
20251217,600808,马钢股份,3.69,3.71,3.72,3.63,34637200.0
20251217,600809,山西汾酒,177.78,177.67,178.99,175.53,3909100.0
20251217,600810,神马股份,8.3,8.28,8.35,8.13,15185100.0
20251217,600812,华北制药,5.54,5.54,5.56,5.47,8423600.0
20251217,600814,杭州解百,8.29,8.34,8.66,8.22,49628200.0
20251217,600815,厦工股份,3.65,3.57,3.7,3.5,73546900.0
20251217,600816,建元信托,2.84,2.85,2.87,2.79,52520500.0
20251217,600817,宇通重工,10.67,10.74,10.75,10.57,1711200.0
20251217,600819,耀皮玻璃,8.1,7.97,8.14,7.8,10148700.0
20251217,600820,隧道股份,6.26,6.4,6.41,6.24,30975500.0
20251217,600821,金开新能,5.22,5.21,5.25,5.15,17416300.0
20251217,600822,上海物贸,10.35,10.42,10.45,10.2,4119700.0
20251217,600824,益民集团,4.4,4.45,4.54,4.36,37633800.0
20251217,600825,新华传媒,6.15,6.15,6.19,6.06,6694400.0
20251217,600826,兰生股份,10.41,10.5,10.52,10.2,6063100.0
20251217,600827,百联股份,9.2,9.23,9.3,9.11,16765000.0
20251217,600828,茂业商业,6.91,6.46,7.12,6.45,126463200.0
20251217,600829,人民同泰,11.32,11.44,11.62,11.22,22961000.0
20251217,600830,香溢融通,9.24,9.18,9.28,9.0,7235000.0
20251217,600831,广电网络,4.23,4.24,4.29,4.14,9397800.0
20251217,600833,第一医药,12.76,12.85,13.1,12.61,5455600.0
20251217,600834,申通地铁,8.22,8.2,8.25,8.08,3745600.0
20251217,600835,上海机电,26.1,26.49,26.56,26.0,7752600.0
20251217,600838,上海九百,8.99,9.16,9.32,8.71,28634100.0
20251217,600839,四川长虹,8.74,8.77,8.8,8.63,70691800.0
20251217,600841,动力新科,6.26,6.23,6.48,6.14,9076300.0
20251217,600843,上工申贝,11.38,11.29,11.55,11.04,19502000.0
20251217,600844,金煤科技,2.97,2.89,2.98,2.85,23372100.0
20251217,600845,宝信软件,19.88,20.03,20.1,19.61,13916200.0
20251217,600846,同济科技,13.97,14.2,14.55,13.96,8794400.0
20251217,600847,万里股份,11.0,11.11,11.22,10.81,2214200.0
20251217,600848,上海临港,11.2,11.37,11.37,10.98,16895600.0
20251217,600850,电科数字,29.65,28.85,30.33,28.8,37621900.0
20251217,600851,海欣股份,6.68,6.69,6.74,6.55,8441200.0
20251217,600853,龙建股份,4.17,4.14,4.2,4.09,27096000.0
20251217,600854,春兰股份,4.87,4.88,4.93,4.8,8415500.0
20251217,600855,航天长峰,21.03,19.92,21.26,19.92,67910247.0
20251217,600857,宁波中百,14.09,14.09,14.35,13.83,7088400.0
20251217,600858,银座股份,6.37,6.39,6.72,6.25,64232100.0
20251217,600859,王府井,15.02,14.85,15.14,14.58,48957900.0
20251217,600860,京城股份,12.07,11.77,12.15,11.48,13787900.0
20251217,600861,北京人力,18.06,18.24,18.42,18.0,4325300.0
20251217,600862,中航高科,21.15,21.16,21.29,20.8,16556100.0
20251217,600863,华能蒙电,4.63,4.68,4.71,4.6,49225500.0
20251217,600864,哈投股份,6.75,6.85,6.92,6.63,34101200.0
20251217,600865,百大集团,15.82,15.82,15.82,15.11,89942500.0
20251217,600866,星湖科技,6.64,6.73,6.76,6.59,18036200.0
20251217,600867,通化东宝,8.42,8.47,8.49,8.37,15233900.0
20251217,600868,梅雁吉祥,3.75,3.65,3.77,3.56,143795500.0
20251217,600869,远东股份,7.54,7.78,7.78,7.51,43369800.0
20251217,600871,石化油服,2.09,2.11,2.13,2.07,103264300.0
20251217,600872,中炬高新,17.03,17.17,17.23,16.92,7933900.0
20251217,600873,梅花生物,9.99,10.07,10.11,9.98,24538700.0
20251217,600874,创业环保,6.14,5.99,6.17,5.92,48464200.0
20251217,600875,东方电气,22.63,23.17,23.28,22.31,61979500.0
20251217,600876,凯盛新能,9.61,9.64,9.65,9.36,3140100.0
20251217,600877,电科芯片,15.39,15.36,15.81,14.8,37889700.0
20251217,600879,航天电子,17.76,17.0,17.82,16.69,694622800.0
20251217,600880,博瑞传播,4.87,4.96,4.98,4.81,21008000.0
20251217,600881,亚泰集团,1.86,1.87,1.88,1.83,56484900.0
20251217,600882,妙可蓝多,26.9,28.07,28.59,26.55,14417300.0
20251217,600883,博闻科技,7.67,7.7,7.75,7.56,3641000.0
20251217,600884,杉杉股份,12.96,13.26,13.33,12.95,41843200.0
20251217,600885,宏发股份,30.15,31.06,31.15,30.05,15098000.0
20251217,600886,国投电力,13.64,13.51,13.64,13.43,21369400.0
20251217,600887,伊利股份,28.58,28.85,29.09,28.38,45788600.0
20251217,600888,新疆众和,7.56,7.75,7.77,7.5,21089000.0
20251217,600892,大晟文化,3.3,3.35,3.36,3.2,15149000.0
20251217,600893,航发动力,36.8,36.76,37.48,36.27,19861000.0
20251217,600894,广日股份,9.1,9.07,9.12,8.97,4158800.0
20251217,600895,张江高科,37.98,38.44,38.7,37.03,35192200.0
20251217,600897,厦门空港,17.02,17.03,17.27,16.8,11987000.0
20251217,600900,长江电力,27.93,27.92,28.0,27.84,59243600.0
20251217,600901,江苏金租,6.13,6.12,6.2,6.09,23795800.0
20251217,600903,贵州燃气,6.64,6.68,6.69,6.58,5155200.0
20251217,600905,三峡能源,4.11,4.12,4.13,4.08,90463600.0
20251217,600906,财达证券,6.87,6.9,6.96,6.75,22309400.0
20251217,600908,无锡银行,5.88,5.88,5.91,5.83,11889500.0
20251217,600909,华安证券,6.46,6.6,6.67,6.44,58422200.0
20251217,600916,中国黄金,8.02,8.05,8.05,7.98,9123500.0
20251217,600917,重庆燃气,5.44,5.48,5.49,5.41,4297200.0
20251217,600918,中泰证券,6.7,6.72,6.78,6.61,30112800.0
20251217,600919,江苏银行,10.35,10.33,10.4,10.27,109815600.0
20251217,600925,苏能股份,4.53,4.56,4.59,4.53,6791500.0
20251217,600926,杭州银行,15.28,15.23,15.32,15.18,32499800.0
20251217,600927,永安期货,15.05,15.23,15.32,14.82,8438400.0
20251217,600928,西安银行,3.73,3.73,3.74,3.67,29428200.0
20251217,600930,华电新能,6.44,6.42,6.47,6.35,102102000.0
20251217,600933,爱柯迪,18.8,18.68,18.99,18.34,11765900.0
20251217,600935,华塑股份,2.4,2.41,2.42,2.36,23832600.0
20251217,600936,北投科技,3.76,3.85,3.98,3.73,136682500.0
20251217,600938,中国海油,27.78,28.25,28.3,27.7,31840600.0
20251217,600939,重庆建工,3.6,3.46,3.63,3.44,28396300.0
20251217,600941,中国移动,102.9,102.31,102.9,101.8,11959500.0
20251217,600955,维远股份,14.65,14.81,14.87,14.64,2299900.0
20251217,600956,新天绿能,7.26,7.34,7.37,7.26,5470700.0
20251217,600958,东方证券,10.74,11.04,11.14,10.71,104810000.0
20251217,600959,江苏有线,3.32,3.36,3.36,3.29,26159700.0
20251217,600960,渤海汽车,5.2,5.14,5.27,5.06,27130800.0
20251217,600961,株冶集团,15.14,16.0,16.16,15.1,24305900.0
20251217,600962,国投中鲁,20.19,19.9,20.19,19.63,2622000.0
20251217,600963,岳阳林纸,4.13,4.15,4.16,4.09,13228000.0
20251217,600966,博汇纸业,5.76,5.87,5.89,5.73,13089500.0
20251217,600967,内蒙一机,15.7,15.87,15.91,15.55,20543900.0
20251217,600968,海油发展,3.75,3.78,3.8,3.74,32894600.0
20251217,600969,郴电国际,9.56,9.64,9.69,9.43,11125100.0
20251217,600970,中材国际,9.35,9.8,9.84,9.32,45522200.0
20251217,600971,恒源煤电,6.28,6.27,6.29,6.23,8901300.0
20251217,600973,宝胜股份,6.46,6.47,6.67,6.31,121799900.0
20251217,600975,新五丰,5.89,5.87,5.95,5.83,16674100.0
20251217,600976,健民集团,35.12,35.1,35.26,34.81,1280100.0
20251217,600977,中国电影,15.88,16.44,16.45,15.49,63376200.0
20251217,600979,广安爱众,4.42,4.44,4.44,4.36,13069900.0
20251217,600980,北矿科技,21.45,21.88,21.9,21.33,2456100.0
20251217,600981,苏豪汇鸿,3.25,3.25,3.28,3.17,75477000.0
20251217,600982,宁波能源,4.36,4.35,4.37,4.28,14740600.0
20251217,600983,惠而浦,9.53,9.57,9.61,9.4,2068500.0
20251217,600984,建设机械,4.48,4.59,4.93,4.45,103357500.0
20251217,600985,淮北矿业,11.34,11.28,11.36,11.2,15378500.0
20251217,600986,浙文互联,7.2,7.26,7.3,7.05,56210000.0
20251217,600987,航民股份,6.97,7.0,7.03,6.92,10794600.0
20251217,600988,赤峰黄金,31.27,32.0,32.5,31.1,46822500.0
20251217,600989,宝丰能源,17.59,17.86,17.96,17.53,21661300.0
20251217,600990,四创电子,29.3,28.39,30.2,27.66,23547200.0
20251217,600992,贵绳股份,12.65,12.61,12.7,12.42,3424700.0
20251217,600993,马应龙,29.24,29.31,29.37,28.81,4803500.0
20251217,600995,南网储能,12.5,12.59,12.71,12.36,9842900.0
20251217,600996,贵广网络,10.46,10.34,10.49,10.18,20623100.0
20251217,600997,开滦股份,5.71,5.73,5.76,5.68,9909700.0
20251217,600998,九州通,5.07,5.1,5.13,5.04,29956700.0
20251217,600999,招商证券,16.6,16.9,17.0,16.6,48809100.0
20251217,601000,唐山港,3.93,3.91,3.94,3.9,34865700.0
20251217,601001,晋控煤业,14.15,13.86,14.17,13.71,19761200.0
20251217,601002,晋亿实业,4.95,4.93,5.0,4.81,14037100.0
20251217,601003,柳钢股份,4.86,4.91,4.93,4.8,10226300.0
20251217,601005,重庆钢铁,1.46,1.46,1.47,1.44,132318900.0
20251217,601006,大秦铁路,5.44,5.4,5.44,5.36,122313500.0
20251217,601007,金陵饭店,8.02,7.91,8.05,7.85,25278700.0
20251217,601008,连云港,5.1,5.1,5.11,5.03,10919300.0
20251217,601009,南京银行,11.29,11.35,11.44,11.26,34571700.0
20251217,601011,宝泰隆,3.34,3.36,3.37,3.26,42367800.0
20251217,601012,隆基绿能,17.49,17.78,17.82,17.44,91202400.0
20251217,601015,陕西黑猫,3.63,3.64,3.65,3.56,28561600.0
20251217,601016,节能风电,2.99,2.99,3.0,2.96,46390100.0
20251217,601018,宁波港,3.69,3.72,3.73,3.67,58009900.0
20251217,601019,山东出版,8.69,8.73,8.76,8.58,10647200.0
20251217,601020,华钰矿业,26.01,26.29,26.44,25.67,25518800.0
20251217,601021,春秋航空,54.0,54.5,55.08,53.61,8347300.0
20251217,601022,宁波远洋,9.11,9.16,9.18,9.0,6954000.0
20251217,601026,道生天合,19.41,19.37,19.46,19.0,6075800.0
20251217,601033,永兴股份,15.01,15.08,15.12,14.98,3562700.0
20251217,601038,一拖股份,14.15,14.06,14.22,13.86,13382700.0
20251217,601058,赛轮轮胎,17.47,17.48,17.64,17.26,19026800.0
20251217,601061,中信金属,13.7,13.62,13.82,13.42,22199900.0
20251217,601065,江盐集团,8.22,8.22,8.24,8.15,4438700.0
20251217,601066,中信建投,26.81,27.48,27.64,26.7,44471300.0
20251217,601068,中铝国际,4.88,4.97,4.99,4.82,15685400.0
20251217,601069,西部黄金,26.34,26.7,27.0,25.92,22947900.0
20251217,601077,渝农商行,6.33,6.25,6.33,6.23,61322200.0
20251217,601083,锦江航运,11.26,11.32,11.34,11.22,5284600.0
20251217,601086,国芳集团,10.54,10.37,10.79,10.18,23057600.0
20251217,601088,中国神华,40.16,40.0,40.25,39.94,20312900.0
20251217,601089,福元医药,23.33,23.21,23.5,22.74,3863600.0
20251217,601096,宏盛华源,4.2,4.17,4.21,4.12,18884200.0
20251217,601098,中南传媒,11.18,11.1,11.22,11.06,12859900.0
20251217,601099,太平洋,4.08,4.12,4.16,4.02,169960500.0
20251217,601100,恒立液压,107.2,107.63,108.75,106.21,11955600.0
20251217,601101,昊华能源,7.22,7.26,7.3,7.18,6294700.0
20251217,601106,中国一重,3.61,3.66,3.77,3.52,258514100.0
20251217,601107,四川成渝,6.1,6.09,6.18,6.06,9514400.0
20251217,601108,财通证券,8.47,8.6,8.67,8.44,49067300.0
20251217,601111,中国国航,8.53,8.75,8.82,8.53,79305700.0
20251217,601113,华鼎股份,4.24,4.33,4.39,4.22,23167700.0
20251217,601116,三江购物,15.57,14.51,15.57,14.28,45584100.0
20251217,601117,中国化学,7.45,7.58,7.61,7.43,43779800.0
20251217,601118,海南橡胶,5.49,5.42,5.51,5.28,51761500.0
20251217,601121,宝地矿业,6.89,6.89,7.01,6.78,10849300.0
20251217,601126,四方股份,28.85,29.78,30.31,28.52,29316200.0
20251217,601127,赛力斯,122.01,121.55,122.01,119.95,19814100.0
20251217,601128,常熟银行,7.09,7.11,7.14,7.03,34084700.0
20251217,601133,柏诚股份,15.4,15.21,15.66,15.06,26145900.0
20251217,601136,首创证券,19.2,19.37,19.45,18.86,17322600.0
20251217,601137,博威合金,19.91,20.13,20.24,19.6,13741800.0
20251217,601138,工业富联,59.1,61.5,61.56,58.68,162252600.0
20251217,601139,深圳燃气,6.5,6.53,6.54,6.45,7816200.0
20251217,601155,新城控股,14.0,14.15,14.28,13.9,12846300.0
20251217,601156,东航物流,17.09,17.58,17.58,16.98,13238900.0
20251217,601158,重庆水务,4.42,4.43,4.44,4.4,13526300.0
20251217,601162,天风证券,4.11,4.15,4.19,4.05,184869200.0
20251217,601163,三角轮胎,14.23,14.24,14.34,14.12,3238500.0
20251217,601166,兴业银行,20.41,20.48,20.62,20.23,69532600.0
20251217,601168,西部矿业,24.55,25.02,25.27,24.45,31968200.0
20251217,601169,北京银行,5.5,5.51,5.53,5.47,143845600.0
20251217,601177,杭齿前进,16.15,16.18,16.27,15.79,5780100.0
20251217,601179,中国西电,9.18,9.51,9.74,9.18,311961300.0
20251217,601186,中国铁建,7.73,7.76,7.79,7.69,21694600.0
20251217,601187,厦门银行,7.53,7.51,7.59,7.47,15493200.0
20251217,601188,龙江交通,3.44,3.44,3.44,3.38,18843800.0
20251217,601199,江南水务,5.56,5.58,5.61,5.5,5112700.0
20251217,601200,上海环境,7.87,7.93,7.94,7.81,6197300.0
20251217,601208,东材科技,21.07,22.95,23.1,20.8,119816200.0
20251217,601211,国泰海通,20.26,20.77,20.98,20.14,131078700.0
20251217,601212,白银有色,5.0,5.18,5.22,4.97,193889700.0
20251217,601216,君正集团,4.73,4.75,4.76,4.67,56038300.0
20251217,601218,吉鑫科技,4.95,4.96,4.98,4.8,28407100.0
20251217,601222,林洋能源,5.49,5.52,5.53,5.45,12321400.0
20251217,601225,陕西煤业,21.58,21.37,21.6,21.3,28286600.0
20251217,601226,华电科工,7.86,7.91,7.94,7.69,15292700.0
20251217,601228,广州港,3.22,3.24,3.25,3.2,21605400.0
20251217,601229,上海银行,9.85,9.81,9.9,9.76,36864100.0
20251217,601231,环旭电子,26.24,28.19,28.19,26.24,41225100.0
20251217,601233,桐昆股份,14.21,14.92,15.06,14.2,29103900.0
20251217,601236,红塔证券,8.36,8.41,8.45,8.21,18751900.0
20251217,601238,广汽集团,8.21,8.25,8.29,8.15,42440000.0
20251217,601279,英利汽车,5.0,5.18,5.29,4.91,95430600.0
20251217,601288,农业银行,7.35,7.45,7.52,7.32,285450100.0
20251217,601298,青岛港,8.68,8.67,8.71,8.62,12982000.0
20251217,601311,骆驼股份,8.85,8.96,8.98,8.77,14499600.0
20251217,601318,中国平安,67.05,68.05,68.63,66.65,96211800.0
20251217,601319,中国人保,8.75,9.06,9.07,8.68,140727300.0
20251217,601326,秦港股份,3.49,3.54,3.56,3.46,22542300.0
20251217,601328,交通银行,7.26,7.31,7.37,7.23,126321000.0
20251217,601330,绿色动力,6.78,6.76,6.79,6.68,6887100.0
20251217,601333,广深铁路,3.0,3.01,3.03,2.98,40014700.0
20251217,601336,新华保险,67.59,69.12,69.68,67.4,22986800.0
20251217,601339,百隆东方,5.31,5.37,5.41,5.29,9991500.0
20251217,601360,三六零,10.25,10.51,10.6,10.0,298576500.0
20251217,601366,利群股份,5.49,5.49,5.49,5.23,127832900.0
20251217,601368,绿城水务,4.8,4.84,4.85,4.76,6379400.0
20251217,601369,陕鼓动力,10.25,10.27,10.39,10.18,17937300.0
20251217,601375,中原证券,4.33,4.38,4.42,4.29,40331300.0
20251217,601377,兴业证券,7.14,7.4,7.47,7.09,312180600.0
20251217,601388,怡球资源,2.8,2.82,2.82,2.75,35663300.0
20251217,601390,中国中铁,5.4,5.44,5.44,5.35,73229500.0
20251217,601398,工商银行,7.78,7.81,7.87,7.75,220686100.0
20251217,601399,国机重装,4.84,5.32,5.32,4.79,642251600.0
20251217,601456,国联民生,10.68,10.69,10.79,10.49,39509700.0
20251217,601500,通用股份,4.77,4.78,4.8,4.71,34088400.0
20251217,601512,中新集团,8.82,8.69,8.82,8.56,4496800.0
20251217,601515,衢州东峰,4.12,4.16,4.17,4.07,20536500.0
20251217,601518,吉林高速,2.8,2.81,2.82,2.78,11744400.0
20251217,601519,大智慧,12.81,13.25,13.58,12.6,57206400.0
20251217,601528,瑞丰银行,5.36,5.38,5.39,5.32,9229400.0
20251217,601555,东吴证券,8.8,8.94,9.03,8.69,59784800.0
20251217,601566,九牧王,15.02,14.04,15.09,13.86,84416800.0
20251217,601567,三星电气,23.81,24.09,24.2,23.67,15752900.0
20251217,601568,北元化工,3.69,3.7,3.72,3.64,23433400.0
20251217,601577,长沙银行,9.53,9.56,9.62,9.49,14322500.0
20251217,601579,会稽山,21.41,20.92,21.6,20.55,12685800.0
20251217,601588,北辰实业,1.69,1.7,1.72,1.67,27217900.0
20251217,601595,上海电影,27.56,28.15,28.17,27.54,4998500.0
20251217,601598,中国外运,6.22,6.27,6.28,6.16,9823900.0
20251217,601599,浙文影业,3.74,3.71,3.75,3.63,24007000.0
20251217,601600,中国铝业,10.38,10.59,10.66,10.32,180582200.0
20251217,601601,中国太保,39.58,40.79,41.35,39.3,60738100.0
20251217,601606,长城军工,46.0,47.1,47.1,45.8,23124200.0
20251217,601607,上海医药,17.83,17.91,17.95,17.78,7428700.0
20251217,601608,中信重工,6.14,6.28,6.31,6.12,59596300.0
20251217,601609,金田股份,9.97,10.22,10.24,9.95,21667800.0
20251217,601611,中国核建,12.27,12.39,12.49,12.02,88474000.0
20251217,601615,明阳智能,14.01,13.94,14.18,13.21,78535400.0
20251217,601616,广电电气,3.83,3.75,3.85,3.66,28622900.0
20251217,601618,中国中冶,2.91,2.96,2.97,2.9,170919500.0
20251217,601619,嘉泽新能,4.49,4.48,4.5,4.36,64650000.0
20251217,601628,中国人寿,45.2,46.85,47.44,45.05,23922400.0
20251217,601633,长城汽车,22.46,22.35,22.55,22.15,13643400.0
20251217,601636,旗滨集团,5.97,5.94,6.05,5.85,32449900.0
20251217,601658,邮储银行,5.34,5.38,5.41,5.31,139150600.0
20251217,601665,齐鲁银行,5.62,5.61,5.64,5.56,47623400.0
20251217,601666,平煤股份,8.14,8.04,8.19,7.96,14703000.0
20251217,601668,中国建筑,5.16,5.18,5.2,5.11,154428100.0
20251217,601669,中国电建,5.16,5.21,5.23,5.14,84691500.0
20251217,601677,明泰铝业,13.71,14.24,14.3,13.69,33570500.0
20251217,601678,滨化股份,4.17,4.21,4.23,4.14,22987600.0
20251217,601686,友发集团,6.54,6.39,6.54,6.27,19446700.0
20251217,601688,华泰证券,22.4,23.68,24.53,22.28,197542500.0
20251217,601689,拓普集团,67.4,69.15,70.48,67.3,31543000.0
20251217,601696,中银证券,14.66,14.96,15.29,14.52,154546400.0
20251217,601698,中国卫通,23.9,24.17,25.14,23.62,151920200.0
20251217,601699,潞安环能,11.96,12.05,12.1,11.9,20797200.0
20251217,601700,风范股份,5.59,5.42,5.64,5.25,96232200.0
20251217,601702,华峰铝业,19.45,20.55,20.88,19.27,20530200.0
20251217,601717,中创智领,24.17,24.53,24.69,24.02,15036300.0
20251217,601727,上海电气,8.34,8.38,8.41,8.21,116210900.0
20251217,601728,中国电信,6.67,6.68,6.7,6.59,94289200.0
20251217,601766,中国中车,6.78,6.84,6.88,6.73,90406000.0
20251217,601777,千里科技,10.3,10.42,10.55,10.13,22024000.0
20251217,601778,晶科科技,3.8,3.87,3.96,3.76,290455100.0
20251217,601788,光大证券,17.51,17.75,17.88,17.39,28749200.0
20251217,601789,宁波建工,4.94,4.93,4.98,4.81,20678400.0
20251217,601798,蓝科高新,8.72,8.83,8.84,8.52,6226000.0
20251217,601799,星宇股份,124.89,126.55,127.47,124.22,1306700.0
20251217,601800,中国交建,8.3,8.35,8.36,8.22,19311300.0
20251217,601801,皖新传媒,6.51,6.55,6.58,6.44,8594900.0
20251217,601808,中海油服,13.52,13.63,13.65,13.44,7448800.0
20251217,601811,新华文轩,13.5,13.41,13.51,13.22,2800800.0
20251217,601816,京沪高铁,5.07,5.12,5.15,5.05,125715000.0
20251217,601818,光大银行,3.5,3.52,3.53,3.47,205500100.0
20251217,601825,沪农商行,9.24,9.2,9.35,9.17,18812200.0
20251217,601827,三峰环境,8.17,8.25,8.27,8.16,6129200.0
20251217,601828,美凯龙,3.0,2.93,3.08,2.89,118410500.0
20251217,601838,成都银行,16.46,16.42,16.47,16.3,22863400.0
20251217,601857,中国石油,9.53,9.51,9.64,9.43,102626100.0
20251217,601858,中国科传,17.45,17.64,17.68,17.33,2505000.0
20251217,601860,紫金银行,2.74,2.76,2.76,2.72,33552900.0
20251217,601865,福莱特,15.19,15.41,15.43,15.07,14088800.0
20251217,601866,中远海发,2.45,2.47,2.47,2.42,62398000.0
20251217,601868,中国能建,2.33,2.33,2.34,2.31,204104800.0
20251217,601869,长飞光纤,93.0,98.23,98.23,93.0,23779000.0
20251217,601872,招商轮船,8.4,8.76,8.82,8.36,85162600.0
20251217,601877,正泰电器,28.1,28.67,28.67,27.95,16137500.0
20251217,601878,浙商证券,10.86,10.97,11.06,10.76,31558400.0
20251217,601880,辽港股份,1.59,1.6,1.61,1.56,109519100.0
20251217,601881,中国银河,15.86,16.16,16.29,15.8,46099100.0
20251217,601882,海天精工,18.71,18.87,18.92,18.55,1903100.0
20251217,601886,江河集团,7.76,7.76,7.81,7.61,4374700.0
20251217,601888,中国中免,80.5,79.72,80.88,76.92,33410400.0
20251217,601890,亚星锚链,9.8,9.77,9.89,9.58,33003900.0
20251217,601898,中煤能源,12.9,12.91,13.02,12.82,15169300.0
20251217,601899,紫金矿业,30.55,30.87,31.19,30.4,176971100.0
20251217,601900,南方传媒,13.87,13.87,13.93,13.63,6017600.0
20251217,601901,方正证券,7.79,7.87,7.93,7.71,62661300.0
20251217,601908,京运通,4.07,4.16,4.24,4.07,121345100.0
20251217,601916,浙商银行,3.06,3.06,3.08,3.04,151429100.0
20251217,601918,新集能源,6.82,6.84,6.87,6.76,29206500.0
20251217,601919,中远海控,14.99,15.16,15.22,14.94,77053600.0
20251217,601921,浙版传媒,7.78,7.78,7.8,7.67,8862400.0
20251217,601928,凤凰传媒,9.97,10.0,10.03,9.93,10162700.0
20251217,601929,吉视传媒,3.26,3.29,3.3,3.19,137609400.0
20251217,601933,永辉超市,5.81,5.38,5.88,5.37,1720937300.0
20251217,601939,建设银行,8.85,8.93,8.99,8.81,98108200.0
20251217,601949,中国出版,6.43,6.45,6.48,6.36,7962800.0
20251217,601952,苏垦农发,9.2,9.04,9.23,8.99,12198100.0
20251217,601956,东贝集团,6.76,6.79,6.81,6.64,9667000.0
20251217,601958,金钼股份,14.0,14.37,14.46,14.0,19509300.0
20251217,601963,重庆银行,11.0,10.96,11.08,10.89,7361300.0
20251217,601965,中国汽研,16.8,17.24,17.54,16.75,9436500.0
20251217,601966,玲珑轮胎,14.66,14.75,14.8,14.59,11834100.0
20251217,601968,宝钢包装,5.1,5.21,5.25,5.09,13843200.0
20251217,601969,海南矿业,10.36,10.57,10.68,10.08,34808100.0
20251217,601975,招商南油,2.97,3.02,3.04,2.95,82125500.0
20251217,601985,中国核电,8.63,8.68,8.69,8.6,58060200.0
20251217,601988,中国银行,5.58,5.61,5.66,5.56,251701100.0
20251217,601990,南京证券,7.86,7.95,8.0,7.8,25154900.0
20251217,601991,大唐发电,3.49,3.51,3.52,3.45,68395800.0
20251217,601992,金隅集团,1.63,1.64,1.65,1.61,51197200.0
20251217,601996,丰林集团,2.24,2.24,2.26,2.19,29846600.0
20251217,601997,贵阳银行,5.92,5.92,5.96,5.89,22038400.0
20251217,601998,中信银行,7.37,7.38,7.42,7.29,52416400.0
20251217,601999,出版传媒,6.7,6.71,6.74,6.6,5187200.0
20251217,603000,人民网,18.42,18.6,18.67,18.36,6347300.0
20251217,603001,奥康国际,8.25,8.5,8.52,8.15,3676500.0
20251217,603002,宏昌电子,7.0,7.12,7.15,6.88,15086100.0
20251217,603004,鼎龙科技,22.58,22.53,22.8,22.21,1956000.0
20251217,603005,晶方科技,26.73,27.16,27.21,26.45,11753600.0
20251217,603006,联明股份,12.78,12.68,12.95,12.4,2344100.0
20251217,603007,顺景科技,5.03,5.04,5.06,4.88,9741200.0
20251217,603009,北特科技,40.25,41.3,41.46,39.95,6729600.0
20251217,603010,万盛股份,10.35,10.35,10.42,10.17,5730100.0
20251217,603011,合锻智能,21.67,22.31,22.65,21.51,59370800.0
20251217,603012,创力集团,5.46,5.49,5.67,5.39,10443900.0
20251217,603013,亚普股份,21.07,21.38,21.49,21.0,1891800.0
20251217,603014,威高血净,41.1,41.1,41.35,40.41,2169200.0
20251217,603015,弘讯科技,12.29,12.15,12.48,11.72,12003400.0
20251217,603016,新宏泰,26.66,26.6,26.91,26.06,2178500.0
20251217,603017,中衡设计,9.95,9.89,10.12,9.7,12039200.0
20251217,603018,华设集团,7.35,7.47,7.5,7.35,6120800.0
20251217,603019,中科曙光,83.49,85.98,86.2,82.95,54774000.0
20251217,603020,爱普股份,9.84,9.95,9.95,9.66,4037000.0
20251217,603022,新通联,9.47,9.57,9.59,9.34,4127100.0
20251217,603023,威帝股份,5.17,4.79,5.25,4.74,80719500.0
20251217,603025,大豪科技,16.91,17.0,17.06,16.59,7208500.0
20251217,603026,石大胜华,70.6,74.08,75.1,70.27,13420900.0
20251217,603027,千禾味业,9.32,9.4,9.42,9.21,14763500.0
20251217,603028,赛福天,7.75,7.39,7.89,7.12,26432000.0
20251217,603029,天鹅股份,17.7,17.7,17.86,17.31,1983500.0
20251217,603030,全筑股份,2.86,2.86,2.88,2.78,38473500.0
20251217,603031,安孚科技,39.3,40.77,41.05,38.59,17393500.0
20251217,603032,德新科技,17.96,18.82,18.95,17.88,11736600.0
20251217,603033,三维股份,10.2,10.1,10.28,9.91,5242600.0
20251217,603035,常熟汽饰,14.92,15.08,15.22,14.81,4996000.0
20251217,603036,如通股份,19.54,19.82,19.96,19.12,4336600.0
20251217,603037,凯众股份,13.17,13.2,13.53,12.94,5982300.0
20251217,603038,华立股份,15.82,15.95,16.05,15.58,4228500.0
20251217,603039,泛微网络,49.25,49.88,50.25,48.77,1372400.0
20251217,603040,新坐标,78.62,79.75,79.87,78.32,739900.0
20251217,603041,美思德,11.46,11.6,11.62,11.31,1992800.0
20251217,603042,华脉科技,17.31,17.44,17.73,16.9,14593400.0
20251217,603043,广州酒家,17.32,17.86,17.87,17.21,5624900.0
20251217,603045,福达合金,18.5,18.8,19.0,18.31,2802200.0
20251217,603048,浙江黎明,20.96,20.64,21.4,20.36,2312100.0
20251217,603049,中策橡胶,58.46,58.66,59.15,58.3,3362600.0
20251217,603050,科林电气,17.65,17.74,17.82,17.45,2706500.0
20251217,603051,鹿山新材,19.32,19.59,19.59,19.0,2631800.0
20251217,603052,可川科技,30.36,31.68,31.86,30.13,5930000.0
20251217,603053,成都燃气,9.67,9.76,9.77,9.67,2334900.0
20251217,603055,台华新材,8.84,8.95,9.05,8.75,3951200.0
20251217,603057,紫燕食品,18.19,18.97,19.38,17.68,8181500.0
20251217,603058,永吉股份,8.86,9.49,9.68,8.68,43698500.0
20251217,603059,倍加洁,31.06,30.06,31.08,29.7,1450900.0
20251217,603060,国检集团,6.0,6.02,6.04,5.93,4505800.0
20251217,603061,金海通,132.01,131.55,134.79,127.7,1620900.0
20251217,603062,麦加芯彩,45.38,47.1,47.21,44.58,2170800.0
20251217,603063,禾望电气,29.1,30.65,30.89,28.87,23806100.0
20251217,603065,宿迁联盛,8.16,8.11,8.2,7.97,6675600.0
20251217,603066,音飞储存,10.52,10.46,10.52,10.26,2278200.0
20251217,603067,振华股份,27.5,28.99,29.4,27.13,24867100.0
20251217,603068,博通集成,35.24,37.18,37.95,35.01,8195900.0
20251217,603069,海汽集团,24.64,23.29,24.7,22.75,13835100.0
20251217,603070,万控智造,12.49,12.51,12.58,12.25,2955500.0
20251217,603071,物产环能,12.97,13.05,13.08,12.91,1386600.0
20251217,603072,天和磁材,39.9,40.31,40.45,39.49,2171400.0
20251217,603073,彩蝶实业,17.86,17.85,18.01,17.52,1131300.0
20251217,603075,热威股份,21.37,21.52,21.65,21.14,1047700.0
20251217,603076,乐惠国际,22.85,23.05,23.08,22.57,1373000.0
20251217,603077,和邦生物,2.14,2.18,2.19,2.12,137883600.0
20251217,603078,江化微,18.06,17.88,18.24,17.45,12420800.0
20251217,603079,圣达生物,16.08,16.36,16.4,15.99,3280500.0
20251217,603080,新疆火炬,22.2,22.51,22.58,21.84,3330200.0
20251217,603081,大丰实业,13.19,13.43,13.54,13.06,13861500.0
20251217,603082,北自科技,34.55,34.75,34.97,34.07,788000.0
20251217,603083,剑桥科技,107.0,113.0,113.83,106.97,29161300.0
20251217,603085,天成自控,10.72,10.59,10.91,10.32,12904600.0
20251217,603086,先达股份,7.84,7.9,7.92,7.72,7466600.0
20251217,603087,甘李药业,65.41,66.8,67.16,64.62,8164300.0
20251217,603088,宁波精达,9.54,10.3,10.48,9.54,31596400.0
20251217,603089,正裕工业,12.46,12.48,12.64,12.19,3720800.0
20251217,603090,宏盛股份,48.34,53.16,53.16,48.21,8724500.0
20251217,603091,众鑫股份,73.98,72.86,73.98,72.18,362200.0
20251217,603092,德力佳,67.02,68.13,68.25,66.19,2857600.0
20251217,603093,南华期货,19.68,19.43,19.99,19.07,10189200.0
20251217,603095,越剑智能,14.01,14.14,14.2,13.62,5624800.0
20251217,603096,新经典,16.85,16.99,17.05,16.68,1203100.0
20251217,603097,江苏华辰,26.44,26.38,26.65,25.5,3146600.0
20251217,603098,森特股份,12.6,12.64,12.67,12.33,3161500.0
20251217,603099,长白山,47.65,49.09,49.44,47.56,13071200.0
20251217,603100,川仪股份,22.9,22.62,22.9,22.31,4985000.0
20251217,603101,汇嘉时代,10.51,10.38,10.78,10.13,29446300.0
20251217,603102,百合股份,41.22,41.52,41.83,41.01,1003900.0
20251217,603103,横店影视,15.65,15.53,15.68,15.32,4551400.0
20251217,603105,芯能科技,9.39,9.4,9.45,9.2,8833300.0
20251217,603106,恒银科技,10.9,10.73,10.9,10.38,25900600.0
20251217,603107,上海汽配,14.69,14.75,14.78,14.53,2425800.0
20251217,603108,润达医疗,14.61,15.15,15.18,14.61,15998100.0
20251217,603109,神驰机电,25.0,25.35,25.43,24.73,3796600.0
20251217,603110,东方材料,16.0,16.22,16.27,15.7,7775400.0
20251217,603111,康尼机电,6.82,6.83,6.85,6.71,7308400.0
20251217,603112,华翔股份,17.47,17.64,17.79,17.1,6288500.0
20251217,603113,金能科技,6.05,6.07,6.09,5.94,12879400.0
20251217,603115,海星股份,17.97,18.05,18.15,17.56,2013200.0
20251217,603116,红蜻蜓,5.58,5.57,5.62,5.48,5283500.0
20251217,603117,万林物流,4.65,4.75,4.77,4.58,7731700.0
20251217,603118,共进股份,11.08,11.29,11.33,10.96,13496700.0
20251217,603119,浙江荣泰,90.5,92.06,92.7,90.03,6506700.0
20251217,603120,肯特催化,38.85,39.17,39.19,38.2,773400.0
20251217,603121,华培动力,21.4,21.81,22.0,19.67,32325800.0
20251217,603122,合富中国,25.42,27.45,27.98,25.12,77234500.0
20251217,603123,翠微股份,13.02,14.12,14.12,13.02,128939700.0
20251217,603124,江南新材,68.37,75.33,75.33,68.24,4612000.0
20251217,603125,常青科技,17.85,17.53,17.98,17.1,6262500.0
20251217,603126,中材节能,6.7,6.62,6.7,6.49,8818600.0
20251217,603127,昭衍新药,34.44,36.85,36.86,34.33,41485900.0
20251217,603128,华贸物流,5.8,5.78,5.82,5.69,11214500.0
20251217,603129,春风动力,283.82,288.3,289.6,281.45,861700.0
20251217,603130,云中马,47.0,50.56,51.33,46.74,4878600.0
20251217,603131,上海沪工,27.0,27.11,27.94,26.45,24774800.0
20251217,603132,金徽股份,13.8,14.32,14.32,13.8,5446900.0
20251217,603135,中重科技,9.28,9.11,9.28,8.92,5808700.0
20251217,603136,天目湖,12.29,12.68,12.8,12.21,24749000.0
20251217,603137,恒尚节能,13.65,13.69,13.75,13.4,1604200.0
20251217,603138,海量数据,13.94,13.73,13.94,13.43,4340400.0
20251217,603139,康惠股份,21.55,20.97,21.66,20.7,2066100.0
20251217,603150,万朗磁塑,36.1,36.26,36.71,35.56,869400.0
20251217,603151,邦基科技,18.07,17.93,18.15,17.53,2062000.0
20251217,603153,上海建科,16.84,16.87,16.93,16.67,1396900.0
20251217,603155,新亚强,17.54,17.33,17.76,16.86,5291600.0
20251217,603156,养元饮品,25.55,25.78,25.94,25.28,4371900.0
20251217,603158,腾龙股份,9.72,10.23,10.36,9.72,38261300.0
20251217,603159,上海亚虹,22.61,22.71,22.89,22.23,1986900.0
20251217,603160,汇顶科技,76.5,77.75,77.88,76.03,4527400.0
20251217,603161,科华控股,12.82,12.95,13.04,12.66,2321100.0
20251217,603162,海通发展,11.75,11.92,12.07,11.42,15478700.0
20251217,603163,圣晖集成,62.61,60.63,64.0,60.3,3616000.0
20251217,603165,荣晟环保,12.21,12.39,12.44,12.18,2062000.0
20251217,603166,福达股份,14.47,14.83,14.92,14.31,12364800.0
20251217,603167,渤海轮渡,9.37,9.39,9.43,9.25,5382900.0
20251217,603168,莎普爱思,7.4,7.4,7.46,7.25,6014800.0
20251217,603169,兰石重装,9.62,9.76,9.92,9.5,42580000.0
20251217,603170,宝立食品,14.32,14.8,14.95,14.32,4017700.0
20251217,603171,税友股份,49.7,51.97,52.59,49.51,7881300.0
20251217,603172,万丰股份,17.05,17.26,17.39,16.78,1325000.0
20251217,603173,福斯达,40.21,41.02,41.19,39.99,2729800.0
20251217,603175,超颖电子,66.2,66.79,66.8,63.8,4599800.0
20251217,603176,汇通集团,5.13,5.12,5.14,5.02,6312200.0
20251217,603177,德创环保,11.18,10.95,11.2,10.7,5933000.0
20251217,603178,圣龙股份,18.37,18.54,18.54,18.21,3722500.0
20251217,603179,新泉股份,64.31,65.54,66.38,64.31,7676100.0
20251217,603180,金牌家居,20.48,20.54,20.68,20.25,2523000.0
20251217,603181,皇马科技,14.07,14.19,14.25,13.84,6607100.0
20251217,603182,嘉华股份,15.3,15.49,15.74,15.21,1745100.0
20251217,603183,建研院,4.21,4.2,4.26,4.11,12767400.0
20251217,603185,弘元绿能,28.63,29.48,29.6,28.58,16692900.0
20251217,603186,华正新材,43.23,43.9,44.24,42.17,6471500.0
20251217,603187,海容冷链,14.35,14.54,14.58,14.3,2731100.0
20251217,603188,亚邦股份,4.59,4.55,4.59,4.44,11163700.0
20251217,603190,亚通精工,25.95,25.84,26.92,25.24,4265500.0
20251217,603191,望变电气,14.84,15.11,15.2,14.61,7696700.0
20251217,603192,汇得科技,23.0,23.31,23.45,22.71,3336800.0
20251217,603193,润本股份,24.45,24.37,24.72,24.13,2209400.0
20251217,603194,中力股份,36.55,36.94,37.06,36.23,856200.0
20251217,603195,公牛集团,42.6,42.63,42.74,42.17,2349400.0
20251217,603196,璞源材料,24.71,24.62,24.99,24.37,2898300.0
20251217,603197,保隆科技,34.93,35.48,35.93,34.92,4327900.0
20251217,603198,迎驾贡酒,39.5,39.27,39.53,38.85,3750100.0
20251217,603199,九华旅游,36.14,37.03,37.65,35.94,5056500.0
20251217,603200,上海洗霸,68.38,69.95,70.1,67.7,4466700.0
20251217,603201,常润股份,16.09,16.19,16.3,15.96,1148000.0
20251217,603202,天有为,91.34,91.8,92.14,91.0,533800.0
20251217,603203,快克智能,30.0,31.0,31.2,29.53,3077700.0
20251217,603205,健尔康,26.99,27.26,27.29,26.79,633500.0
20251217,603206,嘉环科技,16.27,16.09,16.36,15.8,3984500.0
20251217,603207,小方制药,27.96,28.09,28.18,27.73,704400.0
20251217,603208,江山欧派,14.65,14.72,14.74,14.36,2666000.0
20251217,603209,兴通股份,14.98,15.13,15.23,14.69,6297400.0
20251217,603210,泰鸿万立,19.35,19.34,19.39,19.01,1861400.0
20251217,603211,晋拓股份,19.31,19.63,19.79,19.12,7075200.0
20251217,603212,赛伍技术,13.66,13.93,14.3,13.4,75784600.0
20251217,603213,镇洋发展,13.1,13.04,13.11,12.89,1962700.0
20251217,603214,爱婴室,17.4,17.26,17.74,17.12,10269900.0
20251217,603215,比依股份,20.89,20.7,20.97,20.32,2832100.0
20251217,603216,梦天家居,31.68,32.38,34.4,31.68,9731400.0
20251217,603217,元利科技,25.39,25.81,25.93,25.05,2484600.0
20251217,603218,日月股份,12.61,12.74,12.77,12.4,8854300.0
20251217,603219,富佳股份,15.39,15.66,15.74,15.38,2479500.0
20251217,603220,中贝通信,21.04,21.05,21.22,20.62,6689500.0
20251217,603221,爱丽家居,13.11,12.69,13.22,12.47,8168000.0
20251217,603222,济民健康,9.03,9.27,9.28,9.02,16149100.0
20251217,603223,恒通股份,9.23,9.3,9.33,9.08,7483100.0
20251217,603225,新凤鸣,15.96,16.5,16.68,15.89,9947800.0
20251217,603226,菲林格尔,30.15,31.27,31.37,29.61,5292900.0
20251217,603227,雪峰科技,8.12,8.13,8.18,8.04,6039400.0
20251217,603228,景旺电子,67.92,71.9,72.82,67.69,43914500.0
20251217,603229,奥翔药业,9.34,9.38,9.42,9.19,4135700.0
20251217,603230,内蒙新华,13.08,12.94,13.2,12.57,6329900.0
20251217,603231,索宝蛋白,18.29,18.49,18.52,18.18,1869900.0
20251217,603232,格尔软件,22.53,22.85,23.1,21.93,15676300.0
20251217,603233,大参林,17.34,17.69,17.74,17.25,6074100.0
20251217,603235,天新药业,27.64,27.31,27.98,27.08,2356000.0
20251217,603236,移远通信,90.66,94.8,95.0,90.66,14614600.0
20251217,603237,五芳斋,16.75,16.63,17.05,16.4,3030300.0
20251217,603238,诺邦股份,16.5,16.88,17.06,16.4,2694500.0
20251217,603239,浙江仙通,19.43,20.3,21.36,19.43,15129200.0
20251217,603255,鼎际得,29.27,29.74,29.97,28.8,789500.0
20251217,603256,宏和科技,33.36,35.35,35.35,32.78,25927900.0
20251217,603257,中国瑞林,56.7,56.5,56.93,55.27,1223000.0
20251217,603258,电魂网络,18.29,18.13,18.29,17.68,2320800.0
20251217,603259,药明康德,89.37,90.59,91.1,88.73,30157700.0
20251217,603260,合盛硅业,50.4,51.65,51.85,50.4,8601400.0
20251217,603261,立航科技,21.81,22.23,22.23,21.11,668100.0
20251217,603262,技源集团,27.18,27.13,27.28,26.66,869600.0
20251217,603266,天龙股份,20.08,20.45,20.58,19.88,4461500.0
20251217,603267,鸿远电子,47.68,47.7,48.16,46.4,5801900.0
20251217,603268,松发股份,78.85,76.01,78.85,75.01,2969600.0
20251217,603269,海鸥股份,12.58,12.64,12.68,12.24,10027800.0
20251217,603270,金帝股份,23.42,23.42,23.57,23.02,1350900.0
20251217,603271,永杰新材,37.9,40.35,40.39,37.76,6336000.0
20251217,603273,天元智能,19.68,19.58,20.13,19.03,3552600.0
20251217,603275,众辰科技,40.55,40.46,40.82,39.47,2177200.0
20251217,603276,恒兴新材,16.24,16.34,16.42,16.06,1193600.0
20251217,603277,银都股份,17.16,17.4,17.69,16.84,3124600.0
20251217,603278,大业股份,9.41,9.34,9.5,9.13,16293400.0
20251217,603279,景津装备,14.7,14.76,14.82,14.5,6380600.0
20251217,603280,南方路机,37.4,38.09,38.5,37.02,3005900.0
20251217,603281,江瀚新材,26.65,26.86,26.97,26.49,817500.0
20251217,603282,亚光股份,18.71,18.78,18.9,18.23,1275100.0
20251217,603283,赛腾股份,40.51,41.39,41.48,40.15,6428900.0
20251217,603285,键邦股份,23.95,24.3,24.34,23.74,2029300.0
20251217,603286,日盈电子,52.04,56.4,56.88,52.04,7972900.0
20251217,603288,海天味业,36.79,37.03,37.09,36.47,12917200.0
20251217,603289,泰瑞机器,9.51,9.5,9.68,9.33,3680400.0
20251217,603290,斯达半导,93.51,94.65,94.89,92.3,2944800.0
20251217,603291,联合水务,9.73,9.64,9.78,9.38,4677900.0
20251217,603296,华勤技术,90.79,93.55,93.77,90.6,7861300.0
20251217,603297,永新光学,101.0,102.43,103.76,100.0,2276300.0
20251217,603298,杭叉集团,26.89,26.72,27.02,26.25,7243500.0
20251217,603299,苏盐井神,10.01,10.02,10.05,9.91,3227900.0
20251217,603300,海南华铁,6.84,6.87,6.89,6.66,73593400.0
20251217,603301,振德医疗,65.28,68.13,68.34,65.28,5653600.0
20251217,603303,得邦照明,12.83,12.83,12.88,12.61,1117900.0
20251217,603305,旭升集团,13.83,14.09,14.15,13.75,30536000.0
20251217,603306,华懋科技,60.42,63.13,63.8,57.77,21175800.0
20251217,603307,扬州金泉,38.49,38.33,38.55,37.5,951200.0
20251217,603308,应流股份,41.79,42.51,42.97,41.0,14101400.0
20251217,603309,维力医疗,13.21,13.33,13.35,13.13,2289900.0
20251217,603310,巍华新材,16.83,16.92,16.98,16.74,1543200.0
20251217,603311,金海高科,12.73,12.56,13.1,12.37,6424100.0
20251217,603312,西典新能,47.18,47.06,47.28,45.6,1965300.0
20251217,603313,梦百合,9.4,9.58,9.59,9.36,9836900.0
20251217,603315,福鞍股份,14.18,14.6,14.66,14.1,13155300.0
20251217,603316,诚邦股份,14.1,14.3,14.47,13.35,9814400.0
20251217,603317,天味食品,12.66,12.73,12.83,12.53,5249700.0
20251217,603318,水发燃气,6.56,6.4,6.56,6.28,14654800.0
20251217,603319,美湖股份,34.72,35.27,35.55,34.37,8025300.0
20251217,603320,迪贝电气,17.69,17.77,17.86,17.39,1890400.0
20251217,603321,梅轮电梯,7.37,7.38,7.41,7.22,2765600.0
20251217,603322,超讯科技,45.3,42.08,45.8,42.08,21985800.0
20251217,603323,苏农银行,5.06,5.08,5.1,5.03,18472200.0
20251217,603324,盛剑科技,23.12,23.49,23.62,22.61,1509800.0
20251217,603325,博隆技术,75.88,76.37,76.54,75.28,399100.0
20251217,603326,我乐家居,8.68,8.67,8.72,8.51,3163400.0
20251217,603327,福蓉科技,10.92,11.0,11.14,10.66,51343900.0
20251217,603328,依顿电子,10.76,11.05,11.09,10.67,12958500.0
20251217,603329,上海雅仕,10.74,10.82,10.85,10.6,1846100.0
20251217,603330,天洋新材,7.15,7.31,7.35,7.02,7686800.0
20251217,603331,百达精工,11.25,11.22,11.37,11.02,3761100.0
20251217,603332,苏州龙杰,12.09,12.09,12.15,11.82,2880200.0
20251217,603333,福华尚纬,8.17,8.08,8.21,7.91,10653500.0
20251217,603334,丰倍生物,43.06,42.17,43.07,41.9,2009000.0
20251217,603335,迪生力,5.53,5.54,5.61,5.4,7558700.0
20251217,603336,宏辉果蔬,8.48,8.44,8.48,8.18,12895000.0
20251217,603337,杰克科技,39.04,40.63,40.74,38.66,5030200.0
20251217,603338,浙江鼎力,59.86,60.01,60.35,59.4,5073400.0
20251217,603339,四方科技,12.21,12.47,12.53,12.21,2870900.0
20251217,603341,龙旗科技,42.49,42.94,43.08,41.51,7181600.0
20251217,603344,星德胜,28.35,28.65,28.74,27.93,4506200.0
20251217,603345,安井食品,79.93,82.2,83.3,79.5,8303700.0
20251217,603348,文灿股份,19.15,19.21,19.27,18.91,2289600.0
20251217,603350,安乃达,36.35,36.2,36.76,35.3,1094000.0
20251217,603351,威尔药业,25.69,25.61,25.79,25.2,455400.0
20251217,603353,和顺石油,26.39,26.68,27.1,26.0,5584800.0
20251217,603355,莱克电气,32.8,30.96,33.09,30.83,7113300.0
20251217,603356,华菱精工,13.33,13.28,13.39,12.89,3053900.0
20251217,603357,设计总院,7.91,7.94,7.95,7.84,3643600.0
20251217,603358,华达科技,43.84,44.23,45.0,43.2,8640600.0
20251217,603360,百傲化学,31.19,30.92,31.24,30.52,9060400.0
20251217,603363,傲农生物,5.3,5.0,5.3,4.93,102837000.0
20251217,603365,水星家纺,19.9,20.17,20.37,19.9,1284900.0
20251217,603366,日出东方,10.05,9.91,10.05,9.78,34882000.0
20251217,603367,辰欣药业,17.78,17.69,17.88,17.37,12850600.0
20251217,603368,柳药集团,17.49,17.73,17.75,17.46,4235000.0
20251217,603369,今世缘,34.99,35.04,35.06,34.56,5383600.0
20251217,603370,华新精科,45.9,45.81,45.9,44.95,1029800.0
20251217,603373,安邦护卫,37.46,37.94,38.16,37.23,1341600.0
20251217,603375,盛景微,36.45,36.23,36.45,35.39,1589700.0
20251217,603376,大明电子,38.75,38.61,39.37,37.75,4602500.0
20251217,603379,三美股份,55.99,57.3,57.49,55.81,3982500.0
20251217,603380,易德龙,34.8,35.3,35.39,34.48,1621000.0
20251217,603381,永臻股份,19.55,19.78,19.81,19.55,1982400.0
20251217,603382,海阳科技,31.7,31.88,31.94,31.22,1949600.0
20251217,603383,顶点软件,36.21,36.68,37.18,35.63,6498100.0
20251217,603385,惠达卫浴,6.55,6.54,6.66,6.43,5100600.0
20251217,603386,骏亚科技,14.84,15.07,15.1,14.4,30180100.0
20251217,603387,基蛋生物,8.04,8.08,8.1,7.96,4295700.0
20251217,603389,亚振家居,30.04,33.2,33.2,30.04,3668000.0
20251217,603390,通达电气,12.48,13.06,13.42,12.19,30119000.0
20251217,603391,力聚热能,66.29,65.02,70.95,64.88,3125700.0
20251217,603392,万泰生物,46.0,46.36,46.49,45.48,2598200.0
20251217,603393,新天然气,26.39,26.76,26.79,26.28,2561100.0
20251217,603395,红四方,29.1,29.29,29.36,28.82,2318400.0
20251217,603396,金辰股份,31.65,31.89,32.18,30.8,5380700.0
20251217,603399,永杉锂业,10.2,10.68,10.71,10.11,28965700.0
20251217,603400,华之杰,50.87,51.09,51.24,50.3,653700.0
20251217,603406,天富龙,39.2,39.7,40.11,39.11,1121900.0
20251217,603408,建霖家居,13.16,12.69,13.23,12.58,12266200.0
20251217,603409,汇通控股,35.32,35.7,36.24,35.32,1611700.0
20251217,603416,信捷电气,52.47,53.15,53.88,52.0,1681100.0
20251217,603418,友升股份,55.36,55.47,55.58,55.02,893500.0
20251217,603421,鼎信通讯,8.11,8.45,8.78,8.06,37671900.0
20251217,603439,三力制药,11.6,11.7,11.71,11.53,2814600.0
20251217,603444,吉比特,441.5,466.25,469.99,440.28,2754200.0
20251217,603456,九洲药业,17.5,17.88,17.89,17.5,10732500.0
20251217,603458,勘设股份,7.64,7.99,8.0,7.64,8951100.0
20251217,603466,风语筑,8.95,8.94,8.98,8.72,10933200.0
20251217,603477,巨星农牧,17.78,17.58,17.85,17.5,8112400.0
20251217,603486,科沃斯,81.81,80.5,81.94,77.71,9095900.0
20251217,603488,展鹏科技,7.48,7.41,7.52,7.24,4217700.0
20251217,603489,八方股份,29.1,29.37,29.52,28.61,2576000.0
20251217,603496,恒为科技,25.89,26.06,26.1,25.4,6270100.0
20251217,603499,翔港科技,19.4,19.12,19.72,18.58,4550800.0
20251217,603500,祥和实业,11.07,11.16,11.22,10.92,4980900.0
20251217,603501,豪威集团,124.5,125.74,126.2,123.06,13316800.0
20251217,603505,金石资源,17.62,18.1,18.15,17.62,8276200.0
20251217,603506,南都物业,12.32,12.31,12.56,12.02,12840000.0
20251217,603507,振江股份,24.52,24.69,24.87,24.2,4392600.0
20251217,603508,思维列控,27.63,27.85,27.94,27.18,5726900.0
20251217,603511,爱慕股份,15.24,15.42,15.46,15.08,2217900.0
20251217,603515,欧普照明,18.01,18.36,18.4,17.8,1715600.0
20251217,603516,淳中科技,192.99,209.3,213.99,192.66,9340300.0
20251217,603518,锦泓集团,10.03,10.21,10.51,9.86,15484100.0
20251217,603519,立霸股份,11.4,11.58,11.61,11.38,2458300.0
20251217,603520,司太立,9.2,9.29,9.31,9.11,6431900.0
20251217,603527,众源新材,10.57,10.77,10.77,10.36,6334500.0
20251217,603528,多伦科技,9.37,10.11,10.28,9.37,82927400.0
20251217,603529,爱玛科技,29.55,29.96,30.05,29.33,5360400.0
20251217,603530,神马电力,41.3,42.36,43.0,40.32,6978000.0
20251217,603533,掌阅科技,18.75,18.89,18.89,18.51,9519700.0
20251217,603535,嘉诚国际,10.7,10.36,10.78,10.31,8488100.0
20251217,603536,惠发食品,12.32,11.64,12.41,11.6,21730100.0
20251217,603538,美诺华,19.39,19.4,19.46,18.97,3726800.0
20251217,603551,奥普科技,12.03,11.97,12.1,11.72,3538800.0
20251217,603556,海兴电力,33.96,34.22,34.43,33.15,5233000.0
20251217,603558,健盛集团,11.37,11.61,11.66,11.32,4089500.0
20251217,603559,中通国脉,8.34,8.28,8.34,8.14,700400.0
20251217,603565,中谷物流,10.46,10.47,10.54,10.4,11816700.0
20251217,603566,普莱柯,12.74,12.72,12.77,12.52,4244300.0
20251217,603567,珍宝岛,9.69,9.75,9.77,9.55,3639900.0
20251217,603568,伟明环保,22.08,22.61,22.69,21.91,4889300.0
20251217,603569,长久物流,7.52,7.59,7.62,7.44,5161800.0
20251217,603577,汇金通,10.28,10.18,10.28,9.91,7120200.0
20251217,603578,三星新材,11.7,11.68,11.86,11.4,3187800.0
20251217,603579,荣泰健康,22.37,22.66,22.68,22.17,3746400.0
20251217,603580,艾艾精工,14.5,14.47,14.69,14.0,1330100.0
20251217,603583,捷昌驱动,34.16,34.24,34.43,33.62,3657800.0
20251217,603585,苏利股份,17.01,18.51,18.51,16.93,5844900.0
20251217,603586,金麒麟,17.67,18.3,18.73,17.31,4951600.0
20251217,603587,地素时尚,12.67,12.87,12.88,12.55,2334700.0
20251217,603588,高能环境,6.68,6.78,6.81,6.61,19786200.0
20251217,603589,口子窖,31.12,31.0,31.16,30.64,3548400.0
20251217,603590,康辰药业,41.58,41.72,41.98,41.27,1968000.0
20251217,603596,伯特利,46.74,47.98,48.67,46.66,13822800.0
20251217,603598,引力传媒,16.1,16.52,16.53,16.1,11173500.0
20251217,603599,广信股份,11.12,11.23,11.28,11.07,4056800.0
20251217,603600,永艺股份,11.69,11.93,11.96,11.47,6330500.0
20251217,603601,再升科技,9.06,9.05,9.23,8.4,276843800.0
20251217,603602,纵横通信,14.1,14.11,14.25,13.8,4042600.0
20251217,603605,珀莱雅,66.7,67.78,67.98,65.77,5891000.0
20251217,603606,东方电缆,60.21,60.77,61.45,59.26,5330800.0
20251217,603607,京华激光,25.12,24.81,25.13,24.12,4739800.0
20251217,603608,天创时尚,7.51,7.38,7.51,7.21,9499700.0
20251217,603609,禾丰股份,7.04,7.06,7.13,6.95,5975800.0
20251217,603610,麒盛科技,19.54,19.48,19.83,18.73,9534600.0
20251217,603611,诺力股份,22.59,22.66,22.72,22.15,2764700.0
20251217,603612,索通发展,22.92,23.35,23.46,22.8,11577700.0
20251217,603613,国联股份,27.6,27.64,27.9,27.15,10255900.0
20251217,603615,茶花股份,22.69,23.13,23.22,22.1,3306800.0
20251217,603616,韩建河山,5.08,5.06,5.1,4.97,12619800.0
20251217,603617,君禾股份,6.97,7.05,7.09,6.83,8054500.0
20251217,603618,杭电股份,7.88,7.79,7.89,7.58,19028400.0
20251217,603619,中曼石油,21.01,21.72,21.8,21.01,7779700.0
20251217,603626,科森科技,13.38,14.11,14.22,13.19,105897000.0
20251217,603628,清源股份,13.9,13.78,14.11,13.46,11627800.0
20251217,603629,利通电子,26.0,26.39,26.43,25.5,8724100.0
20251217,603630,拉芳家化,19.82,20.11,20.3,19.62,3366800.0
20251217,603633,徕木股份,9.88,9.9,9.99,9.72,8521100.0
20251217,603636,南威软件,12.1,12.15,12.28,11.79,23114800.0
20251217,603637,镇海股份,10.25,10.43,10.47,10.1,4566700.0
20251217,603638,艾迪精密,18.89,19.03,19.09,18.61,4377500.0
20251217,603639,海利尔,12.26,12.36,12.4,12.18,1422600.0
20251217,603648,畅联股份,10.27,10.17,10.31,10.08,2474700.0
20251217,603650,彤程新材,47.44,46.68,47.49,44.7,28741800.0
20251217,603655,朗博科技,34.73,35.6,36.0,33.74,1572400.0
20251217,603656,泰禾智能,21.85,21.67,22.07,21.3,2236000.0
20251217,603657,春光科技,30.73,31.22,31.83,30.43,3478000.0
20251217,603658,安图生物,35.97,35.99,36.06,35.65,2074600.0
20251217,603659,璞泰来,25.6,26.23,26.35,25.59,20944600.0
20251217,603660,苏州科达,9.9,10.01,10.12,9.83,18724500.0
20251217,603661,恒林股份,32.25,32.59,32.59,31.7,886500.0
20251217,603662,柯力传感,62.0,63.46,63.6,61.73,3534700.0
20251217,603663,三祥新材,35.88,36.27,36.51,34.84,13430300.0
20251217,603665,康隆达,29.35,30.5,30.57,29.01,2718900.0
20251217,603666,亿嘉和,29.45,29.33,29.54,28.9,2384300.0
20251217,603667,五洲新春,47.8,51.09,51.8,47.75,34719300.0
20251217,603668,天马科技,16.55,16.5,16.77,16.1,21534600.0
20251217,603669,灵康药业,4.54,4.57,4.58,4.47,7923500.0
20251217,603676,卫信康,10.52,10.72,10.72,10.48,1773300.0
20251217,603677,奇精机械,17.36,17.47,17.53,17.01,3369600.0
20251217,603678,火炬电子,31.32,31.49,31.5,30.61,8151500.0
20251217,603679,华体科技,15.73,15.95,16.46,15.05,12016000.0
20251217,603680,今创集团,13.95,13.63,14.11,13.04,18709600.0
20251217,603681,永冠新材,18.32,18.37,18.67,17.85,6842800.0
20251217,603682,锦和商管,6.44,6.24,6.51,6.16,19480200.0
20251217,603683,晶华新材,27.7,27.62,28.18,27.01,7809000.0
20251217,603685,晨丰科技,19.02,19.49,19.66,18.83,2351600.0
20251217,603686,福龙马,27.0,25.68,27.76,25.02,73623500.0
20251217,603687,大胜达,9.01,9.18,9.4,9.01,17461200.0
20251217,603688,石英股份,35.17,35.64,35.79,34.74,5115800.0
20251217,603689,皖天然气,8.08,8.13,8.14,8.05,2398500.0
20251217,603690,至纯科技,29.01,29.3,29.38,28.23,15516400.0
20251217,603693,江苏新能,11.86,11.81,11.92,11.62,3289200.0
20251217,603696,安记食品,23.3,20.38,23.8,20.38,53257700.0
20251217,603697,有友食品,12.74,12.56,12.89,12.47,8001200.0
20251217,603698,航天工程,25.9,24.99,26.6,24.96,40011600.0
20251217,603699,纽威股份,48.53,49.97,50.16,48.35,5092000.0
20251217,603700,宁水集团,12.82,12.64,12.82,12.41,2495200.0
20251217,603701,德宏股份,18.63,18.56,18.64,18.22,1920600.0
20251217,603703,盛洋科技,14.08,14.08,14.08,14.08,14673800.0
20251217,603706,东方环宇,19.24,19.34,19.38,18.96,984300.0
20251217,603707,健友股份,9.05,9.21,9.22,9.05,8813100.0
20251217,603708,家家悦,13.23,13.14,13.95,12.78,60509800.0
20251217,603709,中源家居,18.18,17.87,18.84,17.87,16623800.0
20251217,603711,香飘飘,14.59,14.5,14.69,14.16,10383500.0
20251217,603712,七一二,19.94,19.46,20.23,18.89,25267800.0
20251217,603713,密尔克卫,53.71,54.88,54.89,53.41,1928000.0
20251217,603716,塞力医疗,19.47,19.91,20.26,19.34,9925100.0
20251217,603717,天域生物,7.95,7.7,7.98,7.51,8667900.0
20251217,603719,良品铺子,11.77,11.83,12.03,11.55,7718500.0
20251217,603721,中广天择,17.28,17.51,17.56,17.03,1052900.0
20251217,603722,阿科力,37.3,37.21,37.46,36.41,1235800.0
20251217,603725,天安新材,8.95,8.97,9.01,8.75,3424600.0
20251217,603726,朗迪集团,21.0,20.93,21.0,20.42,2314100.0
20251217,603727,博迈科,13.7,13.58,13.77,13.4,3346900.0
20251217,603728,鸣志电器,61.82,62.61,62.87,60.75,5749000.0
20251217,603730,岱美股份,7.77,8.06,8.14,7.75,16250400.0
20251217,603733,仙鹤股份,22.58,22.51,22.62,22.2,1589500.0
20251217,603737,三棵树,45.0,45.25,45.49,44.5,2527500.0
20251217,603738,泰晶科技,15.2,15.18,15.33,14.77,17931100.0
20251217,603739,蔚蓝生物,14.1,14.09,14.18,13.8,2924700.0
20251217,603755,日辰股份,35.33,35.88,36.0,34.59,1323500.0
20251217,603757,大元泵业,38.2,41.8,41.8,38.2,19596800.0
20251217,603758,秦安股份,18.26,18.4,18.88,17.85,8866100.0
20251217,603759,海天股份,10.21,10.07,10.3,9.87,16617000.0
20251217,603766,隆鑫通用,15.76,16.29,16.5,15.75,30605000.0
20251217,603767,中马传动,23.3,23.07,23.8,22.58,10863700.0
20251217,603768,常青股份,11.27,11.2,11.43,10.98,2263500.0
20251217,603773,沃格光电,34.34,34.06,34.4,33.27,13664200.0
20251217,603776,永安行,17.81,17.98,18.18,17.56,3084300.0
20251217,603777,来伊份,13.55,13.49,13.75,13.31,9942000.0
20251217,603778,国晟科技,11.81,12.73,12.97,11.8,98231200.0
20251217,603779,威龙股份,6.38,6.43,6.45,6.28,6565700.0
20251217,603786,科博达,69.0,70.9,72.91,67.0,3173200.0
20251217,603787,新日股份,12.98,12.74,13.11,12.49,4682100.0
20251217,603788,宁波高发,15.48,15.63,15.87,15.39,1558500.0
20251217,603790,雅运股份,19.57,19.63,19.78,19.33,1418400.0
20251217,603797,联泰环保,4.5,4.5,4.51,4.42,5553900.0
20251217,603798,康普顿,14.6,14.95,15.08,14.42,2928300.0
20251217,603799,华友钴业,57.91,59.47,59.83,57.62,53066700.0
20251217,603800,洪田股份,49.3,49.27,49.6,47.52,3845600.0
20251217,603801,志邦家居,9.15,9.18,9.2,9.11,2879900.0
20251217,603803,瑞斯康达,11.16,10.7,11.74,10.31,41507200.0
20251217,603806,福斯特,13.25,13.27,13.3,12.97,24320700.0
20251217,603808,歌力思,8.16,8.21,8.22,8.07,3562900.0
20251217,603809,豪能股份,12.32,12.38,12.47,12.1,18698800.0
20251217,603810,丰山集团,15.26,15.4,15.68,15.0,1767200.0
20251217,603811,诚意药业,10.47,10.52,10.53,10.36,3549300.0
20251217,603813,原尚股份,36.7,36.67,37.11,36.11,251700.0
20251217,603815,交建股份,7.88,7.64,8.15,7.4,57826500.0
20251217,603816,顾家家居,30.24,30.81,31.0,29.76,5430800.0
20251217,603817,海峡环保,6.99,6.85,7.01,6.71,27152100.0
20251217,603818,曲美家居,3.57,3.55,3.61,3.5,16346200.0
20251217,603819,神力股份,10.84,10.73,10.92,10.5,2988200.0
20251217,603823,百合花,16.4,16.11,16.95,15.71,17523200.0
20251217,603826,坤彩科技,17.08,17.2,17.29,16.87,3832400.0
20251217,603829,洛凯股份,28.97,29.71,30.77,28.01,8926100.0
20251217,603833,欧派家居,51.69,52.21,52.57,50.92,2900800.0
20251217,603836,海程邦达,13.7,13.86,14.85,13.65,7042100.0
20251217,603839,安正时尚,7.6,7.64,7.72,7.49,4340600.0
20251217,603848,好太太,18.5,18.87,19.1,18.5,3232600.0
20251217,603855,华荣股份,18.9,19.03,19.08,18.9,1665500.0
20251217,603856,东宏股份,12.25,12.21,12.34,11.94,2568600.0
20251217,603858,步长制药,16.23,16.24,16.29,16.0,5247300.0
20251217,603859,能科科技,38.0,39.26,39.37,37.9,5340100.0
20251217,603860,中公高科,28.89,28.89,29.01,28.27,1142700.0
20251217,603861,白云电器,11.37,11.39,11.61,11.04,14866300.0
20251217,603863,松炀资源,20.41,20.57,20.99,19.96,12736700.0
20251217,603866,桃李面包,5.28,5.31,5.32,5.23,16057200.0
20251217,603867,新化股份,23.8,24.14,24.14,23.4,6392800.0
20251217,603868,飞科电器,32.77,33.11,33.45,32.66,979500.0
20251217,603871,嘉友国际,13.98,13.91,14.1,13.73,12629900.0
20251217,603876,鼎胜新材,12.15,12.57,12.63,12.15,18573000.0
20251217,603877,太平鸟,15.03,15.1,15.16,14.81,2855200.0
20251217,603878,武进不锈,9.3,9.9,9.98,9.26,18476800.0
20251217,603879,永悦科技,5.5,5.27,5.59,5.15,27693900.0
20251217,603880,南卫股份,6.02,6.1,6.15,5.94,4147100.0
20251217,603881,数据港,29.12,29.6,29.74,28.97,18455900.0
20251217,603882,金域医学,27.4,27.65,28.1,27.3,4714100.0
20251217,603883,老百姓,14.91,15.12,15.2,14.88,8581800.0
20251217,603885,吉祥航空,13.8,14.12,14.45,13.8,28824500.0
20251217,603886,元祖股份,13.3,13.37,13.61,13.15,14051800.0
20251217,603887,城地香江,13.61,13.49,13.71,13.2,11522500.0
20251217,603888,新华网,18.68,18.9,18.95,18.6,5255800.0
20251217,603889,新澳股份,7.39,7.41,7.5,7.2,10495300.0
20251217,603890,春秋电子,15.6,16.45,16.48,15.46,26898500.0
20251217,603893,瑞芯微,173.5,176.99,177.17,173.3,5614400.0
20251217,603895,天永智能,27.46,28.88,29.0,27.0,2344600.0
20251217,603896,寿仙谷,19.17,19.36,19.39,19.1,1009600.0
20251217,603897,长城科技,26.36,26.88,26.95,26.36,5606800.0
20251217,603898,好莱客,13.77,13.5,13.8,12.9,6331000.0
20251217,603899,晨光股份,27.46,27.9,27.95,27.33,5105800.0
20251217,603900,莱绅通灵,8.48,8.8,8.8,8.48,8334100.0
20251217,603901,永创智能,13.5,13.42,13.63,13.23,10361300.0
20251217,603903,中持股份,15.0,14.85,15.2,14.45,7011200.0
20251217,603906,龙蟠科技,18.75,19.42,19.5,18.7,42599200.0
20251217,603908,牧高笛,22.82,22.6,23.19,22.15,1215200.0
20251217,603909,建发合诚,11.38,11.29,11.54,11.1,7778000.0
20251217,603912,佳力图,8.0,8.27,8.35,7.97,15021200.0
20251217,603915,国茂股份,16.47,16.51,16.88,16.26,6558200.0
20251217,603916,苏博特,9.29,9.32,9.38,9.18,2870600.0
20251217,603917,合力科技,13.88,13.92,14.14,13.63,6494600.0
20251217,603918,金桥信息,14.88,15.18,15.18,14.71,7876500.0
20251217,603919,金徽酒,20.2,19.99,20.24,19.8,3805000.0
20251217,603920,世运电路,42.65,43.19,43.44,42.23,35378300.0
20251217,603926,铁流股份,15.5,15.56,15.65,15.15,3667200.0
20251217,603927,中科软,18.62,18.82,18.84,18.3,8979900.0
20251217,603928,兴业股份,16.3,15.68,16.57,15.25,14263900.0
20251217,603929,亚翔集成,88.4,90.02,92.49,86.86,5319900.0
20251217,603931,格林达,35.7,33.5,35.71,32.75,12171400.0
20251217,603933,睿能科技,23.89,23.97,24.17,23.34,10328900.0
20251217,603936,博敏电子,11.11,11.73,12.0,10.92,46743200.0
20251217,603937,丽岛新材,11.2,11.43,11.52,11.05,2626700.0
20251217,603938,三孚股份,17.1,17.26,17.34,16.75,6417100.0
20251217,603939,益丰药房,21.04,21.63,21.75,20.81,14296300.0
20251217,603948,建业股份,25.16,25.43,25.48,24.95,1597700.0
20251217,603949,雪龙集团,18.14,18.47,18.49,17.91,3960500.0
20251217,603950,长源东谷,28.27,28.47,28.58,27.55,2483900.0
20251217,603955,大千生态,28.84,29.33,29.39,28.6,1909200.0
20251217,603956,威派格,6.1,6.15,6.15,5.98,8728500.0
20251217,603958,哈森股份,12.81,12.85,13.38,12.33,11135600.0
20251217,603960,克来机电,19.73,19.47,19.79,19.16,5252000.0
20251217,603966,法兰泰克,10.41,10.53,10.54,10.3,5805800.0
20251217,603967,中创物流,12.38,12.33,12.46,12.1,4999300.0
20251217,603968,醋化股份,10.73,10.69,10.8,10.52,2634800.0
20251217,603969,银龙股份,9.65,9.69,9.78,9.54,8725000.0
20251217,603970,中农立华,12.75,12.72,12.79,12.58,2109000.0
20251217,603976,正川股份,19.15,19.28,19.32,18.85,1006000.0
20251217,603977,国泰集团,12.26,12.27,12.38,12.02,9837300.0
20251217,603978,深圳新星,24.32,25.97,26.25,24.12,16834600.0
20251217,603979,金诚信,69.19,70.67,71.8,68.54,7451400.0
20251217,603980,吉华集团,4.94,4.98,5.0,4.88,9702300.0
20251217,603982,泉峰汽车,8.24,8.2,8.35,8.05,8445800.0
20251217,603983,丸美生物,33.02,33.4,33.99,32.8,2121800.0
20251217,603985,恒润股份,14.59,14.51,14.59,14.1,8387700.0
20251217,603986,兆易创新,197.01,202.18,202.87,195.95,19050200.0
20251217,603987,康德莱,8.37,8.49,8.5,8.31,3850700.0
20251217,603988,中电电机,24.31,24.45,24.48,23.72,3830800.0
20251217,603989,艾华集团,15.86,16.13,16.14,15.6,4368100.0
20251217,603990,麦迪科技,14.95,15.12,15.19,14.67,10105600.0
20251217,603991,领先股份,75.32,76.59,77.2,74.68,2284500.0
20251217,603992,松霖科技,35.44,36.39,37.11,35.44,6235000.0
20251217,603993,洛阳钼业,17.61,18.0,18.23,17.57,190692500.0
20251217,603995,甬金股份,17.02,17.13,17.13,16.9,2656100.0
20251217,603997,继峰股份,13.3,13.61,13.68,13.27,7494100.0
20251217,603998,方盛制药,11.0,11.11,11.13,10.94,4779800.0
20251217,603999,读者传媒,7.04,6.92,7.14,6.81,17838500.0
20251217,605001,威奥股份,7.0,7.0,7.05,6.87,3913400.0
20251217,605003,众望布艺,22.89,23.13,23.21,22.37,986300.0
20251217,605005,合兴股份,19.57,19.67,20.08,19.25,8452600.0
20251217,605006,山东玻纤,6.95,7.07,7.25,6.83,10387200.0
20251217,605007,五洲特纸,11.4,11.48,11.5,11.34,999700.0
20251217,605008,长鸿高科,15.26,15.25,15.42,14.98,2363600.0
20251217,605009,豪悦护理,31.66,32.27,32.98,31.25,3777400.0
20251217,605011,杭州热电,19.98,19.95,20.0,19.63,1569600.0
20251217,605016,百龙创园,20.55,21.1,21.15,20.36,4805100.0
20251217,605018,长华集团,10.76,10.81,10.89,10.6,1997700.0
20251217,605020,永和股份,24.98,25.6,25.65,24.9,4972400.0
20251217,605028,世茂能源,26.0,27.05,27.36,25.81,2527900.0
20251217,605033,美邦股份,18.94,18.94,19.59,18.94,3530000.0
20251217,605050,福然德,12.58,12.63,12.67,12.4,3048500.0
20251217,605055,迎丰股份,9.75,9.89,10.58,9.59,19474000.0
20251217,605056,咸亨国际,17.56,17.91,18.03,17.37,3830600.0
20251217,605058,澳弘电子,28.6,28.71,28.8,28.01,2912300.0
20251217,605060,联德股份,36.6,37.08,37.6,35.45,6373400.0
20251217,605066,天正电气,7.21,7.08,7.25,6.91,14505300.0
20251217,605068,明新旭腾,26.45,28.88,29.03,26.17,6243900.0
20251217,605069,正和生态,9.16,9.19,9.27,8.99,3031900.0
20251217,605077,华康股份,14.5,14.66,14.68,14.39,2614100.0
20251217,605080,浙江自然,22.01,22.19,22.26,21.78,875100.0
20251217,605086,龙高股份,38.1,38.14,38.6,37.84,3341700.0
20251217,605088,冠盛股份,33.71,34.39,34.49,33.71,2817800.0
20251217,605089,味知香,25.71,25.88,25.94,25.25,1548400.0
20251217,605090,九丰能源,36.8,35.95,37.28,35.28,22140000.0
20251217,605098,行动教育,40.99,41.92,42.0,40.92,1457200.0
20251217,605099,共创草坪,36.5,37.53,37.68,36.31,2343900.0
20251217,605100,华丰股份,41.82,40.89,42.0,39.5,6025700.0
20251217,605108,同庆楼,20.23,20.31,20.6,19.71,10699500.0
20251217,605111,新洁能,32.6,33.49,33.5,32.32,7981100.0
20251217,605116,奥锐特,21.57,21.95,21.95,21.52,901400.0
20251217,605117,德业股份,89.8,89.44,90.01,88.0,8404000.0
20251217,605118,力鼎光电,28.52,28.87,29.1,28.2,1823500.0
20251217,605122,四方新材,12.7,12.7,12.79,12.42,7944800.0
20251217,605123,派克新材,85.4,84.44,86.77,83.07,8281400.0
20251217,605128,上海沿浦,36.99,38.05,38.1,36.99,1974400.0
20251217,605133,嵘泰股份,31.69,32.34,32.48,31.69,4132100.0
20251217,605136,丽人丽妆,11.75,12.21,12.93,11.47,73243900.0
20251217,605138,盛泰集团,6.89,6.9,6.92,6.78,3047800.0
20251217,605151,西上海,18.42,18.37,18.46,17.99,1015500.0
20251217,605155,西大门,16.06,16.11,16.2,15.78,1606100.0
20251217,605158,华达新材,7.77,7.71,7.81,7.59,3124000.0
20251217,605162,新中港,8.4,8.5,8.52,8.32,3091900.0
20251217,605166,聚合顺,10.07,9.95,10.07,9.9,3167400.0
20251217,605167,利柏特,10.8,11.04,11.16,10.57,10171800.0
20251217,605168,三人行,33.1,32.58,33.25,32.11,5139600.0
20251217,605169,洪通燃气,13.19,13.04,13.19,12.85,2616500.0
20251217,605177,东亚药业,17.66,17.66,17.94,17.4,1566300.0
20251217,605178,时空科技,50.88,51.82,52.9,50.5,4599700.0
20251217,605179,一鸣食品,21.52,21.35,22.18,21.09,11121700.0
20251217,605180,华生科技,13.7,13.79,13.85,13.38,1767100.0
20251217,605183,确成股份,18.45,18.76,18.84,18.36,1381900.0
20251217,605186,健麾信息,19.48,19.31,19.48,18.93,1292500.0
20251217,605188,国光连锁,21.74,21.2,22.5,20.68,18246700.0
20251217,605189,富春染织,15.09,14.88,15.24,14.59,2846400.0
20251217,605196,华通线缆,34.75,34.1,34.8,33.06,12667700.0
20251217,605198,安德利,35.61,36.34,36.58,35.61,1389200.0
20251217,605208,永茂泰,12.51,12.58,12.59,12.25,4541800.0
20251217,605218,伟时电子,17.93,17.98,18.09,17.5,1924100.0
20251217,605222,起帆电缆,18.9,18.45,19.13,18.21,17252500.0
20251217,605228,神通科技,14.22,14.23,14.75,13.97,8052600.0
20251217,605255,天普股份,150.21,146.96,155.0,145.54,3672500.0
20251217,605258,协和电子,30.81,31.34,31.37,30.14,1612500.0
20251217,605259,绿田机械,20.84,20.92,20.93,20.59,1562300.0
20251217,605266,健之佳,19.07,19.3,19.35,19.02,1477300.0
20251217,605268,王力安防,11.09,10.9,11.13,10.68,7694900.0
20251217,605277,新亚电子,21.83,22.52,22.64,21.78,7447300.0
20251217,605286,同力天启,36.69,37.68,37.68,35.76,2580400.0
20251217,605287,德才股份,26.02,26.01,26.3,25.46,2673600.0
20251217,605288,凯迪股份,82.9,83.49,83.9,80.7,1047900.0
20251217,605289,罗曼股份,78.35,72.73,78.35,71.41,5616800.0
20251217,605296,神农集团,28.53,28.35,28.83,28.13,2705000.0
20251217,605298,必得科技,39.12,40.09,40.18,39.12,1851800.0
20251217,605299,舒华体育,11.81,11.46,11.95,11.22,32116400.0
20251217,605300,佳禾食品,11.98,11.99,12.2,11.87,4215000.0
20251217,605303,园林股份,19.77,19.2,20.68,18.55,8120800.0
20251217,605305,中际联合,40.72,41.68,41.76,40.6,4296700.0
20251217,605318,法狮龙,54.04,54.79,55.1,51.56,6126800.0
20251217,605319,无锡振华,20.26,20.64,20.97,20.26,2725800.0
20251217,605333,沪光股份,29.58,29.95,30.0,29.31,2793100.0
20251217,605337,李子园,12.19,12.36,12.6,11.91,12466500.0
20251217,605338,巴比食品,27.45,27.9,28.09,27.08,3223900.0
20251217,605339,南侨食品,21.78,21.25,22.26,21.04,11566400.0
20251217,605358,立昂微,35.22,34.83,35.44,33.95,32709700.0
20251217,605365,立达信,20.14,22.0,22.0,20.01,17319100.0
20251217,605366,宏柏新材,5.87,5.98,6.0,5.8,15017700.0
20251217,605368,蓝天燃气,7.79,7.72,7.8,7.59,14993900.0
20251217,605369,拱东医疗,18.38,18.39,18.41,18.05,780900.0
20251217,605376,博迁新材,56.17,57.21,57.53,54.7,5062300.0
20251217,605377,华旺科技,7.82,7.77,7.83,7.68,6291800.0
20251217,605378,野马电池,22.2,22.55,22.68,21.89,5139500.0
20251217,605388,均瑶健康,8.09,8.12,8.25,7.81,44434200.0
20251217,605389,长龄液压,66.3,68.31,68.99,66.04,1401900.0
20251217,605398,新炬网络,27.0,27.37,27.41,26.63,2643800.0
20251217,605399,晨光新材,13.12,13.37,13.41,12.95,6099400.0
20251217,605488,福莱新材,31.77,31.81,31.89,31.0,5086900.0
20251217,605499,东鹏饮料,264.03,269.76,272.0,261.55,2239900.0
20251217,605500,森林包装,8.53,8.62,8.62,8.43,2628900.0
20251217,605507,国邦医药,23.2,23.26,23.37,23.08,1860000.0
20251217,605555,德昌股份,17.71,17.94,18.05,17.49,4349400.0
20251217,605566,福莱蒽特,27.78,28.24,28.35,27.6,1573100.0
20251217,605567,春雪食品,10.71,10.66,10.8,10.5,4214300.0
20251217,605577,龙版传媒,12.44,12.57,12.61,12.37,3084000.0
20251217,605580,恒盛能源,34.4,33.99,34.66,33.5,3316400.0
20251217,605588,冠石科技,48.8,49.18,49.3,47.58,1413400.0
20251217,605589,圣泉集团,25.88,26.7,26.84,25.67,15168600.0
20251217,605598,上海港湾,47.91,48.31,49.3,46.5,9026600.0
20251217,605599,菜百股份,15.48,15.48,15.58,15.29,4505900.0
