日期,股票代码,股票名称,开盘价,收盘价,最高价,最低价,成交量(股)
20251226,000001,平安银行,11.56,11.54,11.59,11.53,43634000.0
20251226,000002,万  科Ａ,4.77,4.77,4.81,4.76,124179300.0
20251226,000006,深振业Ａ,10.01,10.19,10.35,10.0,36518600.0
20251226,000007,全新好,11.56,11.39,11.73,11.28,9796100.0
20251226,000008,神州高铁,2.91,2.9,2.91,2.88,35133900.0
20251226,000009,中国宝安,10.2,10.16,10.28,10.14,28746800.0
20251226,000011,深物业A,9.06,9.04,9.13,9.0,4382900.0
20251226,000012,南  玻Ａ,4.5,4.5,4.53,4.48,13394600.0
20251226,000014,沙河股份,13.67,13.67,13.82,13.62,5763700.0
20251226,000017,深中华A,8.26,8.2,8.3,8.09,22361000.0
20251226,000019,深粮控股,7.06,7.11,7.15,7.04,7787900.0
20251226,000020,深华发Ａ,14.09,14.04,14.18,13.96,3398300.0
20251226,000021,深科技,24.7,24.76,25.1,24.56,57406900.0
20251226,000025,特  力Ａ,17.75,17.74,17.87,17.6,6876400.0
20251226,000026,飞亚达,15.37,15.22,15.47,15.12,4015900.0
20251226,000027,深圳能源,6.62,6.66,6.68,6.61,21000400.0
20251226,000028,国药一致,24.85,24.8,24.9,24.77,1681000.0
20251226,000029,深深房Ａ,23.0,23.26,23.66,22.9,3880100.0
20251226,000030,富奥股份,5.8,5.76,5.83,5.74,9023400.0
20251226,000031,大悦城,2.93,2.9,2.95,2.88,16808900.0
20251226,000032,深桑达Ａ,20.37,19.97,20.45,19.92,23852500.0
20251226,000034,神州数码,38.45,38.44,38.92,38.21,15646300.0
20251226,000035,中国天楹,5.59,5.67,5.82,5.57,36443800.0
20251226,000036,华联控股,7.81,7.81,7.81,7.81,52068400.0
20251226,000037,深南电A,8.53,8.47,8.56,8.45,4563800.0
20251226,000039,中集集团,9.62,9.51,9.69,9.49,38827200.0
20251226,000042,中洲控股,7.76,7.64,7.79,7.63,4205400.0
20251226,000045,深纺织Ａ,12.06,12.02,12.15,11.99,5530200.0
20251226,000048,京基智农,14.86,14.79,15.47,14.63,15936800.0
20251226,000049,德赛电池,27.81,27.72,28.12,27.67,9014300.0
20251226,000050,深天马Ａ,8.88,8.88,8.92,8.83,17711800.0
20251226,000055,方大集团,4.24,4.25,4.3,4.2,10963700.0
20251226,000058,深 赛 格,9.5,9.41,9.52,9.24,19755200.0
20251226,000059,华锦股份,5.17,5.16,5.19,5.1,21019000.0
20251226,000060,中金岭南,5.62,5.77,5.81,5.61,223041100.0
20251226,000061,农 产 品,9.85,9.96,10.02,9.84,22822900.0
20251226,000062,深圳华强,24.68,24.58,24.75,24.41,7618300.0
20251226,000063,中兴通讯,38.11,37.9,38.11,37.48,94240600.0
20251226,000065,北方国际,12.58,12.31,12.63,12.21,19255000.0
20251226,000066,中国长城,14.21,14.52,14.66,14.13,83280100.0
20251226,000068,华控赛格,3.47,3.43,3.48,3.42,10041900.0
20251226,000069,华侨城Ａ,2.59,2.53,2.59,2.5,126027100.0
20251226,000070,特发信息,12.48,12.28,12.48,12.14,65539300.0
20251226,000088,盐 田 港,4.56,4.53,4.56,4.52,19307800.0
20251226,000089,深圳机场,7.06,7.07,7.12,7.04,8773900.0
20251226,000090,天健集团,3.75,3.75,3.81,3.73,26279800.0
20251226,000096,广聚能源,10.36,10.35,10.49,10.31,5836300.0
20251226,000099,中信海直,20.51,20.41,20.6,20.14,17576400.0
20251226,000100,TCL科技,4.46,4.44,4.48,4.39,301676000.0
20251226,000151,中成股份,12.23,12.14,12.27,12.13,4711900.0
20251226,000153,丰原药业,6.43,6.41,6.49,6.4,5634800.0
20251226,000155,川能动力,12.11,12.27,12.4,12.1,59324000.0
20251226,000156,华数传媒,7.5,7.49,7.56,7.47,5602200.0
20251226,000157,中联重科,8.41,8.57,8.58,8.4,47977000.0
20251226,000158,常山北明,20.26,20.3,20.45,20.15,30823800.0
20251226,000159,国际实业,5.79,5.81,5.97,5.76,15124600.0
20251226,000166,申万宏源,5.29,5.32,5.36,5.27,90994300.0
20251226,000301,东方盛虹,10.41,10.72,10.77,10.41,29624200.0
20251226,000333,美的集团,78.59,78.87,79.07,78.55,21410700.0
20251226,000338,潍柴动力,17.22,17.55,17.67,17.2,46069300.0
20251226,000400,许继电气,26.66,26.42,26.73,26.2,24695600.0
20251226,000401,金隅冀东,4.47,4.46,4.5,4.43,9182000.0
20251226,000402,金 融 街,2.77,2.77,2.79,2.75,18774900.0
20251226,000403,派林生物,13.9,14.14,14.28,13.78,15467100.0
20251226,000404,长虹华意,6.82,6.8,6.84,6.78,5949100.0
20251226,000407,胜利股份,5.0,5.21,5.5,4.92,168381200.0
20251226,000408,藏格矿业,81.03,85.33,85.81,80.31,17675300.0
20251226,000409,云鼎科技,11.11,11.13,11.19,11.01,9588200.0
20251226,000410,沈阳机床,7.3,7.31,7.38,7.24,25831000.0
20251226,000411,英特集团,12.46,12.86,13.16,12.43,35674200.0
20251226,000415,渤海租赁,4.07,4.09,4.13,4.06,80610900.0
20251226,000417,合百集团,8.26,8.12,8.58,8.08,67020600.0
20251226,000419,通程控股,6.66,6.77,6.84,6.64,32195700.0
20251226,000420,吉林化纤,4.09,4.23,4.39,4.08,155539300.0
20251226,000421,南京公用,6.9,6.86,6.95,6.83,9472300.0
20251226,000422,湖北宜化,14.48,14.63,14.7,14.36,41914800.0
20251226,000423,东阿阿胶,48.9,49.35,49.45,48.82,4892900.0
20251226,000425,徐工机械,10.7,11.24,11.29,10.7,89578800.0
20251226,000426,兴业银锡,35.93,35.76,36.2,35.21,60100900.0
20251226,000428,华天酒店,3.39,3.38,3.43,3.35,23391600.0
20251226,000429,粤高速Ａ,11.86,12.19,12.24,11.86,11318300.0
20251226,000498,山东路桥,6.09,6.05,6.1,6.02,10748200.0
20251226,000501,武商集团,10.26,10.28,10.54,10.25,19451400.0
20251226,000503,国新健康,9.18,9.1,9.21,9.06,8748000.0
20251226,000504,南华生物,9.01,9.2,9.27,8.98,2698300.0
20251226,000505,京粮控股,8.1,8.92,8.92,8.05,46257500.0
20251226,000506,招金黄金,13.65,13.54,13.77,13.48,22281500.0
20251226,000507,珠海港,5.34,5.32,5.39,5.32,7625900.0
20251226,000509,华塑控股,3.44,3.39,3.44,3.38,15827100.0
20251226,000510,新金路,11.01,11.92,11.92,10.73,65708600.0
20251226,000513,丽珠集团,35.16,35.0,35.32,34.9,4670000.0
20251226,000514,渝 开 发,5.04,5.02,5.1,5.01,15846600.0
20251226,000516,国际医学,4.48,4.47,4.5,4.46,9150900.0
20251226,000517,荣安地产,1.82,1.82,1.83,1.81,16855400.0
20251226,000518,四环生物,2.46,2.44,2.46,2.42,7308400.0
20251226,000519,中兵红箭,17.6,17.82,17.99,17.58,30445800.0
20251226,000520,凤凰航运,5.12,5.07,5.15,5.01,25315900.0
20251226,000521,长虹美菱,6.59,6.54,6.61,6.53,7352000.0
20251226,000523,红棉股份,3.75,4.05,4.05,3.73,54768300.0
20251226,000524,岭南控股,12.18,12.28,12.35,12.13,9179100.0
20251226,000525,红太阳,5.64,5.6,5.65,5.59,10991400.0
20251226,000526,学大教育,38.73,39.01,39.15,38.28,2154500.0
20251226,000528,柳    工,12.4,12.61,12.73,12.4,22710900.0
20251226,000529,广弘控股,6.14,6.22,6.39,6.09,15932500.0
20251226,000530,冰山冷热,7.16,7.14,7.3,7.02,50949200.0
20251226,000531,穗恒运Ａ,6.62,6.61,6.64,6.55,7572800.0
20251226,000532,华金资本,16.92,16.4,17.05,16.34,32826600.0
20251226,000533,顺钠股份,8.86,8.74,9.02,8.61,74858800.0
20251226,000534,万泽股份,24.25,24.22,24.5,23.51,11847600.0
20251226,000536,华映科技,4.96,5.04,5.1,4.91,131460900.0
20251226,000537,绿发电力,8.36,8.36,8.38,8.35,8388400.0
20251226,000538,云南白药,56.76,56.7,56.88,56.55,4991200.0
20251226,000539,粤电力Ａ,4.61,4.6,4.62,4.58,15590800.0
20251226,000541,佛山照明,6.12,6.05,6.12,6.04,6681300.0
20251226,000543,皖能电力,8.69,8.82,8.89,8.67,32594600.0
20251226,000544,中原环保,8.33,8.3,8.37,8.28,4101600.0
20251226,000545,金浦钛业,2.88,2.98,3.11,2.88,102344000.0
20251226,000546,金圆股份,7.32,7.01,7.49,6.96,113122500.0
20251226,000547,航天发展,27.59,28.16,28.16,27.23,300790200.0
20251226,000548,湖南投资,5.59,5.55,5.65,5.53,6940300.0
20251226,000550,江铃汽车,18.65,18.78,18.87,18.6,3174600.0
20251226,000551,创元科技,17.66,16.97,18.35,16.21,150010300.0
20251226,000552,甘肃能化,2.35,2.35,2.37,2.34,31027000.0
20251226,000553,安道麦A,5.95,5.83,6.03,5.81,6747900.0
20251226,000554,泰山石油,6.49,6.48,6.51,6.44,10193100.0
20251226,000555,神州信息,16.32,16.69,16.93,16.28,44831100.0
20251226,000557,西部创业,5.05,5.21,5.27,5.01,27927800.0
20251226,000558,天府文旅,5.21,5.22,5.24,5.17,35654700.0
20251226,000559,万向钱潮,13.5,13.63,14.11,13.43,309933000.0
20251226,000560,我爱我家,2.91,2.91,2.94,2.9,75635400.0
20251226,000561,烽火电子,11.86,11.98,12.15,11.62,56808900.0
20251226,000563,陕国投Ａ,3.48,3.49,3.52,3.47,42879300.0
20251226,000564,供销大集,2.57,2.56,2.6,2.56,317465600.0
20251226,000565,渝三峡Ａ,7.8,7.64,7.86,7.61,10510600.0
20251226,000566,海南海药,8.02,8.08,8.41,8.02,253669500.0
20251226,000567,海德股份,6.55,6.84,7.07,6.52,67977400.0
20251226,000568,泸州老窖,120.01,119.39,120.75,119.15,7343800.0
20251226,000570,苏常柴Ａ,5.71,5.66,5.72,5.63,6969900.0
20251226,000571,新大洲A,5.58,5.83,5.87,5.58,60158300.0
20251226,000572,海马汽车,8.64,8.82,9.1,8.64,238938600.0
20251226,000573,粤宏远Ａ,4.13,4.15,4.17,4.11,12819800.0
20251226,000576,甘化科工,10.54,10.52,10.6,10.45,8080100.0
20251226,000581,威孚高科,20.43,20.55,20.68,20.37,7954900.0
20251226,000582,北部湾港,10.28,10.42,11.07,10.23,134413100.0
20251226,000586,汇源通信,14.2,13.96,14.25,13.91,5608900.0
20251226,000589,贵州轮胎,5.09,5.15,5.2,5.08,36270300.0
20251226,000590,古汉医药,11.31,11.09,11.5,11.08,3179900.0
20251226,000591,太阳能,4.5,4.54,4.57,4.49,56701700.0
20251226,000592,平潭发展,13.77,14.84,14.98,13.48,521426400.0
20251226,000593,德龙汇能,11.45,11.59,11.73,11.27,32606300.0
20251226,000595,新能股份,5.69,5.75,5.75,5.63,8474500.0
20251226,000596,古井贡酒,143.0,141.8,143.32,141.21,2196400.0
20251226,000597,东北制药,5.36,5.34,5.36,5.3,7857100.0
20251226,000598,兴蓉环境,7.24,7.2,7.25,7.2,15081200.0
20251226,000599,青岛双星,6.43,6.39,6.44,6.34,16291600.0
20251226,000600,建投能源,8.76,8.81,8.85,8.7,23231800.0
20251226,000601,韶能股份,4.8,4.82,4.82,4.78,12593100.0
20251226,000603,盛达资源,30.42,29.87,30.5,29.42,30712100.0
20251226,000605,渤海股份,6.83,6.73,6.83,6.73,3648400.0
20251226,000607,华媒控股,4.16,4.13,4.18,4.12,8850300.0
20251226,000608,阳光股份,2.58,2.63,2.65,2.56,12291600.0
20251226,000612,焦作万方,10.34,10.98,11.06,10.27,93580900.0
20251226,000617,中油资本,9.49,9.54,9.8,9.48,146378600.0
20251226,000619,海螺新材,6.32,6.33,6.4,6.29,8169400.0
20251226,000620,盈新发展,2.77,2.79,2.87,2.75,376732100.0
20251226,000623,吉林敖东,19.74,19.82,20.04,19.7,13258200.0
20251226,000625,长安汽车,11.88,11.99,12.07,11.85,81398000.0
20251226,000626,远大控股,8.06,8.13,8.13,7.99,8363500.0
20251226,000628,高新发展,44.71,46.89,47.3,44.65,14288700.0
20251226,000629,钒钛股份,3.06,3.13,3.15,3.06,124443900.0
20251226,000630,铜陵有色,5.64,5.93,5.98,5.62,589746500.0
20251226,000631,顺发恒能,3.28,3.26,3.31,3.26,11961100.0
20251226,000633,合金投资,7.67,7.51,7.71,7.46,21512900.0
20251226,000636,风华高科,16.41,16.26,16.46,16.17,21874200.0
20251226,000637,茂化实华,4.39,4.37,4.41,4.35,6931100.0
20251226,000650,仁和药业,5.79,5.78,5.82,5.77,10828300.0
20251226,000651,格力电器,40.88,40.76,40.94,40.71,25917300.0
20251226,000652,泰达股份,4.24,4.2,4.24,4.17,18433400.0
20251226,000655,金岭矿业,9.37,9.59,9.69,9.35,12783500.0
20251226,000656,金科股份,1.47,1.46,1.48,1.45,84330000.0
20251226,000657,中钨高新,28.93,29.5,30.15,28.87,110113000.0
20251226,000659,珠海中富,3.22,3.53,3.53,3.19,71478500.0
20251226,000661,长春高新,94.35,94.37,94.84,94.0,3701200.0
20251226,000663,永安林业,7.76,7.83,7.91,7.7,16747700.0
20251226,000665,湖北广电,5.49,5.49,5.59,5.44,21584300.0
20251226,000668,荣丰控股,10.15,9.81,10.39,9.8,3518300.0
20251226,000670,盈方微,7.55,7.49,7.59,7.46,14804300.0
20251226,000672,上峰材料,11.85,11.97,12.2,11.79,16826300.0
20251226,000676,智度股份,8.35,8.33,8.41,8.3,19859200.0
20251226,000678,襄阳轴承,14.6,14.47,14.79,14.22,37537900.0
20251226,000679,大连友谊,7.77,7.68,7.83,7.67,8602100.0
20251226,000680,山推股份,11.06,11.53,11.66,11.04,44632200.0
20251226,000681,视觉中国,21.99,21.77,22.13,21.58,32061500.0
20251226,000682,东方电子,11.93,11.95,12.04,11.87,12491500.0
20251226,000683,博源化工,7.37,7.41,7.5,7.28,50477400.0
20251226,000685,中山公用,11.31,11.22,11.36,11.18,20979900.0
20251226,000686,东北证券,9.46,9.55,9.68,9.42,71877400.0
20251226,000688,国城矿业,27.78,29.13,29.13,27.38,42040800.0
20251226,000690,宝新能源,4.39,4.42,4.45,4.37,32228600.0
20251226,000691,亚太实业,9.43,9.3,9.62,9.26,14210900.0
20251226,000692,惠天热电,3.57,3.53,3.58,3.52,15227400.0
20251226,000695,滨海能源,13.58,14.0,14.49,13.37,44904000.0
20251226,000697,炼石航空,8.83,8.72,8.83,8.67,7478800.0
20251226,000700,模塑科技,11.1,11.48,11.62,11.1,65537700.0
20251226,000701,厦门信达,6.9,7.03,7.19,6.78,59790300.0
20251226,000702,正虹科技,6.79,6.67,6.8,6.67,6297900.0
20251226,000703,恒逸石化,9.68,9.92,9.97,9.59,44731600.0
20251226,000705,浙江震元,9.33,9.23,9.36,9.21,5628400.0
20251226,000707,双环科技,6.19,6.18,6.23,6.13,5281000.0
20251226,000708,中信特钢,15.95,16.05,16.28,15.89,12561400.0
20251226,000709,河钢股份,2.35,2.36,2.37,2.34,77257300.0
20251226,000710,贝瑞基因,11.47,11.35,11.55,11.26,6364700.0
20251226,000711,京蓝科技,1.85,1.78,1.85,1.78,217719800.0
20251226,000712,锦龙股份,12.1,12.12,12.26,12.04,14419900.0
20251226,000713,国投丰乐,6.75,6.77,6.81,6.74,6541000.0
20251226,000715,中兴商业,6.51,6.68,7.05,6.5,42059800.0
20251226,000716,黑芝麻,6.35,6.45,6.53,6.35,38563600.0
20251226,000717,中南股份,2.61,2.62,2.64,2.6,17996700.0
20251226,000718,苏宁环球,2.31,2.3,2.33,2.29,31250400.0
20251226,000719,中原传媒,11.95,11.89,11.97,11.86,3632800.0
20251226,000720,新能泰山,3.42,3.35,3.42,3.34,24166800.0
20251226,000721,西安饮食,9.12,9.16,9.23,9.1,20112800.0
20251226,000722,湖南发展,11.92,12.04,12.09,11.89,7732200.0
20251226,000723,美锦能源,4.72,4.74,4.78,4.7,56856700.0
20251226,000725,京东方Ａ,4.06,4.04,4.07,4.03,374638500.0
20251226,000726,鲁  泰Ａ,7.23,7.2,7.3,7.16,8036600.0
20251226,000727,冠捷科技,2.59,2.61,2.64,2.57,88596000.0
20251226,000728,国元证券,8.41,8.45,8.52,8.4,37293700.0
20251226,000729,燕京啤酒,11.92,11.7,11.92,11.6,41265700.0
20251226,000731,四川美丰,6.64,6.6,6.65,6.6,3249400.0
20251226,000733,振华科技,52.02,52.06,52.52,51.4,20921700.0
20251226,000735,罗 牛 山,9.66,10.0,10.34,9.66,175766300.0
20251226,000736,中交发展,5.43,5.4,5.45,5.37,8678400.0
20251226,000737,北方铜业,15.03,15.53,15.78,14.86,150592100.0
20251226,000738,航发控制,21.05,20.95,21.17,20.68,35011100.0
20251226,000739,普洛药业,16.49,16.4,16.51,16.31,6228500.0
20251226,000750,国海证券,4.25,4.28,4.31,4.24,68698600.0
20251226,000751,锌业股份,4.02,4.13,4.13,4.02,76712800.0
20251226,000753,漳州发展,8.45,8.36,8.49,8.24,61872200.0
20251226,000755,山西高速,5.19,5.18,5.21,5.16,6144300.0
20251226,000756,新华制药,15.81,15.81,15.9,15.7,11627100.0
20251226,000757,浩物股份,5.0,4.94,5.09,4.93,14311900.0
20251226,000758,中色股份,6.32,6.5,6.53,6.32,67398000.0
20251226,000759,中百集团,8.51,8.35,8.75,8.28,130921100.0
20251226,000761,本钢板材,3.37,3.4,3.42,3.34,12690300.0
20251226,000762,西藏矿业,27.8,27.55,27.97,27.09,29991200.0
20251226,000766,通化金马,28.28,28.32,28.55,28.13,8992700.0
20251226,000767,晋控电力,2.87,2.87,2.89,2.86,22530500.0
20251226,000768,中航西飞,25.2,25.14,25.33,24.9,26874300.0
20251226,000776,广发证券,22.0,22.2,22.56,21.95,63353200.0
20251226,000777,中核科技,23.45,25.81,25.81,22.86,80005400.0
20251226,000778,新兴铸管,4.15,4.19,4.2,4.14,47936100.0
20251226,000779,甘咨询,8.39,8.34,8.44,8.3,3359600.0
20251226,000782,恒申新材,5.12,5.09,5.2,5.05,16011400.0
20251226,000783,长江证券,8.16,8.23,8.34,8.16,77212400.0
20251226,000785,居然智家,3.04,3.07,3.16,3.04,96445400.0
20251226,000786,北新建材,24.84,24.75,24.96,24.67,9356900.0
20251226,000788,北大医药,6.33,6.29,6.37,6.28,20222300.0
20251226,000789,万年青,5.42,5.39,5.43,5.36,4890600.0
20251226,000790,华神科技,3.97,3.99,4.08,3.97,17194500.0
20251226,000791,甘肃能源,6.69,6.68,6.73,6.66,10921000.0
20251226,000792,盐湖股份,28.78,28.99,29.26,28.51,100469900.0
20251226,000795,英洛华,9.95,9.95,10.01,9.9,10192300.0
20251226,000796,凯撒旅业,7.33,7.56,7.79,7.28,283242100.0
20251226,000797,中国武夷,4.16,4.09,4.23,4.06,110427700.0
20251226,000798,中水渔业,11.46,11.29,11.57,11.12,46894500.0
20251226,000799,酒鬼酒,56.23,56.46,57.18,55.68,10097800.0
20251226,000800,一汽解放,6.78,6.78,6.82,6.76,10744900.0
20251226,000801,四川九洲,17.28,17.44,17.8,17.07,44233300.0
20251226,000802,北京文化,5.03,4.92,5.05,4.87,51479800.0
20251226,000803,山高环能,7.29,7.13,7.29,7.07,12018200.0
20251226,000807,云铝股份,29.93,30.5,31.0,29.7,51345400.0
20251226,000809,和展能源,3.36,3.36,3.43,3.32,19543700.0
20251226,000810,创维数字,11.55,11.61,11.69,11.5,10228400.0
20251226,000811,冰轮环境,18.0,18.27,18.76,17.8,44429900.0
20251226,000812,陕西金叶,5.13,5.04,5.15,5.0,38665800.0
20251226,000813,德展健康,4.01,3.94,4.01,3.94,22502100.0
20251226,000815,美利云,11.37,11.3,11.37,11.24,8560300.0
20251226,000816,智慧农业,3.87,3.87,3.91,3.81,105520800.0
20251226,000818,航锦科技,19.2,19.18,19.36,19.04,8615400.0
20251226,000819,岳阳兴长,16.75,16.53,16.84,16.48,6254000.0
20251226,000820,神雾节能,3.33,3.36,3.38,3.32,3871500.0
20251226,000822,山东海化,5.3,5.3,5.34,5.27,9818500.0
20251226,000823,超声电子,13.91,13.71,13.94,13.61,22888300.0
20251226,000825,太钢不锈,5.1,5.06,5.16,5.01,146323800.0
20251226,000828,东莞控股,10.91,10.9,10.99,10.9,3880000.0
20251226,000829,天音控股,10.68,10.57,10.72,10.5,21916000.0
20251226,000830,鲁西化工,16.58,16.81,16.97,16.42,30640700.0
20251226,000831,中国稀土,46.5,47.09,47.35,46.44,28814800.0
20251226,000833,粤桂股份,18.89,19.05,19.42,18.6,31985800.0
20251226,000837,秦川机床,12.41,12.48,12.59,12.38,17394100.0
20251226,000839,国安股份,2.64,2.63,2.65,2.62,24545200.0
20251226,000848,承德露露,8.67,8.61,8.67,8.59,8081600.0
20251226,000850,华茂股份,5.31,5.67,5.68,5.31,60154500.0
20251226,000852,石化机械,7.27,7.25,7.3,7.22,17899200.0
20251226,000856,冀东装备,10.25,10.15,10.46,10.11,5855000.0
20251226,000858,五 粮 液,110.1,109.78,110.49,109.44,11475900.0
20251226,000859,国风新材,11.11,11.0,11.42,10.9,204839800.0
20251226,000860,顺鑫农业,14.82,14.84,14.87,14.78,5318100.0
20251226,000862,银星能源,5.96,5.98,6.02,5.94,16473200.0
20251226,000863,三湘印象,5.11,5.63,5.63,5.05,65478300.0
20251226,000868,安凯客车,5.0,4.97,5.01,4.95,6647000.0
20251226,000869,张  裕Ａ,20.85,20.7,20.85,20.61,788100.0
20251226,000875,电投绿能,5.58,5.64,5.68,5.56,46675200.0
20251226,000876,新 希 望,9.13,9.13,9.16,9.09,17155700.0
20251226,000877,天山股份,5.41,5.38,5.44,5.38,13615600.0
20251226,000878,云南铜业,18.57,19.71,19.9,18.53,158271300.0
20251226,000880,潍柴重机,27.88,27.64,27.96,27.51,11043400.0
20251226,000881,中广核技,8.92,8.99,9.05,8.84,26085300.0
20251226,000882,华联股份,2.12,2.12,2.15,2.1,111053400.0
20251226,000883,湖北能源,4.63,4.62,4.63,4.61,14490300.0
20251226,000885,城发环境,13.8,13.81,13.89,13.77,2992700.0
20251226,000886,海南高速,7.05,7.32,7.49,7.02,92194100.0
20251226,000887,中鼎股份,23.25,22.96,23.5,22.77,47363000.0
20251226,000888,峨眉山Ａ,13.18,13.13,13.22,13.01,13630000.0
20251226,000889,中嘉博创,3.62,3.73,3.85,3.57,31761600.0
20251226,000890,法尔胜,5.47,5.37,5.48,5.35,43795900.0
20251226,000892,欢瑞世纪,7.07,7.01,7.12,6.91,36727500.0
20251226,000893,亚钾国际,46.46,46.55,46.68,46.15,7595600.0
20251226,000895,双汇发展,26.88,26.62,26.95,26.51,7811300.0
20251226,000897,津滨发展,2.3,2.29,2.32,2.29,21738400.0
20251226,000898,鞍钢股份,2.54,2.54,2.56,2.52,22739500.0
20251226,000899,赣能股份,10.25,10.28,10.39,10.19,11706200.0
20251226,000900,现代投资,4.16,4.14,4.17,4.13,8403200.0
20251226,000901,航天科技,24.84,25.13,25.54,24.47,147930300.0
20251226,000902,新洋丰,15.93,15.86,15.99,15.77,8680100.0
20251226,000905,厦门港务,13.92,14.36,14.44,13.73,80275100.0
20251226,000906,浙商中拓,6.03,6.05,6.08,6.02,5428200.0
20251226,000908,石药景峰,7.47,7.39,7.56,7.37,10825000.0
20251226,000910,大亚圣象,7.52,7.52,7.64,7.49,5050400.0
20251226,000912,泸天化,4.22,4.22,4.24,4.2,7577700.0
20251226,000913,钱江摩托,15.33,15.16,15.34,15.14,3360200.0
20251226,000915,华特达因,33.26,33.55,33.59,33.17,2447400.0
20251226,000917,电广传媒,10.24,10.45,10.75,10.14,113380600.0
20251226,000919,金陵药业,7.51,7.72,7.86,7.48,26620600.0
20251226,000920,沃顿科技,12.81,12.64,12.84,12.62,5171800.0
20251226,000921,海信家电,25.26,25.3,25.5,25.2,5708700.0
20251226,000922,佳电股份,13.66,13.89,14.22,13.5,29631700.0
20251226,000923,河钢资源,20.38,21.18,21.2,20.26,17708600.0
20251226,000925,众合科技,8.72,8.9,8.95,8.69,37601500.0
20251226,000926,福星股份,2.33,2.32,2.36,2.31,26905100.0
20251226,000927,中国铁物,2.64,2.63,2.65,2.61,42050200.0
20251226,000928,中钢国际,6.61,6.59,6.64,6.53,19360100.0
20251226,000929,兰州黄河,8.98,8.99,9.09,8.98,2012900.0
20251226,000930,中粮科技,5.85,5.84,5.87,5.82,8294800.0
20251226,000931,中 关 村,4.98,4.98,5.02,4.96,6109100.0
20251226,000932,华菱钢铁,5.55,5.65,5.69,5.55,73353900.0
20251226,000933,神火股份,26.78,27.42,27.65,26.71,35618300.0
20251226,000935,四川双马,24.8,24.76,25.18,24.58,9335000.0
20251226,000936,华西股份,8.04,8.02,8.14,7.93,37631900.0
20251226,000937,冀中能源,5.38,5.41,5.43,5.38,16466000.0
20251226,000938,紫光股份,24.58,24.76,24.99,24.53,41459600.0
20251226,000948,南天信息,17.42,17.5,17.69,17.34,7448100.0
20251226,000949,新乡化纤,5.41,5.6,5.61,5.33,70510300.0
20251226,000950,重药控股,6.33,6.36,6.51,6.31,86236200.0
20251226,000951,中国重汽,16.87,16.82,16.95,16.75,6943600.0
20251226,000952,广济药业,7.27,7.19,7.33,7.18,14194000.0
20251226,000953,中哲精化,7.61,7.38,7.65,7.36,17218200.0
20251226,000955,欣龙控股,6.7,6.8,7.05,6.64,70721000.0
20251226,000957,中通客车,11.33,11.25,11.39,11.16,14471100.0
20251226,000958,电投产融,6.51,6.57,6.61,6.48,27663100.0
20251226,000959,首钢股份,4.9,4.93,4.97,4.88,39480900.0
20251226,000960,锡业股份,27.24,27.79,27.88,26.75,44705400.0
20251226,000962,东方钽业,30.19,30.72,31.11,29.4,28518400.0
20251226,000963,华东医药,40.04,39.7,40.04,39.66,4741900.0
20251226,000965,天保基建,3.93,3.93,3.96,3.91,24010600.0
20251226,000966,长源电力,4.34,4.34,4.36,4.33,12227500.0
20251226,000967,盈峰环境,7.3,7.35,7.4,7.26,37785600.0
20251226,000968,蓝焰控股,6.66,6.65,6.69,6.63,6835400.0
20251226,000969,安泰科技,20.3,20.64,20.95,20.11,92886500.0
20251226,000970,中科三环,13.51,13.61,13.7,13.38,32429200.0
20251226,000972,中基健康,3.81,3.86,3.92,3.79,8151600.0
20251226,000973,佛塑科技,13.53,14.22,14.22,13.53,91169300.0
20251226,000975,山金国际,24.34,25.04,25.14,24.34,33738800.0
20251226,000977,浪潮信息,66.36,67.0,68.39,66.33,56767200.0
20251226,000978,桂林旅游,7.03,6.97,7.07,6.95,9645100.0
20251226,000980,众泰汽车,3.75,3.73,3.78,3.72,104712200.0
20251226,000981,山子高科,3.53,3.61,3.79,3.51,1223910900.0
20251226,000983,山西焦煤,6.47,6.49,6.52,6.46,24168200.0
20251226,000985,大庆华科,20.01,19.9,20.87,19.81,10605600.0
20251226,000987,越秀资本,7.67,7.64,7.73,7.59,38954400.0
20251226,000988,华工科技,79.58,80.68,82.3,78.51,54480200.0
20251226,000989,九芝堂,8.95,8.91,8.98,8.88,6191500.0
20251226,000990,诚志股份,8.01,8.04,8.11,7.99,15324200.0
20251226,000993,闽东电力,12.57,12.6,12.74,12.43,15792800.0
20251226,000995,皇台酒业,12.91,12.96,13.1,12.8,12513900.0
20251226,000997,新 大 陆,26.7,26.51,26.92,26.38,10406200.0
20251226,000998,隆平高科,9.44,9.48,9.53,9.43,12184400.0
20251226,000999,华润三九,28.87,28.81,28.91,28.62,7320700.0
20251226,001201,东瑞股份,14.5,14.53,14.6,14.45,2367400.0
20251226,001202,炬申股份,15.71,15.61,15.76,15.48,1686800.0
20251226,001203,大中矿业,32.62,33.17,33.68,31.5,37383000.0
20251226,001205,盛航股份,17.39,17.28,17.39,17.08,3539300.0
20251226,001206,依依股份,31.18,30.88,31.21,30.61,2439000.0
20251226,001207,联科科技,25.05,24.69,25.27,24.64,3439300.0
20251226,001208,华菱线缆,24.0,23.86,25.48,22.71,163651600.0
20251226,001209,洪兴股份,20.93,20.75,20.93,20.59,2264400.0
20251226,001210,金房能源,17.88,17.51,18.27,17.46,2545100.0
20251226,001211,双枪科技,26.51,26.21,26.52,26.04,2067700.0
20251226,001212,中旗新材,54.2,53.0,54.2,52.2,11913100.0
20251226,001213,中铁特货,4.13,4.11,4.14,4.1,9416400.0
20251226,001215,千味央厨,38.57,37.78,38.89,37.76,2001200.0
20251226,001216,华瓷股份,17.33,17.12,17.33,17.02,7368700.0
20251226,001217,华尔泰,13.47,13.91,14.8,13.35,28962900.0
20251226,001218,丽臣实业,23.2,22.76,23.47,22.62,1276000.0
20251226,001219,青岛食品,14.57,14.43,14.68,14.3,2474400.0
20251226,001221,悍高集团,59.65,58.35,59.65,58.11,1257000.0
20251226,001222,源飞宠物,23.82,23.53,23.85,23.35,2096500.0
20251226,001223,欧克科技,49.17,47.85,49.26,47.5,779300.0
20251226,001225,和泰机电,55.2,53.23,55.2,53.0,677700.0
20251226,001226,拓山重工,44.43,45.52,45.85,44.29,2654500.0
20251226,001227,兰州银行,2.33,2.33,2.34,2.32,31396000.0
20251226,001228,永泰运,26.85,26.46,26.97,26.37,1239400.0
20251226,001229,魅视科技,38.47,38.86,39.46,38.32,1588200.0
20251226,001230,劲旅环境,22.28,21.91,22.41,21.91,977700.0
20251226,001231,农心科技,22.28,22.41,22.5,22.02,2233300.0
20251226,001233,海安集团,59.73,59.89,60.54,59.62,2188500.0
20251226,001234,泰慕士,27.25,27.1,27.51,27.0,1740700.0
20251226,001236,弘业期货,10.63,10.62,10.83,10.58,10731100.0
20251226,001238,浙江正特,51.0,49.93,51.0,49.51,476600.0
20251226,001239,永达股份,16.45,16.41,16.57,16.36,2303500.0
20251226,001255,博菲电气,32.63,32.73,33.12,32.3,3620400.0
20251226,001256,炜冈科技,21.39,21.38,21.57,21.18,1150300.0
20251226,001258,立新能源,7.28,7.28,7.32,7.24,6264200.0
20251226,001259,利仁科技,30.12,30.11,30.31,29.7,938500.0
20251226,001260,坤泰股份,20.35,20.01,20.54,20.0,1346900.0
20251226,001266,宏英智能,29.88,29.58,29.93,29.4,2771900.0
20251226,001267,汇绿生态,21.25,21.46,21.88,20.9,30462700.0
20251226,001268,联合精密,36.8,39.19,39.89,35.96,8256300.0
20251226,001269,欧晶科技,24.39,24.24,25.2,24.12,3017200.0
20251226,001270,铖昌科技,80.3,80.3,80.3,80.3,1096400.0
20251226,001277,速达股份,40.18,39.4,40.29,39.38,1172600.0
20251226,001278,一彬科技,20.04,19.56,20.23,19.45,2469200.0
20251226,001279,强邦新材,34.39,34.24,34.57,34.2,606200.0
20251226,001280,中国铀业,62.47,64.43,64.93,61.58,36204100.0
20251226,001282,三联锻造,20.84,20.62,20.91,20.5,2276200.0
20251226,001283,豪鹏科技,70.22,70.16,71.18,69.7,2388700.0
20251226,001285,瑞立科密,54.99,54.59,55.8,54.21,3320200.0
20251226,001286,陕西能源,9.91,9.92,9.96,9.9,9150000.0
20251226,001287,中电港,22.47,22.81,23.16,22.39,26834300.0
20251226,001288,运机集团,33.14,33.26,33.41,32.2,4123800.0
20251226,001289,龙源电力,15.34,15.29,15.37,15.11,3623900.0
20251226,001296,长江材料,28.34,27.91,28.39,27.65,8162500.0
20251226,001298,好上好,29.94,29.7,30.11,29.61,6136600.0
20251226,001299,美能能源,12.36,12.09,12.36,12.0,6522600.0
20251226,001300,三柏硕,18.61,16.44,18.61,15.81,23982500.0
20251226,001301,尚太科技,85.22,86.59,88.66,85.11,3343000.0
20251226,001306,夏厦精密,83.35,83.39,85.28,82.4,1156900.0
20251226,001308,康冠科技,20.81,20.68,20.91,20.61,1799200.0
20251226,001309,德明利,213.01,239.0,239.0,213.01,26312800.0
20251226,001311,多利科技,31.35,29.45,33.68,29.41,13015700.0
20251226,001313,粤海饲料,7.71,7.58,7.72,7.54,12784400.0
20251226,001314,亿道信息,43.39,43.17,43.68,43.01,1344700.0
20251226,001316,润贝航科,39.2,38.46,39.36,38.0,3907700.0
20251226,001317,三羊马,51.33,53.61,55.7,51.02,12950900.0
20251226,001318,阳光乳业,15.83,15.88,16.73,15.68,15678800.0
20251226,001319,铭科精技,26.23,25.87,26.36,25.74,2159700.0
20251226,001322,箭牌家居,9.27,9.07,9.35,9.01,5337800.0
20251226,001323,慕思股份,26.63,26.23,26.74,26.17,1124900.0
20251226,001324,长青科技,18.36,18.09,18.48,18.06,1400700.0
20251226,001325,元创股份,51.28,51.39,51.95,51.21,3371600.0
20251226,001326,联域股份,44.16,46.35,46.35,43.6,2087500.0
20251226,001328,登康口腔,38.09,38.17,38.45,37.49,1482600.0
20251226,001330,博纳影业,7.9,8.05,8.24,7.82,181278700.0
20251226,001331,胜通能源,42.1,42.1,42.1,40.88,26085900.0
20251226,001332,锡装股份,53.4,53.28,53.62,52.52,1657300.0
20251226,001333,光华股份,22.49,22.02,22.49,21.95,1051500.0
20251226,001335,信凯科技,44.5,44.11,44.67,43.52,1228700.0
20251226,001336,楚环科技,25.79,25.63,25.9,25.36,9420400.0
20251226,001337,四川黄金,29.0,29.08,29.46,28.85,12670900.0
20251226,001338,永顺泰,12.4,12.35,12.49,12.33,5805600.0
20251226,001339,智微智能,49.03,48.91,49.24,48.5,2196600.0
20251226,001356,富岭股份,13.14,13.16,13.25,13.09,2620200.0
20251226,001358,兴欣新材,26.18,25.92,26.38,25.84,687900.0
20251226,001359,平安电工,73.57,73.22,74.2,72.03,3234300.0
20251226,001360,南矿集团,23.65,22.89,23.7,22.38,14340600.0
20251226,001366,播恩集团,13.56,13.33,13.6,13.3,2306700.0
20251226,001367,海森药业,22.29,22.03,22.35,21.93,804700.0
20251226,001368,通达创智,25.31,25.18,25.45,25.05,1868100.0
20251226,001373,翔腾新材,31.16,30.69,31.27,30.45,2032900.0
20251226,001376,百通能源,16.61,18.18,18.18,16.61,30394500.0
20251226,001378,德冠新材,23.2,23.49,23.91,23.05,3109100.0
20251226,001379,腾达科技,24.61,24.29,24.77,24.15,12481800.0
20251226,001380,华纬科技,22.84,22.54,22.89,22.47,1645700.0
20251226,001382,新亚电缆,20.76,20.69,21.03,20.62,4158300.0
20251226,001386,马可波罗,22.9,23.06,23.28,22.8,10239100.0
20251226,001387,雪祺电气,14.35,14.04,14.38,14.0,5335000.0
20251226,001388,信通电子,42.86,44.25,44.74,42.86,2244700.0
20251226,001389,广合科技,80.85,80.48,81.76,79.6,3944700.0
20251226,001390,古麒绒材,24.99,24.69,25.01,24.62,3604400.0
20251226,001391,国货航,6.2,6.18,6.22,6.17,10495600.0
20251226,001395,亚联机械,45.98,45.0,45.99,44.72,1274500.0
20251226,001400,江顺科技,73.82,76.62,80.0,73.6,4960300.0
20251226,001696,宗申动力,21.95,21.78,22.14,21.52,25353600.0
20251226,001872,招商港口,19.93,19.84,19.94,19.75,2697900.0
20251226,001896,豫能控股,5.4,5.41,5.44,5.35,14194100.0
20251226,001914,招商积余,10.98,10.94,11.01,10.93,4611600.0
20251226,001965,招商公路,9.93,9.96,10.05,9.88,11142300.0
20251226,001979,招商蛇口,8.73,8.79,8.84,8.72,34827200.0
20251226,002001,新 和 成,24.75,24.81,24.96,24.68,14337000.0
20251226,002003,伟星股份,10.72,10.66,10.81,10.6,5420100.0
20251226,002004,华邦健康,4.86,4.88,4.9,4.85,17930300.0
20251226,002005,德豪润达,2.49,2.51,2.52,2.48,11253100.0
20251226,002006,精工科技,21.89,21.8,22.18,21.6,19464700.0
20251226,002007,华兰生物,15.3,15.32,15.36,15.25,7299500.0
20251226,002008,大族激光,41.76,42.4,42.93,41.26,35330400.0
20251226,002009,天奇股份,19.36,19.36,19.36,19.36,18572300.0
20251226,002010,传化智联,5.91,5.86,5.92,5.82,17911000.0
20251226,002011,盾安环境,12.88,12.84,12.93,12.78,11093000.0
20251226,002012,凯恩股份,6.56,6.41,6.6,6.39,16199000.0
20251226,002014,永新股份,12.17,12.02,12.17,12.0,2186000.0
20251226,002015,协鑫能科,10.22,10.25,10.29,10.15,18370200.0
20251226,002016,世荣兆业,5.78,5.8,5.86,5.77,7434300.0
20251226,002017,东信和平,21.47,21.45,21.77,21.33,17300900.0
20251226,002019,亿帆医药,11.94,11.87,11.98,11.83,6828100.0
20251226,002020,京新药业,19.85,19.83,19.98,19.69,7273000.0
20251226,002021,中捷资源,2.48,2.49,2.51,2.46,21327700.0
20251226,002022,科华生物,6.09,6.02,6.09,6.0,4969200.0
20251226,002023,海特高新,13.59,13.38,13.59,13.21,35367200.0
20251226,002025,航天电器,48.48,49.16,50.23,47.88,42268700.0
20251226,002026,山东威达,15.0,15.0,15.25,14.85,18575700.0
20251226,002027,分众传媒,7.21,7.18,7.24,7.15,98425700.0
20251226,002028,思源电气,154.33,161.0,162.4,153.6,8853000.0
20251226,002029,七 匹 狼,11.4,11.1,11.53,11.07,40668900.0
20251226,002030,达安基因,6.12,6.06,6.13,6.05,10694100.0
20251226,002031,巨轮智能,7.72,7.77,7.81,7.61,202372700.0
20251226,002032,苏 泊 尔,46.27,45.97,46.29,45.93,2348400.0
20251226,002033,丽江股份,9.25,9.26,9.3,9.18,8357500.0
20251226,002034,旺能环境,16.1,16.12,16.22,16.08,1972500.0
20251226,002035,华帝股份,6.17,6.17,6.2,6.15,4090900.0
20251226,002036,联创电子,10.92,10.98,11.28,10.74,91833100.0
20251226,002037,保利联合,9.72,9.63,9.75,9.59,8508300.0
20251226,002038,双鹭药业,7.72,7.79,7.82,7.67,19126100.0
20251226,002039,黔源电力,18.39,18.29,18.43,18.23,2209200.0
20251226,002040,南 京 港,10.11,10.05,10.3,10.03,13302800.0
20251226,002041,登海种业,9.48,9.6,9.62,9.47,8612200.0
20251226,002042,华孚时尚,4.11,4.15,4.21,4.08,30428600.0
20251226,002043,兔 宝 宝,14.33,14.5,14.65,14.28,8266800.0
20251226,002044,美年健康,5.34,5.29,5.38,5.29,214661900.0
20251226,002045,国光电器,14.09,14.04,14.14,13.92,13330400.0
20251226,002046,国机精工,44.66,44.0,44.88,42.11,52040400.0
20251226,002047,宝鹰股份,3.75,3.79,3.88,3.67,18727800.0
20251226,002048,宁波华翔,29.51,28.88,30.03,28.63,35305100.0
20251226,002049,紫光国微,79.78,80.22,82.0,79.22,29654500.0
20251226,002050,三花智控,47.09,47.3,47.82,46.44,172036300.0
20251226,002051,中工国际,9.19,9.1,9.19,8.99,18260700.0
20251226,002052,同洲电子,12.55,12.32,12.56,12.28,16848600.0
20251226,002053,云南能投,11.89,11.9,12.03,11.8,9220100.0
20251226,002054,德美化工,7.5,7.54,7.64,7.49,7947000.0
20251226,002056,横店东磁,19.51,19.8,20.0,19.5,27109700.0
20251226,002057,中钢天源,10.32,10.34,10.43,10.29,10788900.0
20251226,002058,紫竹高科,23.09,23.1,23.28,22.74,1714100.0
20251226,002059,云南旅游,5.36,5.37,5.39,5.31,19390100.0
20251226,002060,广东建工,3.7,3.7,3.73,3.69,16865700.0
20251226,002061,浙江交科,4.04,4.03,4.06,4.02,16318400.0
20251226,002062,宏润建设,9.28,9.12,9.35,9.04,18213300.0
20251226,002063,远光软件,6.06,6.08,6.1,6.03,22618200.0
20251226,002064,华峰化学,10.82,11.18,11.25,10.65,53613900.0
20251226,002065,东华软件,9.17,9.19,9.21,9.11,42582800.0
20251226,002066,瑞泰科技,19.33,19.07,19.4,18.9,3912200.0
20251226,002067,景兴纸业,5.65,5.59,5.68,5.5,146457800.0
20251226,002068,黑猫股份,9.0,9.02,9.14,9.0,9811500.0
20251226,002069,獐子岛,3.84,3.81,3.86,3.8,13073500.0
20251226,002072,凯瑞德,7.08,7.02,7.16,7.02,4117000.0
20251226,002073,软控股份,8.22,8.2,8.28,8.12,21295100.0
20251226,002074,国轩高科,39.64,40.08,40.74,39.35,58036300.0
20251226,002075,沙钢股份,5.71,5.77,5.84,5.7,30981400.0
20251226,002076,星光股份,2.08,2.07,2.09,2.06,14661700.0
20251226,002077,大港股份,14.92,14.97,15.04,14.85,14632600.0
20251226,002078,太阳纸业,15.89,15.66,16.0,15.51,36110200.0
20251226,002079,苏州固锝,9.61,9.58,9.72,9.55,11894900.0
20251226,002080,中材科技,39.01,38.76,39.55,38.26,49273100.0
20251226,002081,金 螳 螂,3.31,3.62,3.62,3.31,132400900.0
20251226,002083,孚日股份,11.99,12.06,12.52,11.46,189613700.0
20251226,002084,海鸥住工,4.02,3.97,4.05,3.96,25622800.0
20251226,002085,万丰奥威,15.9,15.91,16.03,15.74,38549300.0
20251226,002086,东方海洋,2.39,2.39,2.4,2.37,30791700.0
20251226,002088,鲁阳节能,10.82,10.64,10.82,10.62,2493600.0
20251226,002090,金智科技,11.99,11.96,12.05,11.83,11808700.0
20251226,002091,江苏国泰,9.17,9.28,9.35,9.13,29132100.0
20251226,002092,中泰化学,4.7,4.75,4.77,4.69,32711000.0
20251226,002093,国脉科技,11.48,11.55,11.68,11.37,37010100.0
20251226,002094,青岛金王,7.26,7.23,7.32,7.2,21835600.0
20251226,002095,生 意 宝,18.09,17.83,18.11,17.8,3253200.0
20251226,002096,易普力,13.38,13.45,13.47,13.31,4933100.0
20251226,002097,山河智能,12.24,12.2,12.3,12.12,24128600.0
20251226,002098,浔兴股份,10.59,10.56,10.79,10.42,24331900.0
20251226,002099,海翔药业,6.11,5.97,6.11,5.95,13469800.0
20251226,002100,天康生物,7.16,7.23,7.26,7.14,18816300.0
20251226,002101,广东鸿图,12.21,12.34,12.43,12.11,9326600.0
20251226,002103,广博股份,9.28,9.23,9.29,9.17,14546200.0
20251226,002104,恒宝股份,20.18,20.7,20.99,20.1,93871600.0
20251226,002105,信隆健康,7.74,7.54,7.83,7.53,25657700.0
20251226,002106,莱宝高科,11.02,10.97,11.09,10.93,8302800.0
20251226,002107,沃华医药,6.21,6.18,6.26,6.13,7363100.0
20251226,002108,沧州明珠,4.9,5.08,5.12,4.89,134929900.0
20251226,002110,三钢闽光,4.54,4.55,4.6,4.5,27129900.0
20251226,002111,威海广泰,10.31,10.31,10.4,10.19,10059400.0
20251226,002112,三变科技,13.91,13.72,13.94,13.61,17235700.0
20251226,002114,罗平锌电,8.41,8.62,8.65,8.38,22302500.0
20251226,002115,三维通信,12.5,12.3,12.5,12.05,172660200.0
20251226,002116,中国海诚,10.55,10.5,10.58,10.43,5693200.0
20251226,002117,东港股份,13.53,13.43,13.84,13.34,20000800.0
20251226,002119,康强电子,16.9,16.66,16.98,16.59,11380200.0
20251226,002120,韵达股份,6.93,6.9,6.95,6.89,18833600.0
20251226,002121,科陆电子,7.9,7.9,8.08,7.87,36825700.0
20251226,002123,梦网科技,12.49,12.49,12.71,12.3,35762500.0
20251226,002124,天邦食品,2.79,2.79,2.8,2.77,26980900.0
20251226,002125,湘潭电化,14.55,14.83,14.98,14.3,33087300.0
20251226,002126,银轮股份,38.6,37.46,38.6,37.14,31005800.0
20251226,002127,南极电商,3.49,3.46,3.5,3.44,35989400.0
20251226,002128,电投能源,27.5,28.02,28.21,27.47,15442600.0
20251226,002129,TCL中环,8.9,8.81,9.07,8.76,174115600.0
20251226,002130,沃尔核材,26.77,26.96,27.17,26.43,56076200.0
20251226,002131,利欧股份,5.18,5.15,5.22,5.1,275404200.0
20251226,002132,恒星科技,3.63,3.62,3.65,3.59,20973400.0
20251226,002133,广宇集团,3.4,3.46,3.56,3.39,42150800.0
20251226,002134,天津普林,26.25,25.59,26.77,25.27,19192900.0
20251226,002135,东南网架,4.61,4.54,4.64,4.53,7405300.0
20251226,002136,安 纳 达,12.54,13.37,13.37,12.49,27057500.0
20251226,002137,实益达,8.75,8.65,8.75,8.59,12543300.0
20251226,002138,顺络电子,36.74,36.46,37.06,36.26,12499000.0
20251226,002139,拓邦股份,13.67,13.64,13.8,13.55,16459400.0
20251226,002140,东华科技,11.7,11.59,11.7,11.47,7476400.0
20251226,002141,贤丰控股,3.72,3.71,3.74,3.68,15425800.0
20251226,002142,宁波银行,28.4,28.0,28.41,27.9,24432000.0
20251226,002144,宏达高科,12.98,12.8,13.01,12.8,2631100.0
20251226,002145,钛能化学,4.93,5.02,5.07,4.92,54470600.0
20251226,002146,荣盛发展,1.57,1.57,1.59,1.56,142408300.0
20251226,002148,北纬科技,8.64,8.58,8.65,8.51,9860400.0
20251226,002149,西部材料,44.7,46.78,48.5,43.8,154922100.0
20251226,002150,正泰电源,20.19,20.77,21.45,20.14,23812300.0
20251226,002151,北斗星通,39.0,42.17,42.17,38.34,114722400.0
20251226,002152,广电运通,12.58,12.56,12.73,12.5,19702700.0
20251226,002153,石基信息,10.43,10.47,10.56,10.29,23226300.0
20251226,002154,报 喜 鸟,3.93,3.91,3.95,3.9,18841600.0
20251226,002155,湖南黄金,21.41,21.56,21.64,21.27,44160200.0
20251226,002156,通富微电,37.51,37.51,37.96,37.3,33698300.0
20251226,002157,正邦科技,3.54,3.56,3.62,3.49,232540800.0
20251226,002158,汉钟精机,25.3,25.46,25.8,24.96,18455200.0
20251226,002159,三特索道,15.6,15.71,16.03,15.6,4412900.0
20251226,002160,常铝股份,5.11,5.43,5.44,5.1,102848600.0
20251226,002161,远 望 谷,7.26,7.22,7.3,7.19,9444100.0
20251226,002162,悦心健康,4.98,4.88,5.02,4.86,30816400.0
20251226,002163,海南发展,20.81,22.75,22.75,20.81,227989600.0
20251226,002164,宁波东力,15.18,16.01,16.39,15.08,46782600.0
20251226,002165,红 宝 丽,7.8,7.7,7.83,7.68,15386600.0
20251226,002166,莱茵生物,9.1,9.16,9.25,8.93,42577200.0
20251226,002167,东方锆业,12.49,12.62,12.74,12.44,29962900.0
20251226,002169,智光电气,10.46,10.65,10.82,10.35,67401100.0
20251226,002170,芭田股份,12.05,12.26,12.26,12.0,34596800.0
20251226,002171,楚江新材,13.08,12.99,13.27,12.66,138341800.0
20251226,002172,澳洋健康,4.2,4.1,4.2,4.07,23744400.0
20251226,002173,创新医疗,21.9,21.53,22.19,21.47,33191300.0
20251226,002174,游族网络,12.68,12.72,12.85,12.59,31545000.0
20251226,002176,江特电机,10.01,10.1,10.15,9.93,103577400.0
20251226,002177,御银股份,7.0,7.06,7.16,6.96,50461000.0
20251226,002178,延华智能,6.37,6.38,6.44,6.35,14545700.0
20251226,002179,中航光电,35.01,34.79,35.18,34.46,46733900.0
20251226,002180,奔图科技,19.25,19.39,19.65,19.21,15525500.0
20251226,002181,粤 传 媒,8.54,8.49,8.6,8.44,19751500.0
20251226,002182,宝武镁业,15.08,15.4,15.52,14.84,37748400.0
20251226,002183,怡 亚 通,4.85,5.0,5.02,4.82,106391200.0
20251226,002184,海得控制,13.0,12.84,13.04,12.78,5564800.0
20251226,002185,华天科技,11.07,11.09,11.16,11.02,41638200.0
20251226,002186,全 聚 德,11.93,11.77,12.01,11.74,7309800.0
20251226,002187,广百股份,8.02,8.15,8.55,7.88,93914800.0
20251226,002188,中天服务,6.24,6.32,6.4,6.22,35890300.0
20251226,002189,中光学,22.78,22.83,23.05,22.61,4370100.0
20251226,002190,成飞集成,37.05,37.22,37.58,36.51,10167100.0
20251226,002191,劲嘉股份,4.45,4.38,4.47,4.36,21914600.0
20251226,002192,融捷股份,54.65,55.46,56.1,53.55,27201800.0
20251226,002194,武汉凡谷,13.03,12.96,13.09,12.81,22332100.0
20251226,002195,岩山科技,6.86,6.87,6.91,6.81,102749000.0
20251226,002196,方正电机,14.31,13.68,14.5,13.62,152181300.0
20251226,002197,证通电子,10.8,10.5,11.17,10.47,56591400.0
20251226,002199,东晶电子,8.15,8.15,8.23,8.09,1665600.0
20251226,002200,交投生态,7.53,7.67,7.75,7.47,1476800.0
20251226,002201,九鼎新材,12.45,12.45,12.45,12.45,43695900.0
20251226,002202,金风科技,19.95,19.69,20.39,19.42,350621900.0
20251226,002203,海亮股份,12.31,12.53,12.59,12.3,22737700.0
20251226,002204,大连重工,7.6,7.6,7.7,7.48,86853700.0
20251226,002205,国统股份,13.99,13.92,14.15,13.8,4838400.0
20251226,002206,海 利 得,5.88,5.84,5.89,5.81,14230700.0
20251226,002208,合肥城建,11.3,11.31,11.68,11.22,37870500.0
20251226,002209,达 意 隆,16.49,16.49,16.85,16.31,9079400.0
20251226,002210,飞马国际,3.72,3.74,3.8,3.69,121789500.0
20251226,002212,天融信,8.85,8.99,9.09,8.81,41795800.0
20251226,002213,大为股份,27.09,27.55,28.22,26.88,38411400.0
20251226,002214,大立科技,18.28,18.06,18.28,17.9,3526900.0
20251226,002215,诺 普 信,10.99,11.11,11.3,10.98,16358000.0
20251226,002216,三全食品,11.6,11.48,11.65,11.45,5289200.0
20251226,002218,拓日新能,4.39,4.35,4.53,4.34,115699000.0
20251226,002219,新里程,2.19,2.2,2.22,2.19,44089900.0
20251226,002221,东华能源,8.08,8.02,8.1,8.0,8433600.0
20251226,002222,福晶科技,59.0,57.97,59.26,57.05,22296500.0
20251226,002223,鱼跃医疗,37.47,37.41,37.91,37.1,6837300.0
20251226,002224,三 力 士,4.47,4.43,4.48,4.42,10232100.0
20251226,002225,濮耐股份,6.04,6.02,6.07,5.91,33846100.0
20251226,002226,江南化工,5.91,5.93,5.94,5.88,17495300.0
20251226,002228,合兴包装,6.49,6.33,6.7,5.9,387738400.0
20251226,002229,鸿博股份,15.91,15.81,15.99,15.72,24706100.0
20251226,002230,科大讯飞,48.76,48.84,49.35,48.62,29547400.0
20251226,002232,启明信息,19.08,18.93,19.35,18.8,10298800.0
20251226,002233,塔牌集团,9.19,9.12,9.24,9.06,10813500.0
20251226,002234,民和股份,8.86,8.77,8.89,8.77,3172700.0
20251226,002235,安妮股份,11.36,11.09,11.46,10.9,117617700.0
20251226,002236,大华股份,19.03,19.06,19.23,18.94,25590200.0
20251226,002237,恒邦股份,13.33,13.37,13.53,13.18,55370200.0
20251226,002238,天威视讯,8.23,8.29,8.36,8.19,16033300.0
20251226,002239,奥特佳,2.99,2.98,3.01,2.96,48586000.0
20251226,002240,盛新锂能,36.0,35.21,36.55,34.49,83328600.0
20251226,002241,歌尔股份,28.64,28.24,28.64,27.96,96360700.0
20251226,002242,九阳股份,10.6,10.44,10.6,10.38,8107400.0
20251226,002243,力合科创,9.67,10.21,10.47,9.66,51467800.0
20251226,002244,滨江集团,9.78,9.88,10.0,9.75,33343000.0
20251226,002245,蔚蓝锂芯,18.46,18.58,18.69,17.88,135248800.0
20251226,002246,北化股份,17.28,17.29,17.4,17.13,15601000.0
20251226,002247,聚力文化,2.93,2.89,2.94,2.88,12087300.0
20251226,002248,华东数控,11.31,11.68,12.1,11.2,30375200.0
20251226,002249,大洋电机,10.64,10.58,10.65,10.42,106342800.0
20251226,002250,联化科技,12.98,13.02,13.27,12.71,47631600.0
20251226,002251,步步高,5.56,5.5,5.68,5.5,159947100.0
20251226,002252,上海莱士,6.45,6.44,6.48,6.43,17893700.0
20251226,002253,川大智胜,12.12,11.79,12.18,11.63,14150200.0
20251226,002254,泰和新材,9.88,9.83,9.9,9.77,8667400.0
20251226,002255,海陆重工,12.77,12.96,13.1,12.72,94733800.0
20251226,002256,兆新股份,3.68,3.68,3.73,3.66,58722800.0
20251226,002258,利尔化学,13.28,13.11,13.29,13.03,7502600.0
20251226,002259,升达林业,3.87,3.81,3.9,3.8,8280000.0
20251226,002261,拓维信息,30.54,30.7,31.08,30.45,33682900.0
20251226,002262,恩华药业,25.33,25.15,25.39,25.13,4963900.0
20251226,002263,大东南,3.38,3.39,3.44,3.38,36934100.0
20251226,002264,新 华 都,10.02,9.74,10.04,9.54,139722900.0
20251226,002265,建设工业,26.2,26.15,26.38,25.83,8679200.0
20251226,002266,浙富控股,4.23,4.24,4.28,4.19,93597700.0
20251226,002267,陕天然气,7.56,7.53,7.58,7.52,4203700.0
20251226,002268,电科网安,18.48,20.33,20.33,18.46,85568800.0
20251226,002269,美邦服饰,1.94,1.92,1.95,1.92,71306700.0
20251226,002270,华明装备,25.7,25.61,25.8,25.3,6374600.0
20251226,002271,东方雨虹,13.46,13.95,13.98,13.4,52605300.0
20251226,002272,川润股份,15.8,16.25,16.9,15.73,85801700.0
20251226,002273,水晶光电,25.0,24.76,25.01,24.52,29286200.0
20251226,002275,桂林三金,14.56,14.38,14.59,14.38,2964800.0
20251226,002276,万马股份,16.52,16.48,16.69,16.25,52073200.0
20251226,002277,友阿股份,7.27,7.2,7.55,7.18,51789700.0
20251226,002278,神开股份,12.34,12.53,12.99,12.15,88356300.0
20251226,002279,久其软件,7.79,7.78,7.85,7.69,40168200.0
20251226,002281,光迅科技,70.0,69.6,71.05,68.9,27701200.0
20251226,002282,博深股份,7.49,7.4,7.5,7.36,5560500.0
20251226,002283,天润工业,6.2,6.21,6.25,6.15,13202200.0
20251226,002284,亚太股份,15.64,15.8,15.97,15.47,37907200.0
20251226,002285,世联行,2.96,2.93,3.0,2.91,96546800.0
20251226,002286,保龄宝,9.15,9.11,9.17,9.07,6490100.0
20251226,002287,奇正藏药,24.24,24.14,24.24,24.0,1702400.0
20251226,002289,宇顺电子,31.68,32.7,32.7,30.0,8692400.0
20251226,002290,禾盛新材,42.7,42.62,43.2,42.5,2971600.0
20251226,002291,遥望科技,6.4,6.43,6.45,6.3,35178000.0
20251226,002292,奥飞娱乐,8.78,8.82,8.92,8.74,35320800.0
20251226,002293,罗莱生活,9.94,9.85,9.98,9.83,5195900.0
20251226,002294,信立泰,57.79,58.09,58.8,57.1,2821900.0
20251226,002295,精艺股份,13.45,13.88,14.38,13.21,34642900.0
20251226,002296,辉煌科技,11.01,11.07,11.25,10.93,11912900.0
20251226,002297,博云新材,13.63,12.39,13.63,12.29,212139600.0
20251226,002298,中电鑫龙,10.48,10.48,10.57,10.38,38709700.0
20251226,002299,圣农发展,16.3,16.56,16.64,16.28,9329500.0
20251226,002300,太阳电缆,10.0,9.89,10.16,9.8,88531600.0
20251226,002301,齐心集团,7.72,7.68,7.8,7.53,33069700.0
20251226,002302,西部建设,6.34,6.26,6.36,6.25,14922200.0
20251226,002303,美盈森,4.17,4.24,4.34,4.14,44420000.0
20251226,002304,洋河股份,62.51,62.13,62.51,61.89,4625300.0
20251226,002307,北新路桥,5.2,5.14,5.22,5.1,48676500.0
20251226,002309,中利集团,3.47,3.59,3.62,3.47,77581200.0
20251226,002310,东方新能,2.29,2.34,2.39,2.28,62434100.0
20251226,002311,海大集团,54.57,54.21,54.79,53.91,7800100.0
20251226,002312,川发龙蟒,11.08,11.24,11.35,11.06,45871000.0
20251226,002313,日海智能,10.34,10.25,10.38,10.19,6675200.0
20251226,002314,南山控股,2.88,2.89,2.92,2.86,32789500.0
20251226,002315,焦点科技,43.72,43.17,43.78,43.02,3630600.0
20251226,002316,亚联发展,4.87,4.76,4.9,4.76,9565600.0
20251226,002317,众生药业,19.45,20.06,20.35,19.4,74719400.0
20251226,002318,久立特材,28.0,27.9,28.08,27.51,13815600.0
20251226,002319,乐通股份,12.22,12.02,12.24,11.92,6291600.0
20251226,002320,海峡股份,12.41,13.13,13.45,12.38,136292100.0
20251226,002321,华英农业,2.4,2.43,2.44,2.37,44543700.0
20251226,002322,理工能科,12.26,12.12,12.3,12.08,3611600.0
20251226,002324,普利特,14.64,14.81,15.0,14.56,44200000.0
20251226,002326,永太科技,25.03,27.06,27.06,25.02,150089600.0
20251226,002327,富安娜,6.78,6.77,6.82,6.74,4171700.0
20251226,002328,新朋股份,6.86,6.75,6.87,6.72,21777500.0
20251226,002329,皇氏集团,4.36,4.51,4.66,4.26,142116200.0
20251226,002330,得利斯,5.18,5.2,5.46,5.11,53563300.0
20251226,002331,皖通科技,9.05,9.01,9.15,8.96,8258100.0
20251226,002332,仙琚制药,9.09,9.09,9.13,9.06,8154000.0
20251226,002333,罗普斯金,5.86,5.81,5.87,5.76,9285400.0
20251226,002334,英威腾,9.01,8.93,9.08,8.89,23490900.0
20251226,002335,科华数据,56.43,55.92,56.7,55.5,22035700.0
20251226,002337,赛象科技,6.58,6.49,6.64,6.44,23274400.0
20251226,002338,奥普光电,59.35,60.95,64.0,57.19,19202900.0
20251226,002339,积成电子,9.12,9.11,9.3,9.01,35869600.0
20251226,002340,格林美,8.0,8.01,8.1,7.96,132243400.0
20251226,002342,巨力索具,7.65,8.17,8.42,7.49,233512300.0
20251226,002343,慈文传媒,7.03,7.04,7.08,7.0,12660000.0
20251226,002344,海宁皮城,4.9,4.96,4.98,4.89,25216700.0
20251226,002345,潮宏基,12.65,12.81,12.85,12.58,9546900.0
20251226,002346,柘中股份,20.01,20.49,21.03,19.62,19503600.0
20251226,002347,泰尔股份,9.29,9.3,9.3,8.68,94761100.0
20251226,002348,高乐股份,5.8,5.8,5.88,5.73,22226200.0
20251226,002349,精华制药,7.4,7.37,7.44,7.34,8799000.0
20251226,002350,北京科锐,8.41,8.35,8.5,8.25,11174900.0
20251226,002351,漫步者,12.23,12.2,12.28,12.16,6070400.0
20251226,002352,顺丰控股,38.28,38.49,38.62,38.23,18400200.0
20251226,002353,杰瑞股份,72.8,75.13,77.7,69.8,29238200.0
20251226,002354,天娱数科,6.26,6.23,6.28,6.18,34325200.0
20251226,002355,兴民智通,6.23,6.22,6.36,6.15,38072000.0
20251226,002356,鹏飞绿能,4.23,4.23,4.33,4.15,144110700.0
20251226,002357,富临运业,10.05,10.6,10.67,10.04,18000500.0
20251226,002358,森源电气,5.69,5.63,5.69,5.57,29652500.0
20251226,002361,神剑股份,13.17,13.17,13.17,13.17,12684600.0
20251226,002362,汉王科技,20.91,20.92,21.08,20.78,3612300.0
20251226,002363,隆基机械,10.8,11.34,11.34,10.53,108639100.0
20251226,002364,中恒电气,27.01,26.92,27.3,26.52,40330600.0
20251226,002365,永安药业,15.32,15.19,15.32,15.15,4204500.0
20251226,002366,融发核电,7.41,7.5,7.6,7.35,90855000.0
20251226,002367,康力电梯,7.57,7.47,7.61,7.44,7483800.0
20251226,002368,太极股份,24.2,24.47,24.7,24.19,9068800.0
20251226,002369,卓翼科技,8.67,8.78,8.84,8.61,26879000.0
20251226,002370,亚太药业,7.48,7.6,7.75,7.43,41875500.0
20251226,002371,北方华创,472.1,459.01,473.15,456.39,8113700.0
20251226,002372,伟星新材,10.9,10.77,10.92,10.76,7635200.0
20251226,002373,千方科技,11.76,11.95,12.05,11.65,52458800.0
20251226,002374,中锐股份,3.9,3.76,3.95,3.76,123479000.0
20251226,002375,亚厦股份,3.78,3.87,4.0,3.78,30782400.0
20251226,002376,新北洋,7.58,7.55,7.6,7.48,8279200.0
20251226,002377,国创高新,2.87,2.89,2.9,2.86,13806100.0
20251226,002378,章源钨业,14.59,15.25,15.7,14.36,118618300.0
20251226,002379,宏桥控股,22.85,23.85,24.05,22.63,20723600.0
20251226,002380,科远智慧,27.3,27.05,27.58,26.91,3795400.0
20251226,002381,双箭股份,6.68,6.63,6.76,6.62,4916000.0
20251226,002382,蓝帆医疗,5.49,5.47,5.52,5.45,6861500.0
20251226,002383,合众思壮,11.83,11.84,12.45,11.69,135489500.0
20251226,002384,东山精密,84.78,85.49,86.6,83.3,43667800.0
20251226,002385,大北农,4.0,4.01,4.02,3.99,72219800.0
20251226,002386,天原股份,5.53,5.58,5.73,5.53,26723500.0
20251226,002387,维信诺,8.59,8.58,8.6,8.54,9908200.0
20251226,002388,新亚制程,6.37,6.4,6.45,6.28,19372400.0
20251226,002389,航天彩虹,24.0,23.74,24.13,23.48,39342800.0
20251226,002390,信邦制药,3.29,3.29,3.3,3.27,27271200.0
20251226,002391,长青股份,6.0,5.95,6.01,5.9,5675100.0
20251226,002392,北京利尔,7.71,7.64,7.76,7.58,10281900.0
20251226,002393,力生制药,21.16,21.32,21.43,21.02,3489700.0
20251226,002394,联发股份,15.9,16.0,16.35,15.74,18090400.0
20251226,002395,双象股份,16.65,16.54,16.75,16.5,2133000.0
20251226,002396,星网锐捷,29.0,29.73,30.04,28.74,16938700.0
20251226,002397,梦洁股份,4.13,4.0,4.13,3.96,32256600.0
20251226,002398,垒知集团,6.18,6.1,6.21,6.04,38308700.0
20251226,002399,海普瑞,12.04,12.03,12.09,11.92,2941500.0
20251226,002400,省广集团,8.18,8.36,8.41,8.15,130885600.0
20251226,002401,中远海科,15.99,15.92,16.0,15.79,4196200.0
20251226,002402,和而泰,39.34,40.38,40.82,39.16,74711200.0
20251226,002403,爱仕达,12.51,12.35,12.52,12.28,3575400.0
20251226,002404,嘉欣丝绸,7.19,7.06,7.2,7.05,13315800.0
20251226,002405,四维图新,8.9,9.05,9.15,8.87,61194900.0
20251226,002406,远东传动,7.89,7.86,7.91,7.79,20292100.0
20251226,002407,多氟多,35.11,36.95,37.53,34.56,266276200.0
20251226,002408,齐翔腾达,4.89,4.9,4.93,4.86,15013000.0
20251226,002409,雅克科技,74.91,74.02,75.48,73.5,9732600.0
20251226,002410,广联达,12.4,12.47,12.56,12.34,18444100.0
20251226,002412,汉森制药,6.7,6.65,6.75,6.64,5200900.0
20251226,002413,雷科防务,9.45,9.43,9.71,9.31,351680900.0
20251226,002414,高德红外,15.22,15.14,15.34,14.97,91712000.0
20251226,002415,海康威视,29.62,29.82,30.03,29.56,40172100.0
20251226,002416,爱施德,12.11,12.16,12.32,12.09,18413800.0
20251226,002418,康盛股份,4.99,4.94,5.07,4.91,103729800.0
20251226,002419,天虹股份,5.75,5.75,5.89,5.73,33123500.0
20251226,002420,毅昌科技,8.38,7.86,8.38,7.59,60110800.0
20251226,002421,达实智能,2.71,2.85,2.97,2.7,157419400.0
20251226,002422,科伦药业,30.48,29.28,30.57,28.99,31566600.0
20251226,002423,中粮资本,11.86,11.84,11.95,11.77,17839700.0
20251226,002425,凯撒文化,3.68,3.63,3.7,3.62,20340500.0
20251226,002426,胜利精密,3.6,3.87,3.95,3.58,430348000.0
20251226,002427,尤夫股份,6.66,6.76,7.05,6.63,59101200.0
20251226,002428,云南锗业,30.84,30.87,31.42,30.18,46900700.0
20251226,002429,兆驰股份,7.47,7.81,8.08,7.47,163760300.0
20251226,002430,杭氧股份,30.85,30.98,31.33,30.28,25300700.0
20251226,002432,九安医疗,40.53,40.75,40.97,40.5,4996700.0
20251226,002434,万里扬,9.45,9.38,9.47,9.3,14591400.0
20251226,002436,兴森科技,21.0,21.55,22.33,20.55,128972200.0
20251226,002437,誉衡药业,3.14,3.11,3.14,3.1,33174200.0
20251226,002438,江苏神通,16.0,15.8,16.06,15.53,21396500.0
20251226,002439,启明星辰,14.03,14.14,14.32,13.98,13182100.0
20251226,002440,闰土股份,7.72,7.69,7.77,7.59,9151600.0
20251226,002441,众业达,9.3,9.32,9.39,9.26,8316600.0
20251226,002442,龙星科技,6.43,6.35,6.43,6.33,5696600.0
20251226,002443,金洲管道,8.64,8.47,8.65,8.42,14942300.0
20251226,002444,巨星科技,33.5,33.28,33.6,33.12,11266800.0
20251226,002445,中南文化,2.63,2.67,2.69,2.61,79134100.0
20251226,002446,盛路通信,10.75,10.39,10.75,10.28,184128500.0
20251226,002448,中原内配,13.05,12.93,13.14,12.85,18765100.0
20251226,002449,国星光电,8.45,8.43,8.5,8.38,7636000.0
20251226,002451,摩恩电气,10.35,10.47,10.65,10.22,56248700.0
20251226,002452,长高电气,8.36,8.27,8.36,8.22,13012500.0
20251226,002453,华软科技,6.61,6.67,6.7,6.51,25033900.0
20251226,002454,松芝股份,8.86,8.81,8.92,8.76,8261500.0
20251226,002455,百川股份,6.81,6.97,7.09,6.81,37866300.0
20251226,002456,欧菲光,10.7,10.65,10.79,10.61,52491100.0
20251226,002457,青龙管业,10.75,10.7,10.75,10.66,4364500.0
20251226,002458,益生股份,8.42,8.46,8.51,8.42,5373700.0
20251226,002459,晶澳科技,11.96,11.82,12.1,11.78,66067800.0
20251226,002460,赣锋锂业,67.75,68.57,69.78,67.27,78620000.0
20251226,002461,珠江啤酒,9.63,9.57,9.66,9.55,6094000.0
20251226,002462,嘉事堂,15.15,15.11,15.33,14.91,6654500.0
20251226,002463,沪电股份,72.3,71.78,73.33,70.59,41456000.0
20251226,002465,海格通信,13.69,13.95,14.16,13.62,150882700.0
20251226,002466,天齐锂业,57.5,57.93,58.88,57.0,94496800.0
20251226,002467,二六三,5.97,5.98,6.04,5.92,34702500.0
20251226,002468,申通快递,14.26,14.0,14.26,13.94,14822900.0
20251226,002469,三维化学,8.45,8.37,8.45,8.33,10401500.0
20251226,002470,金正大,1.78,1.79,1.81,1.78,46551500.0
20251226,002471,中超控股,5.86,6.26,6.26,5.72,427666000.0
20251226,002472,双环传动,45.12,44.39,45.12,43.48,23272800.0
20251226,002474,榕基软件,9.6,9.77,10.05,9.55,99132300.0
20251226,002475,立讯精密,59.18,58.4,59.2,58.37,74266500.0
20251226,002476,新叶股份,6.41,6.71,6.78,6.37,52581700.0
20251226,002478,常宝股份,8.77,9.08,9.26,8.71,57737100.0
20251226,002479,富春环保,4.95,4.93,4.97,4.91,7491200.0
20251226,002480,新筑股份,6.45,6.43,6.52,6.37,7690800.0
20251226,002481,双塔食品,5.31,5.25,5.31,5.24,12669900.0
20251226,002482,广田集团,1.73,1.73,1.75,1.72,37506200.0
20251226,002483,润邦股份,7.07,7.11,7.17,7.05,11548500.0
20251226,002484,江海股份,30.9,29.93,31.87,29.61,25315800.0
20251226,002486,嘉麟杰,3.18,3.15,3.19,3.14,20844500.0
20251226,002487,大金重工,52.14,52.58,53.3,51.8,13589700.0
20251226,002488,金固股份,8.71,8.8,8.93,8.61,65470000.0
20251226,002489,浙江永强,4.02,4.01,4.04,3.96,33877100.0
20251226,002490,山东墨龙,6.53,6.62,6.65,6.49,25939900.0
20251226,002491,通鼎互联,6.45,6.34,6.5,6.26,105426200.0
20251226,002492,恒基达鑫,7.98,8.17,8.3,7.88,17213000.0
20251226,002493,荣盛石化,10.99,11.01,11.21,10.87,50413200.0
20251226,002494,华斯股份,5.39,5.36,5.45,5.33,7504700.0
20251226,002495,佳隆股份,2.78,2.79,2.81,2.78,23428300.0
20251226,002496,辉丰股份,1.76,1.78,1.82,1.76,17961500.0
20251226,002497,雅化集团,25.38,26.25,26.5,25.02,61898900.0
20251226,002498,汉缆股份,3.87,3.89,3.92,3.84,38999300.0
20251226,002500,山西证券,6.11,6.12,6.17,6.09,27384100.0
20251226,002506,协鑫集成,2.71,2.93,2.93,2.71,447574400.0
20251226,002507,涪陵榨菜,13.25,13.06,13.25,13.03,11222700.0
20251226,002508,老板电器,19.5,19.5,19.57,19.39,4945700.0
20251226,002510,天汽模,7.37,7.27,7.46,7.17,73345500.0
20251226,002511,中顺洁柔,8.24,8.34,8.58,8.2,30282900.0
20251226,002513,蓝丰生化,6.82,6.91,7.02,6.77,21571100.0
20251226,002515,金字火腿,6.22,6.16,6.22,6.14,28013800.0
20251226,002516,旷达科技,6.55,6.66,6.74,6.53,21698300.0
20251226,002517,恺英网络,22.08,22.35,22.6,22.0,41694400.0
20251226,002518,科士达,50.51,49.9,50.55,49.01,13551000.0
20251226,002519,银河电子,6.11,6.25,6.42,6.04,177163500.0
20251226,002520,日发精机,6.25,6.17,6.27,6.11,33094500.0
20251226,002521,齐峰新材,8.62,8.44,8.64,8.43,5295300.0
20251226,002522,浙江众成,5.61,5.53,5.65,5.45,65433500.0
20251226,002523,天桥起重,4.36,4.35,4.38,4.29,47617300.0
20251226,002524,光正眼科,4.26,4.2,4.27,4.18,10961200.0
20251226,002526,山东矿机,3.6,3.57,3.6,3.54,30100000.0
20251226,002527,新时达,15.21,15.34,15.7,15.1,29858900.0
20251226,002529,海源复材,6.99,6.9,6.99,6.88,3075400.0
20251226,002530,金财互联,10.18,10.32,10.36,10.17,24916800.0
20251226,002531,天顺风能,6.86,6.88,6.9,6.82,18234500.0
20251226,002532,天山铝业,14.95,15.54,15.76,14.85,54717900.0
20251226,002533,金杯电工,12.81,12.71,12.88,12.51,19644700.0
20251226,002534,西子洁能,17.48,17.8,18.08,17.38,16195100.0
20251226,002535,林州重机,3.83,3.99,4.21,3.79,73504100.0
20251226,002536,飞龙股份,32.94,30.92,33.4,30.7,137918800.0
20251226,002537,海联金汇,8.35,8.96,9.27,8.32,199619000.0
20251226,002539,云图控股,11.71,11.94,11.97,11.68,19635000.0
20251226,002540,亚太科技,7.01,7.05,7.12,6.94,31855300.0
20251226,002541,鸿路钢构,16.39,16.09,16.49,16.02,7670800.0
20251226,002543,万和电气,10.13,10.08,10.19,10.06,9460200.0
20251226,002544,普天科技,32.35,33.26,34.04,32.1,47192000.0
20251226,002545,东方铁塔,17.79,17.97,18.1,17.47,11911200.0
20251226,002546,新联电子,7.14,7.05,7.15,7.0,22555100.0
20251226,002548,金新农,5.69,6.06,6.12,5.66,65152300.0
20251226,002549,凯美特气,22.13,21.64,22.27,21.6,65883800.0
20251226,002550,千红制药,7.98,7.94,8.0,7.91,11009000.0
20251226,002551,尚荣医疗,3.74,3.7,3.75,3.69,8193300.0
20251226,002552,宝鼎科技,17.05,16.97,17.29,16.93,5665900.0
20251226,002553,南方精工,27.06,26.75,27.22,26.59,12449900.0
20251226,002554,惠博普,3.37,3.39,3.4,3.32,35973100.0
20251226,002555,三七互娱,22.55,22.63,22.91,22.3,41772800.0
20251226,002556,辉隆股份,6.03,6.13,6.21,6.03,20875500.0
20251226,002557,洽洽食品,21.99,22.0,22.02,21.75,4790700.0
20251226,002558,巨人网络,45.5,46.06,46.5,45.31,25524100.0
20251226,002559,亚威股份,10.08,9.98,10.13,9.97,13996700.0
20251226,002560,通达股份,10.59,10.21,10.62,9.97,130761100.0
20251226,002561,徐家汇,9.28,9.24,9.43,9.2,14910700.0
20251226,002562,兄弟科技,6.45,6.31,6.46,6.3,29963700.0
20251226,002563,森马服饰,5.46,5.52,5.55,5.44,29027200.0
20251226,002564,天沃科技,7.46,7.75,8.09,7.46,41911500.0
20251226,002565,顺灏股份,15.61,15.69,16.43,15.22,348892100.0
20251226,002566,益盛药业,7.83,7.71,7.84,7.7,6137400.0
20251226,002567,唐人神,4.4,4.41,4.42,4.37,16724200.0
20251226,002568,百润股份,21.55,21.47,21.63,21.4,4672400.0
20251226,002570,贝因美,6.18,6.17,6.2,6.16,31602900.0
20251226,002571,德力股份,9.69,10.56,10.56,9.6,29331700.0
20251226,002572,索菲亚,13.63,13.72,13.76,13.59,6589600.0
20251226,002573,清新环境,3.8,3.78,3.82,3.78,4317800.0
20251226,002574,明牌珠宝,5.67,5.68,5.78,5.67,10180700.0
20251226,002575,群兴玩具,6.18,6.2,6.29,6.14,24243500.0
20251226,002576,通达动力,17.11,16.99,17.3,16.93,3221700.0
20251226,002577,雷柏科技,17.98,17.75,17.98,17.65,1927500.0
20251226,002578,闽发铝业,4.6,4.8,5.05,4.53,158721000.0
20251226,002579,中京电子,12.0,11.79,12.0,11.67,33739000.0
20251226,002580,圣阳股份,12.62,12.62,12.75,12.56,7672200.0
20251226,002582,好想你,10.69,10.68,10.76,10.59,14164500.0
20251226,002583,海能达,11.68,11.55,11.81,11.4,117877600.0
20251226,002584,西陇科学,9.52,9.33,9.59,9.26,42028800.0
20251226,002585,双星新材,6.73,6.75,6.8,6.61,48161500.0
20251226,002586,围海股份,4.28,4.29,4.33,4.24,11741000.0
20251226,002587,奥拓电子,6.72,6.73,6.82,6.66,15294300.0
20251226,002588,史丹利,9.79,9.81,9.86,9.75,5157000.0
20251226,002589,瑞康医药,3.42,3.4,3.46,3.38,88004600.0
20251226,002590,万安科技,14.94,14.86,15.28,14.72,25790500.0
20251226,002591,恒大高新,6.77,7.45,7.45,6.72,12445200.0
20251226,002593,日上集团,6.39,6.33,6.43,6.2,87188900.0
20251226,002594,比亚迪,95.28,100.01,101.45,95.25,102095900.0
20251226,002595,豪迈科技,84.23,84.84,85.5,83.33,3131300.0
20251226,002596,海南瑞泽,5.86,5.94,6.34,5.86,304605300.0
20251226,002597,金禾实业,21.17,21.58,21.7,21.08,10941600.0
20251226,002599,盛通股份,8.15,8.23,8.44,8.12,21666500.0
20251226,002600,领益智造,15.8,15.4,15.84,15.21,221466100.0
20251226,002601,龙佰集团,19.16,19.23,19.5,19.12,20737400.0
20251226,002602,世纪华通,17.33,17.12,17.4,16.89,118057200.0
20251226,002603,以岭药业,17.3,17.34,17.45,17.27,11411700.0
20251226,002605,姚记科技,23.8,23.58,23.86,23.42,4247300.0
20251226,002606,大连电瓷,9.08,8.99,9.08,8.92,6653400.0
20251226,002607,中公教育,2.69,2.7,2.72,2.68,130611200.0
20251226,002608,江苏国信,7.76,7.76,7.79,7.73,18696700.0
20251226,002609,捷顺科技,9.23,9.19,9.26,9.13,5379000.0
20251226,002611,东方精工,18.69,18.43,18.7,18.26,80435300.0
20251226,002612,朗姿股份,19.79,19.82,20.05,19.6,8872800.0
20251226,002613,北玻股份,3.79,3.78,3.82,3.75,8868200.0
20251226,002614,奥佳华,7.74,7.66,7.75,7.61,20929700.0
20251226,002615,哈尔斯,7.83,7.74,7.84,7.73,4954900.0
20251226,002616,长青集团,5.52,5.53,5.58,5.49,8939900.0
20251226,002617,露笑科技,7.88,7.93,7.97,7.84,46070400.0
20251226,002622,皓宸医疗,3.09,3.07,3.12,3.06,17156500.0
20251226,002623,亚玛顿,18.45,18.65,19.11,18.45,5224100.0
20251226,002624,完美世界,16.22,16.34,16.35,15.96,32773100.0
20251226,002625,光启技术,51.71,51.35,52.32,51.2,21523800.0
20251226,002626,金达威,19.82,19.85,20.05,19.75,8611800.0
20251226,002627,三峡旅游,7.44,7.34,7.49,7.27,14150800.0
20251226,002628,成都路桥,4.26,4.18,4.32,4.17,16992600.0
20251226,002629,仁智股份,7.1,7.01,7.12,6.96,8227700.0
20251226,002631,德尔未来,6.18,6.4,6.63,6.17,55857200.0
20251226,002632,道明光学,12.44,12.68,12.82,12.41,44906200.0
20251226,002633,申科股份,16.85,16.75,16.95,16.65,2432600.0
20251226,002635,安洁科技,13.93,13.82,13.94,13.76,5183600.0
20251226,002636,金安国纪,16.64,17.2,17.83,16.43,45589700.0
20251226,002637,赞宇科技,10.35,10.22,10.42,10.13,6955300.0
20251226,002638,勤上股份,3.13,3.12,3.16,3.05,29883800.0
20251226,002639,雪人集团,19.34,20.59,21.68,19.31,306861000.0
20251226,002640,跨境通,4.72,4.6,4.72,4.56,187570300.0
20251226,002641,公元股份,4.37,4.31,4.38,4.29,11048700.0
20251226,002642,荣联科技,8.21,8.18,8.28,8.14,11747900.0
20251226,002643,万润股份,16.01,15.66,16.13,15.52,50137900.0
20251226,002644,佛慈制药,8.96,8.8,8.98,8.74,17922700.0
20251226,002645,华宏科技,14.73,14.69,14.79,14.56,12648600.0
20251226,002646,天佑德酒,8.93,8.87,8.96,8.85,5164500.0
20251226,002647,仁东控股,7.29,7.44,7.49,7.22,19465700.0
20251226,002648,卫星化学,17.48,17.39,17.67,17.25,36678000.0
20251226,002649,博彦科技,12.94,12.98,13.06,12.87,7816900.0
20251226,002651,利君股份,11.76,11.67,11.83,11.51,26206900.0
20251226,002652,扬子新材,4.2,4.42,4.42,4.14,56085500.0
20251226,002653,海思科,53.25,52.68,53.25,51.91,2207900.0
20251226,002654,万润科技,14.35,14.37,14.74,14.27,38166500.0
20251226,002655,共达电声,12.85,12.64,12.85,12.6,12767100.0
20251226,002656,摩登大道,2.73,2.71,2.73,2.7,7407200.0
20251226,002657,中科金财,27.8,27.89,28.3,27.65,21651600.0
20251226,002658,雪迪龙,8.96,8.89,8.97,8.8,14658400.0
20251226,002659,凯文教育,5.47,5.39,5.47,5.38,11182700.0
20251226,002660,茂硕电源,9.33,9.4,9.6,9.3,12057400.0
20251226,002661,克明食品,9.38,9.3,9.39,9.29,2400800.0
20251226,002662,峰璟股份,4.03,4.02,4.03,3.96,26377200.0
20251226,002663,普邦股份,1.96,1.96,1.97,1.94,27650900.0
20251226,002664,信质集团,23.18,22.98,23.55,22.87,11417600.0
20251226,002666,德联集团,5.49,5.57,5.75,5.45,47192200.0
20251226,002668,TCL智家,10.76,10.71,10.79,10.66,6859100.0
20251226,002669,康达新材,15.03,14.97,15.12,14.75,17253000.0
20251226,002670,国盛证券,17.1,17.23,17.6,17.03,36786100.0
20251226,002671,龙泉股份,5.38,5.34,5.41,5.31,13270000.0
20251226,002672,东江环保,4.83,4.8,4.86,4.78,4727800.0
20251226,002673,西部证券,8.0,8.04,8.13,8.0,36245100.0
20251226,002674,兴业科技,14.05,13.87,14.17,13.79,4488100.0
20251226,002675,东诚药业,13.7,13.53,13.77,13.5,5525100.0
20251226,002676,顺威股份,8.56,8.48,8.62,8.36,27470100.0
20251226,002677,浙江美大,8.48,8.46,8.62,8.35,17176900.0
20251226,002678,珠江钢琴,5.25,5.29,5.4,5.17,25378700.0
20251226,002679,福建金森,12.5,12.53,12.71,12.3,9639300.0
20251226,002681,奋达科技,6.63,6.6,6.66,6.56,31527400.0
20251226,002682,龙洲股份,8.87,8.9,9.12,8.63,152429700.0
20251226,002683,广东宏大,43.07,43.93,44.67,43.07,18681500.0
20251226,002685,华东重机,7.68,7.66,7.73,7.61,23653300.0
20251226,002686,亿利达,6.63,6.56,6.66,6.55,13352600.0
20251226,002687,乔治白,4.87,4.94,5.23,4.83,22359400.0
20251226,002688,金河生物,6.11,6.05,6.11,6.04,9060400.0
20251226,002690,美亚光电,21.25,21.14,21.49,20.98,4416500.0
20251226,002692,远程股份,5.25,5.19,5.27,5.17,8317100.0
20251226,002693,双成药业,7.06,7.2,7.38,7.0,11782600.0
20251226,002695,煌上煌,11.91,11.81,11.97,11.77,5914700.0
20251226,002696,百洋股份,7.09,7.0,7.1,6.99,6232000.0
20251226,002697,红旗连锁,6.16,6.19,6.29,6.13,86037100.0
20251226,002698,博实股份,16.45,16.28,16.65,16.15,21369300.0
20251226,002700,万憬能源,6.82,6.78,6.87,6.77,3229900.0
20251226,002701,奥瑞金,6.18,6.18,6.21,6.11,29822900.0
20251226,002702,海欣食品,9.03,8.66,9.26,8.61,139323600.0
20251226,002703,浙江世宝,21.04,23.34,23.34,21.04,141275700.0
20251226,002705,新宝股份,14.4,14.31,14.46,14.3,3703100.0
20251226,002706,良信股份,10.36,10.46,10.5,10.25,30336400.0
20251226,002707,众信旅游,7.26,7.23,7.3,7.16,24791500.0
20251226,002708,光洋股份,13.12,12.99,13.2,12.91,15192200.0
20251226,002709,天赐材料,44.05,45.74,46.41,43.34,149721400.0
20251226,002712,思美传媒,5.29,5.3,5.34,5.25,13351700.0
20251226,002713,东易日盛,10.87,11.0,11.2,10.57,34660300.0
20251226,002714,牧原股份,47.8,47.95,48.08,47.59,23195900.0
20251226,002715,登云股份,17.77,17.7,17.92,17.57,2893400.0
20251226,002716,湖南白银,6.7,6.79,6.9,6.68,297309700.0
20251226,002721,金一文化,3.13,3.09,3.15,3.08,34393200.0
20251226,002722,物产金轮,15.36,15.15,15.37,15.08,2396000.0
20251226,002723,小崧股份,8.39,8.59,8.7,8.28,17360500.0
20251226,002724,海洋王,6.85,6.81,6.92,6.79,6589400.0
20251226,002725,跃岭股份,17.38,17.5,17.73,17.19,16524200.0
20251226,002727,一心堂,13.68,13.6,13.76,13.51,10869100.0
20251226,002728,特一药业,11.19,11.32,11.43,11.11,39691000.0
20251226,002729,好利科技,16.11,15.96,16.3,15.89,7154100.0
20251226,002730,电光科技,15.09,14.91,15.1,14.84,3703800.0
20251226,002732,燕塘乳业,17.5,17.3,17.59,17.27,4021600.0
20251226,002733,雄韬股份,20.52,20.41,20.8,20.3,12561100.0
20251226,002734,利民股份,16.19,16.22,16.36,16.06,13125400.0
20251226,002735,王子新材,16.75,17.48,17.78,16.41,71644800.0
20251226,002736,国信证券,13.14,13.25,13.44,13.12,33617500.0
20251226,002737,葵花药业,14.99,14.89,15.01,14.81,1801000.0
20251226,002738,中矿资源,76.76,80.22,80.55,76.47,30538700.0
20251226,002739,儒意电影,11.11,11.08,11.13,11.01,38245700.0
20251226,002741,光华科技,20.9,20.61,21.09,20.55,19556400.0
20251226,002742,冀衡医药,4.7,4.66,4.71,4.64,3574600.0
20251226,002743,富煌钢构,5.49,5.42,5.5,5.41,6165300.0
20251226,002745,木林森,9.87,9.73,9.91,9.69,35173900.0
20251226,002746,仙坛股份,6.12,6.12,6.15,6.08,9292600.0
20251226,002747,埃斯顿,22.55,22.58,22.76,22.26,19188400.0
20251226,002748,世龙实业,14.12,14.59,14.77,13.85,36487300.0
20251226,002749,国光股份,14.22,13.93,14.23,13.81,2700500.0
20251226,002752,昇兴股份,8.01,8.81,8.81,7.84,123087300.0
20251226,002753,永东股份,7.23,7.13,7.25,7.11,6144800.0
20251226,002755,奥赛康,16.62,16.56,16.72,16.46,6161500.0
20251226,002756,永兴材料,52.0,55.51,55.51,52.0,22333200.0
20251226,002757,南兴股份,16.05,16.01,16.14,15.92,3273900.0
20251226,002758,浙农股份,10.02,10.23,10.37,9.95,9114500.0
20251226,002760,凤形股份,21.74,21.55,21.99,21.49,3238700.0
20251226,002761,浙江建投,8.6,8.61,8.64,8.54,5990400.0
20251226,002762,金发拉比,6.99,7.06,7.2,6.99,2579100.0
20251226,002763,汇洁股份,8.68,8.68,8.68,8.68,5306700.0
20251226,002765,蓝黛科技,12.11,12.1,12.21,11.99,13334500.0
20251226,002766,索菱股份,5.71,5.79,5.95,5.69,56305300.0
20251226,002767,先锋电子,21.75,21.33,21.75,21.3,6331300.0
20251226,002768,国恩股份,50.78,50.28,50.88,49.65,3461400.0
20251226,002769,普路通,11.16,12.32,12.32,11.07,62434200.0
20251226,002771,真视通,15.12,15.05,15.16,14.93,3098600.0
20251226,002772,众兴菌业,14.96,14.95,15.2,14.78,12303900.0
20251226,002773,康弘药业,31.17,30.76,31.25,30.7,4948700.0
20251226,002774,快意电梯,9.68,9.41,9.69,9.32,6919000.0
20251226,002775,文科股份,4.31,4.24,4.31,4.24,6058000.0
20251226,002777,久远银海,17.84,17.76,17.94,17.68,5105100.0
20251226,002778,中晟高科,21.35,21.06,21.37,20.86,2424800.0
20251226,002779,中坚科技,114.56,111.55,114.7,111.34,3433800.0
20251226,002780,三夫户外,14.63,14.84,14.99,14.52,8147300.0
20251226,002782,可立克,19.1,18.71,19.1,18.51,9729200.0
20251226,002783,凯龙股份,9.47,9.6,9.66,9.41,16108000.0
20251226,002785,万里石,35.5,36.14,36.45,35.04,7775500.0
20251226,002786,银宝山新,8.67,8.56,8.67,8.53,6995500.0
20251226,002787,华源控股,12.72,12.64,13.05,12.56,11258600.0
20251226,002788,鹭燕医药,20.9,21.0,21.5,19.92,94513700.0
20251226,002790,瑞尔特,8.92,8.84,9.01,8.76,7585600.0
20251226,002791,坚朗五金,21.71,21.83,21.9,21.62,4351500.0
20251226,002792,通宇通讯,39.53,42.0,42.0,37.01,113930500.0
20251226,002793,罗欣药业,4.88,4.87,4.9,4.83,13611600.0
20251226,002795,永和智控,6.8,6.67,6.84,6.55,27244300.0
20251226,002796,世嘉科技,27.82,27.45,28.46,27.01,31734300.0
20251226,002797,第一创业,6.95,6.98,7.04,6.92,59007800.0
20251226,002798,帝欧水华,5.8,5.75,5.81,5.73,4086000.0
20251226,002799,环球印务,8.84,8.74,8.86,8.71,7876200.0
20251226,002800,天顺股份,16.13,15.58,16.13,15.42,20377500.0
20251226,002801,微光股份,34.8,34.54,34.97,34.2,2235200.0
20251226,002802,洪汇新材,12.67,12.42,12.71,12.41,2106800.0
20251226,002803,吉宏股份,16.99,16.72,17.0,16.36,14948300.0
20251226,002805,丰元股份,18.88,18.88,18.88,18.88,12023500.0
20251226,002806,华锋股份,12.56,12.47,12.64,12.35,9749200.0
20251226,002807,江阴银行,4.69,4.65,4.7,4.65,26312400.0
20251226,002809,红墙股份,10.82,10.73,10.9,10.7,3204300.0
20251226,002810,山东赫达,15.57,15.46,15.74,15.37,16987700.0
20251226,002811,郑中设计,14.58,14.9,15.08,14.45,10085800.0
20251226,002812,恩捷股份,53.1,56.71,57.18,53.08,64513100.0
20251226,002813,路畅科技,29.5,29.8,31.37,29.1,8146700.0
20251226,002815,崇达技术,13.98,13.83,13.99,13.7,21517400.0
20251226,002817,黄山胶囊,7.8,7.77,7.86,7.75,4246500.0
20251226,002818,富森美,11.25,11.16,11.3,11.14,3162600.0
20251226,002819,东方中科,26.85,26.68,27.17,26.58,2501700.0
20251226,002820,桂发祥,12.45,12.4,12.53,12.36,9224100.0
20251226,002821,凯莱英,95.7,95.2,96.22,94.6,2402500.0
20251226,002823,凯中精密,16.08,16.07,16.21,15.91,6413500.0
20251226,002824,和胜股份,19.12,19.99,21.04,19.0,24352000.0
20251226,002825,纳尔股份,11.9,11.92,12.48,11.82,18232100.0
20251226,002826,易明医药,18.06,18.05,18.15,17.96,1987500.0
20251226,002827,高争民爆,39.36,38.44,39.59,38.3,13092700.0
20251226,002828,贝肯能源,11.04,11.04,11.13,10.98,7189500.0
20251226,002829,星网宇达,30.41,31.1,31.48,30.1,36556100.0
20251226,002830,名雕股份,20.72,20.28,21.49,20.17,5344900.0
20251226,002831,裕同科技,28.85,29.09,29.19,28.76,2924600.0
20251226,002832,比音勒芬,15.17,15.14,15.26,15.08,3474000.0
20251226,002833,弘亚数控,15.83,15.79,15.94,15.77,1642300.0
20251226,002835,同为股份,16.5,16.3,16.56,16.24,1887500.0
20251226,002836,新宏泽,14.98,14.8,15.4,14.7,6337500.0
20251226,002837,英维克,110.33,110.59,113.77,109.5,53606500.0
20251226,002838,道恩股份,24.45,24.23,24.51,24.06,2677100.0
20251226,002839,张家港行,4.58,4.59,4.61,4.57,19542300.0
20251226,002840,华统股份,9.49,9.43,9.49,9.4,8478000.0
20251226,002841,视源股份,39.0,38.98,39.15,38.66,3080100.0
20251226,002842,翔鹭钨业,13.79,14.59,14.91,13.53,79393000.0
20251226,002843,泰嘉股份,19.9,20.12,20.41,19.65,18793600.0
20251226,002845,同兴达,14.33,14.1,14.43,14.06,6388000.0
20251226,002846,英联股份,16.51,16.63,16.77,16.38,13619500.0
20251226,002847,盐津铺子,70.4,69.9,70.5,69.77,1671200.0
20251226,002848,高斯贝尔,8.3,8.2,8.36,8.14,4115600.0
20251226,002849,威星智能,15.77,15.81,15.91,15.55,10207200.0
20251226,002850,科达利,156.0,153.0,158.45,152.41,3783600.0
20251226,002851,麦格米特,91.06,87.97,91.88,86.78,28658100.0
20251226,002852,道道全,10.85,10.78,10.9,10.77,3477200.0
20251226,002853,皮阿诺,20.18,22.37,22.37,19.84,19881300.0
20251226,002855,捷荣技术,16.55,16.52,16.64,16.47,2399200.0
20251226,002857,三晖电气,20.8,20.87,21.65,20.72,3895700.0
20251226,002858,力盛体育,15.23,15.13,15.56,15.13,6397700.0
20251226,002859,洁美科技,28.15,28.03,28.45,27.86,3018500.0
20251226,002860,星帅尔,13.72,13.57,13.72,13.44,10794300.0
20251226,002861,瀛通通讯,18.3,18.07,18.32,17.9,3854100.0
20251226,002862,实丰文化,20.17,19.91,20.17,19.77,5838200.0
20251226,002863,今飞凯达,5.96,5.88,6.01,5.87,20133900.0
20251226,002864,盘龙药业,31.89,31.66,32.06,31.55,2419300.0
20251226,002865,钧达股份,50.7,54.87,54.87,50.68,25421100.0
20251226,002866,传艺科技,17.79,17.96,18.46,17.74,10219400.0
20251226,002867,周大生,12.19,12.21,12.25,12.14,4545100.0
20251226,002868,绿康生化,34.68,34.09,34.68,34.05,976200.0
20251226,002869,金溢科技,24.0,23.77,24.3,23.53,4791500.0
20251226,002871,伟隆股份,16.71,16.51,16.98,16.46,6466600.0
20251226,002873,新天药业,10.13,10.05,10.13,10.01,2994500.0
20251226,002875,安奈儿,15.82,16.58,16.72,15.51,9753900.0
20251226,002876,三利谱,23.32,23.44,23.68,23.23,2306800.0
20251226,002877,智能自控,9.42,9.29,9.43,9.23,12130800.0
20251226,002878,元隆雅图,17.63,17.46,17.66,17.34,6942800.0
20251226,002879,长缆科技,18.99,18.7,19.25,18.56,12498600.0
20251226,002880,卫光生物,26.2,25.94,26.2,25.92,414800.0
20251226,002881,美格智能,43.6,43.02,43.6,42.56,4668800.0
20251226,002882,金龙羽,32.48,31.67,32.49,31.19,11402600.0
20251226,002884,凌霄泵业,18.18,17.94,18.27,17.9,3346100.0
20251226,002885,京泉华,27.48,28.18,28.56,26.96,44675900.0
20251226,002886,沃特股份,20.71,20.4,20.84,20.3,8339200.0
20251226,002887,绿茵生态,9.5,9.42,9.57,9.4,2585100.0
20251226,002888,惠威科技,20.26,20.14,20.36,19.89,4545500.0
20251226,002889,东方嘉盛,16.4,16.16,16.43,16.1,9354300.0
20251226,002890,弘宇股份,15.09,14.84,15.1,14.72,1330100.0
20251226,002891,中宠股份,53.25,52.96,53.28,52.67,2094100.0
20251226,002892,科力尔,13.0,13.08,13.15,12.9,13007300.0
20251226,002893,京能热力,11.38,11.28,11.43,11.25,10590500.0
20251226,002895,川恒股份,37.1,37.12,37.45,36.55,10201400.0
20251226,002896,中大力德,85.5,84.96,86.29,83.66,7810700.0
20251226,002897,意华股份,49.09,49.19,49.93,48.48,6859900.0
20251226,002899,英派斯,25.92,25.72,26.03,25.43,5870500.0
20251226,002900,哈三联,12.94,12.82,12.95,12.75,3913500.0
20251226,002901,大博医疗,49.79,49.14,49.79,49.06,1291900.0
20251226,002902,铭普光磁,23.02,23.65,23.9,22.65,15133400.0
20251226,002903,宇环数控,23.99,24.61,24.61,23.19,7910800.0
20251226,002905,金逸影视,10.47,10.51,10.65,10.41,5165300.0
20251226,002906,华阳集团,31.18,31.09,31.68,31.0,7324800.0
20251226,002907,华森制药,15.45,15.23,15.45,15.12,4403300.0
20251226,002908,德生科技,9.47,9.41,9.52,9.38,4173800.0
20251226,002909,集泰股份,7.25,7.21,7.42,7.16,90644400.0
20251226,002910,庄园牧场,11.72,11.85,12.1,11.72,28091200.0
20251226,002911,佛燃能源,12.46,12.29,12.46,12.23,4283500.0
20251226,002912,中新赛克,29.4,29.24,29.63,29.13,2249100.0
20251226,002913,奥士康,42.16,42.52,42.65,41.63,3716300.0
20251226,002915,中欣氟材,23.6,23.4,24.09,23.28,19030500.0
20251226,002916,深南电路,223.1,220.38,225.29,219.37,5855000.0
20251226,002917,金奥博,13.4,13.28,13.44,13.19,3476700.0
20251226,002918,蒙娜丽莎,14.35,14.0,14.42,13.91,4213100.0
20251226,002919,名臣健康,21.45,23.64,23.64,21.3,15050900.0
20251226,002920,德赛西威,124.14,122.7,125.49,122.1,12334500.0
20251226,002921,联诚精密,15.61,15.27,15.73,15.25,3480800.0
20251226,002922,伊戈尔,32.98,33.13,33.9,32.16,20012300.0
20251226,002923,润都股份,12.48,12.26,12.48,12.21,3109900.0
20251226,002925,盈趣科技,17.51,17.27,17.54,17.1,11365200.0
20251226,002926,华西证券,9.45,9.46,9.56,9.42,22879400.0
20251226,002927,泰永长征,20.38,21.06,21.31,20.02,31286400.0
20251226,002928,华夏航空,10.9,10.95,11.08,10.84,14520200.0
20251226,002929,润建股份,39.6,39.57,39.95,39.4,2992900.0
20251226,002930,宏川智慧,11.09,11.22,11.44,11.0,8700600.0
20251226,002931,锋龙股份,23.82,23.82,23.82,23.82,135600.0
20251226,002933,新兴装备,36.02,35.65,36.12,35.4,4740100.0
20251226,002935,天奥电子,21.23,21.56,22.09,21.23,38100000.0
20251226,002936,郑州银行,1.95,1.95,1.96,1.94,45295700.0
20251226,002937,兴瑞科技,22.88,23.05,23.25,22.44,7278300.0
20251226,002938,鹏鼎控股,51.6,51.04,52.31,50.21,24577400.0
20251226,002939,长城证券,10.24,10.28,10.44,10.21,42157500.0
20251226,002940,昂利康,33.78,33.82,34.0,33.49,6999600.0
20251226,002941,新疆交建,16.38,16.36,16.48,16.26,16444000.0
20251226,002942,新农股份,20.15,19.56,20.15,19.51,2352900.0
20251226,002943,宇晶股份,35.87,36.59,37.07,35.5,6311000.0
20251226,002945,华林证券,14.38,14.4,14.6,14.36,8523100.0
20251226,002946,新乳业,18.63,18.84,19.13,18.47,6395100.0
20251226,002947,恒铭达,55.5,53.76,55.93,53.13,15386900.0
20251226,002948,青岛银行,4.57,4.54,4.57,4.53,27451200.0
20251226,002949,华阳国际,15.49,15.45,16.1,15.3,8387800.0
20251226,002950,奥美医疗,11.35,11.21,11.37,11.18,4044500.0
20251226,002951,金时科技,16.6,16.07,17.66,15.65,26315900.0
20251226,002952,亚世光电,20.1,19.72,20.1,19.63,2944600.0
20251226,002953,日丰股份,11.74,11.59,11.77,11.49,6084400.0
20251226,002955,鸿合科技,30.34,30.0,30.67,29.88,7623500.0
20251226,002956,西麦食品,26.61,27.08,27.38,26.35,3107900.0
20251226,002957,科瑞技术,22.65,22.75,22.75,21.88,22321900.0
20251226,002958,青农商行,3.13,3.13,3.14,3.12,30853900.0
20251226,002959,小熊电器,42.75,42.78,42.95,42.6,1118600.0
20251226,002960,青鸟智控,11.52,11.23,11.56,11.15,24390000.0
20251226,002961,瑞达期货,28.59,29.02,30.19,28.33,34700100.0
20251226,002962,五方光电,14.34,14.23,14.35,14.15,2333100.0
20251226,002963,豪尔赛,15.21,14.95,15.64,14.83,3851000.0
20251226,002965,祥鑫科技,38.7,38.14,38.9,38.01,6654700.0
20251226,002966,苏州银行,8.36,8.35,8.39,8.33,20775000.0
20251226,002967,广电计量,22.0,21.98,22.18,21.67,9688700.0
20251226,002968,新大正,12.18,12.55,12.89,12.01,8666700.0
20251226,002969,嘉美包装,9.79,9.79,9.79,9.79,2588500.0
20251226,002970,锐明技术,49.18,48.97,50.16,48.59,5298300.0
20251226,002971,和远气体,31.03,29.95,31.14,29.7,5662700.0
20251226,002972,科安达,12.34,12.2,12.39,12.16,2823000.0
20251226,002973,侨银股份,13.55,13.33,13.55,13.31,2125000.0
20251226,002975,博杰股份,80.6,80.11,82.45,79.85,4174600.0
20251226,002976,瑞玛精密,28.25,27.93,28.25,27.42,5016200.0
20251226,002978,安宁股份,32.06,32.74,32.96,31.97,6780100.0
20251226,002979,雷赛智能,40.44,40.2,40.83,39.9,4511800.0
20251226,002980,华盛昌,21.19,20.9,21.2,20.71,2487700.0
20251226,002981,朝阳科技,29.2,28.8,29.24,28.62,2583900.0
20251226,002982,湘佳股份,13.93,13.9,14.02,13.88,1592100.0
20251226,002983,芯瑞达,23.18,22.57,23.18,22.4,9523700.0
20251226,002984,森麒麟,20.94,20.98,21.22,20.74,9609100.0
20251226,002985,北摩高科,31.77,31.38,31.77,31.01,15372900.0
20251226,002986,宇新股份,11.01,10.75,11.01,10.75,1645900.0
20251226,002987,京北方,19.92,20.41,20.84,19.92,27806800.0
20251226,002988,豪美新材,37.0,36.72,37.1,36.37,1866100.0
20251226,002989,中天精装,29.88,30.7,31.32,28.7,7516300.0
20251226,002990,盛视科技,28.15,27.8,28.3,27.7,2463500.0
20251226,002991,甘源食品,57.74,57.57,58.1,57.4,602500.0
20251226,002992,宝明科技,50.7,49.97,51.01,49.8,1202600.0
20251226,002993,奥海科技,44.55,44.4,45.04,44.03,2645200.0
20251226,002995,天地在线,16.44,16.29,16.45,16.16,2630500.0
20251226,002996,顺博合金,7.43,7.57,7.63,7.42,12999800.0
20251226,002997,瑞鹄模具,36.84,36.8,37.06,36.55,2007300.0
20251226,002998,优彩资源,7.87,7.69,7.87,7.65,8508200.0
20251226,002999,天禾股份,6.89,6.85,6.92,6.82,5451900.0
20251226,003000,劲仔食品,11.73,11.6,11.74,11.58,4371900.0
20251226,003001,中岩大地,20.39,20.19,20.42,20.14,1862400.0
20251226,003002,壶化股份,31.1,30.89,31.21,30.49,5607300.0
20251226,003003,天元股份,14.52,13.86,14.8,13.86,31621900.0
20251226,003004,声迅股份,22.5,22.2,22.5,22.07,729300.0
20251226,003005,竞业达,20.25,20.28,20.44,20.09,2890700.0
20251226,003006,百亚股份,21.11,21.03,21.29,20.92,2621100.0
20251226,003007,直真科技,40.57,37.36,41.8,37.2,15371100.0
20251226,003008,开普检测,22.42,22.05,22.52,22.05,1286800.0
20251226,003009,中天火箭,68.57,70.83,73.33,68.57,25191600.0
20251226,003010,若羽臣,36.3,36.25,37.16,36.0,6996600.0
20251226,003011,海象新材,22.46,21.91,22.5,21.83,2598000.0
20251226,003012,东鹏控股,6.81,6.74,6.83,6.73,5414400.0
20251226,003013,地铁设计,14.3,14.23,14.34,14.2,2033900.0
20251226,003015,日久光电,15.94,15.71,15.94,15.66,3486800.0
20251226,003016,欣贺股份,10.65,10.28,11.11,9.92,60010300.0
20251226,003017,大洋生物,30.43,29.56,30.63,29.52,2299000.0
20251226,003018,金富科技,18.15,17.57,18.15,17.55,9201100.0
20251226,003019,宸展光电,33.67,33.7,34.36,33.45,3463300.0
20251226,003020,立方制药,27.06,27.15,27.3,27.0,1581200.0
20251226,003021,兆威机电,118.06,116.52,119.33,115.13,8867500.0
20251226,003022,联泓新科,19.6,19.84,20.15,19.55,14367500.0
20251226,003023,彩虹集团,22.57,22.4,22.58,22.31,1639400.0
20251226,003025,思进智能,14.26,14.23,14.33,14.08,4943500.0
20251226,003026,中晶科技,31.37,31.04,31.55,30.97,2035900.0
20251226,003027,同兴科技,21.49,22.45,22.68,21.35,9028900.0
20251226,003028,振邦智能,29.54,29.27,29.61,29.11,813800.0
20251226,003029,吉大正元,27.12,27.81,28.24,27.08,22087900.0
20251226,003030,祖名股份,20.66,20.54,20.81,20.41,1489800.0
20251226,003031,中瓷电子,75.05,76.86,79.27,73.73,9801400.0
20251226,003032,传智教育,6.29,6.34,6.35,6.27,3648000.0
20251226,003033,征和工业,69.41,66.61,69.41,66.1,3200800.0
20251226,003035,南网能源,4.71,4.72,4.74,4.69,14653800.0
20251226,003036,泰坦股份,15.8,15.61,15.9,15.52,2562600.0
20251226,003037,三和管桩,7.79,8.0,8.06,7.74,15130100.0
20251226,003038,鑫铂股份,15.64,15.76,15.87,15.6,4209400.0
20251226,003039,顺控发展,14.72,15.03,15.28,14.56,12942000.0
20251226,003040,楚天龙,19.34,19.34,19.69,19.24,21015800.0
20251226,003041,真爱美家,43.48,44.95,46.5,43.2,8721800.0
20251226,003042,中农联合,16.33,16.2,16.4,16.13,3189600.0
20251226,003043,华亚智能,45.76,45.54,46.55,45.2,1310100.0
20251226,003816,中国广核,3.86,3.86,3.87,3.84,83510000.0
20251226,300001,特锐德,26.6,26.39,26.72,26.27,18133000.0
20251226,300002,神州泰岳,11.39,11.37,11.5,11.3,38376900.0
20251226,300003,乐普医疗,16.27,16.24,16.32,16.07,16923700.0
20251226,300004,南风股份,12.12,12.56,12.69,11.98,54325100.0
20251226,300005,探路者,10.86,11.09,11.41,10.86,34443000.0
20251226,300006,莱美药业,5.24,5.26,5.33,5.14,35394700.0
20251226,300007,汉威科技,49.29,49.89,50.48,49.02,19488100.0
20251226,300008,天海防务,7.83,7.88,8.03,7.8,117664300.0
20251226,300009,安科生物,9.82,9.77,9.85,9.73,12978000.0
20251226,300011,鼎汉技术,8.52,8.49,8.64,8.39,8414300.0
20251226,300012,华测检测,13.6,13.51,13.66,13.47,14444800.0
20251226,300013,新宁物流,4.18,4.11,4.21,4.09,49720800.0
20251226,300014,亿纬锂能,71.7,71.8,73.38,70.72,63668600.0
20251226,300015,爱尔眼科,11.14,11.13,11.19,11.09,31654100.0
20251226,300016,北陆药业,8.17,8.09,8.37,8.09,9215900.0
20251226,300017,网宿科技,10.16,10.21,10.28,10.13,37844500.0
20251226,300018,中元股份,11.23,10.97,11.23,10.83,14640800.0
20251226,300019,硅宝科技,21.62,21.33,21.95,21.24,18755100.0
20251226,300021,大禹节水,4.65,4.71,4.78,4.64,28442000.0
20251226,300022,吉峰科技,7.82,7.77,7.87,7.73,7739500.0
20251226,300024,机器人,17.85,17.67,17.9,17.5,33862800.0
20251226,300025,华星创业,5.75,5.78,5.84,5.75,7579900.0
20251226,300026,红日药业,3.61,3.6,3.63,3.59,20255300.0
20251226,300030,阳普医疗,7.55,7.4,7.55,7.4,3827000.0
20251226,300031,宝通科技,22.21,22.32,22.57,22.12,9633400.0
20251226,300032,金龙机电,5.32,5.35,5.39,5.26,23628300.0
20251226,300033,同花顺,324.0,326.11,333.0,322.68,7944900.0
20251226,300034,钢研高纳,19.68,19.58,20.17,19.38,53307200.0
20251226,300035,中科电气,22.32,22.06,22.44,21.97,33345400.0
20251226,300036,超图软件,17.44,17.67,17.92,17.35,19565600.0
20251226,300037,新宙邦,54.98,54.61,55.95,53.26,33302200.0
20251226,300039,上海凯宝,6.13,6.1,6.15,6.09,11308800.0
20251226,300040,九洲集团,6.17,6.17,6.22,6.13,9338600.0
20251226,300041,回天新材,11.48,11.4,11.58,11.38,12586900.0
20251226,300042,朗科科技,26.39,26.25,27.0,26.19,9353500.0
20251226,300043,星辉娱乐,5.84,5.75,5.84,5.73,51050800.0
20251226,300045,华力创通,27.28,27.56,29.04,26.79,131498100.0
20251226,300046,台基股份,36.0,35.52,36.2,35.38,9173200.0
20251226,300047,天源迪科,12.34,12.21,12.42,12.18,15277900.0
20251226,300048,合康新能,5.9,5.84,5.9,5.79,25866500.0
20251226,300049,福瑞医科,77.49,75.08,77.96,74.58,5771300.0
20251226,300050,世纪鼎利,5.44,5.46,5.5,5.39,10400600.0
20251226,300051,琏升科技,6.66,6.69,6.83,6.63,12571800.0
20251226,300052,中青宝,12.33,12.2,12.4,12.17,5340800.0
20251226,300053,航宇微,17.87,18.21,18.52,17.83,93900000.0
20251226,300054,鼎龙股份,38.94,38.37,39.01,37.93,16845100.0
20251226,300055,万邦达,7.43,7.75,7.9,7.4,18309500.0
20251226,300056,中创环保,8.74,8.7,8.78,8.6,14707200.0
20251226,300057,万顺新材,5.83,5.84,5.92,5.82,22136300.0
20251226,300058,蓝色光标,8.79,8.86,9.04,8.71,355385700.0
20251226,300059,东方财富,23.34,23.61,24.05,23.23,431928200.0
20251226,300061,旗天科技,10.52,10.42,10.57,10.37,14076800.0
20251226,300062,中能电气,9.85,9.91,10.16,9.66,87625700.0
20251226,300063,天龙集团,8.15,8.2,8.23,8.05,31199300.0
20251226,300065,海兰信,18.27,18.41,18.89,18.05,53552700.0
20251226,300066,三川智慧,6.36,6.29,6.37,6.27,15553300.0
20251226,300067,安诺其,5.1,5.04,5.1,4.99,19492900.0
20251226,300069,金利华电,17.79,17.43,17.79,17.41,2101600.0
20251226,300070,碧水源,3.96,3.97,3.98,3.95,18866200.0
20251226,300071,福石控股,5.7,5.69,5.8,5.63,69509300.0
20251226,300072,海新能科,4.71,4.73,4.83,4.67,65886200.0
20251226,300073,当升科技,59.79,60.48,61.5,59.35,20842900.0
20251226,300074,华平股份,4.75,4.71,4.81,4.71,15089800.0
20251226,300075,数字政通,14.9,14.9,15.05,14.81,6575100.0
20251226,300077,国民技术,20.4,20.31,20.63,20.28,10720600.0
20251226,300078,思创智联,4.14,4.14,4.18,4.11,52753600.0
20251226,300079,数码视讯,5.31,5.3,5.33,5.26,17010300.0
20251226,300080,易成新能,5.02,5.1,5.16,5.01,27660200.0
20251226,300082,奥克股份,10.4,10.42,10.65,10.13,41605500.0
20251226,300083,创世纪,9.79,9.8,9.91,9.68,61255900.0
20251226,300084,海默科技,9.9,9.74,9.94,9.62,17026200.0
20251226,300085,银之杰,41.01,40.94,42.36,40.74,46369500.0
20251226,300086,康芝药业,13.02,13.31,14.3,12.99,143199100.0
20251226,300088,长信科技,6.06,6.01,6.07,6.0,32999100.0
20251226,300092,科新机电,15.83,15.59,15.9,15.51,8074000.0
20251226,300093,金刚光伏,17.4,17.55,19.0,17.4,9455300.0
20251226,300094,国联水产,3.83,3.83,3.85,3.78,98880900.0
20251226,300095,华伍股份,11.51,11.56,11.93,11.34,72824300.0
20251226,300097,智云股份,6.98,6.86,6.98,6.81,6858200.0
20251226,300098,高新兴,6.19,6.12,6.28,6.06,88620600.0
20251226,300099,尤洛卡,7.55,7.46,7.7,7.4,30811200.0
20251226,300100,双林股份,38.68,37.86,38.75,37.61,16774400.0
20251226,300101,振芯科技,25.7,25.55,26.3,25.26,36561200.0
20251226,300102,乾照光电,24.5,24.3,25.3,24.01,161502700.0
20251226,300103,达刚控股,7.9,7.86,7.99,7.66,11653800.0
20251226,300105,龙源技术,7.45,7.35,7.46,7.34,6588900.0
20251226,300106,西部牧业,11.24,11.26,11.38,11.12,12676800.0
20251226,300107,建新股份,6.87,7.05,7.31,6.82,18073600.0
20251226,300109,新开源,17.3,17.17,17.58,16.95,8798500.0
20251226,300110,华仁药业,3.21,3.21,3.23,3.19,20024000.0
20251226,300111,向日葵,5.95,6.36,6.66,5.95,142985000.0
20251226,300112,万讯自控,8.71,8.59,8.72,8.58,4347600.0
20251226,300113,顺网科技,19.93,19.74,19.96,19.57,12465600.0
20251226,300115,长盈精密,39.53,40.46,40.98,39.05,108168200.0
20251226,300118,东方日升,15.32,15.7,16.98,15.16,231054900.0
20251226,300119,瑞普生物,19.36,19.37,19.47,19.27,2944400.0
20251226,300120,经纬辉开,8.5,8.41,8.51,8.37,12412100.0
20251226,300121,阳谷华泰,13.5,13.22,13.5,13.17,10597300.0
20251226,300122,智飞生物,19.16,19.24,19.38,19.14,10638200.0
20251226,300124,汇川技术,73.68,73.3,73.75,72.68,21202000.0
20251226,300126,锐奇股份,8.47,8.34,8.5,8.3,4562400.0
20251226,300127,银河磁体,30.67,30.97,31.26,30.55,5758700.0
20251226,300128,锦富技术,7.87,7.62,7.9,7.58,70003400.0
20251226,300129,泰胜风能,9.95,10.23,10.55,9.95,120259500.0
20251226,300130,新国都,25.81,25.93,26.3,25.78,19626600.0
20251226,300131,英唐智控,15.0,15.01,15.44,14.91,120846800.0
20251226,300132,诺斯贝尔,8.26,8.14,8.32,8.11,17539400.0
20251226,300133,华策影视,8.14,8.26,8.33,8.11,98631400.0
20251226,300134,大富科技,12.27,12.86,13.07,12.12,34547700.0
20251226,300135,宝利国际,3.96,3.97,4.0,3.92,14617300.0
20251226,300136,信维通信,50.0,51.3,53.85,49.85,179698000.0
20251226,300137,先河环保,10.71,10.2,10.76,10.09,35953000.0
20251226,300138,晨光生物,12.77,12.72,12.88,12.65,4346600.0
20251226,300139,晓程科技,32.0,34.8,35.4,31.73,53617800.0
20251226,300140,节能环境,6.84,6.89,6.96,6.83,23462600.0
20251226,300141,和顺电气,12.69,12.85,12.96,12.16,20338800.0
20251226,300142,沃森生物,11.2,11.3,11.35,11.18,18126400.0
20251226,300143,盈康生命,10.25,10.07,10.26,10.05,5892600.0
20251226,300144,宋城演艺,8.26,8.28,8.3,8.21,28404400.0
20251226,300145,南方泵业,4.88,4.84,4.93,4.71,107837000.0
20251226,300146,汤臣倍健,12.29,12.24,12.36,12.21,14216000.0
20251226,300148,天舟文化,4.35,4.34,4.37,4.31,20132500.0
20251226,300149,睿智医药,9.82,9.68,9.84,9.65,6761600.0
20251226,300150,世纪瑞尔,5.35,5.33,5.39,5.28,9236000.0
20251226,300151,昌红科技,14.39,14.63,14.75,14.1,17136600.0
20251226,300153,科泰电源,30.3,29.92,30.38,29.71,12711800.0
20251226,300154,瑞凌股份,9.73,9.61,9.75,9.57,6788300.0
20251226,300155,安居宝,5.73,6.15,6.22,5.65,34399300.0
20251226,300157,新锦动力,4.6,4.57,4.62,4.54,19551600.0
20251226,300158,振东制药,5.95,5.94,6.0,5.92,16298300.0
20251226,300159,新研股份,3.3,3.29,3.38,3.25,55268500.0
20251226,300160,秀强股份,5.54,5.53,5.59,5.51,6190800.0
20251226,300161,华中数控,28.5,28.48,28.93,28.23,3426900.0
20251226,300162,雷曼光电,7.86,8.0,8.15,7.84,15577600.0
20251226,300163,先锋新材,4.14,4.1,4.16,4.09,18741100.0
20251226,300164,通源石油,5.46,5.54,5.54,5.42,46173800.0
20251226,300165,天瑞仪器,4.74,4.69,4.75,4.67,4755600.0
20251226,300166,东方国信,9.8,9.93,10.03,9.78,24919300.0
20251226,300168,万达信息,6.42,6.43,6.52,6.38,14238400.0
20251226,300169,天晟新材,6.35,6.25,6.4,6.23,9456400.0
20251226,300170,汉得信息,17.12,17.23,17.44,17.08,44146800.0
20251226,300171,东富龙,16.11,15.94,16.16,15.79,8166600.0
20251226,300172,中电环保,5.73,5.65,5.74,5.65,22336500.0
20251226,300174,元力股份,15.89,15.77,15.93,15.72,5356100.0
20251226,300175,朗源股份,5.83,5.8,5.85,5.76,2766400.0
20251226,300176,鸿特科技,6.74,6.73,6.84,6.68,7635000.0
20251226,300177,中海达,10.25,10.31,10.48,10.08,60677900.0
20251226,300179,四方达,15.52,15.17,15.52,15.05,27273700.0
20251226,300180,华峰超纤,6.58,6.59,6.72,6.54,52287200.0
20251226,300181,佐力药业,16.93,16.77,16.97,16.77,10080800.0
20251226,300182,捷成股份,5.28,5.36,5.42,5.27,56299500.0
20251226,300183,东软载波,14.78,14.77,14.95,14.7,3137400.0
20251226,300184,力源信息,10.02,10.05,10.13,9.97,24129200.0
20251226,300185,通裕重工,2.88,2.89,2.9,2.86,60935400.0
20251226,300187,永清环保,5.01,4.98,5.05,4.97,8795500.0
20251226,300188,国投智能,14.19,14.45,14.74,14.18,19843900.0
20251226,300189,神农种业,7.53,8.06,8.68,7.53,399791600.0
20251226,300190,维尔利,4.34,4.43,4.43,4.29,27805900.0
20251226,300191,潜能恒信,18.35,18.28,18.5,18.19,2521100.0
20251226,300192,科德教育,21.48,21.19,21.9,21.04,22449500.0
20251226,300193,佳士科技,9.04,8.9,9.04,8.89,4982100.0
20251226,300194,福安药业,4.51,4.47,4.53,4.46,28169000.0
20251226,300195,长荣股份,8.28,8.15,8.3,8.11,9634900.0
20251226,300196,长海股份,14.69,14.73,14.83,14.56,7454900.0
20251226,300197,节能铁汉,1.8,1.79,1.81,1.78,25436400.0
20251226,300199,翰宇药业,19.05,18.73,19.05,18.58,30967100.0
20251226,300200,高盟新材,12.81,12.69,12.88,12.55,39068200.0
20251226,300201,海伦哲,6.53,6.58,6.67,6.38,86340500.0
20251226,300203,聚光科技,16.4,16.44,16.69,16.29,9677700.0
20251226,300204,舒泰神,27.55,28.24,28.67,27.37,32457900.0
20251226,300206,理邦仪器,13.07,12.93,13.11,12.85,4295800.0
20251226,300207,欣旺达,29.92,29.75,30.38,29.53,59855300.0
20251226,300209,行云科技,5.75,5.68,5.77,5.65,14762300.0
20251226,300210,森远股份,9.42,9.42,9.8,9.31,29511700.0
20251226,300213,佳讯飞鸿,9.63,9.53,9.66,9.41,32456700.0
20251226,300214,日科化学,6.84,6.83,6.88,6.75,5661500.0
20251226,300215,电科院,6.67,6.79,6.97,6.6,36133500.0
20251226,300217,东方电热,5.26,5.2,5.28,5.19,23136700.0
20251226,300218,安利股份,15.83,15.62,15.84,15.6,4109200.0
20251226,300219,鸿利智汇,7.28,7.25,7.31,7.14,15616300.0
20251226,300220,金运激光,14.67,14.48,14.75,14.4,2373600.0
20251226,300221,银禧科技,10.13,9.97,10.36,9.9,38082000.0
20251226,300222,科大智能,11.0,10.89,11.0,10.78,18297300.0
20251226,300223,君正股份,116.0,111.38,117.99,110.2,41511300.0
20251226,300224,正海磁材,15.55,15.48,15.68,15.38,16566500.0
20251226,300225,金力泰,6.01,6.15,6.28,5.6,38139600.0
20251226,300226,上海钢联,24.36,25.16,26.09,24.35,19661200.0
20251226,300227,光韵达,9.12,8.99,9.13,8.93,11520300.0
20251226,300228,富瑞特装,10.41,10.63,10.81,10.35,145761200.0
20251226,300229,拓尔思,18.8,18.83,18.99,18.69,14575000.0
20251226,300230,永利股份,4.87,4.82,4.89,4.81,10328400.0
20251226,300231,银信科技,10.28,10.19,10.34,10.17,5057800.0
20251226,300232,洲明科技,7.05,7.01,7.07,6.96,13295300.0
20251226,300233,金城医药,14.5,14.29,14.6,14.2,6991600.0
20251226,300234,开尔新材,5.18,5.13,5.23,5.12,8316800.0
20251226,300235,方直科技,16.61,16.61,16.93,16.38,14909700.0
20251226,300236,上海新阳,66.18,64.25,66.49,63.81,13878300.0
20251226,300238,冠昊生物,14.28,14.09,14.3,14.05,4643900.0
20251226,300239,东宝生物,5.73,5.69,5.75,5.64,8537600.0
20251226,300240,飞力达,7.68,7.65,7.78,7.64,12480900.0
20251226,300241,瑞丰光电,5.73,5.67,5.75,5.65,13019300.0
20251226,300242,佳云科技,5.09,5.05,5.14,5.03,17647200.0
20251226,300243,瑞丰高材,10.49,10.38,10.52,10.3,4178300.0
20251226,300244,迪安诊断,15.75,15.71,15.95,15.6,9883400.0
20251226,300246,宝莱特,8.26,8.17,8.28,8.15,3756100.0
20251226,300247,融捷健康,5.27,5.32,5.52,5.23,56047100.0
20251226,300248,新开普,12.05,11.91,12.12,11.87,7570500.0
20251226,300249,依米康,14.75,14.63,14.88,14.59,10706200.0
20251226,300250,初灵信息,24.75,24.95,25.46,24.43,17784500.0
20251226,300251,光线传媒,16.16,16.2,16.27,16.06,26166200.0
20251226,300252,金信诺,14.7,14.6,14.99,14.29,64387300.0
20251226,300253,卫宁健康,8.8,8.72,8.91,8.67,61244400.0
20251226,300254,仟源医药,10.18,10.13,10.34,10.1,4376400.0
20251226,300255,常山药业,63.82,63.31,63.91,61.72,10817600.0
20251226,300256,星星科技,4.07,4.04,4.07,4.03,29868000.0
20251226,300257,开山股份,14.39,14.2,14.44,14.09,4617700.0
20251226,300258,精锻科技,13.87,13.87,14.27,13.83,23550700.0
20251226,300259,新天科技,4.47,4.41,4.47,4.38,17963700.0
20251226,300260,新莱应材,58.62,56.75,59.19,56.7,30421400.0
20251226,300261,雅本化学,6.81,6.78,6.85,6.74,8818900.0
20251226,300263,隆华科技,8.57,8.6,8.68,8.45,34615100.0
20251226,300264,佳创视讯,6.75,6.52,6.87,6.49,22670000.0
20251226,300265,通光线缆,14.12,14.07,14.96,13.69,126548500.0
20251226,300266,兴源环境,2.57,2.56,2.59,2.54,24951200.0
20251226,300267,尔康制药,3.52,3.56,3.62,3.52,44876900.0
20251226,300268,佳沃食品,13.28,13.52,13.67,13.24,1043200.0
20251226,300269,联建光电,6.5,6.7,6.89,6.45,96779300.0
20251226,300270,中威电子,11.68,11.61,11.9,11.53,14358500.0
20251226,300271,华宇软件,7.24,7.23,7.3,7.2,8186700.0
20251226,300272,开能健康,7.72,7.63,7.84,7.59,30269900.0
20251226,300274,阳光电源,169.88,181.08,185.18,168.85,114818600.0
20251226,300275,梅安森,13.07,13.09,13.2,12.99,7805200.0
20251226,300276,三丰智能,9.41,9.44,9.6,9.3,52512300.0
20251226,300277,汽轮科技,12.85,12.82,13.06,12.7,7851500.0
20251226,300278,华昌达,5.95,5.93,6.02,5.87,36268700.0
20251226,300279,和晶科技,7.23,7.11,7.23,7.08,6904000.0
20251226,300281,金明精机,8.02,7.94,8.17,7.9,29472100.0
20251226,300283,温州宏丰,7.66,7.74,7.82,7.61,17624000.0
20251226,300284,苏交科,7.83,7.93,7.99,7.79,14267500.0
20251226,300285,国瓷材料,28.49,28.2,29.46,27.9,51340400.0
20251226,300286,安科瑞,23.23,23.39,23.57,23.06,4578800.0
20251226,300287,飞利信,4.92,4.92,4.96,4.89,23672100.0
20251226,300288,朗玛信息,13.48,13.36,13.57,13.28,3550400.0
20251226,300289,利德曼,7.07,7.01,7.09,6.97,6617300.0
20251226,300291,百纳千成,6.4,6.4,6.4,6.4,7903900.0
20251226,300292,吴通控股,4.55,4.5,4.56,4.48,23893600.0
20251226,300293,蓝英装备,21.77,21.42,21.82,21.4,5657400.0
20251226,300294,博雅生物,23.22,23.32,23.38,23.21,2920600.0
20251226,300296,利亚德,6.29,6.23,6.3,6.19,50376200.0
20251226,300298,三诺生物,17.17,17.44,17.66,17.16,8397700.0
20251226,300299,富春股份,7.18,7.11,7.23,7.03,42521100.0
20251226,300300,海峡创新,16.82,17.15,17.9,16.39,197058000.0
20251226,300302,同有科技,18.49,18.54,19.06,18.46,19644900.0
20251226,300303,聚飞光电,6.95,6.9,7.0,6.88,37505400.0
20251226,300304,云意电气,11.76,11.54,11.85,11.48,23482200.0
20251226,300305,裕兴股份,6.04,6.03,6.09,5.97,7384600.0
20251226,300306,远方信息,14.17,13.93,14.23,13.81,9755600.0
20251226,300307,慈星股份,7.3,7.23,7.38,7.19,14981500.0
20251226,300308,中际旭创,628.3,627.0,636.95,618.0,21376200.0
20251226,300310,宜通世纪,6.01,6.02,6.09,5.96,21893600.0
20251226,300311,任子行,4.43,4.45,4.49,4.41,6952400.0
20251226,300313,天山生物,8.31,8.45,8.63,8.29,3385500.0
20251226,300314,戴维医疗,12.93,12.79,12.96,12.75,2089300.0
20251226,300315,掌趣科技,4.89,4.9,4.92,4.85,36733800.0
20251226,300316,晶盛机电,39.09,38.34,39.2,38.08,20668000.0
20251226,300317,珈伟新能,3.91,3.9,3.97,3.89,19689800.0
20251226,300318,博晖创新,6.37,6.42,6.44,6.35,11708000.0
20251226,300319,麦捷科技,11.94,11.88,12.0,11.8,16817900.0
20251226,300320,海达股份,9.45,9.37,9.5,9.36,6021600.0
20251226,300321,同大股份,47.26,46.33,47.35,45.5,3347700.0
20251226,300322,硕贝德,25.5,25.2,25.99,24.76,54093500.0
20251226,300323,华灿光电,7.62,7.6,7.67,7.55,12141600.0
20251226,300324,旋极信息,6.03,6.15,6.24,5.98,122183800.0
20251226,300327,中颖电子,29.03,28.73,29.34,28.6,11342200.0
20251226,300328,宜安科技,17.06,16.95,17.27,16.71,26154700.0
20251226,300329,海伦钢琴,15.18,15.17,15.3,14.65,4924200.0
20251226,300331,苏大维格,31.98,31.44,32.8,31.39,11718300.0
20251226,300332,天壕能源,5.37,5.32,5.39,5.29,11303300.0
20251226,300333,兆日科技,11.19,11.06,11.27,11.0,9255400.0
20251226,300334,津膜科技,7.14,7.05,7.15,7.02,5532200.0
20251226,300335,迪森股份,5.81,5.75,5.85,5.74,8717200.0
20251226,300337,银邦股份,13.46,13.68,13.96,13.3,87279000.0
20251226,300339,润和软件,49.68,49.67,50.68,49.52,25097000.0
20251226,300340,科恒股份,12.6,12.69,13.05,12.58,9456500.0
20251226,300341,麦克奥迪,17.19,16.89,17.21,16.89,4947500.0
20251226,300342,天银机电,33.0,33.7,35.43,32.66,115234800.0
20251226,300343,联创股份,5.97,5.95,6.03,5.92,12897400.0
20251226,300345,华民股份,6.45,6.41,6.74,6.39,18374300.0
20251226,300346,南大光电,46.01,45.07,46.1,44.55,50116900.0
20251226,300347,泰格医药,55.22,55.11,55.49,54.15,8848700.0
20251226,300348,长亮科技,14.3,14.33,14.63,14.28,24372600.0
20251226,300349,金卡智能,14.5,14.44,14.74,14.22,14479100.0
20251226,300350,华鹏飞,6.5,6.46,6.58,6.45,20930100.0
20251226,300351,永贵电器,18.63,18.51,18.84,18.36,22502900.0
20251226,300353,东土科技,20.43,20.48,20.88,20.21,19852700.0
20251226,300354,东华测试,45.6,44.87,45.9,44.53,6038800.0
20251226,300355,蒙草生态,4.11,4.08,4.13,4.07,20965500.0
20251226,300357,我武生物,29.7,29.23,29.72,29.06,4451500.0
20251226,300358,楚天科技,10.06,10.0,10.25,9.93,27076300.0
20251226,300359,全通教育,5.3,5.26,5.34,5.25,7286800.0
20251226,300360,炬华科技,17.66,17.62,17.84,17.4,21904900.0
20251226,300363,博腾股份,23.8,23.54,23.96,23.47,5360700.0
20251226,300364,中文在线,24.16,23.97,24.22,23.78,19506900.0
20251226,300365,恒华科技,6.35,6.33,6.42,6.31,10978000.0
20251226,300368,汇金股份,14.64,14.75,15.15,14.64,38865100.0
20251226,300369,绿盟科技,7.37,7.44,7.57,7.36,16810300.0
20251226,300370,安控科技,2.64,2.62,2.66,2.61,16766500.0
20251226,300371,汇中股份,12.65,12.42,12.73,12.41,2171800.0
20251226,300373,扬杰科技,66.79,65.9,67.17,65.68,9016900.0
20251226,300374,中铁装配,16.07,15.97,16.15,15.92,4548300.0
20251226,300375,鹏翎股份,5.55,5.41,5.57,5.39,29731400.0
20251226,300376,易事特,6.21,6.25,6.26,6.18,16339100.0
20251226,300377,赢时胜,23.5,23.7,25.62,23.27,170125900.0
20251226,300378,鼎捷数智,42.6,42.94,43.88,42.49,9176400.0
20251226,300380,安硕信息,41.73,41.43,42.58,41.33,4251400.0
20251226,300381,溢多利,6.7,6.62,6.72,6.61,8190300.0
20251226,300382,斯莱克,15.91,15.72,16.08,15.57,10634900.0
20251226,300383,光环新网,12.43,12.45,12.59,12.37,30595100.0
20251226,300384,三联虹普,16.06,15.88,16.06,15.83,2137000.0
20251226,300386,飞天诚信,16.42,16.39,16.65,16.35,5403500.0
20251226,300387,富邦科技,8.64,8.54,8.7,8.52,4588900.0
20251226,300388,节能国祯,8.19,8.09,8.23,8.06,6566600.0
20251226,300389,艾比森,16.28,16.13,16.32,16.04,3823400.0
20251226,300390,天华新能,59.0,57.03,60.19,54.3,71346100.0
20251226,300393,中来股份,6.84,6.95,7.17,6.81,78262600.0
20251226,300394,天孚通信,213.87,213.31,217.61,210.57,22580000.0
20251226,300395,菲利华,105.1,104.21,106.65,103.01,29801100.0
20251226,300397,天和防务,15.39,15.25,15.76,14.9,63043600.0
20251226,300398,飞凯材料,23.62,23.22,23.62,23.0,25430800.0
20251226,300399,天利科技,25.7,25.5,26.35,25.43,6945500.0
20251226,300400,劲拓股份,20.59,20.0,20.59,19.96,9609700.0
20251226,300401,花园生物,15.29,15.04,15.46,14.98,18987500.0
20251226,300402,宝色股份,21.85,21.87,22.12,21.6,10755800.0
20251226,300403,汉宇集团,13.91,13.8,14.04,13.65,21640500.0
20251226,300404,博济医药,9.61,9.52,9.64,9.48,4187100.0
20251226,300405,科隆股份,6.6,6.55,6.68,6.54,7426800.0
20251226,300406,九强生物,13.42,13.34,13.45,13.32,2712800.0
20251226,300407,凯发电气,11.76,11.47,11.76,11.44,8242900.0
20251226,300408,三环集团,46.07,45.68,46.45,45.23,24768800.0
20251226,300409,道氏技术,22.9,22.82,23.09,22.65,27501100.0
20251226,300410,正业科技,8.54,8.42,8.57,8.39,7475900.0
20251226,300411,金盾股份,11.35,11.5,11.6,11.3,9578000.0
20251226,300412,迦南科技,5.45,5.39,5.46,5.38,10439000.0
20251226,300413,芒果超媒,24.25,23.98,24.49,23.87,18043200.0
20251226,300414,中光防雷,15.54,16.28,16.97,15.41,82717500.0
20251226,300415,伊之密,25.8,25.73,26.0,25.6,8120200.0
20251226,300416,苏试试验,18.28,18.42,18.87,18.18,34077100.0
20251226,300417,南华仪器,13.87,13.82,14.04,13.67,2928600.0
20251226,300418,昆仑万维,39.65,39.69,40.33,39.44,34433300.0
20251226,300420,五洋自控,4.01,3.95,4.01,3.93,21472500.0
20251226,300421,力星股份,30.81,29.64,31.21,28.93,52485800.0
20251226,300422,博世科,4.68,4.63,4.72,4.62,6697100.0
20251226,300423,昇辉科技,9.08,8.95,9.11,8.81,36118100.0
20251226,300424,航新科技,18.81,18.36,18.94,18.22,21193100.0
20251226,300425,中建环能,5.05,5.0,5.06,4.99,5790900.0
20251226,300426,华智数媒,8.0,7.99,8.09,7.94,5640600.0
20251226,300427,红相股份,12.9,12.76,13.29,12.6,107976900.0
20251226,300428,立中集团,23.5,23.92,24.5,23.32,22345600.0
20251226,300429,强力新材,14.4,14.18,14.42,14.01,24346100.0
20251226,300432,富临精工,16.51,16.21,16.69,16.08,80075300.0
20251226,300433,蓝思科技,29.0,28.71,29.04,28.5,59997200.0
20251226,300434,金石亚药,10.66,10.79,10.96,10.64,14256500.0
20251226,300435,中泰股份,23.21,22.92,23.23,22.45,18456700.0
20251226,300436,广生堂,90.85,90.7,92.0,89.66,4358600.0
20251226,300437,清水源,17.0,18.26,19.26,16.88,56404700.0
20251226,300438,鹏辉能源,58.71,57.69,59.03,56.02,32021100.0
20251226,300439,美康生物,10.01,9.95,10.03,9.93,2517200.0
20251226,300440,运达科技,12.23,12.04,12.23,11.88,6958800.0
20251226,300441,鲍斯股份,7.68,7.59,7.69,7.57,4768600.0
20251226,300442,润泽科技,50.5,50.07,50.9,50.0,19725000.0
20251226,300443,金雷股份,28.58,28.77,29.07,28.54,7721800.0
20251226,300444,双杰电气,10.45,10.29,10.45,10.15,74882300.0
20251226,300445,康斯特,25.5,25.77,26.9,25.21,18629600.0
20251226,300446,航天智造,25.81,25.55,26.35,25.15,90586400.0
20251226,300447,全信股份,18.09,17.96,18.41,17.78,22793600.0
20251226,300448,浩云科技,7.96,8.04,8.3,7.9,35278000.0
20251226,300449,汉邦高科,7.29,7.66,7.72,7.29,16436100.0
20251226,300450,先导智能,51.0,50.83,52.27,49.91,87424000.0
20251226,300451,创业慧康,4.91,4.86,4.93,4.83,26253700.0
20251226,300452,山河药辅,13.59,13.34,13.63,13.27,5174700.0
20251226,300453,三鑫医疗,8.9,8.86,8.94,8.83,3812300.0
20251226,300454,深信服,110.81,113.4,116.15,110.5,4812700.0
20251226,300455,航天智装,29.52,30.65,32.05,29.08,106203900.0
20251226,300456,赛微电子,58.3,57.32,59.88,56.07,92868100.0
20251226,300457,赢合科技,26.96,26.93,27.41,26.7,14596000.0
20251226,300458,全志科技,42.29,42.0,42.76,41.86,14320500.0
20251226,300459,汤姆猫,4.47,4.48,4.52,4.45,68035600.0
20251226,300461,田中精机,19.83,19.24,19.83,19.23,2034900.0
20251226,300463,迈克生物,11.54,11.47,11.56,11.42,2859600.0
20251226,300464,星徽股份,6.71,6.42,6.72,6.4,17794400.0
20251226,300465,高伟达,19.81,19.65,20.11,19.61,14552900.0
20251226,300466,赛摩智能,9.88,9.84,9.97,9.77,6439200.0
20251226,300467,迅游科技,27.8,27.05,28.3,26.86,7014600.0
20251226,300468,四方精创,35.76,37.0,37.85,35.7,71352800.0
20251226,300469,信息发展,64.73,64.27,65.28,64.01,5218400.0
20251226,300470,中密控股,37.41,37.22,37.58,36.91,2660300.0
20251226,300471,厚普股份,13.11,12.91,13.36,12.83,21417500.0
20251226,300473,德尔股份,29.53,29.09,30.15,29.02,3492200.0
20251226,300474,景嘉微,75.16,74.28,75.79,74.15,11475300.0
20251226,300475,香农芯创,152.22,159.33,164.0,152.0,53167100.0
20251226,300476,胜宏科技,295.94,291.99,297.15,290.0,30009000.0
20251226,300478,杭州高新,32.97,32.4,33.02,32.33,3839800.0
20251226,300479,神思电子,18.83,18.81,18.94,18.62,3483900.0
20251226,300480,光力科技,17.22,16.73,17.25,16.7,7789100.0
20251226,300481,濮阳惠成,15.86,15.63,15.86,15.61,5938300.0
20251226,300482,万孚生物,19.84,19.75,19.86,19.71,3150000.0
20251226,300483,首华燃气,15.26,14.91,15.26,14.9,8056400.0
20251226,300484,蓝海华腾,19.2,18.95,19.21,18.91,3717000.0
20251226,300485,赛升药业,10.86,10.73,10.86,10.7,3692500.0
20251226,300487,蓝晓科技,61.5,62.3,62.62,61.25,3769500.0
20251226,300488,恒锋工具,31.83,31.52,31.95,31.21,1694200.0
20251226,300489,光智科技,49.18,52.19,53.98,48.66,11927600.0
20251226,300490,华自科技,12.41,12.43,12.72,12.36,32360800.0
20251226,300491,通合科技,26.94,26.3,26.98,26.1,13615100.0
20251226,300492,华图山鼎,75.23,74.51,75.55,73.7,1306400.0
20251226,300493,润欣科技,19.0,18.79,19.05,18.72,14203600.0
20251226,300494,盛天网络,11.99,11.95,12.05,11.83,6979900.0
20251226,300496,中科创达,66.16,65.87,67.17,65.75,10118900.0
20251226,300497,富祥股份,15.55,16.08,16.69,14.71,88917100.0
20251226,300498,温氏股份,16.65,16.73,16.76,16.57,28925500.0
20251226,300499,高澜股份,31.31,30.66,31.82,30.42,36978600.0
20251226,300500,启迪设计,14.01,14.1,14.22,13.9,5352600.0
20251226,300501,海顺新材,15.19,15.1,15.39,15.1,2498700.0
20251226,300502,新易盛,441.0,445.3,450.0,435.79,24906900.0
20251226,300503,昊志机电,46.0,46.72,49.56,45.88,72628500.0
20251226,300504,天邑股份,15.09,14.99,15.15,14.8,4894500.0
20251226,300505,川金诺,22.62,22.98,23.25,22.51,19805000.0
20251226,300506,名家汇,4.21,4.15,4.22,4.13,10216800.0
20251226,300507,苏奥传感,9.43,9.33,9.49,9.25,28081600.0
20251226,300508,维宏股份,35.23,34.93,36.65,34.8,4524600.0
20251226,300509,新美星,12.75,12.96,13.03,12.63,10119300.0
20251226,300510,金冠股份,4.27,4.25,4.28,4.21,15337300.0
20251226,300511,雪榕生物,6.32,6.38,6.48,6.32,12210500.0
20251226,300512,中亚股份,10.68,10.55,11.1,10.52,17326500.0
20251226,300513,恒实科技,9.93,9.77,9.97,9.73,6894500.0
20251226,300514,友讯达,13.51,13.37,13.55,13.32,2396200.0
20251226,300515,三德科技,19.9,19.66,19.93,19.64,2062000.0
20251226,300516,久之洋,71.0,76.73,80.0,70.0,25979500.0
20251226,300517,海波重科,11.35,11.25,11.45,11.22,2410900.0
20251226,300518,新迅达,17.0,17.89,18.25,16.61,21054500.0
20251226,300519,新光药业,15.41,15.21,15.45,15.18,2649000.0
20251226,300520,科大国创,37.5,37.48,38.49,37.02,41179400.0
20251226,300521,爱司凯,28.79,28.72,28.82,28.39,2197700.0
20251226,300522,世名科技,12.71,12.71,12.78,12.57,4054400.0
20251226,300523,辰安科技,23.05,23.95,23.95,22.95,7113500.0
20251226,300525,博思软件,13.5,13.42,13.58,13.38,12102300.0
20251226,300528,幸福蓝海,19.27,20.07,20.35,19.27,20940200.0
20251226,300529,健帆生物,20.16,20.12,20.29,20.1,3377600.0
20251226,300530,领湃科技,27.59,27.7,29.66,27.59,5241700.0
20251226,300531,优博讯,17.71,17.69,17.96,17.66,6218000.0
20251226,300532,今天国际,11.88,11.8,11.96,11.78,3643300.0
20251226,300533,冰川网络,34.49,34.36,35.0,34.11,5307300.0
20251226,300534,陇神戎发,9.7,9.54,9.7,9.52,7241500.0
20251226,300535,达威股份,18.19,17.85,18.28,17.8,2462200.0
20251226,300536,农尚环境,7.2,7.11,7.2,7.06,5580500.0
20251226,300537,广信材料,23.2,22.75,23.28,22.7,8037200.0
20251226,300538,同益股份,16.31,16.03,16.31,15.97,7488300.0
20251226,300539,横河精密,38.7,38.81,40.43,38.21,9216300.0
20251226,300540,蜀道装备,19.13,19.46,19.99,18.95,8048300.0
20251226,300541,先进数通,14.63,14.57,14.75,14.51,8907100.0
20251226,300542,新晨科技,19.54,19.8,20.2,19.5,15475600.0
20251226,300543,朗科智能,10.8,10.88,10.9,10.68,7769000.0
20251226,300545,联得装备,31.71,31.5,32.08,31.42,6832800.0
20251226,300546,雄帝科技,25.14,25.12,25.57,24.88,9492700.0
20251226,300547,川环科技,40.47,40.01,41.65,39.61,18436000.0
20251226,300548,长芯博创,145.5,142.47,147.39,140.9,21891000.0
20251226,300549,优德精密,18.98,18.83,19.22,18.76,3651500.0
20251226,300550,和仁科技,14.32,14.06,14.38,14.0,3630300.0
20251226,300551,古鳌科技,16.0,17.23,18.5,15.86,48954300.0
20251226,300552,万集科技,30.88,32.3,33.0,30.73,26443600.0
20251226,300553,集智股份,40.86,39.89,41.8,39.73,8387800.0
20251226,300554,三超新材,24.24,23.64,24.39,23.59,3546500.0
20251226,300556,丝路视觉,18.93,18.74,19.04,18.64,2601500.0
20251226,300557,理工光科,36.85,37.7,39.3,36.22,14906500.0
20251226,300558,贝达药业,47.87,47.48,47.97,47.17,3638700.0
20251226,300559,佳发教育,12.23,12.24,12.44,12.05,8163400.0
20251226,300560,中富通,17.0,16.82,17.25,16.79,16261500.0
20251226,300561,汇金科技,14.55,14.65,15.24,14.52,8256600.0
20251226,300562,乐心医疗,13.57,13.56,13.64,13.47,3549500.0
20251226,300563,神宇股份,37.81,37.15,38.0,36.4,9752200.0
20251226,300564,筑博设计,15.6,15.49,15.74,15.34,1609500.0
20251226,300565,科信技术,12.86,12.87,13.08,12.69,13560600.0
20251226,300566,激智科技,18.59,18.43,18.68,18.4,3346600.0
20251226,300567,精测电子,84.29,85.6,86.77,83.0,9153600.0
20251226,300568,星源材质,15.19,16.2,16.5,14.97,167062800.0
20251226,300569,天能重工,5.87,5.85,5.91,5.79,15824600.0
20251226,300570,太辰光,118.03,117.25,120.55,115.11,14738800.0
20251226,300571,平治信息,27.6,27.63,28.01,27.42,2366600.0
20251226,300572,安车检测,28.52,28.66,28.97,28.42,3486200.0
20251226,300573,兴齐眼药,68.5,68.56,69.06,68.01,4312000.0
20251226,300575,中旗股份,5.96,5.9,5.98,5.88,5039400.0
20251226,300576,容大感光,41.0,40.11,41.18,39.8,20121300.0
20251226,300577,开润股份,21.91,21.27,21.93,21.23,3589600.0
20251226,300578,会畅科技,20.39,20.72,21.57,20.19,15957500.0
20251226,300579,数字认证,29.21,29.42,29.61,28.91,3882100.0
20251226,300580,贝斯特,24.66,24.66,25.31,24.46,10141500.0
20251226,300581,晨曦航空,16.45,16.46,16.77,16.22,24971500.0
20251226,300582,英飞特,14.77,14.8,15.05,14.61,7031300.0
20251226,300583,赛托生物,13.91,13.72,14.03,13.7,1956900.0
20251226,300584,海辰药业,51.47,51.96,53.93,50.62,7583000.0
20251226,300586,美联新材,11.21,11.22,11.53,11.08,20914500.0
20251226,300587,天铁科技,6.83,6.06,6.83,5.95,119370300.0
20251226,300588,熙菱信息,28.59,28.16,28.6,28.03,3565300.0
20251226,300589,江龙船艇,19.6,19.43,19.94,19.14,42609500.0
20251226,300590,移为通信,12.6,12.61,12.7,12.46,6596800.0
20251226,300591,万里马,9.54,9.98,10.52,9.44,69521500.0
20251226,300592,华凯易佰,10.82,10.68,10.86,10.68,7064400.0
20251226,300593,新雷能,29.51,30.0,30.92,29.05,54947600.0
20251226,300595,欧普康视,15.06,15.03,15.11,14.95,6007400.0
20251226,300596,利安隆,43.42,42.86,43.74,42.5,6227900.0
20251226,300597,吉大通信,9.13,9.15,9.49,9.06,9134000.0
20251226,300598,诚迈科技,46.0,47.16,48.42,46.0,13528000.0
20251226,300599,雄塑科技,7.48,7.41,7.52,7.4,4784800.0
20251226,300600,国瑞科技,14.93,14.89,14.95,14.66,6567200.0
20251226,300601,康泰生物,15.19,15.12,15.27,15.08,6316100.0
20251226,300602,飞荣达,34.8,33.31,34.85,32.96,38095600.0
20251226,300603,立昂技术,9.68,9.75,9.82,9.68,6678900.0
20251226,300604,长川科技,107.52,105.03,108.12,104.09,32270300.0
20251226,300605,恒锋信息,16.1,15.91,16.16,15.79,6748200.0
20251226,300606,金太阳,22.55,22.61,22.9,22.28,4632600.0
20251226,300607,拓斯达,31.2,31.5,31.9,31.02,33967900.0
20251226,300608,思特奇,10.93,10.91,11.02,10.85,4246200.0
20251226,300609,汇纳科技,39.0,37.89,39.15,37.73,5050700.0
20251226,300610,晨化股份,12.06,11.91,12.16,11.87,3483200.0
20251226,300611,美力科技,27.08,26.61,27.28,26.44,6455600.0
20251226,300612,宣亚国际,16.36,16.28,16.44,16.01,13786500.0
20251226,300613,富瀚微,46.07,45.4,46.2,45.36,2791700.0
20251226,300614,百川畅银,12.3,12.32,12.36,12.2,2158600.0
20251226,300615,欣天科技,13.45,13.38,13.6,13.32,3985700.0
20251226,300616,尚品宅配,14.23,14.11,14.33,14.09,3226000.0
20251226,300617,安靠智电,31.85,32.3,33.2,31.63,2991700.0
20251226,300618,寒锐钴业,45.0,45.08,45.63,44.42,10962700.0
20251226,300619,金银河,45.5,46.42,47.6,45.17,18184500.0
20251226,300620,光库科技,153.58,152.68,156.98,150.12,13164200.0
20251226,300621,维业股份,8.56,8.46,8.61,8.44,3247600.0
20251226,300622,博士眼镜,30.22,30.36,30.84,29.93,11560000.0
20251226,300623,捷捷微电,27.69,27.52,27.86,27.43,9731000.0
20251226,300624,万兴科技,67.35,67.45,68.06,66.85,5498200.0
20251226,300625,三雄极光,12.09,11.91,12.18,11.89,1672600.0
20251226,300626,华瑞股份,14.29,14.37,14.69,14.14,8943800.0
20251226,300627,华测导航,33.63,34.15,34.69,33.33,29297800.0
20251226,300628,亿联网络,36.85,36.68,36.99,36.5,4532700.0
20251226,300629,新劲刚,21.76,23.33,24.56,21.74,67413000.0
20251226,300631,久吾高科,29.39,29.19,29.5,28.95,3475000.0
20251226,300632,光莆股份,14.34,14.12,14.36,14.04,12224100.0
20251226,300633,开立医疗,26.7,26.55,26.8,26.47,2409400.0
20251226,300634,彩讯股份,24.43,24.23,24.59,24.1,8617700.0
20251226,300635,中达安,16.34,15.89,16.35,15.86,3423500.0
20251226,300636,同和药业,7.62,7.55,7.64,7.54,6466300.0
20251226,300637,扬帆新材,12.22,12.02,12.28,11.96,5134200.0
20251226,300638,广和通,27.7,28.25,28.77,27.54,42386200.0
20251226,300639,凯普生物,5.55,5.49,5.56,5.47,4977800.0
20251226,300640,德艺文创,8.64,8.9,9.07,8.4,63404500.0
20251226,300641,正丹股份,17.83,17.8,17.94,17.74,4536100.0
20251226,300642,透景生命,19.21,18.77,19.25,18.66,4187100.0
20251226,300643,万通智控,19.45,19.07,19.52,19.01,3763100.0
20251226,300644,南京聚隆,34.58,34.22,35.04,34.16,2750700.0
20251226,300645,正元智慧,18.46,18.25,18.57,18.21,2893000.0
20251226,300647,超频三,7.2,7.22,7.31,7.14,30598400.0
20251226,300648,星云股份,57.6,56.01,58.49,55.71,7506300.0
20251226,300649,杭州园林,14.43,14.31,14.53,14.28,2049900.0
20251226,300650,太龙股份,17.1,16.96,17.35,16.88,7698400.0
20251226,300651,金陵体育,20.85,20.7,20.97,20.54,4770400.0
20251226,300652,雷迪克,52.98,52.29,53.8,52.27,2334100.0
20251226,300653,正海生物,20.68,20.39,20.75,20.34,1764800.0
20251226,300654,世纪天鸿,9.43,9.38,9.48,9.32,6664400.0
20251226,300655,晶瑞电材,17.5,17.06,17.5,16.8,80601600.0
20251226,300656,民德电子,22.91,22.39,23.0,22.33,4048700.0
20251226,300657,弘信电子,28.22,27.72,28.24,27.65,13554400.0
20251226,300658,延江股份,12.96,12.97,13.64,12.77,20665300.0
20251226,300659,中孚信息,15.55,15.69,16.09,15.48,12252700.0
20251226,300660,江苏雷利,52.0,53.14,54.37,51.88,21708700.0
20251226,300661,圣邦股份,69.87,69.28,70.36,69.02,17463600.0
20251226,300662,科锐国际,25.18,24.95,25.26,24.81,2647200.0
20251226,300663,科蓝软件,17.2,17.1,17.34,17.01,7206700.0
20251226,300664,鹏鹞环保,5.44,5.43,5.47,5.4,9567700.0
20251226,300665,飞鹿股份,9.82,9.86,9.92,9.69,7323400.0
20251226,300666,江丰电子,96.5,94.66,96.8,94.0,9630400.0
20251226,300667,必创科技,17.73,17.61,17.86,17.45,8218000.0
20251226,300668,杰恩股份,26.61,26.79,27.83,25.8,17627100.0
20251226,300669,沪宁股份,27.05,27.75,28.5,26.8,3182200.0
20251226,300670,大烨智能,8.21,8.0,8.21,7.91,8171000.0
20251226,300671,富满微,33.05,32.85,33.45,32.75,3549700.0
20251226,300672,国科微,105.0,106.78,109.5,103.5,10210400.0
20251226,300673,佩蒂股份,18.73,18.21,18.74,18.14,6543700.0
20251226,300674,宇信科技,22.62,22.61,22.83,22.47,11439200.0
20251226,300675,建科院,15.51,15.77,15.99,15.4,4857700.0
20251226,300676,华大基因,45.71,45.88,46.18,45.63,2966900.0
20251226,300677,英科医疗,43.52,40.55,44.2,39.42,26075800.0
20251226,300678,中科信息,30.22,29.95,30.34,29.82,5233200.0
20251226,300679,电连技术,49.05,48.95,49.93,48.66,5072000.0
20251226,300680,隆盛科技,53.45,52.53,55.4,52.08,24438800.0
20251226,300681,英搏尔,24.72,24.61,25.2,24.52,7066100.0
20251226,300682,朗新科技,15.78,15.5,15.83,15.48,13685700.0
20251226,300683,海特生物,28.59,28.42,28.77,28.19,2538400.0
20251226,300684,中石科技,52.78,51.35,52.93,50.71,21789600.0
20251226,300685,艾德生物,20.59,20.58,20.8,20.52,3048700.0
20251226,300686,智动力,15.1,15.44,15.49,14.95,12903200.0
20251226,300687,赛意信息,22.11,22.06,22.37,21.89,6590800.0
20251226,300688,创业黑马,28.65,28.89,29.55,28.65,10940100.0
20251226,300689,澄天伟业,44.58,44.41,45.19,44.21,1090900.0
20251226,300690,双一科技,31.88,31.37,31.98,31.2,6428600.0
20251226,300691,联合光电,17.17,17.05,17.27,16.99,3467600.0
20251226,300692,中赋科技,8.34,8.27,8.38,8.23,6233200.0
20251226,300693,盛弘股份,40.3,40.1,40.85,39.88,8654500.0
20251226,300694,蠡湖股份,12.32,12.1,12.36,12.1,4789800.0
20251226,300695,兆丰股份,90.95,88.65,91.94,87.71,1345300.0
20251226,300696,爱乐达,28.28,28.04,28.88,27.63,13748600.0
20251226,300697,电工合金,16.81,17.3,17.45,16.73,26924100.0
20251226,300698,万马科技,42.48,42.6,43.3,42.12,5432100.0
20251226,300699,光威复材,33.33,34.87,36.66,33.13,101640000.0
20251226,300700,岱勒新材,12.77,12.72,12.98,12.58,8607500.0
20251226,300701,森霸传感,13.42,13.39,13.62,13.11,13163100.0
20251226,300702,天宇股份,24.01,23.77,24.24,23.77,1556400.0
20251226,300703,创源股份,25.6,25.66,25.9,25.27,14681500.0
20251226,300705,九典制药,15.39,15.28,15.39,15.24,4597500.0
20251226,300706,阿石创,36.81,36.11,37.0,36.0,5942200.0
20251226,300707,威唐工业,16.56,16.63,16.88,16.45,10496700.0
20251226,300708,聚灿光电,8.87,8.84,8.92,8.78,16520900.0
20251226,300709,精研科技,46.9,46.14,47.1,45.73,7344800.0
20251226,300710,万隆光电,30.59,29.59,30.61,29.15,12251900.0
20251226,300711,广哈通信,22.59,23.22,23.27,22.53,7408500.0
20251226,300712,永福股份,28.1,28.0,28.35,27.6,4512900.0
20251226,300713,英可瑞,17.81,17.53,17.83,17.39,3737200.0
20251226,300715,凯伦股份,10.57,10.39,10.64,10.37,3279800.0
20251226,300717,华信新材,19.39,18.97,19.42,18.91,1277500.0
20251226,300718,长盛轴承,84.32,83.78,85.32,82.8,11038500.0
20251226,300719,安达维尔,17.6,17.61,17.88,17.43,10304200.0
20251226,300720,海川智能,30.98,32.42,33.5,30.32,9446900.0
20251226,300721,怡达股份,13.1,12.89,13.18,12.87,2399600.0
20251226,300722,新余国科,34.5,35.69,36.48,34.44,18139000.0
20251226,300723,一品红,35.45,34.79,35.58,34.48,11511600.0
20251226,300724,捷佳伟创,92.88,97.6,101.0,92.18,33594600.0
20251226,300725,药石科技,39.26,38.93,39.33,38.56,3795300.0
20251226,300726,宏达电子,55.0,53.91,55.5,53.35,21982100.0
20251226,300727,润禾材料,36.08,35.39,36.45,35.28,4907100.0
20251226,300729,乐歌股份,13.85,13.8,13.93,13.8,2386000.0
20251226,300730,科创信息,13.47,13.47,13.95,13.32,16881800.0
20251226,300731,科创新源,60.57,58.38,62.6,57.57,16875700.0
20251226,300732,设研院,7.59,7.58,7.64,7.55,4987800.0
20251226,300733,西菱动力,18.92,18.81,19.39,18.74,14991100.0
20251226,300735,光弘科技,25.11,24.87,25.25,24.8,8662000.0
20251226,300736,百邦科技,15.8,15.23,15.88,15.13,10757200.0
20251226,300737,科顺股份,5.41,5.59,5.68,5.38,43306100.0
20251226,300738,奥飞数据,18.43,18.49,18.58,18.31,19760200.0
20251226,300739,明阳电路,18.23,18.79,19.0,18.21,36370200.0
20251226,300740,水羊股份,21.9,21.77,22.13,21.63,10000500.0
20251226,300741,华宝股份,18.9,18.95,19.26,18.66,2897000.0
20251226,300743,天地数码,21.1,21.31,21.49,20.92,4399200.0
20251226,300745,欣锐科技,27.84,26.96,28.2,26.9,7268900.0
20251226,300746,汉嘉数智,12.78,12.68,12.89,12.62,4297600.0
20251226,300747,锐科激光,26.8,26.89,27.13,26.46,14870000.0
20251226,300748,金力永磁,34.71,34.45,34.95,34.25,30125400.0
20251226,300749,顶固集创,11.7,12.26,12.5,11.39,20697300.0
20251226,300750,宁德时代,372.96,374.43,378.0,370.1,25723700.0
20251226,300751,迈为股份,174.9,171.1,179.65,168.18,9547500.0
20251226,300752,隆利科技,18.03,18.07,18.42,17.95,3772800.0
20251226,300753,爱朋医疗,28.7,28.38,29.28,28.11,5949000.0
20251226,300755,华致酒行,18.3,18.25,18.72,18.15,5621200.0
20251226,300756,金马游乐,61.74,57.7,61.82,56.91,5384100.0
20251226,300757,罗博特科,247.81,232.01,250.0,228.26,9210600.0
20251226,300758,七彩化学,13.0,12.88,13.1,12.84,5837200.0
20251226,300759,康龙化成,29.49,29.46,29.66,29.18,13747700.0
20251226,300760,迈瑞医疗,201.25,199.99,201.88,199.61,4123400.0
20251226,300761,立华股份,20.29,20.3,20.51,20.2,5459200.0
20251226,300762,上海瀚讯,38.08,39.09,39.99,37.88,125152900.0
20251226,300763,锦浪科技,73.52,74.18,75.69,73.3,16362000.0
20251226,300765,石药创新,39.38,36.88,39.56,36.81,18946900.0
20251226,300766,每日互动,30.96,31.68,32.06,30.91,20468200.0
20251226,300767,震安科技,21.44,21.2,21.65,21.01,8563800.0
20251226,300768,迪普科技,18.75,18.84,19.08,18.68,6330500.0
20251226,300769,德方纳米,47.45,46.19,48.6,46.12,35648600.0
20251226,300770,新媒股份,43.63,43.97,44.21,43.08,3304600.0
20251226,300771,智莱科技,15.51,15.43,15.72,15.28,19989600.0
20251226,300772,运达股份,19.13,19.13,19.5,18.91,10028900.0
20251226,300773,拉卡拉,23.53,23.62,24.16,23.5,48357300.0
20251226,300774,倍杰特,18.23,20.17,20.58,17.8,33394700.0
20251226,300775,三角防务,30.52,30.37,30.9,30.0,29263000.0
20251226,300776,帝尔激光,60.45,60.96,61.59,60.45,4696200.0
20251226,300777,中简科技,35.8,36.59,38.45,35.7,40970300.0
20251226,300778,新城市,12.71,12.89,13.16,12.65,6126100.0
20251226,300779,惠城环保,148.99,144.83,149.01,143.51,4516000.0
20251226,300780,德恩精工,19.16,19.1,19.58,18.8,11473800.0
20251226,300781,因赛集团,33.04,33.06,33.25,32.61,3112700.0
20251226,300782,卓胜微,76.09,75.04,76.48,74.62,8354100.0
20251226,300783,三只松鼠,23.56,23.38,23.69,23.34,7879100.0
20251226,300784,利安科技,50.15,49.76,50.42,49.73,370400.0
20251226,300785,值得买,39.7,39.44,39.88,38.87,10230100.0
20251226,300786,国林科技,16.85,16.53,17.0,16.4,8371600.0
20251226,300787,海能实业,11.66,11.48,11.66,11.48,5018800.0
20251226,300788,中信出版,27.52,27.52,27.6,27.31,1238200.0
20251226,300789,唐源电气,22.22,21.7,22.22,21.6,1336300.0
20251226,300790,宇瞳光学,29.9,29.79,30.48,29.4,12601900.0
20251226,300791,仙乐健康,25.48,25.21,25.6,25.01,2281400.0
20251226,300792,壹网壹创,27.02,26.81,27.23,26.76,4749100.0
20251226,300793,佳禾智能,16.04,15.97,16.14,15.82,7894300.0
20251226,300795,米奥会展,13.58,13.49,13.58,13.45,1876900.0
20251226,300796,贝斯美,8.69,8.64,8.75,8.61,3208700.0
20251226,300797,钢研纳克,16.72,16.61,16.78,16.5,4518500.0
20251226,300798,锦鸡股份,7.17,7.1,7.19,7.07,4705600.0
20251226,300800,力合科技,12.0,11.77,12.14,11.75,2904700.0
20251226,300801,泰和科技,28.04,28.3,29.06,27.64,13043000.0
20251226,300802,矩子科技,19.23,19.02,19.35,18.96,2847300.0
20251226,300803,指南针,133.62,135.15,140.27,133.57,37558600.0
20251226,300804,广康生化,35.6,34.91,35.6,34.9,562200.0
20251226,300805,电声股份,10.59,10.37,10.61,10.31,8094400.0
20251226,300806,斯迪克,29.78,29.78,30.2,29.38,11088800.0
20251226,300807,天迈科技,53.85,54.3,54.8,52.72,3404100.0
20251226,300808,久量股份,29.7,30.7,30.89,29.66,3603700.0
20251226,300809,华辰装备,36.04,37.25,37.74,35.9,8266500.0
20251226,300810,中科海讯,39.11,38.76,39.48,38.65,2185000.0
20251226,300811,铂科新材,73.8,72.89,73.8,72.01,5913100.0
20251226,300812,易天股份,29.5,29.16,29.58,28.88,9047400.0
20251226,300813,泰林生物,25.38,24.71,25.38,24.45,1990700.0
20251226,300814,中富电路,81.0,79.22,81.6,77.73,7630600.0
20251226,300815,玉禾田,22.6,22.32,22.77,22.31,7078500.0
20251226,300816,艾可蓝,44.14,48.8,48.8,43.41,5961300.0
20251226,300817,双飞集团,20.52,20.22,20.67,20.02,6773900.0
20251226,300818,耐普矿机,34.6,35.35,35.82,33.81,3615300.0
20251226,300819,聚杰微纤,28.9,34.57,34.57,28.81,14391100.0
20251226,300820,英杰电气,49.0,49.07,49.66,48.74,2711800.0
20251226,300821,东岳硅材,13.01,12.79,13.6,12.69,106550700.0
20251226,300822,贝仕达克,16.38,16.15,16.51,16.14,3950000.0
20251226,300823,建科智能,15.69,15.29,15.75,15.29,2234100.0
20251226,300824,北鼎股份,11.57,11.41,11.57,11.37,3312300.0
20251226,300825,阿尔特,9.69,9.57,9.7,9.54,5210300.0
20251226,300826,测绘股份,17.09,16.75,17.23,16.66,2273500.0
20251226,300827,上能电气,38.2,37.53,38.78,37.49,45203600.0
20251226,300828,锐新科技,16.11,16.0,16.26,15.92,2297700.0
20251226,300829,金丹科技,16.95,16.8,16.99,16.75,2602600.0
20251226,300830,金现代,10.12,10.07,10.16,10.01,6262000.0
20251226,300832,新产业,58.55,58.5,59.19,58.0,1704100.0
20251226,300833,浩洋股份,42.44,41.08,42.59,40.64,1112600.0
20251226,300834,星辉环材,22.06,21.92,22.07,21.8,800500.0
20251226,300835,龙磁科技,67.86,66.97,68.14,66.21,2665300.0
20251226,300836,佰奥智能,57.34,57.05,58.35,56.5,2054600.0
20251226,300837,浙矿股份,34.18,33.33,34.18,32.89,3651700.0
20251226,300838,浙江力诺,15.76,15.69,16.18,15.62,4579000.0
20251226,300839,博汇股份,12.48,12.21,12.54,12.2,2685900.0
20251226,300840,酷特智能,16.38,16.73,17.2,16.17,10698400.0
20251226,300841,康华生物,74.2,74.79,75.97,73.95,1650200.0
20251226,300842,帝科股份,62.45,63.39,66.31,62.42,9388300.0
20251226,300843,胜蓝股份,52.8,51.83,53.25,51.73,7803600.0
20251226,300844,山水比德,34.5,34.23,35.19,33.76,1520000.0
20251226,300845,捷安高科,11.35,11.28,11.5,11.26,3596200.0
20251226,300846,首都在线,19.19,21.7,22.5,19.09,64431900.0
20251226,300847,中船汉光,17.08,17.03,17.23,16.93,4365000.0
20251226,300848,美瑞新材,14.85,14.81,14.93,14.71,3316800.0
20251226,300849,锦盛新材,16.25,15.86,16.25,15.72,2270600.0
20251226,300850,新强联,43.16,43.19,43.9,42.91,9711400.0
20251226,300851,交大思诺,27.05,26.58,27.07,26.55,764200.0
20251226,300852,四会富仕,38.33,38.14,38.87,37.89,3732400.0
20251226,300853,申昊科技,20.77,20.41,20.95,20.25,2621900.0
20251226,300854,中兰环保,16.63,16.55,17.01,16.29,3162100.0
20251226,300855,图南股份,32.71,32.71,33.5,32.18,8670800.0
20251226,300856,科思股份,13.79,13.61,13.83,13.51,7999700.0
20251226,300857,协创数据,140.93,146.0,146.97,138.55,12003900.0
20251226,300858,科拓生物,17.25,16.76,17.65,16.72,4886400.0
20251226,300859,西域旅游,37.89,37.39,37.96,37.0,4754100.0
20251226,300860,锋尚文化,27.32,27.51,27.98,27.11,3174300.0
20251226,300861,美畅股份,14.98,14.86,15.08,14.85,4549400.0
20251226,300862,蓝盾光电,23.36,22.96,23.55,22.77,4005100.0
20251226,300863,卡倍亿,50.66,50.01,51.78,49.65,2914900.0
20251226,300864,南大环境,19.94,19.72,19.98,19.69,899000.0
20251226,300865,大宏立,27.62,27.12,27.62,26.93,1166400.0
20251226,300866,安克创新,114.8,113.63,114.98,113.28,3747300.0
20251226,300867,圣元环保,19.84,19.69,19.97,19.66,6381400.0
20251226,300868,杰美特,30.2,29.6,30.2,29.36,1622900.0
20251226,300869,康泰医学,15.43,15.34,15.44,15.28,2222200.0
20251226,300870,欧陆通,231.5,226.82,233.0,222.0,5718400.0
20251226,300871,回盛生物,20.84,20.61,20.89,20.57,3280800.0
20251226,300872,天阳科技,19.8,19.84,20.15,19.7,18075900.0
20251226,300873,海晨股份,22.39,22.23,22.7,22.21,3381100.0
20251226,300875,捷强装备,40.8,40.94,41.3,40.7,2742600.0
20251226,300876,蒙泰高新,39.11,39.28,40.0,38.51,3596800.0
20251226,300877,金春股份,28.8,28.29,29.98,28.0,5846000.0
20251226,300878,维康药业,25.87,25.58,26.29,25.4,2949000.0
20251226,300879,大叶股份,29.6,29.06,29.69,29.0,3909500.0
20251226,300880,迦南智能,18.0,17.78,18.04,17.72,1600600.0
20251226,300881,盛德鑫泰,35.68,34.86,35.99,34.7,2538200.0
20251226,300882,万胜智能,19.33,19.15,19.45,19.08,3860800.0
20251226,300883,龙利得,7.05,6.91,7.09,6.88,13404500.0
20251226,300884,狄耐克,15.06,15.06,15.39,14.93,11509600.0
20251226,300885,海昌新材,25.07,26.2,26.4,24.55,27845300.0
20251226,300886,华业香料,26.2,25.77,26.26,25.71,1021200.0
20251226,300887,谱尼测试,9.2,9.26,9.56,9.11,52235000.0
20251226,300888,稳健医疗,38.21,38.08,38.28,37.8,2395000.0
20251226,300889,爱克股份,21.92,21.27,22.1,21.17,6760900.0
20251226,300890,翔丰华,30.64,30.27,30.88,30.22,5930500.0
20251226,300891,惠云钛业,8.87,9.22,9.38,8.85,15006700.0
20251226,300892,品渥食品,32.06,31.75,32.29,31.68,2890600.0
20251226,300893,松原安全,25.08,24.66,25.17,24.5,3783900.0
20251226,300894,火星人,11.46,11.23,11.46,11.2,3987000.0
20251226,300895,铜牛信息,43.85,45.13,45.48,43.61,4809500.0
20251226,300896,爱美客,143.0,144.33,145.58,142.7,2740800.0
20251226,300897,山科智能,26.4,26.3,26.9,26.27,1790800.0
20251226,300898,熊猫乳品,28.0,28.06,28.45,27.78,5460900.0
20251226,300899,上海凯鑫,32.43,33.3,33.88,32.2,893700.0
20251226,300900,广联航空,34.73,35.07,37.45,34.02,111541900.0
20251226,300901,中胤时尚,16.47,16.62,17.17,16.32,2645200.0
20251226,300902,国安达,21.5,21.93,22.2,21.47,8346300.0
20251226,300903,科翔股份,18.66,18.88,19.55,18.56,32816500.0
20251226,300904,威力传动,64.32,63.99,64.78,63.1,1105500.0
20251226,300905,宝丽迪,32.71,32.08,32.71,31.97,2745700.0
20251226,300906,日月明,36.42,37.1,37.13,35.38,3647100.0
20251226,300907,康平科技,29.75,29.18,29.9,29.12,1896900.0
20251226,300908,仲景食品,28.41,28.08,28.55,28.05,1279600.0
20251226,300909,汇创达,47.26,47.18,48.75,46.8,3458700.0
20251226,300910,瑞丰新材,58.88,58.3,60.0,57.8,2456400.0
20251226,300911,亿田智能,34.05,34.38,34.68,33.81,1627400.0
20251226,300912,凯龙高科,16.73,16.5,16.87,16.48,2898300.0
20251226,300913,兆龙互连,54.4,53.81,54.88,53.59,6638500.0
20251226,300915,海融科技,25.18,24.42,25.18,24.3,1168800.0
20251226,300916,朗特智能,34.27,32.64,34.55,32.48,7009300.0
20251226,300917,特发服务,40.12,39.98,40.53,39.72,3772800.0
20251226,300918,南山智尚,17.15,17.17,17.55,17.08,18881400.0
20251226,300919,中伟新材,45.99,45.55,46.29,44.65,16626400.0
20251226,300920,润阳科技,44.66,43.86,45.15,43.53,3007300.0
20251226,300921,南凌科技,23.05,22.68,23.17,22.65,3319600.0
20251226,300922,天秦装备,23.0,22.87,23.08,22.66,3909600.0
20251226,300923,研奥股份,25.53,25.38,25.64,25.3,972800.0
20251226,300925,法本信息,20.67,20.62,20.94,20.45,8602000.0
20251226,300926,博俊科技,32.09,32.13,33.15,32.05,10093400.0
20251226,300927,江天化学,23.4,23.4,23.7,23.32,1881900.0
20251226,300928,华安鑫创,31.5,31.38,32.0,31.06,1347000.0
20251226,300929,华骐环保,10.91,10.81,11.02,10.8,2795500.0
20251226,300930,屹通新材,30.07,29.85,30.37,29.84,721400.0
20251226,300931,通用电梯,11.31,11.25,11.48,11.2,6032800.0
20251226,300932,三友联众,12.49,12.2,12.49,12.15,4809200.0
20251226,300933,中辰股份,8.28,8.44,8.71,8.17,27580000.0
20251226,300935,盈建科,31.55,32.18,32.5,31.11,2701000.0
20251226,300936,中英科技,37.37,36.74,37.37,36.55,944700.0
20251226,300937,药易购,34.72,35.08,36.0,34.51,10518900.0
20251226,300938,信测标准,32.49,32.69,32.85,31.77,7409800.0
20251226,300939,秋田微,35.52,34.65,35.56,34.45,5072600.0
20251226,300940,南极光,30.91,31.03,31.44,30.64,8276100.0
20251226,300941,创识科技,23.46,23.16,23.7,23.02,12621900.0
20251226,300942,易瑞生物,9.9,9.67,9.91,9.66,8874800.0
20251226,300943,春晖智控,20.9,20.81,21.23,20.52,12852800.0
20251226,300945,曼卡龙,17.05,17.1,17.35,17.0,9641800.0
20251226,300946,恒而达,52.33,52.07,52.93,51.33,3590500.0
20251226,300947,德必集团,20.8,20.88,21.24,20.42,9013600.0
20251226,300948,冠中生态,21.43,20.58,21.55,20.41,8385400.0
20251226,300949,奥雅股份,39.56,39.15,39.67,39.01,951400.0
20251226,300950,德固特,23.1,22.85,23.33,22.78,2903400.0
20251226,300951,博硕科技,34.68,34.23,34.68,34.09,1301500.0
20251226,300952,恒辉安防,35.8,35.69,37.15,35.5,9678000.0
20251226,300953,震裕科技,149.14,148.17,151.98,146.66,4244700.0
20251226,300956,英力股份,16.41,16.53,16.75,16.28,4431800.0
20251226,300957,贝泰妮,40.73,40.48,40.97,40.46,3709800.0
20251226,300958,建工修复,12.57,12.44,12.65,12.43,2317400.0
20251226,300959,线上线下,106.17,109.47,113.03,104.99,6273800.0
20251226,300960,通业科技,27.19,26.55,27.22,26.44,1970300.0
20251226,300961,深水海纳,14.15,14.12,14.46,14.1,3824100.0
20251226,300962,中金辐照,16.63,16.36,16.68,16.3,3572300.0
20251226,300963,中洲特材,21.64,21.53,21.96,21.16,34318000.0
20251226,300964,本川智能,58.0,57.38,58.66,56.48,4652700.0
20251226,300965,恒宇信通,65.4,67.59,69.53,64.2,4038800.0
20251226,300966,共同药业,20.33,19.89,20.33,19.88,1362700.0
20251226,300967,晓鸣股份,19.3,19.19,19.5,19.11,4317900.0
20251226,300968,格林精密,14.9,14.87,15.02,14.76,8362800.0
20251226,300969,恒帅股份,114.7,117.84,119.71,112.76,3515400.0
20251226,300970,华绿生物,19.51,19.25,19.95,18.74,15243600.0
20251226,300971,博亚精工,24.24,24.42,25.33,24.15,6155900.0
20251226,300972,万辰集团,200.01,202.4,205.87,196.67,1588200.0
20251226,300973,立高食品,44.04,43.87,44.58,43.3,2387700.0
20251226,300975,商络电子,12.65,12.59,12.82,12.53,16655400.0
20251226,300976,达瑞电子,60.21,59.92,60.8,59.7,1331100.0
20251226,300977,深圳瑞捷,17.48,17.19,17.89,17.18,1921200.0
20251226,300978,东箭科技,13.33,13.32,13.7,13.15,23766400.0
20251226,300979,华利集团,52.35,52.71,53.14,52.1,2165000.0
20251226,300980,祥源新材,28.93,28.82,29.43,28.5,5974800.0
20251226,300981,中红医疗,12.94,12.82,13.02,12.8,3510000.0
20251226,300982,苏文电能,20.58,19.65,20.73,19.56,6758900.0
20251226,300983,尤安设计,27.89,28.2,28.8,27.18,2134100.0
20251226,300984,金沃股份,68.56,66.91,70.88,66.5,5078500.0
20251226,300985,致远新能,18.68,18.89,19.85,18.68,3132900.0
20251226,300986,志特新材,10.35,10.22,10.37,10.2,5092900.0
20251226,300987,川网传媒,16.71,16.59,16.78,16.46,1597000.0
20251226,300988,津荣天宇,23.86,23.25,23.86,23.13,4287600.0
20251226,300989,蕾奥规划,17.6,17.8,17.85,17.43,12777400.0
20251226,300990,同飞股份,96.62,94.7,97.23,93.01,8730600.0
20251226,300991,创益通,39.33,41.33,44.9,39.31,9620100.0
20251226,300992,泰福泵业,26.96,26.47,27.22,26.25,2609500.0
20251226,300993,玉马科技,14.87,15.35,15.55,14.69,20119900.0
20251226,300994,久祺股份,16.03,15.7,16.06,15.67,2254000.0
20251226,300995,奇德新材,39.53,38.45,39.68,38.34,1694700.0
20251226,300996,普联软件,16.45,16.38,16.62,16.35,4999300.0
20251226,300997,欢乐家,27.9,27.93,29.58,27.55,24160200.0
20251226,300998,宁波方正,22.4,22.11,22.6,22.0,2340100.0
20251226,300999,金龙鱼,29.08,29.12,29.24,28.99,7050700.0
20251226,301000,肇民科技,37.88,37.37,38.59,37.23,4892300.0
20251226,301001,凯淳股份,28.63,28.33,28.73,28.21,1878200.0
20251226,301002,崧盛股份,34.95,35.29,36.0,34.19,8453700.0
20251226,301003,江苏博云,41.44,41.02,41.44,40.51,1036100.0
20251226,301004,嘉益股份,51.12,50.67,51.21,50.6,403300.0
20251226,301005,超捷股份,133.0,137.0,140.4,133.0,27647000.0
20251226,301006,迈拓股份,16.82,16.4,16.82,16.34,1634100.0
20251226,301007,德迈仕,37.65,36.51,37.68,36.41,3228200.0
20251226,301008,宏昌科技,34.43,34.78,35.35,34.2,3234600.0
20251226,301009,可靠股份,12.99,12.78,13.02,12.76,3604700.0
20251226,301010,晶雪节能,22.15,23.18,23.18,22.01,8627200.0
20251226,301011,华立科技,25.5,25.29,25.6,25.18,1538100.0
20251226,301012,扬电科技,25.89,25.87,26.19,25.53,5163500.0
20251226,301013,利和兴,27.94,27.25,27.94,27.06,13865800.0
20251226,301015,百洋医药,24.21,23.93,24.25,23.73,4523500.0
20251226,301016,雷尔伟,20.5,20.2,20.85,20.01,3875700.0
20251226,301017,漱玉平民,17.7,18.98,19.81,17.6,49305300.0
20251226,301018,申菱环境,66.54,64.47,67.36,63.9,16177100.0
20251226,301019,宁波色母,24.05,23.39,24.06,23.33,4903900.0
20251226,301020,密封科技,22.11,21.79,22.11,21.58,2060700.0
20251226,301021,英诺激光,44.48,43.37,44.89,42.91,13133600.0
20251226,301022,海泰科,32.4,31.98,32.69,31.92,2637400.0
20251226,301023,奕帆传动,41.8,40.44,41.85,40.39,4352000.0
20251226,301024,霍普股份,35.48,35.39,35.98,35.22,756900.0
20251226,301026,浩通科技,31.6,30.66,31.88,30.4,14988100.0
20251226,301027,华蓝集团,18.1,18.23,18.59,17.9,7159200.0
20251226,301028,鼎熔岩,15.55,15.25,15.56,15.01,11288300.0
20251226,301029,怡合达,26.0,26.0,26.35,25.65,8992400.0
20251226,301031,中熔电气,112.18,111.55,113.57,111.25,1118600.0
20251226,301032,新柴股份,12.4,12.14,12.44,12.13,2861700.0
20251226,301033,迈普医学,69.3,69.56,69.99,68.76,602900.0
20251226,301035,润丰股份,73.16,70.01,73.16,69.3,1853100.0
20251226,301036,双乐股份,34.5,34.75,35.33,34.5,6082600.0
20251226,301037,保立佳,14.65,14.31,14.79,14.25,1375600.0
20251226,301038,深水规院,23.09,22.82,23.19,22.76,3235600.0
20251226,301039,中集车辆,10.16,10.03,10.24,9.94,17192300.0
20251226,301040,中环海陆,30.17,29.94,30.49,29.54,4419900.0
20251226,301041,金百泽,27.7,27.22,27.86,27.2,3022300.0
20251226,301042,安联锐视,85.03,81.6,85.03,80.35,1290700.0
20251226,301043,绿岛风,64.34,66.43,68.0,62.2,5738400.0
20251226,301045,天禄科技,27.96,26.96,27.98,26.93,2270100.0
20251226,301046,能辉科技,25.83,26.07,27.0,25.83,5727700.0
20251226,301047,义翘神州,67.5,67.4,67.73,67.03,535400.0
20251226,301048,金鹰重工,11.59,11.47,11.63,11.4,3425500.0
20251226,301049,超越科技,21.28,21.21,21.8,20.94,1421900.0
20251226,301050,雷电微力,50.8,50.75,51.5,49.7,14553100.0
20251226,301051,信濠光电,20.05,19.87,20.19,19.86,1503800.0
20251226,301052,果麦文化,38.58,38.7,39.05,38.25,3182400.0
20251226,301053,远信工业,34.32,33.3,34.35,33.16,606100.0
20251226,301055,张小泉,20.36,19.7,20.38,19.65,1666100.0
20251226,301056,森赫股份,13.92,15.08,15.1,13.8,10972000.0
20251226,301057,汇隆新材,31.66,32.22,32.88,31.22,3112600.0
20251226,301058,中粮科工,11.01,11.04,11.17,10.98,7269500.0
20251226,301059,金三江,12.95,12.86,13.14,12.82,2455100.0
20251226,301060,兰卫医学,9.66,9.5,9.69,9.47,3992900.0
20251226,301061,匠心家居,94.04,93.1,95.02,91.01,2381700.0
20251226,301062,上海艾录,8.46,8.4,8.55,8.35,10053300.0
20251226,301063,海锅股份,24.8,24.36,24.9,24.26,2182500.0
20251226,301065,本立科技,21.61,21.34,21.69,21.33,1008100.0
20251226,301066,万事利,16.68,16.58,16.82,16.4,7600800.0
20251226,301067,显盈科技,32.85,33.55,34.45,32.16,6959000.0
20251226,301068,大地海洋,25.75,25.33,25.79,25.18,651800.0
20251226,301069,凯盛新材,28.86,30.82,30.88,28.21,57910800.0
20251226,301070,开勒股份,63.06,61.47,63.06,60.53,2296700.0
20251226,301071,力量钻石,36.01,36.39,36.89,36.01,7340900.0
20251226,301072,中捷精工,22.15,21.84,22.3,21.77,1101800.0
20251226,301073,君亭酒店,26.51,26.85,27.24,26.33,5852200.0
20251226,301075,多瑞医药,53.57,51.49,53.57,51.42,1289400.0
20251226,301076,新瀚新材,44.03,43.87,45.18,43.6,7495600.0
20251226,301077,星华新材,27.51,26.94,27.76,26.85,4129000.0
20251226,301078,孩子王,10.53,10.52,10.75,10.48,50673900.0
20251226,301079,邵阳液压,33.65,31.87,36.56,31.47,29949000.0
20251226,301080,百普赛斯,55.21,54.1,55.3,53.88,856900.0
20251226,301081,严牌股份,10.4,10.23,10.52,10.22,2259200.0
20251226,301082,久盛电气,18.41,18.28,18.51,18.07,9838200.0
20251226,301083,百胜智能,18.94,18.72,18.99,18.67,3299900.0
20251226,301085,亚康股份,50.87,50.64,51.08,50.5,692800.0
20251226,301086,鸿富瀚,114.61,111.76,117.5,109.6,3095000.0
20251226,301087,可孚医疗,45.64,44.97,45.64,44.61,1299600.0
20251226,301088,戎美股份,17.17,17.31,17.59,16.82,4575000.0
20251226,301089,拓新药业,28.9,28.65,28.93,28.55,1681400.0
20251226,301090,华润材料,7.13,7.04,7.16,7.04,4411600.0
20251226,301091,深城交,26.6,26.45,26.8,26.14,8063100.0
20251226,301092,争光股份,37.25,36.96,37.99,36.56,3988200.0
20251226,301093,华兰股份,49.8,48.57,49.8,47.83,3761800.0
20251226,301095,广立微,71.1,71.08,72.35,70.5,4314500.0
20251226,301096,百诚医药,55.0,55.93,56.98,53.48,5116000.0
20251226,301097,天益医疗,51.66,52.11,52.94,51.39,1095400.0
20251226,301098,金埔园林,8.63,8.6,8.75,8.6,3532100.0
20251226,301099,雅创电子,44.02,43.6,44.59,43.36,3762200.0
20251226,301100,风光股份,22.55,21.86,22.64,21.72,1646800.0
20251226,301101,明月镜片,39.28,39.02,39.5,38.81,1942700.0
20251226,301102,兆讯传媒,10.64,10.46,10.68,10.45,2926400.0
20251226,301103,何氏眼科,19.67,19.54,19.81,19.48,1232500.0
20251226,301105,鸿铭股份,48.5,47.2,48.5,47.0,497100.0
20251226,301106,骏成科技,29.61,29.63,30.08,29.4,991900.0
20251226,301107,瑜欣电子,28.26,27.92,28.44,27.81,841700.0
20251226,301108,洁雅股份,33.87,33.44,34.2,33.32,955500.0
20251226,301109,军信股份,15.19,15.12,15.34,15.03,7194800.0
20251226,301110,青木科技,64.6,63.83,64.76,63.58,1025500.0
20251226,301111,粤万年青,19.85,19.84,20.16,19.77,7291500.0
20251226,301112,信邦智能,38.92,38.52,39.14,38.2,1844600.0
20251226,301113,雅艺科技,24.99,25.75,26.96,24.82,4596800.0
20251226,301115,联检科技,16.09,15.98,16.24,15.95,1852400.0
20251226,301116,益客食品,11.42,11.42,11.55,11.28,5313200.0
20251226,301118,恒光股份,25.01,24.57,25.39,24.31,5853900.0
20251226,301119,正强股份,50.8,49.71,51.16,49.28,1672900.0
20251226,301120,新特电气,18.95,18.8,19.29,18.5,22409200.0
20251226,301121,紫建电子,40.56,40.15,40.97,40.06,1517700.0
20251226,301122,采纳股份,26.75,27.55,27.88,26.68,2172200.0
20251226,301123,奕东电子,76.18,76.5,77.26,73.8,28286200.0
20251226,301125,腾亚精工,17.66,17.37,17.79,17.2,1973100.0
20251226,301126,达嘉维康,12.79,13.36,13.65,12.78,19948700.0
20251226,301127,武汉天源,15.7,16.17,16.33,15.51,24582300.0
20251226,301128,强瑞技术,104.79,102.7,108.83,101.88,8218200.0
20251226,301129,瑞纳智能,24.3,24.03,24.48,24.01,928900.0
20251226,301130,西点药业,29.17,28.96,29.3,28.92,681900.0
20251226,301131,聚赛龙,47.25,46.36,47.25,46.24,648700.0
20251226,301132,满坤科技,34.1,33.66,34.1,33.5,1793700.0
20251226,301133,金钟股份,34.11,36.3,36.89,33.77,11679900.0
20251226,301135,瑞德智能,27.85,27.3,27.91,27.26,1692900.0
20251226,301136,招标股份,20.57,21.06,21.95,20.35,40944400.0
20251226,301137,哈焊华通,48.0,48.94,49.85,47.48,16969200.0
20251226,301138,华研精机,39.48,38.8,39.59,38.59,2292500.0
20251226,301141,中科磁业,53.98,53.57,54.6,53.47,2185100.0
20251226,301148,嘉戎技术,46.44,46.26,47.03,45.6,3211200.0
20251226,301149,隆华新材,10.7,10.59,10.7,10.51,3716300.0
20251226,301150,中一科技,42.15,42.8,43.56,41.86,14857900.0
20251226,301151,冠龙节能,19.1,18.88,19.1,18.82,1448700.0
20251226,301152,天力锂能,31.95,32.29,33.1,31.66,9422100.0
20251226,301153,中科江南,20.13,20.04,20.35,20.0,2978900.0
20251226,301155,海力风电,81.55,81.21,82.49,80.64,1356100.0
20251226,301156,美农生物,17.65,17.53,17.74,17.48,1453400.0
20251226,301157,华塑科技,52.87,51.58,52.87,51.22,807000.0
20251226,301158,德石股份,22.15,22.12,22.35,21.93,6498900.0
20251226,301159,三维天地,36.29,35.77,36.49,35.6,1917400.0
20251226,301160,翔楼新材,64.6,64.1,65.12,63.5,2058400.0
20251226,301161,唯万密封,33.75,33.3,33.99,33.18,3438000.0
20251226,301162,国能日新,52.9,51.3,53.14,51.28,1542600.0
20251226,301163,宏德股份,26.8,26.4,27.19,26.29,1233400.0
20251226,301165,锐捷网络,81.7,82.8,84.5,80.52,8248200.0
20251226,301166,优宁维,30.04,29.75,30.45,29.72,949100.0
20251226,301167,建研设计,16.52,16.27,16.57,16.19,1736000.0
20251226,301168,通灵股份,46.61,45.62,46.99,45.6,2205800.0
20251226,301169,零点有数,48.53,48.6,48.9,47.9,957700.0
20251226,301170,锡南科技,28.1,27.8,28.16,27.66,1084100.0
20251226,301171,易点天下,35.0,34.95,35.4,34.46,40444500.0
20251226,301172,君逸数码,22.74,22.36,22.95,22.22,3368500.0
20251226,301173,毓恬冠佳,46.25,45.6,46.26,45.31,756100.0
20251226,301175,中科环保,5.78,6.06,6.09,5.78,66678700.0
20251226,301176,逸豪新材,26.02,25.9,26.5,25.68,3392200.0
20251226,301177,迪阿股份,29.11,29.16,29.43,29.11,1075100.0
20251226,301178,天亿马,48.35,48.3,49.28,48.1,1461500.0
20251226,301179,泽宇智能,16.22,15.98,16.33,15.97,2563700.0
20251226,301180,万祥科技,17.54,17.14,17.63,17.03,5263800.0
20251226,301181,标榜股份,38.99,46.37,46.37,38.83,8976000.0
20251226,301182,凯旺科技,44.91,43.0,45.15,42.3,4682700.0
20251226,301183,东田微,167.8,164.42,169.66,159.0,11054200.0
20251226,301185,鸥玛软件,18.9,18.84,18.97,18.64,2317100.0
20251226,301186,超达装备,47.47,46.89,47.69,46.72,878100.0
20251226,301187,欧圣电气,26.7,26.25,26.94,26.08,4406200.0
20251226,301188,力诺药包,17.76,17.53,17.78,17.5,3364300.0
20251226,301189,奥尼电子,39.53,39.48,39.86,38.92,2697000.0
20251226,301190,善水科技,21.74,21.32,21.82,21.3,1302700.0
20251226,301191,菲菱科思,110.19,116.54,124.1,108.16,7982300.0
20251226,301192,泰祥股份,30.11,29.79,31.46,29.67,1960100.0
20251226,301193,家联科技,22.74,22.59,22.99,22.38,3122300.0
20251226,301195,北路智控,33.6,33.17,33.63,33.11,647900.0
20251226,301196,唯科科技,78.99,76.55,79.1,76.3,3590800.0
20251226,301197,工大科雅,19.71,19.84,20.36,19.5,2586600.0
20251226,301198,喜悦智行,11.95,11.66,12.06,11.65,2894300.0
20251226,301199,迈赫股份,23.29,23.01,23.7,22.97,5105800.0
20251226,301200,大族数控,121.4,120.18,122.56,118.67,2816300.0
20251226,301201,诚达药业,41.5,41.95,44.3,41.4,6365400.0
20251226,301202,朗威股份,41.93,41.13,42.47,40.79,2253700.0
20251226,301203,国泰环保,32.69,32.36,32.86,32.26,535400.0
20251226,301205,联特科技,175.58,169.4,177.48,167.62,11429800.0
20251226,301206,三元生物,27.24,26.93,27.24,26.87,825000.0
20251226,301207,华兰疫苗,19.2,19.05,19.29,19.02,5250700.0
20251226,301208,中亦科技,39.21,39.64,40.58,39.21,10348100.0
20251226,301209,联合化学,106.8,103.23,106.8,101.4,1608100.0
20251226,301210,金杨精密,36.78,36.25,36.8,36.08,1547900.0
20251226,301211,亨迪药业,12.63,12.48,12.63,12.44,4180400.0
20251226,301212,联盛化学,29.51,28.72,29.51,28.5,818000.0
20251226,301215,中汽股份,6.87,6.92,7.0,6.81,18482700.0
20251226,301216,万凯新材,17.66,17.32,17.82,17.22,11432200.0
20251226,301217,铜冠铜箔,37.48,37.3,37.93,36.6,42069600.0
20251226,301218,华是科技,23.99,23.84,24.17,23.61,4754500.0
20251226,301219,腾远钴业,67.01,67.0,67.64,66.01,6172000.0
20251226,301220,亚香股份,37.27,37.47,37.86,37.27,985900.0
20251226,301221,光庭信息,51.39,52.08,52.88,51.39,3733600.0
20251226,301222,浙江恒威,29.45,29.25,29.74,29.12,979400.0
20251226,301223,中荣股份,18.78,18.53,18.78,18.5,1285600.0
20251226,301225,恒勃股份,109.61,115.91,118.56,109.02,2492700.0
20251226,301226,祥明智能,32.93,32.44,33.93,32.07,6760400.0
20251226,301227,森鹰窗业,48.72,52.08,54.44,48.72,3525600.0
20251226,301228,实朴检测,40.21,40.71,41.38,40.21,2372900.0
20251226,301229,纽泰格,20.75,20.54,20.91,20.48,3001200.0
20251226,301230,泓博医药,29.6,29.37,29.96,29.2,2276900.0
20251226,301231,荣信文化,29.93,29.37,30.06,29.35,3509000.0
20251226,301232,飞沃科技,126.0,139.0,139.0,123.51,9654400.0
20251226,301233,盛帮股份,51.6,50.52,51.68,50.44,895700.0
20251226,301234,五洲医疗,42.31,40.9,42.31,40.72,987100.0
20251226,301235,华康洁净,45.36,42.87,47.0,42.68,15640400.0
20251226,301236,软通动力,46.76,46.67,47.18,46.32,11467700.0
20251226,301237,和顺科技,48.05,48.62,49.77,47.46,1530100.0
20251226,301238,瑞泰新材,20.98,21.21,21.8,20.81,23179500.0
20251226,301239,普瑞眼科,31.3,31.22,31.53,31.07,718500.0
20251226,301246,宏源药业,24.81,26.88,26.88,24.01,47678900.0
20251226,301248,杰创智能,31.23,31.16,31.9,30.81,8591100.0
20251226,301251,威尔高,55.35,54.51,55.48,54.15,3372900.0
20251226,301252,同星科技,30.38,30.35,31.08,30.0,7531900.0
20251226,301255,通力科技,28.49,28.35,28.78,28.22,1415800.0
20251226,301256,华融化学,15.12,14.79,15.24,14.62,26878200.0
20251226,301257,普蕊斯,50.89,50.52,51.09,50.01,1007600.0
20251226,301258,富士莱,33.43,32.7,33.43,32.68,715400.0
20251226,301259,艾布鲁,33.74,33.12,34.32,33.06,3665800.0
20251226,301260,格力博,16.61,16.47,16.91,16.46,3009400.0
20251226,301261,恒工精密,82.2,81.34,82.99,80.51,1813700.0
20251226,301262,海看股份,24.11,23.87,24.31,23.81,4456100.0
20251226,301263,泰恩康,28.62,28.3,28.83,28.16,3417800.0
20251226,301265,华新科技,12.29,12.13,12.3,11.99,3886700.0
20251226,301267,华厦眼科,18.3,18.21,18.32,18.1,3340600.0
20251226,301268,铭利达,18.99,18.76,19.07,18.48,4853600.0
20251226,301269,华大九天,108.0,109.95,110.06,106.57,5131600.0
20251226,301270,汉仪股份,37.32,36.98,37.48,36.5,3828800.0
20251226,301272,英华特,40.48,39.95,40.78,39.9,674500.0
20251226,301273,瑞晨环保,26.89,26.44,27.15,26.31,685800.0
20251226,301275,汉朔科技,53.3,52.9,53.43,52.8,1059000.0
20251226,301276,嘉曼服饰,29.8,29.09,30.98,28.87,4711300.0
20251226,301277,新天地,11.94,11.83,11.98,11.81,1482600.0
20251226,301278,快可电子,35.05,35.17,35.74,34.73,4172900.0
20251226,301279,金道科技,31.46,30.8,32.06,30.6,4066400.0
20251226,301280,珠城科技,51.11,51.81,53.23,50.7,4302700.0
20251226,301281,科源制药,28.31,29.65,30.58,28.17,5026000.0
20251226,301282,金禄电子,29.08,28.94,29.25,28.56,5767600.0
20251226,301283,聚胶股份,48.5,46.98,48.97,46.82,1832800.0
20251226,301285,鸿日达,68.0,67.78,69.19,67.45,1563600.0
20251226,301286,侨源股份,44.5,43.43,47.3,42.99,6443000.0
20251226,301287,康力源,42.89,41.75,42.89,41.62,825600.0
20251226,301288,清研环境,16.57,16.32,16.7,16.19,542900.0
20251226,301289,国缆检测,59.27,59.32,59.45,58.0,1787100.0
20251226,301290,东星医疗,25.69,25.28,25.69,25.26,596200.0
20251226,301291,明阳电气,42.98,43.05,43.48,42.22,5819600.0
20251226,301292,海科新源,63.92,72.0,72.0,60.0,41412700.0
20251226,301293,三博脑科,57.5,56.32,57.65,56.0,7302700.0
20251226,301295,美硕科技,28.89,28.78,29.54,28.53,1782500.0
20251226,301296,新巨丰,8.75,8.63,8.79,8.61,2969700.0
20251226,301297,富乐德,36.59,36.1,36.95,36.03,4446700.0
20251226,301298,东利机械,15.91,15.61,15.97,15.57,1745600.0
20251226,301299,卓创资讯,53.36,53.19,54.0,53.0,570000.0
20251226,301300,远翔新材,43.59,43.87,45.14,43.4,2155400.0
20251226,301301,川宁生物,10.18,10.2,10.27,10.13,10141000.0
20251226,301302,华如科技,22.88,22.69,23.0,22.49,2368700.0
20251226,301303,真兰仪表,15.32,15.2,15.38,15.12,1681900.0
20251226,301305,朗坤科技,22.26,22.44,22.53,22.0,5152900.0
20251226,301306,西测测试,112.5,122.6,131.99,112.5,18856100.0
20251226,301307,美利信,37.28,36.85,37.71,36.0,5360900.0
20251226,301308,江波龙,254.51,266.89,273.45,253.68,19889600.0
20251226,301309,万得凯,28.65,28.27,28.83,28.24,498800.0
20251226,301310,鑫宏业,44.05,43.54,44.82,43.39,1504500.0
20251226,301311,昆船智能,18.84,18.63,18.89,18.51,2427100.0
20251226,301312,智立方,51.5,50.37,51.7,50.01,2494700.0
20251226,301313,凡拓数创,26.22,26.17,26.55,25.91,1641100.0
20251226,301314,科瑞思,43.01,42.12,43.33,42.1,797600.0
20251226,301315,威士顿,56.88,56.89,58.8,56.8,4214100.0
20251226,301316,慧博云通,44.62,44.5,45.2,44.42,6450200.0
20251226,301317,鑫磊股份,32.89,32.34,32.89,32.27,1417300.0
20251226,301318,维海德,27.99,27.52,27.99,27.47,822600.0
20251226,301319,唯特偶,48.18,52.23,52.29,47.79,10051200.0
20251226,301320,豪江智能,16.98,16.81,17.13,16.75,1586900.0
20251226,301321,翰博高新,18.7,18.68,18.92,18.4,4005000.0
20251226,301322,绿通科技,28.4,27.89,28.4,27.75,1360000.0
20251226,301323,新莱福,56.91,55.8,56.97,55.41,1759100.0
20251226,301325,曼恩斯特,51.55,51.02,51.96,50.55,2039900.0
20251226,301326,捷邦科技,117.0,113.77,117.64,112.8,2188000.0
20251226,301327,华宝新能,57.27,60.25,63.66,57.07,6020400.0
20251226,301328,维峰电子,46.2,47.65,48.08,45.71,4423400.0
20251226,301329,信音电子,23.76,24.7,25.17,23.5,13614400.0
20251226,301330,熵基科技,29.41,29.28,29.69,29.12,2623400.0
20251226,301331,恩威医药,26.94,26.72,27.13,26.64,865400.0
20251226,301332,德尔玛,9.49,9.37,9.51,9.36,4163200.0
20251226,301333,诺思格,59.63,58.37,60.42,57.8,1932100.0
20251226,301335,天元宠物,29.76,29.23,29.86,29.0,2999800.0
20251226,301336,趣睡科技,53.17,52.99,53.72,52.58,843000.0
20251226,301337,亚华电子,27.8,27.57,27.92,27.39,1513400.0
20251226,301338,凯格精机,89.71,89.37,90.99,87.66,5395200.0
20251226,301339,通行宝,14.49,14.39,14.52,14.35,3439600.0
20251226,301345,涛涛车业,242.5,249.46,251.0,238.38,1014700.0
20251226,301348,蓝箭电子,20.62,20.48,20.73,20.42,3731900.0
20251226,301349,信德新材,48.85,48.22,49.39,47.64,3914300.0
20251226,301353,普莱得,27.05,26.7,27.2,26.62,744600.0
20251226,301355,南王科技,15.0,16.15,16.24,14.52,44007600.0
20251226,301356,天振股份,21.82,21.45,21.88,21.4,1970800.0
20251226,301357,北方长龙,143.1,141.2,145.81,140.26,3072800.0
20251226,301358,湖南裕能,73.04,70.92,73.97,68.06,41281900.0
20251226,301359,东南电子,19.32,18.99,19.37,18.98,1253000.0
20251226,301360,荣旗科技,72.0,72.5,73.54,71.03,1559700.0
20251226,301361,众智科技,33.63,33.08,33.72,33.02,2239700.0
20251226,301362,民爆光电,41.37,41.37,41.99,41.27,557600.0
20251226,301363,美好医疗,23.65,23.12,23.99,23.06,8486800.0
20251226,301365,矩阵股份,24.7,24.54,25.25,24.4,3472700.0
20251226,301366,一博科技,35.52,35.42,36.18,35.26,2631300.0
20251226,301367,瑞迈特,84.3,83.48,84.3,82.48,565800.0
20251226,301368,丰立智能,58.97,58.83,60.2,58.3,3850700.0
20251226,301369,联动科技,133.55,132.15,135.5,131.2,1386200.0
20251226,301370,国科恒泰,12.21,11.99,12.32,11.95,10962500.0
20251226,301371,敷尔佳,23.95,23.79,24.01,23.71,2045200.0
20251226,301372,科净源,25.82,25.3,25.96,25.3,917300.0
20251226,301373,凌玮科技,33.1,32.52,33.29,32.33,2713800.0
20251226,301376,致欧科技,19.1,18.76,19.11,18.75,1381100.0
20251226,301377,鼎泰高科,139.0,140.09,145.9,135.3,9940500.0
20251226,301378,通达海,28.2,27.86,28.33,27.73,1449800.0
20251226,301379,天山电子,26.57,26.55,26.97,26.4,5090000.0
20251226,301380,挖金客,31.84,31.67,31.98,31.48,849900.0
20251226,301381,赛维时代,20.9,20.87,20.95,20.69,2203100.0
20251226,301382,蜂助手,34.35,35.68,36.34,34.2,21322800.0
20251226,301383,天键股份,34.21,33.59,34.41,33.5,2769500.0
20251226,301386,未来电器,24.29,24.05,24.36,24.02,1331100.0
20251226,301387,光大同创,53.54,55.83,57.6,53.08,7542100.0
20251226,301388,欣灵电气,31.43,30.8,31.84,30.8,1486100.0
20251226,301389,隆扬电子,56.2,56.41,57.6,55.88,7420100.0
20251226,301390,经纬股份,34.06,33.6,34.24,33.5,604600.0
20251226,301391,卡莱特,81.9,79.36,82.28,79.18,1006000.0
20251226,301392,汇成真空,139.5,134.63,139.91,134.0,2796300.0
20251226,301393,昊帆生物,50.67,50.0,50.67,49.75,608500.0
20251226,301395,仁信新材,10.93,11.55,11.71,10.88,9982700.0
20251226,301396,宏景科技,62.5,64.55,65.0,62.0,11799600.0
20251226,301397,溯联股份,36.41,35.62,36.5,35.25,8217400.0
20251226,301398,星源卓镁,50.83,52.11,52.99,50.83,3766400.0
20251226,301399,英特科技,20.04,19.8,20.19,19.71,5302700.0
20251226,301408,华人健康,19.86,19.45,20.19,19.22,40770400.0
20251226,301413,安培龙,123.0,123.49,125.8,120.68,3955300.0
20251226,301418,协昌科技,36.92,36.6,36.96,36.53,693300.0
20251226,301419,阿莱德,34.81,34.92,36.57,34.51,5786300.0
20251226,301421,波长光电,113.3,107.82,113.9,106.98,8183700.0
20251226,301428,世纪恒通,33.53,33.33,33.76,33.2,1498700.0
20251226,301429,森泰股份,19.65,19.18,19.65,19.12,807600.0
20251226,301439,泓淋电力,15.39,15.18,15.42,15.12,4263300.0
20251226,301446,福事特,31.61,32.21,32.32,31.4,1608600.0
20251226,301448,开创电气,54.5,53.79,55.5,53.6,985100.0
20251226,301449,天溯计量,88.1,114.65,118.0,86.17,10263700.0
20251226,301456,盘古智能,31.07,32.2,32.58,31.06,7004900.0
20251226,301458,钧崴电子,33.09,32.67,33.09,32.57,1984400.0
20251226,301459,丰茂股份,44.17,44.14,45.0,43.9,1324200.0
20251226,301468,博盈特焊,55.06,58.66,60.24,54.52,13956100.0
20251226,301469,恒达新材,33.64,33.16,34.0,32.57,11057200.0
20251226,301479,弘景光电,87.08,85.81,87.18,85.66,695100.0
20251226,301486,致尚科技,109.5,109.71,114.75,106.5,6597300.0
20251226,301487,盟固利,21.83,22.48,23.17,21.79,27804300.0
20251226,301488,豪恩汽电,164.96,161.0,165.03,157.83,5012400.0
20251226,301489,思泉新材,218.61,213.58,220.93,211.01,5478700.0
20251226,301491,汉桑科技,55.98,56.34,57.39,55.55,967100.0
20251226,301498,乖宝宠物,68.3,67.8,68.36,67.51,1926300.0
20251226,301499,维科精密,30.18,29.82,30.27,29.55,2163300.0
20251226,301500,飞南资源,15.35,15.59,15.7,15.35,6246000.0
20251226,301501,恒鑫生活,44.16,43.58,44.48,43.45,1216800.0
20251226,301502,华阳智能,44.76,43.6,44.78,43.58,566800.0
20251226,301503,智迪科技,36.3,36.04,36.58,35.94,716800.0
20251226,301505,苏州规划,20.71,23.33,23.96,20.42,11408400.0
20251226,301507,民生健康,15.68,15.73,16.03,15.64,7134700.0
20251226,301508,中机认检,31.41,31.3,31.66,31.12,1699700.0
20251226,301509,金凯生科,34.67,34.21,34.81,34.02,1729400.0
20251226,301510,固高科技,35.8,35.53,36.14,34.91,13457000.0
20251226,301511,德福科技,38.97,38.59,40.18,38.2,47625400.0
20251226,301512,智信精密,43.75,43.11,44.5,42.86,691900.0
20251226,301515,港通医疗,20.5,20.2,20.61,20.11,854500.0
20251226,301516,中远通,15.98,15.72,15.99,15.66,2421300.0
20251226,301517,陕西华达,65.37,66.66,68.99,65.0,20573300.0
20251226,301518,长华化学,34.65,34.62,34.96,33.96,2524600.0
20251226,301519,舜禹股份,13.68,13.45,13.72,13.45,1828000.0
20251226,301520,万邦医药,40.6,39.85,40.6,39.78,345000.0
20251226,301522,上大股份,38.88,39.8,40.35,37.85,46388000.0
20251226,301525,儒竞科技,87.0,83.3,87.0,83.02,1291500.0
20251226,301526,国际复材,6.94,7.08,7.24,6.9,136242300.0
20251226,301528,多浦乐,70.33,68.8,70.7,68.5,1510600.0
20251226,301529,福赛科技,90.13,86.71,91.51,86.0,2559500.0
20251226,301533,威马农机,42.26,44.17,44.2,41.85,7034600.0
20251226,301535,浙江华远,21.1,20.89,21.37,20.75,4173600.0
20251226,301536,星宸科技,61.36,60.23,61.49,59.9,5683700.0
20251226,301538,骏鼎达,76.38,76.32,77.27,75.0,1297800.0
20251226,301539,宏鑫科技,21.15,20.76,21.16,20.6,3687100.0
20251226,301548,崇德科技,55.68,55.71,56.88,55.57,2353200.0
20251226,301550,斯菱智驱,108.8,108.82,111.75,106.8,5636900.0
20251226,301551,无线传媒,31.75,31.5,32.3,31.46,6584200.0
20251226,301552,科力装备,38.36,37.65,38.4,37.6,945100.0
20251226,301555,惠柏新材,33.0,32.64,33.5,32.55,2086100.0
20251226,301556,托普云农,99.17,98.79,99.78,98.0,1173600.0
20251226,301557,常友科技,140.0,141.1,142.2,138.1,491400.0
20251226,301558,三态股份,8.28,8.22,8.34,8.21,6606900.0
20251226,301559,中集环科,16.11,15.92,16.11,15.9,1284300.0
20251226,301560,众捷汽车,35.0,34.38,35.02,34.33,1336700.0
20251226,301563,云汉芯城,155.51,153.29,158.25,153.03,1775900.0
20251226,301565,中仑新材,25.18,25.22,25.47,24.93,5050800.0
20251226,301566,达利凯普,20.1,20.56,20.86,19.81,36170100.0
20251226,301567,贝隆精密,45.87,45.0,45.87,44.55,2149300.0
20251226,301568,思泰克,49.72,49.92,51.0,49.26,7029600.0
20251226,301571,国科天成,52.73,53.54,54.55,52.26,6894700.0
20251226,301575,艾芬达,48.99,48.75,49.13,48.61,698200.0
20251226,301577,美信科技,57.18,56.51,57.6,56.38,562900.0
20251226,301578,辰奕智能,34.45,33.92,34.45,33.81,736200.0
20251226,301580,爱迪特,43.62,43.19,43.84,43.06,840500.0
20251226,301581,黄山谷捷,47.83,47.12,47.88,47.06,610000.0
20251226,301584,建发致新,31.66,31.13,31.74,31.1,5040200.0
20251226,301585,蓝宇股份,31.1,30.71,31.52,30.66,2069600.0
20251226,301586,佳力奇,47.37,47.33,47.74,46.7,1397400.0
20251226,301587,中瑞股份,23.67,23.86,24.64,23.6,4015900.0
20251226,301588,美新科技,18.3,18.08,18.45,18.08,1224000.0
20251226,301589,诺瓦星云,158.0,156.0,158.0,155.58,610400.0
20251226,301590,优优绿能,182.06,180.5,185.42,179.31,475800.0
20251226,301591,肯特股份,39.49,40.13,40.68,39.49,1910100.0
20251226,301592,六九一二,125.8,123.37,126.76,122.27,1594900.0
20251226,301595,太力科技,41.87,42.37,43.23,41.48,3320600.0
20251226,301596,瑞迪智驱,74.8,74.28,75.35,73.78,838700.0
20251226,301598,博科测试,63.9,63.2,63.9,62.51,477800.0
20251226,301600,慧翰股份,134.8,134.99,136.64,132.26,1680800.0
20251226,301601,惠通科技,28.29,28.18,28.6,28.15,711400.0
20251226,301602,超研股份,22.23,21.96,22.28,21.9,1093900.0
20251226,301603,乔锋智能,75.23,74.27,75.6,73.58,1578000.0
20251226,301606,绿联科技,60.08,59.64,60.25,59.38,1342000.0
20251226,301607,富特科技,43.07,41.77,43.5,41.62,5761000.0
20251226,301608,博实结,86.7,85.96,86.95,84.7,1101100.0
20251226,301609,山大电力,42.2,42.21,42.56,42.13,1048000.0
20251226,301611,珂玛科技,82.55,85.81,89.66,80.2,32817200.0
20251226,301613,新铝时代,46.8,48.32,48.7,46.5,2976000.0
20251226,301616,浙江华业,51.51,51.1,51.52,50.53,1083100.0
20251226,301617,博苑新材,79.02,74.47,79.89,74.25,3340700.0
20251226,301618,长联科技,49.14,49.1,50.28,49.03,1156800.0
20251226,301622,英思特,65.51,64.77,65.51,64.3,1605200.0
20251226,301626,苏州天脉,194.01,190.5,194.87,187.0,1602000.0
20251226,301628,强达电路,93.86,92.58,94.01,92.11,2492000.0
20251226,301629,矽电股份,232.83,227.01,237.66,225.6,1415900.0
20251226,301630,同宇新材,175.38,173.78,175.8,172.95,465800.0
20251226,301631,壹连科技,107.52,104.69,107.58,104.42,1623100.0
20251226,301632,广东建科,24.4,24.13,24.4,24.08,1594200.0
20251226,301633,港迪技术,68.47,68.06,68.5,67.55,546000.0
20251226,301636,泽润新能,49.99,49.61,50.68,49.49,954900.0
20251226,301638,南网数字,19.81,19.62,20.16,19.4,33812700.0
20251226,301656,联合动力,27.14,26.72,27.14,26.55,7318400.0
20251226,301658,首航新能,29.51,29.75,30.27,29.5,4126500.0
20251226,301662,宏工科技,118.87,119.03,121.79,116.81,1914800.0
20251226,301665,泰禾股份,28.65,28.31,28.7,28.29,1548700.0
20251226,301667,纳百川,77.0,81.9,91.8,77.0,12926900.0
20251226,301668,昊创瑞通,50.0,49.07,50.02,49.03,1601200.0
20251226,301678,新恒汇,68.0,67.32,68.98,66.7,3332100.0
20251226,302132,中航成飞,78.5,77.96,78.9,77.12,11074700.0
20251226,600000,浦发银行,11.77,11.72,11.82,11.71,29816900.0
20251226,600004,白云机场,9.6,9.59,9.64,9.56,14559100.0
20251226,600006,东风股份,7.18,7.2,7.22,7.17,15275400.0
20251226,600007,中国国贸,19.7,19.53,19.7,19.4,2603700.0
20251226,600008,首创环保,3.03,3.03,3.05,3.03,42539100.0
20251226,600009,上海机场,33.65,33.38,33.91,33.21,12544400.0
20251226,600010,包钢股份,2.39,2.4,2.42,2.38,409424200.0
20251226,600011,华能国际,7.98,8.09,8.13,7.94,58403400.0
20251226,600012,皖通高速,14.9,15.16,15.22,14.86,5020900.0
20251226,600015,华夏银行,6.84,6.82,6.86,6.82,31306500.0
20251226,600016,民生银行,3.86,3.86,3.88,3.85,146563100.0
20251226,600017,日照港,3.03,3.02,3.04,3.01,18353300.0
20251226,600018,上港集团,5.55,5.52,5.56,5.52,24427600.0
20251226,600019,宝钢股份,7.19,7.35,7.37,7.18,96754700.0
20251226,600020,中原高速,4.35,4.31,4.36,4.3,8282400.0
20251226,600021,上海电力,19.88,21.86,21.86,19.83,185882300.0
20251226,600022,山东钢铁,1.53,1.53,1.57,1.52,102844200.0
20251226,600023,浙能电力,5.15,5.15,5.16,5.12,34626600.0
20251226,600025,华能水电,9.23,9.19,9.24,9.19,17374400.0
20251226,600026,中远海能,11.78,11.73,11.9,11.7,29927000.0
20251226,600027,华电国际,5.2,5.25,5.27,5.17,125774000.0
20251226,600028,中国石化,5.85,5.79,5.86,5.78,97182500.0
20251226,600029,南方航空,7.59,7.52,7.66,7.45,54637700.0
20251226,600030,中信证券,28.96,29.1,29.4,28.9,141352600.0
20251226,600031,三一重工,20.63,21.17,21.28,20.6,71579900.0
20251226,600032,浙江新能,7.5,7.51,7.55,7.47,7296700.0
20251226,600033,福建高速,4.47,4.41,4.52,4.38,91145800.0
20251226,600035,楚天高速,3.94,3.91,3.95,3.9,10628800.0
20251226,600036,招商银行,41.79,41.7,41.88,41.62,50881000.0
20251226,600037,歌华有线,7.32,7.31,7.36,7.29,11439300.0
20251226,600038,中直股份,35.79,35.64,35.85,35.41,8262100.0
20251226,600039,四川路桥,9.88,9.95,10.04,9.85,16616600.0
20251226,600048,保利发展,6.26,6.26,6.3,6.25,71982300.0
20251226,600050,中国联通,5.14,5.14,5.15,5.11,118407000.0
20251226,600051,宁波联合,7.7,7.6,7.7,7.58,3985100.0
20251226,600052,东望时代,4.71,4.69,4.75,4.66,12127600.0
20251226,600054,黄山旅游,11.39,11.38,11.41,11.33,3913300.0
20251226,600055,万东医疗,15.91,15.87,16.08,15.85,4012500.0
20251226,600056,中国医药,10.5,10.47,10.53,10.43,8550700.0
20251226,600057,厦门象屿,8.62,8.86,8.87,8.56,27561700.0
20251226,600058,五矿发展,10.36,10.47,10.58,10.14,25247700.0
20251226,600059,古越龙山,9.31,9.24,9.31,9.23,6508800.0
20251226,600060,海信视像,24.32,23.78,24.35,23.77,11388500.0
20251226,600061,国投资本,7.59,7.64,7.7,7.58,28757700.0
20251226,600062,华润双鹤,18.48,18.49,18.51,18.41,3920300.0
20251226,600063,皖维高新,6.08,6.08,6.13,6.05,24869000.0
20251226,600064,南京高科,8.35,8.44,8.49,8.33,18396600.0
20251226,600066,宇通客车,32.6,32.77,32.96,32.51,11180500.0
20251226,600067,冠城新材,4.33,4.28,4.37,4.23,44896500.0
20251226,600071,凤凰光学,21.07,20.83,21.08,20.7,3333000.0
20251226,600072,中船科技,11.63,11.66,11.7,11.57,9519800.0
20251226,600073,光明肉业,6.51,6.51,6.56,6.48,8026700.0
20251226,600075,新疆天业,4.77,4.77,4.81,4.74,15890900.0
20251226,600076,康欣新材,3.32,3.39,3.45,3.25,65897400.0
20251226,600078,澄星股份,10.0,10.29,10.5,9.98,41182900.0
20251226,600081,东风科技,11.85,11.78,12.01,11.76,2673800.0
20251226,600085,同仁堂,31.83,32.25,32.25,31.7,8735400.0
20251226,600088,中视传媒,16.09,16.02,16.15,16.0,2906800.0
20251226,600089,特变电工,23.01,23.46,23.79,22.99,204451700.0
20251226,600094,大名城,4.31,4.23,4.36,4.22,27529200.0
20251226,600095,湘财股份,11.29,11.28,11.46,11.24,32808700.0
20251226,600096,云天化,31.69,32.8,32.8,31.36,60987500.0
20251226,600097,开创国际,11.64,11.59,11.71,11.57,6174200.0
20251226,600098,广州发展,6.76,6.8,6.82,6.73,17927700.0
20251226,600099,林海股份,10.42,10.31,10.54,10.29,2712300.0
20251226,600100,同方股份,8.67,8.72,8.8,8.65,55580700.0
20251226,600101,明星电力,9.34,9.36,9.41,9.31,9880700.0
20251226,600103,青山纸业,4.45,4.29,4.51,4.25,401504700.0
20251226,600104,上汽集团,15.41,15.49,15.64,15.4,39319600.0
20251226,600105,永鼎股份,23.49,25.88,25.88,23.49,224695600.0
20251226,600106,重庆路桥,6.57,6.37,6.57,6.32,29330300.0
20251226,600108,亚盛集团,3.26,3.32,3.32,3.25,55607400.0
20251226,600109,国金证券,9.29,9.36,9.43,9.29,37257600.0
20251226,600110,诺德股份,7.4,7.39,7.5,7.25,93950800.0
20251226,600111,北方稀土,46.0,46.11,46.42,45.63,64855500.0
20251226,600113,浙江东日,68.5,64.66,68.63,64.33,10283800.0
20251226,600114,东睦股份,30.1,29.86,30.3,29.81,12002300.0
20251226,600115,中国东航,5.59,5.55,5.62,5.48,109067900.0
20251226,600116,三峡水利,6.52,6.64,6.76,6.5,21770000.0
20251226,600117,西宁特钢,2.84,2.88,2.89,2.84,25715100.0
20251226,600118,中国卫星,74.0,80.0,80.0,72.87,167812300.0
20251226,600120,浙江东方,6.13,6.16,6.23,6.11,52943100.0
20251226,600121,郑州煤电,4.24,4.29,4.3,4.23,31972100.0
20251226,600123,兰花科创,5.93,5.95,5.96,5.92,10179700.0
20251226,600125,铁龙物流,6.49,6.51,6.53,6.46,13141800.0
20251226,600126,杭钢股份,8.12,8.08,8.16,8.04,30456400.0
20251226,600127,金健米业,6.81,6.92,6.95,6.79,18986300.0
20251226,600128,苏豪弘业,11.04,10.97,11.14,10.91,5517100.0
20251226,600129,太极集团,18.18,18.15,18.26,18.02,4145500.0
20251226,600130,波导股份,4.13,4.14,4.24,4.12,17879700.0
20251226,600131,国网信通,16.28,16.34,16.39,16.18,7142000.0
20251226,600132,重庆啤酒,52.76,52.88,53.14,52.76,1374600.0
20251226,600133,东湖高新,9.17,9.22,9.28,9.14,16266900.0
20251226,600135,乐凯胶片,9.39,9.25,9.53,9.2,29946100.0
20251226,600137,浪莎股份,19.56,19.26,19.7,19.2,2650200.0
20251226,600138,中青旅,10.08,10.04,10.15,9.95,28888800.0
20251226,600141,兴发集团,34.9,34.96,35.41,34.68,16453800.0
20251226,600143,金发科技,18.83,18.68,18.86,18.49,71104800.0
20251226,600148,长春一东,19.98,19.6,19.98,19.55,1304700.0
20251226,600149,廊坊发展,5.12,5.08,5.14,5.07,5565300.0
20251226,600150,中国船舶,33.76,33.68,33.88,33.51,44913500.0
20251226,600151,航天机电,16.46,16.63,16.94,16.0,261469400.0
20251226,600152,维科技术,7.2,7.32,7.58,7.2,40546900.0
20251226,600153,建发股份,9.51,9.59,9.61,9.47,23044700.0
20251226,600155,华创云信,6.64,6.66,6.78,6.62,36586100.0
20251226,600156,华升股份,8.74,8.59,8.8,8.57,8407600.0
20251226,600157,永泰能源,1.6,1.6,1.61,1.59,438189700.0
20251226,600158,中体产业,8.85,8.8,8.91,8.76,14180400.0
20251226,600159,大龙地产,2.79,2.78,2.81,2.75,17703500.0
20251226,600160,巨化股份,38.12,37.87,38.53,37.5,18272700.0
20251226,600161,天坛生物,16.58,16.68,16.75,16.54,7921200.0
20251226,600162,香江控股,1.85,1.84,1.87,1.83,37221000.0
20251226,600163,中闽能源,5.93,5.88,6.06,5.86,34528300.0
20251226,600165,宁科生物,4.06,4.29,4.29,4.03,15086300.0
20251226,600166,福田汽车,2.87,2.89,2.92,2.86,111053200.0
20251226,600167,联美控股,7.17,7.15,7.25,7.13,12889200.0
20251226,600168,武汉控股,5.17,5.14,5.18,5.12,6196000.0
20251226,600170,上海建工,2.67,2.68,2.69,2.66,115838000.0
20251226,600171,上海贝岭,31.83,31.75,32.08,31.61,11718100.0
20251226,600172,黄河旋风,5.96,5.91,5.97,5.86,47643000.0
20251226,600173,卧龙新能,7.2,7.19,7.26,7.15,7998100.0
20251226,600176,中国巨石,16.56,16.59,16.8,16.48,42736600.0
20251226,600177,雅戈尔,7.53,7.51,7.55,7.49,12651000.0
20251226,600178,东安动力,12.02,11.96,12.1,11.91,4327800.0
20251226,600179,安通控股,6.07,6.55,6.55,5.95,595086000.0
20251226,600182,S佳通,15.52,15.44,15.65,15.36,1980800.0
20251226,600183,生益科技,70.68,74.5,74.8,69.18,56182700.0
20251226,600184,光电股份,18.79,18.83,19.09,18.64,13108400.0
20251226,600185,珠免集团,6.92,7.05,7.1,6.91,48390500.0
20251226,600186,莲花控股,5.93,6.02,6.09,5.88,86375100.0
20251226,600188,兖矿能源,13.28,13.43,13.54,13.27,26687700.0
20251226,600189,泉阳泉,7.14,7.09,7.15,7.02,12413900.0
20251226,600191,华资实业,13.9,13.33,14.17,13.1,19636100.0
20251226,600192,长城电工,9.58,9.45,9.61,9.4,14191300.0
20251226,600195,中牧股份,7.98,8.0,8.04,7.95,9700100.0
20251226,600196,复星医药,27.0,26.89,27.09,26.8,12034800.0
20251226,600197,伊力特,14.22,14.14,14.24,14.1,3346000.0
20251226,600198,大唐电信,9.23,9.39,9.55,9.14,62370600.0
20251226,600199,金种子酒,9.86,9.83,9.9,9.82,6966100.0
20251226,600201,生物股份,15.68,15.34,15.75,15.26,38257700.0
20251226,600202,哈空调,6.0,5.9,6.01,5.89,4933600.0
20251226,600203,福日电子,13.18,13.14,13.26,13.06,25817700.0
20251226,600206,有研新材,20.69,20.59,20.78,20.44,18104500.0
20251226,600207,安彩高科,5.2,5.31,5.33,5.2,21832100.0
20251226,600208,衢州发展,3.91,3.88,3.95,3.85,71228100.0
20251226,600210,紫江企业,7.44,7.52,7.54,7.42,23423500.0
20251226,600211,西藏药业,42.42,42.11,42.45,42.0,2108500.0
20251226,600212,绿能慧充,8.27,8.32,8.55,8.19,20871100.0
20251226,600215,派斯林,7.33,7.13,7.72,7.04,21049700.0
20251226,600216,浙江医药,13.85,13.83,13.88,13.8,6305300.0
20251226,600217,中再资环,4.09,4.12,4.13,4.08,14742400.0
20251226,600218,全柴动力,11.08,10.92,11.2,10.86,19727900.0
20251226,600219,南山铝业,5.01,5.31,5.36,5.01,406191600.0
20251226,600221,海航控股,1.75,1.8,1.82,1.75,1022287900.0
20251226,600222,太龙药业,6.95,6.79,6.95,6.79,20455600.0
20251226,600223,福瑞达,7.35,7.39,7.41,7.34,5513000.0
20251226,600226,亨通股份,5.2,5.18,5.23,5.1,65811200.0
20251226,600227,赤天化,2.48,2.47,2.49,2.45,28764900.0
20251226,600228,返利科技,5.38,5.58,5.58,5.38,13608100.0
20251226,600229,城市传媒,6.45,6.44,6.5,6.43,4325000.0
20251226,600230,沧州大化,13.56,13.32,13.65,13.29,9952100.0
20251226,600231,凌钢股份,2.11,2.13,2.15,2.1,15577800.0
20251226,600232,金鹰股份,7.81,7.76,7.88,7.65,14815700.0
20251226,600233,圆通速递,17.01,16.7,17.03,16.66,16210200.0
20251226,600234,科新发展,13.21,13.09,13.42,12.67,6826100.0
20251226,600235,民丰特纸,6.99,6.85,7.05,6.83,11866400.0
20251226,600236,桂冠电力,7.06,7.3,7.3,7.05,14559500.0
20251226,600237,铜峰电子,9.47,9.2,9.53,9.18,70800600.0
20251226,600241,时代万恒,8.6,8.51,8.71,8.49,3620500.0
20251226,600246,万通发展,12.15,12.86,13.35,12.06,132226500.0
20251226,600248,陕建股份,3.61,3.59,3.62,3.59,9736000.0
20251226,600249,两面针,6.13,6.07,6.16,6.05,9564100.0
20251226,600250,南京商旅,11.99,11.85,12.1,11.77,29944300.0
20251226,600251,冠农股份,9.26,9.33,9.51,9.21,15107600.0
20251226,600252,中恒集团,2.8,2.78,2.81,2.78,35951500.0
20251226,600255,鑫科材料,3.97,4.01,4.03,3.92,92441700.0
20251226,600256,广汇能源,4.97,4.96,4.98,4.94,68185000.0
20251226,600257,大湖股份,6.16,6.07,6.16,6.06,12919000.0
20251226,600258,首旅酒店,16.4,16.51,16.73,16.35,13345700.0
20251226,600259,中稀有色,53.64,54.9,55.59,53.5,15222800.0
20251226,600261,阳光照明,3.42,3.39,3.42,3.38,7850600.0
20251226,600262,北方股份,26.12,25.65,26.17,25.51,3587200.0
20251226,600266,城建发展,4.48,4.48,4.54,4.45,51161300.0
20251226,600267,海正药业,10.16,10.11,10.18,10.08,6058800.0
20251226,600268,国电南自,10.84,10.75,10.89,10.66,23959200.0
20251226,600269,赣粤高速,5.25,5.25,5.27,5.22,10262200.0
20251226,600271,航天信息,10.3,10.55,10.78,10.19,137787300.0
20251226,600272,开开实业,14.22,14.39,14.63,14.21,8325100.0
20251226,600273,嘉化能源,8.39,8.44,8.45,8.35,13911000.0
20251226,600276,恒瑞医药,61.3,61.06,61.66,60.6,21430800.0
20251226,600278,东方创业,7.61,7.77,7.88,7.59,10289100.0
20251226,600279,重庆港,5.94,5.85,6.33,5.8,98444600.0
20251226,600280,中央商场,4.25,4.28,4.45,4.24,121479600.0
20251226,600281,华阳新材,6.2,6.11,6.26,6.07,18205200.0
20251226,600282,南钢股份,5.15,5.18,5.3,5.14,38653500.0
20251226,600283,钱江水利,9.11,9.1,9.14,9.05,3763600.0
20251226,600284,浦东建设,8.64,8.41,8.64,8.36,22740400.0
20251226,600285,羚锐制药,21.13,20.99,21.15,20.96,3557700.0
20251226,600287,苏豪时尚,5.65,5.61,5.7,5.59,4171900.0
20251226,600288,大恒科技,15.3,15.15,15.42,15.1,9099600.0
20251226,600292,电投水电,12.59,12.72,12.77,12.59,9887500.0
20251226,600293,三峡新材,3.17,3.36,3.38,3.17,76823300.0
20251226,600295,鄂尔多斯,11.55,11.75,11.82,11.47,9640500.0
20251226,600298,安琪酵母,44.0,43.69,44.49,43.6,8037900.0
20251226,600299,安迪苏,8.94,8.96,8.98,8.91,4153300.0
20251226,600300,维维股份,3.65,3.65,3.68,3.62,34729400.0
20251226,600301,华锡有色,37.88,38.25,38.35,37.26,11818200.0
20251226,600303,曙光股份,3.33,3.34,3.41,3.28,21232900.0
20251226,600305,恒顺醋业,7.96,7.92,7.98,7.91,8922900.0
20251226,600307,酒钢宏兴,1.67,1.71,1.72,1.67,94374100.0
20251226,600308,华泰股份,4.06,3.98,4.06,3.96,33937600.0
20251226,600309,万华化学,76.6,76.98,78.0,75.7,27102900.0
20251226,600310,广西能源,3.9,3.99,4.05,3.89,42458600.0
20251226,600312,平高电气,17.9,18.0,18.09,17.71,20647600.0
20251226,600313,农发种业,6.65,6.73,6.76,6.63,29379100.0
20251226,600315,上海家化,23.01,23.17,23.28,22.95,3203100.0
20251226,600316,洪都航空,32.23,32.25,33.3,31.95,12282200.0
20251226,600318,新力金融,8.96,8.96,9.09,8.94,13981100.0
20251226,600319,亚星化学,9.12,9.31,9.45,9.1,6238900.0
20251226,600320,振华重工,4.85,4.89,4.9,4.81,47745500.0
20251226,600322,津投城开,2.34,2.34,2.36,2.32,14442600.0
20251226,600323,瀚蓝环境,29.08,29.1,29.37,29.01,2274600.0
20251226,600325,华发股份,4.33,4.3,4.35,4.29,23491500.0
20251226,600326,西藏天路,11.23,11.16,11.34,11.13,36389200.0
20251226,600327,大东方,5.41,5.25,5.54,5.24,63572200.0
20251226,600328,中盐化工,8.02,8.07,8.1,8.01,14754200.0
20251226,600329,达仁堂,47.79,47.46,47.8,47.19,3308600.0
20251226,600330,天通股份,12.48,13.75,13.75,12.38,306864100.0
20251226,600331,宏达股份,12.54,12.75,12.87,12.37,64535900.0
20251226,600332,白云山,25.86,25.87,25.95,25.78,7599900.0
20251226,600333,长春燃气,5.75,5.7,5.76,5.66,12589800.0
20251226,600335,国机汽车,6.37,6.54,6.56,6.35,22809400.0
20251226,600336,澳柯玛,8.54,8.97,9.15,8.45,52104900.0
20251226,600338,西藏珠峰,14.45,15.05,15.27,14.35,88321300.0
20251226,600339,中油工程,3.37,3.36,3.38,3.34,23498100.0
20251226,600343,航天动力,43.15,45.4,46.7,42.62,150765500.0
20251226,600345,长江通信,34.0,36.0,36.0,32.15,47979400.0
20251226,600346,恒力石化,20.92,21.27,21.52,20.68,35325200.0
20251226,600348,华阳股份,7.69,8.17,8.3,7.68,113910800.0
20251226,600350,山东高速,9.68,9.71,9.8,9.54,10810200.0
20251226,600351,亚宝药业,6.63,6.57,6.65,6.55,10661900.0
20251226,600352,浙江龙盛,10.75,10.79,10.85,10.66,17863900.0
20251226,600353,旭光电子,16.5,16.42,16.69,16.27,22474600.0
20251226,600354,敦煌种业,6.7,6.8,6.85,6.7,29846800.0
20251226,600356,恒丰纸业,9.26,8.95,9.26,8.92,11104800.0
20251226,600358,国旅联合,5.91,5.95,6.06,5.91,5821400.0
20251226,600359,新农开发,7.13,7.28,7.34,7.13,8595200.0
20251226,600360,华微电子,8.0,7.96,8.05,7.94,11008600.0
20251226,600361,创新新材,4.26,4.37,4.42,4.26,59846100.0
20251226,600362,江西铜业,44.54,48.31,48.31,44.54,100423500.0
20251226,600363,联创光电,58.8,57.78,59.18,57.36,9358100.0
20251226,600366,宁波韵升,14.04,13.97,14.18,13.88,36852500.0
20251226,600367,红星发展,17.54,17.79,18.12,17.3,25978800.0
20251226,600368,五洲交通,3.98,4.09,4.13,3.97,48595000.0
20251226,600369,西南证券,4.53,4.57,4.61,4.52,46147400.0
20251226,600371,万向德农,9.0,9.0,9.07,8.94,5677400.0
20251226,600372,中航机载,13.35,13.22,13.35,13.06,83109900.0
20251226,600373,中文传媒,9.24,9.22,9.27,9.19,13533000.0
20251226,600375,汉马科技,6.08,5.87,6.08,5.78,83882100.0
20251226,600376,首开股份,5.92,6.19,6.5,5.63,334204600.0
20251226,600377,宁沪高速,12.16,12.11,12.18,12.04,7366700.0
20251226,600378,昊华科技,32.17,32.55,32.62,31.55,11317000.0
20251226,600379,宝光股份,12.1,11.91,12.14,11.8,4176200.0
20251226,600380,健康元,11.77,11.7,11.81,11.65,10172400.0
20251226,600382,广东明珠,7.2,7.24,7.28,7.14,9897200.0
20251226,600383,金地集团,3.11,3.12,3.15,3.11,56943700.0
20251226,600386,北巴传媒,4.36,4.36,4.39,4.31,8311600.0
20251226,600388,紫金龙净,16.78,16.64,16.83,16.48,13002600.0
20251226,600389,江山股份,25.12,26.52,26.56,25.0,11413400.0
20251226,600390,五矿资本,5.58,5.58,5.64,5.55,33105600.0
20251226,600391,航发科技,36.28,36.86,38.0,35.37,56225900.0
20251226,600392,盛和资源,21.68,21.6,21.75,21.33,38771800.0
20251226,600395,盘江股份,4.75,4.74,4.79,4.73,15285400.0
20251226,600396,华电辽能,2.98,2.96,2.98,2.94,7055100.0
20251226,600397,江钨装备,7.53,7.62,7.73,7.47,28069800.0
20251226,600398,海澜之家,6.16,6.12,6.18,6.1,23847000.0
20251226,600399,抚顺特钢,5.81,6.0,6.3,5.81,190525400.0
20251226,600400,红豆股份,2.42,2.42,2.44,2.4,28631700.0
20251226,600403,大有能源,7.13,7.21,7.24,7.06,28309700.0
20251226,600405,动力源,5.18,5.18,5.24,5.17,7618000.0
20251226,600406,国电南瑞,22.93,22.77,23.01,22.71,33808600.0
20251226,600408,安泰集团,4.44,4.4,4.5,4.39,89178000.0
20251226,600409,三友化工,6.05,6.23,6.25,6.0,54425500.0
20251226,600410,华胜天成,17.23,17.32,17.59,17.12,76216100.0
20251226,600415,小商品城,16.37,15.8,16.53,15.78,92662600.0
20251226,600416,湘电股份,14.4,14.23,14.65,14.09,41377500.0
20251226,600418,江淮汽车,49.32,48.92,50.2,48.73,31610900.0
20251226,600419,天润乳业,10.08,10.1,10.15,9.95,5592700.0
20251226,600420,国药现代,10.18,10.19,10.23,10.16,5671000.0
20251226,600422,昆药集团,12.68,12.66,12.69,12.59,3396500.0
20251226,600425,青松建化,4.28,4.23,4.29,4.21,21894300.0
20251226,600426,华鲁恒升,31.67,30.85,31.78,30.58,21455100.0
20251226,600428,中远海特,7.22,7.19,7.24,7.15,18692400.0
20251226,600429,三元股份,5.49,5.42,5.51,5.39,40566600.0
20251226,600433,冠豪高新,3.35,3.31,3.35,3.27,29277700.0
20251226,600435,北方导航,14.66,14.89,15.08,14.58,66471800.0
20251226,600436,片仔癀,170.24,170.2,170.98,169.9,1109300.0
20251226,600438,通威股份,21.98,21.8,22.3,21.71,103553900.0
20251226,600444,国机通用,18.86,18.6,18.87,18.44,3639100.0
20251226,600446,金证股份,15.75,15.75,16.04,15.69,17921300.0
20251226,600448,华纺股份,3.23,3.21,3.25,3.2,23061300.0
20251226,600449,宁夏建材,12.64,12.49,12.69,12.46,3240100.0
20251226,600452,涪陵电力,9.39,9.56,9.58,9.37,24716500.0
20251226,600455,博通股份,25.91,25.68,26.29,25.66,1356900.0
20251226,600456,宝钛股份,36.52,37.89,39.75,36.52,39765600.0
20251226,600458,时代新材,13.63,13.44,13.64,13.4,8206900.0
20251226,600459,贵研铂业,19.95,19.75,20.1,19.44,57883600.0
20251226,600460,士兰微,28.25,28.2,28.45,28.05,21194800.0
20251226,600461,洪城环境,9.6,9.56,9.61,9.54,7421000.0
20251226,600463,空港股份,11.76,11.52,11.8,11.48,3225500.0
20251226,600467,好当家,2.78,2.72,2.79,2.71,114636600.0
20251226,600468,百利电气,7.2,7.09,7.24,6.95,80688600.0
20251226,600469,风神股份,6.83,6.9,6.92,6.79,5526400.0
20251226,600470,六国化工,6.13,6.27,6.32,6.13,20514300.0
20251226,600475,华光环能,19.38,19.12,19.99,18.76,21737200.0
20251226,600477,杭萧钢构,2.7,2.69,2.73,2.68,29273300.0
20251226,600478,科力远,6.92,7.0,7.07,6.91,50866900.0
20251226,600479,千金药业,10.34,10.28,10.36,10.25,4221700.0
20251226,600480,凌云股份,12.16,12.06,12.23,11.98,13803600.0
20251226,600481,双良节能,5.94,5.83,6.0,5.81,52668900.0
20251226,600482,中国动力,20.89,20.93,20.98,20.66,22450200.0
20251226,600483,福能股份,9.95,9.94,9.96,9.9,12080700.0
20251226,600486,扬农化工,67.8,67.78,68.27,66.8,2870700.0
20251226,600487,亨通光电,25.4,25.45,25.92,25.01,117262800.0
20251226,600488,津药药业,4.22,4.18,4.25,4.18,4924300.0
20251226,600489,中金黄金,23.5,23.44,23.62,23.2,63268900.0
20251226,600490,鹏欣资源,7.69,7.88,7.93,7.66,63204400.0
20251226,600493,凤竹纺织,7.99,8.01,8.17,7.91,20228200.0
20251226,600495,晋西车轴,4.84,4.82,4.86,4.79,10856700.0
20251226,600496,精工钢构,4.25,4.11,4.26,4.1,33842600.0
20251226,600497,驰宏锌锗,7.19,7.32,7.37,7.17,158637200.0
20251226,600498,烽火通信,27.7,29.45,30.36,27.6,178725100.0
20251226,600499,科达制造,13.95,14.04,14.15,13.7,27922000.0
20251226,600500,中化国际,3.96,3.95,3.99,3.94,14925800.0
20251226,600501,航天晨光,26.16,26.23,26.54,25.6,56733500.0
20251226,600502,安徽建工,4.69,4.67,4.7,4.66,10197200.0
20251226,600503,华丽家族,2.72,2.71,2.75,2.7,22224700.0
20251226,600505,西昌电力,12.98,13.1,13.15,12.94,5887400.0
20251226,600506,统一股份,23.88,24.06,24.14,23.7,9414800.0
20251226,600507,方大特钢,5.86,5.9,5.94,5.86,15232100.0
20251226,600508,上海能源,12.03,12.09,12.15,12.01,2959500.0
20251226,600509,天富能源,8.44,8.5,8.55,8.33,39001100.0
20251226,600510,黑牡丹,8.94,8.84,9.03,8.76,7762800.0
20251226,600511,国药股份,28.96,28.91,29.02,28.83,2918500.0
20251226,600512,腾达建设,2.44,2.43,2.46,2.42,15371000.0
20251226,600513,联环药业,18.13,18.3,18.48,18.06,7762900.0
20251226,600515,海南机场,5.23,5.54,5.68,5.21,535377200.0
20251226,600516,方大炭素,5.72,5.86,5.9,5.72,76715000.0
20251226,600517,国网英大,6.02,6.06,6.11,6.02,26551000.0
20251226,600518,康美药业,1.93,1.94,1.94,1.92,90952900.0
20251226,600519,贵州茅台,1414.17,1414.13,1419.14,1410.0,1780300.0
20251226,600520,三佳科技,25.4,25.25,25.58,25.16,2166500.0
20251226,600521,华海药业,17.31,17.32,17.45,17.18,12661400.0
20251226,600522,中天科技,18.45,18.4,18.64,18.2,89323600.0
20251226,600523,贵航股份,15.55,15.28,15.55,15.15,9450900.0
20251226,600525,长园集团,3.78,3.8,3.83,3.77,15337900.0
20251226,600526,菲达环保,5.36,5.33,5.4,5.3,6275200.0
20251226,600527,江南高纤,2.16,2.16,2.18,2.15,25647300.0
20251226,600528,中铁工业,8.14,8.15,8.21,8.12,13352900.0
20251226,600529,山东药玻,20.21,20.17,20.28,20.13,3918300.0
20251226,600531,豫光金铅,11.64,11.8,11.87,11.58,84509200.0
20251226,600533,栖霞建设,2.6,2.59,2.63,2.58,9848800.0
20251226,600535,天士力,15.3,15.29,15.37,15.24,4819500.0
20251226,600536,中国软件,45.45,45.97,46.46,45.43,14254400.0
20251226,600538,国发股份,6.39,6.19,6.45,6.16,10898000.0
20251226,600539,狮头股份,10.17,10.08,10.24,10.08,2520700.0
20251226,600540,新赛股份,4.65,4.78,5.09,4.65,39373000.0
20251226,600545,卓郎智能,2.57,2.56,2.59,2.55,17767000.0
20251226,600546,山煤国际,10.06,10.14,10.17,10.05,17179100.0
20251226,600547,山东黄金,39.54,39.7,40.1,39.35,35770600.0
20251226,600548,深高速,8.91,8.92,8.93,8.88,4141900.0
20251226,600549,厦门钨业,40.22,41.08,41.94,40.2,55346800.0
20251226,600550,保变电气,11.08,11.6,11.98,11.06,193967800.0
20251226,600551,时代出版,8.29,8.28,8.37,8.24,4307400.0
20251226,600552,凯盛科技,11.56,11.4,11.56,11.33,17122800.0
20251226,600556,天下秀,5.84,5.77,5.86,5.73,51476600.0
20251226,600557,康缘药业,14.36,14.27,14.39,14.25,5932700.0
20251226,600558,大西洋,6.09,6.05,6.12,5.97,35859500.0
20251226,600559,老白干酒,16.21,16.18,16.27,16.16,7912000.0
20251226,600560,金自天正,16.15,16.01,16.16,15.93,2014300.0
20251226,600561,江西长运,6.66,6.56,6.69,6.5,8773500.0
20251226,600562,国睿科技,27.89,27.52,28.08,27.31,11889700.0
20251226,600563,法拉电子,105.01,105.97,106.94,105.01,2245600.0
20251226,600566,济川药业,26.56,26.7,26.89,26.48,3543400.0
20251226,600567,山鹰国际,1.76,1.73,1.77,1.73,148381000.0
20251226,600569,安阳钢铁,2.28,2.31,2.34,2.26,27560700.0
20251226,600570,恒生电子,29.99,29.98,30.5,29.88,37778600.0
20251226,600571,信雅达,15.36,15.41,15.55,15.31,8781800.0
20251226,600572,康恩贝,4.54,4.51,4.54,4.5,24026300.0
20251226,600573,惠泉啤酒,12.9,12.61,12.9,12.54,17577200.0
20251226,600575,淮河能源,3.56,3.56,3.58,3.55,24862900.0
20251226,600576,祥源文旅,5.99,6.6,6.6,5.95,67623800.0
20251226,600577,精达股份,11.99,12.38,12.42,11.83,205668500.0
20251226,600578,京能电力,5.24,5.38,5.43,5.18,73276400.0
20251226,600579,中化装备,8.38,8.28,8.39,8.23,6138500.0
20251226,600580,卧龙电驱,45.71,46.49,46.5,44.65,125899500.0
20251226,600582,天地科技,5.78,5.79,5.8,5.77,20113000.0
20251226,600583,海油工程,5.53,5.52,5.57,5.51,25258400.0
20251226,600584,长电科技,36.96,36.8,37.26,36.66,30489700.0
20251226,600585,海螺水泥,22.41,22.2,22.46,22.19,22719500.0
20251226,600586,金晶科技,6.13,6.33,6.55,6.12,77474000.0
20251226,600587,新华医疗,14.7,14.66,14.74,14.58,4830200.0
20251226,600588,用友网络,12.96,12.88,13.03,12.8,33110300.0
20251226,600589,大位科技,7.34,7.21,7.34,7.18,41581900.0
20251226,600590,泰豪科技,9.39,9.28,9.39,9.16,20460700.0
20251226,600592,龙溪股份,27.51,26.74,27.8,26.39,74209400.0
20251226,600593,大连圣亚,41.45,41.8,42.15,41.12,5674300.0
20251226,600594,益佰制药,4.15,4.14,4.21,4.13,19406800.0
20251226,600595,中孚实业,7.97,8.05,8.33,7.95,68495600.0
20251226,600596,新安股份,11.5,11.55,11.66,11.38,28762100.0
20251226,600597,光明乳业,8.18,8.17,8.2,8.14,9309600.0
20251226,600598,北大荒,14.93,15.13,15.14,14.89,25831900.0
20251226,600600,青岛啤酒,62.0,61.89,62.08,61.8,2135400.0
20251226,600601,方正科技,12.22,12.22,12.44,12.1,138204500.0
20251226,600602,云赛智联,17.86,17.98,18.15,17.85,10236300.0
20251226,600603,广汇物流,6.7,6.61,6.7,6.58,8276100.0
20251226,600604,市北高新,5.63,5.59,5.75,5.59,21899500.0
20251226,600605,汇通能源,30.21,30.73,31.3,30.06,2912000.0
20251226,600606,绿地控股,1.67,1.66,1.69,1.66,57433900.0
20251226,600609,金杯汽车,4.74,4.7,4.76,4.68,11954800.0
20251226,600610,中毅达,9.96,9.98,10.05,9.88,13197000.0
20251226,600611,大众交通,5.56,5.54,5.57,5.51,19782600.0
20251226,600612,老凤祥,44.6,44.73,44.85,44.59,809700.0
20251226,600613,神奇制药,6.21,6.19,6.28,6.18,6049500.0
20251226,600615,鑫源智造,11.26,11.2,11.39,11.17,1726300.0
20251226,600616,金枫酒业,5.37,5.42,5.44,5.36,7712800.0
20251226,600617,国新能源,3.22,3.22,3.25,3.2,26676400.0
20251226,600618,氯碱化工,12.0,12.25,12.33,12.0,13770000.0
20251226,600619,海立股份,21.18,21.0,21.3,20.87,28860800.0
20251226,600620,天宸股份,6.63,6.57,6.75,6.56,10857100.0
20251226,600621,华鑫股份,15.2,15.22,15.39,15.17,11499000.0
20251226,600622,光大嘉宝,2.9,2.92,2.92,2.89,38704200.0
20251226,600623,华谊集团,7.48,7.47,7.53,7.43,9882300.0
20251226,600626,申达股份,4.58,4.53,4.59,4.51,9937200.0
20251226,600628,新世界,8.58,8.45,8.78,8.32,49848400.0
20251226,600629,华建集团,18.87,19.24,19.89,18.82,54365500.0
20251226,600630,龙头股份,9.2,9.21,9.25,9.08,12722300.0
20251226,600633,浙数文化,12.82,12.73,12.83,12.66,11032400.0
20251226,600635,大众公用,6.57,6.63,6.75,6.52,110445800.0
20251226,600637,东方明珠,9.47,9.43,9.68,9.4,50355400.0
20251226,600638,新黄浦,6.06,6.19,6.36,6.06,25013300.0
20251226,600639,浦东金桥,10.25,10.24,10.31,10.19,4306000.0
20251226,600640,国脉文化,12.35,12.32,12.47,12.29,5487600.0
20251226,600641,先导基电,17.36,17.41,17.85,17.28,25114300.0
20251226,600642,申能股份,8.05,8.02,8.07,8.01,16882100.0
20251226,600643,爱建集团,5.54,5.55,5.59,5.51,16000800.0
20251226,600644,乐山电力,10.04,10.05,10.13,9.96,12105200.0
20251226,600645,中源协和,25.6,25.5,25.86,25.49,6358600.0
20251226,600648,外高桥,10.07,10.16,10.18,10.07,2146500.0
20251226,600649,城投控股,4.34,4.34,4.38,4.32,17439800.0
20251226,600650,锦江在线,15.61,15.75,15.87,15.42,14090600.0
20251226,600651,飞乐音响,7.26,7.21,7.37,7.18,22267900.0
20251226,600653,申华控股,1.95,1.93,1.95,1.93,17161400.0
20251226,600654,中安科,3.77,3.74,3.78,3.72,58187400.0
20251226,600655,豫园股份,5.26,5.3,5.34,5.26,9451500.0
20251226,600657,信达地产,3.53,3.55,3.58,3.53,12659500.0
20251226,600658,电子城,5.54,5.46,5.61,5.45,16521600.0
20251226,600660,福耀玻璃,63.76,63.71,63.83,63.21,6357600.0
20251226,600661,昂立教育,10.18,10.16,10.28,10.12,4799100.0
20251226,600662,外服控股,5.12,5.09,5.13,5.08,6042300.0
20251226,600663,陆家嘴,7.95,7.96,8.0,7.93,5941300.0
20251226,600664,哈药股份,3.56,3.54,3.57,3.53,19320100.0
20251226,600665,天地源,3.29,3.29,3.31,3.25,11277300.0
20251226,600666,奥瑞德,3.3,3.28,3.31,3.26,38779300.0
20251226,600667,太极实业,8.18,8.09,8.26,8.06,64966100.0
20251226,600668,尖峰集团,11.21,11.11,11.23,11.08,5657400.0
20251226,600671,天目药业,17.27,17.08,17.37,17.01,1575000.0
20251226,600673,东阳光,22.83,22.34,22.91,22.27,30332300.0
20251226,600674,川投能源,14.25,14.24,14.26,14.2,8092300.0
20251226,600675,中华企业,2.76,2.75,2.77,2.74,15462800.0
20251226,600676,久事动娱,5.79,5.85,5.98,5.79,9385800.0
20251226,600679,上海凤凰,13.85,13.7,13.92,13.61,7573700.0
20251226,600681,百川能源,4.18,4.11,4.18,4.09,37002700.0
20251226,600682,南京新百,8.48,8.29,8.52,8.27,33420000.0
20251226,600683,京投发展,4.3,4.32,4.41,4.27,25580500.0
20251226,600684,珠江股份,4.4,4.48,4.5,4.37,27450000.0
20251226,600685,中船防务,28.36,28.5,28.7,28.1,21056300.0
20251226,600686,金龙汽车,16.68,17.04,17.45,16.6,17006300.0
20251226,600688,上海石化,2.69,2.69,2.7,2.67,34142000.0
20251226,600689,上海三毛,13.53,13.54,13.72,13.5,2408400.0
20251226,600690,海尔智家,26.88,26.74,26.94,26.68,25058500.0
20251226,600691,潞化科技,2.87,2.88,2.9,2.85,17097600.0
20251226,600692,亚通股份,7.41,7.52,7.64,7.39,7081400.0
20251226,600693,东百集团,21.16,21.88,22.48,21.0,189183700.0
20251226,600694,大商股份,18.43,18.39,18.54,18.24,7013000.0
20251226,600697,欧亚集团,14.01,13.96,14.65,13.94,16718400.0
20251226,600698,湖南天雁,9.06,8.98,9.07,8.93,9047200.0
20251226,600699,均胜电子,30.56,30.18,30.56,29.63,75529000.0
20251226,600702,舍得酒业,58.35,58.0,58.8,57.78,6511000.0
20251226,600703,三安光电,13.76,13.96,14.18,13.65,105520700.0
20251226,600704,物产中大,5.58,5.58,5.61,5.55,41351200.0
20251226,600706,曲江文旅,10.85,10.96,11.24,10.76,23905800.0
20251226,600707,彩虹股份,6.27,6.37,6.4,6.24,47156900.0
20251226,600708,光明地产,3.24,3.58,3.58,3.23,61861600.0
20251226,600710,苏美达,10.84,10.79,10.89,10.73,9391600.0
20251226,600711,盛屯矿业,14.55,14.85,15.06,14.31,148830000.0
20251226,600712,南宁百货,7.21,7.24,7.48,7.15,35252700.0
20251226,600713,南京医药,5.35,5.53,5.63,5.34,48043400.0
20251226,600714,金瑞矿业,12.45,12.6,12.76,12.3,6723700.0
20251226,600715,文投控股,2.22,2.2,2.24,2.2,29053800.0
20251226,600716,凤凰股份,3.82,3.87,3.93,3.8,12252600.0
20251226,600717,天津港,4.55,4.54,4.57,4.53,12524600.0
20251226,600718,东软集团,9.89,9.93,9.99,9.88,15325100.0
20251226,600719,大连热电,6.05,6.22,6.34,6.01,20228900.0
20251226,600720,中交设计,7.39,7.35,7.4,7.33,6797600.0
20251226,600721,百花医药,11.35,12.24,12.6,11.35,48947000.0
20251226,600722,金牛化工,6.02,5.99,6.04,5.95,7395000.0
20251226,600724,宁波富达,5.73,5.74,5.81,5.68,12005700.0
20251226,600725,云维股份,4.09,4.1,4.14,4.06,26925600.0
20251226,600726,华电能源,2.49,2.47,2.49,2.46,15955100.0
20251226,600727,鲁北化工,6.91,6.94,7.05,6.9,6678000.0
20251226,600728,佳都科技,6.44,6.43,6.51,6.38,37222700.0
20251226,600729,重百集团,26.83,26.69,27.29,26.59,8284400.0
20251226,600731,湖南海利,6.92,6.87,6.95,6.86,5534500.0
20251226,600732,爱旭股份,13.4,13.77,13.91,13.4,34236400.0
20251226,600733,北汽蓝谷,7.98,8.09,8.14,7.92,149718100.0
20251226,600736,苏州高新,6.02,6.61,6.61,6.02,84425200.0
20251226,600737,中粮糖业,17.41,17.27,17.5,17.04,29906300.0
20251226,600738,丽尚国潮,5.33,5.33,5.44,5.3,21254000.0
20251226,600739,辽宁成大,11.52,11.53,11.68,11.48,12234800.0
20251226,600740,山西焦化,3.83,3.83,3.86,3.82,14776100.0
20251226,600741,华域汽车,20.06,19.88,20.2,19.85,7637200.0
20251226,600742,富维股份,10.05,9.92,10.06,9.9,5625000.0
20251226,600743,华远控股,2.0,2.01,2.02,1.99,14073400.0
20251226,600744,华银电力,6.04,6.07,6.1,6.01,26685100.0
20251226,600746,江苏索普,6.92,7.03,7.25,6.9,12434400.0
20251226,600748,上实发展,5.37,5.42,5.47,5.34,17548800.0
20251226,600749,西藏旅游,17.1,16.96,17.12,16.8,3814900.0
20251226,600750,华润江中,23.81,23.62,24.14,23.59,5446600.0
20251226,600751,海航科技,3.95,4.03,4.06,3.93,79311900.0
20251226,600754,锦江酒店,24.85,25.27,25.36,24.76,6739400.0
20251226,600755,厦门国贸,7.8,8.72,8.72,7.46,401111600.0
20251226,600756,浪潮软件,17.65,17.92,18.11,17.51,29340800.0
20251226,600757,长江传媒,8.86,8.87,8.94,8.85,6647900.0
20251226,600758,辽宁能源,3.77,3.79,3.82,3.76,12965500.0
20251226,600760,中航沈飞,57.48,56.63,57.48,56.0,23125900.0
20251226,600761,安徽合力,22.3,22.31,23.27,22.01,55207000.0
20251226,600763,通策医疗,40.86,40.93,41.15,40.74,3873200.0
20251226,600764,中国海防,27.34,27.07,27.34,26.81,9171400.0
20251226,600765,中航重机,18.48,18.27,18.65,18.05,60906400.0
20251226,600768,富邦新材,13.48,13.44,13.58,13.34,1942900.0
20251226,600769,祥龙电业,12.16,12.17,12.49,12.14,6016700.0
20251226,600770,综艺股份,5.2,5.15,5.21,5.12,10785400.0
20251226,600771,广誉远,18.36,18.32,18.5,18.3,3489000.0
20251226,600773,西藏城投,12.75,12.66,12.8,12.49,18242200.0
20251226,600774,汉商集团,9.51,9.37,9.51,9.35,2928600.0
20251226,600775,南京熊猫,12.08,12.31,12.69,12.02,86250400.0
20251226,600776,东方通信,15.67,15.85,16.08,15.46,60947600.0
20251226,600777,新潮能源,3.88,3.88,3.89,3.86,8535500.0
20251226,600778,友好集团,7.18,7.21,7.48,7.16,19885300.0
20251226,600779,水井坊,38.95,39.07,39.7,38.5,12608100.0
20251226,600780,通宝能源,5.77,5.76,5.78,5.73,8252100.0
20251226,600782,新钢股份,3.86,3.89,3.9,3.85,51888800.0
20251226,600783,鲁信创投,21.1,21.1,21.1,20.58,29197500.0
20251226,600784,鲁银投资,6.84,6.82,6.94,6.75,12070600.0
20251226,600785,新华百货,14.0,13.98,14.41,13.96,9573000.0
20251226,600787,中储股份,5.73,5.7,5.75,5.7,17910100.0
20251226,600789,鲁抗医药,9.19,9.18,9.24,9.16,14091400.0
20251226,600790,轻纺城,3.9,3.86,3.92,3.84,11685900.0
20251226,600791,京能置业,4.85,4.76,4.88,4.74,10321300.0
20251226,600792,云煤能源,4.0,4.0,4.03,3.97,14921900.0
20251226,600793,宜宾纸业,23.41,22.52,23.76,22.47,12986200.0
20251226,600794,保税科技,3.85,3.86,3.88,3.84,16738700.0
20251226,600795,国电电力,5.93,5.78,5.94,5.76,142892500.0
20251226,600796,钱江生化,6.28,6.2,6.29,6.16,6257000.0
20251226,600797,浙大网新,9.75,9.87,9.98,9.66,38055800.0
20251226,600798,宁波海运,3.59,3.58,3.61,3.56,14408200.0
20251226,600800,渤海化学,3.68,3.62,3.69,3.62,65630300.0
20251226,600801,华新建材,24.48,24.44,24.67,24.3,6634700.0
20251226,600802,福建水泥,7.03,7.03,7.09,6.91,23778600.0
20251226,600803,新奥股份,20.99,20.93,21.1,20.75,5333100.0
20251226,600805,悦达投资,5.56,5.45,5.59,5.44,13531900.0
20251226,600807,济高发展,3.31,3.3,3.48,3.29,48121500.0
20251226,600808,马钢股份,4.26,4.22,4.31,4.15,79245300.0
20251226,600809,山西汾酒,178.0,177.7,178.48,176.68,2887400.0
20251226,600810,神马股份,8.55,8.68,8.74,8.55,25719000.0
20251226,600812,华北制药,5.61,5.62,5.65,5.6,7037600.0
20251226,600814,杭州解百,8.48,8.39,8.84,8.39,29699800.0
20251226,600815,厦工股份,3.73,3.71,3.8,3.66,73937000.0
20251226,600816,建元信托,2.87,2.87,2.9,2.86,45326400.0
20251226,600817,宇通重工,11.39,11.26,11.46,11.25,2128400.0
20251226,600819,耀皮玻璃,8.49,8.35,8.57,8.33,10634500.0
20251226,600820,隧道股份,6.57,6.63,6.64,6.54,32153100.0
20251226,600821,金开新能,5.2,5.19,5.23,5.18,13951900.0
20251226,600822,上海物贸,11.02,10.9,11.05,10.86,5056800.0
20251226,600824,益民集团,5.3,4.95,5.4,4.94,175541400.0
20251226,600825,新华传媒,6.2,6.15,6.23,6.13,8309300.0
20251226,600826,兰生股份,10.71,10.81,10.92,10.68,6591300.0
20251226,600827,百联股份,9.36,9.35,9.43,9.3,14987500.0
20251226,600828,茂业商业,5.92,5.73,5.98,5.72,52185700.0
20251226,600829,人民同泰,11.8,11.99,12.25,11.77,33750000.0
20251226,600830,香溢融通,9.6,9.62,9.72,9.54,6556200.0
20251226,600831,广电网络,4.27,4.2,4.31,4.18,15076300.0
20251226,600833,第一医药,13.38,13.27,13.52,13.24,3416200.0
20251226,600834,申通地铁,8.41,8.33,8.44,8.32,2610400.0
20251226,600835,上海机电,27.5,29.02,29.5,27.31,26319000.0
20251226,600838,上海九百,10.7,11.07,11.45,10.59,65805100.0
20251226,600839,四川长虹,9.1,9.05,9.11,9.02,60218800.0
20251226,600841,动力新科,6.15,6.08,6.18,6.06,8289800.0
20251226,600843,上工申贝,11.92,11.99,12.08,11.8,33207100.0
20251226,600844,金煤科技,2.98,2.94,2.99,2.93,17373800.0
20251226,600845,宝信软件,20.35,20.7,21.05,20.26,18000200.0
20251226,600846,同济科技,13.69,14.15,14.28,13.65,10042000.0
20251226,600847,万里股份,11.77,11.6,11.93,11.6,1873600.0
20251226,600848,上海临港,11.99,11.94,12.24,11.88,19468300.0
20251226,600850,电科数字,28.61,30.55,31.1,28.61,34629100.0
20251226,600851,海欣股份,7.07,7.01,7.13,7.0,5868900.0
20251226,600853,龙建股份,4.31,4.29,4.33,4.27,18150300.0
20251226,600854,春兰股份,5.05,5.01,5.07,5.0,5799000.0
20251226,600855,航天长峰,19.3,19.93,20.2,19.3,54304800.0
20251226,600857,宁波中百,14.11,14.07,14.29,14.05,5456000.0
20251226,600858,银座股份,6.7,7.46,7.46,6.7,64763400.0
20251226,600859,王府井,15.13,15.46,15.85,15.11,82046000.0
20251226,600860,京城股份,12.61,12.6,12.85,12.45,14648800.0
20251226,600861,北京人力,18.04,17.97,18.17,17.94,2612000.0
20251226,600862,中航高科,22.78,23.18,23.35,22.64,54746400.0
20251226,600863,华能蒙电,4.75,4.79,4.82,4.71,52565300.0
20251226,600864,哈投股份,6.81,6.83,6.92,6.8,28901300.0
20251226,600865,百大集团,21.83,21.33,23.1,20.73,77200000.0
20251226,600866,星湖科技,6.89,6.87,6.9,6.85,13285500.0
20251226,600867,通化东宝,8.36,8.33,8.38,8.29,13091100.0
20251226,600868,梅雁吉祥,3.48,3.48,3.55,3.45,99740700.0
20251226,600869,远东股份,7.97,7.89,7.99,7.76,49150300.0
20251226,600871,石化油服,2.15,2.18,2.18,2.14,113645900.0
20251226,600872,中炬高新,17.2,17.27,17.37,17.2,4167800.0
20251226,600873,梅花生物,10.23,10.26,10.31,10.17,20119600.0
20251226,600874,创业环保,6.02,5.99,6.04,5.97,14788000.0
20251226,600875,东方电气,24.85,24.9,25.22,24.7,61519000.0
20251226,600876,凯盛新能,10.18,10.12,10.3,10.1,4538500.0
20251226,600877,电科芯片,16.2,16.85,17.15,16.11,59351500.0
20251226,600879,航天电子,18.4,19.47,20.03,17.9,830717800.0
20251226,600880,博瑞传播,4.91,4.86,4.92,4.85,16478800.0
20251226,600881,亚泰集团,1.9,1.88,1.91,1.87,48936600.0
20251226,600882,妙可蓝多,27.24,26.93,27.5,26.82,7793400.0
20251226,600883,博闻科技,8.13,8.08,8.24,8.02,2692900.0
20251226,600884,杉杉股份,13.55,13.75,13.88,13.46,71760500.0
20251226,600885,宏发股份,31.12,30.95,31.48,30.82,11962800.0
20251226,600886,国投电力,13.4,13.42,13.44,13.36,14402500.0
20251226,600887,伊利股份,29.26,29.1,29.35,28.93,29128000.0
20251226,600888,新疆众和,7.95,8.22,8.28,7.95,38684600.0
20251226,600892,大晟文化,3.69,3.77,3.79,3.65,15040000.0
20251226,600893,航发动力,41.18,40.25,41.34,40.18,42839600.0
20251226,600894,广日股份,9.21,9.21,9.26,9.18,2987400.0
20251226,600895,张江高科,42.49,41.14,42.5,41.03,74075200.0
20251226,600897,厦门空港,18.15,18.15,18.26,17.81,13524500.0
20251226,600900,长江电力,27.61,27.64,27.67,27.52,48259300.0
20251226,600901,江苏金租,6.17,6.15,6.21,6.13,20429500.0
20251226,600903,贵州燃气,6.71,6.7,6.73,6.68,4239900.0
20251226,600905,三峡能源,4.14,4.13,4.14,4.12,65622900.0
20251226,600906,财达证券,6.87,6.89,6.95,6.85,18746300.0
20251226,600908,无锡银行,5.96,5.93,5.99,5.91,11036200.0
20251226,600909,华安证券,6.65,6.77,6.85,6.64,79283400.0
20251226,600916,中国黄金,8.06,8.08,8.09,8.05,15335700.0
20251226,600917,重庆燃气,5.55,5.52,5.56,5.51,4662500.0
20251226,600918,中泰证券,6.65,6.66,6.72,6.63,27273500.0
20251226,600919,江苏银行,10.32,10.24,10.34,10.23,95586500.0
20251226,600925,苏能股份,4.58,4.59,4.6,4.57,5599800.0
20251226,600926,杭州银行,15.33,15.25,15.38,15.21,35231200.0
20251226,600927,永安期货,15.38,15.49,15.66,15.36,7400000.0
20251226,600928,西安银行,3.76,3.74,3.78,3.73,17375800.0
20251226,600930,华电新能,6.39,6.36,6.39,6.34,49523400.0
20251226,600933,爱柯迪,19.24,19.39,19.75,19.15,14115300.0
20251226,600935,华塑股份,2.49,2.48,2.51,2.47,13399200.0
20251226,600936,北投科技,4.22,4.5,4.68,4.22,166178400.0
20251226,600938,中国海油,28.11,28.31,28.4,28.05,27351500.0
20251226,600939,重庆建工,3.35,3.3,3.36,3.29,41610800.0
20251226,600941,中国移动,100.3,100.84,101.11,100.12,14736300.0
20251226,600955,维远股份,15.13,15.57,15.67,15.02,7381500.0
20251226,600956,新天绿能,7.45,7.43,7.53,7.42,5070300.0
20251226,600958,东方证券,10.83,10.96,11.14,10.83,103703700.0
20251226,600959,江苏有线,3.4,3.4,3.42,3.39,21241000.0
20251226,600960,渤海汽车,5.46,5.5,5.63,5.46,36873700.0
20251226,600961,株冶集团,16.25,16.52,16.6,16.1,23717800.0
20251226,600962,国投中鲁,22.76,24.58,25.0,22.6,18845300.0
20251226,600963,岳阳林纸,4.6,4.53,4.61,4.5,30620500.0
20251226,600966,博汇纸业,6.92,6.88,6.92,6.65,58630300.0
20251226,600967,内蒙一机,16.42,16.34,16.49,16.24,20829400.0
20251226,600968,海油发展,3.81,3.8,3.82,3.79,27373500.0
20251226,600969,郴电国际,9.75,9.72,9.81,9.61,8399800.0
20251226,600970,中材国际,10.28,10.23,10.33,10.15,17478200.0
20251226,600971,恒源煤电,6.28,6.27,6.3,6.25,6754400.0
20251226,600973,宝胜股份,6.87,6.75,6.87,6.6,107098200.0
20251226,600975,新五丰,5.85,5.91,5.91,5.81,12988100.0
20251226,600976,健民集团,35.37,35.36,35.57,35.25,885700.0
20251226,600977,中国电影,15.34,15.47,15.63,15.23,43298900.0
20251226,600979,广安爱众,4.47,4.49,4.51,4.46,11301500.0
20251226,600980,北矿科技,22.8,22.79,22.95,22.65,2428600.0
20251226,600981,苏豪汇鸿,3.28,3.33,3.39,3.27,54571900.0
20251226,600982,宁波能源,4.45,4.45,4.47,4.42,9834300.0
20251226,600983,惠而浦,9.63,9.65,9.69,9.61,1643100.0
20251226,600984,建设机械,4.13,4.15,4.22,4.1,25405600.0
20251226,600985,淮北矿业,11.19,11.25,11.32,11.15,13489000.0
20251226,600986,浙文互联,7.53,7.52,7.62,7.49,31414000.0
20251226,600987,航民股份,7.06,7.05,7.08,7.04,4196300.0
20251226,600988,赤峰黄金,32.23,32.27,32.74,31.89,40967700.0
20251226,600989,宝丰能源,18.66,18.88,18.94,18.59,28972300.0
20251226,600990,四创电子,33.49,33.03,34.56,32.76,33866600.0
20251226,600992,贵绳股份,13.09,13.21,13.4,13.0,5598900.0
20251226,600993,马应龙,28.8,28.37,28.85,28.3,5834900.0
20251226,600995,南网储能,12.88,13.0,13.06,12.8,14289700.0
20251226,600996,贵广网络,10.99,10.74,11.15,10.62,23498000.0
20251226,600997,开滦股份,5.79,5.84,5.86,5.79,8046000.0
20251226,600998,九州通,5.1,5.13,5.14,5.09,22257700.0
20251226,600999,招商证券,16.75,16.74,16.95,16.73,57996100.0
20251226,601000,唐山港,3.88,3.88,3.89,3.86,24217200.0
20251226,601001,晋控煤业,13.21,13.35,13.44,13.19,17872400.0
20251226,601002,晋亿实业,5.33,5.22,5.33,5.2,14896500.0
20251226,601003,柳钢股份,5.04,5.04,5.1,5.01,10647600.0
20251226,601005,重庆钢铁,1.47,1.48,1.49,1.47,89356700.0
20251226,601006,大秦铁路,5.31,5.28,5.33,5.27,104660500.0
20251226,601007,金陵饭店,7.91,7.9,8.0,7.85,11316000.0
20251226,601008,连云港,5.25,5.25,5.29,5.23,15522200.0
20251226,601009,南京银行,11.32,11.22,11.39,11.18,42187000.0
20251226,601011,宝泰隆,3.47,3.52,3.57,3.47,54619800.0
20251226,601012,隆基绿能,18.84,19.02,19.33,18.7,275273200.0
20251226,601015,陕西黑猫,3.71,3.74,3.76,3.69,26829900.0
20251226,601016,节能风电,3.0,3.0,3.01,2.99,46693300.0
20251226,601018,宁波港,3.68,3.67,3.7,3.66,41515800.0
20251226,601019,山东出版,8.72,8.6,8.75,8.59,8378000.0
20251226,601020,华钰矿业,27.15,27.28,27.68,27.08,30002100.0
20251226,601021,春秋航空,56.29,56.45,56.58,55.58,4115100.0
20251226,601022,宁波远洋,9.35,9.29,9.42,9.27,7642900.0
20251226,601026,道生天合,19.22,19.19,19.37,19.15,3888600.0
20251226,601033,永兴股份,15.16,15.1,15.19,15.07,3600200.0
20251226,601038,一拖股份,14.0,14.15,14.33,13.96,10673200.0
20251226,601058,赛轮轮胎,16.25,16.38,16.4,16.15,30417400.0
20251226,601059,信达证券,17.83,17.8,17.93,17.78,25049200.0
20251226,601061,中信金属,14.12,14.62,14.81,14.12,37960400.0
20251226,601065,江盐集团,8.35,8.36,8.39,8.33,4311400.0
20251226,601066,中信建投,26.9,26.82,27.1,26.67,19703800.0
20251226,601068,中铝国际,5.84,6.0,6.05,5.82,33868600.0
20251226,601069,西部黄金,27.12,27.33,27.99,26.88,26387600.0
20251226,601077,渝农商行,6.4,6.34,6.42,6.33,36886300.0
20251226,601083,锦江航运,11.56,11.45,11.56,11.43,5478600.0
20251226,601086,国芳集团,10.59,10.47,10.8,10.46,16350200.0
20251226,601088,中国神华,40.05,40.07,40.25,40.01,16596900.0
20251226,601089,福元医药,24.6,24.29,24.68,24.11,2171300.0
20251226,601096,宏盛华源,4.25,4.24,4.26,4.21,15593900.0
20251226,601098,中南传媒,11.12,11.12,11.16,11.09,7057000.0
20251226,601099,太平洋,4.14,4.17,4.22,4.13,156177200.0
20251226,601100,恒立液压,106.97,108.61,109.65,105.67,8895900.0
20251226,601101,昊华能源,7.25,7.27,7.3,7.24,7038400.0
20251226,601106,中国一重,4.13,4.16,4.21,4.01,270633800.0
20251226,601107,四川成渝,6.34,6.3,6.37,6.25,9002600.0
20251226,601108,财通证券,8.65,8.67,8.76,8.62,62566900.0
20251226,601111,中国国航,8.7,8.72,8.76,8.54,64523400.0
20251226,601113,华鼎股份,4.45,4.37,4.46,4.35,22602000.0
20251226,601116,三江购物,14.38,14.27,14.59,14.26,18946900.0
20251226,601117,中国化学,7.69,7.67,7.71,7.64,30534800.0
20251226,601118,海南橡胶,5.8,6.06,6.14,5.79,143766000.0
20251226,601121,宝地矿业,7.27,7.47,7.52,7.26,18676800.0
20251226,601126,四方股份,33.1,32.2,33.1,31.79,29766400.0
20251226,601127,赛力斯,119.0,120.67,122.95,118.87,22208000.0
20251226,601128,常熟银行,7.08,7.06,7.09,7.04,25739600.0
20251226,601133,柏诚股份,17.31,16.7,18.2,16.58,49964800.0
20251226,601136,首创证券,19.04,19.03,19.21,18.98,13139800.0
20251226,601137,博威合金,21.86,21.8,22.04,21.61,20274500.0
20251226,601138,工业富联,66.5,63.84,66.5,63.8,192929700.0
20251226,601139,深圳燃气,6.63,6.65,6.65,6.61,8642200.0
20251226,601155,新城控股,14.02,14.09,14.22,13.98,6970800.0
20251226,601156,东航物流,18.5,18.44,18.6,18.36,6269300.0
20251226,601158,重庆水务,4.48,4.47,4.49,4.46,8820000.0
20251226,601162,天风证券,4.23,4.25,4.31,4.22,183885600.0
20251226,601163,三角轮胎,14.6,14.49,14.68,14.48,2759300.0
20251226,601166,兴业银行,21.03,21.14,21.18,21.0,50287900.0
20251226,601168,西部矿业,26.36,27.47,27.66,26.31,65207900.0
20251226,601169,北京银行,5.52,5.49,5.53,5.49,74976600.0
20251226,601177,杭齿前进,16.9,16.89,17.05,16.72,7001900.0
20251226,601179,中国西电,9.47,9.51,9.7,9.25,223474500.0
20251226,601186,中国铁建,7.8,7.81,7.82,7.77,22274600.0
20251226,601187,厦门银行,7.77,7.56,7.8,7.53,13917100.0
20251226,601188,龙江交通,3.52,3.51,3.54,3.5,19921800.0
20251226,601198,东兴证券,14.33,14.4,14.57,14.26,59483800.0
20251226,601199,江南水务,5.7,5.67,5.7,5.65,3768700.0
20251226,601200,上海环境,8.06,8.06,8.1,8.04,5603800.0
20251226,601208,东材科技,29.66,28.26,29.99,27.46,133538700.0
20251226,601211,国泰海通,20.69,20.76,20.92,20.66,66206600.0
20251226,601212,白银有色,5.82,5.87,6.0,5.74,351336700.0
20251226,601216,君正集团,4.83,4.86,4.88,4.82,51473000.0
20251226,601218,吉鑫科技,5.17,5.14,5.18,5.09,27414300.0
20251226,601222,林洋能源,5.57,5.56,5.6,5.55,13108400.0
20251226,601225,陕西煤业,21.55,21.58,21.78,21.47,20507400.0
20251226,601226,华电科工,8.2,8.05,8.25,7.95,24183500.0
20251226,601228,广州港,3.29,3.28,3.31,3.27,15998800.0
20251226,601229,上海银行,9.95,9.92,10.0,9.91,24855800.0
20251226,601231,环旭电子,30.29,29.86,30.54,29.53,52158000.0
20251226,601233,桐昆股份,16.8,16.85,17.32,16.52,41995900.0
20251226,601236,红塔证券,8.33,8.37,8.4,8.29,15003100.0
20251226,601238,广汽集团,8.13,8.15,8.2,8.09,33035000.0
20251226,601279,英利汽车,5.34,5.42,5.6,5.29,72927000.0
20251226,601288,农业银行,7.55,7.51,7.6,7.5,189086700.0
20251226,601298,青岛港,8.43,8.41,8.46,8.41,10632700.0
20251226,601311,骆驼股份,9.25,9.33,9.36,9.23,21737300.0
20251226,601318,中国平安,70.44,71.16,71.96,70.43,65701700.0
20251226,601319,中国人保,9.24,9.23,9.31,9.16,62884900.0
20251226,601326,秦港股份,3.56,3.57,3.59,3.55,14681500.0
20251226,601328,交通银行,7.19,7.22,7.23,7.16,90193100.0
20251226,601330,绿色动力,6.87,6.8,6.87,6.78,6610700.0
20251226,601333,广深铁路,3.06,3.07,3.08,3.05,27470400.0
20251226,601336,新华保险,71.68,71.3,72.26,70.8,18883400.0
20251226,601339,百隆东方,5.75,5.76,5.92,5.74,17531800.0
20251226,601360,三六零,10.48,10.89,11.14,10.44,233643400.0
20251226,601366,利群股份,5.22,5.25,5.36,5.21,74527700.0
20251226,601368,绿城水务,4.96,4.92,4.98,4.91,4660300.0
20251226,601369,陕鼓动力,10.17,10.63,10.64,10.16,19458900.0
20251226,601375,中原证券,4.37,4.38,4.43,4.37,27545400.0
20251226,601377,兴业证券,7.42,7.65,7.92,7.42,357350700.0
20251226,601388,怡球资源,2.93,3.05,3.06,2.92,87907400.0
20251226,601390,中国中铁,5.4,5.43,5.44,5.39,54418400.0
20251226,601398,工商银行,7.84,7.81,7.86,7.79,150069700.0
20251226,601399,国机重装,4.97,5.08,5.25,4.83,543378100.0
20251226,601456,国联民生,10.36,10.37,10.47,10.33,33021600.0
20251226,601500,通用股份,4.75,4.95,5.21,4.74,102488700.0
20251226,601512,中新集团,8.76,8.9,9.0,8.72,8146500.0
20251226,601515,衢州东峰,4.24,4.23,4.26,4.2,14699200.0
20251226,601518,吉林高速,2.85,2.85,2.87,2.84,15193400.0
20251226,601519,大智慧,12.92,13.19,13.49,12.92,57440800.0
20251226,601528,瑞丰银行,5.61,5.69,5.7,5.59,19160300.0
20251226,601555,东吴证券,9.07,9.16,9.25,9.05,52516600.0
20251226,601566,九牧王,14.8,14.8,15.14,14.25,58344300.0
20251226,601567,三星电气,23.19,22.88,23.27,22.84,16695000.0
20251226,601568,北元化工,3.78,3.76,3.79,3.72,24668800.0
20251226,601577,长沙银行,9.76,9.71,9.84,9.7,16830300.0
20251226,601579,会稽山,20.9,20.76,20.91,20.7,7435200.0
20251226,601588,北辰实业,1.77,1.76,1.79,1.75,46230600.0
20251226,601595,上海电影,28.86,29.03,29.23,28.52,7300300.0
20251226,601598,中国外运,6.26,6.19,6.29,6.16,16000800.0
20251226,601599,浙文影业,3.87,3.84,3.88,3.82,14888500.0
20251226,601600,中国铝业,10.99,11.84,11.94,10.97,473629100.0
20251226,601601,中国太保,42.51,42.33,43.09,42.13,23829400.0
20251226,601606,长城军工,48.05,47.94,48.75,47.47,25572000.0
20251226,601607,上海医药,17.94,17.86,17.94,17.84,6585300.0
20251226,601608,中信重工,6.47,6.58,6.67,6.45,60665000.0
20251226,601609,金田股份,10.72,10.79,10.88,10.71,32090400.0
20251226,601611,中国核建,13.11,13.69,13.84,12.98,149888000.0
20251226,601615,明阳智能,14.71,14.73,14.94,14.6,49613500.0
20251226,601616,广电电气,3.89,3.89,3.93,3.88,12019700.0
20251226,601618,中国中冶,2.98,3.0,3.01,2.97,156522500.0
20251226,601619,嘉泽新能,4.57,4.54,4.59,4.5,46461200.0
20251226,601628,中国人寿,46.85,46.68,47.51,46.43,13683900.0
20251226,601633,长城汽车,22.28,22.78,23.29,22.28,36311000.0
20251226,601636,旗滨集团,6.06,6.1,6.2,6.05,36163900.0
20251226,601658,邮储银行,5.41,5.4,5.42,5.38,79642300.0
20251226,601665,齐鲁银行,5.57,5.59,5.61,5.53,64500700.0
20251226,601666,平煤股份,7.95,7.98,7.99,7.89,14251200.0
20251226,601668,中国建筑,5.21,5.19,5.22,5.19,98959800.0
20251226,601669,中国电建,5.29,5.27,5.3,5.25,81056100.0
20251226,601677,明泰铝业,14.26,14.69,14.73,14.21,36653000.0
20251226,601678,滨化股份,4.29,4.31,4.33,4.26,22967800.0
20251226,601686,友发集团,6.37,6.38,6.43,6.35,7143700.0
20251226,601688,华泰证券,23.61,23.89,24.1,23.6,91881100.0
20251226,601689,拓普集团,71.49,71.29,72.22,70.56,25784200.0
20251226,601696,中银证券,14.86,15.68,16.28,14.85,230768200.0
20251226,601698,中国卫通,25.75,28.31,28.31,25.29,301766600.0
20251226,601699,潞安环能,11.93,11.95,12.08,11.91,18871500.0
20251226,601700,风范股份,5.5,5.6,5.64,5.44,43028000.0
20251226,601702,华峰铝业,20.89,21.14,21.3,20.83,8011600.0
20251226,601717,中创智领,24.43,24.56,24.8,24.34,14183300.0
20251226,601727,上海电气,8.63,8.57,8.63,8.51,124419100.0
20251226,601728,中国电信,6.46,6.42,6.47,6.4,148632800.0
20251226,601766,中国中车,6.92,6.9,6.93,6.88,54604500.0
20251226,601777,千里科技,10.8,10.71,10.85,10.6,19149000.0
20251226,601778,晶科科技,3.8,3.83,3.92,3.77,159961100.0
20251226,601788,光大证券,17.55,17.81,18.11,17.5,59763400.0
20251226,601789,宁波建工,5.08,5.08,5.11,5.06,17333500.0
20251226,601798,蓝科高新,9.14,8.99,9.14,8.98,5122300.0
20251226,601799,星宇股份,123.81,124.72,125.0,123.55,1230700.0
20251226,601800,中国交建,8.38,8.36,8.38,8.33,16914900.0
20251226,601801,皖新传媒,6.57,6.56,6.61,6.54,6415600.0
20251226,601808,中海油服,13.8,13.87,13.91,13.77,6394500.0
20251226,601811,新华文轩,13.53,13.47,13.56,13.46,1451600.0
20251226,601816,京沪高铁,5.19,5.22,5.23,5.18,75459200.0
20251226,601818,光大银行,3.51,3.51,3.53,3.5,126614500.0
20251226,601825,沪农商行,9.13,9.05,9.2,9.03,18952200.0
20251226,601827,三峰环境,8.36,8.36,8.38,8.32,3728400.0
20251226,601828,美凯龙,2.78,2.76,2.81,2.76,41654700.0
20251226,601838,成都银行,16.42,16.37,16.43,16.35,17870600.0
20251226,601857,中国石油,9.77,9.85,9.9,9.77,70109400.0
20251226,601858,中国科传,17.68,17.73,17.78,17.6,2409900.0
20251226,601860,紫金银行,2.77,2.76,2.78,2.75,23487400.0
20251226,601865,福莱特,15.9,16.05,16.29,15.9,21267800.0
20251226,601866,中远海发,2.53,2.53,2.54,2.51,52683500.0
20251226,601868,中国能建,2.38,2.37,2.39,2.36,203458100.0
20251226,601869,长飞光纤,124.0,121.86,124.5,119.47,16049400.0
20251226,601872,招商轮船,8.95,8.91,9.06,8.78,53298200.0
20251226,601877,正泰电器,28.4,28.71,28.97,28.32,26305800.0
20251226,601878,浙商证券,10.95,10.99,11.09,10.94,34449100.0
20251226,601880,辽港股份,1.62,1.61,1.63,1.61,59230500.0
20251226,601881,中国银河,15.98,16.0,16.14,15.9,37850400.0
20251226,601882,海天精工,19.45,19.36,19.58,19.28,1996900.0
20251226,601886,江河集团,7.97,7.91,8.0,7.89,2949300.0
20251226,601888,中国中免,84.84,92.3,92.88,84.53,100830300.0
20251226,601890,亚星锚链,10.32,10.32,10.5,10.26,30808800.0
20251226,601898,中煤能源,12.61,12.55,12.73,12.51,25618300.0
20251226,601899,紫金矿业,32.6,33.53,33.77,32.55,286198900.0
20251226,601900,南方传媒,13.58,13.52,13.62,13.47,4581000.0
20251226,601901,方正证券,7.83,7.87,7.92,7.81,67701000.0
20251226,601908,京运通,4.3,4.1,4.42,4.1,111368400.0
20251226,601916,浙商银行,3.05,3.05,3.06,3.04,51776000.0
20251226,601918,新集能源,6.68,6.74,6.74,6.66,26187300.0
20251226,601919,中远海控,15.15,15.24,15.27,15.11,45150800.0
20251226,601921,浙版传媒,7.95,7.95,8.01,7.9,7075500.0
20251226,601928,凤凰传媒,10.14,10.08,10.17,10.08,9570300.0
20251226,601929,吉视传媒,3.35,3.4,3.49,3.32,197304500.0
20251226,601933,永辉超市,5.24,5.29,5.38,5.21,707135700.0
20251226,601939,建设银行,9.19,9.09,9.2,9.08,70103200.0
20251226,601949,中国出版,6.48,6.51,6.55,6.46,4938000.0
20251226,601952,苏垦农发,9.12,9.18,9.18,9.11,6625400.0
20251226,601956,东贝集团,7.17,7.13,7.19,7.1,7638700.0
20251226,601958,金钼股份,15.06,15.46,15.56,15.06,35898400.0
20251226,601963,重庆银行,10.94,10.85,11.06,10.8,9650900.0
20251226,601965,中国汽研,17.38,17.68,17.85,17.25,7631500.0
20251226,601966,玲珑轮胎,14.79,14.78,14.85,14.74,8475600.0
20251226,601968,宝钢包装,5.69,5.66,5.71,5.57,18635900.0
20251226,601969,海南矿业,10.98,11.97,11.97,10.98,90335300.0
20251226,601975,招商南油,3.04,3.03,3.06,3.03,59183200.0
20251226,601985,中国核电,8.78,8.77,8.79,8.74,53649200.0
20251226,601988,中国银行,5.65,5.61,5.65,5.6,154495500.0
20251226,601990,南京证券,8.0,8.04,8.1,7.99,21348100.0
20251226,601991,大唐发电,3.66,3.74,3.76,3.64,140706800.0
20251226,601992,金隅集团,1.68,1.68,1.7,1.67,61350400.0
20251226,601995,中金公司,35.66,35.69,36.0,35.57,26649300.0
20251226,601996,丰林集团,2.4,2.35,2.4,2.34,21903900.0
20251226,601997,贵阳银行,5.95,5.9,5.97,5.89,53383400.0
20251226,601998,中信银行,7.47,7.42,7.5,7.4,28812500.0
20251226,601999,出版传媒,6.86,6.93,7.11,6.81,9402000.0
20251226,603000,人民网,18.86,18.88,18.97,18.8,6471700.0
20251226,603001,奥康国际,8.62,8.58,8.68,8.5,3956200.0
20251226,603002,宏昌电子,7.54,7.58,7.68,7.52,21274300.0
20251226,603004,鼎龙科技,23.76,23.32,23.78,23.22,3838900.0
20251226,603005,晶方科技,28.1,27.85,28.18,27.73,13617100.0
20251226,603006,联明股份,13.2,13.07,13.27,13.03,1985700.0
20251226,603007,顺景科技,5.3,5.3,5.3,5.26,22253500.0
20251226,603009,北特科技,43.79,43.14,44.47,42.6,10072400.0
20251226,603010,万盛股份,10.79,10.91,10.97,10.7,9138000.0
20251226,603011,合锻智能,22.82,23.16,23.38,22.53,54129800.0
20251226,603012,创力集团,5.88,6.01,6.05,5.86,19131700.0
20251226,603013,亚普股份,23.32,23.74,25.3,23.18,9953500.0
20251226,603014,威高血净,41.0,40.78,41.36,40.65,1573100.0
20251226,603015,弘讯科技,12.84,12.69,12.84,12.57,9893400.0
20251226,603016,新宏泰,28.7,28.8,29.27,28.51,4837000.0
20251226,603017,中衡设计,10.63,10.56,10.82,10.45,15752700.0
20251226,603018,华设集团,7.67,7.63,7.69,7.6,5615100.0
20251226,603019,中科曙光,86.77,85.81,86.78,85.21,43440700.0
20251226,603020,爱普股份,10.42,10.17,10.42,10.16,3951000.0
20251226,603022,新通联,10.62,10.46,10.64,10.39,9381300.0
20251226,603023,威帝股份,5.41,5.58,5.6,5.26,68568200.0
20251226,603025,大豪科技,17.7,17.65,17.83,17.51,6947900.0
20251226,603026,石大胜华,81.0,82.47,85.11,77.83,19840300.0
20251226,603027,千禾味业,9.81,9.76,9.88,9.75,7563400.0
20251226,603028,赛福天,9.4,8.51,9.4,8.46,47343500.0
20251226,603029,天鹅股份,18.48,18.36,18.67,18.31,1899100.0
20251226,603030,全筑股份,2.95,3.08,3.23,2.93,92184700.0
20251226,603031,安孚科技,49.0,47.67,49.99,47.2,14253000.0
20251226,603032,德新科技,20.0,19.75,20.33,19.62,7232400.0
20251226,603033,三维股份,10.5,10.38,10.5,10.3,4200700.0
20251226,603035,常熟汽饰,15.43,15.21,15.49,15.19,5653700.0
20251226,603036,如通股份,20.74,20.46,20.79,20.38,4949800.0
20251226,603037,凯众股份,13.77,13.42,13.77,13.37,6047800.0
20251226,603038,华立股份,16.03,15.82,16.06,15.76,4037200.0
20251226,603039,泛微网络,49.34,49.78,50.3,49.32,1076600.0
20251226,603040,新坐标,86.0,85.2,88.48,84.51,2199200.0
20251226,603041,美思德,12.15,12.1,12.54,12.1,2392000.0
20251226,603042,华脉科技,17.68,17.45,17.88,17.31,13613900.0
20251226,603043,广州酒家,18.0,17.97,18.18,17.89,2332800.0
20251226,603045,福达合金,19.91,19.81,20.06,19.72,2301300.0
20251226,603048,浙江黎明,21.56,21.03,21.58,20.95,2052600.0
20251226,603049,中策橡胶,57.18,56.92,57.18,56.56,3740000.0
20251226,603050,科林电气,17.91,17.69,17.92,17.56,2504200.0
20251226,603051,鹿山新材,20.35,20.39,20.64,20.28,3391600.0
20251226,603052,可川科技,32.84,32.33,32.97,32.0,6980600.0
20251226,603053,成都燃气,9.86,9.82,9.93,9.82,2732600.0
20251226,603055,台华新材,9.15,9.07,9.22,9.07,4188500.0
20251226,603057,紫燕食品,19.73,19.53,19.9,19.48,3352100.0
20251226,603058,永吉股份,9.83,9.54,9.84,9.48,13841500.0
20251226,603059,倍加洁,31.46,30.7,31.58,30.63,1578400.0
20251226,603060,国检集团,6.16,6.13,6.18,6.11,2996900.0
20251226,603061,金海通,145.5,142.0,146.63,140.43,1361000.0
20251226,603062,麦加芯彩,47.01,46.8,47.36,46.5,548900.0
20251226,603063,禾望电气,34.78,34.71,34.99,33.98,23314100.0
20251226,603065,宿迁联盛,8.39,8.45,8.47,8.32,5675300.0
20251226,603066,音飞储存,10.9,10.79,10.94,10.78,2031800.0
20251226,603067,振华股份,30.85,30.89,31.49,30.24,21930500.0
20251226,603068,博通集成,37.37,37.31,37.68,36.95,4122500.0
20251226,603069,海汽集团,27.12,30.38,30.38,27.12,59254200.0
20251226,603070,万控智造,13.12,13.03,13.24,12.95,2106300.0
20251226,603071,物产环能,13.33,13.26,13.38,13.25,983300.0
20251226,603072,天和磁材,41.16,41.12,41.44,40.86,1930900.0
20251226,603073,彩蝶实业,19.26,18.7,19.29,18.7,987500.0
20251226,603075,热威股份,22.0,21.67,22.03,21.63,962400.0
20251226,603076,乐惠国际,24.35,23.96,24.42,23.93,1292100.0
20251226,603077,和邦生物,2.25,2.31,2.32,2.25,205517300.0
20251226,603078,江化微,18.26,17.99,18.28,17.97,9038000.0
20251226,603079,圣达生物,17.34,16.98,17.4,16.89,4733300.0
20251226,603080,新疆火炬,23.43,22.85,23.43,22.79,4652300.0
20251226,603081,大丰实业,13.89,13.77,14.0,13.69,7748700.0
20251226,603082,北自科技,36.71,36.32,36.74,36.21,748100.0
20251226,603083,剑桥科技,123.97,126.77,128.0,121.6,23265700.0
20251226,603085,天成自控,11.34,11.33,11.57,11.23,19329800.0
20251226,603086,先达股份,8.33,8.26,8.34,8.21,6226100.0
20251226,603087,甘李药业,67.0,68.29,68.5,66.66,8950500.0
20251226,603088,宁波精达,10.78,10.46,10.91,10.45,21009700.0
20251226,603089,正裕工业,12.96,12.83,13.07,12.82,4154700.0
20251226,603090,宏盛股份,59.96,59.46,61.35,58.57,6155900.0
20251226,603091,众鑫股份,82.3,82.71,84.79,82.22,632800.0
20251226,603092,德力佳,65.55,65.09,66.08,64.79,2474800.0
20251226,603093,南华期货,19.26,19.02,19.57,18.9,7552300.0
20251226,603095,越剑智能,15.96,16.25,16.39,15.75,16530500.0
20251226,603096,新经典,17.51,17.45,17.64,17.35,1033200.0
20251226,603097,江苏华辰,30.0,29.31,30.01,28.89,6697700.0
20251226,603098,森特股份,14.15,13.79,14.3,13.73,13193200.0
20251226,603099,长白山,45.23,45.92,46.2,45.03,8654700.0
20251226,603100,川仪股份,23.0,23.14,23.56,22.93,6538700.0
20251226,603101,汇嘉时代,10.05,10.05,10.2,10.0,8842300.0
20251226,603102,百合股份,43.18,42.61,43.18,42.44,653800.0
20251226,603103,横店影视,15.59,15.65,15.71,15.47,3665000.0
20251226,603105,芯能科技,9.49,9.55,9.68,9.49,13521900.0
20251226,603106,恒银科技,10.57,10.5,10.62,10.45,12502200.0
20251226,603107,上海汽配,15.17,15.01,15.18,14.98,1949200.0
20251226,603108,润达医疗,15.06,14.94,15.08,14.87,7970600.0
20251226,603109,神驰机电,26.06,25.7,26.25,25.58,4019000.0
20251226,603110,东方材料,15.9,15.88,16.2,15.82,6011600.0
20251226,603111,康尼机电,7.06,6.97,7.07,6.94,7766800.0
20251226,603112,华翔股份,17.55,17.61,17.82,17.24,6137900.0
20251226,603113,金能科技,6.17,6.17,6.23,6.12,8850100.0
20251226,603115,海星股份,19.13,18.89,19.15,18.7,2405800.0
20251226,603116,红蜻蜓,5.84,5.73,5.85,5.72,4564500.0
20251226,603117,万林物流,4.83,4.77,4.85,4.75,6236800.0
20251226,603118,共进股份,11.6,11.54,11.63,11.45,15422700.0
20251226,603119,浙江荣泰,102.15,103.6,108.2,101.0,22418400.0
20251226,603120,肯特催化,38.77,38.7,39.08,38.53,1669500.0
20251226,603121,华培动力,21.8,21.65,22.0,21.32,7352000.0
20251226,603122,合富中国,25.5,25.48,26.49,24.8,71146200.0
20251226,603123,翠微股份,13.88,14.57,14.74,13.78,117581600.0
20251226,603124,江南新材,84.0,82.05,84.0,81.23,2876400.0
20251226,603125,常青科技,17.94,17.5,17.96,17.45,4999400.0
20251226,603126,中材节能,6.84,6.82,6.89,6.78,6670900.0
20251226,603127,昭衍新药,36.93,36.94,37.31,36.28,17967100.0
20251226,603128,华贸物流,6.15,6.25,6.29,6.11,40587500.0
20251226,603129,春风动力,280.0,278.34,282.72,276.2,984700.0
20251226,603130,云中马,52.39,51.63,55.65,49.99,8429800.0
20251226,603131,上海沪工,29.86,31.23,31.87,29.68,58206500.0
20251226,603132,金徽股份,14.58,15.1,15.32,14.58,10873300.0
20251226,603135,中重科技,9.23,9.15,9.26,9.1,3057000.0
20251226,603136,天目湖,12.0,11.92,12.04,11.88,6054800.0
20251226,603137,恒尚节能,14.15,13.99,14.15,13.91,1078800.0
20251226,603138,海量数据,13.98,14.12,14.46,13.88,5207600.0
20251226,603139,康惠股份,20.9,20.34,21.0,20.27,1981200.0
20251226,603150,万朗磁塑,39.97,38.9,39.97,38.71,3635700.0
20251226,603151,邦基科技,18.63,18.45,18.69,18.45,1540300.0
20251226,603153,上海建科,17.18,17.08,17.18,17.0,1542700.0
20251226,603155,新亚强,17.71,17.46,17.96,17.4,5349400.0
20251226,603156,养元饮品,27.07,26.6,27.07,26.36,5664700.0
20251226,603158,腾龙股份,10.62,10.42,10.7,10.38,23955400.0
20251226,603159,上海亚虹,26.03,25.75,26.35,25.35,4722400.0
20251226,603160,汇顶科技,78.84,78.65,79.3,78.4,3987100.0
20251226,603161,科华控股,13.94,13.7,13.94,13.66,2383500.0
20251226,603162,海通发展,12.6,12.68,12.86,12.43,24536600.0
20251226,603163,圣晖集成,85.06,83.0,92.99,79.25,9682200.0
20251226,603165,荣晟环保,12.86,12.77,12.92,12.72,2894000.0
20251226,603166,福达股份,15.92,15.77,16.37,15.7,21831800.0
20251226,603167,渤海轮渡,9.46,9.46,9.52,9.41,4865300.0
20251226,603168,莎普爱思,7.65,7.53,7.67,7.51,5235100.0
20251226,603169,兰石重装,10.5,10.62,10.8,10.44,62454200.0
20251226,603170,宝立食品,14.48,14.25,14.54,14.23,1725400.0
20251226,603171,税友股份,50.52,50.5,52.2,50.3,4149900.0
20251226,603172,万丰股份,18.08,17.61,18.18,17.5,1854500.0
20251226,603173,福斯达,42.01,43.37,43.56,41.81,3996900.0
20251226,603175,超颖电子,66.68,69.32,70.5,65.9,6167300.0
20251226,603176,汇通集团,5.35,5.33,5.37,5.28,3341200.0
20251226,603177,德创环保,11.41,11.39,11.6,11.37,4108900.0
20251226,603178,圣龙股份,18.97,18.59,19.01,18.55,4919700.0
20251226,603179,新泉股份,67.4,64.78,67.42,64.46,9573700.0
20251226,603180,金牌家居,20.87,20.6,20.87,20.57,2586400.0
20251226,603181,皇马科技,14.59,14.54,14.63,14.41,9885200.0
20251226,603182,嘉华股份,16.41,16.26,16.54,16.1,2138800.0
20251226,603183,建研院,4.4,4.33,4.46,4.32,9001500.0
20251226,603185,弘元绿能,32.88,31.78,33.48,31.71,35014800.0
20251226,603186,华正新材,45.8,47.01,47.96,45.1,8616000.0
20251226,603187,海容冷链,15.75,15.63,16.04,15.5,9128100.0
20251226,603188,亚邦股份,4.65,4.6,4.68,4.58,9859700.0
20251226,603190,亚通精工,27.5,27.2,27.66,26.8,4648500.0
20251226,603191,望变电气,15.39,15.3,15.45,15.21,6226300.0
20251226,603192,汇得科技,24.28,23.74,24.28,23.67,2716500.0
20251226,603193,润本股份,24.61,24.47,24.67,24.36,1576100.0
20251226,603194,中力股份,38.08,37.9,38.26,37.61,3230500.0
20251226,603195,公牛集团,41.85,41.74,41.91,41.59,2220000.0
20251226,603196,璞源材料,25.5,25.56,25.7,25.3,1990300.0
20251226,603197,保隆科技,36.44,36.18,36.64,36.05,3265400.0
20251226,603198,迎驾贡酒,40.16,39.87,40.22,39.68,3575100.0
20251226,603199,九华旅游,36.63,36.43,36.74,36.14,1337600.0
20251226,603200,上海洗霸,71.99,71.69,73.34,71.31,6637400.0
20251226,603201,常润股份,17.07,16.9,17.07,16.76,1076400.0
20251226,603202,天有为,91.93,91.95,92.23,91.73,556500.0
20251226,603203,快克智能,38.14,37.48,38.54,36.98,9695100.0
20251226,603205,健尔康,27.46,27.35,27.46,27.18,736800.0
20251226,603206,嘉环科技,17.15,17.1,17.48,16.95,4310900.0
20251226,603207,小方制药,29.05,28.86,29.12,28.78,801000.0
20251226,603208,江山欧派,15.19,15.2,15.28,14.98,6450300.0
20251226,603209,兴通股份,16.2,16.03,16.25,15.91,9127000.0
20251226,603210,泰鸿万立,19.5,19.52,19.62,19.43,1685900.0
20251226,603211,晋拓股份,22.08,21.47,22.08,21.05,13247800.0
20251226,603212,赛伍技术,14.85,15.32,16.2,14.8,72743500.0
20251226,603213,镇洋发展,13.22,13.11,13.25,13.1,1471700.0
20251226,603214,爱婴室,17.43,17.16,17.5,17.14,5627300.0
20251226,603215,比依股份,21.28,20.94,21.28,20.75,3564800.0
20251226,603216,梦天家居,39.8,38.52,39.9,37.39,6294700.0
20251226,603217,元利科技,25.15,24.73,25.18,24.55,2832400.0
20251226,603218,日月股份,13.3,13.28,13.43,13.21,9255300.0
20251226,603219,富佳股份,16.36,16.12,16.45,16.1,2894500.0
20251226,603220,中贝通信,21.31,21.18,21.45,21.13,5965800.0
20251226,603221,爱丽家居,12.53,12.5,12.89,12.38,8553900.0
20251226,603222,济民健康,9.51,9.48,9.63,9.45,12963100.0
20251226,603223,恒通股份,9.73,9.57,9.73,9.52,6755500.0
20251226,603225,新凤鸣,19.3,19.5,19.75,18.8,17964300.0
20251226,603226,菲林格尔,32.16,31.36,32.43,31.32,2670500.0
20251226,603227,雪峰科技,8.27,8.3,8.35,8.27,5878800.0
20251226,603228,景旺电子,75.52,73.57,75.73,72.13,32764900.0
20251226,603229,奥翔药业,9.65,9.62,9.69,9.56,4317800.0
20251226,603230,内蒙新华,12.79,12.69,12.88,12.66,3565300.0
20251226,603231,索宝蛋白,18.67,18.5,18.69,18.47,1517000.0
20251226,603232,格尔软件,22.05,23.1,23.5,22.05,37417500.0
20251226,603233,大参林,18.05,18.12,18.18,17.96,3892200.0
20251226,603235,天新药业,27.24,26.95,27.31,26.86,1237500.0
20251226,603236,移远通信,95.33,94.44,95.78,93.77,6189400.0
20251226,603237,五芳斋,16.79,16.72,16.92,16.7,1326900.0
20251226,603238,诺邦股份,17.39,17.11,17.44,17.0,1869400.0
20251226,603239,浙江仙通,21.13,20.62,21.37,20.4,7206000.0
20251226,603248,锡华科技,25.52,26.08,27.8,24.91,28633200.0
20251226,603255,鼎际得,29.44,29.24,29.55,29.05,859900.0
20251226,603256,宏和科技,38.0,37.6,38.46,37.06,22839000.0
20251226,603257,中国瑞林,57.59,57.01,57.95,56.95,1086000.0
20251226,603258,电魂网络,18.64,18.61,18.8,18.5,1683000.0
20251226,603259,药明康德,91.8,92.7,93.6,91.57,25704000.0
20251226,603260,合盛硅业,54.4,54.96,55.5,54.0,16766400.0
20251226,603261,立航科技,24.62,24.54,25.17,24.2,1036500.0
20251226,603262,技源集团,28.41,28.17,28.42,28.0,934900.0
20251226,603266,天龙股份,22.04,21.97,22.17,21.71,4896300.0
20251226,603267,鸿远电子,52.2,52.35,52.99,51.65,11226800.0
20251226,603268,松发股份,89.26,86.29,89.5,86.1,3536700.0
20251226,603269,海鸥股份,13.0,13.72,14.1,12.75,36634500.0
20251226,603270,金帝股份,25.52,25.76,25.8,24.75,7712700.0
20251226,603271,永杰新材,42.3,41.92,42.6,41.81,1852700.0
20251226,603273,天元智能,20.35,20.59,20.79,20.19,5658300.0
20251226,603275,众辰科技,42.8,42.1,42.85,42.07,1871300.0
20251226,603276,恒兴新材,16.7,16.64,16.76,16.48,1208100.0
20251226,603277,银都股份,17.56,17.49,17.59,17.33,1188200.0
20251226,603278,大业股份,12.8,12.8,12.8,12.27,44189000.0
20251226,603279,景津装备,15.94,15.77,16.06,15.7,4814700.0
20251226,603280,南方路机,38.3,37.97,38.35,37.55,2093800.0
20251226,603281,江瀚新材,27.99,28.01,28.33,27.9,1204200.0
20251226,603282,亚光股份,20.0,19.79,20.05,19.61,1225800.0
20251226,603283,赛腾股份,45.1,44.58,45.63,44.41,9624900.0
20251226,603285,键邦股份,24.78,24.61,24.83,24.53,1638800.0
20251226,603286,日盈电子,58.68,59.5,59.99,58.0,5473500.0
20251226,603288,海天味业,37.37,37.42,37.52,37.27,7676600.0
20251226,603289,泰瑞机器,10.14,9.94,10.14,9.93,2507200.0
20251226,603290,斯达半导,97.09,96.8,97.6,96.46,2917500.0
20251226,603291,联合水务,9.71,9.65,9.75,9.63,2451000.0
20251226,603296,华勤技术,93.55,91.97,93.6,91.66,7380900.0
20251226,603297,永新光学,105.99,103.96,105.99,103.0,1863000.0
20251226,603298,杭叉集团,27.16,27.31,27.75,27.08,5946100.0
20251226,603299,苏盐井神,10.28,10.28,10.32,10.23,3815700.0
20251226,603300,海南华铁,7.49,7.81,7.87,7.47,226519100.0
20251226,603301,振德医疗,72.0,72.25,73.3,71.37,4794700.0
20251226,603303,得邦照明,13.1,12.92,13.1,12.91,825400.0
20251226,603305,旭升集团,15.49,16.31,16.57,15.22,182114700.0
20251226,603306,华懋科技,61.03,59.44,61.34,58.95,12877300.0
20251226,603307,扬州金泉,40.05,39.01,40.05,38.87,851100.0
20251226,603308,应流股份,42.91,43.06,43.99,41.88,17204600.0
20251226,603309,维力医疗,13.82,13.69,13.85,13.68,2992000.0
20251226,603310,巍华新材,17.15,17.05,17.19,17.0,1222300.0
20251226,603311,金海高科,14.8,15.91,16.15,14.79,23984100.0
20251226,603312,西典新能,48.14,49.08,50.59,48.05,3860000.0
20251226,603313,梦百合,9.48,9.27,9.51,9.24,11305500.0
20251226,603315,福鞍股份,15.13,16.12,16.38,14.89,22232300.0
20251226,603316,诚邦股份,14.34,14.88,15.13,14.31,12915100.0
20251226,603317,天味食品,12.64,12.55,12.69,12.5,2744700.0
20251226,603318,水发燃气,6.84,6.79,6.88,6.76,6970900.0
20251226,603319,美湖股份,37.02,37.15,38.08,36.6,12126400.0
20251226,603320,迪贝电气,18.76,18.45,18.77,18.4,2786000.0
20251226,603321,梅轮电梯,8.21,8.13,8.23,8.03,5390000.0
20251226,603322,超讯科技,38.3,38.11,38.68,38.0,7379400.0
20251226,603323,苏农银行,5.12,5.1,5.14,5.09,15528400.0
20251226,603324,盛剑科技,25.96,26.08,26.69,25.48,7275800.0
20251226,603325,博隆技术,78.97,78.16,78.97,77.8,426900.0
20251226,603326,我乐家居,9.14,8.95,9.19,8.91,4101600.0
20251226,603327,福蓉科技,11.05,10.9,11.15,10.77,34276100.0
20251226,603328,依顿电子,11.25,11.15,11.26,11.07,11381600.0
20251226,603329,上海雅仕,11.25,11.17,11.31,11.13,1823500.0
20251226,603330,天洋新材,7.51,7.39,7.54,7.37,4783500.0
20251226,603331,百达精工,13.01,12.67,13.09,12.63,8994800.0
20251226,603332,苏州龙杰,12.83,12.54,12.83,12.54,3370500.0
20251226,603333,福华尚纬,8.53,8.17,8.59,8.11,22718400.0
20251226,603334,丰倍生物,42.34,42.05,42.34,41.9,1739800.0
20251226,603335,迪生力,5.7,5.62,5.74,5.61,6412900.0
20251226,603336,宏辉果蔬,8.52,8.46,8.6,8.45,5444200.0
20251226,603337,杰克科技,40.59,40.26,40.59,39.67,2975300.0
20251226,603338,浙江鼎力,56.09,56.07,56.42,55.8,5846200.0
20251226,603339,四方科技,13.18,13.02,13.23,12.98,4323000.0
20251226,603341,龙旗科技,42.57,41.88,42.58,41.63,6067800.0
20251226,603344,星德胜,32.93,32.46,32.96,31.88,6194400.0
20251226,603345,安井食品,81.2,81.27,82.11,80.5,3360700.0
20251226,603348,文灿股份,19.36,19.23,19.53,19.2,2552500.0
20251226,603350,安乃达,37.95,37.69,38.3,37.54,973600.0
20251226,603351,威尔药业,26.61,26.34,26.87,26.26,661200.0
20251226,603353,和顺石油,24.96,24.82,25.03,24.66,3623100.0
20251226,603355,莱克电气,30.48,31.3,32.2,30.48,4747200.0
20251226,603356,华菱精工,14.47,14.41,14.73,14.2,3559100.0
20251226,603357,设计总院,8.11,8.07,8.12,8.06,2972700.0
20251226,603358,华达科技,47.0,48.07,48.48,47.0,5908700.0
20251226,603360,百傲化学,30.0,31.25,31.4,29.95,13265700.0
20251226,603363,傲农生物,4.63,4.62,4.67,4.61,29084300.0
20251226,603365,水星家纺,21.05,20.6,21.07,20.05,2625500.0
20251226,603366,日出东方,9.99,9.87,10.0,9.85,32502100.0
20251226,603367,辰欣药业,18.02,17.85,18.15,17.81,10003200.0
20251226,603368,柳药集团,18.15,17.97,18.16,17.94,5445900.0
20251226,603369,今世缘,35.39,35.23,35.43,35.12,4158900.0
20251226,603370,华新精科,46.83,46.23,46.83,46.1,1148200.0
20251226,603373,安邦护卫,38.01,37.91,38.24,37.64,887700.0
20251226,603375,盛景微,37.17,36.97,37.38,36.74,1436000.0
20251226,603376,大明电子,38.2,38.02,38.23,37.71,2524400.0
20251226,603379,三美股份,60.07,60.0,61.18,59.33,4347400.0
20251226,603380,易德龙,39.95,39.41,39.99,39.05,5732200.0
20251226,603381,永臻股份,20.14,20.24,20.45,20.11,3557300.0
20251226,603382,海阳科技,32.19,32.27,32.3,31.8,1797900.0
20251226,603383,顶点软件,36.71,36.7,37.1,36.4,4283000.0
20251226,603385,惠达卫浴,7.09,6.94,7.09,6.89,3775300.0
20251226,603386,骏亚科技,15.41,15.11,15.54,14.95,22515600.0
20251226,603387,基蛋生物,8.32,8.34,8.39,8.25,5809400.0
20251226,603389,亚振家居,44.0,43.5,45.15,40.97,4675500.0
20251226,603390,通达电气,13.08,12.97,13.25,12.87,8549500.0
20251226,603391,力聚热能,69.22,68.38,69.95,67.9,954400.0
20251226,603392,万泰生物,46.9,46.76,47.45,46.75,2456500.0
20251226,603393,新天然气,27.25,27.0,27.25,26.92,2946700.0
20251226,603395,红四方,29.7,29.75,29.87,29.55,1794200.0
20251226,603396,金辰股份,34.1,33.84,34.69,33.8,5278200.0
20251226,603399,永杉锂业,10.95,11.07,11.18,10.79,28212100.0
20251226,603400,华之杰,53.1,52.63,53.24,52.35,735800.0
20251226,603406,天富龙,39.88,40.2,40.5,39.88,977800.0
20251226,603408,建霖家居,14.47,14.22,15.17,14.15,16858300.0
20251226,603409,汇通控股,37.74,37.4,37.74,36.88,2007600.0
20251226,603416,信捷电气,54.23,54.08,54.54,53.7,2004100.0
20251226,603418,友升股份,56.19,55.63,56.41,55.61,1522800.0
20251226,603421,鼎信通讯,8.28,8.01,8.34,7.94,22109500.0
20251226,603439,三力制药,11.87,11.92,12.0,11.83,2410300.0
20251226,603444,吉比特,437.01,433.51,438.0,431.2,1085400.0
20251226,603456,九洲药业,18.4,18.14,18.41,18.13,10154500.0
20251226,603458,勘设股份,8.6,8.63,8.8,8.46,12541300.0
20251226,603466,风语筑,9.18,9.17,9.24,9.1,6997400.0
20251226,603477,巨星农牧,16.92,17.15,17.16,16.9,4601000.0
20251226,603486,科沃斯,81.1,80.4,81.5,80.09,4282500.0
20251226,603488,展鹏科技,7.95,7.81,8.0,7.8,3224700.0
20251226,603489,八方股份,30.0,29.82,30.7,29.71,2998400.0
20251226,603496,恒为科技,26.81,26.82,27.11,26.6,4881900.0
20251226,603499,翔港科技,20.77,20.48,20.77,19.96,6295500.0
20251226,603500,祥和实业,12.02,11.9,12.1,11.83,4893400.0
20251226,603501,豪威集团,127.18,128.84,129.57,126.6,13877500.0
20251226,603505,金石资源,19.2,19.18,19.29,18.89,12286600.0
20251226,603506,南都物业,13.1,13.11,13.28,12.91,5868600.0
20251226,603507,振江股份,24.82,24.6,25.33,24.53,4258500.0
20251226,603508,思维列控,27.95,27.82,28.38,27.63,5664600.0
20251226,603511,爱慕股份,15.93,15.68,16.03,15.63,1659300.0
20251226,603515,欧普照明,18.4,18.23,18.55,18.15,1385800.0
20251226,603516,淳中科技,228.9,223.04,230.98,220.8,5310600.0
20251226,603518,锦泓集团,9.95,9.87,10.01,9.86,13156500.0
20251226,603519,立霸股份,12.08,11.93,12.09,11.9,1869300.0
20251226,603520,司太立,9.62,9.48,9.64,9.48,6808100.0
20251226,603527,众源新材,10.91,11.08,11.28,10.91,11972400.0
20251226,603528,多伦科技,10.58,10.62,10.78,10.44,41532000.0
20251226,603529,爱玛科技,30.1,30.07,30.24,29.96,3686500.0
20251226,603530,神马电力,42.98,42.48,44.0,41.81,8991300.0
20251226,603533,掌阅科技,19.18,19.25,19.4,19.17,10889000.0
20251226,603535,嘉诚国际,11.08,11.07,11.24,11.05,9995600.0
20251226,603536,惠发食品,11.68,11.4,11.75,11.37,11876200.0
20251226,603538,美诺华,19.75,19.69,19.87,19.61,2854800.0
20251226,603551,奥普科技,12.28,11.73,12.28,11.7,5244800.0
20251226,603556,海兴电力,34.6,34.57,35.0,34.36,2846100.0
20251226,603558,健盛集团,11.41,11.4,11.45,11.3,2679500.0
20251226,603559,中通国脉,8.07,7.67,8.07,7.67,5949500.0
20251226,603565,中谷物流,10.53,10.51,10.65,10.5,14027500.0
20251226,603566,普莱柯,12.79,12.69,12.79,12.63,3480900.0
20251226,603567,珍宝岛,9.76,9.73,9.79,9.68,3740500.0
20251226,603568,伟明环保,25.46,25.33,25.56,25.11,3817000.0
20251226,603569,长久物流,7.77,7.73,7.81,7.7,4131000.0
20251226,603577,汇金通,10.46,10.17,10.46,10.15,8819500.0
20251226,603578,三星新材,12.23,12.0,12.32,11.95,2278400.0
20251226,603579,荣泰健康,23.79,23.37,23.79,23.26,4762900.0
20251226,603580,艾艾精工,15.58,15.57,15.8,15.43,714100.0
20251226,603583,捷昌驱动,35.86,35.63,36.2,35.5,5378400.0
20251226,603585,苏利股份,19.6,19.33,19.69,19.26,5334400.0
20251226,603586,金麒麟,18.86,18.97,19.2,18.82,3016100.0
20251226,603587,地素时尚,13.64,13.56,13.71,13.36,8997200.0
20251226,603588,高能环境,7.62,7.56,7.71,7.52,32680500.0
20251226,603589,口子窖,30.96,30.74,30.98,30.71,2924800.0
20251226,603590,康辰药业,40.6,40.0,40.6,39.69,2136700.0
20251226,603596,伯特利,50.7,51.84,52.48,50.52,16581300.0
20251226,603598,引力传媒,16.25,16.2,16.28,16.1,8023600.0
20251226,603599,广信股份,11.6,11.54,11.64,11.48,5146300.0
20251226,603600,永艺股份,12.38,12.23,12.4,12.2,4024500.0
20251226,603601,再升科技,13.0,13.34,13.34,12.52,443055100.0
20251226,603602,纵横通信,14.46,14.38,14.56,14.31,3584500.0
20251226,603605,珀莱雅,67.63,67.92,68.3,67.62,2789000.0
20251226,603606,东方电缆,62.89,61.81,63.0,61.33,7412700.0
20251226,603607,京华激光,25.8,25.5,26.24,25.37,5746500.0
20251226,603609,禾丰股份,7.09,7.08,7.12,7.06,2235700.0
20251226,603610,麒盛科技,20.13,19.91,20.2,19.8,5342200.0
20251226,603611,诺力股份,24.41,24.1,24.41,24.0,4309800.0
20251226,603612,索通发展,24.01,24.16,24.47,24.0,16243900.0
20251226,603613,国联股份,27.75,27.83,28.09,27.67,9685200.0
20251226,603615,茶花股份,23.55,23.09,23.55,22.9,2172900.0
20251226,603616,韩建河山,5.17,5.2,5.24,5.16,9326900.0
20251226,603617,君禾股份,7.52,7.41,7.52,7.37,6081900.0
20251226,603618,杭电股份,8.57,8.4,8.8,8.39,37439300.0
20251226,603619,中曼石油,22.18,22.88,23.06,22.17,8888100.0
20251226,603626,科森科技,16.55,17.19,17.19,16.55,96417700.0
20251226,603628,清源股份,14.22,14.17,14.55,14.12,11770500.0
20251226,603629,利通电子,27.1,26.81,27.15,26.63,9895600.0
20251226,603630,拉芳家化,20.29,20.06,20.29,19.97,1883200.0
20251226,603633,徕木股份,10.12,10.09,10.17,9.94,7414900.0
20251226,603636,南威软件,11.88,11.8,11.97,11.74,15519600.0
20251226,603637,镇海股份,11.04,10.88,11.25,10.86,4476700.0
20251226,603638,艾迪精密,19.07,19.0,19.24,18.86,3785100.0
20251226,603639,海利尔,12.83,12.69,12.85,12.64,1669300.0
20251226,603648,畅联股份,10.56,10.45,10.62,10.42,3545000.0
20251226,603650,彤程新材,47.31,46.08,47.31,45.88,19942100.0
20251226,603655,朗博科技,37.66,36.88,37.66,36.88,1061500.0
20251226,603656,泰禾智能,22.66,22.72,22.94,22.5,3190500.0
20251226,603657,春光科技,31.53,30.87,31.54,30.8,4830600.0
20251226,603658,安图生物,36.18,36.16,36.25,36.1,1572800.0
20251226,603659,璞泰来,27.43,28.1,28.48,27.43,35183100.0
20251226,603660,苏州科达,10.15,11.06,11.06,10.15,70443000.0
20251226,603661,恒林股份,32.44,32.05,32.64,31.92,487900.0
20251226,603662,柯力传感,66.3,65.5,66.66,64.82,6517800.0
20251226,603663,三祥新材,35.3,35.77,36.35,35.1,7852300.0
20251226,603665,康隆达,31.93,31.55,32.2,31.48,2682300.0
20251226,603666,亿嘉和,30.3,29.86,30.4,29.7,3340000.0
20251226,603667,五洲新春,52.3,52.58,53.88,51.81,34821400.0
20251226,603668,天马科技,16.35,16.42,16.57,16.2,15610300.0
20251226,603669,灵康药业,4.68,4.66,4.7,4.62,5289800.0
20251226,603676,卫信康,11.0,10.79,11.0,10.75,1636600.0
20251226,603677,奇精机械,18.09,18.0,18.27,17.91,2439200.0
20251226,603678,火炬电子,36.26,36.57,36.8,35.86,30409000.0
20251226,603679,华体科技,15.75,15.55,15.94,15.49,18291500.0
20251226,603680,今创集团,14.81,16.29,16.29,14.54,23052800.0
20251226,603681,永冠新材,19.79,19.35,19.9,19.27,8219100.0
20251226,603682,锦和商管,6.57,6.63,6.92,6.56,18064700.0
20251226,603683,晶华新材,26.3,26.22,27.03,26.02,8458100.0
20251226,603685,晨丰科技,19.43,18.78,19.43,18.51,3821900.0
20251226,603686,福龙马,25.61,28.57,28.57,25.59,115481000.0
20251226,603687,大胜达,9.86,9.7,9.89,9.63,12950900.0
20251226,603688,石英股份,37.51,37.62,38.19,37.51,8126500.0
20251226,603689,皖天然气,8.28,8.23,8.28,8.21,2183600.0
20251226,603690,至纯科技,31.08,30.5,31.08,30.35,22441800.0
20251226,603693,江苏新能,11.93,11.92,11.97,11.85,2062500.0
20251226,603696,安记食品,26.99,26.19,28.28,26.08,57910900.0
20251226,603697,有友食品,12.62,12.73,12.99,12.6,7586800.0
20251226,603698,航天工程,39.8,39.39,40.52,37.0,80355200.0
20251226,603699,纽威股份,52.2,51.96,52.3,51.3,3421100.0
20251226,603700,宁水集团,13.27,13.13,13.32,13.05,2978500.0
20251226,603701,德宏股份,20.58,20.42,20.76,20.39,3322800.0
20251226,603703,盛洋科技,14.04,14.3,14.64,14.03,52242500.0
20251226,603706,东方环宇,19.74,19.46,19.75,19.45,918400.0
20251226,603707,健友股份,9.23,9.21,9.25,9.16,6509600.0
20251226,603708,家家悦,12.18,12.14,12.44,12.08,13760300.0
20251226,603709,中源家居,16.49,16.61,16.77,16.44,5826100.0
20251226,603711,香飘飘,14.21,14.14,14.37,14.06,8099500.0
20251226,603712,七一二,19.8,19.67,19.85,19.34,16471600.0
20251226,603713,密尔克卫,55.61,55.5,55.81,55.39,770100.0
20251226,603716,塞力医疗,21.9,21.48,22.05,21.47,12876000.0
20251226,603717,天域生物,7.76,7.89,8.1,7.76,8582600.0
20251226,603719,良品铺子,12.11,11.97,12.13,11.96,4660700.0
20251226,603721,中广天择,19.14,19.56,19.63,19.14,1647300.0
20251226,603722,阿科力,37.85,37.06,37.85,37.01,1015300.0
20251226,603725,天安新材,9.49,9.34,9.52,9.33,2972900.0
20251226,603726,朗迪集团,22.51,22.32,22.74,22.15,2697400.0
20251226,603727,博迈科,13.91,13.93,14.08,13.88,1976100.0
20251226,603728,鸣志电器,67.24,66.28,67.55,65.67,7735500.0
20251226,603730,岱美股份,8.08,8.11,8.26,7.99,21541900.0
20251226,603733,仙鹤股份,24.39,24.49,24.89,24.2,7468400.0
20251226,603737,三棵树,45.0,46.2,46.38,44.86,3615500.0
20251226,603738,泰晶科技,15.83,15.61,15.83,15.52,12154500.0
20251226,603739,蔚蓝生物,14.4,14.15,14.5,14.12,2928400.0
20251226,603755,日辰股份,36.88,36.68,36.97,35.73,2898200.0
20251226,603757,大元泵业,48.55,47.1,48.58,46.38,21177400.0
20251226,603758,秦安股份,18.69,18.07,18.69,17.65,8587100.0
20251226,603759,海天股份,10.43,10.59,10.72,10.43,10069500.0
20251226,603766,隆鑫通用,15.74,15.88,16.08,15.58,17032000.0
20251226,603767,中马传动,23.9,23.55,23.95,23.43,6885900.0
20251226,603768,常青股份,11.84,11.66,11.86,11.6,1782000.0
20251226,603773,沃格光电,32.3,32.3,33.15,31.85,9893400.0
20251226,603776,永安行,18.28,18.03,18.69,18.03,4056600.0
20251226,603777,来伊份,14.25,14.39,14.76,14.17,22224800.0
20251226,603778,国晟科技,15.51,15.25,16.58,14.58,129398300.0
20251226,603779,威龙股份,6.6,6.53,6.64,6.5,6469700.0
20251226,603786,科博达,75.81,76.15,76.57,74.0,3803900.0
20251226,603787,新日股份,13.21,13.0,13.23,12.96,3326200.0
20251226,603788,宁波高发,16.28,16.11,16.35,16.08,1926200.0
20251226,603790,雅运股份,20.17,20.04,20.3,19.9,1289000.0
20251226,603797,联泰环保,4.83,4.81,4.88,4.78,6268800.0
20251226,603798,康普顿,15.34,14.98,15.75,14.82,5422800.0
20251226,603799,华友钴业,66.55,66.0,66.94,65.5,58793600.0
20251226,603800,洪田股份,51.69,49.72,52.6,49.3,10037200.0
20251226,603801,志邦家居,9.28,9.23,9.28,9.21,2439200.0
20251226,603803,瑞斯康达,11.9,12.05,12.23,11.6,39038100.0
20251226,603806,福斯特,13.7,14.05,14.24,13.7,28980100.0
20251226,603808,歌力思,8.41,8.33,8.45,8.3,3708500.0
20251226,603809,豪能股份,14.58,13.96,14.78,13.82,123370700.0
20251226,603810,丰山集团,16.35,16.08,16.38,16.0,1705200.0
20251226,603811,诚意药业,10.77,10.62,10.79,10.61,4504100.0
20251226,603813,原尚股份,40.0,39.0,40.25,38.89,484700.0
20251226,603815,交建股份,7.8,7.99,8.09,7.75,34325700.0
20251226,603816,顾家家居,30.94,30.9,31.23,30.7,5323200.0
20251226,603817,海峡环保,7.74,7.66,7.75,7.55,25303200.0
20251226,603818,曲美家居,3.64,3.62,3.66,3.59,9695600.0
20251226,603819,神力股份,11.79,12.43,12.53,11.78,18323500.0
20251226,603823,百合花,16.26,15.71,16.26,15.65,9539900.0
20251226,603826,坤彩科技,17.46,17.43,17.56,17.37,2252700.0
20251226,603829,洛凯股份,23.15,23.57,23.77,23.1,15193400.0
20251226,603833,欧派家居,52.7,52.87,53.4,52.58,1995900.0
20251226,603836,海程邦达,14.02,13.85,14.34,13.83,4647600.0
20251226,603839,安正时尚,7.92,7.94,8.01,7.81,6475000.0
20251226,603848,好太太,18.75,18.28,18.75,18.22,2507900.0
20251226,603855,华荣股份,19.43,19.39,19.49,19.33,1551200.0
20251226,603856,东宏股份,12.77,12.69,12.82,12.62,2522000.0
20251226,603858,步长制药,16.54,16.45,16.58,16.41,3787800.0
20251226,603859,能科科技,39.36,38.99,39.46,38.5,5925900.0
20251226,603860,中公高科,30.15,29.99,30.26,29.84,710100.0
20251226,603861,白云电器,12.55,12.38,12.79,12.29,17987800.0
20251226,603863,松炀资源,21.0,20.35,21.0,20.25,6767900.0
20251226,603866,桃李面包,5.34,5.32,5.35,5.3,11827500.0
20251226,603867,新化股份,25.2,25.3,25.52,25.01,5422500.0
20251226,603868,飞科电器,39.99,41.32,42.0,39.39,6178600.0
20251226,603871,嘉友国际,13.55,13.93,14.0,13.54,8618500.0
20251226,603876,鼎胜新材,13.79,14.33,14.37,13.7,44266000.0
20251226,603877,太平鸟,15.0,14.64,15.0,14.61,3163700.0
20251226,603878,武进不锈,9.86,9.94,10.13,9.86,10155500.0
20251226,603879,永悦科技,6.08,6.3,6.45,6.08,39525300.0
20251226,603880,南卫股份,6.44,6.26,6.45,6.23,4485000.0
20251226,603881,数据港,30.2,30.07,30.36,29.9,20877000.0
20251226,603882,金域医学,28.2,27.9,28.22,27.8,2801200.0
20251226,603883,老百姓,15.24,15.3,15.43,15.21,6895700.0
20251226,603885,吉祥航空,14.15,14.02,14.17,13.88,14224500.0
20251226,603886,元祖股份,13.84,13.74,13.94,13.62,8070600.0
20251226,603887,城地香江,13.89,13.81,13.95,13.67,7569900.0
20251226,603888,新华网,19.09,19.18,19.28,19.06,5111900.0
20251226,603889,新澳股份,7.94,7.84,7.96,7.75,9439200.0
20251226,603890,春秋电子,17.46,17.01,17.58,16.91,30437600.0
20251226,603893,瑞芯微,178.0,176.56,178.54,175.8,4861400.0
20251226,603895,天永智能,29.5,29.89,31.1,29.5,6317600.0
20251226,603896,寿仙谷,19.64,19.5,19.65,19.43,853500.0
20251226,603897,长城科技,26.97,26.77,27.18,26.6,3486700.0
20251226,603898,好莱客,13.28,12.91,13.28,12.76,4129200.0
20251226,603899,晨光股份,27.7,27.54,27.76,27.46,3346900.0
20251226,603900,莱绅通灵,8.9,8.92,9.13,8.88,6583200.0
20251226,603901,永创智能,14.33,13.89,14.52,13.86,14682400.0
20251226,603903,中持股份,14.4,14.36,14.84,14.3,5444100.0
20251226,603906,龙蟠科技,22.6,21.5,23.16,21.49,75338100.0
20251226,603908,牧高笛,23.54,23.31,23.7,23.29,943700.0
20251226,603909,建发合诚,11.81,11.72,11.89,11.6,5019300.0
20251226,603912,佳力图,8.71,8.5,8.71,8.49,12173700.0
20251226,603915,国茂股份,17.9,18.13,18.36,17.85,17689900.0
20251226,603916,苏博特,9.73,9.73,9.78,9.62,4511000.0
20251226,603917,合力科技,14.68,14.51,14.76,14.41,5997300.0
20251226,603918,金桥信息,15.4,15.54,15.63,15.35,9369200.0
20251226,603919,金徽酒,20.3,20.57,20.8,20.23,5096600.0
20251226,603920,世运电路,43.65,46.25,46.55,43.34,47023600.0
20251226,603926,铁流股份,16.22,15.89,16.22,15.86,3419300.0
20251226,603927,中科软,19.0,19.09,19.3,19.0,7180300.0
20251226,603928,兴业股份,16.95,16.76,17.01,16.57,8266000.0
20251226,603929,亚翔集成,107.0,100.6,116.6,100.0,16068000.0
20251226,603931,格林达,33.15,32.74,33.4,32.7,5187600.0
20251226,603933,睿能科技,25.93,24.99,26.5,24.9,20320600.0
20251226,603936,博敏电子,11.88,11.77,12.0,11.68,30094500.0
20251226,603937,丽岛新材,12.07,12.03,12.28,11.95,2719400.0
20251226,603938,三孚股份,19.85,20.88,21.05,19.76,31629600.0
20251226,603939,益丰药房,22.56,22.49,22.75,22.3,6341200.0
20251226,603948,建业股份,26.7,26.39,26.71,26.3,2397000.0
20251226,603949,雪龙集团,18.41,18.17,18.48,18.02,2500600.0
20251226,603950,长源东谷,29.79,28.86,29.9,28.75,2754400.0
20251226,603955,大千生态,30.84,30.02,30.84,30.0,1112500.0
20251226,603956,威派格,6.42,6.37,6.46,6.34,6695500.0
20251226,603958,哈森股份,12.95,12.88,13.18,12.87,4116100.0
20251226,603960,克来机电,19.52,19.94,20.36,19.36,11274300.0
20251226,603966,法兰泰克,11.5,11.42,11.58,11.37,11080100.0
20251226,603967,中创物流,12.88,12.73,12.91,12.65,3542800.0
20251226,603968,醋化股份,11.31,11.11,11.37,11.11,1670900.0
20251226,603969,银龙股份,9.87,9.76,9.92,9.73,10102000.0
20251226,603970,中农立华,13.15,13.06,13.18,13.04,1596400.0
20251226,603976,正川股份,19.69,19.52,19.84,19.4,1018800.0
20251226,603977,国泰集团,14.49,14.4,14.67,14.1,41668700.0
20251226,603978,深圳新星,30.08,31.71,31.71,29.0,29781700.0
20251226,603979,金诚信,76.8,81.5,82.59,75.5,11428500.0
20251226,603980,吉华集团,5.18,5.12,5.2,5.11,8650100.0
20251226,603982,泉峰汽车,8.55,8.47,8.63,8.43,5332200.0
20251226,603983,丸美生物,32.7,33.09,33.35,32.56,2368400.0
20251226,603985,恒润股份,15.32,15.14,15.39,15.1,8642600.0
20251226,603986,兆易创新,221.0,226.97,230.0,220.0,29663100.0
20251226,603987,康德莱,8.78,8.69,8.81,8.67,4071600.0
20251226,603988,中电电机,25.28,24.67,25.28,24.52,4119200.0
20251226,603989,艾华集团,17.08,16.72,17.89,16.65,6821600.0
20251226,603990,麦迪科技,16.28,16.37,16.5,16.0,23905700.0
20251226,603991,领先股份,73.28,72.93,74.01,72.46,1902300.0
20251226,603992,松霖科技,43.6,42.03,43.94,41.6,8724000.0
20251226,603993,洛阳钼业,19.04,19.75,19.99,18.98,258406500.0
20251226,603995,甬金股份,18.23,18.28,18.52,18.23,5218700.0
20251226,603997,继峰股份,14.38,14.22,14.45,14.02,10185900.0
20251226,603998,方盛制药,11.45,11.32,11.48,11.29,6042100.0
20251226,603999,读者传媒,7.12,6.92,7.15,6.91,16274800.0
20251226,605001,威奥股份,7.59,7.54,7.66,7.51,5987100.0
20251226,605003,众望布艺,28.63,29.6,30.37,28.28,5373700.0
20251226,605005,合兴股份,20.37,20.11,20.54,20.0,5661900.0
20251226,605006,山东玻纤,7.42,7.43,7.5,7.39,6743400.0
20251226,605007,五洲特纸,15.61,15.61,15.61,14.7,48178400.0
20251226,605008,长鸿高科,14.86,14.76,15.2,14.7,2950800.0
20251226,605009,豪悦护理,31.8,31.48,31.89,31.4,2253300.0
20251226,605011,杭州热电,20.18,20.22,20.27,20.12,1526600.0
20251226,605016,百龙创园,21.85,21.51,22.0,21.43,3540300.0
20251226,605018,长华集团,11.35,11.16,11.35,11.13,1592300.0
20251226,605020,永和股份,27.21,26.95,27.35,26.7,5959100.0
20251226,605028,世茂能源,27.7,27.51,28.01,27.4,1207700.0
20251226,605033,美邦股份,19.7,19.76,19.84,19.46,2356900.0
20251226,605050,福然德,13.12,13.26,13.41,13.06,4091800.0
20251226,605055,迎丰股份,9.6,9.58,9.9,9.53,11737400.0
20251226,605056,咸亨国际,17.65,17.13,17.65,16.97,6456500.0
20251226,605058,澳弘电子,30.47,30.39,30.73,30.2,2422000.0
20251226,605060,联德股份,38.38,38.59,39.21,37.34,4107400.0
20251226,605066,天正电气,7.47,7.43,7.49,7.38,9500700.0
20251226,605068,明新旭腾,28.8,28.52,29.15,28.28,1963800.0
20251226,605069,正和生态,11.78,12.27,12.48,11.78,18947600.0
20251226,605077,华康股份,15.37,15.27,15.64,15.24,2980000.0
20251226,605080,浙江自然,23.08,22.78,23.08,22.71,1143800.0
20251226,605086,龙高股份,38.76,38.4,39.15,37.91,2697800.0
20251226,605088,冠盛股份,35.05,35.0,36.07,34.85,5207300.0
20251226,605089,味知香,25.8,25.55,25.81,25.43,1548300.0
20251226,605090,九丰能源,40.75,41.76,43.95,40.75,51768200.0
20251226,605098,行动教育,42.39,42.0,42.59,41.88,701600.0
20251226,605099,共创草坪,36.54,35.18,36.87,35.16,3488400.0
20251226,605100,华丰股份,40.5,42.56,43.66,40.5,5368100.0
20251226,605108,同庆楼,19.8,19.48,19.85,19.41,6478400.0
20251226,605111,新洁能,34.37,34.5,34.8,34.33,8770200.0
20251226,605116,奥锐特,23.86,24.45,24.69,23.82,5926100.0
20251226,605117,德业股份,89.8,88.5,91.11,88.5,8736000.0
20251226,605118,力鼎光电,29.93,29.6,30.06,29.55,1602800.0
20251226,605122,四方新材,13.85,13.87,13.9,13.72,3462200.0
20251226,605123,派克新材,100.0,100.5,105.5,98.44,14428300.0
20251226,605128,上海沿浦,38.19,37.25,38.39,37.0,2901800.0
20251226,605133,嵘泰股份,33.4,32.53,33.44,32.43,7220800.0
20251226,605136,丽人丽妆,11.31,11.12,11.45,11.03,25624500.0
20251226,605138,盛泰集团,7.13,7.05,7.19,7.03,3555700.0
20251226,605151,西上海,19.25,18.81,19.25,18.8,857800.0
20251226,605155,西大门,16.76,16.54,16.76,16.36,2162100.0
20251226,605158,华达新材,8.03,7.93,8.06,7.9,1973300.0
20251226,605162,新中港,8.75,8.68,8.77,8.67,3156100.0
20251226,605166,聚合顺,10.43,10.37,10.46,10.36,2701800.0
20251226,605167,利柏特,13.73,13.73,14.45,13.52,26507100.0
20251226,605168,三人行,33.1,33.98,34.36,32.78,8046500.0
20251226,605169,洪通燃气,13.5,13.25,13.51,13.24,4137200.0
20251226,605177,东亚药业,18.26,18.06,18.4,18.03,1349100.0
20251226,605178,时空科技,54.0,54.71,56.8,53.51,9864200.0
20251226,605179,一鸣食品,21.36,21.46,21.66,21.26,6243100.0
20251226,605180,华生科技,14.6,14.42,14.73,14.42,1398100.0
20251226,605183,确成股份,19.71,19.68,19.88,19.57,1517700.0
20251226,605186,健麾信息,20.06,19.82,20.14,19.73,1576300.0
20251226,605188,国光连锁,20.79,20.95,21.53,20.59,11304000.0
20251226,605189,富春染织,15.53,15.15,15.58,15.05,3341300.0
20251226,605196,华通线缆,32.9,33.64,34.25,31.6,16796500.0
20251226,605198,安德利,36.7,36.58,36.78,36.31,852100.0
20251226,605208,永茂泰,13.36,13.3,13.43,13.15,5002300.0
20251226,605218,伟时电子,18.59,18.33,18.6,18.27,2015300.0
20251226,605222,起帆电缆,18.27,18.25,18.27,17.81,7758400.0
20251226,605228,神通科技,15.05,14.65,15.05,14.55,5377100.0
20251226,605255,天普股份,178.0,180.18,185.88,172.01,4253700.0
20251226,605258,协和电子,32.11,31.71,32.31,31.43,1629300.0
20251226,605259,绿田机械,22.47,22.15,22.47,22.06,2014800.0
20251226,605266,健之佳,19.59,19.5,19.83,19.4,2009300.0
20251226,605268,王力安防,11.13,10.95,11.22,10.91,5663300.0
20251226,605277,新亚电子,23.1,22.76,23.1,22.62,6285700.0
20251226,605286,同力天启,38.26,37.97,38.26,37.32,1229000.0
20251226,605287,德才股份,26.26,25.86,26.8,25.75,2685900.0
20251226,605288,凯迪股份,87.86,85.35,87.86,83.4,790400.0
20251226,605289,罗曼股份,68.08,65.29,68.3,65.11,1983300.0
20251226,605296,神农集团,27.79,28.15,28.15,27.64,1766100.0
20251226,605298,必得科技,39.99,39.42,40.3,39.17,1466000.0
20251226,605299,舒华体育,11.94,11.89,12.04,11.66,18732600.0
20251226,605300,佳禾食品,12.12,12.0,12.23,11.98,4078400.0
20251226,605303,园林股份,17.82,17.97,18.29,17.8,5142900.0
20251226,605305,中际联合,42.69,42.41,43.07,42.15,3790800.0
20251226,605318,法狮龙,66.5,69.26,71.47,63.31,5494900.0
20251226,605319,无锡振华,21.78,21.4,21.95,21.28,3789200.0
20251226,605333,沪光股份,29.7,29.83,30.4,29.68,3760300.0
20251226,605337,李子园,12.29,12.12,12.35,12.1,4829000.0
20251226,605338,巴比食品,29.02,28.49,29.21,28.43,2013000.0
20251226,605339,南侨食品,20.97,20.9,21.34,20.71,7906000.0
20251226,605358,立昂微,37.8,36.84,37.99,36.54,35421900.0
20251226,605365,立达信,27.27,27.32,28.01,25.07,20264000.0
20251226,605366,宏柏新材,6.41,6.39,6.47,6.31,15030000.0
20251226,605368,蓝天燃气,7.8,7.78,7.85,7.73,7532600.0
20251226,605369,拱东医疗,19.15,18.81,19.15,18.73,970300.0
20251226,605376,博迁新材,64.56,65.15,66.45,63.8,5180300.0
20251226,605377,华旺科技,8.75,8.7,8.88,8.66,15285000.0
20251226,605378,野马电池,23.03,23.7,23.87,23.03,11159000.0
20251226,605388,均瑶健康,7.78,7.76,7.86,7.72,13008300.0
20251226,605389,长龄液压,74.0,76.1,78.5,73.58,1918800.0
20251226,605398,新炬网络,28.2,28.19,28.73,28.07,2525200.0
20251226,605399,晨光新材,14.07,14.01,14.26,13.87,9926100.0
20251226,605488,福莱新材,32.9,32.2,33.1,32.05,7787000.0
20251226,605499,东鹏饮料,272.15,268.33,272.82,267.84,1188200.0
20251226,605500,森林包装,9.7,9.36,9.88,9.3,19704900.0
20251226,605507,国邦医药,23.7,23.76,23.89,23.57,2451300.0
20251226,605555,德昌股份,18.43,17.92,18.43,17.85,7563200.0
20251226,605566,福莱蒽特,29.14,32.05,32.05,29.14,5981700.0
20251226,605567,春雪食品,11.17,10.99,11.27,10.98,2935800.0
20251226,605577,龙版传媒,12.81,12.77,12.88,12.65,2197400.0
20251226,605580,恒盛能源,26.58,25.9,28.4,25.46,22003100.0
20251226,605588,冠石科技,52.23,51.13,52.23,50.88,1156200.0
20251226,605589,圣泉集团,29.26,28.9,29.4,28.6,18059100.0
20251226,605598,上海港湾,63.2,68.09,68.09,62.85,16919100.0
20251226,605599,菜百股份,16.26,16.18,16.4,16.12,2428600.0
