日期,股票代码,股票名称,开盘价,收盘价,最高价,最低价,成交量(股)
20250905,000001,平安银行,11.73,11.72,11.74,11.63,81966200.0
20250905,000002,万  科Ａ,6.53,6.59,6.59,6.49,117109100.0
20250905,000006,深振业Ａ,7.37,7.64,7.65,7.21,54530000.0
20250905,000007,全新好,7.46,7.5,7.5,7.29,6732500.0
20250905,000008,神州高铁,2.79,2.82,2.82,2.76,47949800.0
20250905,000009,中国宝安,9.75,10.3,10.4,9.68,96149900.0
20250905,000011,深物业A,8.92,9.03,9.03,8.75,7307300.0
20250905,000012,南  玻Ａ,4.71,4.8,4.8,4.69,18604900.0
20250905,000014,沙河股份,13.59,13.99,13.99,13.32,9608600.0
20250905,000017,深中华A,6.67,6.78,6.8,6.53,21534600.0
20250905,000019,深粮控股,6.82,6.81,6.85,6.72,10001700.0
20250905,000020,深华发Ａ,13.55,13.7,13.74,13.33,3136500.0
20250905,000021,深科技,19.53,20.38,20.53,19.38,62978000.0
20250905,000025,特  力Ａ,17.65,18.4,18.5,17.51,24562500.0
20250905,000026,飞亚达,16.28,16.71,16.82,16.08,8346400.0
20250905,000027,深圳能源,6.42,6.5,6.51,6.38,27206200.0
20250905,000028,国药一致,25.52,25.51,25.58,25.31,3630100.0
20250905,000029,深深房Ａ,27.07,28.23,28.23,27.07,7104500.0
20250905,000030,富奥股份,5.62,5.65,5.72,5.61,14964400.0
20250905,000031,大悦城,3.13,3.14,3.15,3.07,20966100.0
20250905,000032,深桑达Ａ,22.1,22.78,22.79,21.78,26454100.0
20250905,000034,神州数码,41.21,42.62,42.83,40.72,30259600.0
20250905,000035,中国天楹,4.59,4.66,4.69,4.53,42309300.0
20250905,000036,华联控股,4.14,4.25,4.26,4.1,19663300.0
20250905,000037,深南电A,8.76,8.8,8.8,8.62,5383400.0
20250905,000039,中集集团,7.83,7.87,7.88,7.79,32081900.0
20250905,000042,中洲控股,8.6,8.67,8.75,8.55,6785800.0
20250905,000045,深纺织Ａ,10.54,10.84,10.87,10.42,11224900.0
20250905,000048,京基智农,16.25,16.62,16.91,15.96,21370000.0
20250905,000049,德赛电池,24.42,26.27,26.57,24.15,40878700.0
20250905,000050,深天马Ａ,9.63,9.98,9.98,9.56,45874600.0
20250905,000055,方大集团,4.3,4.3,4.31,4.23,14194300.0
20250905,000058,深 赛 格,8.74,9.06,9.07,8.59,14396500.0
20250905,000059,华锦股份,5.13,5.2,5.22,5.1,14743200.0
20250905,000060,中金岭南,5.09,5.25,5.26,5.09,73989200.0
20250905,000061,农 产 品,8.0,8.04,8.14,7.61,54462000.0
20250905,000062,深圳华强,28.99,30.2,30.29,28.6,46203000.0
20250905,000063,中兴通讯,41.31,41.82,42.02,40.22,171662100.0
20250905,000065,北方国际,11.24,11.4,11.45,11.08,18699300.0
20250905,000066,中国长城,15.76,16.06,16.08,15.53,106277400.0
20250905,000068,华控赛格,3.76,3.78,3.79,3.71,22326300.0
20250905,000069,华侨城Ａ,2.22,2.25,2.25,2.21,58850300.0
20250905,000070,特发信息,9.85,10.31,10.31,9.82,59271700.0
20250905,000088,盐 田 港,4.46,4.47,4.48,4.44,16265700.0
20250905,000089,深圳机场,7.11,7.16,7.17,7.1,11243400.0
20250905,000090,天健集团,3.59,3.61,3.62,3.58,18053700.0
20250905,000096,广聚能源,11.47,11.55,11.55,11.36,5666200.0
20250905,000099,中信海直,22.81,23.04,23.08,22.69,16065300.0
20250905,000100,TCL科技,4.3,4.38,4.38,4.27,504932800.0
20250905,000151,中成股份,12.77,12.82,12.84,12.45,7912600.0
20250905,000153,丰原药业,6.74,6.76,6.77,6.65,7457600.0
20250905,000155,川能动力,10.11,10.41,10.44,10.09,46479100.0
20250905,000156,华数传媒,7.97,8.07,8.09,7.9,13739100.0
20250905,000157,中联重科,7.25,7.28,7.32,7.22,73407000.0
20250905,000158,常山北明,23.5,23.9,23.94,23.15,61235400.0
20250905,000159,国际实业,5.62,5.71,5.73,5.55,12583700.0
20250905,000166,申万宏源,5.26,5.28,5.3,5.21,110143900.0
20250905,000301,东方盛虹,9.66,9.96,9.96,9.62,19008200.0
20250905,000333,美的集团,75.81,76.22,76.69,75.44,46425200.0
20250905,000338,潍柴动力,14.7,14.89,14.92,14.61,86505500.0
20250905,000400,许继电气,22.42,22.95,23.02,22.37,22698400.0
20250905,000401,金隅冀东,4.87,4.9,4.91,4.85,10745200.0
20250905,000402,金 融 街,2.91,2.97,2.97,2.89,34664100.0
20250905,000403,派林生物,17.64,18.0,18.05,17.53,16126600.0
20250905,000404,长虹华意,7.3,7.31,7.34,7.23,9836900.0
20250905,000407,胜利股份,3.76,3.74,3.76,3.66,66779800.0
20250905,000408,藏格矿业,53.01,55.56,55.57,52.95,12929700.0
20250905,000409,云鼎科技,12.04,11.94,12.38,11.81,18375000.0
20250905,000410,沈阳机床,7.13,7.26,7.33,7.09,38846100.0
20250905,000411,英特集团,11.44,11.47,11.52,11.26,6967400.0
20250905,000415,渤海租赁,3.42,3.51,3.52,3.39,91263400.0
20250905,000417,合百集团,6.2,6.18,6.22,6.01,33324900.0
20250905,000419,通程控股,6.16,6.13,6.17,5.99,18197000.0
20250905,000420,吉林化纤,4.17,4.26,4.26,4.15,58859600.0
20250905,000421,南京公用,6.36,6.4,6.4,6.31,6961700.0
20250905,000422,湖北宜化,13.33,14.03,14.38,13.33,52728900.0
20250905,000423,东阿阿胶,48.96,49.17,49.29,48.82,4785000.0
20250905,000425,徐工机械,9.85,9.86,10.12,9.75,93336200.0
20250905,000426,兴业银锡,22.03,23.32,23.48,21.97,59894900.0
20250905,000428,华天酒店,3.85,3.88,3.89,3.68,72714300.0
20250905,000429,粤高速Ａ,11.69,11.5,11.69,11.42,8736500.0
20250905,000430,张家界,7.53,7.7,7.72,7.53,6934300.0
20250905,000498,山东路桥,6.15,6.15,6.16,6.1,15901000.0
20250905,000501,武商集团,10.96,11.01,11.11,10.34,32745300.0
20250905,000503,国新健康,10.12,10.2,10.31,9.96,15210100.0
20250905,000504,南华生物,9.29,9.68,9.68,9.24,4981700.0
20250905,000505,京粮控股,6.66,6.62,6.66,6.51,9987000.0
20250905,000506,招金黄金,9.9,10.02,10.17,9.87,27585900.0
20250905,000507,珠海港,5.42,5.44,5.45,5.38,7781900.0
20250905,000509,华塑控股,3.14,3.2,3.2,3.12,25431000.0
20250905,000510,新金路,5.2,5.3,5.3,5.15,21527700.0
20250905,000513,丽珠集团,40.81,41.6,41.72,40.5,8638700.0
20250905,000514,渝 开 发,5.29,5.37,5.37,5.2,19026000.0
20250905,000516,国际医学,5.15,5.15,5.16,5.1,22632900.0
20250905,000517,荣安地产,1.95,1.96,1.96,1.9,35149000.0
20250905,000518,四环生物,2.36,2.39,2.39,2.34,13465600.0
20250905,000519,中兵红箭,17.98,18.09,18.22,17.62,48392100.0
20250905,000520,凤凰航运,4.6,4.61,4.62,4.5,17025400.0
20250905,000521,长虹美菱,7.42,7.48,7.48,7.35,15149800.0
20250905,000523,红棉股份,3.4,3.4,3.41,3.33,39764200.0
20250905,000524,岭南控股,16.5,16.48,16.93,15.64,93920300.0
20250905,000525,红太阳,6.55,6.6,6.6,6.46,12170400.0
20250905,000526,学大教育,47.77,47.77,47.97,47.27,2190300.0
20250905,000528,柳    工,10.85,10.99,11.1,10.82,37338900.0
20250905,000529,广弘控股,6.32,6.27,6.33,6.17,8653200.0
20250905,000530,冰山冷热,6.41,6.39,6.49,6.21,46370900.0
20250905,000531,穗恒运Ａ,6.35,6.42,6.42,6.28,7805500.0
20250905,000532,华金资本,14.71,15.01,15.01,14.54,7400400.0
20250905,000533,顺钠股份,7.08,7.49,7.52,7.03,60508800.0
20250905,000534,万泽股份,16.0,16.41,16.43,15.91,8500900.0
20250905,000536,华映科技,5.2,5.23,5.25,5.05,134158700.0
20250905,000537,绿发电力,8.79,9.05,9.08,8.79,23865800.0
20250905,000538,云南白药,58.76,59.3,59.37,58.51,11894800.0
20250905,000539,粤电力Ａ,4.56,4.62,4.63,4.53,19244400.0
20250905,000541,佛山照明,6.56,6.66,6.66,6.53,19829800.0
20250905,000543,皖能电力,7.15,7.21,7.21,7.13,25687200.0
20250905,000544,中原环保,8.71,8.74,8.76,8.64,9604800.0
20250905,000545,金浦钛业,3.19,3.25,3.25,3.14,36609500.0
20250905,000546,金圆股份,5.0,5.13,5.13,4.98,20801300.0
20250905,000547,航天发展,7.9,7.96,7.96,7.83,19218300.0
20250905,000548,湖南投资,5.42,5.38,5.42,5.32,6993300.0
20250905,000550,江铃汽车,20.85,21.35,21.39,20.85,6609600.0
20250905,000551,创元科技,11.22,11.36,11.36,11.15,6994800.0
20250905,000552,甘肃能化,2.45,2.47,2.48,2.44,33269500.0
20250905,000553,安道麦A,6.7,6.83,6.84,6.65,4628000.0
20250905,000554,泰山石油,6.89,6.95,6.96,6.78,17303500.0
20250905,000555,神州信息,13.48,13.82,13.91,13.35,24229000.0
20250905,000557,西部创业,5.32,5.34,5.34,5.26,11192100.0
20250905,000558,天府文旅,6.89,6.71,6.89,6.31,238958200.0
20250905,000559,万向钱潮,7.54,7.79,7.79,7.49,50550700.0
20250905,000560,我爱我家,2.94,2.97,2.97,2.91,75025200.0
20250905,000561,烽火电子,11.09,11.22,11.24,10.95,21011300.0
20250905,000563,陕国投Ａ,3.55,3.57,3.57,3.51,59828600.0
20250905,000564,供销大集,2.65,2.7,2.74,2.51,1546941700.0
20250905,000565,渝三峡Ａ,8.41,8.62,8.62,8.27,15915200.0
20250905,000566,海南海药,5.85,5.91,5.92,5.75,23935000.0
20250905,000567,海德股份,6.26,6.4,6.42,6.16,15409100.0
20250905,000568,泸州老窖,134.08,135.9,136.23,132.51,8191900.0
20250905,000570,苏常柴Ａ,5.73,5.74,5.78,5.69,9049800.0
20250905,000571,新大洲A,4.56,4.62,4.64,4.48,15737400.0
20250905,000572,海马汽车,4.82,4.85,4.94,4.75,75985800.0
20250905,000573,粤宏远Ａ,4.19,4.21,4.22,4.12,24359100.0
20250905,000576,甘化科工,10.5,10.76,10.81,10.37,10617500.0
20250905,000581,威孚高科,21.43,21.89,22.1,21.41,18527300.0
20250905,000582,北部湾港,8.58,8.63,8.64,8.53,30389900.0
20250905,000586,汇源通信,12.03,12.21,12.23,11.73,5181500.0
20250905,000589,贵州轮胎,4.52,4.55,4.55,4.5,16504400.0
20250905,000590,古汉医药,11.95,12.19,12.23,11.88,6739400.0
20250905,000591,太阳能,4.82,4.9,4.94,4.82,111452800.0
20250905,000592,平潭发展,3.33,3.34,3.35,3.24,103623800.0
20250905,000593,德龙汇能,6.46,6.58,6.59,6.35,8320900.0
20250905,000595,新能股份,5.01,5.05,5.07,4.85,11979300.0
20250905,000596,古井贡酒,164.6,164.39,165.56,162.21,3231300.0
20250905,000597,东北制药,5.6,5.66,5.67,5.53,15760900.0
20250905,000598,兴蓉环境,6.8,6.79,6.81,6.73,20137300.0
20250905,000599,青岛双星,5.36,5.42,5.42,5.3,22291100.0
20250905,000600,建投能源,7.47,7.58,7.6,7.44,29131300.0
20250905,000601,韶能股份,5.24,5.37,5.37,5.2,31354400.0
20250905,000603,盛达资源,18.65,19.5,19.66,18.65,32393700.0
20250905,000605,渤海股份,6.99,6.93,6.99,6.83,6303800.0
20250905,000607,华媒控股,4.81,4.83,4.83,4.65,48314000.0
20250905,000608,阳光股份,1.84,1.85,1.86,1.82,11219500.0
20250905,000612,焦作万方,8.29,8.71,8.73,8.27,46262800.0
20250905,000617,中油资本,10.63,10.8,10.82,10.27,255640700.0
20250905,000619,海螺新材,6.01,6.01,6.07,5.9,8329200.0
20250905,000620,盈新发展,1.65,1.66,1.66,1.6,102834300.0
20250905,000623,吉林敖东,18.97,19.23,19.26,18.8,18858400.0
20250905,000625,长安汽车,12.33,12.46,12.46,12.28,80555500.0
20250905,000626,远大控股,6.88,6.82,6.88,6.68,5877900.0
20250905,000628,高新发展,50.39,51.29,51.45,49.7,9360600.0
20250905,000629,钒钛股份,2.77,2.85,2.85,2.76,115069900.0
20250905,000630,铜陵有色,4.2,4.46,4.47,4.18,364891200.0
20250905,000631,顺发恒能,3.03,3.06,3.06,3.0,13548000.0
20250905,000633,合金投资,6.46,6.6,6.63,6.4,10394200.0
20250905,000636,风华高科,14.46,15.57,15.57,14.45,69503700.0
20250905,000637,茂化实华,4.18,4.22,4.22,4.1,13877400.0
20250905,000650,仁和药业,6.35,6.45,6.48,6.24,51550100.0
20250905,000651,格力电器,41.15,41.36,41.4,41.01,64346500.0
20250905,000652,泰达股份,4.26,4.27,4.28,4.19,18957300.0
20250905,000655,金岭矿业,8.73,8.82,8.83,8.7,8983500.0
20250905,000656,金科股份,1.35,1.33,1.36,1.33,118185900.0
20250905,000657,中钨高新,18.69,19.27,19.29,18.6,73915800.0
20250905,000659,珠海中富,2.69,2.72,2.72,2.62,31409300.0
20250905,000661,长春高新,119.09,128.0,129.86,116.0,27010700.0
20250905,000663,永安林业,6.5,6.51,6.54,6.36,5604800.0
20250905,000665,湖北广电,5.92,6.09,6.15,5.79,50804400.0
20250905,000668,荣丰控股,8.76,9.18,9.18,8.71,2030900.0
20250905,000670,盈方微,8.29,8.44,8.54,8.07,60984400.0
20250905,000672,上峰材料,8.59,8.63,8.63,8.52,7179700.0
20250905,000676,智度股份,10.48,10.52,10.55,10.27,79123700.0
20250905,000678,襄阳轴承,15.03,15.21,15.29,14.8,15107100.0
20250905,000679,大连友谊,9.45,9.32,9.6,9.2,8255800.0
20250905,000680,山推股份,9.32,9.45,9.46,9.32,12912400.0
20250905,000681,视觉中国,20.67,20.96,21.07,20.25,34955400.0
20250905,000682,东方电子,11.07,11.3,11.32,11.06,20607400.0
20250905,000683,博源化工,6.31,6.47,6.5,6.25,52148200.0
20250905,000685,中山公用,9.79,9.83,9.87,9.69,12121600.0
20250905,000686,东北证券,8.4,8.47,8.48,8.34,23288100.0
20250905,000688,国城矿业,14.24,15.03,15.33,14.13,30939600.0
20250905,000690,宝新能源,4.65,4.69,4.7,4.61,28799300.0
20250905,000691,亚太实业,5.83,5.83,5.83,5.83,1994300.0
20250905,000692,惠天热电,3.58,3.61,3.63,3.52,11652200.0
20250905,000695,滨海能源,12.26,12.7,12.92,12.22,15241400.0
20250905,000697,炼石航空,8.43,8.33,8.48,8.1,12191600.0
20250905,000700,模塑科技,8.87,9.31,9.4,8.86,35798700.0
20250905,000701,厦门信达,5.77,5.82,5.82,5.66,13266000.0
20250905,000702,正虹科技,7.54,7.56,7.6,7.37,8264400.0
20250905,000703,恒逸石化,6.36,6.41,6.42,6.3,14459000.0
20250905,000705,浙江震元,9.4,9.37,9.4,9.22,10972600.0
20250905,000707,双环科技,6.45,6.52,6.55,6.42,6049500.0
20250905,000708,中信特钢,12.78,12.83,12.87,12.7,13565200.0
20250905,000709,河钢股份,2.36,2.37,2.38,2.34,88954400.0
20250905,000710,贝瑞基因,14.08,14.28,14.29,13.61,17725700.0
20250905,000712,锦龙股份,14.3,14.53,14.56,14.1,25708600.0
20250905,000713,国投丰乐,7.04,7.04,7.05,6.95,9417600.0
20250905,000715,中兴商业,6.16,6.18,6.21,5.92,21888700.0
20250905,000716,黑芝麻,6.51,6.52,6.52,6.36,38062800.0
20250905,000717,中南股份,2.78,2.79,2.8,2.73,29149500.0
20250905,000718,苏宁环球,2.24,2.25,2.25,2.19,39362200.0
20250905,000719,中原传媒,12.4,12.43,12.5,12.26,7493500.0
20250905,000720,新能泰山,3.43,3.44,3.44,3.39,10944200.0
20250905,000721,西安饮食,10.28,10.22,10.3,9.83,46936500.0
20250905,000722,湖南发展,12.2,12.31,12.31,11.92,8852200.0
20250905,000723,美锦能源,4.67,4.78,4.79,4.65,65059900.0
20250905,000725,京东方Ａ,4.07,4.11,4.11,4.03,626611600.0
20250905,000726,鲁  泰Ａ,6.94,6.91,6.95,6.86,9101500.0
20250905,000727,冠捷科技,2.6,2.64,2.64,2.56,111361000.0
20250905,000728,国元证券,8.81,8.9,8.92,8.76,39155600.0
20250905,000729,燕京啤酒,12.31,12.19,12.35,12.09,27684300.0
20250905,000731,四川美丰,7.01,7.05,7.05,6.97,6433600.0
20250905,000733,振华科技,46.46,46.67,46.82,46.01,12770800.0
20250905,000735,罗 牛 山,6.2,6.22,6.23,6.09,15672000.0
20250905,000736,中交发展,4.85,4.89,4.89,4.83,6182800.0
20250905,000737,北方铜业,11.69,12.13,12.14,11.65,84349700.0
20250905,000738,航发控制,18.97,19.06,19.12,18.88,11041900.0
20250905,000739,普洛药业,15.84,16.04,16.17,15.66,13552800.0
20250905,000750,国海证券,4.48,4.5,4.5,4.4,134613100.0
20250905,000751,锌业股份,3.5,3.58,3.59,3.46,47667000.0
20250905,000753,漳州发展,6.86,6.87,6.89,6.64,35184400.0
20250905,000755,山西高速,4.86,4.89,4.89,4.83,6219000.0
20250905,000756,新华制药,16.08,16.49,16.49,15.87,18534700.0
20250905,000757,浩物股份,4.72,4.97,5.0,4.69,24184300.0
20250905,000758,中色股份,6.5,6.66,6.68,6.47,71715000.0
20250905,000759,中百集团,7.97,7.85,7.97,7.52,81897500.0
20250905,000761,本钢板材,3.59,3.68,3.72,3.56,18981700.0
20250905,000762,西藏矿业,21.2,22.35,22.41,21.16,29112400.0
20250905,000766,通化金马,23.53,24.1,24.14,23.23,24689800.0
20250905,000767,晋控电力,2.97,3.06,3.06,2.96,36974400.0
20250905,000768,中航西飞,25.08,25.25,25.36,24.84,33506200.0
20250905,000776,广发证券,20.41,20.59,20.65,20.18,52240100.0
20250905,000777,中核科技,19.13,19.5,19.51,19.1,7638700.0
20250905,000778,新兴铸管,3.72,3.72,3.73,3.7,33392000.0
20250905,000779,甘咨询,9.18,9.25,9.25,9.12,5799700.0
20250905,000782,恒申新材,5.85,5.97,5.99,5.75,16950900.0
20250905,000783,长江证券,7.89,7.89,7.92,7.77,103176400.0
20250905,000785,居然智家,3.1,3.14,3.14,3.02,149625200.0
20250905,000786,北新建材,25.45,25.55,25.56,25.35,12893000.0
20250905,000788,北大医药,6.34,6.41,6.42,6.24,13809700.0
20250905,000789,万年青,5.87,5.9,5.9,5.81,4554200.0
20250905,000790,华神科技,4.0,4.0,4.03,3.91,12332200.0
20250905,000791,甘肃能源,6.46,6.55,6.55,6.41,21455700.0
20250905,000792,盐湖股份,19.2,20.2,20.2,19.15,104211800.0
20250905,000795,英洛华,10.93,11.24,11.25,10.87,31873300.0
20250905,000796,凯撒旅业,6.2,6.07,6.2,5.72,243636900.0
20250905,000797,中国武夷,2.69,2.71,2.71,2.66,22296900.0
20250905,000798,中水渔业,8.04,7.98,8.04,7.83,5539900.0
20250905,000799,酒鬼酒,65.48,65.76,65.81,62.1,17958900.0
20250905,000800,一汽解放,7.07,7.09,7.1,7.03,15410800.0
20250905,000801,四川九洲,15.88,15.94,16.0,15.68,24708300.0
20250905,000802,北京文化,4.63,4.72,4.72,4.58,18742200.0
20250905,000803,山高环能,7.36,7.31,7.48,7.0,26181400.0
20250905,000807,云铝股份,18.63,19.18,19.2,18.6,44548000.0
20250905,000809,和展能源,2.92,3.06,3.06,2.88,31071900.0
20250905,000810,创维数字,12.67,12.82,12.9,12.46,45183400.0
20250905,000811,冰轮环境,12.41,12.95,12.96,12.4,31585900.0
20250905,000812,陕西金叶,4.68,4.72,4.72,4.62,14100900.0
20250905,000813,德展健康,4.29,4.26,4.3,4.11,106374300.0
20250905,000815,美利云,13.22,13.46,13.48,13.0,23898000.0
20250905,000816,智慧农业,3.2,3.22,3.22,3.14,37623800.0
20250905,000818,航锦科技,23.31,23.86,23.88,23.11,23899700.0
20250905,000819,岳阳兴长,16.68,17.2,17.28,16.57,7432300.0
20250905,000820,神雾节能,2.62,2.61,2.63,2.54,6035900.0
20250905,000822,山东海化,5.71,5.84,5.88,5.67,15713800.0
20250905,000823,超声电子,12.82,13.33,13.34,12.62,28626500.0
20250905,000825,太钢不锈,3.91,3.92,3.93,3.86,49213700.0
20250905,000828,东莞控股,11.48,11.51,11.61,11.39,9512400.0
20250905,000829,天音控股,9.76,9.9,9.92,9.67,16581900.0
20250905,000830,鲁西化工,14.19,14.31,14.39,14.03,27954400.0
20250905,000831,中国稀土,51.73,53.05,53.33,51.0,79708300.0
20250905,000833,粤桂股份,13.96,14.76,14.8,13.96,77496800.0
20250905,000837,秦川机床,12.85,14.31,14.31,12.6,132191400.0
20250905,000839,国安股份,2.81,2.86,2.87,2.79,68038200.0
20250905,000848,承德露露,8.61,8.59,8.63,8.51,10444700.0
20250905,000850,华茂股份,4.5,4.51,4.52,4.44,12964900.0
20250905,000852,石化机械,6.63,6.68,6.68,6.58,14128600.0
20250905,000856,冀东装备,10.99,11.18,11.19,10.75,6972300.0
20250905,000858,五 粮 液,125.4,126.81,127.02,124.8,20173400.0
20250905,000859,国风新材,6.56,6.66,6.69,6.45,33052200.0
20250905,000860,顺鑫农业,16.06,16.21,16.21,15.94,10512600.0
20250905,000862,银星能源,5.61,5.75,5.76,5.54,18856300.0
20250905,000863,三湘印象,3.41,3.44,3.44,3.38,18903600.0
20250905,000868,安凯客车,5.71,5.77,5.83,5.69,19272500.0
20250905,000869,张  裕Ａ,21.98,22.14,22.16,21.86,1588500.0
20250905,000875,电投绿能,5.35,5.53,5.55,5.3,122804500.0
20250905,000876,新 希 望,9.71,9.76,9.77,9.57,35592700.0
20250905,000877,天山股份,6.42,6.63,6.65,6.4,66891300.0
20250905,000878,云南铜业,14.53,15.13,15.19,14.51,75773000.0
20250905,000880,潍柴重机,44.52,44.43,44.67,43.75,14023200.0
20250905,000881,中广核技,7.71,7.79,7.79,7.68,8816500.0
20250905,000882,华联股份,2.3,2.24,2.3,2.09,319628800.0
20250905,000883,湖北能源,4.54,4.56,4.56,4.52,13916300.0
20250905,000885,城发环境,14.88,14.91,14.92,14.73,4719300.0
20250905,000886,海南高速,6.28,6.42,6.47,6.14,23681800.0
20250905,000887,中鼎股份,20.69,21.25,21.28,20.58,41818700.0
20250905,000888,峨眉山Ａ,14.52,14.57,14.6,14.1,29792200.0
20250905,000889,中嘉博创,3.5,3.57,3.57,3.43,24630900.0
20250905,000890,法尔胜,4.03,4.08,4.08,3.97,18827400.0
20250905,000892,欢瑞世纪,5.55,5.55,5.59,5.33,81593700.0
20250905,000893,亚钾国际,32.53,33.21,33.24,32.53,7813800.0
20250905,000895,双汇发展,25.33,25.51,25.55,25.17,11344400.0
20250905,000897,津滨发展,2.27,2.28,2.28,2.24,34132700.0
20250905,000898,鞍钢股份,2.57,2.57,2.59,2.53,35642500.0
20250905,000899,赣能股份,9.65,9.9,9.9,9.56,21183400.0
20250905,000900,现代投资,4.21,4.21,4.22,4.17,13743900.0
20250905,000901,航天科技,15.89,16.14,16.16,15.5,40017900.0
20250905,000902,新洋丰,14.35,14.57,14.72,14.29,18471600.0
20250905,000905,厦门港务,8.52,8.58,8.58,8.4,10263400.0
20250905,000906,浙商中拓,6.14,6.19,6.19,6.1,7254900.0
20250905,000908,石药景峰,5.76,5.99,6.05,5.66,40991300.0
20250905,000910,大亚圣象,8.14,8.15,8.16,8.0,7131100.0
20250905,000912,泸天化,4.36,4.36,4.37,4.33,6255900.0
20250905,000913,钱江摩托,16.88,17.33,17.48,16.86,16183200.0
20250905,000915,华特达因,32.71,32.99,33.04,32.62,3668000.0
20250905,000917,电广传媒,7.46,7.56,7.56,7.35,28848300.0
20250905,000919,金陵药业,7.11,7.15,7.15,7.01,9260000.0
20250905,000920,沃顿科技,12.44,12.65,12.65,12.34,14704700.0
20250905,000921,海信家电,24.57,24.78,24.8,24.51,7935700.0
20250905,000922,佳电股份,11.49,11.72,11.72,11.46,7780200.0
20250905,000923,河钢资源,14.78,15.07,15.09,14.74,11280400.0
20250905,000925,众合科技,7.58,7.71,7.72,7.52,11732500.0
20250905,000926,福星股份,2.73,2.87,2.87,2.65,79524400.0
20250905,000927,中国铁物,2.65,2.67,2.67,2.63,59734300.0
20250905,000928,中钢国际,6.28,6.35,6.35,6.25,20507600.0
20250905,000929,兰州黄河,8.68,8.65,8.83,8.51,3773300.0
20250905,000930,中粮科技,6.07,6.08,6.1,6.03,16193200.0
20250905,000931,中 关 村,5.28,5.32,5.32,5.21,10109700.0
20250905,000932,华菱钢铁,5.79,5.9,5.91,5.74,74401000.0
20250905,000933,神火股份,18.7,19.5,19.56,18.69,33837500.0
20250905,000935,四川双马,18.68,19.58,19.8,18.33,15563100.0
20250905,000936,华西股份,7.89,7.95,7.97,7.79,46265800.0
20250905,000937,冀中能源,5.85,5.88,5.89,5.81,11487600.0
20250905,000938,紫光股份,27.8,28.13,28.37,26.9,161364400.0
20250905,000948,南天信息,18.3,18.48,18.49,18.08,10291800.0
20250905,000949,新乡化纤,3.9,3.94,3.94,3.88,21203700.0
20250905,000950,重药控股,5.2,5.21,5.22,5.17,16712900.0
20250905,000951,中国重汽,17.46,17.78,17.8,17.4,11772000.0
20250905,000952,广济药业,6.6,6.6,6.62,6.43,4054500.0
20250905,000953,中哲精化,7.07,7.08,7.09,6.83,14100800.0
20250905,000955,欣龙控股,4.75,4.79,4.79,4.64,10434500.0
20250905,000957,中通客车,11.27,11.44,11.44,11.25,15860000.0
20250905,000958,电投产融,6.49,6.68,6.69,6.44,41320900.0
20250905,000959,首钢股份,4.02,4.05,4.06,3.98,25642600.0
20250905,000960,锡业股份,20.36,21.17,21.18,20.31,34290200.0
20250905,000962,东方钽业,20.48,22.55,22.55,20.47,26724600.0
20250905,000963,华东医药,42.56,43.63,43.7,42.15,11199600.0
20250905,000965,天保基建,4.21,4.22,4.22,4.12,45367800.0
20250905,000966,长源电力,4.45,4.47,4.47,4.41,28172400.0
20250905,000967,盈峰环境,6.8,6.89,6.89,6.66,26123100.0
20250905,000968,蓝焰控股,6.87,6.94,6.95,6.83,9051300.0
20250905,000969,安泰科技,13.09,13.48,13.48,13.05,26694600.0
20250905,000970,中科三环,13.99,14.27,14.3,13.91,41461000.0
20250905,000972,中基健康,4.45,4.69,4.69,4.41,18982300.0
20250905,000973,佛塑科技,7.35,7.55,7.56,7.3,87561000.0
20250905,000975,山金国际,20.35,20.91,20.91,20.25,28843300.0
20250905,000977,浪潮信息,59.09,60.2,60.46,58.0,72717500.0
20250905,000978,桂林旅游,6.85,6.9,6.9,6.67,18280200.0
20250905,000980,众泰汽车,2.58,2.67,2.72,2.58,259038300.0
20250905,000981,山子高科,2.33,2.4,2.44,2.3,1116256300.0
20250905,000983,山西焦煤,6.77,7.05,7.09,6.75,71526900.0
20250905,000985,大庆华科,17.99,18.13,18.22,17.78,1563000.0
20250905,000987,越秀资本,7.46,7.52,7.55,7.37,37563200.0
20250905,000988,华工科技,64.41,67.54,67.67,62.5,112267600.0
20250905,000989,九芝堂,10.51,10.7,10.71,10.38,18215400.0
20250905,000990,诚志股份,7.79,7.91,7.92,7.76,14700400.0
20250905,000993,闽东电力,10.44,10.6,10.6,10.28,7180600.0
20250905,000995,皇台酒业,14.91,14.75,14.97,14.38,8095900.0
20250905,000997,新 大 陆,26.9,27.23,27.35,26.68,14701300.0
20250905,000998,隆平高科,9.82,9.86,9.86,9.76,10427300.0
20250905,000999,华润三九,29.34,29.46,29.48,29.1,8884600.0
20250905,001201,东瑞股份,15.88,15.97,16.0,15.71,3793700.0
20250905,001202,炬申股份,14.39,14.58,14.59,14.21,3387600.0
20250905,001203,大中矿业,11.44,11.75,11.77,11.36,11393700.0
20250905,001205,盛航股份,15.97,16.01,16.05,15.81,2356100.0
20250905,001206,依依股份,26.72,28.3,28.5,26.01,17702300.0
20250905,001207,联科科技,22.37,23.11,23.14,22.37,5930400.0
20250905,001208,华菱线缆,11.69,11.93,11.94,11.68,7121300.0
20250905,001209,洪兴股份,18.78,18.89,19.2,18.33,3146200.0
20250905,001210,金房能源,14.75,14.8,14.81,14.48,2114300.0
20250905,001211,双枪科技,26.85,28.05,28.34,25.88,6375800.0
20250905,001212,中旗新材,52.77,56.37,57.49,52.41,10632500.0
20250905,001213,中铁特货,4.17,4.21,4.21,4.15,13660500.0
20250905,001215,千味央厨,32.0,32.57,32.74,31.57,6099100.0
20250905,001216,华瓷股份,15.76,15.95,15.95,15.51,7725000.0
20250905,001217,华尔泰,11.37,11.59,11.6,11.33,4500500.0
20250905,001218,丽臣实业,19.42,19.49,19.62,19.16,1637200.0
20250905,001219,青岛食品,14.38,14.27,14.39,14.04,4582700.0
20250905,001221,悍高集团,51.5,51.89,51.99,50.49,3508200.0
20250905,001222,源飞宠物,26.5,26.8,26.85,25.66,6660800.0
20250905,001223,欧克科技,47.77,52.05,52.05,47.45,2155100.0
20250905,001225,和泰机电,37.95,38.22,38.45,37.58,850400.0
20250905,001226,拓山重工,35.21,36.94,36.98,34.83,3535900.0
20250905,001227,兰州银行,2.42,2.42,2.43,2.4,44953400.0
20250905,001228,永泰运,23.56,23.78,23.84,23.4,1425500.0
20250905,001229,魅视科技,32.26,32.51,32.74,32.17,1973500.0
20250905,001230,劲旅环境,23.27,23.62,23.64,22.9,1897000.0
20250905,001231,农心科技,20.39,20.48,20.79,20.16,1461900.0
20250905,001234,泰慕士,24.77,24.98,25.5,24.0,7456000.0
20250905,001236,弘业期货,11.69,11.89,11.89,11.55,15592000.0
20250905,001238,浙江正特,49.89,52.39,52.55,49.25,1119600.0
20250905,001239,永达股份,16.61,17.02,17.03,16.53,5097900.0
20250905,001255,博菲电气,32.22,32.62,32.97,32.19,952700.0
20250905,001256,炜冈科技,22.94,23.43,23.6,22.72,2247200.0
20250905,001258,立新能源,6.91,7.02,7.02,6.85,8248700.0
20250905,001259,利仁科技,25.2,25.57,25.85,24.94,1259000.0
20250905,001260,坤泰股份,19.29,19.6,19.66,19.16,2316400.0
20250905,001266,宏英智能,28.69,30.39,30.39,28.4,4283500.0
20250905,001267,汇绿生态,13.5,14.73,14.73,13.41,43649900.0
20250905,001268,联合精密,33.43,35.5,35.5,33.29,2597400.0
20250905,001269,欧晶科技,27.88,29.12,29.2,27.82,7678800.0
20250905,001270,铖昌科技,42.19,43.4,43.49,41.48,3897400.0
20250905,001277,速达股份,40.9,40.91,41.02,40.71,1232800.0
20250905,001278,一彬科技,17.97,18.19,18.19,17.79,2139700.0
20250905,001279,强邦新材,39.09,41.96,42.9,38.91,8442400.0
20250905,001282,三联锻造,19.63,20.36,20.37,19.4,7864400.0
20250905,001283,豪鹏科技,73.05,78.52,78.78,72.88,12026500.0
20250905,001286,陕西能源,9.07,9.15,9.16,9.04,9249300.0
20250905,001287,中电港,20.14,20.7,20.74,19.96,17932600.0
20250905,001288,运机集团,24.0,25.48,25.66,24.0,10049300.0
20250905,001289,龙源电力,16.77,17.82,17.92,16.65,15473300.0
20250905,001296,长江材料,26.4,26.63,27.87,25.23,24643300.0
20250905,001298,好上好,32.12,33.11,33.42,31.43,15927100.0
20250905,001299,美能能源,12.49,12.62,12.63,12.3,3239600.0
20250905,001300,三柏硕,14.2,13.88,14.32,13.31,8670000.0
20250905,001301,尚太科技,58.38,64.3,64.3,58.01,16612400.0
20250905,001306,夏厦精密,90.13,95.19,95.28,90.09,1745700.0
20250905,001308,康冠科技,23.1,23.32,23.33,22.86,3347000.0
20250905,001309,德明利,87.72,95.57,95.57,86.55,14430900.0
20250905,001311,多利科技,22.15,22.43,22.43,22.01,2245800.0
20250905,001313,粤海饲料,7.57,7.62,7.64,7.45,9069500.0
20250905,001314,亿道信息,48.68,49.58,49.7,48.15,3537700.0
20250905,001316,润贝航科,32.15,33.18,33.2,32.14,1876800.0
20250905,001317,三羊马,47.96,47.65,48.68,46.85,8649300.0
20250905,001318,阳光乳业,15.08,14.96,15.09,14.46,12445600.0
20250905,001319,铭科精技,26.76,27.56,27.57,26.52,3035200.0
20250905,001322,箭牌家居,8.48,8.66,8.67,8.42,5979800.0
20250905,001323,慕思股份,29.1,29.32,29.33,28.92,788300.0
20250905,001324,长青科技,19.63,19.92,19.99,19.63,2635900.0
20250905,001326,联域股份,36.17,37.04,37.2,36.07,1627100.0
20250905,001328,登康口腔,43.5,42.0,43.6,41.48,3915200.0
20250905,001330,博纳影业,5.22,5.38,5.38,5.12,39246800.0
20250905,001331,胜通能源,11.68,11.84,11.84,11.49,4537000.0
20250905,001332,锡装股份,36.76,38.05,38.26,36.71,2365600.0
20250905,001333,光华股份,20.77,21.09,21.17,20.66,1388200.0
20250905,001335,信凯科技,39.38,40.1,40.1,39.34,1755400.0
20250905,001336,楚环科技,22.67,22.71,22.86,22.1,2234500.0
20250905,001337,四川黄金,25.18,26.34,26.5,25.06,20479800.0
20250905,001338,永顺泰,11.66,11.7,11.71,11.5,6806300.0
20250905,001339,智微智能,57.71,59.26,59.44,57.21,6972700.0
20250905,001356,富岭股份,14.9,14.92,14.92,14.77,5160000.0
20250905,001358,兴欣新材,24.8,25.66,25.8,24.62,2121200.0
20250905,001359,平安电工,49.78,50.71,51.2,49.47,3169100.0
20250905,001360,南矿集团,15.37,15.51,15.53,15.24,2330200.0
20250905,001366,播恩集团,12.59,12.76,12.76,12.25,2817500.0
20250905,001367,海森药业,24.41,24.75,24.85,24.17,1623800.0
20250905,001368,通达创智,24.93,24.64,25.25,24.23,2029200.0
20250905,001373,翔腾新材,30.42,30.75,30.98,30.25,1212400.0
20250905,001376,百通能源,12.08,12.14,12.14,12.04,4198600.0
20250905,001378,德冠新材,22.38,22.64,22.68,22.35,1316000.0
20250905,001379,腾达科技,20.38,20.7,20.71,20.33,1952300.0
20250905,001380,华纬科技,27.0,29.36,29.99,26.27,21429300.0
20250905,001382,新亚电缆,20.67,21.04,21.06,20.65,2723800.0
20250905,001387,雪祺电气,13.47,13.58,13.61,13.32,2894700.0
20250905,001388,信通电子,48.49,49.1,49.12,47.8,2818200.0
20250905,001389,广合科技,65.85,69.0,69.18,65.25,7968300.0
20250905,001390,古麒绒材,26.34,26.7,26.84,26.16,8350200.0
20250905,001391,国货航,6.68,6.73,6.73,6.63,24297500.0
20250905,001395,亚联机械,51.84,52.88,53.19,51.38,1562800.0
20250905,001400,江顺科技,71.68,73.6,74.61,71.38,1658500.0
20250905,001696,宗申动力,23.41,23.84,23.98,23.35,31777800.0
20250905,001872,招商港口,20.43,20.67,20.69,20.41,3247200.0
20250905,001896,豫能控股,5.37,5.48,5.49,5.29,22307500.0
20250905,001914,招商积余,12.03,11.92,12.08,11.84,9445500.0
20250905,001965,招商公路,10.29,10.12,10.33,10.09,21815400.0
20250905,001979,招商蛇口,9.05,9.09,9.09,8.96,46906500.0
20250905,002001,新 和 成,23.55,24.06,24.08,23.53,24367300.0
20250905,002003,伟星股份,10.56,10.58,10.6,10.49,6750700.0
20250905,002004,华邦健康,4.88,4.91,4.91,4.85,27960300.0
20250905,002005,德豪润达,2.28,2.29,2.3,2.23,16773300.0
20250905,002006,精工科技,16.86,17.4,17.45,16.82,16413100.0
20250905,002007,华兰生物,16.49,16.83,16.83,16.37,18328700.0
20250905,002008,大族激光,32.95,34.0,34.08,32.95,31426500.0
20250905,002009,天奇股份,16.88,18.03,18.1,16.56,49640900.0
20250905,002010,传化智联,5.88,5.88,5.89,5.81,33622500.0
20250905,002011,盾安环境,12.2,12.39,12.4,12.15,17105200.0
20250905,002012,凯恩股份,5.65,5.68,5.69,5.55,12012000.0
20250905,002014,永新股份,11.43,11.43,11.45,11.3,2721700.0
20250905,002015,协鑫能科,11.84,12.45,12.56,11.69,45301300.0
20250905,002016,世荣兆业,5.59,5.58,5.65,5.5,10144400.0
20250905,002017,东信和平,25.78,25.98,26.0,25.0,40219200.0
20250905,002019,亿帆医药,15.05,15.58,15.59,14.9,21149900.0
20250905,002020,京新药业,20.32,20.66,20.74,19.6,25168900.0
20250905,002021,中捷资源,2.72,2.76,2.84,2.68,197382200.0
20250905,002022,科华生物,6.69,6.72,6.72,6.55,8344400.0
20250905,002023,海特高新,11.41,11.79,11.82,11.35,23159800.0
20250905,002025,航天电器,49.3,49.82,50.65,48.8,5320200.0
20250905,002026,山东威达,13.08,13.91,13.96,13.06,24434000.0
20250905,002027,分众传媒,8.38,8.31,8.39,8.23,108147100.0
20250905,002028,思源电气,90.86,93.66,93.94,90.2,4885800.0
20250905,002029,七 匹 狼,7.0,7.09,7.09,6.95,9127100.0
20250905,002030,达安基因,6.4,6.46,6.46,6.33,19570400.0
20250905,002031,巨轮智能,8.58,8.95,9.05,8.51,317742300.0
20250905,002032,苏 泊 尔,51.1,51.36,51.46,51.04,1072500.0
20250905,002033,丽江股份,9.36,9.49,9.51,9.19,30131000.0
20250905,002034,旺能环境,17.27,17.24,17.28,17.09,4511000.0
20250905,002035,华帝股份,6.35,6.38,6.38,6.31,9286900.0
20250905,002036,联创电子,10.86,11.18,11.21,10.75,48551900.0
20250905,002037,保利联合,11.28,11.46,11.48,11.13,12612400.0
20250905,002038,双鹭药业,7.55,7.66,7.67,7.45,15794400.0
20250905,002039,黔源电力,16.17,16.31,16.34,16.08,5184300.0
20250905,002040,南 京 港,9.4,9.47,9.49,9.15,12216800.0
20250905,002041,登海种业,9.64,9.64,9.66,9.55,7272200.0
20250905,002042,华孚时尚,5.03,5.25,5.33,4.96,59580400.0
20250905,002043,兔 宝 宝,10.42,10.58,10.61,10.21,11847500.0
20250905,002044,美年健康,5.28,5.34,5.34,5.2,69857100.0
20250905,002045,国光电器,16.16,16.96,16.98,16.0,39230500.0
20250905,002046,国机精工,30.99,34.1,34.1,30.6,25078200.0
20250905,002047,宝鹰股份,2.43,2.38,2.43,2.32,23841700.0
20250905,002048,宁波华翔,27.51,30.04,30.18,27.43,69315500.0
20250905,002049,紫光国微,73.0,74.61,74.76,72.01,22960700.0
20250905,002050,三花智控,29.7,30.7,30.84,29.4,98319700.0
20250905,002051,中工国际,8.44,8.5,8.5,8.38,9698000.0
20250905,002052,同洲电子,15.21,15.31,15.37,14.86,32552300.0
20250905,002053,云南能投,13.44,13.42,13.54,12.96,18966600.0
20250905,002054,德美化工,6.5,6.52,6.54,6.43,5185200.0
20250905,002056,横店东磁,17.59,18.6,18.6,17.59,56310300.0
20250905,002057,中钢天源,10.51,11.51,11.51,10.45,72233800.0
20250905,002058,紫竹高科,17.65,18.71,18.71,17.65,9014600.0
20250905,002059,云南旅游,5.32,5.34,5.34,5.16,33717400.0
20250905,002060,广东建工,3.61,3.63,3.64,3.59,14601600.0
20250905,002061,浙江交科,4.09,4.09,4.11,4.05,33203400.0
20250905,002062,宏润建设,8.9,9.66,9.72,8.49,114416600.0
20250905,002063,远光软件,6.12,6.18,6.19,6.05,40558600.0
20250905,002064,华峰化学,7.54,7.73,7.77,7.53,21329600.0
20250905,002065,东华软件,9.91,10.2,10.25,9.8,107759800.0
20250905,002066,瑞泰科技,12.75,13.16,13.16,12.67,5162400.0
20250905,002067,景兴纸业,4.75,5.03,5.28,4.7,485055300.0
20250905,002068,黑猫股份,10.74,11.4,11.4,10.62,40527100.0
20250905,002069,獐子岛,4.27,4.28,4.29,4.16,11561600.0
20250905,002072,凯瑞德,7.18,7.68,7.76,7.14,11305900.0
20250905,002073,软控股份,8.11,8.45,8.46,8.08,38759400.0
20250905,002074,国轩高科,40.63,44.03,44.66,40.63,286119300.0
20250905,002075,沙钢股份,5.84,5.91,5.92,5.77,42252500.0
20250905,002076,星光股份,1.9,1.92,1.92,1.89,23432500.0
20250905,002077,大港股份,15.59,16.7,17.15,15.12,89701600.0
20250905,002078,太阳纸业,14.85,14.94,14.94,14.69,20526400.0
20250905,002079,苏州固锝,9.84,10.42,10.46,9.82,41657800.0
20250905,002080,中材科技,31.08,32.72,32.86,31.08,44925000.0
20250905,002081,金 螳 螂,3.47,3.48,3.48,3.43,24592500.0
20250905,002083,孚日股份,4.86,4.89,4.9,4.86,11223700.0
20250905,002084,海鸥住工,3.91,3.77,3.98,3.66,73514800.0
20250905,002085,万丰奥威,17.41,17.69,17.83,17.3,71732500.0
20250905,002086,东方海洋,2.72,2.75,2.76,2.67,49356100.0
20250905,002088,鲁阳节能,11.75,11.98,11.99,11.67,3080700.0
20250905,002090,金智科技,9.87,10.05,10.07,9.79,12533800.0
20250905,002091,江苏国泰,8.14,8.49,8.53,8.1,68772000.0
20250905,002092,中泰化学,4.71,4.76,4.77,4.7,35537400.0
20250905,002093,国脉科技,11.57,11.77,11.77,11.42,18955600.0
20250905,002094,青岛金王,8.38,8.43,8.47,8.2,38147600.0
20250905,002095,生 意 宝,20.4,20.73,20.74,20.02,6589900.0
20250905,002096,易普力,13.42,13.55,13.55,13.32,7649500.0
20250905,002097,山河智能,14.31,14.49,14.52,14.01,54111100.0
20250905,002098,浔兴股份,9.35,9.37,9.38,9.14,4857900.0
20250905,002099,海翔药业,5.89,5.95,5.95,5.79,11323800.0
20250905,002100,天康生物,6.62,6.64,6.64,6.52,28054800.0
20250905,002101,广东鸿图,12.58,12.8,12.88,12.54,9741100.0
20250905,002103,广博股份,9.92,10.21,10.23,9.74,18347800.0
20250905,002104,恒宝股份,23.31,23.92,24.14,22.61,94674900.0
20250905,002105,信隆健康,7.24,7.19,7.29,7.07,12111500.0
20250905,002106,莱宝高科,10.98,12.03,12.03,10.95,51469800.0
20250905,002107,沃华医药,6.65,6.58,6.66,6.47,10700600.0
20250905,002108,沧州明珠,3.93,4.1,4.14,3.91,170005600.0
20250905,002110,三钢闽光,4.31,4.38,4.38,4.26,19862600.0
20250905,002111,威海广泰,10.19,10.26,10.26,10.13,6265200.0
20250905,002112,三变科技,12.98,13.01,13.02,12.81,9976000.0
20250905,002114,罗平锌电,7.47,7.63,7.68,7.38,13126200.0
20250905,002115,三维通信,11.33,11.05,11.65,10.8,310395000.0
20250905,002116,中国海诚,10.16,10.23,10.24,10.13,5263000.0
20250905,002117,东港股份,11.74,11.83,11.85,11.55,12394400.0
20250905,002119,康强电子,16.08,16.29,16.32,15.91,10842200.0
20250905,002120,韵达股份,7.78,7.7,7.79,7.56,50606700.0
20250905,002121,科陆电子,7.29,7.82,7.97,7.2,213439900.0
20250905,002123,梦网科技,13.5,13.77,13.78,13.4,29353500.0
20250905,002124,天邦食品,2.99,3.01,3.02,2.97,38175100.0
20250905,002125,湘潭电化,14.72,15.83,15.96,14.68,87629800.0
20250905,002126,银轮股份,33.6,35.3,35.6,33.2,33704100.0
20250905,002127,南极电商,3.67,3.73,3.73,3.58,64781100.0
20250905,002128,电投能源,21.29,21.58,21.66,21.11,12822000.0
20250905,002129,TCL中环,8.36,8.75,8.79,8.34,256066400.0
20250905,002130,沃尔核材,23.31,24.25,24.68,22.92,89572000.0
20250905,002131,利欧股份,5.25,5.37,5.49,5.07,940892400.0
20250905,002132,恒星科技,3.61,3.77,3.77,3.61,39032500.0
20250905,002133,广宇集团,3.36,3.35,3.36,3.26,23829700.0
20250905,002134,天津普林,20.74,21.2,21.24,20.53,6661800.0
20250905,002135,东南网架,4.28,4.27,4.3,4.23,11392900.0
20250905,002136,安 纳 达,10.78,10.97,11.07,10.7,5918700.0
20250905,002137,实益达,8.31,8.46,8.47,8.2,13163500.0
20250905,002138,顺络电子,33.49,35.04,35.32,33.45,37040200.0
20250905,002139,拓邦股份,14.15,14.51,14.54,14.05,36692100.0
20250905,002140,东华科技,9.94,9.99,10.01,9.86,4944700.0
20250905,002141,贤丰控股,3.9,3.96,3.96,3.77,28882700.0
20250905,002142,宁波银行,28.18,28.73,28.79,27.95,36534600.0
20250905,002144,宏达高科,13.02,13.19,13.23,12.91,5796800.0
20250905,002145,钛能化学,4.96,5.14,5.15,4.94,122487400.0
20250905,002146,荣盛发展,1.49,1.52,1.52,1.45,181676400.0
20250905,002148,北纬科技,9.94,10.13,10.13,9.74,30819600.0
20250905,002149,西部材料,17.84,18.08,18.08,17.74,11089000.0
20250905,002150,正泰电源,17.3,17.42,17.42,16.65,41657100.0
20250905,002151,北斗星通,29.07,29.3,29.36,28.73,14492300.0
20250905,002152,广电运通,13.27,13.57,13.59,13.19,40043400.0
20250905,002153,石基信息,10.01,10.13,10.14,9.8,18803100.0
20250905,002154,报 喜 鸟,3.8,3.81,3.82,3.78,15321200.0
20250905,002155,湖南黄金,20.77,21.53,21.69,20.77,71597700.0
20250905,002156,通富微电,31.32,32.21,32.5,30.26,171511500.0
20250905,002157,正邦科技,2.94,2.97,2.97,2.9,95881300.0
20250905,002158,汉钟精机,23.8,24.96,25.15,23.09,37956900.0
20250905,002159,三特索道,16.32,16.24,16.37,15.75,10403400.0
20250905,002160,常铝股份,4.09,4.18,4.19,4.06,26793000.0
20250905,002161,远 望 谷,7.83,8.04,8.05,7.75,22601100.0
20250905,002162,悦心健康,4.43,4.43,4.44,4.3,16294400.0
20250905,002163,海南发展,9.23,9.41,9.56,9.06,19169500.0
20250905,002164,宁波东力,11.46,12.31,12.35,11.39,41947000.0
20250905,002165,红 宝 丽,10.49,10.3,10.68,10.1,146855400.0
20250905,002166,莱茵生物,7.83,7.88,7.88,7.75,8714500.0
20250905,002167,东方锆业,13.8,14.91,15.08,13.71,167261500.0
20250905,002169,智光电气,6.67,7.1,7.11,6.63,65513200.0
20250905,002170,芭田股份,10.38,10.42,10.47,10.24,26333600.0
20250905,002171,楚江新材,9.18,9.43,9.47,9.15,42448900.0
20250905,002172,澳洋健康,4.17,4.22,4.22,4.1,23589700.0
20250905,002173,创新医疗,24.21,23.2,24.4,22.49,108283800.0
20250905,002174,游族网络,14.5,14.51,14.66,14.27,41550500.0
20250905,002176,江特电机,8.52,9.01,9.04,8.51,108912000.0
20250905,002177,御银股份,7.62,7.73,7.73,7.4,59662500.0
20250905,002178,延华智能,7.19,7.53,7.62,7.0,77152300.0
20250905,002179,中航光电,39.05,39.11,39.27,38.65,24735700.0
20250905,002180,奔图科技,22.61,22.94,23.08,22.55,18458400.0
20250905,002181,粤 传 媒,7.9,7.89,8.08,7.51,132575100.0
20250905,002182,宝武镁业,13.55,13.96,13.96,13.55,22285800.0
20250905,002183,怡 亚 通,4.77,4.84,4.84,4.68,87300400.0
20250905,002184,海得控制,13.3,13.78,13.8,13.16,11501500.0
20250905,002185,华天科技,10.63,10.96,10.99,10.55,82454100.0
20250905,002186,全 聚 德,12.82,12.71,12.9,12.39,17665200.0
20250905,002187,广百股份,6.89,6.9,6.92,6.62,30564500.0
20250905,002188,中天服务,5.42,5.51,5.54,5.34,16013800.0
20250905,002189,中光学,23.1,23.52,23.54,22.92,5374800.0
20250905,002190,成飞集成,39.43,40.1,40.43,38.38,31428000.0
20250905,002191,劲嘉股份,4.26,4.33,4.33,4.22,28602000.0
20250905,002192,融捷股份,34.81,37.18,37.23,34.58,20606900.0
20250905,002194,武汉凡谷,14.22,14.54,14.65,14.05,35424200.0
20250905,002195,岩山科技,7.79,8.23,8.37,7.4,1172639300.0
20250905,002196,方正电机,8.68,8.94,8.94,8.64,20068400.0
20250905,002197,证通电子,8.94,8.97,9.05,8.71,14730800.0
20250905,002199,东晶电子,9.95,10.28,10.36,9.89,3511900.0
20250905,002200,交投生态,7.32,7.45,7.56,7.28,3938600.0
20250905,002201,九鼎新材,8.07,8.45,8.48,8.07,23094400.0
20250905,002202,金风科技,11.1,12.22,12.22,11.07,169079800.0
20250905,002203,海亮股份,11.36,11.72,11.76,11.3,28996100.0
20250905,002204,大连重工,6.09,6.22,6.22,6.07,35845100.0
20250905,002205,国统股份,12.83,12.81,12.97,12.57,7439000.0
20250905,002206,海 利 得,6.13,6.24,6.24,6.08,26158100.0
20250905,002208,合肥城建,6.6,6.67,6.67,6.51,8012500.0
20250905,002209,达 意 隆,15.56,16.03,16.05,15.48,7802200.0
20250905,002210,飞马国际,3.92,3.56,3.93,3.56,476548100.0
20250905,002212,天融信,9.71,9.93,9.95,9.56,86674400.0
20250905,002213,大为股份,16.6,16.98,17.18,16.47,9726300.0
20250905,002214,大立科技,11.15,11.24,11.24,11.04,2736300.0
20250905,002215,诺 普 信,12.17,12.1,12.19,11.82,26722200.0
20250905,002216,三全食品,11.4,11.32,11.42,11.17,6848500.0
20250905,002218,拓日新能,3.74,3.89,3.89,3.73,108556800.0
20250905,002219,新里程,2.16,2.19,2.2,2.11,105994300.0
20250905,002221,东华能源,8.78,8.92,9.01,8.73,24456300.0
20250905,002222,福晶科技,41.51,42.79,42.79,40.66,19552100.0
20250905,002223,鱼跃医疗,36.72,37.0,37.12,36.38,8208000.0
20250905,002224,三 力 士,4.49,4.5,4.51,4.43,15615400.0
20250905,002225,濮耐股份,6.09,6.1,6.2,5.98,40302900.0
20250905,002226,江南化工,6.12,6.18,6.2,6.05,26893800.0
20250905,002228,合兴包装,3.3,3.33,3.34,3.28,13684700.0
20250905,002229,鸿博股份,17.82,18.24,18.25,17.57,44727000.0
20250905,002230,科大讯飞,49.19,49.89,50.0,48.31,50549200.0
20250905,002232,启明信息,20.82,21.42,21.88,20.41,34345900.0
20250905,002233,塔牌集团,9.08,9.0,9.09,8.91,15220500.0
20250905,002234,民和股份,8.75,8.71,8.77,8.58,6764100.0
20250905,002235,安妮股份,7.71,7.69,7.72,7.52,22158500.0
20250905,002236,大华股份,18.01,18.37,18.4,17.81,66595300.0
20250905,002237,恒邦股份,12.84,13.38,13.49,12.81,36852400.0
20250905,002238,天威视讯,8.33,8.41,8.41,8.18,9312500.0
20250905,002239,奥特佳,3.01,3.09,3.09,2.99,136130100.0
20250905,002240,盛新锂能,17.2,18.57,18.66,17.11,72137900.0
20250905,002241,歌尔股份,31.87,32.8,33.0,31.32,163330800.0
20250905,002242,九阳股份,9.6,9.63,9.64,9.53,5284900.0
20250905,002243,力合科创,8.57,8.92,8.96,8.5,22652900.0
20250905,002244,滨江集团,10.11,10.14,10.24,10.04,17743900.0
20250905,002245,蔚蓝锂芯,17.14,18.08,18.13,17.02,122636700.0
20250905,002246,北化股份,15.66,15.89,15.97,15.4,14154700.0
20250905,002247,聚力文化,2.73,2.78,2.79,2.66,25766800.0
20250905,002248,华东数控,10.75,11.62,11.62,10.75,42736700.0
20250905,002249,大洋电机,7.74,8.14,8.14,7.7,108660500.0
20250905,002250,联化科技,10.69,10.97,10.98,10.61,48667900.0
20250905,002251,步步高,6.49,6.37,6.6,6.06,689680500.0
20250905,002252,上海莱士,6.78,6.85,6.85,6.76,50497400.0
20250905,002253,川大智胜,10.38,10.55,10.57,10.23,5157900.0
20250905,002254,泰和新材,10.03,10.19,10.2,10.02,14282100.0
20250905,002255,海陆重工,8.23,8.35,8.36,8.19,17321900.0
20250905,002256,兆新股份,2.9,2.95,3.02,2.85,447977000.0
20250905,002258,利尔化学,12.09,12.4,12.41,12.03,13195300.0
20250905,002259,升达林业,4.24,4.25,4.28,4.12,19595300.0
20250905,002261,拓维信息,34.63,35.64,35.84,34.03,118577500.0
20250905,002262,恩华药业,24.34,25.71,25.9,24.02,20626100.0
20250905,002263,大东南,3.99,4.41,4.41,3.93,498054100.0
20250905,002264,新 华 都,7.48,7.27,7.58,6.96,53234300.0
20250905,002265,建设工业,29.21,30.37,31.97,29.21,40246600.0
20250905,002266,浙富控股,4.02,4.13,4.24,3.92,288567100.0
20250905,002267,陕天然气,8.06,8.12,8.13,8.02,15846600.0
20250905,002268,电科网安,17.56,17.77,17.81,17.44,12622100.0
20250905,002269,美邦服饰,2.6,2.73,2.92,2.45,777016900.0
20250905,002270,华明装备,18.42,19.0,19.0,18.42,7930800.0
20250905,002271,东方雨虹,11.33,11.47,11.5,11.24,29254400.0
20250905,002272,川润股份,15.55,15.94,15.96,15.34,47466200.0
20250905,002273,水晶光电,25.59,25.98,26.08,25.08,51343700.0
20250905,002275,桂林三金,14.8,14.89,14.9,14.69,2114300.0
20250905,002276,万马股份,15.21,15.5,15.53,15.13,49274600.0
20250905,002277,友阿股份,7.07,6.95,7.07,6.51,98088000.0
20250905,002278,神开股份,9.8,10.0,10.0,9.67,17990800.0
20250905,002279,久其软件,6.84,6.88,6.88,6.71,26761300.0
20250905,002281,光迅科技,59.92,61.83,62.09,58.91,59583900.0
20250905,002282,博深股份,7.18,7.21,7.24,7.14,5142700.0
20250905,002283,天润工业,6.72,6.85,6.85,6.64,30864400.0
20250905,002284,亚太股份,11.56,11.88,11.9,11.46,15616800.0
20250905,002285,世联行,2.37,2.4,2.42,2.31,44277200.0
20250905,002286,保龄宝,10.8,10.74,10.8,10.38,10608800.0
20250905,002287,奇正藏药,26.78,27.5,27.53,26.57,5277000.0
20250905,002289,宇顺电子,27.48,27.72,27.95,26.89,1100200.0
20250905,002290,禾盛新材,31.75,31.95,32.31,31.19,4357100.0
20250905,002291,遥望科技,6.17,6.37,6.4,6.06,44348000.0
20250905,002292,奥飞娱乐,9.11,9.29,9.31,8.92,45418700.0
20250905,002293,罗莱生活,8.39,8.33,8.39,8.2,9634500.0
20250905,002294,信立泰,53.78,58.34,58.67,53.13,14931000.0
20250905,002295,精艺股份,10.36,10.25,10.79,10.11,23130200.0
20250905,002296,辉煌科技,11.27,11.34,11.37,11.11,12923300.0
20250905,002297,博云新材,8.33,8.48,8.49,8.3,17885100.0
20250905,002298,中电鑫龙,9.57,9.78,9.78,9.32,64240000.0
20250905,002299,圣农发展,17.16,17.37,17.38,17.0,10033600.0
20250905,002300,太阳电缆,6.27,6.4,6.4,6.24,9139200.0
20250905,002301,齐心集团,6.86,6.9,6.9,6.79,7379300.0
20250905,002302,西部建设,6.62,6.75,6.75,6.58,15564400.0
20250905,002303,美盈森,4.23,4.23,4.25,4.14,30698000.0
20250905,002304,洋河股份,72.68,73.0,73.13,71.8,4446700.0
20250905,002307,北新路桥,4.53,4.62,4.62,4.48,30791300.0
20250905,002309,中利集团,3.1,3.15,3.15,3.07,18301400.0
20250905,002310,东方新能,2.33,2.34,2.34,2.3,57059000.0
20250905,002311,海大集团,60.44,61.13,61.22,60.2,4178300.0
20250905,002312,川发龙蟒,11.1,11.41,11.46,11.06,60496900.0
20250905,002313,日海智能,11.29,11.8,11.85,11.22,22988700.0
20250905,002314,南山控股,2.85,2.87,2.88,2.78,54007200.0
20250905,002315,焦点科技,47.22,47.85,48.22,46.63,5950600.0
20250905,002316,亚联发展,5.8,5.7,5.82,5.64,23068500.0
20250905,002317,众生药业,19.97,20.59,20.67,19.54,29451500.0
20250905,002318,久立特材,21.77,22.17,22.2,21.68,10067900.0
20250905,002319,乐通股份,12.1,12.21,12.27,11.91,3515900.0
20250905,002320,海峡股份,7.96,8.1,8.13,7.8,30629300.0
20250905,002321,华英农业,2.64,2.65,2.65,2.57,33755700.0
20250905,002322,理工能科,13.13,13.23,13.23,13.01,4407300.0
20250905,002324,普利特,13.22,14.17,14.23,13.18,32572300.0
20250905,002326,永太科技,14.89,15.95,15.98,14.84,77575400.0
20250905,002327,富安娜,7.35,7.35,7.37,7.29,5641000.0
20250905,002328,新朋股份,6.36,6.44,6.44,6.28,17814100.0
20250905,002329,皇氏集团,3.79,3.78,3.79,3.66,31306200.0
20250905,002330,得利斯,4.87,4.81,4.87,4.73,12798400.0
20250905,002331,皖通科技,8.08,8.15,8.18,7.95,11714600.0
20250905,002332,仙琚制药,10.53,10.59,10.61,10.38,22206400.0
20250905,002333,罗普斯金,5.2,5.25,5.25,5.17,4903600.0
20250905,002334,英威腾,9.05,9.39,9.39,9.0,32014600.0
20250905,002335,科华数据,49.9,55.0,55.0,49.71,44032800.0
20250905,002337,赛象科技,5.62,5.76,5.78,5.58,11707300.0
20250905,002338,奥普光电,47.51,50.03,50.06,47.0,7941600.0
20250905,002339,积成电子,7.87,8.06,8.06,7.83,11211100.0
20250905,002340,格林美,7.09,7.38,7.39,7.06,310306600.0
20250905,002342,巨力索具,7.88,8.02,8.04,7.61,56257200.0
20250905,002343,慈文传媒,8.05,8.22,8.22,7.91,19060600.0
20250905,002344,海宁皮城,4.46,4.44,4.46,4.36,19398200.0
20250905,002345,潮宏基,15.82,15.67,15.82,15.08,26588900.0
20250905,002346,柘中股份,15.1,15.47,15.49,15.03,3038300.0
20250905,002347,泰尔股份,7.76,7.88,7.95,7.74,71109100.0
20250905,002348,高乐股份,3.81,3.93,3.96,3.78,57466000.0
20250905,002349,精华制药,7.53,7.6,7.6,7.41,12295200.0
20250905,002350,北京科锐,6.85,7.03,7.04,6.81,9608300.0
20250905,002351,漫步者,13.15,13.48,13.49,13.05,18229800.0
20250905,002352,顺丰控股,41.78,42.02,42.07,41.47,45423000.0
20250905,002353,杰瑞股份,45.4,47.41,47.98,45.21,9479100.0
20250905,002354,天娱数科,7.04,7.12,7.12,6.91,96059700.0
20250905,002355,兴民智通,6.01,6.13,6.15,5.92,17901900.0
20250905,002356,鹏飞绿能,3.68,3.72,3.73,3.6,54113600.0
20250905,002357,富临运业,10.81,11.19,11.22,10.67,10897100.0
20250905,002358,森源电气,5.16,5.25,5.25,5.13,15792300.0
20250905,002361,神剑股份,6.39,6.43,6.43,6.29,21538800.0
20250905,002362,汉王科技,23.1,23.44,23.45,22.91,5756200.0
20250905,002363,隆基机械,7.8,7.94,7.94,7.7,12535700.0
20250905,002364,中恒电气,23.28,25.19,25.19,22.82,34228500.0
20250905,002365,永安药业,18.69,18.13,18.69,17.4,29311800.0
20250905,002366,融发核电,7.37,7.42,7.42,7.2,76599500.0
20250905,002367,康力电梯,6.98,7.05,7.1,6.95,10627700.0
20250905,002368,太极股份,26.64,27.02,27.02,26.15,10908500.0
20250905,002369,卓翼科技,9.88,10.02,10.03,9.6,41986700.0
20250905,002370,亚太药业,6.73,6.45,6.8,6.2,117378500.0
20250905,002371,北方华创,350.95,357.28,358.8,346.0,9806100.0
20250905,002372,伟星新材,10.52,10.58,10.58,10.46,6671100.0
20250905,002373,千方科技,10.42,10.57,10.59,10.3,26145600.0
20250905,002374,中锐股份,2.91,2.86,2.93,2.76,74701200.0
20250905,002375,亚厦股份,3.91,3.89,3.91,3.84,13324100.0
20250905,002376,新北洋,7.73,7.84,7.85,7.62,17889500.0
20250905,002377,国创高新,3.01,3.04,3.04,2.97,13870600.0
20250905,002378,章源钨业,13.29,13.8,13.9,13.29,106785500.0
20250905,002379,宏桥控股,16.71,17.03,17.4,16.55,24427800.0
20250905,002380,科远智慧,25.86,26.3,26.35,25.72,5391100.0
20250905,002381,双箭股份,6.72,6.8,6.82,6.7,4467000.0
20250905,002382,蓝帆医疗,5.84,5.92,5.94,5.73,14847800.0
20250905,002383,合众思壮,9.29,9.33,9.34,9.18,17504900.0
20250905,002384,东山精密,57.98,64.0,64.0,56.48,89848100.0
20250905,002385,大北农,4.21,4.23,4.23,4.16,88941300.0
20250905,002386,天原股份,5.0,5.28,5.3,5.0,49531600.0
20250905,002387,维信诺,9.86,10.0,10.0,9.73,21443700.0
20250905,002388,新亚制程,5.0,5.21,5.21,4.94,29612400.0
20250905,002389,航天彩虹,21.34,21.32,21.57,21.0,30146100.0
20250905,002390,信邦制药,3.64,3.65,3.65,3.57,23450900.0
20250905,002391,长青股份,6.07,6.16,6.17,6.0,7042300.0
20250905,002392,北京利尔,7.99,8.21,8.23,7.93,45333800.0
20250905,002393,力生制药,24.4,24.74,24.89,24.02,6341200.0
20250905,002394,联发股份,10.62,10.59,10.67,10.46,9564600.0
20250905,002395,双象股份,18.52,18.43,18.68,18.33,8522600.0
20250905,002396,星网锐捷,29.67,30.42,30.61,29.09,25187200.0
20250905,002397,梦洁股份,3.8,3.83,3.84,3.7,19362500.0
20250905,002398,垒知集团,5.15,5.16,5.16,5.07,9955100.0
20250905,002399,海普瑞,12.69,13.07,13.07,12.56,5505900.0
20250905,002400,省广集团,7.82,7.97,7.98,7.67,71852700.0
20250905,002401,中远海科,17.66,17.9,17.9,17.42,7020500.0
20250905,002402,和而泰,34.13,35.52,35.52,33.3,84564700.0
20250905,002403,爱仕达,16.5,16.63,17.3,15.62,57705000.0
20250905,002404,嘉欣丝绸,6.45,6.46,6.47,6.33,7984200.0
20250905,002405,四维图新,8.67,8.78,8.81,8.57,49631000.0
20250905,002406,远东传动,7.73,7.92,7.92,7.64,25093300.0
20250905,002407,多氟多,13.7,15.19,15.19,13.7,73780400.0
20250905,002408,齐翔腾达,4.99,5.03,5.05,4.98,18904700.0
20250905,002409,雅克科技,56.44,57.92,58.05,56.44,10534300.0
20250905,002410,广联达,13.83,13.93,13.93,13.52,59498300.0
20250905,002412,汉森制药,6.79,6.85,6.86,6.7,9941900.0
20250905,002413,雷科防务,5.37,5.43,5.43,5.29,38276400.0
20250905,002414,高德红外,10.79,11.01,11.04,10.68,67703300.0
20250905,002415,海康威视,29.3,29.62,29.66,28.99,55723600.0
20250905,002416,爱施德,11.96,12.06,12.07,11.66,25221700.0
20250905,002418,康盛股份,4.16,4.24,4.26,4.11,47628700.0
20250905,002419,天虹股份,5.7,5.72,5.73,5.54,24692300.0
20250905,002420,毅昌科技,6.9,7.01,7.09,6.77,26767700.0
20250905,002421,达实智能,3.51,3.59,3.6,3.44,58458900.0
20250905,002422,科伦药业,39.0,40.35,40.45,38.1,19219700.0
20250905,002423,中粮资本,13.09,13.38,13.38,12.91,55903900.0
20250905,002425,凯撒文化,3.8,3.93,3.93,3.79,18694000.0
20250905,002426,胜利精密,3.88,3.87,3.89,3.69,792224100.0
20250905,002427,尤夫股份,7.15,7.3,7.3,7.07,16300800.0
20250905,002428,云南锗业,26.68,27.51,27.68,26.59,46322900.0
20250905,002429,兆驰股份,5.53,5.8,5.82,5.48,150626000.0
20250905,002430,杭氧股份,23.15,23.5,23.54,23.06,7584600.0
20250905,002432,九安医疗,38.29,38.63,38.65,38.18,5698200.0
20250905,002434,万里扬,8.12,8.39,8.39,8.08,27294100.0
20250905,002436,兴森科技,18.3,19.01,19.13,18.02,114500200.0
20250905,002437,誉衡药业,3.43,3.47,3.48,3.34,69180800.0
20250905,002438,江苏神通,13.33,13.52,13.54,13.2,10034600.0
20250905,002439,启明星辰,15.78,15.88,15.9,15.57,22320900.0
20250905,002440,闰土股份,7.04,7.03,7.07,6.98,10707700.0
20250905,002441,众业达,9.31,9.64,9.65,9.25,9731000.0
20250905,002442,龙星科技,6.54,6.62,6.64,6.48,6809900.0
20250905,002443,金洲管道,7.18,7.18,7.36,7.03,16437400.0
20250905,002444,巨星科技,31.11,31.79,32.23,30.9,14731700.0
20250905,002445,中南文化,2.66,2.69,2.7,2.62,145879500.0
20250905,002446,盛路通信,8.55,8.64,8.7,8.44,65595500.0
20250905,002448,中原内配,10.1,10.31,10.36,10.0,20032900.0
20250905,002449,国星光电,9.07,9.32,9.32,9.01,16770200.0
20250905,002451,摩恩电气,6.7,6.77,6.77,6.65,8818800.0
20250905,002452,长高电气,7.22,7.35,7.48,7.18,15296000.0
20250905,002453,华软科技,6.03,6.11,6.12,5.97,18766600.0
20250905,002454,松芝股份,8.45,8.57,8.58,8.4,13337700.0
20250905,002455,百川股份,6.69,7.02,7.09,6.67,48235400.0
20250905,002456,欧菲光,12.51,12.93,12.98,12.39,156791100.0
20250905,002457,青龙管业,11.42,11.5,11.51,11.3,7040900.0
20250905,002458,益生股份,8.89,8.86,8.89,8.7,8850800.0
20250905,002459,晶澳科技,13.25,14.01,14.05,13.22,183544200.0
20250905,002460,赣锋锂业,40.55,44.61,44.61,40.02,134641200.0
20250905,002461,珠江啤酒,10.77,10.69,10.77,10.56,6918800.0
20250905,002462,嘉事堂,13.89,13.93,13.96,13.69,3367800.0
20250905,002463,沪电股份,58.69,64.14,64.56,58.69,99475000.0
20250905,002465,海格通信,12.24,12.3,12.34,12.1,71249300.0
20250905,002466,天齐锂业,42.24,46.35,46.78,41.92,129705500.0
20250905,002467,二六三,6.62,6.77,6.78,6.34,178445500.0
20250905,002468,申通快递,16.5,15.95,16.68,15.82,51026500.0
20250905,002469,三维化学,8.83,9.09,9.15,8.77,19562000.0
20250905,002470,金正大,1.73,1.74,1.75,1.71,74475900.0
20250905,002471,中超控股,4.55,4.65,4.65,4.5,54119200.0
20250905,002472,双环传动,35.59,36.79,36.86,35.53,18144300.0
20250905,002474,榕基软件,6.78,6.83,6.84,6.64,16096700.0
20250905,002475,立讯精密,44.36,47.2,47.2,43.7,228191500.0
20250905,002476,新叶股份,5.6,5.64,5.76,5.54,34283000.0
20250905,002478,常宝股份,5.55,5.57,5.59,5.52,9054000.0
20250905,002479,富春环保,5.24,5.24,5.24,5.15,10346600.0
20250905,002480,新筑股份,6.8,6.9,6.92,6.8,9190400.0
20250905,002481,双塔食品,5.69,5.74,5.77,5.54,34365200.0
20250905,002482,广田集团,1.84,1.86,1.86,1.8,60724800.0
20250905,002483,润邦股份,6.42,6.51,6.52,6.42,10562300.0
20250905,002484,江海股份,31.58,32.47,32.75,30.81,55379800.0
20250905,002486,嘉麟杰,2.79,2.84,2.93,2.74,43547500.0
20250905,002487,大金重工,36.3,39.78,39.78,36.3,39552400.0
20250905,002488,金固股份,12.72,13.18,13.25,12.65,11403600.0
20250905,002489,浙江永强,3.76,3.78,3.8,3.7,40678600.0
20250905,002490,山东墨龙,5.69,5.72,5.72,5.61,19702400.0
20250905,002491,通鼎互联,5.33,5.59,5.63,5.1,94748300.0
20250905,002492,恒基达鑫,7.26,7.22,7.3,7.13,11968800.0
20250905,002493,荣盛石化,9.61,9.62,9.68,9.51,23729200.0
20250905,002494,华斯股份,4.99,4.95,5.0,4.83,11094900.0
20250905,002495,佳隆股份,2.73,2.73,2.74,2.63,39163800.0
20250905,002496,辉丰股份,1.62,1.62,1.62,1.6,11784300.0
20250905,002497,雅化集团,13.47,14.05,14.05,13.38,50490800.0
20250905,002498,汉缆股份,3.49,3.56,3.57,3.47,28400400.0
20250905,002500,山西证券,6.42,6.49,6.5,6.35,31881900.0
20250905,002506,协鑫集成,2.68,2.78,2.8,2.66,272640500.0
20250905,002507,涪陵榨菜,13.24,13.25,13.27,13.14,12280400.0
20250905,002508,老板电器,19.69,19.87,19.87,19.55,7961000.0
20250905,002510,天汽模,6.63,6.72,6.72,6.55,37012500.0
20250905,002511,中顺洁柔,8.48,8.42,8.5,8.31,17008200.0
20250905,002513,蓝丰生化,5.16,5.18,5.21,5.06,8608700.0
20250905,002515,金字火腿,7.15,7.19,7.2,7.04,15009500.0
20250905,002517,恺英网络,21.95,22.8,22.88,21.7,44975100.0
20250905,002518,科士达,33.94,36.62,36.82,33.7,30069500.0
20250905,002519,银河电子,4.94,4.99,4.99,4.88,26525000.0
20250905,002520,日发精机,6.7,7.03,7.18,6.62,92198000.0
20250905,002521,齐峰新材,9.86,9.84,9.88,9.76,5372600.0
20250905,002522,浙江众成,5.06,5.15,5.15,5.02,17777200.0
20250905,002523,天桥起重,3.77,3.81,3.81,3.75,33060700.0
20250905,002524,光正眼科,4.3,4.31,4.33,4.21,14592000.0
20250905,002526,山东矿机,4.05,4.21,4.26,4.01,151662000.0
20250905,002527,新时达,15.73,16.35,16.39,15.65,19944300.0
20250905,002529,海源复材,6.78,6.89,6.97,6.78,7437200.0
20250905,002530,金财互联,11.74,11.73,11.95,11.53,163055700.0
20250905,002531,天顺风能,7.06,7.59,7.65,7.03,110014300.0
20250905,002532,天山铝业,10.27,10.75,10.78,10.21,49556500.0
20250905,002533,金杯电工,10.96,11.18,11.2,10.96,18969000.0
20250905,002534,西子洁能,12.77,14.07,14.07,12.76,28754800.0
20250905,002535,林州重机,3.93,4.02,4.02,3.89,20721600.0
20250905,002536,飞龙股份,24.08,24.54,24.76,24.05,34305500.0
20250905,002537,海联金汇,9.37,9.63,9.66,9.2,53872900.0
20250905,002539,云图控股,11.05,11.05,11.14,10.95,14243900.0
20250905,002540,亚太科技,6.54,6.59,6.6,6.48,18288000.0
20250905,002541,鸿路钢构,17.4,17.8,17.98,17.35,6952000.0
20250905,002543,万和电气,11.72,11.87,11.89,11.66,4921300.0
20250905,002544,普天科技,23.62,24.25,24.28,23.55,15392600.0
20250905,002545,东方铁塔,10.21,10.57,10.59,10.12,17145000.0
20250905,002546,新联电子,5.8,5.92,5.92,5.78,15869400.0
20250905,002548,金新农,4.36,4.35,4.38,4.24,23137100.0
20250905,002549,凯美特气,15.89,16.98,17.29,15.45,127059600.0
20250905,002550,千红制药,10.01,10.11,10.12,9.79,35496300.0
20250905,002551,尚荣医疗,4.14,4.17,4.18,4.04,23259200.0
20250905,002552,宝鼎科技,15.39,15.93,15.95,15.28,9994400.0
20250905,002553,南方精工,29.4,30.67,30.75,29.02,28429700.0
20250905,002554,惠博普,2.78,2.82,2.83,2.74,29325000.0
20250905,002555,三七互娱,19.72,20.25,20.97,19.15,195375000.0
20250905,002556,辉隆股份,5.56,5.58,5.59,5.5,9749500.0
20250905,002557,洽洽食品,23.08,22.96,23.1,22.65,8810100.0
20250905,002558,巨人网络,34.56,38.39,38.57,34.21,53082100.0
20250905,002559,亚威股份,10.61,10.97,10.98,10.51,62135100.0
20250905,002560,通达股份,7.7,7.82,7.82,7.65,14169000.0
20250905,002561,徐家汇,9.54,9.91,10.2,9.07,62101700.0
20250905,002562,兄弟科技,6.35,6.48,6.49,6.24,36124800.0
20250905,002563,森马服饰,5.57,5.58,5.62,5.5,35576100.0
20250905,002564,天沃科技,8.58,8.65,8.68,7.95,43785500.0
20250905,002565,顺灏股份,6.65,6.75,6.81,6.64,36444500.0
20250905,002566,益盛药业,7.98,8.05,8.07,7.88,4494600.0
20250905,002567,唐人神,4.8,4.81,4.82,4.75,31429400.0
20250905,002568,百润股份,25.99,25.93,26.09,25.44,9575000.0
20250905,002570,贝因美,6.88,6.81,6.88,6.63,85604700.0
20250905,002571,德力股份,7.45,7.59,7.65,7.24,9905700.0
20250905,002572,索菲亚,13.44,13.52,13.54,13.36,6624700.0
20250905,002573,清新环境,4.04,4.01,4.05,3.96,12912600.0
20250905,002574,明牌珠宝,5.94,6.05,6.07,5.77,27562700.0
20250905,002575,群兴玩具,8.22,8.33,8.38,8.1,18560300.0
20250905,002576,通达动力,18.01,18.63,18.64,17.93,6919800.0
20250905,002577,雷柏科技,20.2,20.51,20.55,19.91,3766100.0
20250905,002578,闽发铝业,3.34,3.4,3.4,3.3,21753000.0
20250905,002579,中京电子,11.85,12.1,12.12,11.68,26296300.0
20250905,002580,圣阳股份,14.81,15.89,15.92,14.81,97693400.0
20250905,002582,好想你,10.42,10.48,10.48,10.0,17106000.0
20250905,002583,海能达,12.03,12.21,12.22,11.88,45632500.0
20250905,002584,西陇科学,8.5,8.56,8.56,8.41,12428400.0
20250905,002585,双星新材,5.53,5.73,5.73,5.52,35298600.0
20250905,002586,围海股份,3.39,3.44,3.44,3.33,5538400.0
20250905,002587,奥拓电子,6.22,6.23,6.24,6.09,14569100.0
20250905,002588,史丹利,9.82,9.9,9.91,9.69,14175600.0
20250905,002589,瑞康医药,2.89,2.9,2.91,2.86,21467500.0
20250905,002590,万安科技,13.88,14.34,14.35,13.83,16148900.0
20250905,002591,恒大高新,5.93,5.93,6.0,5.8,14921000.0
20250905,002593,日上集团,5.29,5.4,5.4,5.23,32253200.0
20250905,002594,比亚迪,103.86,107.26,107.5,103.11,78752400.0
20250905,002595,豪迈科技,57.65,58.45,58.9,57.12,2699200.0
20250905,002596,海南瑞泽,3.58,3.62,3.65,3.5,33757800.0
20250905,002597,金禾实业,22.52,22.76,22.78,22.48,7883800.0
20250905,002599,盛通股份,8.63,8.71,8.72,8.43,17981700.0
20250905,002600,领益智造,13.6,14.0,14.08,13.27,335882600.0
20250905,002601,龙佰集团,18.47,18.72,18.78,18.4,24836400.0
20250905,002602,世纪华通,15.53,16.54,16.54,15.26,167358000.0
20250905,002603,以岭药业,16.04,16.39,16.39,15.9,17985200.0
20250905,002605,姚记科技,27.82,29.18,29.75,27.6,33293500.0
20250905,002606,大连电瓷,8.8,8.94,8.94,8.79,6262000.0
20250905,002607,中公教育,2.94,3.0,3.0,2.9,231438900.0
20250905,002608,江苏国信,7.57,7.73,7.74,7.53,30699500.0
20250905,002609,捷顺科技,10.1,10.2,10.2,9.99,9957600.0
20250905,002611,东方精工,16.67,17.28,17.3,16.44,73052300.0
20250905,002612,朗姿股份,18.45,18.5,18.53,18.06,10640500.0
20250905,002613,北玻股份,4.09,4.16,4.16,4.06,23983600.0
20250905,002614,奥佳华,6.95,7.04,7.05,6.85,11406300.0
20250905,002615,哈尔斯,8.12,8.23,8.26,8.01,13854300.0
20250905,002616,长青集团,6.32,6.45,6.45,6.26,12028300.0
20250905,002617,露笑科技,8.21,9.09,9.09,8.21,317339200.0
20250905,002622,皓宸医疗,3.83,3.99,4.01,3.79,51574500.0
20250905,002623,亚玛顿,22.0,23.07,23.07,21.99,20010000.0
20250905,002624,完美世界,15.02,15.85,15.94,14.95,70741800.0
20250905,002625,光启技术,46.01,46.67,47.24,45.5,46731100.0
20250905,002626,金达威,19.76,19.97,19.98,19.52,7736100.0
20250905,002627,三峡旅游,6.49,6.57,6.6,6.21,67982300.0
20250905,002628,成都路桥,4.71,4.89,4.91,4.63,23637200.0
20250905,002629,仁智股份,7.04,7.17,7.2,6.94,12582100.0
20250905,002631,德尔未来,4.68,4.72,4.73,4.62,15508400.0
20250905,002632,道明光学,10.07,10.52,10.52,10.04,42883200.0
20250905,002633,申科股份,15.48,15.66,15.74,15.04,4245200.0
20250905,002635,安洁科技,14.27,14.6,14.6,14.21,10251800.0
20250905,002636,金安国纪,12.09,12.53,12.56,11.95,22852000.0
20250905,002637,赞宇科技,11.71,12.07,12.08,11.43,29721400.0
20250905,002638,勤上股份,2.4,2.46,2.46,2.34,33712700.0
20250905,002639,雪人集团,10.65,10.62,10.72,10.39,42241100.0
20250905,002640,跨境通,5.42,5.5,5.5,5.2,149549100.0
20250905,002641,公元股份,4.1,4.15,4.16,4.08,13894700.0
20250905,002642,荣联科技,8.85,8.96,8.96,8.45,78479300.0
20250905,002643,万润股份,12.72,13.22,13.24,12.7,16410100.0
20250905,002644,佛慈制药,9.05,9.1,9.1,8.9,5153400.0
20250905,002645,华宏科技,14.81,15.16,15.21,14.67,22125500.0
20250905,002646,天佑德酒,9.99,10.04,10.05,9.85,5790400.0
20250905,002647,仁东控股,5.62,5.7,5.73,5.54,10168200.0
20250905,002648,卫星化学,19.42,19.81,19.82,19.34,42676900.0
20250905,002649,博彦科技,14.01,14.16,14.19,13.88,20595800.0
20250905,002651,利君股份,11.65,11.97,11.98,11.41,35039900.0
20250905,002652,扬子新材,3.56,3.65,3.65,3.48,17162800.0
20250905,002653,海思科,57.21,58.65,58.68,55.9,4658800.0
20250905,002654,万润科技,12.26,13.05,13.41,12.1,93312800.0
20250905,002655,共达电声,13.48,13.86,13.87,13.37,19703400.0
20250905,002656,摩登大道,2.35,2.34,2.36,2.31,9100600.0
20250905,002657,中科金财,37.64,37.47,37.7,36.27,25134700.0
20250905,002658,雪迪龙,7.94,8.02,8.02,7.85,10270900.0
20250905,002659,凯文教育,5.57,5.6,5.64,5.4,36342300.0
20250905,002660,茂硕电源,9.95,10.12,10.12,9.84,13333600.0
20250905,002661,克明食品,9.81,9.78,9.98,9.61,7954100.0
20250905,002662,峰璟股份,3.67,3.8,3.8,3.64,34233500.0
20250905,002663,普邦股份,2.02,2.08,2.1,1.99,108297500.0
20250905,002664,信质集团,25.05,25.75,25.88,24.89,10768800.0
20250905,002666,德联集团,5.16,5.29,5.3,5.13,18518000.0
20250905,002668,TCL智家,10.29,10.38,10.42,10.18,12756400.0
20250905,002669,康达新材,13.58,14.03,14.14,13.44,17792200.0
20250905,002670,国盛证券,18.9,18.59,18.99,18.19,63797400.0
20250905,002671,龙泉股份,4.84,4.9,4.9,4.77,12266300.0
20250905,002672,东江环保,4.84,4.85,4.88,4.79,7286300.0
20250905,002673,西部证券,8.51,8.59,8.6,8.42,53791300.0
20250905,002674,兴业科技,12.37,13.49,13.49,12.23,12803700.0
20250905,002675,东诚药业,15.97,16.33,16.38,15.8,12285500.0
20250905,002676,顺威股份,9.95,10.98,10.98,9.73,35974300.0
20250905,002677,浙江美大,6.8,6.78,6.8,6.72,5265500.0
20250905,002678,珠江钢琴,4.6,4.64,4.67,4.51,10439800.0
20250905,002679,福建金森,10.02,10.0,10.5,9.77,10054600.0
20250905,002681,奋达科技,7.63,7.59,7.69,7.4,99605700.0
20250905,002682,龙洲股份,4.51,4.55,4.55,4.4,16590800.0
20250905,002683,广东宏大,32.86,33.17,33.3,32.71,8537800.0
20250905,002685,华东重机,8.07,8.22,8.23,7.99,43636900.0
20250905,002686,亿利达,6.63,6.68,6.68,6.47,10588300.0
20250905,002687,乔治白,4.61,4.59,4.64,4.54,9600500.0
20250905,002688,金河生物,6.92,7.0,7.0,6.84,20480400.0
20250905,002690,美亚光电,19.66,20.0,20.0,19.43,9506400.0
20250905,002692,远程股份,5.71,6.02,6.22,5.62,63416600.0
20250905,002693,双成药业,7.54,7.61,7.62,7.41,7051100.0
20250905,002695,煌上煌,12.2,12.33,12.38,11.92,11031100.0
20250905,002696,百洋股份,6.31,6.31,6.33,6.15,7696200.0
20250905,002697,红旗连锁,5.91,5.9,5.92,5.71,68736000.0
20250905,002698,博实股份,15.72,16.13,16.15,15.72,12123300.0
20250905,002700,万憬能源,7.2,7.21,7.21,7.08,3754700.0
20250905,002701,奥瑞金,5.7,5.81,5.88,5.63,81738000.0
20250905,002702,海欣食品,4.5,4.5,4.52,4.32,33405000.0
20250905,002703,浙江世宝,11.9,12.17,12.18,11.87,13816400.0
20250905,002705,新宝股份,15.49,15.64,15.68,15.4,8313600.0
20250905,002706,良信股份,10.71,11.18,11.19,10.67,36243800.0
20250905,002707,众信旅游,8.19,8.56,8.67,7.95,85499400.0
20250905,002708,光洋股份,11.5,11.79,11.79,11.38,14511800.0
20250905,002709,天赐材料,23.3,25.47,25.47,22.95,124590900.0
20250905,002712,思美传媒,5.62,5.81,5.82,5.49,24340300.0
20250905,002713,东易日盛,4.66,4.66,4.67,4.58,5419100.0
20250905,002714,牧原股份,52.89,53.7,53.7,52.02,32301300.0
20250905,002715,登云股份,21.99,22.7,23.06,21.66,9317000.0
20250905,002716,湖南白银,5.8,6.11,6.22,5.8,246970600.0
20250905,002718,友邦吊顶,18.0,18.2,18.35,17.72,1577100.0
20250905,002721,金一文化,3.86,3.88,3.88,3.73,83681900.0
20250905,002722,物产金轮,16.62,16.82,16.82,16.39,6268700.0
20250905,002723,小崧股份,8.92,9.79,9.79,8.92,43442300.0
20250905,002724,海洋王,7.73,7.99,8.0,7.66,14991000.0
20250905,002725,跃岭股份,14.37,14.86,14.94,14.21,11851100.0
20250905,002727,一心堂,14.97,14.96,15.1,14.68,9311100.0
20250905,002728,特一药业,8.83,8.89,8.89,8.71,10353700.0
20250905,002729,好利科技,14.48,14.86,14.87,14.27,5900500.0
20250905,002730,电光科技,16.51,16.86,16.88,16.45,8331500.0
20250905,002732,燕塘乳业,17.12,16.97,17.12,16.71,2629600.0
20250905,002733,雄韬股份,19.81,20.93,20.97,19.53,22827600.0
20250905,002734,利民股份,19.51,19.8,19.94,18.89,27783700.0
20250905,002735,王子新材,15.21,15.78,15.89,14.76,37249100.0
20250905,002736,国信证券,13.93,13.93,14.0,13.65,37301600.0
20250905,002737,葵花药业,15.63,15.72,15.72,15.54,3582000.0
20250905,002738,中矿资源,39.67,42.56,42.85,39.31,45465300.0
20250905,002739,儒意电影,11.19,11.66,11.69,11.16,65306900.0
20250905,002741,光华科技,20.31,22.35,22.35,20.27,24282500.0
20250905,002742,冀衡医药,4.83,4.88,4.96,4.8,9366200.0
20250905,002743,富煌钢构,5.88,5.89,5.89,5.75,8010700.0
20250905,002745,木林森,8.52,8.74,8.77,8.47,25331300.0
20250905,002746,仙坛股份,6.33,6.31,6.33,6.23,12138500.0
20250905,002747,埃斯顿,22.52,23.55,23.58,22.5,34132100.0
20250905,002748,世龙实业,9.15,9.31,9.35,9.11,4101500.0
20250905,002749,国光股份,15.65,15.54,15.65,15.42,2467000.0
20250905,002752,昇兴股份,5.54,5.57,5.57,5.47,8725700.0
20250905,002753,永东股份,6.98,7.02,7.05,6.93,4514900.0
20250905,002755,奥赛康,22.64,22.99,23.07,22.2,10813400.0
20250905,002756,永兴材料,33.85,36.22,36.42,33.7,26755500.0
20250905,002757,南兴股份,18.6,19.04,19.04,18.39,10665000.0
20250905,002758,浙农股份,9.5,9.54,9.57,9.36,9459100.0
20250905,002760,凤形股份,20.27,20.44,20.51,19.95,3239800.0
20250905,002761,浙江建投,9.12,9.27,9.27,9.08,14068300.0
20250905,002762,金发拉比,7.15,7.09,7.22,7.04,5606400.0
20250905,002763,汇洁股份,7.27,7.27,7.29,7.14,8436600.0
20250905,002765,蓝黛科技,12.5,13.05,13.08,12.38,40087300.0
20250905,002766,索菱股份,5.06,5.14,5.14,5.02,12634900.0
20250905,002767,先锋电子,19.08,20.03,20.09,19.06,5651900.0
20250905,002768,国恩股份,46.18,47.61,47.88,45.8,3708500.0
20250905,002769,普路通,9.54,9.8,10.06,9.31,50065600.0
20250905,002771,真视通,16.87,17.2,17.2,16.6,5273700.0
20250905,002772,众兴菌业,8.0,7.93,8.0,7.82,5475100.0
20250905,002773,康弘药业,39.31,40.08,40.26,38.66,6450700.0
20250905,002774,快意电梯,10.5,10.94,10.94,9.63,5707300.0
20250905,002775,文科股份,4.27,4.33,4.33,4.19,15626700.0
20250905,002777,久远银海,18.7,18.94,18.97,18.46,14120500.0
20250905,002778,中晟高科,19.82,20.21,20.23,19.18,6789600.0
20250905,002779,中坚科技,102.02,111.95,111.95,102.02,10800400.0
20250905,002780,三夫户外,14.22,14.13,14.66,13.67,16179500.0
20250905,002782,可立克,15.52,16.22,16.23,15.51,16267000.0
20250905,002783,凯龙股份,9.69,9.88,9.9,9.67,11079300.0
20250905,002785,万里石,27.8,29.64,29.98,27.42,10519600.0
20250905,002786,银宝山新,10.68,10.96,10.96,10.56,57485800.0
20250905,002787,华源控股,8.25,8.28,8.29,8.11,5894200.0
20250905,002788,鹭燕医药,8.49,8.52,8.53,8.4,4823400.0
20250905,002790,瑞尔特,7.39,7.4,7.46,7.28,4931200.0
20250905,002791,坚朗五金,21.52,21.64,21.66,21.41,3134800.0
20250905,002792,通宇通讯,15.99,16.23,16.28,15.76,15376200.0
20250905,002793,罗欣药业,5.5,5.6,5.61,5.41,19210500.0
20250905,002795,永和智控,4.85,4.92,4.92,4.77,12421300.0
20250905,002796,世嘉科技,15.12,15.75,16.1,14.76,37828800.0
20250905,002797,第一创业,7.83,7.91,7.92,7.71,105826100.0
20250905,002798,帝欧水华,6.41,6.5,6.5,6.29,7033600.0
20250905,002799,环球印务,8.23,8.35,8.37,8.1,6119700.0
20250905,002800,天顺股份,14.3,14.49,14.5,14.04,4870000.0
20250905,002801,微光股份,34.39,35.36,35.39,34.33,3144000.0
20250905,002802,洪汇新材,13.0,13.2,13.2,12.81,3106800.0
20250905,002803,吉宏股份,16.61,16.93,16.94,16.38,9831500.0
20250905,002805,丰元股份,13.29,14.61,14.61,13.29,16227400.0
20250905,002806,华锋股份,12.24,12.65,12.65,12.22,14514800.0
20250905,002807,江阴银行,4.9,4.8,4.9,4.77,55492700.0
20250905,002809,红墙股份,11.96,11.94,11.99,11.67,4442200.0
20250905,002810,山东赫达,13.5,13.78,13.85,13.46,5880800.0
20250905,002811,郑中设计,11.8,12.11,12.13,11.62,13706300.0
20250905,002812,恩捷股份,33.6,36.98,36.98,33.59,55949100.0
20250905,002813,路畅科技,23.88,24.19,24.2,23.7,1558200.0
20250905,002815,崇达技术,14.81,15.13,15.17,14.63,44787600.0
20250905,002817,黄山胶囊,7.56,7.56,7.65,7.35,6507300.0
20250905,002818,富森美,12.4,12.36,12.42,12.27,2694700.0
20250905,002819,东方中科,28.78,29.22,29.22,28.5,4443900.0
20250905,002820,桂发祥,13.0,12.88,13.13,12.43,18708300.0
20250905,002821,凯莱英,101.61,108.27,109.1,100.8,11445400.0
20250905,002823,凯中精密,16.41,16.88,16.88,16.31,8977200.0
20250905,002824,和胜股份,19.45,20.15,20.3,19.11,11840700.0
20250905,002825,纳尔股份,10.0,10.14,10.15,9.83,5004700.0
20250905,002826,易明医药,19.35,19.86,19.96,18.98,9335800.0
20250905,002827,高争民爆,40.8,40.98,41.08,39.89,7457100.0
20250905,002828,贝肯能源,10.33,10.63,10.63,10.15,13633000.0
20250905,002829,星网宇达,20.28,20.55,20.57,20.01,8698400.0
20250905,002830,名雕股份,16.72,16.94,16.99,16.26,3208300.0
20250905,002831,裕同科技,25.99,26.05,26.36,25.7,4288800.0
20250905,002832,比音勒芬,16.72,16.75,16.8,16.54,9270900.0
20250905,002833,弘亚数控,16.92,17.2,17.2,16.86,6026300.0
20250905,002835,同为股份,17.66,17.9,17.9,17.53,3638000.0
20250905,002836,新宏泽,9.32,9.42,9.47,9.15,3676300.0
20250905,002837,英维克,68.68,71.07,71.52,66.9,75789800.0
20250905,002838,道恩股份,25.08,26.25,26.25,24.75,7513400.0
20250905,002839,张家港行,4.46,4.42,4.46,4.39,40147700.0
20250905,002840,华统股份,11.3,11.28,11.32,11.16,19062100.0
20250905,002841,视源股份,38.0,38.89,39.0,37.7,6059000.0
20250905,002842,翔鹭钨业,11.5,11.81,11.85,11.28,36797500.0
20250905,002843,泰嘉股份,22.11,22.98,22.98,22.05,9532500.0
20250905,002845,同兴达,14.64,15.04,15.05,14.48,7031900.0
20250905,002846,英联股份,18.75,21.31,21.31,18.59,71843000.0
20250905,002847,盐津铺子,74.78,72.17,74.78,69.54,5894800.0
20250905,002848,高斯贝尔,8.92,9.0,9.08,8.83,4160900.0
20250905,002849,威星智能,15.17,15.36,15.42,15.08,7514600.0
20250905,002850,科达利,130.47,138.42,138.66,130.4,7430500.0
20250905,002851,麦格米特,75.0,75.98,76.15,73.0,33019300.0
20250905,002852,道道全,11.22,11.24,11.25,11.01,6687300.0
20250905,002853,皮阿诺,11.94,11.88,12.0,11.61,2398900.0
20250905,002855,捷荣技术,18.58,19.07,19.09,18.47,4047900.0
20250905,002857,三晖电气,24.97,24.72,25.24,24.29,6151700.0
20250905,002858,力盛体育,15.04,15.04,15.04,14.78,25117400.0
20250905,002859,洁美科技,28.49,31.34,31.34,28.49,12692200.0
20250905,002860,星帅尔,12.81,13.05,13.11,12.75,12239800.0
20250905,002861,瀛通通讯,16.6,17.09,17.11,16.5,7047400.0
20250905,002862,实丰文化,19.29,19.31,19.33,18.76,5205900.0
20250905,002863,今飞凯达,5.2,5.29,5.3,5.12,14007800.0
20250905,002864,盘龙药业,29.22,29.44,29.48,28.93,1804500.0
20250905,002865,钧达股份,46.0,48.0,48.12,45.68,18825300.0
20250905,002866,传艺科技,17.7,18.63,18.63,17.6,17352400.0
20250905,002867,周大生,13.82,13.92,13.95,13.72,12745300.0
20250905,002868,绿康生化,26.08,26.46,26.5,25.71,1066000.0
20250905,002869,金溢科技,29.7,31.3,31.49,29.42,7756400.0
20250905,002871,伟隆股份,17.14,17.43,17.9,16.63,21293000.0
20250905,002873,新天药业,11.52,11.69,11.71,11.28,11240200.0
20250905,002875,安奈儿,16.54,16.5,16.7,16.11,5085900.0
20250905,002876,三利谱,25.21,25.38,25.5,24.58,5460000.0
20250905,002877,智能自控,8.72,9.04,9.04,8.62,9627200.0
20250905,002878,元隆雅图,21.48,20.86,21.98,20.47,74062400.0
20250905,002879,长缆科技,17.32,18.38,18.65,17.32,12800100.0
20250905,002880,卫光生物,27.82,28.1,28.1,27.7,1048500.0
20250905,002881,美格智能,48.6,49.77,50.0,48.11,9359100.0
20250905,002882,金龙羽,36.78,39.48,40.79,36.0,66739300.0
20250905,002884,凌霄泵业,16.73,17.22,17.28,16.7,4846200.0
20250905,002885,京泉华,14.83,15.43,15.44,14.82,11315200.0
20250905,002886,沃特股份,19.98,20.77,20.79,19.93,7443300.0
20250905,002887,绿茵生态,9.53,9.86,10.12,9.06,33619200.0
20250905,002888,惠威科技,18.83,19.17,19.17,18.51,3568300.0
20250905,002889,东方嘉盛,15.3,15.6,15.6,15.26,3382800.0
20250905,002890,弘宇股份,14.62,14.73,14.79,14.42,1273400.0
20250905,002891,中宠股份,57.93,57.5,58.0,55.44,9638900.0
20250905,002892,科力尔,13.9,14.52,14.55,13.77,23249900.0
20250905,002893,京能热力,11.08,11.01,11.08,10.82,5297000.0
20250905,002895,川恒股份,26.28,26.8,27.05,26.26,16044200.0
20250905,002896,中大力德,86.45,90.67,91.1,85.68,14741800.0
20250905,002897,意华股份,42.41,44.42,44.58,42.2,9901700.0
20250905,002899,英派斯,21.7,20.46,21.7,20.15,11553400.0
20250905,002900,哈三联,14.27,14.33,14.37,13.95,4684200.0
20250905,002901,大博医疗,54.0,54.39,54.54,52.86,2982500.0
20250905,002902,铭普光磁,22.58,23.5,23.53,22.37,16084300.0
20250905,002903,宇环数控,21.96,23.46,23.67,21.81,11836400.0
20250905,002905,金逸影视,9.6,10.12,10.6,9.6,45236300.0
20250905,002906,华阳集团,30.9,32.03,32.34,30.74,14995600.0
20250905,002907,华森制药,17.02,17.18,17.18,16.74,4217000.0
20250905,002908,德生科技,10.7,10.9,10.9,10.52,10797500.0
20250905,002909,集泰股份,6.57,6.75,6.78,6.49,17451400.0
20250905,002910,庄园牧场,9.74,9.7,9.79,9.38,5922600.0
20250905,002911,佛燃能源,11.12,11.18,11.2,11.01,6859700.0
20250905,002912,中新赛克,27.37,27.38,27.43,26.91,3481600.0
20250905,002913,奥士康,37.0,38.21,38.27,36.75,5611300.0
20250905,002915,中欣氟材,24.42,26.09,26.3,24.42,33903900.0
20250905,002916,深南电路,168.8,182.25,183.09,168.8,15699700.0
20250905,002917,金奥博,13.95,14.11,14.13,13.81,5666500.0
20250905,002918,蒙娜丽莎,12.98,13.34,13.45,12.83,9480300.0
20250905,002919,名臣健康,15.34,15.41,15.47,15.11,3806100.0
20250905,002920,德赛西威,120.13,123.1,123.24,119.18,8310200.0
20250905,002921,联诚精密,15.85,16.15,16.2,15.65,4567400.0
20250905,002922,伊戈尔,20.17,21.2,21.25,19.98,27123400.0
20250905,002923,润都股份,13.68,13.99,13.99,13.6,5570900.0
20250905,002925,盈趣科技,17.11,17.67,17.69,16.99,6169700.0
20250905,002926,华西证券,9.94,9.95,9.96,9.74,38716600.0
20250905,002927,泰永长征,14.79,15.08,15.08,14.76,4201400.0
20250905,002928,华夏航空,8.91,9.22,9.27,8.81,26394500.0
20250905,002929,润建股份,46.6,47.02,47.4,45.81,13734400.0
20250905,002930,宏川智慧,11.77,11.73,11.9,11.53,9209100.0
20250905,002931,锋龙股份,15.3,15.58,15.69,15.29,5452400.0
20250905,002933,新兴装备,33.35,33.65,33.68,32.99,2728700.0
20250905,002935,天奥电子,14.9,15.31,15.4,14.7,7368600.0
20250905,002936,郑州银行,2.03,2.03,2.04,2.01,84728300.0
20250905,002937,兴瑞科技,18.69,19.16,19.17,18.5,6336100.0
20250905,002938,鹏鼎控股,48.81,51.55,51.55,48.41,40547400.0
20250905,002939,长城证券,11.83,11.74,11.92,11.32,140806600.0
20250905,002940,昂利康,43.33,42.68,43.8,42.45,10504600.0
20250905,002941,新疆交建,15.09,15.26,15.37,14.82,38237600.0
20250905,002942,新农股份,19.0,19.18,19.4,18.63,3560100.0
20250905,002943,宇晶股份,36.4,38.71,38.8,35.86,7302700.0
20250905,002945,华林证券,16.75,16.91,16.91,16.2,37392600.0
20250905,002946,新乳业,18.23,18.18,18.27,17.58,7404500.0
20250905,002947,恒铭达,41.35,43.22,43.44,40.93,9893600.0
20250905,002948,青岛银行,5.27,5.31,5.35,5.23,56421700.0
20250905,002949,华阳国际,13.38,13.4,13.5,13.13,4421300.0
20250905,002950,奥美医疗,9.88,10.04,10.14,9.74,12521500.0
20250905,002951,金时科技,15.65,15.91,15.94,15.32,4183800.0
20250905,002952,亚世光电,19.44,19.95,19.99,19.43,2705300.0
20250905,002953,日丰股份,13.01,13.16,13.23,12.84,26878300.0
20250905,002955,鸿合科技,26.71,29.5,29.5,26.7,12470700.0
20250905,002956,西麦食品,21.6,21.25,21.68,20.81,3955300.0
20250905,002957,科瑞技术,17.43,18.26,18.28,17.43,10931500.0
20250905,002958,青农商行,3.28,3.27,3.29,3.23,49363500.0
20250905,002959,小熊电器,53.52,54.0,55.0,53.31,2947900.0
20250905,002960,青鸟智控,11.11,11.57,11.83,11.05,27812800.0
20250905,002961,瑞达期货,21.17,21.36,21.45,20.8,4774700.0
20250905,002962,五方光电,14.8,15.07,15.08,14.68,5753500.0
20250905,002963,豪尔赛,12.94,13.0,13.16,12.67,5587600.0
20250905,002965,祥鑫科技,41.39,42.91,43.05,41.15,12184800.0
20250905,002966,苏州银行,8.08,8.03,8.09,7.99,31311100.0
20250905,002967,广电计量,19.5,19.65,19.73,19.32,7560600.0
20250905,002968,新大正,10.52,10.51,10.59,10.33,3721500.0
20250905,002969,嘉美包装,3.48,3.51,3.52,3.43,14128900.0
20250905,002970,锐明技术,46.74,48.06,48.68,46.66,5313300.0
20250905,002971,和远气体,27.73,30.5,30.5,27.5,5884200.0
20250905,002972,科安达,12.48,12.59,12.8,12.4,4356000.0
20250905,002973,侨银股份,14.3,14.68,14.74,14.11,12168500.0
20250905,002975,博杰股份,61.8,59.6,62.05,56.53,19403600.0
20250905,002976,瑞玛精密,23.97,24.26,24.3,23.74,2572800.0
20250905,002978,安宁股份,31.56,32.28,32.34,31.56,4358700.0
20250905,002979,雷赛智能,44.07,45.5,45.5,43.64,14190500.0
20250905,002980,华盛昌,23.75,24.21,24.38,23.47,3489800.0
20250905,002981,朝阳科技,32.5,33.8,33.88,32.0,5485000.0
20250905,002982,湘佳股份,15.12,15.13,15.15,14.84,3695600.0
20250905,002983,芯瑞达,20.78,21.0,21.14,20.54,3820700.0
20250905,002984,森麒麟,19.43,19.82,19.86,19.37,17186200.0
20250905,002985,北摩高科,26.88,27.03,27.07,26.68,4440500.0
20250905,002986,宇新股份,11.53,11.66,11.7,11.46,3476400.0
20250905,002987,京北方,21.98,22.37,22.47,21.62,28351900.0
20250905,002988,豪美新材,42.64,43.0,43.5,42.64,3524600.0
20250905,002989,中天精装,35.94,37.75,38.68,35.8,9917300.0
20250905,002990,盛视科技,28.75,29.28,29.37,28.52,3302000.0
20250905,002991,甘源食品,58.0,57.99,58.24,57.0,1243800.0
20250905,002992,宝明科技,57.9,60.21,61.38,57.13,3512900.0
20250905,002993,奥海科技,44.58,45.65,45.85,44.19,6719800.0
20250905,002995,天地在线,18.17,18.35,18.35,17.87,3686500.0
20250905,002996,顺博合金,7.35,7.56,7.56,7.32,12614300.0
20250905,002997,瑞鹄模具,38.85,39.91,40.11,38.66,6294900.0
20250905,002998,优彩资源,7.96,8.0,8.05,7.84,4901500.0
20250905,002999,天禾股份,6.8,6.79,6.85,6.7,8782400.0
20250905,003000,劲仔食品,12.36,12.44,12.5,12.24,8394100.0
20250905,003001,中岩大地,26.16,26.39,26.62,25.47,5277500.0
20250905,003002,壶化股份,23.78,24.01,24.09,23.6,3619200.0
20250905,003003,天元股份,12.33,12.4,12.43,12.01,5396300.0
20250905,003004,声迅股份,19.17,19.31,19.45,19.05,801700.0
20250905,003005,竞业达,21.29,21.68,21.71,21.09,4327700.0
20250905,003006,百亚股份,31.51,31.51,31.8,30.81,3271400.0
20250905,003007,直真科技,33.7,34.04,34.08,33.3,2129900.0
20250905,003008,开普检测,21.5,21.76,21.81,21.3,1666400.0
20250905,003009,中天火箭,48.64,48.01,48.64,47.35,4439700.0
20250905,003010,若羽臣,58.77,59.31,59.8,56.4,6654400.0
20250905,003011,海象新材,20.58,20.55,20.58,19.97,2338800.0
20250905,003012,东鹏控股,7.27,7.19,7.34,7.12,19258700.0
20250905,003013,地铁设计,15.28,15.33,15.38,15.12,3256700.0
20250905,003015,日久光电,18.11,18.47,18.47,17.9,12713900.0
20250905,003016,欣贺股份,7.89,7.96,8.02,7.81,3851900.0
20250905,003017,大洋生物,34.82,34.98,35.12,34.32,3725700.0
20250905,003018,金富科技,11.8,12.0,12.04,11.63,1805400.0
20250905,003019,宸展光电,38.05,40.2,40.2,37.89,7207900.0
20250905,003020,立方制药,32.48,32.42,32.69,31.09,9640200.0
20250905,003021,兆威机电,112.0,116.48,117.5,110.58,8127400.0
20250905,003022,联泓新科,19.48,20.68,20.9,19.45,32688600.0
20250905,003023,彩虹集团,21.96,21.93,21.99,21.46,3662500.0
20250905,003025,思进智能,13.8,14.13,14.14,13.71,4607500.0
20250905,003026,中晶科技,34.38,35.18,35.2,34.07,3280000.0
20250905,003027,同兴科技,19.08,19.44,19.45,18.88,3232000.0
20250905,003028,振邦智能,31.27,31.99,32.23,31.25,2234800.0
20250905,003029,吉大正元,25.94,26.2,26.2,25.3,5682100.0
20250905,003030,祖名股份,19.4,19.33,19.4,18.66,1723200.0
20250905,003031,中瓷电子,55.05,57.91,58.18,54.31,5001700.0
20250905,003032,传智教育,6.46,6.6,6.6,6.42,5375800.0
20250905,003033,征和工业,46.88,48.0,48.0,45.9,2531900.0
20250905,003035,南网能源,4.67,4.79,4.79,4.65,21207100.0
20250905,003036,泰坦股份,15.91,16.73,17.18,15.5,8530800.0
20250905,003037,三和管桩,8.4,8.5,8.5,8.27,6956100.0
20250905,003038,鑫铂股份,17.12,17.74,17.76,17.06,5309400.0
20250905,003039,顺控发展,13.57,13.69,13.7,13.47,2521300.0
20250905,003040,楚天龙,24.97,23.95,25.01,23.05,50160800.0
20250905,003041,真爱美家,22.28,23.25,23.7,22.08,7023300.0
20250905,003042,中农联合,16.64,16.59,16.68,16.23,3072400.0
20250905,003043,华亚智能,49.58,52.01,52.22,48.36,5025000.0
20250905,003816,中国广核,3.66,3.67,3.68,3.63,161144800.0
20250905,300001,特锐德,24.2,25.28,25.3,24.03,51310700.0
20250905,300002,神州泰岳,13.31,13.66,13.7,12.96,90588600.0
20250905,300003,乐普医疗,18.09,18.63,18.7,17.83,40806100.0
20250905,300004,南风股份,9.9,10.09,10.13,9.83,24618300.0
20250905,300005,探路者,9.9,9.6,10.07,9.49,87181900.0
20250905,300006,莱美药业,4.63,4.62,4.64,4.5,23351900.0
20250905,300007,汉威科技,49.06,53.5,54.23,47.74,64569800.0
20250905,300008,天海防务,6.47,6.58,6.59,6.41,55615900.0
20250905,300009,安科生物,10.95,11.14,11.16,10.72,50165600.0
20250905,300011,鼎汉技术,8.01,8.25,8.25,7.91,11625100.0
20250905,300012,华测检测,12.82,13.07,13.1,12.77,32833300.0
20250905,300013,新宁物流,3.86,3.88,3.89,3.78,12330000.0
20250905,300014,亿纬锂能,68.0,78.0,78.9,67.0,170591800.0
20250905,300015,爱尔眼科,12.65,12.92,12.93,12.5,112111300.0
20250905,300016,北陆药业,10.45,10.36,10.45,9.81,54444200.0
20250905,300017,网宿科技,10.87,11.19,11.24,10.73,89156600.0
20250905,300018,中元股份,8.2,8.34,8.34,8.15,13656300.0
20250905,300019,硅宝科技,22.02,23.84,23.95,21.95,46281900.0
20250905,300021,大禹节水,5.06,5.12,5.12,5.0,30739700.0
20250905,300022,吉峰科技,8.43,8.53,8.67,8.04,25270000.0
20250905,300024,机器人,18.35,19.04,19.1,18.17,54258800.0
20250905,300025,华星创业,6.6,6.74,6.74,6.49,18408200.0
20250905,300026,红日药业,3.84,3.88,3.89,3.79,54298700.0
20250905,300030,阳普医疗,8.1,8.05,8.1,7.81,9604000.0
20250905,300031,宝通科技,24.5,25.31,25.48,24.2,16700000.0
20250905,300032,金龙机电,5.24,5.32,5.33,5.1,33190500.0
20250905,300033,同花顺,361.01,361.5,363.07,351.5,13660500.0
20250905,300034,钢研高纳,16.0,16.27,16.27,15.96,10762500.0
20250905,300035,中科电气,21.9,24.48,25.0,21.7,170217900.0
20250905,300036,超图软件,16.05,16.2,16.3,15.86,9532100.0
20250905,300037,新宙邦,44.89,47.3,47.3,44.06,34356100.0
20250905,300039,上海凯宝,6.12,6.17,6.17,6.05,23107500.0
20250905,300040,九洲集团,7.1,7.27,7.27,7.09,13455700.0
20250905,300041,回天新材,10.33,10.9,10.93,10.27,35356800.0
20250905,300042,朗科科技,24.2,24.96,25.23,23.85,11627600.0
20250905,300043,星辉娱乐,5.1,5.3,5.32,5.0,102590900.0
20250905,300045,华力创通,22.47,23.06,23.45,21.71,52747700.0
20250905,300046,台基股份,39.0,39.99,40.01,38.5,13450100.0
20250905,300047,天源迪科,16.24,16.51,16.52,15.98,33985000.0
20250905,300048,合康新能,6.33,6.78,6.79,6.29,56793100.0
20250905,300049,福瑞医科,64.37,64.35,66.56,63.0,14990500.0
20250905,300050,世纪鼎利,6.16,6.37,6.38,6.05,33668500.0
20250905,300051,琏升科技,7.13,7.36,7.37,7.13,13659400.0
20250905,300052,中青宝,11.31,11.57,11.57,11.27,6024000.0
20250905,300053,航宇微,13.35,13.55,13.55,13.21,17898800.0
20250905,300054,鼎龙股份,29.39,29.85,29.86,29.26,15640300.0
20250905,300055,万邦达,5.87,5.9,5.94,5.83,10140100.0
20250905,300056,中创环保,13.92,14.41,14.48,13.78,11029000.0
20250905,300057,万顺新材,5.98,6.18,6.18,5.92,54292200.0
20250905,300058,蓝色光标,6.49,6.65,6.66,6.43,123940900.0
20250905,300059,东方财富,26.32,26.6,26.69,25.9,500565200.0
20250905,300061,旗天科技,12.62,12.87,12.88,12.32,22453600.0
20250905,300062,中能电气,5.3,5.45,5.47,5.29,15599600.0
20250905,300063,天龙集团,8.78,9.05,9.05,8.64,34056200.0
20250905,300065,海兰信,18.15,18.42,18.43,17.79,35450100.0
20250905,300066,三川智慧,6.99,7.23,7.24,6.95,51286200.0
20250905,300067,安诺其,5.19,5.24,5.25,5.11,31409200.0
20250905,300069,金利华电,20.0,20.25,20.25,19.76,4404600.0
20250905,300070,碧水源,4.41,4.46,4.46,4.37,28262400.0
20250905,300071,福石控股,4.83,4.92,4.92,4.75,20243500.0
20250905,300072,海新能科,3.78,3.86,3.87,3.73,39139400.0
20250905,300073,当升科技,48.97,53.83,53.85,48.49,78835300.0
20250905,300074,华平股份,4.83,4.93,4.95,4.73,20996200.0
20250905,300075,数字政通,16.66,16.95,16.98,16.45,14526300.0
20250905,300077,国民技术,24.88,25.39,25.42,24.59,27033000.0
20250905,300078,思创智联,3.45,3.52,3.52,3.4,31069500.0
20250905,300079,数码视讯,5.88,6.03,6.03,5.79,45300500.0
20250905,300080,易成新能,4.25,4.68,4.77,4.25,72508500.0
20250905,300082,奥克股份,7.38,7.8,7.81,7.34,18806100.0
20250905,300083,创世纪,9.64,9.89,9.89,9.48,87590900.0
20250905,300084,海默科技,8.01,8.1,8.19,7.88,15034600.0
20250905,300085,银之杰,49.8,49.9,50.48,47.48,53248800.0
20250905,300086,康芝药业,6.6,6.6,6.64,6.39,20454100.0
20250905,300088,长信科技,6.58,6.8,6.8,6.53,110122700.0
20250905,300092,科新机电,18.61,19.99,20.86,18.2,71480900.0
20250905,300093,金刚光伏,14.37,14.31,14.5,13.83,3565300.0
20250905,300094,国联水产,3.69,3.72,3.72,3.6,45616500.0
20250905,300095,华伍股份,9.5,9.59,9.6,9.42,10396600.0
20250905,300097,智云股份,5.74,5.85,5.86,5.65,7298800.0
20250905,300098,高新兴,5.65,5.81,5.82,5.58,56523300.0
20250905,300099,尤洛卡,6.85,7.01,7.03,6.78,15522800.0
20250905,300100,双林股份,44.08,44.59,44.8,43.25,18692700.0
20250905,300101,振芯科技,23.88,24.01,24.05,23.44,10740000.0
20250905,300102,乾照光电,12.85,13.24,13.4,12.68,37217800.0
20250905,300103,达刚控股,7.37,7.43,7.47,7.2,7504000.0
20250905,300105,龙源技术,7.25,7.42,7.42,7.21,10397600.0
20250905,300106,西部牧业,11.53,11.56,11.6,11.08,14427400.0
20250905,300107,建新股份,7.6,7.63,7.63,7.53,7669900.0
20250905,300109,新开源,18.28,18.96,18.96,18.28,14490100.0
20250905,300110,华仁药业,3.33,3.37,3.37,3.27,22248600.0
20250905,300111,向日葵,4.46,4.96,5.06,4.36,127814800.0
20250905,300112,万讯自控,8.64,8.7,8.74,8.56,7426300.0
20250905,300113,顺网科技,24.0,24.56,24.88,23.47,34476900.0
20250905,300115,长盈精密,24.42,24.86,25.0,23.51,83418700.0
20250905,300118,东方日升,10.88,11.49,11.58,10.84,127115200.0
20250905,300119,瑞普生物,21.59,21.63,21.65,21.04,7564100.0
20250905,300120,经纬辉开,10.23,10.22,10.29,9.93,47441700.0
20250905,300121,阳谷华泰,14.94,15.47,15.48,14.71,18480500.0
20250905,300122,智飞生物,21.4,21.95,21.95,21.14,29224700.0
20250905,300124,汇川技术,71.43,73.35,73.4,70.81,37514400.0
20250905,300125,聆达股份,7.99,8.39,8.5,7.99,13761400.0
20250905,300126,锐奇股份,7.01,7.14,7.15,6.95,4802500.0
20250905,300127,银河磁体,30.14,30.89,30.92,30.07,9122300.0
20250905,300128,锦富技术,5.28,5.44,5.44,5.25,47829900.0
20250905,300129,泰胜风能,7.42,7.91,7.91,7.38,60626000.0
20250905,300130,新国都,28.23,28.88,29.06,27.63,22660800.0
20250905,300131,英唐智控,9.27,10.55,10.61,9.22,142455400.0
20250905,300132,诺斯贝尔,6.54,6.61,6.61,6.38,27426400.0
20250905,300133,华策影视,8.18,8.4,8.48,8.09,81225100.0
20250905,300134,大富科技,12.48,12.73,12.73,12.25,15908100.0
20250905,300135,宝利国际,4.11,4.15,4.16,4.06,16485200.0
20250905,300136,信维通信,24.66,25.42,25.48,24.33,34192400.0
20250905,300137,先河环保,6.85,7.04,7.07,6.79,9748200.0
20250905,300138,晨光生物,13.39,13.54,13.57,13.17,7926000.0
20250905,300139,晓程科技,21.9,23.27,23.51,21.49,73759900.0
20250905,300140,节能环境,6.14,6.33,6.5,6.12,21149300.0
20250905,300141,和顺电气,9.03,9.29,9.3,8.97,6508000.0
20250905,300142,沃森生物,12.15,12.41,12.46,11.98,34484900.0
20250905,300143,盈康生命,11.42,11.69,11.74,11.19,23061500.0
20250905,300144,宋城演艺,9.0,9.1,9.15,8.76,107752000.0
20250905,300145,南方泵业,4.67,4.72,4.72,4.62,51764500.0
20250905,300146,汤臣倍健,12.0,12.24,12.28,11.91,24546400.0
20250905,300148,天舟文化,4.83,4.92,4.92,4.74,41187500.0
20250905,300149,睿智医药,13.13,13.18,13.49,12.3,48139100.0
20250905,300150,世纪瑞尔,5.43,5.55,5.55,5.36,17810300.0
20250905,300151,昌红科技,13.35,13.55,13.64,13.25,8310200.0
20250905,300153,科泰电源,35.52,37.67,37.87,35.04,34480400.0
20250905,300154,瑞凌股份,8.5,8.6,8.62,8.41,5493300.0
20250905,300155,安居宝,4.73,4.82,4.82,4.64,11399700.0
20250905,300157,新锦动力,4.75,4.82,4.83,4.65,26657800.0
20250905,300158,振东制药,7.82,8.0,8.03,7.63,43369600.0
20250905,300159,新研股份,3.05,3.11,3.14,3.01,30338100.0
20250905,300160,秀强股份,6.15,6.21,6.22,6.11,22383500.0
20250905,300161,华中数控,29.5,30.95,31.19,28.92,14498500.0
20250905,300162,雷曼光电,7.3,7.26,7.33,7.08,17150900.0
20250905,300163,先锋新材,3.4,3.43,3.43,3.32,22981400.0
20250905,300164,通源石油,5.15,5.29,5.29,5.07,54151900.0
20250905,300165,天瑞仪器,4.58,4.71,4.73,4.52,7560300.0
20250905,300166,东方国信,10.6,10.71,10.72,10.4,36735900.0
20250905,300168,万达信息,7.39,7.48,7.48,7.28,24380400.0
20250905,300169,天晟新材,7.43,7.48,7.48,7.3,10699700.0
20250905,300170,汉得信息,17.23,17.55,17.56,17.02,42067000.0
20250905,300171,东富龙,13.9,14.19,14.21,13.81,9240700.0
20250905,300172,中电环保,5.3,5.37,5.37,5.25,13655500.0
20250905,300174,元力股份,17.36,18.0,18.05,17.2,19432100.0
20250905,300175,朗源股份,5.69,5.88,5.92,5.69,7281300.0
20250905,300176,鸿特科技,6.99,7.1,7.12,6.91,9309600.0
20250905,300177,中海达,9.94,10.13,10.13,9.85,20276400.0
20250905,300179,四方达,9.47,9.75,9.76,9.47,9754100.0
20250905,300180,华峰超纤,7.82,8.09,8.24,7.72,71086600.0
20250905,300181,佐力药业,17.99,18.14,18.15,17.8,14120200.0
20250905,300182,捷成股份,5.61,5.72,5.72,5.55,65785200.0
20250905,300183,东软载波,16.93,17.21,17.21,16.76,9299300.0
20250905,300184,力源信息,11.29,11.45,11.46,11.06,81375800.0
20250905,300185,通裕重工,2.78,2.9,2.9,2.77,127246100.0
20250905,300187,永清环保,5.17,5.21,5.23,5.12,5711800.0
20250905,300188,国投智能,15.88,16.2,16.22,15.58,21590600.0
20250905,300189,神农种业,4.61,4.63,4.66,4.44,98463300.0
20250905,300190,维尔利,4.31,4.3,4.38,4.21,24344500.0
20250905,300191,潜能恒信,20.34,20.91,20.94,19.99,6647200.0
20250905,300192,科德教育,19.8,19.73,19.92,18.84,34912000.0
20250905,300193,佳士科技,9.19,9.27,9.27,9.08,8399000.0
20250905,300194,福安药业,4.53,4.57,4.57,4.48,20694900.0
20250905,300195,长荣股份,7.86,7.97,7.98,7.8,9621700.0
20250905,300196,长海股份,15.28,15.62,15.64,15.14,9539900.0
20250905,300197,节能铁汉,2.22,2.26,2.26,2.17,67597000.0
20250905,300199,翰宇药业,24.58,24.93,25.0,23.89,60032400.0
20250905,300200,高盟新材,9.94,10.2,10.21,9.94,10346300.0
20250905,300201,海伦哲,5.22,5.33,5.34,5.17,24284000.0
20250905,300203,聚光科技,18.67,19.12,19.36,18.5,10138300.0
20250905,300204,舒泰神,45.0,40.55,45.8,40.5,50625200.0
20250905,300206,理邦仪器,12.34,12.5,12.53,12.21,7011600.0
20250905,300207,欣旺达,24.99,29.4,30.3,24.9,309066500.0
20250905,300209,行云科技,5.18,5.22,5.28,5.08,17922100.0
20250905,300210,森远股份,10.3,10.49,10.49,10.22,7814200.0
20250905,300213,佳讯飞鸿,10.38,10.84,10.98,10.2,38557800.0
20250905,300214,日科化学,7.67,7.92,7.95,7.66,11500500.0
20250905,300215,电科院,6.06,6.21,6.25,6.02,7857500.0
20250905,300217,东方电热,5.25,5.74,5.8,5.23,158977600.0
20250905,300218,安利股份,21.59,21.51,21.96,21.32,11284100.0
20250905,300219,鸿利智汇,6.59,6.67,6.69,6.54,15969500.0
20250905,300220,金运激光,16.8,16.63,16.8,16.18,4235200.0
20250905,300221,银禧科技,8.88,8.94,8.99,8.78,21020100.0
20250905,300222,科大智能,12.37,12.71,12.76,12.3,44397100.0
20250905,300223,君正股份,71.61,73.9,74.12,70.5,17477800.0
20250905,300224,正海磁材,16.48,17.11,17.16,16.41,36246200.0
20250905,300225,金力泰,5.65,5.33,5.66,5.19,28984900.0
20250905,300226,上海钢联,26.29,26.67,26.78,25.79,14109500.0
20250905,300227,光韵达,9.1,9.33,9.37,9.05,20451700.0
20250905,300228,富瑞特装,7.42,7.55,7.58,7.39,13953900.0
20250905,300229,拓尔思,21.71,22.01,22.15,21.22,38416900.0
20250905,300230,永利股份,5.2,5.4,5.4,5.18,31270200.0
20250905,300231,银信科技,11.87,12.02,12.02,11.65,13944100.0
20250905,300232,洲明科技,7.64,7.77,7.77,7.55,20223800.0
20250905,300233,金城医药,18.96,19.46,19.53,18.48,22603600.0
20250905,300234,开尔新材,5.55,5.54,5.56,5.43,9946000.0
20250905,300235,方直科技,11.49,11.7,11.7,11.33,5389000.0
20250905,300236,上海新阳,50.65,52.45,52.65,50.65,10923700.0
20250905,300238,冠昊生物,16.15,16.47,16.47,15.83,5234200.0
20250905,300239,东宝生物,5.6,5.62,5.64,5.5,8380500.0
20250905,300240,飞力达,8.13,8.3,8.31,7.96,13175900.0
20250905,300241,瑞丰光电,5.7,5.79,5.79,5.65,19009000.0
20250905,300242,佳云科技,4.28,4.37,4.37,4.19,21200600.0
20250905,300243,瑞丰高材,11.15,11.47,11.71,11.0,23307500.0
20250905,300244,迪安诊断,16.56,16.94,16.98,16.54,19982400.0
20250905,300246,宝莱特,8.68,8.84,8.85,8.58,5888800.0
20250905,300247,融捷健康,4.38,4.45,4.46,4.3,19726500.0
20250905,300248,新开普,13.53,13.72,13.72,13.37,8329200.0
20250905,300249,依米康,15.95,16.64,16.65,15.75,29482200.0
20250905,300250,初灵信息,16.57,16.75,16.78,16.31,7689800.0
20250905,300251,光线传媒,18.19,18.61,18.64,18.09,58471800.0
20250905,300252,金信诺,12.13,12.33,12.35,11.93,30434400.0
20250905,300253,卫宁健康,9.4,9.49,9.53,9.32,44252300.0
20250905,300254,仟源医药,10.88,10.89,10.89,10.57,8279100.0
20250905,300255,常山药业,47.58,47.59,47.9,45.51,22454700.0
20250905,300256,星星科技,4.63,4.71,4.72,4.53,101186400.0
20250905,300257,开山股份,12.87,13.8,14.25,12.85,22671100.0
20250905,300258,精锻科技,13.52,14.18,14.25,13.42,31547200.0
20250905,300259,新天科技,3.79,3.85,3.85,3.74,15984900.0
20250905,300260,新莱应材,37.3,38.34,38.5,36.52,32955300.0
20250905,300261,雅本化学,7.37,7.43,7.43,7.3,18809100.0
20250905,300263,隆华科技,8.47,8.76,8.76,8.45,36608800.0
20250905,300264,佳创视讯,6.02,6.05,6.07,5.86,18286000.0
20250905,300265,通光线缆,9.13,9.3,9.31,9.07,9627800.0
20250905,300266,兴源环境,2.73,2.78,2.78,2.69,20617100.0
20250905,300267,尔康制药,3.73,3.79,3.79,3.65,43521300.0
20250905,300268,佳沃食品,10.49,10.42,10.54,10.35,1462000.0
20250905,300269,联建光电,5.1,5.15,5.17,5.04,19683300.0
20250905,300270,中威电子,8.01,8.23,8.26,7.95,7356000.0
20250905,300271,华宇软件,7.9,8.05,8.07,7.83,15021400.0
20250905,300272,开能健康,6.56,6.7,6.71,6.53,16478800.0
20250905,300274,阳光电源,116.19,135.34,137.66,116.19,169941100.0
20250905,300275,梅安森,13.99,13.9,13.99,13.69,9190200.0
20250905,300276,三丰智能,10.41,10.77,10.78,10.32,49192000.0
20250905,300277,汽轮科技,14.9,14.99,15.27,14.21,50051200.0
20250905,300278,华昌达,5.66,5.81,5.82,5.64,29779100.0
20250905,300279,和晶科技,7.58,7.74,7.75,7.53,13702900.0
20250905,300281,金明精机,7.7,7.69,7.7,7.49,8689100.0
20250905,300283,温州宏丰,7.55,7.96,8.0,7.48,68332900.0
20250905,300284,苏交科,8.88,8.94,8.94,8.76,16211700.0
20250905,300285,国瓷材料,21.0,22.55,22.75,20.95,48418900.0
20250905,300286,安科瑞,23.18,24.34,24.43,23.18,5552800.0
20250905,300287,飞利信,6.2,6.37,6.38,6.12,103775800.0
20250905,300288,朗玛信息,14.67,14.93,14.95,14.51,5833600.0
20250905,300289,利德曼,7.99,8.11,8.11,7.74,17779200.0
20250905,300291,百纳千成,6.06,6.23,6.24,6.0,35426400.0
20250905,300292,吴通控股,4.89,4.96,4.97,4.83,39143600.0
20250905,300293,蓝英装备,22.99,23.53,23.57,22.79,10094300.0
20250905,300294,博雅生物,25.94,26.11,26.15,25.9,4313600.0
20250905,300296,利亚德,7.03,7.3,7.34,7.01,166768100.0
20250905,300298,三诺生物,20.38,20.52,20.54,20.27,7811900.0
20250905,300299,富春股份,6.66,6.75,6.75,6.48,27976100.0
20250905,300300,海峡创新,5.27,5.34,5.37,5.13,24134300.0
20250905,300302,同有科技,14.75,15.15,15.36,14.46,18860300.0
20250905,300303,聚飞光电,6.88,7.12,7.17,6.82,136964100.0
20250905,300304,云意电气,13.18,13.48,13.65,12.98,47960700.0
20250905,300305,裕兴股份,6.32,6.47,6.49,6.32,8095200.0
20250905,300306,远方信息,12.68,12.85,12.91,12.56,4643700.0
20250905,300307,慈星股份,7.31,7.4,7.4,7.23,14031400.0
20250905,300308,中际旭创,378.02,407.0,418.88,361.72,79255100.0
20250905,300310,宜通世纪,6.48,6.53,6.53,6.33,29023300.0
20250905,300311,任子行,5.0,5.05,5.05,4.95,12283000.0
20250905,300313,天山生物,8.17,8.15,8.24,7.99,5067800.0
20250905,300314,戴维医疗,14.38,14.62,14.62,14.06,6652200.0
20250905,300315,掌趣科技,5.5,5.62,5.62,5.46,95120500.0
20250905,300316,晶盛机电,29.55,35.0,35.5,29.55,88586100.0
20250905,300317,珈伟新能,4.39,4.52,4.52,4.31,106118400.0
20250905,300318,博晖创新,5.82,5.86,5.89,5.7,7926900.0
20250905,300319,麦捷科技,12.0,12.31,12.33,11.81,29596400.0
20250905,300320,海达股份,10.33,10.58,10.58,10.25,12747300.0
20250905,300321,同大股份,37.43,38.52,38.68,36.6,2947700.0
20250905,300322,硕贝德,23.01,23.2,23.48,22.46,36400300.0
20250905,300323,华灿光电,8.28,8.5,8.54,8.17,41540800.0
20250905,300324,旋极信息,6.49,6.63,6.68,6.28,253858600.0
20250905,300327,中颖电子,24.72,25.18,25.2,24.28,9290700.0
20250905,300328,宜安科技,19.3,19.26,19.62,17.18,142236700.0
20250905,300329,海伦钢琴,12.32,12.64,12.85,12.23,7975700.0
20250905,300331,苏大维格,28.91,33.67,33.67,28.08,80813300.0
20250905,300332,天壕能源,5.23,5.29,5.29,5.19,13827200.0
20250905,300333,兆日科技,13.5,13.73,13.78,13.21,13707600.0
20250905,300334,津膜科技,7.09,7.1,7.18,6.98,4751300.0
20250905,300335,迪森股份,5.8,5.94,5.95,5.71,14441900.0
20250905,300337,银邦股份,10.6,11.0,11.02,10.58,23662500.0
20250905,300339,润和软件,58.02,58.42,58.78,56.79,57740400.0
20250905,300340,科恒股份,14.65,15.84,16.48,14.58,41176500.0
20250905,300341,麦克奥迪,16.53,17.13,17.15,16.53,8839600.0
20250905,300342,天银机电,17.45,17.62,17.67,17.23,15027000.0
20250905,300343,联创股份,5.22,5.37,5.39,5.18,21604500.0
20250905,300345,华民股份,7.69,7.77,7.81,7.44,33641200.0
20250905,300346,南大光电,33.6,34.62,34.7,33.33,31953200.0
20250905,300347,泰格医药,63.06,66.58,66.84,62.06,14629900.0
20250905,300348,长亮科技,15.28,15.7,15.76,15.19,27322100.0
20250905,300349,金卡智能,12.19,12.42,12.45,12.14,7366000.0
20250905,300350,华鹏飞,6.17,6.27,6.27,6.06,17331600.0
20250905,300351,永贵电器,16.95,17.5,17.5,16.88,10804800.0
20250905,300353,东土科技,23.01,25.35,25.56,22.71,64607200.0
20250905,300354,东华测试,40.89,42.2,42.2,40.52,4352500.0
20250905,300355,蒙草生态,4.47,4.56,4.57,4.44,44969200.0
20250905,300357,我武生物,32.22,32.48,32.6,31.31,14926300.0
20250905,300358,楚天科技,8.14,8.15,8.17,8.02,12411400.0
20250905,300359,全通教育,5.84,5.95,5.95,5.72,11404900.0
20250905,300360,炬华科技,15.36,15.59,15.61,15.27,9913200.0
20250905,300363,博腾股份,24.51,25.9,26.49,24.51,39676000.0
20250905,300364,中文在线,27.82,27.99,28.06,27.18,47689700.0
20250905,300365,恒华科技,6.35,6.42,6.43,6.25,15132300.0
20250905,300368,汇金股份,13.61,13.93,14.08,13.43,37377200.0
20250905,300369,绿盟科技,7.76,7.77,7.78,7.58,16929000.0
20250905,300370,安控科技,3.14,3.21,3.22,3.13,64431000.0
20250905,300371,汇中股份,14.01,14.24,14.28,13.78,7687600.0
20250905,300373,扬杰科技,60.62,63.22,63.25,60.15,15215200.0
20250905,300374,中铁装配,16.85,16.92,16.99,16.62,4970700.0
20250905,300375,鹏翎股份,5.09,5.18,5.18,5.08,20707500.0
20250905,300376,易事特,4.92,5.04,5.04,4.91,25160800.0
20250905,300377,赢时胜,23.15,23.3,23.35,22.8,28026400.0
20250905,300378,鼎捷数智,48.59,48.9,48.99,47.22,17365800.0
20250905,300380,安硕信息,51.0,51.47,51.82,50.16,8210500.0
20250905,300381,溢多利,7.21,7.19,7.22,7.06,7755400.0
20250905,300382,斯莱克,15.05,15.03,15.43,14.31,32108400.0
20250905,300383,光环新网,14.3,14.42,14.45,14.02,72004400.0
20250905,300384,三联虹普,17.18,17.28,17.39,17.09,4066200.0
20250905,300386,飞天诚信,18.2,18.49,18.51,17.9,7204400.0
20250905,300387,富邦科技,9.18,9.27,9.29,9.14,5760500.0
20250905,300388,节能国祯,7.98,8.04,8.05,7.84,21427500.0
20250905,300389,艾比森,15.99,15.85,16.38,15.46,26656000.0
20250905,300390,天华新能,20.04,23.81,23.81,20.01,105412000.0
20250905,300393,中来股份,6.25,6.63,6.63,6.25,76056300.0
20250905,300394,天孚通信,176.79,186.8,189.72,171.26,51019200.0
20250905,300395,菲利华,80.1,85.28,86.2,80.1,26592500.0
20250905,300397,天和防务,12.51,12.6,12.6,12.28,17226900.0
20250905,300398,飞凯材料,22.26,23.25,23.44,22.22,36753600.0
20250905,300399,天利科技,29.25,29.39,29.53,28.53,9906000.0
20250905,300400,劲拓股份,23.51,25.88,25.93,23.18,20212500.0
20250905,300401,花园生物,14.49,14.59,14.7,14.35,13511800.0
20250905,300402,宝色股份,17.85,18.15,18.17,17.8,3930000.0
20250905,300403,汉宇集团,15.34,16.0,16.05,15.17,41064100.0
20250905,300404,博济医药,10.61,10.82,10.83,10.42,13252100.0
20250905,300405,科隆股份,5.92,6.08,6.08,5.88,7883700.0
20250905,300406,九强生物,13.9,13.98,13.99,13.74,4886000.0
20250905,300407,凯发电气,11.03,11.19,11.22,10.9,6278600.0
20250905,300408,三环集团,38.86,39.97,40.05,38.29,25026000.0
20250905,300409,道氏技术,22.1,24.34,24.69,22.1,144054200.0
20250905,300410,正业科技,10.52,11.14,11.98,10.26,146020000.0
20250905,300411,金盾股份,13.0,13.39,13.5,12.92,15612700.0
20250905,300412,迦南科技,5.24,5.22,5.26,5.14,16983800.0
20250905,300413,芒果超媒,25.61,27.33,27.45,25.26,39186300.0
20250905,300414,中光防雷,12.25,12.42,12.45,12.04,9564400.0
20250905,300415,伊之密,24.55,26.61,26.63,24.38,44524700.0
20250905,300416,苏试试验,16.75,17.11,17.15,16.65,17694600.0
20250905,300417,南华仪器,12.45,12.73,12.75,12.3,2758700.0
20250905,300418,昆仑万维,42.65,41.05,42.8,38.58,150669600.0
20250905,300420,五洋自控,4.12,4.54,4.55,4.05,96728600.0
20250905,300421,力星股份,14.66,14.98,15.02,14.63,8567600.0
20250905,300422,博世科,5.34,5.4,5.41,5.2,14906300.0
20250905,300423,昇辉科技,6.7,6.91,6.91,6.66,9060000.0
20250905,300424,航新科技,15.4,15.67,15.72,15.21,6083700.0
20250905,300425,中建环能,5.15,5.16,5.17,5.08,15818500.0
20250905,300426,华智数媒,10.41,10.55,10.56,10.15,16581900.0
20250905,300427,红相股份,6.25,6.29,6.31,6.15,17716900.0
20250905,300428,立中集团,19.92,21.01,21.05,19.92,17687200.0
20250905,300429,强力新材,13.1,13.42,13.42,12.99,16360900.0
20250905,300432,富临精工,14.22,15.0,15.02,14.22,77517300.0
20250905,300433,蓝思科技,30.19,31.4,31.44,29.42,120000300.0
20250905,300434,金石亚药,10.06,10.15,10.15,9.85,8038300.0
20250905,300435,中泰股份,17.3,17.82,17.84,17.19,13821800.0
20250905,300436,广生堂,113.42,113.37,114.17,109.26,13043300.0
20250905,300437,清水源,8.95,9.15,9.15,8.87,5271300.0
20250905,300438,鹏辉能源,31.3,33.59,34.0,31.02,83696600.0
20250905,300439,美康生物,10.67,10.7,10.71,10.53,5231900.0
20250905,300440,运达科技,12.31,12.54,12.55,11.98,9957300.0
20250905,300441,鲍斯股份,8.37,8.52,8.52,8.32,9655400.0
20250905,300442,润泽科技,50.0,53.43,53.66,49.01,37970500.0
20250905,300443,金雷股份,25.9,27.67,27.85,25.81,22329000.0
20250905,300444,双杰电气,7.84,8.24,8.24,7.78,46953800.0
20250905,300445,康斯特,18.43,18.79,18.82,18.3,3146900.0
20250905,300446,航天智造,16.78,17.32,17.33,16.66,14305300.0
20250905,300447,全信股份,14.55,14.67,14.7,14.35,4658800.0
20250905,300448,浩云科技,6.25,6.33,6.33,6.14,15610200.0
20250905,300449,汉邦高科,7.3,7.35,7.4,7.14,9158800.0
20250905,300450,先导智能,47.01,53.8,53.8,47.01,310874700.0
20250905,300451,创业慧康,5.05,5.11,5.11,5.0,39758900.0
20250905,300452,山河药辅,13.44,13.54,13.54,13.22,5012800.0
20250905,300453,三鑫医疗,9.65,9.87,9.87,9.43,12145400.0
20250905,300454,深信服,113.15,112.65,113.46,107.0,9454000.0
20250905,300455,航天智装,16.37,16.52,16.66,16.3,14408100.0
20250905,300456,赛微电子,22.88,24.27,24.69,22.01,77671500.0
20250905,300457,赢合科技,27.53,30.5,30.5,27.18,99553700.0
20250905,300458,全志科技,45.9,46.62,46.96,44.0,61618500.0
20250905,300459,汤姆猫,5.32,5.42,5.43,5.24,130963100.0
20250905,300461,田中精机,20.38,20.8,20.89,20.13,3105600.0
20250905,300463,迈克生物,12.03,12.17,12.18,11.92,6110600.0
20250905,300464,星徽股份,5.55,5.59,5.61,5.4,11094500.0
20250905,300465,高伟达,24.16,25.14,25.99,23.57,68224800.0
20250905,300466,赛摩智能,9.7,9.8,9.84,9.57,9320900.0
20250905,300467,迅游科技,22.62,23.02,23.31,21.88,8789000.0
20250905,300468,四方精创,40.0,41.2,41.58,39.0,38951400.0
20250905,300469,信息发展,63.19,68.51,70.5,62.22,23143800.0
20250905,300470,中密控股,38.3,38.86,38.95,38.12,3226700.0
20250905,300471,厚普股份,10.67,10.91,10.92,10.58,8053000.0
20250905,300473,德尔股份,34.05,35.86,35.87,33.73,27093700.0
20250905,300474,景嘉微,74.55,76.61,77.01,73.45,17827800.0
20250905,300475,香农芯创,40.0,42.99,43.35,39.68,24262400.0
20250905,300476,胜宏科技,256.0,295.8,295.8,249.03,87247400.0
20250905,300478,杭州高新,21.01,20.35,21.48,19.71,25885000.0
20250905,300479,神思电子,20.45,20.63,20.66,20.2,6100900.0
20250905,300480,光力科技,17.52,18.01,18.13,17.3,14457600.0
20250905,300481,濮阳惠成,14.48,14.83,14.99,14.4,8397700.0
20250905,300482,万孚生物,21.62,21.83,21.85,21.48,5435800.0
20250905,300483,首华燃气,11.32,11.53,11.54,11.19,8061300.0
20250905,300484,蓝海华腾,22.75,24.98,24.99,22.35,39420800.0
20250905,300485,赛升药业,12.99,12.95,12.99,12.47,10397500.0
20250905,300486,东杰智能,26.83,26.13,27.45,25.0,61310700.0
20250905,300487,蓝晓科技,53.65,56.06,56.56,53.51,7286100.0
20250905,300488,恒锋工具,34.88,36.21,36.28,34.63,2909000.0
20250905,300489,光智科技,46.05,46.66,46.67,45.02,6221900.0
20250905,300490,华自科技,9.22,9.7,9.7,9.11,29510600.0
20250905,300491,通合科技,34.45,37.24,37.56,34.19,21094400.0
20250905,300492,华图山鼎,64.55,63.71,64.87,63.06,1050800.0
20250905,300493,润欣科技,21.1,21.41,21.47,20.82,23485900.0
20250905,300494,盛天网络,13.6,13.99,14.08,13.44,25219200.0
20250905,300496,中科创达,73.76,73.65,74.48,71.58,30114100.0
20250905,300497,富祥股份,9.96,10.52,10.57,9.79,23845200.0
20250905,300498,温氏股份,17.72,17.95,17.99,17.47,51853700.0
20250905,300499,高澜股份,28.1,29.17,29.25,27.9,39284900.0
20250905,300500,启迪设计,13.85,14.03,14.03,13.59,4698800.0
20250905,300501,海顺新材,17.0,18.07,18.07,16.97,20016400.0
20250905,300502,新易盛,321.0,349.25,354.0,310.0,84643500.0
20250905,300503,昊志机电,28.06,28.97,28.97,27.9,15234900.0
20250905,300504,天邑股份,14.46,14.65,14.68,14.26,5262500.0
20250905,300505,川金诺,19.74,20.03,20.08,19.61,9075400.0
20250905,300506,名家汇,3.82,3.89,3.93,3.79,3809000.0
20250905,300507,苏奥传感,7.83,8.4,8.48,7.77,47957400.0
20250905,300508,维宏股份,29.18,29.92,29.96,28.8,2096600.0
20250905,300509,新美星,8.91,9.15,9.17,8.78,7560600.0
20250905,300510,金冠股份,4.52,4.57,4.58,4.48,37680500.0
20250905,300511,雪榕生物,5.97,6.0,6.02,5.78,18714900.0
20250905,300512,中亚股份,8.17,8.31,8.35,8.14,4755900.0
20250905,300513,恒实科技,8.63,8.94,9.05,8.43,12528900.0
20250905,300514,友讯达,13.6,13.81,13.83,13.54,3566600.0
20250905,300515,三德科技,20.85,21.3,21.46,20.73,4414400.0
20250905,300516,久之洋,35.91,36.28,36.35,35.5,1963400.0
20250905,300517,海波重科,11.18,11.29,11.29,10.91,3900000.0
20250905,300518,新迅达,16.29,15.7,16.3,14.99,31321600.0
20250905,300519,新光药业,16.17,16.3,16.32,15.91,3577300.0
20250905,300520,科大国创,23.68,24.27,24.39,23.36,10210900.0
20250905,300521,爱司凯,24.2,24.49,24.8,23.78,4163700.0
20250905,300522,世名科技,13.04,13.56,13.58,13.04,8806500.0
20250905,300523,辰安科技,21.14,21.27,21.27,20.75,3663900.0
20250905,300525,博思软件,14.18,14.38,14.38,14.1,15173400.0
20250905,300528,幸福蓝海,18.14,20.72,21.54,17.43,74896400.0
20250905,300529,健帆生物,23.48,23.74,23.74,23.12,9889000.0
20250905,300530,领湃科技,41.0,43.36,45.0,41.0,24470700.0
20250905,300531,优博讯,18.7,19.14,19.21,18.4,12814700.0
20250905,300532,今天国际,12.68,13.12,13.15,12.6,12595600.0
20250905,300533,冰川网络,38.1,38.69,39.27,37.2,14844700.0
20250905,300534,陇神戎发,10.08,10.16,10.16,9.94,8381100.0
20250905,300535,达威股份,19.5,19.68,19.91,19.4,2413500.0
20250905,300536,农尚环境,9.98,10.12,10.15,9.85,8671000.0
20250905,300537,广信材料,23.7,24.2,24.23,23.52,8205000.0
20250905,300538,同益股份,16.09,16.34,16.39,16.0,4008200.0
20250905,300539,横河精密,27.0,32.82,32.82,26.15,32144500.0
20250905,300540,蜀道装备,17.72,18.42,18.6,17.72,7055400.0
20250905,300541,先进数通,15.54,15.68,15.7,15.25,25195300.0
20250905,300542,新晨科技,21.05,21.46,21.47,20.8,9536500.0
20250905,300543,朗科智能,11.73,12.12,12.18,11.66,25837900.0
20250905,300545,联得装备,34.01,35.24,35.37,34.01,8172100.0
20250905,300546,雄帝科技,27.0,27.57,27.68,26.52,8121900.0
20250905,300547,川环科技,41.91,43.0,43.0,41.7,13249700.0
20250905,300548,长芯博创,121.0,124.01,125.83,117.03,28558000.0
20250905,300549,优德精密,18.95,19.35,19.41,18.85,3155300.0
20250905,300550,和仁科技,12.82,13.06,13.2,12.72,4127600.0
20250905,300551,古鳌科技,11.71,12.11,12.11,11.46,14554900.0
20250905,300552,万集科技,26.25,26.96,26.98,26.01,4299400.0
20250905,300553,集智股份,37.22,37.92,38.08,36.96,2583000.0
20250905,300554,三超新材,23.15,24.59,24.66,23.02,7029000.0
20250905,300556,丝路视觉,20.4,20.7,20.72,20.06,5083800.0
20250905,300557,理工光科,26.68,27.14,27.16,26.48,2422800.0
20250905,300558,贝达药业,71.76,73.95,74.18,70.59,8600900.0
20250905,300559,佳发教育,13.99,14.63,14.65,13.78,12966900.0
20250905,300560,中富通,13.23,13.36,13.38,13.05,5463900.0
20250905,300561,汇金科技,16.78,16.56,16.83,16.1,14986500.0
20250905,300562,乐心医疗,14.95,15.06,15.1,14.75,6443000.0
20250905,300563,神宇股份,39.27,40.89,41.16,38.54,9507300.0
20250905,300564,筑博设计,15.77,15.98,15.98,15.3,5108500.0
20250905,300565,科信技术,12.22,12.58,12.58,12.1,11266600.0
20250905,300566,激智科技,18.28,18.76,18.77,18.28,6478500.0
20250905,300567,精测电子,67.0,70.6,70.99,66.66,12473100.0
20250905,300568,星源材质,12.48,13.91,13.91,12.4,217521600.0
20250905,300569,天能重工,5.43,5.74,5.74,5.4,61404500.0
20250905,300570,太辰光,107.0,112.02,114.5,103.03,25185700.0
20250905,300571,平治信息,31.62,32.11,32.2,31.33,4758500.0
20250905,300572,安车检测,24.17,24.3,24.63,24.08,8344000.0
20250905,300573,兴齐眼药,71.74,72.05,72.99,70.15,18031600.0
20250905,300575,中旗股份,6.35,6.38,6.38,6.27,8863600.0
20250905,300576,容大感光,36.84,37.76,37.94,36.66,11546300.0
20250905,300577,开润股份,22.34,23.8,24.44,22.2,6622700.0
20250905,300578,会畅科技,18.85,18.99,19.01,18.74,4801800.0
20250905,300579,数字认证,34.0,34.37,34.49,33.51,6471000.0
20250905,300580,贝斯特,26.12,26.99,27.07,26.0,14634100.0
20250905,300581,晨曦航空,17.18,17.29,17.31,16.78,27116400.0
20250905,300582,英飞特,14.1,15.99,16.11,14.05,32605700.0
20250905,300583,赛托生物,16.06,16.08,16.14,15.72,3012800.0
20250905,300584,海辰药业,63.01,73.2,73.63,63.01,17984200.0
20250905,300585,奥联电子,15.61,15.97,16.0,15.55,6722900.0
20250905,300586,美联新材,10.51,10.99,11.18,10.51,24194400.0
20250905,300587,天铁科技,8.25,8.82,8.9,8.19,69246800.0
20250905,300588,熙菱信息,17.6,18.28,18.36,17.22,6324900.0
20250905,300589,江龙船艇,13.21,13.32,13.32,13.03,8031000.0
20250905,300590,移为通信,12.98,13.17,13.21,12.85,13556200.0
20250905,300591,万里马,10.67,10.12,10.69,10.1,50616300.0
20250905,300592,华凯易佰,11.21,11.42,11.42,11.03,7250900.0
20250905,300593,新雷能,17.31,18.45,18.58,17.26,32393000.0
20250905,300595,欧普康视,17.58,17.95,17.98,17.36,9713200.0
20250905,300596,利安隆,33.76,35.06,35.5,33.51,7950400.0
20250905,300597,吉大通信,9.13,9.18,9.2,9.0,6048900.0
20250905,300598,诚迈科技,50.28,51.81,52.48,49.5,11618300.0
20250905,300599,雄塑科技,7.69,7.75,7.8,7.61,4964900.0
20250905,300600,国瑞科技,16.41,16.16,16.6,16.04,13336000.0
20250905,300601,康泰生物,18.53,19.19,19.56,18.29,25435400.0
20250905,300602,飞荣达,28.39,28.98,29.02,27.9,23235600.0
20250905,300603,立昂技术,10.98,11.23,11.23,10.85,12056700.0
20250905,300604,长川科技,54.71,57.06,57.4,53.95,38111600.0
20250905,300605,恒锋信息,15.1,15.72,15.85,14.88,7982400.0
20250905,300606,金太阳,21.04,21.34,21.5,20.2,5720000.0
20250905,300607,拓斯达,34.22,35.75,35.79,33.88,27686600.0
20250905,300608,思特奇,12.58,12.68,12.69,12.28,9437900.0
20250905,300609,汇纳科技,46.65,46.65,47.05,45.8,6021300.0
20250905,300610,晨化股份,11.96,12.27,12.29,11.86,5298200.0
20250905,300611,美力科技,23.87,24.48,24.48,23.6,6489800.0
20250905,300612,宣亚国际,14.26,14.47,14.51,14.03,6185200.0
20250905,300613,富瀚微,49.0,50.0,50.3,48.62,4836200.0
20250905,300614,百川畅银,14.26,15.03,15.08,14.11,3590900.0
20250905,300615,欣天科技,14.18,14.32,14.36,13.94,5488100.0
20250905,300616,尚品宅配,12.99,12.89,12.99,12.71,3519400.0
20250905,300617,安靠智电,33.45,34.7,34.77,33.45,4844400.0
20250905,300618,寒锐钴业,44.09,47.65,47.88,43.03,39825300.0
20250905,300619,金银河,28.0,33.16,33.16,27.65,19644500.0
20250905,300620,光库科技,95.02,100.26,101.2,92.83,28524800.0
20250905,300621,维业股份,8.98,9.13,9.15,8.83,4658800.0
20250905,300622,博士眼镜,34.05,34.96,34.98,33.36,10955900.0
20250905,300623,捷捷微电,31.0,31.52,31.66,30.52,17687500.0
20250905,300624,万兴科技,72.94,73.85,74.87,71.28,8851600.0
20250905,300625,三雄极光,11.83,11.9,11.97,11.78,1539600.0
20250905,300626,华瑞股份,10.6,10.83,10.88,10.55,5439100.0
20250905,300627,华测导航,34.67,35.4,35.48,34.35,9498000.0
20250905,300628,亿联网络,35.99,36.92,36.97,35.41,11850500.0
20250905,300629,新劲刚,20.22,20.29,20.4,20.07,10841000.0
20250905,300631,久吾高科,31.0,32.35,32.42,30.71,7951000.0
20250905,300632,光莆股份,12.65,12.96,12.96,12.55,7080900.0
20250905,300633,开立医疗,31.8,32.33,32.46,31.5,3121300.0
20250905,300634,彩讯股份,25.96,26.32,26.35,25.6,14000000.0
20250905,300635,中达安,13.87,14.15,14.15,13.45,5578900.0
20250905,300636,同和药业,9.03,9.28,9.32,8.9,17769800.0
20250905,300637,扬帆新材,13.4,13.74,13.74,13.4,9780000.0
20250905,300638,广和通,28.69,29.5,29.63,28.38,25037600.0
20250905,300639,凯普生物,5.76,5.79,5.8,5.67,8631900.0
20250905,300640,德艺文创,6.53,6.56,6.56,6.33,9650600.0
20250905,300641,正丹股份,23.16,23.51,23.52,23.08,9960200.0
20250905,300642,透景生命,26.64,27.12,27.5,24.36,24531900.0
20250905,300643,万通智控,22.48,23.11,23.12,22.32,4526800.0
20250905,300644,南京聚隆,33.77,35.11,35.18,33.6,5155800.0
20250905,300645,正元智慧,18.42,18.76,18.79,18.12,7937400.0
20250905,300647,超频三,6.95,7.17,7.21,6.86,18200900.0
20250905,300648,星云股份,45.91,48.08,48.6,45.82,9257000.0
20250905,300649,杭州园林,16.35,16.33,16.52,15.92,3682200.0
20250905,300650,太龙股份,15.62,16.24,16.31,15.4,11073700.0
20250905,300651,金陵体育,24.68,23.44,25.08,23.21,33292600.0
20250905,300652,雷迪克,54.76,56.5,56.77,54.23,3480400.0
20250905,300653,正海生物,20.37,20.37,20.44,20.05,3288100.0
20250905,300654,世纪天鸿,10.1,10.22,10.23,9.97,7728500.0
20250905,300655,晶瑞电材,12.23,13.2,13.3,12.2,156409700.0
20250905,300656,民德电子,24.8,26.9,27.95,24.8,9650100.0
20250905,300657,弘信电子,31.28,31.52,31.77,30.89,25956100.0
20250905,300658,延江股份,6.69,6.78,6.81,6.55,7448000.0
20250905,300659,中孚信息,14.75,14.78,14.79,14.48,7117500.0
20250905,300660,江苏雷利,48.24,49.82,49.9,48.0,12256600.0
20250905,300661,圣邦股份,71.3,71.89,72.2,70.5,13913800.0
20250905,300662,科锐国际,29.91,30.31,30.39,29.59,3336200.0
20250905,300663,科蓝软件,18.0,18.19,18.27,17.66,14568200.0
20250905,300664,鹏鹞环保,5.42,5.49,5.49,5.39,7747900.0
20250905,300665,飞鹿股份,9.49,9.47,9.5,9.12,15748600.0
20250905,300666,江丰电子,73.92,75.53,75.75,73.65,8485600.0
20250905,300667,必创科技,15.37,15.48,15.5,15.11,4862900.0
20250905,300668,杰恩股份,18.32,18.51,18.7,17.79,6583900.0
20250905,300669,沪宁股份,33.48,34.1,34.63,33.23,1429800.0
20250905,300670,大烨智能,7.15,7.23,7.28,7.1,8095500.0
20250905,300671,富满微,36.0,37.03,37.25,35.61,7739300.0
20250905,300672,国科微,84.19,86.48,86.59,83.02,7618600.0
20250905,300673,佩蒂股份,18.52,18.4,18.57,17.72,11945900.0
20250905,300674,宇信科技,25.11,25.64,25.64,24.83,16505500.0
20250905,300675,建科院,14.81,14.97,14.97,14.58,2642700.0
20250905,300676,华大基因,50.02,51.06,51.25,49.27,6947900.0
20250905,300677,英科医疗,34.11,34.76,34.98,34.02,14602500.0
20250905,300678,中科信息,36.52,36.57,37.0,35.06,13139100.0
20250905,300679,电连技术,46.67,47.7,47.8,45.66,12606300.0
20250905,300680,隆盛科技,43.45,47.49,47.88,43.45,19833400.0
20250905,300681,英搏尔,29.31,29.8,29.95,29.08,6967300.0
20250905,300682,朗新科技,23.65,23.81,24.1,23.26,27418500.0
20250905,300683,海特生物,43.21,42.75,43.85,41.49,9619300.0
20250905,300684,中石科技,32.28,33.61,33.76,31.89,18554000.0
20250905,300685,艾德生物,24.25,24.79,24.83,23.96,12286700.0
20250905,300686,智动力,11.94,12.08,12.08,11.8,11377600.0
20250905,300687,赛意信息,25.96,26.42,26.49,25.61,13703700.0
20250905,300688,创业黑马,31.18,31.62,31.69,30.72,7827000.0
20250905,300689,澄天伟业,54.62,55.24,56.62,52.15,4057100.0
20250905,300690,双一科技,33.88,36.55,36.76,33.88,18514700.0
20250905,300691,联合光电,18.09,18.45,18.5,17.91,6545500.0
20250905,300692,中赋科技,7.17,7.51,7.58,7.13,25807600.0
20250905,300693,盛弘股份,37.3,40.11,40.33,36.68,32932000.0
20250905,300694,蠡湖股份,12.9,13.55,13.56,12.86,15934200.0
20250905,300695,兆丰股份,94.22,99.25,99.46,93.65,1428200.0
20250905,300696,爱乐达,25.49,25.63,25.75,25.18,7468800.0
20250905,300697,电工合金,14.43,14.89,14.89,14.35,11387600.0
20250905,300698,万马科技,43.04,44.14,44.21,42.77,4429100.0
20250905,300699,光威复材,30.15,30.55,30.61,29.86,13411800.0
20250905,300700,岱勒新材,12.9,13.61,13.61,12.9,12867500.0
20250905,300701,森霸传感,12.14,12.6,12.6,11.92,16732800.0
20250905,300702,天宇股份,26.63,26.86,26.9,25.9,3816700.0
20250905,300703,创源股份,31.35,33.68,33.98,29.88,21479600.0
20250905,300705,九典制药,17.7,18.1,18.1,17.5,12048200.0
20250905,300706,阿石创,38.48,40.05,40.24,38.14,7954900.0
20250905,300707,威唐工业,14.92,15.2,15.22,14.79,4341400.0
20250905,300708,聚灿光电,8.75,9.01,9.02,8.66,33062900.0
20250905,300709,精研科技,56.8,58.58,59.85,53.84,24814800.0
20250905,300710,万隆光电,18.78,19.07,19.08,18.4,3740700.0
20250905,300711,广哈通信,21.72,21.79,21.86,21.4,4141400.0
20250905,300712,永福股份,26.57,27.5,27.99,26.5,9585200.0
20250905,300713,英可瑞,17.48,18.16,18.18,17.31,5661500.0
20250905,300715,凯伦股份,10.32,11.0,11.04,10.22,9945300.0
20250905,300717,华信新材,20.57,20.68,20.68,20.1,2626100.0
20250905,300718,长盛轴承,88.48,91.94,92.5,87.38,13153400.0
20250905,300719,安达维尔,16.45,16.59,16.62,16.26,3562300.0
20250905,300720,海川智能,24.85,26.79,26.98,24.5,10136800.0
20250905,300721,怡达股份,14.23,14.41,14.49,14.13,4450500.0
20250905,300722,新余国科,31.68,32.11,32.32,31.41,5748500.0
20250905,300723,一品红,66.64,66.7,68.09,64.0,10646700.0
20250905,300724,捷佳伟创,100.04,106.7,108.61,99.2,51013400.0
20250905,300725,药石科技,42.69,44.21,44.28,42.39,10466800.0
20250905,300726,宏达电子,34.23,34.78,34.8,33.9,6023100.0
20250905,300727,润禾材料,39.44,41.98,42.18,39.01,14440100.0
20250905,300729,乐歌股份,14.48,14.7,14.7,14.33,5803700.0
20250905,300730,科创信息,18.61,18.79,18.88,18.01,15588000.0
20250905,300731,科创新源,44.9,47.42,47.67,44.67,11394400.0
20250905,300732,设研院,9.02,8.94,9.07,8.71,19059600.0
20250905,300733,西菱动力,19.14,19.19,19.31,18.88,7690800.0
20250905,300735,光弘科技,29.22,30.16,30.28,28.6,20954300.0
20250905,300736,百邦科技,12.35,12.83,12.89,12.11,10449700.0
20250905,300737,科顺股份,4.99,5.02,5.02,4.93,11742100.0
20250905,300738,奥飞数据,20.32,20.84,20.92,20.1,49106300.0
20250905,300739,明阳电路,16.5,17.22,17.27,16.32,20890300.0
20250905,300740,水羊股份,21.97,22.18,22.22,21.12,18378200.0
20250905,300741,华宝股份,19.74,19.98,19.98,19.43,4522900.0
20250905,300743,天地数码,18.79,19.1,19.18,18.79,3637400.0
20250905,300745,欣锐科技,20.0,20.61,20.61,19.6,4688000.0
20250905,300746,汉嘉数智,14.6,14.85,14.85,14.33,3514000.0
20250905,300747,锐科激光,27.66,27.75,27.85,27.18,22365300.0
20250905,300748,金力永磁,35.55,36.5,36.63,35.27,68943500.0
20250905,300749,顶固集创,8.73,8.84,8.85,8.56,4310900.0
20250905,300750,宁德时代,299.9,325.11,325.11,299.82,70819800.0
20250905,300751,迈为股份,94.59,99.37,99.59,93.1,10068100.0
20250905,300752,隆利科技,25.34,25.75,26.25,24.72,17509300.0
20250905,300753,爱朋医疗,34.51,33.5,34.55,30.66,15995600.0
20250905,300755,华致酒行,17.4,17.63,17.7,16.91,6651400.0
20250905,300756,金马游乐,36.76,38.89,38.99,35.51,6275000.0
20250905,300757,罗博特科,234.76,239.94,242.0,229.31,8400900.0
20250905,300758,七彩化学,14.55,14.88,14.89,14.52,9130200.0
20250905,300759,康龙化成,29.78,31.3,31.79,29.26,61543300.0
20250905,300760,迈瑞医疗,233.4,237.96,238.61,231.46,7497800.0
20250905,300761,立华股份,19.36,19.76,19.8,19.07,7763700.0
20250905,300762,上海瀚讯,24.12,24.52,24.7,23.81,23498100.0
20250905,300763,锦浪科技,73.99,89.24,89.24,73.2,53190100.0
20250905,300765,石药创新,55.5,57.2,57.32,52.8,8173400.0
20250905,300766,每日互动,40.65,40.85,40.99,39.88,28632000.0
20250905,300767,震安科技,21.34,21.28,21.98,21.09,22653600.0
20250905,300768,迪普科技,17.33,17.54,17.58,17.06,5836600.0
20250905,300769,德方纳米,37.9,40.87,41.33,37.78,43314500.0
20250905,300770,新媒股份,44.08,45.01,45.05,43.85,5907000.0
20250905,300771,智莱科技,12.54,12.82,12.87,12.42,5739400.0
20250905,300772,运达股份,15.94,19.08,19.08,15.8,75453600.0
20250905,300773,拉卡拉,25.85,25.93,25.98,24.71,33330500.0
20250905,300774,倍杰特,9.42,9.54,9.54,9.33,5870100.0
20250905,300775,三角防务,24.7,24.87,24.9,24.58,9011400.0
20250905,300776,帝尔激光,70.62,72.05,72.96,70.12,6487000.0
20250905,300777,中简科技,34.81,35.29,35.46,34.71,9456700.0
20250905,300778,新城市,13.41,13.55,13.59,13.2,7477600.0
20250905,300779,惠城环保,191.03,198.18,198.5,186.05,3643200.0
20250905,300780,德恩精工,17.63,17.98,17.99,17.45,6293400.0
20250905,300781,因赛集团,40.2,40.77,40.78,39.4,4379400.0
20250905,300782,卓胜微,76.32,81.24,81.35,75.4,15949900.0
20250905,300783,三只松鼠,26.05,26.22,26.3,25.6,13764300.0
20250905,300784,利安科技,56.41,58.3,58.45,56.32,2158900.0
20250905,300785,值得买,32.93,34.22,34.29,31.7,10898200.0
20250905,300786,国林科技,15.62,15.95,16.02,15.45,14954000.0
20250905,300787,海能实业,14.34,14.74,14.77,14.16,7891500.0
20250905,300788,中信出版,30.64,31.19,31.25,30.49,2050000.0
20250905,300789,唐源电气,27.22,27.55,27.59,27.1,1854400.0
20250905,300790,宇瞳光学,29.06,30.31,30.5,28.7,22507100.0
20250905,300791,仙乐健康,24.37,24.45,24.57,23.81,3640100.0
20250905,300792,壹网壹创,28.26,30.33,30.47,27.77,15338500.0
20250905,300793,佳禾智能,17.35,17.81,17.83,17.26,10151000.0
20250905,300795,米奥会展,15.46,15.88,15.93,15.3,4313400.0
20250905,300796,贝斯美,10.34,10.45,10.5,10.32,7282400.0
20250905,300797,钢研纳克,17.39,17.78,17.78,17.27,16704300.0
20250905,300798,锦鸡股份,8.01,8.25,8.26,7.97,12046100.0
20250905,300800,力合科技,11.52,11.55,11.65,11.39,3039500.0
20250905,300801,泰和科技,27.5,28.33,28.87,27.5,36523200.0
20250905,300802,矩子科技,19.62,20.08,20.1,19.46,3868700.0
20250905,300803,指南针,136.0,138.88,139.3,131.66,42656900.0
20250905,300804,广康生化,40.29,41.16,41.17,40.05,1480100.0
20250905,300805,电声股份,11.26,11.61,11.61,11.12,7451400.0
20250905,300806,斯迪克,22.69,23.38,23.54,22.25,17316200.0
20250905,300807,天迈科技,42.32,42.67,42.95,41.64,3051000.0
20250905,300808,久量股份,28.87,29.57,29.62,28.3,2441600.0
20250905,300809,华辰装备,42.33,43.94,43.96,42.16,6733300.0
20250905,300810,中科海讯,44.11,44.26,44.68,43.0,5770300.0
20250905,300811,铂科新材,69.88,72.69,73.35,69.6,10759900.0
20250905,300812,易天股份,23.45,23.98,23.98,23.23,4746900.0
20250905,300813,泰林生物,30.54,31.0,31.29,29.81,3327200.0
20250905,300814,中富电路,39.76,40.92,41.16,39.51,6009100.0
20250905,300815,玉禾田,25.37,26.39,26.52,25.15,15660000.0
20250905,300816,艾可蓝,37.68,38.7,38.98,37.11,3915900.0
20250905,300817,双飞集团,21.33,21.96,22.0,21.23,4332600.0
20250905,300818,耐普矿机,25.71,27.15,27.49,25.52,4790800.0
20250905,300819,聚杰微纤,24.5,25.22,25.25,24.29,3961500.0
20250905,300820,英杰电气,47.12,49.83,50.18,46.95,5236800.0
20250905,300821,东岳硅材,9.62,10.36,10.44,9.62,54058200.0
20250905,300822,贝仕达克,18.2,18.68,18.68,18.1,3622700.0
20250905,300823,建科智能,15.26,15.46,15.49,15.17,3010100.0
20250905,300824,北鼎股份,12.5,12.74,12.75,12.41,3570400.0
20250905,300825,阿尔特,11.39,11.55,11.56,11.22,11043400.0
20250905,300826,测绘股份,18.0,18.08,18.08,17.81,3676900.0
20250905,300827,上能电气,32.8,35.46,37.1,32.5,129827300.0
20250905,300828,锐新科技,15.97,16.23,16.25,15.82,3536000.0
20250905,300829,金丹科技,19.06,19.74,19.75,18.87,13682000.0
20250905,300830,金现代,11.08,11.82,11.85,11.0,28143800.0
20250905,300832,新产业,64.65,64.98,65.52,61.8,7372000.0
20250905,300833,浩洋股份,38.5,38.86,39.27,38.23,2019000.0
20250905,300834,星辉环材,22.85,23.27,23.3,22.7,1561600.0
20250905,300835,龙磁科技,57.23,61.52,61.88,57.02,6711500.0
20250905,300836,佰奥智能,39.4,40.93,40.93,39.22,2374000.0
20250905,300837,浙矿股份,24.8,25.39,25.5,24.55,1717300.0
20250905,300838,浙江力诺,14.02,14.3,14.41,14.02,2342800.0
20250905,300839,博汇股份,14.09,14.8,14.83,13.98,7005000.0
20250905,300840,酷特智能,20.56,20.74,20.78,20.2,7325800.0
20250905,300841,康华生物,70.48,72.5,72.98,69.03,4117300.0
20250905,300842,帝科股份,52.0,53.48,54.26,50.4,12740500.0
20250905,300843,胜蓝股份,55.84,56.55,57.69,52.25,15486300.0
20250905,300844,山水比德,51.49,51.36,52.3,49.95,1808000.0
20250905,300845,捷安高科,11.18,11.23,11.27,10.96,8660500.0
20250905,300846,首都在线,21.01,21.58,21.63,20.61,29829000.0
20250905,300847,中船汉光,17.78,17.98,17.99,17.63,4538600.0
20250905,300848,美瑞新材,16.28,16.56,16.58,16.28,2519200.0
20250905,300849,锦盛新材,12.66,12.79,12.8,12.41,2675400.0
20250905,300850,新强联,33.56,39.36,39.8,33.56,45686400.0
20250905,300851,交大思诺,27.22,27.46,27.5,27.0,941500.0
20250905,300852,四会富仕,35.2,36.43,36.54,35.0,4870800.0
20250905,300853,申昊科技,23.92,24.47,24.5,23.71,3557000.0
20250905,300854,中兰环保,19.81,19.98,20.06,19.3,3749500.0
20250905,300855,图南股份,28.03,28.59,28.77,27.7,4977400.0
20250905,300856,科思股份,14.1,14.28,14.32,14.01,5101500.0
20250905,300857,协创数据,95.99,104.0,104.8,94.6,19817600.0
20250905,300858,科拓生物,18.75,18.92,18.95,18.23,5667500.0
20250905,300859,西域旅游,44.01,47.35,47.63,42.92,22105100.0
20250905,300860,锋尚文化,28.3,29.03,29.37,28.04,4837300.0
20250905,300861,美畅股份,17.3,18.78,19.48,17.07,38613500.0
20250905,300862,蓝盾光电,24.3,25.03,25.09,24.19,3404400.0
20250905,300863,卡倍亿,36.6,37.07,37.09,36.43,2464000.0
20250905,300864,南大环境,20.16,20.28,20.32,20.02,959800.0
20250905,300865,大宏立,31.59,32.04,32.05,30.86,1710600.0
20250905,300866,安克创新,133.9,137.19,137.44,132.6,5815300.0
20250905,300867,圣元环保,17.0,17.1,17.16,16.78,3918300.0
20250905,300868,杰美特,30.37,31.36,31.48,30.1,1998600.0
20250905,300869,康泰医学,16.46,16.7,16.7,16.26,7161900.0
20250905,300870,欧陆通,213.31,216.58,218.0,206.0,5889600.0
20250905,300871,回盛生物,22.2,22.35,22.35,21.4,7863600.0
20250905,300872,天阳科技,24.5,24.54,24.73,23.3,31412200.0
20250905,300873,海晨股份,23.67,24.09,24.09,23.32,7801400.0
20250905,300875,捷强装备,43.36,43.98,44.14,42.06,6493000.0
20250905,300876,蒙泰高新,30.4,30.39,30.42,29.72,986800.0
20250905,300877,金春股份,26.86,27.95,28.5,25.95,5775500.0
20250905,300878,维康药业,21.41,21.46,21.68,20.96,3872500.0
20250905,300879,大叶股份,35.29,36.15,36.2,33.75,10490200.0
20250905,300880,迦南智能,19.2,19.74,19.75,19.2,2240400.0
20250905,300881,盛德鑫泰,34.17,35.27,35.64,34.17,1834600.0
20250905,300882,万胜智能,17.74,18.35,18.41,17.61,10115800.0
20250905,300883,龙利得,6.44,6.69,6.69,6.32,12326200.0
20250905,300884,狄耐克,13.45,13.56,13.58,13.2,6260400.0
20250905,300885,海昌新材,22.2,23.06,23.22,21.94,9566100.0
20250905,300886,华业香料,30.52,30.4,30.52,29.57,3079300.0
20250905,300887,谱尼测试,8.1,8.22,8.22,8.02,7758700.0
20250905,300888,稳健医疗,39.6,40.09,40.18,39.03,5827600.0
20250905,300889,爱克股份,19.89,20.55,20.6,19.6,6968200.0
20250905,300890,翔丰华,32.25,34.35,34.35,32.04,25462200.0
20250905,300891,惠云钛业,9.64,9.92,9.93,9.63,7399200.0
20250905,300892,品渥食品,38.82,38.35,38.85,36.0,10380400.0
20250905,300893,松原安全,31.48,31.97,32.09,30.89,8172000.0
20250905,300894,火星人,13.23,13.45,13.45,13.18,4681700.0
20250905,300895,铜牛信息,48.92,49.62,49.64,48.22,5079200.0
20250905,300896,爱美客,184.07,190.83,191.7,182.65,4589700.0
20250905,300897,山科智能,29.55,30.72,30.94,29.03,3639100.0
20250905,300898,熊猫乳品,29.03,29.45,29.51,27.82,12148500.0
20250905,300899,上海凯鑫,27.95,28.2,28.22,27.28,909800.0
20250905,300900,广联航空,19.51,19.59,19.65,19.38,7705200.0
20250905,300901,中胤时尚,16.46,17.17,17.17,16.17,4769300.0
20250905,300902,国安达,22.56,23.01,23.16,22.52,6079000.0
20250905,300903,科翔股份,10.56,10.91,10.97,10.5,19850000.0
20250905,300904,威力传动,62.57,66.44,67.12,62.52,2887400.0
20250905,300905,宝丽迪,34.45,36.47,36.56,34.44,18966700.0
20250905,300906,日月明,31.0,31.79,32.16,30.96,1773100.0
20250905,300907,康平科技,33.8,34.93,34.93,33.76,2259400.0
20250905,300908,仲景食品,32.0,32.09,32.32,31.26,2623900.0
20250905,300909,汇创达,31.16,32.62,32.65,31.16,4667700.0
20250905,300910,瑞丰新材,59.98,61.14,61.2,59.44,1619700.0
20250905,300911,亿田智能,53.74,54.6,54.6,52.0,4348400.0
20250905,300912,凯龙高科,15.28,15.92,16.11,15.03,7429100.0
20250905,300913,兆龙互连,53.9,55.77,56.28,53.6,12711000.0
20250905,300915,海融科技,25.78,26.4,26.59,25.6,2605900.0
20250905,300916,朗特智能,40.9,41.44,41.7,40.7,2506000.0
20250905,300917,特发服务,45.0,46.02,46.27,44.62,5619700.0
20250905,300918,南山智尚,20.5,21.31,21.49,20.35,18748300.0
20250905,300919,中伟新材,42.04,45.86,45.95,41.47,52736100.0
20250905,300920,润阳科技,48.98,49.4,49.57,47.5,1503700.0
20250905,300921,南凌科技,23.08,23.77,23.78,22.92,4033100.0
20250905,300922,天秦装备,23.8,24.25,24.75,23.48,5338500.0
20250905,300923,研奥股份,25.57,25.74,25.97,25.24,1642200.0
20250905,300925,法本信息,22.83,23.32,23.32,22.44,11995000.0
20250905,300926,博俊科技,28.28,29.0,29.12,28.09,8952600.0
20250905,300927,江天化学,27.58,27.86,27.99,27.38,2592400.0
20250905,300928,华安鑫创,32.85,33.24,33.3,32.56,1390200.0
20250905,300929,华骐环保,10.68,10.77,10.8,10.47,3813300.0
20250905,300930,屹通新材,30.88,31.4,31.48,30.85,1446400.0
20250905,300931,通用电梯,10.13,10.8,10.8,10.0,12270800.0
20250905,300932,三友联众,11.48,11.82,11.82,11.39,4221700.0
20250905,300933,中辰股份,8.55,8.86,8.9,8.41,20015600.0
20250905,300935,盈建科,24.2,24.52,24.55,23.7,2071400.0
20250905,300936,中英科技,37.56,38.13,38.19,37.32,1461100.0
20250905,300937,药易购,27.85,28.05,28.1,27.3,1658000.0
20250905,300938,信测标准,24.42,25.18,25.34,24.31,11998400.0
20250905,300939,秋田微,33.82,34.72,34.83,33.45,4751000.0
20250905,300940,南极光,27.87,28.23,28.38,27.37,6327500.0
20250905,300941,创识科技,25.25,25.53,25.53,24.95,3647800.0
20250905,300942,易瑞生物,12.98,13.04,13.05,12.36,8661300.0
20250905,300943,春晖智控,16.65,16.99,17.0,16.4,4847300.0
20250905,300945,曼卡龙,22.5,23.8,24.99,21.58,56616000.0
20250905,300946,恒而达,53.4,54.87,55.2,53.02,2532400.0
20250905,300947,德必集团,20.66,21.11,21.16,20.3,3596600.0
20250905,300948,冠中生态,11.16,11.1,11.23,10.87,3574200.0
20250905,300949,奥雅股份,40.83,40.65,40.84,39.1,902300.0
20250905,300950,德固特,30.3,33.3,34.66,30.05,16418900.0
20250905,300951,博硕科技,37.86,39.78,40.25,37.2,5514600.0
20250905,300952,恒辉安防,26.25,27.27,27.27,26.05,3933500.0
20250905,300953,震裕科技,146.22,151.55,152.5,142.68,10156600.0
20250905,300955,嘉亨家化,33.24,33.67,34.5,32.2,7358200.0
20250905,300956,英力股份,16.76,17.32,17.32,16.67,6059400.0
20250905,300957,贝泰妮,45.95,46.93,46.96,45.43,4391000.0
20250905,300958,建工修复,12.77,12.8,12.83,12.52,2912000.0
20250905,300959,线上线下,43.33,43.92,44.13,43.07,1271100.0
20250905,300960,通业科技,27.99,28.48,28.49,27.61,2002000.0
20250905,300961,深水海纳,16.9,17.08,17.14,16.41,7251200.0
20250905,300962,中金辐照,17.13,17.23,17.26,17.01,2709000.0
20250905,300963,中洲特材,17.9,18.61,18.98,17.81,15836400.0
20250905,300964,本川智能,43.81,46.1,46.75,43.05,4077000.0
20250905,300965,恒宇信通,63.11,65.98,66.0,62.64,1865200.0
20250905,300966,共同药业,21.81,22.1,22.1,21.28,3027700.0
20250905,300967,晓鸣股份,26.01,26.13,26.19,24.8,20943000.0
20250905,300968,格林精密,15.08,15.9,15.97,15.05,19046400.0
20250905,300969,恒帅股份,82.4,84.02,84.68,81.01,1326900.0
20250905,300970,华绿生物,14.27,14.36,14.41,14.03,3063600.0
20250905,300971,博亚精工,23.15,23.94,23.96,22.97,9211500.0
20250905,300972,万辰集团,189.67,192.19,195.45,185.23,2936200.0
20250905,300973,立高食品,48.57,48.13,48.61,46.58,3666100.0
20250905,300975,商络电子,11.66,12.01,12.02,11.52,18973600.0
20250905,300976,达瑞电子,60.55,63.08,63.54,60.0,3565100.0
20250905,300977,深圳瑞捷,18.73,19.8,19.8,18.48,2601400.0
20250905,300978,东箭科技,10.9,11.22,11.31,10.8,9688300.0
20250905,300979,华利集团,53.99,53.93,54.5,52.86,5957900.0
20250905,300980,祥源新材,23.09,23.91,23.97,22.79,5284000.0
20250905,300981,中红医疗,13.75,13.95,13.95,13.56,5387900.0
20250905,300982,苏文电能,18.8,19.5,19.5,18.77,4848800.0
20250905,300983,尤安设计,21.11,21.35,21.44,20.95,573200.0
20250905,300984,金沃股份,62.6,66.18,66.8,61.53,8181100.0
20250905,300985,致远新能,19.39,19.91,19.93,19.36,2531400.0
20250905,300986,志特新材,12.05,12.22,12.24,12.03,7108200.0
20250905,300987,川网传媒,17.99,18.15,18.18,17.7,3928800.0
20250905,300988,津荣天宇,23.82,24.84,25.1,23.65,7627700.0
20250905,300989,蕾奥规划,17.4,17.85,17.88,17.09,5619300.0
20250905,300990,同飞股份,68.67,70.39,71.0,67.86,4744200.0
20250905,300991,创益通,37.2,37.63,37.69,36.37,4013600.0
20250905,300992,泰福泵业,26.33,26.32,26.45,26.02,2735800.0
20250905,300993,玉马科技,18.08,18.4,18.5,17.91,20706700.0
20250905,300994,久祺股份,19.58,19.56,19.76,18.85,8963000.0
20250905,300995,奇德新材,58.73,61.55,62.89,56.54,5709300.0
20250905,300996,普联软件,17.07,17.44,17.44,16.81,8411000.0
20250905,300997,欢乐家,20.03,19.71,20.2,18.91,30878600.0
20250905,300998,宁波方正,26.02,26.43,26.66,25.65,8109400.0
20250905,300999,金龙鱼,32.76,33.3,33.34,32.38,14856400.0
20250905,301000,肇民科技,43.0,44.44,44.68,42.61,6771000.0
20250905,301001,凯淳股份,29.88,30.2,30.22,29.2,1796600.0
20250905,301002,崧盛股份,28.6,31.83,31.92,28.6,11836300.0
20250905,301003,江苏博云,33.74,35.0,35.2,33.58,2147700.0
20250905,301004,嘉益股份,63.24,64.25,64.68,62.5,1108800.0
20250905,301005,超捷股份,45.3,46.7,46.85,44.92,5292200.0
20250905,301006,迈拓股份,16.18,16.6,16.67,16.12,2444500.0
20250905,301007,德迈仕,43.15,44.81,44.85,42.66,6005000.0
20250905,301008,宏昌科技,34.21,35.09,35.09,32.23,12293700.0
20250905,301009,可靠股份,13.83,13.92,13.96,13.4,6240800.0
20250905,301010,晶雪节能,19.89,19.28,20.25,18.95,4869500.0
20250905,301011,华立科技,27.65,28.1,28.19,27.28,3389100.0
20250905,301012,扬电科技,20.96,21.73,21.74,20.67,8796700.0
20250905,301013,利和兴,18.21,19.7,19.99,18.03,32671800.0
20250905,301015,百洋医药,26.08,27.16,27.19,25.21,10823400.0
20250905,301016,雷尔伟,17.47,19.14,19.35,17.25,11961700.0
20250905,301017,漱玉平民,11.73,11.8,11.85,11.6,4291100.0
20250905,301018,申菱环境,67.35,70.0,70.55,66.06,12346700.0
20250905,301019,宁波色母,16.51,16.71,16.8,16.45,2017700.0
20250905,301020,密封科技,22.84,23.26,23.26,22.73,1426000.0
20250905,301021,英诺激光,35.6,36.32,36.36,35.5,4837500.0
20250905,301022,海泰科,38.75,39.86,40.15,38.49,3994100.0
20250905,301023,奕帆传动,41.63,42.49,42.54,41.63,1427300.0
20250905,301024,霍普股份,43.0,42.28,43.0,41.25,915700.0
20250905,301025,读客文化,10.17,10.29,10.29,9.99,5689900.0
20250905,301026,浩通科技,28.6,29.29,29.38,28.51,3328300.0
20250905,301027,华蓝集团,14.14,14.25,14.25,13.96,4119700.0
20250905,301028,鼎熔岩,12.98,13.3,13.32,12.96,4981300.0
20250905,301029,怡合达,26.06,27.72,27.79,25.92,23982400.0
20250905,301031,中熔电气,107.13,108.2,112.69,105.0,7854100.0
20250905,301032,新柴股份,13.18,13.55,13.58,13.1,4287000.0
20250905,301033,迈普医学,72.01,72.79,72.8,70.39,1108300.0
20250905,301035,润丰股份,76.38,76.44,76.97,75.32,1542600.0
20250905,301036,双乐股份,34.75,35.15,35.19,34.6,1410900.0
20250905,301037,保立佳,14.26,14.6,14.6,14.16,2936300.0
20250905,301038,深水规院,30.52,29.46,30.6,28.4,12866200.0
20250905,301039,中集车辆,9.06,9.2,9.24,9.03,17712300.0
20250905,301040,中环海陆,31.68,31.68,31.68,31.68,597700.0
20250905,301041,金百泽,28.03,28.82,28.83,27.8,3678700.0
20250905,301042,安联锐视,42.0,41.9,42.0,40.8,1963100.0
20250905,301043,绿岛风,34.47,35.1,35.37,34.0,1091800.0
20250905,301045,天禄科技,24.17,24.8,24.88,23.97,3033400.0
20250905,301046,能辉科技,22.95,25.81,26.15,22.93,12979800.0
20250905,301047,义翘神州,80.41,81.39,81.5,78.47,2810500.0
20250905,301048,金鹰重工,12.12,12.33,12.33,11.99,5662100.0
20250905,301049,超越科技,21.5,21.9,22.18,21.29,1580400.0
20250905,301050,雷电微力,48.95,49.17,49.38,48.61,5830600.0
20250905,301051,信濠光电,23.48,24.16,24.22,23.08,3171300.0
20250905,301052,果麦文化,80.71,84.34,84.55,79.11,5256600.0
20250905,301053,远信工业,38.66,38.44,38.96,37.78,3556300.0
20250905,301055,张小泉,23.47,23.39,23.47,22.52,2762100.0
20250905,301056,森赫股份,10.56,10.8,10.89,10.5,2818100.0
20250905,301057,汇隆新材,25.61,28.03,28.43,24.61,5088300.0
20250905,301058,中粮科工,11.45,11.52,11.6,11.36,8361700.0
20250905,301059,金三江,11.39,11.61,11.69,11.39,3148100.0
20250905,301060,兰卫医学,9.65,9.77,9.77,9.54,3906500.0
20250905,301061,匠心家居,100.0,100.59,101.98,99.35,1810700.0
20250905,301062,上海艾录,8.31,8.53,8.54,8.28,8910100.0
20250905,301063,海锅股份,26.27,26.96,26.99,26.2,3264200.0
20250905,301065,本立科技,23.74,23.89,23.89,23.23,2404500.0
20250905,301066,万事利,14.88,14.89,14.96,14.47,5344100.0
20250905,301067,显盈科技,31.67,32.05,32.14,31.36,2327500.0
20250905,301068,大地海洋,27.18,27.25,27.44,26.81,1070200.0
20250905,301069,凯盛新材,21.48,22.69,22.75,21.28,20262400.0
20250905,301070,开勒股份,47.81,49.8,49.8,47.16,3795800.0
20250905,301071,力量钻石,28.97,30.17,30.27,28.97,6732300.0
20250905,301072,中捷精工,25.59,26.61,26.94,25.58,3570400.0
20250905,301073,君亭酒店,24.92,26.05,26.06,24.16,17656400.0
20250905,301075,多瑞医药,40.3,46.56,48.0,38.48,8965400.0
20250905,301076,新瀚新材,48.37,50.61,51.5,48.23,12756300.0
20250905,301077,星华新材,22.01,22.68,22.75,21.95,3138700.0
20250905,301078,孩子王,11.99,11.9,11.99,11.6,51469200.0
20250905,301079,邵阳液压,28.1,28.45,28.45,27.61,3053700.0
20250905,301080,百普赛斯,61.28,58.64,61.43,57.18,5373000.0
20250905,301081,严牌股份,10.21,10.24,10.29,9.99,2946600.0
20250905,301082,久盛电气,17.83,18.18,18.2,17.61,5615600.0
20250905,301083,百胜智能,15.7,15.94,15.97,15.62,2674300.0
20250905,301085,亚康股份,58.11,60.17,60.29,57.99,2251100.0
20250905,301086,鸿富瀚,63.01,64.7,65.6,62.01,2242600.0
20250905,301087,可孚医疗,39.5,41.0,41.0,38.91,2577900.0
20250905,301088,戎美股份,14.28,14.42,14.44,14.13,1404100.0
20250905,301089,拓新药业,32.64,32.8,32.86,31.95,2769800.0
20250905,301090,华润材料,7.71,8.0,8.01,7.69,10314800.0
20250905,301091,深城交,32.0,32.18,32.29,31.4,7163000.0
20250905,301092,争光股份,30.39,31.03,31.09,30.37,1314100.0
20250905,301093,华兰股份,34.0,34.68,35.33,33.46,5224000.0
20250905,301095,广立微,78.82,79.21,79.71,77.24,5724400.0
20250905,301096,百诚医药,61.11,62.87,63.17,60.5,4451100.0
20250905,301097,天益医疗,44.19,44.22,44.75,43.58,427100.0
20250905,301098,金埔园林,9.05,9.0,9.05,8.82,4818300.0
20250905,301099,雅创电子,36.25,36.73,36.8,35.95,3873300.0
20250905,301100,风光股份,18.27,18.8,18.84,18.21,1203900.0
20250905,301101,明月镜片,45.73,46.3,46.45,45.15,3665500.0
20250905,301102,兆讯传媒,11.24,11.84,12.03,11.17,5566500.0
20250905,301103,何氏眼科,21.5,21.61,21.69,21.24,2068100.0
20250905,301105,鸿铭股份,38.0,38.88,39.07,37.58,1083300.0
20250905,301106,骏成科技,29.6,29.87,29.95,29.3,1640400.0
20250905,301107,瑜欣电子,28.94,29.26,29.31,28.44,2221800.0
20250905,301108,洁雅股份,32.71,33.7,33.7,31.51,5676300.0
20250905,301109,军信股份,14.82,14.96,14.96,14.75,6696600.0
20250905,301110,青木科技,61.88,62.5,63.0,60.73,3146000.0
20250905,301111,粤万年青,16.42,16.75,16.75,16.21,2284600.0
20250905,301112,信邦智能,41.91,42.45,42.58,41.41,1527200.0
20250905,301113,雅艺科技,21.7,21.79,21.97,21.13,1141200.0
20250905,301115,联检科技,15.98,16.29,16.29,15.91,2499700.0
20250905,301116,益客食品,11.27,11.31,11.33,11.06,4369700.0
20250905,301118,恒光股份,22.64,23.25,23.25,22.61,2568500.0
20250905,301119,正强股份,35.0,36.09,36.13,34.73,2008700.0
20250905,301120,新特电气,13.75,14.32,14.33,13.75,12674600.0
20250905,301121,紫建电子,47.1,49.5,49.98,47.02,5910800.0
20250905,301122,采纳股份,21.25,21.48,21.54,20.96,1750100.0
20250905,301123,奕东电子,41.59,44.66,44.73,40.58,16535400.0
20250905,301125,腾亚精工,18.16,19.2,19.36,17.95,4925100.0
20250905,301126,达嘉维康,11.74,11.87,11.91,11.6,3742000.0
20250905,301127,武汉天源,13.59,13.76,13.92,13.44,8039700.0
20250905,301128,强瑞技术,84.69,86.08,86.74,83.98,5189700.0
20250905,301129,瑞纳智能,27.51,29.48,29.48,27.51,5527900.0
20250905,301130,西点药业,31.1,31.74,31.92,30.81,1783200.0
20250905,301131,聚赛龙,48.49,49.77,49.84,48.1,1385900.0
20250905,301132,满坤科技,34.69,35.81,35.91,34.51,3784000.0
20250905,301133,金钟股份,24.19,24.57,24.58,23.95,1715200.0
20250905,301135,瑞德智能,29.18,29.28,29.66,28.67,2849300.0
20250905,301136,招标股份,11.56,11.65,11.67,11.42,2790600.0
20250905,301137,哈焊华通,30.32,31.0,31.31,29.8,4619200.0
20250905,301138,华研精机,39.31,40.06,40.1,38.13,3399500.0
20250905,301141,中科磁业,61.8,63.51,63.85,61.49,4026000.0
20250905,301148,嘉戎技术,24.5,24.98,25.15,24.13,1380100.0
20250905,301149,隆华新材,11.08,11.13,11.14,11.01,5626100.0
20250905,301150,中一科技,29.55,32.56,32.9,29.55,23368300.0
20250905,301151,冠龙节能,21.39,21.99,21.99,21.1,3542000.0
20250905,301152,天力锂能,27.6,30.08,30.1,27.6,12936800.0
20250905,301153,中科江南,23.56,23.91,24.0,23.22,4773800.0
20250905,301155,海力风电,75.16,81.39,83.5,74.77,8046200.0
20250905,301156,美农生物,18.65,18.78,18.89,18.35,2194200.0
20250905,301157,华塑科技,50.32,53.09,53.81,50.0,2401300.0
20250905,301158,德石股份,18.31,18.72,18.74,18.27,3096700.0
20250905,301159,三维天地,33.79,34.23,34.23,33.36,1689000.0
20250905,301160,翔楼新材,61.5,62.4,63.23,61.32,2304300.0
20250905,301161,唯万密封,33.98,33.79,34.4,33.35,6027400.0
20250905,301162,国能日新,53.04,59.39,59.94,52.6,5830700.0
20250905,301163,宏德股份,29.07,29.57,29.57,28.72,2213700.0
20250905,301165,锐捷网络,82.38,85.28,85.91,80.8,12575100.0
20250905,301166,优宁维,31.39,31.43,31.45,30.91,1150900.0
20250905,301167,建研设计,15.93,15.98,16.07,15.66,2574600.0
20250905,301168,通灵股份,39.38,41.6,42.88,39.38,4108200.0
20250905,301169,零点有数,44.11,45.25,45.45,43.11,1598400.0
20250905,301170,锡南科技,26.94,27.39,27.46,26.9,1449400.0
20250905,301171,易点天下,30.0,30.83,30.83,29.52,19212600.0
20250905,301172,君逸数码,22.99,23.42,23.52,22.75,5227300.0
20250905,301173,毓恬冠佳,49.1,50.77,50.95,49.07,1562400.0
20250905,301175,中科环保,5.43,5.46,5.46,5.39,19595700.0
20250905,301176,逸豪新材,28.31,29.34,29.35,28.1,4775700.0
20250905,301177,迪阿股份,35.99,36.62,36.73,34.62,5549400.0
20250905,301178,天亿马,52.0,54.8,54.9,51.5,2560900.0
20250905,301179,泽宇智能,16.09,16.5,16.5,16.05,4910900.0
20250905,301180,万祥科技,14.36,14.7,14.7,14.19,5874000.0
20250905,301181,标榜股份,29.54,30.5,30.5,29.4,1885700.0
20250905,301182,凯旺科技,41.99,41.07,43.48,40.73,11966000.0
20250905,301183,东田微,93.0,95.45,96.41,91.62,7890200.0
20250905,301185,鸥玛软件,19.08,19.27,19.28,18.83,2698900.0
20250905,301186,超达装备,43.18,43.96,44.0,43.0,716300.0
20250905,301187,欧圣电气,29.68,30.36,30.37,29.44,2562000.0
20250905,301188,力诺药包,18.25,18.34,18.35,18.09,4975000.0
20250905,301189,奥尼电子,32.35,33.01,33.11,31.88,1806900.0
20250905,301190,善水科技,26.0,26.25,26.55,25.43,2917400.0
20250905,301191,菲菱科思,94.8,97.81,98.2,93.0,3007800.0
20250905,301192,泰祥股份,29.18,29.44,29.62,28.52,1546700.0
20250905,301193,家联科技,22.2,22.74,23.08,21.69,8586300.0
20250905,301195,北路智控,34.0,34.73,34.93,33.75,1962600.0
20250905,301196,唯科科技,99.17,104.12,106.2,97.84,4402700.0
20250905,301197,工大科雅,18.78,18.96,19.03,18.63,2257200.0
20250905,301198,喜悦智行,11.41,11.68,11.68,11.27,5106800.0
20250905,301199,迈赫股份,26.5,27.2,27.2,26.39,3161400.0
20250905,301200,大族数控,80.52,85.55,86.33,80.52,5563500.0
20250905,301201,诚达药业,28.56,28.74,28.8,27.92,3130300.0
20250905,301202,朗威股份,43.23,44.72,44.8,42.82,3109700.0
20250905,301203,国泰环保,31.46,32.54,32.76,31.35,1511800.0
20250905,301205,联特科技,97.0,104.31,105.79,94.22,10958600.0
20250905,301206,三元生物,29.83,30.12,30.19,29.38,2766400.0
20250905,301207,华兰疫苗,18.23,18.63,18.67,18.02,4474400.0
20250905,301208,中亦科技,44.79,44.96,44.97,43.84,2823300.0
20250905,301209,联合化学,82.56,87.17,87.63,82.56,1658800.0
20250905,301210,金杨精密,43.25,45.66,46.0,43.23,4610300.0
20250905,301211,亨迪药业,12.52,12.77,12.78,12.31,4798600.0
20250905,301212,联盛化学,25.85,25.96,25.96,25.43,1275400.0
20250905,301213,观想科技,56.0,56.12,56.74,55.33,1624700.0
20250905,301215,中汽股份,6.17,6.29,6.3,6.15,9461200.0
20250905,301216,万凯新材,17.6,18.91,19.19,17.6,34743400.0
20250905,301217,铜冠铜箔,29.1,30.83,31.2,28.55,37363300.0
20250905,301218,华是科技,21.02,21.34,21.4,20.9,2975000.0
20250905,301219,腾远钴业,67.18,71.33,71.5,67.01,10781600.0
20250905,301220,亚香股份,44.07,44.33,44.79,43.6,2031400.0
20250905,301221,光庭信息,52.18,53.86,53.87,52.18,3118000.0
20250905,301222,浙江恒威,28.8,30.01,30.11,28.8,2191700.0
20250905,301223,中荣股份,17.51,17.81,17.9,17.34,1543500.0
20250905,301225,恒勃股份,70.97,85.44,85.44,70.2,7594300.0
20250905,301226,祥明智能,33.48,34.47,34.5,33.22,3340400.0
20250905,301227,森鹰窗业,33.29,35.17,35.3,33.29,3036900.0
20250905,301228,实朴检测,27.6,29.33,29.73,27.01,6323300.0
20250905,301229,纽泰格,21.08,21.98,21.99,21.0,3423500.0
20250905,301230,泓博医药,36.6,37.89,38.19,36.48,5895900.0
20250905,301231,荣信文化,24.78,25.0,25.04,24.26,2721600.0
20250905,301232,飞沃科技,38.34,39.12,39.33,37.8,3212100.0
20250905,301233,盛帮股份,55.1,55.92,55.92,54.48,908800.0
20250905,301234,五洲医疗,41.87,43.8,44.16,41.56,2085200.0
20250905,301235,华康洁净,32.25,32.56,32.77,32.08,4747800.0
20250905,301236,软通动力,54.04,54.72,54.99,53.25,24444600.0
20250905,301237,和顺科技,38.0,39.6,39.65,37.35,1745400.0
20250905,301238,瑞泰新材,20.05,21.43,21.6,20.05,48928800.0
20250905,301239,普瑞眼科,38.19,38.6,38.6,37.8,2307700.0
20250905,301246,宏源药业,14.42,14.96,15.12,14.37,7461800.0
20250905,301248,杰创智能,24.68,25.0,25.0,24.38,4309100.0
20250905,301251,威尔高,49.32,51.88,52.16,48.71,5856000.0
20250905,301252,同星科技,26.96,27.78,27.81,26.9,2892400.0
20250905,301255,通力科技,31.26,31.93,31.99,31.06,2298800.0
20250905,301256,华融化学,10.24,10.42,10.44,10.24,4108500.0
20250905,301257,普蕊斯,45.95,49.2,51.14,45.61,8473800.0
20250905,301258,富士莱,34.28,35.07,35.07,33.9,1568100.0
20250905,301259,艾布鲁,44.38,45.05,45.97,43.03,14269900.0
20250905,301260,格力博,20.98,21.66,21.78,20.78,7203800.0
20250905,301261,恒工精密,84.99,88.4,89.5,84.36,4437300.0
20250905,301262,海看股份,24.66,25.0,25.0,24.5,1752800.0
20250905,301263,泰恩康,35.3,36.49,36.65,34.56,8089800.0
20250905,301265,华新科技,11.11,11.18,11.2,10.95,3991400.0
20250905,301267,华厦眼科,19.93,20.36,20.38,19.73,5479300.0
20250905,301268,铭利达,22.74,23.42,23.58,22.56,7102400.0
20250905,301269,华大九天,113.53,114.62,115.0,111.8,6819900.0
20250905,301270,汉仪股份,38.29,39.24,39.7,37.6,5204500.0
20250905,301272,英华特,40.84,41.61,41.68,40.66,1592600.0
20250905,301273,瑞晨环保,26.57,27.88,27.98,26.31,1578700.0
20250905,301275,汉朔科技,54.03,54.92,54.94,53.8,1429500.0
20250905,301276,嘉曼服饰,22.12,22.56,22.97,21.67,6368000.0
20250905,301277,新天地,13.72,13.86,13.87,13.49,4386400.0
20250905,301278,快可电子,33.85,35.45,35.55,33.6,2729200.0
20250905,301279,金道科技,22.87,23.37,23.4,22.83,1943300.0
20250905,301280,珠城科技,51.31,52.19,52.75,51.03,3253600.0
20250905,301281,科源制药,34.21,34.97,34.97,34.03,1361900.0
20250905,301282,金禄电子,26.14,27.16,27.18,25.86,4978000.0
20250905,301283,聚胶股份,42.96,45.68,45.77,42.26,2257000.0
20250905,301285,鸿日达,45.64,46.35,46.87,45.51,4361700.0
20250905,301286,侨源股份,25.67,26.23,26.28,25.57,1539800.0
20250905,301287,康力源,42.84,41.71,44.05,41.37,4109700.0
20250905,301288,清研环境,14.14,15.0,15.05,14.04,2475400.0
20250905,301289,国缆检测,50.15,50.98,51.5,49.74,1143000.0
20250905,301290,东星医疗,27.5,27.73,27.74,27.01,1318400.0
20250905,301291,明阳电气,41.81,44.56,45.25,41.81,11473700.0
20250905,301292,海科新源,19.8,21.53,21.6,19.61,24177200.0
20250905,301293,三博脑科,58.88,60.08,60.48,55.61,10800800.0
20250905,301295,美硕科技,30.76,31.89,32.23,30.72,4466000.0
20250905,301296,新巨丰,9.55,9.71,9.72,9.48,5342700.0
20250905,301297,富乐德,40.0,41.01,41.1,39.66,6114400.0
20250905,301298,东利机械,16.62,16.86,16.91,16.34,2425800.0
20250905,301299,卓创资讯,60.24,61.21,61.29,59.7,926000.0
20250905,301300,远翔新材,39.3,40.4,40.63,38.88,1395300.0
20250905,301301,川宁生物,11.52,11.65,11.65,11.43,15273600.0
20250905,301302,华如科技,23.39,23.6,23.6,23.11,2786700.0
20250905,301303,真兰仪表,16.18,16.64,16.74,16.15,3122500.0
20250905,301305,朗坤科技,20.49,20.73,20.81,20.03,6620400.0
20250905,301306,西测测试,52.74,53.95,54.26,52.53,2420200.0
20250905,301307,美利信,25.8,28.31,28.98,25.58,20868200.0
20250905,301308,江波龙,87.0,93.59,94.96,86.31,10479100.0
20250905,301309,万得凯,29.57,30.06,30.2,29.57,864500.0
20250905,301310,鑫宏业,39.91,39.88,40.19,39.51,2258400.0
20250905,301311,昆船智能,19.66,19.8,19.81,19.37,4266200.0
20250905,301312,智立方,58.88,63.42,63.79,54.01,12749700.0
20250905,301313,凡拓数创,25.45,25.86,25.87,25.01,2214100.0
20250905,301314,科瑞思,41.25,42.25,42.5,41.12,698600.0
20250905,301315,威士顿,51.0,51.81,52.01,50.32,1444500.0
20250905,301316,慧博云通,58.3,62.05,62.5,57.68,19575700.0
20250905,301317,鑫磊股份,34.24,34.52,34.62,33.58,2648200.0
20250905,301318,维海德,30.48,31.05,31.19,30.2,2091300.0
20250905,301319,唯特偶,27.83,28.07,28.18,27.62,2772500.0
20250905,301320,豪江智能,18.68,18.96,18.98,18.52,3470700.0
20250905,301321,翰博高新,16.98,17.38,17.4,16.83,4471800.0
20250905,301322,绿通科技,30.58,31.49,31.49,30.56,1971300.0
20250905,301323,新莱福,48.53,49.68,49.97,48.53,1729400.0
20250905,301325,曼恩斯特,62.92,68.83,68.94,62.92,13888100.0
20250905,301326,捷邦科技,103.86,108.5,108.65,101.8,2345700.0
20250905,301327,华宝新能,66.95,72.31,72.67,66.43,8172000.0
20250905,301328,维峰电子,44.71,46.19,46.19,44.39,2097200.0
20250905,301329,信音电子,20.21,20.59,20.69,20.02,2381000.0
20250905,301330,熵基科技,30.7,33.15,33.6,30.31,14305600.0
20250905,301331,恩威医药,33.7,34.1,34.17,33.19,915700.0
20250905,301332,德尔玛,10.44,10.49,10.51,10.32,4644600.0
20250905,301333,诺思格,55.8,58.02,59.6,55.8,5612800.0
20250905,301335,天元宠物,35.97,36.41,36.47,34.6,9395900.0
20250905,301336,趣睡科技,56.02,55.89,56.21,54.6,1030700.0
20250905,301337,亚华电子,28.37,28.58,28.65,28.07,1924100.0
20250905,301338,凯格精机,59.58,62.24,62.28,59.58,3758900.0
20250905,301339,通行宝,16.11,16.17,16.21,15.94,8269600.0
20250905,301345,涛涛车业,186.59,199.5,202.6,185.57,2617600.0
20250905,301348,蓝箭电子,20.3,20.72,20.74,20.18,6571700.0
20250905,301349,信德新材,38.71,43.45,44.75,38.4,11732100.0
20250905,301353,普莱得,24.99,25.28,25.6,24.94,1414900.0
20250905,301355,南王科技,12.06,12.19,12.23,11.88,4149700.0
20250905,301356,天振股份,20.53,21.65,21.88,20.41,5062800.0
20250905,301357,北方长龙,117.37,119.93,125.79,111.33,8908900.0
20250905,301358,湖南裕能,37.02,40.47,40.68,36.66,39837500.0
20250905,301359,东南电子,20.48,20.8,20.92,20.42,2141300.0
20250905,301360,荣旗科技,50.6,54.3,54.49,50.3,3287500.0
20250905,301361,众智科技,32.18,32.75,32.88,32.18,1535400.0
20250905,301362,民爆光电,45.3,45.39,46.09,44.77,2091500.0
20250905,301363,美好医疗,24.87,25.45,25.54,24.56,18661200.0
20250905,301365,矩阵股份,19.3,19.92,20.02,19.06,4310700.0
20250905,301366,一博科技,39.0,39.05,39.65,37.64,6647800.0
20250905,301367,瑞迈特,86.73,89.35,89.54,85.52,1392300.0
20250905,301368,丰立智能,66.77,68.02,68.11,66.09,3976400.0
20250905,301369,联动科技,76.0,78.33,79.87,73.05,2747000.0
20250905,301370,国科恒泰,11.04,11.13,11.13,10.91,5202300.0
20250905,301371,敷尔佳,25.64,26.01,26.05,25.3,2124500.0
20250905,301372,科净源,26.1,26.5,26.5,25.6,1328100.0
20250905,301373,凌玮科技,33.67,34.79,35.04,33.34,1835500.0
20250905,301376,致欧科技,19.64,19.98,20.14,19.19,7479300.0
20250905,301377,鼎泰高科,64.8,70.55,72.65,64.44,9777400.0
20250905,301378,通达海,30.89,31.31,31.35,30.47,4354200.0
20250905,301379,天山电子,23.03,23.58,23.6,22.96,5419400.0
20250905,301380,挖金客,37.26,37.93,38.05,36.7,3527900.0
20250905,301381,赛维时代,21.99,22.26,22.28,21.65,5874200.0
20250905,301382,蜂助手,33.65,34.13,34.25,33.3,7285300.0
20250905,301383,天键股份,36.57,37.02,37.19,36.15,1991100.0
20250905,301386,未来电器,22.83,23.21,23.32,22.83,1872200.0
20250905,301387,光大同创,40.47,41.71,41.96,40.2,2490200.0
20250905,301388,欣灵电气,30.79,31.59,31.6,30.66,2560800.0
20250905,301389,隆扬电子,61.0,66.4,68.5,59.5,21707000.0
20250905,301390,经纬股份,35.35,36.05,36.16,35.27,849600.0
20250905,301391,卡莱特,50.5,55.25,55.9,50.06,3479500.0
20250905,301392,汇成真空,143.35,148.3,149.49,140.12,3089500.0
20250905,301393,昊帆生物,53.5,54.11,54.5,52.93,1605200.0
20250905,301395,仁信新材,11.09,11.21,11.3,11.07,3237100.0
20250905,301396,宏景科技,67.92,70.8,71.33,66.76,11039100.0
20250905,301397,溯联股份,39.97,40.08,40.99,39.5,5499600.0
20250905,301398,星源卓镁,45.08,46.45,46.77,44.7,3545800.0
20250905,301399,英特科技,19.77,20.09,20.09,19.51,2336100.0
20250905,301408,华人健康,13.71,13.77,13.77,13.46,5837700.0
20250905,301413,安培龙,121.03,133.0,134.0,121.03,6250900.0
20250905,301418,协昌科技,38.18,38.82,39.03,38.02,1639200.0
20250905,301419,阿莱德,31.71,33.8,34.0,31.56,5331200.0
20250905,301421,波长光电,69.88,71.5,72.2,69.2,3439000.0
20250905,301428,世纪恒通,36.86,37.6,37.62,36.44,2226000.0
20250905,301429,森泰股份,18.9,19.08,19.18,18.61,1795200.0
20250905,301439,泓淋电力,15.16,15.39,15.44,15.09,3734900.0
20250905,301446,福事特,29.78,30.33,30.37,29.3,2799200.0
20250905,301448,开创电气,44.2,47.42,47.49,43.6,2880300.0
20250905,301456,盘古智能,28.17,29.52,29.6,27.71,9505400.0
20250905,301458,钧崴电子,35.8,37.55,37.6,35.76,5455700.0
20250905,301459,丰茂股份,43.54,44.36,44.66,43.2,1212300.0
20250905,301468,博盈特焊,24.7,25.2,25.26,24.7,1083400.0
20250905,301469,恒达新材,27.91,28.47,28.5,27.61,1110700.0
20250905,301479,弘景光电,92.86,95.59,95.59,92.5,1244700.0
20250905,301486,致尚科技,86.38,90.8,91.13,85.8,7539800.0
20250905,301487,盟固利,23.39,25.46,25.8,23.13,56119600.0
20250905,301488,豪恩汽电,129.0,147.95,151.0,128.0,10378400.0
20250905,301489,思泉新材,187.0,194.0,199.99,173.0,4695300.0
20250905,301491,汉桑科技,68.7,70.17,70.5,67.12,6464600.0
20250905,301498,乖宝宠物,98.67,100.3,100.75,94.59,4596700.0
20250905,301499,维科精密,26.85,27.45,27.48,26.75,2176800.0
20250905,301500,飞南资源,15.73,16.25,16.27,15.52,7618300.0
20250905,301501,恒鑫生活,51.69,53.0,53.2,51.38,3023700.0
20250905,301502,华阳智能,50.99,52.02,52.79,50.91,1546300.0
20250905,301503,智迪科技,39.85,40.75,40.75,39.6,1327600.0
20250905,301505,苏州规划,22.01,22.06,22.2,21.79,2201600.0
20250905,301507,民生健康,14.3,14.36,14.37,14.13,3973000.0
20250905,301508,中机认检,32.85,33.18,33.23,32.68,2065200.0
20250905,301509,金凯生科,38.73,39.39,39.39,38.03,3591300.0
20250905,301510,固高科技,32.53,33.68,33.72,32.4,7015900.0
20250905,301511,德福科技,31.02,33.29,33.34,30.99,32620400.0
20250905,301512,智信精密,44.5,45.12,45.47,43.69,976400.0
20250905,301515,港通医疗,21.5,21.56,21.6,20.96,1059100.0
20250905,301516,中远通,17.25,17.89,17.89,17.18,4990800.0
20250905,301517,陕西华达,43.74,45.26,45.72,43.52,4240700.0
20250905,301518,长华化学,26.78,26.68,27.8,26.27,9143300.0
20250905,301519,舜禹股份,13.9,14.16,14.25,13.78,2544200.0
20250905,301520,万邦医药,43.15,43.75,43.86,42.77,950600.0
20250905,301522,上大股份,34.28,35.1,35.1,34.2,2804200.0
20250905,301525,儒竞科技,85.78,86.92,87.47,84.31,1940700.0
20250905,301526,国际复材,6.93,7.07,7.1,6.86,123807900.0
20250905,301528,多浦乐,58.99,59.35,59.84,58.18,1181600.0
20250905,301529,福赛科技,80.95,91.5,93.8,80.95,3798500.0
20250905,301533,威马农机,38.92,39.23,39.39,38.38,2418400.0
20250905,301535,浙江华远,21.0,21.65,21.69,20.9,9445300.0
20250905,301536,星宸科技,60.33,63.6,64.9,59.44,9302000.0
20250905,301538,骏鼎达,74.04,75.9,77.7,73.07,3775800.0
20250905,301539,宏鑫科技,19.15,19.68,19.7,19.08,2181200.0
20250905,301548,崇德科技,49.1,50.58,50.61,49.1,1551000.0
20250905,301550,斯菱智驱,99.81,103.79,107.77,98.81,6234000.0
20250905,301551,无线传媒,48.3,48.68,49.2,47.62,1857100.0
20250905,301552,科力装备,40.97,42.2,42.26,40.95,1664300.0
20250905,301555,惠柏新材,29.57,30.19,30.44,29.56,2376300.0
20250905,301556,托普云农,99.29,100.32,101.18,97.5,1077000.0
20250905,301557,常友科技,71.57,73.75,75.75,71.12,1449500.0
20250905,301558,三态股份,8.92,9.09,9.1,8.81,11278100.0
20250905,301559,中集环科,17.2,17.56,17.56,17.18,2965400.0
20250905,301560,众捷汽车,36.37,37.07,37.14,36.37,1587300.0
20250905,301565,中仑新材,24.39,25.82,25.89,24.39,23731700.0
20250905,301566,达利凯普,16.99,17.32,17.34,16.9,7573000.0
20250905,301567,贝隆精密,40.53,41.12,41.2,40.28,921400.0
20250905,301568,思泰克,46.13,47.61,47.9,46.13,3835400.0
20250905,301571,国科天成,44.49,45.18,45.26,44.22,2318900.0
20250905,301577,美信科技,58.01,58.83,58.99,57.6,924400.0
20250905,301578,辰奕智能,36.48,37.55,37.68,36.48,1580500.0
20250905,301580,爱迪特,45.09,45.5,45.5,44.61,1286800.0
20250905,301581,黄山谷捷,54.47,57.0,57.52,54.2,1869900.0
20250905,301585,蓝宇股份,34.8,34.74,35.14,34.4,2727400.0
20250905,301586,佳力奇,50.4,50.7,50.7,49.6,1081700.0
20250905,301587,中瑞股份,23.59,24.89,24.9,23.47,9588200.0
20250905,301588,美新科技,21.3,21.64,22.0,21.0,4310500.0
20250905,301589,诺瓦星云,167.58,175.21,175.97,167.58,1243200.0
20250905,301590,优优绿能,169.0,185.5,187.44,168.0,2492300.0
20250905,301591,肯特股份,42.91,43.64,43.79,42.6,1611500.0
20250905,301592,六九一二,136.01,137.23,137.69,133.33,898100.0
20250905,301595,太力科技,40.94,41.4,41.52,40.86,1667700.0
20250905,301596,瑞迪智驱,84.6,86.96,87.0,84.01,1121300.0
20250905,301598,博科测试,60.87,62.2,62.29,60.57,744700.0
20250905,301600,慧翰股份,114.15,120.95,121.2,113.48,1899800.0
20250905,301601,惠通科技,32.84,33.4,33.73,32.84,2512800.0
20250905,301602,超研股份,25.09,25.48,25.49,24.9,2530600.0
20250905,301603,乔锋智能,73.62,79.1,79.66,73.02,5814600.0
20250905,301606,绿联科技,63.01,63.66,64.6,62.02,2994100.0
20250905,301607,富特科技,33.91,34.21,34.65,33.41,4520000.0
20250905,301608,博实结,85.11,102.05,102.05,85.11,4016600.0
20250905,301609,山大电力,48.91,49.15,49.2,48.3,2242600.0
20250905,301611,珂玛科技,53.0,53.86,53.96,52.53,4378400.0
20250905,301613,新铝时代,54.15,55.26,55.79,54.15,2611100.0
20250905,301616,浙江华业,52.5,53.9,54.3,52.05,1968700.0
20250905,301617,博苑新材,60.6,68.71,69.28,59.01,7879100.0
20250905,301618,长联科技,59.31,61.36,61.99,59.28,1489900.0
20250905,301622,英思特,81.73,84.52,84.52,81.73,2147200.0
20250905,301626,苏州天脉,131.21,134.68,138.57,129.02,2653400.0
20250905,301628,强达电路,88.4,90.33,90.45,88.0,1335500.0
20250905,301629,矽电股份,152.0,152.53,153.34,150.08,891100.0
20250905,301630,同宇新材,179.0,181.63,182.53,177.32,879400.0
20250905,301631,壹连科技,89.55,94.39,94.94,89.2,3019800.0
20250905,301632,广东建科,31.58,31.74,31.79,30.95,7335800.0
20250905,301633,港迪技术,74.65,76.07,76.19,74.4,496700.0
20250905,301636,泽润新能,55.56,58.1,58.15,55.2,3726800.0
20250905,301658,首航新能,35.55,39.18,41.95,35.25,17797000.0
20250905,301662,宏工科技,121.91,141.85,145.47,121.72,5071900.0
20250905,301665,泰禾股份,30.88,31.58,31.91,30.74,5591000.0
20250905,301678,新恒汇,77.8,80.02,80.47,76.1,5810000.0
20250905,302132,中航成飞,82.29,82.73,84.28,81.55,23481700.0
20250905,600000,浦发银行,13.74,13.69,13.78,13.47,79038600.0
20250905,600004,白云机场,9.69,9.68,9.69,9.59,16109600.0
20250905,600006,东风股份,7.41,7.48,7.5,7.35,34965400.0
20250905,600007,中国国贸,20.69,20.97,21.01,20.61,5201000.0
20250905,600008,首创环保,3.16,3.13,3.17,3.11,117436200.0
20250905,600009,上海机场,31.8,31.92,31.94,31.68,11435500.0
20250905,600010,包钢股份,2.43,2.48,2.49,2.39,1005364000.0
20250905,600011,华能国际,7.43,7.55,7.57,7.36,76172000.0
20250905,600012,皖通高速,14.24,14.04,14.25,13.97,6896900.0
20250905,600015,华夏银行,7.43,7.34,7.44,7.3,68619200.0
20250905,600016,民生银行,4.48,4.47,4.5,4.41,233739900.0
20250905,600017,日照港,3.17,3.16,3.17,3.13,28956200.0
20250905,600018,上港集团,5.55,5.53,5.56,5.5,45655600.0
20250905,600019,宝钢股份,7.0,6.97,7.03,6.9,111276600.0
20250905,600020,中原高速,4.4,4.39,4.41,4.35,13694400.0
20250905,600021,上海电力,18.98,20.77,20.77,18.46,157134800.0
20250905,600022,山东钢铁,1.48,1.48,1.5,1.47,57056300.0
20250905,600023,浙能电力,5.1,5.1,5.11,5.07,43028900.0
20250905,600025,华能水电,9.26,9.32,9.33,9.23,33004800.0
20250905,600026,中远海能,10.78,11.08,11.09,10.78,110216200.0
20250905,600027,华电国际,5.36,5.38,5.4,5.29,86434100.0
20250905,600028,中国石化,5.74,5.69,5.77,5.66,182491100.0
20250905,600029,南方航空,5.84,5.88,5.89,5.81,45843800.0
20250905,600030,中信证券,29.57,29.83,29.85,29.33,133373100.0
20250905,600031,三一重工,20.31,20.67,20.85,20.21,64412500.0
20250905,600032,浙江新能,7.52,7.67,7.67,7.48,11905300.0
20250905,600033,福建高速,3.54,3.5,3.54,3.48,28366500.0
20250905,600035,楚天高速,4.09,4.1,4.1,4.07,8694600.0
20250905,600036,招商银行,43.0,42.76,43.02,42.53,57232800.0
20250905,600037,歌华有线,8.65,8.76,8.79,8.58,18351800.0
20250905,600038,中直股份,36.52,36.54,36.66,36.13,9596700.0
20250905,600039,四川路桥,8.76,8.79,8.84,8.71,20317800.0
20250905,600048,保利发展,7.72,7.74,7.75,7.69,136911300.0
20250905,600050,中国联通,5.4,5.39,5.4,5.34,409064400.0
20250905,600051,宁波联合,7.22,7.25,7.25,7.1,6025600.0
20250905,600052,东望时代,4.85,4.93,4.96,4.76,37371100.0
20250905,600054,黄山旅游,12.35,12.43,12.43,12.08,20151400.0
20250905,600055,万东医疗,17.01,17.11,17.15,16.83,4786100.0
20250905,600056,中国医药,10.69,10.77,10.77,10.62,12231100.0
20250905,600057,厦门象屿,7.37,7.44,7.44,7.31,14271700.0
20250905,600058,五矿发展,9.44,9.48,9.52,9.34,18500400.0
20250905,600059,古越龙山,10.37,10.21,10.37,10.01,17162000.0
20250905,600060,海信视像,21.7,21.8,21.95,21.42,8612800.0
20250905,600061,国投资本,7.84,7.8,7.89,7.78,55693900.0
20250905,600062,华润双鹤,19.15,19.38,19.4,19.07,11682900.0
20250905,600063,皖维高新,4.99,5.12,5.12,4.97,30959200.0
20250905,600064,南京高科,7.92,7.9,7.92,7.83,20006800.0
20250905,600066,宇通客车,29.18,29.77,30.79,29.14,26347900.0
20250905,600067,冠城新材,2.88,2.89,2.9,2.82,20925700.0
20250905,600071,凤凰光学,21.2,21.71,21.75,21.01,5613500.0
20250905,600072,中船科技,12.35,12.57,12.63,12.28,15499000.0
20250905,600073,光明肉业,7.11,7.17,7.19,7.01,20430700.0
20250905,600075,新疆天业,4.41,4.47,4.48,4.4,10595900.0
20250905,600076,康欣新材,2.85,2.87,2.87,2.79,32183700.0
20250905,600078,澄星股份,6.38,6.54,6.57,6.38,9917700.0
20250905,600081,东风科技,13.09,13.53,13.65,13.03,7613400.0
20250905,600085,同仁堂,35.18,35.09,35.2,34.82,16871600.0
20250905,600088,中视传媒,17.3,17.38,17.4,16.95,5425300.0
20250905,600089,特变电工,14.14,15.07,15.09,14.13,265265000.0
20250905,600094,大名城,3.25,3.27,3.28,3.2,22109600.0
20250905,600095,湘财股份,11.38,11.4,11.44,11.1,54058400.0
20250905,600096,云天化,26.17,26.28,26.43,26.12,24952500.0
20250905,600097,开创国际,11.32,11.28,11.32,11.03,4723500.0
20250905,600098,广州发展,6.93,6.93,6.94,6.82,28996700.0
20250905,600099,林海股份,10.67,10.75,10.83,10.51,2767600.0
20250905,600100,同方股份,7.63,7.78,7.78,7.56,45566500.0
20250905,600101,明星电力,9.83,9.9,9.91,9.74,10102500.0
20250905,600103,青山纸业,2.59,2.74,2.74,2.59,112751700.0
20250905,600104,上汽集团,18.72,19.02,19.05,18.51,59374300.0
20250905,600105,永鼎股份,9.78,10.19,10.2,9.71,102100800.0
20250905,600106,重庆路桥,6.81,6.96,7.02,6.73,32626800.0
20250905,600108,亚盛集团,2.97,2.96,2.97,2.93,34332100.0
20250905,600109,国金证券,9.89,9.95,9.97,9.81,53992400.0
20250905,600110,诺德股份,7.21,7.73,7.75,7.21,278070200.0
20250905,600111,北方稀土,49.4,50.61,51.2,48.47,228045100.0
20250905,600113,浙江东日,57.0,60.29,60.69,55.52,10967400.0
20250905,600114,东睦股份,27.78,29.05,29.1,27.78,27486600.0
20250905,600115,中国东航,3.97,4.05,4.07,3.96,92942900.0
20250905,600116,三峡水利,6.7,6.72,6.72,6.67,6391300.0
20250905,600117,西宁特钢,3.33,3.35,3.35,3.24,50784700.0
20250905,600118,中国卫星,32.92,32.92,33.29,32.0,42424700.0
20250905,600120,浙江东方,6.1,6.2,6.2,6.06,57428800.0
20250905,600121,郑州煤电,3.99,4.04,4.05,3.96,15027100.0
20250905,600123,兰花科创,6.5,6.59,6.6,6.48,12200800.0
20250905,600125,铁龙物流,5.96,5.99,6.03,5.93,22360600.0
20250905,600126,杭钢股份,9.25,9.39,9.44,9.02,91695600.0
20250905,600127,金健米业,6.84,6.9,6.9,6.82,10885000.0
20250905,600128,苏豪弘业,10.93,10.93,10.94,10.61,9125900.0
20250905,600129,太极集团,22.26,22.39,22.39,21.98,9211800.0
20250905,600130,波导股份,3.96,4.03,4.08,3.84,27010400.0
20250905,600131,国网信通,17.16,17.32,17.38,17.01,10291600.0
20250905,600132,重庆啤酒,54.96,55.0,55.08,54.68,3419700.0
20250905,600133,东湖高新,8.92,9.11,9.11,8.86,19666000.0
20250905,600135,乐凯胶片,7.44,7.57,7.62,7.42,8999700.0
20250905,600137,浪莎股份,19.21,19.18,19.28,18.75,2221000.0
20250905,600138,中青旅,10.3,10.41,10.41,10.09,39090400.0
20250905,600141,兴发集团,26.4,26.96,27.08,26.4,12953600.0
20250905,600143,金发科技,16.56,17.7,18.15,15.7,371211800.0
20250905,600148,长春一东,20.14,20.46,20.48,19.9,2296400.0
20250905,600149,廊坊发展,5.42,5.45,5.45,5.3,7983600.0
20250905,600150,中国船舶,38.56,39.46,39.56,38.2,155113100.0
20250905,600151,航天机电,7.94,8.14,8.18,7.94,20007300.0
20250905,600152,维科技术,7.08,7.45,7.47,6.96,79930100.0
20250905,600153,建发股份,10.54,10.4,10.58,10.36,23376400.0
20250905,600155,华创云信,7.42,7.48,7.49,7.37,33306100.0
20250905,600156,华升股份,8.61,8.43,8.65,8.26,33154500.0
20250905,600157,永泰能源,1.42,1.44,1.44,1.41,407452800.0
20250905,600158,中体产业,9.63,9.18,9.63,9.04,107455300.0
20250905,600159,大龙地产,2.74,2.74,2.75,2.67,17718100.0
20250905,600160,巨化股份,35.0,35.9,36.28,34.76,52072200.0
20250905,600161,天坛生物,19.72,19.81,19.85,19.68,12212100.0
20250905,600162,香江控股,1.69,1.71,1.71,1.65,36240100.0
20250905,600163,中闽能源,5.25,5.26,5.27,5.19,11271900.0
20250905,600165,宁科生物,3.79,3.81,3.84,3.73,9254800.0
20250905,600166,福田汽车,2.69,2.74,2.75,2.69,112192100.0
20250905,600167,联美控股,6.55,6.7,6.71,6.5,10269600.0
20250905,600168,武汉控股,5.09,5.05,5.1,4.96,21368300.0
20250905,600170,上海建工,2.39,2.39,2.4,2.37,184206100.0
20250905,600171,上海贝岭,34.25,34.78,34.93,33.86,20722700.0
20250905,600172,黄河旋风,4.46,4.64,4.64,4.46,47257000.0
20250905,600173,卧龙新能,6.42,6.31,6.45,6.07,47736700.0
20250905,600176,中国巨石,14.48,14.77,14.85,14.45,94630900.0
20250905,600177,雅戈尔,7.36,7.36,7.37,7.3,15402600.0
20250905,600178,东安动力,13.25,13.35,13.35,13.11,7570900.0
20250905,600179,安通控股,3.39,3.41,3.41,3.35,45083500.0
20250905,600182,S佳通,15.34,15.41,15.43,15.22,1606900.0
20250905,600183,生益科技,46.37,48.53,49.01,45.55,56982200.0
20250905,600184,光电股份,17.61,17.76,17.85,17.28,13555400.0
20250905,600185,珠免集团,5.71,5.81,5.83,5.67,31526400.0
20250905,600186,莲花控股,6.08,6.14,6.15,5.98,55657500.0
20250905,600188,兖矿能源,12.81,12.99,13.03,12.76,26941400.0
20250905,600189,泉阳泉,7.36,7.36,7.4,7.22,11718000.0
20250905,600191,华资实业,7.74,7.71,7.75,7.58,6468300.0
20250905,600192,长城电工,9.83,9.95,9.97,9.56,10763900.0
20250905,600195,中牧股份,7.44,7.44,7.45,7.35,9555400.0
20250905,600196,复星医药,29.32,30.19,30.35,29.07,53044000.0
20250905,600197,伊力特,15.75,15.88,15.9,15.6,5787100.0
20250905,600198,大唐电信,8.32,8.45,8.45,8.26,21271900.0
20250905,600199,金种子酒,11.06,11.1,11.1,10.82,14486500.0
20250905,600201,生物股份,8.18,8.17,8.19,7.99,18342400.0
20250905,600202,哈空调,5.94,5.99,6.05,5.85,8983200.0
20250905,600203,福日电子,13.89,14.22,14.28,13.64,41027900.0
20250905,600206,有研新材,20.58,21.66,21.7,20.51,72652800.0
20250905,600207,安彩高科,5.7,5.62,5.82,5.43,134462900.0
20250905,600208,衢州发展,4.65,4.67,4.69,4.54,126212700.0
20250905,600210,紫江企业,7.24,7.48,7.49,7.24,104242100.0
20250905,600211,西藏药业,47.1,50.48,51.5,46.68,22024800.0
20250905,600212,绿能慧充,8.35,8.39,8.41,8.27,21237900.0
20250905,600215,派斯林,7.27,7.37,7.37,7.2,8147400.0
20250905,600216,浙江医药,15.03,15.26,15.27,14.98,11896600.0
20250905,600217,中再资环,4.36,4.38,4.39,4.35,11210300.0
20250905,600218,全柴动力,9.4,9.63,9.63,9.38,8743800.0
20250905,600219,南山铝业,3.86,3.94,3.94,3.85,187688700.0
20250905,600221,海航控股,1.52,1.55,1.56,1.5,424277200.0
20250905,600222,太龙药业,6.72,6.81,6.86,6.53,22717800.0
20250905,600223,福瑞达,7.97,7.98,7.99,7.85,12836500.0
20250905,600226,亨通股份,3.49,3.54,3.55,3.48,99642100.0
20250905,600227,赤天化,2.46,2.49,2.49,2.43,20007300.0
20250905,600228,返利科技,4.65,4.71,4.75,4.55,8868500.0
20250905,600229,城市传媒,6.67,6.7,6.7,6.58,5338900.0
20250905,600230,沧州大化,12.7,12.9,12.91,12.68,9643500.0
20250905,600231,凌钢股份,1.98,2.0,2.01,1.95,17868300.0
20250905,600232,金鹰股份,6.73,6.76,6.77,6.55,7475100.0
20250905,600233,圆通速递,17.57,17.53,17.64,16.96,20462400.0
20250905,600234,科新发展,8.45,8.57,8.6,8.3,3300800.0
20250905,600235,民丰特纸,6.52,6.55,6.6,6.44,9420600.0
20250905,600236,桂冠电力,6.32,6.35,6.36,6.31,7511900.0
20250905,600237,铜峰电子,7.54,7.68,7.71,7.49,17698100.0
20250905,600241,时代万恒,8.18,8.56,8.58,8.16,18648100.0
20250905,600246,万通发展,12.6,12.5,12.79,12.14,392039300.0
20250905,600248,陕建股份,3.81,3.81,3.82,3.78,23979300.0
20250905,600249,两面针,6.0,5.95,6.01,5.81,23587500.0
20250905,600250,南京商旅,12.94,12.47,12.99,11.99,37993200.0
20250905,600251,冠农股份,8.36,8.52,8.53,8.28,9953500.0
20250905,600252,中恒集团,2.7,2.72,2.72,2.66,44155000.0
20250905,600255,鑫科材料,3.92,4.03,4.04,3.9,87850700.0
20250905,600256,广汇能源,4.99,5.04,5.05,4.96,65391900.0
20250905,600257,大湖股份,5.48,5.52,5.53,5.3,22956100.0
20250905,600258,首旅酒店,15.07,15.23,15.25,14.74,20378900.0
20250905,600259,中稀有色,61.45,63.23,63.48,61.2,12516800.0
20250905,600261,阳光照明,3.4,3.42,3.42,3.36,12202900.0
20250905,600262,北方股份,22.16,22.54,22.58,22.05,4592900.0
20250905,600266,城建发展,4.95,4.94,4.95,4.89,35691100.0
20250905,600267,海正药业,10.47,10.63,10.65,10.39,18170000.0
20250905,600268,国电南自,9.6,9.78,9.79,9.54,17298800.0
20250905,600269,赣粤高速,5.01,5.02,5.02,4.98,10981000.0
20250905,600271,航天信息,8.57,8.66,8.67,8.48,19793800.0
20250905,600272,开开实业,13.28,13.24,13.29,12.98,3255100.0
20250905,600273,嘉化能源,8.46,8.48,8.52,8.42,17175900.0
20250905,600276,恒瑞医药,69.0,72.47,72.98,69.0,93647900.0
20250905,600278,东方创业,7.55,7.53,7.57,7.38,8999200.0
20250905,600279,重庆港,5.41,5.4,5.41,5.31,6553300.0
20250905,600280,中央商场,3.73,3.69,3.73,3.57,74993100.0
20250905,600281,华阳新材,6.4,6.47,6.47,6.32,14737000.0
20250905,600282,南钢股份,4.74,4.81,4.81,4.71,34321400.0
20250905,600283,钱江水利,9.65,9.75,9.75,9.65,3070400.0
20250905,600284,浦东建设,8.67,8.67,8.7,8.4,19942700.0
20250905,600285,羚锐制药,23.02,23.2,23.23,22.93,6690200.0
20250905,600287,苏豪时尚,5.96,5.86,5.98,5.78,9943500.0
20250905,600288,大恒科技,12.02,12.19,12.21,11.85,8966500.0
20250905,600292,电投水电,12.3,12.71,12.84,12.25,17552000.0
20250905,600293,三峡新材,3.07,3.07,3.08,3.02,15183500.0
20250905,600295,鄂尔多斯,10.17,9.87,10.21,9.84,24060600.0
20250905,600298,安琪酵母,39.74,39.97,40.32,39.5,11729900.0
20250905,600299,安迪苏,9.78,9.78,9.79,9.67,8318800.0
20250905,600300,维维股份,3.4,3.39,3.4,3.34,35291000.0
20250905,600301,华锡有色,31.0,32.14,32.3,30.35,13170500.0
20250905,600303,曙光股份,3.74,3.75,3.76,3.66,20654900.0
20250905,600305,恒顺醋业,8.25,8.23,8.27,8.14,12585800.0
20250905,600307,酒钢宏兴,1.63,1.63,1.64,1.6,45547200.0
20250905,600308,华泰股份,3.7,3.7,3.72,3.64,23434600.0
20250905,600309,万华化学,64.64,65.85,66.12,64.51,32433800.0
20250905,600310,广西能源,3.98,4.01,4.01,3.95,12142600.0
20250905,600312,平高电气,15.17,15.31,15.44,15.09,19346700.0
20250905,600313,农发种业,6.35,6.37,6.38,6.28,20333400.0
20250905,600315,上海家化,26.83,27.03,27.06,26.09,9384500.0
20250905,600316,洪都航空,35.84,35.77,36.06,35.3,12341200.0
20250905,600318,新力金融,10.3,10.24,10.3,9.93,29602300.0
20250905,600319,亚星化学,7.98,8.24,8.61,7.98,16894500.0
20250905,600320,振华重工,4.41,4.42,4.43,4.36,37554600.0
20250905,600322,津投城开,2.62,2.61,2.62,2.53,29680900.0
20250905,600323,瀚蓝环境,26.18,26.6,26.7,26.02,7062900.0
20250905,600325,华发股份,5.5,5.35,5.66,5.28,148093200.0
20250905,600326,西藏天路,13.87,13.71,13.94,13.29,109908300.0
20250905,600327,大东方,5.02,5.0,5.02,4.87,25707300.0
20250905,600328,中盐化工,7.75,7.98,7.99,7.74,16516600.0
20250905,600329,达仁堂,44.19,45.91,45.96,43.91,8494600.0
20250905,600330,天通股份,10.9,12.1,12.1,10.58,310779700.0
20250905,600331,宏达股份,9.87,10.18,10.21,9.81,39964500.0
20250905,600332,白云山,26.38,26.48,26.49,26.27,8988900.0
20250905,600333,长春燃气,5.56,5.49,5.56,5.38,27733200.0
20250905,600335,国机汽车,6.21,6.23,6.37,6.14,24442600.0
20250905,600336,澳柯玛,6.72,6.78,6.78,6.67,14554300.0
20250905,600338,西藏珠峰,12.01,12.84,12.86,11.97,85878700.0
20250905,600339,中油工程,3.45,3.44,3.46,3.4,41581800.0
20250905,600343,航天动力,13.4,13.4,13.47,13.18,13561900.0
20250905,600345,长江通信,26.89,27.41,27.49,26.58,9081000.0
20250905,600346,恒力石化,17.0,17.2,17.37,17.0,20322000.0
20250905,600348,华阳股份,6.98,7.01,7.03,6.9,24845100.0
20250905,600350,山东高速,9.24,9.1,9.24,9.08,10972800.0
20250905,600351,亚宝药业,6.96,6.95,6.97,6.82,16340600.0
20250905,600352,浙江龙盛,10.23,10.24,10.27,10.17,23865100.0
20250905,600353,旭光电子,17.76,17.7,17.9,17.11,51299900.0
20250905,600354,敦煌种业,6.42,6.41,6.42,6.26,22764700.0
20250905,600356,恒丰纸业,10.0,10.22,10.22,9.76,14816800.0
20250905,600358,国旅联合,5.88,5.77,5.89,5.66,15844500.0
20250905,600359,新农开发,7.0,7.04,7.04,6.91,6014500.0
20250905,600360,华微电子,8.5,8.78,8.79,8.5,23300900.0
20250905,600361,创新新材,4.32,4.45,4.45,4.32,49069800.0
20250905,600362,江西铜业,28.45,29.39,29.46,28.45,61933800.0
20250905,600363,联创光电,58.02,61.4,62.81,57.53,15556900.0
20250905,600366,宁波韵升,14.67,15.08,15.1,14.56,51433100.0
20250905,600367,红星发展,16.43,18.01,18.01,16.32,18933200.0
20250905,600368,五洲交通,4.25,4.26,4.27,4.21,15654400.0
20250905,600369,西南证券,4.72,4.76,4.77,4.67,43777100.0
20250905,600371,万向德农,9.08,9.17,9.17,8.91,6759900.0
20250905,600372,中航机载,11.85,11.97,12.03,11.68,40878200.0
20250905,600373,中文传媒,10.08,10.23,10.24,10.05,12862600.0
20250905,600375,汉马科技,6.81,6.86,6.91,6.79,37294200.0
20250905,600376,首开股份,3.51,3.51,3.51,3.11,455041200.0
20250905,600377,宁沪高速,13.39,13.29,13.4,13.24,6430000.0
20250905,600378,昊华科技,28.96,29.35,29.45,28.45,12594200.0
20250905,600379,宝光股份,11.66,11.74,11.79,11.6,3235900.0
20250905,600380,健康元,13.2,13.49,13.5,12.99,40854800.0
20250905,600382,广东明珠,5.94,6.06,6.13,5.75,12495700.0
20250905,600383,金地集团,3.88,3.9,3.91,3.84,82163800.0
20250905,600386,北巴传媒,4.56,4.61,4.62,4.47,10863400.0
20250905,600388,紫金龙净,12.66,12.64,12.67,12.44,13788500.0
20250905,600389,江山股份,24.24,25.12,25.2,24.1,7749000.0
20250905,600390,五矿资本,6.02,6.11,6.12,5.97,61833400.0
20250905,600391,航发科技,26.1,25.97,26.35,25.65,14399600.0
20250905,600392,盛和资源,21.6,22.9,22.95,21.58,130621000.0
20250905,600395,盘江股份,5.26,5.27,5.28,5.17,15538700.0
20250905,600396,华电辽能,3.23,3.25,3.26,3.17,21166400.0
20250905,600397,江钨装备,8.13,8.26,8.32,8.0,34531000.0
20250905,600398,海澜之家,6.87,6.9,6.91,6.79,27904200.0
20250905,600399,抚顺特钢,5.55,5.56,5.57,5.54,71051300.0
20250905,600400,红豆股份,2.58,2.56,2.58,2.51,97039700.0
20250905,600403,大有能源,3.63,3.66,3.68,3.6,14572600.0
20250905,600405,动力源,6.68,6.89,6.89,6.68,27708100.0
20250905,600406,国电南瑞,21.12,21.43,21.48,21.12,50548600.0
20250905,600408,安泰集团,2.2,2.22,2.22,2.16,22298100.0
20250905,600409,三友化工,6.01,6.07,6.09,5.99,18116100.0
20250905,600410,华胜天成,19.5,19.5,19.69,18.87,241302300.0
20250905,600415,小商品城,20.0,20.2,20.25,19.7,51622900.0
20250905,600416,湘电股份,14.63,14.77,14.85,14.48,28294700.0
20250905,600418,江淮汽车,52.3,52.5,52.52,50.42,71118800.0
20250905,600419,天润乳业,10.61,10.66,10.67,10.38,6453900.0
20250905,600420,国药现代,11.35,11.33,11.4,11.21,15516500.0
20250905,600422,昆药集团,14.06,14.16,14.16,14.0,10092100.0
20250905,600425,青松建化,4.71,4.81,4.86,4.63,79438700.0
20250905,600426,华鲁恒升,25.95,26.32,26.68,25.82,18432000.0
20250905,600428,中远海特,6.66,6.82,6.82,6.64,31050300.0
20250905,600429,三元股份,4.95,4.91,4.96,4.84,15982000.0
20250905,600433,冠豪高新,3.08,3.08,3.09,3.04,15709600.0
20250905,600435,北方导航,13.81,14.01,14.15,13.66,47087700.0
20250905,600436,片仔癀,202.2,203.87,204.15,201.5,2610900.0
20250905,600438,通威股份,22.9,24.39,24.5,22.77,213352000.0
20250905,600444,国机通用,17.1,17.62,17.7,17.06,4561000.0
20250905,600446,金证股份,20.2,20.08,20.28,19.41,35310000.0
20250905,600448,华纺股份,3.5,3.48,3.5,3.35,48733500.0
20250905,600449,宁夏建材,13.33,13.46,13.46,13.22,5827400.0
20250905,600452,涪陵电力,10.09,10.1,10.12,9.9,27479600.0
20250905,600455,博通股份,26.44,26.68,26.72,25.86,1654600.0
20250905,600456,宝钛股份,31.05,31.61,31.62,31.0,7573300.0
20250905,600458,时代新材,14.27,15.35,15.44,14.24,37532300.0
20250905,600459,贵研铂业,16.53,16.76,16.8,16.3,24260900.0
20250905,600460,士兰微,28.55,29.39,29.47,28.31,56531800.0
20250905,600461,洪城环境,9.22,9.15,9.22,9.11,11938400.0
20250905,600463,空港股份,11.68,12.1,12.11,11.5,8431900.0
20250905,600467,好当家,2.51,2.5,2.54,2.45,91591000.0
20250905,600468,百利电气,6.35,6.46,6.46,6.23,27995300.0
20250905,600469,风神股份,6.13,6.2,6.2,6.06,9266100.0
20250905,600470,六国化工,5.64,5.73,5.74,5.63,9336500.0
20250905,600475,华光环能,20.68,21.78,22.08,20.62,15431300.0
20250905,600477,杭萧钢构,2.67,2.68,2.69,2.65,25754000.0
20250905,600478,科力远,6.07,6.43,6.45,6.06,154256200.0
20250905,600479,千金药业,10.85,10.92,10.93,10.78,6246300.0
20250905,600480,凌云股份,13.16,13.46,13.48,13.06,21333800.0
20250905,600481,双良节能,5.98,6.25,6.26,5.94,123434400.0
20250905,600482,中国动力,22.13,22.3,22.43,22.13,18913900.0
20250905,600483,福能股份,9.49,9.55,9.58,9.46,14605900.0
20250905,600486,扬农化工,71.91,72.6,72.8,70.6,2391700.0
20250905,600487,亨通光电,19.29,20.1,20.17,19.29,138363500.0
20250905,600488,津药药业,4.22,4.25,4.26,4.17,9772500.0
20250905,600489,中金黄金,17.59,18.15,18.45,17.52,135386000.0
20250905,600490,鹏欣资源,5.68,5.96,5.96,5.66,82544700.0
20250905,600493,凤竹纺织,6.54,6.55,6.6,6.39,5700500.0
20250905,600495,晋西车轴,5.25,5.27,5.28,5.16,19562400.0
20250905,600496,精工钢构,3.58,3.59,3.59,3.55,20826000.0
20250905,600497,驰宏锌锗,5.9,6.03,6.03,5.88,109769800.0
20250905,600498,烽火通信,24.28,24.54,24.62,23.83,39366200.0
20250905,600499,科达制造,11.28,11.86,12.0,11.21,34277000.0
20250905,600500,中化国际,4.36,4.35,4.39,4.32,27612000.0
20250905,600501,航天晨光,21.85,22.0,22.0,21.53,6229100.0
20250905,600502,安徽建工,4.62,4.62,4.62,4.56,14592900.0
20250905,600503,华丽家族,3.21,3.25,3.26,3.11,87795000.0
20250905,600505,西昌电力,13.48,13.52,13.52,13.2,7637500.0
20250905,600506,统一股份,19.85,19.98,20.09,19.63,11018700.0
20250905,600507,方大特钢,5.56,5.49,5.62,5.39,43478500.0
20250905,600508,上海能源,12.07,12.07,12.09,11.93,2957700.0
20250905,600509,天富能源,6.83,7.32,7.51,6.8,144107400.0
20250905,600510,黑牡丹,6.9,6.93,6.99,6.72,15520900.0
20250905,600511,国药股份,29.45,29.52,29.56,29.36,3817200.0
20250905,600512,腾达建设,2.46,2.45,2.46,2.41,31371300.0
20250905,600513,联环药业,21.0,20.95,21.04,20.48,16875900.0
20250905,600515,海南机场,3.79,3.86,3.87,3.75,102339000.0
20250905,600516,方大炭素,4.85,5.03,5.06,4.83,75692700.0
20250905,600517,国网英大,5.62,5.73,5.74,5.59,28283800.0
20250905,600518,康美药业,2.03,2.03,2.04,1.99,261153700.0
20250905,600519,贵州茅台,1471.0,1483.0,1486.97,1464.0,3738800.0
20250905,600520,三佳科技,29.1,29.67,29.85,28.7,5047500.0
20250905,600521,华海药业,26.46,26.93,27.05,25.65,53517300.0
20250905,600522,中天科技,15.5,16.29,16.38,15.5,184852200.0
20250905,600523,贵航股份,14.23,14.35,14.4,14.11,6143100.0
20250905,600525,长园集团,3.5,3.6,3.6,3.47,24482900.0
20250905,600526,菲达环保,5.16,5.13,5.17,5.08,18303300.0
20250905,600527,江南高纤,2.19,2.21,2.21,2.15,114113800.0
20250905,600528,中铁工业,8.34,8.39,8.39,8.27,23960200.0
20250905,600529,山东药玻,22.1,22.17,22.18,21.99,8344500.0
20250905,600531,豫光金铅,9.75,10.0,10.1,9.72,64066200.0
20250905,600533,栖霞建设,2.69,2.7,2.7,2.62,21250200.0
20250905,600535,天士力,16.28,16.4,16.42,16.05,19997000.0
20250905,600536,中国软件,47.65,47.94,48.1,47.02,23500000.0
20250905,600538,国发股份,6.08,6.2,6.21,6.01,9356600.0
20250905,600539,狮头股份,10.48,10.6,10.63,10.32,7414600.0
20250905,600540,新赛股份,4.76,4.75,4.78,4.65,12439600.0
20250905,600545,卓郎智能,2.95,2.97,2.98,2.86,113947900.0
20250905,600546,山煤国际,9.68,9.82,9.85,9.59,17118400.0
20250905,600547,山东黄金,36.12,37.69,38.38,36.12,54540800.0
20250905,600548,深高速,10.59,10.57,10.66,10.51,4274300.0
20250905,600549,厦门钨业,28.78,29.78,29.99,28.62,68438200.0
20250905,600550,保变电气,8.33,8.43,8.43,8.26,20073500.0
20250905,600551,时代出版,8.7,8.78,8.78,8.57,6969400.0
20250905,600552,凯盛科技,12.2,12.66,12.75,12.06,43696200.0
20250905,600556,天下秀,5.01,5.18,5.2,4.93,65718100.0
20250905,600557,康缘药业,16.82,17.09,17.12,16.49,11480500.0
20250905,600558,大西洋,5.18,5.23,5.23,5.12,15003100.0
20250905,600559,老白干酒,17.97,18.04,18.04,17.66,22948900.0
20250905,600560,金自天正,16.46,17.09,17.11,16.41,4046400.0
20250905,600561,江西长运,6.9,6.9,6.95,6.72,5826300.0
20250905,600562,国睿科技,26.02,26.41,26.56,25.88,9807600.0
20250905,600563,法拉电子,113.08,117.01,117.38,113.0,3575600.0
20250905,600566,济川药业,25.48,25.72,25.74,25.33,3720000.0
20250905,600567,山鹰国际,1.86,1.87,1.87,1.85,92638900.0
20250905,600569,安阳钢铁,2.16,2.17,2.18,2.12,20026300.0
20250905,600570,恒生电子,34.1,34.54,34.67,33.52,45506100.0
20250905,600571,信雅达,17.48,17.78,17.78,17.16,14575900.0
20250905,600572,康恩贝,4.46,4.48,4.49,4.44,26304000.0
20250905,600573,惠泉啤酒,12.08,11.96,12.08,11.85,3806600.0
20250905,600575,淮河能源,3.4,3.4,3.42,3.37,34642100.0
20250905,600576,祥源文旅,8.4,8.43,8.47,8.05,42752700.0
20250905,600577,精达股份,8.33,8.52,8.54,8.25,75564700.0
20250905,600578,京能电力,4.3,4.35,4.35,4.26,36922000.0
20250905,600579,中化装备,8.79,9.05,9.09,8.68,13443600.0
20250905,600580,卧龙电驱,33.26,38.5,38.5,33.26,285319100.0
20250905,600582,天地科技,5.94,5.98,5.99,5.92,50035700.0
20250905,600583,海油工程,5.35,5.42,5.45,5.35,46465300.0
20250905,600584,长电科技,36.31,37.18,37.34,35.96,65632100.0
20250905,600585,海螺水泥,23.65,23.77,23.78,23.45,25626900.0
20250905,600586,金晶科技,4.96,5.13,5.14,4.92,45368400.0
20250905,600587,新华医疗,16.18,16.38,16.39,16.12,10592900.0
20250905,600588,用友网络,14.67,14.75,14.78,14.23,65851400.0
20250905,600589,大位科技,7.79,7.85,7.88,7.56,91618300.0
20250905,600590,泰豪科技,9.92,10.07,10.07,9.68,38085800.0
20250905,600592,龙溪股份,27.14,29.46,30.2,27.0,70667600.0
20250905,600593,大连圣亚,39.14,38.75,39.18,36.9,12277400.0
20250905,600594,益佰制药,4.31,4.34,4.34,4.21,19072000.0
20250905,600595,中孚实业,5.02,5.12,5.15,5.0,59255200.0
20250905,600596,新安股份,11.01,11.27,11.42,10.97,53091100.0
20250905,600597,光明乳业,8.7,8.67,8.7,8.57,12996800.0
20250905,600598,北大荒,14.47,14.53,14.55,14.32,18146200.0
20250905,600600,青岛啤酒,67.71,67.93,67.96,67.34,5998700.0
20250905,600601,方正科技,8.59,9.64,9.64,8.59,584919600.0
20250905,600602,云赛智联,20.25,20.33,20.37,19.88,31941800.0
20250905,600603,广汇物流,9.26,9.5,9.52,9.17,16743600.0
20250905,600604,市北高新,5.42,5.47,5.47,5.34,17131600.0
20250905,600605,汇通能源,33.23,32.67,33.23,32.42,2241900.0
20250905,600606,绿地控股,1.81,1.84,1.84,1.79,111348600.0
20250905,600609,金杯汽车,4.97,5.03,5.08,4.93,27943900.0
20250905,600610,中毅达,12.48,12.65,12.69,12.35,25035800.0
20250905,600611,大众交通,6.11,6.18,6.21,6.05,27649500.0
20250905,600612,老凤祥,48.26,50.74,51.38,47.94,10591100.0
20250905,600613,神奇制药,6.64,6.66,6.68,6.52,5533600.0
20250905,600615,鑫源智造,12.28,12.38,12.42,12.13,3854600.0
20250905,600616,金枫酒业,5.86,5.83,5.86,5.67,20848400.0
20250905,600617,国新能源,2.77,2.78,2.79,2.73,21601100.0
20250905,600618,氯碱化工,10.48,10.62,10.63,10.48,6113000.0
20250905,600619,海立股份,22.68,23.09,23.21,22.33,58073600.0
20250905,600620,天宸股份,6.1,6.24,6.24,6.06,8805100.0
20250905,600621,华鑫股份,16.67,16.61,16.68,16.33,27587500.0
20250905,600622,光大嘉宝,2.92,2.95,2.95,2.89,31680700.0
20250905,600623,华谊集团,8.51,8.53,8.59,8.45,11646900.0
20250905,600626,申达股份,4.33,4.43,4.43,4.26,23205200.0
20250905,600628,新世界,8.06,7.96,8.06,7.75,39181600.0
20250905,600629,华建集团,13.2,13.26,13.35,12.8,28097900.0
20250905,600630,龙头股份,8.41,8.38,8.41,8.23,8311300.0
20250905,600633,浙数文化,14.14,14.44,14.5,14.0,36231800.0
20250905,600635,大众公用,4.08,4.1,4.1,4.03,37436000.0
20250905,600637,东方明珠,8.37,8.39,8.4,8.24,45349200.0
20250905,600638,新黄浦,5.69,5.69,5.7,5.59,8766100.0
20250905,600639,浦东金桥,10.46,10.46,10.47,10.39,4368200.0
20250905,600640,国脉文化,12.0,12.18,12.23,11.82,6925300.0
20250905,600641,先导基电,15.3,15.71,15.76,15.18,19236600.0
20250905,600642,申能股份,7.96,7.93,7.97,7.9,14847400.0
20250905,600643,爱建集团,5.72,5.81,5.81,5.65,18426100.0
20250905,600644,乐山电力,11.58,11.71,11.71,11.23,17888200.0
20250905,600645,中源协和,24.97,25.25,25.33,24.71,8009000.0
20250905,600648,外高桥,11.14,11.18,11.2,11.07,4070700.0
20250905,600649,城投控股,4.64,4.6,4.64,4.54,24659100.0
20250905,600650,锦江在线,16.01,16.36,16.39,15.88,8182600.0
20250905,600651,飞乐音响,7.23,7.41,7.42,7.18,57529200.0
20250905,600653,申华控股,2.15,2.16,2.18,2.08,120453400.0
20250905,600654,中安科,3.38,3.44,3.44,3.31,46973200.0
20250905,600655,豫园股份,6.14,6.21,6.22,6.05,15800100.0
20250905,600657,信达地产,4.0,4.0,4.02,3.95,19906900.0
20250905,600658,电子城,6.1,6.21,6.3,6.01,47699000.0
20250905,600660,福耀玻璃,67.35,68.44,69.25,67.03,17789100.0
20250905,600661,昂立教育,10.71,10.75,10.75,10.46,4621300.0
20250905,600662,外服控股,5.37,5.41,5.42,5.33,11192000.0
20250905,600663,陆家嘴,8.44,8.48,8.5,8.41,7358200.0
20250905,600664,哈药股份,3.7,3.71,3.72,3.65,28987300.0
20250905,600665,天地源,3.36,3.31,3.36,3.24,12118800.0
20250905,600666,奥瑞德,3.62,3.71,3.71,3.58,88178700.0
20250905,600667,太极实业,6.72,6.88,6.9,6.67,37681900.0
20250905,600668,尖峰集团,11.66,11.86,11.88,11.62,5424000.0
20250905,600671,天目药业,18.37,18.61,18.8,17.91,4696200.0
20250905,600673,东阳光,22.5,25.0,25.55,22.2,163092400.0
20250905,600674,川投能源,14.8,14.88,14.9,14.77,18223400.0
20250905,600675,中华企业,3.01,3.04,3.05,2.98,39549400.0
20250905,600676,久事动娱,5.63,5.76,5.81,5.58,11600700.0
20250905,600679,上海凤凰,13.57,13.61,13.62,13.1,8200300.0
20250905,600681,百川能源,3.82,3.8,3.83,3.76,10982500.0
20250905,600682,南京新百,7.93,7.93,7.99,7.75,22710200.0
20250905,600683,京投发展,4.03,4.01,4.03,3.92,10069300.0
20250905,600684,珠江股份,5.51,5.35,5.63,5.17,81010500.0
20250905,600685,中船防务,26.6,27.1,27.2,26.47,10296000.0
20250905,600686,金龙汽车,11.99,12.1,12.1,11.96,14121600.0
20250905,600688,上海石化,2.78,2.79,2.8,2.77,32823200.0
20250905,600689,上海三毛,13.47,13.56,13.63,12.9,4697000.0
20250905,600690,海尔智家,25.7,26.46,26.52,25.65,68032800.0
20250905,600691,潞化科技,2.52,2.56,2.58,2.5,29671600.0
20250905,600692,亚通股份,8.37,8.8,8.82,8.3,11890600.0
20250905,600693,东百集团,6.65,6.64,6.73,6.3,79209600.0
20250905,600694,大商股份,19.26,19.04,19.29,18.84,7348200.0
20250905,600697,欧亚集团,16.4,16.07,17.08,15.6,71667900.0
20250905,600698,湖南天雁,10.2,10.33,10.37,9.85,40338800.0
20250905,600699,均胜电子,21.99,23.2,23.2,21.8,121639100.0
20250905,600702,舍得酒业,65.99,66.56,67.06,64.5,11567600.0
20250905,600703,三安光电,13.88,14.72,14.8,13.74,169025200.0
20250905,600704,物产中大,5.61,5.64,5.66,5.58,98015700.0
20250905,600706,曲江文旅,11.46,11.42,11.54,11.1,25315600.0
20250905,600707,彩虹股份,6.13,6.2,6.21,6.09,34440500.0
20250905,600708,光明地产,3.45,3.49,3.49,3.44,14641000.0
20250905,600710,苏美达,10.2,10.19,10.21,10.08,10111500.0
20250905,600711,盛屯矿业,8.59,8.8,8.86,8.43,126967000.0
20250905,600712,南宁百货,7.68,7.71,7.79,7.25,30277300.0
20250905,600713,南京医药,4.93,4.94,4.95,4.88,14078400.0
20250905,600714,金瑞矿业,11.95,12.41,12.47,11.82,15192700.0
20250905,600715,文投控股,2.79,2.69,2.84,2.63,211074100.0
20250905,600716,凤凰股份,3.91,3.92,3.93,3.83,9635700.0
20250905,600717,天津港,4.76,4.78,4.79,4.73,36151000.0
20250905,600718,东软集团,10.14,10.14,10.16,9.97,24155900.0
20250905,600719,大连热电,6.23,6.23,6.23,6.13,4751000.0
20250905,600720,中交设计,7.63,7.69,7.69,7.6,7488600.0
20250905,600721,百花医药,10.51,10.86,11.0,9.96,95610900.0
20250905,600722,金牛化工,6.69,6.72,6.87,6.61,36250300.0
20250905,600724,宁波富达,5.13,5.33,5.36,5.02,38471800.0
20250905,600725,云维股份,3.44,3.5,3.5,3.37,26350300.0
20250905,600726,华电能源,2.46,2.49,2.49,2.43,25406300.0
20250905,600727,鲁北化工,7.61,7.69,7.69,7.59,8530300.0
20250905,600728,佳都科技,6.63,6.81,6.81,6.54,82835500.0
20250905,600729,重百集团,29.48,28.96,29.49,28.64,5683700.0
20250905,600731,湖南海利,7.19,7.26,7.27,7.14,10819400.0
20250905,600732,爱旭股份,15.54,16.66,16.75,15.31,137429400.0
20250905,600733,北汽蓝谷,8.33,8.43,8.45,8.29,107310800.0
20250905,600736,苏州高新,5.52,5.53,5.54,5.45,17277800.0
20250905,600737,中粮糖业,16.75,17.05,17.22,16.29,66455100.0
20250905,600738,丽尚国潮,5.2,5.18,5.2,5.07,16357000.0
20250905,600739,辽宁成大,12.31,12.4,12.42,12.15,18610700.0
20250905,600740,山西焦化,3.89,3.94,3.95,3.85,16736300.0
20250905,600741,华域汽车,20.0,20.75,20.85,19.96,39197800.0
20250905,600742,富维股份,10.18,10.2,10.21,10.1,5530300.0
20250905,600743,华远控股,2.09,2.1,2.11,2.06,17615300.0
20250905,600744,华银电力,6.94,6.99,7.04,6.58,130097700.0
20250905,600746,江苏索普,7.46,7.53,7.54,7.42,4288400.0
20250905,600748,上实发展,4.1,4.25,4.28,3.99,30032100.0
20250905,600749,西藏旅游,26.69,24.71,26.69,24.3,39849500.0
20250905,600750,华润江中,21.76,21.86,21.88,21.71,2796000.0
20250905,600751,海航科技,4.11,4.26,4.3,4.06,53535000.0
20250905,600754,锦江酒店,22.97,23.27,23.29,22.61,14161800.0
20250905,600755,厦门国贸,6.08,6.1,6.11,6.05,15113000.0
20250905,600756,浪潮软件,15.0,15.23,15.24,14.87,6719900.0
20250905,600757,长江传媒,8.72,8.74,8.75,8.65,14507800.0
20250905,600758,辽宁能源,3.78,3.81,3.82,3.75,10693600.0
20250905,600760,中航沈飞,54.25,54.6,55.45,53.65,29367900.0
20250905,600761,安徽合力,19.58,19.79,20.19,19.47,17852900.0
20250905,600763,通策医疗,45.1,46.45,46.46,44.86,10586300.0
20250905,600764,中国海防,30.94,31.17,31.26,30.36,7737700.0
20250905,600765,中航重机,15.82,16.25,16.4,15.8,20330800.0
20250905,600768,富邦新材,12.1,12.25,12.41,12.01,3973200.0
20250905,600769,祥龙电业,10.6,10.79,10.82,10.45,5477900.0
20250905,600770,综艺股份,5.72,5.85,5.87,5.63,27015200.0
20250905,600771,广誉远,19.66,20.12,20.14,19.53,7785200.0
20250905,600773,西藏城投,10.79,11.15,11.17,10.72,20565900.0
20250905,600774,汉商集团,9.86,10.04,10.04,9.61,6045600.0
20250905,600775,南京熊猫,11.57,11.79,11.8,11.36,25804100.0
20250905,600776,东方通信,11.49,11.79,11.8,11.4,14836900.0
20250905,600777,新潮能源,4.0,4.02,4.1,3.94,31226900.0
20250905,600778,友好集团,7.49,7.3,7.53,7.1,76797300.0
20250905,600779,水井坊,45.82,46.39,46.4,45.18,4207500.0
20250905,600780,通宝能源,5.81,5.84,5.85,5.78,11109700.0
20250905,600782,新钢股份,3.96,3.99,4.0,3.9,48552300.0
20250905,600783,鲁信创投,12.75,12.84,12.88,12.6,5799500.0
20250905,600784,鲁银投资,6.26,6.29,6.29,6.2,6648500.0
20250905,600785,新华百货,13.23,13.09,13.24,12.66,13026400.0
20250905,600787,中储股份,6.0,6.04,6.04,5.92,37272000.0
20250905,600789,鲁抗医药,9.92,9.95,9.95,9.82,16860500.0
20250905,600790,轻纺城,4.07,4.02,4.07,3.96,21844300.0
20250905,600791,京能置业,4.75,4.78,4.8,4.67,6382100.0
20250905,600792,云煤能源,3.82,3.87,3.87,3.77,15488200.0
20250905,600793,宜宾纸业,24.34,24.17,24.49,23.51,6854000.0
20250905,600794,保税科技,4.41,4.44,4.44,4.32,18096500.0
20250905,600795,国电电力,4.95,4.98,5.03,4.9,177114200.0
20250905,600796,钱江生化,5.73,5.77,5.78,5.68,5475700.0
20250905,600797,浙大网新,10.46,10.71,10.74,10.35,64268200.0
20250905,600798,宁波海运,3.82,3.85,3.85,3.75,21191900.0
20250905,600800,渤海化学,4.0,4.01,4.03,3.94,20930000.0
20250905,600801,华新建材,15.75,15.89,15.9,15.64,17061200.0
20250905,600802,福建水泥,5.31,5.32,5.33,5.2,9261700.0
20250905,600803,新奥股份,18.18,18.13,18.21,17.92,7879900.0
20250905,600805,悦达投资,5.4,5.49,5.52,5.4,13943400.0
20250905,600807,济高发展,3.17,3.19,3.2,3.11,22662900.0
20250905,600808,马钢股份,3.53,3.58,3.59,3.46,72430500.0
20250905,600809,山西汾酒,197.26,200.03,200.6,195.8,4692700.0
20250905,600810,神马股份,10.65,10.72,10.89,10.55,34117300.0
20250905,600812,华北制药,6.15,6.18,6.19,6.08,14114400.0
20250905,600814,杭州解百,8.22,8.12,8.27,7.87,25654200.0
20250905,600815,厦工股份,2.71,2.72,2.73,2.68,15464600.0
20250905,600816,建元信托,2.85,2.88,2.88,2.81,50219600.0
20250905,600817,宇通重工,11.69,11.95,11.95,11.67,3539800.0
20250905,600819,耀皮玻璃,6.14,6.38,6.46,6.1,21357100.0
20250905,600820,隧道股份,6.44,6.44,6.45,6.4,23220800.0
20250905,600821,金开新能,5.67,5.86,5.86,5.65,58770000.0
20250905,600822,上海物贸,12.6,12.48,12.72,12.4,21052500.0
20250905,600824,益民集团,4.55,4.49,4.55,4.34,57896000.0
20250905,600825,新华传媒,6.75,6.81,6.81,6.6,14529000.0
20250905,600826,兰生股份,13.0,12.75,13.0,12.35,38145700.0
20250905,600827,百联股份,9.64,9.7,9.72,9.35,19193300.0
20250905,600828,茂业商业,4.6,4.46,4.6,4.32,73544100.0
20250905,600829,人民同泰,8.33,8.33,8.35,8.08,10198000.0
20250905,600830,香溢融通,10.05,10.13,10.15,9.92,8237800.0
20250905,600831,广电网络,4.94,5.1,5.1,4.91,13622700.0
20250905,600833,第一医药,14.25,14.13,14.29,13.82,11069400.0
20250905,600834,申通地铁,8.8,8.79,8.86,8.71,5577500.0
20250905,600835,上海机电,24.95,26.52,26.53,24.91,23055600.0
20250905,600838,上海九百,9.12,9.1,9.16,8.72,18728400.0
20250905,600839,四川长虹,10.42,10.62,10.64,10.32,160428900.0
20250905,600841,动力新科,6.58,6.5,6.58,6.39,14487900.0
20250905,600843,上工申贝,12.51,13.1,13.2,12.4,72446700.0
20250905,600844,金煤科技,3.11,3.11,3.12,3.04,12040800.0
20250905,600845,宝信软件,23.45,23.65,23.69,23.25,19399400.0
20250905,600846,同济科技,10.14,10.22,10.25,9.91,8868200.0
20250905,600847,万里股份,10.9,11.42,11.43,10.83,6009300.0
20250905,600848,上海临港,9.12,9.17,9.19,9.05,9517000.0
20250905,600850,电科数字,27.02,27.37,27.4,26.61,15200300.0
20250905,600851,海欣股份,6.7,6.76,6.79,6.6,6918400.0
20250905,600853,龙建股份,4.03,4.15,4.15,3.99,39124800.0
20250905,600854,春兰股份,5.25,5.23,5.25,5.14,8529500.0
20250905,600855,航天长峰,13.78,13.9,13.94,13.62,10792589.0
20250905,600857,宁波中百,13.05,13.13,13.19,12.65,3873400.0
20250905,600858,银座股份,6.0,6.08,6.1,5.78,41181600.0
20250905,600859,王府井,14.59,14.82,14.85,14.22,49827100.0
20250905,600860,京城股份,12.04,12.32,12.38,11.96,9204300.0
20250905,600861,北京人力,20.12,20.17,20.23,20.0,2223600.0
20250905,600862,中航高科,23.28,23.49,23.63,23.27,13967200.0
20250905,600863,华能蒙电,4.0,4.03,4.04,3.98,53102300.0
20250905,600864,哈投股份,7.37,7.48,7.49,7.31,39534900.0
20250905,600865,百大集团,10.47,10.39,10.59,9.89,41628400.0
20250905,600866,星湖科技,7.65,7.67,7.69,7.57,27781000.0
20250905,600867,通化东宝,8.45,8.56,8.57,8.33,23229400.0
20250905,600868,梅雁吉祥,2.78,2.79,2.79,2.73,43511600.0
20250905,600869,远东股份,6.57,7.2,7.28,6.56,153819200.0
20250905,600871,石化油服,2.03,2.03,2.04,2.0,102905600.0
20250905,600872,中炬高新,18.92,19.15,19.2,18.84,11634800.0
20250905,600873,梅花生物,10.74,10.83,10.83,10.68,22682400.0
20250905,600874,创业环保,5.97,6.03,6.03,5.95,16044600.0
20250905,600875,东方电气,18.82,19.29,19.35,18.82,27025600.0
20250905,600876,凯盛新能,10.84,11.15,11.19,10.84,6439500.0
20250905,600877,电科芯片,13.48,13.73,13.74,13.33,16436900.0
20250905,600879,航天电子,10.2,10.32,10.37,10.1,66699800.0
20250905,600880,博瑞传播,4.87,4.93,4.93,4.82,17552400.0
20250905,600881,亚泰集团,2.09,2.2,2.2,2.08,211888000.0
20250905,600882,妙可蓝多,27.41,26.34,27.45,25.25,16931100.0
20250905,600883,博闻科技,7.92,7.98,8.01,7.75,4372500.0
20250905,600884,杉杉股份,11.57,12.3,12.3,11.45,190095800.0
20250905,600885,宏发股份,25.47,25.75,26.05,25.3,20362900.0
20250905,600886,国投电力,14.28,14.21,14.3,14.1,20484400.0
20250905,600887,伊利股份,28.17,28.18,28.24,27.82,55155000.0
20250905,600888,新疆众和,7.25,7.37,7.38,7.19,17111800.0
20250905,600892,大晟文化,3.27,3.28,3.3,3.22,8932300.0
20250905,600893,航发动力,37.24,37.43,37.66,36.91,20027300.0
20250905,600894,广日股份,10.19,10.23,10.25,10.08,6134900.0
20250905,600895,张江高科,34.0,34.98,35.08,33.42,65257600.0
20250905,600897,厦门空港,14.77,14.79,14.89,14.7,2112100.0
20250905,600900,长江电力,28.16,28.07,28.31,28.0,106951300.0
20250905,600901,江苏金租,5.59,5.53,5.59,5.51,40979400.0
20250905,600903,贵州燃气,6.85,6.89,6.9,6.83,7759100.0
20250905,600905,三峡能源,4.24,4.27,4.28,4.23,149359500.0
20250905,600906,财达证券,7.4,7.45,7.46,7.33,28927000.0
20250905,600908,无锡银行,5.95,5.92,5.96,5.85,25858200.0
20250905,600909,华安证券,6.24,6.26,6.27,6.13,51787300.0
20250905,600916,中国黄金,8.24,8.37,8.41,8.21,46641600.0
20250905,600917,重庆燃气,5.7,5.71,5.71,5.66,3176300.0
20250905,600918,中泰证券,6.89,6.94,6.95,6.8,26854600.0
20250905,600919,江苏银行,10.76,10.66,10.82,10.62,128334000.0
20250905,600925,苏能股份,4.93,4.96,4.96,4.92,7066600.0
20250905,600926,杭州银行,15.68,15.63,15.68,15.47,43193400.0
20250905,600927,永安期货,14.82,15.16,15.32,14.66,9437700.0
20250905,600928,西安银行,4.08,4.08,4.1,4.03,53077200.0
20250905,600930,华电新能,6.37,6.39,6.4,6.32,75094400.0
20250905,600933,爱柯迪,18.29,19.17,19.2,18.29,14519500.0
20250905,600935,华塑股份,2.47,2.5,2.52,2.45,24557000.0
20250905,600936,北投科技,3.79,3.88,3.89,3.72,25059000.0
20250905,600938,中国海油,25.58,25.74,25.77,25.56,34427400.0
20250905,600939,重庆建工,3.43,3.4,3.43,3.36,15347700.0
20250905,600941,中国移动,106.49,106.54,106.7,105.8,10397400.0
20250905,600955,维远股份,14.4,14.71,14.73,14.34,3698100.0
20250905,600956,新天绿能,7.44,7.73,7.74,7.41,18020500.0
20250905,600958,东方证券,10.9,10.92,10.94,10.72,95075600.0
20250905,600959,江苏有线,3.53,3.56,3.58,3.48,47919600.0
20250905,600960,渤海汽车,4.5,4.62,4.64,4.42,27662100.0
20250905,600961,株冶集团,14.2,14.5,14.53,14.18,41324100.0
20250905,600962,国投中鲁,21.8,21.96,22.03,21.35,4453900.0
20250905,600963,岳阳林纸,4.64,4.67,4.68,4.62,23371400.0
20250905,600966,博汇纸业,5.15,5.16,5.18,5.06,14509500.0
20250905,600967,内蒙一机,19.0,19.61,20.38,18.03,119275000.0
20250905,600968,海油发展,3.89,3.9,3.91,3.86,49321800.0
20250905,600969,郴电国际,7.27,7.23,7.27,7.14,5384200.0
20250905,600970,中材国际,8.85,8.91,8.92,8.82,12554500.0
20250905,600971,恒源煤电,6.71,6.73,6.75,6.66,8801700.0
20250905,600973,宝胜股份,5.25,5.31,5.32,5.2,29555100.0
20250905,600975,新五丰,6.26,6.28,6.28,6.17,21291500.0
20250905,600976,健民集团,41.79,41.6,41.8,41.25,2835300.0
20250905,600977,中国电影,14.0,15.02,15.02,13.85,100040300.0
20250905,600979,广安爱众,4.87,4.94,4.95,4.77,35770200.0
20250905,600980,北矿科技,24.49,25.02,25.05,24.4,9652200.0
20250905,600981,苏豪汇鸿,3.17,3.15,3.18,3.05,27046100.0
20250905,600982,宁波能源,4.57,4.6,4.61,4.51,12233300.0
20250905,600983,惠而浦,10.73,10.76,10.76,10.59,2556600.0
20250905,600984,建设机械,3.48,3.56,3.61,3.45,24737200.0
20250905,600985,淮北矿业,12.05,12.02,12.1,11.82,19424100.0
20250905,600986,浙文互联,8.39,8.56,8.58,8.16,60098400.0
20250905,600987,航民股份,7.45,7.42,7.47,7.31,8819200.0
20250905,600988,赤峰黄金,26.58,27.85,27.96,26.57,85512700.0
20250905,600989,宝丰能源,17.3,17.71,17.73,17.19,46886500.0
20250905,600990,四创电子,26.2,26.93,27.08,25.6,11884100.0
20250905,600992,贵绳股份,14.29,14.42,14.46,14.13,4065500.0
20250905,600993,马应龙,26.7,26.96,26.96,26.54,4955200.0
20250905,600995,南网储能,10.71,11.06,11.2,10.62,42284700.0
20250905,600996,贵广网络,8.21,8.23,8.25,8.07,16551400.0
20250905,600997,开滦股份,6.68,6.74,6.76,6.61,12752400.0
20250905,600998,九州通,4.97,4.93,4.97,4.9,85379200.0
20250905,600999,招商证券,18.17,18.19,18.23,17.99,32523400.0
20250905,601000,唐山港,3.93,3.93,3.94,3.91,25372800.0
20250905,601001,晋控煤业,12.78,12.82,12.96,12.51,25507500.0
20250905,601002,晋亿实业,5.36,5.42,5.42,5.28,10283000.0
20250905,601003,柳钢股份,5.52,5.62,5.63,5.45,25845200.0
20250905,601005,重庆钢铁,1.43,1.43,1.44,1.41,126925000.0
20250905,601006,大秦铁路,6.15,6.12,6.15,6.09,79935600.0
20250905,601007,金陵饭店,8.25,8.2,8.27,7.91,23445500.0
20250905,601008,连云港,5.67,5.73,5.74,5.54,20255900.0
20250905,601009,南京银行,11.13,11.1,11.17,11.0,43885200.0
20250905,601011,宝泰隆,2.8,2.85,2.85,2.75,40256100.0
20250905,601012,隆基绿能,17.48,18.1,18.2,17.3,338285500.0
20250905,601015,陕西黑猫,3.49,3.54,3.54,3.45,18865300.0
20250905,601016,节能风电,3.01,3.05,3.06,2.99,81659900.0
20250905,601018,宁波港,3.6,3.58,3.61,3.55,78542600.0
20250905,601019,山东出版,8.35,8.37,8.38,8.29,10240200.0
20250905,601020,华钰矿业,24.66,25.38,25.77,24.42,50045400.0
20250905,601021,春秋航空,52.5,52.91,53.13,52.25,4674100.0
20250905,601022,宁波远洋,9.48,9.56,9.56,9.3,13851800.0
20250905,601033,永兴股份,16.24,16.39,16.39,16.14,7040500.0
20250905,601038,一拖股份,12.99,13.01,13.03,12.93,4251800.0
20250905,601058,赛轮轮胎,14.28,14.87,14.95,14.24,59242300.0
20250905,601059,信达证券,18.84,18.93,18.93,18.28,51260200.0
20250905,601061,中信金属,8.93,9.03,9.06,8.88,21465100.0
20250905,601065,江盐集团,8.35,8.41,8.44,8.33,4775800.0
20250905,601066,中信建投,26.7,26.88,26.88,26.44,17552300.0
20250905,601068,中铝国际,4.81,4.87,4.88,4.79,13014100.0
20250905,601069,西部黄金,25.6,29.82,29.82,25.6,62185400.0
20250905,601077,渝农商行,6.45,6.47,6.5,6.38,74240100.0
20250905,601083,锦江航运,11.83,11.85,11.86,11.68,7312400.0
20250905,601086,国芳集团,12.46,12.78,12.98,12.0,85693900.0
20250905,601088,中国神华,38.0,38.16,38.24,37.79,25457100.0
20250905,601089,福元医药,26.0,24.51,26.34,24.42,29650500.0
20250905,601096,宏盛华源,4.33,4.37,4.39,4.3,18878600.0
20250905,601098,中南传媒,12.65,12.95,12.99,12.51,17424600.0
20250905,601099,太平洋,4.8,4.71,4.8,4.65,1226689300.0
20250905,601100,恒立液压,86.32,88.0,89.0,86.11,8487800.0
20250905,601101,昊华能源,7.17,7.25,7.28,7.11,10971600.0
20250905,601106,中国一重,2.94,2.99,3.0,2.91,36451900.0
20250905,601107,四川成渝,5.6,5.61,5.62,5.57,13441800.0
20250905,601108,财通证券,8.33,8.42,8.43,8.27,41205000.0
20250905,601111,中国国航,7.38,7.41,7.42,7.31,70425200.0
20250905,601113,华鼎股份,3.84,3.83,3.85,3.81,10937400.0
20250905,601116,三江购物,12.4,12.4,12.54,11.5,49641600.0
20250905,601117,中国化学,7.55,7.55,7.56,7.47,63791800.0
20250905,601118,海南橡胶,5.27,5.32,5.34,5.2,50608400.0
20250905,601121,宝地矿业,6.7,6.68,6.7,6.61,10783600.0
20250905,601126,四方股份,16.66,17.0,17.06,16.56,17640400.0
20250905,601127,赛力斯,149.0,146.5,149.69,138.5,73154000.0
20250905,601128,常熟银行,7.58,7.57,7.58,7.47,38123900.0
20250905,601133,柏诚股份,12.58,12.82,12.89,12.51,5413900.0
20250905,601136,首创证券,20.67,20.77,21.08,20.47,28324800.0
20250905,601137,博威合金,24.6,25.14,25.38,24.06,43390800.0
20250905,601138,工业富联,53.3,55.83,57.2,50.6,339091300.0
20250905,601139,深圳燃气,6.52,6.55,6.55,6.5,11323800.0
20250905,601155,新城控股,13.92,14.18,14.55,13.92,28153500.0
20250905,601156,东航物流,15.07,14.78,15.08,14.56,28430500.0
20250905,601158,重庆水务,4.71,4.69,4.71,4.67,10585000.0
20250905,601162,天风证券,5.52,5.51,5.53,5.38,393954200.0
20250905,601163,三角轮胎,13.82,13.88,13.9,13.77,3220700.0
20250905,601166,兴业银行,21.86,21.75,21.9,21.66,51288700.0
20250905,601168,西部矿业,18.56,19.25,19.25,18.53,42793300.0
20250905,601169,北京银行,6.11,6.06,6.11,6.03,135063600.0
20250905,601177,杭齿前进,18.35,18.55,18.57,18.0,12415600.0
20250905,601179,中国西电,6.35,6.42,6.42,6.32,52279800.0
20250905,601186,中国铁建,7.94,7.97,7.99,7.9,37233700.0
20250905,601187,厦门银行,6.56,6.49,6.57,6.45,17118800.0
20250905,601188,龙江交通,3.44,3.66,3.78,3.4,95160300.0
20250905,601198,东兴证券,11.62,11.66,11.7,11.47,31629500.0
20250905,601199,江南水务,6.02,5.98,6.03,5.91,6962000.0
20250905,601200,上海环境,8.15,8.17,8.18,8.09,10868800.0
20250905,601208,东材科技,16.63,17.77,18.06,16.54,74668200.0
20250905,601211,国泰海通,19.65,19.76,19.84,19.5,74021000.0
20250905,601212,白银有色,3.79,4.09,4.2,3.75,488694900.0
20250905,601216,君正集团,5.29,5.38,5.39,5.25,113961000.0
20250905,601218,吉鑫科技,4.25,4.68,4.68,4.24,91797300.0
20250905,601222,林洋能源,6.1,6.24,6.25,6.01,51007800.0
20250905,601225,陕西煤业,20.15,20.3,20.41,19.93,50973600.0
20250905,601226,华电科工,7.02,7.27,7.27,6.93,42385600.0
20250905,601228,广州港,3.35,3.35,3.35,3.32,19127800.0
20250905,601229,上海银行,9.48,9.4,9.49,9.32,79536200.0
20250905,601231,环旭电子,18.08,18.42,18.45,17.83,14162900.0
20250905,601233,桐昆股份,14.35,14.66,14.66,14.31,31217600.0
20250905,601236,红塔证券,9.0,9.02,9.03,8.9,29283700.0
20250905,601238,广汽集团,7.63,7.82,7.92,7.6,49125400.0
20250905,601279,英利汽车,4.09,4.21,4.21,4.06,19429900.0
20250905,601288,农业银行,7.45,7.3,7.49,7.24,624118200.0
20250905,601298,青岛港,8.65,8.48,8.66,8.45,29385200.0
20250905,601311,骆驼股份,10.0,10.52,10.6,10.0,80353000.0
20250905,601318,中国平安,57.5,57.9,58.06,57.03,55818400.0
20250905,601319,中国人保,8.41,8.39,8.43,8.3,75255300.0
20250905,601326,秦港股份,3.43,3.4,3.43,3.35,29656200.0
20250905,601328,交通银行,7.28,7.26,7.33,7.22,173811100.0
20250905,601330,绿色动力,6.97,7.06,7.06,6.94,7552000.0
20250905,601333,广深铁路,3.35,3.35,3.37,3.3,75778100.0
20250905,601336,新华保险,62.62,63.33,63.46,61.54,20902500.0
20250905,601339,百隆东方,5.42,5.39,5.43,5.35,10204300.0
20250905,601360,三六零,10.6,10.72,10.75,10.41,122895100.0
20250905,601366,利群股份,4.61,4.59,4.61,4.53,11124700.0
20250905,601368,绿城水务,4.99,4.97,4.99,4.91,5183200.0
20250905,601369,陕鼓动力,8.35,8.39,8.4,8.31,13727000.0
20250905,601375,中原证券,4.54,4.56,4.56,4.48,50394400.0
20250905,601377,兴业证券,6.5,6.54,6.54,6.43,82391600.0
20250905,601388,怡球资源,2.61,2.65,2.66,2.58,46438800.0
20250905,601390,中国中铁,5.54,5.55,5.56,5.51,70920400.0
20250905,601398,工商银行,7.52,7.44,7.54,7.4,441709300.0
20250905,601399,国机重装,3.26,3.34,3.34,3.23,80235300.0
20250905,601456,国联民生,11.48,11.48,11.5,11.33,36535500.0
20250905,601500,通用股份,4.58,4.61,4.61,4.57,19118700.0
20250905,601512,中新集团,8.45,8.48,8.52,8.39,6469900.0
20250905,601515,衢州东峰,4.51,4.78,4.8,4.51,51125600.0
20250905,601518,吉林高速,2.76,2.77,2.78,2.72,31517600.0
20250905,601519,大智慧,14.58,14.95,15.05,14.15,75454900.0
20250905,601528,瑞丰银行,5.52,5.5,5.52,5.44,12265600.0
20250905,601555,东吴证券,9.55,9.56,9.6,9.45,94732400.0
20250905,601566,九牧王,8.85,8.86,8.91,8.78,3642200.0
20250905,601567,三星电气,22.72,23.02,23.04,22.4,16902000.0
20250905,601568,北元化工,4.02,4.03,4.04,3.98,20734500.0
20250905,601577,长沙银行,9.55,9.45,9.55,9.4,20299400.0
20250905,601579,会稽山,25.98,25.4,25.99,24.2,29907700.0
20250905,601588,北辰实业,1.82,1.85,1.85,1.78,36586500.0
20250905,601595,上海电影,30.22,31.13,31.28,29.9,12129200.0
20250905,601598,中国外运,5.71,5.87,5.88,5.67,32287900.0
20250905,601599,浙文影业,3.69,3.71,3.72,3.64,14271800.0
20250905,601600,中国铝业,7.41,7.7,7.73,7.38,245718800.0
20250905,601601,中国太保,37.92,38.04,38.14,37.5,30604100.0
20250905,601606,长城军工,52.79,53.55,58.66,52.79,107327100.0
20250905,601607,上海医药,18.25,18.33,18.36,18.11,17022300.0
20250905,601608,中信重工,5.07,5.21,5.22,5.06,56666400.0
20250905,601609,金田股份,10.98,11.33,11.39,10.92,65552400.0
20250905,601611,中国核建,8.75,8.85,8.85,8.71,16027300.0
20250905,601615,明阳智能,11.94,13.12,13.12,11.94,115255000.0
20250905,601616,广电电气,3.75,3.85,3.86,3.72,20645200.0
20250905,601618,中国中冶,3.39,3.43,3.44,3.35,126246800.0
20250905,601619,嘉泽新能,3.89,4.07,4.08,3.86,61585300.0
20250905,601628,中国人寿,40.05,40.03,40.21,39.69,18089800.0
20250905,601633,长城汽车,25.68,26.07,26.12,25.68,19380000.0
20250905,601636,旗滨集团,6.46,6.63,6.64,6.41,61448800.0
20250905,601658,邮储银行,6.35,6.2,6.37,6.18,183063800.0
20250905,601665,齐鲁银行,5.67,5.61,5.68,5.56,61158300.0
20250905,601666,平煤股份,7.67,7.79,7.81,7.6,26748500.0
20250905,601668,中国建筑,5.52,5.49,5.53,5.47,231479800.0
20250905,601669,中国电建,5.7,5.75,5.76,5.65,211452300.0
20250905,601677,明泰铝业,13.1,13.23,13.26,12.95,24376400.0
20250905,601678,滨化股份,4.28,4.25,4.42,4.22,59873500.0
20250905,601686,友发集团,5.85,5.85,5.86,5.81,8117300.0
20250905,601688,华泰证券,20.26,20.42,20.48,20.12,74302700.0
20250905,601689,拓普集团,61.0,63.39,63.94,60.8,52115000.0
20250905,601696,中银证券,15.18,14.95,15.18,14.76,92024700.0
20250905,601698,中国卫通,20.98,21.28,21.34,20.82,47189900.0
20250905,601699,潞安环能,12.79,13.29,13.36,12.67,44255300.0
20250905,601700,风范股份,4.79,4.84,4.84,4.76,14784100.0
20250905,601702,华峰铝业,16.77,17.17,17.47,16.7,8097300.0
20250905,601717,中创智领,20.86,21.49,21.51,20.82,35613100.0
20250905,601727,上海电气,7.99,8.22,8.22,7.92,227604900.0
20250905,601728,中国电信,7.36,7.26,7.39,7.23,162035200.0
20250905,601766,中国中车,7.46,7.49,7.54,7.41,104828100.0
20250905,601777,千里科技,11.2,11.38,11.45,10.95,48221400.0
20250905,601778,晶科科技,4.52,4.6,4.66,4.35,196790500.0
20250905,601788,光大证券,19.2,19.3,19.34,18.9,53148700.0
20250905,601789,宁波建工,5.35,5.35,5.36,5.28,19569400.0
20250905,601798,蓝科高新,9.49,9.88,9.89,9.35,13535800.0
20250905,601799,星宇股份,117.0,119.95,120.0,117.0,2290200.0
20250905,601800,中国交建,8.9,8.92,8.93,8.84,29612200.0
20250905,601801,皖新传媒,6.68,6.72,6.72,6.64,13248300.0
20250905,601808,中海油服,13.69,13.83,13.83,13.61,10479700.0
20250905,601811,新华文轩,15.86,15.74,15.86,15.59,2527400.0
20250905,601816,京沪高铁,5.29,5.27,5.33,5.25,145351900.0
20250905,601818,光大银行,3.74,3.71,3.75,3.68,235843800.0
20250905,601825,沪农商行,8.8,8.72,8.82,8.68,24440000.0
20250905,601827,三峰环境,8.6,8.6,8.66,8.51,8065400.0
20250905,601828,美凯龙,2.92,2.92,2.93,2.87,22242000.0
20250905,601838,成都银行,18.17,18.1,18.25,18.02,22513000.0
20250905,601857,中国石油,8.9,8.9,8.98,8.85,155373300.0
20250905,601858,中国科传,20.66,21.22,21.44,20.42,9253700.0
20250905,601860,紫金银行,2.94,2.92,2.94,2.9,63924800.0
20250905,601865,福莱特,18.18,19.35,19.53,18.13,66121400.0
20250905,601866,中远海发,2.48,2.49,2.5,2.46,91118800.0
20250905,601868,中国能建,2.39,2.4,2.41,2.37,298468700.0
20250905,601869,长飞光纤,84.0,89.85,91.3,84.0,32002300.0
20250905,601872,招商轮船,7.05,7.22,7.27,7.03,166722000.0
20250905,601877,正泰电器,27.5,28.98,29.0,27.5,53443500.0
20250905,601878,浙商证券,11.6,11.64,11.67,11.48,48835800.0
20250905,601880,辽港股份,1.64,1.66,1.66,1.63,92479600.0
20250905,601881,中国银河,17.19,17.21,17.23,16.99,58989400.0
20250905,601882,海天精工,20.54,21.33,21.63,20.3,12357900.0
20250905,601886,江河集团,7.77,7.62,7.77,7.6,4811800.0
20250905,601888,中国中免,68.0,70.49,70.69,67.11,48645100.0
20250905,601890,亚星锚链,9.51,9.6,9.61,9.41,18762400.0
20250905,601898,中煤能源,11.05,11.15,11.15,11.01,22163800.0
20250905,601899,紫金矿业,23.79,25.27,25.41,23.79,345232200.0
20250905,601900,南方传媒,13.42,13.44,13.44,13.3,8413500.0
20250905,601901,方正证券,8.3,8.35,8.37,8.24,85027200.0
20250905,601908,京运通,4.13,4.34,4.43,4.12,230282700.0
20250905,601916,浙商银行,3.1,3.08,3.11,3.06,158296500.0
20250905,601918,新集能源,6.28,6.29,6.29,6.23,32551800.0
20250905,601919,中远海控,15.16,15.12,15.17,15.05,63681400.0
20250905,601921,浙版传媒,8.29,8.38,8.39,8.23,12666300.0
20250905,601928,凤凰传媒,10.59,10.55,10.6,10.41,19490400.0
20250905,601929,吉视传媒,4.58,5.45,5.48,4.5,1014124800.0
20250905,601933,永辉超市,5.24,5.21,5.26,4.99,412092500.0
20250905,601939,建设银行,9.17,9.05,9.18,9.03,136755000.0
20250905,601949,中国出版,6.79,6.9,6.92,6.75,11232400.0
20250905,601952,苏垦农发,9.56,9.6,9.61,9.5,6829800.0
20250905,601956,东贝集团,6.7,6.83,6.83,6.59,16338300.0
20250905,601958,金钼股份,15.44,15.95,15.97,15.42,48090000.0
20250905,601963,重庆银行,9.71,9.6,9.72,9.56,10736600.0
20250905,601965,中国汽研,17.56,17.65,17.69,17.45,4949900.0
20250905,601966,玲珑轮胎,15.3,15.61,15.66,15.25,26662700.0
20250905,601968,宝钢包装,5.04,5.14,5.19,4.97,16942600.0
20250905,601969,海南矿业,7.89,8.1,8.1,7.86,16827300.0
20250905,601975,招商南油,3.05,3.05,3.1,3.01,243591000.0
20250905,601985,中国核电,8.75,8.74,8.75,8.69,67566800.0
20250905,601988,中国银行,5.59,5.52,5.59,5.5,367034900.0
20250905,601990,南京证券,8.41,8.74,8.91,8.36,87477300.0
20250905,601991,大唐发电,3.55,3.65,3.66,3.51,166515900.0
20250905,601992,金隅集团,1.61,1.6,1.61,1.58,60191400.0
20250905,601995,中金公司,37.18,37.29,37.31,36.75,24270000.0
20250905,601996,丰林集团,2.35,2.37,2.52,2.28,59290700.0
20250905,601997,贵阳银行,6.06,6.02,6.08,6.0,43626900.0
20250905,601998,中信银行,7.96,7.81,7.98,7.78,85389900.0
20250905,601999,出版传媒,7.07,7.17,7.24,6.87,6791500.0
20250905,603000,人民网,20.34,20.4,20.41,20.1,11462100.0
20250905,603001,奥康国际,8.74,9.39,9.47,8.74,12110400.0
20250905,603002,宏昌电子,7.61,7.87,7.88,7.57,33226500.0
20250905,603004,鼎龙科技,23.76,26.35,26.35,23.76,15503800.0
20250905,603005,晶方科技,29.65,30.08,30.26,29.3,29899500.0
20250905,603006,联明股份,13.49,13.62,13.7,13.12,4486500.0
20250905,603007,顺景科技,4.64,4.73,4.73,4.62,7515300.0
20250905,603009,北特科技,44.9,45.99,46.25,44.66,9612500.0
20250905,603010,万盛股份,10.1,10.39,10.4,10.1,4944300.0
20250905,603011,合锻智能,15.02,15.33,15.38,14.52,27618800.0
20250905,603012,创力集团,6.09,6.13,6.13,6.03,10878400.0
20250905,603013,亚普股份,23.31,24.63,25.25,23.07,11835300.0
20250905,603014,威高血净,40.33,40.8,41.58,39.98,6610800.0
20250905,603015,弘讯科技,11.59,11.83,11.84,11.49,5680000.0
20250905,603016,新宏泰,26.3,26.6,26.75,26.08,2163500.0
20250905,603017,中衡设计,9.43,9.53,9.53,9.34,4032900.0
20250905,603018,华设集团,7.66,7.71,7.71,7.61,9050500.0
20250905,603019,中科曙光,79.59,82.44,82.95,78.03,68244500.0
20250905,603020,爱普股份,9.63,9.62,9.63,9.44,13289000.0
20250905,603022,新通联,10.49,10.46,10.59,10.26,6663200.0
20250905,603023,威帝股份,4.08,4.12,4.13,4.02,10215300.0
20250905,603025,大豪科技,15.86,16.02,16.08,15.74,8164700.0
20250905,603026,石大胜华,38.4,40.91,41.4,38.4,13875200.0
20250905,603027,千禾味业,11.93,11.92,11.95,11.79,9959600.0
20250905,603028,赛福天,7.83,7.97,7.98,7.73,8024300.0
20250905,603029,天鹅股份,18.6,18.61,18.78,18.2,3871000.0
20250905,603030,全筑股份,2.7,2.74,2.76,2.66,53447000.0
20250905,603031,安孚科技,37.35,38.88,39.32,36.42,17224800.0
20250905,603032,德新科技,21.08,23.71,24.3,21.08,50239400.0
20250905,603033,三维股份,12.62,13.29,13.43,12.47,20664800.0
20250905,603035,常熟汽饰,14.74,14.91,14.93,14.65,9365900.0
20250905,603036,如通股份,19.37,20.53,20.54,19.36,8328000.0
20250905,603037,凯众股份,12.43,12.59,12.6,12.3,5730800.0
20250905,603038,华立股份,15.35,15.45,15.45,15.04,6155400.0
20250905,603039,泛微网络,57.0,57.1,57.15,55.49,2822300.0
20250905,603040,新坐标,61.46,61.26,62.0,59.63,4393700.0
20250905,603041,美思德,12.41,12.53,12.58,12.31,2746500.0
20250905,603042,华脉科技,15.32,15.51,15.51,14.94,7519600.0
20250905,603043,广州酒家,17.66,17.61,17.68,17.08,9798400.0
20250905,603045,福达合金,18.96,19.36,19.4,18.8,3448300.0
20250905,603048,浙江黎明,19.5,19.83,19.84,19.23,2795100.0
20250905,603049,中策橡胶,46.26,46.64,46.98,46.0,4064100.0
20250905,603050,科林电气,15.73,16.03,16.11,15.6,2668200.0
20250905,603051,鹿山新材,23.3,24.98,25.5,23.3,34024900.0
20250905,603052,可川科技,30.1,33.03,33.03,30.01,5599300.0
20250905,603053,成都燃气,10.97,10.9,10.97,10.75,8675800.0
20250905,603055,台华新材,9.36,9.44,9.45,9.28,5497800.0
20250905,603057,紫燕食品,23.71,23.49,23.81,23.17,3052300.0
20250905,603058,永吉股份,9.15,9.47,9.51,9.03,23416300.0
20250905,603059,倍加洁,31.15,31.41,31.45,30.5,2238600.0
20250905,603060,国检集团,6.72,6.71,6.73,6.59,4942500.0
20250905,603061,金海通,99.87,102.88,103.05,98.51,1388100.0
20250905,603062,麦加芯彩,51.5,52.12,52.38,50.1,1341700.0
20250905,603063,禾望电气,32.75,34.04,34.1,32.45,29093500.0
20250905,603065,宿迁联盛,8.59,8.68,8.68,8.57,5220000.0
20250905,603066,音飞储存,11.32,11.41,11.47,11.27,4053400.0
20250905,603067,振华股份,16.48,17.32,17.42,16.37,24604100.0
20250905,603068,博通集成,39.9,40.8,41.18,39.36,12263600.0
20250905,603069,海汽集团,19.69,20.63,20.96,19.64,10507000.0
20250905,603070,万控智造,13.6,14.07,14.11,13.6,4811100.0
20250905,603071,物产环能,13.74,13.94,13.95,13.63,3219400.0
20250905,603072,天和磁材,50.25,51.56,51.58,49.88,5161600.0
20250905,603073,彩蝶实业,17.34,17.25,17.4,16.92,1821900.0
20250905,603075,热威股份,24.18,25.18,25.35,24.16,2577000.0
20250905,603076,乐惠国际,26.59,26.68,26.87,25.9,2340500.0
20250905,603077,和邦生物,1.9,1.93,1.94,1.89,109692700.0
20250905,603078,江化微,18.9,19.92,20.07,18.73,35316300.0
20250905,603079,圣达生物,17.3,17.4,17.41,17.11,2060400.0
20250905,603080,新疆火炬,20.95,21.17,21.18,20.65,3641900.0
20250905,603081,大丰实业,12.97,13.03,13.23,12.69,20502200.0
20250905,603082,北自科技,39.6,40.46,40.54,39.37,1654200.0
20250905,603083,剑桥科技,74.71,80.8,81.5,74.16,46780000.0
20250905,603085,天成自控,10.5,10.68,10.76,10.39,8374600.0
20250905,603086,先达股份,9.36,9.42,9.42,9.21,12226900.0
20250905,603087,甘李药业,71.77,74.88,75.19,70.93,21875700.0
20250905,603088,宁波精达,9.65,10.15,10.17,9.61,19671300.0
20250905,603089,正裕工业,15.14,15.88,16.06,15.02,8254500.0
20250905,603090,宏盛股份,41.7,43.82,44.66,39.76,10802200.0
20250905,603091,众鑫股份,69.16,74.66,74.87,68.1,1279900.0
20250905,603093,南华期货,20.84,21.27,21.47,20.6,9657700.0
20250905,603095,越剑智能,14.55,14.78,14.81,14.43,2421300.0
20250905,603096,新经典,17.97,18.05,18.08,17.66,1595100.0
20250905,603097,江苏华辰,21.71,22.02,22.04,21.66,1691700.0
20250905,603098,森特股份,13.35,14.25,14.3,13.3,20556900.0
20250905,603099,长白山,55.0,53.03,55.0,50.56,27132400.0
20250905,603100,川仪股份,21.81,22.66,22.69,21.54,21411800.0
20250905,603101,汇嘉时代,11.29,11.66,11.92,10.73,76978700.0
20250905,603102,百合股份,42.84,46.51,46.51,42.84,3519700.0
20250905,603103,横店影视,15.98,16.86,16.97,15.92,12432100.0
20250905,603105,芯能科技,9.17,9.47,9.47,9.12,23762300.0
20250905,603106,恒银科技,10.81,10.78,10.82,10.4,17139300.0
20250905,603107,上海汽配,15.67,15.79,15.79,15.5,2779600.0
20250905,603108,润达医疗,16.8,17.06,17.07,16.67,12553800.0
20250905,603109,神驰机电,30.48,31.3,31.3,30.13,5105500.0
20250905,603110,东方材料,17.02,17.21,17.5,16.72,20948800.0
20250905,603111,康尼机电,7.48,7.57,7.61,7.47,19684300.0
20250905,603112,华翔股份,17.39,18.06,18.22,17.23,18572300.0
20250905,603113,金能科技,7.48,7.48,7.5,7.41,7783900.0
20250905,603115,海星股份,19.19,19.56,19.68,18.96,4736300.0
20250905,603116,红蜻蜓,6.04,6.01,6.04,5.92,5473200.0
20250905,603117,万林物流,5.75,5.7,5.75,5.62,13821300.0
20250905,603118,共进股份,12.65,12.88,12.93,12.4,35816800.0
20250905,603119,浙江荣泰,76.7,79.85,83.0,76.16,31077900.0
20250905,603120,肯特催化,45.3,45.39,46.15,44.4,4661200.0
20250905,603121,华培动力,16.9,17.61,17.79,16.67,16542300.0
20250905,603122,合富中国,6.66,6.66,6.67,6.51,6820600.0
20250905,603123,翠微股份,13.05,13.21,13.25,12.67,25784200.0
20250905,603124,江南新材,81.0,82.92,83.2,79.0,3015200.0
20250905,603125,常青科技,16.78,16.93,17.0,16.76,3466900.0
20250905,603126,中材节能,6.68,6.79,6.84,6.66,10810000.0
20250905,603127,昭衍新药,31.66,34.01,34.01,31.0,57796300.0
20250905,603128,华贸物流,6.09,6.09,6.1,6.02,21941100.0
20250905,603129,春风动力,256.5,265.14,270.95,256.5,2759600.0
20250905,603130,云中马,39.05,39.81,39.9,38.58,2384400.0
20250905,603131,上海沪工,19.33,19.62,19.67,19.09,8959500.0
20250905,603132,金徽股份,13.48,13.64,13.76,13.34,4731400.0
20250905,603135,中重科技,10.19,10.28,10.3,10.1,4210600.0
20250905,603136,天目湖,13.66,13.6,13.67,13.25,19909200.0
20250905,603137,恒尚节能,14.67,14.5,14.71,14.48,2133700.0
20250905,603138,海量数据,15.3,15.26,15.3,14.96,5444400.0
20250905,603139,康惠股份,23.46,23.23,23.58,22.65,2124300.0
20250905,603150,万朗磁塑,36.3,37.94,38.86,36.29,5071800.0
20250905,603151,邦基科技,24.66,24.97,24.97,24.01,2464600.0
20250905,603153,上海建科,18.59,18.54,18.59,18.38,2447900.0
20250905,603155,新亚强,16.27,16.59,16.59,16.23,4300000.0
20250905,603156,养元饮品,21.61,21.9,21.92,21.46,3910700.0
20250905,603158,腾龙股份,10.58,10.67,10.73,10.43,42999600.0
20250905,603159,上海亚虹,21.05,21.9,22.05,20.29,3419600.0
20250905,603160,汇顶科技,74.59,76.55,76.65,74.11,7695600.0
20250905,603161,科华控股,13.05,13.24,13.25,12.92,4088200.0
20250905,603162,海通发展,9.09,9.03,9.17,8.97,8303300.0
20250905,603163,圣晖集成,39.0,44.15,44.15,37.85,6046500.0
20250905,603165,荣晟环保,12.85,13.03,13.11,12.6,13937300.0
20250905,603166,福达股份,16.93,17.22,17.23,16.76,18548100.0
20250905,603167,渤海轮渡,10.29,10.3,10.31,10.18,2776700.0
20250905,603168,莎普爱思,8.37,8.37,8.4,8.07,19664500.0
20250905,603169,兰石重装,7.44,7.7,7.72,7.41,30206000.0
20250905,603170,宝立食品,14.31,14.4,14.49,14.02,6336000.0
20250905,603171,税友股份,51.98,51.3,51.98,50.33,4833500.0
20250905,603172,万丰股份,16.69,16.78,16.88,16.39,1820700.0
20250905,603173,福斯达,48.5,50.45,50.57,48.2,3283300.0
20250905,603176,汇通集团,6.27,6.35,6.35,6.19,6636900.0
20250905,603177,德创环保,11.3,11.38,11.48,11.02,26216200.0
20250905,603178,圣龙股份,20.0,20.17,20.45,19.8,20842400.0
20250905,603179,新泉股份,58.4,62.98,64.88,56.88,39381600.0
20250905,603180,金牌家居,20.1,20.02,20.1,19.85,1559900.0
20250905,603181,皇马科技,15.97,16.25,16.25,15.91,13411400.0
20250905,603182,嘉华股份,14.25,14.48,14.55,14.15,4278600.0
20250905,603183,建研院,4.38,4.43,4.44,4.3,10189500.0
20250905,603185,弘元绿能,22.57,23.61,23.96,22.31,38337400.0
20250905,603186,华正新材,36.6,37.3,37.32,35.99,7372200.0
20250905,603187,海容冷链,14.6,14.71,14.74,14.25,7072000.0
20250905,603188,亚邦股份,4.16,4.18,4.2,4.09,12440800.0
20250905,603190,亚通精工,23.0,23.48,23.49,22.91,2209400.0
20250905,603191,望变电气,14.94,15.66,15.7,14.9,14039500.0
20250905,603192,汇得科技,22.0,22.2,22.2,21.82,1875300.0
20250905,603193,润本股份,29.2,29.48,29.55,28.65,3695900.0
20250905,603194,中力股份,38.71,40.11,40.2,38.42,4732300.0
20250905,603195,公牛集团,46.2,46.77,46.8,46.15,3962400.0
20250905,603196,璞源材料,19.85,20.41,20.79,19.8,5955900.0
20250905,603197,保隆科技,37.59,37.99,38.1,37.45,4880000.0
20250905,603198,迎驾贡酒,44.5,44.38,44.5,43.42,6535600.0
20250905,603199,九华旅游,38.51,38.8,38.88,37.61,4712900.0
20250905,603200,上海洗霸,82.58,91.3,91.3,82.58,15867300.0
20250905,603201,常润股份,17.5,18.26,18.3,17.4,5418700.0
20250905,603202,天有为,98.92,100.35,100.51,98.43,1344900.0
20250905,603203,快克智能,29.72,30.3,30.4,29.38,2831700.0
20250905,603205,健尔康,29.51,29.91,29.94,29.48,1528400.0
20250905,603206,嘉环科技,17.0,17.33,17.36,16.8,3322600.0
20250905,603207,小方制药,35.0,34.69,35.17,34.06,3207800.0
20250905,603208,江山欧派,14.74,14.79,14.88,14.56,1839300.0
20250905,603209,兴通股份,14.68,14.95,14.96,14.65,3285600.0
20250905,603210,泰鸿万立,20.68,21.09,21.22,20.52,4997600.0
20250905,603211,晋拓股份,19.0,19.45,19.49,18.86,3826100.0
20250905,603212,赛伍技术,12.51,13.27,13.28,12.34,62282200.0
20250905,603213,镇洋发展,13.6,13.32,13.61,13.01,13776600.0
20250905,603214,爱婴室,18.88,18.92,18.94,18.34,5871900.0
20250905,603215,比依股份,21.6,21.9,22.1,20.95,6099700.0
20250905,603216,梦天家居,14.28,15.12,15.2,14.24,7689500.0
20250905,603217,元利科技,20.03,21.08,21.5,20.03,6694400.0
20250905,603218,日月股份,12.36,13.25,13.27,12.36,36165600.0
20250905,603219,富佳股份,17.38,17.63,17.7,17.16,5742800.0
20250905,603220,中贝通信,22.1,22.53,22.58,21.76,11983500.0
20250905,603221,爱丽家居,12.2,12.4,12.44,12.15,5517400.0
20250905,603222,济民健康,10.79,10.51,11.14,10.4,89638300.0
20250905,603223,恒通股份,9.28,9.15,9.28,9.15,6415800.0
20250905,603225,新凤鸣,14.9,15.09,15.41,14.63,12427600.0
20250905,603226,菲林格尔,23.72,25.25,25.36,23.01,8127200.0
20250905,603227,雪峰科技,9.25,9.41,9.42,9.21,24625600.0
20250905,603228,景旺电子,52.1,54.7,54.88,51.63,30507400.0
20250905,603229,奥翔药业,10.9,11.08,11.1,10.75,10682300.0
20250905,603230,内蒙新华,12.8,12.77,12.81,12.55,6554400.0
20250905,603231,索宝蛋白,19.31,19.62,19.91,18.94,12088200.0
20250905,603232,格尔软件,14.8,14.84,14.86,14.52,4460700.0
20250905,603233,大参林,17.13,17.17,17.19,16.73,6952100.0
20250905,603235,天新药业,27.34,27.47,27.54,27.08,1313400.0
20250905,603236,移远通信,92.66,94.31,94.51,90.87,13762800.0
20250905,603237,五芳斋,18.64,18.49,18.65,18.09,9758000.0
20250905,603238,诺邦股份,20.18,20.89,21.2,20.03,3762400.0
20250905,603239,浙江仙通,17.11,17.37,17.48,16.8,14728000.0
20250905,603255,鼎际得,35.07,35.6,35.91,34.8,2083700.0
20250905,603256,宏和科技,35.48,36.45,36.73,34.6,20896200.0
20250905,603257,中国瑞林,66.38,70.18,74.0,66.01,12822700.0
20250905,603258,电魂网络,21.17,21.35,21.5,20.74,3945900.0
20250905,603259,药明康德,101.93,107.4,108.32,100.2,80229200.0
20250905,603260,合盛硅业,51.2,55.3,56.24,51.2,19788300.0
20250905,603261,立航科技,21.4,21.55,21.79,21.2,974200.0
20250905,603262,技源集团,31.21,31.27,31.36,30.8,2516000.0
20250905,603266,天龙股份,21.45,21.88,22.32,21.25,6303200.0
20250905,603267,鸿远电子,52.46,53.87,54.17,52.0,5153900.0
20250905,603268,松发股份,50.13,52.13,52.24,49.01,1911800.0
20250905,603269,海鸥股份,10.96,11.38,11.49,10.86,11487400.0
20250905,603270,金帝股份,25.98,26.43,26.47,25.66,3473900.0
20250905,603271,永杰新材,39.72,40.93,41.05,39.57,3924600.0
20250905,603273,天元智能,19.64,20.17,20.23,19.58,2829200.0
20250905,603275,众辰科技,50.53,51.47,51.88,49.41,4761800.0
20250905,603276,恒兴新材,17.74,18.97,19.06,17.74,6446100.0
20250905,603277,银都股份,17.27,17.67,18.07,17.12,7062300.0
20250905,603278,大业股份,10.0,10.09,10.2,9.82,11041400.0
20250905,603279,景津装备,15.48,15.5,15.53,15.39,4237500.0
20250905,603280,南方路机,41.61,43.07,43.17,41.47,4296100.0
20250905,603281,江瀚新材,24.87,25.36,25.36,24.81,1678800.0
20250905,603282,亚光股份,18.3,18.82,19.0,18.1,4070400.0
20250905,603283,赛腾股份,39.78,41.36,41.88,39.11,16614600.0
20250905,603285,键邦股份,27.14,28.59,28.59,26.88,5537300.0
20250905,603286,日盈电子,30.1,30.65,30.9,29.85,4627400.0
20250905,603288,海天味业,40.42,40.44,40.52,40.03,18161400.0
20250905,603289,泰瑞机器,10.06,10.38,10.4,9.98,9636900.0
20250905,603290,斯达半导,100.41,104.31,104.9,99.38,8139400.0
20250905,603291,联合水务,11.54,11.53,11.6,11.42,3382600.0
20250905,603296,华勤技术,83.9,88.0,88.55,82.93,17081300.0
20250905,603297,永新光学,96.72,103.16,104.3,94.4,3795700.0
20250905,603298,杭叉集团,23.2,24.59,24.65,23.07,15622400.0
20250905,603299,苏盐井神,10.95,10.93,11.07,10.88,6888300.0
20250905,603300,海南华铁,9.94,10.17,10.17,9.86,75071600.0
20250905,603301,振德医疗,25.09,25.23,25.39,24.35,5048600.0
20250905,603303,得邦照明,14.15,14.3,14.3,14.11,1905100.0
20250905,603305,旭升集团,14.34,14.82,14.84,14.15,34111300.0
20250905,603306,华懋科技,46.99,48.1,48.24,46.29,10233400.0
20250905,603307,扬州金泉,39.07,39.98,40.0,38.9,871000.0
20250905,603308,应流股份,28.27,30.88,31.1,28.27,26745100.0
20250905,603309,维力医疗,14.11,14.33,14.35,13.97,4147900.0
20250905,603310,巍华新材,17.85,17.93,17.96,17.74,2466200.0
20250905,603311,金海高科,10.96,11.03,11.12,10.85,3512200.0
20250905,603312,西典新能,41.71,43.33,43.53,41.2,2391900.0
20250905,603313,梦百合,8.6,8.66,8.66,8.43,6915700.0
20250905,603315,福鞍股份,13.48,13.78,13.83,13.34,7787100.0
20250905,603316,诚邦股份,9.4,9.5,9.76,9.15,19740800.0
20250905,603317,天味食品,11.88,12.01,12.03,11.78,6398400.0
20250905,603318,水发燃气,6.68,6.71,6.71,6.64,4884300.0
20250905,603319,美湖股份,34.6,37.71,37.76,33.95,29287400.0
20250905,603320,迪贝电气,19.01,19.45,19.45,18.86,3045200.0
20250905,603321,梅轮电梯,8.25,8.33,8.35,8.09,4932200.0
20250905,603322,超讯科技,38.1,39.48,39.53,38.1,5942300.0
20250905,603323,苏农银行,5.26,5.22,5.27,5.17,28747300.0
20250905,603324,盛剑科技,25.06,25.49,25.53,25.03,1549900.0
20250905,603325,博隆技术,88.4,90.1,91.0,86.65,1835100.0
20250905,603326,我乐家居,8.78,8.82,8.9,8.56,4877700.0
20250905,603327,福蓉科技,9.88,10.06,10.09,9.76,12189700.0
20250905,603328,依顿电子,10.35,10.84,10.85,10.3,24172300.0
20250905,603329,上海雅仕,11.41,11.37,11.45,11.22,3973600.0
20250905,603330,天洋新材,7.64,7.83,7.86,7.61,10823500.0
20250905,603331,百达精工,10.66,10.8,10.88,10.52,5237900.0
20250905,603332,苏州龙杰,14.31,14.55,14.55,14.07,6657500.0
20250905,603333,福华尚纬,9.1,9.29,9.63,9.0,42801500.0
20250905,603335,迪生力,4.98,5.07,5.07,4.9,11703300.0
20250905,603336,宏辉果蔬,9.22,9.47,9.47,8.91,26580400.0
20250905,603337,杰克科技,47.0,47.54,47.63,46.16,3004800.0
20250905,603338,浙江鼎力,50.43,51.75,51.9,50.11,5493800.0
20250905,603339,四方科技,14.66,14.98,14.99,14.42,8854200.0
20250905,603341,龙旗科技,40.74,41.82,41.91,40.11,6455700.0
20250905,603344,星德胜,26.9,28.06,28.43,26.54,10746100.0
20250905,603345,安井食品,74.0,74.03,74.15,73.31,4686000.0
20250905,603348,文灿股份,20.7,21.71,21.75,20.6,9858000.0
20250905,603350,安乃达,42.1,43.73,43.78,41.62,4565300.0
20250905,603351,威尔药业,28.39,28.69,28.72,28.03,940300.0
20250905,603353,和顺石油,16.13,16.23,16.25,15.96,1836600.0
20250905,603355,莱克电气,22.35,22.65,22.7,22.24,2698700.0
20250905,603356,华菱精工,12.93,13.23,13.31,12.68,4393300.0
20250905,603357,设计总院,8.47,8.49,8.49,8.45,4743100.0
20250905,603358,华达科技,41.01,41.58,41.69,40.91,2230100.0
20250905,603360,百傲化学,24.25,24.59,24.7,23.85,12187700.0
20250905,603363,傲农生物,4.79,4.7,4.79,4.6,110611100.0
20250905,603365,水星家纺,17.09,17.05,17.11,16.75,1469700.0
20250905,603366,日出东方,10.1,10.18,10.2,9.71,35394000.0
20250905,603367,辰欣药业,25.83,25.21,26.2,24.37,28957900.0
20250905,603368,柳药集团,17.93,18.2,18.25,17.84,6017300.0
20250905,603369,今世缘,42.89,43.07,43.14,42.41,8845300.0
20250905,603370,华新精科,65.0,69.3,77.3,64.24,28011600.0
20250905,603373,安邦护卫,49.77,49.99,50.61,48.36,3015800.0
20250905,603375,盛景微,38.61,39.21,39.34,38.19,2383700.0
20250905,603379,三美股份,57.52,58.12,58.23,57.16,9999900.0
20250905,603380,易德龙,42.0,44.5,44.51,41.45,4042400.0
20250905,603381,永臻股份,24.0,24.32,24.5,23.5,16064300.0
20250905,603382,海阳科技,36.35,37.69,38.03,36.35,5984100.0
20250905,603383,顶点软件,42.46,42.5,42.56,41.65,4943200.0
20250905,603385,惠达卫浴,6.81,6.76,6.87,6.68,5361900.0
20250905,603386,骏亚科技,14.5,15.08,15.16,14.32,14402900.0
20250905,603387,基蛋生物,8.41,8.42,8.43,8.3,8066800.0
20250905,603389,亚振家居,23.38,23.38,23.38,23.38,946000.0
20250905,603390,通达电气,13.1,13.1,13.1,12.81,5589400.0
20250905,603391,力聚热能,42.0,41.97,42.2,41.72,1619400.0
20250905,603392,万泰生物,56.77,57.28,57.36,56.12,3529800.0
20250905,603393,新天然气,28.98,29.22,29.25,28.85,3328800.0
20250905,603395,红四方,36.49,36.88,36.99,36.2,4242400.0
20250905,603396,金辰股份,29.49,31.09,31.1,29.13,14195600.0
20250905,603399,永杉锂业,9.71,10.2,10.2,9.71,25315800.0
20250905,603400,华之杰,65.99,69.3,69.3,65.35,3695100.0
20250905,603406,天富龙,44.0,44.5,44.65,44.0,2770800.0
20250905,603408,建霖家居,11.76,11.87,11.92,11.7,3189100.0
20250905,603409,汇通控股,34.7,35.11,35.11,34.56,858300.0
20250905,603416,信捷电气,54.77,56.25,56.33,54.31,2343600.0
20250905,603421,鼎信通讯,6.52,6.56,6.58,6.38,7844000.0
20250905,603439,三力制药,12.86,12.96,12.96,12.77,5438400.0
20250905,603444,吉比特,445.0,459.92,465.0,442.8,1808500.0
20250905,603456,九洲药业,18.11,19.15,19.18,17.94,44099300.0
20250905,603458,勘设股份,8.53,8.89,8.95,8.5,10518400.0
20250905,603466,风语筑,9.9,9.97,10.01,9.67,12422600.0
20250905,603477,巨星农牧,20.64,20.69,20.73,20.19,13168700.0
20250905,603486,科沃斯,88.72,92.86,93.0,88.72,6114900.0
20250905,603488,展鹏科技,8.26,8.31,8.34,8.16,3545600.0
20250905,603489,八方股份,26.09,26.96,27.11,26.09,4180900.0
20250905,603496,恒为科技,27.5,28.39,28.4,27.02,11966900.0
20250905,603499,翔港科技,17.63,18.81,19.11,17.46,13341500.0
20250905,603500,祥和实业,11.15,11.2,11.28,10.89,12400800.0
20250905,603501,豪威集团,128.9,132.0,132.44,128.12,25128800.0
20250905,603505,金石资源,16.6,17.36,17.38,16.51,17355400.0
20250905,603506,南都物业,13.6,13.49,13.71,13.41,5207500.0
20250905,603507,振江股份,25.65,27.0,27.08,25.58,9409900.0
20250905,603508,思维列控,35.08,35.8,35.95,34.92,8443600.0
20250905,603511,爱慕股份,15.48,15.98,15.98,15.47,10342800.0
20250905,603515,欧普照明,17.85,17.73,17.85,17.4,1736000.0
20250905,603516,淳中科技,99.0,98.62,99.6,95.08,10381500.0
20250905,603518,锦泓集团,10.12,10.48,10.5,9.96,22646100.0
20250905,603519,立霸股份,12.6,12.92,12.98,12.56,2847300.0
20250905,603520,司太立,11.61,11.69,11.74,11.3,13454400.0
20250905,603527,众源新材,10.81,11.27,11.27,10.78,12943300.0
20250905,603528,多伦科技,8.78,9.02,9.02,8.74,11171300.0
20250905,603529,爱玛科技,35.15,36.15,36.74,35.15,12874400.0
20250905,603530,神马电力,29.3,30.66,30.66,29.3,4931500.0
20250905,603533,掌阅科技,19.77,19.96,20.09,19.35,9944100.0
20250905,603535,嘉诚国际,11.4,11.39,11.4,11.05,5733500.0
20250905,603536,惠发食品,10.77,10.62,11.0,10.29,35756300.0
20250905,603538,美诺华,24.55,25.23,25.27,24.12,11184400.0
20250905,603551,奥普科技,12.24,12.47,12.52,12.04,1755200.0
20250905,603556,海兴电力,26.87,27.4,27.5,26.75,4905400.0
20250905,603558,健盛集团,9.88,9.8,9.97,9.7,6493900.0
20250905,603559,中通国脉,8.04,8.1,8.21,8.03,1198000.0
20250905,603565,中谷物流,11.06,11.07,11.08,10.91,14169800.0
20250905,603566,普莱柯,14.42,14.45,14.49,14.27,4389100.0
20250905,603567,珍宝岛,11.76,11.84,11.85,11.57,6713700.0
20250905,603568,伟明环保,19.0,19.2,19.29,19.0,5893000.0
20250905,603569,长久物流,9.26,9.84,9.9,9.25,20892200.0
20250905,603577,汇金通,9.57,9.73,9.75,9.5,6142600.0
20250905,603578,三星新材,12.92,13.03,13.09,12.77,2325400.0
20250905,603579,荣泰健康,37.2,38.3,38.62,36.4,7239300.0
20250905,603580,艾艾精工,14.09,14.34,14.35,13.93,1124000.0
20250905,603583,捷昌驱动,40.1,41.32,41.58,39.45,16752200.0
20250905,603585,苏利股份,18.45,18.55,18.69,18.15,1618000.0
20250905,603586,金麒麟,19.27,19.71,19.71,19.16,3530200.0
20250905,603587,地素时尚,13.3,13.27,13.34,13.03,3732300.0
20250905,603588,高能环境,6.56,6.67,6.68,6.51,29946800.0
20250905,603589,口子窖,34.14,34.26,34.27,33.88,4641500.0
20250905,603590,康辰药业,56.1,56.93,57.32,53.9,4714000.0
20250905,603596,伯特利,46.85,46.81,47.08,46.11,12648800.0
20250905,603598,引力传媒,16.91,17.2,17.37,16.52,7277400.0
20250905,603599,广信股份,11.65,11.97,12.02,11.61,14474200.0
20250905,603600,永艺股份,11.05,11.2,11.26,10.93,6763100.0
20250905,603601,再升科技,5.22,5.27,5.29,5.14,37791900.0
20250905,603602,纵横通信,15.39,15.55,15.79,15.15,10181700.0
20250905,603605,珀莱雅,81.88,83.04,83.14,81.16,7687500.0
20250905,603606,东方电缆,56.41,57.89,60.06,56.16,18446800.0
20250905,603607,京华激光,23.57,24.21,24.29,23.35,6555300.0
20250905,603608,天创时尚,7.61,7.71,7.77,7.28,24851100.0
20250905,603609,禾丰股份,8.56,8.51,8.57,8.41,4584500.0
20250905,603610,麒盛科技,17.22,18.1,18.4,16.3,27070500.0
20250905,603611,诺力股份,23.6,23.98,23.98,23.01,14963900.0
20250905,603612,索通发展,24.92,27.19,27.69,24.75,62804200.0
20250905,603613,国联股份,27.25,28.7,28.94,26.95,23713600.0
20250905,603615,茶花股份,24.52,26.99,26.99,24.52,8191700.0
20250905,603616,韩建河山,5.55,5.52,5.55,5.37,12695500.0
20250905,603617,君禾股份,8.45,8.42,8.49,8.33,10572100.0
20250905,603618,杭电股份,7.0,7.34,7.34,6.91,59939400.0
20250905,603619,中曼石油,18.7,18.87,18.88,18.68,6193900.0
20250905,603626,科森科技,14.01,15.64,15.85,13.63,140724600.0
20250905,603628,清源股份,13.41,14.06,14.07,13.41,25993000.0
20250905,603629,利通电子,23.61,24.33,24.33,23.37,8438200.0
20250905,603630,拉芳家化,30.0,29.73,30.57,28.07,17596100.0
20250905,603633,徕木股份,10.85,11.16,11.4,10.8,18138300.0
20250905,603636,南威软件,12.41,12.53,12.54,12.2,9960900.0
20250905,603637,镇海股份,11.51,11.75,11.78,11.27,7877700.0
20250905,603638,艾迪精密,17.95,18.31,18.32,17.92,3762300.0
20250905,603639,海利尔,14.66,14.87,14.87,14.46,3562700.0
20250905,603648,畅联股份,10.88,11.06,11.07,10.77,3969000.0
20250905,603650,彤程新材,33.99,34.93,34.98,33.99,12736900.0
20250905,603655,朗博科技,35.65,37.22,37.9,35.17,2040900.0
20250905,603656,泰禾智能,18.52,19.35,19.5,18.44,7722800.0
20250905,603657,春光科技,40.21,40.56,41.14,39.3,4693200.0
20250905,603658,安图生物,40.4,40.55,40.58,40.1,2855200.0
20250905,603659,璞泰来,23.14,25.45,25.45,23.14,104062500.0
20250905,603660,苏州科达,8.32,8.52,8.54,8.17,28779500.0
20250905,603661,恒林股份,31.91,32.5,32.64,31.84,1420700.0
20250905,603662,柯力传感,66.29,68.7,68.94,66.12,9977400.0
20250905,603663,三祥新材,28.02,29.8,29.94,27.85,35278200.0
20250905,603665,康隆达,28.28,29.15,29.4,27.79,3301300.0
20250905,603666,亿嘉和,29.94,30.33,30.36,29.41,4343400.0
20250905,603667,五洲新春,37.29,38.88,39.05,36.72,25027800.0
20250905,603668,天马科技,14.31,14.49,14.65,14.2,17109200.0
20250905,603669,灵康药业,5.78,6.0,6.03,5.66,19948100.0
20250905,603676,卫信康,12.13,12.3,12.31,11.98,3291600.0
20250905,603677,奇精机械,19.1,19.21,19.26,18.93,2430200.0
20250905,603678,火炬电子,36.6,37.17,37.34,36.35,7289600.0
20250905,603679,华体科技,16.16,16.42,16.49,15.81,4447500.0
20250905,603680,今创集团,12.94,13.03,13.05,12.81,3483000.0
20250905,603681,永冠新材,15.67,16.35,16.41,15.4,8990500.0
20250905,603682,锦和商管,5.95,5.93,5.95,5.76,8558500.0
20250905,603683,晶华新材,23.2,25.52,25.52,22.94,12253000.0
20250905,603685,晨丰科技,17.96,18.11,18.17,17.77,2597400.0
20250905,603686,福龙马,18.86,19.17,19.28,18.7,32274200.0
20250905,603687,大胜达,8.11,8.56,8.71,8.07,51684500.0
20250905,603688,石英股份,37.76,39.51,39.74,37.76,18534400.0
20250905,603689,皖天然气,8.78,8.8,8.82,8.73,3945100.0
20250905,603690,至纯科技,25.83,27.34,27.88,25.38,44654900.0
20250905,603693,江苏新能,13.11,13.36,13.38,13.06,8061000.0
20250905,603696,安记食品,13.8,13.03,13.8,12.62,35161100.0
20250905,603697,有友食品,12.82,12.58,12.83,12.03,13485200.0
20250905,603698,航天工程,16.84,16.95,16.98,16.79,4122900.0
20250905,603699,纽威股份,33.85,34.43,34.72,33.38,5345100.0
20250905,603700,宁水集团,12.23,12.5,12.51,12.1,4272000.0
20250905,603701,德宏股份,19.3,19.64,19.68,19.05,2376600.0
20250905,603703,盛洋科技,10.0,10.07,10.18,9.82,11028500.0
20250905,603706,东方环宇,20.65,20.77,20.77,20.37,1337800.0
20250905,603707,健友股份,11.42,11.54,11.55,11.19,15379400.0
20250905,603708,家家悦,11.4,11.61,11.61,11.13,10778400.0
20250905,603709,中源家居,16.83,16.83,16.83,16.83,7701300.0
20250905,603711,香飘飘,13.49,13.55,13.57,13.23,4044700.0
20250905,603712,七一二,21.2,21.53,21.65,20.71,13017000.0
20250905,603713,密尔克卫,65.9,65.46,66.29,64.32,2477700.0
20250905,603716,塞力医疗,28.85,28.65,28.88,27.04,28916600.0
20250905,603717,天域生物,8.15,8.11,8.15,7.85,7180700.0
20250905,603719,良品铺子,13.3,13.38,13.38,13.02,7829200.0
20250905,603721,中广天择,21.21,21.37,21.55,21.09,3193500.0
20250905,603722,阿科力,47.2,48.52,49.0,46.4,2413000.0
20250905,603725,天安新材,9.84,9.94,10.1,9.67,6712300.0
20250905,603726,朗迪集团,18.85,19.22,19.25,18.54,3299500.0
20250905,603727,博迈科,13.81,13.88,13.92,13.52,2174500.0
20250905,603728,鸣志电器,60.42,62.59,62.65,60.03,9538700.0
20250905,603730,岱美股份,5.69,5.81,5.84,5.68,23113000.0
20250905,603733,仙鹤股份,24.85,24.89,24.95,24.55,3586000.0
20250905,603737,三棵树,46.96,47.32,47.89,46.55,4646700.0
20250905,603738,泰晶科技,14.45,14.7,14.72,14.38,9846100.0
20250905,603739,蔚蓝生物,14.25,14.6,14.68,14.09,4879700.0
20250905,603755,日辰股份,26.79,26.95,26.95,26.3,1035400.0
20250905,603757,大元泵业,49.8,47.71,50.13,45.16,19935000.0
20250905,603758,秦安股份,13.74,13.86,13.93,13.5,6757500.0
20250905,603759,海天股份,7.97,7.96,7.97,7.84,4232400.0
20250905,603766,隆鑫通用,12.26,12.9,12.96,12.2,38451100.0
20250905,603767,中马传动,26.96,28.18,28.45,26.81,20468600.0
20250905,603768,常青股份,12.29,12.48,12.52,12.21,2863900.0
20250905,603773,沃格光电,34.68,38.94,38.94,34.68,13770700.0
20250905,603776,永安行,20.0,20.74,20.8,19.67,6184000.0
20250905,603777,来伊份,14.45,14.78,14.86,13.9,29084400.0
20250905,603778,国晟科技,3.74,3.88,3.88,3.74,48225700.0
20250905,603779,威龙股份,7.25,7.18,7.25,7.06,7404800.0
20250905,603786,科博达,58.5,61.27,61.27,58.5,5953200.0
20250905,603787,新日股份,12.58,12.69,12.71,12.43,3568100.0
20250905,603788,宁波高发,16.36,16.7,16.7,16.21,3415900.0
20250905,603790,雅运股份,18.0,18.27,18.32,17.8,1431600.0
20250905,603797,联泰环保,4.6,4.61,4.61,4.52,5872500.0
20250905,603798,康普顿,14.19,14.88,14.9,14.19,8383200.0
20250905,603799,华友钴业,47.08,50.75,50.88,46.28,144649200.0
20250905,603800,洪田股份,47.01,49.5,50.2,46.8,9666500.0
20250905,603801,志邦家居,9.95,9.98,9.98,9.89,5293500.0
20250905,603803,瑞斯康达,8.65,8.66,8.7,8.5,11066900.0
20250905,603806,福斯特,15.32,16.13,16.45,15.2,80830000.0
20250905,603808,歌力思,8.14,8.17,8.2,8.03,5758000.0
20250905,603809,豪能股份,14.1,14.37,14.39,13.97,16937200.0
20250905,603810,丰山集团,15.1,15.25,15.25,14.91,2167700.0
20250905,603811,诚意药业,14.25,14.43,14.45,13.75,12846200.0
20250905,603813,原尚股份,18.8,19.56,19.56,18.65,1526500.0
20250905,603815,交建股份,11.07,12.32,12.32,11.07,40481600.0
20250905,603816,顾家家居,29.18,29.49,30.08,29.01,6017700.0
20250905,603817,海峡环保,6.66,6.53,6.97,6.51,68515500.0
20250905,603818,曲美家居,4.05,4.07,4.07,3.96,15456500.0
20250905,603819,神力股份,11.91,12.15,12.15,11.76,4855000.0
20250905,603823,百合花,14.6,14.66,14.93,14.41,11350000.0
20250905,603826,坤彩科技,19.45,20.02,20.04,19.39,5025700.0
20250905,603829,洛凯股份,17.67,17.8,18.14,17.4,3024500.0
20250905,603833,欧派家居,54.89,56.24,56.28,54.6,3654400.0
20250905,603836,海程邦达,13.85,13.87,13.87,13.64,2225300.0
20250905,603839,安正时尚,11.47,11.47,11.47,11.47,10888800.0
20250905,603848,好太太,27.35,28.83,29.49,26.66,7175500.0
20250905,603855,华荣股份,19.76,20.08,20.15,19.76,4547700.0
20250905,603856,东宏股份,11.45,11.48,11.49,11.37,3266800.0
20250905,603858,步长制药,18.99,19.12,19.15,18.82,7212800.0
20250905,603859,能科科技,42.96,43.45,43.79,42.4,12645400.0
20250905,603860,中公高科,30.69,30.96,31.08,30.41,1210100.0
20250905,603861,白云电器,10.25,10.43,10.44,10.18,17541500.0
20250905,603863,松炀资源,19.6,19.92,20.1,19.0,24561200.0
20250905,603866,桃李面包,5.7,5.68,5.73,5.59,26475200.0
20250905,603867,新化股份,28.8,30.13,30.18,28.55,8341400.0
20250905,603868,飞科电器,37.53,37.54,37.61,37.06,1251900.0
20250905,603871,嘉友国际,12.11,12.28,12.38,11.88,19737100.0
20250905,603876,鼎胜新材,10.5,11.12,11.25,10.41,81378700.0
20250905,603877,太平鸟,14.1,14.15,14.17,13.94,1513900.0
20250905,603878,武进不锈,5.64,5.68,5.7,5.62,11267200.0
20250905,603879,永悦科技,6.83,6.93,7.13,6.82,9110500.0
20250905,603880,南卫股份,6.24,6.29,6.32,6.1,4828600.0
20250905,603881,数据港,31.0,33.46,33.82,30.23,95260400.0
20250905,603882,金域医学,30.28,30.86,31.03,29.92,6093600.0
20250905,603883,老百姓,17.43,17.5,17.53,17.19,11572200.0
20250905,603885,吉祥航空,12.44,12.73,12.77,12.41,27676700.0
20250905,603886,元祖股份,13.33,13.34,13.5,13.06,7314100.0
20250905,603887,城地香江,17.38,18.07,18.1,17.23,23582100.0
20250905,603888,新华网,19.81,19.95,19.97,19.59,10914300.0
20250905,603889,新澳股份,6.14,6.14,6.16,6.07,8238100.0
20250905,603890,春秋电子,13.04,13.37,13.37,12.97,12311600.0
20250905,603893,瑞芯微,196.02,198.0,198.7,192.19,17035900.0
20250905,603895,天永智能,30.5,34.21,34.21,30.41,7041800.0
20250905,603896,寿仙谷,21.14,21.3,21.3,21.06,1411000.0
20250905,603897,长城科技,25.51,25.93,25.94,25.37,3412900.0
20250905,603898,好莱客,10.78,10.79,10.9,10.36,2328300.0
20250905,603899,晨光股份,30.42,30.75,30.82,29.62,6105700.0
20250905,603900,莱绅通灵,11.76,12.41,12.6,11.21,46505400.0
20250905,603901,永创智能,10.24,10.56,10.58,10.17,8531100.0
20250905,603903,中持股份,12.0,12.65,12.7,11.61,24614000.0
20250905,603906,龙蟠科技,14.09,15.24,15.55,14.02,63968400.0
20250905,603908,牧高笛,25.1,24.61,25.36,24.26,3445500.0
20250905,603909,建发合诚,10.57,10.55,10.65,10.41,2800300.0
20250905,603912,佳力图,9.38,9.65,9.68,9.32,15221000.0
20250905,603915,国茂股份,15.6,16.54,16.57,15.47,24102700.0
20250905,603916,苏博特,10.9,10.86,10.91,10.75,6412200.0
20250905,603917,合力科技,13.01,13.27,13.29,12.9,5333400.0
20250905,603918,金桥信息,18.01,18.09,18.13,17.59,15539100.0
20250905,603919,金徽酒,21.56,21.98,21.99,21.22,9085400.0
20250905,603920,世运电路,34.71,37.96,37.96,34.71,43764500.0
20250905,603926,铁流股份,16.0,16.73,16.98,15.7,17428800.0
20250905,603927,中科软,20.2,20.36,20.4,19.97,13288300.0
20250905,603928,兴业股份,15.7,16.27,16.39,15.62,11378300.0
20250905,603929,亚翔集成,39.0,40.74,40.98,38.51,3441500.0
20250905,603931,格林达,25.76,26.21,26.3,25.48,3076800.0
20250905,603933,睿能科技,15.54,15.72,15.8,15.36,4284500.0
20250905,603936,博敏电子,10.9,11.72,11.88,10.88,88975000.0
20250905,603937,丽岛新材,11.83,12.01,12.09,11.7,10893600.0
20250905,603938,三孚股份,14.09,14.55,14.6,14.03,5564700.0
20250905,603939,益丰药房,24.95,24.87,25.08,24.48,11063500.0
20250905,603948,建业股份,23.46,23.73,23.87,23.18,9537600.0
20250905,603949,雪龙集团,19.06,19.39,19.56,18.72,4665000.0
20250905,603950,长源东谷,28.95,29.23,29.23,28.2,4982200.0
20250905,603955,大千生态,36.53,37.1,37.18,35.91,2519900.0
20250905,603956,威派格,6.54,6.66,6.66,6.46,9709900.0
20250905,603958,哈森股份,16.95,17.05,17.21,16.6,5159800.0
20250905,603960,克来机电,19.4,20.07,20.07,19.22,9590300.0
20250905,603966,法兰泰克,11.0,11.36,11.37,10.98,10922800.0
20250905,603967,中创物流,11.64,11.56,11.64,11.44,3797700.0
20250905,603968,醋化股份,12.31,12.32,12.5,12.18,2199000.0
20250905,603969,银龙股份,8.95,9.25,9.32,8.82,21939400.0
20250905,603970,中农立华,13.74,13.8,13.83,13.63,2544700.0
20250905,603976,正川股份,20.17,20.11,20.23,19.77,1568600.0
20250905,603977,国泰集团,12.38,12.5,12.58,12.34,8114000.0
20250905,603978,深圳新星,15.77,16.78,16.79,15.77,8941900.0
20250905,603979,金诚信,62.28,63.38,63.66,61.51,7972500.0
20250905,603980,吉华集团,5.45,5.45,5.46,5.32,20144500.0
20250905,603982,泉峰汽车,9.06,9.24,9.24,8.97,11236400.0
20250905,603983,丸美生物,41.35,41.02,41.35,40.23,2975400.0
20250905,603985,恒润股份,16.1,16.31,16.4,15.86,11564900.0
20250905,603986,兆易创新,150.0,159.56,163.99,145.8,69948800.0
20250905,603987,康德莱,9.28,9.44,9.48,9.11,18964900.0
20250905,603988,中电电机,22.92,25.15,25.15,22.77,14995200.0
20250905,603989,艾华集团,18.01,19.02,19.04,17.63,15746900.0
20250905,603990,麦迪科技,14.19,14.64,14.65,14.12,9151700.0
20250905,603991,领先股份,61.96,62.79,63.0,60.88,1885600.0
20250905,603992,松霖科技,28.75,30.39,30.49,28.59,3299900.0
20250905,603993,洛阳钼业,12.3,12.9,12.97,12.29,326934400.0
20250905,603995,甬金股份,17.89,17.99,18.06,17.82,4977600.0
20250905,603997,继峰股份,11.79,11.9,11.99,11.65,9167100.0
20250905,603998,方盛制药,11.16,11.31,11.33,10.99,14161300.0
20250905,603999,读者传媒,6.56,6.59,6.59,6.44,6796100.0
20250905,605001,威奥股份,7.44,7.49,7.53,7.36,5749500.0
20250905,605003,众望布艺,22.75,23.15,23.3,22.43,1402600.0
20250905,605005,合兴股份,19.22,19.58,19.72,19.07,4045800.0
20250905,605006,山东玻纤,7.6,7.78,7.82,7.55,11783500.0
20250905,605007,五洲特纸,12.11,12.14,12.21,12.06,2211400.0
20250905,605008,长鸿高科,15.24,15.47,15.5,14.99,2732300.0
20250905,605009,豪悦护理,34.85,34.45,34.85,34.17,4347100.0
20250905,605011,杭州热电,21.58,21.65,21.66,21.45,2389200.0
20250905,605016,百龙创园,20.75,20.69,20.87,20.23,4183800.0
20250905,605018,长华集团,11.77,11.85,11.89,11.73,3870000.0
20250905,605020,永和股份,27.59,28.2,28.2,27.5,7511600.0
20250905,605028,世茂能源,21.91,22.51,22.66,21.62,3816900.0
20250905,605033,美邦股份,23.07,23.72,23.85,22.72,4775100.0
20250905,605050,福然德,17.22,18.4,18.48,17.13,16755400.0
20250905,605055,迎丰股份,7.38,7.68,7.74,7.16,24707400.0
20250905,605056,咸亨国际,13.66,13.91,13.95,13.61,2450000.0
20250905,605058,澳弘电子,26.9,27.51,27.58,26.69,2253100.0
20250905,605060,联德股份,26.67,27.69,27.86,26.14,3442100.0
20250905,605066,天正电气,7.6,7.84,7.88,7.56,15388300.0
20250905,605068,明新旭腾,24.7,27.14,27.14,24.7,5799900.0
20250905,605069,正和生态,10.6,10.84,10.84,10.25,5077000.0
20250905,605077,华康股份,18.84,18.87,18.95,18.43,2579300.0
20250905,605080,浙江自然,28.3,27.75,28.74,27.4,6663300.0
20250905,605086,龙高股份,26.1,26.3,26.54,25.9,2210500.0
20250905,605088,冠盛股份,35.9,39.16,39.4,35.84,14701600.0
20250905,605089,味知香,27.27,27.14,27.5,26.65,1767200.0
20250905,605090,九丰能源,30.78,32.36,33.0,30.78,23640100.0
20250905,605098,行动教育,36.65,37.01,37.37,36.08,2459900.0
20250905,605099,共创草坪,34.4,32.84,34.4,32.61,10379000.0
20250905,605100,华丰股份,25.53,26.1,26.29,25.22,5262100.0
20250905,605108,同庆楼,21.0,21.5,21.75,20.45,10534300.0
20250905,605111,新洁能,32.85,34.39,34.4,32.77,16970000.0
20250905,605116,奥锐特,23.01,23.13,23.16,22.6,2547600.0
20250905,605117,德业股份,68.01,75.55,75.55,68.0,44865400.0
20250905,605118,力鼎光电,30.4,30.74,31.02,30.21,3721500.0
20250905,605122,四方新材,13.44,13.57,13.6,13.21,2923300.0
20250905,605123,派克新材,70.07,70.43,70.5,69.01,1903300.0
20250905,605128,上海沿浦,36.44,37.84,38.03,36.4,3256000.0
20250905,605133,嵘泰股份,42.13,43.78,43.84,41.0,11532100.0
20250905,605136,丽人丽妆,9.99,10.18,10.19,9.49,33470000.0
20250905,605138,盛泰集团,8.27,8.36,8.39,8.01,11609700.0
20250905,605151,西上海,19.77,20.05,20.05,19.21,2496200.0
20250905,605155,西大门,14.59,14.56,14.75,14.27,2647400.0
20250905,605158,华达新材,8.89,8.97,8.99,8.79,2922700.0
20250905,605162,新中港,8.81,9.02,9.02,8.73,7979500.0
20250905,605166,聚合顺,12.17,12.4,12.46,12.06,9296700.0
20250905,605167,利柏特,10.63,10.87,10.88,10.54,5227900.0
20250905,605168,三人行,31.2,31.24,31.3,30.74,5354300.0
20250905,605169,洪通燃气,14.65,14.77,14.77,14.38,3236300.0
20250905,605177,东亚药业,19.6,19.82,20.0,19.37,1755600.0
20250905,605178,时空科技,22.31,23.08,23.21,22.14,2345600.0
20250905,605179,一鸣食品,23.4,23.05,23.4,21.6,16820500.0
20250905,605180,华生科技,15.72,15.87,15.88,15.35,3977800.0
20250905,605183,确成股份,20.03,20.66,20.98,20.01,5637000.0
20250905,605186,健麾信息,20.92,20.88,21.04,20.54,2607900.0
20250905,605188,国光连锁,19.76,19.76,20.56,19.76,39159000.0
20250905,605189,富春染织,14.26,14.52,14.58,14.0,4153100.0
20250905,605196,华通线缆,22.89,24.98,24.98,22.76,13581800.0
20250905,605198,安德利,46.15,45.94,46.17,44.9,1317300.0
20250905,605208,永茂泰,14.12,14.56,14.65,13.97,9143100.0
20250905,605218,伟时电子,22.79,23.27,23.46,22.56,3422400.0
20250905,605222,起帆电缆,17.0,17.36,17.52,16.98,5874000.0
20250905,605228,神通科技,16.25,16.75,16.81,15.88,5927800.0
20250905,605258,协和电子,30.94,33.28,33.38,30.72,3755700.0
20250905,605259,绿田机械,26.4,27.2,27.5,25.98,3253100.0
20250905,605266,健之佳,21.58,21.53,21.58,21.2,2016200.0
20250905,605268,王力安防,10.2,10.37,10.38,10.06,7128000.0
20250905,605277,新亚电子,22.96,23.91,24.06,22.5,15796300.0
20250905,605286,同力天启,39.6,42.79,42.79,38.9,5481900.0
20250905,605287,德才股份,16.22,16.88,16.88,16.01,5001900.0
20250905,605288,凯迪股份,95.54,102.08,105.19,94.0,4012800.0
20250905,605289,罗曼股份,49.1,47.39,49.1,43.4,8575600.0
20250905,605296,神农集团,31.02,31.38,31.44,30.38,4119500.0
20250905,605298,必得科技,33.0,36.3,36.3,33.0,5461800.0
20250905,605299,舒华体育,10.49,10.13,10.49,10.02,41550700.0
20250905,605300,佳禾食品,14.1,14.12,14.14,13.7,3953500.0
20250905,605303,园林股份,15.8,15.82,15.85,15.41,8771900.0
20250905,605305,中际联合,36.79,38.7,39.18,36.65,14892000.0
20250905,605318,法狮龙,30.73,32.71,33.08,30.16,2637300.0
20250905,605319,无锡振华,31.04,31.98,32.05,30.92,2675200.0
20250905,605333,沪光股份,31.52,32.8,32.99,31.35,4139500.0
20250905,605337,李子园,13.68,13.59,13.68,13.21,12047800.0
20250905,605338,巴比食品,24.02,23.8,24.02,23.42,3504400.0
20250905,605339,南侨食品,17.3,17.23,17.43,17.03,1152400.0
20250905,605358,立昂微,24.35,25.38,25.43,24.23,16913600.0
20250905,605365,立达信,14.94,15.1,15.15,14.8,2353000.0
20250905,605366,宏柏新材,6.19,6.42,6.43,6.17,13527300.0
20250905,605368,蓝天燃气,9.92,9.92,9.93,9.86,3400600.0
20250905,605369,拱东医疗,19.36,19.42,19.45,19.12,1963600.0
20250905,605376,博迁新材,44.31,48.72,48.72,44.31,7347400.0
20250905,605377,华旺科技,9.27,9.28,9.33,9.21,5555200.0
20250905,605378,野马电池,24.3,28.12,28.12,24.29,24762500.0
20250905,605388,均瑶健康,8.85,8.62,8.87,8.21,47900400.0
20250905,605389,长龄液压,42.64,45.04,45.34,42.2,3180500.0
20250905,605398,新炬网络,28.86,30.12,30.35,28.8,3511500.0
20250905,605399,晨光新材,13.13,13.51,13.52,12.89,8507400.0
20250905,605488,福莱新材,30.05,30.91,31.0,29.9,5639500.0
20250905,605499,东鹏饮料,294.08,294.82,297.0,289.03,2085400.0
20250905,605500,森林包装,9.64,9.7,9.74,9.55,5404200.0
20250905,605507,国邦医药,23.1,23.58,23.68,22.85,7270900.0
20250905,605555,德昌股份,16.65,17.0,17.0,16.43,6225100.0
20250905,605566,福莱蒽特,24.1,24.99,25.08,24.1,2984200.0
20250905,605567,春雪食品,10.32,10.3,10.39,10.04,6079000.0
20250905,605577,龙版传媒,13.72,13.55,13.83,13.35,8573800.0
20250905,605580,恒盛能源,21.84,22.64,22.64,21.64,10431100.0
20250905,605588,冠石科技,53.5,54.86,55.0,51.87,2877900.0
20250905,605589,圣泉集团,30.32,31.0,31.07,30.32,13385600.0
20250905,605598,上海港湾,24.46,26.28,26.36,24.45,8835600.0
20250905,605599,菜百股份,14.44,14.65,14.66,14.1,6499900.0
