日期,股票代码,股票名称,开盘价,收盘价,最高价,最低价,成交量(股)
20260518,000001,平安银行,10.96,10.86,10.97,10.82,85638200.0
20260518,000002,万  科Ａ,3.78,3.68,3.79,3.66,152337800.0
20260518,000006,深振业Ａ,9.79,10.69,10.69,9.79,34426800.0
20260518,000007,全新好,12.64,12.24,12.75,12.19,13666200.0
20260518,000008,神州高铁,2.7,2.68,2.7,2.65,40879700.0
20260518,000009,中国宝安,7.89,7.84,7.91,7.78,21894200.0
20260518,000011,深物业A,7.59,7.82,7.84,7.55,5744000.0
20260518,000012,南  玻Ａ,3.72,3.71,3.72,3.66,18250800.0
20260518,000014,沙河股份,12.17,12.14,12.24,12.05,5257300.0
20260518,000017,深中华A,5.91,5.88,5.92,5.78,7726300.0
20260518,000019,深粮控股,7.08,7.05,7.1,6.94,11242900.0
20260518,000020,深华发Ａ,13.72,13.49,13.72,13.22,4461200.0
20260518,000021,深科技,35.8,37.03,37.03,35.4,94694400.0
20260518,000025,特  力Ａ,15.41,15.29,15.47,15.13,3523100.0
20260518,000026,飞亚达,20.0,20.2,20.3,19.7,13552700.0
20260518,000027,深圳能源,7.21,7.41,7.49,7.19,58460700.0
20260518,000028,国药一致,24.15,23.88,24.22,23.78,2639800.0
20260518,000029,深深房Ａ,28.97,29.82,30.59,28.35,13427700.0
20260518,000030,富奥股份,4.81,4.75,4.81,4.71,17819200.0
20260518,000031,大悦城,2.85,2.78,2.85,2.75,29523500.0
20260518,000032,深桑达Ａ,18.77,18.9,19.33,18.7,31062400.0
20260518,000034,神州数码,41.1,41.57,42.2,40.31,38074300.0
20260518,000035,中国天楹,6.15,6.19,6.26,6.06,31656100.0
20260518,000036,华联控股,5.68,5.62,5.74,5.5,40718100.0
20260518,000037,深南电A,10.7,10.69,10.85,10.51,19921200.0
20260518,000039,中集集团,11.97,11.53,12.17,11.22,67966100.0
20260518,000042,中洲控股,10.08,10.27,10.34,10.07,5907300.0
20260518,000045,深纺织Ａ,11.98,12.05,12.1,11.81,7978100.0
20260518,000048,京基智农,14.3,13.96,14.35,13.9,7901800.0
20260518,000049,德赛电池,26.9,27.12,27.25,26.23,8860400.0
20260518,000050,深天马Ａ,7.45,7.4,7.49,7.3,24926200.0
20260518,000055,方大集团,3.62,3.74,3.8,3.52,21122000.0
20260518,000058,深 赛 格,7.93,7.92,7.94,7.79,7186800.0
20260518,000059,华锦股份,5.02,4.97,5.03,4.89,31639500.0
20260518,000060,中金岭南,7.25,7.35,7.47,7.11,160885200.0
20260518,000061,农 产 品,6.89,6.68,6.89,6.63,20659500.0
20260518,000062,深圳华强,31.69,32.03,32.86,31.58,47722400.0
20260518,000063,中兴通讯,36.4,37.51,38.08,36.02,134080700.0
20260518,000065,北方国际,12.45,12.29,12.56,12.18,20601500.0
20260518,000066,中国长城,20.34,20.21,20.96,19.98,318982700.0
20260518,000068,华控赛格,3.3,3.33,3.34,3.2,23979800.0
20260518,000069,华侨城Ａ,2.09,2.07,2.09,2.04,45929000.0
20260518,000070,特发信息,18.9,19.49,19.77,18.8,71462900.0
20260518,000088,盐 田 港,4.52,4.52,4.57,4.48,23926500.0
20260518,000089,深圳机场,6.75,6.76,6.79,6.7,8426300.0
20260518,000090,天健集团,3.4,3.4,3.42,3.36,16633000.0
20260518,000096,广聚能源,9.07,9.07,9.08,8.91,6178900.0
20260518,000099,中信海直,16.97,16.87,17.06,16.77,7016200.0
20260518,000100,TCL科技,4.18,4.22,4.25,4.12,431744500.0
20260518,000151,中成股份,11.79,12.27,12.34,11.73,9884700.0
20260518,000153,丰原药业,6.25,6.13,6.25,6.04,7696000.0
20260518,000155,川能动力,15.7,16.12,16.15,15.46,42157500.0
20260518,000156,华数传媒,7.36,7.53,7.62,7.36,21965700.0
20260518,000157,中联重科,7.51,7.31,7.52,7.26,86686400.0
20260518,000158,常山北明,16.87,16.58,16.99,16.5,27468000.0
20260518,000159,国际实业,6.9,6.99,7.11,6.73,51211200.0
20260518,000166,申万宏源,4.52,4.47,4.53,4.43,102479100.0
20260518,000301,东方盛虹,12.9,12.56,12.94,12.4,32141100.0
20260518,000333,美的集团,82.68,82.83,83.44,82.08,37735400.0
20260518,000338,潍柴动力,33.76,33.3,33.89,32.88,118586100.0
20260518,000400,许继电气,26.2,26.48,26.77,26.03,18905700.0
20260518,000401,金隅冀东,4.12,4.06,4.13,4.03,11241400.0
20260518,000402,金 融 街,2.99,2.96,3.0,2.93,64508300.0
20260518,000403,派林生物,11.16,10.76,11.2,10.66,13498500.0
20260518,000404,长虹华意,8.53,8.85,8.91,8.5,39947400.0
20260518,000407,胜利股份,4.6,4.66,4.78,4.6,35814700.0
20260518,000408,藏格矿业,81.66,80.14,82.46,79.22,22492200.0
20260518,000409,云鼎科技,9.81,9.81,9.84,9.64,6831100.0
20260518,000410,沈阳机床,5.99,5.86,6.0,5.78,32208800.0
20260518,000411,英特集团,11.79,11.92,12.0,11.56,14902000.0
20260518,000415,渤海租赁,4.29,4.1,4.29,4.05,108171300.0
20260518,000417,合百集团,7.87,7.87,7.87,7.87,9474100.0
20260518,000419,通程控股,5.49,5.5,5.52,5.4,8393100.0
20260518,000420,吉林化纤,5.13,5.17,5.35,5.05,123626700.0
20260518,000421,南京公用,6.19,6.21,6.22,6.07,7954700.0
20260518,000422,湖北宜化,15.3,15.04,15.39,14.86,32803600.0
20260518,000423,东阿阿胶,52.26,50.74,52.56,50.57,6152100.0
20260518,000425,徐工机械,10.11,9.46,10.13,9.35,212442200.0
20260518,000426,兴业银锡,42.98,43.0,43.58,41.61,63522700.0
20260518,000428,华天酒店,3.73,3.69,3.74,3.61,16012500.0
20260518,000429,粤高速Ａ,13.08,12.96,13.13,12.86,5043000.0
20260518,000430,张家界,8.0,7.81,8.13,7.63,28554700.0
20260518,000498,山东路桥,5.31,5.31,5.35,5.28,7854800.0
20260518,000501,武商集团,7.8,7.73,7.81,7.68,5605300.0
20260518,000503,国新健康,7.66,7.61,7.73,7.54,12981900.0
20260518,000504,南华生物,9.2,9.27,9.37,9.15,2342600.0
20260518,000505,京粮控股,6.66,6.55,6.69,6.43,13518100.0
20260518,000506,招金黄金,14.0,14.17,14.34,13.9,28424800.0
20260518,000507,珠海港,5.17,5.16,5.19,5.12,8446500.0
20260518,000509,华塑控股,3.82,3.94,3.97,3.77,50929600.0
20260518,000510,新金路,13.88,13.82,14.19,13.37,37097600.0
20260518,000513,丽珠集团,30.9,30.91,31.03,30.54,4310100.0
20260518,000514,渝 开 发,4.8,4.76,4.81,4.7,8626400.0
20260518,000516,国际医学,4.5,4.43,4.52,4.41,16208700.0
20260518,000517,荣安地产,1.97,1.98,1.98,1.93,29496800.0
20260518,000518,四环生物,3.28,3.1,3.29,3.07,26956000.0
20260518,000519,中兵红箭,17.48,17.61,17.82,17.39,20440700.0
20260518,000520,凤凰航运,3.99,4.06,4.13,3.94,17164700.0
20260518,000521,长虹美菱,5.6,5.49,5.6,5.46,8826300.0
20260518,000523,红棉股份,3.43,3.47,3.5,3.42,32508200.0
20260518,000524,岭南控股,9.45,9.45,9.55,9.37,5624200.0
20260518,000525,红太阳,5.08,5.09,5.14,4.99,19928000.0
20260518,000526,学大教育,34.07,33.64,34.15,32.9,2076300.0
20260518,000528,柳    工,9.51,9.28,9.52,9.23,37378400.0
20260518,000529,广弘控股,5.36,5.33,5.38,5.24,4845200.0
20260518,000530,冰山冷热,5.94,5.86,5.95,5.73,23120500.0
20260518,000531,穗恒运Ａ,7.06,7.35,7.36,7.0,23800000.0
20260518,000532,华金资本,11.83,12.2,12.36,11.79,8743400.0
20260518,000533,顺钠股份,13.57,13.34,13.87,13.18,51171400.0
20260518,000534,万泽股份,37.06,37.49,38.38,36.48,17165700.0
20260518,000536,华映科技,3.89,3.96,3.98,3.85,33646900.0
20260518,000537,绿发电力,10.5,11.18,11.31,10.37,77512100.0
20260518,000538,云南白药,50.91,50.86,50.99,50.65,5095700.0
20260518,000539,粤电力Ａ,7.0,6.98,7.49,6.9,138280800.0
20260518,000541,佛山照明,5.37,5.27,5.37,5.2,11306300.0
20260518,000543,皖能电力,8.52,8.64,8.73,8.51,80289000.0
20260518,000544,中原环保,8.15,8.18,8.25,8.1,3402000.0
20260518,000545,金浦钛业,2.91,2.83,2.91,2.81,52398500.0
20260518,000546,金圆股份,6.72,6.68,6.82,6.63,41355700.0
20260518,000547,航天发展,25.3,25.4,26.11,25.17,95717600.0
20260518,000548,湖南投资,5.07,5.07,5.09,4.99,8788900.0
20260518,000550,江铃汽车,18.41,18.09,18.43,17.98,4499300.0
20260518,000551,创元科技,17.0,17.48,17.92,16.89,31512700.0
20260518,000552,甘肃能化,2.78,2.81,2.83,2.71,87556800.0
20260518,000553,安道麦A,6.9,6.92,6.97,6.66,16347700.0
20260518,000554,泰山石油,7.7,7.81,7.82,7.53,24646600.0
20260518,000555,神州信息,13.7,13.83,13.87,13.55,16083400.0
20260518,000557,西部创业,4.52,4.48,4.53,4.45,6540800.0
20260518,000558,天府文旅,3.87,3.86,3.9,3.83,22926800.0
20260518,000559,万向钱潮,17.3,18.18,18.98,17.11,203060300.0
20260518,000560,我爱我家,3.02,2.95,3.03,2.92,106016200.0
20260518,000561,烽火电子,9.22,9.36,9.43,9.18,8383500.0
20260518,000563,陕国投Ａ,3.08,3.07,3.08,3.05,31528000.0
20260518,000564,供销大集,1.65,1.67,1.67,1.62,187320300.0
20260518,000565,渝三峡Ａ,8.19,8.05,8.21,7.97,13465700.0
20260518,000566,海南海药,4.58,4.56,4.6,4.54,18079000.0
20260518,000567,海德股份,6.35,6.31,6.46,6.25,25522600.0
20260518,000568,泸州老窖,91.0,89.97,91.49,89.89,8217100.0
20260518,000570,苏常柴Ａ,6.48,6.34,6.51,6.22,17526900.0
20260518,000571,新大洲A,5.5,5.84,5.84,5.32,42012100.0
20260518,000572,海马汽车,5.11,5.11,5.15,5.04,34218900.0
20260518,000573,粤宏远Ａ,4.48,4.64,4.74,4.36,35771200.0
20260518,000576,甘化科工,8.47,8.4,8.52,8.29,10908600.0
20260518,000581,威孚高科,19.95,19.9,20.09,19.77,10961700.0
20260518,000582,北部湾港,12.03,12.33,12.35,11.94,46013600.0
20260518,000586,汇源通信,18.17,18.7,18.89,18.17,12658300.0
20260518,000589,贵州轮胎,4.76,4.71,4.77,4.66,34860500.0
20260518,000590,古汉医药,10.45,10.33,10.46,10.24,4605200.0
20260518,000591,太阳能,5.9,5.92,6.03,5.8,176219100.0
20260518,000592,平潭发展,10.79,10.4,10.96,10.36,165226300.0
20260518,000593,德龙汇能,22.97,23.77,24.0,22.4,22909400.0
20260518,000595,新能股份,7.69,7.44,7.77,7.31,31020500.0
20260518,000596,古井贡酒,97.6,96.11,98.75,95.67,2596900.0
20260518,000597,东北制药,4.87,4.82,4.87,4.79,10243100.0
20260518,000598,兴蓉环境,6.58,6.53,6.61,6.5,30630000.0
20260518,000599,青岛双星,5.64,5.7,5.81,5.55,19467000.0
20260518,000600,建投能源,9.75,9.89,9.97,9.65,35518100.0
20260518,000601,韶能股份,7.6,7.83,8.03,7.6,163567200.0
20260518,000603,盛达资源,34.39,34.18,34.54,33.47,17047600.0
20260518,000605,渤海股份,6.92,7.05,7.12,6.89,5275600.0
20260518,000607,华媒控股,3.99,3.99,4.02,3.9,17299000.0
20260518,000608,阳光股份,4.19,4.01,4.21,3.97,27341500.0
20260518,000612,焦作万方,11.69,11.77,11.88,11.55,29273100.0
20260518,000617,中油资本,8.81,8.95,8.99,8.73,99544900.0
20260518,000619,海螺新材,5.96,6.12,6.14,5.88,7813800.0
20260518,000620,盈新发展,3.31,3.39,3.56,3.24,696819700.0
20260518,000623,吉林敖东,18.05,17.77,18.15,17.68,11765800.0
20260518,000625,长安汽车,8.83,8.61,8.83,8.58,103452800.0
20260518,000626,远大控股,8.5,8.32,8.53,8.2,11916300.0
20260518,000628,高新发展,63.0,62.21,64.33,61.84,13067600.0
20260518,000629,钒钛股份,3.54,3.63,3.66,3.46,148062500.0
20260518,000630,铜陵有色,6.05,6.08,6.11,5.96,285470300.0
20260518,000631,顺发恒能,3.26,3.25,3.27,3.2,21934400.0
20260518,000633,合金投资,6.27,6.36,6.38,6.21,11448600.0
20260518,000636,风华高科,26.77,29.43,29.7,26.77,120201800.0
20260518,000637,茂化实华,4.68,4.76,4.79,4.61,10879900.0
20260518,000650,仁和药业,5.56,5.52,5.57,5.49,12071600.0
20260518,000651,格力电器,40.24,39.71,40.6,39.61,40209100.0
20260518,000652,泰达股份,4.16,4.09,4.19,4.05,26020700.0
20260518,000655,金岭矿业,7.68,7.67,7.71,7.53,8261800.0
20260518,000656,金科股份,1.41,1.43,1.44,1.4,98890100.0
20260518,000657,中钨高新,56.21,56.96,58.64,55.88,54450000.0
20260518,000659,珠海中富,4.17,4.26,4.3,4.1,32880600.0
20260518,000661,长春高新,84.0,82.62,84.04,82.5,4728900.0
20260518,000663,永安林业,6.62,6.7,6.73,6.56,5702300.0
20260518,000665,湖北广电,4.73,4.82,4.9,4.71,26424900.0
20260518,000668,荣丰控股,18.21,18.53,19.71,18.21,5651500.0
20260518,000670,盈方微,8.15,8.19,8.37,8.05,42389000.0
20260518,000672,上峰材料,18.9,18.9,18.9,18.25,19683500.0
20260518,000676,智度股份,7.09,7.19,7.26,7.06,17713300.0
20260518,000678,襄阳轴承,13.05,13.19,13.4,12.85,32417800.0
20260518,000679,大连友谊,6.92,6.89,6.92,6.77,5610700.0
20260518,000680,山推股份,11.8,11.44,11.81,11.23,24351200.0
20260518,000681,视觉中国,21.63,22.08,22.25,21.55,28618900.0
20260518,000682,东方电子,13.05,13.68,13.75,13.03,35435300.0
20260518,000683,博源化工,8.2,7.82,8.28,7.71,60921000.0
20260518,000685,中山公用,11.76,12.18,12.18,11.76,86604200.0
20260518,000686,东北证券,8.18,8.15,8.29,8.06,25459400.0
20260518,000688,国城矿业,40.38,41.49,41.88,39.0,28182100.0
20260518,000690,宝新能源,5.49,5.67,5.75,5.43,128584700.0
20260518,000691,亚太实业,8.45,8.3,8.7,8.3,7960800.0
20260518,000692,惠天热电,5.1,5.15,5.19,5.07,15345900.0
20260518,000695,滨海能源,15.51,14.73,15.84,14.73,28948900.0
20260518,000697,炼石航空,12.69,11.88,12.8,11.81,38693800.0
20260518,000700,模塑科技,13.7,13.97,14.2,13.68,87246900.0
20260518,000701,厦门信达,5.91,5.96,5.97,5.79,12487800.0
20260518,000702,正虹科技,6.89,6.93,6.96,6.68,12081700.0
20260518,000703,恒逸石化,14.84,14.71,15.08,14.31,46254700.0
20260518,000705,浙江震元,7.64,7.56,7.64,7.42,6932600.0
20260518,000707,双环科技,5.67,5.6,5.69,5.53,10753400.0
20260518,000708,中信特钢,14.75,14.62,14.75,14.35,17491300.0
20260518,000709,河钢股份,2.23,2.24,2.25,2.21,80183300.0
20260518,000710,贝瑞基因,10.43,10.6,10.71,10.38,11626800.0
20260518,000711,京蓝科技,5.62,6.22,6.22,5.62,146780200.0
20260518,000712,锦龙股份,10.83,10.84,10.95,10.68,31698100.0
20260518,000713,国投丰乐,6.16,6.17,6.24,6.13,4988800.0
20260518,000715,中兴商业,5.53,5.44,5.53,5.4,10668600.0
20260518,000716,黑芝麻,5.16,4.96,5.17,4.92,27865500.0
20260518,000717,中南股份,2.33,2.35,2.36,2.28,18888800.0
20260518,000718,苏宁环球,2.01,2.04,2.05,1.98,35773000.0
20260518,000719,中原传媒,13.87,13.85,14.0,13.53,6992100.0
20260518,000720,新能泰山,5.64,5.43,5.68,5.36,99650300.0
20260518,000721,西安饮食,6.9,6.68,6.9,6.64,12212800.0
20260518,000722,湖南发展,14.14,14.59,14.74,14.14,20826000.0
20260518,000723,美锦能源,4.03,4.07,4.08,3.99,53889500.0
20260518,000725,京东方Ａ,4.12,4.21,4.23,4.08,839958700.0
20260518,000726,鲁  泰Ａ,6.3,6.16,6.3,6.09,11942700.0
20260518,000727,冠捷科技,2.71,2.85,2.89,2.67,183955300.0
20260518,000728,国元证券,7.05,7.08,7.16,7.02,36418800.0
20260518,000729,燕京啤酒,12.43,12.36,12.53,12.24,36732300.0
20260518,000731,四川美丰,6.53,6.49,6.54,6.38,9624500.0
20260518,000733,振华科技,44.6,44.94,45.52,44.07,10007900.0
20260518,000735,罗 牛 山,6.2,6.15,6.24,6.08,16714900.0
20260518,000736,中交发展,5.45,5.38,5.45,5.36,5717300.0
20260518,000737,北方铜业,14.28,14.15,14.35,13.89,46308800.0
20260518,000738,航发控制,21.39,21.2,21.73,20.97,22053300.0
20260518,000739,普洛药业,16.47,16.71,16.93,16.43,15971400.0
20260518,000750,国海证券,3.78,3.8,3.82,3.77,31495300.0
20260518,000751,锌业股份,5.74,5.81,5.85,5.63,47564500.0
20260518,000753,漳州发展,6.32,6.35,6.37,6.25,11777600.0
20260518,000755,山西高速,5.23,5.18,5.28,5.12,7202600.0
20260518,000756,新华制药,14.26,14.3,14.33,14.16,3434500.0
20260518,000757,浩物股份,4.68,4.57,4.7,4.5,17333300.0
20260518,000758,中色股份,6.94,7.1,7.14,6.8,42750900.0
20260518,000759,中百集团,5.12,5.35,5.38,5.11,34254900.0
20260518,000761,本钢板材,2.67,2.68,2.69,2.62,16782600.0
20260518,000762,西藏矿业,32.95,33.1,33.76,32.7,24033500.0
20260518,000766,通化金马,22.78,22.66,23.07,22.3,10452500.0
20260518,000767,晋控电力,4.67,5.09,5.15,4.57,398830200.0
20260518,000768,中航西飞,23.58,23.2,23.78,23.09,37237200.0
20260518,000776,广发证券,19.7,19.67,19.92,19.53,37599000.0
20260518,000777,中核科技,19.6,19.44,19.67,19.2,6368900.0
20260518,000778,新兴铸管,4.26,4.36,4.38,4.25,54828200.0
20260518,000779,甘咨询,8.3,8.03,8.35,7.95,12628300.0
20260518,000782,恒申新材,8.38,8.15,8.47,7.98,49415600.0
20260518,000783,长江证券,8.41,8.4,8.58,8.3,105812000.0
20260518,000785,居然智家,2.42,2.45,2.45,2.4,32745600.0
20260518,000786,北新建材,25.2,24.61,25.2,24.46,12521900.0
20260518,000788,北大医药,5.67,5.65,5.68,5.58,14931600.0
20260518,000789,万年青,4.79,4.78,4.79,4.71,3414700.0
20260518,000790,华神科技,4.29,4.4,4.41,4.21,27931200.0
20260518,000791,甘肃能源,9.36,9.44,9.71,9.36,75882700.0
20260518,000792,盐湖股份,33.89,33.35,34.2,33.13,91625600.0
20260518,000795,英洛华,9.25,9.22,9.28,9.05,12728400.0
20260518,000796,凯撒旅业,4.65,4.74,4.78,4.63,34242100.0
20260518,000797,中国武夷,2.72,2.72,2.73,2.68,18238300.0
20260518,000798,中水渔业,9.15,9.06,9.15,8.95,5253200.0
20260518,000799,酒鬼酒,41.27,41.55,42.13,40.9,6553500.0
20260518,000800,一汽解放,6.26,6.18,6.27,6.12,26106800.0
20260518,000801,四川九洲,13.44,13.33,13.58,13.26,15090200.0
20260518,000802,北京文化,5.3,5.24,5.31,5.02,36966500.0
20260518,000803,山高环能,8.44,8.4,8.56,8.25,10563800.0
20260518,000807,云铝股份,28.99,29.0,29.29,28.68,64172900.0
20260518,000809,和展能源,3.82,3.96,3.97,3.78,18347400.0
20260518,000810,创维数字,12.25,12.2,12.33,12.06,13554900.0
20260518,000811,冰轮环境,32.91,34.6,34.61,32.5,52869300.0
20260518,000812,陕西金叶,3.88,3.99,4.04,3.82,23215800.0
20260518,000813,德展健康,3.94,4.11,4.14,3.82,68079300.0
20260518,000815,美利云,20.94,20.75,21.77,20.53,67736500.0
20260518,000816,智慧农业,2.87,2.82,2.88,2.77,39534600.0
20260518,000818,航锦科技,16.76,16.34,17.2,16.19,36629800.0
20260518,000819,岳阳兴长,16.09,16.29,16.78,15.81,10342900.0
20260518,000820,神雾节能,3.81,3.74,3.81,3.7,6631300.0
20260518,000822,山东海化,5.43,5.46,5.47,5.33,17936700.0
20260518,000823,超声电子,16.08,16.26,16.5,15.85,25277800.0
20260518,000825,太钢不锈,4.09,4.05,4.1,4.02,29282000.0
20260518,000828,东莞控股,10.25,10.25,10.32,10.18,4832200.0
20260518,000829,天音控股,10.34,10.12,10.39,10.0,27396100.0
20260518,000830,鲁西化工,15.06,14.67,15.2,14.58,37980800.0
20260518,000831,中国稀土,54.5,53.38,54.8,53.0,41060200.0
20260518,000833,粤桂股份,29.01,28.48,29.49,28.1,50246600.0
20260518,000837,秦川机床,12.21,12.32,12.42,12.14,32249000.0
20260518,000839,国安股份,3.36,3.47,3.5,3.35,266183300.0
20260518,000848,承德露露,8.93,8.87,8.98,8.81,11367500.0
20260518,000850,华茂股份,4.28,4.29,4.32,4.2,10573600.0
20260518,000852,石化机械,7.02,7.11,7.16,6.86,15153800.0
20260518,000856,冀东装备,9.86,10.11,10.22,9.84,9493800.0
20260518,000858,五 粮 液,86.65,85.57,86.65,85.2,39363100.0
20260518,000859,国风新材,9.35,9.71,10.0,9.12,94443900.0
20260518,000860,顺鑫农业,11.99,11.78,12.02,11.76,7254200.0
20260518,000862,银星能源,6.84,7.11,7.21,6.84,43520000.0
20260518,000863,三湘印象,5.65,5.81,6.05,5.44,54939200.0
20260518,000868,安凯客车,4.31,4.23,4.32,4.14,16324400.0
20260518,000869,张  裕Ａ,19.0,19.05,19.22,18.84,1319500.0
20260518,000875,电投绿能,6.61,6.69,6.78,6.58,53045100.0
20260518,000876,新 希 望,8.3,8.24,8.35,8.2,21863200.0
20260518,000877,天山股份,4.49,4.51,4.52,4.42,10424200.0
20260518,000878,云南铜业,18.05,18.34,18.43,17.76,45711000.0
20260518,000880,潍柴重机,32.16,31.35,32.83,31.1,31570100.0
20260518,000881,中广核技,7.82,7.89,7.91,7.72,10567800.0
20260518,000882,华联股份,1.52,1.54,1.54,1.47,47226000.0
20260518,000883,湖北能源,4.78,4.93,4.95,4.78,56523400.0
20260518,000885,城发环境,13.7,13.79,13.86,13.7,5728700.0
20260518,000886,海南高速,5.24,5.27,5.3,5.2,13248300.0
20260518,000887,中鼎股份,18.26,18.61,18.79,18.22,41671300.0
20260518,000888,峨眉山Ａ,10.95,10.77,10.96,10.71,6112000.0
20260518,000889,中嘉博创,5.11,4.84,5.35,4.69,141746300.0
20260518,000890,法尔胜,12.08,12.21,12.47,11.92,34528700.0
20260518,000892,欢瑞世纪,4.36,4.38,4.42,4.29,26186600.0
20260518,000893,亚钾国际,50.51,49.7,51.7,49.28,16852200.0
20260518,000895,双汇发展,26.56,26.32,26.56,26.18,10744700.0
20260518,000897,津滨发展,2.05,2.04,2.06,2.01,28108600.0
20260518,000898,鞍钢股份,2.13,2.09,2.14,2.07,55783800.0
20260518,000899,赣能股份,12.85,13.0,13.15,12.78,19282700.0
20260518,000900,现代投资,4.0,3.97,4.0,3.92,16163400.0
20260518,000901,航天科技,22.05,22.16,22.66,22.04,21790000.0
20260518,000902,新洋丰,14.92,14.46,14.92,14.2,19449200.0
20260518,000905,厦门港务,10.84,10.71,10.89,10.61,12052400.0
20260518,000906,浙商中拓,6.58,6.48,6.6,6.41,16711700.0
20260518,000908,石药景峰,7.8,7.45,7.8,7.44,21962700.0
20260518,000910,大亚圣象,6.5,6.42,6.75,6.33,22539600.0
20260518,000912,泸天化,4.32,4.22,4.33,4.18,32553200.0
20260518,000913,钱江摩托,12.96,12.66,12.96,12.59,4386100.0
20260518,000915,华特达因,28.36,27.64,28.36,27.3,4317400.0
20260518,000917,电广传媒,8.25,8.42,8.51,8.18,28259700.0
20260518,000919,金陵药业,6.77,6.76,6.79,6.7,12928400.0
20260518,000920,沃顿科技,11.21,11.07,11.21,10.98,5008000.0
20260518,000921,海信家电,24.47,24.06,24.66,23.91,9652900.0
20260518,000922,佳电股份,15.69,15.76,16.41,15.51,19416600.0
20260518,000923,河钢资源,16.35,16.02,16.35,15.83,17406500.0
20260518,000925,众合科技,9.28,9.03,9.29,8.78,120368200.0
20260518,000926,福星股份,1.99,2.02,2.02,1.95,31642400.0
20260518,000927,中国铁物,2.72,2.72,2.73,2.68,57996400.0
20260518,000928,中钢国际,6.47,6.44,6.5,6.38,14692900.0
20260518,000929,兰州黄河,11.49,11.43,11.85,11.23,4254700.0
20260518,000930,中粮科技,5.54,5.45,5.55,5.4,17930200.0
20260518,000931,中 关 村,4.49,4.46,4.49,4.39,7307600.0
20260518,000932,华菱钢铁,4.29,4.17,4.29,4.12,105179300.0
20260518,000933,神火股份,29.25,29.14,29.52,28.78,58210800.0
20260518,000935,四川双马,32.32,31.75,32.87,31.46,10648800.0
20260518,000936,华西股份,7.74,7.61,7.79,7.53,35004300.0
20260518,000937,冀中能源,5.42,5.46,5.48,5.37,15802600.0
20260518,000938,紫光股份,31.9,31.83,32.62,31.2,162540800.0
20260518,000948,南天信息,14.62,14.8,14.9,14.55,3945400.0
20260518,000949,新乡化纤,8.27,7.83,8.28,7.67,72330800.0
20260518,000950,重药控股,6.55,6.44,6.65,6.37,65394400.0
20260518,000951,中国重汽,22.05,21.32,22.13,21.08,20645400.0
20260518,000952,广济药业,7.35,7.32,7.35,7.19,8240400.0
20260518,000953,中哲精化,7.18,7.06,7.18,6.97,7636100.0
20260518,000955,欣龙控股,4.77,4.78,4.8,4.62,12536800.0
20260518,000957,中通客车,11.65,11.29,11.65,11.14,24847100.0
20260518,000958,电投产融,5.98,6.05,6.08,5.95,30015700.0
20260518,000959,首钢股份,4.07,3.95,4.09,3.94,47653700.0
20260518,000960,锡业股份,35.7,37.7,38.1,35.35,61397900.0
20260518,000962,东方钽业,50.51,56.36,56.36,50.25,29259300.0
20260518,000963,华东医药,31.0,30.11,31.0,29.8,19107300.0
20260518,000965,天保基建,3.55,3.53,3.55,3.48,17630700.0
20260518,000966,长源电力,4.82,4.93,4.97,4.8,82394800.0
20260518,000967,盈峰环境,13.21,13.1,13.5,12.88,176087300.0
20260518,000968,蓝焰控股,8.4,8.6,8.68,8.27,58909600.0
20260518,000969,安泰科技,21.38,21.45,21.75,21.07,20088400.0
20260518,000970,中科三环,12.02,11.98,12.13,11.8,19678400.0
20260518,000972,中基健康,3.82,3.82,3.83,3.75,6870400.0
20260518,000973,佛塑科技,16.73,16.52,16.8,16.21,56383700.0
20260518,000975,山金国际,24.53,24.4,24.76,24.04,58385100.0
20260518,000977,浪潮信息,69.9,70.61,72.77,69.4,65286900.0
20260518,000978,桂林旅游,6.3,6.37,6.39,6.19,15782200.0
20260518,000980,众泰汽车,2.66,2.59,2.66,2.56,168760400.0
20260518,000981,山子高科,4.3,4.18,4.35,4.15,662015500.0
20260518,000983,山西焦煤,6.66,6.7,6.75,6.56,56137800.0
20260518,000985,大庆华科,18.81,18.98,18.98,18.57,1464100.0
20260518,000987,越秀资本,8.29,8.4,8.46,8.27,26341700.0
20260518,000988,华工科技,137.53,147.38,147.38,137.03,67680500.0
20260518,000989,九芝堂,8.74,8.58,8.78,8.51,11461600.0
20260518,000990,诚志股份,11.36,11.25,11.66,10.96,31017600.0
20260518,000993,闽东电力,13.19,13.52,13.65,13.1,29143700.0
20260518,000995,皇台酒业,14.86,14.39,14.92,14.1,19766100.0
20260518,000997,新 大 陆,22.4,22.69,22.91,22.01,35618200.0
20260518,000998,隆平高科,8.96,8.73,8.96,8.7,20933500.0
20260518,000999,华润三九,24.82,24.59,24.92,24.53,7463700.0
20260518,001201,东瑞股份,12.85,12.67,13.1,12.51,5506900.0
20260518,001202,炬申股份,16.91,16.79,16.93,16.52,1576400.0
20260518,001203,大中矿业,41.93,41.21,42.75,40.66,32617900.0
20260518,001205,盛航股份,14.75,14.89,14.93,14.49,3373600.0
20260518,001206,依依股份,18.0,17.89,18.13,17.74,2502900.0
20260518,001207,联科科技,20.88,21.35,21.9,20.75,17290200.0
20260518,001208,华菱线缆,19.05,19.06,19.48,18.88,15297900.0
20260518,001209,洪兴股份,22.15,21.9,22.2,21.55,3421200.0
20260518,001210,金房能源,28.7,29.5,30.34,28.57,13228900.0
20260518,001211,双枪科技,58.34,58.98,60.47,58.12,5706000.0
20260518,001212,中旗新材,57.5,56.93,58.29,56.5,7209900.0
20260518,001213,中铁特货,3.94,3.93,3.94,3.91,6266000.0
20260518,001215,千味央厨,41.11,41.99,42.16,40.18,6725000.0
20260518,001216,华瓷股份,17.3,17.14,17.8,17.02,3932000.0
20260518,001217,华尔泰,11.62,11.3,11.63,11.15,7072600.0
20260518,001218,丽臣实业,27.38,26.7,27.64,26.49,2757700.0
20260518,001219,青岛食品,14.37,14.26,14.5,13.95,4667600.0
20260518,001220,世盟股份,37.48,36.39,37.48,36.18,1644300.0
20260518,001221,悍高集团,58.55,57.35,59.11,56.4,1863900.0
20260518,001222,源飞宠物,17.71,17.58,17.8,17.38,1907800.0
20260518,001223,欧克科技,68.35,67.0,70.38,66.33,3896500.0
20260518,001225,和泰机电,49.35,50.01,50.5,48.48,1125200.0
20260518,001226,拓山重工,52.88,53.19,55.63,52.2,2281400.0
20260518,001227,兰州银行,2.16,2.15,2.16,2.14,39945500.0
20260518,001228,永泰运,30.97,30.82,31.15,30.43,1313500.0
20260518,001229,魅视科技,35.67,36.05,36.18,35.6,788000.0
20260518,001230,劲旅环境,26.0,25.71,26.2,25.09,4220300.0
20260518,001231,农心科技,25.08,24.81,25.08,24.31,1738100.0
20260518,001233,海安集团,57.15,56.15,57.31,54.62,3275800.0
20260518,001234,泰慕士,27.63,26.94,27.63,26.67,3212500.0
20260518,001236,弘业期货,9.4,9.54,9.65,9.38,8949200.0
20260518,001238,浙江正特,45.64,45.04,45.64,44.43,400200.0
20260518,001239,永达股份,14.9,14.93,14.99,14.78,2202000.0
20260518,001255,博菲电气,34.61,35.15,35.41,34.32,1202100.0
20260518,001256,炜冈科技,25.9,25.89,26.86,24.95,5584100.0
20260518,001257,盛龙股份,23.81,24.8,25.25,23.7,19980300.0
20260518,001258,立新能源,9.65,10.27,10.27,9.6,26789900.0
20260518,001259,利仁科技,66.55,66.55,66.55,63.01,6729500.0
20260518,001260,坤泰股份,21.94,21.96,22.0,21.4,1554300.0
20260518,001266,宏英智能,49.55,50.5,51.21,47.51,8458200.0
20260518,001267,汇绿生态,65.08,66.82,69.03,64.51,70275400.0
20260518,001268,联合精密,42.76,43.13,43.19,40.85,3866600.0
20260518,001269,欧晶科技,22.49,22.3,22.51,22.12,1885700.0
20260518,001270,铖昌科技,143.0,142.65,148.87,141.8,6325300.0
20260518,001277,速达股份,36.88,36.94,37.4,36.2,739600.0
20260518,001278,一彬科技,22.68,22.31,22.69,22.1,2365100.0
20260518,001279,强邦新材,33.0,32.7,33.1,32.43,1539600.0
20260518,001280,中国铀业,77.0,77.81,78.65,76.07,6958000.0
20260518,001282,三联锻造,21.15,21.35,21.44,20.95,3413000.0
20260518,001283,豪鹏科技,71.86,72.29,73.39,70.1,3434500.0
20260518,001285,瑞立科密,52.1,52.14,52.51,51.38,1313600.0
20260518,001286,陕西能源,11.45,11.66,11.73,11.36,23160600.0
20260518,001287,中电港,28.56,28.3,29.4,28.15,39891000.0
20260518,001288,运机集团,28.24,26.89,28.6,26.71,6515500.0
20260518,001289,龙源电力,17.41,17.42,17.69,17.25,6789100.0
20260518,001296,长江材料,21.79,21.87,21.95,21.45,2074700.0
20260518,001298,好上好,23.52,23.54,23.84,22.93,13710300.0
20260518,001299,美能能源,11.54,12.3,12.45,11.5,16961700.0
20260518,001300,三柏硕,17.93,17.56,18.05,17.31,3371200.0
20260518,001301,尚太科技,77.0,77.33,80.18,74.8,5313100.0
20260518,001306,夏厦精密,71.29,71.99,72.3,70.7,926500.0
20260518,001308,康冠科技,20.6,20.61,20.64,20.35,2117200.0
20260518,001309,德明利,707.0,735.04,743.56,702.58,16716000.0
20260518,001311,多利科技,28.65,28.13,28.65,27.88,3749000.0
20260518,001312,福恩股份,23.5,24.6,24.74,23.43,9544300.0
20260518,001313,粤海饲料,8.98,8.95,9.29,8.8,22044100.0
20260518,001314,亿道信息,54.66,53.97,54.83,53.5,2996900.0
20260518,001316,润贝航科,59.1,58.05,59.26,56.86,3120700.0
20260518,001317,三羊马,58.47,56.91,58.47,55.36,5444000.0
20260518,001318,阳光乳业,12.85,12.79,12.85,12.59,2169000.0
20260518,001319,铭科精技,24.23,24.37,24.41,23.8,2595800.0
20260518,001322,箭牌家居,7.14,7.34,7.34,7.0,8315300.0
20260518,001323,慕思股份,23.88,23.41,23.88,23.26,760100.0
20260518,001324,长青科技,20.84,20.69,20.99,20.51,2749700.0
20260518,001325,元创股份,48.65,47.34,48.65,46.98,1916700.0
20260518,001326,联域股份,58.29,59.0,59.0,56.83,1381300.0
20260518,001328,登康口腔,30.74,30.47,30.8,30.01,1207700.0
20260518,001330,博纳影业,9.17,9.46,9.53,9.06,106347800.0
20260518,001331,胜通能源,56.39,56.97,57.48,54.54,6822400.0
20260518,001332,锡装股份,66.51,65.57,67.88,64.51,2543000.0
20260518,001333,光华股份,26.1,27.0,27.8,25.81,14318000.0
20260518,001335,信凯科技,47.75,48.49,48.49,47.1,1155200.0
20260518,001336,楚环科技,30.01,30.45,30.58,29.33,2161700.0
20260518,001337,四川黄金,52.99,55.81,56.37,52.26,10662200.0
20260518,001338,永顺泰,12.51,11.81,12.79,11.8,17809700.0
20260518,001339,智微智能,102.02,106.73,108.82,102.02,12630000.0
20260518,001356,富岭股份,11.89,11.61,11.92,11.53,5807300.0
20260518,001358,兴欣新材,29.51,30.0,30.21,29.35,2067400.0
20260518,001359,平安电工,97.46,101.47,103.99,97.46,2505100.0
20260518,001360,南矿集团,20.47,20.12,20.69,19.93,2313400.0
20260518,001365,天海电子,81.0,67.12,82.88,61.02,42079000.0
20260518,001366,播恩集团,15.51,15.57,15.64,15.12,4018300.0
20260518,001367,海森药业,23.42,23.33,23.47,23.1,1270700.0
20260518,001368,通达创智,28.5,28.72,29.0,28.34,1653000.0
20260518,001369,双欣材料,15.55,15.44,15.62,15.25,10558700.0
20260518,001373,翔腾新材,39.17,39.39,39.6,38.37,1438500.0
20260518,001376,百通能源,13.7,13.64,13.83,13.28,10996300.0
20260518,001378,德冠新材,28.33,28.11,28.36,27.62,2860900.0
20260518,001379,腾达科技,21.38,21.29,21.65,21.12,1778500.0
20260518,001380,华纬科技,19.31,19.48,19.65,19.03,2935400.0
20260518,001382,新亚电缆,21.6,21.8,21.85,21.42,4596400.0
20260518,001386,马可波罗,18.42,17.95,18.47,17.66,7095700.0
20260518,001387,雪祺电气,14.36,14.45,14.57,14.22,4194900.0
20260518,001388,信通电子,38.26,38.81,38.97,37.9,1021300.0
20260518,001389,广合科技,178.51,178.8,182.4,175.68,6846900.0
20260518,001390,古麒绒材,19.9,19.39,19.98,19.21,2185300.0
20260518,001391,国货航,5.4,5.37,5.43,5.33,20243000.0
20260518,001393,维通利,100.0,95.26,107.0,91.0,24326000.0
20260518,001395,亚联机械,38.64,38.19,38.64,37.79,726600.0
20260518,001396,誉帆科技,51.41,51.55,53.13,50.9,2311900.0
20260518,001400,江顺科技,177.48,178.07,183.39,176.53,1355300.0
20260518,001696,宗申动力,16.74,16.37,16.74,16.34,19017100.0
20260518,001872,招商港口,22.52,22.25,22.69,21.85,3167000.0
20260518,001896,豫能控股,14.7,14.72,15.36,14.51,112610900.0
20260518,001914,招商积余,9.95,9.75,9.98,9.63,10670300.0
20260518,001965,招商公路,9.89,9.88,9.96,9.83,9443400.0
20260518,001979,招商蛇口,9.0,8.7,9.04,8.6,78005300.0
20260518,002001,新 和 成,32.7,31.74,32.84,31.46,38289100.0
20260518,002003,伟星股份,9.78,9.78,9.82,9.68,6628800.0
20260518,002004,华邦健康,4.75,4.72,4.77,4.7,22527700.0
20260518,002005,德豪润达,2.87,2.77,2.87,2.76,21258200.0
20260518,002006,精工科技,18.63,19.18,19.18,18.45,24765200.0
20260518,002007,华兰生物,14.19,14.01,14.24,13.96,10419900.0
20260518,002008,大族激光,141.04,138.53,142.8,136.77,58627700.0
20260518,002009,天奇股份,27.2,28.56,29.2,26.51,62676000.0
20260518,002010,传化智联,5.41,5.37,5.46,5.32,21849700.0
20260518,002011,盾安环境,12.79,12.78,12.97,12.61,21927000.0
20260518,002012,凯恩股份,7.13,7.22,7.26,7.0,19070700.0
20260518,002014,永新股份,11.31,11.33,11.43,11.24,3341500.0
20260518,002015,协鑫能科,22.07,21.47,22.26,21.25,151902800.0
20260518,002016,世荣兆业,5.05,4.99,5.05,4.91,8894200.0
20260518,002017,东信和平,18.5,18.77,18.84,18.33,10582800.0
20260518,002019,亿帆医药,10.79,10.5,10.87,10.47,13071800.0
20260518,002020,京新药业,14.22,13.93,14.22,13.88,9362100.0
20260518,002021,中捷资源,3.13,3.1,3.18,3.05,33234500.0
20260518,002022,科华生物,5.77,5.91,6.0,5.77,12253400.0
20260518,002023,海特高新,13.41,13.24,13.63,13.13,39776600.0
20260518,002025,航天电器,69.51,68.0,71.54,67.74,25319300.0
20260518,002026,山东威达,12.95,12.74,12.95,12.64,7724700.0
20260518,002027,分众传媒,5.93,5.75,5.93,5.71,260034200.0
20260518,002028,思源电气,188.02,192.57,197.3,187.1,11373900.0
20260518,002029,七 匹 狼,11.01,10.1,11.07,9.99,33554900.0
20260518,002030,达安基因,6.48,6.64,6.64,6.48,65866400.0
20260518,002031,巨轮智能,8.32,8.18,8.8,8.05,660021600.0
20260518,002032,苏 泊 尔,48.25,47.95,48.58,47.63,1567400.0
20260518,002033,丽江股份,8.97,9.02,9.03,8.89,17588200.0
20260518,002034,旺能环境,23.19,22.88,23.5,22.2,33437200.0
20260518,002035,华帝股份,5.55,5.57,5.58,5.49,12080500.0
20260518,002036,联创电子,8.36,8.65,8.85,8.31,36010900.0
20260518,002037,保利联合,8.21,8.09,8.28,7.92,9829200.0
20260518,002038,双鹭药业,6.14,6.25,6.29,6.07,29542500.0
20260518,002039,黔源电力,20.2,20.28,20.53,20.03,8994900.0
20260518,002040,南 京 港,10.48,10.26,10.48,10.16,13367800.0
20260518,002041,登海种业,9.69,9.53,9.7,9.44,11186600.0
20260518,002042,华孚时尚,4.83,4.87,5.1,4.81,74249200.0
20260518,002043,兔 宝 宝,15.19,13.72,15.31,13.72,16766100.0
20260518,002044,美年健康,6.17,6.12,6.33,6.08,175528800.0
20260518,002045,国光电器,11.25,11.27,11.35,10.94,11450000.0
20260518,002046,国机精工,54.0,52.48,56.53,52.28,18519500.0
20260518,002047,宝鹰股份,5.41,5.44,5.5,5.36,19091300.0
20260518,002048,宁波华翔,29.06,29.18,29.71,28.7,23678300.0
20260518,002049,紫光国微,77.0,78.33,79.77,76.89,27186800.0
20260518,002050,三花智控,52.0,52.92,53.83,51.3,219882800.0
20260518,002051,中工国际,10.49,10.47,10.58,10.3,32234600.0
20260518,002052,同洲电子,11.5,11.4,11.67,11.24,16926800.0
20260518,002053,云南能投,12.09,12.23,12.29,12.02,10259900.0
20260518,002054,德美化工,8.56,8.42,8.56,8.34,12517500.0
20260518,002056,横店东磁,19.1,19.61,19.93,18.93,30263300.0
20260518,002057,中钢天源,9.66,9.55,9.66,9.39,15175400.0
20260518,002058,紫竹高科,26.88,26.26,28.52,26.22,3029000.0
20260518,002059,云南旅游,4.55,4.59,4.6,4.5,6654500.0
20260518,002060,广东建工,3.68,3.72,3.73,3.66,22563700.0
20260518,002061,浙江交科,3.77,3.74,3.79,3.72,16790500.0
20260518,002062,宏润建设,9.7,9.7,9.99,9.63,23364000.0
20260518,002063,远光软件,6.34,6.44,6.49,6.32,38952900.0
20260518,002064,华峰化学,11.3,10.6,11.36,10.45,75370600.0
20260518,002065,东华软件,8.25,8.37,8.44,8.22,30531700.0
20260518,002066,瑞泰科技,26.17,26.48,27.29,25.66,22111100.0
20260518,002067,景兴纸业,4.85,4.8,4.85,4.74,29049300.0
20260518,002068,黑猫股份,10.02,10.34,10.75,9.68,67699800.0
20260518,002069,獐子岛,3.66,3.73,3.73,3.64,11580600.0
20260518,002072,凯瑞德,7.35,7.21,7.36,7.0,9992500.0
20260518,002073,软控股份,6.18,6.08,6.2,6.02,28855700.0
20260518,002074,国轩高科,36.48,36.08,36.92,35.86,36915400.0
20260518,002075,沙钢股份,4.32,4.26,4.32,4.23,22522900.0
20260518,002076,星光股份,2.4,2.38,2.42,2.33,31149400.0
20260518,002077,大港股份,17.11,17.28,17.5,17.03,21249700.0
20260518,002078,太阳纸业,13.61,13.26,13.68,13.16,37421600.0
20260518,002079,苏州固锝,12.6,12.66,12.9,12.51,32212700.0
20260518,002080,中材科技,63.73,65.64,67.91,63.25,42035400.0
20260518,002081,金 螳 螂,7.07,7.07,7.48,7.07,340792700.0
20260518,002083,孚日股份,10.5,10.47,10.57,10.27,20788600.0
20260518,002084,海鸥住工,3.71,3.71,3.73,3.65,13582600.0
20260518,002085,万丰奥威,13.6,13.62,13.73,13.39,23760400.0
20260518,002086,东方海洋,1.88,1.9,1.9,1.85,31940300.0
20260518,002088,鲁阳节能,9.39,9.14,9.39,9.04,4347900.0
20260518,002090,金智科技,11.18,11.24,11.29,11.09,7765600.0
20260518,002091,江苏国泰,9.04,8.96,9.07,8.85,21729600.0
20260518,002092,中泰化学,5.68,5.59,5.73,5.49,51357600.0
20260518,002093,国脉科技,8.05,8.14,8.19,8.0,10536700.0
20260518,002094,青岛金王,5.76,5.72,5.76,5.63,11991900.0
20260518,002095,生 意 宝,15.91,15.85,15.92,15.61,2657000.0
20260518,002096,易普力,10.78,10.56,10.84,10.51,6406100.0
20260518,002097,山河智能,9.69,9.51,9.69,9.44,16388900.0
20260518,002098,浔兴股份,8.37,8.36,8.4,8.1,4293100.0
20260518,002099,海翔药业,5.67,5.89,5.93,5.54,32801100.0
20260518,002100,天康生物,7.36,7.16,7.38,7.09,29644000.0
20260518,002101,广东鸿图,9.7,9.53,9.7,9.45,6956600.0
20260518,002103,广博股份,7.87,7.72,7.87,7.58,6305100.0
20260518,002104,恒宝股份,13.48,13.68,13.8,13.35,17370300.0
20260518,002105,信隆健康,6.55,6.64,6.67,6.46,7749200.0
20260518,002106,莱宝高科,10.73,10.86,10.93,10.62,9428700.0
20260518,002107,沃华医药,7.06,6.95,7.13,6.9,16858400.0
20260518,002108,沧州明珠,5.61,5.65,5.7,5.5,66283300.0
20260518,002110,三钢闽光,3.18,3.22,3.24,3.13,25173500.0
20260518,002111,威海广泰,11.3,11.25,11.39,11.09,10371300.0
20260518,002112,三变科技,20.29,20.45,21.03,20.17,18049600.0
20260518,002114,罗平锌电,9.08,9.09,9.21,8.92,15252800.0
20260518,002115,三维通信,14.19,14.2,14.47,14.11,53757400.0
20260518,002116,中国海诚,9.44,9.34,9.44,9.26,3865800.0
20260518,002117,东港股份,10.2,10.04,10.36,9.88,15029300.0
20260518,002119,康强电子,23.2,23.24,23.76,22.71,36009200.0
20260518,002120,韵达股份,7.5,7.46,7.51,7.36,36494400.0
20260518,002121,科陆电子,6.78,7.52,7.52,6.67,65712200.0
20260518,002123,梦网科技,9.13,9.34,9.42,9.13,14123100.0
20260518,002124,天邦食品,2.96,2.87,2.97,2.8,153951600.0
20260518,002125,湘潭电化,14.3,14.25,14.5,14.09,17618500.0
20260518,002126,银轮股份,49.0,52.4,52.99,48.8,30518500.0
20260518,002127,南极电商,3.19,3.18,3.2,3.13,43242600.0
20260518,002128,电投能源,29.6,29.67,30.0,29.37,15688300.0
20260518,002129,TCL中环,9.66,9.36,9.7,9.3,151664900.0
20260518,002130,沃尔核材,22.3,21.73,22.38,21.6,48563800.0
20260518,002131,利欧股份,6.52,6.9,7.05,6.48,623191500.0
20260518,002132,恒星科技,5.68,5.59,5.88,5.55,132790400.0
20260518,002133,广宇集团,3.11,3.12,3.13,3.03,21041500.0
20260518,002134,天津普林,30.0,30.44,30.8,29.52,9934800.0
20260518,002135,东南网架,8.04,8.09,8.2,7.98,36877400.0
20260518,002136,安 纳 达,14.92,14.21,15.0,14.01,12301800.0
20260518,002137,实益达,8.51,8.67,8.67,8.47,13796000.0
20260518,002138,顺络电子,35.1,36.69,37.66,34.62,43004100.0
20260518,002139,拓邦股份,11.08,11.07,11.22,10.93,23160900.0
20260518,002140,东华科技,10.72,10.73,10.85,10.62,6738200.0
20260518,002141,贤丰控股,3.56,3.51,3.56,3.48,16321700.0
20260518,002142,宁波银行,31.61,31.08,31.77,30.92,24204800.0
20260518,002144,宏达高科,13.59,13.58,13.6,13.33,3663700.0
20260518,002145,钛能化学,4.5,4.5,4.54,4.43,44922400.0
20260518,002146,荣盛发展,1.27,1.28,1.29,1.25,77001500.0
20260518,002148,北纬科技,7.69,7.81,7.86,7.62,13223400.0
20260518,002149,西部材料,70.5,73.9,75.92,69.02,98626800.0
20260518,002150,正泰电源,28.8,29.73,30.58,28.7,24172500.0
20260518,002151,北斗星通,39.8,40.84,41.58,39.68,15173600.0
20260518,002152,广电运通,11.38,11.46,11.55,11.3,21304600.0
20260518,002153,石基信息,9.3,9.43,9.75,9.25,43171400.0
20260518,002154,报 喜 鸟,4.52,4.47,4.54,4.41,34278600.0
20260518,002155,湖南黄金,25.84,26.02,26.26,25.57,39274000.0
20260518,002156,通富微电,57.6,58.07,60.11,57.06,134776600.0
20260518,002157,正邦科技,3.39,3.32,3.41,3.29,255348900.0
20260518,002158,汉钟精机,32.88,31.85,33.26,31.71,20277500.0
20260518,002159,三特索道,15.95,16.36,16.78,15.8,11331600.0
20260518,002160,常铝股份,4.58,4.6,4.62,4.51,16611200.0
20260518,002161,远 望 谷,6.61,7.02,7.1,6.52,32631100.0
20260518,002162,悦心健康,4.21,4.2,4.22,4.15,10684800.0
20260518,002163,海南发展,11.6,11.55,11.79,11.45,27151900.0
20260518,002164,宁波东力,13.89,14.15,14.3,13.89,47421000.0
20260518,002165,红 宝 丽,9.7,9.47,9.71,9.3,135660400.0
20260518,002166,莱茵生物,8.79,8.72,8.89,8.58,10823000.0
20260518,002167,东方锆业,12.04,12.39,12.55,11.85,27684500.0
20260518,002169,智光电气,14.0,15.03,15.38,13.94,52036100.0
20260518,002170,芭田股份,12.71,12.39,12.83,12.3,20649700.0
20260518,002171,楚江新材,11.79,11.6,11.81,11.49,57071500.0
20260518,002172,澳洋健康,3.65,3.63,3.65,3.57,19987800.0
20260518,002173,创新医疗,23.07,23.08,23.44,22.91,13051600.0
20260518,002174,游族网络,12.05,11.76,12.25,11.38,62030200.0
20260518,002176,江特电机,13.34,13.26,13.67,13.13,106981600.0
20260518,002177,御银股份,7.88,7.87,7.94,7.75,40996700.0
20260518,002178,延华智能,5.41,5.58,5.68,5.37,17664900.0
20260518,002179,中航光电,40.01,39.34,40.58,38.75,45690800.0
20260518,002180,奔图科技,17.4,18.06,18.64,17.4,22530700.0
20260518,002181,粤 传 媒,20.94,17.72,21.66,17.72,181354200.0
20260518,002182,宝武镁业,15.48,15.5,15.69,14.9,23017600.0
20260518,002183,怡 亚 通,7.14,7.25,7.34,7.0,165450300.0
20260518,002184,海得控制,12.18,12.32,12.34,12.08,6995600.0
20260518,002185,华天科技,14.3,14.69,15.05,14.22,293784100.0
20260518,002186,全 聚 德,10.23,10.17,10.27,10.0,4552300.0
20260518,002187,广百股份,5.78,5.83,5.84,5.73,7157900.0
20260518,002188,中天服务,6.87,6.98,7.0,6.76,10134900.0
20260518,002189,中光学,22.79,22.29,22.79,22.1,4344600.0
20260518,002190,成飞集成,31.5,31.98,32.37,30.82,12580500.0
20260518,002191,劲嘉股份,3.95,3.92,3.96,3.85,20917600.0
20260518,002192,融捷股份,90.99,91.08,93.19,89.49,20517100.0
20260518,002194,武汉凡谷,12.52,12.78,12.9,12.43,37219600.0
20260518,002195,岩山科技,8.58,8.39,8.62,8.28,234927300.0
20260518,002196,方正电机,15.67,16.16,16.38,15.67,138228200.0
20260518,002197,证通电子,7.93,7.9,8.05,7.79,21866700.0
20260518,002199,东晶电子,13.19,13.19,13.19,13.19,1266400.0
20260518,002200,交投生态,7.78,7.52,7.79,7.5,2161100.0
20260518,002201,九鼎新材,12.68,12.76,12.95,12.45,27441500.0
20260518,002202,金风科技,25.0,25.79,26.3,25.0,146230600.0
20260518,002203,海亮股份,20.73,21.58,21.79,19.96,68169400.0
20260518,002204,大连重工,6.3,6.28,6.34,6.24,18362900.0
20260518,002205,国统股份,14.14,13.99,14.21,13.83,2577900.0
20260518,002206,海 利 得,5.91,5.78,5.94,5.69,22386500.0
20260518,002208,合肥城建,22.84,22.84,22.84,22.84,6293800.0
20260518,002209,达 意 隆,13.94,13.59,13.96,13.44,7187900.0
20260518,002210,飞马国际,3.02,2.98,3.03,2.93,108750400.0
20260518,002212,天融信,7.24,7.3,7.39,7.21,18444100.0
20260518,002213,大为股份,40.71,40.3,42.14,39.83,20267400.0
20260518,002214,大立科技,19.0,18.64,19.04,18.61,4767000.0
20260518,002215,诺 普 信,10.05,9.95,10.13,9.8,16305900.0
20260518,002216,三全食品,13.75,13.62,13.81,13.48,7476500.0
20260518,002218,拓日新能,5.53,5.5,5.57,5.46,62871800.0
20260518,002219,新里程,2.26,2.28,2.3,2.19,77589100.0
20260518,002221,东华能源,8.04,7.96,8.1,7.89,21996300.0
20260518,002222,福晶科技,103.0,104.73,108.5,103.0,34381000.0
20260518,002223,鱼跃医疗,29.07,28.08,29.07,27.92,13390500.0
20260518,002224,三 力 士,4.04,4.03,4.05,3.96,16331100.0
20260518,002225,濮耐股份,4.35,4.2,4.36,4.16,48152100.0
20260518,002226,江南化工,5.68,5.64,5.77,5.56,30902800.0
20260518,002228,合兴包装,3.7,3.7,3.72,3.64,26411500.0
20260518,002229,鸿博股份,18.47,17.16,18.69,16.88,92053200.0
20260518,002230,科大讯飞,47.0,48.71,49.12,46.86,62270900.0
20260518,002232,启明信息,17.5,17.87,17.99,17.43,4837800.0
20260518,002233,塔牌集团,8.52,8.47,8.53,8.38,6573600.0
20260518,002234,民和股份,8.34,8.17,8.38,7.96,15359600.0
20260518,002235,安妮股份,11.25,11.51,11.79,10.95,46451000.0
20260518,002236,大华股份,17.45,17.77,17.99,17.4,34360100.0
20260518,002237,恒邦股份,14.85,14.86,15.02,14.68,25532300.0
20260518,002238,天威视讯,7.25,7.34,7.49,7.2,10574500.0
20260518,002239,奥特佳,2.81,2.8,2.82,2.74,54284000.0
20260518,002240,盛新锂能,51.0,51.45,53.39,50.0,46439300.0
20260518,002241,歌尔股份,25.18,25.81,26.16,24.59,134280500.0
20260518,002242,九阳股份,10.56,10.58,10.75,10.45,12121200.0
20260518,002243,力合科创,8.85,8.96,9.15,8.8,22130900.0
20260518,002244,滨江集团,10.64,10.05,10.73,9.93,56768300.0
20260518,002245,蔚蓝锂芯,25.73,27.93,28.5,25.5,131753500.0
20260518,002246,北化股份,22.15,22.47,23.08,22.13,14583200.0
20260518,002247,聚力文化,2.82,2.9,2.93,2.76,29268000.0
20260518,002248,华东数控,13.23,12.96,13.29,12.81,14817400.0
20260518,002249,大洋电机,9.91,9.97,10.03,9.76,88237600.0
20260518,002250,联化科技,15.48,14.98,15.48,14.87,19185600.0
20260518,002251,步步高,3.77,3.83,3.85,3.73,51389000.0
20260518,002252,上海莱士,5.43,5.4,5.43,5.35,25827300.0
20260518,002253,川大智胜,11.78,11.36,11.8,11.26,6795700.0
20260518,002254,泰和新材,13.98,14.67,14.89,13.86,94696600.0
20260518,002255,海陆重工,10.79,10.82,10.91,10.66,17652000.0
20260518,002256,兆新股份,4.85,4.91,4.94,4.8,112597800.0
20260518,002258,利尔化学,12.36,12.21,12.46,12.13,12523800.0
20260518,002259,升达林业,5.36,5.4,5.43,5.25,19529700.0
20260518,002261,拓维信息,33.68,33.93,34.19,33.55,60028500.0
20260518,002262,恩华药业,21.02,20.57,21.1,20.39,12753900.0
20260518,002263,大东南,3.9,3.94,3.95,3.87,68245300.0
20260518,002264,新 华 都,7.6,7.6,7.7,7.5,20256700.0
20260518,002265,建设工业,22.98,22.93,23.2,22.74,9137100.0
20260518,002266,浙富控股,5.4,5.37,5.53,5.31,140917500.0
20260518,002267,陕天然气,7.71,7.82,7.83,7.67,10378300.0
20260518,002268,电科网安,15.05,15.51,15.66,15.01,12294600.0
20260518,002269,美邦服饰,1.59,1.58,1.6,1.55,51613200.0
20260518,002270,华明装备,23.91,24.26,24.42,23.9,15947500.0
20260518,002271,东方雨虹,14.85,14.12,14.9,14.04,66963300.0
20260518,002272,川润股份,19.8,20.61,20.61,19.5,42096100.0
20260518,002273,水晶光电,37.91,37.3,37.98,36.55,66429200.0
20260518,002275,桂林三金,14.06,13.75,14.12,13.61,3731500.0
20260518,002276,万马股份,13.31,13.32,13.46,13.24,15468500.0
20260518,002277,友阿股份,6.44,6.44,6.51,6.34,45589900.0
20260518,002278,神开股份,10.44,10.49,10.66,10.21,8970800.0
20260518,002279,久其软件,7.58,7.58,7.65,7.49,19905100.0
20260518,002281,光迅科技,195.0,209.9,214.83,195.0,67512000.0
20260518,002282,博深股份,6.71,6.61,6.72,6.53,7552100.0
20260518,002283,天润工业,12.15,12.46,12.75,11.66,70147300.0
20260518,002284,亚太股份,12.88,12.71,12.9,12.43,17436300.0
20260518,002285,世联行,3.1,3.11,3.18,3.01,43958900.0
20260518,002286,保龄宝,9.71,9.5,9.71,9.36,8777700.0
20260518,002287,奇正藏药,22.42,22.0,22.42,21.97,1593700.0
20260518,002289,宇顺电子,44.0,42.65,44.99,42.65,4091000.0
20260518,002290,禾盛新材,93.24,89.7,95.85,88.8,18582600.0
20260518,002291,遥望科技,6.74,6.8,6.85,6.64,47559500.0
20260518,002292,奥飞娱乐,7.9,8.08,8.23,7.84,39370800.0
20260518,002293,罗莱生活,11.5,11.06,11.63,10.96,15329600.0
20260518,002294,信立泰,35.15,34.76,35.35,34.48,20760000.0
20260518,002295,精艺股份,11.3,11.51,11.58,11.22,4564700.0
20260518,002296,辉煌科技,11.48,11.44,11.51,11.24,7524900.0
20260518,002297,博云新材,25.68,25.38,27.06,25.1,142660000.0
20260518,002298,中电鑫龙,11.41,11.73,11.78,11.28,97677100.0
20260518,002299,圣农发展,18.07,17.74,18.13,17.58,12102100.0
20260518,002300,太阳电缆,10.08,10.2,10.38,10.01,50172900.0
20260518,002301,齐心集团,7.97,8.12,8.38,7.88,32980000.0
20260518,002302,西部建设,5.47,5.5,5.51,5.4,6066800.0
20260518,002303,美盈森,3.52,3.54,3.56,3.48,18845900.0
20260518,002304,洋河股份,45.8,45.12,45.83,44.93,6649100.0
20260518,002307,北新路桥,4.1,4.09,4.12,4.07,11512800.0
20260518,002309,中利集团,4.44,4.31,4.52,4.23,444484200.0
20260518,002310,东方新能,3.02,3.03,3.09,3.0,217117700.0
20260518,002311,海大集团,47.5,46.37,47.74,46.08,9755200.0
20260518,002312,川发龙蟒,10.18,10.03,10.27,10.01,29763300.0
20260518,002313,日海智能,9.88,10.17,10.2,9.81,15901600.0
20260518,002314,南山控股,2.33,2.31,2.34,2.29,19220300.0
20260518,002315,焦点科技,30.61,30.88,31.18,30.27,5609000.0
20260518,002316,亚联发展,5.44,5.6,5.6,5.41,14330600.0
20260518,002317,众生药业,21.46,22.47,23.12,21.4,68216500.0
20260518,002318,久立特材,28.29,27.63,28.72,27.4,13630000.0
20260518,002319,乐通股份,11.56,11.98,12.16,11.37,11269300.0
20260518,002320,海峡股份,7.96,8.04,8.14,7.95,19655800.0
20260518,002321,华英农业,2.02,2.0,2.02,1.98,25523500.0
20260518,002322,理工能科,11.75,11.67,11.77,11.53,5174700.0
20260518,002324,普利特,14.25,14.33,14.56,13.95,23767100.0
20260518,002326,永太科技,23.41,22.91,23.41,22.68,31009800.0
20260518,002327,富安娜,7.5,7.44,7.51,7.29,8404500.0
20260518,002328,新朋股份,10.1,10.19,10.35,9.87,42106300.0
20260518,002329,皇氏集团,4.76,4.84,4.85,4.67,34192900.0
20260518,002330,得利斯,4.53,4.52,4.53,4.4,13153500.0
20260518,002331,皖通科技,9.62,9.56,9.7,9.43,17597900.0
20260518,002332,仙琚制药,8.7,8.71,8.75,8.65,6299000.0
20260518,002333,罗普斯金,5.23,5.32,5.32,5.19,8207300.0
20260518,002334,英威腾,9.04,9.26,9.39,8.85,68515700.0
20260518,002335,科华数据,67.0,67.68,69.3,66.9,30575900.0
20260518,002337,赛象科技,5.96,5.86,5.96,5.78,11090500.0
20260518,002338,奥普光电,63.3,63.6,64.27,62.39,5163600.0
20260518,002339,积成电子,9.6,9.8,9.9,9.51,14642000.0
20260518,002340,格林美,8.4,8.37,8.48,8.29,121674200.0
20260518,002342,巨力索具,17.49,17.49,17.49,17.49,7324500.0
20260518,002343,慈文传媒,5.92,5.86,5.97,5.78,11259500.0
20260518,002344,海宁皮城,4.25,4.28,4.28,4.2,6957200.0
20260518,002345,潮宏基,9.65,9.53,9.7,9.44,15832900.0
20260518,002346,柘中股份,20.08,20.75,21.12,19.6,11733000.0
20260518,002347,泰尔股份,8.4,8.4,8.49,8.25,18948800.0
20260518,002348,高乐股份,13.84,14.81,14.94,13.2,59195900.0
20260518,002349,精华制药,7.2,7.12,7.2,7.07,9552800.0
20260518,002350,北京科锐,16.2,16.54,16.89,16.0,19729900.0
20260518,002351,漫步者,11.34,11.33,11.42,11.14,11544500.0
20260518,002352,顺丰控股,35.99,35.73,35.99,35.52,16895900.0
20260518,002353,杰瑞股份,136.08,139.15,141.75,134.96,13688900.0
20260518,002354,天娱数科,6.52,7.08,7.08,6.49,231091300.0
20260518,002355,兴民智通,6.56,6.46,6.58,6.35,27954500.0
20260518,002356,鹏飞绿能,3.08,3.11,3.13,3.04,19735600.0
20260518,002357,富临运业,12.03,11.27,12.04,11.19,14156900.0
20260518,002358,森源电气,7.2,7.38,7.42,7.17,24465300.0
20260518,002361,神剑股份,18.4,18.91,19.5,18.06,161329000.0
20260518,002362,汉王科技,18.3,18.78,18.85,18.19,5024900.0
20260518,002363,隆基机械,8.21,8.12,8.23,7.99,9342500.0
20260518,002364,中恒电气,47.65,49.16,50.24,47.36,50424800.0
20260518,002365,永安药业,13.06,12.64,13.06,12.56,11298500.0
20260518,002366,融发核电,7.56,7.53,7.6,7.45,43673600.0
20260518,002367,康力电梯,6.07,6.07,6.08,5.95,9048000.0
20260518,002368,太极股份,16.25,16.61,16.97,16.05,14037500.0
20260518,002369,卓翼科技,7.16,7.28,7.32,7.1,10506500.0
20260518,002370,亚太药业,6.39,6.36,6.4,6.3,12398000.0
20260518,002371,北方华创,601.0,597.97,623.27,592.76,17523500.0
20260518,002372,伟星新材,10.08,10.21,10.24,9.99,9116500.0
20260518,002373,千方科技,8.61,8.68,8.76,8.53,20085900.0
20260518,002374,中锐股份,3.91,3.91,3.91,3.65,93423100.0
20260518,002375,亚厦股份,4.5,4.43,4.54,4.39,36688900.0
20260518,002376,新北洋,7.02,7.09,7.11,6.99,12223300.0
20260518,002377,国创高新,3.34,3.35,3.36,3.26,25375700.0
20260518,002378,章源钨业,30.09,29.95,30.82,29.77,38984700.0
20260518,002379,宏桥控股,20.76,20.72,21.16,20.41,41503600.0
20260518,002380,科远智慧,40.81,43.41,44.6,40.81,23813200.0
20260518,002381,双箭股份,6.43,6.44,6.46,6.33,5559500.0
20260518,002382,蓝帆医疗,6.8,6.65,6.89,6.59,27482900.0
20260518,002383,合众思壮,8.89,9.05,9.12,8.88,11816400.0
20260518,002384,东山精密,203.35,211.25,215.6,199.94,78388300.0
20260518,002385,大北农,3.72,3.62,3.72,3.61,76786300.0
20260518,002386,天原股份,6.5,6.58,6.59,6.31,35488000.0
20260518,002387,维信诺,7.99,8.09,8.15,7.9,16155800.0
20260518,002388,新亚制程,5.31,5.41,5.43,5.3,18213700.0
20260518,002389,航天彩虹,21.1,21.38,21.46,21.0,15066600.0
20260518,002390,信邦制药,3.15,3.15,3.16,3.11,23360600.0
20260518,002391,长青股份,6.23,6.15,6.23,6.06,10987600.0
20260518,002392,北京利尔,10.6,10.36,10.88,10.22,36406600.0
20260518,002393,力生制药,15.92,15.56,15.93,15.4,3869000.0
20260518,002394,联发股份,12.5,12.24,12.5,12.03,6697600.0
20260518,002395,双象股份,21.14,19.07,21.2,19.07,18364600.0
20260518,002396,星网锐捷,31.1,31.41,32.22,30.69,23922900.0
20260518,002397,梦洁股份,5.2,5.37,5.39,5.2,25397200.0
20260518,002398,垒知集团,4.77,4.82,4.83,4.73,12632000.0
20260518,002399,海普瑞,10.3,10.16,10.33,10.03,4211000.0
20260518,002400,省广集团,8.88,8.95,9.07,8.77,114140100.0
20260518,002401,中远海科,14.61,14.57,14.7,14.46,4159600.0
20260518,002402,和而泰,31.21,31.68,32.13,31.13,28745900.0
20260518,002403,爱仕达,11.5,11.62,11.69,11.35,6063600.0
20260518,002404,嘉欣丝绸,6.96,6.7,6.98,6.59,13319000.0
20260518,002405,四维图新,8.92,9.15,9.26,8.88,56105200.0
20260518,002406,远东传动,8.3,8.35,8.49,8.27,48763000.0
20260518,002407,多氟多,37.22,37.79,39.71,37.22,289765700.0
20260518,002408,齐翔腾达,5.85,5.81,5.88,5.73,24296600.0
20260518,002409,雅克科技,117.14,114.19,118.21,113.01,39240600.0
20260518,002410,广联达,10.2,10.21,10.31,10.07,31609600.0
20260518,002412,汉森制药,7.2,7.12,7.2,7.02,13323500.0
20260518,002413,雷科防务,12.53,12.75,12.85,12.47,45182800.0
20260518,002414,高德红外,13.8,14.0,14.31,13.67,54962700.0
20260518,002415,海康威视,33.15,33.0,33.47,32.75,48705500.0
20260518,002416,爱施德,12.42,12.24,12.48,12.13,27550600.0
20260518,002418,康盛股份,5.86,6.08,6.25,5.86,108297900.0
20260518,002419,天虹股份,5.17,5.11,5.19,5.04,19489500.0
20260518,002420,毅昌科技,6.9,6.89,6.92,6.76,9496900.0
20260518,002421,达实智能,3.21,3.53,3.53,3.15,341607200.0
20260518,002422,科伦药业,31.39,30.63,31.39,30.3,15846400.0
20260518,002423,中粮资本,9.57,9.68,9.72,9.44,15217800.0
20260518,002425,凯撒文化,3.46,3.46,3.47,3.35,21406300.0
20260518,002426,胜利精密,3.75,3.73,3.77,3.62,130094700.0
20260518,002427,尤夫股份,5.41,5.19,5.41,5.16,20912500.0
20260518,002428,云南锗业,90.0,91.44,96.1,89.99,87466600.0
20260518,002429,兆驰股份,12.6,12.6,13.23,12.48,136094300.0
20260518,002430,杭氧股份,29.48,29.0,29.83,28.66,17196400.0
20260518,002432,九安医疗,74.38,73.44,76.65,72.92,26969800.0
20260518,002434,万里扬,7.8,7.71,7.83,7.66,20460600.0
20260518,002436,兴森科技,31.51,33.61,33.91,31.0,143959300.0
20260518,002437,誉衡药业,3.13,3.16,3.18,3.1,45723500.0
20260518,002438,江苏神通,16.8,16.72,17.03,16.56,8596700.0
20260518,002439,启明星辰,15.8,15.9,16.2,15.77,34578700.0
20260518,002440,闰土股份,9.96,9.74,9.97,9.67,29239500.0
20260518,002441,众业达,10.17,10.21,10.23,10.0,5981500.0
20260518,002442,龙星科技,6.09,5.89,6.09,5.76,16403400.0
20260518,002443,金洲管道,12.21,12.9,13.17,12.12,52099200.0
20260518,002444,巨星科技,34.49,33.66,34.6,32.6,20711300.0
20260518,002445,中南文化,4.03,3.99,4.05,3.92,291024400.0
20260518,002446,盛路通信,10.39,10.68,10.89,10.35,43967600.0
20260518,002448,中原内配,14.92,14.73,14.95,14.39,23237100.0
20260518,002449,国星光电,8.06,8.17,8.18,8.01,17682300.0
20260518,002451,摩恩电气,9.68,9.71,9.74,9.53,9748700.0
20260518,002452,长高电气,10.74,11.56,11.7,10.7,59351200.0
20260518,002453,华软科技,6.29,6.01,6.29,5.9,40685900.0
20260518,002454,松芝股份,9.95,9.99,10.08,9.86,17230700.0
20260518,002455,百川股份,9.97,9.89,10.08,9.83,38004400.0
20260518,002456,欧菲光,8.68,8.86,8.94,8.56,56327900.0
20260518,002457,青龙管业,12.36,12.8,13.19,12.0,50619100.0
20260518,002458,益生股份,9.11,8.63,9.15,8.48,45788100.0
20260518,002459,晶澳科技,10.28,10.26,10.4,10.15,46268900.0
20260518,002460,赣锋锂业,78.06,79.38,80.88,77.5,49501100.0
20260518,002461,珠江啤酒,9.69,9.6,9.78,9.53,12271800.0
20260518,002462,嘉事堂,13.41,13.51,13.6,13.07,8258700.0
20260518,002463,沪电股份,101.55,104.26,106.68,101.55,49210300.0
20260518,002465,海格通信,15.13,16.01,16.48,15.13,227687600.0
20260518,002466,天齐锂业,68.85,69.38,71.16,68.2,57079900.0
20260518,002467,二六三,6.67,6.7,6.75,6.65,42955200.0
20260518,002468,申通快递,15.5,15.77,15.77,15.27,20720700.0
20260518,002469,三维化学,7.0,6.96,7.0,6.87,7727000.0
20260518,002470,金正大,2.8,2.73,2.8,2.71,148285400.0
20260518,002471,中超控股,7.92,7.98,8.07,7.84,48773000.0
20260518,002472,双环传动,42.62,44.11,44.43,42.3,51945100.0
20260518,002474,榕基软件,8.13,8.14,8.28,8.05,39267200.0
20260518,002475,立讯精密,73.08,72.9,75.11,71.67,204511200.0
20260518,002476,新叶股份,5.7,5.66,5.72,5.56,12346200.0
20260518,002478,常宝股份,8.22,8.06,8.23,8.0,19673500.0
20260518,002479,富春环保,5.49,5.57,5.59,5.42,18057100.0
20260518,002480,新筑股份,6.28,6.18,6.28,6.11,13637000.0
20260518,002481,双塔食品,4.3,4.25,4.35,4.23,8512700.0
20260518,002482,广田集团,1.63,1.63,1.64,1.61,39375100.0
20260518,002483,润邦股份,6.19,6.05,6.19,5.97,15015400.0
20260518,002484,江海股份,51.31,53.35,53.53,48.83,74748200.0
20260518,002486,嘉麟杰,2.73,2.77,2.78,2.7,27531300.0
20260518,002487,大金重工,77.13,78.93,79.86,77.13,12675000.0
20260518,002488,金固股份,12.11,12.14,12.3,11.75,18684200.0
20260518,002489,浙江永强,3.95,4.1,4.16,3.93,123111400.0
20260518,002490,山东墨龙,9.24,9.32,9.5,9.02,52336700.0
20260518,002491,通鼎互联,22.88,23.69,24.85,22.65,184824100.0
20260518,002492,恒基达鑫,7.69,7.65,7.72,7.46,8725900.0
20260518,002493,荣盛石化,12.99,12.29,13.02,12.09,69410900.0
20260518,002494,华斯股份,6.08,6.12,6.12,5.97,13364000.0
20260518,002495,佳隆股份,2.6,2.64,2.64,2.55,19568200.0
20260518,002496,辉丰股份,2.41,2.34,2.41,2.34,15334900.0
20260518,002497,雅化集团,25.8,25.2,26.0,25.03,36696700.0
20260518,002498,汉缆股份,9.39,9.65,9.93,9.39,189668200.0
20260518,002500,山西证券,5.33,5.29,5.39,5.23,39959000.0
20260518,002506,协鑫集成,4.55,4.35,4.6,4.29,642007900.0
20260518,002507,涪陵榨菜,11.96,11.88,11.99,11.83,10592200.0
20260518,002508,老板电器,17.91,17.6,17.91,17.28,9787300.0
20260518,002510,天汽模,7.23,7.12,7.28,7.07,49381400.0
20260518,002511,中顺洁柔,7.9,7.76,7.91,7.56,26432500.0
20260518,002513,蓝丰生化,6.56,6.52,6.57,6.36,10700300.0
20260518,002515,金字火腿,7.21,7.48,7.48,6.8,152876000.0
20260518,002516,旷达科技,6.17,6.09,6.2,6.02,20582400.0
20260518,002517,恺英网络,17.4,17.34,17.56,17.17,46126400.0
20260518,002518,科士达,58.49,63.35,63.71,58.49,32294500.0
20260518,002519,银河电子,7.96,7.93,8.06,7.78,40392000.0
20260518,002520,日发精机,6.88,6.69,6.88,6.61,69824700.0
20260518,002521,齐峰新材,7.9,7.79,7.92,7.75,5050900.0
20260518,002522,浙江众成,6.81,6.77,6.93,6.7,61607300.0
20260518,002523,天桥起重,3.76,3.72,3.76,3.64,23638500.0
20260518,002524,光正眼科,4.26,4.26,4.27,4.16,17770100.0
20260518,002526,山东矿机,3.26,3.18,3.26,3.12,37176300.0
20260518,002527,新时达,13.72,13.9,14.11,13.67,20392500.0
20260518,002529,海源复材,8.92,8.42,8.98,8.42,8453800.0
20260518,002530,金财互联,8.78,8.73,8.82,8.63,15033700.0
20260518,002531,天顺风能,12.38,12.05,12.56,11.77,83814100.0
20260518,002532,天山铝业,14.99,14.82,15.02,14.68,70263700.0
20260518,002533,金杯电工,13.81,14.15,14.15,13.76,12874700.0
20260518,002534,西子洁能,17.08,17.1,17.3,16.88,7188300.0
20260518,002535,林州重机,3.27,3.18,3.27,3.03,33973800.0
20260518,002536,飞龙股份,44.5,45.03,45.97,43.7,29944400.0
20260518,002537,海联金汇,7.15,6.99,7.15,6.94,26930900.0
20260518,002539,云图控股,14.3,13.9,14.31,13.76,19254400.0
20260518,002540,亚太科技,5.69,5.69,5.71,5.57,8466200.0
20260518,002541,鸿路钢构,18.29,17.65,18.46,17.5,10356100.0
20260518,002543,万和电气,8.0,7.99,8.05,7.85,4339800.0
20260518,002544,普天科技,25.41,25.93,26.34,25.22,11577800.0
20260518,002545,东方铁塔,24.45,24.2,25.06,23.86,18745100.0
20260518,002546,新联电子,8.16,8.22,8.27,8.12,13912900.0
20260518,002548,金新农,4.72,4.65,4.74,4.6,24042300.0
20260518,002549,凯美特气,19.66,19.2,19.96,19.02,43495500.0
20260518,002550,千红制药,6.88,6.77,6.88,6.75,12167000.0
20260518,002551,尚荣医疗,3.42,3.47,3.48,3.39,11759000.0
20260518,002552,宝鼎科技,32.45,35.34,35.34,32.45,19085300.0
20260518,002553,南方精工,21.58,21.38,21.68,21.22,7245700.0
20260518,002554,惠博普,3.42,3.45,3.46,3.36,28251700.0
20260518,002555,三七互娱,20.9,20.7,20.94,20.52,36563400.0
20260518,002556,辉隆股份,5.59,5.61,5.63,5.5,11237900.0
20260518,002557,洽洽食品,21.29,21.56,21.64,21.0,10515800.0
20260518,002558,巨人网络,28.62,27.81,28.62,27.51,95872400.0
20260518,002559,亚威股份,11.4,11.21,11.42,11.11,42048500.0
20260518,002560,通达股份,10.22,10.1,10.54,9.95,103176800.0
20260518,002561,徐家汇,7.65,7.54,7.67,7.41,5217300.0
20260518,002562,兄弟科技,5.89,5.82,5.94,5.72,32832100.0
20260518,002563,森马服饰,5.79,5.75,5.83,5.69,19097400.0
20260518,002564,天沃科技,5.87,5.91,5.95,5.79,13051600.0
20260518,002565,顺灏股份,18.21,17.88,19.03,17.85,107120800.0
20260518,002566,益盛药业,7.95,8.09,8.13,7.89,5669200.0
20260518,002567,唐人神,4.1,4.03,4.11,3.99,24284900.0
20260518,002568,百润股份,17.61,17.75,18.17,17.6,9795400.0
20260518,002570,贝因美,5.02,4.93,5.03,4.86,26457000.0
20260518,002571,德力股份,11.5,11.99,12.02,11.35,10270100.0
20260518,002572,索菲亚,12.05,11.37,12.07,11.32,16898700.0
20260518,002573,清新环境,3.5,3.46,3.5,3.42,9873900.0
20260518,002574,明牌珠宝,5.55,5.53,5.55,5.44,8783300.0
20260518,002575,群兴玩具,7.22,7.05,7.5,6.91,72816500.0
20260518,002576,通达动力,18.83,19.17,19.17,18.65,6899100.0
20260518,002577,雷柏科技,18.87,19.01,19.16,18.35,5137700.0
20260518,002578,闽发铝业,3.89,3.92,3.92,3.8,20807800.0
20260518,002579,中京电子,12.98,13.28,13.52,12.98,40137100.0
20260518,002580,圣阳股份,28.02,26.45,28.17,26.3,105441900.0
20260518,002582,好想你,12.06,12.14,12.19,11.9,15229000.0
20260518,002583,海能达,9.51,9.4,9.55,9.34,22915500.0
20260518,002584,西陇科学,8.14,8.21,8.24,7.99,20712500.0
20260518,002585,双星新材,8.46,8.69,8.7,8.24,70694800.0
20260518,002586,围海股份,4.53,4.43,4.53,4.4,5394600.0
20260518,002587,奥拓电子,7.07,7.0,7.12,6.88,21363700.0
20260518,002588,史丹利,9.96,9.87,10.01,9.8,14607400.0
20260518,002589,瑞康医药,3.02,3.02,3.03,2.98,26784100.0
20260518,002590,万安科技,12.5,13.35,13.5,12.44,27503600.0
20260518,002591,恒大高新,8.99,9.12,9.14,8.79,20351500.0
20260518,002593,日上集团,5.15,5.19,5.22,5.05,12622000.0
20260518,002594,比亚迪,95.34,94.51,95.94,94.3,35461300.0
20260518,002595,豪迈科技,58.55,57.35,58.79,56.83,6606300.0
20260518,002596,海南瑞泽,3.9,3.9,3.97,3.81,28998400.0
20260518,002597,金禾实业,24.41,23.32,24.94,23.12,16394000.0
20260518,002599,盛通股份,6.89,6.78,6.89,6.76,9867100.0
20260518,002600,领益智造,17.26,17.07,17.43,16.43,399289600.0
20260518,002601,龙佰集团,17.47,17.08,17.47,16.85,40105800.0
20260518,002602,世纪华通,14.68,14.91,15.15,14.47,125279600.0
20260518,002603,以岭药业,16.42,16.35,16.54,16.27,12406600.0
20260518,002605,姚记科技,19.99,19.89,20.09,19.78,4203200.0
20260518,002606,大连电瓷,15.82,15.67,16.15,15.54,33195900.0
20260518,002607,中公教育,2.56,2.54,2.56,2.52,99315500.0
20260518,002608,江苏国信,8.02,8.44,8.85,8.02,67478500.0
20260518,002609,捷顺科技,8.38,8.41,8.44,8.29,7897700.0
20260518,002611,东方精工,18.49,19.38,19.95,18.22,101489500.0
20260518,002612,朗姿股份,16.3,16.43,16.46,16.01,6329000.0
20260518,002613,北玻股份,4.03,3.98,4.04,3.93,33317600.0
20260518,002614,奥佳华,5.52,5.49,5.52,5.42,9594100.0
20260518,002615,哈尔斯,8.78,8.57,8.78,8.37,15013000.0
20260518,002616,长青集团,5.7,5.84,5.84,5.62,14802800.0
20260518,002617,露笑科技,9.2,9.12,9.38,8.98,290337600.0
20260518,002622,皓宸医疗,2.73,2.78,2.81,2.68,22691100.0
20260518,002623,亚玛顿,22.64,21.92,22.8,21.52,14683000.0
20260518,002624,完美世界,15.62,15.43,15.8,15.28,65586500.0
20260518,002625,光启技术,40.0,39.86,40.33,39.6,22036700.0
20260518,002626,金达威,16.4,16.22,16.66,15.84,8267200.0
20260518,002627,三峡旅游,6.77,6.72,6.79,6.62,13723200.0
20260518,002628,成都路桥,5.76,5.71,6.0,5.63,42246700.0
20260518,002631,德尔未来,8.06,7.9,8.16,7.79,23642800.0
20260518,002632,道明光学,11.1,11.2,11.34,10.89,12924900.0
20260518,002633,申科股份,19.86,20.0,20.3,19.65,2718400.0
20260518,002635,安洁科技,16.46,18.44,18.44,16.4,45970600.0
20260518,002636,金安国纪,42.69,43.77,43.91,42.08,24973500.0
20260518,002637,赞宇科技,13.21,12.89,13.39,12.75,27561400.0
20260518,002638,勤上股份,4.36,4.5,4.66,4.25,54216400.0
20260518,002639,雪人集团,16.96,16.81,17.2,16.7,37932400.0
20260518,002640,跨境通,4.26,4.2,4.32,4.12,163088900.0
20260518,002641,公元股份,4.21,4.25,4.26,4.17,11609100.0
20260518,002642,荣联科技,8.7,8.84,8.84,8.62,31126200.0
20260518,002643,万润股份,17.96,17.94,18.14,17.56,29299200.0
20260518,002644,佛慈制药,7.85,7.81,7.86,7.72,3560400.0
20260518,002645,华宏科技,27.68,27.45,28.15,26.93,30119500.0
20260518,002646,天佑德酒,7.8,7.77,7.83,7.7,3571300.0
20260518,002647,仁东控股,12.48,12.22,12.7,12.18,34521600.0
20260518,002648,卫星化学,28.15,27.77,28.65,27.56,55413100.0
20260518,002649,博彦科技,10.33,10.68,10.74,10.27,14864300.0
20260518,002651,利君股份,9.25,9.15,9.28,9.08,7291700.0
20260518,002652,扬子新材,6.15,6.37,6.44,5.97,39497400.0
20260518,002653,海思科,52.66,50.92,52.69,50.53,4949100.0
20260518,002654,万润科技,16.72,18.23,18.23,16.66,106391400.0
20260518,002655,共达电声,36.79,35.17,37.56,34.5,54430900.0
20260518,002656,摩登大道,3.42,3.37,3.44,3.31,12491900.0
20260518,002657,中科金财,20.37,20.46,20.74,20.2,6760500.0
20260518,002658,雪迪龙,9.94,10.05,10.22,9.68,37728800.0
20260518,002659,凯文教育,5.02,4.97,5.06,4.92,15326400.0
20260518,002660,茂硕电源,8.88,8.9,8.96,8.7,5340900.0
20260518,002661,克明食品,8.55,8.41,8.55,8.33,3266900.0
20260518,002662,峰璟股份,3.66,3.67,3.67,3.58,23737300.0
20260518,002663,普邦股份,2.26,2.23,2.27,2.15,61552500.0
20260518,002664,信质集团,23.0,22.91,23.32,22.66,13749600.0
20260518,002666,德联集团,5.0,5.01,5.03,4.9,10826000.0
20260518,002668,TCL智家,9.77,9.68,9.98,9.6,10716400.0
20260518,002669,康达新材,14.33,13.78,14.5,13.68,22102000.0
20260518,002670,国盛证券,12.35,12.27,12.45,12.15,11824400.0
20260518,002671,龙泉股份,4.7,4.76,4.77,4.61,13636300.0
20260518,002672,东江环保,4.08,4.08,4.14,4.03,10846900.0
20260518,002673,西部证券,6.9,6.89,6.95,6.84,29949800.0
20260518,002674,兴业科技,13.7,13.64,13.7,13.2,4733700.0
20260518,002675,东诚药业,12.56,12.67,12.68,12.42,7598600.0
20260518,002676,顺威股份,6.25,6.02,6.25,5.95,25770700.0
20260518,002677,浙江美大,7.86,7.98,8.02,7.73,8469200.0
20260518,002678,珠江钢琴,5.95,5.92,5.99,5.75,13009600.0
20260518,002679,福建金森,10.56,10.61,10.63,10.29,4301000.0
20260518,002681,奋达科技,5.47,5.49,5.57,5.38,36505800.0
20260518,002682,龙洲股份,5.92,5.99,6.01,5.79,15775400.0
20260518,002683,广东宏大,36.4,37.36,38.13,35.9,15058900.0
20260518,002685,华东重机,8.58,8.62,8.77,8.46,37575000.0
20260518,002686,亿利达,7.85,7.68,7.87,7.57,20168400.0
20260518,002687,乔治白,4.79,4.83,4.83,4.69,11372300.0
20260518,002688,金河生物,5.88,5.81,5.88,5.76,7240400.0
20260518,002690,美亚光电,16.13,16.07,16.14,15.9,5776500.0
20260518,002692,远程股份,5.49,5.39,5.49,5.32,19887200.0
20260518,002693,双成药业,10.94,10.7,11.18,10.67,14583200.0
20260518,002695,煌上煌,12.71,12.68,12.8,12.45,6410100.0
20260518,002696,百洋股份,6.51,6.61,6.63,6.43,8338000.0
20260518,002697,红旗连锁,4.89,4.91,4.92,4.84,12012600.0
20260518,002698,博实股份,14.65,14.48,14.65,14.34,15446200.0
20260518,002700,万憬能源,7.05,7.16,7.16,6.95,5530400.0
20260518,002701,奥瑞金,5.19,5.13,5.19,5.08,19248400.0
20260518,002702,海欣食品,5.84,5.87,5.89,5.74,13487600.0
20260518,002703,浙江世宝,18.68,18.81,19.38,18.6,38593700.0
20260518,002705,新宝股份,13.39,13.26,13.42,13.13,11438400.0
20260518,002706,良信股份,11.56,12.63,12.77,11.47,95783100.0
20260518,002707,众信旅游,5.82,5.8,5.85,5.71,17789700.0
20260518,002708,光洋股份,15.41,15.82,16.08,15.26,27481000.0
20260518,002709,天赐材料,56.22,55.97,57.27,54.5,99732800.0
20260518,002712,思美传媒,5.62,5.64,5.65,5.48,15612300.0
20260518,002713,东易日盛,13.46,13.16,13.57,12.99,14889100.0
20260518,002714,牧原股份,42.3,40.43,42.33,40.23,74406600.0
20260518,002715,登云股份,17.22,17.43,17.44,16.77,6059400.0
20260518,002716,湖南白银,10.62,10.72,10.83,10.42,138050600.0
20260518,002718,友邦吊顶,74.26,76.26,76.8,73.09,1165300.0
20260518,002721,金一文化,2.88,3.01,3.05,2.84,71689200.0
20260518,002722,物产金轮,15.26,15.23,15.48,15.06,2871500.0
20260518,002723,小崧股份,9.12,9.04,9.32,8.99,22248200.0
20260518,002724,海洋王,5.75,5.81,5.81,5.65,9711100.0
20260518,002725,跃岭股份,16.65,16.97,17.13,16.49,7017100.0
20260518,002727,一心堂,12.88,12.33,12.9,12.27,11772500.0
20260518,002728,特一药业,9.52,9.48,9.55,9.4,7120600.0
20260518,002729,好利科技,20.91,21.07,21.86,20.91,27746600.0
20260518,002730,电光科技,32.88,32.55,33.45,32.37,11470200.0
20260518,002732,燕塘乳业,15.6,15.62,15.72,15.32,1507000.0
20260518,002733,雄韬股份,26.84,26.2,27.18,25.87,20301100.0
20260518,002734,利民股份,17.14,17.36,17.64,16.7,15891100.0
20260518,002735,王子新材,14.37,14.22,14.45,14.11,11413100.0
20260518,002736,国信证券,10.31,10.24,10.35,10.19,23712200.0
20260518,002737,葵花药业,13.47,13.22,13.49,13.14,3301500.0
20260518,002738,中矿资源,72.88,73.45,74.66,72.13,24760500.0
20260518,002739,儒意电影,9.12,9.43,9.57,9.01,55500600.0
20260518,002741,光华科技,22.62,23.9,24.45,22.5,37186600.0
20260518,002742,冀衡医药,4.8,4.64,4.8,4.6,9520300.0
20260518,002743,富煌钢构,5.34,5.4,5.49,5.17,14277600.0
20260518,002745,木林森,9.6,9.65,9.82,9.47,33746400.0
20260518,002746,仙坛股份,6.27,6.26,6.37,6.19,11126800.0
20260518,002747,埃斯顿,25.43,26.07,26.56,25.15,74276000.0
20260518,002748,世龙实业,12.25,12.22,12.27,12.0,4585200.0
20260518,002749,国光股份,12.1,12.0,12.14,11.91,1714100.0
20260518,002752,昇兴股份,7.25,7.29,7.35,7.06,24262000.0
20260518,002753,永东股份,6.91,6.93,6.93,6.75,6872900.0
20260518,002755,奥赛康,16.74,15.93,16.74,15.78,14608400.0
20260518,002756,永兴材料,72.3,74.3,75.51,71.4,19514600.0
20260518,002757,南兴股份,31.87,29.93,32.3,29.45,32989800.0
20260518,002758,浙农股份,8.76,8.72,8.78,8.62,6910900.0
20260518,002760,凤形股份,24.86,25.67,25.97,24.31,18281900.0
20260518,002761,浙江建投,8.45,8.35,8.53,8.31,10070400.0
20260518,002762,金发拉比,8.95,8.56,8.96,8.5,5402500.0
20260518,002763,汇洁股份,8.22,8.41,8.55,8.13,14896900.0
20260518,002765,蓝黛科技,9.72,9.67,9.77,9.5,12825000.0
20260518,002766,索菱股份,4.75,4.78,4.82,4.67,19588600.0
20260518,002767,先锋电子,19.9,20.01,20.18,19.62,1769700.0
20260518,002768,国恩股份,61.51,62.67,63.8,61.28,5852200.0
20260518,002769,普路通,8.94,8.99,9.06,8.87,6281100.0
20260518,002771,真视通,14.67,14.55,14.75,14.29,7362200.0
20260518,002772,众兴菌业,15.66,15.36,15.68,15.12,8006700.0
20260518,002773,康弘药业,22.1,21.49,22.1,21.35,9810000.0
20260518,002774,快意电梯,12.7,12.93,12.99,12.53,11160200.0
20260518,002775,文科股份,3.96,3.96,3.96,3.82,14690000.0
20260518,002777,久远银海,16.55,16.61,16.83,16.42,11115200.0
20260518,002778,中晟高科,19.45,19.4,19.58,19.16,1990300.0
20260518,002779,中坚科技,74.93,73.85,75.27,73.3,2287400.0
20260518,002780,三夫户外,16.42,16.2,16.47,15.84,6113000.0
20260518,002782,可立克,25.43,25.08,25.66,24.46,26836100.0
20260518,002783,凯龙股份,8.61,8.51,8.65,8.34,9204000.0
20260518,002785,万里石,54.5,55.96,56.68,53.61,8643500.0
20260518,002786,银宝山新,8.28,8.88,9.22,8.17,53873100.0
20260518,002787,华源控股,27.24,25.93,27.85,25.61,24767400.0
20260518,002788,鹭燕医药,13.15,12.99,13.19,12.92,15919200.0
20260518,002790,瑞尔特,7.18,7.13,7.18,6.95,5256300.0
20260518,002791,坚朗五金,17.5,17.2,17.55,16.94,6393700.0
20260518,002792,通宇通讯,49.6,50.27,53.21,49.02,56558700.0
20260518,002793,罗欣药业,5.1,4.97,5.13,4.93,25519100.0
20260518,002795,永和智控,9.99,9.71,10.1,9.63,40586100.0
20260518,002796,世嘉科技,46.26,45.76,46.83,45.29,10774100.0
20260518,002797,第一创业,7.42,7.54,7.64,7.38,109351000.0
20260518,002798,帝欧水华,8.28,8.31,8.46,8.04,17823400.0
20260518,002799,环球印务,8.68,8.73,8.76,8.53,6053700.0
20260518,002800,天顺股份,17.53,18.49,18.5,17.33,8387100.0
20260518,002801,微光股份,33.07,32.96,33.37,32.6,2538400.0
20260518,002802,洪汇新材,14.39,14.59,14.63,14.23,6239600.0
20260518,002803,吉宏股份,22.29,22.37,22.46,21.84,11166200.0
20260518,002805,丰元股份,23.7,24.34,25.04,23.3,27823600.0
20260518,002806,华锋股份,14.68,14.83,14.88,14.42,7795000.0
20260518,002807,江阴银行,4.43,4.43,4.45,4.4,23626500.0
20260518,002809,红墙股份,11.35,11.07,11.53,10.91,29142900.0
20260518,002810,山东赫达,24.58,25.0,25.45,24.36,12207700.0
20260518,002811,郑中设计,13.15,13.28,13.44,12.91,6065000.0
20260518,002812,恩捷股份,75.0,75.4,76.69,72.01,30968200.0
20260518,002813,路畅科技,24.81,25.17,25.26,24.46,2233800.0
20260518,002815,崇达技术,15.52,15.76,16.02,15.22,36671800.0
20260518,002817,黄山胶囊,7.93,7.94,7.96,7.78,4841100.0
20260518,002818,富森美,11.39,11.33,11.49,11.19,4791300.0
20260518,002819,东方中科,28.23,27.68,28.4,27.48,4226900.0
20260518,002820,桂发祥,11.35,11.37,11.39,11.09,4617800.0
20260518,002821,凯莱英,117.7,118.77,119.93,115.06,5396700.0
20260518,002823,凯中精密,16.42,16.52,16.53,16.15,5819500.0
20260518,002824,和胜股份,25.41,26.1,26.58,25.01,13359600.0
20260518,002825,纳尔股份,10.66,11.15,11.47,10.33,19101200.0
20260518,002826,易明医药,18.67,18.73,19.07,18.19,4779100.0
20260518,002827,高争民爆,31.58,31.09,31.86,30.95,2860700.0
20260518,002828,贝肯能源,11.31,11.47,11.48,11.13,11876300.0
20260518,002829,星网宇达,21.89,23.09,23.8,21.85,9948500.0
20260518,002830,名雕股份,23.27,23.25,23.45,22.63,3346000.0
20260518,002831,裕同科技,41.2,40.58,42.18,39.99,12066400.0
20260518,002832,比音勒芬,21.14,20.51,21.3,20.28,14082700.0
20260518,002833,弘亚数控,21.52,21.3,21.92,21.0,10114300.0
20260518,002835,同为股份,14.88,14.98,15.04,14.63,2588000.0
20260518,002836,新宏泽,12.62,12.87,12.89,12.47,2836900.0
20260518,002837,英维克,100.51,102.12,104.86,99.11,40061400.0
20260518,002838,道恩股份,36.39,37.84,38.3,36.3,9231000.0
20260518,002839,张家港行,4.36,4.39,4.39,4.33,24582500.0
20260518,002840,华统股份,10.64,10.18,10.88,10.12,31634500.0
20260518,002841,视源股份,38.87,39.04,39.18,38.55,5030000.0
20260518,002842,翔鹭钨业,36.0,35.69,37.06,35.5,30590000.0
20260518,002843,泰嘉股份,25.95,25.79,26.8,25.73,23720900.0
20260518,002845,同兴达,14.5,14.66,14.88,14.42,7226000.0
20260518,002846,英联股份,14.08,14.05,14.14,13.88,5761700.0
20260518,002847,盐津铺子,56.0,58.9,59.0,55.59,7176700.0
20260518,002848,高斯贝尔,16.95,16.62,16.95,16.39,4231500.0
20260518,002849,威星智能,17.73,18.03,18.15,17.41,10095100.0
20260518,002850,科达利,193.99,203.1,207.59,192.11,7786300.0
20260518,002851,麦格米特,126.99,124.92,129.68,124.35,25633700.0
20260518,002852,道道全,8.63,8.65,8.65,8.4,5901800.0
20260518,002853,皮阿诺,26.65,29.3,29.3,26.33,11205400.0
20260518,002855,捷荣技术,12.33,12.43,12.5,12.1,3977300.0
20260518,002857,三晖电气,21.98,22.22,22.43,21.64,2673100.0
20260518,002858,力盛体育,16.61,14.94,16.89,14.94,13406900.0
20260518,002859,洁美科技,51.74,52.35,53.87,49.6,13315800.0
20260518,002860,星帅尔,13.96,13.77,13.96,13.6,11760000.0
20260518,002861,瀛通通讯,17.97,18.59,18.68,17.77,6165100.0
20260518,002862,实丰文化,18.49,18.85,18.89,18.27,4653100.0
20260518,002863,今飞凯达,5.49,5.45,5.5,5.31,13065000.0
20260518,002864,盘龙药业,30.53,30.48,30.88,30.23,1794000.0
20260518,002865,钧达股份,98.3,99.5,104.06,95.89,24473500.0
20260518,002866,传艺科技,22.6,22.5,22.71,22.2,11985900.0
20260518,002867,周大生,12.62,12.43,12.64,12.29,9497000.0
20260518,002868,绿康生化,36.0,36.37,36.68,35.02,2063400.0
20260518,002869,金溢科技,19.48,19.53,19.61,19.15,4022900.0
20260518,002871,伟隆股份,20.78,21.0,21.25,20.64,5569000.0
20260518,002873,新天药业,9.69,9.78,9.88,9.61,5906100.0
20260518,002875,安奈儿,23.9,23.19,24.06,22.95,7604900.0
20260518,002876,三利谱,29.68,29.66,29.78,29.19,4321700.0
20260518,002877,智能自控,9.0,9.17,9.22,8.98,9109200.0
20260518,002878,元隆雅图,19.65,17.87,19.65,17.87,10369600.0
20260518,002879,长缆科技,17.8,17.78,17.94,17.59,5415100.0
20260518,002880,卫光生物,25.77,25.4,25.84,25.3,1061800.0
20260518,002881,美格智能,40.58,44.64,44.64,40.31,13750000.0
20260518,002882,金龙羽,25.81,25.19,25.81,25.04,4334000.0
20260518,002884,凌霄泵业,17.47,17.31,17.75,17.07,6062600.0
20260518,002885,京泉华,44.0,46.15,47.55,43.6,31724200.0
20260518,002886,沃特股份,27.0,28.12,28.99,26.88,34875100.0
20260518,002887,绿茵生态,14.3,14.15,14.33,13.71,7017000.0
20260518,002888,惠威科技,22.33,24.64,24.64,22.01,11505900.0
20260518,002889,东方嘉盛,13.68,13.42,13.79,13.33,6094500.0
20260518,002890,弘宇股份,17.3,17.32,17.4,17.09,1888500.0
20260518,002891,中宠股份,31.0,30.49,31.0,30.01,6329800.0
20260518,002892,科力尔,11.66,11.53,11.76,11.35,46494500.0
20260518,002893,京能热力,11.0,11.3,11.35,10.91,19220400.0
20260518,002895,川恒股份,34.0,33.63,34.5,33.33,8370200.0
20260518,002896,中大力德,79.24,80.78,81.61,78.6,13978000.0
20260518,002897,意华股份,68.72,67.8,71.27,67.16,14384400.0
20260518,002899,英派斯,31.61,31.46,32.67,30.8,5425300.0
20260518,002900,哈三联,11.38,11.2,11.38,11.06,3153300.0
20260518,002901,大博医疗,40.08,40.06,40.4,39.68,1164000.0
20260518,002902,铭普光磁,38.68,38.77,39.48,37.81,41459900.0
20260518,002903,宇环数控,47.11,44.96,47.78,44.63,14920400.0
20260518,002905,金逸影视,9.3,9.03,9.47,8.72,10490300.0
20260518,002906,华阳集团,31.57,31.5,32.16,31.02,8859800.0
20260518,002907,华森制药,12.95,12.87,13.01,12.73,2997600.0
20260518,002908,德生科技,8.14,8.26,8.28,8.06,5512400.0
20260518,002909,集泰股份,6.55,6.52,6.55,6.34,8626600.0
20260518,002910,庄园牧场,11.08,11.14,11.2,10.86,4809100.0
20260518,002911,佛燃能源,11.89,11.95,12.03,11.78,6829000.0
20260518,002912,中新赛克,23.46,24.22,24.56,23.28,3935900.0
20260518,002913,奥士康,51.54,51.18,51.88,50.4,4780000.0
20260518,002915,中欣氟材,25.41,24.0,25.41,23.81,57282800.0
20260518,002916,深南电路,320.96,335.92,341.55,316.3,10270400.0
20260518,002917,金奥博,13.41,13.55,13.59,13.15,4665900.0
20260518,002918,蒙娜丽莎,17.55,16.77,17.97,16.77,20110400.0
20260518,002919,名臣健康,26.08,24.62,26.8,24.52,13319300.0
20260518,002920,德赛西威,104.83,103.74,106.2,103.2,9406700.0
20260518,002921,联诚精密,31.02,30.04,31.49,29.81,6543000.0
20260518,002922,伊戈尔,41.89,42.83,43.93,41.68,26541700.0
20260518,002923,润都股份,12.37,12.22,12.48,12.09,6070800.0
20260518,002925,盈趣科技,20.5,20.67,20.95,20.35,9049000.0
20260518,002926,华西证券,8.31,8.33,8.39,8.26,11906200.0
20260518,002927,泰永长征,19.5,21.56,21.56,19.31,29359300.0
20260518,002928,华夏航空,7.62,7.41,7.63,7.35,26997300.0
20260518,002929,润建股份,98.0,95.99,99.89,92.23,48277100.0
20260518,002930,宏川智慧,15.3,14.78,15.39,14.69,16013400.0
20260518,002931,锋龙股份,58.04,57.72,58.5,56.83,7345100.0
20260518,002933,新兴装备,30.16,30.41,30.59,29.71,1700500.0
20260518,002935,天奥电子,20.45,20.84,21.21,20.45,6931100.0
20260518,002936,郑州银行,1.79,1.77,1.79,1.76,59287700.0
20260518,002937,兴瑞科技,33.52,36.01,36.17,33.23,14429200.0
20260518,002938,鹏鼎控股,84.62,89.23,92.5,81.51,37397300.0
20260518,002939,长城证券,9.15,9.32,9.37,9.11,43818400.0
20260518,002940,昂利康,41.91,41.95,43.96,40.8,27719500.0
20260518,002941,新疆交建,13.18,13.05,13.22,12.92,9265600.0
20260518,002942,新农股份,18.88,19.09,19.2,18.59,2167600.0
20260518,002943,宇晶股份,81.0,81.63,84.5,78.8,12872400.0
20260518,002945,华林证券,14.99,14.93,15.13,14.82,7825400.0
20260518,002946,新乳业,17.8,17.59,17.93,17.49,5359200.0
20260518,002947,恒铭达,82.08,86.84,89.96,82.08,14380100.0
20260518,002948,青岛银行,5.66,5.57,5.68,5.53,54371800.0
20260518,002949,华阳国际,14.26,14.27,14.32,14.0,2633100.0
20260518,002950,奥美医疗,11.55,11.23,11.58,11.16,10187200.0
20260518,002951,金时科技,16.68,17.19,17.33,15.98,15311900.0
20260518,002952,亚世光电,29.6,29.22,29.6,28.78,9596700.0
20260518,002953,日丰股份,11.5,11.42,11.51,11.25,5239900.0
20260518,002955,鸿合科技,24.38,24.78,25.19,23.84,4159500.0
20260518,002956,西麦食品,21.33,21.0,21.88,20.67,4378300.0
20260518,002957,科瑞技术,45.57,47.25,47.47,45.0,43330600.0
20260518,002958,青农商行,2.93,2.91,2.94,2.9,42265200.0
20260518,002959,小熊电器,39.08,38.89,39.1,38.38,1159200.0
20260518,002960,青鸟智控,9.76,9.99,10.09,9.57,27041500.0
20260518,002961,瑞达期货,24.63,24.77,25.37,24.6,7746200.0
20260518,002962,五方光电,17.98,18.36,18.49,17.88,16211600.0
20260518,002963,豪尔赛,19.42,19.71,20.37,19.19,8963700.0
20260518,002965,祥鑫科技,35.37,35.07,35.47,34.75,9938200.0
20260518,002966,苏州银行,8.36,8.41,8.48,8.31,33168700.0
20260518,002967,广电计量,21.63,22.12,22.15,21.34,11662500.0
20260518,002968,新大正,11.17,11.24,11.32,11.01,4559000.0
20260518,002969,嘉美包装,19.87,19.38,19.91,19.08,50431600.0
20260518,002970,锐明技术,73.02,72.88,73.69,72.02,5388900.0
20260518,002971,和远气体,41.0,40.63,45.33,38.88,35689900.0
20260518,002972,科安达,12.71,12.95,12.98,12.6,4124000.0
20260518,002973,侨银股份,13.85,14.12,14.4,13.8,10028500.0
20260518,002975,博杰股份,117.14,120.0,124.5,116.88,15600000.0
20260518,002976,瑞玛精密,34.49,35.58,36.85,33.77,6518900.0
20260518,002978,安宁股份,29.51,29.21,29.57,28.9,3919400.0
20260518,002979,雷赛智能,61.59,65.09,65.78,61.5,43410000.0
20260518,002980,华盛昌,94.03,105.9,105.9,94.03,12947100.0
20260518,002981,朝阳科技,24.98,25.2,25.26,24.61,2001000.0
20260518,002982,湘佳股份,14.03,13.9,14.1,13.59,4864400.0
20260518,002983,芯瑞达,24.69,25.16,25.56,24.45,8569800.0
20260518,002984,森麒麟,15.64,15.71,15.79,15.28,11590600.0
20260518,002985,北摩高科,33.21,33.24,33.48,32.81,4291000.0
20260518,002986,宇新股份,13.42,13.1,13.63,12.99,6766000.0
20260518,002987,京北方,15.15,15.12,15.26,15.01,6993500.0
20260518,002988,豪美新材,31.01,31.6,32.94,30.3,5901600.0
20260518,002989,中天精装,32.6,34.66,35.67,32.6,22818600.0
20260518,002990,盛视科技,68.0,63.7,68.66,63.3,17914400.0
20260518,002991,甘源食品,47.83,48.56,48.62,47.17,891000.0
20260518,002992,宝明科技,47.74,47.6,48.18,47.05,1364600.0
20260518,002993,奥海科技,59.09,59.18,61.5,58.05,10379400.0
20260518,002995,天地在线,22.33,22.26,22.77,22.03,7044100.0
20260518,002996,顺博合金,7.05,7.07,7.09,6.9,11436900.0
20260518,002997,瑞鹄模具,35.0,34.8,35.37,34.33,7993900.0
20260518,002998,优彩资源,9.3,9.49,9.61,9.19,11177800.0
20260518,002999,天禾股份,6.9,6.98,6.99,6.8,8602400.0
20260518,003000,劲仔食品,10.92,11.31,11.32,10.78,9182200.0
20260518,003001,中岩大地,19.82,20.52,21.66,19.78,19751200.0
20260518,003002,壶化股份,26.38,25.82,26.38,25.61,2125800.0
20260518,003003,天元股份,13.55,13.64,13.68,13.31,4127100.0
20260518,003004,声迅股份,39.13,41.03,41.03,39.0,2224700.0
20260518,003005,竞业达,17.42,17.55,17.65,17.16,2355300.0
20260518,003006,百亚股份,16.26,16.33,16.49,16.01,4933100.0
20260518,003007,直真科技,52.0,53.62,55.09,51.5,9166000.0
20260518,003008,开普检测,22.74,22.78,22.84,22.3,2018900.0
20260518,003009,中天火箭,61.0,61.1,62.3,60.78,3543400.0
20260518,003010,若羽臣,28.76,28.4,28.76,27.91,6064300.0
20260518,003011,海象新材,23.0,23.29,23.33,22.67,2544100.0
20260518,003012,东鹏控股,5.44,5.35,5.45,5.3,10295200.0
20260518,003013,地铁设计,13.81,13.74,14.08,13.47,2938600.0
20260518,003015,日久光电,14.51,14.42,14.65,14.33,7426700.0
20260518,003016,欣贺股份,8.11,8.12,8.12,7.9,4442400.0
20260518,003017,大洋生物,32.91,31.88,33.0,31.55,6793600.0
20260518,003018,金富科技,59.33,65.05,65.05,54.24,20720200.0
20260518,003019,宸展光电,36.21,35.35,36.55,35.01,7252600.0
20260518,003020,立方制药,21.68,21.21,21.74,21.03,2061900.0
20260518,003021,兆威机电,106.82,111.89,113.66,106.11,13770100.0
20260518,003022,联泓新科,25.13,24.31,25.3,24.0,31510100.0
20260518,003023,彩虹集团,30.11,30.2,30.65,29.8,2647500.0
20260518,003025,思进智能,14.44,14.79,14.83,14.21,8764300.0
20260518,003026,中晶科技,47.8,47.45,48.43,46.56,8310300.0
20260518,003027,同兴科技,24.85,24.85,25.24,24.35,4602700.0
20260518,003028,振邦智能,28.76,28.84,29.2,28.52,1918900.0
20260518,003029,吉大正元,21.05,21.39,21.46,20.96,2581800.0
20260518,003030,祖名股份,25.41,25.67,25.75,24.78,3065600.0
20260518,003031,中瓷电子,156.66,171.33,174.6,156.66,16670500.0
20260518,003032,传智教育,7.19,7.23,7.35,7.15,9201600.0
20260518,003033,征和工业,55.86,57.08,57.9,54.84,2243900.0
20260518,003035,南网能源,7.43,7.38,7.48,7.31,43467100.0
20260518,003036,泰坦股份,42.33,42.06,45.61,40.86,12429400.0
20260518,003037,三和管桩,6.81,6.93,6.95,6.72,5176200.0
20260518,003038,鑫铂股份,13.64,13.53,13.75,13.34,6391500.0
20260518,003039,顺控发展,13.99,13.88,14.05,13.79,3185900.0
20260518,003040,楚天龙,14.43,14.42,14.5,14.24,5798500.0
20260518,003041,真爱美家,61.6,60.17,62.5,59.4,3017200.0
20260518,003042,中农联合,16.96,16.71,17.0,16.37,3833400.0
20260518,003043,华亚智能,58.34,60.72,61.2,58.07,5864200.0
20260518,003816,中国广核,4.76,4.8,4.83,4.74,129944600.0
20260518,300001,特锐德,36.1,38.0,39.09,35.88,50923600.0
20260518,300002,神州泰岳,9.44,9.41,9.54,9.35,34625700.0
20260518,300003,乐普医疗,13.58,13.25,13.62,13.16,30276000.0
20260518,300004,南风股份,16.21,15.66,16.57,15.1,47800900.0
20260518,300005,探路者,16.04,15.93,16.45,15.44,30704200.0
20260518,300006,莱美药业,6.3,6.01,6.3,5.96,43918500.0
20260518,300007,汉威科技,46.5,48.5,48.82,46.44,26673400.0
20260518,300008,天海防务,7.47,7.4,7.55,7.35,41991100.0
20260518,300009,安科生物,8.6,8.48,8.66,8.4,17755000.0
20260518,300011,鼎汉技术,7.01,7.04,7.06,6.91,6269400.0
20260518,300012,华测检测,15.27,15.14,15.42,15.04,25105300.0
20260518,300013,新宁物流,4.57,4.7,4.78,4.53,29280000.0
20260518,300014,亿纬锂能,64.74,65.13,65.88,63.7,57028000.0
20260518,300015,爱尔眼科,10.55,10.19,10.55,10.07,97981800.0
20260518,300016,北陆药业,9.0,8.95,9.0,8.73,14034000.0
20260518,300017,网宿科技,18.89,18.48,19.46,18.35,253889200.0
20260518,300018,中元股份,14.38,15.36,16.03,14.22,38912900.0
20260518,300019,硅宝科技,17.66,17.42,17.74,17.25,6617700.0
20260518,300021,大禹节水,4.32,4.42,4.44,4.28,12589700.0
20260518,300022,吉峰科技,8.76,8.74,8.84,8.67,12654100.0
20260518,300024,机器人,16.0,16.19,16.38,15.75,69116000.0
20260518,300025,华星创业,5.69,5.86,5.86,5.63,11906300.0
20260518,300026,红日药业,3.32,3.31,3.33,3.29,21290200.0
20260518,300030,阳普医疗,8.16,8.09,8.18,7.94,7873800.0
20260518,300031,宝通科技,23.62,24.7,25.04,23.52,29054700.0
20260518,300032,金龙机电,5.0,5.07,5.08,4.93,18925000.0
20260518,300033,同花顺,226.0,228.0,230.88,222.22,15579800.0
20260518,300034,钢研高纳,19.88,19.96,20.4,19.57,15845400.0
20260518,300035,中科电气,19.54,18.77,19.6,18.65,26543200.0
20260518,300036,超图软件,14.44,14.75,14.93,14.31,9983200.0
20260518,300037,新宙邦,62.85,62.67,63.67,60.86,19359800.0
20260518,300039,上海凯宝,5.59,5.56,5.6,5.55,6336200.0
20260518,300040,九洲集团,7.36,7.54,7.58,7.32,42383600.0
20260518,300041,回天新材,12.38,12.12,12.5,12.02,28687400.0
20260518,300042,朗科科技,66.01,72.7,75.8,65.98,50105500.0
20260518,300043,星辉娱乐,5.45,5.48,5.5,5.41,24950700.0
20260518,300045,华力创通,24.2,24.55,25.25,24.0,35288200.0
20260518,300046,台基股份,34.5,35.25,35.67,34.31,13034300.0
20260518,300047,天源迪科,12.28,12.47,12.5,12.19,12910100.0
20260518,300048,合康新能,6.16,6.22,6.26,6.05,13099100.0
20260518,300049,福瑞医科,56.52,56.68,58.18,56.13,6194400.0
20260518,300050,世纪鼎利,7.7,8.02,8.18,7.56,53707000.0
20260518,300051,琏升科技,14.65,15.41,15.47,14.65,17438100.0
20260518,300052,中青宝,14.86,15.52,16.06,14.3,55226200.0
20260518,300053,航宇微,18.92,19.4,19.88,18.91,34245400.0
20260518,300054,鼎龙股份,70.84,72.65,74.8,69.46,42637600.0
20260518,300055,万邦达,10.15,9.91,10.2,9.83,22651600.0
20260518,300056,中创环保,11.4,11.11,11.57,11.01,23907800.0
20260518,300057,万顺新材,8.2,8.17,8.37,8.09,53824400.0
20260518,300058,蓝色光标,17.19,17.9,18.39,17.09,336923000.0
20260518,300059,东方财富,19.6,19.77,20.01,19.56,221113500.0
20260518,300061,旗天科技,10.34,10.23,10.55,10.06,34082500.0
20260518,300062,中能电气,8.23,8.15,8.28,8.06,25773700.0
20260518,300063,天龙集团,11.96,12.28,12.4,11.88,64020300.0
20260518,300065,海兰信,24.99,25.16,25.98,24.8,98015200.0
20260518,300066,三川智慧,6.3,6.18,6.31,6.12,36354300.0
20260518,300067,安诺其,6.87,6.77,7.14,6.7,74111400.0
20260518,300070,碧水源,3.73,3.73,3.75,3.69,29204400.0
20260518,300071,福石控股,4.7,4.83,4.89,4.68,38261600.0
20260518,300072,海新能科,4.35,4.46,4.5,4.24,52215000.0
20260518,300073,当升科技,57.99,58.45,59.24,57.4,15113100.0
20260518,300074,华平股份,4.49,4.54,4.55,4.43,19603200.0
20260518,300075,数字政通,13.73,14.04,14.1,13.68,11212000.0
20260518,300077,国民技术,25.56,27.64,27.84,25.05,122955400.0
20260518,300078,思创智联,3.8,3.82,3.84,3.76,21049700.0
20260518,300079,数码视讯,5.7,5.77,5.8,5.7,30251300.0
20260518,300080,易成新能,4.68,4.71,4.83,4.63,51376900.0
20260518,300082,奥克股份,10.72,10.77,11.1,10.66,14483600.0
20260518,300083,创世纪,11.52,11.82,12.0,11.3,193338700.0
20260518,300084,海默科技,12.87,12.71,13.1,12.51,19038100.0
20260518,300085,银之杰,39.17,38.84,39.9,38.54,28724500.0
20260518,300086,康芝药业,7.44,7.45,7.51,7.38,10089200.0
20260518,300088,长信科技,7.13,7.21,7.32,7.08,101217700.0
20260518,300092,科新机电,16.58,16.42,16.58,16.04,4621100.0
20260518,300093,金刚光伏,21.5,20.88,21.72,20.78,4026800.0
20260518,300094,国联水产,3.1,3.11,3.15,3.05,30222800.0
20260518,300095,华伍股份,10.8,10.71,10.97,10.64,17630000.0
20260518,300097,智云股份,10.18,10.82,11.05,10.06,20721700.0
20260518,300098,高新兴,5.87,5.91,5.98,5.84,51195100.0
20260518,300099,尤洛卡,8.61,8.8,8.86,8.42,21158800.0
20260518,300100,双林股份,32.9,33.31,33.88,32.63,28078400.0
20260518,300101,振芯科技,20.18,20.21,20.78,19.86,10444800.0
20260518,300102,乾照光电,28.08,28.26,29.08,27.93,35222100.0
20260518,300103,达刚控股,9.26,9.53,9.63,9.08,15559100.0
20260518,300105,龙源技术,6.6,6.71,6.73,6.6,7443900.0
20260518,300106,西部牧业,13.8,14.09,14.38,13.63,14287200.0
20260518,300107,建新股份,7.66,7.51,7.7,7.39,25078600.0
20260518,300109,新开源,19.06,18.72,19.17,18.56,10707900.0
20260518,300110,华仁药业,2.98,2.97,2.98,2.93,14610800.0
20260518,300111,向日葵,3.98,3.86,3.99,3.81,36220900.0
20260518,300112,万讯自控,8.42,8.52,8.53,8.27,7288900.0
20260518,300113,顺网科技,28.0,27.03,28.32,26.82,41500000.0
20260518,300115,长盈精密,37.4,38.75,39.15,37.2,103429700.0
20260518,300118,东方日升,18.36,18.07,18.57,17.9,52218400.0
20260518,300119,瑞普生物,17.05,17.25,17.26,16.85,3133500.0
20260518,300120,经纬辉开,7.16,7.26,7.29,7.15,9545300.0
20260518,300121,阳谷华泰,13.11,13.01,13.22,12.72,17236900.0
20260518,300122,智飞生物,15.05,14.8,15.1,14.7,15149200.0
20260518,300124,汇川技术,77.42,77.36,79.3,76.62,54705500.0
20260518,300125,聆达股份,10.01,10.04,10.22,10.01,5982000.0
20260518,300126,锐奇股份,7.96,8.14,8.21,7.86,5679200.0
20260518,300127,银河磁体,31.79,31.75,32.02,31.09,5646100.0
20260518,300128,锦富技术,7.65,8.07,8.35,7.65,138198200.0
20260518,300129,泰胜风能,11.48,11.72,12.08,11.39,27363400.0
20260518,300130,新国都,21.89,21.85,22.27,21.65,6120200.0
20260518,300131,英唐智控,20.46,21.75,22.08,19.79,142063500.0
20260518,300132,诺斯贝尔,8.01,7.95,8.09,7.87,14464600.0
20260518,300133,华策影视,9.7,9.66,10.17,9.57,148741300.0
20260518,300134,大富科技,11.4,11.54,11.66,11.23,11543300.0
20260518,300135,宝利国际,3.85,3.81,3.87,3.78,22110800.0
20260518,300136,信维通信,102.38,111.75,117.0,101.5,132705300.0
20260518,300137,先河环保,19.0,19.5,19.8,18.8,23989400.0
20260518,300138,晨光生物,11.16,11.0,11.16,10.93,5971500.0
20260518,300139,晓程科技,49.37,50.1,50.56,48.61,18088900.0
20260518,300140,节能环境,6.55,6.78,6.78,6.36,27816000.0
20260518,300141,和顺电气,12.54,12.88,13.29,12.5,6365200.0
20260518,300142,沃森生物,14.43,13.98,14.7,13.8,84447600.0
20260518,300143,盈康生命,11.5,10.99,11.54,10.98,17349400.0
20260518,300144,宋城演艺,7.15,7.15,7.15,7.06,20080200.0
20260518,300145,南方泵业,5.08,5.13,5.17,5.01,57437700.0
20260518,300146,汤臣倍健,10.2,10.06,10.2,10.01,14194900.0
20260518,300148,天舟文化,4.01,3.99,4.03,3.96,21160700.0
20260518,300149,睿智医药,9.44,9.4,9.53,9.26,8973700.0
20260518,300150,世纪瑞尔,4.88,5.02,5.03,4.83,11475100.0
20260518,300151,昌红科技,19.52,20.85,21.12,19.45,37275800.0
20260518,300153,科泰电源,31.4,32.4,32.75,30.98,23805900.0
20260518,300154,瑞凌股份,11.95,11.57,11.98,11.4,18106300.0
20260518,300155,安居宝,5.17,5.2,5.24,5.09,7323100.0
20260518,300157,新锦动力,5.39,5.5,5.56,5.37,42229700.0
20260518,300158,振东制药,5.7,5.57,5.72,5.55,11305500.0
20260518,300159,新研股份,4.34,4.31,4.44,4.25,55652300.0
20260518,300160,秀强股份,5.09,5.07,5.1,4.98,7012600.0
20260518,300161,华中数控,40.31,37.68,40.95,37.49,16598400.0
20260518,300162,雷曼光电,9.39,9.28,9.54,9.12,35175400.0
20260518,300163,先锋新材,4.38,5.1,5.2,4.38,79253600.0
20260518,300164,通源石油,12.64,13.49,14.1,12.46,162940900.0
20260518,300165,天瑞仪器,7.24,7.15,7.28,7.07,25476900.0
20260518,300166,东方国信,19.63,19.5,20.94,19.32,191389500.0
20260518,300168,万达信息,5.66,5.74,5.79,5.63,16736300.0
20260518,300169,天晟新材,6.39,6.4,6.44,6.23,9366400.0
20260518,300170,汉得信息,21.66,21.71,22.19,21.48,62128400.0
20260518,300171,东富龙,12.62,12.57,12.71,12.48,6036600.0
20260518,300172,中电环保,5.19,5.22,5.22,5.15,13774600.0
20260518,300174,元力股份,17.76,17.9,18.02,17.52,7752500.0
20260518,300175,朗源股份,6.73,6.62,6.76,6.57,7784400.0
20260518,300176,鸿特科技,6.62,6.64,6.68,6.52,11466600.0
20260518,300177,中海达,8.65,8.58,8.75,8.51,13572600.0
20260518,300179,四方达,28.58,30.43,30.55,28.47,53998700.0
20260518,300180,华峰超纤,5.13,5.03,5.15,5.01,27650700.0
20260518,300181,佐力药业,14.79,14.57,14.85,14.44,8704200.0
20260518,300182,捷成股份,5.76,5.82,5.89,5.74,88533500.0
20260518,300183,东软载波,13.21,13.3,13.42,13.08,5874900.0
20260518,300184,力源信息,14.4,14.69,15.1,14.36,100095800.0
20260518,300185,通裕重工,3.15,3.16,3.18,3.11,115957400.0
20260518,300187,永清环保,5.85,6.02,6.03,5.72,22067200.0
20260518,300188,国投智能,12.35,12.55,12.65,12.32,11790100.0
20260518,300189,神农种业,5.75,5.73,5.79,5.69,42077500.0
20260518,300190,维尔利,4.64,4.58,4.74,4.48,41355200.0
20260518,300191,潜能恒信,40.5,39.75,41.06,38.63,18839800.0
20260518,300192,科德教育,19.0,19.29,19.64,18.93,7675300.0
20260518,300193,佳士科技,8.84,8.6,8.85,8.51,10657600.0
20260518,300194,福安药业,3.95,3.97,3.99,3.92,7162400.0
20260518,300195,长荣股份,6.68,6.89,6.96,6.61,11288800.0
20260518,300196,长海股份,19.53,19.56,20.05,19.24,14046600.0
20260518,300197,节能铁汉,1.6,1.62,1.62,1.58,31586000.0
20260518,300199,翰宇药业,23.0,24.31,24.5,22.98,78589100.0
20260518,300200,高盟新材,11.3,11.0,11.3,10.73,32473700.0
20260518,300201,海伦哲,14.7,16.05,16.3,14.6,77155100.0
20260518,300203,聚光科技,13.41,13.36,13.5,13.17,8697700.0
20260518,300204,舒泰神,26.91,26.42,27.09,26.23,14868400.0
20260518,300206,理邦仪器,14.38,13.86,14.43,13.81,9161000.0
20260518,300207,欣旺达,25.03,25.1,25.51,24.73,53537800.0
20260518,300209,行云科技,26.01,26.95,27.46,25.68,98483900.0
20260518,300210,森远股份,11.46,11.5,11.88,10.99,41103100.0
20260518,300213,佳讯飞鸿,8.42,8.43,8.47,8.28,13926600.0
20260518,300214,日科化学,8.81,8.75,9.01,8.66,19283200.0
20260518,300215,电科院,8.7,8.71,8.85,8.55,20604400.0
20260518,300217,东方电热,5.5,5.48,5.55,5.45,40948000.0
20260518,300218,安利股份,14.61,14.36,14.76,14.18,4574800.0
20260518,300219,鸿利智汇,8.08,8.02,8.14,7.92,25661400.0
20260518,300220,金运激光,14.5,14.51,14.56,14.0,2965500.0
20260518,300221,银禧科技,12.16,12.25,12.57,12.0,30636000.0
20260518,300222,科大智能,12.76,13.71,13.78,12.76,92005100.0
20260518,300223,君正股份,136.5,137.81,142.5,136.26,26406500.0
20260518,300224,正海磁材,13.11,13.17,13.29,12.99,16909700.0
20260518,300225,金力泰,7.5,7.49,7.69,7.34,16990900.0
20260518,300226,上海钢联,24.51,24.74,24.89,24.4,6363300.0
20260518,300227,光韵达,11.31,11.41,11.66,11.15,18583400.0
20260518,300228,富瑞特装,10.28,10.27,10.38,10.11,39868500.0
20260518,300229,拓尔思,18.55,19.1,19.27,18.53,25578300.0
20260518,300230,永利股份,5.09,5.06,5.11,4.97,18775900.0
20260518,300231,银信科技,10.86,11.12,11.16,10.8,12278600.0
20260518,300232,洲明科技,6.18,6.22,6.26,6.11,26527900.0
20260518,300233,金城医药,15.8,15.36,15.81,15.14,9759100.0
20260518,300234,开尔新材,7.69,7.66,7.9,7.49,21766200.0
20260518,300235,方直科技,14.03,13.71,14.04,13.63,6749300.0
20260518,300236,上海新阳,98.35,100.66,103.24,94.63,15550400.0
20260518,300238,冠昊生物,13.18,13.1,13.25,12.91,4120700.0
20260518,300239,东宝生物,5.35,5.33,5.35,5.24,6929600.0
20260518,300240,飞力达,6.62,6.62,6.65,6.51,6530600.0
20260518,300241,瑞丰光电,6.96,6.99,7.03,6.83,26922700.0
20260518,300242,佳云科技,4.88,5.12,5.18,4.85,35306500.0
20260518,300243,瑞丰高材,18.02,19.3,19.8,18.02,27109700.0
20260518,300244,迪安诊断,18.53,18.66,19.02,18.38,23076100.0
20260518,300246,宝莱特,18.76,19.19,19.75,18.18,8954500.0
20260518,300247,融捷健康,4.95,4.86,5.03,4.82,45455500.0
20260518,300248,新开普,9.64,10.22,10.36,9.6,22670100.0
20260518,300249,依米康,18.14,18.52,19.1,18.14,28981400.0
20260518,300250,初灵信息,19.57,19.71,19.88,19.33,5004800.0
20260518,300251,光线传媒,13.65,13.46,13.78,13.41,45744600.0
20260518,300252,金信诺,16.17,16.3,16.6,16.11,32608100.0
20260518,300253,卫宁健康,8.85,8.93,9.01,8.77,56615200.0
20260518,300254,仟源医药,14.35,14.11,14.53,13.83,12267700.0
20260518,300255,常山药业,41.6,41.81,42.79,40.8,11963200.0
20260518,300256,星星科技,3.27,3.35,3.36,3.22,26310200.0
20260518,300257,开山股份,33.62,33.43,34.95,33.03,13923200.0
20260518,300258,精锻科技,13.6,13.55,13.9,13.3,32513200.0
20260518,300259,新天科技,5.25,6.3,6.34,5.21,245891800.0
20260518,300260,新莱应材,63.44,61.89,64.99,61.39,33549900.0
20260518,300261,雅本化学,5.56,5.53,5.57,5.47,8553500.0
20260518,300263,隆华科技,13.5,13.09,13.6,12.94,174332400.0
20260518,300264,佳创视讯,9.81,10.08,10.45,9.71,31260000.0
20260518,300265,通光线缆,22.66,22.9,24.03,22.62,51620200.0
20260518,300266,兴源环境,2.08,2.12,2.12,2.04,17262500.0
20260518,300267,尔康制药,4.52,4.61,4.64,4.4,76956200.0
20260518,300268,佳沃食品,13.96,13.87,14.05,13.53,2917900.0
20260518,300269,联建光电,5.87,6.05,6.12,5.83,22650900.0
20260518,300270,中威电子,14.24,13.93,14.35,13.68,13667700.0
20260518,300271,华宇软件,6.23,6.35,6.37,6.21,9560100.0
20260518,300272,开能健康,7.2,7.16,7.25,7.11,7477100.0
20260518,300274,阳光电源,152.9,152.25,155.33,148.01,95247600.0
20260518,300275,梅安森,10.71,10.71,10.79,10.48,6870700.0
20260518,300276,三丰智能,8.55,8.81,9.28,8.53,225029000.0
20260518,300277,汽轮科技,16.88,16.3,16.89,16.08,40002800.0
20260518,300278,华昌达,5.06,5.07,5.13,5.0,41782600.0
20260518,300279,和晶科技,7.63,7.96,8.04,7.6,21163500.0
20260518,300281,金明精机,7.64,8.04,8.38,7.58,41907900.0
20260518,300283,温州宏丰,15.83,17.26,17.73,15.83,100618100.0
20260518,300284,苏交科,6.63,6.6,6.64,6.53,8387100.0
20260518,300285,国瓷材料,39.0,38.9,40.18,38.32,43105900.0
20260518,300286,安科瑞,24.58,24.93,25.44,24.53,6806000.0
20260518,300287,飞利信,4.5,4.62,4.66,4.46,33238300.0
20260518,300288,朗玛信息,11.64,11.6,11.73,11.41,4938400.0
20260518,300289,利德曼,6.38,6.49,6.59,6.31,5993800.0
20260518,300291,百纳千成,6.19,6.17,6.27,6.09,16715900.0
20260518,300292,吴通控股,6.41,6.45,6.64,6.35,142142200.0
20260518,300293,蓝英装备,19.94,20.15,20.37,19.55,12186600.0
20260518,300294,博雅生物,16.34,16.03,16.41,16.0,5964500.0
20260518,300296,利亚德,6.72,6.9,7.03,6.66,192138700.0
20260518,300298,三诺生物,16.83,16.7,16.88,16.62,4514900.0
20260518,300299,富春股份,6.07,6.2,6.23,6.04,14299900.0
20260518,300300,海峡创新,12.13,11.85,12.34,11.85,49765000.0
20260518,300302,同有科技,46.88,53.47,53.47,46.25,56461100.0
20260518,300303,聚飞光电,10.4,10.46,10.69,10.32,82862800.0
20260518,300304,云意电气,12.55,12.39,12.66,12.34,12573000.0
20260518,300305,裕兴股份,6.66,6.71,6.76,6.57,6978800.0
20260518,300306,远方信息,12.6,12.69,12.71,12.48,3189300.0
20260518,300307,慈星股份,7.22,7.34,7.44,7.21,15538400.0
20260518,300308,中际旭创,1030.03,1045.0,1075.0,1030.03,24313200.0
20260518,300310,宜通世纪,5.89,6.04,6.12,5.86,36357100.0
20260518,300311,任子行,5.47,5.65,5.65,5.44,12524700.0
20260518,300313,天山生物,9.15,9.28,9.58,9.1,3529600.0
20260518,300314,戴维医疗,11.35,11.2,11.62,11.11,4266000.0
20260518,300315,掌趣科技,4.87,4.91,4.96,4.85,46811200.0
20260518,300316,晶盛机电,51.85,51.24,54.18,50.83,43252300.0
20260518,300317,珈伟新能,5.41,5.43,5.57,5.35,68160300.0
20260518,300318,博晖创新,5.35,5.38,5.44,5.33,4622500.0
20260518,300319,麦捷科技,13.41,13.43,13.6,13.18,43262700.0
20260518,300320,海达股份,9.5,9.35,9.5,9.26,11323600.0
20260518,300321,同大股份,41.75,41.08,41.8,40.72,1895500.0
20260518,300322,硕贝德,32.62,33.65,34.4,31.75,47971900.0
20260518,300323,华灿光电,16.89,16.55,17.13,16.02,178603700.0
20260518,300324,旋极信息,4.93,5.07,5.1,4.91,46768900.0
20260518,300327,中颖电子,27.56,27.69,28.03,27.27,9049300.0
20260518,300328,宜安科技,18.39,18.74,18.98,17.97,52781900.0
20260518,300329,海伦钢琴,13.47,13.8,13.98,13.35,4604000.0
20260518,300331,苏大维格,54.98,54.8,55.56,53.1,11086200.0
20260518,300332,天壕能源,5.42,5.58,5.61,5.37,32095000.0
20260518,300333,兆日科技,10.78,10.8,10.97,10.62,17443700.0
20260518,300334,津膜科技,8.51,8.46,8.55,8.33,7332900.0
20260518,300335,迪森股份,6.62,6.71,6.75,6.55,19004800.0
20260518,300337,银邦股份,13.46,13.62,13.81,13.26,21388600.0
20260518,300339,润和软件,44.83,44.71,45.77,44.41,22340000.0
20260518,300340,科恒股份,10.81,10.83,10.93,10.57,5774000.0
20260518,300341,麦克奥迪,15.48,15.55,15.67,15.38,4539200.0
20260518,300342,天银机电,59.0,58.22,60.65,57.38,38971700.0
20260518,300343,联创股份,7.24,7.0,7.24,6.97,30412600.0
20260518,300345,华民股份,6.94,6.87,6.94,6.77,16384400.0
20260518,300346,南大光电,55.47,56.74,58.28,54.14,64312800.0
20260518,300347,泰格医药,46.74,46.11,46.79,45.76,11962600.0
20260518,300348,长亮科技,11.5,11.53,11.65,11.5,10725800.0
20260518,300349,金卡智能,14.38,14.16,14.43,14.03,12635800.0
20260518,300350,华鹏飞,5.25,5.27,5.28,5.15,12398000.0
20260518,300351,永贵电器,25.47,24.75,25.9,24.5,21881700.0
20260518,300353,东土科技,19.12,19.64,19.89,18.92,18544900.0
20260518,300354,东华测试,39.3,39.15,39.9,38.39,5213800.0
20260518,300355,蒙草生态,3.57,3.56,3.58,3.54,13149500.0
20260518,300357,我武生物,24.15,23.51,24.24,23.33,7800200.0
20260518,300358,楚天科技,9.39,9.28,9.4,9.17,16714600.0
20260518,300359,全通教育,4.58,4.65,4.65,4.54,12522200.0
20260518,300360,炬华科技,14.38,14.2,14.46,14.15,4842700.0
20260518,300363,博腾股份,15.66,14.86,15.66,14.7,31356800.0
20260518,300364,中文在线,27.71,28.04,28.56,27.5,40909800.0
20260518,300365,恒华科技,6.0,6.08,6.08,5.94,14656200.0
20260518,300368,汇金股份,11.59,11.73,11.83,11.5,20717300.0
20260518,300369,绿盟科技,7.19,7.3,7.39,7.18,20546500.0
20260518,300370,安控科技,2.53,2.57,2.59,2.5,31325900.0
20260518,300371,汇中股份,13.28,13.4,13.47,13.1,2848900.0
20260518,300373,扬杰科技,82.21,81.4,83.36,80.1,22190000.0
20260518,300374,中铁装配,13.35,13.38,13.43,13.18,2653300.0
20260518,300375,鹏翎股份,4.94,4.97,4.97,4.84,27637500.0
20260518,300376,易事特,5.88,5.96,6.05,5.8,24066500.0
20260518,300377,赢时胜,16.62,16.92,17.16,16.6,18572400.0
20260518,300378,鼎捷数智,39.37,41.36,41.97,39.07,15244600.0
20260518,300380,安硕信息,36.06,36.43,36.67,36.02,2354900.0
20260518,300381,溢多利,7.44,7.47,7.49,7.2,13328100.0
20260518,300382,斯莱克,15.48,15.67,16.1,15.31,25365800.0
20260518,300383,光环新网,16.96,16.73,17.27,16.52,134327000.0
20260518,300384,三联虹普,14.05,13.94,14.13,13.7,3618800.0
20260518,300386,飞天诚信,12.15,12.3,12.4,12.02,4786800.0
20260518,300387,富邦科技,8.77,8.75,8.81,8.61,6477700.0
20260518,300388,节能国祯,8.31,8.37,8.45,8.29,5163500.0
20260518,300389,艾比森,15.29,15.26,15.42,15.08,5877100.0
20260518,300390,天华新能,94.47,92.37,94.98,90.53,52992100.0
20260518,300393,中来股份,11.55,11.37,11.7,11.27,41377200.0
20260518,300394,天孚通信,388.99,384.95,394.2,370.0,54349000.0
20260518,300395,菲利华,135.43,137.5,139.48,132.15,35703400.0
20260518,300397,天和防务,13.42,13.83,13.93,13.28,20269100.0
20260518,300398,飞凯材料,38.18,38.42,38.99,37.18,49564900.0
20260518,300399,天利科技,22.16,22.26,22.51,22.1,2939900.0
20260518,300400,劲拓股份,30.58,32.39,32.98,30.08,15781300.0
20260518,300401,花园生物,14.0,13.55,14.0,13.36,9916900.0
20260518,300402,宝色股份,18.42,18.26,18.8,18.12,3040400.0
20260518,300403,汉宇集团,12.02,12.17,12.27,11.98,23016500.0
20260518,300404,博济医药,10.59,10.7,10.75,10.45,10058400.0
20260518,300405,科隆股份,7.19,7.28,7.33,7.12,9262400.0
20260518,300406,九强生物,12.99,12.91,13.1,12.79,4013600.0
20260518,300407,凯发电气,13.17,13.38,13.46,13.01,5365800.0
20260518,300408,三环集团,85.06,87.9,90.3,84.64,31674700.0
20260518,300409,道氏技术,24.83,25.07,25.15,24.22,20131500.0
20260518,300410,正业科技,10.02,10.16,10.33,10.0,16771500.0
20260518,300411,金盾股份,9.94,9.96,10.02,9.88,3858400.0
20260518,300412,迦南科技,5.05,5.11,5.15,5.0,8516700.0
20260518,300413,芒果超媒,19.18,19.09,19.31,18.94,12864000.0
20260518,300414,中光防雷,13.26,13.39,13.49,13.18,5946700.0
20260518,300415,伊之密,26.76,26.59,26.96,26.3,10965800.0
20260518,300416,苏试试验,16.49,16.45,16.81,16.35,12166900.0
20260518,300417,南华仪器,14.82,15.17,15.23,14.7,4148000.0
20260518,300418,昆仑万维,48.85,48.95,49.86,48.38,43303100.0
20260518,300420,五洋自控,4.45,4.39,4.5,4.33,72781200.0
20260518,300421,力星股份,26.77,27.45,27.91,26.45,30146900.0
20260518,300422,博世科,5.85,5.91,5.97,5.77,16770700.0
20260518,300423,昇辉科技,7.62,7.66,7.7,7.58,7689800.0
20260518,300424,航新科技,19.14,19.06,19.36,18.84,9802800.0
20260518,300425,中建环能,4.72,4.78,4.79,4.64,8924900.0
20260518,300426,华智数媒,7.54,7.26,7.6,7.13,9847000.0
20260518,300427,红相股份,10.49,10.58,10.69,10.37,17197200.0
20260518,300428,立中集团,21.99,21.93,22.17,21.6,10060200.0
20260518,300429,强力新材,15.22,15.51,15.77,14.93,44617500.0
20260518,300432,富临精工,24.8,24.1,25.02,23.81,63859000.0
20260518,300433,蓝思科技,35.35,38.7,40.5,34.4,322178300.0
20260518,300434,金石亚药,11.52,11.31,11.6,11.15,10068700.0
20260518,300435,中泰股份,21.91,21.7,22.16,21.51,11279800.0
20260518,300436,广生堂,122.01,122.33,124.98,120.45,6529300.0
20260518,300437,清水源,15.43,15.29,15.63,15.13,8771600.0
20260518,300438,鹏辉能源,82.17,85.6,87.0,80.89,32910700.0
20260518,300439,美康生物,10.1,9.97,10.1,9.9,4459600.0
20260518,300440,运达科技,18.27,18.15,18.7,17.74,10868700.0
20260518,300441,鲍斯股份,6.82,6.81,6.83,6.66,5742900.0
20260518,300442,润泽科技,103.89,99.39,105.18,98.26,86473800.0
20260518,300443,金雷股份,27.58,27.51,28.04,27.08,8154900.0
20260518,300444,双杰电气,15.94,16.22,16.97,15.94,63484800.0
20260518,300445,康斯特,23.82,25.36,25.98,23.75,11049400.0
20260518,300446,航天智造,18.55,18.61,18.76,18.3,6930300.0
20260518,300447,全信股份,18.97,19.06,19.3,18.78,7082600.0
20260518,300448,浩云科技,7.85,7.76,8.2,7.69,19153200.0
20260518,300449,汉邦高科,9.85,9.89,10.29,9.66,52501400.0
20260518,300450,先导智能,51.7,52.91,54.59,51.4,63325300.0
20260518,300451,创业慧康,4.25,4.25,4.29,4.19,24137900.0
20260518,300452,山河药辅,13.5,13.45,13.54,13.29,3942800.0
20260518,300453,三鑫医疗,9.93,9.76,9.96,9.64,11169000.0
20260518,300454,深信服,119.14,119.3,123.88,118.01,11888700.0
20260518,300455,航天智装,25.89,26.15,26.96,25.69,11899200.0
20260518,300456,赛微电子,51.4,50.6,52.15,50.15,47437100.0
20260518,300457,赢合科技,27.62,27.86,28.35,27.24,13845600.0
20260518,300458,全志科技,35.9,36.72,37.29,35.9,34543600.0
20260518,300459,汤姆猫,4.07,4.16,4.2,4.06,80663300.0
20260518,300461,田中精机,53.49,56.86,58.72,52.02,15206600.0
20260518,300463,迈克生物,10.35,10.26,10.37,10.16,6027600.0
20260518,300464,星徽股份,8.19,8.71,8.8,8.06,26846800.0
20260518,300465,高伟达,14.59,14.56,14.83,14.45,10734600.0
20260518,300466,赛摩智能,9.21,9.31,9.34,9.08,11106700.0
20260518,300467,迅游科技,39.44,39.11,39.86,38.65,4475300.0
20260518,300468,四方精创,27.52,27.59,27.87,27.15,13774500.0
20260518,300469,信息发展,61.01,60.61,63.98,60.0,11198100.0
20260518,300470,中密控股,33.32,32.91,33.36,32.58,2153900.0
20260518,300471,厚普股份,11.76,11.55,11.79,11.41,8902800.0
20260518,300473,德尔股份,31.88,34.08,34.75,31.0,9191600.0
20260518,300474,景嘉微,64.3,64.9,66.1,64.18,9985700.0
20260518,300475,香农芯创,190.56,194.35,203.33,190.56,44176100.0
20260518,300476,胜宏科技,336.6,346.2,352.52,336.26,36851000.0
20260518,300478,杭州高新,39.54,42.91,43.55,39.48,8098900.0
20260518,300479,神思电子,16.6,16.73,16.82,16.33,4136600.0
20260518,300480,光力科技,39.01,39.38,40.52,37.65,29748100.0
20260518,300481,濮阳惠成,14.9,15.23,15.28,14.76,10166400.0
20260518,300482,万孚生物,18.58,18.17,18.78,18.02,5053700.0
20260518,300483,首华燃气,21.2,22.54,23.3,20.71,45886500.0
20260518,300484,蓝海华腾,17.61,18.88,18.88,17.38,16899500.0
20260518,300485,赛升药业,10.16,10.0,10.2,9.93,4291800.0
20260518,300486,东杰智能,22.21,22.29,22.66,21.61,12560100.0
20260518,300487,蓝晓科技,60.1,60.0,60.7,58.5,3700600.0
20260518,300488,恒锋工具,38.01,37.8,38.75,37.2,11775000.0
20260518,300489,光智科技,121.3,127.74,132.75,120.12,11490300.0
20260518,300490,华自科技,19.0,19.35,19.6,18.89,16946400.0
20260518,300491,通合科技,28.0,28.38,28.73,27.95,5137300.0
20260518,300492,华图山鼎,47.86,47.3,48.65,46.92,2422700.0
20260518,300493,润欣科技,16.36,16.88,17.1,16.28,20071700.0
20260518,300494,盛天网络,10.54,10.61,10.65,10.43,7562100.0
20260518,300496,中科创达,65.18,67.56,68.3,65.18,21787900.0
20260518,300497,富祥股份,16.76,16.56,16.79,16.15,32772500.0
20260518,300498,温氏股份,14.92,14.72,15.05,14.45,75807000.0
20260518,300499,高澜股份,42.81,43.98,45.08,42.46,35204500.0
20260518,300500,启迪设计,12.08,12.25,12.3,11.94,3834000.0
20260518,300501,海顺新材,14.6,15.12,15.18,14.2,11993800.0
20260518,300502,新易盛,599.0,599.92,617.27,593.0,29263700.0
20260518,300503,昊志机电,69.45,69.93,71.79,68.88,19405400.0
20260518,300504,天邑股份,18.76,18.88,19.08,18.59,6821300.0
20260518,300505,川金诺,24.55,24.31,24.79,24.04,14507500.0
20260518,300506,名家汇,5.1,4.97,5.13,4.95,13707400.0
20260518,300507,苏奥传感,9.18,9.1,9.27,8.93,23303900.0
20260518,300508,维宏股份,49.13,47.73,49.3,46.0,7560700.0
20260518,300509,新美星,11.57,11.36,11.58,11.2,10544400.0
20260518,300510,金冠股份,4.11,4.19,4.2,4.1,23437700.0
20260518,300511,雪榕生物,6.86,6.76,6.9,6.71,20812800.0
20260518,300512,中亚股份,9.15,9.16,9.19,9.03,3540600.0
20260518,300513,恒实科技,9.09,9.32,9.34,9.04,7634300.0
20260518,300514,友讯达,12.29,12.5,12.55,12.11,3083800.0
20260518,300515,三德科技,16.85,16.87,17.1,16.55,2565900.0
20260518,300516,久之洋,38.58,38.63,39.5,38.0,3891400.0
20260518,300517,海波重科,11.63,12.17,12.32,11.63,6713000.0
20260518,300518,新迅达,28.52,29.75,29.94,28.3,9903100.0
20260518,300519,新光药业,15.8,15.93,15.95,15.67,2023600.0
20260518,300520,科大国创,36.53,36.34,37.17,36.02,11054100.0
20260518,300521,爱司凯,29.08,28.65,29.3,28.28,3329100.0
20260518,300522,世名科技,13.3,13.47,13.77,13.04,6608000.0
20260518,300523,辰安科技,20.85,24.41,24.78,20.7,18190500.0
20260518,300525,博思软件,9.65,9.71,9.79,9.59,14267500.0
20260518,300528,幸福蓝海,15.54,15.69,15.97,15.06,13862600.0
20260518,300529,健帆生物,19.15,18.97,19.23,18.85,5296900.0
20260518,300530,领湃科技,23.59,23.19,23.59,22.76,1946800.0
20260518,300531,优博讯,20.16,19.83,20.54,19.6,14242300.0
20260518,300532,今天国际,7.82,7.84,7.87,7.71,8729300.0
20260518,300533,冰川网络,26.32,26.23,26.7,25.8,4409400.0
20260518,300534,陇神戎发,8.8,8.83,8.86,8.7,4816600.0
20260518,300535,达威股份,18.24,18.59,18.77,17.77,3356800.0
20260518,300536,农尚环境,12.75,13.51,13.78,12.75,20716400.0
20260518,300537,广信材料,25.98,30.15,31.37,25.7,48761300.0
20260518,300538,同益股份,16.9,17.2,17.39,16.61,6558300.0
20260518,300539,横河精密,32.2,32.37,33.49,32.01,9985600.0
20260518,300540,蜀道装备,29.36,29.27,29.79,28.5,16663000.0
20260518,300541,先进数通,12.7,12.81,12.99,12.64,9991100.0
20260518,300542,新晨科技,15.8,15.72,15.86,15.58,2931200.0
20260518,300543,朗科智能,9.49,9.64,9.65,9.37,4283800.0
20260518,300545,联得装备,34.78,35.28,35.6,34.46,9023400.0
20260518,300546,雄帝科技,21.03,20.9,21.03,20.51,5435500.0
20260518,300547,川环科技,39.95,40.8,41.68,39.5,12327900.0
20260518,300548,长芯博创,249.35,251.98,258.6,243.0,12944600.0
20260518,300549,优德精密,18.32,18.68,18.73,18.1,2354000.0
20260518,300550,和仁科技,14.16,13.82,14.6,13.7,9553500.0
20260518,300551,古鳌科技,14.59,14.25,14.65,14.17,8082400.0
20260518,300552,万集科技,28.88,29.89,30.32,28.58,9614700.0
20260518,300553,集智股份,63.0,63.72,64.27,61.01,5333800.0
20260518,300554,三超新材,26.77,26.84,27.24,26.51,3969900.0
20260518,300556,丝路视觉,20.21,21.96,22.26,20.21,15362200.0
20260518,300557,理工光科,37.1,38.75,39.45,36.9,5383600.0
20260518,300558,贝达药业,50.55,48.99,50.55,48.38,11126400.0
20260518,300559,佳发教育,13.39,13.93,14.71,12.47,30111300.0
20260518,300560,中富通,17.14,17.32,17.42,16.76,13699500.0
20260518,300561,汇金科技,18.0,18.76,18.93,17.6,6910100.0
20260518,300562,乐心医疗,13.85,13.71,13.88,13.59,4679600.0
20260518,300563,神宇股份,31.46,31.94,32.29,31.08,3641900.0
20260518,300564,筑博设计,17.47,17.95,18.0,17.23,4717600.0
20260518,300565,科信技术,15.39,15.69,15.99,14.8,48259600.0
20260518,300566,激智科技,20.0,19.89,20.11,19.61,5845200.0
20260518,300567,精测电子,172.36,178.88,188.85,171.2,15269300.0
20260518,300568,星源材质,16.27,16.58,16.88,15.91,59502900.0
20260518,300569,天能重工,5.96,6.08,6.13,5.94,19866100.0
20260518,300570,太辰光,160.0,160.33,164.55,154.54,22702100.0
20260518,300571,平治信息,64.02,68.6,72.49,64.02,33100500.0
20260518,300572,安车检测,33.7,33.38,34.47,32.84,9735200.0
20260518,300573,兴齐眼药,67.2,66.73,67.45,65.81,3637500.0
20260518,300575,中旗股份,6.89,6.87,6.99,6.65,25990300.0
20260518,300576,容大感光,42.55,45.37,47.3,41.48,51436500.0
20260518,300577,开润股份,20.01,19.69,20.14,19.54,1926500.0
20260518,300578,会畅科技,20.89,21.36,22.22,20.87,7899700.0
20260518,300579,数字认证,25.5,26.2,26.45,25.46,3071900.0
20260518,300580,贝斯特,27.47,27.4,27.88,27.16,12976400.0
20260518,300581,晨曦航空,12.42,12.38,12.58,12.31,6880500.0
20260518,300582,英飞特,16.6,17.74,19.73,16.35,40468000.0
20260518,300583,赛托生物,15.02,14.78,15.07,14.55,4274000.0
20260518,300584,海辰药业,38.71,37.55,38.77,37.12,2758700.0
20260518,300585,奥联电子,22.13,23.29,23.61,21.84,10713900.0
20260518,300586,美联新材,11.65,11.64,12.06,11.34,26710800.0
20260518,300587,天铁科技,6.02,5.84,6.05,5.78,30068100.0
20260518,300588,熙菱信息,21.33,20.85,21.39,20.55,3460000.0
20260518,300589,江龙船艇,15.47,15.62,15.75,15.45,11365700.0
20260518,300590,移为通信,14.86,15.0,15.07,14.67,19613200.0
20260518,300591,万里马,8.33,8.37,8.54,8.21,18808400.0
20260518,300592,华凯易佰,14.28,13.29,14.36,13.22,16909200.0
20260518,300593,新雷能,29.3,30.92,32.15,29.01,38918500.0
20260518,300595,欧普康视,13.25,13.14,13.29,13.05,7185200.0
20260518,300596,利安隆,45.86,45.76,46.55,45.15,5662400.0
20260518,300597,吉大通信,9.76,10.16,10.18,9.63,8711400.0
20260518,300598,诚迈科技,38.04,38.78,39.13,37.77,5715200.0
20260518,300599,雄塑科技,12.1,11.79,12.1,11.58,13782500.0
20260518,300600,国瑞科技,12.3,12.24,12.36,12.11,4297700.0
20260518,300601,康泰生物,14.27,13.99,14.4,13.89,16137500.0
20260518,300602,飞荣达,37.5,38.79,39.33,36.74,31433500.0
20260518,300603,立昂技术,10.25,11.38,11.8,10.25,77991100.0
20260518,300604,长川科技,211.0,209.17,214.0,203.31,28939200.0
20260518,300605,恒锋信息,12.23,12.84,12.94,12.13,6721300.0
20260518,300606,金太阳,38.28,39.91,40.1,37.0,11885300.0
20260518,300607,拓斯达,32.79,32.96,33.66,32.5,35543700.0
20260518,300608,思特奇,15.31,15.38,17.02,15.14,68027200.0
20260518,300609,汇纳科技,40.3,40.81,41.15,39.35,3289000.0
20260518,300610,晨化股份,12.38,12.27,12.54,12.01,9124800.0
20260518,300611,美力科技,25.08,25.29,25.46,24.88,4566200.0
20260518,300612,宣亚国际,14.86,15.15,15.25,14.81,5832800.0
20260518,300613,富瀚微,63.09,63.3,63.65,61.5,19144300.0
20260518,300614,百川畅银,13.33,13.65,13.69,13.19,3268500.0
20260518,300615,欣天科技,14.69,15.03,15.27,14.42,12025800.0
20260518,300616,尚品宅配,15.29,15.4,15.8,14.81,10506000.0
20260518,300617,安靠智电,63.06,63.41,66.75,62.67,8342300.0
20260518,300618,寒锐钴业,41.8,42.26,42.59,41.04,6181200.0
20260518,300619,金银河,45.14,48.04,49.28,44.78,10339200.0
20260518,300620,光库科技,270.03,274.99,285.48,265.95,16918100.0
20260518,300621,维业股份,8.82,8.9,8.93,8.65,4786700.0
20260518,300622,博士眼镜,27.1,28.52,28.58,26.78,18121300.0
20260518,300623,捷捷微电,30.85,31.42,31.76,30.68,27339300.0
20260518,300624,万兴科技,65.75,66.86,67.78,65.08,8039100.0
20260518,300625,三雄极光,11.83,12.05,12.3,11.65,4129500.0
20260518,300626,华瑞股份,33.8,32.5,33.98,31.83,10706300.0
20260518,300627,华测导航,30.89,31.28,31.6,30.45,9967300.0
20260518,300628,亿联网络,38.11,37.7,38.21,37.45,8426400.0
20260518,300629,新劲刚,25.26,25.63,26.08,25.1,8329500.0
20260518,300631,久吾高科,28.88,28.89,29.1,28.5,3395000.0
20260518,300632,光莆股份,34.0,35.2,36.28,33.1,61347100.0
20260518,300633,开立医疗,23.12,22.57,23.3,22.37,4106900.0
20260518,300634,彩讯股份,23.5,24.29,24.5,23.35,14523400.0
20260518,300635,中达安,15.41,15.24,15.5,14.97,4346800.0
20260518,300636,同和药业,7.42,7.28,7.44,7.21,8828600.0
20260518,300637,扬帆新材,11.19,11.72,11.85,10.87,16163000.0
20260518,300638,广和通,24.05,24.75,24.97,23.58,26995300.0
20260518,300639,凯普生物,6.4,6.35,6.44,6.27,22003400.0
20260518,300640,德艺文创,7.73,7.94,8.06,7.6,15760100.0
20260518,300641,正丹股份,16.56,16.2,16.72,16.18,8014700.0
20260518,300642,透景生命,15.62,15.88,15.95,15.53,2122700.0
20260518,300643,万通智控,18.8,18.69,18.88,18.44,4438300.0
20260518,300644,南京聚隆,28.99,28.65,29.01,28.3,2584900.0
20260518,300645,正元智慧,15.6,16.05,16.08,15.53,4813300.0
20260518,300647,超频三,6.87,6.96,6.96,6.84,13941300.0
20260518,300648,星云股份,51.01,51.47,51.47,49.66,3834400.0
20260518,300649,杭州园林,23.0,22.66,24.94,21.56,13566500.0
20260518,300650,太龙股份,16.43,16.53,16.78,16.31,7174100.0
20260518,300651,金陵体育,33.33,28.65,33.6,27.51,28762000.0
20260518,300652,雷迪克,46.25,49.4,49.4,45.8,8478600.0
20260518,300653,正海生物,17.29,17.14,17.38,17.0,1319200.0
20260518,300654,世纪天鸿,11.7,11.46,11.84,11.33,11280100.0
20260518,300655,晶瑞电材,16.62,16.37,16.78,16.0,78300600.0
20260518,300656,民德电子,31.2,31.2,31.85,30.11,7068500.0
20260518,300657,弘信电子,43.4,43.4,43.4,43.4,21209500.0
20260518,300658,延江股份,18.98,18.78,19.38,18.34,13989500.0
20260518,300659,中孚信息,12.64,12.7,12.8,12.51,6810600.0
20260518,300660,江苏雷利,46.0,47.74,48.18,45.67,18993100.0
20260518,300661,圣邦股份,105.96,105.35,110.16,103.61,25372500.0
20260518,300662,科锐国际,24.61,23.98,24.74,23.72,6565400.0
20260518,300663,科蓝软件,9.04,9.13,9.21,8.86,24786900.0
20260518,300664,鹏鹞环保,5.42,5.49,5.5,5.36,10360800.0
20260518,300665,飞鹿股份,10.0,9.9,10.0,9.63,19482500.0
20260518,300666,江丰电子,189.92,201.26,202.5,186.28,18894500.0
20260518,300667,必创科技,19.85,19.42,19.95,19.38,15327200.0
20260518,300668,杰恩股份,59.0,62.04,63.2,58.36,4891400.0
20260518,300669,沪宁股份,32.42,31.22,32.42,30.7,1742100.0
20260518,300670,大烨智能,7.08,7.16,7.19,7.03,7219100.0
20260518,300671,富满微,49.03,51.69,51.99,48.5,13134700.0
20260518,300672,国科微,237.42,246.0,255.27,235.9,11068500.0
20260518,300673,佩蒂股份,15.7,15.52,15.74,15.22,2653700.0
20260518,300674,宇信科技,18.29,18.11,18.59,18.04,14257200.0
20260518,300675,建科院,16.2,16.31,16.4,16.01,2761700.0
20260518,300676,华大基因,40.95,40.0,41.49,39.5,7993900.0
20260518,300677,英科医疗,50.4,51.31,52.53,50.26,12262700.0
20260518,300678,中科信息,28.38,28.71,28.84,28.3,4568500.0
20260518,300679,电连技术,53.92,55.38,56.0,52.4,27888200.0
20260518,300680,隆盛科技,43.26,42.86,43.68,42.58,9397000.0
20260518,300681,英搏尔,34.91,33.36,35.1,32.9,18472800.0
20260518,300682,朗新科技,14.5,14.65,14.97,14.3,18123300.0
20260518,300683,海特生物,35.06,34.56,35.46,34.32,5775800.0
20260518,300684,中石科技,59.67,59.39,61.38,58.1,10333100.0
20260518,300685,艾德生物,19.68,19.22,19.8,19.11,6589100.0
20260518,300686,智动力,16.83,18.25,18.97,16.42,20478000.0
20260518,300687,赛意信息,27.2,32.42,32.61,27.13,52241700.0
20260518,300688,创业黑马,26.59,26.3,26.69,26.13,3785500.0
20260518,300689,澄天伟业,58.39,60.58,61.5,58.0,3113900.0
20260518,300690,双一科技,28.47,28.09,28.53,27.81,3904100.0
20260518,300691,联合光电,19.74,18.57,20.48,18.25,31403800.0
20260518,300692,中赋科技,8.45,8.37,8.58,8.36,10053600.0
20260518,300693,盛弘股份,59.78,59.58,61.42,58.76,20718100.0
20260518,300694,蠡湖股份,12.28,12.2,12.29,12.05,4305000.0
20260518,300695,兆丰股份,71.0,74.86,75.98,70.82,2554300.0
20260518,300696,爱乐达,39.0,37.84,39.59,37.2,9924900.0
20260518,300697,电工合金,16.66,17.17,17.24,16.43,9530300.0
20260518,300698,万马科技,37.43,37.82,38.46,36.85,2994900.0
20260518,300699,光威复材,33.88,34.12,34.88,33.78,16737800.0
20260518,300700,岱勒新材,19.46,19.22,19.9,19.05,10284000.0
20260518,300701,森霸传感,12.22,12.29,12.32,12.0,4681600.0
20260518,300702,天宇股份,19.7,19.28,19.74,19.07,2461900.0
20260518,300703,创源股份,18.29,17.6,18.29,17.36,6544800.0
20260518,300705,九典制药,12.3,12.07,12.3,12.01,4679000.0
20260518,300706,阿石创,49.4,50.05,51.38,48.61,13121000.0
20260518,300707,威唐工业,14.97,14.91,15.04,14.76,4258800.0
20260518,300708,聚灿光电,9.4,9.26,9.47,9.2,32129400.0
20260518,300709,精研科技,46.59,48.8,49.58,46.03,15913300.0
20260518,300710,万隆光电,33.82,33.83,34.08,32.5,4477300.0
20260518,300711,广哈通信,20.28,20.67,20.82,20.16,3385200.0
20260518,300712,永福股份,25.3,24.75,25.3,24.38,4180400.0
20260518,300713,英可瑞,18.17,18.51,18.66,18.0,3082200.0
20260518,300715,凯伦股份,16.93,16.29,16.98,15.74,31514500.0
20260518,300717,华信新材,21.44,21.91,21.91,21.13,2235800.0
20260518,300718,长盛轴承,78.0,80.0,80.74,77.78,10478100.0
20260518,300719,安达维尔,14.82,14.59,14.9,14.53,4156300.0
20260518,300720,海川智能,68.0,69.61,72.44,64.0,13331700.0
20260518,300721,怡达股份,32.0,30.99,34.44,30.0,54134700.0
20260518,300722,新余国科,27.12,26.48,27.16,26.2,3494600.0
20260518,300723,一品红,40.49,38.75,40.68,38.42,13239600.0
20260518,300724,捷佳伟创,89.48,88.44,90.8,87.91,11608100.0
20260518,300725,药石科技,38.0,37.23,38.12,36.9,6103800.0
20260518,300726,宏达电子,55.01,56.65,58.18,54.08,13602400.0
20260518,300727,润禾材料,34.84,34.19,34.84,33.57,5444200.0
20260518,300729,乐歌股份,12.68,12.43,12.68,12.21,4405100.0
20260518,300730,科创信息,14.01,15.4,15.8,13.89,34631600.0
20260518,300731,科创新源,85.5,85.8,89.2,82.89,7565600.0
20260518,300732,设研院,7.75,7.69,7.76,7.59,7455600.0
20260518,300733,西菱动力,20.39,20.53,20.68,19.97,11347500.0
20260518,300735,光弘科技,20.46,20.83,21.13,20.07,13804900.0
20260518,300736,百邦科技,37.0,36.99,37.78,36.0,12474600.0
20260518,300737,科顺股份,7.75,7.42,7.79,7.32,35044400.0
20260518,300738,奥飞数据,28.06,27.83,28.48,27.53,107176500.0
20260518,300739,明阳电路,28.82,29.39,30.18,28.82,17420400.0
20260518,300740,水羊股份,25.98,25.47,26.09,25.19,11073600.0
20260518,300741,华宝股份,15.78,15.49,15.78,15.32,2221400.0
20260518,300743,天地数码,19.41,19.54,19.58,19.05,2808300.0
20260518,300745,欣锐科技,48.29,48.3,49.0,45.4,14406900.0
20260518,300746,汉嘉数智,13.42,13.76,13.86,13.01,8559600.0
20260518,300747,锐科激光,37.09,38.01,39.29,36.96,29368800.0
20260518,300748,金力永磁,34.8,34.39,35.05,34.11,37916100.0
20260518,300749,顶固集创,23.84,25.24,26.28,23.61,13559500.0
20260518,300750,宁德时代,420.58,417.23,422.9,414.0,28498300.0
20260518,300751,迈为股份,261.55,254.37,268.85,251.86,10504600.0
20260518,300752,隆利科技,19.54,19.9,20.07,19.3,4419800.0
20260518,300753,爱朋医疗,27.56,27.01,27.56,26.91,2950800.0
20260518,300755,华致酒行,14.6,15.93,16.0,14.52,14030500.0
20260518,300756,金马游乐,50.52,49.25,50.55,48.89,2445700.0
20260518,300757,罗博特科,586.04,582.0,598.0,570.53,8087200.0
20260518,300758,七彩化学,14.57,14.1,14.71,14.1,26155700.0
20260518,300759,康龙化成,26.5,26.34,26.73,26.07,19019500.0
20260518,300760,迈瑞医疗,160.25,156.33,160.37,155.69,9044900.0
20260518,300761,立华股份,21.99,21.34,22.32,21.11,11007300.0
20260518,300762,上海瀚讯,42.65,42.9,44.58,42.6,34889200.0
20260518,300763,锦浪科技,96.56,104.11,107.11,95.09,24660200.0
20260518,300765,石药创新,30.77,29.85,30.83,29.62,8187900.0
20260518,300766,每日互动,29.01,29.36,29.85,29.0,15450000.0
20260518,300767,震安科技,22.6,22.95,23.16,22.0,8626300.0
20260518,300768,迪普科技,17.28,17.5,17.68,17.21,5625500.0
20260518,300769,德方纳米,74.13,72.58,74.76,71.95,21011600.0
20260518,300770,新媒股份,38.21,37.81,38.49,37.4,2612400.0
20260518,300771,智莱科技,13.7,13.65,13.84,13.46,5487000.0
20260518,300772,运达股份,16.0,16.37,16.75,15.92,20747000.0
20260518,300773,拉卡拉,26.32,26.42,26.77,26.14,26802200.0
20260518,300774,倍杰特,14.7,14.32,15.21,14.15,18096500.0
20260518,300775,三角防务,29.52,29.24,29.98,28.86,16283000.0
20260518,300776,帝尔激光,147.0,142.7,155.63,140.58,18402400.0
20260518,300777,中简科技,38.15,37.6,38.58,37.38,14955800.0
20260518,300778,新城市,14.23,14.01,14.54,13.58,8375200.0
20260518,300779,惠城环保,67.4,67.99,69.87,67.3,5295300.0
20260518,300780,德恩精工,32.7,33.33,34.0,32.5,9738800.0
20260518,300781,因赛集团,35.2,36.1,36.31,35.12,4769800.0
20260518,300782,卓胜微,129.0,130.8,134.44,128.08,30366600.0
20260518,300783,三只松鼠,19.48,20.36,20.45,19.42,15700600.0
20260518,300784,利安科技,53.17,54.67,55.0,51.91,1848100.0
20260518,300785,值得买,51.77,53.59,54.26,51.67,9945200.0
20260518,300786,国林科技,18.8,19.13,19.81,18.61,21113200.0
20260518,300787,海能实业,10.75,10.8,10.85,10.6,3213700.0
20260518,300788,中信出版,30.75,30.46,31.25,30.01,5384200.0
20260518,300789,唐源电气,23.58,23.78,24.26,23.3,1989100.0
20260518,300790,宇瞳光学,34.0,33.96,34.69,33.33,22105600.0
20260518,300791,仙乐健康,17.59,17.58,17.71,17.41,1678800.0
20260518,300792,壹网壹创,34.88,37.03,37.8,34.55,10871300.0
20260518,300793,佳禾智能,14.5,14.57,14.65,14.26,5733400.0
20260518,300795,米奥会展,10.41,10.53,10.61,10.27,3709000.0
20260518,300796,贝斯美,8.45,8.37,8.46,8.16,6429300.0
20260518,300797,钢研纳克,15.42,15.52,15.58,15.3,3009400.0
20260518,300798,锦鸡股份,9.94,9.62,10.28,9.5,28934200.0
20260518,300800,力合科技,12.47,12.7,12.73,12.41,3271000.0
20260518,300801,泰和科技,30.7,30.28,31.14,30.0,8427000.0
20260518,300802,矩子科技,22.0,22.76,22.79,21.8,12572200.0
20260518,300803,指南针,99.0,100.62,102.38,98.61,17573300.0
20260518,300804,广康生化,50.55,45.06,50.55,45.0,4394600.0
20260518,300805,电声股份,9.98,10.06,10.18,9.9,7324200.0
20260518,300806,斯迪克,82.6,83.99,85.98,81.5,18716300.0
20260518,300807,天迈科技,50.43,50.95,51.27,49.88,1620600.0
20260518,300808,久量股份,25.92,25.5,26.0,25.32,2082600.0
20260518,300809,华辰装备,38.4,39.04,39.6,37.41,14257100.0
20260518,300810,中科海讯,32.0,32.37,32.45,31.56,2196200.0
20260518,300811,铂科新材,100.31,102.37,104.8,99.64,8830000.0
20260518,300812,易天股份,41.77,40.38,43.28,40.01,15807200.0
20260518,300813,泰林生物,24.69,24.25,24.7,24.05,1893200.0
20260518,300814,中富电路,120.75,128.5,129.44,120.75,8359700.0
20260518,300815,玉禾田,21.6,21.41,21.65,21.25,5234400.0
20260518,300816,艾可蓝,94.4,95.4,96.62,91.1,3686300.0
20260518,300817,双飞集团,20.7,20.75,21.03,20.61,2688000.0
20260518,300818,耐普矿机,35.09,33.11,35.09,32.56,5367700.0
20260518,300819,聚杰微纤,81.21,81.5,82.87,78.98,8488800.0
20260518,300820,英杰电气,62.08,66.67,69.55,61.8,18846500.0
20260518,300821,东岳硅材,15.4,15.17,15.49,14.9,71753500.0
20260518,300822,贝仕达克,15.05,15.1,15.18,14.9,2627200.0
20260518,300823,建科智能,19.03,19.38,19.47,18.83,3670200.0
20260518,300824,北鼎股份,9.48,9.43,9.55,9.2,4251700.0
20260518,300825,阿尔特,11.68,11.79,12.17,11.04,50673700.0
20260518,300826,测绘股份,16.69,16.71,16.88,16.3,8969800.0
20260518,300827,上能电气,38.0,38.76,39.35,37.59,23507100.0
20260518,300828,锐新科技,24.0,21.39,26.15,21.1,21702500.0
20260518,300829,金丹科技,18.7,18.83,18.99,18.36,6471600.0
20260518,300830,金现代,10.8,11.09,11.2,10.72,13775900.0
20260518,300832,新产业,50.44,49.27,50.44,48.98,8539300.0
20260518,300833,浩洋股份,39.01,38.42,39.04,37.87,1403300.0
20260518,300834,星辉环材,47.78,46.86,48.83,46.0,5196800.0
20260518,300835,龙磁科技,112.35,109.35,114.5,108.93,5036800.0
20260518,300836,佰奥智能,69.23,78.43,79.67,68.7,6419800.0
20260518,300837,浙矿股份,32.45,32.63,32.7,32.01,1598500.0
20260518,300838,浙江力诺,20.11,21.09,21.88,19.9,13763200.0
20260518,300839,博汇股份,19.09,19.55,19.7,18.34,16360200.0
20260518,300840,酷特智能,26.08,25.46,26.59,25.08,16742600.0
20260518,300841,康华生物,54.68,53.94,55.39,53.59,1559500.0
20260518,300842,帝科股份,91.86,94.89,97.38,91.45,9926900.0
20260518,300843,胜蓝股份,94.2,97.55,99.5,92.71,6124400.0
20260518,300844,山水比德,32.23,32.31,32.75,31.0,1324500.0
20260518,300845,捷安高科,15.46,14.95,15.49,14.87,8583800.0
20260518,300846,首都在线,31.41,30.56,32.18,30.2,37436100.0
20260518,300847,中船汉光,15.89,15.82,16.02,15.69,2853200.0
20260518,300848,美瑞新材,17.02,16.57,17.03,16.17,7650700.0
20260518,300849,锦盛新材,24.68,24.42,25.0,24.01,2953300.0
20260518,300850,新强联,37.8,36.7,38.36,36.18,15849500.0
20260518,300852,四会富仕,51.7,52.5,52.88,50.6,10909100.0
20260518,300853,申昊科技,32.72,33.67,34.3,32.32,9675100.0
20260518,300854,中兰环保,35.0,37.1,37.26,34.7,4431900.0
20260518,300855,图南股份,37.5,38.52,39.54,37.07,6514900.0
20260518,300856,科思股份,14.24,14.2,14.44,14.08,6340500.0
20260518,300857,协创数据,274.41,272.1,278.99,269.99,20138400.0
20260518,300858,科拓生物,17.6,17.38,17.6,17.21,9094700.0
20260518,300859,西域旅游,28.63,28.25,28.63,27.9,3120600.0
20260518,300860,锋尚文化,26.2,25.7,26.34,25.62,2549100.0
20260518,300861,美畅股份,20.4,20.71,21.36,20.35,21281600.0
20260518,300862,蓝盾光电,26.24,26.23,26.56,25.15,8110200.0
20260518,300863,卡倍亿,70.25,77.35,78.88,69.0,17542900.0
20260518,300864,南大环境,24.1,24.25,24.85,23.78,2843600.0
20260518,300865,大宏立,31.02,31.23,31.6,30.77,2459300.0
20260518,300866,安克创新,130.31,136.4,136.7,128.47,6211300.0
20260518,300867,圣元环保,22.26,23.04,23.5,22.18,11629800.0
20260518,300868,杰美特,92.02,90.72,94.1,90.32,3043000.0
20260518,300869,康泰医学,12.21,12.28,12.39,12.15,3417300.0
20260518,300870,欧陆通,405.18,421.0,436.5,400.2,4476500.0
20260518,300871,回盛生物,24.05,23.7,24.16,23.53,4644400.0
20260518,300872,天阳科技,19.8,20.27,20.48,19.72,17171200.0
20260518,300873,海晨股份,20.36,20.41,20.65,20.19,2368700.0
20260518,300875,捷强装备,38.38,38.8,39.0,37.8,2579100.0
20260518,300876,蒙泰高新,30.66,30.38,30.89,30.13,2260200.0
20260518,300877,金春股份,31.34,31.76,31.88,30.03,3418800.0
20260518,300878,维康药业,35.02,34.4,36.38,34.26,11043800.0
20260518,300879,大叶股份,22.68,22.67,22.9,22.12,2970100.0
20260518,300880,迦南智能,23.15,23.58,23.58,22.65,6009700.0
20260518,300881,盛德鑫泰,51.58,52.88,53.76,51.0,2049200.0
20260518,300882,万胜智能,18.35,18.78,18.79,18.11,2967400.0
20260518,300883,龙利得,7.29,7.3,7.39,7.19,30399800.0
20260518,300884,狄耐克,12.6,12.81,12.89,12.55,4453200.0
20260518,300885,海昌新材,30.12,31.02,33.63,30.11,27770000.0
20260518,300886,华业香料,29.3,29.45,29.69,28.85,1293500.0
20260518,300887,谱尼测试,9.48,9.56,9.67,9.46,7340100.0
20260518,300888,稳健医疗,30.9,30.37,30.98,30.22,2992400.0
20260518,300889,爱克股份,21.89,25.45,26.4,21.71,28830300.0
20260518,300890,翔丰华,37.94,37.9,38.36,37.25,8560500.0
20260518,300891,惠云钛业,8.28,8.26,8.31,8.09,6211200.0
20260518,300892,品渥食品,26.54,26.4,26.54,25.97,1121300.0
20260518,300893,松原安全,24.36,24.09,24.6,23.82,4829200.0
20260518,300894,火星人,10.17,10.17,10.23,9.96,3846500.0
20260518,300895,铜牛信息,78.02,75.84,78.68,74.92,10936300.0
20260518,300896,爱美客,113.0,108.2,113.01,108.1,3895900.0
20260518,300897,山科智能,27.67,28.25,28.44,27.36,2359300.0
20260518,300898,熊猫乳品,23.55,23.72,23.77,23.32,2849200.0
20260518,300899,上海凯鑫,37.22,36.93,37.59,36.51,1297300.0
20260518,300900,广联航空,42.67,42.56,44.6,41.88,29277900.0
20260518,300901,中胤时尚,19.0,19.26,19.62,18.97,5761700.0
20260518,300902,国安达,17.26,19.25,19.39,17.06,15305000.0
20260518,300903,科翔股份,74.98,75.25,79.0,74.3,33597600.0
20260518,300904,威力传动,60.8,61.7,61.89,59.88,876200.0
20260518,300905,宝丽迪,77.0,74.48,79.97,73.49,15601100.0
20260518,300906,日月明,34.3,34.7,35.02,33.88,1296500.0
20260518,300907,康平科技,33.06,36.7,37.18,32.38,10222900.0
20260518,300908,仲景食品,26.93,26.9,27.05,26.53,1029000.0
20260518,300909,汇创达,48.34,48.3,49.47,47.2,5048500.0
20260518,300910,瑞丰新材,45.7,45.42,46.0,44.96,3837200.0
20260518,300911,亿田智能,34.8,34.12,37.38,33.5,12139700.0
20260518,300912,凯龙高科,33.8,36.17,36.86,33.8,17270000.0
20260518,300913,兆龙互连,55.5,55.36,56.28,54.5,5182700.0
20260518,300915,海融科技,24.96,25.35,25.35,24.72,1846000.0
20260518,300916,朗特智能,37.48,38.7,38.9,36.75,4574800.0
20260518,300917,特发服务,33.56,32.94,33.65,32.46,3778800.0
20260518,300918,南山智尚,15.2,15.16,15.29,14.9,9833100.0
20260518,300919,中伟新材,56.0,56.22,57.08,55.49,14400500.0
20260518,300920,润阳科技,46.42,47.19,47.45,46.06,1619800.0
20260518,300921,南凌科技,28.29,28.82,29.33,28.28,8849900.0
20260518,300922,天秦装备,18.37,18.54,18.74,18.19,3093000.0
20260518,300923,研奥股份,27.65,27.94,27.96,27.38,1377900.0
20260518,300925,法本信息,18.14,18.46,18.64,17.98,8156000.0
20260518,300926,博俊科技,22.56,22.14,22.6,21.95,4499700.0
20260518,300927,江天化学,28.99,28.29,29.03,27.92,7028000.0
20260518,300928,华安鑫创,35.81,35.3,36.2,35.07,1981300.0
20260518,300929,华骐环保,13.95,14.03,14.03,13.72,3568000.0
20260518,300930,屹通新材,32.34,33.95,34.26,32.34,3453000.0
20260518,300931,通用电梯,16.88,17.06,17.24,16.55,7539400.0
20260518,300932,三友联众,10.28,10.29,10.34,10.07,10887200.0
20260518,300933,中辰股份,8.58,8.87,9.16,8.54,26101100.0
20260518,300935,盈建科,33.85,36.82,37.37,32.9,6217000.0
20260518,300936,中英科技,86.55,86.31,87.84,84.1,3077100.0
20260518,300937,药易购,25.95,26.0,26.08,25.62,1826600.0
20260518,300938,信测标准,60.0,60.5,62.65,59.49,13695500.0
20260518,300939,秋田微,47.25,48.35,48.5,45.0,8039700.0
20260518,300940,南极光,19.65,19.63,19.8,19.25,4666700.0
20260518,300941,创识科技,17.12,17.33,17.41,17.02,2506700.0
20260518,300942,易瑞生物,7.49,7.51,7.54,7.33,4689000.0
20260518,300943,春晖智控,38.67,37.69,38.95,36.65,14162100.0
20260518,300945,曼卡龙,14.15,13.99,14.18,13.8,7994900.0
20260518,300946,恒而达,53.01,53.73,54.21,52.7,2256000.0
20260518,300947,德必集团,17.97,17.7,17.97,17.45,3370700.0
20260518,300948,冠中生态,21.91,22.46,22.61,21.86,3710700.0
20260518,300949,奥雅股份,41.08,40.98,41.45,40.25,855100.0
20260518,300950,德固特,21.83,21.86,22.1,21.42,1893600.0
20260518,300951,博硕科技,36.0,36.54,36.93,35.67,2098600.0
20260518,300952,恒辉安防,37.32,36.67,37.55,36.02,7380700.0
20260518,300953,震裕科技,226.09,243.68,245.97,226.09,7755000.0
20260518,300955,嘉亨家化,42.7,44.79,45.75,42.67,5708300.0
20260518,300956,英力股份,15.48,15.53,15.59,15.29,3373200.0
20260518,300957,贝泰妮,39.77,39.1,40.64,38.79,6108600.0
20260518,300958,建工修复,14.11,14.41,14.43,14.0,4239000.0
20260518,300959,线上线下,160.1,181.0,192.98,160.1,9443800.0
20260518,300960,通业科技,21.38,21.19,21.38,20.81,1275100.0
20260518,300961,深水海纳,14.51,14.34,14.61,14.15,6504300.0
20260518,300962,中金辐照,14.14,14.06,14.14,13.92,2688000.0
20260518,300963,中洲特材,17.33,17.18,17.4,16.95,13961600.0
20260518,300964,本川智能,81.0,87.25,88.52,79.9,8070800.0
20260518,300965,恒宇信通,74.85,74.0,77.76,73.37,4865900.0
20260518,300966,共同药业,26.87,26.95,27.35,26.68,3408200.0
20260518,300967,晓鸣股份,17.0,16.78,17.13,16.63,4696400.0
20260518,300968,格林精密,12.6,12.7,12.83,12.49,6402600.0
20260518,300969,恒帅股份,150.03,152.0,155.3,147.54,3826000.0
20260518,300970,华绿生物,33.4,32.53,33.4,32.14,6540800.0
20260518,300971,博亚精工,25.0,24.92,25.29,24.58,3094500.0
20260518,300972,万辰集团,225.12,223.67,228.67,220.1,1842200.0
20260518,300973,立高食品,28.22,28.13,28.29,27.64,2181500.0
20260518,300975,商络电子,23.58,23.84,25.4,23.4,92004500.0
20260518,300976,达瑞电子,75.77,77.18,77.55,75.05,3685700.0
20260518,300977,深圳瑞捷,21.91,22.52,22.59,21.69,2436800.0
20260518,300978,东箭科技,11.32,11.29,11.41,11.12,8368000.0
20260518,300979,华利集团,38.39,37.94,38.39,37.6,2010200.0
20260518,300980,祥源新材,32.85,32.33,33.79,32.08,4298200.0
20260518,300981,中红医疗,15.39,15.04,15.56,14.93,10627600.0
20260518,300982,苏文电能,22.1,22.58,22.74,22.06,5129200.0
20260518,300983,尤安设计,43.8,41.29,50.57,41.29,4729700.0
20260518,300984,金沃股份,70.01,70.26,71.3,69.5,3161600.0
20260518,300985,致远新能,23.91,24.25,24.26,23.49,3062600.0
20260518,300986,志特新材,22.3,22.31,22.99,22.16,16772000.0
20260518,300987,川网传媒,16.52,16.54,16.64,16.22,3715200.0
20260518,300988,津荣天宇,29.88,29.57,30.22,29.39,3588200.0
20260518,300989,蕾奥规划,15.28,15.25,15.46,15.01,3367100.0
20260518,300990,同飞股份,89.4,90.5,92.15,88.5,3631700.0
20260518,300991,创益通,43.99,45.67,47.4,43.53,5261000.0
20260518,300992,泰福泵业,30.42,31.38,32.17,30.21,3931900.0
20260518,300993,玉马科技,12.38,12.06,12.41,11.82,5794600.0
20260518,300994,久祺股份,13.65,13.64,13.8,13.44,2387200.0
20260518,300995,奇德新材,38.04,37.33,38.17,36.29,4790300.0
20260518,300996,普联软件,12.25,12.62,12.72,12.25,8591000.0
20260518,300997,欢乐家,18.74,18.32,18.91,18.19,6746700.0
20260518,300998,宁波方正,28.41,28.46,29.0,27.98,2595600.0
20260518,300999,金龙鱼,27.58,27.16,27.58,27.05,9941600.0
20260518,301000,肇民科技,36.99,39.91,40.21,36.9,21482100.0
20260518,301001,凯淳股份,30.15,30.73,30.77,30.0,1148100.0
20260518,301002,崧盛股份,57.0,55.3,57.38,54.8,9720700.0
20260518,301003,江苏博云,54.39,56.79,59.37,54.0,5429500.0
20260518,301004,嘉益股份,41.15,39.2,41.19,38.0,1053200.0
20260518,301005,超捷股份,170.0,173.31,180.66,170.0,8117900.0
20260518,301006,迈拓股份,17.3,17.93,18.23,17.16,3385300.0
20260518,301007,德迈仕,44.5,43.26,44.5,42.91,7575800.0
20260518,301008,宏昌科技,33.5,32.28,34.42,32.28,13460000.0
20260518,301009,可靠股份,10.5,10.61,10.63,10.41,2785000.0
20260518,301010,晶雪节能,22.55,22.94,23.3,22.19,2410500.0
20260518,301011,华立科技,19.28,19.06,19.4,18.86,2667300.0
20260518,301012,扬电科技,35.91,37.15,38.47,35.76,12800000.0
20260518,301013,利和兴,28.0,28.35,28.76,27.51,13121900.0
20260518,301015,百洋医药,22.68,22.44,22.8,22.12,5077600.0
20260518,301016,雷尔伟,17.94,18.95,19.47,17.83,10181400.0
20260518,301017,漱玉平民,13.39,13.6,13.92,13.31,8629700.0
20260518,301018,申菱环境,130.02,139.04,144.58,128.71,13842300.0
20260518,301019,宁波色母,23.21,23.29,23.45,22.99,2026900.0
20260518,301020,密封科技,23.58,23.76,23.82,23.34,1865400.0
20260518,301021,英诺激光,68.12,76.02,76.56,67.15,12821400.0
20260518,301022,海泰科,31.0,31.16,31.43,30.21,3774500.0
20260518,301023,奕帆传动,44.5,46.3,46.3,44.2,5118900.0
20260518,301024,霍普股份,50.59,48.84,50.9,48.07,2389400.0
20260518,301025,读客文化,11.07,11.09,11.21,10.92,4796400.0
20260518,301026,浩通科技,30.39,30.99,31.83,29.82,5105700.0
20260518,301027,华蓝集团,23.68,24.02,24.58,23.68,5327300.0
20260518,301028,鼎熔岩,17.4,17.4,18.29,17.25,18557200.0
20260518,301029,怡合达,30.59,30.71,31.26,30.27,20125700.0
20260518,301031,中熔电气,175.4,171.02,176.5,168.81,3835900.0
20260518,301032,新柴股份,13.03,12.97,13.13,12.83,4099500.0
20260518,301033,迈普医学,55.08,54.94,56.36,54.58,871100.0
20260518,301035,润丰股份,73.55,71.86,74.49,71.12,1099100.0
20260518,301036,双乐股份,28.02,28.59,29.33,27.61,2264600.0
20260518,301037,保立佳,16.9,17.36,17.44,16.9,2135400.0
20260518,301038,深水规院,20.6,21.49,21.8,20.5,8511200.0
20260518,301039,中集车辆,8.3,8.21,8.39,8.12,13191000.0
20260518,301040,中环海陆,32.68,37.5,37.74,32.01,12997100.0
20260518,301041,金百泽,32.92,33.3,33.86,32.1,6856300.0
20260518,301042,安联锐视,100.3,99.88,101.46,97.65,1127200.0
20260518,301043,绿岛风,52.94,52.12,53.07,51.63,1054800.0
20260518,301045,天禄科技,53.32,55.41,55.81,52.32,3752100.0
20260518,301046,能辉科技,28.63,28.74,28.99,28.02,3818900.0
20260518,301047,义翘神州,69.51,68.2,69.51,67.7,838700.0
20260518,301048,金鹰重工,10.8,10.76,10.88,10.66,4125300.0
20260518,301049,超越科技,24.87,25.44,25.53,24.72,1490700.0
20260518,301050,雷电微力,40.0,40.2,40.92,39.77,3886900.0
20260518,301051,信濠光电,24.97,24.42,25.24,24.19,4022500.0
20260518,301052,果麦文化,30.95,31.25,31.42,30.41,3239700.0
20260518,301053,远信工业,54.67,56.55,56.84,54.05,5015000.0
20260518,301055,张小泉,35.92,37.4,38.6,35.92,7995800.0
20260518,301056,森赫股份,15.09,15.08,15.41,14.81,3863700.0
20260518,301057,汇隆新材,30.01,30.13,30.29,29.81,1646800.0
20260518,301058,中粮科工,9.69,9.51,9.74,9.46,7299500.0
20260518,301059,金三江,15.77,15.52,15.95,15.37,7398100.0
20260518,301060,兰卫医学,10.65,10.7,10.91,10.5,6164300.0
20260518,301061,匠心家居,65.82,62.63,65.83,61.88,1978800.0
20260518,301062,上海艾录,7.94,7.97,8.07,7.73,7318200.0
20260518,301063,海锅股份,23.12,23.36,23.37,22.8,1269900.0
20260518,301065,本立科技,23.5,23.71,23.75,23.39,1399200.0
20260518,301066,万事利,16.41,15.85,16.64,15.78,9834600.0
20260518,301067,显盈科技,30.32,31.52,31.65,30.08,2935300.0
20260518,301068,大地海洋,33.59,34.08,34.39,32.93,1027800.0
20260518,301069,凯盛新材,23.27,23.49,23.6,22.85,15649300.0
20260518,301070,开勒股份,95.86,96.49,100.5,95.4,4163300.0
20260518,301071,力量钻石,59.48,59.46,64.87,58.7,24017200.0
20260518,301072,中捷精工,25.11,25.47,25.71,24.9,1666000.0
20260518,301073,君亭酒店,23.55,23.41,23.8,23.27,2661700.0
20260518,301075,多瑞医药,83.54,83.79,86.42,81.0,2291800.0
20260518,301076,新瀚新材,32.88,32.33,32.88,31.5,9899400.0
20260518,301077,星华新材,30.05,30.61,30.68,29.6,3774900.0
20260518,301078,孩子王,8.5,8.51,8.77,8.41,20427200.0
20260518,301079,邵阳液压,43.98,44.43,45.2,43.6,5378700.0
20260518,301080,百普赛斯,45.27,43.39,45.27,42.99,3618800.0
20260518,301081,严牌股份,19.71,18.95,19.8,18.4,17437700.0
20260518,301082,久盛电气,11.7,11.99,12.08,11.63,5168900.0
20260518,301083,百胜智能,17.16,17.42,17.46,17.11,2319200.0
20260518,301085,亚康股份,77.01,79.67,81.81,77.01,4213200.0
20260518,301086,鸿富瀚,231.49,234.33,241.88,230.5,2255500.0
20260518,301087,可孚医疗,50.15,47.96,50.46,47.59,3157600.0
20260518,301088,戎美股份,16.66,16.7,16.9,16.4,3179800.0
20260518,301089,拓新药业,26.88,27.06,27.4,26.81,2141000.0
20260518,301090,华润材料,8.65,8.34,8.68,8.29,22502600.0
20260518,301091,深城交,22.0,21.66,22.0,21.32,6757800.0
20260518,301092,争光股份,40.78,41.41,42.0,40.1,2717800.0
20260518,301093,华兰股份,102.5,111.56,114.28,102.5,5712300.0
20260518,301095,广立微,111.5,109.85,116.0,109.35,12325600.0
20260518,301096,百诚医药,64.05,63.28,64.45,62.9,2462100.0
20260518,301097,天益医疗,58.61,59.92,59.92,58.01,543800.0
20260518,301098,金埔园林,10.44,10.6,10.74,10.44,11766100.0
20260518,301099,雅创电子,62.26,63.4,64.43,62.26,5573000.0
20260518,301100,风光股份,18.4,18.6,18.88,18.09,2058200.0
20260518,301101,明月镜片,37.1,36.74,37.19,36.3,4014400.0
20260518,301102,兆讯传媒,10.82,10.89,10.97,10.72,2786900.0
20260518,301103,何氏眼科,18.65,18.64,18.84,18.39,1994600.0
20260518,301105,鸿铭股份,60.11,59.38,60.6,58.66,1049300.0
20260518,301106,骏成科技,36.19,35.22,36.2,34.83,2878700.0
20260518,301107,瑜欣电子,27.61,27.86,28.08,27.35,1513800.0
20260518,301108,洁雅股份,25.28,25.34,25.36,24.85,1559100.0
20260518,301109,军信股份,15.48,15.26,15.58,15.15,6192400.0
20260518,301110,青木科技,71.25,73.25,73.8,70.9,4810300.0
20260518,301111,粤万年青,23.76,23.98,24.25,23.3,4512000.0
20260518,301112,信邦智能,37.64,36.79,37.7,35.5,1993800.0
20260518,301113,雅艺科技,26.77,26.92,27.39,26.5,1319500.0
20260518,301115,联检科技,25.21,24.72,25.56,24.61,3573800.0
20260518,301116,益客食品,10.52,10.42,10.59,10.31,3625400.0
20260518,301118,恒光股份,35.7,34.85,36.75,34.22,16395900.0
20260518,301119,正强股份,42.84,42.26,43.27,41.72,1403000.0
20260518,301120,新特电气,20.29,20.75,21.09,20.13,10334400.0
20260518,301121,紫建电子,39.81,39.76,40.55,39.0,2016600.0
20260518,301122,采纳股份,30.81,29.19,31.4,28.89,5895500.0
20260518,301123,奕东电子,71.52,78.32,79.87,70.8,16742400.0
20260518,301125,腾亚精工,24.75,24.31,25.09,23.85,3479300.0
20260518,301126,达嘉维康,11.71,11.8,11.87,11.61,2884900.0
20260518,301127,武汉天源,13.48,13.37,13.62,13.23,7958300.0
20260518,301128,强瑞技术,204.95,190.45,205.0,183.01,9780900.0
20260518,301129,瑞纳智能,27.65,27.88,28.2,27.3,4385000.0
20260518,301130,西点药业,31.56,31.56,31.79,31.18,1246200.0
20260518,301131,聚赛龙,43.0,43.15,43.3,42.15,1554500.0
20260518,301132,满坤科技,36.0,36.57,37.0,35.33,4647700.0
20260518,301133,金钟股份,46.92,44.95,47.02,44.68,3774400.0
20260518,301135,瑞德智能,26.88,27.35,27.39,26.5,1642300.0
20260518,301136,招标股份,15.5,15.49,15.67,15.28,4024300.0
20260518,301137,哈焊华通,49.1,48.0,49.23,47.6,10045200.0
20260518,301138,华研精机,32.52,32.71,32.8,32.09,958500.0
20260518,301141,中科磁业,55.6,55.58,56.36,54.36,2348400.0
20260518,301148,嘉戎技术,72.1,71.51,73.0,69.5,1557800.0
20260518,301149,隆华新材,14.3,13.72,14.84,13.56,21172000.0
20260518,301150,中一科技,73.31,71.55,75.1,70.59,10960300.0
20260518,301151,冠龙节能,17.21,17.34,17.38,17.03,1735600.0
20260518,301152,天力锂能,32.04,32.31,32.54,31.62,3774400.0
20260518,301153,中科江南,20.25,20.62,20.83,20.25,4087800.0
20260518,301155,海力风电,66.6,70.68,71.88,65.5,10075900.0
20260518,301156,美农生物,20.5,20.87,20.88,20.19,2756300.0
20260518,301157,华塑科技,81.29,79.08,82.5,78.46,3205300.0
20260518,301158,德石股份,27.08,26.63,27.17,26.48,5194800.0
20260518,301159,三维天地,39.9,40.48,40.87,39.56,1644200.0
20260518,301160,翔楼新材,60.03,61.03,62.51,60.03,2381700.0
20260518,301161,唯万密封,35.12,34.02,35.18,33.41,5052500.0
20260518,301162,国能日新,66.58,67.55,68.82,65.58,2280600.0
20260518,301163,宏德股份,30.91,30.88,30.99,30.28,1604600.0
20260518,301165,锐捷网络,94.91,95.2,97.5,94.43,9013400.0
20260518,301166,优宁维,31.05,31.04,31.2,30.72,1294800.0
20260518,301167,建研设计,17.27,17.54,17.6,17.03,2626100.0
20260518,301168,通灵股份,44.07,44.73,45.99,43.5,2383600.0
20260518,301169,零点有数,90.83,95.39,96.07,89.0,3147800.0
20260518,301170,锡南科技,29.3,29.24,29.32,28.83,933000.0
20260518,301171,易点天下,42.88,45.94,47.1,42.87,97950200.0
20260518,301172,君逸数码,35.1,35.09,35.58,34.38,4741100.0
20260518,301173,毓恬冠佳,41.18,39.75,41.59,38.91,1480700.0
20260518,301175,中科环保,6.0,6.02,6.05,5.93,18969700.0
20260518,301176,逸豪新材,36.81,37.1,38.0,36.11,6134800.0
20260518,301177,迪阿股份,31.01,30.91,31.2,30.61,1489800.0
20260518,301178,天亿马,57.57,58.2,59.14,57.0,1378100.0
20260518,301179,泽宇智能,24.92,24.99,25.43,24.7,7923900.0
20260518,301180,万祥科技,17.69,17.52,17.93,17.4,3349000.0
20260518,301181,标榜股份,47.08,47.82,49.86,46.6,2252700.0
20260518,301182,凯旺科技,77.9,76.58,78.8,74.42,4607900.0
20260518,301183,东田微,264.75,251.3,267.6,249.63,8154000.0
20260518,301185,鸥玛软件,17.56,17.79,17.85,17.42,2007500.0
20260518,301186,超达装备,77.01,77.4,77.5,75.5,1639700.0
20260518,301187,欧圣电气,21.28,22.12,22.15,20.68,5877400.0
20260518,301188,力诺药包,35.36,39.44,41.8,35.36,36790000.0
20260518,301189,奥尼电子,96.36,98.55,99.19,90.65,6919800.0
20260518,301190,善水科技,24.43,23.71,24.94,23.26,4296600.0
20260518,301191,菲菱科思,151.17,155.64,160.62,150.85,3572200.0
20260518,301192,泰祥股份,27.37,27.15,27.78,26.33,2346100.0
20260518,301193,家联科技,24.33,24.96,26.12,24.25,11985100.0
20260518,301195,北路智控,31.34,31.39,31.44,30.77,790000.0
20260518,301196,唯科科技,154.0,153.89,156.13,147.96,6687500.0
20260518,301197,工大科雅,37.3,36.68,38.0,36.02,7575400.0
20260518,301198,喜悦智行,17.83,18.06,18.24,17.55,5467300.0
20260518,301199,迈赫股份,23.69,23.48,24.08,23.06,3757200.0
20260518,301200,大族数控,219.21,216.55,221.49,212.06,4711500.0
20260518,301201,诚达药业,39.16,38.71,39.26,38.25,4766600.0
20260518,301202,朗威股份,42.67,43.03,43.69,42.52,1684900.0
20260518,301203,国泰环保,49.95,49.56,50.18,49.01,1373700.0
20260518,301205,联特科技,276.0,286.88,302.0,274.0,11553400.0
20260518,301206,三元生物,26.91,26.86,27.2,26.63,1334200.0
20260518,301207,华兰疫苗,20.0,20.07,20.6,19.82,10056900.0
20260518,301208,中亦科技,33.1,33.78,33.83,33.1,1255800.0
20260518,301209,联合化学,88.98,89.5,91.78,87.18,938900.0
20260518,301210,金杨精密,42.29,44.04,44.48,42.29,5123300.0
20260518,301211,亨迪药业,11.04,10.96,11.11,10.89,3190200.0
20260518,301212,联盛化学,34.5,34.61,35.25,34.13,2355400.0
20260518,301213,观想科技,71.59,73.85,74.43,71.56,1433400.0
20260518,301215,中汽股份,6.26,6.14,6.27,6.05,12811400.0
20260518,301216,万凯新材,28.9,29.39,30.26,28.7,12518200.0
20260518,301217,铜冠铜箔,83.14,87.11,88.78,80.5,33332700.0
20260518,301218,华是科技,33.54,33.16,34.38,32.5,2904800.0
20260518,301219,腾远钴业,85.0,84.27,85.48,83.5,8832200.0
20260518,301220,亚香股份,40.96,41.39,41.96,40.71,2053000.0
20260518,301221,光庭信息,51.39,51.71,52.27,50.92,1988800.0
20260518,301222,浙江恒威,48.76,43.0,49.0,42.58,7161100.0
20260518,301223,中荣股份,18.74,18.49,18.9,18.43,1661000.0
20260518,301225,恒勃股份,121.53,124.36,127.5,118.22,3996900.0
20260518,301226,祥明智能,41.6,41.13,42.2,40.84,4337300.0
20260518,301227,森鹰窗业,33.75,33.45,34.46,32.95,1887200.0
20260518,301228,实朴检测,61.49,62.99,63.28,60.8,2555800.0
20260518,301229,纽泰格,17.25,17.15,17.25,16.9,2353400.0
20260518,301230,泓博医药,39.15,38.85,39.55,38.5,4330300.0
20260518,301231,荣信文化,30.0,30.57,31.08,29.48,4313700.0
20260518,301232,飞沃科技,216.56,205.51,228.66,203.36,8242500.0
20260518,301233,盛帮股份,61.0,61.9,62.45,59.39,1617900.0
20260518,301234,五洲医疗,39.84,40.07,40.77,39.22,1621200.0
20260518,301235,华康洁净,64.86,73.7,77.0,64.0,10821500.0
20260518,301236,软通动力,38.99,40.16,41.17,38.99,22017000.0
20260518,301237,和顺科技,70.28,70.66,73.0,69.9,1429100.0
20260518,301238,瑞泰新材,21.13,20.96,21.23,20.59,8491400.0
20260518,301239,普瑞眼科,43.4,41.2,43.79,40.92,4405800.0
20260518,301246,宏源药业,33.33,32.13,33.53,31.9,18900500.0
20260518,301248,杰创智能,86.05,88.71,90.21,85.99,7536400.0
20260518,301251,威尔高,68.3,68.4,69.69,66.18,3617900.0
20260518,301252,同星科技,40.01,40.44,41.47,39.2,3780300.0
20260518,301255,通力科技,31.06,30.94,31.59,30.52,3889600.0
20260518,301256,华融化学,14.44,14.07,14.5,13.72,14677700.0
20260518,301257,普蕊斯,48.36,47.82,48.64,47.15,1971000.0
20260518,301258,富士莱,30.44,30.19,30.6,29.92,749000.0
20260518,301259,艾布鲁,42.16,42.83,44.39,42.16,4813100.0
20260518,301260,格力博,17.13,17.05,17.14,16.89,3639600.0
20260518,301261,恒工精密,96.5,97.19,99.0,95.77,5152600.0
20260518,301262,海看股份,23.18,23.25,23.46,23.05,3226100.0
20260518,301263,泰恩康,26.93,26.28,27.12,25.98,4539600.0
20260518,301265,华新科技,25.8,26.06,27.27,25.4,6834500.0
20260518,301267,华厦眼科,17.33,16.9,17.34,16.73,4169500.0
20260518,301268,铭利达,22.7,22.64,22.83,22.39,3042000.0
20260518,301269,华大九天,94.92,94.54,96.9,93.66,7864200.0
20260518,301270,汉仪股份,31.91,32.13,32.46,31.51,2186500.0
20260518,301272,英华特,45.86,46.14,46.79,45.8,1371600.0
20260518,301273,瑞晨环保,43.18,45.9,47.17,43.04,2733100.0
20260518,301275,汉朔科技,43.88,46.32,46.48,43.88,9788900.0
20260518,301276,嘉曼服饰,27.01,25.74,27.19,25.31,2823500.0
20260518,301277,新天地,10.72,10.73,10.82,10.53,1926300.0
20260518,301278,快可电子,39.8,40.0,40.28,39.48,1840500.0
20260518,301279,金道科技,26.81,27.6,27.91,26.81,3671600.0
20260518,301280,珠城科技,48.5,49.66,50.11,47.62,2775800.0
20260518,301281,科源制药,39.01,38.23,39.01,37.92,2638200.0
20260518,301282,金禄电子,27.48,27.45,27.75,27.0,8264600.0
20260518,301283,聚胶股份,49.2,49.23,49.7,47.75,1903000.0
20260518,301285,鸿日达,118.31,121.42,124.78,116.21,3897100.0
20260518,301286,侨源股份,63.77,62.68,64.89,61.9,3865000.0
20260518,301287,康力源,43.95,43.22,43.95,42.43,842700.0
20260518,301288,清研环境,19.72,20.15,20.25,19.3,3298100.0
20260518,301289,国缆检测,55.42,55.65,56.14,55.14,453500.0
20260518,301290,东星医疗,33.24,32.77,33.52,32.44,3029000.0
20260518,301291,明阳电气,51.05,51.06,52.21,50.51,6224000.0
20260518,301292,海科新源,79.9,79.49,81.32,76.6,9948600.0
20260518,301293,三博脑科,66.86,66.01,67.65,65.53,5693900.0
20260518,301295,美硕科技,50.64,50.34,51.2,49.52,1931400.0
20260518,301296,新巨丰,7.43,7.44,7.45,7.32,2349700.0
20260518,301297,富乐德,51.52,51.28,53.22,50.3,33994800.0
20260518,301298,东利机械,15.89,16.39,16.55,15.81,3557000.0
20260518,301299,卓创资讯,58.63,57.75,58.99,57.4,1285500.0
20260518,301300,远翔新材,40.45,39.66,40.45,39.1,1254100.0
20260518,301301,川宁生物,9.8,9.68,9.81,9.6,7407300.0
20260518,301302,华如科技,26.1,28.6,28.85,26.0,18371600.0
20260518,301303,真兰仪表,14.23,14.19,14.32,14.11,3004100.0
20260518,301305,朗坤科技,25.4,25.5,25.7,25.21,3230500.0
20260518,301306,西测测试,154.23,150.5,156.83,149.0,4152500.0
20260518,301307,美利信,58.12,57.77,60.0,56.83,7481800.0
20260518,301308,江波龙,586.0,592.22,617.0,580.0,23161700.0
20260518,301309,万得凯,37.34,36.39,37.34,35.34,2961200.0
20260518,301310,鑫宏业,43.3,43.44,44.09,41.66,4963100.0
20260518,301311,昆船智能,16.61,16.55,16.66,16.35,2184700.0
20260518,301312,智立方,116.98,118.6,122.98,115.83,3914600.0
20260518,301313,凡拓数创,40.89,46.02,46.02,40.1,14672000.0
20260518,301314,科瑞思,52.25,52.62,52.68,51.1,809400.0
20260518,301315,威士顿,50.55,51.39,51.64,50.51,1208600.0
20260518,301316,慧博云通,58.5,58.06,59.07,55.5,17554000.0
20260518,301317,鑫磊股份,75.6,81.82,85.44,75.6,8196000.0
20260518,301318,维海德,24.9,25.08,25.22,24.66,1115500.0
20260518,301319,唯特偶,103.92,116.64,119.0,99.62,12801100.0
20260518,301320,豪江智能,16.72,16.99,17.0,16.65,2698100.0
20260518,301321,翰博高新,29.4,30.82,31.0,29.17,8087800.0
20260518,301322,绿通科技,41.5,44.81,44.95,41.07,4785300.0
20260518,301323,新莱福,74.07,79.6,80.88,74.06,2793600.0
20260518,301325,曼恩斯特,43.4,42.9,43.88,42.51,1997900.0
20260518,301326,捷邦科技,175.0,173.43,176.5,168.0,3755500.0
20260518,301327,华宝新能,60.68,61.47,62.0,59.91,2101200.0
20260518,301328,维峰电子,79.35,78.85,80.5,75.63,3802500.0
20260518,301329,信音电子,26.09,26.16,26.36,25.84,3193700.0
20260518,301330,熵基科技,29.85,30.28,30.48,29.44,2969600.0
20260518,301331,恩威医药,26.45,26.41,26.52,25.94,932300.0
20260518,301332,德尔玛,9.21,9.22,9.26,9.08,2846900.0
20260518,301333,诺思格,57.5,56.86,57.72,56.3,995500.0
20260518,301335,天元宠物,23.92,23.83,23.97,23.51,1220600.0
20260518,301336,趣睡科技,55.89,57.53,58.0,55.0,2096500.0
20260518,301337,亚华电子,27.79,28.23,28.3,27.32,1704500.0
20260518,301338,凯格精机,197.07,192.5,203.77,188.32,4179600.0
20260518,301339,通行宝,12.56,12.66,12.7,12.5,3972200.0
20260518,301345,涛涛车业,239.78,231.88,244.92,230.9,1475500.0
20260518,301348,蓝箭电子,26.9,27.72,28.79,26.8,19970800.0
20260518,301349,信德新材,46.61,47.8,49.86,45.23,8246800.0
20260518,301353,普莱得,29.67,29.71,29.85,29.33,980600.0
20260518,301355,南王科技,12.53,12.7,12.88,12.37,3729400.0
20260518,301356,天振股份,24.51,24.9,25.3,24.37,3857200.0
20260518,301357,北方长龙,102.97,103.41,105.5,102.01,1724100.0
20260518,301358,湖南裕能,93.28,93.18,95.49,91.0,27273500.0
20260518,301359,东南电子,23.51,23.69,23.69,22.9,1952100.0
20260518,301360,荣旗科技,90.01,89.59,90.8,88.81,1095100.0
20260518,301361,众智科技,39.71,43.4,43.43,39.04,7448700.0
20260518,301362,民爆光电,180.89,195.14,199.8,175.21,3458300.0
20260518,301363,美好医疗,31.64,29.74,31.96,29.45,22756200.0
20260518,301365,矩阵股份,37.11,35.78,37.57,35.28,5354100.0
20260518,301366,一博科技,40.59,40.01,40.95,39.7,3634700.0
20260518,301367,瑞迈特,65.55,64.3,65.56,63.71,947000.0
20260518,301368,丰立智能,54.05,55.16,55.55,53.89,4490400.0
20260518,301369,联动科技,238.0,243.63,248.45,233.51,2130000.0
20260518,301370,国科恒泰,10.02,9.8,10.05,9.63,7085300.0
20260518,301371,敷尔佳,31.92,32.57,32.63,31.68,4202800.0
20260518,301372,科净源,38.43,39.27,40.13,37.85,3921400.0
20260518,301373,凌玮科技,122.57,121.0,123.95,118.68,4999300.0
20260518,301376,致欧科技,18.11,17.57,18.33,17.41,5396600.0
20260518,301377,鼎泰高科,240.0,253.68,258.0,225.0,7198700.0
20260518,301378,通达海,35.35,35.08,35.75,34.76,2547800.0
20260518,301379,天山电子,29.5,31.38,31.59,29.37,17239000.0
20260518,301380,挖金客,35.26,35.92,36.15,35.11,1642600.0
20260518,301381,赛维时代,21.47,20.76,21.5,20.61,7190900.0
20260518,301382,蜂助手,49.03,49.12,50.38,48.29,9390000.0
20260518,301383,天键股份,31.63,33.64,34.4,31.05,6767800.0
20260518,301386,未来电器,25.79,25.85,25.86,25.27,1371200.0
20260518,301387,光大同创,93.91,92.1,97.89,87.44,5296200.0
20260518,301388,欣灵电气,32.5,32.96,33.11,32.01,1508800.0
20260518,301389,隆扬电子,71.69,73.82,76.0,70.3,10222400.0
20260518,301390,经纬股份,37.2,38.11,38.12,37.2,879500.0
20260518,301391,卡莱特,77.93,77.31,80.8,76.5,2601700.0
20260518,301392,汇成真空,186.08,185.39,192.99,182.8,4172300.0
20260518,301393,昊帆生物,58.39,62.39,62.55,57.28,4005200.0
20260518,301395,仁信新材,14.69,14.31,14.69,14.05,4542700.0
20260518,301396,宏景科技,319.38,309.96,322.99,307.01,6681100.0
20260518,301397,溯联股份,40.85,40.5,41.08,39.6,5002600.0
20260518,301398,星源卓镁,45.6,44.67,46.36,44.32,1399400.0
20260518,301399,英特科技,21.32,21.46,21.59,21.02,2223600.0
20260518,301408,华人健康,18.33,18.74,18.75,18.2,13274000.0
20260518,301413,安培龙,131.79,131.89,135.97,129.6,7831800.0
20260518,301418,协昌科技,43.04,43.7,44.17,42.62,1337500.0
20260518,301419,阿莱德,42.55,42.43,42.92,41.77,3387200.0
20260518,301421,波长光电,104.22,104.7,106.4,102.2,4451200.0
20260518,301428,世纪恒通,34.88,35.63,35.78,34.88,3441000.0
20260518,301429,森泰股份,22.54,22.77,22.87,22.12,1470600.0
20260518,301439,泓淋电力,16.92,17.15,17.25,16.9,4162300.0
20260518,301446,福事特,43.1,42.38,44.19,42.05,1565300.0
20260518,301448,开创电气,37.56,38.75,39.4,36.82,1290400.0
20260518,301449,天溯计量,69.8,70.83,70.83,68.61,714700.0
20260518,301456,盘古智能,31.18,32.02,32.82,30.88,3358400.0
20260518,301458,钧崴电子,42.1,41.78,42.58,41.51,5406600.0
20260518,301459,丰茂股份,38.14,37.7,38.14,37.52,929700.0
20260518,301468,博盈特焊,58.01,57.27,59.56,56.6,4593300.0
20260518,301469,恒达新材,36.73,37.4,37.45,36.01,1833200.0
20260518,301479,弘景光电,118.11,116.16,120.17,115.0,2390900.0
20260518,301486,致尚科技,257.33,272.06,293.98,248.88,13207700.0
20260518,301487,盟固利,25.22,25.24,25.77,24.98,13056900.0
20260518,301488,豪恩汽电,149.45,152.33,152.57,145.68,4385100.0
20260518,301489,思泉新材,236.16,261.0,271.0,232.0,5594700.0
20260518,301491,汉桑科技,51.05,50.95,51.38,50.31,734200.0
20260518,301498,乖宝宠物,47.0,45.82,47.06,44.96,6341800.0
20260518,301499,维科精密,37.91,37.6,38.31,37.21,2344100.0
20260518,301500,飞南资源,28.91,28.05,28.94,27.75,13638400.0
20260518,301501,恒鑫生活,31.92,32.25,32.45,31.57,917200.0
20260518,301502,华阳智能,75.51,81.0,82.5,75.44,3779200.0
20260518,301503,智迪科技,35.48,36.12,36.15,35.06,757600.0
20260518,301505,苏州规划,21.94,22.03,22.15,21.7,2204100.0
20260518,301507,民生健康,14.42,14.19,14.49,14.05,3190000.0
20260518,301508,中机认检,28.54,28.56,29.2,28.24,1878300.0
20260518,301509,金凯生科,33.27,32.95,33.48,32.67,1627700.0
20260518,301510,固高科技,40.5,41.38,42.08,39.93,16311700.0
20260518,301511,德福科技,92.4,96.81,99.89,90.08,35208600.0
20260518,301512,智信精密,53.79,52.89,53.89,52.5,1527600.0
20260518,301513,尚水智能,81.11,89.01,90.06,81.11,6335500.0
20260518,301515,港通医疗,24.58,24.52,24.61,23.74,2345600.0
20260518,301516,中远通,21.53,21.52,22.28,20.88,10736800.0
20260518,301517,陕西华达,67.27,66.15,68.5,65.66,5062100.0
20260518,301518,长华化学,35.74,34.78,35.74,34.5,1634300.0
20260518,301519,舜禹股份,15.15,15.54,15.73,15.13,2947700.0
20260518,301520,万邦医药,41.04,41.52,41.6,40.84,499900.0
20260518,301522,上大股份,31.55,32.45,33.07,31.5,6098300.0
20260518,301525,儒竞科技,75.5,74.95,75.98,74.5,1249600.0
20260518,301526,国际复材,18.39,18.7,19.44,17.9,152050100.0
20260518,301528,多浦乐,72.72,70.31,72.9,70.01,1260900.0
20260518,301529,福赛科技,160.06,168.9,174.08,159.03,4212000.0
20260518,301531,春光集团,86.0,111.0,111.0,83.5,25455900.0
20260518,301533,威马农机,31.42,31.89,32.05,31.34,1058300.0
20260518,301535,浙江华远,18.52,18.55,18.74,18.36,2194400.0
20260518,301536,星宸科技,89.25,90.87,91.44,89.01,7270900.0
20260518,301538,骏鼎达,113.56,112.35,115.73,108.5,4583400.0
20260518,301539,宏鑫科技,17.68,18.31,18.58,17.68,3292300.0
20260518,301548,崇德科技,88.31,89.11,90.8,87.26,1681100.0
20260518,301550,斯菱智驱,182.0,190.58,194.99,180.03,9501100.0
20260518,301551,无线传媒,27.5,26.61,27.7,26.51,5796000.0
20260518,301552,科力装备,30.88,30.45,30.95,30.21,1387900.0
20260518,301555,惠柏新材,39.87,41.8,42.54,38.0,7103500.0
20260518,301556,托普云农,83.1,79.68,83.87,79.5,2624700.0
20260518,301557,常友科技,112.88,113.77,116.0,112.07,666400.0
20260518,301558,三态股份,8.06,8.0,8.07,7.88,8098600.0
20260518,301559,中集环科,16.19,16.03,16.26,15.92,1954100.0
20260518,301560,众捷汽车,46.0,41.42,46.0,41.3,7550800.0
20260518,301563,云汉芯城,169.38,171.89,175.58,166.99,2119800.0
20260518,301565,中仑新材,21.9,22.36,22.53,21.77,3894700.0
20260518,301566,达利凯普,26.33,27.49,28.0,26.29,15946600.0
20260518,301567,贝隆精密,46.0,46.85,47.47,45.31,1740700.0
20260518,301568,思泰克,58.01,59.08,59.4,57.58,3028200.0
20260518,301571,国科天成,63.88,65.33,66.08,63.29,3025800.0
20260518,301575,艾芬达,48.42,47.7,48.42,47.04,749700.0
20260518,301577,美信科技,74.75,74.88,76.28,72.93,1368000.0
20260518,301578,辰奕智能,35.43,35.73,35.74,35.16,774400.0
20260518,301580,爱迪特,62.66,62.94,63.63,61.87,6038500.0
20260518,301581,黄山谷捷,50.0,49.53,50.0,49.0,693500.0
20260518,301584,建发致新,25.6,25.38,25.61,25.08,2155400.0
20260518,301585,蓝宇股份,28.9,28.77,28.9,28.22,995100.0
20260518,301586,佳力奇,43.33,43.09,43.81,42.8,801500.0
20260518,301587,中瑞股份,28.48,28.17,28.71,27.88,5486400.0
20260518,301588,美新科技,34.67,34.43,36.18,34.0,8002700.0
20260518,301589,诺瓦星云,175.25,178.44,186.99,175.13,2117700.0
20260518,301590,优优绿能,215.79,200.0,218.8,198.66,1449400.0
20260518,301591,肯特股份,46.57,45.95,46.87,45.0,3377200.0
20260518,301592,六九一二,130.04,126.5,130.9,125.0,1664300.0
20260518,301595,太力科技,46.0,46.1,46.59,45.65,1364200.0
20260518,301596,瑞迪智驱,80.82,82.92,84.84,79.1,4379000.0
20260518,301598,博科测试,67.66,66.88,68.18,66.3,773800.0
20260518,301599,理奇智能,57.12,70.56,70.56,57.12,23918700.0
20260518,301600,慧翰股份,117.74,116.25,118.58,115.39,1017800.0
20260518,301601,惠通科技,21.23,21.2,21.29,20.76,1592900.0
20260518,301602,超研股份,17.9,17.7,18.01,17.58,1687100.0
20260518,301603,乔锋智能,135.0,135.05,139.8,133.0,3547000.0
20260518,301606,绿联科技,80.23,80.77,82.85,79.36,4588600.0
20260518,301607,富特科技,50.99,53.38,53.65,50.25,6822000.0
20260518,301608,博实结,98.99,99.85,101.76,98.5,1371800.0
20260518,301609,山大电力,49.29,50.8,50.93,48.7,3640600.0
20260518,301611,珂玛科技,125.19,124.3,130.0,122.56,18693700.0
20260518,301613,新铝时代,45.8,44.96,45.88,44.63,1486900.0
20260518,301616,浙江华业,44.17,44.55,44.68,43.68,585400.0
20260518,301617,博苑新材,66.0,65.65,66.67,64.56,2852500.0
20260518,301618,长联科技,52.02,52.09,52.48,51.38,761600.0
20260518,301622,英思特,57.99,57.6,58.11,56.7,1370100.0
20260518,301626,苏州天脉,276.22,270.28,279.0,267.7,2145100.0
20260518,301628,强达电路,109.86,113.18,114.65,109.5,2227900.0
20260518,301629,矽电股份,412.08,407.2,423.65,399.0,1943600.0
20260518,301630,同宇新材,251.0,256.11,262.8,250.7,1212400.0
20260518,301631,壹连科技,135.6,134.1,138.99,130.69,2792400.0
20260518,301632,广东建科,20.2,20.05,20.25,19.76,2036100.0
20260518,301633,港迪技术,61.0,60.7,61.0,58.85,733700.0
20260518,301636,泽润新能,61.01,60.5,61.28,59.6,1784500.0
20260518,301638,南网数字,28.3,29.72,29.93,28.18,31459600.0
20260518,301656,联合动力,19.4,19.72,19.88,19.24,8176200.0
20260518,301658,首航新能,40.03,40.7,41.82,40.03,9518700.0
20260518,301662,宏工科技,172.01,172.35,179.2,169.5,1554300.0
20260518,301665,泰禾股份,26.01,25.85,26.1,25.57,2274400.0
20260518,301666,大普微-UW,695.0,816.0,816.0,694.0,5999200.0
20260518,301667,纳百川,101.66,105.75,105.8,101.0,3651400.0
20260518,301668,昊创瑞通,43.43,43.81,44.15,43.03,872500.0
20260518,301678,新恒汇,60.99,60.67,61.99,60.0,1804200.0
20260518,301680,固德电材,115.5,119.65,120.2,114.81,2591500.0
20260518,301682,宏明电子,138.4,152.5,157.47,138.4,5972000.0
20260518,301683,慧谷新材,133.99,148.35,148.84,133.5,3703200.0
20260518,301687,新广益,60.51,61.8,61.8,59.48,2868100.0
20260518,301696,三瑞智能,145.0,157.08,166.66,144.02,16746800.0
20260518,302132,中航成飞,67.8,67.21,68.3,67.0,7293000.0
20260518,600000,浦发银行,9.04,9.08,9.13,9.01,122357100.0
20260518,600004,白云机场,8.33,8.3,8.36,8.27,8409800.0
20260518,600006,东风股份,6.84,6.58,6.84,6.54,28477700.0
20260518,600007,中国国贸,21.05,21.68,21.79,20.23,5128700.0
20260518,600008,首创环保,3.08,3.08,3.09,3.05,76465200.0
20260518,600009,上海机场,26.03,25.57,26.03,25.45,12355200.0
20260518,600010,包钢股份,2.63,2.59,2.64,2.58,537828200.0
20260518,600011,华能国际,7.47,7.5,7.57,7.39,139774900.0
20260518,600012,皖通高速,15.7,15.64,15.85,15.53,3724500.0
20260518,600015,华夏银行,6.59,6.6,6.66,6.58,67616300.0
20260518,600016,民生银行,3.61,3.57,3.61,3.54,243343700.0
20260518,600017,日照港,2.83,2.82,2.84,2.8,29493000.0
20260518,600018,上港集团,5.09,5.06,5.1,5.03,50809400.0
20260518,600019,宝钢股份,6.22,6.09,6.22,6.04,135784500.0
20260518,600020,中原高速,3.91,3.92,3.93,3.86,10416400.0
20260518,600021,上海电力,16.78,16.77,16.94,16.61,41858400.0
20260518,600022,山东钢铁,1.38,1.39,1.39,1.36,80897000.0
20260518,600023,浙能电力,6.08,6.15,6.2,6.04,102933500.0
20260518,600025,华能水电,9.46,9.53,9.58,9.45,28796800.0
20260518,600026,中远海能,21.41,21.48,21.7,20.82,52419600.0
20260518,600027,华电国际,5.3,5.38,5.39,5.27,135877700.0
20260518,600028,中国石化,5.13,5.14,5.15,5.09,194092900.0
20260518,600029,南方航空,5.33,5.23,5.33,5.19,134957900.0
20260518,600030,中信证券,26.21,26.16,26.43,25.98,101863500.0
20260518,600031,三一重工,20.4,19.39,20.4,19.21,115802900.0
20260518,600032,浙江新能,10.0,11.21,11.21,9.98,115400700.0
20260518,600033,福建高速,3.54,3.54,3.55,3.52,16711200.0
20260518,600035,楚天高速,3.81,3.84,3.84,3.79,6428800.0
20260518,600036,招商银行,37.65,37.47,37.66,37.35,70768400.0
20260518,600037,歌华有线,7.83,7.9,7.96,7.79,25397700.0
20260518,600038,中直股份,30.05,29.85,30.27,29.76,6083500.0
20260518,600039,四川路桥,7.93,7.96,8.04,7.75,34931600.0
20260518,600048,保利发展,6.19,6.05,6.2,6.0,136196700.0
20260518,600050,中国联通,4.77,4.92,5.0,4.76,672445000.0
20260518,600051,宁波联合,7.48,7.48,7.49,7.31,6202700.0
20260518,600052,东望时代,4.34,4.46,4.46,4.27,28403300.0
20260518,600054,黄山旅游,11.34,11.1,11.35,11.09,7840700.0
20260518,600055,万东医疗,13.3,13.24,13.3,12.95,6103900.0
20260518,600056,中国医药,10.07,9.93,10.08,9.86,19117200.0
20260518,600057,厦门象屿,6.63,6.44,6.64,6.39,27490600.0
20260518,600058,五矿发展,10.76,11.1,11.23,10.55,17896700.0
20260518,600059,古越龙山,8.49,8.43,8.52,8.42,6593900.0
20260518,600060,海信视像,25.8,24.6,26.0,24.46,16337100.0
20260518,600061,国投资本,6.48,6.43,6.53,6.37,43160200.0
20260518,600062,华润双鹤,17.5,17.27,17.56,17.23,6097500.0
20260518,600063,皖维高新,6.51,6.23,6.52,6.18,53796800.0
20260518,600064,南京高科,7.77,7.64,7.82,7.57,22293600.0
20260518,600066,宇通客车,32.51,31.71,32.54,31.41,16359100.0
20260518,600067,冠城新材,3.3,3.31,3.32,3.23,22319900.0
20260518,600071,凤凰光学,19.05,19.18,19.33,18.97,3072900.0
20260518,600072,中船科技,13.1,12.86,13.26,12.8,23617600.0
20260518,600073,光明肉业,5.6,5.52,5.6,5.51,6283400.0
20260518,600075,新疆天业,6.35,6.06,6.36,6.0,22792800.0
20260518,600076,康欣新材,4.23,4.14,4.4,4.06,106272700.0
20260518,600078,澄星股份,15.75,16.22,16.88,15.75,63536400.0
20260518,600081,东风科技,12.98,12.4,12.98,12.36,20871200.0
20260518,600085,同仁堂,27.18,26.3,27.2,26.1,14810400.0
20260518,600088,中视传媒,18.65,17.2,19.5,16.79,40456000.0
20260518,600089,特变电工,26.63,26.76,27.08,26.5,125220100.0
20260518,600094,大名城,4.62,4.71,4.85,4.59,29131400.0
20260518,600095,湘财股份,8.75,8.88,8.99,8.7,25006100.0
20260518,600096,云天化,32.49,31.61,32.99,31.47,40451900.0
20260518,600097,开创国际,9.97,10.02,10.07,9.79,3619400.0
20260518,600098,广州发展,7.22,7.46,7.49,7.18,42368400.0
20260518,600099,林海股份,10.9,11.16,11.17,10.85,4608000.0
20260518,600100,同方股份,8.48,8.53,8.67,8.36,39057800.0
20260518,600101,明星电力,9.91,10.06,10.1,9.85,18558500.0
20260518,600103,青山纸业,4.61,4.55,4.65,4.47,110308400.0
20260518,600104,上汽集团,12.92,12.65,12.92,12.61,49356600.0
20260518,600105,永鼎股份,50.47,51.55,52.54,50.47,112515800.0
20260518,600106,重庆路桥,5.91,5.87,5.96,5.82,16225500.0
20260518,600108,亚盛集团,3.96,3.94,4.01,3.9,54953500.0
20260518,600109,国金证券,8.85,8.81,8.92,8.73,22658500.0
20260518,600110,诺德股份,10.01,10.0,10.12,9.8,102920200.0
20260518,600111,北方稀土,52.6,51.7,52.88,51.24,122735000.0
20260518,600113,浙江东日,42.88,42.43,43.95,42.01,4998600.0
20260518,600114,东睦股份,32.9,32.11,33.25,32.01,22440300.0
20260518,600115,中国东航,4.06,4.06,4.07,3.99,217811000.0
20260518,600116,三峡水利,6.67,6.77,6.79,6.63,23280700.0
20260518,600117,西宁特钢,2.42,2.41,2.42,2.37,20299900.0
20260518,600118,中国卫星,95.0,96.92,99.55,95.0,46756700.0
20260518,600120,浙江东方,5.08,5.13,5.17,5.06,37464400.0
20260518,600121,郑州煤电,4.13,4.28,4.29,4.1,60596900.0
20260518,600123,兰花科创,6.7,6.78,6.89,6.64,34435500.0
20260518,600125,铁龙物流,5.89,5.9,5.91,5.8,12576900.0
20260518,600126,杭钢股份,8.87,8.81,9.04,8.74,109443500.0
20260518,600127,金健米业,6.52,6.51,6.52,6.4,13943500.0
20260518,600128,苏豪弘业,9.95,9.94,10.0,9.79,5655300.0
20260518,600129,太极集团,14.88,14.57,14.88,14.48,6645100.0
20260518,600130,波导股份,6.1,6.64,6.86,6.03,213636500.0
20260518,600131,国网信通,17.5,17.96,18.28,17.5,14103500.0
20260518,600132,重庆啤酒,52.77,52.72,53.25,51.91,4291000.0
20260518,600133,东湖高新,9.3,9.92,10.18,9.3,82153000.0
20260518,600135,乐凯胶片,11.33,11.16,11.47,11.09,14710300.0
20260518,600137,浪莎股份,22.99,23.08,23.09,22.3,2715000.0
20260518,600138,中青旅,8.53,8.39,8.53,8.36,7459200.0
20260518,600141,兴发集团,32.07,32.2,33.15,31.87,26607800.0
20260518,600143,金发科技,17.55,17.43,17.72,17.24,58537800.0
20260518,600148,长春一东,19.01,18.96,19.16,18.68,2175900.0
20260518,600149,廊坊发展,6.4,6.48,6.6,6.17,31110400.0
20260518,600150,中国船舶,40.2,38.17,40.55,38.01,154814700.0
20260518,600151,航天机电,13.96,14.99,15.48,13.94,100874900.0
20260518,600152,维科技术,13.09,13.09,13.56,12.6,71846500.0
20260518,600153,建发股份,10.09,9.82,10.13,9.62,34988300.0
20260518,600155,华创云信,6.04,5.98,6.12,5.93,29707100.0
20260518,600156,华升股份,12.6,13.49,13.86,12.35,92432500.0
20260518,600157,永泰能源,1.74,1.75,1.77,1.72,634936700.0
20260518,600158,中体产业,14.48,13.12,14.48,13.12,80899600.0
20260518,600159,大龙地产,3.25,3.27,3.28,3.17,19427500.0
20260518,600160,巨化股份,36.6,34.07,36.6,33.77,89273800.0
20260518,600161,天坛生物,13.78,13.52,13.78,13.44,11080600.0
20260518,600162,香江控股,1.81,1.82,1.82,1.77,32037400.0
20260518,600163,中闽能源,6.6,6.8,6.89,6.57,60541900.0
20260518,600165,宁科生物,2.95,2.99,3.03,2.86,7848600.0
20260518,600166,福田汽车,3.36,3.27,3.37,3.24,192919500.0
20260518,600167,联美控股,6.67,6.77,6.8,6.64,8652500.0
20260518,600168,武汉控股,4.93,4.95,4.96,4.89,4182400.0
20260518,600170,上海建工,2.65,2.63,2.66,2.62,97787500.0
20260518,600171,上海贝岭,29.09,29.32,29.83,29.04,14386800.0
20260518,600172,黄河旋风,10.77,11.04,11.98,10.77,214814600.0
20260518,600173,卧龙新能,6.96,7.0,7.05,6.86,7426500.0
20260518,600176,中国巨石,33.8,34.14,34.82,32.88,138005300.0
20260518,600177,雅戈尔,7.6,7.5,7.61,7.4,24687400.0
20260518,600178,东安动力,10.3,10.1,10.3,10.08,3792200.0
20260518,600179,安通控股,4.32,4.36,4.5,4.29,63986300.0
20260518,600182,S佳通,13.9,13.96,14.0,13.67,2040000.0
20260518,600183,生益科技,90.23,98.95,98.95,90.23,75326000.0
20260518,600184,光电股份,27.62,27.3,28.24,26.93,43392700.0
20260518,600185,珠免集团,5.72,5.77,5.81,5.65,24713300.0
20260518,600186,莲花控股,10.36,10.51,10.63,10.06,216112900.0
20260518,600188,兖矿能源,21.41,22.04,22.07,20.81,74946300.0
20260518,600189,泉阳泉,8.71,9.0,9.13,8.7,16700000.0
20260518,600191,华资实业,10.88,10.93,10.99,10.75,5995500.0
20260518,600192,长城电工,8.79,8.68,8.9,8.61,12138000.0
20260518,600195,中牧股份,7.19,7.09,7.2,7.04,8362400.0
20260518,600196,复星医药,24.09,24.06,24.1,23.77,14176300.0
20260518,600197,伊力特,12.25,12.2,12.34,12.11,4516500.0
20260518,600198,大唐电信,9.24,9.29,9.54,9.13,51778800.0
20260518,600199,金种子酒,7.91,7.93,7.96,7.86,9226800.0
20260518,600201,生物股份,15.3,14.25,15.35,14.1,68846900.0
20260518,600202,哈空调,6.33,6.36,6.37,6.18,10326800.0
20260518,600203,福日电子,12.56,12.56,12.63,12.35,16213600.0
20260518,600206,有研新材,30.48,30.62,31.81,30.2,77821200.0
20260518,600207,安彩高科,6.6,6.46,6.72,6.4,46192700.0
20260518,600208,衢州发展,4.4,4.4,4.4,4.4,15801900.0
20260518,600210,紫江企业,6.74,6.7,6.75,6.64,18251400.0
20260518,600211,西藏药业,42.23,41.2,42.24,41.06,3487800.0
20260518,600212,绿能慧充,7.12,7.19,7.22,6.97,15134500.0
20260518,600215,派斯林,7.2,7.04,7.2,6.94,15229700.0
20260518,600216,浙江医药,14.13,13.89,14.14,13.75,17312300.0
20260518,600217,中再资环,3.56,3.53,3.57,3.5,11389600.0
20260518,600218,全柴动力,9.44,9.29,9.44,9.15,7250000.0
20260518,600219,南山铝业,5.15,5.19,5.23,5.04,160885200.0
20260518,600221,海航控股,1.5,1.51,1.52,1.48,347797500.0
20260518,600222,太龙药业,7.8,7.72,7.96,7.68,30640000.0
20260518,600223,福瑞达,6.41,6.33,6.42,6.27,8548500.0
20260518,600226,亨通股份,5.57,5.76,5.82,5.54,86244200.0
20260518,600227,赤天化,3.63,3.62,3.71,3.57,89792900.0
20260518,600228,返利科技,6.66,6.53,6.67,6.44,6091700.0
20260518,600229,城市传媒,6.02,6.02,6.04,5.9,5324700.0
20260518,600230,沧州大化,17.34,16.99,17.55,16.88,10939200.0
20260518,600231,凌钢股份,2.07,2.09,2.09,2.03,13573800.0
20260518,600232,金鹰股份,8.78,8.92,8.94,8.56,8550800.0
20260518,600233,圆通速递,20.15,19.78,20.15,19.56,28111800.0
20260518,600234,科新发展,26.75,26.21,26.78,25.8,5433700.0
20260518,600235,民丰特纸,6.65,6.7,6.71,6.53,8479200.0
20260518,600236,桂冠电力,10.55,10.78,10.86,10.5,26028900.0
20260518,600237,铜峰电子,8.8,8.97,9.02,8.7,15819600.0
20260518,600241,时代万恒,8.96,8.95,8.99,8.74,6352900.0
20260518,600246,万通发展,13.0,12.65,13.0,12.54,135990800.0
20260518,600248,陕建股份,3.35,3.36,3.38,3.33,13458500.0
20260518,600249,两面针,5.73,5.74,5.79,5.65,13000500.0
20260518,600250,南京商旅,9.9,9.88,9.91,9.7,9433300.0
20260518,600251,冠农股份,11.5,11.26,11.56,11.17,10782600.0
20260518,600252,中恒集团,2.25,2.28,2.28,2.19,48254200.0
20260518,600255,鑫科材料,3.5,3.57,3.58,3.4,48114400.0
20260518,600256,广汇能源,6.49,6.55,6.59,6.31,185663000.0
20260518,600257,大湖股份,5.81,5.76,5.86,5.66,16313300.0
20260518,600258,首旅酒店,13.86,13.54,13.86,13.45,15233800.0
20260518,600259,中稀有色,97.01,92.28,98.18,91.59,18850300.0
20260518,600261,阳光照明,3.42,3.36,3.43,3.33,29808500.0
20260518,600262,北方股份,24.8,24.83,24.88,24.24,5941800.0
20260518,600266,城建发展,5.0,5.02,5.03,4.89,38949500.0
20260518,600267,海正药业,11.24,10.93,11.28,10.79,26405600.0
20260518,600268,国电南自,14.93,15.27,15.5,14.91,23612300.0
20260518,600269,赣粤高速,4.38,4.34,4.38,4.32,12995300.0
20260518,600271,航天信息,8.09,8.28,8.31,8.08,22521300.0
20260518,600272,开开实业,12.29,12.35,12.37,12.13,1913800.0
20260518,600273,嘉化能源,8.0,7.82,8.02,7.76,27413900.0
20260518,600276,恒瑞医药,53.78,52.43,53.8,52.19,78660900.0
20260518,600278,东方创业,7.04,7.02,7.04,6.85,7486000.0
20260518,600279,重庆港,4.9,4.86,4.91,4.83,6354800.0
20260518,600280,中央商场,2.99,3.01,3.01,2.94,12806700.0
20260518,600281,华阳新材,5.39,5.47,5.47,5.26,9171200.0
20260518,600282,南钢股份,5.03,4.95,5.03,4.91,33966600.0
20260518,600283,钱江水利,8.89,9.1,9.19,8.88,7381400.0
20260518,600284,浦东建设,7.32,7.53,7.66,7.28,45841000.0
20260518,600285,羚锐制药,22.1,21.77,22.12,21.54,10738300.0
20260518,600287,苏豪时尚,5.56,5.68,5.69,5.51,5475900.0
20260518,600288,大恒科技,14.75,14.64,14.85,14.55,9390200.0
20260518,600292,电投水电,14.91,14.71,14.98,14.53,16948700.0
20260518,600293,三峡新材,3.12,3.25,3.26,3.07,36042200.0
20260518,600295,鄂尔多斯,14.61,14.26,14.61,14.2,8195800.0
20260518,600298,安琪酵母,36.3,35.9,36.48,35.62,7398100.0
20260518,600299,安迪苏,12.2,12.0,12.24,11.88,11476600.0
20260518,600300,维维股份,3.46,3.46,3.46,3.4,26430900.0
20260518,600301,华锡有色,54.97,55.73,56.95,53.09,11095400.0
20260518,600303,曙光股份,3.21,3.22,3.23,3.1,25847700.0
20260518,600305,恒顺醋业,7.29,7.25,7.29,7.2,6346300.0
20260518,600307,酒钢宏兴,1.67,1.67,1.67,1.64,70940300.0
20260518,600308,华泰股份,3.87,3.72,3.87,3.65,33366100.0
20260518,600309,万华化学,81.3,79.9,81.33,79.13,34749200.0
20260518,600310,广西能源,5.02,5.11,5.22,4.99,80047400.0
20260518,600312,平高电气,21.38,21.82,22.25,21.35,28005200.0
20260518,600313,农发种业,6.72,6.7,6.73,6.56,30883700.0
20260518,600315,上海家化,19.03,18.51,19.06,18.42,5618800.0
20260518,600316,洪都航空,32.59,32.9,32.99,32.01,8373700.0
20260518,600318,新力金融,7.43,7.46,7.5,7.37,12274800.0
20260518,600319,亚星化学,8.18,8.21,8.22,7.97,5308600.0
20260518,600320,振华重工,5.08,5.03,5.13,4.98,58256600.0
20260518,600322,津投城开,2.66,2.65,2.66,2.58,23930700.0
20260518,600323,瀚蓝环境,30.52,30.53,31.29,30.36,5742600.0
20260518,600325,华发股份,3.3,3.2,3.3,3.17,49340400.0
20260518,600326,西藏天路,8.9,8.79,8.95,8.72,22834800.0
20260518,600327,大东方,3.78,3.8,3.8,3.72,9794500.0
20260518,600328,中盐化工,7.93,7.72,7.93,7.68,44258900.0
20260518,600329,达仁堂,42.5,42.5,43.23,42.07,4329000.0
20260518,600330,天通股份,29.0,30.08,30.77,29.0,144260500.0
20260518,600331,宏达股份,16.5,16.1,16.53,15.81,72764400.0
20260518,600332,白云山,22.26,22.1,22.28,22.0,9180900.0
20260518,600333,长春燃气,5.91,6.01,6.04,5.85,24807600.0
20260518,600335,国机汽车,6.01,5.87,6.03,5.79,18622100.0
20260518,600336,澳柯玛,8.12,7.98,8.15,7.91,15060100.0
20260518,600338,西藏珠峰,21.04,21.23,21.8,20.5,63074500.0
20260518,600339,中油工程,3.9,4.21,4.21,3.9,218114400.0
20260518,600343,航天动力,34.89,35.4,36.39,34.83,31112600.0
20260518,600345,长江通信,55.01,55.32,57.32,54.7,13772000.0
20260518,600346,恒力石化,20.97,20.51,21.07,20.19,43106400.0
20260518,600348,华阳股份,9.5,9.45,9.63,9.23,33518300.0
20260518,600350,山东高速,10.92,11.27,11.3,10.89,7979600.0
20260518,600351,亚宝药业,6.6,6.46,6.62,6.42,16808700.0
20260518,600352,浙江龙盛,11.96,11.68,11.97,11.56,39080000.0
20260518,600353,旭光电子,21.2,21.12,22.08,20.89,59544700.0
20260518,600354,敦煌种业,5.87,5.86,5.87,5.77,17232800.0
20260518,600356,恒丰纸业,9.55,9.58,9.69,9.41,8464300.0
20260518,600358,国旅联合,6.8,6.66,6.81,6.5,16988800.0
20260518,600359,新农开发,7.21,7.07,7.29,6.9,10279000.0
20260518,600360,华微电子,11.35,11.51,11.56,11.31,15485500.0
20260518,600361,创新新材,4.25,4.35,4.36,4.18,57027200.0
20260518,600362,江西铜业,44.78,45.44,45.53,44.2,45887100.0
20260518,600363,联创光电,40.77,40.38,42.16,40.2,21081600.0
20260518,600366,宁波韵升,13.24,13.19,13.34,12.91,25228700.0
20260518,600367,红星发展,24.99,25.89,26.68,24.58,40624700.0
20260518,600368,五洲交通,3.88,3.9,3.9,3.87,9873400.0
20260518,600369,西南证券,4.05,4.04,4.09,4.02,40509400.0
20260518,600371,万向德农,8.29,8.24,8.3,8.09,5305100.0
20260518,600372,中航机载,12.36,12.2,12.47,12.09,46565900.0
20260518,600373,中文传媒,8.2,8.04,8.24,8.03,10603900.0
20260518,600375,汉马科技,4.93,4.86,4.93,4.77,27615200.0
20260518,600376,首开股份,4.56,4.5,4.58,4.39,54254900.0
20260518,600377,宁沪高速,12.3,12.2,12.3,12.16,6946300.0
20260518,600378,昊华科技,37.12,35.41,37.2,35.12,28535400.0
20260518,600379,宝光股份,17.62,16.79,17.67,16.79,47555900.0
20260518,600380,健康元,10.48,10.25,10.48,10.15,18753100.0
20260518,600382,广东明珠,8.18,8.15,8.4,8.15,47555500.0
20260518,600383,金地集团,2.85,2.78,2.86,2.76,77548900.0
20260518,600386,北巴传媒,4.32,4.23,4.32,4.18,46629500.0
20260518,600388,紫金龙净,18.88,18.49,19.02,18.38,13411200.0
20260518,600389,江山股份,26.2,26.4,26.65,25.88,5745500.0
20260518,600390,五矿资本,5.05,5.0,5.05,4.98,29804600.0
20260518,600391,航发科技,41.5,42.0,43.3,41.2,10476000.0
20260518,600392,盛和资源,24.54,24.05,24.65,23.82,65800000.0
20260518,600395,盘江股份,5.26,5.35,5.38,5.16,30517200.0
20260518,600396,华电辽能,16.5,15.69,17.15,15.69,234576300.0
20260518,600397,江钨装备,13.7,13.96,14.25,13.7,24265900.0
20260518,600398,海澜之家,5.98,5.9,5.99,5.86,32428300.0
20260518,600399,抚顺特钢,5.19,5.28,5.32,5.17,36602800.0
20260518,600400,红豆股份,2.81,3.03,3.13,2.81,168286600.0
20260518,600403,大有能源,5.48,5.47,5.51,5.32,13097500.0
20260518,600405,动力源,4.83,4.93,4.98,4.81,15239700.0
20260518,600406,国电南瑞,26.46,26.49,26.7,26.2,81067100.0
20260518,600408,安泰集团,3.15,3.19,3.2,3.1,28539200.0
20260518,600409,三友化工,7.65,7.22,7.66,7.16,47226200.0
20260518,600410,华胜天成,23.79,23.46,23.82,23.26,85692600.0
20260518,600415,小商品城,13.83,13.45,13.83,13.41,122046700.0
20260518,600416,湘电股份,12.28,12.0,12.39,11.9,30289100.0
20260518,600418,江淮汽车,45.5,45.11,46.17,44.7,42416300.0
20260518,600419,天润乳业,9.27,9.12,9.27,8.98,4780100.0
20260518,600420,国药现代,9.26,9.13,9.27,9.04,8592100.0
20260518,600422,昆药集团,8.86,8.65,8.86,8.59,10551200.0
20260518,600425,青松建化,3.9,3.91,3.93,3.86,14566200.0
20260518,600426,华鲁恒升,34.28,33.2,34.45,32.91,26338400.0
20260518,600428,中远海特,7.95,7.73,7.99,7.67,37560700.0
20260518,600429,三元股份,5.29,5.18,5.29,5.02,18044100.0
20260518,600433,冠豪高新,4.58,4.26,4.58,4.2,116060500.0
20260518,600435,北方导航,13.61,13.51,13.75,13.34,28113800.0
20260518,600436,片仔癀,135.0,130.4,135.0,130.26,4242100.0
20260518,600438,通威股份,16.1,16.07,16.22,15.91,43988500.0
20260518,600444,国机通用,16.69,16.58,16.69,16.29,2293600.0
20260518,600446,金证股份,12.79,14.12,14.12,12.71,47128900.0
20260518,600448,华纺股份,3.5,3.49,3.51,3.37,26229300.0
20260518,600449,宁夏建材,14.62,14.63,14.84,14.43,14060500.0
20260518,600452,涪陵电力,12.5,12.38,12.98,12.33,54996900.0
20260518,600455,博通股份,29.36,29.77,29.9,28.8,1963100.0
20260518,600456,宝钛股份,33.7,34.15,34.5,33.12,7535000.0
20260518,600458,时代新材,12.3,12.11,12.32,12.03,9527000.0
20260518,600459,贵研铂业,19.01,20.85,21.31,18.79,45658500.0
20260518,600460,士兰微,30.6,31.05,31.45,30.43,58653900.0
20260518,600461,洪城环境,10.31,10.3,10.43,10.25,8999400.0
20260518,600463,空港股份,10.94,10.81,10.94,10.48,4526500.0
20260518,600467,好当家,2.34,2.35,2.36,2.32,24706300.0
20260518,600468,百利电气,7.44,7.42,7.49,7.3,23079700.0
20260518,600469,风神股份,6.41,6.22,6.43,6.17,14528100.0
20260518,600470,六国化工,6.36,6.22,6.4,6.13,23290500.0
20260518,600475,华光环能,18.82,18.6,18.87,18.27,23201200.0
20260518,600477,杭萧钢构,2.9,2.9,2.91,2.85,48362000.0
20260518,600478,科力远,6.8,6.78,6.85,6.7,25515700.0
20260518,600479,千金药业,10.38,10.18,10.38,10.12,7791000.0
20260518,600480,凌云股份,11.88,11.82,12.0,11.67,49145800.0
20260518,600481,双良节能,6.59,6.55,6.72,6.48,160870900.0
20260518,600482,中国动力,36.52,35.98,37.32,35.71,45024300.0
20260518,600483,福能股份,10.59,10.85,10.94,10.52,38512700.0
20260518,600486,扬农化工,64.28,63.23,64.78,62.87,5704900.0
20260518,600487,亨通光电,69.01,71.8,72.95,69.01,129168600.0
20260518,600488,津药药业,6.31,6.31,6.47,6.31,47127800.0
20260518,600489,中金黄金,23.62,23.79,24.0,23.55,66495600.0
20260518,600490,鹏欣资源,7.75,7.92,7.99,7.73,49427600.0
20260518,600493,凤竹纺织,7.31,7.37,7.38,7.11,8081200.0
20260518,600495,晋西车轴,4.14,4.17,4.18,4.08,10747800.0
20260518,600496,精工钢构,4.12,4.03,4.13,3.98,37128600.0
20260518,600497,驰宏锌锗,9.84,10.03,10.25,9.61,204598200.0
20260518,600498,烽火通信,54.94,56.17,57.88,54.84,90264500.0
20260518,600499,科达制造,17.53,17.01,17.59,16.84,28750500.0
20260518,600500,中化国际,5.64,6.23,6.23,5.49,197944400.0
20260518,600501,航天晨光,22.8,22.93,23.25,22.68,5784300.0
20260518,600502,安徽建工,5.2,5.13,5.23,5.06,28364300.0
20260518,600503,华丽家族,2.47,2.53,2.56,2.41,37378500.0
20260518,600505,西昌电力,13.2,13.31,13.39,13.1,8367100.0
20260518,600506,统一股份,17.88,18.16,18.37,17.6,8314200.0
20260518,600507,方大特钢,5.01,4.93,5.02,4.86,29779900.0
20260518,600508,上海能源,13.54,13.78,13.85,13.51,8966400.0
20260518,600509,天富能源,9.72,9.59,10.22,9.53,173735700.0
20260518,600510,黑牡丹,9.82,9.23,9.82,9.02,55414100.0
20260518,600511,国药股份,27.84,27.49,27.91,27.34,4340200.0
20260518,600512,腾达建设,2.28,2.28,2.29,2.25,22391600.0
20260518,600513,联环药业,20.01,19.62,20.01,19.53,11416400.0
20260518,600515,海南机场,3.26,3.29,3.31,3.25,76246600.0
20260518,600516,方大炭素,5.4,5.41,5.48,5.33,46574500.0
20260518,600517,国网英大,5.67,5.7,5.78,5.64,24355300.0
20260518,600518,康美药业,1.61,1.61,1.63,1.58,193842200.0
20260518,600519,贵州茅台,1336.0,1323.0,1342.68,1319.61,4966100.0
20260518,600520,三佳科技,30.22,29.96,31.23,29.6,17034700.0
20260518,600521,华海药业,16.31,16.18,16.4,16.06,20391900.0
20260518,600522,中天科技,41.9,43.95,44.68,41.9,326211600.0
20260518,600523,贵航股份,13.32,13.27,13.44,13.15,3756700.0
20260518,600525,长园集团,5.37,5.3,5.39,5.24,11814600.0
20260518,600526,菲达环保,5.14,5.16,5.17,5.03,10643300.0
20260518,600527,江南高纤,2.9,2.87,2.92,2.78,109624700.0
20260518,600528,中铁工业,7.62,7.61,7.67,7.57,11671500.0
20260518,600529,山东药玻,17.63,17.51,17.68,17.37,6657900.0
20260518,600531,豫光金铅,14.95,14.9,15.14,14.35,66845600.0
20260518,600533,栖霞建设,2.45,2.45,2.45,2.35,25037300.0
20260518,600535,天士力,14.64,14.37,14.7,14.33,10457200.0
20260518,600536,中国软件,39.68,39.76,40.25,39.5,12263500.0
20260518,600538,国发股份,6.8,6.6,6.94,6.53,25134400.0
20260518,600539,狮头股份,16.26,17.15,17.3,16.01,27033800.0
20260518,600540,新赛股份,5.49,5.41,5.57,5.32,33757600.0
20260518,600545,卓郎智能,6.05,6.09,6.3,5.95,172056700.0
20260518,600546,山煤国际,13.66,13.82,13.92,13.48,23415200.0
20260518,600547,山东黄金,30.99,31.26,31.48,30.84,57960200.0
20260518,600548,深高速,8.95,8.86,8.95,8.84,2804600.0
20260518,600549,厦门钨业,52.68,53.46,54.49,51.99,39759300.0
20260518,600550,保变电气,15.0,15.14,15.26,14.85,39893400.0
20260518,600551,时代出版,8.28,8.34,8.47,8.05,14361400.0
20260518,600552,凯盛科技,17.24,18.01,18.47,17.0,94724100.0
20260518,600556,天下秀,5.89,5.91,5.98,5.82,43250600.0
20260518,600557,康缘药业,13.15,12.82,13.18,12.76,7726200.0
20260518,600558,大西洋,5.74,5.69,5.74,5.61,14791500.0
20260518,600559,老白干酒,13.3,13.28,13.4,13.24,8333500.0
20260518,600560,金自天正,14.6,14.55,15.25,14.1,6764200.0
20260518,600561,江西长运,6.89,6.94,6.97,6.77,5319000.0
20260518,600562,国睿科技,25.65,24.91,25.71,24.75,12428900.0
20260518,600563,法拉电子,132.8,134.18,135.88,131.45,6524300.0
20260518,600566,济川药业,28.25,27.68,28.34,27.53,6270600.0
20260518,600567,山鹰国际,1.4,1.37,1.4,1.35,98821500.0
20260518,600569,安阳钢铁,1.93,1.93,1.94,1.9,19318000.0
20260518,600570,恒生电子,25.85,26.66,27.0,25.8,29182300.0
20260518,600571,信雅达,12.87,12.93,12.98,12.67,6007500.0
20260518,600572,康恩贝,4.3,4.26,4.31,4.25,30087000.0
20260518,600573,惠泉啤酒,13.79,13.02,14.13,12.93,20567700.0
20260518,600575,淮河能源,3.67,3.92,4.0,3.65,156056900.0
20260518,600576,祥源文旅,5.78,5.78,5.83,5.66,7549600.0
20260518,600577,精达股份,13.9,14.15,14.31,13.86,65851300.0
20260518,600578,京能电力,7.23,7.71,7.71,7.23,240702400.0
20260518,600579,中化装备,7.4,7.24,7.4,7.12,7221700.0
20260518,600580,卧龙电驱,40.61,40.96,41.58,40.25,67476400.0
20260518,600582,天地科技,5.5,5.43,5.51,5.38,27465200.0
20260518,600583,海油工程,6.23,6.31,6.37,6.19,49895400.0
20260518,600584,长电科技,57.47,58.33,61.96,57.01,240294300.0
20260518,600585,海螺水泥,20.31,20.04,20.4,19.97,31163200.0
20260518,600586,金晶科技,5.48,5.65,5.68,5.41,36937800.0
20260518,600587,新华医疗,13.57,13.26,13.57,13.22,5148300.0
20260518,600588,用友网络,11.4,11.6,11.7,11.4,38113800.0
20260518,600589,大位科技,13.12,12.57,13.16,12.35,165576300.0
20260518,600590,泰豪科技,14.5,14.35,14.64,14.22,37707800.0
20260518,600592,龙溪股份,20.0,19.79,20.08,19.59,11158900.0
20260518,600593,大连圣亚,35.44,35.4,35.79,34.88,2694500.0
20260518,600594,益佰制药,3.91,3.89,3.91,3.83,24104900.0
20260518,600595,中孚实业,7.16,7.14,7.23,7.0,87858400.0
20260518,600596,新安股份,11.91,11.7,11.91,11.57,21876600.0
20260518,600597,光明乳业,7.16,7.15,7.17,7.1,5526100.0
20260518,600598,北大荒,15.85,15.54,15.95,15.4,26389600.0
20260518,600600,青岛啤酒,62.1,61.7,62.36,61.59,5184200.0
20260518,600601,方正科技,12.34,12.7,12.99,12.19,214491200.0
20260518,600602,云赛智联,22.88,22.78,23.41,22.6,48611200.0
20260518,600603,广汇物流,5.6,5.42,5.61,5.35,12662300.0
20260518,600604,市北高新,4.79,4.9,4.99,4.76,17299900.0
20260518,600605,汇通能源,32.5,33.73,34.5,32.5,5467300.0
20260518,600606,绿地控股,1.49,1.47,1.5,1.45,97527000.0
20260518,600609,金杯汽车,4.01,3.98,4.01,3.92,14363300.0
20260518,600610,中毅达,9.99,9.68,10.07,9.55,44788600.0
20260518,600611,大众交通,4.41,4.48,4.62,4.32,22833800.0
20260518,600612,老凤祥,37.18,36.9,37.38,36.63,1145100.0
20260518,600613,神奇制药,5.51,5.56,5.57,5.44,7507200.0
20260518,600615,鑫源智造,11.07,11.37,11.43,10.95,4830900.0
20260518,600616,金枫酒业,4.72,4.72,4.72,4.64,7388900.0
20260518,600617,国新能源,3.68,3.83,3.84,3.64,88769800.0
20260518,600618,氯碱化工,12.41,11.95,12.58,11.83,21305800.0
20260518,600619,海立股份,18.0,18.14,18.45,17.9,26047600.0
20260518,600620,天宸股份,5.29,5.28,5.33,5.16,7646200.0
20260518,600621,华鑫股份,14.01,13.9,14.11,13.85,9312600.0
20260518,600622,光大嘉宝,2.54,2.58,2.58,2.51,14948400.0
20260518,600623,华谊集团,9.58,9.73,9.98,9.35,24528200.0
20260518,600626,申达股份,3.96,3.83,3.99,3.73,36612900.0
20260518,600628,新世界,6.68,6.64,6.68,6.52,10550800.0
20260518,600629,华建集团,19.8,19.71,20.12,19.55,21631500.0
20260518,600630,龙头股份,8.05,7.95,8.05,7.85,6089800.0
20260518,600633,浙数文化,12.92,12.99,13.19,12.88,29313900.0
20260518,600635,大众公用,5.28,5.25,5.39,5.23,54828100.0
20260518,600637,东方明珠,9.63,10.05,10.45,9.63,96844700.0
20260518,600638,新黄浦,6.03,6.12,6.16,5.97,12100100.0
20260518,600639,浦东金桥,10.17,10.07,10.23,10.0,7588600.0
20260518,600640,国脉文化,12.8,13.82,13.82,12.76,21655100.0
20260518,600641,先导基电,29.5,31.04,31.75,29.4,86204800.0
20260518,600642,申能股份,9.45,9.41,9.63,9.23,39500700.0
20260518,600643,爱建集团,4.71,4.73,4.74,4.67,12380600.0
20260518,600644,乐山电力,11.3,11.48,11.55,11.24,16249500.0
20260518,600645,中源协和,22.68,22.28,22.68,22.16,7657500.0
20260518,600648,外高桥,10.01,9.92,10.01,9.82,2397900.0
20260518,600649,城投控股,4.1,4.01,4.11,3.99,23739500.0
20260518,600650,锦江在线,12.21,12.17,12.27,11.96,4690500.0
20260518,600651,飞乐音响,7.1,7.04,7.2,6.98,18726700.0
20260518,600653,申华控股,1.73,1.76,1.77,1.72,18639900.0
20260518,600654,中安科,3.87,3.87,3.9,3.81,76208700.0
20260518,600655,豫园股份,4.7,4.65,4.72,4.61,12822300.0
20260518,600657,信达地产,2.86,2.8,2.87,2.77,30246600.0
20260518,600658,电子城,5.28,5.18,5.29,5.12,19595700.0
20260518,600660,福耀玻璃,56.01,55.41,56.12,54.08,18359900.0
20260518,600661,昂立教育,9.46,9.5,9.54,9.31,4737200.0
20260518,600662,外服控股,4.82,4.72,4.83,4.68,18481800.0
20260518,600663,陆家嘴,7.95,7.63,7.97,7.57,18035700.0
20260518,600664,哈药股份,3.63,3.53,3.63,3.51,90371000.0
20260518,600665,天地源,3.25,3.32,3.32,3.18,12639200.0
20260518,600666,奥瑞德,5.94,5.84,6.07,5.79,328913100.0
20260518,600667,太极实业,12.91,13.09,13.59,12.69,316549600.0
20260518,600668,尖峰集团,8.75,8.6,8.75,8.46,6609100.0
20260518,600671,天目药业,18.7,19.06,19.2,18.61,1563400.0
20260518,600673,东阳光,36.1,36.63,37.44,36.1,58036100.0
20260518,600674,川投能源,14.9,15.07,15.15,14.83,26765200.0
20260518,600675,中华企业,2.52,2.54,2.55,2.49,22040500.0
20260518,600676,久事动娱,8.06,8.09,8.09,7.62,27216800.0
20260518,600679,上海凤凰,10.78,10.67,10.78,10.5,3718600.0
20260518,600681,百川能源,3.95,4.03,4.03,3.92,20570100.0
20260518,600682,南京新百,6.16,6.08,6.17,6.03,12804500.0
20260518,600683,京投发展,16.33,16.62,16.98,15.72,47130900.0
20260518,600684,珠江股份,4.14,4.08,4.14,4.03,13746400.0
20260518,600685,中船防务,30.3,30.32,31.07,30.13,14128800.0
20260518,600686,金龙汽车,14.59,14.46,14.59,14.15,15202600.0
20260518,600688,上海石化,2.97,2.97,3.02,2.95,48817100.0
20260518,600689,上海三毛,12.7,12.83,12.86,12.55,2955200.0
20260518,600690,海尔智家,21.4,21.09,21.4,20.82,65671900.0
20260518,600691,潞化科技,2.98,2.94,2.98,2.87,39024800.0
20260518,600692,亚通股份,7.8,7.77,7.8,7.57,11950300.0
20260518,600693,东百集团,10.07,10.15,10.2,9.91,27964700.0
20260518,600694,大商股份,17.97,17.49,17.97,17.3,6190400.0
20260518,600697,欧亚集团,12.36,12.39,12.43,12.14,3117800.0
20260518,600698,湖南天雁,7.7,7.71,7.83,7.65,22063800.0
20260518,600699,均胜电子,30.03,30.93,30.98,29.85,96909200.0
20260518,600702,舍得酒业,42.08,41.5,42.44,41.26,4383400.0
20260518,600703,三安光电,15.69,16.18,16.75,15.69,283261900.0
20260518,600704,物产中大,4.99,4.94,5.02,4.88,64037900.0
20260518,600706,曲江文旅,9.16,9.03,9.17,8.91,4472100.0
20260518,600707,彩虹股份,10.26,10.87,10.97,10.26,175620500.0
20260518,600708,光明地产,3.7,3.78,3.79,3.66,37698000.0
20260518,600710,苏美达,11.89,11.59,11.9,11.52,14199300.0
20260518,600711,盛屯矿业,12.39,12.5,12.77,12.37,119874100.0
20260518,600712,南宁百货,6.12,6.16,6.18,6.0,6357800.0
20260518,600713,南京医药,5.21,5.19,5.22,5.12,11228000.0
20260518,600714,金瑞矿业,25.01,27.72,27.72,25.01,18976700.0
20260518,600715,文投控股,1.99,1.97,2.0,1.96,28769900.0
20260518,600716,凤凰股份,3.98,4.07,4.08,3.91,9637800.0
20260518,600717,天津港,4.39,4.39,4.41,4.34,29105400.0
20260518,600718,东软集团,8.7,8.86,8.89,8.66,11700400.0
20260518,600719,大连热电,9.1,8.93,9.24,8.8,49545700.0
20260518,600720,中交设计,6.42,6.33,6.42,6.27,6933500.0
20260518,600721,百花医药,8.07,7.99,8.07,7.9,6897100.0
20260518,600722,金牛化工,12.67,12.84,13.23,12.62,54017500.0
20260518,600724,宁波富达,8.25,7.96,8.29,7.87,12711500.0
20260518,600725,云维股份,4.02,4.03,4.08,3.91,18816000.0
20260518,600726,华电能源,7.21,6.98,7.48,6.88,306050300.0
20260518,600727,鲁北化工,8.52,8.25,8.58,8.15,30682500.0
20260518,600728,佳都科技,5.39,5.43,5.48,5.33,30082300.0
20260518,600729,重百集团,19.98,19.45,19.98,19.33,3637800.0
20260518,600731,湖南海利,6.3,6.14,6.3,6.05,10278100.0
20260518,600732,爱旭股份,13.3,12.95,13.35,12.87,55326000.0
20260518,600733,北汽蓝谷,6.88,6.73,6.88,6.69,67068600.0
20260518,600736,苏州高新,8.34,8.26,8.57,8.21,82491700.0
20260518,600737,中粮糖业,15.43,15.44,15.87,15.19,32642100.0
20260518,600738,丽尚国潮,4.51,4.48,4.51,4.42,11512600.0
20260518,600739,辽宁成大,11.4,11.24,11.44,11.15,12484800.0
20260518,600740,山西焦化,3.88,3.91,3.92,3.81,40435200.0
20260518,600741,华域汽车,17.61,17.56,17.7,17.34,25256900.0
20260518,600742,富维股份,8.9,8.78,8.9,8.72,5402900.0
20260518,600743,华远控股,2.66,2.69,2.71,2.52,73066000.0
20260518,600744,华银电力,8.04,8.2,8.31,8.01,101591200.0
20260518,600746,江苏索普,7.56,7.4,7.57,7.3,18021100.0
20260518,600748,上实发展,5.1,5.24,5.3,4.95,34624800.0
20260518,600749,西藏旅游,16.15,16.06,16.15,15.7,6657700.0
20260518,600750,华润江中,23.05,22.52,23.06,22.47,5665100.0
20260518,600751,海航科技,3.64,3.7,3.72,3.63,38277600.0
20260518,600754,锦江酒店,22.33,21.74,22.44,21.6,17319000.0
20260518,600755,厦门国贸,6.14,6.14,6.17,6.08,16548200.0
20260518,600756,浪潮软件,16.29,16.0,16.5,15.89,11400800.0
20260518,600757,长江传媒,8.4,8.32,8.44,8.24,10599700.0
20260518,600758,辽宁能源,4.27,4.7,4.7,4.27,94272200.0
20260518,600760,中航沈飞,47.3,46.63,47.63,46.41,16721100.0
20260518,600761,安徽合力,19.74,19.35,20.19,19.19,19068800.0
20260518,600763,通策医疗,39.74,38.6,39.75,38.42,7847000.0
20260518,600764,中国海防,22.89,22.32,22.94,22.2,6191600.0
20260518,600765,中航重机,15.62,15.59,15.78,15.46,17478600.0
20260518,600768,富邦新材,18.09,18.58,18.68,17.87,6654500.0
20260518,600769,祥龙电业,23.05,25.66,25.66,23.05,12943600.0
20260518,600770,综艺股份,7.06,7.03,7.39,6.97,76760600.0
20260518,600771,广誉远,16.05,15.73,16.13,15.48,8517400.0
20260518,600773,西藏城投,20.85,20.5,21.1,19.93,33438000.0
20260518,600774,汉商集团,8.21,8.28,8.29,8.1,4548700.0
20260518,600775,南京熊猫,12.65,12.66,12.8,12.45,15261700.0
20260518,600776,东方通信,16.8,16.78,17.12,16.54,28315100.0
20260518,600777,新潮能源,6.0,5.97,6.05,5.94,15915900.0
20260518,600778,友好集团,6.83,6.89,6.93,6.67,8362300.0
20260518,600779,水井坊,31.62,30.98,31.94,30.98,2109200.0
20260518,600780,通宝能源,6.97,7.12,7.22,6.95,33203600.0
20260518,600782,新钢股份,3.0,2.96,3.0,2.93,31484000.0
20260518,600783,鲁信创投,20.55,22.06,22.96,20.52,45714100.0
20260518,600784,鲁银投资,8.02,7.93,8.05,7.65,51785500.0
20260518,600785,新华百货,17.46,17.63,17.68,17.24,5173600.0
20260518,600787,中储股份,4.95,4.85,4.96,4.81,29447700.0
20260518,600789,鲁抗医药,8.3,8.34,8.41,8.27,12463500.0
20260518,600790,轻纺城,4.35,4.25,4.36,4.19,31073700.0
20260518,600791,京能置业,15.59,15.23,16.01,14.8,22676100.0
20260518,600792,云煤能源,4.06,4.18,4.2,4.04,22344000.0
20260518,600793,宜宾纸业,15.91,15.86,16.06,15.72,2422700.0
20260518,600794,保税科技,3.48,3.44,3.49,3.41,12474300.0
20260518,600795,国电电力,4.91,4.91,4.95,4.86,152940000.0
20260518,600796,钱江生化,5.81,5.78,5.83,5.66,9993900.0
20260518,600797,浙大网新,8.99,9.04,9.08,8.93,18484400.0
20260518,600798,宁波海运,3.69,3.76,3.77,3.67,29114200.0
20260518,600800,渤海化学,4.57,4.37,4.6,4.28,58716800.0
20260518,600801,华新建材,19.88,19.19,20.09,18.95,15435200.0
20260518,600802,福建水泥,5.6,5.55,5.6,5.44,9284100.0
20260518,600803,新奥股份,20.84,20.85,20.93,20.55,6469000.0
20260518,600805,悦达投资,5.01,5.06,5.06,4.91,13876900.0
20260518,600807,济高发展,2.99,2.96,2.99,2.89,23642100.0
20260518,600808,马钢股份,3.47,3.33,3.48,3.3,92157000.0
20260518,600809,山西汾酒,131.05,129.84,131.66,128.66,6079400.0
20260518,600810,神马股份,7.0,6.99,7.07,6.86,15406800.0
20260518,600812,华北制药,5.01,4.97,5.04,4.92,15164100.0
20260518,600814,杭州解百,7.31,7.34,7.36,7.25,4842500.0
20260518,600815,厦工股份,4.25,4.19,4.26,4.14,58157100.0
20260518,600816,建元信托,3.17,3.1,3.25,3.08,118146300.0
20260518,600817,宇通重工,10.81,10.62,10.82,10.48,6244100.0
20260518,600819,耀皮玻璃,7.4,7.24,7.48,7.18,20218100.0
20260518,600820,隧道股份,5.75,5.72,5.78,5.71,13280400.0
20260518,600821,金开新能,8.33,8.36,8.7,8.3,135810000.0
20260518,600822,上海物贸,9.58,9.6,9.65,9.38,2881900.0
20260518,600824,益民集团,3.9,3.93,3.95,3.87,8396900.0
20260518,600825,新华传媒,5.66,5.64,5.68,5.5,9402600.0
20260518,600826,兰生股份,9.27,9.03,9.3,8.98,11685000.0
20260518,600827,百联股份,8.31,8.26,8.32,8.19,12963900.0
20260518,600828,茂业商业,4.64,4.69,4.69,4.6,14486200.0
20260518,600829,人民同泰,9.29,9.18,9.33,9.1,5266500.0
20260518,600830,香溢融通,9.9,10.01,10.18,9.89,7883000.0
20260518,600831,广电网络,3.76,3.99,4.14,3.76,63498100.0
20260518,600833,第一医药,11.6,11.51,11.63,11.3,3795600.0
20260518,600834,申通地铁,7.83,7.89,7.9,7.77,1761000.0
20260518,600835,上海机电,23.7,23.63,24.37,23.42,8998100.0
20260518,600838,上海九百,9.0,8.89,9.0,8.79,6449100.0
20260518,600839,四川长虹,8.63,8.54,8.66,8.5,56102100.0
20260518,600841,动力新科,8.01,7.99,8.12,7.85,16646400.0
20260518,600843,上工申贝,8.7,8.71,8.72,8.56,6736900.0
20260518,600844,金煤科技,3.51,3.52,3.53,3.41,37734600.0
20260518,600845,宝信软件,23.19,23.73,24.08,23.19,27636500.0
20260518,600846,同济科技,12.64,12.45,12.68,12.37,3283900.0
20260518,600847,万里股份,15.14,16.9,16.9,14.83,12854200.0
20260518,600848,上海临港,8.71,8.78,9.05,8.71,18191100.0
20260518,600850,电科数字,19.65,20.46,20.46,19.65,16029400.0
20260518,600851,海欣股份,7.75,7.75,8.04,7.62,17263600.0
20260518,600853,龙建股份,4.09,3.85,4.12,3.8,50126500.0
20260518,600854,春兰股份,5.75,5.78,5.9,5.7,28315000.0
20260518,600855,航天长峰,19.65,20.04,20.38,19.21,20760300.0
20260518,600857,宁波中百,13.15,14.74,15.37,13.15,28487400.0
20260518,600858,银座股份,5.45,5.49,5.5,5.36,7479900.0
20260518,600859,王府井,11.62,11.42,11.64,11.38,12519800.0
20260518,600860,京城股份,10.73,10.49,10.73,10.42,8779700.0
20260518,600861,北京人力,15.23,14.93,15.25,14.79,3181300.0
20260518,600862,中航高科,20.0,20.17,20.34,19.91,12041100.0
20260518,600863,华能蒙电,4.81,4.93,4.97,4.8,81707000.0
20260518,600864,哈投股份,5.73,5.76,5.8,5.7,22401900.0
20260518,600865,百大集团,10.97,11.01,11.08,10.87,5053300.0
20260518,600866,星湖科技,5.65,5.58,5.7,5.54,20150500.0
20260518,600867,通化东宝,8.7,8.65,8.73,8.55,20233800.0
20260518,600868,梅雁吉祥,3.45,3.49,3.52,3.44,51886300.0
20260518,600869,远东股份,21.32,21.28,21.68,20.9,84774000.0
20260518,600871,石化油服,2.57,2.62,2.64,2.53,183654400.0
20260518,600872,中炬高新,20.3,20.06,20.41,19.98,11050300.0
20260518,600873,梅花生物,9.07,9.31,9.35,9.03,38046400.0
20260518,600874,创业环保,5.96,5.99,6.01,5.91,11739200.0
20260518,600875,东方电气,38.36,39.97,41.14,38.1,103224400.0
20260518,600876,凯盛新能,9.07,9.25,9.3,8.89,6605900.0
20260518,600877,电科芯片,16.21,16.46,16.79,16.07,20604300.0
20260518,600879,航天电子,23.05,23.56,24.19,23.0,137156100.0
20260518,600880,博瑞传播,5.0,4.95,5.03,4.9,29750300.0
20260518,600881,亚泰集团,1.52,1.51,1.53,1.48,37768400.0
20260518,600882,妙可蓝多,19.3,19.75,20.18,19.04,8557100.0
20260518,600883,博闻科技,9.28,9.33,9.35,8.98,5839400.0
20260518,600884,杉杉股份,15.12,15.19,15.35,14.78,74723100.0
20260518,600885,宏发股份,30.71,31.11,31.4,30.71,14919000.0
20260518,600886,国投电力,13.32,13.23,13.42,13.15,35726800.0
20260518,600887,伊利股份,27.53,27.29,27.65,27.1,43138900.0
20260518,600888,新疆众和,8.25,8.44,8.52,8.1,31638800.0
20260518,600892,大晟文化,4.02,3.99,4.05,3.92,6741400.0
20260518,600893,航发动力,46.91,46.46,47.51,46.0,29561700.0
20260518,600894,广日股份,8.54,8.38,8.6,8.33,12109700.0
20260518,600895,张江高科,34.47,34.53,35.84,34.13,48974800.0
20260518,600897,厦门空港,15.32,15.17,15.32,15.03,2060600.0
20260518,600900,长江电力,27.04,26.89,27.18,26.81,91589800.0
20260518,600901,江苏金租,6.61,6.48,6.69,6.46,31048100.0
20260518,600903,贵州燃气,7.62,8.81,8.81,7.62,92462200.0
20260518,600905,三峡能源,4.11,4.14,4.16,4.1,154869600.0
20260518,600906,财达证券,6.31,6.33,6.37,6.28,20160500.0
20260518,600908,无锡银行,5.57,5.54,5.59,5.52,12174800.0
20260518,600909,华安证券,6.24,6.28,6.28,6.1,309625400.0
20260518,600916,中国黄金,8.29,8.35,8.42,8.24,24900600.0
20260518,600917,重庆燃气,5.42,5.51,5.54,5.42,12585400.0
20260518,600918,中泰证券,5.81,5.81,5.84,5.77,17595600.0
20260518,600919,江苏银行,11.14,11.04,11.19,10.98,73405300.0
20260518,600925,苏能股份,4.56,4.64,4.65,4.55,13750800.0
20260518,600926,杭州银行,16.45,16.24,16.49,16.19,27910900.0
20260518,600927,永安期货,14.87,14.8,15.19,14.65,11265700.0
20260518,600928,西安银行,3.55,3.56,3.59,3.52,24348100.0
20260518,600930,华电新能,6.19,6.21,6.27,6.18,141158200.0
20260518,600933,爱柯迪,17.68,17.36,17.68,17.31,16839900.0
20260518,600935,华塑股份,2.67,2.64,2.69,2.61,46934700.0
20260518,600936,北投科技,5.37,5.31,5.55,5.21,101020900.0
20260518,600938,中国海油,36.99,36.9,37.35,36.68,46406100.0
20260518,600939,重庆建工,2.91,2.95,2.95,2.88,9760800.0
20260518,600941,中国移动,98.98,100.35,101.95,98.4,24339800.0
20260518,600955,维远股份,18.3,17.96,18.39,17.7,7718200.0
20260518,600956,新天绿能,8.67,9.06,9.1,8.54,28558300.0
20260518,600958,东方证券,9.55,9.5,9.68,9.45,62738500.0
20260518,600959,江苏有线,3.82,3.86,3.9,3.81,50518700.0
20260518,600960,渤海汽车,4.8,4.76,4.8,4.67,17691700.0
20260518,600961,株冶集团,29.0,28.96,29.79,28.2,53392200.0
20260518,600962,国投中鲁,24.64,25.44,25.5,24.64,8522300.0
20260518,600963,岳阳林纸,4.39,4.28,4.39,4.23,26545900.0
20260518,600966,博汇纸业,6.07,5.99,6.08,5.93,11638200.0
20260518,600967,内蒙一机,13.98,13.9,14.04,13.84,13023600.0
20260518,600968,海油发展,4.18,4.23,4.26,4.14,64316200.0
20260518,600969,郴电国际,10.33,10.73,11.1,10.3,16890200.0
20260518,600970,中材国际,8.79,8.63,8.79,8.55,23130500.0
20260518,600971,恒源煤电,7.76,7.88,7.9,7.65,15943000.0
20260518,600973,宝胜股份,7.28,7.41,7.48,7.24,27197300.0
20260518,600975,新五丰,5.54,5.39,5.56,5.34,18015000.0
20260518,600976,健民集团,30.6,30.35,30.73,30.18,1174600.0
20260518,600977,中国电影,14.79,14.53,14.92,14.13,41306600.0
20260518,600979,广安爱众,4.89,4.96,5.01,4.84,57271000.0
20260518,600980,北矿科技,23.15,23.26,23.38,22.87,2544400.0
20260518,600981,苏豪汇鸿,2.68,2.68,2.69,2.63,19413900.0
20260518,600982,宁波能源,6.18,6.43,6.57,6.15,77813700.0
20260518,600983,惠而浦,8.88,8.95,8.96,8.75,3585000.0
20260518,600984,建设机械,4.95,4.9,5.12,4.86,73224000.0
20260518,600985,淮北矿业,13.42,13.49,13.68,13.27,17622100.0
20260518,600986,浙文互联,10.28,10.29,10.58,10.17,103009600.0
20260518,600987,航民股份,6.91,6.86,6.94,6.76,13683800.0
20260518,600988,赤峰黄金,36.66,36.66,36.9,35.96,59706300.0
20260518,600989,宝丰能源,29.01,29.23,29.8,28.31,101890200.0
20260518,600990,四创电子,21.3,21.34,21.5,21.01,3493900.0
20260518,600992,贵绳股份,11.82,13.0,13.0,11.8,22720200.0
20260518,600993,马应龙,25.36,24.85,25.5,24.68,5460100.0
20260518,600995,南网储能,14.68,14.78,14.91,14.63,19386800.0
20260518,600996,贵广网络,8.27,9.1,9.1,8.27,37346400.0
20260518,600997,开滦股份,5.49,5.55,5.57,5.47,10905900.0
20260518,600998,九州通,4.94,4.87,4.94,4.86,31947800.0
20260518,600999,招商证券,16.2,16.18,16.46,16.02,95477600.0
20260518,601000,唐山港,4.58,4.5,4.6,4.44,44955200.0
20260518,601001,晋控煤业,17.62,18.5,18.5,17.46,29859700.0
20260518,601002,晋亿实业,5.46,5.58,5.59,5.36,19710100.0
20260518,601003,柳钢股份,4.12,4.03,4.12,4.0,18511900.0
20260518,601005,重庆钢铁,1.37,1.37,1.37,1.34,91303900.0
20260518,601006,大秦铁路,5.41,5.43,5.45,5.38,110761700.0
20260518,601007,金陵饭店,7.3,7.28,7.31,7.16,7219000.0
20260518,601008,连云港,4.73,4.74,4.75,4.69,7747000.0
20260518,601009,南京银行,11.18,11.0,11.19,10.92,49443800.0
20260518,601011,宝泰隆,2.91,2.96,2.97,2.86,29355200.0
20260518,601012,隆基绿能,15.45,15.14,15.46,15.05,155326300.0
20260518,601015,陕西黑猫,3.78,3.79,3.81,3.68,37248200.0
20260518,601016,节能风电,4.91,4.99,5.09,4.87,420059300.0
20260518,601018,宁波港,3.65,3.61,3.66,3.57,72105900.0
20260518,601019,山东出版,7.28,7.25,7.32,7.18,8800900.0
20260518,601020,华钰矿业,26.8,28.85,29.17,26.5,40165700.0
20260518,601021,春秋航空,45.0,44.26,45.0,43.81,6528000.0
20260518,601022,宁波远洋,8.59,8.44,8.62,8.4,7209000.0
20260518,601026,道生天合,18.03,17.69,18.19,17.68,5444100.0
20260518,601033,永兴股份,14.9,14.98,15.03,14.81,4208000.0
20260518,601038,一拖股份,13.4,13.22,13.51,13.08,4396900.0
20260518,601058,赛轮轮胎,12.89,12.58,12.91,12.48,49037700.0
20260518,601059,信达证券,16.56,16.67,16.68,16.55,6864900.0
20260518,601061,中信金属,13.64,14.02,14.34,13.42,20488900.0
20260518,601065,江盐集团,8.02,7.96,8.02,7.94,3646700.0
20260518,601066,中信建投,22.02,22.09,22.22,21.96,8266200.0
20260518,601068,中铝国际,5.71,5.59,5.75,5.53,14811400.0
20260518,601069,西部黄金,28.95,29.29,29.6,28.93,16108300.0
20260518,601077,渝农商行,6.9,6.86,6.99,6.8,44155100.0
20260518,601083,锦江航运,11.9,11.78,11.94,11.71,7575700.0
20260518,601086,国芳集团,8.54,8.75,8.8,8.5,12363500.0
20260518,601088,中国神华,45.95,45.85,46.18,45.26,36830700.0
20260518,601089,福元医药,19.9,19.15,19.97,18.77,6498100.0
20260518,601096,宏盛华源,5.53,5.55,5.65,5.5,26008700.0
20260518,601098,中南传媒,11.35,11.2,11.45,11.12,8510900.0
20260518,601099,太平洋,3.56,3.57,3.6,3.55,84540400.0
20260518,601100,恒立液压,115.0,113.55,116.36,112.12,12558100.0
20260518,601101,昊华能源,10.75,11.29,11.39,10.55,51785300.0
20260518,601106,中国一重,4.26,4.23,4.32,4.18,79622700.0
20260518,601107,四川成渝,6.27,6.36,6.45,6.27,11142300.0
20260518,601108,财通证券,8.21,8.18,8.32,8.1,37346500.0
20260518,601111,中国国航,6.67,6.59,6.68,6.54,102496500.0
20260518,601112,振石股份,19.41,19.72,19.87,19.32,8116100.0
20260518,601113,华鼎股份,4.4,4.46,4.47,4.31,17004400.0
20260518,601116,三江购物,12.96,12.99,13.15,12.75,9929600.0
20260518,601117,中国化学,8.09,7.99,8.11,7.95,78526400.0
20260518,601118,海南橡胶,7.13,7.34,7.46,7.13,52317400.0
20260518,601121,宝地矿业,7.13,7.16,7.19,7.03,9968900.0
20260518,601126,四方股份,76.51,84.16,84.16,75.51,32771800.0
20260518,601127,赛力斯,82.56,81.8,83.46,81.48,20733900.0
20260518,601128,常熟银行,7.16,7.19,7.22,7.14,36336000.0
20260518,601133,柏诚股份,30.4,31.0,31.0,30.05,11175800.0
20260518,601136,首创证券,16.0,15.84,16.17,15.7,12442200.0
20260518,601137,博威合金,20.31,19.85,20.36,19.59,21319300.0
20260518,601138,工业富联,65.88,68.98,70.23,64.95,251848200.0
20260518,601139,深圳燃气,6.51,6.6,6.62,6.44,32498800.0
20260518,601155,新城控股,14.83,13.83,14.88,13.68,36520000.0
20260518,601156,东航物流,15.48,15.3,15.5,15.12,11974600.0
20260518,601158,重庆水务,4.35,4.34,4.36,4.3,14298300.0
20260518,601162,天风证券,3.58,3.59,3.63,3.58,82681400.0
20260518,601163,三角轮胎,14.59,14.45,14.66,14.36,4338000.0
20260518,601166,兴业银行,17.66,17.45,17.66,17.38,89116100.0
20260518,601168,西部矿业,29.58,30.3,30.37,29.21,52902500.0
20260518,601169,北京银行,5.23,5.17,5.23,5.17,101654300.0
20260518,601177,杭齿前进,17.16,16.83,17.35,16.74,19159000.0
20260518,601179,中国西电,16.96,17.12,17.29,16.88,139519000.0
20260518,601186,中国铁建,6.58,6.5,6.58,6.47,64086400.0
20260518,601187,厦门银行,7.28,7.15,7.31,7.1,15132600.0
20260518,601188,龙江交通,3.42,3.26,3.44,3.18,42172400.0
20260518,601198,东兴证券,12.71,12.8,12.81,12.67,16796300.0
20260518,601199,江南水务,6.13,5.94,6.25,5.86,20293700.0
20260518,601200,上海环境,7.89,7.92,7.96,7.87,6650900.0
20260518,601208,东材科技,45.4,45.5,46.4,44.8,52425500.0
20260518,601211,国泰海通,15.4,15.45,15.51,15.37,94884200.0
20260518,601212,白银有色,6.68,6.83,6.89,6.64,126848800.0
20260518,601216,君正集团,5.57,5.54,5.67,5.41,112639200.0
20260518,601218,吉鑫科技,6.01,6.15,6.17,5.97,32440900.0
20260518,601222,林洋能源,6.09,6.22,6.24,6.08,22762900.0
20260518,601225,陕西煤业,23.97,24.39,24.64,23.86,65800200.0
20260518,601226,华电科工,8.61,8.59,8.68,8.45,15210200.0
20260518,601228,广州港,3.14,3.13,3.15,3.11,21870500.0
20260518,601229,上海银行,9.47,9.26,9.48,9.25,47461800.0
20260518,601231,环旭电子,39.1,40.09,40.17,38.47,34851000.0
20260518,601233,桐昆股份,20.35,19.81,20.37,19.51,49769800.0
20260518,601236,红塔证券,7.2,7.16,7.24,7.13,8770500.0
20260518,601238,广汽集团,6.56,6.43,6.56,6.38,25729400.0
20260518,601279,英利汽车,3.76,3.81,3.83,3.71,11158000.0
20260518,601288,农业银行,6.65,6.6,6.68,6.58,308304800.0
20260518,601298,青岛港,8.88,8.91,8.91,8.81,8164000.0
20260518,601311,骆驼股份,9.27,9.32,9.33,9.16,15379500.0
20260518,601318,中国平安,55.4,54.89,55.46,54.4,81041500.0
20260518,601319,中国人保,6.91,6.84,6.92,6.8,60349600.0
20260518,601326,秦港股份,3.39,3.45,3.46,3.36,22214500.0
20260518,601328,交通银行,6.73,6.66,6.73,6.66,128980200.0
20260518,601330,绿色动力,9.25,10.0,10.01,9.2,78129800.0
20260518,601333,广深铁路,3.06,3.06,3.07,3.04,48993600.0
20260518,601336,新华保险,60.8,60.12,60.8,59.7,14786700.0
20260518,601339,百隆东方,8.32,8.11,8.41,8.0,21977900.0
20260518,601360,三六零,10.85,11.06,11.16,10.83,80160300.0
20260518,601366,利群股份,3.85,3.85,3.86,3.78,8010200.0
20260518,601368,绿城水务,4.89,4.93,4.94,4.84,6692700.0
20260518,601369,陕鼓动力,9.13,9.11,9.23,9.06,8797800.0
20260518,601375,中原证券,3.93,3.94,3.97,3.91,27046000.0
20260518,601377,兴业证券,5.88,5.86,5.93,5.83,53875400.0
20260518,601388,怡球资源,3.58,3.68,3.68,3.54,40481600.0
20260518,601390,中国中铁,4.99,4.89,5.0,4.87,207087800.0
20260518,601398,工商银行,7.24,7.19,7.25,7.16,234390300.0
20260518,601399,国机重装,4.07,4.03,4.08,4.0,91772000.0
20260518,601456,国联民生,9.34,9.26,9.43,9.22,17162400.0
20260518,601500,通用股份,4.53,4.48,4.53,4.45,15138800.0
20260518,601512,中新集团,8.95,9.34,9.46,8.92,15543600.0
20260518,601515,衢州东峰,4.61,4.53,4.65,4.43,42572500.0
20260518,601518,吉林高速,2.86,2.83,2.86,2.82,13810400.0
20260518,601519,大智慧,10.5,10.57,10.78,10.49,25421500.0
20260518,601528,瑞丰银行,4.83,4.86,4.87,4.78,11283200.0
20260518,601555,东吴证券,8.12,8.04,8.23,8.0,34850200.0
20260518,601566,九牧王,11.4,11.46,11.85,11.4,21546700.0
20260518,601567,三星电气,17.98,18.34,18.43,17.9,18865400.0
20260518,601568,北元化工,3.81,3.86,3.88,3.76,22507400.0
20260518,601577,长沙银行,9.4,9.21,9.43,9.18,26230800.0
20260518,601579,会稽山,17.87,17.97,18.05,17.71,5805100.0
20260518,601588,北辰实业,1.95,1.93,1.95,1.87,55637600.0
20260518,601595,上海电影,22.59,22.22,22.59,21.96,3647000.0
20260518,601598,中国外运,6.05,5.88,6.16,5.81,22779900.0
20260518,601599,浙文影业,3.48,3.45,3.5,3.41,21639000.0
20260518,601600,中国铝业,10.6,10.52,10.66,10.44,236454800.0
20260518,601601,中国太保,34.42,33.87,34.42,33.65,43746000.0
20260518,601606,长城军工,37.71,37.25,37.74,36.98,10369400.0
20260518,601607,上海医药,16.7,16.5,16.7,16.45,10001500.0
20260518,601608,中信重工,5.86,5.84,5.88,5.7,44114200.0
20260518,601609,金田股份,12.8,13.38,13.84,12.6,121592600.0
20260518,601611,中国核建,12.94,12.84,12.95,12.75,26323400.0
20260518,601615,明阳智能,15.3,16.18,16.8,15.25,122811000.0
20260518,601616,广电电气,4.45,4.68,4.7,4.43,34504700.0
20260518,601618,中国中冶,2.87,2.85,2.88,2.84,107065600.0
20260518,601619,嘉泽新能,5.75,5.69,5.85,5.65,48970000.0
20260518,601628,中国人寿,35.02,34.75,35.03,34.53,23881000.0
20260518,601633,长城汽车,19.05,18.44,19.06,18.36,25070400.0
20260518,601636,旗滨集团,6.32,6.48,6.58,6.26,69610600.0
20260518,601658,邮储银行,4.96,4.97,4.99,4.92,116038100.0
20260518,601665,齐鲁银行,6.25,6.09,6.28,6.06,57903300.0
20260518,601666,平煤股份,7.41,7.55,7.57,7.28,37453500.0
20260518,601668,中国建筑,4.93,4.89,4.94,4.86,219179600.0
20260518,601669,中国电建,5.77,5.78,5.83,5.74,165206500.0
20260518,601677,明泰铝业,16.73,16.95,17.08,16.52,28638400.0
20260518,601678,滨化股份,6.0,6.39,6.39,5.87,285450800.0
20260518,601686,友发集团,5.34,5.34,5.34,5.26,4562400.0
20260518,601688,华泰证券,18.32,18.37,18.6,18.24,71779800.0
20260518,601689,拓普集团,70.0,71.42,72.88,69.49,77458100.0
20260518,601696,中银证券,11.91,11.94,12.0,11.85,26034000.0
20260518,601698,中国卫通,35.0,35.47,36.28,34.83,44319900.0
20260518,601699,潞安环能,15.15,15.42,15.64,14.98,32265800.0
20260518,601700,风范股份,5.6,5.69,5.7,5.51,20286900.0
20260518,601702,华峰铝业,17.73,17.85,17.87,17.4,7974000.0
20260518,601717,中创智领,18.45,18.1,18.64,17.98,18358500.0
20260518,601727,上海电气,8.76,9.02,9.24,8.72,365463300.0
20260518,601728,中国电信,6.49,6.82,6.96,6.36,655375600.0
20260518,601766,中国中车,5.95,5.88,5.96,5.86,196162000.0
20260518,601777,千里科技,11.83,11.9,12.09,11.6,61623500.0
20260518,601778,晶科科技,6.93,6.6,7.09,6.51,430409300.0
20260518,601788,光大证券,14.9,14.82,15.02,14.72,26519100.0
20260518,601789,宁波建工,6.1,6.26,6.45,6.03,116793600.0
20260518,601798,蓝科高新,8.79,8.89,8.9,8.67,7017300.0
20260518,601799,星宇股份,136.0,130.46,136.0,129.6,6278000.0
20260518,601800,中国交建,6.66,6.61,6.67,6.56,36947100.0
20260518,601801,皖新传媒,5.76,5.66,5.8,5.62,13899800.0
20260518,601808,中海油服,14.29,14.22,14.39,14.06,27277600.0
20260518,601811,新华文轩,13.35,13.17,13.35,13.05,2683800.0
20260518,601816,京沪高铁,4.96,4.99,5.0,4.93,174833300.0
20260518,601818,光大银行,3.11,3.09,3.12,3.08,154729200.0
20260518,601825,沪农商行,8.74,8.7,8.87,8.66,15248800.0
20260518,601827,三峰环境,7.97,8.02,8.02,7.96,4538100.0
20260518,601828,美凯龙,2.65,2.58,2.66,2.55,39741200.0
20260518,601838,成都银行,18.61,18.39,18.72,18.24,25054800.0
20260518,601857,中国石油,11.6,11.54,11.75,11.43,154923800.0
20260518,601858,中国科传,28.22,27.6,28.63,27.31,16572100.0
20260518,601860,紫金银行,2.58,2.58,2.59,2.56,25804300.0
20260518,601865,福莱特,12.63,12.66,12.84,12.46,17278700.0
20260518,601866,中远海发,2.6,2.61,2.62,2.58,76470200.0
20260518,601868,中国能建,3.24,3.15,3.25,3.12,904521100.0
20260518,601869,长飞光纤,368.0,399.48,401.99,367.5,16529900.0
20260518,601872,招商轮船,16.65,17.05,17.2,16.4,161993500.0
20260518,601877,正泰电器,31.83,32.21,32.83,31.78,26731100.0
20260518,601878,浙商证券,9.52,9.56,9.59,9.5,22089200.0
20260518,601880,辽港股份,1.61,1.62,1.62,1.59,123293500.0
20260518,601881,中国银河,12.35,12.29,12.46,12.23,34301700.0
20260518,601882,海天精工,24.2,23.25,24.22,23.05,10733700.0
20260518,601886,江河集团,9.27,9.13,9.41,9.0,10430800.0
20260518,601888,中国中免,59.06,58.11,59.2,57.88,28467600.0
20260518,601890,亚星锚链,10.06,9.99,10.18,9.94,27553100.0
20260518,601898,中煤能源,16.81,17.41,17.5,16.63,61449600.0
20260518,601899,紫金矿业,30.9,31.3,31.37,30.71,288798700.0
20260518,601900,南方传媒,12.3,12.3,12.39,12.15,6999300.0
20260518,601901,方正证券,6.99,6.96,7.04,6.91,53913300.0
20260518,601908,京运通,4.2,4.11,4.24,4.08,127526700.0
20260518,601916,浙商银行,2.99,2.99,3.0,2.98,62436300.0
20260518,601918,新集能源,8.85,9.26,9.29,8.75,83837300.0
20260518,601919,中远海控,14.18,14.0,14.21,13.98,84397900.0
20260518,601921,浙版传媒,7.44,7.4,7.49,7.39,6995300.0
20260518,601928,凤凰传媒,9.2,9.13,9.26,9.1,5398600.0
20260518,601929,吉视传媒,2.94,3.03,3.17,2.94,234241000.0
20260518,601933,永辉超市,3.62,3.63,3.65,3.62,58049700.0
20260518,601939,建设银行,9.74,9.76,9.82,9.7,68194600.0
20260518,601949,中国出版,5.63,5.55,5.69,5.53,10069000.0
20260518,601952,苏垦农发,9.09,9.01,9.15,8.96,11091800.0
20260518,601956,东贝集团,5.74,5.72,5.76,5.63,7766800.0
20260518,601958,金钼股份,20.45,21.56,22.09,20.15,57147200.0
20260518,601963,重庆银行,10.62,10.95,11.01,10.55,20834700.0
20260518,601965,中国汽研,17.09,16.91,17.24,16.72,12505400.0
20260518,601966,玲珑轮胎,12.75,12.38,12.75,12.34,13090000.0
20260518,601968,宝钢包装,4.91,4.84,4.91,4.78,14336900.0
20260518,601969,海南矿业,11.24,11.1,11.54,10.93,33161700.0
20260518,601975,招商南油,4.83,4.74,4.9,4.72,301359000.0
20260518,601985,中国核电,9.14,9.05,9.18,8.99,104214300.0
20260518,601988,中国银行,5.79,5.79,5.82,5.76,194088400.0
20260518,601990,南京证券,7.1,7.08,7.16,7.05,13751800.0
20260518,601991,大唐发电,7.68,7.93,8.12,7.63,1176291600.0
20260518,601992,金隅集团,1.59,1.58,1.6,1.56,57545400.0
20260518,601995,中金公司,33.62,33.56,33.88,33.37,14276200.0
20260518,601996,丰林集团,3.02,3.0,3.07,2.9,84742300.0
20260518,601997,贵阳银行,5.93,5.96,5.96,5.91,34988700.0
20260518,601998,中信银行,8.1,7.91,8.12,7.9,50961100.0
20260518,601999,出版传媒,6.7,6.71,6.74,6.6,7461600.0
20260518,603000,人民网,19.08,18.91,19.23,18.85,18634000.0
20260518,603001,奥康国际,8.84,8.81,8.91,8.68,8667400.0
20260518,603002,宏昌电子,14.85,14.98,15.65,14.73,71648800.0
20260518,603004,鼎龙科技,20.99,21.45,21.56,20.76,3134500.0
20260518,603005,晶方科技,32.4,33.03,33.49,32.32,42990700.0
20260518,603006,联明股份,13.96,13.99,14.06,13.66,3394400.0
20260518,603007,顺景科技,8.41,8.1,8.72,7.82,172956700.0
20260518,603009,北特科技,50.82,52.66,53.35,50.66,11085000.0
20260518,603010,万盛股份,14.51,14.4,14.9,14.3,10809500.0
20260518,603011,合锻智能,20.89,20.55,21.26,20.41,16006800.0
20260518,603012,创力集团,9.16,9.07,9.39,9.03,17130200.0
20260518,603013,亚普股份,21.39,21.28,21.65,20.91,4386400.0
20260518,603014,威高血净,34.94,34.58,34.94,34.32,745800.0
20260518,603015,弘讯科技,12.68,12.61,12.76,12.29,12168600.0
20260518,603016,新宏泰,51.55,48.7,52.08,48.1,5995500.0
20260518,603017,中衡设计,14.77,14.96,15.18,14.77,11683600.0
20260518,603018,华设集团,7.66,7.57,7.67,7.49,10170400.0
20260518,603019,中科曙光,94.29,98.7,101.6,94.1,92563800.0
20260518,603020,爱普股份,10.88,10.48,10.88,10.28,10918400.0
20260518,603022,新通联,11.33,11.49,11.53,11.21,4723500.0
20260518,603023,威帝股份,5.1,5.05,5.17,4.94,20284500.0
20260518,603025,大豪科技,16.44,16.35,16.59,16.13,13618800.0
20260518,603026,石大胜华,98.0,99.9,101.19,95.46,13017600.0
20260518,603027,千禾味业,8.38,8.15,8.41,8.12,15917400.0
20260518,603028,赛福天,9.47,9.48,9.52,9.27,7763800.0
20260518,603029,天鹅股份,19.23,19.32,19.41,18.83,2462000.0
20260518,603030,全筑股份,2.9,2.88,2.92,2.82,42264300.0
20260518,603031,安孚科技,49.11,54.89,54.89,48.9,19565900.0
20260518,603032,德新科技,22.55,22.51,23.07,22.26,12655900.0
20260518,603033,三维股份,11.54,11.5,11.7,11.25,9222300.0
20260518,603035,常熟汽饰,13.0,12.94,13.08,12.83,4600500.0
20260518,603036,如通股份,16.36,15.28,16.36,14.87,10451100.0
20260518,603037,凯众股份,15.05,14.73,15.1,14.55,15537500.0
20260518,603038,华立股份,15.99,16.5,16.91,15.93,6338700.0
20260518,603039,泛微网络,46.87,47.42,48.07,46.21,9841700.0
20260518,603040,新坐标,82.9,83.8,85.99,81.38,5435700.0
20260518,603041,美思德,14.22,14.31,14.4,13.82,4857200.0
20260518,603042,华脉科技,21.72,22.3,22.76,21.72,10945400.0
20260518,603043,广州酒家,14.4,14.38,14.52,14.24,2989100.0
20260518,603045,福达合金,67.1,70.95,71.6,64.0,14163400.0
20260518,603048,浙江黎明,23.33,23.2,23.33,22.92,1678500.0
20260518,603049,中策橡胶,47.39,46.83,47.48,46.53,2031600.0
20260518,603050,科林电气,22.92,23.82,24.55,21.8,14137200.0
20260518,603051,鹿山新材,24.4,24.14,24.47,23.98,5086600.0
20260518,603052,可川科技,110.0,103.44,115.97,102.25,14763900.0
20260518,603053,成都燃气,9.88,10.04,10.04,9.75,6067600.0
20260518,603055,台华新材,8.71,8.41,8.79,8.19,15597700.0
20260518,603057,紫燕食品,28.48,26.6,28.48,25.9,5153300.0
20260518,603058,永吉股份,11.3,11.27,11.66,11.16,10330000.0
20260518,603059,倍加洁,30.7,30.51,30.7,29.9,1473400.0
20260518,603060,国检集团,6.9,7.13,7.13,6.77,17596100.0
20260518,603061,金海通,301.81,301.62,313.0,297.0,3737600.0
20260518,603062,麦加芯彩,53.5,52.25,53.5,51.5,1335100.0
20260518,603063,禾望电气,58.0,57.9,59.28,56.68,37640000.0
20260518,603065,宿迁联盛,8.03,8.03,8.07,7.92,4343100.0
20260518,603066,音飞储存,11.63,11.74,11.83,11.6,5423600.0
20260518,603067,振华股份,39.01,39.17,41.37,38.7,31209800.0
20260518,603068,博通集成,36.98,37.87,38.35,36.5,5080500.0
20260518,603069,海汽集团,17.79,17.98,18.05,17.61,9929200.0
20260518,603070,万控智造,16.1,16.63,17.2,16.1,15606900.0
20260518,603071,物产环能,13.73,13.78,13.95,13.7,2615600.0
20260518,603072,天和磁材,38.09,38.09,38.48,37.51,2334000.0
20260518,603073,彩蝶实业,20.55,20.59,20.62,20.08,2310300.0
20260518,603075,热威股份,24.66,24.5,24.69,24.38,1900700.0
20260518,603076,乐惠国际,29.45,27.56,30.85,27.17,8272300.0
20260518,603077,和邦生物,2.7,2.72,2.74,2.66,152607800.0
20260518,603078,江化微,30.0,32.3,32.77,29.33,66315300.0
20260518,603079,圣达生物,15.27,15.23,15.45,15.08,2283700.0
20260518,603080,新疆火炬,23.29,23.72,24.34,23.29,5862200.0
20260518,603081,大丰实业,12.8,11.92,12.81,11.83,16099800.0
20260518,603082,北自科技,46.53,46.53,46.53,42.46,21118900.0
20260518,603083,剑桥科技,188.56,184.3,190.8,182.0,23538100.0
20260518,603085,天成自控,14.1,13.96,14.1,13.75,9128600.0
20260518,603086,先达股份,7.11,7.08,7.11,7.0,4903100.0
20260518,603087,甘李药业,56.0,54.62,56.33,54.26,8371200.0
20260518,603088,宁波精达,11.83,11.94,12.02,11.67,13352100.0
20260518,603089,正裕工业,11.39,11.33,11.4,11.08,2654100.0
20260518,603090,宏盛股份,65.0,64.88,66.78,63.7,3540500.0
20260518,603091,众鑫股份,83.99,85.7,85.95,83.51,655000.0
20260518,603092,德力佳,73.57,75.1,77.37,73.41,2320400.0
20260518,603093,南华期货,22.45,23.66,24.74,22.45,39906100.0
20260518,603095,越剑智能,23.53,22.3,23.99,22.1,14087000.0
20260518,603096,新经典,18.5,18.38,18.5,18.01,1533900.0
20260518,603097,江苏华辰,27.94,27.85,28.08,27.46,2090600.0
20260518,603098,森特股份,13.05,13.28,13.35,12.81,5815500.0
20260518,603099,长白山,37.72,37.4,38.29,37.02,5220400.0
20260518,603100,川仪股份,20.5,20.77,21.09,20.46,11779800.0
20260518,603101,汇嘉时代,8.24,8.04,8.24,7.9,13533000.0
20260518,603102,百合股份,39.25,39.43,39.99,39.0,788000.0
20260518,603103,横店影视,20.05,20.04,20.39,19.85,4562100.0
20260518,603105,芯能科技,9.89,9.7,9.94,9.57,17039600.0
20260518,603106,恒银科技,8.68,8.75,8.83,8.65,5430500.0
20260518,603107,上海汽配,14.49,14.34,14.49,14.24,1973600.0
20260518,603108,润达医疗,13.49,13.7,13.85,13.23,20294700.0
20260518,603109,神驰机电,21.97,21.71,21.97,21.55,2305500.0
20260518,603110,东方材料,23.98,23.52,24.4,23.0,18395300.0
20260518,603111,康尼机电,6.66,6.57,6.67,6.53,9084600.0
20260518,603112,华翔股份,22.03,21.94,22.36,21.75,7776200.0
20260518,603113,金能科技,5.35,5.32,5.37,5.28,9210700.0
20260518,603115,海星股份,74.0,83.27,83.27,74.0,6402600.0
20260518,603116,红蜻蜓,7.68,7.47,7.78,7.22,31254900.0
20260518,603117,万林物流,4.92,4.99,5.01,4.83,10800800.0
20260518,603118,共进股份,15.19,15.63,15.97,14.73,72517000.0
20260518,603119,浙江荣泰,72.4,74.98,76.58,70.59,31264800.0
20260518,603120,肯特催化,52.5,53.28,55.86,51.0,4835800.0
20260518,603121,华培动力,20.72,22.79,22.79,20.3,12275100.0
20260518,603122,合富中国,14.47,14.31,14.47,14.25,9930800.0
20260518,603123,翠微股份,11.16,11.26,11.35,11.14,10341900.0
20260518,603124,江南新材,122.0,120.1,122.47,119.03,2200700.0
20260518,603125,常青科技,25.07,27.03,27.03,24.68,12422400.0
20260518,603126,中材节能,8.28,8.4,8.48,8.28,27139100.0
20260518,603127,昭衍新药,39.98,39.17,40.4,38.9,35593000.0
20260518,603128,华贸物流,5.62,5.52,5.62,5.5,13017600.0
20260518,603129,春风动力,258.0,247.46,261.47,243.77,2513700.0
20260518,603130,云中马,47.59,48.15,48.69,46.64,1747600.0
20260518,603131,上海沪工,22.8,23.15,23.55,22.7,11756600.0
20260518,603132,金徽股份,18.58,19.17,19.64,18.42,8266600.0
20260518,603135,中重科技,12.5,12.1,12.51,11.9,7372700.0
20260518,603136,天目湖,10.14,10.09,10.15,9.93,3506700.0
20260518,603137,恒尚节能,13.72,13.85,13.86,13.7,2344900.0
20260518,603138,海量数据,18.4,19.13,19.35,18.4,13385900.0
20260518,603139,康惠股份,38.48,39.36,39.86,38.19,3921800.0
20260518,603150,万朗磁塑,71.2,70.7,72.13,69.82,1515000.0
20260518,603151,邦基科技,15.11,15.01,15.11,14.65,2625200.0
20260518,603153,上海建科,15.31,15.45,15.45,15.17,2086400.0
20260518,603155,新亚强,19.52,19.67,19.88,19.11,7735800.0
20260518,603156,养元饮品,49.0,51.46,51.46,48.89,26217400.0
20260518,603158,腾龙股份,14.51,14.27,14.7,14.09,26771500.0
20260518,603159,上海亚虹,25.55,25.69,25.98,25.32,1728400.0
20260518,603160,汇顶科技,64.33,64.86,65.57,63.38,4554400.0
20260518,603161,科华控股,14.1,14.16,14.16,13.85,2782600.0
20260518,603162,海通发展,18.6,19.26,19.74,18.42,18224200.0
20260518,603163,圣晖集成,110.85,110.98,113.98,108.3,4984900.0
20260518,603165,荣晟环保,18.1,18.26,18.36,17.6,7816000.0
20260518,603166,福达股份,14.7,14.61,14.95,14.51,10332000.0
20260518,603167,渤海轮渡,9.05,8.99,9.06,8.95,6666300.0
20260518,603168,莎普爱思,6.41,6.38,6.41,6.24,7569200.0
20260518,603169,兰石重装,8.79,8.69,8.81,8.58,19262100.0
20260518,603170,宝立食品,12.69,12.38,12.71,12.34,4867100.0
20260518,603171,税友股份,56.49,56.94,57.98,56.48,3797700.0
20260518,603172,万丰股份,22.5,23.35,24.34,22.5,8234100.0
20260518,603173,福斯达,39.49,38.35,39.49,38.05,1767200.0
20260518,603175,超颖电子,94.81,91.95,96.8,91.65,4919000.0
20260518,603176,汇通集团,5.61,5.6,5.64,5.45,4983800.0
20260518,603177,德创环保,11.36,11.62,11.67,11.36,2891800.0
20260518,603178,圣龙股份,21.2,21.6,21.99,20.7,24896200.0
20260518,603179,新泉股份,73.95,77.66,79.17,73.66,30546600.0
20260518,603180,金牌家居,18.55,18.62,18.68,18.17,998800.0
20260518,603181,皇马科技,14.91,14.69,15.06,14.5,10239800.0
20260518,603182,嘉华股份,14.68,14.59,14.68,14.3,2773500.0
20260518,603183,建研院,4.73,4.75,4.77,4.62,11638500.0
20260518,603185,弘元绿能,21.06,22.08,22.61,20.83,33040500.0
20260518,603186,华正新材,98.0,100.27,104.33,97.01,14886900.0
20260518,603187,海容冷链,13.85,13.32,13.98,13.12,9038700.0
20260518,603188,亚邦股份,5.18,5.06,5.19,4.95,19425700.0
20260518,603190,亚通精工,28.4,28.75,28.78,27.8,4351100.0
20260518,603191,望变电气,20.16,22.18,22.18,19.81,34566300.0
20260518,603192,汇得科技,22.3,22.25,22.36,21.78,1761600.0
20260518,603193,润本股份,24.12,23.51,24.18,23.4,3394200.0
20260518,603194,中力股份,36.48,35.63,36.48,35.43,1514900.0
20260518,603195,公牛集团,42.79,42.85,43.08,42.48,5298400.0
20260518,603196,璞源材料,28.29,29.0,29.33,28.02,4958500.0
20260518,603197,保隆科技,35.27,35.03,35.58,34.82,3564700.0
20260518,603198,迎驾贡酒,35.26,35.28,35.66,34.4,4924300.0
20260518,603199,九华旅游,35.75,35.46,35.75,35.2,1614300.0
20260518,603200,上海洗霸,57.08,57.26,57.91,55.93,3933700.0
20260518,603201,常润股份,15.86,15.75,15.9,15.56,1808700.0
20260518,603202,天有为,70.66,71.75,72.2,69.82,1200300.0
20260518,603203,快克智能,61.44,59.4,64.29,59.4,14527600.0
20260518,603205,健尔康,25.52,25.46,25.6,25.15,590500.0
20260518,603206,嘉环科技,17.08,19.12,19.12,17.08,13503500.0
20260518,603207,小方制药,25.45,25.46,25.64,25.11,771500.0
20260518,603208,江山欧派,14.18,14.04,14.18,13.6,2194200.0
20260518,603209,兴通股份,14.18,14.06,14.29,13.89,4534300.0
20260518,603210,泰鸿万立,16.06,15.65,16.06,15.53,3223200.0
20260518,603211,晋拓股份,30.17,29.32,30.17,29.0,11358400.0
20260518,603212,赛伍技术,15.06,14.81,15.1,14.71,18591900.0
20260518,603213,镇洋发展,13.6,13.48,13.67,13.4,2619300.0
20260518,603214,爱婴室,16.32,16.44,16.49,16.0,2647200.0
20260518,603215,比依股份,17.69,17.17,17.7,17.03,4373200.0
20260518,603216,梦天家居,27.58,28.73,28.84,27.33,4812100.0
20260518,603217,元利科技,31.53,31.04,32.07,30.0,6459400.0
20260518,603218,日月股份,12.5,12.41,12.6,12.33,8779500.0
20260518,603219,富佳股份,18.45,18.18,18.49,17.66,10534800.0
20260518,603220,中贝通信,31.5,32.03,32.3,31.15,63808400.0
20260518,603221,爱丽家居,12.05,11.99,12.16,11.82,3597900.0
20260518,603222,济民健康,9.92,10.01,10.07,9.85,11923300.0
20260518,603223,恒通股份,9.12,9.63,9.68,9.08,17375700.0
20260518,603225,新凤鸣,16.85,16.62,17.1,16.34,20640800.0
20260518,603226,菲林格尔,48.5,46.45,48.51,45.06,4839200.0
20260518,603227,雪峰科技,8.99,8.91,9.18,8.83,26215700.0
20260518,603228,景旺电子,70.13,73.54,74.0,69.46,29339100.0
20260518,603229,奥翔药业,10.01,9.96,10.1,9.86,6085900.0
20260518,603230,内蒙新华,10.43,10.35,10.48,10.21,1992100.0
20260518,603231,索宝蛋白,17.4,17.16,17.78,17.03,2639100.0
20260518,603232,格尔软件,18.9,19.17,19.23,18.81,4724600.0
20260518,603233,大参林,18.81,17.79,18.82,17.14,20695300.0
20260518,603235,天新药业,25.7,25.28,25.7,25.08,550200.0
20260518,603236,移远通信,72.9,74.7,75.74,71.55,6868300.0
20260518,603237,五芳斋,15.87,15.9,15.96,15.44,2809600.0
20260518,603238,诺邦股份,15.51,15.08,15.51,14.66,6606600.0
20260518,603239,浙江仙通,23.46,23.54,23.93,22.75,6557200.0
20260518,603248,锡华科技,31.53,31.15,32.87,31.0,21044800.0
20260518,603255,鼎际得,32.42,32.92,32.96,31.97,1322700.0
20260518,603256,宏和科技,134.1,131.48,134.9,130.0,18255900.0
20260518,603257,中国瑞林,64.35,64.79,65.34,63.81,1587900.0
20260518,603258,电魂网络,16.07,15.91,16.1,15.76,2569800.0
20260518,603259,药明康德,102.9,102.05,103.82,101.32,27470900.0
20260518,603260,合盛硅业,41.9,41.46,42.21,41.07,6973700.0
20260518,603261,立航科技,37.89,36.11,37.9,36.02,713200.0
20260518,603262,技源集团,26.17,26.56,26.63,25.9,1134200.0
20260518,603266,天龙股份,20.45,20.68,20.82,20.2,4057800.0
20260518,603267,鸿远电子,56.5,57.81,57.98,55.16,8623400.0
20260518,603268,松发股份,156.0,159.49,160.49,149.99,5391800.0
20260518,603269,海鸥股份,20.15,22.14,22.77,19.95,38543400.0
20260518,603270,金帝股份,29.1,29.19,29.46,28.5,5384800.0
20260518,603271,永杰新材,47.33,46.68,47.57,45.9,3029900.0
20260518,603273,天元智能,17.29,17.34,17.53,17.2,2010500.0
20260518,603275,众辰科技,52.68,52.12,52.68,51.1,3143400.0
20260518,603276,恒兴新材,17.78,17.92,18.01,17.58,2166500.0
20260518,603277,银都股份,12.88,12.81,12.99,12.65,1724600.0
20260518,603278,大业股份,16.85,17.07,18.25,16.35,109444400.0
20260518,603279,景津装备,17.81,17.05,17.91,16.88,11085300.0
20260518,603280,南方路机,33.0,32.4,33.0,32.14,1246700.0
20260518,603281,江瀚新材,36.8,37.12,38.13,36.01,4959900.0
20260518,603282,亚光股份,18.09,18.11,18.17,17.61,2033800.0
20260518,603283,赛腾股份,62.33,64.03,66.05,61.09,24307300.0
20260518,603284,林平发展,46.13,45.48,46.13,44.97,1486900.0
20260518,603285,键邦股份,50.0,48.62,51.5,47.57,5474900.0
20260518,603286,日盈电子,67.08,67.51,68.51,66.78,4884300.0
20260518,603288,海天味业,36.81,36.38,36.81,36.17,14319400.0
20260518,603289,泰瑞机器,10.97,11.51,11.68,10.74,13913800.0
20260518,603290,斯达半导,122.99,123.6,128.65,122.58,12833600.0
20260518,603291,联合水务,12.34,12.35,12.4,12.13,3157900.0
20260518,603293,埃泰克,51.2,53.51,53.51,50.8,4968900.0
20260518,603296,华勤技术,112.5,112.32,117.5,111.7,16610200.0
20260518,603297,永新光学,138.0,140.9,141.68,135.0,3744400.0
20260518,603298,杭叉集团,28.14,27.22,28.36,27.0,7738600.0
20260518,603299,苏盐井神,10.61,10.45,10.62,10.41,5044200.0
20260518,603300,海南华铁,6.59,6.53,6.67,6.5,44704600.0
20260518,603301,振德医疗,93.0,93.9,95.31,91.15,4291100.0
20260518,603303,得邦照明,19.66,21.89,21.89,19.66,6092100.0
20260518,603305,旭升集团,16.65,16.79,17.09,16.64,49989400.0
20260518,603306,华懋科技,107.0,111.52,112.73,106.95,17982600.0
20260518,603307,扬州金泉,43.95,44.14,44.36,43.5,744100.0
20260518,603308,应流股份,72.28,73.01,75.62,71.8,18217700.0
20260518,603309,维力医疗,13.74,13.41,13.79,13.15,7777100.0
20260518,603310,巍华新材,17.89,17.31,17.89,17.16,18028100.0
20260518,603311,金海高科,24.53,25.41,25.41,22.85,22700800.0
20260518,603312,西典新能,38.23,39.21,39.35,37.7,1454000.0
20260518,603313,梦百合,5.87,5.89,5.89,5.74,9870700.0
20260518,603315,福鞍股份,18.39,17.73,18.86,17.44,32099800.0
20260518,603316,诚邦股份,19.1,20.47,20.47,19.1,32973000.0
20260518,603317,天味食品,15.96,15.87,16.15,15.5,14081300.0
20260518,603318,水发燃气,11.0,11.12,11.34,10.73,66860900.0
20260518,603319,美湖股份,32.17,31.94,32.3,30.65,20460000.0
20260518,603320,迪贝电气,25.73,25.97,26.41,25.01,6848600.0
20260518,603321,梅轮电梯,7.35,7.39,7.42,7.27,3666300.0
20260518,603322,超讯科技,35.8,37.9,38.88,35.7,16300800.0
20260518,603323,苏农银行,4.78,4.76,4.79,4.74,15971900.0
20260518,603324,盛剑科技,27.77,27.75,27.93,27.36,3445300.0
20260518,603325,博隆技术,60.18,59.75,60.18,58.68,583100.0
20260518,603326,我乐家居,8.18,8.24,8.24,8.04,3538600.0
20260518,603327,福蓉科技,10.56,10.73,10.73,10.32,23558800.0
20260518,603328,依顿电子,11.84,12.22,12.5,11.71,27313900.0
20260518,603329,上海雅仕,11.52,11.42,11.57,11.33,3282500.0
20260518,603330,天洋新材,6.96,6.89,6.98,6.8,8881200.0
20260518,603331,百达精工,15.88,15.43,15.89,15.18,17771500.0
20260518,603332,苏州龙杰,14.51,14.29,14.52,13.99,7060800.0
20260518,603333,福华尚纬,9.9,9.18,9.95,9.11,71107300.0
20260518,603334,丰倍生物,47.88,48.44,50.29,47.88,2098000.0
20260518,603335,迪生力,7.35,7.23,7.41,7.12,14840800.0
20260518,603336,宏辉果蔬,12.08,12.89,12.93,12.02,21350700.0
20260518,603337,杰克科技,41.8,40.58,42.03,40.21,4078800.0
20260518,603338,浙江鼎力,56.85,54.88,56.98,54.41,7333800.0
20260518,603339,四方科技,13.61,13.59,13.61,13.31,4066100.0
20260518,603341,龙旗科技,39.11,38.93,39.37,38.62,7330700.0
20260518,603344,星德胜,31.53,33.6,33.62,31.5,11823500.0
20260518,603345,安井食品,101.0,99.25,101.19,98.71,4514500.0
20260518,603348,文灿股份,18.45,18.29,18.46,18.13,1942400.0
20260518,603350,安乃达,36.26,35.75,36.28,35.5,1196700.0
20260518,603351,威尔药业,27.5,27.12,27.59,26.84,877300.0
20260518,603352,至信股份,35.65,34.86,35.65,34.8,1350900.0
20260518,603353,和顺石油,45.22,46.28,47.59,44.85,6927200.0
20260518,603355,莱克电气,32.33,31.65,32.39,31.36,2491100.0
20260518,603356,华菱精工,20.1,19.43,20.26,19.22,4298800.0
20260518,603357,设计总院,7.26,7.18,7.28,7.11,5823300.0
20260518,603358,华达科技,34.35,37.84,37.84,33.98,26610000.0
20260518,603360,百傲化学,21.6,22.55,22.55,21.44,17778300.0
20260518,603363,傲农生物,3.62,3.51,3.74,3.51,126017800.0
20260518,603365,水星家纺,20.6,20.11,20.6,19.91,3934900.0
20260518,603366,日出东方,8.48,8.37,8.48,8.35,8934800.0
20260518,603367,辰欣药业,14.8,14.74,14.82,14.63,4340900.0
20260518,603368,柳药集团,16.5,16.3,16.55,16.27,3636600.0
20260518,603369,今世缘,27.8,27.91,28.08,27.26,8713300.0
20260518,603370,华新精科,48.27,47.42,48.5,46.58,4377400.0
20260518,603373,安邦护卫,46.9,46.15,47.8,45.46,2029000.0
20260518,603375,盛景微,46.93,47.96,48.68,46.51,3101400.0
20260518,603376,大明电子,30.57,31.63,32.35,30.1,2965400.0
20260518,603379,三美股份,62.71,58.0,62.94,57.78,20413800.0
20260518,603380,易德龙,37.3,39.18,39.87,37.09,6419100.0
20260518,603381,永臻股份,23.5,23.4,23.79,23.1,6401000.0
20260518,603382,海阳科技,25.36,25.92,26.22,24.46,2394500.0
20260518,603383,顶点软件,32.5,33.25,33.4,32.35,5205900.0
20260518,603385,惠达卫浴,6.42,6.39,6.44,6.26,4848500.0
20260518,603386,骏亚科技,16.87,16.53,17.0,15.8,39321600.0
20260518,603387,基蛋生物,9.52,9.5,9.59,9.38,10712300.0
20260518,603389,亚振家居,70.97,66.43,71.8,66.43,3175600.0
20260518,603390,通达电气,15.59,14.36,15.59,14.36,45540000.0
20260518,603391,力聚热能,62.83,64.41,64.47,61.99,897000.0
20260518,603392,万泰生物,39.36,39.92,40.41,39.36,3885700.0
20260518,603393,新天然气,30.9,31.6,31.76,30.42,14845600.0
20260518,603395,红四方,26.69,26.24,26.94,25.95,2908700.0
20260518,603396,金辰股份,36.5,36.24,36.98,35.71,3466000.0
20260518,603399,永杉锂业,20.23,19.54,20.49,19.44,86165300.0
20260518,603400,华之杰,87.12,87.84,90.0,85.2,2536400.0
20260518,603402,陕西旅游,99.01,100.19,101.48,98.01,1063200.0
20260518,603406,天富龙,33.7,33.0,33.88,32.88,1318000.0
20260518,603407,长裕集团,72.83,73.31,75.6,69.15,11375800.0
20260518,603408,建霖家居,11.42,11.29,11.49,11.19,2724000.0
20260518,603409,汇通控股,43.03,43.3,43.69,42.8,1562900.0
20260518,603416,信捷电气,64.71,63.5,65.5,63.5,9192400.0
20260518,603418,友升股份,55.6,54.42,56.22,54.15,2071400.0
20260518,603421,鼎信通讯,8.31,8.39,8.39,8.19,9593000.0
20260518,603439,三力制药,12.15,12.86,12.97,12.05,19849900.0
20260518,603444,吉比特,380.09,373.5,381.91,373.0,1331900.0
20260518,603456,九洲药业,12.98,12.78,12.98,12.7,11122900.0
20260518,603458,勘设股份,13.36,13.41,13.65,13.0,13082800.0
20260518,603459,红板科技,83.64,90.05,91.87,83.64,27689400.0
20260518,603466,风语筑,10.0,10.15,10.24,10.0,25573800.0
20260518,603477,巨星农牧,17.88,17.28,18.03,17.11,19051200.0
20260518,603486,科沃斯,64.76,68.12,68.43,64.0,16037900.0
20260518,603488,展鹏科技,11.65,11.46,11.73,11.29,10007900.0
20260518,603489,八方股份,38.97,38.38,39.48,37.89,5104900.0
20260518,603496,恒为科技,30.18,30.27,30.92,29.98,13229200.0
20260518,603499,翔港科技,21.31,21.36,21.82,21.16,5680800.0
20260518,603500,祥和实业,10.16,10.12,10.16,9.88,7305900.0
20260518,603501,豪威集团,100.9,99.79,102.84,99.02,28330000.0
20260518,603505,金石资源,20.33,21.67,21.93,19.68,89686300.0
20260518,603506,南都物业,13.07,13.09,13.11,12.85,2617700.0
20260518,603507,振江股份,45.01,46.98,47.49,44.73,11278900.0
20260518,603508,思维列控,25.84,25.39,25.85,24.6,10676100.0
20260518,603511,爱慕股份,14.41,14.5,14.55,14.1,2282700.0
20260518,603515,欧普照明,19.6,19.64,19.65,19.32,1360900.0
20260518,603516,淳中科技,114.0,119.97,124.39,113.26,11232200.0
20260518,603518,锦泓集团,9.53,9.4,9.63,9.32,5825500.0
20260518,603519,立霸股份,13.35,13.29,13.43,12.9,5627000.0
20260518,603520,司太立,13.86,12.95,13.86,12.88,75317800.0
20260518,603527,众源新材,12.91,13.48,13.72,12.75,16138100.0
20260518,603528,多伦科技,7.89,8.0,8.05,7.88,7626700.0
20260518,603529,爱玛科技,22.07,21.78,22.07,21.65,6013100.0
20260518,603530,神马电力,58.01,58.7,59.7,57.8,3848000.0
20260518,603533,掌阅科技,24.5,25.34,25.6,24.48,17690900.0
20260518,603535,嘉诚国际,8.44,8.37,8.46,8.23,8276900.0
20260518,603536,惠发食品,10.09,10.09,10.18,9.97,3777900.0
20260518,603538,美诺华,51.01,50.13,52.31,49.8,29439900.0
20260518,603551,奥普科技,11.46,11.7,11.72,11.22,4263900.0
20260518,603556,海兴电力,28.05,28.0,28.24,27.63,3681100.0
20260518,603558,健盛集团,13.25,12.45,13.29,12.02,14064100.0
20260518,603559,中通国脉,10.07,9.59,10.5,9.58,15968400.0
20260518,603565,中谷物流,10.6,10.45,10.68,10.38,11663400.0
20260518,603566,普莱柯,11.34,11.33,11.42,11.21,2627700.0
20260518,603567,珍宝岛,7.34,7.29,7.44,7.21,11268700.0
20260518,603568,伟明环保,20.35,20.06,20.6,19.91,5928200.0
20260518,603569,长久物流,6.37,6.44,6.45,6.32,3484800.0
20260518,603577,汇金通,11.17,11.32,11.37,11.11,4771700.0
20260518,603578,三星新材,14.85,14.92,15.11,14.71,4396100.0
20260518,603579,荣泰健康,22.06,21.96,22.18,21.76,3951600.0
20260518,603580,艾艾精工,26.57,27.04,27.04,25.81,2288300.0
20260518,603583,捷昌驱动,28.88,28.94,29.21,28.52,9088100.0
20260518,603585,苏利股份,18.21,18.0,18.21,17.86,3586900.0
20260518,603586,金麒麟,16.89,17.33,17.38,16.65,3494300.0
20260518,603587,地素时尚,13.07,13.07,13.19,12.87,2488000.0
20260518,603588,高能环境,13.0,13.15,13.43,12.91,73518600.0
20260518,603589,口子窖,22.16,21.46,22.27,21.33,8330200.0
20260518,603590,康辰药业,35.02,33.99,35.03,33.87,2375800.0
20260518,603596,伯特利,31.5,31.08,31.97,30.9,18533200.0
20260518,603598,引力传媒,24.6,24.3,25.47,24.1,37170700.0
20260518,603599,广信股份,12.12,11.89,12.23,11.8,14665000.0
20260518,603600,永艺股份,12.11,11.86,12.16,11.78,5370100.0
20260518,603601,再升科技,17.21,18.56,18.56,16.85,214848000.0
20260518,603602,纵横通信,13.99,13.84,13.99,13.57,5412100.0
20260518,603605,珀莱雅,56.5,56.17,56.75,55.22,3989300.0
20260518,603606,东方电缆,58.01,58.76,60.12,57.9,9897000.0
20260518,603607,京华激光,22.83,24.63,24.94,22.8,11663200.0
20260518,603608,天创时尚,13.53,15.35,15.57,13.53,59136200.0
20260518,603609,禾丰股份,6.58,6.59,6.63,6.5,3490200.0
20260518,603610,麒盛科技,19.08,18.92,19.48,18.66,16542500.0
20260518,603611,诺力股份,19.05,18.98,19.14,18.61,3053300.0
20260518,603612,索通发展,22.75,21.94,22.82,21.64,25048200.0
20260518,603613,国联股份,26.72,26.28,26.92,26.14,11704400.0
20260518,603615,茶花股份,23.0,22.88,23.12,22.3,4819700.0
20260518,603616,韩建河山,6.64,6.88,7.08,6.41,40241200.0
20260518,603617,君禾股份,7.92,7.82,7.93,7.66,9525300.0
20260518,603618,杭电股份,36.39,38.6,39.48,36.3,92170400.0
20260518,603619,中曼石油,29.6,30.25,30.5,29.31,26355400.0
20260518,603626,科森科技,25.1,26.71,27.4,24.88,45797900.0
20260518,603628,清源股份,11.99,11.97,12.11,11.8,5889900.0
20260518,603629,利通电子,167.62,174.58,174.66,164.0,31768300.0
20260518,603630,拉芳家化,15.37,15.28,15.46,15.08,3034600.0
20260518,603633,徕木股份,7.99,8.14,8.16,7.93,11417200.0
20260518,603636,南威软件,11.54,11.46,11.79,11.28,45141600.0
20260518,603637,镇海股份,17.23,17.76,18.1,17.08,10062900.0
20260518,603638,艾迪精密,25.9,26.06,26.39,25.62,9827100.0
20260518,603639,海利尔,11.64,11.37,11.64,11.27,3459100.0
20260518,603648,畅联股份,9.99,9.82,10.05,9.73,3642100.0
20260518,603650,彤程新材,57.92,60.02,60.97,57.2,28264100.0
20260518,603655,朗博科技,40.5,41.35,41.99,39.83,2123300.0
20260518,603656,泰禾智能,19.34,18.91,19.34,18.69,3105400.0
20260518,603657,春光科技,29.97,32.93,32.93,29.97,6111500.0
20260518,603658,安图生物,33.41,33.5,33.96,33.26,2281600.0
20260518,603659,璞泰来,31.79,31.65,32.27,31.14,38252000.0
20260518,603660,苏州科达,13.11,12.9,13.24,12.65,39658400.0
20260518,603661,恒林股份,27.52,27.24,27.52,26.87,1030500.0
20260518,603662,柯力传感,64.05,67.85,68.0,63.58,16891400.0
20260518,603663,三祥新材,42.69,42.87,44.09,42.6,8524700.0
20260518,603665,康隆达,30.19,32.99,33.52,30.18,11458600.0
20260518,603666,亿嘉和,30.4,30.57,31.09,30.0,6122500.0
20260518,603667,五洲新春,81.7,85.0,87.8,81.0,67304900.0
20260518,603668,天马科技,12.65,12.55,12.78,12.21,7802900.0
20260518,603669,灵康药业,4.38,4.36,4.39,4.31,7174800.0
20260518,603676,卫信康,9.99,9.82,10.0,9.69,3579900.0
20260518,603677,奇精机械,17.71,17.17,17.95,16.84,13967800.0
20260518,603678,火炬电子,31.99,32.73,33.52,31.6,8712700.0
20260518,603679,华体科技,17.69,17.68,18.08,17.32,12398400.0
20260518,603680,今创集团,15.05,14.47,15.13,14.33,8446100.0
20260518,603681,永冠新材,20.58,20.42,20.77,20.09,10800200.0
20260518,603682,锦和商管,9.0,8.93,9.07,8.43,13425100.0
20260518,603683,晶华新材,28.13,27.6,28.46,27.3,10409400.0
20260518,603685,晨丰科技,32.35,32.21,32.42,31.4,2541800.0
20260518,603686,福龙马,18.5,18.0,18.5,17.81,18539000.0
20260518,603687,大胜达,15.28,15.62,15.77,15.06,23159200.0
20260518,603688,石英股份,69.24,69.64,72.44,68.1,28475300.0
20260518,603689,皖天然气,8.42,8.57,8.6,8.39,5598400.0
20260518,603690,至纯科技,28.16,28.38,28.99,27.37,36063000.0
20260518,603693,江苏新能,14.94,16.43,16.43,14.88,20268900.0
20260518,603696,安记食品,15.0,15.0,15.03,14.75,3185200.0
20260518,603697,有友食品,11.34,11.68,11.85,11.0,30028200.0
20260518,603698,航天工程,38.3,39.8,41.83,38.2,26653100.0
20260518,603699,纽威股份,64.01,64.11,64.57,62.81,5512700.0
20260518,603700,宁水集团,12.29,12.24,12.3,11.97,5014600.0
20260518,603701,德宏股份,24.75,25.25,26.15,24.31,5489900.0
20260518,603703,盛洋科技,13.78,14.2,14.36,13.59,12106400.0
20260518,603706,东方环宇,23.09,23.54,23.54,22.95,1806300.0
20260518,603707,健友股份,8.63,8.5,8.7,8.44,10777000.0
20260518,603708,家家悦,10.0,10.01,10.04,9.83,5217800.0
20260518,603709,中源家居,18.95,18.85,18.95,18.48,2779000.0
20260518,603711,香飘飘,15.04,15.08,15.08,14.68,6108900.0
20260518,603712,七一二,15.0,14.9,15.09,14.65,10566000.0
20260518,603713,密尔克卫,54.56,52.63,54.84,52.3,2079100.0
20260518,603716,塞力医疗,20.7,20.56,20.98,20.42,6425800.0
20260518,603717,天域生物,7.7,7.46,7.79,7.3,23014400.0
20260518,603719,良品铺子,10.7,10.98,10.99,10.57,5499500.0
20260518,603721,中广天择,24.46,23.58,24.6,23.58,2149500.0
20260518,603722,阿科力,40.98,40.69,41.29,40.0,1636300.0
20260518,603725,天安新材,10.35,10.47,10.54,9.95,8954900.0
20260518,603726,朗迪集团,30.15,30.15,30.15,29.6,5296600.0
20260518,603727,博迈科,16.99,17.15,17.26,16.54,4258500.0
20260518,603728,鸣志电器,65.3,67.15,67.71,65.0,17229200.0
20260518,603730,岱美股份,11.1,10.98,11.1,10.72,30156500.0
20260518,603733,仙鹤股份,21.01,20.64,21.05,20.44,2845100.0
20260518,603737,三棵树,41.17,40.01,41.39,38.9,9961100.0
20260518,603738,泰晶科技,55.45,54.0,57.68,53.15,64737400.0
20260518,603739,蔚蓝生物,15.36,14.81,15.5,14.55,10134900.0
20260518,603755,日辰股份,27.65,27.8,27.91,27.3,1727400.0
20260518,603757,大元泵业,60.23,60.8,62.67,58.2,14698400.0
20260518,603758,秦安股份,13.37,13.1,13.38,12.92,6892700.0
20260518,603759,海天股份,8.76,8.8,8.82,8.64,3897700.0
20260518,603766,隆鑫通用,14.53,14.3,14.62,14.2,15159300.0
20260518,603767,中马传动,22.0,22.66,23.8,21.5,37020100.0
20260518,603768,常青股份,11.84,11.95,12.02,11.75,3301400.0
20260518,603773,沃格光电,67.49,67.49,67.49,67.49,1233300.0
20260518,603776,永安行,21.65,21.84,21.9,21.43,4186900.0
20260518,603777,来伊份,19.95,20.12,20.29,19.33,15158500.0
20260518,603778,国晟科技,21.6,22.46,22.79,21.4,37488400.0
20260518,603779,威龙股份,10.91,10.91,10.91,10.91,3364300.0
20260518,603786,科博达,55.72,54.08,55.72,53.81,5045500.0
20260518,603787,新日股份,11.5,11.54,11.54,11.3,3783100.0
20260518,603788,宁波高发,17.8,18.21,18.22,17.68,6392000.0
20260518,603790,雅运股份,29.61,28.59,29.61,27.5,4806800.0
20260518,603797,联泰环保,4.72,4.78,4.8,4.68,5153500.0
20260518,603798,康普顿,18.97,18.6,19.2,17.91,8830200.0
20260518,603799,华友钴业,58.0,58.31,58.75,57.45,47766000.0
20260518,603800,洪田股份,56.3,55.94,58.4,55.15,7782700.0
20260518,603801,志邦家居,8.48,8.2,8.48,8.11,4626000.0
20260518,603803,瑞斯康达,15.98,16.0,16.38,15.88,27922200.0
20260518,603806,福斯特,16.99,16.26,16.99,16.11,72970100.0
20260518,603808,歌力思,9.75,9.64,9.75,9.51,5046200.0
20260518,603809,豪能股份,11.48,11.39,11.53,11.29,15606400.0
20260518,603810,丰山集团,15.08,15.68,15.9,14.92,3710200.0
20260518,603811,诚意药业,11.43,11.35,11.45,11.23,4386300.0
20260518,603813,原尚股份,38.95,37.2,38.95,36.96,706100.0
20260518,603815,交建股份,7.05,6.92,7.11,6.8,16457600.0
20260518,603816,顾家家居,31.8,30.14,31.8,29.81,8964700.0
20260518,603817,海峡环保,6.93,6.9,6.94,6.8,9814100.0
20260518,603818,曲美家居,3.77,3.69,3.78,3.6,22712500.0
20260518,603819,神力股份,14.5,14.14,14.6,14.02,8888000.0
20260518,603823,百合花,20.46,20.9,21.18,20.1,12875600.0
20260518,603826,坤彩科技,34.28,37.02,37.8,34.07,12590000.0
20260518,603829,洛凯股份,26.42,26.28,26.58,25.6,3913600.0
20260518,603833,欧派家居,45.48,42.45,45.48,42.33,4785000.0
20260518,603836,海程邦达,13.92,13.92,14.04,13.78,2220000.0
20260518,603839,安正时尚,7.91,7.97,8.08,7.8,4748200.0
20260518,603848,好太太,16.12,15.94,16.19,15.52,3138300.0
20260518,603855,华荣股份,19.07,19.86,20.19,19.07,11992400.0
20260518,603856,东宏股份,11.96,12.3,12.34,11.96,5003100.0
20260518,603858,步长制药,15.82,15.58,15.85,15.46,6160600.0
20260518,603859,能科科技,41.21,45.32,45.32,40.82,20942700.0
20260518,603860,中公高科,31.63,31.8,31.88,31.0,1205900.0
20260518,603861,白云电器,15.4,16.21,16.4,15.35,16661900.0
20260518,603863,松炀资源,18.45,18.25,18.48,17.9,4622300.0
20260518,603866,桃李面包,4.85,4.87,4.87,4.82,6198700.0
20260518,603867,新化股份,36.65,39.49,40.13,35.34,22175300.0
20260518,603868,飞科电器,37.39,38.47,39.99,36.92,3466900.0
20260518,603871,嘉友国际,12.0,11.33,12.08,11.27,28862700.0
20260518,603876,鼎胜新材,29.21,28.59,29.3,27.1,41967500.0
20260518,603877,太平鸟,13.84,13.68,14.0,13.48,1920300.0
20260518,603878,武进不锈,7.72,7.83,7.88,7.6,11627900.0
20260518,603879,永悦科技,5.78,5.78,5.82,5.65,9699000.0
20260518,603880,南卫股份,8.68,8.4,8.74,8.15,13996600.0
20260518,603881,数据港,40.45,41.52,41.99,40.05,70865100.0
20260518,603882,金域医学,26.0,25.69,26.05,25.48,5334800.0
20260518,603883,老百姓,13.0,12.73,13.1,12.61,11635500.0
20260518,603885,吉祥航空,11.2,10.71,11.2,10.6,34199500.0
20260518,603886,元祖股份,12.06,11.86,12.11,11.65,4219600.0
20260518,603887,城地香江,14.85,14.85,15.7,14.78,34419600.0
20260518,603888,新华网,19.75,19.92,20.08,19.67,9164000.0
20260518,603889,新澳股份,8.18,7.96,8.22,7.89,17622900.0
20260518,603890,春秋电子,19.52,19.94,20.35,19.41,27402200.0
20260518,603893,瑞芯微,171.09,181.2,186.66,170.3,15667600.0
20260518,603895,天永智能,38.56,38.93,41.3,38.56,5455800.0
20260518,603896,寿仙谷,16.38,16.32,16.38,16.12,1883600.0
20260518,603897,长城科技,55.13,57.76,59.3,53.93,14370800.0
20260518,603898,好莱客,12.58,12.59,12.77,12.08,3458600.0
20260518,603899,晨光股份,23.74,22.53,23.76,22.0,12268500.0
20260518,603900,莱绅通灵,7.39,7.4,7.44,7.3,8116800.0
20260518,603901,永创智能,13.03,12.91,13.15,12.81,13084400.0
20260518,603903,中持股份,13.51,14.58,15.05,13.48,30832400.0
20260518,603906,龙蟠科技,27.4,27.6,27.89,27.22,28127200.0
20260518,603908,牧高笛,23.23,23.49,23.51,22.87,1276700.0
20260518,603909,建发合诚,11.75,11.9,11.94,11.68,3710900.0
20260518,603912,佳力图,11.35,11.24,11.73,11.12,29209300.0
20260518,603915,国茂股份,19.08,18.76,19.38,18.6,16669400.0
20260518,603916,苏博特,14.9,15.54,16.2,14.71,24861800.0
20260518,603917,合力科技,13.12,13.01,13.39,12.62,16827400.0
20260518,603918,金桥信息,13.1,12.8,13.19,12.58,16807500.0
20260518,603919,金徽酒,18.87,18.4,19.06,18.3,5504600.0
20260518,603920,世运电路,62.02,63.98,66.0,62.02,47408700.0
20260518,603926,铁流股份,25.01,24.3,25.01,24.2,9831300.0
20260518,603927,中科软,16.22,16.5,16.6,16.2,8169300.0
20260518,603928,兴业股份,16.71,16.66,16.88,16.32,6911200.0
20260518,603929,亚翔集成,192.0,183.26,195.68,182.44,4880300.0
20260518,603931,格林达,45.83,45.38,46.0,44.28,8442800.0
20260518,603933,睿能科技,26.8,26.27,27.05,26.0,14353100.0
20260518,603936,博敏电子,21.11,20.88,21.88,20.66,57157500.0
20260518,603937,丽岛新材,15.6,15.71,15.83,15.47,9613000.0
20260518,603938,三孚股份,41.0,44.43,44.43,41.0,12887000.0
20260518,603939,益丰药房,22.85,22.13,22.85,20.8,41604100.0
20260518,603948,建业股份,27.53,27.36,27.88,26.81,3103300.0
20260518,603949,雪龙集团,17.97,17.93,18.13,17.68,3785800.0
20260518,603950,长源东谷,69.9,69.4,71.29,68.2,8926600.0
20260518,603955,大千生态,24.92,24.51,24.92,24.22,1378000.0
20260518,603956,威派格,5.81,5.85,5.86,5.65,11579100.0
20260518,603958,哈森股份,24.61,23.51,24.99,22.88,11575700.0
20260518,603960,克来机电,23.2,22.55,23.2,22.37,10654600.0
20260518,603966,法兰泰克,13.36,13.3,13.4,13.03,8593900.0
20260518,603967,中创物流,13.45,13.34,13.49,13.22,3032400.0
20260518,603968,醋化股份,11.77,11.8,11.9,11.61,2744500.0
20260518,603969,银龙股份,10.0,9.86,10.16,9.77,19634600.0
20260518,603970,中农立华,12.5,12.6,12.61,12.39,1624100.0
20260518,603976,正川股份,21.26,21.39,21.52,21.08,1963700.0
20260518,603977,国泰集团,14.29,14.55,14.61,14.1,14112400.0
20260518,603978,深圳新星,33.2,33.02,34.68,32.5,15718500.0
20260518,603979,金诚信,62.0,63.2,63.63,60.53,9636700.0
20260518,603980,吉华集团,6.27,6.23,6.28,6.01,21100700.0
20260518,603982,泉峰汽车,7.65,7.65,7.67,7.45,8655600.0
20260518,603983,丸美生物,24.81,24.69,24.94,24.41,1399200.0
20260518,603985,恒润股份,27.05,27.54,28.29,26.94,37661600.0
20260518,603986,兆易创新,408.58,400.0,412.87,396.34,68798400.0
20260518,603987,康德莱,7.93,7.85,7.94,7.78,4619900.0
20260518,603988,中电电机,24.7,23.91,24.7,23.6,9124600.0
20260518,603989,艾华集团,19.97,22.0,22.0,19.85,18768800.0
20260518,603990,麦迪科技,16.7,16.48,16.92,16.28,16325800.0
20260518,603991,领先股份,124.57,124.8,127.59,123.75,2441900.0
20260518,603992,松霖科技,32.83,31.89,33.19,31.5,5872600.0
20260518,603993,洛阳钼业,18.15,18.31,18.38,17.81,230984700.0
20260518,603995,甬金股份,19.4,18.71,19.4,18.65,6251500.0
20260518,603997,继峰股份,13.42,13.52,13.69,13.35,17266800.0
20260518,603998,方盛制药,10.74,10.54,10.76,10.4,5530300.0
20260518,603999,读者传媒,6.53,6.77,7.07,6.53,19448900.0
20260518,605001,威奥股份,7.1,7.17,7.18,7.0,5523100.0
20260518,605003,众望布艺,27.69,27.7,28.02,27.25,1001000.0
20260518,605005,合兴股份,19.0,18.89,19.04,18.78,2485400.0
20260518,605006,山东玻纤,14.02,14.5,14.7,13.87,43159900.0
20260518,605007,五洲特纸,14.96,14.58,15.02,14.46,5422200.0
20260518,605008,长鸿高科,12.24,12.41,12.46,11.94,4051800.0
20260518,605009,豪悦护理,27.56,26.69,27.56,26.6,1644700.0
20260518,605011,杭州热电,22.18,22.24,22.59,21.98,5827800.0
20260518,605016,百龙创园,26.99,26.4,27.02,25.63,5960800.0
20260518,605018,长华集团,13.3,13.36,13.36,13.01,7914700.0
20260518,605020,永和股份,32.24,31.43,32.9,30.7,40129000.0
20260518,605028,世茂能源,25.52,25.22,25.75,22.97,1683500.0
20260518,605033,美邦股份,22.99,22.85,23.14,22.77,2411400.0
20260518,605050,福然德,12.11,11.91,12.11,11.8,4873300.0
20260518,605055,迎丰股份,12.7,12.85,12.93,12.37,7660300.0
20260518,605056,咸亨国际,23.82,23.62,23.94,23.15,6345500.0
20260518,605058,澳弘电子,37.8,38.13,38.62,36.5,3174600.0
20260518,605060,联德股份,55.32,56.05,57.34,55.12,6296300.0
20260518,605066,天正电气,7.53,7.8,7.85,7.49,10460400.0
20260518,605068,明新旭腾,27.43,26.79,27.69,26.51,3589200.0
20260518,605069,正和生态,16.6,16.12,16.6,15.84,7671700.0
20260518,605077,华康股份,18.1,18.51,18.79,18.04,20760500.0
20260518,605080,浙江自然,26.97,26.48,26.97,26.36,2320700.0
20260518,605086,龙高股份,33.74,32.75,34.91,32.56,5203900.0
20260518,605088,冠盛股份,36.6,36.92,37.13,36.14,2621400.0
20260518,605089,味知香,23.77,23.72,23.77,23.33,1154200.0
20260518,605090,九丰能源,43.51,43.37,43.92,42.75,15921400.0
20260518,605098,行动教育,59.45,58.8,60.19,58.27,1902000.0
20260518,605099,共创草坪,54.82,48.2,55.88,48.2,6574400.0
20260518,605100,华丰股份,50.4,53.18,53.4,50.01,4764900.0
20260518,605108,同庆楼,14.41,14.15,14.41,14.1,3045400.0
20260518,605111,新洁能,47.51,50.24,51.39,47.09,32375600.0
20260518,605116,奥锐特,21.53,21.22,21.53,21.08,2370800.0
20260518,605117,德业股份,150.0,159.29,159.87,146.5,15543200.0
20260518,605118,力鼎光电,44.5,43.0,44.6,42.95,3428600.0
20260518,605122,四方新材,14.55,14.64,14.68,14.29,3276500.0
20260518,605123,派克新材,111.0,121.25,121.25,111.0,2802100.0
20260518,605128,上海沿浦,34.5,34.0,34.8,33.71,4208200.0
20260518,605133,嵘泰股份,40.06,39.95,41.0,39.8,15069100.0
20260518,605136,丽人丽妆,10.51,10.48,10.56,10.22,7662600.0
20260518,605138,盛泰集团,7.89,7.8,7.91,7.68,7328900.0
20260518,605151,西上海,22.56,22.77,22.92,22.25,2427200.0
20260518,605155,西大门,16.61,16.53,16.84,16.25,2764200.0
20260518,605158,华达新材,8.18,8.05,8.19,7.9,10756500.0
20260518,605162,新中港,11.11,11.01,11.24,10.83,13713600.0
20260518,605166,聚合顺,11.71,11.5,11.71,11.35,6842300.0
20260518,605167,利柏特,19.26,19.27,19.9,19.06,5388000.0
20260518,605168,三人行,59.0,59.91,61.94,57.59,12645800.0
20260518,605169,洪通燃气,13.49,13.43,13.55,13.18,4733800.0
20260518,605177,东亚药业,22.69,22.36,22.78,21.44,4815400.0
20260518,605178,时空科技,77.6,72.6,79.79,72.1,6088800.0
20260518,605179,一鸣食品,16.01,15.97,16.01,15.75,2256000.0
20260518,605180,华生科技,15.3,15.4,15.48,15.06,1465700.0
20260518,605183,确成股份,16.25,16.16,16.28,15.96,1662400.0
20260518,605186,健麾信息,25.8,26.48,26.87,25.7,10729100.0
20260518,605188,国光连锁,14.98,14.97,15.11,14.87,2965700.0
20260518,605189,富春染织,18.25,17.67,18.69,17.46,20670700.0
20260518,605196,华通线缆,41.14,40.5,41.55,40.07,12893600.0
20260518,605198,安德利,58.7,63.09,63.8,58.4,10172300.0
20260518,605208,永茂泰,15.49,14.6,15.49,14.58,13352500.0
20260518,605218,伟时电子,17.77,19.35,19.35,17.61,7454700.0
20260518,605222,起帆电缆,37.88,36.78,39.17,36.49,14934600.0
20260518,605228,神通科技,14.65,14.16,14.65,14.03,7852500.0
20260518,605255,天普股份,100.0,102.79,107.24,99.02,1733300.0
20260518,605258,协和电子,36.1,37.02,37.2,35.4,2634000.0
20260518,605259,绿田机械,18.83,19.02,19.02,18.5,1833800.0
20260518,605266,健之佳,19.61,19.37,19.92,19.11,1759700.0
20260518,605268,王力安防,11.79,11.44,11.8,11.3,6092800.0
20260518,605277,新亚电子,23.3,23.3,23.62,23.01,4536000.0
20260518,605286,同力天启,43.06,43.88,45.35,42.21,4583100.0
20260518,605287,德才股份,48.1,49.16,49.8,46.9,7016700.0
20260518,605288,凯迪股份,80.32,86.45,87.88,79.18,1876700.0
20260518,605289,罗曼股份,154.28,153.4,160.9,150.7,3512900.0
20260518,605296,神农集团,30.03,29.32,30.32,29.03,5197800.0
20260518,605298,必得科技,61.24,56.15,61.24,55.93,4105800.0
20260518,605299,舒华体育,25.0,22.72,25.0,22.72,14653100.0
20260518,605300,佳禾食品,10.52,10.66,10.66,10.39,3191600.0
20260518,605303,园林股份,25.94,28.55,28.55,25.94,4804800.0
20260518,605305,中际联合,43.13,42.88,43.63,42.5,4822600.0
20260518,605318,法狮龙,89.0,97.9,97.9,88.38,3735900.0
20260518,605319,无锡振华,26.5,27.26,28.23,26.48,10317100.0
20260518,605333,沪光股份,23.75,23.3,23.89,22.92,3868900.0
20260518,605337,李子园,10.25,10.25,10.3,10.13,3364500.0
20260518,605338,巴比食品,23.1,23.42,23.43,22.68,3398900.0
20260518,605339,南侨食品,16.33,16.53,16.64,16.33,2701300.0
20260518,605358,立昂微,51.21,50.15,52.29,49.61,41528800.0
20260518,605365,立达信,21.23,21.45,23.5,20.82,37847700.0
20260518,605366,宏柏新材,11.56,11.9,12.24,11.22,44584400.0
20260518,605368,蓝天燃气,7.56,7.54,7.56,7.46,4063600.0
20260518,605369,拱东医疗,20.83,20.13,21.0,19.81,4432400.0
20260518,605376,博迁新材,120.49,117.99,122.6,116.61,11474800.0
20260518,605377,华旺科技,9.88,9.39,10.0,9.3,11531600.0
20260518,605378,野马电池,18.32,18.42,18.56,18.01,1776600.0
20260518,605388,均瑶健康,6.88,6.79,6.9,6.67,9820400.0
20260518,605389,长龄液压,120.0,118.47,124.56,117.71,2726600.0
20260518,605398,新炬网络,26.5,26.94,26.98,26.5,1306300.0
20260518,605399,晨光新材,15.22,15.13,15.54,14.95,11942700.0
20260518,605488,福莱新材,34.97,35.02,35.64,34.4,7548800.0
20260518,605499,东鹏饮料,141.94,142.2,142.36,138.59,5948300.0
20260518,605500,森林包装,9.52,9.62,9.63,9.35,7981500.0
20260518,605507,国邦医药,23.3,22.63,23.45,22.43,3788500.0
20260518,605555,德昌股份,16.22,16.61,16.88,16.1,12646300.0
20260518,605566,福莱蒽特,35.36,36.79,37.27,34.8,7107200.0
20260518,605567,春雪食品,10.76,10.91,10.94,10.63,3457500.0
20260518,605577,龙版传媒,11.29,11.14,11.32,11.02,5256400.0
20260518,605580,恒盛能源,21.43,21.23,21.52,20.98,4166500.0
20260518,605588,冠石科技,58.88,59.23,59.23,57.75,2222700.0
20260518,605589,圣泉集团,41.5,44.08,44.96,41.37,55554800.0
20260518,605598,上海港湾,55.35,56.22,58.3,54.71,4096200.0
20260518,605599,菜百股份,16.7,16.54,16.78,16.41,7649700.0
