日期,股票代码,股票名称,开盘价,收盘价,最高价,最低价,成交量(股)
20260403,000001,平安银行,11.28,11.12,11.28,11.09,75775700.0
20260403,000002,万  科Ａ,3.92,3.82,3.93,3.8,103542100.0
20260403,000006,深振业Ａ,8.86,8.15,8.88,8.09,47132900.0
20260403,000007,全新好,12.87,12.37,12.99,12.33,6638800.0
20260403,000008,神州高铁,3.04,2.81,3.07,2.81,340271900.0
20260403,000009,中国宝安,8.68,8.43,8.76,8.42,16388600.0
20260403,000011,深物业A,8.38,8.14,8.38,8.1,5247000.0
20260403,000012,南  玻Ａ,4.45,4.35,4.46,4.34,19909500.0
20260403,000014,沙河股份,13.3,12.7,13.32,12.68,9255400.0
20260403,000017,深中华A,6.81,6.57,6.84,6.55,4558000.0
20260403,000019,深粮控股,7.63,7.13,7.65,7.13,24752300.0
20260403,000020,深华发Ａ,15.49,14.82,15.52,14.74,10597200.0
20260403,000021,深科技,25.91,25.65,26.09,25.48,44821900.0
20260403,000025,特  力Ａ,15.94,15.6,15.99,15.59,2865700.0
20260403,000026,飞亚达,14.54,14.4,14.68,14.12,4352800.0
20260403,000027,深圳能源,6.79,6.6,6.81,6.6,44092500.0
20260403,000028,国药一致,26.7,26.4,26.95,26.28,7625900.0
20260403,000029,深深房Ａ,19.8,19.27,19.8,19.0,4170000.0
20260403,000030,富奥股份,5.12,4.8,5.14,4.8,45755100.0
20260403,000031,大悦城,2.86,2.8,2.87,2.78,15400300.0
20260403,000032,深桑达Ａ,17.59,17.14,17.62,17.01,15921000.0
20260403,000034,神州数码,32.51,32.06,32.65,31.79,12196900.0
20260403,000035,中国天楹,6.7,6.49,6.71,6.47,43822900.0
20260403,000036,华联控股,4.82,4.66,4.83,4.61,23633800.0
20260403,000037,深南电A,10.61,9.75,10.69,9.75,48558200.0
20260403,000039,中集集团,10.59,10.74,10.84,10.33,43848700.0
20260403,000042,中洲控股,8.71,8.66,8.75,8.57,4211100.0
20260403,000045,深纺织Ａ,12.78,12.2,12.89,12.12,14226000.0
20260403,000048,京基智农,17.88,17.24,18.2,17.24,39355300.0
20260403,000049,德赛电池,25.78,24.56,25.78,24.53,9976200.0
20260403,000050,深天马Ａ,7.91,7.79,7.95,7.77,14487800.0
20260403,000055,方大集团,3.61,3.42,3.63,3.41,8519600.0
20260403,000058,深 赛 格,7.95,7.7,8.0,7.69,5896500.0
20260403,000059,华锦股份,5.32,5.13,5.33,5.11,26557900.0
20260403,000060,中金岭南,6.1,5.99,6.12,5.96,57422400.0
20260403,000061,农 产 品,7.39,7.09,7.41,7.07,18041600.0
20260403,000062,深圳华强,24.34,24.57,25.39,24.13,27030700.0
20260403,000063,中兴通讯,32.33,32.08,32.62,32.08,46858400.0
20260403,000065,北方国际,14.8,13.97,15.05,13.92,71840500.0
20260403,000066,中国长城,14.49,14.19,14.56,14.16,38969700.0
20260403,000068,华控赛格,3.34,3.19,3.35,3.17,15716600.0
20260403,000069,华侨城Ａ,2.19,2.16,2.19,2.14,36311300.0
20260403,000070,特发信息,19.03,18.68,19.6,18.52,143201300.0
20260403,000088,盐 田 港,4.58,4.55,4.61,4.52,24406500.0
20260403,000089,深圳机场,6.97,6.88,6.99,6.88,6339100.0
20260403,000090,天健集团,3.57,3.5,3.59,3.48,19462400.0
20260403,000096,广聚能源,10.28,9.8,10.3,9.79,10774500.0
20260403,000099,中信海直,16.95,16.44,16.95,16.44,7079800.0
20260403,000100,TCL科技,4.2,4.16,4.23,4.15,208994500.0
20260403,000151,中成股份,11.7,11.34,11.78,11.33,4446500.0
20260403,000153,丰原药业,6.71,6.6,6.87,6.6,16155000.0
20260403,000155,川能动力,16.37,16.1,16.85,16.05,117215200.0
20260403,000156,华数传媒,7.36,7.19,7.39,7.17,9300600.0
20260403,000157,中联重科,8.55,8.46,8.57,8.38,42322000.0
20260403,000158,常山北明,17.38,16.94,17.44,16.94,16533700.0
20260403,000159,国际实业,6.53,6.18,6.55,6.13,15513200.0
20260403,000166,申万宏源,4.68,4.64,4.69,4.63,50171600.0
20260403,000301,东方盛虹,11.09,11.14,11.38,10.93,29337900.0
20260403,000333,美的集团,77.3,76.35,77.35,76.2,17277300.0
20260403,000338,潍柴动力,25.39,25.1,25.9,25.06,64469500.0
20260403,000400,许继电气,27.45,26.91,27.6,26.85,15795900.0
20260403,000401,金隅冀东,4.82,4.72,4.84,4.71,17891600.0
20260403,000402,金 融 街,2.51,2.46,2.52,2.46,9544700.0
20260403,000403,派林生物,13.05,12.76,13.08,12.71,6747800.0
20260403,000404,长虹华意,7.13,6.88,7.15,6.86,7629500.0
20260403,000407,胜利股份,4.68,4.46,4.7,4.46,26412300.0
20260403,000408,藏格矿业,82.01,81.4,82.5,80.8,7988300.0
20260403,000409,云鼎科技,10.33,10.03,10.33,9.99,4531300.0
20260403,000410,沈阳机床,6.55,6.43,6.59,6.4,10583500.0
20260403,000411,英特集团,11.19,10.95,11.2,10.95,4185100.0
20260403,000415,渤海租赁,4.37,4.31,4.41,4.25,47552300.0
20260403,000417,合百集团,6.53,6.38,6.58,6.37,9935200.0
20260403,000419,通程控股,5.86,5.64,5.9,5.63,6483300.0
20260403,000420,吉林化纤,4.68,4.45,4.7,4.45,104721800.0
20260403,000421,南京公用,6.6,6.29,6.62,6.28,10001700.0
20260403,000422,湖北宜化,15.86,15.21,15.89,15.13,36279300.0
20260403,000423,东阿阿胶,56.76,56.11,56.96,55.71,4777800.0
20260403,000425,徐工机械,10.3,10.2,10.38,10.16,32254500.0
20260403,000426,兴业银锡,40.51,39.42,40.63,39.38,29675400.0
20260403,000428,华天酒店,4.04,3.87,4.05,3.86,21142700.0
20260403,000429,粤高速Ａ,13.12,13.08,13.18,12.98,6947400.0
20260403,000430,张家界,7.38,7.28,7.38,7.27,1635000.0
20260403,000498,山东路桥,5.77,5.66,5.78,5.65,15312800.0
20260403,000501,武商集团,8.45,8.3,8.46,8.28,4449100.0
20260403,000503,国新健康,7.96,7.76,8.01,7.76,8658600.0
20260403,000504,南华生物,10.14,9.79,10.14,9.77,3201700.0
20260403,000505,京粮控股,6.92,6.5,6.93,6.48,14520600.0
20260403,000506,招金黄金,16.96,16.52,16.99,16.38,20005900.0
20260403,000507,珠海港,5.53,5.28,5.58,5.28,31103000.0
20260403,000509,华塑控股,3.69,3.51,3.71,3.46,44151700.0
20260403,000510,新金路,14.37,13.99,14.43,13.78,32200900.0
20260403,000513,丽珠集团,34.72,34.43,34.9,34.38,5763800.0
20260403,000514,渝 开 发,4.66,4.52,4.69,4.5,6537300.0
20260403,000516,国际医学,5.05,4.86,5.07,4.84,59565000.0
20260403,000517,荣安地产,1.92,1.87,1.93,1.85,21629000.0
20260403,000518,四环生物,2.91,2.79,2.92,2.76,16949900.0
20260403,000519,中兵红箭,16.78,16.55,16.88,16.42,17395300.0
20260403,000520,凤凰航运,4.19,4.01,4.22,4.01,20850800.0
20260403,000521,长虹美菱,6.07,5.77,6.09,5.7,31842900.0
20260403,000523,红棉股份,3.32,3.16,3.33,3.15,31315200.0
20260403,000524,岭南控股,10.83,10.4,10.95,10.35,14717200.0
20260403,000525,红太阳,5.81,5.69,5.83,5.66,20975600.0
20260403,000526,学大教育,31.13,30.19,31.14,30.06,1759100.0
20260403,000528,柳    工,9.36,9.24,9.4,9.2,16299000.0
20260403,000529,广弘控股,5.79,5.6,5.79,5.57,6563400.0
20260403,000530,冰山冷热,5.91,5.75,5.95,5.73,9754500.0
20260403,000531,穗恒运Ａ,6.79,6.47,6.79,6.44,24485100.0
20260403,000532,华金资本,13.2,13.18,13.81,13.1,8931700.0
20260403,000533,顺钠股份,14.47,13.74,14.55,13.6,46862100.0
20260403,000534,万泽股份,38.3,37.11,38.82,36.92,15695900.0
20260403,000536,华映科技,4.26,4.16,4.28,4.16,27638600.0
20260403,000537,绿发电力,9.99,9.71,10.03,9.65,40180500.0
20260403,000538,云南白药,56.63,56.46,57.2,56.32,7417700.0
20260403,000539,粤电力Ａ,5.61,5.34,5.63,5.32,91700900.0
20260403,000541,佛山照明,5.6,5.46,5.6,5.45,5731600.0
20260403,000543,皖能电力,8.18,7.99,8.2,7.94,46184900.0
20260403,000544,中原环保,8.44,7.98,8.49,7.96,15240200.0
20260403,000545,金浦钛业,3.06,2.89,3.07,2.83,59335700.0
20260403,000546,金圆股份,6.36,6.04,6.46,5.93,55862300.0
20260403,000547,航天发展,27.19,25.78,27.3,25.7,132626600.0
20260403,000548,湖南投资,5.51,5.24,5.51,5.2,10542800.0
20260403,000550,江铃汽车,18.9,18.43,19.04,18.28,5854000.0
20260403,000551,创元科技,13.07,12.72,13.17,12.72,6412800.0
20260403,000553,安道麦A,6.34,6.04,6.37,5.97,12935800.0
20260403,000554,泰山石油,8.47,8.22,8.51,8.13,36619100.0
20260403,000555,神州信息,14.21,13.83,14.34,13.73,22760400.0
20260403,000557,西部创业,4.66,4.54,4.67,4.53,7073200.0
20260403,000558,天府文旅,4.56,4.35,4.56,4.34,20968800.0
20260403,000559,万向钱潮,15.41,14.8,15.42,14.79,42553200.0
20260403,000560,我爱我家,2.88,2.84,2.89,2.83,64324600.0
20260403,000561,烽火电子,9.57,9.28,9.57,9.27,6510800.0
20260403,000563,陕国投Ａ,3.38,3.33,3.4,3.31,39509200.0
20260403,000564,供销大集,1.85,1.8,1.87,1.78,251874300.0
20260403,000565,渝三峡Ａ,7.34,6.97,7.36,6.94,10325700.0
20260403,000566,海南海药,5.56,5.33,5.58,5.32,62564800.0
20260403,000567,海德股份,5.2,5.04,5.21,5.03,7704100.0
20260403,000568,泸州老窖,105.9,104.27,106.5,104.1,4346400.0
20260403,000570,苏常柴Ａ,5.6,5.28,5.62,5.27,14232100.0
20260403,000571,新大洲A,5.59,5.38,5.59,5.35,17108900.0
20260403,000572,海马汽车,5.66,5.4,5.68,5.36,72618200.0
20260403,000573,粤宏远Ａ,4.12,3.89,4.13,3.87,22315000.0
20260403,000576,甘化科工,9.18,8.9,9.18,8.87,6609600.0
20260403,000581,威孚高科,20.48,20.13,20.52,20.08,10167600.0
20260403,000582,北部湾港,10.58,10.32,10.68,10.3,24103200.0
20260403,000586,汇源通信,18.87,18.87,18.87,18.87,4178300.0
20260403,000589,贵州轮胎,4.68,4.56,4.69,4.53,24657900.0
20260403,000590,古汉医药,11.96,11.47,11.97,11.45,6154800.0
20260403,000591,太阳能,5.36,5.2,5.37,5.19,86066000.0
20260403,000592,平潭发展,12.31,11.68,12.48,11.62,359655100.0
20260403,000593,德龙汇能,16.9,16.72,17.48,16.66,27159100.0
20260403,000595,新能股份,6.31,6.17,6.42,6.13,12686700.0
20260403,000596,古井贡酒,109.65,106.46,109.9,106.22,2368400.0
20260403,000597,东北制药,5.4,5.32,5.45,5.27,25768600.0
20260403,000598,兴蓉环境,6.73,6.63,6.75,6.6,22584300.0
20260403,000599,青岛双星,5.47,5.34,5.49,5.27,18186800.0
20260403,000600,建投能源,8.9,8.69,8.95,8.67,26064200.0
20260403,000601,韶能股份,6.62,6.31,6.66,6.28,104262600.0
20260403,000603,盛达资源,39.05,38.62,39.3,37.87,11845200.0
20260403,000605,渤海股份,6.78,6.42,6.79,6.4,8292100.0
20260403,000607,华媒控股,4.19,3.86,4.19,3.86,19614300.0
20260403,000608,阳光股份,3.96,3.86,4.0,3.78,15831300.0
20260403,000612,焦作万方,11.83,11.38,11.89,11.24,33269900.0
20260403,000617,中油资本,10.91,10.7,10.91,10.56,783001100.0
20260403,000619,海螺新材,5.89,5.52,5.89,5.5,11675500.0
20260403,000620,盈新发展,2.7,2.64,2.72,2.62,110198900.0
20260403,000623,吉林敖东,17.72,17.44,17.76,17.42,6600200.0
20260403,000625,长安汽车,10.04,10.03,10.14,9.99,45889900.0
20260403,000626,远大控股,8.15,7.61,8.17,7.5,15701100.0
20260403,000628,高新发展,50.61,49.24,50.8,48.99,5685000.0
20260403,000629,钒钛股份,3.3,3.21,3.31,3.2,79932900.0
20260403,000630,铜陵有色,5.85,5.75,5.87,5.73,120413800.0
20260403,000631,顺发恒能,3.52,3.32,3.57,3.31,73052200.0
20260403,000633,合金投资,6.65,6.41,6.69,6.33,7385200.0
20260403,000636,风华高科,18.72,18.61,18.87,18.5,28421000.0
20260403,000637,茂化实华,4.6,4.3,4.63,4.28,16848400.0
20260403,000650,仁和药业,5.86,5.83,5.93,5.82,25442700.0
20260403,000651,格力电器,37.81,37.47,37.91,37.38,17213500.0
20260403,000652,泰达股份,3.94,3.82,3.96,3.79,11866400.0
20260403,000655,金岭矿业,8.74,8.47,8.75,8.45,5087800.0
20260403,000656,金科股份,1.36,1.35,1.37,1.34,40013100.0
20260403,000657,中钨高新,46.86,46.27,47.24,46.0,35531400.0
20260403,000661,长春高新,86.48,84.68,86.48,84.66,3713400.0
20260403,000663,永安林业,6.75,6.41,6.75,6.31,9834500.0
20260403,000665,湖北广电,4.82,4.67,4.86,4.66,9352100.0
20260403,000668,荣丰控股,14.42,14.6,14.61,14.06,1063100.0
20260403,000670,盈方微,7.77,7.11,7.81,7.11,78076700.0
20260403,000672,上峰材料,13.01,12.66,13.03,12.6,6207000.0
20260403,000676,智度股份,7.57,7.37,7.63,7.36,10478700.0
20260403,000678,襄阳轴承,12.93,13.15,13.3,12.79,32726600.0
20260403,000679,大连友谊,6.48,6.31,6.51,6.31,5394900.0
20260403,000680,山推股份,11.23,11.14,11.38,11.12,12485400.0
20260403,000681,视觉中国,19.99,19.16,20.02,19.11,18328500.0
20260403,000682,东方电子,12.07,11.76,12.12,11.74,13620100.0
20260403,000683,博源化工,8.27,8.41,8.46,8.18,40605300.0
20260403,000685,中山公用,11.04,10.69,11.07,10.61,12842000.0
20260403,000686,东北证券,8.07,7.95,8.09,7.94,10725700.0
20260403,000688,国城矿业,40.3,40.02,41.17,38.64,20378500.0
20260403,000690,宝新能源,4.74,4.58,4.78,4.57,91309500.0
20260403,000691,亚太实业,7.75,7.68,7.88,7.68,4128000.0
20260403,000692,惠天热电,4.25,4.0,4.26,3.97,40118400.0
20260403,000695,滨海能源,12.87,11.73,12.87,11.61,26498800.0
20260403,000697,炼石航空,9.35,9.21,9.39,9.13,4469800.0
20260403,000700,模塑科技,12.0,11.52,12.02,11.49,24092100.0
20260403,000701,厦门信达,5.94,5.76,5.98,5.74,10947800.0
20260403,000702,正虹科技,6.55,6.15,6.57,6.13,7343700.0
20260403,000703,恒逸石化,12.73,12.87,13.0,12.43,28500900.0
20260403,000705,浙江震元,9.06,8.82,9.13,8.81,7726200.0
20260403,000707,双环科技,6.02,5.78,6.05,5.75,13579700.0
20260403,000708,中信特钢,16.38,16.61,16.86,16.33,13405100.0
20260403,000709,河钢股份,2.31,2.28,2.32,2.27,70278600.0
20260403,000710,贝瑞基因,10.63,10.31,10.7,10.31,15597800.0
20260403,000711,京蓝科技,3.98,4.13,4.13,3.9,233165800.0
20260403,000712,锦龙股份,10.13,9.95,10.17,9.95,11185100.0
20260403,000713,国投丰乐,6.52,6.25,6.53,6.22,9790400.0
20260403,000715,中兴商业,5.83,5.65,5.86,5.62,6316900.0
20260403,000716,黑芝麻,5.22,5.09,5.23,5.09,6060000.0
20260403,000717,中南股份,2.43,2.38,2.44,2.37,23072300.0
20260403,000718,苏宁环球,2.06,2.0,2.07,1.99,31470900.0
20260403,000719,中原传媒,13.16,12.83,13.2,12.82,4643300.0
20260403,000720,新能泰山,5.62,5.94,5.94,5.32,294656800.0
20260403,000721,西安饮食,7.75,7.51,7.76,7.47,6490500.0
20260403,000722,湖南发展,13.53,12.75,13.6,12.74,39420600.0
20260403,000723,美锦能源,4.63,4.42,4.64,4.42,88641800.0
20260403,000725,京东方Ａ,3.96,3.93,3.97,3.92,277051400.0
20260403,000726,鲁  泰Ａ,6.98,6.78,7.0,6.75,6977000.0
20260403,000727,冠捷科技,2.58,2.52,2.59,2.52,70533900.0
20260403,000728,国元证券,7.66,7.56,7.67,7.54,12459100.0
20260403,000729,燕京啤酒,13.81,13.87,14.22,13.74,87954800.0
20260403,000731,四川美丰,7.29,6.89,7.3,6.8,29416200.0
20260403,000733,振华科技,44.98,44.0,45.1,43.98,6981700.0
20260403,000735,罗 牛 山,6.74,6.4,6.74,6.39,24827000.0
20260403,000736,中交发展,4.95,4.79,4.96,4.78,5360000.0
20260403,000737,北方铜业,13.16,12.86,13.23,12.86,20552600.0
20260403,000738,航发控制,21.51,20.72,21.59,20.7,16311700.0
20260403,000739,普洛药业,18.07,17.6,18.25,17.57,11092400.0
20260403,000750,国海证券,3.78,3.74,3.8,3.73,35056700.0
20260403,000751,锌业股份,5.21,5.12,5.24,5.06,32426600.0
20260403,000753,漳州发展,7.15,7.03,7.23,7.0,45448700.0
20260403,000755,山西高速,5.16,5.0,5.18,4.97,10318100.0
20260403,000756,新华制药,15.01,14.72,15.22,14.71,6558500.0
20260403,000757,浩物股份,4.74,4.55,4.78,4.51,12779800.0
20260403,000758,中色股份,6.5,6.37,6.53,6.37,21005000.0
20260403,000759,中百集团,5.57,5.36,5.57,5.35,11038700.0
20260403,000761,本钢板材,3.09,2.95,3.1,2.93,24643200.0
20260403,000762,西藏矿业,31.26,30.29,32.15,30.16,53270300.0
20260403,000766,通化金马,19.64,19.11,19.83,19.07,13518400.0
20260403,000767,晋控电力,3.74,3.51,3.76,3.5,212843400.0
20260403,000768,中航西飞,24.37,24.02,24.5,23.85,17944100.0
20260403,000776,广发证券,17.99,17.84,18.09,17.83,23266200.0
20260403,000777,中核科技,21.91,21.35,22.0,21.25,6961900.0
20260403,000778,新兴铸管,4.63,4.59,4.65,4.52,43395700.0
20260403,000779,甘咨询,8.78,8.5,8.87,8.45,6592400.0
20260403,000782,恒申新材,5.43,5.19,5.44,5.17,12046900.0
20260403,000783,长江证券,6.91,6.8,6.94,6.79,28615900.0
20260403,000785,居然智家,2.41,2.34,2.42,2.33,40441300.0
20260403,000786,北新建材,26.11,25.75,26.17,25.55,10836300.0
20260403,000788,北大医药,7.4,7.13,7.85,7.13,215777800.0
20260403,000789,万年青,5.32,5.08,5.32,5.07,11370200.0
20260403,000790,华神科技,4.22,4.03,4.24,4.02,24536900.0
20260403,000791,甘肃能源,7.29,7.18,7.5,7.16,53760700.0
20260403,000792,盐湖股份,36.68,36.25,36.8,35.64,56534300.0
20260403,000795,英洛华,8.73,8.56,8.77,8.54,6555100.0
20260403,000796,凯撒旅业,5.28,5.04,5.28,5.04,30749200.0
20260403,000797,中国武夷,2.85,2.73,2.86,2.72,28378400.0
20260403,000798,中水渔业,10.25,9.92,10.25,9.89,10469300.0
20260403,000799,酒鬼酒,42.98,41.41,43.22,41.3,6253600.0
20260403,000800,一汽解放,6.69,6.61,6.73,6.59,10597700.0
20260403,000801,四川九洲,13.6,13.2,13.64,13.2,11814700.0
20260403,000802,北京文化,3.91,3.78,3.91,3.76,8970200.0
20260403,000803,山高环能,8.51,8.25,8.6,8.1,12619900.0
20260403,000807,云铝股份,32.6,31.99,32.66,31.6,42634000.0
20260403,000809,和展能源,3.56,3.39,3.57,3.37,30307000.0
20260403,000810,创维数字,10.66,10.6,10.72,10.51,8978300.0
20260403,000811,冰轮环境,16.95,16.74,17.04,16.7,11866700.0
20260403,000812,陕西金叶,4.19,4.03,4.21,4.02,11195300.0
20260403,000813,德展健康,3.6,3.48,3.61,3.48,36662400.0
20260403,000815,美利云,20.25,19.37,20.62,19.13,165843400.0
20260403,000816,智慧农业,3.24,3.11,3.25,3.09,29946900.0
20260403,000818,航锦科技,20.19,19.29,20.4,19.19,22586700.0
20260403,000819,岳阳兴长,14.54,14.16,14.65,14.12,3006000.0
20260403,000820,神雾节能,3.41,3.38,3.43,3.34,3208200.0
20260403,000822,山东海化,6.62,6.15,6.8,6.15,95945000.0
20260403,000823,超声电子,12.8,12.65,12.92,12.65,12458100.0
20260403,000825,太钢不锈,4.37,4.29,4.38,4.27,27686200.0
20260403,000828,东莞控股,9.88,9.87,9.91,9.85,5975400.0
20260403,000829,天音控股,10.21,10.19,10.48,9.88,28090200.0
20260403,000830,鲁西化工,15.79,15.34,15.79,15.07,26503600.0
20260403,000831,中国稀土,47.19,47.0,47.72,46.91,15503900.0
20260403,000833,粤桂股份,25.18,23.74,25.29,23.09,46444500.0
20260403,000837,秦川机床,10.48,10.11,10.48,10.11,9628700.0
20260403,000839,国安股份,3.23,3.09,3.24,3.08,85619800.0
20260403,000848,承德露露,7.99,7.92,8.01,7.86,6023300.0
20260403,000850,华茂股份,4.91,4.72,4.91,4.71,8484500.0
20260403,000852,石化机械,7.06,6.82,7.13,6.78,30764700.0
20260403,000856,冀东装备,10.97,10.03,10.98,10.01,17632700.0
20260403,000858,五 粮 液,104.97,103.49,104.97,103.29,8308900.0
20260403,000859,国风新材,9.69,9.55,9.87,9.5,28949000.0
20260403,000860,顺鑫农业,12.89,12.64,12.92,12.64,4472500.0
20260403,000862,银星能源,6.49,6.21,6.49,6.18,43845400.0
20260403,000863,三湘印象,5.38,5.2,5.4,5.18,19482900.0
20260403,000868,安凯客车,4.52,4.39,4.54,4.38,7975100.0
20260403,000869,张  裕Ａ,19.58,19.16,19.58,18.99,810400.0
20260403,000875,电投绿能,6.24,6.1,6.25,6.01,56603800.0
20260403,000876,新 希 望,8.31,8.24,8.36,8.2,21595100.0
20260403,000877,天山股份,5.0,4.9,5.06,4.84,13009400.0
20260403,000878,云南铜业,17.92,17.4,17.99,17.38,29359800.0
20260403,000880,潍柴重机,26.58,25.76,26.75,25.7,9757600.0
20260403,000881,中广核技,7.6,7.39,7.62,7.37,9050800.0
20260403,000882,华联股份,1.61,1.55,1.61,1.55,53870000.0
20260403,000883,湖北能源,4.72,4.6,4.73,4.58,41353600.0
20260403,000885,城发环境,13.66,13.27,13.69,13.24,4941200.0
20260403,000886,海南高速,5.63,5.51,5.65,5.5,11444300.0
20260403,000887,中鼎股份,17.91,17.59,18.0,17.57,9163100.0
20260403,000888,峨眉山Ａ,12.72,12.25,12.75,12.21,11968300.0
20260403,000889,中嘉博创,3.32,3.2,3.36,3.18,16874600.0
20260403,000890,法尔胜,15.56,16.01,16.11,15.56,99096300.0
20260403,000892,欢瑞世纪,6.09,5.86,6.18,5.83,22590600.0
20260403,000893,亚钾国际,62.21,60.3,62.25,58.01,12134600.0
20260403,000895,双汇发展,28.52,27.91,28.69,27.5,10767900.0
20260403,000897,津滨发展,2.06,2.01,2.07,2.0,25821300.0
20260403,000898,鞍钢股份,2.33,2.3,2.34,2.29,31280500.0
20260403,000899,赣能股份,12.9,12.24,13.0,12.23,34490300.0
20260403,000900,现代投资,4.18,4.0,4.19,3.98,28510800.0
20260403,000901,航天科技,21.89,21.29,22.0,21.2,13345500.0
20260403,000902,新洋丰,15.7,15.34,15.77,15.24,6704300.0
20260403,000905,厦门港务,11.65,11.3,11.71,11.26,16922800.0
20260403,000906,浙商中拓,5.78,5.61,5.79,5.59,4599400.0
20260403,000908,石药景峰,7.59,7.15,7.62,7.15,26549300.0
20260403,000910,大亚圣象,6.95,6.71,6.95,6.7,4355000.0
20260403,000912,泸天化,5.16,4.79,5.17,4.7,75146300.0
20260403,000913,钱江摩托,15.37,14.54,15.5,14.54,14332200.0
20260403,000915,华特达因,31.92,31.17,32.0,31.06,4118600.0
20260403,000917,电广传媒,9.3,9.03,9.35,8.98,32122800.0
20260403,000919,金陵药业,7.4,7.36,7.52,7.26,13212900.0
20260403,000920,沃顿科技,11.22,10.81,11.27,10.8,8538200.0
20260403,000921,海信家电,21.88,21.51,21.92,21.4,5393800.0
20260403,000922,佳电股份,13.46,12.98,13.58,12.96,7320700.0
20260403,000923,河钢资源,18.01,17.75,18.11,17.56,5915000.0
20260403,000925,众合科技,7.05,6.87,7.08,6.84,10591000.0
20260403,000926,福星股份,2.04,1.96,2.05,1.95,27431800.0
20260403,000927,中国铁物,3.16,3.11,3.35,3.08,291775300.0
20260403,000928,中钢国际,6.9,6.53,6.96,6.48,46326100.0
20260403,000929,兰州黄河,9.23,8.97,9.23,8.88,2543800.0
20260403,000930,中粮科技,6.83,6.49,6.88,6.45,41409900.0
20260403,000931,中 关 村,5.34,5.16,5.37,5.16,18468300.0
20260403,000932,华菱钢铁,5.04,4.95,5.04,4.93,41215300.0
20260403,000933,神火股份,32.24,30.76,32.24,30.5,30062800.0
20260403,000935,四川双马,25.89,25.0,26.0,24.94,3833400.0
20260403,000936,华西股份,7.22,7.08,7.3,7.06,14042600.0
20260403,000937,冀中能源,5.65,5.49,5.65,5.46,24561900.0
20260403,000938,紫光股份,24.43,25.62,26.0,24.27,144640500.0
20260403,000948,南天信息,15.1,14.71,15.2,14.69,2996300.0
20260403,000949,新乡化纤,6.35,6.35,6.4,6.11,51936400.0
20260403,000950,重药控股,6.55,7.14,7.14,6.55,155091100.0
20260403,000951,中国重汽,23.49,24.44,24.96,23.41,28444600.0
20260403,000952,广济药业,7.3,7.15,7.38,7.11,10536600.0
20260403,000953,中哲精化,7.09,6.72,7.1,6.72,8237300.0
20260403,000955,欣龙控股,4.89,4.72,4.9,4.67,11157700.0
20260403,000957,中通客车,11.3,10.93,11.3,10.88,17168700.0
20260403,000958,电投产融,6.22,6.02,6.24,5.99,41393400.0
20260403,000960,锡业股份,31.14,30.29,31.26,30.24,25552500.0
20260403,000962,东方钽业,42.06,40.51,42.24,40.42,18394700.0
20260403,000963,华东医药,36.3,36.29,36.6,36.04,11537300.0
20260403,000965,天保基建,3.66,3.52,3.67,3.51,23094900.0
20260403,000966,长源电力,4.49,4.34,4.53,4.32,89756700.0
20260403,000967,盈峰环境,9.26,9.01,9.44,8.85,80505300.0
20260403,000968,蓝焰控股,10.76,10.26,10.76,10.21,85040200.0
20260403,000969,安泰科技,20.47,20.02,20.57,20.0,13310700.0
20260403,000970,中科三环,11.55,11.42,11.6,11.38,10114300.0
20260403,000972,中基健康,3.86,3.73,3.86,3.7,8938300.0
20260403,000973,佛塑科技,17.41,17.37,17.75,16.89,48449400.0
20260403,000975,山金国际,29.8,30.0,30.25,29.43,21656900.0
20260403,000977,浪潮信息,57.12,56.94,58.0,56.73,24878100.0
20260403,000978,桂林旅游,7.55,6.92,7.55,6.82,36691800.0
20260403,000980,众泰汽车,2.18,2.07,2.19,2.06,125438100.0
20260403,000981,山子高科,4.16,4.06,4.19,4.05,192764400.0
20260403,000983,山西焦煤,6.62,6.45,6.64,6.41,71056600.0
20260403,000985,大庆华科,19.43,18.41,19.5,18.33,2027900.0
20260403,000987,越秀资本,8.31,8.03,8.36,7.96,51645400.0
20260403,000988,华工科技,102.4,103.54,105.84,101.66,68514600.0
20260403,000989,九芝堂,9.66,9.47,9.69,9.46,25765800.0
20260403,000990,诚志股份,9.6,9.31,9.63,9.02,46613500.0
20260403,000993,闽东电力,13.83,13.1,13.9,13.1,37480100.0
20260403,000995,皇台酒业,13.51,12.61,13.53,12.58,23628900.0
20260403,000997,新 大 陆,19.98,19.58,20.3,19.48,9315300.0
20260403,000998,隆平高科,9.82,9.58,9.84,9.55,28288000.0
20260403,000999,华润三九,28.6,28.14,28.76,28.01,11500800.0
20260403,001201,东瑞股份,13.15,12.51,13.18,12.47,7281900.0
20260403,001202,炬申股份,16.99,16.39,16.99,16.36,1485600.0
20260403,001203,大中矿业,40.55,39.79,41.06,39.0,19384500.0
20260403,001205,盛航股份,14.71,14.16,14.75,14.12,2889200.0
20260403,001206,依依股份,21.13,20.45,21.16,20.42,2466700.0
20260403,001207,联科科技,29.95,29.66,30.15,29.5,3670800.0
20260403,001208,华菱线缆,20.0,18.59,20.2,18.5,34815900.0
20260403,001209,洪兴股份,20.39,19.5,20.39,19.39,2659900.0
20260403,001210,金房能源,21.11,20.35,21.11,20.23,1784900.0
20260403,001211,双枪科技,27.35,28.01,28.48,26.95,4619100.0
20260403,001212,中旗新材,50.5,48.91,50.5,48.89,2924700.0
20260403,001213,中铁特货,4.12,4.06,4.27,4.05,27879800.0
20260403,001215,千味央厨,39.84,38.63,40.3,38.4,2583300.0
20260403,001216,华瓷股份,19.3,19.12,19.63,18.46,8914600.0
20260403,001217,华尔泰,11.9,11.38,11.9,11.35,4038200.0
20260403,001218,丽臣实业,24.51,23.99,24.51,23.8,1425500.0
20260403,001219,青岛食品,14.88,14.32,14.88,14.25,3351600.0
20260403,001220,世盟股份,39.79,38.82,40.4,38.7,1584700.0
20260403,001221,悍高集团,64.0,61.75,64.6,61.68,1356100.0
20260403,001222,源飞宠物,19.09,18.55,19.14,18.55,1099700.0
20260403,001223,欧克科技,50.5,52.91,53.88,50.01,2593700.0
20260403,001225,和泰机电,48.0,46.57,48.0,46.26,1028800.0
20260403,001226,拓山重工,43.67,41.65,43.67,40.65,1842600.0
20260403,001227,兰州银行,2.25,2.23,2.26,2.21,68966900.0
20260403,001228,永泰运,30.76,30.01,31.1,29.89,958600.0
20260403,001229,魅视科技,35.5,35.5,35.85,35.0,1395300.0
20260403,001230,劲旅环境,26.08,24.88,26.08,24.65,2123800.0
20260403,001231,农心科技,23.31,22.46,23.43,22.37,1974600.0
20260403,001233,海安集团,63.05,64.41,65.49,62.22,1997400.0
20260403,001234,泰慕士,24.89,24.04,25.03,23.98,1336500.0
20260403,001236,弘业期货,9.19,8.81,9.26,8.81,11385900.0
20260403,001238,浙江正特,48.1,46.74,48.48,46.57,271100.0
20260403,001239,永达股份,15.21,14.6,15.22,14.57,4542400.0
20260403,001255,博菲电气,36.16,34.91,36.16,34.68,1092100.0
20260403,001256,炜冈科技,22.44,20.78,22.5,20.7,4261700.0
20260403,001257,盛龙股份,23.8,22.26,24.66,22.24,54523100.0
20260403,001258,立新能源,8.75,8.44,8.85,8.4,33133600.0
20260403,001259,利仁科技,32.1,30.0,32.1,29.66,1224000.0
20260403,001260,坤泰股份,20.56,19.92,20.77,19.85,1759500.0
20260403,001266,宏英智能,30.55,29.93,31.0,29.82,1342000.0
20260403,001267,汇绿生态,40.49,40.41,42.55,40.38,55045000.0
20260403,001268,联合精密,30.06,29.16,30.5,28.9,889900.0
20260403,001269,欧晶科技,21.27,20.32,21.28,20.24,2835200.0
20260403,001270,铖昌科技,116.06,113.58,117.39,109.0,6744700.0
20260403,001277,速达股份,34.94,34.2,35.06,34.1,712600.0
20260403,001278,一彬科技,20.7,20.21,20.75,19.98,1842700.0
20260403,001279,强邦新材,31.29,30.01,31.29,29.93,770300.0
20260403,001280,中国铀业,81.3,79.46,81.55,79.23,5754100.0
20260403,001282,三联锻造,19.66,19.07,19.73,19.05,2102100.0
20260403,001283,豪鹏科技,67.5,65.22,67.97,63.59,5593500.0
20260403,001285,瑞立科密,50.79,50.9,52.05,50.71,1513700.0
20260403,001286,陕西能源,11.01,10.83,11.14,10.82,15804100.0
20260403,001287,中电港,23.01,22.24,23.17,22.22,16601800.0
20260403,001288,运机集团,28.84,27.69,28.84,27.67,3082500.0
20260403,001289,龙源电力,16.19,15.58,16.19,15.43,11493700.0
20260403,001296,长江材料,24.42,23.65,24.42,23.5,1079200.0
20260403,001298,好上好,27.53,26.77,27.65,26.73,3760500.0
20260403,001299,美能能源,13.79,13.13,13.86,13.09,6247300.0
20260403,001300,三柏硕,16.12,15.17,16.49,15.17,3166800.0
20260403,001301,尚太科技,73.53,70.23,74.0,70.06,3552300.0
20260403,001306,夏厦精密,67.06,65.15,67.51,64.65,416100.0
20260403,001308,康冠科技,20.32,19.75,20.33,19.72,1010400.0
20260403,001309,德明利,364.8,352.02,366.66,352.02,11475600.0
20260403,001311,多利科技,31.06,30.1,31.13,29.9,2719200.0
20260403,001313,粤海饲料,8.0,7.97,8.03,7.82,18409100.0
20260403,001314,亿道信息,39.26,38.58,39.46,38.32,1294000.0
20260403,001316,润贝航科,47.54,46.57,48.33,46.5,2539500.0
20260403,001317,三羊马,47.16,45.78,47.35,45.61,1865900.0
20260403,001318,阳光乳业,13.56,13.17,13.62,13.16,1665000.0
20260403,001319,铭科精技,24.43,23.83,24.58,23.79,1540500.0
20260403,001322,箭牌家居,7.39,7.13,7.4,7.1,3220600.0
20260403,001323,慕思股份,24.4,24.18,24.4,23.95,586600.0
20260403,001324,长青科技,20.05,19.1,20.3,19.06,3442300.0
20260403,001325,元创股份,57.49,58.88,58.91,56.51,4615900.0
20260403,001326,联域股份,51.76,50.25,52.24,50.05,764300.0
20260403,001328,登康口腔,32.39,31.6,32.39,31.52,645300.0
20260403,001330,博纳影业,6.92,6.6,6.92,6.59,35725600.0
20260403,001331,胜通能源,55.42,55.35,56.62,53.2,4949800.0
20260403,001332,锡装股份,52.46,52.58,53.39,51.8,1196600.0
20260403,001333,光华股份,24.89,24.72,25.0,24.25,2281000.0
20260403,001335,信凯科技,40.62,40.0,40.92,39.19,887600.0
20260403,001336,楚环科技,25.79,24.33,25.88,24.2,2688200.0
20260403,001337,四川黄金,47.72,46.97,48.22,46.7,8646900.0
20260403,001338,永顺泰,13.41,13.07,13.51,13.03,10309700.0
20260403,001339,智微智能,59.59,58.52,60.45,57.68,3651800.0
20260403,001356,富岭股份,11.1,10.65,11.1,10.61,2990000.0
20260403,001358,兴欣新材,26.1,25.99,26.49,25.8,1120400.0
20260403,001359,平安电工,72.36,71.36,72.36,70.96,693500.0
20260403,001360,南矿集团,20.7,20.36,20.94,20.24,1606000.0
20260403,001366,播恩集团,13.69,13.11,13.72,13.0,3627000.0
20260403,001367,海森药业,25.75,26.03,26.57,25.46,8081200.0
20260403,001368,通达创智,24.65,23.81,24.66,23.62,1825900.0
20260403,001369,双欣材料,15.2,14.69,15.27,14.62,15481700.0
20260403,001373,翔腾新材,34.01,32.85,34.01,32.79,1392500.0
20260403,001376,百通能源,15.23,14.65,15.28,14.6,11614900.0
20260403,001378,德冠新材,23.2,22.43,23.25,22.31,1774100.0
20260403,001379,腾达科技,20.9,20.41,21.11,20.3,1648800.0
20260403,001380,华纬科技,20.37,19.28,20.4,19.12,4914500.0
20260403,001382,新亚电缆,22.01,20.07,22.01,20.03,10268900.0
20260403,001386,马可波罗,19.84,18.78,19.84,18.78,4690800.0
20260403,001387,雪祺电气,13.12,12.73,13.2,12.62,2471100.0
20260403,001388,信通电子,38.6,37.38,38.95,37.18,1455400.0
20260403,001389,广合科技,116.65,116.9,122.26,115.6,7830500.0
20260403,001390,古麒绒材,21.37,21.42,21.66,21.15,1463700.0
20260403,001391,国货航,5.26,5.2,5.28,5.2,14723100.0
20260403,001395,亚联机械,38.85,37.93,38.85,37.7,437800.0
20260403,001396,誉帆科技,44.54,43.57,44.59,43.4,825200.0
20260403,001400,江顺科技,172.81,162.14,173.37,156.6,2871700.0
20260403,001696,宗申动力,19.05,18.51,19.28,18.5,21329700.0
20260403,001872,招商港口,22.02,22.04,22.35,21.88,2463700.0
20260403,001896,豫能控股,12.84,12.63,12.98,12.15,130047900.0
20260403,001914,招商积余,9.83,9.62,9.85,9.6,4944600.0
20260403,001965,招商公路,9.7,9.12,9.7,8.97,55082700.0
20260403,001979,招商蛇口,8.15,7.93,8.18,7.87,58855600.0
20260403,002001,新 和 成,34.76,35.94,36.67,34.76,58696400.0
20260403,002003,伟星股份,9.9,9.61,9.9,9.6,5735000.0
20260403,002004,华邦健康,5.29,5.17,5.31,5.12,25532400.0
20260403,002005,德豪润达,2.72,2.7,2.72,2.68,7465500.0
20260403,002006,精工科技,17.07,16.75,17.15,16.7,6013400.0
20260403,002007,华兰生物,14.89,14.61,14.9,14.6,7675600.0
20260403,002008,大族激光,62.23,63.86,65.48,61.81,28384400.0
20260403,002009,天奇股份,24.58,23.57,24.58,23.55,20908400.0
20260403,002010,传化智联,5.75,5.57,5.76,5.57,17817400.0
20260403,002011,盾安环境,11.78,11.48,11.82,11.43,8307500.0
20260403,002012,凯恩股份,6.47,6.19,6.48,6.16,11400000.0
20260403,002014,永新股份,11.97,11.65,12.0,11.61,2911300.0
20260403,002015,协鑫能科,16.6,16.2,16.69,16.19,92657400.0
20260403,002016,世荣兆业,5.78,5.57,5.83,5.54,12097300.0
20260403,002017,东信和平,19.3,18.72,19.33,18.69,7994600.0
20260403,002019,亿帆医药,12.9,12.69,13.15,12.68,21860500.0
20260403,002020,京新药业,16.7,16.42,16.91,16.36,16042000.0
20260403,002021,中捷资源,3.09,2.96,3.11,2.96,38467100.0
20260403,002022,科华生物,5.99,5.81,5.99,5.78,7596500.0
20260403,002023,海特高新,10.13,9.91,10.17,9.89,6860500.0
20260403,002025,航天电器,60.62,60.65,62.83,58.7,23814300.0
20260403,002026,山东威达,12.88,12.52,12.9,12.47,4436800.0
20260403,002027,分众传媒,6.52,6.33,6.53,6.33,93450700.0
20260403,002028,思源电气,211.43,209.51,212.89,207.1,5019800.0
20260403,002029,七 匹 狼,10.32,9.43,10.38,9.4,28139600.0
20260403,002030,达安基因,6.05,5.91,6.07,5.9,13501600.0
20260403,002031,巨轮智能,6.16,5.83,6.2,5.83,46030000.0
20260403,002032,苏 泊 尔,45.03,45.96,46.3,45.03,3715700.0
20260403,002033,丽江股份,9.15,8.89,9.19,8.79,13798100.0
20260403,002034,旺能环境,17.0,16.68,17.05,16.65,4276500.0
20260403,002035,华帝股份,6.8,6.72,6.86,6.66,53066900.0
20260403,002036,联创电子,8.79,8.9,9.04,8.57,35169200.0
20260403,002037,保利联合,7.95,7.72,8.01,7.7,3817300.0
20260403,002038,双鹭药业,8.6,8.98,9.4,8.6,218296100.0
20260403,002039,黔源电力,18.68,18.38,18.9,18.1,16517400.0
20260403,002040,南 京 港,10.39,10.1,10.55,10.07,11699000.0
20260403,002041,登海种业,10.41,9.85,10.41,9.82,21280500.0
20260403,002042,华孚时尚,4.27,4.1,4.31,4.09,30725400.0
20260403,002043,兔 宝 宝,15.08,13.96,15.08,13.6,21731800.0
20260403,002044,美年健康,5.6,5.44,5.63,5.44,60837600.0
20260403,002045,国光电器,11.6,11.41,11.66,11.4,4721500.0
20260403,002046,国机精工,42.97,42.51,43.2,41.91,6585200.0
20260403,002047,宝鹰股份,5.0,4.76,5.0,4.72,21522700.0
20260403,002048,宁波华翔,25.53,24.84,25.6,24.81,8342300.0
20260403,002049,紫光国微,66.22,64.92,66.38,64.8,8873200.0
20260403,002050,三花智控,43.0,41.9,43.42,41.88,45683700.0
20260403,002051,中工国际,9.88,9.53,10.07,9.32,125440500.0
20260403,002052,同洲电子,10.12,9.93,10.15,9.87,9435100.0
20260403,002053,云南能投,11.75,10.92,11.89,10.88,28775400.0
20260403,002054,德美化工,8.43,8.21,8.48,8.19,10786600.0
20260403,002056,横店东磁,18.44,17.9,18.61,17.88,21566400.0
20260403,002057,中钢天源,9.22,9.02,9.26,9.01,10465500.0
20260403,002058,紫竹高科,21.08,21.66,22.13,21.0,1439700.0
20260403,002059,云南旅游,5.03,4.95,5.07,4.93,9738300.0
20260403,002060,广东建工,3.88,3.72,3.89,3.7,49696300.0
20260403,002061,浙江交科,3.9,3.83,3.92,3.81,20418300.0
20260403,002062,宏润建设,7.33,7.17,7.39,7.15,9063800.0
20260403,002063,远光软件,6.47,6.19,6.48,6.17,54101400.0
20260403,002064,华峰化学,10.47,10.28,10.47,10.2,18066100.0
20260403,002065,东华软件,7.97,7.84,8.0,7.81,19016600.0
20260403,002066,瑞泰科技,20.08,19.74,20.3,19.61,2372700.0
20260403,002067,景兴纸业,4.81,4.56,4.84,4.55,39114300.0
20260403,002068,黑猫股份,8.69,8.19,8.7,8.15,23761600.0
20260403,002069,獐子岛,3.71,3.56,3.73,3.54,14530700.0
20260403,002072,凯瑞德,7.8,7.38,7.82,7.28,11218000.0
20260403,002073,软控股份,7.42,6.9,7.42,6.84,66081400.0
20260403,002074,国轩高科,34.73,33.46,35.08,33.45,30532800.0
20260403,002075,沙钢股份,4.65,4.58,4.69,4.58,21181300.0
20260403,002076,星光股份,2.06,2.01,2.07,2.01,17252100.0
20260403,002077,大港股份,15.7,14.68,15.79,14.68,29124600.0
20260403,002078,太阳纸业,15.17,15.0,15.18,14.91,8709600.0
20260403,002079,苏州固锝,9.56,9.23,9.6,9.22,14023400.0
20260403,002080,中材科技,39.91,39.72,40.95,39.68,28331000.0
20260403,002081,金 螳 螂,3.37,3.27,3.37,3.26,18103100.0
20260403,002083,孚日股份,12.36,11.86,12.41,11.79,51724600.0
20260403,002084,海鸥住工,3.82,3.55,3.83,3.5,32802300.0
20260403,002085,万丰奥威,13.82,13.41,13.87,13.4,19341100.0
20260403,002086,东方海洋,2.09,2.03,2.1,2.02,48434100.0
20260403,002088,鲁阳节能,10.0,9.7,10.02,9.69,3449400.0
20260403,002090,金智科技,10.67,10.35,10.77,10.31,7703700.0
20260403,002091,江苏国泰,9.01,8.95,9.07,8.85,15512900.0
20260403,002092,中泰化学,6.66,6.32,6.7,6.23,83188700.0
20260403,002093,国脉科技,9.42,9.18,9.44,9.16,6429500.0
20260403,002094,青岛金王,6.67,6.34,6.78,6.3,18066700.0
20260403,002095,生 意 宝,16.49,15.97,16.5,15.91,2476600.0
20260403,002096,易普力,11.54,11.34,11.57,11.3,7235100.0
20260403,002097,山河智能,9.89,9.59,9.92,9.59,13725600.0
20260403,002098,浔兴股份,9.01,8.72,9.66,8.69,4621700.0
20260403,002099,海翔药业,7.22,6.81,7.23,6.76,44591900.0
20260403,002100,天康生物,7.6,7.39,7.64,7.34,25189900.0
20260403,002101,广东鸿图,11.04,10.83,11.09,10.82,4375500.0
20260403,002103,广博股份,8.33,8.19,8.39,8.19,4547800.0
20260403,002104,恒宝股份,15.75,15.13,16.0,15.11,26834600.0
20260403,002105,信隆健康,6.34,6.01,6.36,6.0,8485100.0
20260403,002106,莱宝高科,10.24,10.09,10.31,10.03,7970300.0
20260403,002107,沃华医药,6.78,6.94,7.05,6.65,32739900.0
20260403,002108,沧州明珠,4.84,4.63,4.91,4.59,66847500.0
20260403,002110,三钢闽光,3.85,3.74,3.86,3.72,16935300.0
20260403,002111,威海广泰,9.75,9.4,9.78,9.4,5933500.0
20260403,002112,三变科技,20.77,20.06,20.88,19.9,18239600.0
20260403,002114,罗平锌电,8.42,8.17,8.44,8.16,9182900.0
20260403,002115,三维通信,12.0,11.64,12.06,11.63,22076600.0
20260403,002116,中国海诚,10.28,9.93,10.3,9.89,5350000.0
20260403,002117,东港股份,9.84,9.43,9.88,9.42,7345600.0
20260403,002119,康强电子,19.78,19.19,19.87,19.1,10691200.0
20260403,002120,韵达股份,6.72,6.65,6.76,6.64,11676800.0
20260403,002121,科陆电子,7.66,7.35,7.69,7.29,30064500.0
20260403,002123,梦网科技,9.8,9.56,9.84,9.53,8938400.0
20260403,002124,天邦食品,2.37,2.3,2.38,2.29,38709000.0
20260403,002125,湘潭电化,13.02,12.44,13.19,12.4,15926500.0
20260403,002126,银轮股份,42.21,41.7,42.71,41.6,10326700.0
20260403,002127,南极电商,2.74,2.66,2.74,2.66,18461800.0
20260403,002128,电投能源,30.68,30.34,30.77,29.68,10976900.0
20260403,002129,TCL中环,8.57,8.12,8.59,8.1,107819500.0
20260403,002130,沃尔核材,23.29,22.89,23.45,22.88,23158200.0
20260403,002131,利欧股份,7.44,7.12,7.44,7.11,313009800.0
20260403,002132,恒星科技,3.8,3.7,3.81,3.63,39190400.0
20260403,002133,广宇集团,3.37,3.19,3.38,3.16,18528500.0
20260403,002134,天津普林,20.26,19.63,20.26,19.6,3232600.0
20260403,002135,东南网架,6.56,6.76,6.8,6.28,36208800.0
20260403,002136,安 纳 达,12.33,11.78,12.4,11.74,7918500.0
20260403,002137,实益达,8.03,7.74,8.03,7.72,9023900.0
20260403,002138,顺络电子,32.79,32.43,33.0,32.32,12125500.0
20260403,002139,拓邦股份,12.11,11.79,12.13,11.76,9975000.0
20260403,002140,东华科技,12.75,11.99,12.86,11.98,12582700.0
20260403,002141,贤丰控股,3.69,3.59,3.72,3.56,15737800.0
20260403,002142,宁波银行,30.46,30.05,30.5,29.84,13704600.0
20260403,002144,宏达高科,14.52,14.32,14.75,14.26,3901700.0
20260403,002145,钛能化学,4.57,4.38,4.58,4.38,42848300.0
20260403,002146,荣盛发展,1.39,1.36,1.4,1.35,93661700.0
20260403,002148,北纬科技,7.47,7.27,7.51,7.26,5298500.0
20260403,002149,西部材料,49.8,47.1,49.88,46.9,50817300.0
20260403,002150,正泰电源,30.2,28.98,30.25,28.81,19001300.0
20260403,002151,北斗星通,36.83,35.78,37.0,35.72,14897900.0
20260403,002152,广电运通,11.45,11.37,11.56,11.35,18149200.0
20260403,002153,石基信息,9.5,9.21,9.56,9.18,14689200.0
20260403,002154,报 喜 鸟,3.64,3.54,3.65,3.53,13369100.0
20260403,002155,湖南黄金,29.68,29.05,29.71,28.8,38932200.0
20260403,002156,通富微电,41.2,40.42,41.25,40.4,28133900.0
20260403,002157,正邦科技,3.07,3.03,3.07,3.0,115065700.0
20260403,002158,汉钟精机,21.86,21.8,22.0,21.46,2614900.0
20260403,002159,三特索道,19.6,18.53,19.63,18.33,4561800.0
20260403,002160,常铝股份,5.13,4.75,5.18,4.68,71018900.0
20260403,002161,远 望 谷,7.49,7.24,7.49,7.2,13541300.0
20260403,002162,悦心健康,4.73,4.56,4.75,4.56,14709200.0
20260403,002163,海南发展,12.81,12.35,12.85,12.27,18769000.0
20260403,002164,宁波东力,11.98,11.78,12.05,11.76,4918300.0
20260403,002165,红 宝 丽,9.43,8.98,9.5,8.89,75034200.0
20260403,002166,莱茵生物,9.4,9.04,9.4,9.02,14793400.0
20260403,002167,东方锆业,11.97,11.63,12.06,11.6,14860600.0
20260403,002169,智光电气,14.23,13.9,14.66,13.79,25685000.0
20260403,002170,芭田股份,12.73,12.53,12.74,12.45,14430200.0
20260403,002171,楚江新材,10.95,10.78,11.05,10.77,19042200.0
20260403,002172,澳洋健康,4.0,3.88,4.04,3.87,17181300.0
20260403,002173,创新医疗,25.06,24.25,25.4,24.24,31271800.0
20260403,002174,游族网络,9.64,9.36,9.69,9.33,10591100.0
20260403,002176,江特电机,10.45,10.04,10.59,10.04,89427200.0
20260403,002177,御银股份,7.6,7.26,7.78,7.26,79600400.0
20260403,002178,延华智能,6.2,6.0,6.24,5.96,13407000.0
20260403,002179,中航光电,33.33,33.09,33.5,32.82,16149000.0
20260403,002180,奔图科技,16.49,16.11,16.54,16.06,6537600.0
20260403,002181,粤 传 媒,11.7,10.74,11.81,10.69,76919700.0
20260403,002182,宝武镁业,16.09,15.54,16.15,15.51,16562300.0
20260403,002183,怡 亚 通,5.32,5.22,5.52,5.04,134620000.0
20260403,002184,海得控制,11.25,11.04,11.32,11.01,3279700.0
20260403,002185,华天科技,11.56,11.36,11.61,11.3,58127700.0
20260403,002186,全 聚 德,10.45,10.1,10.52,10.09,2757000.0
20260403,002187,广百股份,6.34,6.12,6.4,6.11,8333300.0
20260403,002188,中天服务,6.29,6.06,6.29,5.98,12254400.0
20260403,002189,中光学,19.01,19.27,19.95,18.33,5251500.0
20260403,002190,成飞集成,31.1,30.18,31.1,30.04,2517800.0
20260403,002191,劲嘉股份,3.66,3.55,3.67,3.54,9593200.0
20260403,002192,融捷股份,73.2,71.29,73.4,67.63,32810600.0
20260403,002194,武汉凡谷,10.35,10.08,10.37,10.05,7273600.0
20260403,002195,岩山科技,8.85,8.53,8.9,8.51,170941300.0
20260403,002196,方正电机,13.7,13.41,13.75,13.4,13842200.0
20260403,002197,证通电子,7.62,7.4,7.68,7.35,13948800.0
20260403,002199,东晶电子,8.2,8.1,8.45,8.09,2488500.0
20260403,002200,交投生态,7.23,7.1,7.26,7.07,1083900.0
20260403,002201,九鼎新材,11.66,11.0,11.67,10.96,29922300.0
20260403,002202,金风科技,23.9,24.22,24.44,22.93,242114000.0
20260403,002203,海亮股份,14.67,15.04,15.4,14.37,37978800.0
20260403,002204,大连重工,6.63,6.57,6.63,6.45,29353600.0
20260403,002205,国统股份,12.96,12.35,13.18,12.31,3056900.0
20260403,002206,海 利 得,6.16,6.01,6.16,5.95,11975600.0
20260403,002208,合肥城建,11.55,11.38,11.59,11.11,25725600.0
20260403,002209,达 意 隆,15.38,15.35,15.54,15.01,4946100.0
20260403,002210,飞马国际,2.6,2.5,2.61,2.49,50487600.0
20260403,002212,天融信,7.33,7.15,7.36,7.12,14985200.0
20260403,002213,大为股份,29.05,26.61,29.2,26.48,26704000.0
20260403,002214,大立科技,17.94,17.94,18.0,17.76,1314800.0
20260403,002215,诺 普 信,10.25,10.06,10.28,10.03,6513300.0
20260403,002216,三全食品,12.85,12.65,12.87,12.51,9527500.0
20260403,002218,拓日新能,6.43,5.89,6.46,5.89,213388200.0
20260403,002219,新里程,2.48,2.35,2.48,2.34,120014700.0
20260403,002221,东华能源,8.42,7.89,8.45,7.82,47197400.0
20260403,002222,福晶科技,70.31,75.46,75.46,70.3,48859000.0
20260403,002223,鱼跃医疗,33.71,33.22,33.8,33.15,4610800.0
20260403,002224,三 力 士,4.51,4.23,4.52,4.2,45417200.0
20260403,002225,濮耐股份,5.43,5.16,5.45,5.13,22816300.0
20260403,002226,江南化工,5.42,5.31,5.43,5.31,11992700.0
20260403,002228,合兴包装,3.94,3.78,3.94,3.75,25140000.0
20260403,002229,鸿博股份,17.56,17.99,18.65,17.11,78887500.0
20260403,002230,科大讯飞,46.02,45.72,46.27,45.62,18696100.0
20260403,002232,启明信息,17.79,17.08,17.79,17.05,2737500.0
20260403,002233,塔牌集团,9.37,9.12,9.43,9.09,7663500.0
20260403,002234,民和股份,8.32,7.96,8.33,7.92,7626900.0
20260403,002235,安妮股份,10.3,9.85,10.31,9.82,26096200.0
20260403,002236,大华股份,16.88,16.77,16.89,16.72,11816300.0
20260403,002237,恒邦股份,14.77,14.43,14.85,14.4,18190900.0
20260403,002238,天威视讯,7.4,7.13,7.44,7.12,4528900.0
20260403,002239,奥特佳,3.01,2.92,3.02,2.91,63960300.0
20260403,002240,盛新锂能,39.69,38.99,40.15,37.54,41520300.0
20260403,002241,歌尔股份,22.66,22.21,22.72,22.15,36031500.0
20260403,002242,九阳股份,9.67,9.42,9.71,9.41,4343600.0
20260403,002243,力合科创,8.52,8.26,8.55,8.21,11299800.0
20260403,002244,滨江集团,9.63,9.5,9.69,9.38,15915100.0
20260403,002245,蔚蓝锂芯,16.9,16.45,17.11,16.36,45499900.0
20260403,002246,北化股份,24.29,23.79,24.39,23.22,21371200.0
20260403,002247,聚力文化,2.81,2.63,2.82,2.62,33293300.0
20260403,002248,华东数控,11.85,11.5,11.9,11.5,9141600.0
20260403,002249,大洋电机,9.01,8.86,9.05,8.82,27411200.0
20260403,002250,联化科技,16.16,15.8,16.17,15.67,12418000.0
20260403,002251,步步高,4.24,4.1,4.24,4.09,32404600.0
20260403,002252,上海莱士,5.88,5.77,5.89,5.76,26539100.0
20260403,002253,川大智胜,11.27,11.51,11.63,11.19,4162900.0
20260403,002254,泰和新材,10.36,10.02,10.37,9.97,14524300.0
20260403,002255,海陆重工,10.7,10.28,10.72,10.27,17153700.0
20260403,002256,兆新股份,3.72,3.77,3.79,3.58,153254200.0
20260403,002258,利尔化学,14.55,14.26,14.69,14.14,6405000.0
20260403,002259,升达林业,5.2,5.09,5.26,5.03,15803800.0
20260403,002261,拓维信息,33.92,33.57,34.31,33.22,65970300.0
20260403,002262,恩华药业,22.96,22.68,22.99,22.6,5028600.0
20260403,002263,大东南,4.58,4.66,5.18,4.42,626278800.0
20260403,002264,新 华 都,8.16,7.86,8.16,7.84,12019600.0
20260403,002265,建设工业,23.01,22.2,23.22,21.85,22283600.0
20260403,002266,浙富控股,4.15,4.07,4.16,4.06,41542900.0
20260403,002267,陕天然气,7.96,7.75,7.98,7.72,11636500.0
20260403,002268,电科网安,16.51,16.29,16.56,16.26,6922900.0
20260403,002269,美邦服饰,1.73,1.64,1.74,1.63,103779500.0
20260403,002270,华明装备,27.32,26.37,27.33,26.3,9585500.0
20260403,002271,东方雨虹,15.54,15.1,15.6,14.97,21389100.0
20260403,002272,川润股份,17.33,17.71,18.58,16.95,83209700.0
20260403,002273,水晶光电,25.21,24.88,25.55,24.34,65263800.0
20260403,002275,桂林三金,14.59,14.3,14.74,14.28,2990000.0
20260403,002276,万马股份,13.99,13.65,14.01,13.59,13665800.0
20260403,002277,友阿股份,5.78,5.61,5.84,5.61,16744000.0
20260403,002278,神开股份,11.7,11.16,11.79,11.15,14671000.0
20260403,002279,久其软件,8.08,7.75,8.1,7.74,16516900.0
20260403,002281,光迅科技,85.02,90.39,91.95,85.0,84058700.0
20260403,002282,博深股份,6.87,6.68,6.9,6.67,5796200.0
20260403,002283,天润工业,9.65,9.45,9.68,9.4,31210000.0
20260403,002284,亚太股份,13.53,13.35,13.66,13.24,9576300.0
20260403,002285,世联行,2.92,2.82,2.93,2.8,37954200.0
20260403,002286,保龄宝,9.74,9.6,9.78,9.4,7519800.0
20260403,002287,奇正藏药,23.78,23.09,23.78,23.06,2098900.0
20260403,002289,宇顺电子,26.65,26.39,26.65,26.18,598500.0
20260403,002290,禾盛新材,63.23,60.51,63.23,60.5,3261900.0
20260403,002291,遥望科技,6.38,6.14,6.42,6.14,22494700.0
20260403,002292,奥飞娱乐,7.63,7.36,7.67,7.36,18110200.0
20260403,002293,罗莱生活,10.12,10.11,10.22,9.98,5346900.0
20260403,002294,信立泰,66.96,66.4,68.05,66.0,10357400.0
20260403,002295,精艺股份,10.53,10.18,10.61,10.15,2784700.0
20260403,002296,辉煌科技,11.27,11.01,11.35,10.96,9067700.0
20260403,002297,博云新材,10.91,10.66,10.99,10.61,11935600.0
20260403,002298,中电鑫龙,10.0,9.46,10.04,9.37,53582700.0
20260403,002299,圣农发展,18.24,17.79,18.43,17.73,6877900.0
20260403,002300,太阳电缆,9.43,9.05,9.48,9.02,42366600.0
20260403,002301,齐心集团,6.94,6.73,6.96,6.72,8285300.0
20260403,002302,西部建设,5.98,5.71,5.99,5.7,15761100.0
20260403,002303,美盈森,3.56,3.34,3.56,3.29,63973300.0
20260403,002304,洋河股份,51.85,50.66,51.86,50.6,3570100.0
20260403,002307,北新路桥,4.79,4.64,4.79,4.52,73021900.0
20260403,002309,中利集团,4.85,5.03,5.16,4.67,1027166200.0
20260403,002310,东方新能,3.01,2.83,3.04,2.82,328292600.0
20260403,002311,海大集团,52.6,51.85,52.88,51.68,3892700.0
20260403,002312,川发龙蟒,11.36,10.94,11.39,10.94,30535300.0
20260403,002313,日海智能,8.55,8.4,8.63,8.35,7074500.0
20260403,002314,南山控股,2.42,2.34,2.43,2.33,22112000.0
20260403,002315,焦点科技,38.9,38.26,39.0,38.12,3997300.0
20260403,002316,亚联发展,5.54,5.1,5.67,5.0,27493100.0
20260403,002317,众生药业,18.65,18.47,18.94,18.4,34758000.0
20260403,002318,久立特材,30.97,30.04,31.2,29.95,7791900.0
20260403,002319,乐通股份,10.7,10.51,11.04,10.42,7129500.0
20260403,002320,海峡股份,8.65,8.37,8.65,8.36,12226800.0
20260403,002321,华英农业,2.15,2.04,2.16,2.03,35044400.0
20260403,002322,理工能科,13.51,12.93,13.55,12.9,7037900.0
20260403,002324,普利特,14.95,14.65,15.01,14.6,10205200.0
20260403,002326,永太科技,22.78,22.16,22.96,21.91,20976700.0
20260403,002327,富安娜,6.95,6.9,7.0,6.86,4791200.0
20260403,002328,新朋股份,7.5,7.85,8.02,7.25,97378100.0
20260403,002329,皇氏集团,4.0,3.74,4.03,3.74,39838100.0
20260403,002330,得利斯,4.79,4.53,4.79,4.53,11135600.0
20260403,002331,皖通科技,8.03,7.94,8.09,7.91,6188600.0
20260403,002332,仙琚制药,9.09,8.97,9.11,8.96,13551400.0
20260403,002333,罗普斯金,5.46,5.22,5.53,5.21,13771200.0
20260403,002334,英威腾,8.02,7.9,8.05,7.84,16435300.0
20260403,002335,科华数据,54.17,53.47,54.49,52.91,14054200.0
20260403,002337,赛象科技,6.06,5.89,6.1,5.86,6527200.0
20260403,002338,奥普光电,47.05,46.98,47.6,46.51,2371600.0
20260403,002339,积成电子,10.4,9.75,10.41,9.71,27995300.0
20260403,002340,格林美,7.79,7.62,7.85,7.61,83766100.0
20260403,002342,巨力索具,13.69,12.78,13.78,12.71,157899400.0
20260403,002343,慈文传媒,6.33,6.14,6.39,6.12,8544100.0
20260403,002344,海宁皮城,4.45,4.32,4.46,4.3,8442800.0
20260403,002345,潮宏基,10.58,10.4,10.61,10.31,10088300.0
20260403,002346,柘中股份,18.87,18.5,19.2,18.45,2003100.0
20260403,002347,泰尔股份,8.13,7.83,8.19,7.82,10396500.0
20260403,002348,高乐股份,7.51,7.32,7.55,7.3,10523600.0
20260403,002349,精华制药,7.6,7.41,7.68,7.38,18487500.0
20260403,002350,北京科锐,13.68,13.54,13.8,13.41,16701500.0
20260403,002351,漫步者,11.16,11.07,11.24,11.05,4162600.0
20260403,002352,顺丰控股,38.04,37.61,38.26,37.55,15255800.0
20260403,002353,杰瑞股份,106.63,107.37,110.2,106.02,23924800.0
20260403,002354,天娱数科,5.59,5.42,5.61,5.39,34767500.0
20260403,002355,兴民智通,6.36,6.1,6.39,6.06,22220800.0
20260403,002356,鹏飞绿能,3.4,3.25,3.43,3.24,34638900.0
20260403,002357,富临运业,12.9,11.71,12.98,11.71,22076400.0
20260403,002358,森源电气,7.37,7.09,7.39,7.03,28417200.0
20260403,002361,神剑股份,17.12,15.74,17.26,15.66,306654900.0
20260403,002362,汉王科技,18.51,17.95,18.51,17.89,2289900.0
20260403,002363,隆基机械,7.94,7.68,7.95,7.6,5944800.0
20260403,002364,中恒电气,26.0,27.26,27.99,25.53,44222900.0
20260403,002365,永安药业,14.1,13.63,14.15,13.63,5920800.0
20260403,002366,融发核电,7.29,7.04,7.31,7.02,48672100.0
20260403,002367,康力电梯,6.43,6.34,6.44,6.22,17528300.0
20260403,002368,太极股份,19.67,19.12,19.69,19.06,4017100.0
20260403,002369,卓翼科技,6.91,6.77,6.96,6.72,8154500.0
20260403,002370,亚太药业,7.28,7.81,8.22,7.28,133006300.0
20260403,002371,北方华创,439.1,426.45,440.6,424.06,6688500.0
20260403,002372,伟星新材,10.97,10.8,11.0,10.33,23850000.0
20260403,002373,千方科技,9.53,9.4,9.59,9.4,14012900.0
20260403,002374,中锐股份,3.2,3.11,3.21,3.08,20554100.0
20260403,002375,亚厦股份,3.9,3.73,3.9,3.72,12744000.0
20260403,002376,新北洋,6.93,6.74,6.98,6.74,8147500.0
20260403,002377,国创高新,3.24,3.08,3.25,3.05,23275300.0
20260403,002378,章源钨业,30.42,29.8,30.98,29.72,23610900.0
20260403,002379,宏桥控股,27.88,27.08,28.05,26.86,11015900.0
20260403,002380,科远智慧,31.15,30.12,31.15,30.1,3169600.0
20260403,002381,双箭股份,6.54,6.2,6.56,6.15,7980200.0
20260403,002382,蓝帆医疗,8.17,8.1,8.37,8.03,45409700.0
20260403,002383,合众思壮,9.55,9.24,9.58,9.22,9792200.0
20260403,002384,东山精密,108.59,110.55,115.28,108.0,62160900.0
20260403,002385,大北农,3.98,3.9,3.98,3.88,64783000.0
20260403,002386,天原股份,6.03,5.65,6.08,5.63,61339300.0
20260403,002387,维信诺,7.69,7.54,7.77,7.54,9862700.0
20260403,002388,新亚制程,4.85,4.59,4.87,4.57,16611900.0
20260403,002389,航天彩虹,21.42,20.88,21.54,20.84,20153400.0
20260403,002390,信邦制药,3.37,3.3,3.38,3.29,31702400.0
20260403,002391,长青股份,6.22,5.91,6.23,5.84,10211200.0
20260403,002392,北京利尔,6.93,6.85,6.97,6.78,7884700.0
20260403,002393,力生制药,23.55,23.68,24.16,23.55,6995900.0
20260403,002394,联发股份,13.67,13.24,13.74,13.15,4132600.0
20260403,002395,双象股份,18.0,17.5,18.34,17.43,4580300.0
20260403,002396,星网锐捷,25.88,25.91,26.26,25.64,12456900.0
20260403,002397,梦洁股份,3.87,3.69,3.88,3.67,13405700.0
20260403,002398,垒知集团,5.2,4.97,5.22,4.94,12988900.0
20260403,002399,海普瑞,11.61,11.34,11.64,11.3,4512000.0
20260403,002400,省广集团,8.41,7.88,8.42,7.88,120263500.0
20260403,002401,中远海科,15.46,14.87,15.46,14.82,3788400.0
20260403,002402,和而泰,30.09,29.24,30.16,29.16,16672100.0
20260403,002403,爱仕达,10.1,9.94,10.25,9.82,3029600.0
20260403,002404,嘉欣丝绸,6.98,6.68,7.0,6.66,8112500.0
20260403,002405,四维图新,9.14,8.91,9.19,8.88,43083800.0
20260403,002406,远东传动,7.17,7.0,7.21,6.97,12745500.0
20260403,002407,多氟多,28.15,27.08,28.45,26.7,44278400.0
20260403,002408,齐翔腾达,6.28,6.02,6.32,5.92,70307400.0
20260403,002409,雅克科技,78.02,78.15,80.12,77.65,8504500.0
20260403,002410,广联达,11.02,10.86,11.08,10.82,21470700.0
20260403,002412,汉森制药,7.0,6.73,7.01,6.71,17132900.0
20260403,002413,雷科防务,13.22,12.8,13.58,12.71,138291900.0
20260403,002414,高德红外,13.0,12.73,13.03,12.67,35780800.0
20260403,002415,海康威视,30.49,30.27,30.65,30.19,19636400.0
20260403,002416,爱施德,12.75,12.82,13.12,12.47,21473700.0
20260403,002418,康盛股份,4.58,4.54,4.67,4.49,45612700.0
20260403,002419,天虹股份,5.67,5.49,5.71,5.46,20517600.0
20260403,002420,毅昌科技,7.23,7.08,7.26,7.02,7596500.0
20260403,002421,达实智能,2.56,2.45,2.57,2.44,41028100.0
20260403,002422,科伦药业,35.34,35.62,35.98,34.81,27531300.0
20260403,002423,中粮资本,10.55,10.25,10.65,10.25,18958000.0
20260403,002425,凯撒文化,3.28,3.18,3.32,3.16,12099700.0
20260403,002426,胜利精密,3.45,3.34,3.46,3.3,86873700.0
20260403,002427,尤夫股份,5.97,5.66,5.99,5.65,18244900.0
20260403,002428,云南锗业,49.06,51.71,52.25,49.06,108697000.0
20260403,002429,兆驰股份,9.75,9.55,9.84,9.54,91343800.0
20260403,002430,杭氧股份,27.74,27.74,28.52,27.57,9255100.0
20260403,002432,九安医疗,80.0,81.13,82.8,79.06,33535000.0
20260403,002434,万里扬,7.84,7.71,7.88,7.7,7764400.0
20260403,002436,兴森科技,19.9,19.65,19.95,19.51,35889200.0
20260403,002437,誉衡药业,3.65,3.72,3.9,3.65,354269100.0
20260403,002438,江苏神通,16.35,16.09,16.54,15.98,7326000.0
20260403,002439,启明星辰,12.84,12.64,12.84,12.6,6780200.0
20260403,002440,闰土股份,11.25,10.95,11.32,10.89,16419100.0
20260403,002441,众业达,9.97,9.68,9.97,9.58,6017600.0
20260403,002442,龙星科技,5.81,5.47,5.81,5.43,13169000.0
20260403,002443,金洲管道,8.44,8.09,8.51,8.08,21691500.0
20260403,002444,巨星科技,30.49,29.8,30.54,29.6,11483500.0
20260403,002445,中南文化,3.45,3.61,3.72,3.25,314027300.0
20260403,002446,盛路通信,9.89,9.64,9.92,9.64,16427900.0
20260403,002448,中原内配,14.54,14.1,14.54,13.91,11268800.0
20260403,002449,国星光电,7.62,7.46,7.65,7.45,10119200.0
20260403,002451,摩恩电气,9.58,9.22,9.6,9.19,11054500.0
20260403,002452,长高电气,10.21,9.97,10.29,9.94,15521300.0
20260403,002453,华软科技,5.18,4.93,5.18,4.91,14998300.0
20260403,002454,松芝股份,9.3,9.03,9.54,8.97,21166500.0
20260403,002455,百川股份,13.26,12.83,13.4,12.74,69034600.0
20260403,002456,欧菲光,8.88,8.55,8.89,8.53,44565800.0
20260403,002457,青龙管业,10.84,10.48,10.85,10.44,8576200.0
20260403,002458,益生股份,9.35,9.28,9.39,9.12,12983400.0
20260403,002459,晶澳科技,10.92,10.24,10.96,10.23,81359500.0
20260403,002460,赣锋锂业,79.94,79.75,82.19,78.8,62037100.0
20260403,002461,珠江啤酒,9.41,9.44,9.76,9.41,15489100.0
20260403,002462,嘉事堂,14.62,14.32,14.62,14.29,3858200.0
20260403,002463,沪电股份,77.39,76.32,78.28,76.12,49666100.0
20260403,002465,海格通信,14.77,14.29,14.77,14.28,40714000.0
20260403,002466,天齐锂业,55.96,55.44,56.87,55.0,32426800.0
20260403,002467,二六三,7.32,7.07,7.35,6.99,97557900.0
20260403,002468,申通快递,15.2,15.4,15.63,14.85,27607100.0
20260403,002469,三维化学,8.84,8.13,8.84,8.11,41284700.0
20260403,002470,金正大,2.99,2.73,3.0,2.71,335362800.0
20260403,002471,中超控股,9.14,8.42,9.2,8.42,358577600.0
20260403,002472,双环传动,35.91,35.18,35.99,35.11,7461200.0
20260403,002474,榕基软件,7.62,7.31,7.62,7.28,11955000.0
20260403,002475,立讯精密,50.3,48.8,50.38,48.64,74514500.0
20260403,002476,新叶股份,5.83,5.64,5.83,5.61,9066200.0
20260403,002478,常宝股份,10.75,10.2,10.76,10.16,25535800.0
20260403,002479,富春环保,5.88,5.58,5.95,5.55,49768000.0
20260403,002480,新筑股份,6.1,6.03,6.14,5.95,13303800.0
20260403,002481,双塔食品,4.58,4.4,4.58,4.39,9436300.0
20260403,002482,广田集团,1.68,1.62,1.68,1.61,53978200.0
20260403,002483,润邦股份,6.9,6.61,6.9,6.59,9183100.0
20260403,002484,江海股份,28.5,28.77,29.12,28.11,21780500.0
20260403,002486,嘉麟杰,2.86,2.7,2.87,2.69,27576300.0
20260403,002487,大金重工,72.58,72.65,72.87,69.36,15974900.0
20260403,002488,金固股份,11.57,11.4,11.6,11.32,14538000.0
20260403,002489,浙江永强,3.43,3.31,3.44,3.3,19206500.0
20260403,002490,山东墨龙,9.82,9.48,10.0,9.35,66547600.0
20260403,002491,通鼎互联,12.11,12.56,12.58,11.7,218811800.0
20260403,002492,恒基达鑫,7.53,7.2,7.64,7.18,6192700.0
20260403,002493,荣盛石化,12.18,11.83,12.23,11.74,46715700.0
20260403,002494,华斯股份,5.21,4.88,5.21,4.83,17221400.0
20260403,002495,佳隆股份,2.6,2.42,2.62,2.41,40383500.0
20260403,002496,辉丰股份,2.01,1.93,2.02,1.9,31612300.0
20260403,002497,雅化集团,22.69,22.07,23.33,22.0,31494400.0
20260403,002498,汉缆股份,8.09,7.58,8.16,7.56,150964200.0
20260403,002500,山西证券,5.58,5.5,5.61,5.48,13281100.0
20260403,002506,协鑫集成,4.48,4.21,4.5,4.2,560204400.0
20260403,002507,涪陵榨菜,12.42,12.29,12.45,12.27,8570100.0
20260403,002508,老板电器,20.86,20.88,20.97,20.57,4033100.0
20260403,002510,天汽模,6.97,6.79,7.01,6.79,19523200.0
20260403,002511,中顺洁柔,8.66,8.33,8.67,8.32,12274800.0
20260403,002513,蓝丰生化,6.09,5.78,6.1,5.71,9099700.0
20260403,002515,金字火腿,5.55,5.38,5.56,5.37,15924300.0
20260403,002516,旷达科技,5.48,5.37,5.5,5.36,10236500.0
20260403,002517,恺英网络,18.92,18.39,19.3,18.22,42767300.0
20260403,002518,科士达,44.75,44.0,44.99,44.0,3965800.0
20260403,002519,银河电子,8.02,7.67,8.11,7.59,71652600.0
20260403,002520,日发精机,5.57,5.31,5.59,5.3,20309800.0
20260403,002521,齐峰新材,8.05,8.17,8.34,7.87,6889400.0
20260403,002522,浙江众成,5.79,5.58,5.85,5.56,21442300.0
20260403,002523,天桥起重,4.06,3.92,4.06,3.91,15378200.0
20260403,002524,光正眼科,4.39,4.13,4.42,4.12,16929400.0
20260403,002526,山东矿机,3.49,3.37,3.49,3.36,29246600.0
20260403,002527,新时达,13.3,13.06,13.33,13.01,5559300.0
20260403,002529,海源复材,6.77,6.68,6.78,6.6,2852700.0
20260403,002530,金财互联,8.45,8.26,8.55,8.25,10883600.0
20260403,002531,天顺风能,11.3,10.99,11.34,10.2,103193800.0
20260403,002532,天山铝业,17.9,17.29,17.99,17.18,71296100.0
20260403,002533,金杯电工,13.33,12.98,13.39,12.94,10471500.0
20260403,002534,西子洁能,16.16,15.88,16.16,15.71,5740400.0
20260403,002535,林州重机,3.62,3.45,3.63,3.43,12177600.0
20260403,002536,飞龙股份,27.9,27.63,28.35,27.5,20695300.0
20260403,002537,海联金汇,8.07,7.68,8.19,7.63,54238000.0
20260403,002539,云图控股,13.93,13.4,13.95,13.21,20596100.0
20260403,002540,亚太科技,6.53,6.48,6.68,6.46,11730100.0
20260403,002541,鸿路钢构,20.25,20.29,20.69,20.07,3909300.0
20260403,002543,万和电气,8.81,8.31,8.82,8.22,13380000.0
20260403,002544,普天科技,25.3,24.55,25.38,24.42,7939700.0
20260403,002545,东方铁塔,22.14,21.42,22.22,21.34,7593500.0
20260403,002546,新联电子,8.92,8.65,8.93,8.63,17385700.0
20260403,002548,金新农,5.4,5.13,5.42,5.0,28118500.0
20260403,002549,凯美特气,18.15,18.19,18.67,18.02,34450500.0
20260403,002550,千红制药,7.87,7.85,8.07,7.81,45479600.0
20260403,002551,尚荣医疗,3.63,3.4,3.65,3.39,21260100.0
20260403,002552,宝鼎科技,16.1,15.8,16.27,15.77,3250100.0
20260403,002553,南方精工,24.85,25.7,26.49,24.46,20113700.0
20260403,002554,惠博普,3.69,3.58,3.72,3.55,45818100.0
20260403,002555,三七互娱,22.3,21.72,22.38,21.66,21239600.0
20260403,002556,辉隆股份,6.1,5.73,6.13,5.71,19013100.0
20260403,002557,洽洽食品,21.63,21.24,21.7,21.17,2349900.0
20260403,002558,巨人网络,34.69,33.2,34.75,33.07,38260700.0
20260403,002559,亚威股份,9.15,9.1,9.28,8.92,14665000.0
20260403,002560,通达股份,13.78,12.62,14.37,12.49,207127200.0
20260403,002561,徐家汇,8.06,7.93,8.1,7.92,3149000.0
20260403,002562,兄弟科技,5.99,5.78,6.04,5.77,21681400.0
20260403,002563,森马服饰,5.5,5.33,5.5,5.33,14908000.0
20260403,002564,天沃科技,5.97,5.81,6.02,5.76,12429500.0
20260403,002565,顺灏股份,16.35,15.2,16.55,15.03,153156900.0
20260403,002566,益盛药业,8.26,7.93,8.27,7.89,5531400.0
20260403,002567,唐人神,4.11,4.0,4.12,3.98,26398600.0
20260403,002568,百润股份,17.21,16.81,17.3,16.78,4838100.0
20260403,002570,贝因美,5.06,4.89,5.07,4.88,21122500.0
20260403,002571,德力股份,11.71,11.26,11.71,10.97,9550600.0
20260403,002572,索菲亚,12.79,12.55,12.8,12.46,5495800.0
20260403,002573,清新环境,3.71,3.51,3.72,3.51,19600400.0
20260403,002574,明牌珠宝,5.66,5.4,5.67,5.37,7342400.0
20260403,002575,群兴玩具,8.19,7.4,8.33,7.34,83590300.0
20260403,002576,通达动力,17.74,17.18,18.3,17.1,6634900.0
20260403,002577,雷柏科技,15.24,14.9,15.25,14.83,1150300.0
20260403,002578,闽发铝业,4.01,3.82,4.14,3.82,91224200.0
20260403,002579,中京电子,12.25,12.35,12.4,12.06,69815000.0
20260403,002580,圣阳股份,16.7,15.37,16.72,15.37,102583200.0
20260403,002582,好想你,11.33,11.04,11.36,10.97,10162900.0
20260403,002583,海能达,9.94,10.11,10.42,9.72,33835700.0
20260403,002584,西陇科学,7.79,7.55,7.8,7.54,8196400.0
20260403,002585,双星新材,6.79,6.53,6.86,6.45,26047800.0
20260403,002586,围海股份,4.6,4.52,4.64,4.47,7588900.0
20260403,002587,奥拓电子,6.63,6.16,6.73,6.12,34922100.0
20260403,002588,史丹利,10.4,10.03,10.43,9.96,14386200.0
20260403,002589,瑞康医药,3.24,3.38,3.44,3.17,156809600.0
20260403,002590,万安科技,12.19,11.84,12.19,11.76,6026000.0
20260403,002591,恒大高新,6.83,6.36,6.85,6.32,11170600.0
20260403,002593,日上集团,5.4,5.23,5.42,5.2,12850400.0
20260403,002594,比亚迪,101.8,99.01,102.3,99.0,49174500.0
20260403,002595,豪迈科技,79.3,78.86,79.43,78.22,2244600.0
20260403,002596,海南瑞泽,3.75,3.53,3.75,3.51,31177800.0
20260403,002597,金禾实业,24.2,22.8,24.21,22.43,18383700.0
20260403,002599,盛通股份,7.02,6.84,7.05,6.84,7177600.0
20260403,002600,领益智造,12.55,12.38,12.65,12.29,47437600.0
20260403,002601,龙佰集团,17.12,17.11,17.32,17.02,14169900.0
20260403,002602,世纪华通,17.36,17.04,17.39,16.81,61725900.0
20260403,002603,以岭药业,17.18,16.89,17.31,16.87,14627700.0
20260403,002605,姚记科技,20.76,20.3,20.76,20.23,3535400.0
20260403,002606,大连电瓷,11.13,10.71,11.15,10.69,17600800.0
20260403,002607,中公教育,2.61,2.56,2.62,2.54,70843900.0
20260403,002608,江苏国信,8.12,7.83,8.13,7.77,21075500.0
20260403,002609,捷顺科技,8.26,8.04,8.32,8.01,7146200.0
20260403,002611,东方精工,17.52,16.91,17.62,16.88,30277000.0
20260403,002612,朗姿股份,16.66,16.28,16.74,16.26,3447800.0
20260403,002613,北玻股份,3.7,3.44,3.7,3.42,27120100.0
20260403,002614,奥佳华,6.25,6.07,6.26,6.05,7647900.0
20260403,002615,哈尔斯,8.16,7.87,8.16,7.85,9565900.0
20260403,002616,长青集团,5.86,5.47,5.89,5.46,34242100.0
20260403,002617,露笑科技,7.15,7.21,7.46,7.15,67391700.0
20260403,002622,皓宸医疗,2.66,2.49,2.67,2.44,37616100.0
20260403,002623,亚玛顿,21.6,21.17,21.99,20.98,4877300.0
20260403,002624,完美世界,19.87,19.21,19.9,19.01,57409200.0
20260403,002625,光启技术,37.8,37.66,38.17,37.62,13074100.0
20260403,002626,金达威,17.65,17.34,17.78,17.18,5021700.0
20260403,002627,三峡旅游,8.33,8.04,8.33,7.96,10395900.0
20260403,002628,成都路桥,5.18,4.96,5.18,4.93,21627200.0
20260403,002629,仁智股份,6.61,6.68,6.87,6.44,27039900.0
20260403,002631,德尔未来,6.57,6.21,6.6,6.19,14639400.0
20260403,002632,道明光学,11.58,11.12,11.61,11.08,14680800.0
20260403,002633,申科股份,17.97,17.37,18.08,17.17,2368100.0
20260403,002635,安洁科技,13.62,13.91,14.28,13.26,16532700.0
20260403,002636,金安国纪,29.16,29.25,29.59,27.88,37698200.0
20260403,002637,赞宇科技,11.58,11.16,11.65,11.05,10067100.0
20260403,002638,勤上股份,4.28,4.11,4.3,4.09,37648400.0
20260403,002639,雪人集团,18.86,19.8,20.3,18.6,138291600.0
20260403,002640,跨境通,3.53,3.36,3.54,3.36,30912000.0
20260403,002641,公元股份,4.13,4.02,4.13,3.99,9832400.0
20260403,002642,荣联科技,7.9,7.66,7.94,7.63,8844900.0
20260403,002643,万润股份,15.8,15.56,15.88,15.53,8247000.0
20260403,002644,佛慈制药,8.85,8.64,8.99,8.61,12697800.0
20260403,002645,华宏科技,18.01,17.7,18.13,17.47,30451300.0
20260403,002646,天佑德酒,8.11,7.82,8.18,7.81,4275500.0
20260403,002647,仁东控股,8.62,8.83,8.91,8.56,19689200.0
20260403,002648,卫星化学,27.18,26.67,27.2,26.09,40498400.0
20260403,002649,博彦科技,11.49,11.27,11.58,11.22,5985500.0
20260403,002651,利君股份,9.36,9.13,9.39,9.13,5487300.0
20260403,002652,扬子新材,4.44,4.23,4.49,4.17,22241300.0
20260403,002653,海思科,57.48,55.34,57.53,54.33,4733900.0
20260403,002654,万润科技,13.1,12.42,13.17,12.41,36630800.0
20260403,002655,共达电声,18.33,18.75,19.5,18.22,43466900.0
20260403,002656,摩登大道,3.05,2.99,3.06,2.95,12178100.0
20260403,002657,中科金财,21.68,21.24,21.93,21.16,5718400.0
20260403,002658,雪迪龙,8.3,8.05,8.31,8.0,7846800.0
20260403,002659,凯文教育,5.07,4.86,5.1,4.84,14711600.0
20260403,002660,茂硕电源,8.34,8.04,8.35,8.0,5143300.0
20260403,002661,克明食品,9.15,8.65,9.16,8.61,4963100.0
20260403,002662,峰璟股份,3.96,3.88,3.98,3.86,22623200.0
20260403,002663,普邦股份,2.18,2.01,2.2,1.97,82661000.0
20260403,002664,信质集团,19.58,19.5,19.87,19.44,5390900.0
20260403,002666,德联集团,5.43,5.11,5.43,5.08,15246400.0
20260403,002668,TCL智家,9.06,9.04,9.13,8.98,6497000.0
20260403,002669,康达新材,12.47,12.21,12.51,12.18,5263800.0
20260403,002670,国盛证券,14.18,13.84,14.23,13.83,10969600.0
20260403,002671,龙泉股份,4.88,4.58,4.9,4.57,38309200.0
20260403,002672,东江环保,4.43,4.15,4.46,4.15,14623900.0
20260403,002673,西部证券,7.14,7.08,7.16,7.05,24053100.0
20260403,002674,兴业科技,12.61,12.29,12.69,12.15,2380200.0
20260403,002675,东诚药业,15.01,14.58,15.08,14.48,45220000.0
20260403,002676,顺威股份,6.9,6.82,7.04,6.79,30597800.0
20260403,002677,浙江美大,7.98,7.67,7.98,7.61,4975800.0
20260403,002678,珠江钢琴,5.62,6.07,6.07,5.59,59665800.0
20260403,002679,福建金森,10.99,10.37,10.99,10.34,4984800.0
20260403,002681,奋达科技,5.18,4.99,5.2,4.99,24160900.0
20260403,002682,龙洲股份,5.92,5.66,5.92,5.66,18968700.0
20260403,002683,广东宏大,38.68,37.56,38.92,37.23,6157100.0
20260403,002685,华东重机,7.09,6.84,7.15,6.81,21988000.0
20260403,002687,乔治白,4.81,4.53,4.82,4.51,11796000.0
20260403,002688,金河生物,6.11,5.79,6.14,5.77,34310200.0
20260403,002690,美亚光电,17.38,17.5,17.59,17.26,4319500.0
20260403,002692,远程股份,6.03,5.66,6.04,5.63,35281100.0
20260403,002693,双成药业,7.9,7.68,8.01,7.62,8905400.0
20260403,002695,煌上煌,10.76,10.47,10.76,10.37,5024100.0
20260403,002696,百洋股份,6.96,6.58,6.96,6.55,7885400.0
20260403,002697,红旗连锁,5.58,5.43,5.6,5.41,16229800.0
20260403,002698,博实股份,13.28,13.05,13.35,13.02,4927900.0
20260403,002700,万憬能源,6.72,6.39,6.72,6.34,7380100.0
20260403,002701,奥瑞金,5.09,4.97,5.1,4.96,14720400.0
20260403,002702,海欣食品,5.64,5.27,5.64,5.26,23786300.0
20260403,002703,浙江世宝,19.32,18.58,19.51,18.58,32726200.0
20260403,002705,新宝股份,15.05,14.46,15.15,14.43,18114900.0
20260403,002706,良信股份,9.7,9.35,9.74,9.28,35960700.0
20260403,002707,众信旅游,6.55,6.37,6.57,6.33,11559200.0
20260403,002708,光洋股份,11.65,11.23,11.69,11.21,5928900.0
20260403,002709,天赐材料,45.07,43.48,45.97,42.71,72301000.0
20260403,002712,思美传媒,5.15,4.87,5.15,4.86,12788200.0
20260403,002713,东易日盛,12.61,12.08,12.68,12.08,29094900.0
20260403,002714,牧原股份,43.43,42.9,43.5,42.7,26413400.0
20260403,002715,登云股份,14.54,13.92,14.54,13.65,3972700.0
20260403,002716,湖南白银,11.68,11.31,11.75,11.19,99809800.0
20260403,002718,友邦吊顶,60.0,65.37,66.53,59.79,4559300.0
20260403,002721,金一文化,2.84,2.77,2.86,2.75,21773600.0
20260403,002722,物产金轮,14.22,13.99,14.4,13.91,2234300.0
20260403,002723,小崧股份,8.9,8.65,8.95,8.58,7922300.0
20260403,002724,海洋王,6.97,6.66,6.97,6.65,8841800.0
20260403,002725,跃岭股份,15.19,14.95,15.24,14.79,5442600.0
20260403,002727,一心堂,12.85,12.5,12.88,12.48,6630300.0
20260403,002728,特一药业,11.21,11.0,11.35,11.0,26122000.0
20260403,002729,好利科技,20.5,20.3,20.9,19.77,13755500.0
20260403,002730,电光科技,28.99,28.11,29.8,27.84,32698400.0
20260403,002732,燕塘乳业,16.32,15.67,16.35,15.59,2457100.0
20260403,002733,雄韬股份,25.32,25.61,26.26,24.44,23641500.0
20260403,002734,利民股份,17.8,17.14,17.8,17.11,11406900.0
20260403,002735,王子新材,14.39,14.02,14.52,14.02,6580300.0
20260403,002736,国信证券,11.25,11.14,11.32,11.13,16598100.0
20260403,002737,葵花药业,12.68,12.4,12.75,12.38,3264600.0
20260403,002738,中矿资源,73.64,72.21,74.45,70.9,21637000.0
20260403,002739,儒意电影,9.72,9.51,9.74,9.51,17739600.0
20260403,002741,光华科技,17.25,16.51,17.39,16.41,13052900.0
20260403,002742,冀衡医药,4.48,4.33,4.48,4.28,4988200.0
20260403,002743,富煌钢构,5.32,5.08,5.37,5.07,8093300.0
20260403,002745,木林森,8.45,8.25,8.51,8.23,18196400.0
20260403,002746,仙坛股份,6.12,5.89,6.13,5.84,15479000.0
20260403,002747,埃斯顿,19.84,19.49,19.98,19.48,7145500.0
20260403,002748,世龙实业,11.56,11.11,11.59,11.0,3607600.0
20260403,002749,国光股份,13.02,12.82,13.07,12.77,1279600.0
20260403,002752,昇兴股份,6.19,6.27,6.33,6.04,19962400.0
20260403,002753,永东股份,7.47,7.14,7.47,7.07,10808500.0
20260403,002755,奥赛康,16.5,15.97,16.76,15.93,31653900.0
20260403,002756,永兴材料,73.5,72.59,74.94,71.42,12605500.0
20260403,002757,南兴股份,19.57,19.14,19.66,19.04,7589000.0
20260403,002758,浙农股份,9.75,9.47,9.8,9.43,7202000.0
20260403,002760,凤形股份,21.32,20.4,21.39,20.25,2414300.0
20260403,002761,浙江建投,8.37,8.21,8.51,8.21,14931800.0
20260403,002762,金发拉比,7.16,7.12,7.25,7.01,1803600.0
20260403,002763,汇洁股份,7.75,7.66,7.86,7.63,12140900.0
20260403,002765,蓝黛科技,9.9,9.63,9.94,9.63,7980400.0
20260403,002766,索菱股份,4.9,4.68,4.9,4.68,13960500.0
20260403,002767,先锋电子,20.6,20.07,20.6,19.91,1841100.0
20260403,002768,国恩股份,46.0,45.1,46.2,44.22,2716600.0
20260403,002769,普路通,9.95,9.92,10.18,9.73,11735700.0
20260403,002771,真视通,16.53,15.91,16.7,15.74,17274400.0
20260403,002772,众兴菌业,16.75,16.64,17.29,16.47,10727800.0
20260403,002773,康弘药业,29.25,28.64,29.53,28.55,13238300.0
20260403,002774,快意电梯,10.7,10.34,10.7,10.26,2482900.0
20260403,002775,文科股份,3.99,3.71,4.05,3.71,14742200.0
20260403,002777,久远银海,16.21,15.76,16.24,15.74,4702400.0
20260403,002778,中晟高科,20.17,19.51,20.2,19.35,2329000.0
20260403,002779,中坚科技,86.7,84.25,87.35,84.0,1480200.0
20260403,002780,三夫户外,15.03,14.36,15.04,14.35,3681200.0
20260403,002782,可立克,20.6,20.09,20.68,20.0,7214100.0
20260403,002783,凯龙股份,9.15,8.85,9.2,8.8,11617200.0
20260403,002785,万里石,39.11,38.29,39.39,38.13,4317900.0
20260403,002786,银宝山新,7.16,6.89,7.16,6.86,9431500.0
20260403,002787,华源控股,11.92,11.56,11.95,11.45,5824600.0
20260403,002788,鹭燕医药,16.49,17.67,18.38,16.38,94536900.0
20260403,002790,瑞尔特,8.02,7.92,8.05,7.63,13953200.0
20260403,002791,坚朗五金,19.96,19.2,19.96,19.16,4338900.0
20260403,002792,通宇通讯,42.01,45.34,45.34,41.98,63330100.0
20260403,002793,罗欣药业,5.09,5.04,5.15,4.97,23833400.0
20260403,002795,永和智控,8.05,7.82,8.1,7.72,17499100.0
20260403,002796,世嘉科技,46.66,50.59,50.59,45.99,25133000.0
20260403,002797,第一创业,7.04,6.97,7.19,6.94,105308400.0
20260403,002798,帝欧水华,5.97,5.76,5.97,5.74,7419000.0
20260403,002799,环球印务,8.32,7.98,8.41,7.95,6621100.0
20260403,002800,天顺股份,19.8,18.62,20.12,18.62,8944400.0
20260403,002801,微光股份,30.29,29.93,30.59,29.79,1010900.0
20260403,002802,洪汇新材,12.8,12.24,12.88,12.1,3925700.0
20260403,002803,吉宏股份,16.06,15.61,16.3,15.55,6731400.0
20260403,002805,丰元股份,17.03,16.05,17.28,15.96,16524900.0
20260403,002806,华锋股份,12.93,13.06,13.35,12.85,13076500.0
20260403,002807,江阴银行,4.54,4.5,4.55,4.46,30717500.0
20260403,002809,红墙股份,10.95,10.51,11.0,10.42,9333900.0
20260403,002810,山东赫达,23.0,22.35,23.18,21.88,19348300.0
20260403,002811,郑中设计,13.33,12.9,13.42,12.86,4081900.0
20260403,002812,恩捷股份,65.68,66.23,66.91,64.13,25336100.0
20260403,002813,路畅科技,23.92,23.53,24.18,23.5,1200100.0
20260403,002815,崇达技术,13.7,13.5,13.75,13.45,14214300.0
20260403,002817,黄山胶囊,8.05,7.65,8.08,7.6,8800900.0
20260403,002818,富森美,10.78,10.65,10.8,10.6,2639000.0
20260403,002819,东方中科,24.16,25.55,25.95,24.16,8055700.0
20260403,002820,桂发祥,10.83,10.16,10.84,10.1,6369300.0
20260403,002821,凯莱英,125.01,122.06,125.5,121.35,21306300.0
20260403,002823,凯中精密,14.69,14.29,14.74,14.28,2955200.0
20260403,002824,和胜股份,19.86,20.3,20.7,19.53,14278500.0
20260403,002825,纳尔股份,10.2,9.97,10.46,9.93,4398300.0
20260403,002826,易明医药,20.51,20.0,20.67,19.98,4274800.0
20260403,002827,高争民爆,34.06,33.03,34.18,33.03,2947700.0
20260403,002828,贝肯能源,15.17,13.8,15.17,13.51,80133600.0
20260403,002829,星网宇达,22.21,21.58,22.41,21.57,3363900.0
20260403,002830,名雕股份,21.19,20.09,21.19,19.9,2260300.0
20260403,002831,裕同科技,32.88,35.29,35.29,32.57,21922200.0
20260403,002832,比音勒芬,17.4,17.14,17.66,17.12,7783500.0
20260403,002833,弘亚数控,17.75,17.38,17.99,17.3,2449900.0
20260403,002835,同为股份,15.6,15.05,15.65,14.97,3015600.0
20260403,002836,新宏泽,13.59,13.29,13.78,13.07,2608000.0
20260403,002837,英维克,84.01,83.63,85.49,82.8,28181000.0
20260403,002838,道恩股份,24.79,24.97,25.09,24.46,2532800.0
20260403,002839,张家港行,4.53,4.47,4.54,4.45,25911400.0
20260403,002840,华统股份,11.52,11.76,11.92,11.52,55541200.0
20260403,002841,视源股份,32.87,32.32,32.98,32.26,2512000.0
20260403,002842,翔鹭钨业,30.99,30.25,31.3,30.14,20732500.0
20260403,002843,泰嘉股份,20.74,20.67,21.39,20.38,16280400.0
20260403,002845,同兴达,13.25,13.06,13.29,12.99,4660700.0
20260403,002846,英联股份,14.25,13.74,14.39,13.7,6098000.0
20260403,002847,盐津铺子,59.95,58.38,60.08,58.36,1175000.0
20260403,002848,高斯贝尔,13.42,12.89,13.6,12.76,5022800.0
20260403,002849,威星智能,16.6,16.32,16.76,15.95,5479200.0
20260403,002850,科达利,186.9,180.99,188.8,179.04,7007500.0
20260403,002851,麦格米特,97.74,94.57,98.29,94.56,11017400.0
20260403,002852,道道全,9.81,9.38,9.81,9.37,6969400.0
20260403,002853,皮阿诺,24.46,23.27,24.58,23.23,2335700.0
20260403,002855,捷荣技术,11.72,11.37,11.74,11.25,2722800.0
20260403,002857,三晖电气,21.21,20.4,21.29,20.24,3132000.0
20260403,002858,力盛体育,14.96,14.06,15.05,14.01,8783300.0
20260403,002859,洁美科技,39.87,40.0,40.96,39.61,3613900.0
20260403,002860,星帅尔,12.8,12.05,12.83,12.01,11201800.0
20260403,002861,瀛通通讯,15.41,14.42,15.58,14.38,6233200.0
20260403,002862,实丰文化,16.68,15.64,16.8,15.55,4326800.0
20260403,002863,今飞凯达,5.48,5.32,5.55,5.29,10876400.0
20260403,002864,盘龙药业,34.06,33.29,34.71,33.18,3573800.0
20260403,002865,钧达股份,71.61,68.89,72.8,68.55,8969700.0
20260403,002866,传艺科技,21.25,20.02,21.29,19.78,17987200.0
20260403,002867,周大生,11.96,11.72,11.97,11.67,5669500.0
20260403,002868,绿康生化,37.2,37.37,37.84,37.2,573200.0
20260403,002869,金溢科技,24.0,25.95,26.79,23.75,22156800.0
20260403,002871,伟隆股份,16.32,15.99,16.32,15.85,1944200.0
20260403,002873,新天药业,10.49,10.82,10.93,10.4,31668200.0
20260403,002875,安奈儿,19.0,18.26,19.15,18.23,4401900.0
20260403,002876,三利谱,26.29,25.9,26.51,25.3,3401900.0
20260403,002877,智能自控,8.49,8.2,8.53,8.19,7708800.0
20260403,002878,元隆雅图,17.25,16.72,17.33,16.71,8690400.0
20260403,002879,长缆科技,20.89,19.92,20.89,19.81,6709000.0
20260403,002880,卫光生物,27.31,26.88,27.38,26.84,1343100.0
20260403,002881,美格智能,37.21,36.02,37.21,35.91,2890100.0
20260403,002882,金龙羽,26.77,25.91,26.97,25.77,3549800.0
20260403,002884,凌霄泵业,18.3,17.87,18.37,17.82,3108800.0
20260403,002885,京泉华,23.65,22.89,23.65,22.72,8196000.0
20260403,002886,沃特股份,20.13,19.84,20.25,19.76,3631500.0
20260403,002887,绿茵生态,11.1,10.52,11.17,10.42,5022600.0
20260403,002888,惠威科技,18.07,17.42,18.1,17.28,2306100.0
20260403,002889,东方嘉盛,13.11,12.85,13.19,12.82,1290600.0
20260403,002890,弘宇股份,16.66,15.89,16.67,15.82,6204800.0
20260403,002891,中宠股份,38.39,38.18,38.71,37.58,7816700.0
20260403,002892,科力尔,10.8,10.49,10.86,10.43,5515000.0
20260403,002893,京能热力,12.37,12.47,13.09,12.09,30984100.0
20260403,002895,川恒股份,39.11,39.15,39.85,38.41,7257800.0
20260403,002896,中大力德,72.33,71.06,72.87,70.85,3304100.0
20260403,002897,意华股份,60.38,61.37,63.47,59.72,13340700.0
20260403,002899,英派斯,28.6,27.73,28.88,27.57,1991300.0
20260403,002900,哈三联,12.25,11.92,12.38,11.91,6836800.0
20260403,002901,大博医疗,43.74,43.05,43.92,42.85,879400.0
20260403,002902,铭普光磁,27.75,27.0,28.77,26.89,58241500.0
20260403,002903,宇环数控,27.47,27.71,28.8,27.45,11715700.0
20260403,002905,金逸影视,10.0,9.18,10.0,9.18,21939800.0
20260403,002906,华阳集团,27.94,27.78,28.14,27.61,3931800.0
20260403,002907,华森制药,14.53,14.27,14.66,14.25,5117100.0
20260403,002908,德生科技,8.96,8.69,8.97,8.68,4164800.0
20260403,002909,集泰股份,6.44,6.11,6.46,6.1,8534200.0
20260403,002910,庄园牧场,10.8,10.2,10.8,10.16,5499300.0
20260403,002911,佛燃能源,14.43,13.89,14.46,13.8,6541300.0
20260403,002912,中新赛克,26.61,25.9,26.69,25.77,2934500.0
20260403,002913,奥士康,47.02,45.26,47.28,45.0,4530500.0
20260403,002915,中欣氟材,20.27,19.77,20.39,19.75,3375400.0
20260403,002916,深南电路,220.06,212.78,221.0,211.0,10333000.0
20260403,002917,金奥博,13.39,13.14,13.48,13.11,2953800.0
20260403,002918,蒙娜丽莎,11.06,10.78,11.21,10.74,4116100.0
20260403,002919,名臣健康,19.85,19.31,19.94,19.22,2596100.0
20260403,002920,德赛西威,105.44,104.89,105.55,104.06,3226800.0
20260403,002921,联诚精密,23.53,23.67,24.39,22.22,6792900.0
20260403,002922,伊戈尔,34.51,34.42,35.55,34.42,12544300.0
20260403,002923,润都股份,16.31,15.62,16.85,15.62,22213600.0
20260403,002925,盈趣科技,19.68,19.16,19.9,18.78,9364800.0
20260403,002926,华西证券,8.33,8.19,8.34,8.18,9687000.0
20260403,002927,泰永长征,16.84,16.37,16.98,16.24,5965500.0
20260403,002928,华夏航空,8.08,7.88,8.09,7.83,18548200.0
20260403,002929,润建股份,47.64,47.21,48.53,46.1,11869000.0
20260403,002930,宏川智慧,13.7,13.01,13.88,12.97,8424600.0
20260403,002931,锋龙股份,67.5,65.45,67.67,63.87,10662300.0
20260403,002933,新兴装备,32.3,31.6,32.65,31.46,1568200.0
20260403,002935,天奥电子,18.3,17.8,18.39,17.78,3388200.0
20260403,002936,郑州银行,1.84,1.81,1.84,1.8,106391900.0
20260403,002937,兴瑞科技,27.0,27.08,27.63,26.9,5224200.0
20260403,002938,鹏鼎控股,51.52,50.87,52.59,50.7,21169000.0
20260403,002939,长城证券,8.84,8.74,8.88,8.73,10644900.0
20260403,002940,昂利康,35.0,33.55,35.47,33.49,29129600.0
20260403,002941,新疆交建,15.54,15.08,15.59,15.07,10808400.0
20260403,002942,新农股份,19.24,18.91,19.25,18.63,1258200.0
20260403,002943,宇晶股份,45.55,44.71,45.57,44.34,4370900.0
20260403,002945,华林证券,15.76,15.6,15.91,15.6,12621900.0
20260403,002946,新乳业,18.1,17.8,18.1,17.76,3473200.0
20260403,002947,恒铭达,50.84,53.91,53.97,50.52,12240100.0
20260403,002948,青岛银行,5.32,5.27,5.37,5.14,77187500.0
20260403,002949,华阳国际,13.5,12.99,13.51,12.9,2898100.0
20260403,002950,奥美医疗,11.86,11.64,11.9,11.47,10000600.0
20260403,002951,金时科技,14.43,13.96,14.68,13.91,3833100.0
20260403,002952,亚世光电,23.28,25.18,25.18,22.8,10927500.0
20260403,002953,日丰股份,11.32,10.92,11.39,10.89,5822300.0
20260403,002955,鸿合科技,26.29,25.66,26.5,25.61,1299100.0
20260403,002956,西麦食品,27.3,27.92,28.59,27.3,2609300.0
20260403,002957,科瑞技术,31.2,30.62,31.88,29.76,27038600.0
20260403,002958,青农商行,3.06,2.99,3.06,2.98,50333500.0
20260403,002959,小熊电器,46.0,43.93,46.05,43.58,1845200.0
20260403,002960,青鸟智控,11.76,11.35,11.83,11.32,11290300.0
20260403,002961,瑞达期货,21.71,21.13,21.84,21.13,7165600.0
20260403,002962,五方光电,13.6,13.3,13.65,13.2,3528700.0
20260403,002963,豪尔赛,14.49,13.79,14.49,13.55,2897700.0
20260403,002965,祥鑫科技,28.68,27.71,28.69,27.71,3338300.0
20260403,002966,苏州银行,8.41,8.29,8.43,8.27,20756500.0
20260403,002967,广电计量,20.07,20.03,20.22,19.9,3576400.0
20260403,002968,新大正,11.54,11.01,11.54,10.92,2478100.0
20260403,002969,嘉美包装,21.6,21.88,22.55,21.6,47678300.0
20260403,002970,锐明技术,64.77,62.52,66.0,62.25,3338300.0
20260403,002971,和远气体,28.94,29.31,29.89,28.51,4724900.0
20260403,002972,科安达,12.76,12.6,12.95,12.59,5802700.0
20260403,002973,侨银股份,12.82,12.7,13.18,12.42,3511700.0
20260403,002975,博杰股份,69.72,69.26,70.38,69.2,1874100.0
20260403,002976,瑞玛精密,26.16,25.4,26.18,25.3,1065700.0
20260403,002978,安宁股份,32.76,32.09,32.87,32.0,2389200.0
20260403,002979,雷赛智能,36.43,37.06,37.27,36.3,4017200.0
20260403,002980,华盛昌,42.38,46.09,46.09,42.38,12052800.0
20260403,002981,朝阳科技,23.5,22.85,23.63,22.65,1494800.0
20260403,002982,湘佳股份,13.87,13.15,13.87,13.05,5358300.0
20260403,002983,芯瑞达,21.97,21.67,22.27,21.65,1552700.0
20260403,002984,森麒麟,17.39,17.4,17.5,17.26,6020000.0
20260403,002985,北摩高科,35.98,35.03,36.19,34.93,4529300.0
20260403,002986,宇新股份,14.75,15.18,15.48,14.51,7497200.0
20260403,002987,京北方,16.58,16.06,16.74,16.04,6710200.0
20260403,002988,豪美新材,29.92,29.66,30.21,29.31,1139600.0
20260403,002989,中天精装,25.92,25.13,25.94,24.42,2642200.0
20260403,002990,盛视科技,31.0,30.43,31.1,29.65,9885100.0
20260403,002991,甘源食品,50.39,49.25,50.39,48.8,496400.0
20260403,002992,宝明科技,49.7,49.31,50.5,48.2,2387300.0
20260403,002993,奥海科技,45.54,43.61,45.78,43.52,4014900.0
20260403,002995,天地在线,23.69,21.85,23.88,21.84,15179600.0
20260403,002996,顺博合金,7.13,6.9,7.14,6.85,9953900.0
20260403,002997,瑞鹄模具,29.66,29.31,30.05,29.08,3876300.0
20260403,002998,优彩资源,8.05,7.82,8.08,7.7,5675500.0
20260403,002999,天禾股份,6.99,6.54,7.01,6.51,12582300.0
20260403,003000,劲仔食品,10.55,10.32,10.55,10.31,1844700.0
20260403,003001,中岩大地,17.54,16.89,17.55,16.8,1972600.0
20260403,003002,壶化股份,26.55,26.74,26.78,25.95,2319900.0
20260403,003003,天元股份,12.57,12.03,13.0,11.95,8588800.0
20260403,003004,声迅股份,29.0,28.01,29.26,28.0,437300.0
20260403,003005,竞业达,18.21,17.52,18.24,17.52,1899500.0
20260403,003006,百亚股份,17.27,17.58,18.0,17.22,5940000.0
20260403,003007,直真科技,40.81,44.06,44.06,40.12,6095500.0
20260403,003008,开普检测,22.59,21.87,22.78,21.65,1781900.0
20260403,003009,中天火箭,56.81,55.28,56.94,55.2,2458700.0
20260403,003010,若羽臣,33.1,32.1,33.13,31.89,8181600.0
20260403,003011,海象新材,24.36,22.73,24.36,22.58,2870600.0
20260403,003012,东鹏控股,6.25,6.08,6.26,6.05,8211900.0
20260403,003013,地铁设计,13.17,12.87,13.22,12.87,1896700.0
20260403,003015,日久光电,14.23,13.92,14.28,13.91,4372800.0
20260403,003016,欣贺股份,8.07,7.76,8.14,7.71,3770600.0
20260403,003017,大洋生物,30.09,29.46,30.38,29.25,1428600.0
20260403,003018,金富科技,30.25,29.13,31.61,29.12,14910600.0
20260403,003019,宸展光电,30.98,30.77,31.16,30.42,1662200.0
20260403,003020,立方制药,25.59,24.66,25.59,24.45,2764800.0
20260403,003021,兆威机电,95.43,93.78,95.75,93.7,2211100.0
20260403,003022,联泓新科,19.75,19.45,19.88,19.4,8342500.0
20260403,003023,彩虹集团,24.47,24.09,24.49,23.38,4328700.0
20260403,003025,思进智能,13.6,13.26,13.6,13.15,3456000.0
20260403,003026,中晶科技,34.9,34.15,35.85,33.19,6580300.0
20260403,003027,同兴科技,20.89,20.15,21.05,20.03,2129800.0
20260403,003028,振邦智能,25.8,25.22,25.88,25.15,1176400.0
20260403,003029,吉大正元,21.23,20.55,21.3,20.47,2433100.0
20260403,003030,祖名股份,20.53,19.78,20.6,19.65,1578300.0
20260403,003031,中瓷电子,82.6,88.57,88.57,81.6,18903300.0
20260403,003032,传智教育,6.21,6.06,6.22,6.04,3423800.0
20260403,003033,征和工业,60.88,62.09,63.55,60.57,3858200.0
20260403,003035,南网能源,7.48,7.2,7.49,7.17,66170900.0
20260403,003036,泰坦股份,25.19,24.18,25.3,23.5,11380200.0
20260403,003037,三和管桩,7.2,6.96,7.22,6.95,3432900.0
20260403,003038,鑫铂股份,14.17,13.81,14.23,13.71,3359700.0
20260403,003039,顺控发展,14.78,14.18,14.8,14.16,3895500.0
20260403,003040,楚天龙,16.16,15.92,16.3,15.81,6718600.0
20260403,003041,真爱美家,52.07,50.27,52.28,50.03,2849600.0
20260403,003042,中农联合,18.25,16.6,18.29,16.5,11373700.0
20260403,003043,华亚智能,56.88,54.5,56.88,53.2,3805000.0
20260403,003816,中国广核,4.58,4.52,4.59,4.5,148890300.0
20260403,300001,特锐德,27.43,26.53,27.45,26.49,15903100.0
20260403,300002,神州泰岳,9.35,9.27,9.38,9.23,22179900.0
20260403,300003,乐普医疗,16.54,16.14,16.6,16.14,21130900.0
20260403,300004,南风股份,12.88,12.22,12.88,12.2,9437800.0
20260403,300005,探路者,14.46,14.34,14.79,14.0,25955900.0
20260403,300006,莱美药业,5.3,6.52,6.52,5.2,235910100.0
20260403,300007,汉威科技,41.97,41.36,42.24,41.31,4954400.0
20260403,300008,天海防务,7.49,7.21,7.5,7.21,51039300.0
20260403,300009,安科生物,9.84,9.77,9.96,9.77,26465300.0
20260403,300011,鼎汉技术,7.57,7.29,7.59,7.27,12252700.0
20260403,300012,华测检测,14.48,14.47,14.8,14.43,19417400.0
20260403,300013,新宁物流,3.77,3.62,3.79,3.61,14004900.0
20260403,300014,亿纬锂能,62.9,60.0,62.95,59.95,52729100.0
20260403,300015,爱尔眼科,9.63,9.5,9.68,9.49,38579500.0
20260403,300016,北陆药业,10.3,10.02,10.43,9.99,29175800.0
20260403,300017,网宿科技,16.88,16.55,16.97,16.32,148192100.0
20260403,300018,中元股份,12.89,12.46,13.06,12.37,14553800.0
20260403,300019,硅宝科技,18.95,18.48,18.95,18.36,3872800.0
20260403,300021,大禹节水,4.32,4.19,4.34,4.18,12577100.0
20260403,300022,吉峰科技,10.2,9.87,10.2,9.6,45532700.0
20260403,300024,机器人,14.61,14.2,14.66,14.18,13173200.0
20260403,300025,华星创业,5.24,5.01,5.24,5.0,12158600.0
20260403,300026,红日药业,3.64,3.59,3.68,3.59,56559400.0
20260403,300030,阳普医疗,7.86,7.42,7.9,7.37,7585400.0
20260403,300031,宝通科技,20.53,20.16,20.59,20.01,4774300.0
20260403,300032,金龙机电,5.67,5.21,5.72,5.2,61920100.0
20260403,300033,同花顺,300.58,292.8,301.16,292.71,4442300.0
20260403,300034,钢研高纳,18.04,17.33,18.16,17.3,11323400.0
20260403,300035,中科电气,21.06,21.3,21.37,20.3,35136800.0
20260403,300036,超图软件,15.2,14.71,15.23,14.69,7155200.0
20260403,300037,新宙邦,55.78,53.74,56.35,52.45,17772200.0
20260403,300039,上海凯宝,6.01,5.89,6.09,5.87,17078000.0
20260403,300040,九洲集团,7.45,6.75,7.48,6.75,74920300.0
20260403,300041,回天新材,10.51,10.36,10.57,10.33,9596200.0
20260403,300042,朗科科技,43.88,41.45,43.88,41.3,13921200.0
20260403,300043,星辉娱乐,5.55,5.29,5.55,5.28,27613600.0
20260403,300045,华力创通,21.69,21.0,21.85,21.0,11905400.0
20260403,300046,台基股份,30.1,29.43,30.31,29.41,3793700.0
20260403,300047,天源迪科,11.68,11.33,11.74,11.32,10287000.0
20260403,300048,合康新能,6.68,6.44,6.71,6.41,22897800.0
20260403,300049,福瑞医科,58.8,55.77,58.8,55.6,6216400.0
20260403,300050,世纪鼎利,6.75,6.56,6.75,6.45,28922900.0
20260403,300051,琏升科技,12.0,11.81,12.19,11.67,23838000.0
20260403,300052,中青宝,12.19,11.73,12.27,11.73,5596400.0
20260403,300053,航宇微,16.64,16.08,16.78,16.0,19464600.0
20260403,300054,鼎龙股份,47.96,49.75,50.78,47.88,52659300.0
20260403,300055,万邦达,12.1,11.21,12.15,11.18,55983600.0
20260403,300056,中创环保,8.69,8.4,8.69,8.28,12761700.0
20260403,300057,万顺新材,6.52,6.2,6.54,6.15,39731000.0
20260403,300058,蓝色光标,13.97,13.37,14.02,13.31,217365700.0
20260403,300059,东方财富,18.82,18.48,18.87,18.48,138392400.0
20260403,300061,旗天科技,7.89,7.51,7.89,7.5,11245800.0
20260403,300062,中能电气,7.87,7.28,7.92,7.26,28075200.0
20260403,300063,天龙集团,11.12,10.64,11.14,10.64,35703300.0
20260403,300065,海兰信,23.21,22.16,23.39,22.12,37518000.0
20260403,300066,三川智慧,6.13,5.97,6.16,5.97,14949400.0
20260403,300067,安诺其,4.22,4.08,4.26,4.07,20009800.0
20260403,300069,金利华电,21.38,22.7,23.32,21.17,24458300.0
20260403,300070,碧水源,3.87,3.8,3.89,3.78,29951000.0
20260403,300071,福石控股,4.86,4.59,4.88,4.58,33415200.0
20260403,300072,海新能科,5.23,4.79,5.23,4.79,88240100.0
20260403,300073,当升科技,52.0,50.9,52.8,50.81,8214800.0
20260403,300074,华平股份,4.18,3.93,4.18,3.92,18093000.0
20260403,300075,数字政通,12.36,12.01,12.41,12.0,5888200.0
20260403,300077,国民技术,19.66,18.74,19.73,18.71,23467200.0
20260403,300078,思创智联,3.98,4.01,4.19,3.98,58901900.0
20260403,300079,数码视讯,5.22,5.09,5.24,5.08,23852500.0
20260403,300080,易成新能,4.79,4.49,4.8,4.47,46927600.0
20260403,300082,奥克股份,10.93,10.23,11.01,10.22,24120500.0
20260403,300083,创世纪,7.38,7.19,7.43,7.18,21407300.0
20260403,300084,海默科技,11.0,10.4,11.19,10.3,22189600.0
20260403,300085,银之杰,36.03,33.97,36.2,33.7,29105600.0
20260403,300086,康芝药业,9.55,9.17,9.58,9.01,84712500.0
20260403,300088,长信科技,5.91,5.84,5.93,5.83,27811700.0
20260403,300092,科新机电,15.39,15.1,15.49,15.0,3485300.0
20260403,300093,金刚光伏,18.69,19.09,19.5,18.68,7041100.0
20260403,300094,国联水产,3.17,3.04,3.18,3.04,30906200.0
20260403,300095,华伍股份,9.3,9.04,9.32,9.02,7169100.0
20260403,300097,智云股份,7.49,7.51,7.69,7.36,9910400.0
20260403,300098,高新兴,5.18,5.15,5.2,5.11,27883200.0
20260403,300099,尤洛卡,8.59,8.17,8.68,8.1,23745500.0
20260403,300100,双林股份,29.76,28.72,29.86,28.69,6820700.0
20260403,300101,振芯科技,19.97,19.34,20.05,19.34,8697200.0
20260403,300102,乾照光电,31.27,30.05,31.8,29.91,39163400.0
20260403,300103,达刚控股,6.96,6.69,6.96,6.64,7140800.0
20260403,300105,龙源技术,6.73,6.47,6.74,6.46,8761300.0
20260403,300106,西部牧业,9.8,9.3,9.82,9.28,6669700.0
20260403,300107,建新股份,7.07,6.71,7.08,6.69,9186600.0
20260403,300109,新开源,17.23,16.69,17.24,16.67,4914100.0
20260403,300110,华仁药业,3.4,3.4,3.5,3.35,77925400.0
20260403,300111,向日葵,4.08,3.9,4.09,3.89,42730100.0
20260403,300112,万讯自控,7.74,7.5,7.77,7.4,7482800.0
20260403,300113,顺网科技,26.95,26.66,27.56,26.31,55950500.0
20260403,300115,长盈精密,31.49,30.92,31.7,30.72,22190500.0
20260403,300118,东方日升,16.38,15.38,16.45,15.3,52969600.0
20260403,300119,瑞普生物,18.05,17.53,18.19,17.49,4042200.0
20260403,300120,经纬辉开,7.43,7.17,7.47,7.17,8512900.0
20260403,300121,阳谷华泰,11.62,11.33,11.63,11.32,6803900.0
20260403,300122,智飞生物,15.95,15.33,15.95,14.99,33117400.0
20260403,300124,汇川技术,66.71,66.06,67.08,66.01,9010000.0
20260403,300125,聆达股份,8.48,8.32,8.5,8.3,4889100.0
20260403,300126,锐奇股份,7.7,7.36,7.7,7.3,4288300.0
20260403,300127,银河磁体,28.7,28.0,28.7,27.9,2719900.0
20260403,300128,锦富技术,5.91,5.7,5.96,5.69,17082500.0
20260403,300129,泰胜风能,12.32,11.83,12.4,11.77,35283900.0
20260403,300130,新国都,23.31,22.27,23.51,22.25,7431100.0
20260403,300131,英唐智控,11.42,11.36,11.96,11.25,75007700.0
20260403,300132,诺斯贝尔,8.66,8.34,8.71,8.32,10878700.0
20260403,300133,华策影视,7.17,6.93,7.18,6.93,33919600.0
20260403,300134,大富科技,10.02,9.84,10.13,9.81,6044400.0
20260403,300135,宝利国际,3.89,3.69,3.92,3.68,30565700.0
20260403,300136,信维通信,63.38,61.77,64.98,61.5,67694200.0
20260403,300137,先河环保,12.77,12.06,12.77,12.01,19324400.0
20260403,300138,晨光生物,12.28,11.81,12.28,11.81,7237500.0
20260403,300139,晓程科技,55.0,52.75,55.35,52.54,27447500.0
20260403,300140,节能环境,6.69,6.23,6.73,6.22,39379200.0
20260403,300141,和顺电气,13.05,12.3,13.1,12.2,5789400.0
20260403,300142,沃森生物,12.62,12.35,12.7,12.29,38649800.0
20260403,300143,盈康生命,12.98,12.18,12.99,12.15,31037100.0
20260403,300144,宋城演艺,7.79,7.63,7.82,7.62,16901800.0
20260403,300145,南方泵业,4.23,4.16,4.29,4.16,35502400.0
20260403,300146,汤臣倍健,10.95,10.76,10.98,10.73,11149000.0
20260403,300148,天舟文化,4.23,4.06,4.24,4.06,20497400.0
20260403,300149,睿智医药,11.92,12.02,12.23,11.77,72000400.0
20260403,300150,世纪瑞尔,5.31,5.05,5.32,5.03,10300500.0
20260403,300151,昌红科技,15.25,14.86,15.27,14.8,5788200.0
20260403,300153,科泰电源,24.9,25.15,25.39,23.69,17391300.0
20260403,300154,瑞凌股份,7.98,7.75,8.05,7.71,3559900.0
20260403,300155,安居宝,4.64,4.45,4.66,4.41,9242200.0
20260403,300157,新锦动力,6.55,6.17,6.62,6.16,65877400.0
20260403,300158,振东制药,6.3,6.16,6.42,6.15,41831400.0
20260403,300159,新研股份,3.07,2.99,3.07,2.99,11968400.0
20260403,300160,秀强股份,5.53,5.24,5.54,5.23,17098400.0
20260403,300161,华中数控,27.21,26.92,27.58,26.9,1437000.0
20260403,300162,雷曼光电,8.52,8.34,8.75,8.3,28483900.0
20260403,300163,先锋新材,4.56,4.38,4.59,4.36,12374300.0
20260403,300164,通源石油,15.51,15.22,15.72,14.89,129130700.0
20260403,300165,天瑞仪器,4.76,4.51,4.79,4.49,15670000.0
20260403,300166,东方国信,14.3,14.9,15.66,14.02,188654600.0
20260403,300168,万达信息,5.48,5.3,5.49,5.29,15631800.0
20260403,300169,天晟新材,5.96,5.61,6.0,5.6,10119400.0
20260403,300170,汉得信息,19.0,18.38,19.07,18.36,35528800.0
20260403,300171,东富龙,14.66,14.27,14.66,14.27,5022700.0
20260403,300172,中电环保,5.3,5.12,5.33,5.09,25071600.0
20260403,300174,元力股份,16.0,15.72,16.11,15.68,5577600.0
20260403,300175,朗源股份,6.1,5.96,6.12,5.94,4515400.0
20260403,300176,鸿特科技,7.09,6.9,7.1,6.83,13004900.0
20260403,300177,中海达,8.14,8.24,8.27,7.98,13004300.0
20260403,300179,四方达,21.08,21.69,22.16,20.51,56250000.0
20260403,300180,华峰超纤,6.16,5.91,6.26,5.91,52967100.0
20260403,300181,佐力药业,15.94,15.51,15.99,15.48,8050200.0
20260403,300182,捷成股份,5.59,5.38,5.62,5.38,81612300.0
20260403,300183,东软载波,13.89,13.52,13.99,13.46,3515600.0
20260403,300184,力源信息,10.58,10.34,10.65,10.31,44914900.0
20260403,300185,通裕重工,3.24,3.13,3.27,3.12,172802300.0
20260403,300187,永清环保,5.16,4.9,5.18,4.85,13601900.0
20260403,300188,国投智能,12.22,12.04,12.25,12.04,6074800.0
20260403,300189,神农种业,6.66,6.31,6.69,6.28,93378900.0
20260403,300190,维尔利,3.96,3.92,3.98,3.81,26087100.0
20260403,300191,潜能恒信,38.0,38.05,38.6,36.7,16701600.0
20260403,300192,科德教育,18.6,18.18,18.62,18.04,4089700.0
20260403,300193,佳士科技,8.47,8.22,8.5,8.21,5199500.0
20260403,300194,福安药业,4.23,4.16,4.27,4.14,26774800.0
20260403,300195,长荣股份,7.46,7.07,7.48,7.03,10349700.0
20260403,300196,长海股份,17.51,17.02,17.78,17.0,8245500.0
20260403,300197,节能铁汉,1.71,1.65,1.72,1.64,44744400.0
20260403,300199,翰宇药业,19.65,19.42,20.03,19.23,55810500.0
20260403,300200,高盟新材,9.22,8.98,9.26,8.97,8843600.0
20260403,300201,海伦哲,10.49,10.2,10.52,9.96,42879300.0
20260403,300203,聚光科技,13.38,13.24,13.49,13.18,4007600.0
20260403,300204,舒泰神,31.14,31.52,33.19,31.14,66518000.0
20260403,300206,理邦仪器,13.4,12.93,13.44,12.9,7676200.0
20260403,300207,欣旺达,24.75,23.52,24.89,23.51,66791700.0
20260403,300209,行云科技,9.2,9.25,9.54,8.73,57055400.0
20260403,300210,森远股份,8.37,9.18,9.71,8.25,24506500.0
20260403,300213,佳讯飞鸿,7.72,7.54,7.76,7.53,6874300.0
20260403,300214,日科化学,7.01,6.71,7.06,6.69,10314200.0
20260403,300215,电科院,7.9,7.67,7.96,7.65,13184100.0
20260403,300217,东方电热,5.13,5.01,5.14,5.0,26846400.0
20260403,300218,安利股份,15.49,14.98,15.49,14.98,2518100.0
20260403,300219,鸿利智汇,7.16,7.07,7.22,7.04,15447400.0
20260403,300220,金运激光,13.7,13.18,13.8,13.06,2675100.0
20260403,300221,银禧科技,9.6,9.38,9.66,9.36,8834700.0
20260403,300222,科大智能,10.77,10.36,10.77,10.2,13791600.0
20260403,300223,君正股份,108.0,104.7,108.76,104.38,11751100.0
20260403,300224,正海磁材,14.09,13.76,14.15,13.74,11853300.0
20260403,300225,金力泰,5.0,5.18,5.22,5.0,9904500.0
20260403,300226,上海钢联,24.26,23.52,24.36,23.44,5620900.0
20260403,300227,光韵达,11.32,10.92,11.58,10.9,16683300.0
20260403,300228,富瑞特装,9.36,8.89,9.36,8.89,27605700.0
20260403,300229,拓尔思,17.75,17.11,17.79,17.11,12764600.0
20260403,300230,永利股份,4.69,4.53,4.71,4.51,10626100.0
20260403,300231,银信科技,10.61,10.25,10.66,10.08,22870700.0
20260403,300232,洲明科技,6.75,6.6,6.82,6.58,21167500.0
20260403,300233,金城医药,14.75,14.75,14.96,14.5,11987400.0
20260403,300234,开尔新材,6.09,5.84,6.11,5.74,14039100.0
20260403,300235,方直科技,12.75,12.31,12.78,12.19,5916300.0
20260403,300236,上海新阳,73.03,73.11,74.88,73.03,5379700.0
20260403,300238,冠昊生物,15.37,14.83,15.49,14.75,8049900.0
20260403,300239,东宝生物,5.5,5.27,5.52,5.22,12108300.0
20260403,300240,飞力达,6.99,6.7,6.99,6.67,6896000.0
20260403,300241,瑞丰光电,6.39,6.38,6.56,6.32,44834800.0
20260403,300242,佳云科技,4.63,4.39,4.65,4.37,17018500.0
20260403,300243,瑞丰高材,13.06,12.66,13.3,12.54,12671900.0
20260403,300244,迪安诊断,18.69,18.2,18.81,18.2,16694100.0
20260403,300246,宝莱特,14.46,13.95,14.46,13.89,10653100.0
20260403,300247,融捷健康,4.61,4.45,4.62,4.44,16617800.0
20260403,300248,新开普,10.4,10.01,10.4,9.98,7418800.0
20260403,300249,依米康,15.58,15.35,15.74,15.21,22838500.0
20260403,300250,初灵信息,20.68,20.07,20.73,20.0,4133100.0
20260403,300251,光线传媒,14.99,14.46,15.02,14.45,47554500.0
20260403,300252,金信诺,13.22,13.36,13.61,13.18,28745000.0
20260403,300253,卫宁健康,8.4,8.13,8.43,8.12,38832900.0
20260403,300254,仟源医药,11.65,11.12,11.72,11.12,10228000.0
20260403,300255,常山药业,41.6,43.08,43.98,40.77,47561800.0
20260403,300256,星星科技,3.37,3.23,3.38,3.22,23035500.0
20260403,300257,开山股份,29.2,29.21,30.06,28.92,9794000.0
20260403,300258,精锻科技,11.87,11.6,11.9,11.6,8430900.0
20260403,300259,新天科技,4.57,4.31,4.59,4.3,28214500.0
20260403,300260,新莱应材,45.85,45.94,46.4,45.3,6421000.0
20260403,300261,雅本化学,6.38,6.24,6.41,6.22,9978000.0
20260403,300263,隆华科技,9.39,9.27,9.44,9.19,20261200.0
20260403,300264,佳创视讯,9.2,8.83,9.22,8.71,16149100.0
20260403,300265,通光线缆,17.8,17.34,18.69,17.25,58173800.0
20260403,300266,兴源环境,2.55,2.42,2.56,2.42,33672700.0
20260403,300267,尔康制药,3.96,3.9,4.03,3.9,71013500.0
20260403,300268,佳沃食品,13.14,12.78,13.28,12.78,1091500.0
20260403,300269,联建光电,7.11,7.0,7.14,6.97,20653700.0
20260403,300270,中威电子,10.43,10.08,10.44,10.0,4967500.0
20260403,300271,华宇软件,6.56,6.33,6.58,6.31,8810800.0
20260403,300272,开能健康,8.14,7.79,8.16,7.79,25463000.0
20260403,300274,阳光电源,127.2,123.32,127.8,122.83,70777100.0
20260403,300275,梅安森,10.99,10.6,10.99,10.6,3139500.0
20260403,300276,三丰智能,6.88,6.66,6.9,6.66,13299600.0
20260403,300277,汽轮科技,18.79,17.85,18.8,17.74,25095800.0
20260403,300278,华昌达,4.56,4.4,4.58,4.4,16595400.0
20260403,300279,和晶科技,8.73,8.41,8.82,8.39,14912400.0
20260403,300281,金明精机,6.59,6.33,6.67,6.33,3755300.0
20260403,300283,温州宏丰,7.73,7.44,7.76,7.41,11541200.0
20260403,300284,苏交科,6.71,6.41,6.73,6.4,13975300.0
20260403,300285,国瓷材料,30.4,30.6,31.13,30.05,22467900.0
20260403,300286,安科瑞,24.86,23.77,24.86,23.68,7092200.0
20260403,300287,飞利信,4.25,4.12,4.27,4.11,14198600.0
20260403,300288,朗玛信息,12.54,12.1,12.62,12.01,3543600.0
20260403,300289,利德曼,6.78,6.59,6.8,6.57,7180200.0
20260403,300291,百纳千成,6.53,6.33,6.59,6.29,11593400.0
20260403,300292,吴通控股,4.52,4.38,4.54,4.36,35644800.0
20260403,300293,蓝英装备,16.73,18.02,18.95,16.6,19070600.0
20260403,300294,博雅生物,19.05,18.61,19.13,18.56,4030400.0
20260403,300296,利亚德,7.27,7.19,7.33,7.18,87860100.0
20260403,300298,三诺生物,16.07,15.7,16.11,15.69,3611700.0
20260403,300299,富春股份,5.95,5.73,6.01,5.71,12665700.0
20260403,300300,海峡创新,13.98,13.67,14.27,13.46,109997600.0
20260403,300302,同有科技,19.69,18.68,19.73,18.68,19770200.0
20260403,300303,聚飞光电,8.9,9.15,9.4,8.86,184563300.0
20260403,300304,云意电气,13.02,12.81,13.07,12.75,11077600.0
20260403,300305,裕兴股份,6.16,5.95,6.17,5.87,7449700.0
20260403,300306,远方信息,12.15,11.8,12.18,11.74,2973500.0
20260403,300307,慈星股份,6.4,6.2,6.42,6.2,5795500.0
20260403,300308,中际旭创,600.0,606.52,625.0,594.35,29027100.0
20260403,300310,宜通世纪,5.96,5.87,6.02,5.87,28079100.0
20260403,300311,任子行,5.04,4.95,5.08,4.93,8069300.0
20260403,300313,天山生物,7.83,8.09,8.21,7.69,5367500.0
20260403,300314,戴维医疗,13.0,12.54,13.14,12.54,3903000.0
20260403,300315,掌趣科技,4.8,4.63,4.82,4.63,48353700.0
20260403,300316,晶盛机电,41.44,40.79,42.15,40.77,13881400.0
20260403,300317,珈伟新能,4.92,4.68,4.95,4.66,78555900.0
20260403,300318,博晖创新,6.01,5.8,6.08,5.8,7856600.0
20260403,300319,麦捷科技,11.08,10.9,11.12,10.88,17655100.0
20260403,300320,海达股份,9.71,9.45,9.78,9.41,6537000.0
20260403,300321,同大股份,33.07,32.7,33.22,32.23,714000.0
20260403,300322,硕贝德,23.68,23.68,23.97,23.37,12367500.0
20260403,300323,华灿光电,9.55,9.3,9.76,9.28,66793200.0
20260403,300324,旋极信息,4.58,4.35,4.59,4.34,39192900.0
20260403,300327,中颖电子,23.37,23.31,23.73,22.65,8731800.0
20260403,300328,宜安科技,16.88,16.38,16.98,16.25,23760000.0
20260403,300329,海伦钢琴,14.42,13.64,14.42,13.3,8084300.0
20260403,300331,苏大维格,42.66,42.38,43.49,42.38,7015100.0
20260403,300332,天壕能源,6.28,5.94,6.28,5.94,66255700.0
20260403,300333,兆日科技,8.87,8.48,8.87,8.48,5756800.0
20260403,300334,津膜科技,7.2,6.87,7.28,6.82,6965200.0
20260403,300335,迪森股份,7.35,6.78,7.38,6.73,42838500.0
20260403,300337,银邦股份,12.59,11.98,12.7,11.77,39330500.0
20260403,300339,润和软件,38.39,37.5,38.65,37.46,13059800.0
20260403,300340,科恒股份,10.76,10.22,10.83,10.22,6926000.0
20260403,300341,麦克奥迪,14.22,13.88,14.22,13.75,4914300.0
20260403,300342,天银机电,55.8,56.47,58.5,55.01,63310200.0
20260403,300343,联创股份,6.33,6.2,6.38,6.17,11475200.0
20260403,300345,华民股份,7.24,6.68,7.28,6.64,49662800.0
20260403,300346,南大光电,44.9,44.8,45.44,44.8,14242700.0
20260403,300347,泰格医药,55.55,55.3,56.28,54.52,11408200.0
20260403,300348,长亮科技,13.14,12.8,13.22,12.76,19766100.0
20260403,300349,金卡智能,13.8,13.47,13.88,13.43,4608400.0
20260403,300350,华鹏飞,5.28,5.06,5.28,5.05,16021500.0
20260403,300351,永贵电器,15.32,14.74,15.46,14.74,6542100.0
20260403,300353,东土科技,19.25,18.49,19.29,18.44,12724600.0
20260403,300354,东华测试,34.11,33.6,34.28,33.55,1391500.0
20260403,300355,蒙草生态,3.7,3.58,3.7,3.58,19096000.0
20260403,300357,我武生物,26.07,25.53,26.28,25.49,10578600.0
20260403,300358,楚天科技,9.73,9.4,9.74,9.26,13282600.0
20260403,300359,全通教育,4.89,4.7,4.9,4.68,7341200.0
20260403,300360,炬华科技,16.34,15.63,16.35,15.41,8519100.0
20260403,300363,博腾股份,22.01,21.54,22.18,21.51,14744900.0
20260403,300364,中文在线,26.38,25.37,26.48,25.31,29721800.0
20260403,300365,恒华科技,6.16,5.65,6.19,5.64,37905300.0
20260403,300368,汇金股份,11.03,10.31,11.1,10.31,18182200.0
20260403,300369,绿盟科技,7.99,7.69,8.02,7.65,23673200.0
20260403,300370,安控科技,2.52,2.43,2.54,2.42,25479300.0
20260403,300371,汇中股份,12.26,11.83,12.26,11.65,3075900.0
20260403,300373,扬杰科技,73.02,72.17,74.46,72.03,12894000.0
20260403,300374,中铁装配,14.44,13.74,14.55,13.72,4275000.0
20260403,300375,鹏翎股份,4.77,4.56,4.79,4.55,12238500.0
20260403,300376,易事特,6.22,6.17,6.29,6.11,15477800.0
20260403,300377,赢时胜,17.72,17.0,17.8,17.0,18368400.0
20260403,300378,鼎捷数智,39.01,38.18,39.1,38.1,8711700.0
20260403,300380,安硕信息,33.99,33.0,34.15,32.97,1794100.0
20260403,300381,溢多利,6.51,6.15,6.57,6.14,12592600.0
20260403,300382,斯莱克,11.57,11.46,11.62,11.36,7052000.0
20260403,300383,光环新网,16.94,16.88,17.35,16.51,199857600.0
20260403,300384,三联虹普,14.96,14.77,15.09,14.7,2511100.0
20260403,300386,飞天诚信,14.12,13.72,14.37,13.72,4502000.0
20260403,300387,富邦科技,8.61,8.17,8.72,8.13,11772400.0
20260403,300388,节能国祯,7.92,7.62,7.96,7.6,5338500.0
20260403,300389,艾比森,17.45,16.77,17.86,16.74,12600300.0
20260403,300390,天华新能,58.59,58.15,59.98,56.9,29103800.0
20260403,300393,中来股份,10.42,9.81,10.62,9.8,62196700.0
20260403,300394,天孚通信,337.68,333.86,344.4,333.6,31923800.0
20260403,300395,菲利华,92.05,93.76,95.62,91.48,22143000.0
20260403,300397,天和防务,11.35,11.07,11.48,11.01,11551100.0
20260403,300398,飞凯材料,25.88,25.98,26.45,25.76,27505000.0
20260403,300399,天利科技,20.34,19.49,20.4,19.45,3345800.0
20260403,300400,劲拓股份,24.92,28.08,28.68,24.51,42356800.0
20260403,300401,花园生物,14.1,13.86,14.14,13.85,7696900.0
20260403,300402,宝色股份,19.01,18.15,19.02,18.1,4778000.0
20260403,300403,汉宇集团,11.5,11.2,11.55,11.13,5024300.0
20260403,300404,博济医药,10.35,9.96,10.35,9.95,13020300.0
20260403,300405,科隆股份,6.24,5.83,6.24,5.82,12224700.0
20260403,300406,九强生物,12.1,11.78,12.16,11.74,3249300.0
20260403,300407,凯发电气,13.2,12.27,13.2,12.25,8302400.0
20260403,300408,三环集团,53.48,54.84,55.35,53.0,18365000.0
20260403,300409,道氏技术,24.58,24.02,24.74,24.01,12620400.0
20260403,300410,正业科技,7.84,7.61,7.9,7.59,8276800.0
20260403,300411,金盾股份,10.71,10.18,10.85,10.17,10235300.0
20260403,300412,迦南科技,5.24,4.97,5.25,4.95,15170000.0
20260403,300413,芒果超媒,20.81,20.28,20.85,20.24,8886700.0
20260403,300414,中光防雷,13.63,13.49,13.72,13.35,5824500.0
20260403,300415,伊之密,24.0,23.69,24.28,23.6,5251800.0
20260403,300416,苏试试验,17.85,17.28,17.97,17.25,17871800.0
20260403,300417,南华仪器,12.19,11.62,12.24,11.5,3786000.0
20260403,300418,昆仑万维,47.98,46.42,48.09,46.13,37832200.0
20260403,300420,五洋自控,3.54,3.43,3.56,3.42,19931600.0
20260403,300421,力星股份,23.0,22.62,23.31,22.51,11326100.0
20260403,300422,博世科,4.82,4.47,4.89,4.45,14707000.0
20260403,300423,昇辉科技,8.09,7.67,8.1,7.66,16036000.0
20260403,300424,航新科技,16.3,15.82,16.33,15.8,4866500.0
20260403,300425,中建环能,4.81,4.65,4.81,4.63,11079700.0
20260403,300426,华智数媒,7.64,7.22,7.67,7.2,8549600.0
20260403,300427,红相股份,11.86,11.34,11.94,11.24,27973900.0
20260403,300428,立中集团,20.46,20.0,20.57,20.0,5780800.0
20260403,300429,强力新材,12.28,12.42,12.73,12.18,15413800.0
20260403,300432,富临精工,22.94,22.12,23.1,21.88,61531800.0
20260403,300433,蓝思科技,27.7,27.92,28.65,27.15,58752800.0
20260403,300434,金石亚药,10.31,10.06,10.43,10.06,9926200.0
20260403,300435,中泰股份,26.0,25.03,26.35,25.0,8612400.0
20260403,300436,广生堂,124.23,128.05,131.0,123.31,17094200.0
20260403,300437,清水源,15.09,14.54,15.18,14.52,11001900.0
20260403,300438,鹏辉能源,52.3,49.27,52.35,49.1,29456200.0
20260403,300439,美康生物,9.96,9.53,9.97,9.52,4634500.0
20260403,300440,运达科技,16.52,15.77,16.56,15.71,10376100.0
20260403,300441,鲍斯股份,7.05,6.92,7.05,6.92,3090000.0
20260403,300442,润泽科技,81.79,81.0,82.48,80.25,26954000.0
20260403,300443,金雷股份,28.23,27.02,28.41,26.8,10223700.0
20260403,300444,双杰电气,13.35,12.8,13.4,12.78,30774100.0
20260403,300445,康斯特,19.68,19.68,20.29,19.25,5312800.0
20260403,300446,航天智造,19.82,19.29,19.85,19.28,6668300.0
20260403,300447,全信股份,18.77,18.68,19.15,18.39,11044500.0
20260403,300448,浩云科技,6.84,6.55,6.84,6.53,17874600.0
20260403,300449,汉邦高科,7.0,6.8,7.05,6.78,6195200.0
20260403,300450,先导智能,47.32,46.35,47.66,46.27,25180600.0
20260403,300451,创业慧康,4.81,4.6,4.85,4.59,24597700.0
20260403,300452,山河药辅,15.38,14.85,15.48,14.83,6824100.0
20260403,300453,三鑫医疗,9.87,9.53,9.96,9.5,9705300.0
20260403,300454,深信服,98.89,95.8,99.0,95.6,7471100.0
20260403,300455,航天智装,24.03,23.27,24.08,23.18,8445200.0
20260403,300456,赛微电子,48.14,48.7,50.4,48.0,71965800.0
20260403,300457,赢合科技,26.25,25.6,26.4,25.48,11946900.0
20260403,300458,全志科技,33.35,32.63,33.5,32.62,9241600.0
20260403,300459,汤姆猫,4.1,3.93,4.12,3.93,72901000.0
20260403,300461,田中精机,65.14,66.12,66.8,62.65,9497000.0
20260403,300463,迈克生物,11.0,10.61,11.03,10.58,6328800.0
20260403,300464,星徽股份,8.34,7.76,8.35,7.74,23379000.0
20260403,300465,高伟达,14.55,14.09,14.77,14.05,8377000.0
20260403,300466,赛摩智能,8.52,8.33,8.52,8.3,4156000.0
20260403,300467,迅游科技,27.81,27.21,27.98,27.15,1950400.0
20260403,300468,四方精创,30.5,28.6,31.1,28.6,33636100.0
20260403,300469,信息发展,55.52,52.3,56.0,49.96,15415800.0
20260403,300470,中密控股,36.4,35.62,36.41,35.5,2145900.0
20260403,300471,厚普股份,12.68,12.4,12.85,12.38,9651300.0
20260403,300473,德尔股份,30.3,29.6,30.47,29.5,2026700.0
20260403,300474,景嘉微,56.23,55.05,56.52,54.99,5652700.0
20260403,300475,香农芯创,128.0,121.98,128.1,121.95,17021200.0
20260403,300476,胜宏科技,258.04,263.68,269.87,258.0,35497000.0
20260403,300478,杭州高新,23.63,23.01,23.78,22.86,1825500.0
20260403,300479,神思电子,18.09,17.58,18.39,17.54,4067400.0
20260403,300480,光力科技,27.86,27.38,28.56,27.38,12965900.0
20260403,300481,濮阳惠成,14.9,14.75,14.97,14.57,5357800.0
20260403,300482,万孚生物,18.61,17.8,18.67,17.78,7214600.0
20260403,300483,首华燃气,20.75,19.99,20.94,19.86,39717900.0
20260403,300484,蓝海华腾,16.5,16.07,16.65,16.07,2231500.0
20260403,300485,赛升药业,11.72,11.28,11.96,11.28,21497600.0
20260403,300486,东杰智能,25.3,25.11,25.95,25.11,15140800.0
20260403,300487,蓝晓科技,66.67,65.59,66.97,65.43,1368100.0
20260403,300488,恒锋工具,27.18,26.98,27.42,26.91,2390300.0
20260403,300489,光智科技,47.79,48.41,50.14,46.91,8287100.0
20260403,300490,华自科技,16.91,16.2,17.15,16.11,18167500.0
20260403,300491,通合科技,23.2,22.73,23.34,22.6,3736300.0
20260403,300492,华图山鼎,57.76,56.24,57.87,46.21,1016100.0
20260403,300493,润欣科技,14.94,14.6,14.96,14.6,6801100.0
20260403,300494,盛天网络,11.3,11.01,11.33,10.98,6879600.0
20260403,300496,中科创达,59.0,56.88,59.0,56.86,7726400.0
20260403,300497,富祥股份,18.02,17.73,18.45,17.7,50555200.0
20260403,300498,温氏股份,16.65,16.31,16.71,16.26,35782800.0
20260403,300499,高澜股份,34.5,33.83,35.2,33.76,20737900.0
20260403,300500,启迪设计,10.56,10.03,10.56,9.93,4736800.0
20260403,300501,海顺新材,17.27,17.63,18.2,16.63,11363300.0
20260403,300502,新易盛,457.0,455.3,469.0,454.05,33636000.0
20260403,300503,昊志机电,54.3,53.06,55.46,53.0,11796200.0
20260403,300504,天邑股份,15.0,14.91,15.24,14.71,9456100.0
20260403,300505,川金诺,29.05,27.93,29.15,27.83,17578000.0
20260403,300506,名家汇,4.65,4.39,4.72,4.37,9847800.0
20260403,300507,苏奥传感,8.76,8.21,8.8,8.2,22103300.0
20260403,300508,维宏股份,36.57,35.9,36.69,35.6,1329600.0
20260403,300509,新美星,11.43,11.21,11.43,11.19,4373200.0
20260403,300510,金冠股份,4.22,3.97,4.22,3.96,25953400.0
20260403,300511,雪榕生物,7.06,6.93,7.15,6.9,19117400.0
20260403,300512,中亚股份,8.94,8.72,8.97,8.71,3066500.0
20260403,300513,恒实科技,8.55,8.17,8.56,8.14,7409100.0
20260403,300514,友讯达,12.84,12.38,12.9,12.28,3638000.0
20260403,300515,三德科技,17.62,17.29,17.72,17.23,1549900.0
20260403,300516,久之洋,58.51,56.88,58.75,56.6,2463100.0
20260403,300517,海波重科,10.92,10.42,11.05,10.38,3908100.0
20260403,300518,新迅达,19.53,19.15,19.87,18.62,5946900.0
20260403,300519,新光药业,15.6,15.09,15.64,15.04,2722100.0
20260403,300520,科大国创,34.27,33.79,34.66,33.66,8176300.0
20260403,300521,爱司凯,25.95,25.17,25.95,25.12,1605800.0
20260403,300522,世名科技,11.05,11.01,11.2,10.94,3371800.0
20260403,300523,辰安科技,20.92,20.54,20.98,20.38,1404300.0
20260403,300525,博思软件,10.11,9.96,10.15,9.88,8570300.0
20260403,300528,幸福蓝海,16.03,15.36,16.03,15.3,6507000.0
20260403,300529,健帆生物,17.8,17.31,17.83,17.27,3221000.0
20260403,300530,领湃科技,25.0,23.75,25.27,23.71,1981800.0
20260403,300531,优博讯,19.88,19.17,20.3,19.1,29679600.0
20260403,300532,今天国际,11.14,11.08,11.3,11.05,8333800.0
20260403,300533,冰川网络,28.21,27.57,28.5,27.41,4039600.0
20260403,300534,陇神戎发,9.6,9.39,9.84,9.37,10750800.0
20260403,300535,达威股份,19.06,18.28,19.21,18.05,2728000.0
20260403,300536,农尚环境,7.88,7.59,7.96,7.52,6258700.0
20260403,300537,广信材料,21.0,20.83,21.3,20.82,3322800.0
20260403,300538,同益股份,14.25,13.93,14.45,13.92,3200100.0
20260403,300539,横河精密,27.1,26.48,27.35,26.4,2911100.0
20260403,300540,蜀道装备,20.1,19.24,20.13,19.13,4823600.0
20260403,300541,先进数通,13.6,13.28,13.76,13.2,6818600.0
20260403,300542,新晨科技,15.85,14.82,16.37,14.81,5558200.0
20260403,300543,朗科智能,9.45,9.05,9.45,9.0,6031800.0
20260403,300545,联得装备,30.4,30.11,30.65,29.89,5166400.0
20260403,300546,雄帝科技,20.93,20.59,21.84,20.56,3394900.0
20260403,300547,川环科技,36.26,36.87,37.6,35.87,28141400.0
20260403,300548,长芯博创,161.3,165.18,172.6,160.14,28576400.0
20260403,300549,优德精密,16.73,16.19,16.84,16.16,1799000.0
20260403,300550,和仁科技,12.08,11.72,12.13,11.65,3159200.0
20260403,300551,古鳌科技,13.69,13.26,13.7,13.15,8269100.0
20260403,300552,万集科技,25.8,24.99,25.85,24.91,3610000.0
20260403,300553,集智股份,39.26,38.56,39.37,38.38,1719200.0
20260403,300554,三超新材,21.7,21.04,21.7,20.86,2663000.0
20260403,300556,丝路视觉,17.23,16.68,17.39,16.51,3333500.0
20260403,300557,理工光科,31.98,32.06,32.57,31.88,2969300.0
20260403,300558,贝达药业,45.28,44.18,45.48,43.92,8267300.0
20260403,300559,佳发教育,13.94,13.69,14.47,13.63,16614100.0
20260403,300560,中富通,15.24,14.73,15.34,14.66,8602300.0
20260403,300561,汇金科技,13.88,13.16,13.99,12.8,10040000.0
20260403,300562,乐心医疗,13.1,12.66,13.16,12.63,4214300.0
20260403,300563,神宇股份,30.32,29.98,30.66,29.98,2413100.0
20260403,300564,筑博设计,14.81,14.16,14.98,14.0,2500600.0
20260403,300565,科信技术,14.85,14.11,14.94,14.02,32571000.0
20260403,300566,激智科技,17.75,17.41,17.75,17.39,2794000.0
20260403,300567,精测电子,118.7,117.0,120.0,114.33,8513200.0
20260403,300568,星源材质,14.39,13.96,14.59,13.85,44985700.0
20260403,300569,天能重工,6.63,6.29,6.7,6.27,46823400.0
20260403,300570,太辰光,115.0,112.51,116.55,112.12,21338300.0
20260403,300571,平治信息,32.36,31.69,33.12,31.24,9058100.0
20260403,300572,安车检测,27.07,27.02,27.4,26.74,3405200.0
20260403,300573,兴齐眼药,67.5,65.43,67.5,65.2,3909800.0
20260403,300575,中旗股份,6.21,5.93,6.21,5.89,12736700.0
20260403,300576,容大感光,33.19,32.93,33.66,32.93,4144700.0
20260403,300577,开润股份,18.38,18.0,18.54,17.95,868700.0
20260403,300578,会畅科技,19.78,19.12,19.88,19.07,4350600.0
20260403,300579,数字认证,26.63,25.9,26.79,25.8,2057300.0
20260403,300580,贝斯特,22.63,22.8,23.03,21.72,9623300.0
20260403,300581,晨曦航空,12.82,12.39,12.89,12.38,5786200.0
20260403,300582,英飞特,13.74,13.24,13.77,13.19,4979300.0
20260403,300583,赛托生物,14.76,13.96,14.76,13.86,3917700.0
20260403,300584,海辰药业,44.56,44.54,46.35,44.53,7564600.0
20260403,300585,奥联电子,16.17,15.51,16.26,15.47,3962800.0
20260403,300586,美联新材,9.0,8.99,9.14,8.87,5143000.0
20260403,300587,天铁科技,5.25,5.05,5.27,5.03,18544000.0
20260403,300588,熙菱信息,23.48,22.76,23.48,22.43,2425200.0
20260403,300589,江龙船艇,15.88,15.36,15.98,15.35,12874800.0
20260403,300590,移为通信,11.35,11.11,11.36,11.06,3868400.0
20260403,300591,万里马,6.88,6.65,6.96,6.62,10324200.0
20260403,300592,华凯易佰,12.79,12.18,13.15,12.15,14217700.0
20260403,300593,新雷能,23.4,22.71,23.53,22.68,10418500.0
20260403,300595,欧普康视,14.19,13.78,14.2,13.78,8256800.0
20260403,300596,利安隆,44.06,43.17,44.22,42.45,3103300.0
20260403,300597,吉大通信,8.93,8.74,8.98,8.66,5609700.0
20260403,300598,诚迈科技,36.55,35.66,36.67,35.54,2501800.0
20260403,300599,雄塑科技,9.39,9.81,10.0,9.15,15348300.0
20260403,300600,国瑞科技,12.54,12.01,12.54,11.99,3475700.0
20260403,300601,康泰生物,14.12,13.81,14.22,13.8,9444700.0
20260403,300602,飞荣达,29.54,29.05,29.7,28.99,9195600.0
20260403,300603,立昂技术,11.51,11.84,11.99,11.22,64578200.0
20260403,300604,长川科技,117.12,115.0,117.5,114.7,10180200.0
20260403,300605,恒锋信息,13.8,13.39,13.92,13.3,3420300.0
20260403,300606,金太阳,36.0,34.43,36.13,33.95,9316200.0
20260403,300607,拓斯达,25.14,24.61,25.37,24.6,4862900.0
20260403,300608,思特奇,11.23,12.9,12.9,11.15,40552100.0
20260403,300609,汇纳科技,34.3,33.5,34.31,32.72,2660000.0
20260403,300610,晨化股份,11.17,10.76,11.18,10.7,3636300.0
20260403,300611,美力科技,26.53,25.76,26.8,25.7,4883000.0
20260403,300612,宣亚国际,14.73,14.09,14.82,14.03,4769100.0
20260403,300613,富瀚微,40.52,40.67,41.27,40.19,5331600.0
20260403,300614,百川畅银,12.89,12.42,13.17,12.33,3875600.0
20260403,300615,欣天科技,13.93,13.48,14.21,13.32,6472800.0
20260403,300616,尚品宅配,11.87,11.41,11.94,11.39,3370900.0
20260403,300617,安靠智电,54.37,50.56,54.53,50.02,11996200.0
20260403,300618,寒锐钴业,41.52,40.5,42.1,40.46,5003600.0
20260403,300619,金银河,39.95,38.29,40.26,38.29,4100400.0
20260403,300620,光库科技,205.0,222.96,229.9,205.0,24393300.0
20260403,300621,维业股份,8.06,7.64,8.09,7.58,6504200.0
20260403,300622,博士眼镜,23.33,22.6,23.36,22.53,3844300.0
20260403,300623,捷捷微电,26.86,26.41,26.97,26.41,6347500.0
20260403,300624,万兴科技,67.0,65.1,67.38,64.89,4574300.0
20260403,300625,三雄极光,11.39,10.97,11.45,10.92,2349500.0
20260403,300626,华瑞股份,20.49,24.59,24.59,20.49,30890900.0
20260403,300627,华测导航,33.1,32.61,33.38,32.5,4867800.0
20260403,300628,亿联网络,32.99,32.93,33.23,32.86,4098400.0
20260403,300629,新劲刚,22.01,21.41,22.15,21.4,6534200.0
20260403,300631,久吾高科,26.51,26.04,27.61,26.01,3771200.0
20260403,300632,光莆股份,16.23,16.61,17.18,15.23,67703000.0
20260403,300633,开立医疗,25.84,25.08,25.89,24.96,2572000.0
20260403,300634,彩讯股份,23.92,23.67,24.26,23.65,8850800.0
20260403,300635,中达安,13.84,13.26,13.89,13.18,4611000.0
20260403,300636,同和药业,8.21,8.02,8.29,8.01,9496800.0
20260403,300637,扬帆新材,11.15,11.03,11.3,10.97,4426300.0
20260403,300638,广和通,24.19,23.81,24.23,23.81,9027600.0
20260403,300639,凯普生物,6.88,6.68,6.97,6.66,55174700.0
20260403,300640,德艺文创,7.08,6.73,7.14,6.68,8333100.0
20260403,300641,正丹股份,19.36,18.62,19.39,18.6,12109000.0
20260403,300642,透景生命,16.87,16.3,17.15,16.3,4199800.0
20260403,300643,万通智控,16.55,16.09,16.58,16.03,3057000.0
20260403,300644,南京聚隆,28.7,28.1,29.0,28.09,1760000.0
20260403,300645,正元智慧,16.6,15.9,16.69,15.76,3335100.0
20260403,300647,超频三,5.95,5.75,5.98,5.75,8140300.0
20260403,300648,星云股份,51.01,50.79,51.5,50.1,1430900.0
20260403,300649,杭州园林,14.07,13.57,14.17,13.49,2996500.0
20260403,300650,太龙股份,14.48,14.04,14.61,13.95,5156600.0
20260403,300651,金陵体育,28.58,27.0,29.23,26.84,17269100.0
20260403,300652,雷迪克,40.76,39.91,41.15,39.73,1314800.0
20260403,300653,正海生物,19.81,19.43,19.93,19.39,1699100.0
20260403,300654,世纪天鸿,10.59,9.96,10.68,9.92,10880300.0
20260403,300655,晶瑞电材,14.08,14.0,14.19,13.99,17234000.0
20260403,300656,民德电子,20.51,20.02,20.69,19.97,2389600.0
20260403,300657,弘信电子,28.53,28.2,28.88,27.87,18967700.0
20260403,300658,延江股份,27.07,27.35,28.72,25.4,37318000.0
20260403,300659,中孚信息,12.88,12.38,12.9,12.26,5864400.0
20260403,300660,江苏雷利,41.93,40.82,42.06,40.7,2994900.0
20260403,300661,圣邦股份,68.2,68.16,69.12,67.3,14980900.0
20260403,300662,科锐国际,24.04,23.6,24.22,23.48,3415500.0
20260403,300663,科蓝软件,13.0,12.35,13.38,12.34,12737100.0
20260403,300664,鹏鹞环保,5.55,5.27,5.56,5.25,22190800.0
20260403,300665,飞鹿股份,7.56,7.21,7.56,7.16,6780600.0
20260403,300666,江丰电子,136.3,149.14,151.45,135.32,17088000.0
20260403,300667,必创科技,17.94,16.81,18.3,16.78,18276300.0
20260403,300668,杰恩股份,42.13,41.0,44.0,40.46,9078100.0
20260403,300669,沪宁股份,31.41,30.62,31.6,30.32,870300.0
20260403,300670,大烨智能,6.3,5.89,6.3,5.85,9768500.0
20260403,300671,富满微,38.91,37.95,39.0,37.58,6338200.0
20260403,300672,国科微,159.5,152.06,162.71,152.02,6205300.0
20260403,300673,佩蒂股份,15.16,14.86,15.16,14.78,2247900.0
20260403,300674,宇信科技,20.4,19.94,20.55,19.93,9884200.0
20260403,300675,建科院,14.81,14.18,14.83,14.1,3120900.0
20260403,300676,华大基因,40.42,39.11,40.43,39.0,4870400.0
20260403,300677,英科医疗,58.99,59.86,61.04,58.01,19362100.0
20260403,300678,中科信息,28.28,27.6,28.75,27.6,3122700.0
20260403,300679,电连技术,34.12,33.77,34.14,33.7,4102700.0
20260403,300680,隆盛科技,41.14,38.21,41.28,37.88,12113700.0
20260403,300681,英搏尔,21.44,23.27,23.54,21.44,18676700.0
20260403,300682,朗新科技,15.69,15.03,15.74,15.01,15829800.0
20260403,300683,海特生物,45.07,43.9,47.07,43.5,22942200.0
20260403,300684,中石科技,47.99,47.51,48.55,47.36,4839400.0
20260403,300685,艾德生物,22.75,22.17,22.75,22.13,10985000.0
20260403,300686,智动力,13.76,14.22,14.45,13.32,8019000.0
20260403,300687,赛意信息,18.39,18.2,18.53,18.01,5532600.0
20260403,300688,创业黑马,24.08,23.11,24.08,23.11,4012400.0
20260403,300689,澄天伟业,45.89,44.84,46.12,44.81,903800.0
20260403,300690,双一科技,29.9,28.02,29.9,28.0,8772000.0
20260403,300691,联合光电,15.41,15.4,15.53,15.21,3784400.0
20260403,300692,中赋科技,8.63,8.23,8.7,8.22,22804100.0
20260403,300693,盛弘股份,45.15,45.3,46.43,44.46,19589700.0
20260403,300694,蠡湖股份,11.59,11.27,11.7,11.17,6745000.0
20260403,300695,兆丰股份,67.52,66.68,68.51,66.6,480600.0
20260403,300696,爱乐达,26.7,25.85,26.81,25.82,2773800.0
20260403,300697,电工合金,14.77,14.33,14.78,14.33,3505200.0
20260403,300698,万马科技,34.25,34.26,35.2,34.15,2658000.0
20260403,300699,光威复材,34.04,33.11,34.22,33.02,11241500.0
20260403,300700,岱勒新材,13.6,13.32,13.75,13.13,5112400.0
20260403,300701,森霸传感,11.44,11.12,11.56,11.08,4737100.0
20260403,300702,天宇股份,22.96,22.77,23.32,22.52,4576700.0
20260403,300703,创源股份,19.77,19.0,19.77,18.9,3424200.0
20260403,300705,九典制药,14.5,14.2,14.56,14.15,7509800.0
20260403,300706,阿石创,32.51,33.62,34.96,31.68,15960400.0
20260403,300707,威唐工业,15.54,15.19,15.78,15.07,4953300.0
20260403,300708,聚灿光电,9.16,9.03,9.23,9.03,25343500.0
20260403,300709,精研科技,39.5,38.6,39.72,38.47,4275100.0
20260403,300710,万隆光电,27.5,27.29,27.89,26.95,2224600.0
20260403,300711,广哈通信,24.2,23.85,24.3,23.73,3509500.0
20260403,300712,永福股份,28.49,27.19,28.75,27.02,4490100.0
20260403,300713,英可瑞,15.88,15.12,15.88,15.08,3160800.0
20260403,300715,凯伦股份,13.48,12.67,13.48,12.65,5478300.0
20260403,300717,华信新材,20.27,19.62,20.37,19.5,1885300.0
20260403,300718,长盛轴承,70.3,68.39,70.35,68.39,2774600.0
20260403,300719,安达维尔,15.54,15.1,15.68,15.02,4861200.0
20260403,300720,海川智能,58.6,61.81,64.32,58.0,14104400.0
20260403,300721,怡达股份,13.72,13.21,13.78,13.0,3972300.0
20260403,300722,新余国科,29.15,28.37,29.21,28.1,2141200.0
20260403,300723,一品红,37.19,36.54,37.35,35.7,22172300.0
20260403,300724,捷佳伟创,107.8,103.42,108.0,103.39,13534300.0
20260403,300725,药石科技,38.1,37.1,38.25,37.1,8948100.0
20260403,300726,宏达电子,41.37,40.95,41.5,40.72,2726500.0
20260403,300727,润禾材料,30.3,29.45,30.39,29.42,1670900.0
20260403,300729,乐歌股份,12.2,12.11,12.21,11.97,2834200.0
20260403,300730,科创信息,14.26,13.95,14.26,13.38,19384200.0
20260403,300731,科创新源,61.02,60.53,62.4,60.31,6158600.0
20260403,300732,设研院,6.92,6.64,6.93,6.6,5622300.0
20260403,300733,西菱动力,18.33,17.51,18.4,17.25,6779700.0
20260403,300735,光弘科技,20.95,20.76,21.08,20.64,5861900.0
20260403,300736,百邦科技,21.65,20.83,22.19,20.03,20946500.0
20260403,300737,科顺股份,6.23,5.89,6.24,5.82,16894900.0
20260403,300738,奥飞数据,21.7,21.12,21.7,20.8,57727200.0
20260403,300739,明阳电路,25.21,25.0,25.5,24.54,16483600.0
20260403,300740,水羊股份,20.61,19.9,20.66,19.84,6948500.0
20260403,300741,华宝股份,15.96,16.36,16.66,15.45,4864500.0
20260403,300743,天地数码,17.35,16.98,17.5,16.86,1939000.0
20260403,300745,欣锐科技,27.04,24.8,27.07,24.66,7059500.0
20260403,300746,汉嘉数智,13.23,12.58,13.24,12.54,3756700.0
20260403,300747,锐科激光,27.05,29.85,30.65,26.74,39572800.0
20260403,300748,金力永磁,30.73,30.43,30.87,30.35,12946400.0
20260403,300749,顶固集创,29.07,26.58,29.07,25.88,17520200.0
20260403,300750,宁德时代,400.0,386.46,400.8,385.13,24751500.0
20260403,300751,迈为股份,229.0,220.01,229.77,220.01,7408200.0
20260403,300752,隆利科技,15.77,15.85,16.16,15.56,4064600.0
20260403,300753,爱朋医疗,27.71,26.51,27.77,26.46,6495900.0
20260403,300755,华致酒行,12.93,12.34,13.04,12.33,3274300.0
20260403,300756,金马游乐,40.84,39.51,40.98,39.45,2065300.0
20260403,300757,罗博特科,408.0,434.0,452.8,406.9,12311900.0
20260403,300758,七彩化学,13.45,13.07,13.45,13.0,4962300.0
20260403,300759,康龙化成,30.39,30.07,30.59,29.82,41097100.0
20260403,300760,迈瑞医疗,161.98,158.4,162.44,158.32,7571900.0
20260403,300761,立华股份,20.37,19.55,20.37,19.32,8210800.0
20260403,300762,上海瀚讯,36.93,34.9,37.47,34.0,32904800.0
20260403,300763,锦浪科技,91.47,88.34,91.48,87.85,16030300.0
20260403,300765,石药创新,33.11,32.51,33.52,32.38,10489400.0
20260403,300766,每日互动,37.2,36.19,37.5,36.03,22997500.0
20260403,300767,震安科技,18.34,18.12,18.59,18.04,3441300.0
20260403,300768,迪普科技,15.27,14.98,15.42,14.93,3170700.0
20260403,300769,德方纳米,41.7,40.07,42.2,40.02,12983700.0
20260403,300770,新媒股份,39.1,38.63,39.14,38.35,1656100.0
20260403,300771,智莱科技,13.8,13.29,13.82,13.22,2856600.0
20260403,300772,运达股份,19.08,17.76,19.15,17.46,27360900.0
20260403,300773,拉卡拉,23.87,22.71,24.33,22.66,50672100.0
20260403,300774,倍杰特,16.73,16.29,16.8,16.28,6427500.0
20260403,300775,三角防务,36.47,34.81,36.66,34.68,17855700.0
20260403,300776,帝尔激光,72.34,72.29,73.26,70.92,3656900.0
20260403,300777,中简科技,35.62,34.69,35.62,34.67,5870900.0
20260403,300778,新城市,11.99,11.38,12.05,11.37,3828300.0
20260403,300779,惠城环保,91.82,88.0,92.19,87.21,5004100.0
20260403,300780,德恩精工,21.46,21.05,21.85,21.02,9124100.0
20260403,300781,因赛集团,34.65,33.21,34.65,33.2,2867200.0
20260403,300782,卓胜微,86.87,89.1,90.97,85.97,28413700.0
20260403,300783,三只松鼠,18.42,17.99,18.45,17.92,3677600.0
20260403,300784,利安科技,47.33,46.06,47.48,45.8,582500.0
20260403,300785,值得买,47.55,45.65,47.75,45.6,5771000.0
20260403,300786,国林科技,14.07,13.99,14.23,13.8,4958600.0
20260403,300787,海能实业,11.55,11.17,11.58,11.07,3793300.0
20260403,300788,中信出版,29.59,29.0,29.67,28.57,2374100.0
20260403,300789,唐源电气,20.79,19.85,20.79,19.58,2079100.0
20260403,300790,宇瞳光学,23.45,25.08,25.78,23.43,25359700.0
20260403,300791,仙乐健康,20.72,19.88,20.72,19.61,2757600.0
20260403,300792,壹网壹创,33.47,32.06,33.86,32.06,4729200.0
20260403,300793,佳禾智能,13.85,13.44,13.86,13.41,4130700.0
20260403,300795,米奥会展,11.83,11.36,11.83,11.34,3446000.0
20260403,300796,贝斯美,9.1,8.79,9.12,8.75,5393800.0
20260403,300797,钢研纳克,14.53,14.3,14.6,14.25,1606700.0
20260403,300798,锦鸡股份,9.65,8.98,9.68,8.92,18585600.0
20260403,300800,力合科技,11.64,11.23,11.71,11.18,2843900.0
20260403,300801,泰和科技,26.31,25.54,26.57,25.52,2955900.0
20260403,300802,矩子科技,17.98,17.88,18.32,17.69,3571300.0
20260403,300803,指南针,98.2,94.8,99.0,94.78,14056400.0
20260403,300804,广康生化,45.9,44.07,46.47,42.59,2653700.0
20260403,300805,电声股份,10.07,9.5,10.1,9.48,8810800.0
20260403,300806,斯迪克,46.44,45.84,46.8,45.28,9963400.0
20260403,300807,天迈科技,51.98,50.35,51.98,49.5,1140900.0
20260403,300808,久量股份,25.71,27.77,29.15,25.32,6652200.0
20260403,300809,华辰装备,32.17,32.02,32.35,31.88,1946700.0
20260403,300810,中科海讯,31.82,30.4,31.91,30.4,2021300.0
20260403,300811,铂科新材,76.0,76.0,77.74,75.05,5525200.0
20260403,300812,易天股份,34.99,40.5,40.5,34.99,22491300.0
20260403,300813,泰林生物,28.0,26.95,28.6,26.9,5947800.0
20260403,300814,中富电路,83.7,85.2,86.55,83.16,8307100.0
20260403,300815,玉禾田,20.65,20.33,20.67,20.3,2312000.0
20260403,300816,艾可蓝,65.29,68.16,69.26,65.02,4210400.0
20260403,300817,双飞集团,17.58,17.13,17.78,17.0,1457900.0
20260403,300818,耐普矿机,34.26,34.0,34.86,33.64,1295300.0
20260403,300819,聚杰微纤,41.94,40.41,42.42,40.33,3585900.0
20260403,300820,英杰电气,44.76,43.7,45.09,43.64,1595400.0
20260403,300821,东岳硅材,11.02,11.16,11.48,10.98,25452800.0
20260403,300822,贝仕达克,13.83,13.3,13.88,13.25,1810500.0
20260403,300823,建科智能,15.93,15.23,15.93,15.07,2444000.0
20260403,300824,北鼎股份,10.09,9.84,10.14,9.82,3581200.0
20260403,300825,阿尔特,9.27,8.72,9.33,8.71,11187200.0
20260403,300826,测绘股份,16.23,16.03,16.36,15.99,1904800.0
20260403,300827,上能电气,37.38,35.0,37.8,34.56,42649100.0
20260403,300828,锐新科技,20.08,19.78,20.38,19.75,3883100.0
20260403,300829,金丹科技,19.58,17.89,19.61,17.83,11301900.0
20260403,300830,金现代,10.77,10.26,10.82,10.23,13105900.0
20260403,300832,新产业,48.67,47.06,48.97,45.71,5333600.0
20260403,300833,浩洋股份,32.7,32.0,32.89,31.94,550500.0
20260403,300834,星辉环材,47.0,46.72,52.19,45.0,36178300.0
20260403,300835,龙磁科技,84.11,83.75,84.58,80.98,3471900.0
20260403,300836,佰奥智能,52.3,51.93,52.55,51.5,999700.0
20260403,300837,浙矿股份,35.6,34.82,35.99,34.45,1101900.0
20260403,300838,浙江力诺,14.74,14.21,14.98,14.12,2600200.0
20260403,300839,博汇股份,17.01,14.72,17.2,14.6,46527600.0
20260403,300840,酷特智能,17.2,16.8,17.35,16.75,3988900.0
20260403,300841,康华生物,57.95,56.01,58.3,55.73,1239700.0
20260403,300842,帝科股份,80.93,78.58,81.35,77.88,4045000.0
20260403,300843,胜蓝股份,55.75,57.47,59.57,55.0,10095700.0
20260403,300844,山水比德,32.7,31.72,32.96,31.33,595800.0
20260403,300845,捷安高科,11.28,10.98,11.31,10.76,4412700.0
20260403,300846,首都在线,27.86,28.0,28.74,27.23,48911000.0
20260403,300847,中船汉光,15.5,15.21,15.55,15.2,2509000.0
20260403,300848,美瑞新材,14.77,14.3,14.78,14.29,2589400.0
20260403,300849,锦盛新材,19.1,18.56,19.17,18.44,1560000.0
20260403,300850,新强联,40.98,41.09,41.85,39.52,19965700.0
20260403,300851,交大思诺,28.29,27.32,28.5,27.08,1165800.0
20260403,300852,四会富仕,38.71,37.86,38.93,37.81,2823800.0
20260403,300853,申昊科技,18.32,17.67,18.32,17.5,2238400.0
20260403,300854,中兰环保,29.32,27.2,29.32,27.2,4031300.0
20260403,300855,图南股份,36.68,37.21,37.45,36.28,3752400.0
20260403,300856,科思股份,12.4,12.1,12.43,12.09,2338300.0
20260403,300857,协创数据,211.0,208.0,217.35,207.0,7175900.0
20260403,300858,科拓生物,18.26,18.05,18.84,18.03,14316700.0
20260403,300859,西域旅游,32.66,31.55,32.66,31.41,2930400.0
20260403,300860,锋尚文化,23.75,22.86,23.8,22.71,1680000.0
20260403,300861,美畅股份,15.71,15.42,15.77,15.41,4972000.0
20260403,300862,蓝盾光电,21.42,21.02,21.52,20.9,2645000.0
20260403,300863,卡倍亿,50.48,50.09,50.48,47.5,3622500.0
20260403,300864,南大环境,20.51,19.76,20.51,19.75,1709600.0
20260403,300865,大宏立,26.4,25.43,26.41,25.17,746000.0
20260403,300866,安克创新,106.8,100.58,106.86,100.5,4993300.0
20260403,300867,圣元环保,19.85,19.28,20.1,19.27,8469700.0
20260403,300868,杰美特,52.62,50.85,54.28,50.0,4471100.0
20260403,300869,康泰医学,13.45,13.1,13.58,13.07,3184800.0
20260403,300870,欧陆通,270.15,261.04,272.8,260.44,3916300.0
20260403,300871,回盛生物,26.1,24.98,26.38,24.69,17341500.0
20260403,300872,天阳科技,16.31,15.58,16.39,15.48,8103400.0
20260403,300873,海晨股份,21.75,21.39,21.88,21.35,1109300.0
20260403,300875,捷强装备,43.48,44.9,44.95,41.94,7903300.0
20260403,300876,蒙泰高新,25.91,24.78,27.5,24.61,4630400.0
20260403,300877,金春股份,26.44,25.29,26.44,25.0,1876500.0
20260403,300878,维康药业,27.73,27.01,27.77,26.93,1294500.0
20260403,300879,大叶股份,26.28,24.14,26.3,23.85,7749600.0
20260403,300880,迦南智能,20.94,20.15,21.01,19.94,8041500.0
20260403,300881,盛德鑫泰,42.03,40.37,42.03,40.15,1175800.0
20260403,300882,万胜智能,21.64,22.53,22.75,21.31,8497500.0
20260403,300883,龙利得,6.5,6.3,6.5,6.22,11144700.0
20260403,300884,狄耐克,13.18,12.75,13.25,12.71,3579200.0
20260403,300885,海昌新材,23.19,21.97,23.5,21.92,8224900.0
20260403,300886,华业香料,28.25,27.0,28.25,26.77,1370800.0
20260403,300887,谱尼测试,9.97,9.63,10.03,9.58,10467000.0
20260403,300888,稳健医疗,33.0,32.54,33.16,32.38,2089800.0
20260403,300889,爱克股份,25.02,24.5,25.55,24.3,5020000.0
20260403,300890,翔丰华,30.43,28.92,30.97,28.85,8278600.0
20260403,300891,惠云钛业,8.17,7.81,8.2,7.76,8010100.0
20260403,300892,品渥食品,27.53,26.35,27.53,26.35,1253800.0
20260403,300893,松原安全,21.43,21.8,22.39,21.2,3781600.0
20260403,300894,火星人,10.1,9.74,10.16,9.73,3912000.0
20260403,300895,铜牛信息,66.11,60.5,66.5,58.5,17333900.0
20260403,300896,爱美客,114.98,112.46,115.69,112.3,1997700.0
20260403,300897,山科智能,24.4,24.07,24.56,23.88,713900.0
20260403,300898,熊猫乳品,23.36,22.64,23.36,22.55,1799900.0
20260403,300899,上海凯鑫,36.03,35.63,36.67,35.15,607200.0
20260403,300900,广联航空,40.0,37.11,40.38,35.51,38876100.0
20260403,300901,中胤时尚,15.79,15.37,16.15,15.35,3940500.0
20260403,300902,国安达,17.45,16.89,17.46,16.84,2381000.0
20260403,300903,科翔股份,32.74,31.11,32.88,31.0,15113600.0
20260403,300904,威力传动,58.9,54.96,59.4,54.9,1338400.0
20260403,300905,宝丽迪,30.78,30.11,30.84,30.11,1615900.0
20260403,300906,日月明,31.58,31.06,31.87,30.55,1793600.0
20260403,300907,康平科技,28.49,28.06,29.5,28.02,2156300.0
20260403,300908,仲景食品,27.86,27.61,28.09,27.54,1046500.0
20260403,300909,汇创达,37.59,36.84,37.78,36.81,945100.0
20260403,300910,瑞丰新材,51.67,51.96,52.83,51.42,3232200.0
20260403,300911,亿田智能,27.82,27.85,28.99,27.39,6163100.0
20260403,300912,凯龙高科,24.88,24.0,24.88,23.81,3371700.0
20260403,300913,兆龙互连,49.35,49.39,50.27,49.15,5273300.0
20260403,300915,海融科技,22.62,21.92,22.63,21.83,671500.0
20260403,300916,朗特智能,29.22,28.35,29.44,28.2,1672600.0
20260403,300917,特发服务,31.49,30.27,31.59,30.15,3511300.0
20260403,300918,南山智尚,13.85,13.46,13.98,13.46,5075200.0
20260403,300919,中伟新材,48.11,47.7,49.1,47.4,8862900.0
20260403,300920,润阳科技,39.89,38.69,39.89,38.11,1626000.0
20260403,300921,南凌科技,24.46,24.17,24.75,24.07,7748900.0
20260403,300922,天秦装备,19.89,19.09,19.99,19.02,4020900.0
20260403,300923,研奥股份,27.04,25.95,27.28,25.76,1796900.0
20260403,300925,法本信息,17.33,16.98,17.57,16.98,4700900.0
20260403,300926,博俊科技,24.61,24.34,24.83,24.27,3522500.0
20260403,300927,江天化学,26.36,25.41,26.76,25.38,4751400.0
20260403,300928,华安鑫创,29.0,28.31,29.1,28.21,1184500.0
20260403,300929,华骐环保,12.55,11.73,12.55,11.57,5233100.0
20260403,300930,屹通新材,28.49,27.43,28.72,27.16,1402100.0
20260403,300931,通用电梯,12.92,12.62,12.98,12.61,4899100.0
20260403,300932,三友联众,12.88,12.43,12.9,12.41,9004700.0
20260403,300933,中辰股份,7.74,7.46,7.77,7.42,10433400.0
20260403,300935,盈建科,28.54,27.44,28.66,27.18,1770600.0
20260403,300936,中英科技,62.3,60.06,63.55,59.83,3530400.0
20260403,300937,药易购,30.0,30.13,30.88,29.56,6000400.0
20260403,300938,信测标准,39.51,38.2,39.7,37.86,4546200.0
20260403,300939,秋田微,36.78,36.18,37.3,35.9,5148100.0
20260403,300940,南极光,21.63,21.03,21.68,21.03,2601900.0
20260403,300941,创识科技,19.94,19.12,19.94,19.1,2179600.0
20260403,300942,易瑞生物,8.39,8.04,8.44,8.04,5914200.0
20260403,300943,春晖智控,27.0,26.1,27.2,25.9,7543400.0
20260403,300945,曼卡龙,15.48,15.1,15.62,15.01,5639900.0
20260403,300946,恒而达,44.69,43.48,45.0,43.48,652300.0
20260403,300947,德必集团,16.1,15.57,16.37,15.49,2458400.0
20260403,300948,冠中生态,19.3,18.6,19.48,18.53,2738800.0
20260403,300949,奥雅股份,37.0,35.99,37.45,35.41,926700.0
20260403,300950,德固特,21.12,20.53,21.36,20.42,1154100.0
20260403,300951,博硕科技,36.49,35.48,36.5,35.07,1248900.0
20260403,300952,恒辉安防,35.72,34.6,35.81,34.4,2886200.0
20260403,300953,震裕科技,181.8,182.1,190.0,180.38,4143800.0
20260403,300955,嘉亨家化,39.02,38.04,39.75,37.68,3225800.0
20260403,300956,英力股份,14.42,13.93,14.42,13.89,2927200.0
20260403,300957,贝泰妮,38.32,37.25,38.38,37.15,2832000.0
20260403,300958,建工修复,13.01,12.39,13.01,12.33,3171800.0
20260403,300959,线上线下,73.58,72.59,74.96,71.11,3027500.0
20260403,300960,通业科技,24.15,22.85,24.25,22.85,3854100.0
20260403,300961,深水海纳,13.45,12.77,13.54,12.7,6426500.0
20260403,300962,中金辐照,16.11,16.15,16.44,16.01,3469100.0
20260403,300963,中洲特材,16.73,15.88,16.78,15.88,9638700.0
20260403,300964,本川智能,69.05,69.65,71.16,68.34,8509800.0
20260403,300965,恒宇信通,52.88,51.58,52.93,51.36,450600.0
20260403,300966,共同药业,21.28,20.76,21.38,20.71,2240100.0
20260403,300967,晓鸣股份,18.46,17.45,18.5,17.4,7587600.0
20260403,300968,格林精密,11.35,11.07,11.48,11.04,3778400.0
20260403,300969,恒帅股份,119.49,115.38,121.57,115.19,1419200.0
20260403,300970,华绿生物,28.32,30.7,32.41,27.5,14116300.0
20260403,300971,博亚精工,22.44,21.8,22.48,21.72,1726900.0
20260403,300972,万辰集团,200.5,195.84,200.76,194.21,890300.0
20260403,300973,立高食品,32.65,31.9,32.69,31.81,1211400.0
20260403,300975,商络电子,17.61,17.03,17.87,16.75,34286200.0
20260403,300976,达瑞电子,54.03,53.37,54.78,53.33,874500.0
20260403,300977,深圳瑞捷,18.72,18.33,18.98,18.14,1583200.0
20260403,300978,东箭科技,10.68,10.24,10.71,10.23,3593700.0
20260403,300979,华利集团,44.36,44.18,44.65,43.8,886000.0
20260403,300980,祥源新材,36.5,34.7,36.91,34.48,3542600.0
20260403,300981,中红医疗,13.97,14.21,14.5,13.64,17415200.0
20260403,300982,苏文电能,21.96,20.89,22.09,20.68,4908700.0
20260403,300983,尤安设计,28.92,27.77,28.92,27.68,586200.0
20260403,300984,金沃股份,52.7,51.8,53.31,51.4,1112100.0
20260403,300985,致远新能,20.56,19.88,20.88,19.67,2378100.0
20260403,300986,志特新材,23.8,24.81,27.0,23.71,59354300.0
20260403,300987,川网传媒,16.85,16.16,16.88,16.01,3796500.0
20260403,300988,津荣天宇,25.86,24.77,26.48,24.7,4800600.0
20260403,300989,蕾奥规划,14.23,14.32,14.35,13.86,3845500.0
20260403,300990,同飞股份,77.01,75.85,77.8,75.68,2203600.0
20260403,300991,创益通,48.33,47.05,50.0,47.01,2656600.0
20260403,300992,泰福泵业,33.71,32.36,35.48,32.01,8557300.0
20260403,300993,玉马科技,12.18,11.85,12.25,11.83,2041500.0
20260403,300994,久祺股份,15.25,14.35,15.66,14.34,7909900.0
20260403,300995,奇德新材,34.9,33.34,34.9,33.17,1481000.0
20260403,300996,普联软件,16.82,16.5,18.5,16.15,24560600.0
20260403,300997,欢乐家,19.7,18.89,19.76,18.89,3637300.0
20260403,300998,宁波方正,21.6,22.04,22.45,21.37,2571900.0
20260403,300999,金龙鱼,28.51,27.73,28.6,27.65,12102000.0
20260403,301000,肇民科技,28.65,27.8,28.65,27.66,2333100.0
20260403,301001,凯淳股份,27.73,26.6,27.76,26.3,1298500.0
20260403,301002,崧盛股份,36.34,34.27,36.69,33.95,3033700.0
20260403,301003,江苏博云,50.33,50.5,51.25,49.76,1745700.0
20260403,301004,嘉益股份,47.93,47.32,48.44,47.04,438400.0
20260403,301005,超捷股份,152.8,144.55,154.25,142.53,9184500.0
20260403,301006,迈拓股份,16.82,16.18,16.92,16.02,1817200.0
20260403,301007,德迈仕,34.08,34.03,35.0,33.61,2997600.0
20260403,301008,宏昌科技,41.01,42.13,44.7,40.3,24853400.0
20260403,301009,可靠股份,11.68,11.34,11.72,11.32,2122900.0
20260403,301010,晶雪节能,20.76,20.23,20.93,20.23,2029800.0
20260403,301011,华立科技,23.88,23.1,24.25,23.05,1493500.0
20260403,301012,扬电科技,29.59,28.58,30.03,28.58,9755000.0
20260403,301013,利和兴,21.23,20.93,21.4,20.8,4309300.0
20260403,301015,百洋医药,26.0,25.96,28.77,25.6,32846400.0
20260403,301016,雷尔伟,21.9,21.26,21.95,21.2,2610800.0
20260403,301017,漱玉平民,14.83,15.45,16.31,14.78,27681300.0
20260403,301018,申菱环境,91.88,91.05,94.48,90.92,6020600.0
20260403,301019,宁波色母,20.6,20.0,20.6,19.91,1062700.0
20260403,301020,密封科技,21.09,20.28,21.15,20.21,1050300.0
20260403,301021,英诺激光,52.4,52.49,53.47,52.05,3013800.0
20260403,301022,海泰科,28.75,27.83,28.75,27.55,1882700.0
20260403,301023,奕帆传动,38.2,37.1,38.45,37.02,936100.0
20260403,301024,霍普股份,31.93,30.99,33.12,30.81,1101500.0
20260403,301025,读客文化,10.5,9.95,10.54,9.91,6728900.0
20260403,301026,浩通科技,27.85,27.18,27.94,26.97,2195300.0
20260403,301027,华蓝集团,21.03,19.87,21.04,19.8,7948700.0
20260403,301028,鼎熔岩,13.84,13.58,13.94,13.55,1705300.0
20260403,301029,怡合达,23.6,23.63,24.23,23.56,8433400.0
20260403,301031,中熔电气,135.6,133.23,135.6,132.0,1331800.0
20260403,301032,新柴股份,12.11,11.58,12.11,11.58,4078700.0
20260403,301033,迈普医学,61.17,60.66,62.15,59.6,1105300.0
20260403,301035,润丰股份,79.6,76.05,80.19,75.6,1287800.0
20260403,301036,双乐股份,28.14,27.1,28.17,26.98,1043000.0
20260403,301037,保立佳,14.55,13.86,14.6,13.65,2197100.0
20260403,301038,深水规院,20.52,19.93,20.59,19.79,1785500.0
20260403,301039,中集车辆,9.16,9.14,9.31,9.01,14177600.0
20260403,301040,中环海陆,28.51,27.2,28.51,27.0,4878600.0
20260403,301041,金百泽,25.15,24.73,25.6,24.6,2830200.0
20260403,301042,安联锐视,93.06,91.51,93.06,91.0,1097000.0
20260403,301043,绿岛风,50.78,49.7,50.97,49.11,948200.0
20260403,301045,天禄科技,39.34,37.7,39.7,37.3,3147000.0
20260403,301046,能辉科技,24.84,23.89,25.01,23.89,2182100.0
20260403,301047,义翘神州,73.0,72.2,73.09,71.54,845600.0
20260403,301048,金鹰重工,11.82,11.05,11.85,10.97,27839400.0
20260403,301049,超越科技,21.64,20.73,21.87,20.61,1465000.0
20260403,301050,雷电微力,45.21,44.27,45.47,44.21,3294700.0
20260403,301051,信濠光电,21.24,20.49,21.3,20.11,2850500.0
20260403,301052,果麦文化,32.78,31.22,32.85,31.0,2993800.0
20260403,301053,远信工业,41.55,43.16,43.2,40.6,9063800.0
20260403,301055,张小泉,20.81,20.79,21.07,19.81,4923800.0
20260403,301056,森赫股份,14.9,14.34,15.1,14.18,3033500.0
20260403,301057,汇隆新材,32.0,30.78,32.17,30.41,2819500.0
20260403,301058,中粮科工,9.89,9.61,9.91,9.56,4927500.0
20260403,301059,金三江,13.59,13.21,13.62,13.1,2898700.0
20260403,301060,兰卫医学,10.19,9.79,10.23,9.76,6292100.0
20260403,301061,匠心家居,73.76,71.61,73.79,71.4,545000.0
20260403,301062,上海艾录,7.93,7.73,7.99,7.53,8290200.0
20260403,301063,海锅股份,23.88,22.85,24.06,22.67,3045700.0
20260403,301065,本立科技,23.09,22.55,23.09,22.26,2085000.0
20260403,301066,万事利,13.79,13.2,13.89,13.05,4160900.0
20260403,301067,显盈科技,30.73,30.02,31.03,29.75,1206900.0
20260403,301068,大地海洋,29.67,28.26,29.77,27.98,1269900.0
20260403,301069,凯盛新材,20.69,19.9,20.75,19.88,4470100.0
20260403,301070,开勒股份,66.51,65.81,66.51,63.42,2099500.0
20260403,301071,力量钻石,38.72,39.32,39.79,38.3,7068700.0
20260403,301072,中捷精工,21.12,20.58,21.15,20.35,1799000.0
20260403,301073,君亭酒店,27.18,26.18,27.19,26.12,2847700.0
20260403,301075,多瑞医药,62.28,63.33,63.8,60.77,1459400.0
20260403,301076,新瀚新材,37.14,35.98,37.31,35.97,1923300.0
20260403,301077,星华新材,26.17,26.07,26.98,25.77,1903000.0
20260403,301078,孩子王,8.32,8.09,8.33,8.07,14212200.0
20260403,301079,邵阳液压,44.0,40.9,44.8,40.69,15588500.0
20260403,301080,百普赛斯,48.37,45.56,48.44,45.56,6759600.0
20260403,301081,严牌股份,14.48,14.84,15.25,14.2,10502600.0
20260403,301082,久盛电气,17.25,16.8,17.38,16.76,3498200.0
20260403,301083,百胜智能,16.58,16.25,16.98,16.2,3988400.0
20260403,301085,亚康股份,56.41,55.08,57.16,54.79,3329600.0
20260403,301086,鸿富瀚,134.01,129.49,134.99,127.0,1915400.0
20260403,301087,可孚医疗,56.46,56.01,57.27,55.38,1945200.0
20260403,301088,戎美股份,14.09,13.76,14.14,13.7,1468500.0
20260403,301089,拓新药业,28.84,27.99,29.17,27.95,3102700.0
20260403,301090,华润材料,7.68,7.33,7.72,7.28,11111500.0
20260403,301091,深城交,20.9,20.38,21.1,20.38,2440100.0
20260403,301092,争光股份,32.54,31.64,32.57,31.46,944200.0
20260403,301093,华兰股份,83.72,75.0,83.72,73.34,6127600.0
20260403,301095,广立微,66.58,67.34,67.66,65.0,5181200.0
20260403,301096,百诚医药,52.75,50.96,52.98,50.57,2320500.0
20260403,301097,天益医疗,54.38,52.05,54.38,51.2,746400.0
20260403,301098,金埔园林,8.45,8.04,8.45,7.9,5685600.0
20260403,301099,雅创电子,46.5,43.5,46.88,43.17,6581600.0
20260403,301100,风光股份,18.34,17.69,18.34,17.61,1165400.0
20260403,301101,明月镜片,33.4,32.69,33.51,32.5,1643600.0
20260403,301102,兆讯传媒,10.66,10.27,10.82,10.25,2216100.0
20260403,301103,何氏眼科,19.75,19.05,19.83,18.93,1950100.0
20260403,301105,鸿铭股份,60.57,57.38,60.99,57.2,753200.0
20260403,301106,骏成科技,28.21,27.54,28.41,27.38,1035300.0
20260403,301107,瑜欣电子,26.89,25.99,26.97,25.8,1008100.0
20260403,301108,洁雅股份,29.55,28.39,29.56,28.26,1076600.0
20260403,301109,军信股份,15.52,15.2,15.83,15.2,6815000.0
20260403,301110,青木科技,55.86,54.71,56.47,54.55,1378500.0
20260403,301111,粤万年青,19.66,19.14,19.89,19.11,4146100.0
20260403,301112,信邦智能,32.2,31.31,32.25,31.14,575300.0
20260403,301113,雅艺科技,24.93,24.02,24.99,23.86,1140100.0
20260403,301115,联检科技,20.08,19.47,20.19,19.3,3148800.0
20260403,301116,益客食品,10.01,9.62,10.12,9.58,3118500.0
20260403,301118,恒光股份,23.6,22.55,23.64,22.43,2420300.0
20260403,301119,正强股份,41.33,40.61,41.91,40.15,1289100.0
20260403,301120,新特电气,21.26,20.48,21.33,20.43,10080400.0
20260403,301121,紫建电子,34.58,33.35,34.58,33.31,1046800.0
20260403,301122,采纳股份,28.68,27.77,29.12,27.62,1235400.0
20260403,301123,奕东电子,51.51,53.0,53.97,50.92,8015400.0
20260403,301125,腾亚精工,18.99,18.99,19.37,18.76,3145300.0
20260403,301126,达嘉维康,11.6,11.19,11.84,11.06,9484200.0
20260403,301127,武汉天源,15.69,15.37,15.77,15.21,6722700.0
20260403,301128,强瑞技术,155.03,155.0,164.1,150.0,7104000.0
20260403,301129,瑞纳智能,24.6,23.65,24.64,23.54,1996000.0
20260403,301130,西点药业,32.16,31.22,32.48,31.02,2644100.0
20260403,301131,聚赛龙,41.22,39.71,41.28,39.4,1136900.0
20260403,301132,满坤科技,38.53,38.04,39.71,38.0,4577500.0
20260403,301133,金钟股份,38.88,36.1,38.91,35.3,7136400.0
20260403,301135,瑞德智能,26.82,26.2,27.28,25.91,1394400.0
20260403,301136,招标股份,15.58,14.8,15.66,14.73,8572000.0
20260403,301137,哈焊华通,45.51,40.18,46.3,40.16,10660100.0
20260403,301138,华研精机,36.12,36.18,36.6,35.85,1268500.0
20260403,301141,中科磁业,48.7,47.7,49.04,47.53,1000500.0
20260403,301148,嘉戎技术,50.19,49.52,50.4,49.2,795200.0
20260403,301149,隆华新材,11.77,11.32,12.05,11.31,9636000.0
20260403,301150,中一科技,55.15,54.41,57.98,54.0,7693400.0
20260403,301151,冠龙节能,18.19,17.59,18.29,17.51,1371300.0
20260403,301152,天力锂能,27.74,27.12,28.19,26.86,2969700.0
20260403,301153,中科江南,24.04,23.86,25.16,23.83,8738300.0
20260403,301155,海力风电,65.98,64.01,65.98,63.11,4369600.0
20260403,301156,美农生物,18.78,17.91,18.78,17.82,2112800.0
20260403,301157,华塑科技,59.63,61.3,61.75,57.8,2387700.0
20260403,301158,德石股份,24.6,23.61,24.94,23.5,8203100.0
20260403,301159,三维天地,40.54,39.07,41.19,38.8,2253000.0
20260403,301160,翔楼新材,53.0,51.14,54.09,50.8,1943400.0
20260403,301161,唯万密封,28.98,28.11,29.3,28.02,2179000.0
20260403,301162,国能日新,63.95,62.05,64.67,61.43,1703400.0
20260403,301163,宏德股份,29.01,27.52,29.01,27.34,1554300.0
20260403,301165,锐捷网络,81.0,80.63,82.48,80.34,6138100.0
20260403,301166,优宁维,31.04,29.86,31.16,29.86,2076600.0
20260403,301167,建研设计,16.41,15.62,16.44,15.46,2979300.0
20260403,301168,通灵股份,40.88,40.06,41.1,39.71,1741500.0
20260403,301169,零点有数,53.9,51.5,54.13,51.2,855400.0
20260403,301170,锡南科技,28.35,27.36,28.42,27.21,924200.0
20260403,301171,易点天下,42.94,41.3,42.95,41.3,23346500.0
20260403,301172,君逸数码,25.04,26.84,27.94,24.67,14853500.0
20260403,301173,毓恬冠佳,41.94,41.09,42.23,40.87,482900.0
20260403,301175,中科环保,6.17,5.95,6.18,5.93,21736600.0
20260403,301176,逸豪新材,26.75,25.53,26.85,25.18,7769600.0
20260403,301177,迪阿股份,27.52,26.96,27.77,26.91,838200.0
20260403,301178,天亿马,49.87,48.21,49.87,47.82,1221500.0
20260403,301179,泽宇智能,24.98,27.08,28.28,24.98,32260400.0
20260403,301180,万祥科技,19.58,18.19,19.74,18.12,7829100.0
20260403,301181,标榜股份,39.68,38.32,40.15,38.26,1131300.0
20260403,301182,凯旺科技,58.58,58.44,60.0,58.0,2257500.0
20260403,301183,东田微,162.98,170.4,174.6,160.59,11677200.0
20260403,301185,鸥玛软件,18.42,17.85,18.55,17.76,1781700.0
20260403,301186,超达装备,56.1,58.9,59.3,55.3,3259100.0
20260403,301187,欧圣电气,20.01,19.65,20.13,19.64,931300.0
20260403,301188,力诺药包,23.1,22.09,23.45,20.43,52563200.0
20260403,301189,奥尼电子,45.63,44.48,45.63,44.06,2194000.0
20260403,301190,善水科技,22.11,21.51,22.38,21.31,2107400.0
20260403,301191,菲菱科思,136.22,137.92,141.89,134.05,6339000.0
20260403,301192,泰祥股份,26.65,25.43,26.65,25.34,1185800.0
20260403,301193,家联科技,22.4,21.94,22.44,21.8,1769600.0
20260403,301195,北路智控,30.55,29.91,30.75,29.85,801500.0
20260403,301196,唯科科技,104.5,101.01,105.2,100.6,4544600.0
20260403,301197,工大科雅,21.62,21.1,22.0,20.6,3547300.0
20260403,301198,喜悦智行,13.81,13.36,13.89,13.3,3183700.0
20260403,301199,迈赫股份,22.24,21.74,22.38,21.61,822200.0
20260403,301200,大族数控,157.2,154.03,162.6,154.03,3507400.0
20260403,301201,诚达药业,58.24,61.15,61.79,56.71,22675500.0
20260403,301202,朗威股份,36.51,36.05,36.88,35.75,860000.0
20260403,301203,国泰环保,40.13,38.81,40.27,38.36,751700.0
20260403,301205,联特科技,224.93,216.12,229.97,215.92,11040500.0
20260403,301206,三元生物,26.7,25.58,26.7,25.57,1240700.0
20260403,301207,华兰疫苗,19.99,19.71,20.16,19.66,6640200.0
20260403,301208,中亦科技,33.56,32.3,33.8,32.14,1115900.0
20260403,301209,联合化学,86.81,85.0,87.73,83.91,720200.0
20260403,301210,金杨精密,38.43,37.23,38.54,37.06,1507400.0
20260403,301211,亨迪药业,12.41,12.07,12.41,12.05,5879100.0
20260403,301212,联盛化学,26.68,25.95,26.93,25.8,986400.0
20260403,301213,观想科技,66.85,65.74,67.48,65.51,855700.0
20260403,301215,中汽股份,6.09,5.86,6.09,5.84,9122800.0
20260403,301216,万凯新材,26.75,28.13,28.99,26.5,26130700.0
20260403,301217,铜冠铜箔,37.0,36.14,37.87,36.1,23425800.0
20260403,301218,华是科技,33.2,32.43,33.4,31.92,2598000.0
20260403,301219,腾远钴业,60.8,59.51,61.19,59.39,2887400.0
20260403,301220,亚香股份,38.96,38.23,39.4,37.5,2811000.0
20260403,301221,光庭信息,47.97,47.42,48.68,47.21,1201900.0
20260403,301222,浙江恒威,33.7,33.35,34.15,33.0,1360400.0
20260403,301223,中荣股份,19.23,18.76,19.45,18.71,1382300.0
20260403,301225,恒勃股份,110.23,106.68,111.0,106.22,2963500.0
20260403,301226,祥明智能,41.7,42.99,43.62,39.18,14257700.0
20260403,301227,森鹰窗业,34.37,34.82,35.16,32.81,1930300.0
20260403,301228,实朴检测,44.23,41.89,44.48,41.69,2451000.0
20260403,301229,纽泰格,17.77,17.28,17.88,17.26,1558400.0
20260403,301230,泓博医药,42.2,40.99,43.3,40.9,14891300.0
20260403,301231,荣信文化,30.21,28.97,30.37,28.65,2825300.0
20260403,301232,飞沃科技,175.96,156.19,181.6,155.61,7161200.0
20260403,301233,盛帮股份,52.28,50.2,52.4,50.2,726300.0
20260403,301234,五洲医疗,38.0,35.9,38.0,35.71,916600.0
20260403,301235,华康洁净,44.05,42.8,44.29,42.52,2907000.0
20260403,301236,软通动力,37.29,36.58,37.43,36.46,8816600.0
20260403,301237,和顺科技,51.91,51.8,52.61,50.68,603700.0
20260403,301238,瑞泰新材,19.36,18.82,19.59,18.71,5184100.0
20260403,301239,普瑞眼科,35.96,36.54,37.45,35.51,3619600.0
20260403,301246,宏源药业,22.85,21.91,23.13,21.81,13623100.0
20260403,301248,杰创智能,46.65,44.82,46.97,44.34,4624000.0
20260403,301251,威尔高,55.14,57.66,58.98,54.71,5569200.0
20260403,301252,同星科技,36.76,35.3,36.88,35.2,1963200.0
20260403,301255,通力科技,28.4,27.16,28.47,27.05,5020400.0
20260403,301256,华融化学,12.96,12.7,13.04,12.6,4322000.0
20260403,301257,普蕊斯,59.13,58.8,59.8,57.3,3009900.0
20260403,301258,富士莱,32.57,30.99,32.78,30.8,913500.0
20260403,301259,艾布鲁,31.58,31.03,31.65,30.7,1113400.0
20260403,301260,格力博,14.91,14.51,14.98,14.5,1779700.0
20260403,301261,恒工精密,75.15,73.01,75.43,72.97,874200.0
20260403,301262,海看股份,22.69,22.12,22.74,22.08,2690400.0
20260403,301263,泰恩康,27.79,26.67,27.95,26.64,5131900.0
20260403,301265,华新科技,20.0,19.32,20.17,19.25,7822900.0
20260403,301267,华厦眼科,16.96,16.66,16.99,16.54,2400700.0
20260403,301268,铭利达,20.38,20.5,21.01,20.13,3128600.0
20260403,301269,华大九天,81.69,82.3,83.35,80.2,4022600.0
20260403,301270,汉仪股份,31.59,30.87,31.79,30.5,2301100.0
20260403,301272,英华特,38.76,37.72,38.9,37.5,711700.0
20260403,301273,瑞晨环保,29.11,28.04,29.27,27.65,1007200.0
20260403,301275,汉朔科技,40.2,40.0,40.43,39.84,3557300.0
20260403,301276,嘉曼服饰,23.19,22.8,23.59,22.6,961300.0
20260403,301277,新天地,12.31,12.03,12.41,12.0,4001800.0
20260403,301278,快可电子,37.54,36.56,37.79,36.25,1917700.0
20260403,301279,金道科技,26.36,25.59,26.92,25.41,1566700.0
20260403,301280,珠城科技,52.17,52.4,52.89,51.53,931600.0
20260403,301281,科源制药,35.67,34.06,36.12,33.85,3757700.0
20260403,301282,金禄电子,35.5,34.61,36.23,34.61,12101500.0
20260403,301283,聚胶股份,44.87,44.02,44.87,43.75,639100.0
20260403,301285,鸿日达,83.17,81.23,83.87,80.0,2325300.0
20260403,301286,侨源股份,45.28,44.99,45.56,44.35,808400.0
20260403,301287,康力源,41.38,39.68,41.5,39.62,716900.0
20260403,301288,清研环境,17.01,16.68,17.19,16.65,337100.0
20260403,301289,国缆检测,51.98,50.91,52.29,50.57,359700.0
20260403,301290,东星医疗,26.85,26.35,27.3,26.2,1324500.0
20260403,301291,明阳电气,49.39,48.56,49.7,48.4,4372900.0
20260403,301292,海科新源,89.17,85.68,90.09,82.0,17891500.0
20260403,301293,三博脑科,67.2,65.1,67.67,65.0,10111500.0
20260403,301295,美硕科技,36.25,35.3,36.58,35.26,1187400.0
20260403,301296,新巨丰,7.79,7.51,7.79,7.49,2485600.0
20260403,301297,富乐德,33.07,33.11,33.62,33.02,2374400.0
20260403,301298,东利机械,15.62,15.04,15.64,14.91,2053000.0
20260403,301299,卓创资讯,65.39,61.32,65.68,60.12,2729800.0
20260403,301300,远翔新材,41.99,41.43,42.15,40.79,867400.0
20260403,301301,川宁生物,10.95,10.53,10.95,10.4,25806400.0
20260403,301302,华如科技,21.53,20.69,21.58,20.61,9458500.0
20260403,301303,真兰仪表,14.6,14.37,14.79,14.28,1942400.0
20260403,301305,朗坤科技,23.96,23.21,24.02,23.18,2671100.0
20260403,301306,西测测试,156.0,145.3,158.01,143.05,8561100.0
20260403,301307,美利信,37.37,38.24,39.39,36.88,6558200.0
20260403,301308,江波龙,291.5,285.57,294.68,285.08,8367700.0
20260403,301310,鑫宏业,41.06,39.92,41.09,39.24,1563900.0
20260403,301311,昆船智能,16.38,15.93,16.43,15.85,1605300.0
20260403,301312,智立方,105.81,114.62,117.5,103.55,12758500.0
20260403,301313,凡拓数创,28.56,28.14,29.02,28.1,1731700.0
20260403,301314,科瑞思,45.0,43.25,45.0,42.82,658900.0
20260403,301315,威士顿,47.86,46.43,48.33,46.33,857600.0
20260403,301316,慧博云通,39.95,40.15,40.48,39.46,4758100.0
20260403,301317,鑫磊股份,48.99,47.86,49.58,47.23,3094000.0
20260403,301318,维海德,25.9,25.44,26.35,25.37,906900.0
20260403,301319,唯特偶,42.17,41.04,42.97,41.0,1637400.0
20260403,301320,豪江智能,16.68,15.91,16.74,15.72,2533100.0
20260403,301321,翰博高新,19.16,18.68,19.29,18.56,2710900.0
20260403,301322,绿通科技,29.84,28.78,29.84,28.66,872800.0
20260403,301323,新莱福,59.77,61.36,62.0,58.0,3672100.0
20260403,301325,曼恩斯特,42.0,40.79,42.4,40.74,1251200.0
20260403,301326,捷邦科技,131.0,127.31,131.0,126.04,931900.0
20260403,301327,华宝新能,66.6,63.45,67.6,63.36,4542500.0
20260403,301328,维峰电子,46.13,45.02,46.13,44.76,593400.0
20260403,301329,信音电子,22.11,21.63,22.27,21.6,1589300.0
20260403,301330,熵基科技,33.26,32.55,33.52,32.51,1680400.0
20260403,301331,恩威医药,26.29,25.61,26.5,25.5,1051400.0
20260403,301332,德尔玛,9.15,8.89,9.18,8.86,1827500.0
20260403,301333,诺思格,66.5,65.9,67.32,65.41,2871200.0
20260403,301335,天元宠物,24.85,24.22,24.98,24.1,1054800.0
20260403,301336,趣睡科技,50.18,49.82,50.82,49.45,1085900.0
20260403,301337,亚华电子,27.33,26.28,27.53,26.26,1184300.0
20260403,301338,凯格精机,162.1,167.71,168.84,157.18,4398400.0
20260403,301339,通行宝,12.92,12.67,12.99,12.62,2201500.0
20260403,301345,涛涛车业,215.25,213.5,216.97,209.2,1003000.0
20260403,301348,蓝箭电子,23.65,22.73,23.68,22.64,6669000.0
20260403,301349,信德新材,54.62,57.1,59.59,54.32,9233100.0
20260403,301353,普莱得,26.94,26.16,26.94,25.9,971500.0
20260403,301355,南王科技,12.05,11.62,12.06,11.42,4522400.0
20260403,301356,天振股份,22.01,21.24,22.2,21.13,1138200.0
20260403,301357,北方长龙,117.0,114.45,117.23,112.87,3186900.0
20260403,301358,湖南裕能,70.82,68.58,71.24,68.02,17417400.0
20260403,301359,东南电子,20.02,18.97,20.12,18.88,1959200.0
20260403,301360,荣旗科技,66.34,65.98,66.8,65.68,679200.0
20260403,301361,众智科技,35.63,34.48,35.7,34.33,1680900.0
20260403,301362,民爆光电,98.81,103.0,103.8,98.51,2461100.0
20260403,301363,美好医疗,25.66,24.96,25.66,24.89,6543700.0
20260403,301365,矩阵股份,31.0,29.0,31.42,28.85,7348600.0
20260403,301366,一博科技,30.38,30.17,30.75,29.93,1237400.0
20260403,301367,瑞迈特,69.17,67.21,69.58,67.21,1044100.0
20260403,301368,丰立智能,51.12,49.83,51.65,49.7,1155600.0
20260403,301369,联动科技,130.33,126.49,130.97,126.48,613200.0
20260403,301370,国科恒泰,10.59,10.28,10.6,10.28,3398400.0
20260403,301371,敷尔佳,23.09,22.28,23.11,22.2,958800.0
20260403,301372,科净源,26.24,25.17,26.5,25.03,1241900.0
20260403,301373,凌玮科技,67.57,69.05,72.62,65.0,7096500.0
20260403,301376,致欧科技,15.86,15.39,15.95,15.35,2594200.0
20260403,301377,鼎泰高科,186.24,193.11,199.3,186.24,3790200.0
20260403,301378,通达海,31.29,30.09,31.29,29.88,1415000.0
20260403,301379,天山电子,23.51,22.85,23.68,22.82,2448800.0
20260403,301380,挖金客,33.4,31.96,33.69,31.9,1640000.0
20260403,301381,赛维时代,19.42,18.91,19.66,18.87,1630200.0
20260403,301382,蜂助手,32.06,31.51,32.18,31.31,5587100.0
20260403,301383,天键股份,27.2,26.1,27.2,26.0,1064700.0
20260403,301386,未来电器,24.86,23.73,24.86,23.55,1721000.0
20260403,301387,光大同创,51.5,50.91,51.62,50.55,784600.0
20260403,301388,欣灵电气,31.08,30.09,31.68,29.86,2040900.0
20260403,301389,隆扬电子,47.87,47.17,50.21,47.11,5794700.0
20260403,301390,经纬股份,37.1,35.72,37.2,35.36,862100.0
20260403,301391,卡莱特,65.0,64.5,65.64,64.2,699200.0
20260403,301392,汇成真空,121.05,121.88,124.58,118.2,5646000.0
20260403,301393,昊帆生物,52.5,49.38,52.83,49.27,2668900.0
20260403,301395,仁信新材,15.74,15.55,15.93,15.43,2597300.0
20260403,301396,宏景科技,170.69,166.5,174.8,166.29,11747800.0
20260403,301397,溯联股份,29.35,30.02,30.8,28.96,3666000.0
20260403,301398,星源卓镁,48.42,49.5,49.5,46.71,1843500.0
20260403,301399,英特科技,22.63,21.22,23.08,21.22,10111500.0
20260403,301408,华人健康,18.02,19.4,19.86,18.01,54463600.0
20260403,301413,安培龙,114.76,113.19,115.8,113.01,1518800.0
20260403,301418,协昌科技,36.95,36.21,37.1,36.05,772500.0
20260403,301419,阿莱德,39.66,39.87,42.78,39.46,9265000.0
20260403,301421,波长光电,89.66,90.88,93.38,89.66,4898000.0
20260403,301428,世纪恒通,33.79,32.24,34.0,32.22,5584800.0
20260403,301429,森泰股份,19.27,18.2,19.41,18.07,1828400.0
20260403,301439,泓淋电力,15.75,15.16,15.78,15.08,3997800.0
20260403,301446,福事特,37.33,36.62,37.8,36.53,565500.0
20260403,301448,开创电气,37.8,36.48,37.93,36.2,614000.0
20260403,301449,天溯计量,74.38,72.82,74.49,72.64,875200.0
20260403,301456,盘古智能,28.5,27.1,28.63,27.03,2183300.0
20260403,301458,钧崴电子,33.68,34.1,34.8,33.16,3568800.0
20260403,301459,丰茂股份,37.75,36.58,37.75,36.42,539700.0
20260403,301468,博盈特焊,47.86,46.22,47.96,45.96,3866700.0
20260403,301469,恒达新材,31.63,30.35,31.63,30.04,1033100.0
20260403,301479,弘景光电,85.35,83.89,85.82,83.68,1307700.0
20260403,301486,致尚科技,153.73,153.33,158.87,153.01,9769400.0
20260403,301487,盟固利,20.2,19.55,20.35,19.36,8577500.0
20260403,301488,豪恩汽电,126.51,123.99,127.49,123.54,907100.0
20260403,301489,思泉新材,167.1,164.55,168.32,162.3,2067600.0
20260403,301491,汉桑科技,49.08,48.14,49.28,48.12,473500.0
20260403,301498,乖宝宠物,51.75,50.79,51.94,50.7,1992800.0
20260403,301499,维科精密,29.5,28.44,30.17,28.4,1710000.0
20260403,301500,飞南资源,20.17,19.86,20.52,19.66,11947800.0
20260403,301501,恒鑫生活,37.27,36.18,37.27,36.18,576900.0
20260403,301502,华阳智能,42.22,40.24,42.68,39.9,672900.0
20260403,301503,智迪科技,34.85,33.49,34.85,33.33,866300.0
20260403,301505,苏州规划,21.78,21.07,21.88,20.93,1891500.0
20260403,301507,民生健康,14.43,14.03,14.53,14.01,4510200.0
20260403,301508,中机认检,29.18,28.46,29.27,28.37,1010800.0
20260403,301509,金凯生科,43.05,42.08,43.5,41.43,10180200.0
20260403,301510,固高科技,29.95,29.59,30.06,29.5,2949200.0
20260403,301511,德福科技,38.4,37.81,39.49,37.8,17607400.0
20260403,301512,智信精密,45.0,43.51,45.0,43.03,514100.0
20260403,301515,港通医疗,22.24,21.31,22.49,21.16,2229100.0
20260403,301516,中远通,20.17,18.85,20.19,18.81,13370100.0
20260403,301517,陕西华达,54.57,52.9,55.17,52.85,2793500.0
20260403,301518,长华化学,38.88,37.49,39.06,37.46,1778700.0
20260403,301519,舜禹股份,14.0,13.22,14.03,13.08,3487000.0
20260403,301520,万邦医药,44.9,43.3,44.9,43.23,1191400.0
20260403,301522,上大股份,30.62,29.75,30.76,29.74,4326400.0
20260403,301525,儒竞科技,69.5,67.01,69.5,67.0,707000.0
20260403,301526,国际复材,11.4,11.06,11.63,11.0,100113900.0
20260403,301528,多浦乐,61.36,59.98,61.36,59.26,351400.0
20260403,301529,福赛科技,111.42,108.51,112.86,108.51,2069100.0
20260403,301533,威马农机,31.78,30.7,32.0,30.69,940600.0
20260403,301535,浙江华远,19.83,19.53,20.12,19.4,1868300.0
20260403,301536,星宸科技,68.08,67.02,68.98,66.98,3423800.0
20260403,301538,骏鼎达,75.61,76.5,76.88,74.66,828400.0
20260403,301539,宏鑫科技,18.89,18.14,18.89,18.1,1260900.0
20260403,301548,崇德科技,66.3,64.2,66.4,63.6,1179800.0
20260403,301550,斯菱智驱,157.99,161.0,162.83,155.81,4041200.0
20260403,301551,无线传媒,28.05,27.03,28.17,27.02,2654700.0
20260403,301552,科力装备,37.0,36.24,37.51,36.05,576000.0
20260403,301555,惠柏新材,32.5,31.43,32.76,31.2,1680200.0
20260403,301556,托普云农,82.65,80.03,83.32,79.6,1450100.0
20260403,301557,常友科技,96.5,96.51,97.58,95.55,505100.0
20260403,301558,三态股份,8.07,7.74,8.11,7.7,6190500.0
20260403,301559,中集环科,15.71,15.28,15.88,15.24,2169600.0
20260403,301560,众捷汽车,38.19,38.75,39.5,37.41,2559800.0
20260403,301563,云汉芯城,137.42,132.9,138.88,132.6,927400.0
20260403,301565,中仑新材,21.1,20.48,21.14,20.45,1375700.0
20260403,301566,达利凯普,19.3,18.88,19.33,18.73,5257700.0
20260403,301567,贝隆精密,41.2,40.0,41.3,39.63,884800.0
20260403,301568,思泰克,49.27,50.0,50.95,49.05,4319200.0
20260403,301571,国科天成,66.57,66.38,68.19,65.41,4471400.0
20260403,301575,艾芬达,44.47,43.62,44.47,43.21,488900.0
20260403,301577,美信科技,61.99,59.8,62.35,59.68,932800.0
20260403,301578,辰奕智能,32.85,31.56,32.85,31.23,835600.0
20260403,301580,爱迪特,69.51,69.27,71.48,69.04,2814900.0
20260403,301581,黄山谷捷,44.54,43.27,44.91,43.27,358800.0
20260403,301584,建发致新,27.27,28.55,29.2,27.19,8123600.0
20260403,301585,蓝宇股份,27.7,26.94,27.7,26.86,516300.0
20260403,301586,佳力奇,41.86,40.75,42.05,40.6,608900.0
20260403,301587,中瑞股份,26.28,24.83,26.6,24.7,7035900.0
20260403,301588,美新科技,20.94,20.55,21.45,20.23,2882200.0
20260403,301589,诺瓦星云,159.38,155.53,159.38,155.0,457800.0
20260403,301590,优优绿能,164.01,162.71,164.74,161.5,230400.0
20260403,301591,肯特股份,41.11,40.0,41.38,39.89,1032900.0
20260403,301592,六九一二,113.91,111.18,114.47,111.11,412400.0
20260403,301595,太力科技,54.21,51.9,54.64,50.82,1803900.0
20260403,301596,瑞迪智驱,69.1,67.79,70.48,66.5,1252900.0
20260403,301598,博科测试,59.1,57.44,59.11,57.42,420700.0
20260403,301600,慧翰股份,99.22,97.96,99.99,97.32,514900.0
20260403,301601,惠通科技,22.82,22.07,23.49,21.91,1799600.0
20260403,301602,超研股份,20.03,19.55,20.19,19.52,922000.0
20260403,301603,乔锋智能,70.84,69.31,71.03,69.31,1243000.0
20260403,301606,绿联科技,68.82,68.98,69.39,67.36,3065200.0
20260403,301607,富特科技,45.68,46.15,46.59,44.81,3369500.0
20260403,301608,博实结,82.29,80.06,82.5,79.86,483300.0
20260403,301609,山大电力,46.9,44.03,47.08,44.02,3977800.0
20260403,301611,珂玛科技,91.88,89.54,93.6,88.91,5381500.0
20260403,301613,新铝时代,44.79,45.36,45.51,44.5,851900.0
20260403,301616,浙江华业,46.29,45.33,46.49,45.2,419700.0
20260403,301617,博苑新材,55.21,52.51,55.21,52.32,1842400.0
20260403,301618,长联科技,47.74,46.57,47.93,46.46,349800.0
20260403,301622,英思特,61.82,60.28,62.5,60.26,984000.0
20260403,301626,苏州天脉,245.0,253.2,257.0,233.91,3266800.0
20260403,301628,强达电路,99.98,98.73,101.35,98.49,1142900.0
20260403,301629,矽电股份,234.89,231.11,238.68,229.39,471200.0
20260403,301630,同宇新材,171.27,176.6,179.28,169.43,697700.0
20260403,301631,壹连科技,84.48,83.18,84.53,83.04,591600.0
20260403,301632,广东建科,20.45,19.56,20.55,19.5,2645000.0
20260403,301633,港迪技术,60.16,59.12,60.6,59.1,249000.0
20260403,301636,泽润新能,66.19,63.33,66.49,63.22,1732800.0
20260403,301638,南网数字,25.77,25.51,26.29,25.36,22157300.0
20260403,301656,联合动力,20.85,20.77,20.9,20.56,6952200.0
20260403,301658,首航新能,43.49,41.07,43.5,40.91,11084200.0
20260403,301662,宏工科技,133.08,130.38,135.29,130.28,488800.0
20260403,301665,泰禾股份,26.06,25.65,26.23,25.44,1770000.0
20260403,301667,纳百川,83.0,80.73,83.62,80.19,3164800.0
20260403,301668,昊创瑞通,48.64,48.72,49.26,48.01,1445200.0
20260403,301678,新恒汇,58.95,58.83,61.44,58.13,2498000.0
20260403,301680,固德电材,99.18,97.35,99.73,96.76,2165500.0
20260403,301682,宏明电子,109.5,106.47,110.0,106.0,4652400.0
20260403,301683,慧谷新材,123.0,109.34,123.8,109.3,6774900.0
20260403,301687,新广益,51.02,49.75,51.29,49.58,1564900.0
20260403,302132,中航成飞,66.53,65.85,66.8,65.67,3307400.0
20260403,600000,浦发银行,10.25,10.12,10.25,10.08,41151800.0
20260403,600004,白云机场,9.01,8.9,9.02,8.89,5923500.0
20260403,600006,东风股份,6.3,6.19,6.31,6.18,9811100.0
20260403,600007,中国国贸,21.05,21.08,21.29,21.0,3132800.0
20260403,600008,首创环保,3.1,3.08,3.1,3.06,77255600.0
20260403,600009,上海机场,27.88,27.69,27.88,27.61,3808300.0
20260403,600010,包钢股份,2.62,2.66,2.75,2.6,1427485200.0
20260403,600011,华能国际,7.03,6.89,7.04,6.84,77683100.0
20260403,600012,皖通高速,15.4,14.95,15.41,14.82,7206300.0
20260403,600015,华夏银行,7.47,7.4,7.48,7.33,82725000.0
20260403,600016,民生银行,3.76,3.73,3.76,3.72,194566500.0
20260403,600017,日照港,3.11,3.05,3.18,3.03,61442800.0
20260403,600018,上港集团,5.08,5.02,5.08,5.0,44897800.0
20260403,600019,宝钢股份,6.45,6.4,6.45,6.37,46202700.0
20260403,600020,中原高速,3.86,3.78,3.87,3.78,10427700.0
20260403,600021,上海电力,17.76,17.35,17.79,17.08,35201300.0
20260403,600022,山东钢铁,1.51,1.49,1.52,1.47,114332400.0
20260403,600023,浙能电力,5.51,5.41,5.52,5.39,60004500.0
20260403,600025,华能水电,9.87,9.71,9.88,9.6,19841700.0
20260403,600026,中远海能,25.5,24.85,26.0,24.79,92666600.0
20260403,600027,华电国际,4.67,4.55,4.68,4.53,114939500.0
20260403,600028,中国石化,5.95,5.86,5.95,5.83,158440500.0
20260403,600029,南方航空,5.73,5.67,5.75,5.65,66607400.0
20260403,600030,中信证券,24.22,23.98,24.26,23.95,71023400.0
20260403,600031,三一重工,20.07,19.88,20.34,19.83,49732000.0
20260403,600032,浙江新能,9.41,8.94,9.45,8.91,61223700.0
20260403,600033,福建高速,3.78,3.7,3.79,3.66,28486100.0
20260403,600035,楚天高速,3.88,3.81,3.88,3.79,9071700.0
20260403,600036,招商银行,39.76,39.4,39.82,39.36,46448500.0
20260403,600037,歌华有线,7.33,7.15,7.36,7.11,11182800.0
20260403,600038,中直股份,33.65,33.44,33.68,33.33,3922300.0
20260403,600039,四川路桥,9.6,9.54,9.69,9.5,16822900.0
20260403,600048,保利发展,5.71,5.51,5.73,5.5,123636400.0
20260403,600050,中国联通,4.43,4.46,4.48,4.43,142470100.0
20260403,600051,宁波联合,7.64,7.37,7.67,7.34,5294100.0
20260403,600052,东望时代,3.92,3.8,3.94,3.78,9284600.0
20260403,600054,黄山旅游,13.2,12.78,13.24,12.7,7869300.0
20260403,600055,万东医疗,14.92,14.59,14.92,14.53,2781900.0
20260403,600056,中国医药,10.56,11.59,11.59,10.31,156875500.0
20260403,600057,厦门象屿,8.1,8.05,8.16,7.91,11936700.0
20260403,600058,五矿发展,10.95,10.75,11.06,10.71,7050500.0
20260403,600059,古越龙山,9.0,8.82,9.02,8.8,6821500.0
20260403,600060,海信视像,22.88,22.38,23.0,22.29,6997300.0
20260403,600061,国投资本,6.93,6.72,6.95,6.71,37797100.0
20260403,600062,华润双鹤,18.73,18.57,18.84,18.55,10387000.0
20260403,600063,皖维高新,6.75,6.54,6.77,6.48,27202800.0
20260403,600064,南京高科,8.36,8.2,8.36,8.15,12263200.0
20260403,600066,宇通客车,38.5,37.15,38.5,37.06,31063100.0
20260403,600067,冠城新材,3.87,3.74,3.9,3.72,26536600.0
20260403,600071,凤凰光学,19.2,20.44,21.0,18.8,13843400.0
20260403,600072,中船科技,12.46,11.72,12.5,11.67,29502500.0
20260403,600073,光明肉业,5.92,5.84,5.93,5.78,6017200.0
20260403,600075,新疆天业,6.33,6.18,6.33,5.79,66024200.0
20260403,600076,康欣新材,3.45,3.37,3.5,3.36,14564100.0
20260403,600078,澄星股份,11.22,11.05,11.28,10.84,14067100.0
20260403,600081,东风科技,11.09,10.89,11.17,10.86,1606900.0
20260403,600085,同仁堂,28.12,27.83,28.2,27.71,7077200.0
20260403,600088,中视传媒,14.27,13.94,14.32,13.92,2783600.0
20260403,600089,特变电工,26.21,25.5,26.32,25.39,144838900.0
20260403,600094,大名城,4.2,4.23,4.52,4.17,50308400.0
20260403,600095,湘财股份,9.23,9.08,9.28,9.07,13658800.0
20260403,600096,云天化,32.72,31.44,32.79,31.16,59702000.0
20260403,600097,开创国际,10.76,10.4,10.84,10.36,4542500.0
20260403,600098,广州发展,7.16,6.89,7.16,6.88,39395500.0
20260403,600099,林海股份,11.21,10.61,11.25,10.55,6191000.0
20260403,600100,同方股份,7.81,7.76,7.86,7.7,31046300.0
20260403,600101,明星电力,9.83,9.0,9.88,9.0,55703800.0
20260403,600103,青山纸业,3.5,3.42,3.51,3.39,47239800.0
20260403,600104,上汽集团,14.32,14.08,14.33,14.06,43957100.0
20260403,600105,永鼎股份,31.03,30.98,32.3,30.6,167744400.0
20260403,600106,重庆路桥,5.34,5.87,5.87,5.32,36759300.0
20260403,600108,亚盛集团,4.58,4.32,4.58,4.28,100124300.0
20260403,600109,国金证券,8.35,8.27,8.38,8.2,16003800.0
20260403,600110,诺德股份,9.2,8.75,9.37,8.71,192639700.0
20260403,600111,北方稀土,47.58,47.61,48.36,47.35,42284800.0
20260403,600113,浙江东日,47.17,46.52,47.5,45.65,6021600.0
20260403,600114,东睦股份,27.58,27.35,27.77,27.15,6355300.0
20260403,600115,中国东航,4.34,4.29,4.36,4.23,156675500.0
20260403,600116,三峡水利,6.74,6.43,6.74,6.43,35292800.0
20260403,600117,西宁特钢,2.59,2.54,2.62,2.54,11985000.0
20260403,600118,中国卫星,79.4,76.85,80.28,76.8,28094400.0
20260403,600120,浙江东方,5.57,5.52,5.59,5.49,24131300.0
20260403,600121,郑州煤电,4.53,4.2,4.56,4.18,100707000.0
20260403,600123,兰花科创,6.54,6.24,6.57,6.18,40245200.0
20260403,600125,铁龙物流,6.85,6.84,6.95,6.78,27043800.0
20260403,600126,杭钢股份,8.88,8.59,8.93,8.47,86784400.0
20260403,600127,金健米业,7.54,7.26,7.54,7.13,51209800.0
20260403,600128,苏豪弘业,10.89,10.38,10.89,10.33,4928000.0
20260403,600129,太极集团,16.84,16.47,16.84,16.46,7168900.0
20260403,600130,波导股份,4.3,4.18,4.33,4.16,12241100.0
20260403,600131,国网信通,17.92,18.02,18.25,17.41,19511700.0
20260403,600132,重庆啤酒,58.33,57.26,58.46,57.13,3247400.0
20260403,600133,东湖高新,8.68,8.53,8.68,8.51,12408000.0
20260403,600135,乐凯胶片,10.49,9.44,10.56,9.44,35372400.0
20260403,600137,浪莎股份,21.49,20.68,21.49,20.56,3911100.0
20260403,600138,中青旅,9.2,9.07,9.21,9.02,6474500.0
20260403,600141,兴发集团,32.96,31.86,33.0,31.4,22234700.0
20260403,600143,金发科技,16.26,15.85,16.33,15.8,39519600.0
20260403,600148,长春一东,17.99,17.43,18.1,17.37,1363900.0
20260403,600149,廊坊发展,6.42,5.71,6.51,5.71,48729100.0
20260403,600150,中国船舶,30.91,30.51,31.0,30.4,36458300.0
20260403,600151,航天机电,13.19,12.64,13.27,12.54,30709000.0
20260403,600152,维科技术,10.11,9.49,10.34,9.49,55638300.0
20260403,600153,建发股份,8.93,8.77,8.93,8.69,15344700.0
20260403,600155,华创云信,6.2,6.23,6.3,6.18,22716600.0
20260403,600156,华升股份,7.26,7.18,7.47,7.01,10119500.0
20260403,600157,永泰能源,1.78,1.72,1.78,1.71,777574400.0
20260403,600158,中体产业,11.7,10.79,11.76,10.75,93341800.0
20260403,600159,大龙地产,2.95,2.72,2.95,2.67,39343500.0
20260403,600160,巨化股份,33.99,33.68,34.55,33.61,17170000.0
20260403,600161,天坛生物,15.2,14.83,15.28,14.81,10074700.0
20260403,600162,香江控股,1.72,1.69,1.74,1.68,33725800.0
20260403,600163,中闽能源,6.41,6.05,6.46,6.0,84286500.0
20260403,600165,宁科生物,3.28,3.28,3.33,3.24,4095500.0
20260403,600166,福田汽车,2.94,3.0,3.02,2.94,128758700.0
20260403,600167,联美控股,6.67,6.5,6.72,6.48,14401200.0
20260403,600168,武汉控股,5.07,4.9,5.1,4.86,14161100.0
20260403,600170,上海建工,2.71,2.67,2.72,2.66,116024400.0
20260403,600171,上海贝岭,26.5,26.03,26.58,26.02,5666000.0
20260403,600172,黄河旋风,7.65,7.8,7.94,7.55,87447700.0
20260403,600173,卧龙新能,6.83,6.47,6.83,6.41,11775600.0
20260403,600176,中国巨石,25.8,25.95,27.15,25.7,74093300.0
20260403,600177,雅戈尔,7.68,7.57,7.71,7.55,18831300.0
20260403,600178,东安动力,11.26,10.95,11.27,10.83,4021700.0
20260403,600179,安通控股,4.52,4.32,4.52,4.31,47619500.0
20260403,600182,S佳通,13.64,13.38,13.65,13.35,1484000.0
20260403,600183,生益科技,52.04,52.5,53.3,52.03,39417900.0
20260403,600184,光电股份,18.73,18.75,19.52,18.48,66040400.0
20260403,600185,珠免集团,5.65,5.56,5.68,5.56,15100300.0
20260403,600186,莲花控股,7.19,6.99,7.24,6.87,152381500.0
20260403,600188,兖矿能源,19.34,19.2,19.37,19.02,28949800.0
20260403,600189,泉阳泉,7.46,7.23,7.49,7.2,10809300.0
20260403,600191,华资实业,11.71,11.63,11.96,11.54,5808600.0
20260403,600192,长城电工,8.37,8.57,8.85,8.0,16232600.0
20260403,600195,中牧股份,8.11,7.85,8.19,7.79,26488800.0
20260403,600196,复星医药,26.73,26.7,26.95,26.62,19576400.0
20260403,600197,伊力特,12.12,11.86,12.14,11.8,2604900.0
20260403,600198,大唐电信,8.16,8.06,8.24,8.02,9601300.0
20260403,600199,金种子酒,8.2,7.93,8.2,7.88,8845400.0
20260403,600201,生物股份,14.8,14.46,14.84,14.21,22121100.0
20260403,600202,哈空调,5.83,5.49,5.83,5.47,11641100.0
20260403,600203,福日电子,10.96,10.73,10.96,10.71,6123800.0
20260403,600206,有研新材,20.08,20.28,20.6,19.89,21429500.0
20260403,600207,安彩高科,6.99,6.39,6.99,6.39,80034900.0
20260403,600208,衢州发展,3.18,3.13,3.19,3.11,51119800.0
20260403,600210,紫江企业,6.84,6.73,6.86,6.71,11442900.0
20260403,600211,西藏药业,42.55,42.0,42.83,41.95,3072700.0
20260403,600212,绿能慧充,7.06,6.91,7.12,6.85,10607500.0
20260403,600215,派斯林,6.59,6.45,6.62,6.42,4109500.0
20260403,600216,浙江医药,15.94,15.76,16.08,15.6,20941400.0
20260403,600217,中再资环,3.77,3.69,3.78,3.68,9326900.0
20260403,600218,全柴动力,8.98,8.68,8.99,8.62,7468300.0
20260403,600219,南山铝业,6.17,5.94,6.17,5.88,192312700.0
20260403,600221,海航控股,1.43,1.42,1.44,1.41,254676400.0
20260403,600222,太龙药业,7.39,7.32,7.58,7.3,30995200.0
20260403,600223,福瑞达,6.96,6.77,6.96,6.75,5825700.0
20260403,600226,亨通股份,4.67,4.66,4.74,4.64,33406700.0
20260403,600227,赤天化,3.7,3.47,3.74,3.41,184805600.0
20260403,600228,返利科技,5.39,5.28,5.44,5.18,5144700.0
20260403,600229,城市传媒,5.99,5.77,5.99,5.74,3055100.0
20260403,600230,沧州大化,19.01,18.51,19.02,18.34,12737800.0
20260403,600231,凌钢股份,2.03,1.99,2.04,1.97,14221400.0
20260403,600232,金鹰股份,8.08,7.93,8.15,7.85,7115700.0
20260403,600233,圆通速递,20.42,20.13,20.68,19.98,15537800.0
20260403,600234,科新发展,14.94,14.76,15.14,14.64,2771700.0
20260403,600235,民丰特纸,6.58,6.3,6.62,6.26,7627700.0
20260403,600236,桂冠电力,9.64,9.38,9.75,9.34,14007700.0
20260403,600237,铜峰电子,8.62,8.4,8.68,8.37,15569400.0
20260403,600241,时代万恒,9.16,8.65,9.23,8.61,9718000.0
20260403,600246,万通发展,9.17,9.17,9.4,9.12,34260000.0
20260403,600248,陕建股份,3.43,3.37,3.44,3.36,14869700.0
20260403,600249,两面针,6.7,6.43,6.83,6.43,65218400.0
20260403,600250,南京商旅,13.57,12.37,14.17,12.37,48000600.0
20260403,600251,冠农股份,11.57,10.81,11.57,10.62,21359500.0
20260403,600252,中恒集团,2.61,2.6,2.68,2.57,96213700.0
20260403,600255,鑫科材料,3.29,3.22,3.3,3.2,25614700.0
20260403,600256,广汇能源,6.69,6.45,6.71,6.4,163010600.0
20260403,600257,大湖股份,7.01,6.79,7.05,6.71,17912400.0
20260403,600258,首旅酒店,15.65,15.31,15.65,15.21,10053100.0
20260403,600259,中稀有色,78.81,79.05,80.99,77.81,8493200.0
20260403,600261,阳光照明,3.65,3.57,3.69,3.51,14857400.0
20260403,600262,北方股份,24.32,23.79,24.44,23.64,2676900.0
20260403,600266,城建发展,4.96,4.87,4.99,4.86,22716300.0
20260403,600267,海正药业,10.63,10.53,10.75,10.53,13666700.0
20260403,600268,国电南自,15.02,14.03,15.41,13.88,52387600.0
20260403,600269,赣粤高速,4.64,4.55,4.65,4.53,18386900.0
20260403,600271,航天信息,8.39,8.19,8.44,8.16,14513200.0
20260403,600272,开开实业,12.72,13.17,13.5,12.51,12411300.0
20260403,600273,嘉化能源,9.17,8.97,9.21,8.91,15217500.0
20260403,600276,恒瑞医药,56.98,56.38,56.99,56.1,45491600.0
20260403,600278,东方创业,7.32,7.0,7.35,6.96,10960000.0
20260403,600279,重庆港,5.25,5.1,5.25,5.08,6552900.0
20260403,600280,中央商场,3.2,3.05,3.2,3.04,17607400.0
20260403,600281,华阳新材,5.3,5.05,5.32,5.03,8666200.0
20260403,600282,南钢股份,5.52,5.45,5.55,5.44,27593100.0
20260403,600283,钱江水利,9.12,9.0,9.14,8.95,4194400.0
20260403,600284,浦东建设,7.12,6.89,7.12,6.84,10937100.0
20260403,600285,羚锐制药,22.44,21.99,22.49,21.93,4899200.0
20260403,600287,苏豪时尚,5.78,5.55,5.79,5.51,6239500.0
20260403,600288,大恒科技,14.11,14.07,14.19,13.98,4140000.0
20260403,600292,电投水电,14.27,13.68,14.27,13.64,16647200.0
20260403,600293,三峡新材,3.19,3.07,3.19,3.04,32177400.0
20260403,600295,鄂尔多斯,15.0,14.74,15.04,14.71,3761200.0
20260403,600298,安琪酵母,40.5,40.67,40.86,40.26,4606700.0
20260403,600299,安迪苏,13.31,14.03,14.04,13.06,24008800.0
20260403,600300,维维股份,3.56,3.43,3.58,3.42,26304000.0
20260403,600301,华锡有色,47.31,46.6,48.0,46.39,5362400.0
20260403,600303,曙光股份,3.19,2.99,3.2,2.97,36317200.0
20260403,600305,恒顺醋业,7.6,7.48,7.62,7.47,5331400.0
20260403,600307,酒钢宏兴,1.89,1.84,1.9,1.82,132942600.0
20260403,600308,华泰股份,3.84,3.72,3.85,3.7,11627000.0
20260403,600309,万华化学,83.3,82.38,84.28,82.03,24940300.0
20260403,600310,广西能源,4.97,4.63,4.97,4.63,185402900.0
20260403,600312,平高电气,20.34,19.91,20.6,19.88,15257700.0
20260403,600313,农发种业,7.78,7.34,7.79,7.27,67627900.0
20260403,600315,上海家化,21.72,21.34,21.84,21.3,4906700.0
20260403,600316,洪都航空,38.6,38.29,38.69,37.01,9433800.0
20260403,600318,新力金融,7.42,7.22,7.63,7.2,16254500.0
20260403,600319,亚星化学,7.41,7.2,7.53,7.1,4123400.0
20260403,600320,振华重工,5.07,4.96,5.08,4.95,44203600.0
20260403,600322,津投城开,2.26,2.2,2.28,2.18,28304700.0
20260403,600323,瀚蓝环境,29.54,29.98,30.38,29.44,5785700.0
20260403,600325,华发股份,3.5,3.37,3.5,3.36,33456200.0
20260403,600326,西藏天路,9.36,9.15,9.41,9.09,14027800.0
20260403,600327,大东方,3.94,3.8,3.95,3.79,12791100.0
20260403,600328,中盐化工,8.57,8.3,8.63,8.09,35590500.0
20260403,600329,达仁堂,41.18,41.1,41.31,40.88,2384400.0
20260403,600330,天通股份,16.65,17.01,17.61,16.35,159549000.0
20260403,600331,宏达股份,14.54,14.86,15.28,14.31,65656700.0
20260403,600332,白云山,23.1,23.03,23.1,22.85,10789400.0
20260403,600333,长春燃气,5.49,5.1,5.5,5.04,22683900.0
20260403,600335,国机汽车,5.94,5.88,5.95,5.82,8789800.0
20260403,600336,澳柯玛,7.0,6.83,7.02,6.81,6478800.0
20260403,600338,西藏珠峰,17.12,16.51,17.3,16.46,36362500.0
20260403,600339,中油工程,4.6,4.7,4.89,4.47,411237300.0
20260403,600343,航天动力,32.5,31.41,33.2,30.74,42565400.0
20260403,600345,长江通信,43.73,43.3,44.85,42.87,23096000.0
20260403,600346,恒力石化,22.25,21.56,22.25,21.44,25283700.0
20260403,600348,华阳股份,9.0,8.77,9.05,8.72,23127700.0
20260403,600350,山东高速,10.6,10.63,10.7,10.6,5346100.0
20260403,600351,亚宝药业,6.75,6.5,6.76,6.49,19150800.0
20260403,600352,浙江龙盛,13.2,12.94,13.23,12.88,24918700.0
20260403,600353,旭光电子,14.03,13.87,14.1,13.8,11524900.0
20260403,600354,敦煌种业,6.55,6.18,6.56,6.12,40628400.0
20260403,600356,恒丰纸业,8.53,8.29,8.56,8.27,4675100.0
20260403,600358,国旅联合,6.07,5.96,6.08,5.94,5977800.0
20260403,600359,新农开发,7.26,6.8,7.31,6.78,17999400.0
20260403,600360,华微电子,8.99,8.97,9.05,8.87,8371400.0
20260403,600361,创新新材,4.09,3.98,4.11,3.96,55134000.0
20260403,600362,江西铜业,43.3,42.46,43.56,42.3,16863000.0
20260403,600363,联创光电,50.0,49.31,50.0,49.06,3902500.0
20260403,600366,宁波韵升,11.86,11.67,11.89,11.65,9541500.0
20260403,600367,红星发展,20.55,19.64,20.63,19.61,23093300.0
20260403,600368,五洲交通,3.88,3.8,3.88,3.78,10517300.0
20260403,600369,西南证券,4.15,4.09,4.17,4.08,28767600.0
20260403,600371,万向德农,8.58,8.19,8.61,8.16,7978100.0
20260403,600372,中航机载,12.94,12.71,12.98,12.69,26998000.0
20260403,600373,中文传媒,8.54,8.37,8.54,8.3,5584000.0
20260403,600375,汉马科技,5.02,4.85,5.05,4.84,15686200.0
20260403,600376,首开股份,4.92,4.68,4.95,4.67,62499600.0
20260403,600377,宁沪高速,11.95,11.69,11.95,11.65,11957700.0
20260403,600378,昊华科技,30.99,31.92,32.33,30.91,10754600.0
20260403,600379,宝光股份,11.75,11.28,11.75,11.24,4269400.0
20260403,600380,健康元,11.4,11.28,11.45,11.25,13977700.0
20260403,600382,广东明珠,8.48,8.56,8.78,8.42,15998000.0
20260403,600383,金地集团,2.67,2.59,2.67,2.58,47488700.0
20260403,600386,北巴传媒,4.03,3.89,4.05,3.86,7825600.0
20260403,600388,紫金龙净,18.2,18.45,18.87,18.12,17360800.0
20260403,600389,江山股份,29.07,28.3,29.1,27.81,6057500.0
20260403,600390,五矿资本,5.36,5.24,5.44,5.23,29011500.0
20260403,600391,航发科技,39.64,38.54,39.99,38.33,6924500.0
20260403,600392,盛和资源,22.38,22.5,22.93,22.19,43848600.0
20260403,600395,盘江股份,5.64,5.42,5.67,5.38,30269000.0
20260403,600396,华电辽能,7.34,7.08,7.67,7.07,252729500.0
20260403,600397,江钨装备,14.27,13.75,14.32,13.71,33490800.0
20260403,600398,海澜之家,6.56,6.48,6.62,6.46,31354400.0
20260403,600399,抚顺特钢,5.88,5.71,5.92,5.71,33935600.0
20260403,600400,红豆股份,2.12,2.06,2.13,2.06,27070000.0
20260403,600403,大有能源,5.76,5.53,5.77,5.43,25884400.0
20260403,600405,动力源,5.3,5.06,5.33,5.02,17800900.0
20260403,600406,国电南瑞,26.09,26.0,26.7,25.91,59716200.0
20260403,600408,安泰集团,3.38,3.16,3.39,3.13,70993300.0
20260403,600409,三友化工,7.05,6.81,7.08,6.71,30747000.0
20260403,600410,华胜天成,25.4,25.15,25.65,24.69,113787600.0
20260403,600415,小商品城,13.09,12.91,13.22,12.86,24119500.0
20260403,600416,湘电股份,12.5,12.15,12.6,12.13,15010000.0
20260403,600418,江淮汽车,46.0,44.53,46.0,44.38,19176200.0
20260403,600419,天润乳业,9.66,9.49,9.67,9.47,5131200.0
20260403,600420,国药现代,10.7,10.54,10.72,10.51,10618000.0
20260403,600422,昆药集团,11.68,11.46,11.69,11.38,8059000.0
20260403,600425,青松建化,4.15,3.99,4.15,3.99,27488100.0
20260403,600426,华鲁恒升,35.95,35.1,35.95,34.81,13634000.0
20260403,600428,中远海特,9.7,9.42,10.07,9.39,72960600.0
20260403,600429,三元股份,5.97,5.85,5.99,5.83,24150800.0
20260403,600433,冠豪高新,3.57,3.53,3.62,3.47,35139200.0
20260403,600435,北方导航,14.53,14.18,14.58,14.18,17188500.0
20260403,600436,片仔癀,151.8,151.03,152.01,151.0,1163500.0
20260403,600438,通威股份,16.11,15.61,16.19,15.6,47569500.0
20260403,600444,国机通用,16.98,16.67,17.17,16.58,2111000.0
20260403,600446,金证股份,12.55,12.26,12.6,12.24,8226200.0
20260403,600448,华纺股份,3.26,3.01,3.27,3.01,33266900.0
20260403,600449,宁夏建材,12.5,12.2,12.55,12.16,5102600.0
20260403,600452,涪陵电力,11.08,10.84,11.08,10.68,38375000.0
20260403,600455,博通股份,26.29,24.68,26.29,24.46,3557600.0
20260403,600456,宝钛股份,33.48,32.74,33.59,32.72,4720600.0
20260403,600458,时代新材,11.87,11.35,11.87,11.28,20097000.0
20260403,600459,贵研铂业,19.4,19.13,19.51,19.13,9542200.0
20260403,600460,士兰微,25.21,24.72,25.35,24.7,18627600.0
20260403,600461,洪城环境,9.75,9.69,9.77,9.62,6962800.0
20260403,600463,空港股份,9.88,9.59,9.97,9.5,5872300.0
20260403,600467,好当家,2.46,2.36,2.46,2.35,36769500.0
20260403,600468,百利电气,8.1,7.49,8.2,7.47,67717800.0
20260403,600469,风神股份,6.71,6.41,6.75,6.39,8952300.0
20260403,600470,六国化工,6.9,6.41,6.91,6.4,37878200.0
20260403,600475,华光环能,17.24,16.53,17.36,16.47,12909600.0
20260403,600477,杭萧钢构,3.18,3.05,3.19,3.03,48328400.0
20260403,600478,科力远,7.2,6.95,7.3,6.9,42345800.0
20260403,600479,千金药业,10.87,10.5,10.88,10.49,6964200.0
20260403,600480,凌云股份,9.75,9.45,9.8,9.44,11510700.0
20260403,600481,双良节能,6.38,6.16,6.42,6.15,44470600.0
20260403,600482,中国动力,32.89,32.8,33.39,32.32,25825700.0
20260403,600483,福能股份,10.38,10.22,10.39,10.13,17726000.0
20260403,600486,扬农化工,74.93,74.35,75.81,72.6,4390000.0
20260403,600487,亨通光电,54.45,58.05,58.73,54.01,169832600.0
20260403,600488,津药药业,6.96,6.97,6.97,6.85,93746200.0
20260403,600489,中金黄金,26.75,26.68,26.85,26.31,36940900.0
20260403,600490,鹏欣资源,7.91,7.58,7.92,7.57,33222300.0
20260403,600493,凤竹纺织,7.36,7.04,7.37,7.0,8186200.0
20260403,600495,晋西车轴,4.91,4.58,4.92,4.58,83246200.0
20260403,600496,精工钢构,3.98,3.92,4.01,3.92,15743200.0
20260403,600497,驰宏锌锗,7.85,7.7,7.89,7.69,50372800.0
20260403,600498,烽火通信,48.81,49.16,50.8,48.63,116334500.0
20260403,600499,科达制造,16.08,16.12,16.38,15.91,16121600.0
20260403,600500,中化国际,4.34,4.17,4.37,4.14,33536300.0
20260403,600501,航天晨光,22.0,21.28,22.25,21.25,5166000.0
20260403,600502,安徽建工,5.5,5.26,5.71,5.25,169335000.0
20260403,600503,华丽家族,2.4,2.29,2.42,2.28,20685700.0
20260403,600505,西昌电力,13.25,12.42,13.39,12.38,22694900.0
20260403,600506,统一股份,21.88,21.14,21.95,21.0,6322800.0
20260403,600507,方大特钢,5.74,5.57,5.75,5.55,15001400.0
20260403,600508,上海能源,13.4,12.62,13.43,12.6,15039500.0
20260403,600509,天富能源,8.09,7.68,8.12,7.66,45304000.0
20260403,600510,黑牡丹,8.21,8.25,8.42,8.09,7343900.0
20260403,600511,国药股份,29.2,29.19,29.32,28.96,4252000.0
20260403,600512,腾达建设,2.46,2.29,2.47,2.28,78523800.0
20260403,600513,联环药业,29.36,27.68,29.85,27.68,37024400.0
20260403,600515,海南机场,3.61,3.53,3.62,3.52,53153500.0
20260403,600516,方大炭素,5.5,5.36,5.54,5.35,45518900.0
20260403,600517,国网英大,6.34,6.2,6.39,6.18,23215100.0
20260403,600518,康美药业,1.81,1.75,1.81,1.75,277405600.0
20260403,600519,贵州茅台,1459.54,1460.0,1469.96,1455.0,2019400.0
20260403,600520,三佳科技,23.2,22.7,23.3,22.68,2524000.0
20260403,600521,华海药业,16.26,15.88,16.48,15.76,28556400.0
20260403,600522,中天科技,29.46,30.67,31.5,29.25,196398900.0
20260403,600523,贵航股份,13.93,13.61,13.93,13.5,2434000.0
20260403,600525,长园集团,5.3,5.35,5.39,5.25,10547600.0
20260403,600526,菲达环保,5.36,5.14,5.38,5.13,8783400.0
20260403,600527,江南高纤,2.5,2.27,2.5,2.26,106902900.0
20260403,600528,中铁工业,8.66,8.0,8.66,8.0,76919100.0
20260403,600529,山东药玻,18.52,18.22,18.61,18.22,4136000.0
20260403,600531,豫光金铅,13.09,12.75,13.11,12.63,24276100.0
20260403,600533,栖霞建设,2.46,2.33,2.46,2.31,19643200.0
20260403,600535,天士力,14.5,14.32,14.58,14.28,7100800.0
20260403,600536,中国软件,35.75,35.94,36.67,35.24,10895600.0
20260403,600538,国发股份,6.5,6.42,6.53,6.37,12357700.0
20260403,600539,狮头股份,14.4,14.0,14.4,13.52,21197300.0
20260403,600540,新赛股份,4.66,4.4,4.71,4.38,31539300.0
20260403,600545,卓郎智能,3.82,3.65,3.87,3.54,97963700.0
20260403,600546,山煤国际,11.26,11.05,11.35,11.02,16837100.0
20260403,600547,山东黄金,40.02,40.19,40.5,39.7,27382700.0
20260403,600548,深高速,9.55,9.5,9.57,9.39,6612900.0
20260403,600549,厦门钨业,53.36,53.19,54.14,52.82,27605400.0
20260403,600550,保变电气,15.18,14.51,15.45,14.44,57895700.0
20260403,600551,时代出版,7.98,7.79,7.99,7.77,2861900.0
20260403,600552,凯盛科技,11.79,11.72,11.88,11.68,13545000.0
20260403,600556,天下秀,5.89,5.75,5.93,5.74,28421500.0
20260403,600557,康缘药业,14.07,13.95,14.14,13.86,4632500.0
20260403,600558,大西洋,5.58,5.4,5.6,5.37,11753000.0
20260403,600559,老白干酒,13.63,13.32,13.64,13.27,6636200.0
20260403,600560,金自天正,14.28,14.01,14.39,13.92,1986200.0
20260403,600561,江西长运,6.55,6.12,6.55,6.1,6933100.0
20260403,600562,国睿科技,24.67,23.84,24.88,23.8,7253800.0
20260403,600563,法拉电子,123.66,119.18,124.27,119.17,7065700.0
20260403,600566,济川药业,27.15,26.68,27.27,26.52,5076000.0
20260403,600567,山鹰国际,1.53,1.5,1.54,1.5,55969200.0
20260403,600569,安阳钢铁,2.19,2.1,2.19,2.09,36255400.0
20260403,600570,恒生电子,25.63,25.2,25.68,25.16,12045800.0
20260403,600571,信雅达,13.13,13.03,13.69,12.97,8023400.0
20260403,600572,康恩贝,4.5,4.4,4.5,4.38,40905500.0
20260403,600573,惠泉啤酒,12.42,12.15,12.5,12.1,9331400.0
20260403,600575,淮河能源,3.87,3.73,3.87,3.72,41431500.0
20260403,600576,祥源文旅,5.85,5.67,5.88,5.64,10598200.0
20260403,600577,精达股份,11.95,11.88,12.08,11.8,31522100.0
20260403,600578,京能电力,5.13,5.0,5.15,5.0,33885300.0
20260403,600579,中化装备,7.74,7.67,7.83,7.6,4443900.0
20260403,600580,卧龙电驱,36.6,35.28,36.7,35.27,27441000.0
20260403,600582,天地科技,5.71,5.66,5.73,5.65,20687200.0
20260403,600583,海油工程,6.84,6.79,6.87,6.64,83305100.0
20260403,600584,长电科技,38.88,38.29,38.98,38.02,26170600.0
20260403,600585,海螺水泥,23.18,22.91,23.23,22.8,12956600.0
20260403,600586,金晶科技,5.61,5.2,5.61,5.19,49729000.0
20260403,600587,新华医疗,14.48,14.17,14.51,14.13,5246900.0
20260403,600588,用友网络,11.77,11.48,11.82,11.41,29653100.0
20260403,600589,大位科技,10.41,10.01,10.45,9.94,94137600.0
20260403,600590,泰豪科技,13.65,13.47,13.8,13.23,43513100.0
20260403,600592,龙溪股份,19.65,19.07,19.78,19.06,4397500.0
20260403,600593,大连圣亚,36.45,35.63,36.49,35.5,2699600.0
20260403,600594,益佰制药,4.81,4.7,5.27,4.68,227379000.0
20260403,600595,中孚实业,7.42,7.36,7.49,7.27,33509300.0
20260403,600596,新安股份,10.83,10.45,10.83,10.4,13617300.0
20260403,600597,光明乳业,7.55,7.4,7.55,7.38,6441800.0
20260403,600598,北大荒,16.63,16.0,16.64,15.76,48216800.0
20260403,600600,青岛啤酒,64.16,63.11,64.56,63.0,5338600.0
20260403,600601,方正科技,9.8,9.63,9.83,9.61,35655700.0
20260403,600602,云赛智联,22.71,24.39,24.39,22.09,125001600.0
20260403,600603,广汇物流,6.84,6.72,6.87,6.58,14933400.0
20260403,600604,市北高新,4.96,4.8,5.0,4.8,12566600.0
20260403,600605,汇通能源,26.55,26.31,27.01,26.3,1972200.0
20260403,600606,绿地控股,1.5,1.47,1.5,1.46,56332400.0
20260403,600609,金杯汽车,4.02,3.95,4.05,3.92,10063600.0
20260403,600610,中毅达,8.91,8.48,8.93,8.47,21426800.0
20260403,600611,大众交通,4.76,4.59,4.77,4.58,15643900.0
20260403,600612,老凤祥,41.54,41.14,41.79,41.0,765300.0
20260403,600613,神奇制药,6.51,6.54,6.85,6.51,51267200.0
20260403,600615,鑫源智造,11.1,10.8,11.18,10.71,2936100.0
20260403,600616,金枫酒业,5.08,4.9,5.12,4.89,8154000.0
20260403,600617,国新能源,3.6,3.33,3.64,3.32,100744600.0
20260403,600618,氯碱化工,12.38,12.02,12.4,11.92,10123100.0
20260403,600619,海立股份,15.97,15.91,16.15,15.86,12033200.0
20260403,600620,天宸股份,6.26,6.0,6.31,5.99,4905800.0
20260403,600621,华鑫股份,13.9,13.65,13.93,13.63,7710300.0
20260403,600622,光大嘉宝,2.51,2.48,2.52,2.48,10273300.0
20260403,600623,华谊集团,9.52,8.89,9.58,8.87,33825800.0
20260403,600626,申达股份,3.9,3.79,3.92,3.76,10703000.0
20260403,600628,新世界,7.24,7.04,7.24,7.04,8642600.0
20260403,600629,华建集团,20.25,19.82,20.5,19.8,13243500.0
20260403,600630,龙头股份,7.86,7.65,7.86,7.63,3939900.0
20260403,600633,浙数文化,12.21,12.08,12.27,12.06,14527700.0
20260403,600635,大众公用,5.54,5.24,5.55,5.23,54111900.0
20260403,600637,东方明珠,9.33,9.09,9.35,9.03,28070900.0
20260403,600638,新黄浦,5.88,5.74,5.9,5.7,5894600.0
20260403,600639,浦东金桥,10.9,10.59,10.9,10.52,6300300.0
20260403,600640,国脉文化,11.76,11.55,11.84,11.54,4049000.0
20260403,600641,先导基电,17.82,18.18,18.59,17.6,26076900.0
20260403,600642,申能股份,8.91,8.76,8.91,8.75,16293500.0
20260403,600643,爱建集团,5.34,5.16,5.46,5.13,85565900.0
20260403,600644,乐山电力,12.18,11.38,12.43,11.38,74390900.0
20260403,600645,中源协和,30.9,28.42,31.15,28.42,32514900.0
20260403,600648,外高桥,10.26,10.16,10.3,10.07,2176200.0
20260403,600649,城投控股,4.35,4.26,4.37,4.25,22682000.0
20260403,600650,锦江在线,12.88,12.59,12.95,12.59,2629700.0
20260403,600651,飞乐音响,6.91,7.31,7.48,6.82,53711700.0
20260403,600653,申华控股,1.75,1.7,1.75,1.69,19508100.0
20260403,600654,中安科,3.31,3.64,3.64,3.28,117793600.0
20260403,600655,豫园股份,4.61,4.53,4.63,4.52,7384600.0
20260403,600657,信达地产,3.0,2.95,3.01,2.93,13115800.0
20260403,600658,电子城,4.58,4.44,4.58,4.42,8054500.0
20260403,600660,福耀玻璃,58.38,58.09,58.48,57.57,7921400.0
20260403,600661,昂立教育,9.59,9.34,9.72,9.31,2871100.0
20260403,600662,外服控股,5.07,4.97,5.09,4.96,9536600.0
20260403,600663,陆家嘴,7.79,7.68,7.81,7.66,3316500.0
20260403,600664,哈药股份,3.58,3.52,3.62,3.51,40157800.0
20260403,600665,天地源,3.3,3.07,3.3,3.05,11904800.0
20260403,600666,奥瑞德,6.21,5.88,6.38,5.76,544629600.0
20260403,600667,太极实业,8.89,8.56,8.91,8.52,87348500.0
20260403,600668,尖峰集团,10.51,10.25,10.54,10.22,2949000.0
20260403,600671,天目药业,21.72,21.34,21.98,21.0,1790900.0
20260403,600673,东阳光,30.36,30.72,30.98,29.63,43761900.0
20260403,600674,川投能源,15.09,15.07,15.13,14.93,27867100.0
20260403,600675,中华企业,2.58,2.55,2.59,2.53,18082500.0
20260403,600676,久事动娱,7.54,7.22,7.56,7.2,11438300.0
20260403,600679,上海凤凰,11.95,11.54,11.97,11.51,2927700.0
20260403,600681,百川能源,4.46,4.11,4.46,4.11,64891600.0
20260403,600682,南京新百,7.15,7.16,7.28,7.04,32662400.0
20260403,600683,京投发展,9.44,8.98,9.44,8.77,23577900.0
20260403,600684,珠江股份,4.76,4.53,4.76,4.52,28929700.0
20260403,600685,中船防务,27.98,27.23,28.28,27.2,10485900.0
20260403,600686,金龙汽车,18.14,17.97,18.14,17.56,13903600.0
20260403,600688,上海石化,2.94,2.89,2.95,2.86,41045600.0
20260403,600689,上海三毛,12.99,12.79,13.03,12.69,2776600.0
20260403,600690,海尔智家,21.4,21.15,21.46,21.13,32093100.0
20260403,600691,潞化科技,3.26,3.04,3.27,3.03,74751400.0
20260403,600692,亚通股份,8.36,7.78,8.45,7.64,23098900.0
20260403,600693,东百集团,11.16,10.79,11.19,10.77,21122500.0
20260403,600694,大商股份,16.58,16.37,16.62,16.32,1481700.0
20260403,600697,欧亚集团,11.98,11.45,12.0,11.4,3748200.0
20260403,600698,湖南天雁,7.64,7.27,7.64,7.18,29689600.0
20260403,600699,均胜电子,25.33,25.74,26.08,25.13,42641800.0
20260403,600702,舍得酒业,45.3,44.16,45.44,44.04,3786300.0
20260403,600703,三安光电,11.5,11.65,12.08,11.43,228422500.0
20260403,600704,物产中大,5.18,5.13,5.2,5.1,30201700.0
20260403,600706,曲江文旅,9.42,9.06,9.45,9.04,6791400.0
20260403,600707,彩虹股份,5.55,5.48,5.58,5.46,12645700.0
20260403,600708,光明地产,3.33,3.27,3.34,3.23,19799600.0
20260403,600710,苏美达,12.89,12.52,13.09,12.4,12533200.0
20260403,600711,盛屯矿业,13.6,13.2,13.64,13.01,114258400.0
20260403,600712,南宁百货,6.15,6.01,6.17,5.98,5103100.0
20260403,600713,南京医药,5.46,5.61,5.75,5.42,52739400.0
20260403,600714,金瑞矿业,17.25,16.33,17.4,16.14,24324100.0
20260403,600715,文投控股,1.98,1.94,1.99,1.93,22340200.0
20260403,600716,凤凰股份,4.47,4.2,4.48,4.18,10607900.0
20260403,600717,天津港,4.62,4.52,4.65,4.51,22421200.0
20260403,600718,东软集团,9.08,8.9,9.08,8.83,13195000.0
20260403,600719,大连热电,6.64,6.28,6.71,6.28,17310000.0
20260403,600720,中交设计,7.04,6.94,7.07,6.92,6314000.0
20260403,600722,金牛化工,13.97,13.2,14.04,13.0,87235000.0
20260403,600724,宁波富达,6.65,6.42,6.69,6.37,23027800.0
20260403,600725,云维股份,4.36,4.23,4.41,4.19,17902100.0
20260403,600726,华电能源,5.21,5.02,5.37,4.97,365713100.0
20260403,600727,鲁北化工,7.65,7.1,7.77,7.07,37385800.0
20260403,600728,佳都科技,5.6,5.48,5.6,5.47,16658900.0
20260403,600729,重百集团,21.99,21.48,21.99,21.39,2289400.0
20260403,600731,湖南海利,7.12,6.81,7.13,6.8,11515100.0
20260403,600732,爱旭股份,14.15,13.9,14.2,13.88,36236900.0
20260403,600733,北汽蓝谷,7.14,7.08,7.18,7.06,38669500.0
20260403,600736,苏州高新,5.96,5.82,6.01,5.8,9805700.0
20260403,600737,中粮糖业,13.95,14.2,14.4,13.93,29207300.0
20260403,600738,丽尚国潮,4.75,4.61,4.77,4.61,7486900.0
20260403,600739,辽宁成大,11.33,11.2,11.36,11.09,7684900.0
20260403,600740,山西焦化,4.38,4.15,4.39,4.12,54984500.0
20260403,600741,华域汽车,19.78,19.85,20.1,19.75,18966100.0
20260403,600742,富维股份,9.92,9.65,9.99,9.65,7690100.0
20260403,600743,华远控股,1.86,1.81,1.87,1.8,13508700.0
20260403,600744,华银电力,7.48,7.11,7.48,7.08,109302500.0
20260403,600746,江苏索普,10.24,9.97,10.29,9.66,41858000.0
20260403,600748,上实发展,4.88,4.69,4.93,4.67,16797200.0
20260403,600749,西藏旅游,16.07,15.55,16.08,15.54,3936200.0
20260403,600750,华润江中,27.02,26.81,27.14,26.62,6612400.0
20260403,600751,海航科技,3.99,3.83,4.01,3.83,42418200.0
20260403,600754,锦江酒店,28.55,27.6,28.58,27.5,8704700.0
20260403,600755,厦门国贸,6.41,6.34,6.41,6.3,19710700.0
20260403,600756,浪潮软件,17.2,16.6,17.5,16.53,18868800.0
20260403,600757,长江传媒,8.85,8.78,8.89,8.7,7332700.0
20260403,600758,辽宁能源,4.3,4.04,4.3,4.03,135670500.0
20260403,600760,中航沈飞,48.33,48.26,48.52,47.8,9179900.0
20260403,600761,安徽合力,17.81,17.3,17.87,17.11,12416100.0
20260403,600763,通策医疗,41.58,40.99,41.6,40.82,4851300.0
20260403,600764,中国海防,23.86,23.39,23.97,23.17,3207300.0
20260403,600765,中航重机,16.19,15.89,16.25,15.79,16314500.0
20260403,600768,富邦新材,17.06,16.25,17.06,16.18,4829000.0
20260403,600769,祥龙电业,13.97,13.7,14.0,13.56,8230600.0
20260403,600770,综艺股份,5.48,5.34,5.5,5.33,10448500.0
20260403,600771,广誉远,17.29,17.6,17.75,17.22,10691300.0
20260403,600773,西藏城投,18.11,17.63,18.45,17.5,18968000.0
20260403,600774,汉商集团,9.05,8.8,9.15,8.74,5010200.0
20260403,600775,南京熊猫,13.31,12.7,13.4,12.65,27005700.0
20260403,600776,东方通信,14.92,14.84,15.09,14.82,15237800.0
20260403,600777,新潮能源,5.38,5.44,5.5,5.26,36487200.0
20260403,600778,友好集团,6.29,6.03,6.32,6.01,7909800.0
20260403,600779,水井坊,33.11,32.16,33.11,32.16,2381500.0
20260403,600780,通宝能源,6.58,6.32,6.59,6.3,36012200.0
20260403,600782,新钢股份,3.56,3.5,3.58,3.48,33844600.0
20260403,600783,鲁信创投,20.43,20.07,20.73,19.8,8783500.0
20260403,600784,鲁银投资,7.1,6.85,7.11,6.83,7012800.0
20260403,600785,新华百货,17.13,16.56,17.13,16.38,3208200.0
20260403,600787,中储股份,5.43,5.36,5.47,5.34,15074500.0
20260403,600789,鲁抗医药,8.4,8.3,8.47,8.3,15501800.0
20260403,600790,轻纺城,3.79,3.69,3.8,3.68,6561200.0
20260403,600791,京能置业,10.75,10.72,11.07,10.5,24634800.0
20260403,600792,云煤能源,4.33,3.99,4.35,3.99,61291900.0
20260403,600793,宜宾纸业,18.22,17.88,18.24,17.71,2069300.0
20260403,600794,保税科技,3.68,3.58,3.7,3.56,11759400.0
20260403,600795,国电电力,4.81,4.76,4.82,4.72,171022300.0
20260403,600796,钱江生化,6.6,6.14,6.62,6.12,12217600.0
20260403,600797,浙大网新,8.93,8.74,8.94,8.7,15767700.0
20260403,600798,宁波海运,3.94,3.81,3.98,3.79,32459000.0
20260403,600800,渤海化学,4.71,4.52,4.72,4.4,47771200.0
20260403,600801,华新建材,22.93,23.03,23.4,22.54,15217900.0
20260403,600802,福建水泥,6.07,5.83,6.2,5.79,15918300.0
20260403,600803,新奥股份,22.57,21.91,22.6,21.82,9064800.0
20260403,600805,悦达投资,5.15,4.97,5.17,4.93,17136300.0
20260403,600807,济高发展,3.21,3.01,3.21,2.97,23804700.0
20260403,600808,马钢股份,3.77,3.7,3.8,3.68,30570800.0
20260403,600809,山西汾酒,144.0,141.7,144.48,140.67,4155000.0
20260403,600810,神马股份,8.3,8.17,8.36,7.86,22656900.0
20260403,600812,华北制药,5.65,5.51,5.66,5.49,33692700.0
20260403,600814,杭州解百,7.62,7.43,7.66,7.41,5652600.0
20260403,600815,厦工股份,3.68,3.5,3.69,3.42,91704200.0
20260403,600816,建元信托,2.52,2.5,2.56,2.48,27786600.0
20260403,600817,宇通重工,11.38,11.22,11.6,11.11,10166600.0
20260403,600819,耀皮玻璃,7.04,6.69,7.08,6.65,9970100.0
20260403,600820,隧道股份,6.09,6.06,6.12,6.03,15510800.0
20260403,600821,金开新能,8.3,7.92,8.34,7.85,246233000.0
20260403,600822,上海物贸,10.07,9.81,10.08,9.81,2342300.0
20260403,600824,益民集团,4.01,3.88,4.01,3.86,8503700.0
20260403,600825,新华传媒,5.78,5.62,6.0,5.53,16697600.0
20260403,600826,兰生股份,9.8,9.54,9.83,9.49,3695500.0
20260403,600827,百联股份,8.5,8.37,8.53,8.36,4315200.0
20260403,600828,茂业商业,5.17,4.99,5.17,4.95,18281100.0
20260403,600829,人民同泰,10.69,11.1,12.2,10.66,51073900.0
20260403,600830,香溢融通,8.73,8.49,8.79,8.47,4092300.0
20260403,600831,广电网络,3.7,3.62,3.73,3.56,14822700.0
20260403,600833,第一医药,12.01,11.81,12.09,11.78,3216000.0
20260403,600834,申通地铁,8.33,8.26,8.38,8.19,3161500.0
20260403,600835,上海机电,21.85,21.45,21.93,21.38,3422400.0
20260403,600838,上海九百,10.04,9.77,10.08,9.74,6392500.0
20260403,600839,四川长虹,8.6,8.45,8.65,8.45,39397700.0
20260403,600841,动力新科,8.4,8.2,8.42,8.17,13329000.0
20260403,600843,上工申贝,9.38,9.09,9.4,9.09,5590200.0
20260403,600844,金煤科技,4.23,4.01,4.3,4.01,113250700.0
20260403,600845,宝信软件,22.85,22.49,22.99,22.25,15949200.0
20260403,600846,同济科技,12.08,11.7,12.15,11.66,2186900.0
20260403,600847,万里股份,12.74,12.11,12.74,12.01,3111700.0
20260403,600848,上海临港,10.0,9.88,10.04,9.8,4942400.0
20260403,600850,电科数字,22.44,22.04,22.57,22.0,5956300.0
20260403,600851,海欣股份,8.56,8.44,8.66,8.2,31028000.0
20260403,600853,龙建股份,3.91,3.75,3.92,3.74,11930600.0
20260403,600854,春兰股份,5.01,4.78,5.03,4.77,10600100.0
20260403,600855,航天长峰,16.93,16.46,16.99,16.37,7101600.0
20260403,600857,宁波中百,11.86,11.49,11.9,11.45,2070800.0
20260403,600858,银座股份,5.79,5.54,5.79,5.52,7095600.0
20260403,600859,王府井,12.21,11.91,12.22,11.91,11086600.0
20260403,600860,京城股份,11.2,10.83,11.27,10.75,12608400.0
20260403,600861,北京人力,16.17,15.94,16.25,15.9,2266400.0
20260403,600862,中航高科,21.02,20.84,21.15,20.7,11014300.0
20260403,600863,华能蒙电,5.07,4.99,5.08,4.95,46966400.0
20260403,600864,哈投股份,6.46,6.35,6.59,6.3,43985800.0
20260403,600865,百大集团,11.19,10.95,11.22,10.85,4245400.0
20260403,600866,星湖科技,7.11,7.0,7.14,6.98,16209100.0
20260403,600867,通化东宝,9.58,9.9,10.26,9.51,130783100.0
20260403,600868,梅雁吉祥,3.58,3.46,3.6,3.44,63587100.0
20260403,600869,远东股份,14.45,15.61,15.61,14.2,143102000.0
20260403,600871,石化油服,2.92,2.87,2.93,2.82,193042700.0
20260403,600872,中炬高新,19.39,19.05,19.43,18.99,8538800.0
20260403,600873,梅花生物,11.32,11.12,11.35,11.06,26844600.0
20260403,600874,创业环保,6.08,5.91,6.08,5.9,15587900.0
20260403,600875,东方电气,37.6,36.86,37.79,36.56,48631800.0
20260403,600876,凯盛新能,9.39,8.93,9.46,8.92,8116300.0
20260403,600877,电科芯片,15.82,15.53,15.9,15.5,9639900.0
20260403,600879,航天电子,21.35,20.57,21.4,20.4,90670400.0
20260403,600880,博瑞传播,4.79,4.6,4.79,4.59,15738600.0
20260403,600881,亚泰集团,1.63,1.57,1.64,1.57,28425800.0
20260403,600882,妙可蓝多,18.13,17.55,18.15,17.55,4628500.0
20260403,600883,博闻科技,8.08,7.6,8.08,7.6,6501800.0
20260403,600884,杉杉股份,13.19,13.01,13.3,12.84,41920000.0
20260403,600885,宏发股份,25.5,25.57,25.76,25.02,22931700.0
20260403,600886,国投电力,14.08,13.85,14.14,13.75,17687300.0
20260403,600887,伊利股份,26.38,26.31,26.43,26.15,22332100.0
20260403,600888,新疆众和,7.98,7.81,8.04,7.81,29720600.0
20260403,600892,大晟文化,3.62,3.53,3.63,3.52,3864400.0
20260403,600893,航发动力,50.28,48.99,50.5,48.22,27969200.0
20260403,600894,广日股份,9.68,9.63,9.84,9.57,17977400.0
20260403,600895,张江高科,34.5,34.36,34.8,34.12,13844400.0
20260403,600897,厦门空港,16.38,16.01,16.39,15.92,2172000.0
20260403,600900,长江电力,27.0,26.7,27.0,26.66,65627700.0
20260403,600901,江苏金租,6.71,6.7,6.81,6.68,26275800.0
20260403,600903,贵州燃气,6.39,6.22,6.41,6.2,11665600.0
20260403,600905,三峡能源,4.17,4.09,4.18,4.09,173727400.0
20260403,600906,财达证券,6.35,6.22,6.36,6.22,11084900.0
20260403,600908,无锡银行,5.71,5.66,5.72,5.62,16333100.0
20260403,600909,华安证券,5.54,5.44,5.56,5.44,36938700.0
20260403,600916,中国黄金,9.37,9.26,9.41,9.23,15140400.0
20260403,600917,重庆燃气,5.45,5.3,5.46,5.29,12393800.0
20260403,600918,中泰证券,6.01,5.94,6.02,5.92,17297000.0
20260403,600919,江苏银行,10.9,10.81,10.9,10.78,50136100.0
20260403,600925,苏能股份,4.66,4.54,4.66,4.53,15105300.0
20260403,600926,杭州银行,16.8,16.88,16.98,16.68,22026100.0
20260403,600927,永安期货,13.54,13.41,13.7,13.4,3662000.0
20260403,600928,西安银行,3.62,3.54,3.62,3.52,19641800.0
20260403,600930,华电新能,6.12,6.0,6.13,5.98,186569500.0
20260403,600933,爱柯迪,16.9,16.55,16.9,16.42,5869600.0
20260403,600935,华塑股份,2.79,2.66,2.8,2.65,48727800.0
20260403,600936,北投科技,4.01,3.93,4.05,3.92,20239100.0
20260403,600938,中国海油,39.5,39.18,39.55,38.87,50521200.0
20260403,600939,重庆建工,3.04,2.91,3.04,2.91,17653500.0
20260403,600941,中国移动,93.29,93.02,93.49,92.69,7071700.0
20260403,600955,维远股份,17.3,16.45,17.35,16.21,8899800.0
20260403,600956,新天绿能,8.32,8.03,8.32,8.0,24997500.0
20260403,600958,东方证券,9.04,8.86,9.06,8.86,36334000.0
20260403,600959,江苏有线,3.84,3.84,4.0,3.8,104067400.0
20260403,600960,渤海汽车,5.05,4.92,5.08,4.91,13494600.0
20260403,600961,株冶集团,17.27,16.82,17.4,16.79,9649000.0
20260403,600962,国投中鲁,18.9,18.48,18.93,18.47,1765100.0
20260403,600963,岳阳林纸,4.73,4.68,4.77,4.64,22678500.0
20260403,600966,博汇纸业,6.41,6.27,6.44,6.24,11339400.0
20260403,600967,内蒙一机,14.7,14.19,14.74,14.14,21537700.0
20260403,600968,海油发展,4.6,4.48,4.6,4.43,72821600.0
20260403,600969,郴电国际,9.56,9.04,9.56,8.93,10482100.0
20260403,600970,中材国际,10.52,10.45,10.56,10.28,20945200.0
20260403,600971,恒源煤电,7.37,7.18,7.38,7.14,16327200.0
20260403,600973,宝胜股份,6.63,6.52,6.65,6.51,16599100.0
20260403,600975,新五丰,5.43,5.27,5.43,5.22,17067700.0
20260403,600976,健民集团,34.79,35.19,35.26,34.44,3773100.0
20260403,600977,中国电影,13.49,13.23,13.53,13.19,15229200.0
20260403,600979,广安爱众,4.75,4.51,4.78,4.5,72540700.0
20260403,600980,北矿科技,21.25,20.9,21.35,20.89,2034300.0
20260403,600981,苏豪汇鸿,3.06,2.93,3.07,2.91,21477300.0
20260403,600982,宁波能源,5.59,5.19,5.6,5.19,108052200.0
20260403,600983,惠而浦,10.12,9.84,10.18,9.84,3781000.0
20260403,600984,建设机械,3.8,3.69,3.84,3.68,18821900.0
20260403,600985,淮北矿业,13.88,13.42,13.88,13.37,11516800.0
20260403,600986,浙文互联,9.45,9.11,9.49,9.08,48289500.0
20260403,600987,航民股份,7.59,7.38,7.59,7.35,7016500.0
20260403,600988,赤峰黄金,44.93,45.25,45.28,44.06,42504600.0
20260403,600989,宝丰能源,29.36,28.61,29.45,28.33,77856000.0
20260403,600990,四创电子,22.23,21.65,22.34,21.56,3225300.0
20260403,600992,贵绳股份,11.99,11.65,12.1,11.65,4088500.0
20260403,600993,马应龙,25.69,25.29,25.7,25.21,2692900.0
20260403,600995,南网储能,13.63,13.29,13.75,13.27,20667400.0
20260403,600996,贵广网络,9.62,9.43,9.93,9.3,53883400.0
20260403,600997,开滦股份,6.1,5.81,6.1,5.76,20406800.0
20260403,600998,九州通,5.35,5.28,5.39,5.27,44852100.0
20260403,600999,招商证券,15.67,15.55,15.72,15.54,17493400.0
20260403,601000,唐山港,4.72,4.71,4.79,4.69,61078300.0
20260403,601001,晋控煤业,16.7,16.38,16.73,16.27,13422300.0
20260403,601002,晋亿实业,5.49,5.14,5.53,5.12,45725100.0
20260403,601003,柳钢股份,4.64,4.5,4.64,4.5,9895900.0
20260403,601005,重庆钢铁,1.42,1.39,1.42,1.38,73477100.0
20260403,601006,大秦铁路,5.33,5.2,5.34,5.19,181952900.0
20260403,601007,金陵饭店,8.33,7.89,8.36,7.87,16630700.0
20260403,601008,连云港,4.95,4.85,4.97,4.83,8614400.0
20260403,601009,南京银行,11.3,11.15,11.3,11.11,28184900.0
20260403,601011,宝泰隆,3.45,3.28,3.45,3.26,50133500.0
20260403,601012,隆基绿能,17.3,16.66,17.35,16.61,181112900.0
20260403,601015,陕西黑猫,4.4,4.1,4.41,4.06,106022000.0
20260403,601016,节能风电,4.02,3.81,4.03,3.78,414654300.0
20260403,601018,宁波港,4.08,3.99,4.09,3.99,38308700.0
20260403,601019,山东出版,8.89,8.72,8.9,8.67,4630500.0
20260403,601021,春秋航空,47.28,46.34,47.35,46.2,3973000.0
20260403,601022,宁波远洋,9.18,8.89,9.24,8.86,9520700.0
20260403,601026,道生天合,19.15,18.05,19.15,18.05,6097800.0
20260403,601033,永兴股份,14.7,14.38,14.77,14.32,5681700.0
20260403,601038,一拖股份,12.61,12.28,12.7,12.26,6027000.0
20260403,601058,赛轮轮胎,13.4,13.17,13.41,13.13,20611200.0
20260403,601059,信达证券,16.46,16.4,16.54,16.4,5307900.0
20260403,601061,中信金属,11.54,11.3,11.58,11.24,10223100.0
20260403,601065,江盐集团,8.35,8.15,8.35,8.13,7971000.0
20260403,601066,中信建投,21.47,21.11,21.55,21.09,6091100.0
20260403,601068,中铝国际,5.72,5.58,5.77,5.55,21782700.0
20260403,601069,西部黄金,30.9,30.53,31.26,30.36,6908800.0
20260403,601077,渝农商行,7.18,7.04,7.18,7.02,26979400.0
20260403,601083,锦江航运,13.16,12.99,13.45,12.97,27518300.0
20260403,601086,国芳集团,8.9,8.63,8.9,8.61,4074000.0
20260403,601088,中国神华,47.7,47.58,47.88,47.03,21324100.0
20260403,601089,福元医药,24.26,23.66,24.39,23.1,6576800.0
20260403,601096,宏盛华源,5.61,5.45,5.62,5.44,29814500.0
20260403,601098,中南传媒,11.17,10.93,11.18,10.9,4147400.0
20260403,601099,太平洋,3.71,3.65,3.72,3.64,61706700.0
20260403,601100,恒立液压,102.46,102.99,104.98,101.6,10217700.0
20260403,601101,昊华能源,8.51,8.24,8.55,8.1,20174600.0
20260403,601106,中国一重,4.25,4.17,4.27,4.16,38510700.0
20260403,601107,四川成渝,5.9,5.69,5.92,5.63,23282300.0
20260403,601108,财通证券,7.72,7.7,7.77,7.68,22580700.0
20260403,601111,中国国航,6.84,6.78,6.92,6.75,49718600.0
20260403,601112,振石股份,19.25,18.86,19.3,18.8,11042600.0
20260403,601113,华鼎股份,4.32,4.21,4.32,4.18,9871300.0
20260403,601116,三江购物,13.75,13.24,13.75,13.2,7280300.0
20260403,601117,中国化学,8.89,8.69,8.92,8.66,76759700.0
20260403,601118,海南橡胶,6.55,6.38,6.57,6.31,32695900.0
20260403,601121,宝地矿业,7.42,7.21,7.44,7.14,10238600.0
20260403,601126,四方股份,42.09,41.74,43.0,41.2,18251300.0
20260403,601127,赛力斯,89.07,86.4,89.44,86.13,21485300.0
20260403,601128,常熟银行,7.11,7.04,7.11,7.01,22845900.0
20260403,601133,柏诚股份,19.11,19.48,20.25,19.11,35742100.0
20260403,601136,首创证券,16.2,16.01,16.28,16.0,5545400.0
20260403,601137,博威合金,18.01,17.77,18.21,17.75,8302500.0
20260403,601138,工业富联,52.6,52.18,53.18,52.0,104540100.0
20260403,601139,深圳燃气,7.24,7.0,7.26,6.97,30767300.0
20260403,601155,新城控股,14.0,13.65,14.08,13.6,15257200.0
20260403,601156,东航物流,17.15,16.89,17.24,16.85,6647300.0
20260403,601158,重庆水务,4.39,4.32,4.4,4.31,16520900.0
20260403,601162,天风证券,3.65,3.6,3.67,3.59,58445800.0
20260403,601163,三角轮胎,14.38,13.98,14.41,13.97,4733100.0
20260403,601166,兴业银行,18.9,18.69,18.92,18.65,47915200.0
20260403,601168,西部矿业,25.66,25.54,25.8,25.31,28945200.0
20260403,601169,北京银行,5.51,5.44,5.51,5.43,95225900.0
20260403,601177,杭齿前进,14.31,13.95,14.36,13.91,2910200.0
20260403,601179,中国西电,15.52,15.05,15.68,15.01,127014300.0
20260403,601186,中国铁建,6.97,6.91,6.98,6.9,45738300.0
20260403,601187,厦门银行,7.77,7.68,7.8,7.66,12110000.0
20260403,601188,龙江交通,3.33,3.21,3.33,3.2,17523400.0
20260403,601198,东兴证券,12.4,12.48,12.61,12.4,18026200.0
20260403,601199,江南水务,5.68,5.56,5.7,5.51,9255000.0
20260403,601200,上海环境,8.17,7.89,8.2,7.85,24597600.0
20260403,601208,东材科技,29.7,30.6,31.31,29.12,53854000.0
20260403,601211,国泰海通,16.65,16.47,16.66,16.43,44990900.0
20260403,601212,白银有色,7.93,7.74,7.95,7.67,59882300.0
20260403,601216,君正集团,5.34,5.12,5.35,5.09,85213600.0
20260403,601218,吉鑫科技,6.19,5.8,6.23,5.75,104307600.0
20260403,601222,林洋能源,6.08,5.84,6.08,5.81,31873300.0
20260403,601225,陕西煤业,25.88,25.36,25.88,25.23,17990000.0
20260403,601226,华电科工,8.98,8.67,9.06,8.65,23744700.0
20260403,601228,广州港,3.36,3.32,3.4,3.31,22657600.0
20260403,601229,上海银行,9.93,9.83,9.94,9.74,28394400.0
20260403,601231,环旭电子,34.9,34.21,35.6,34.1,42915900.0
20260403,601233,桐昆股份,18.28,17.93,18.31,17.7,25739300.0
20260403,601236,红塔证券,7.53,7.45,7.55,7.45,9725800.0
20260403,601238,广汽集团,7.14,7.07,7.17,7.05,12564800.0
20260403,601279,英利汽车,4.14,3.94,4.17,3.93,13520800.0
20260403,601288,农业银行,6.93,6.84,6.93,6.78,365328700.0
20260403,601298,青岛港,8.76,8.71,8.82,8.66,8636900.0
20260403,601311,骆驼股份,9.35,9.09,9.44,9.07,19792600.0
20260403,601318,中国平安,57.58,57.25,57.77,57.24,34367800.0
20260403,601319,中国人保,7.43,7.35,7.46,7.33,38122400.0
20260403,601326,秦港股份,3.78,3.65,3.82,3.64,57123200.0
20260403,601328,交通银行,7.09,6.99,7.1,6.98,102557700.0
20260403,601330,绿色动力,8.14,7.87,8.15,7.84,32048300.0
20260403,601333,广深铁路,3.16,3.09,3.16,3.07,57097300.0
20260403,601336,新华保险,60.94,59.8,60.97,59.75,12091000.0
20260403,601339,百隆东方,7.25,7.37,7.38,7.16,8155500.0
20260403,601360,三六零,10.54,10.28,10.58,10.25,58845500.0
20260403,601366,利群股份,4.08,3.91,4.09,3.9,12301400.0
20260403,601368,绿城水务,4.84,4.64,4.84,4.64,15155300.0
20260403,601369,陕鼓动力,10.03,9.91,10.17,9.88,8180400.0
20260403,601375,中原证券,4.01,3.92,4.01,3.92,21774900.0
20260403,601377,兴业证券,5.83,5.71,5.84,5.68,67333000.0
20260403,601388,怡球资源,3.62,3.46,3.63,3.45,93802600.0
20260403,601390,中国中铁,5.36,5.2,5.37,5.19,269933000.0
20260403,601398,工商银行,7.62,7.5,7.64,7.48,245299000.0
20260403,601399,国机重装,4.47,4.39,4.49,4.37,50630700.0
20260403,601456,国联民生,9.03,9.01,9.08,9.0,12653500.0
20260403,601500,通用股份,4.29,4.19,4.31,4.16,9156000.0
20260403,601512,中新集团,8.75,8.67,8.8,8.57,2438400.0
20260403,601515,衢州东峰,4.7,4.28,4.84,4.28,139327200.0
20260403,601518,吉林高速,2.94,2.87,2.95,2.85,14864300.0
20260403,601519,大智慧,10.35,10.15,10.36,10.12,15303200.0
20260403,601528,瑞丰银行,5.32,5.24,5.34,5.22,21032700.0
20260403,601555,东吴证券,7.96,8.0,8.1,7.96,47462100.0
20260403,601566,九牧王,10.69,10.42,10.69,10.41,4481400.0
20260403,601567,三星电气,25.46,24.95,25.46,24.5,16247300.0
20260403,601568,北元化工,4.24,4.09,4.25,4.08,30661600.0
20260403,601577,长沙银行,9.64,9.54,9.67,9.5,10680500.0
20260403,601579,会稽山,18.34,18.02,18.56,17.9,13207300.0
20260403,601588,北辰实业,1.71,1.66,1.72,1.66,25201800.0
20260403,601595,上海电影,24.35,24.19,24.48,23.83,4173900.0
20260403,601598,中国外运,6.29,6.27,6.36,6.23,19593200.0
20260403,601599,浙文影业,3.83,3.65,3.84,3.64,28249800.0
20260403,601600,中国铝业,11.6,11.21,11.64,11.18,229492300.0
20260403,601601,中国太保,38.47,38.22,38.55,37.8,15905800.0
20260403,601606,长城军工,40.04,39.01,40.2,38.59,19894700.0
20260403,601607,上海医药,17.34,17.31,17.37,17.18,16088200.0
20260403,601608,中信重工,6.18,6.04,6.18,6.0,23432500.0
20260403,601609,金田股份,9.84,9.73,9.92,9.73,12505600.0
20260403,601611,中国核建,14.13,13.29,14.15,13.25,64815300.0
20260403,601615,明阳智能,16.62,15.87,16.66,15.72,63207000.0
20260403,601616,广电电气,4.72,4.56,4.74,4.54,26420500.0
20260403,601618,中国中冶,2.98,2.94,2.99,2.94,114777200.0
20260403,601619,嘉泽新能,5.12,5.01,5.12,4.98,50589800.0
20260403,601628,中国人寿,36.46,36.09,36.55,36.04,13463700.0
20260403,601633,长城汽车,21.0,20.76,21.23,20.68,12746000.0
20260403,601636,旗滨集团,5.79,5.62,5.8,5.6,31941600.0
20260403,601658,邮储银行,5.18,5.12,5.18,5.07,152816600.0
20260403,601665,齐鲁银行,5.83,5.76,5.84,5.74,38954100.0
20260403,601666,平煤股份,8.23,7.84,8.25,7.78,38240700.0
20260403,601668,中国建筑,5.02,5.0,5.03,4.98,124313500.0
20260403,601669,中国电建,5.66,5.56,5.68,5.55,195068300.0
20260403,601677,明泰铝业,15.05,15.07,15.25,14.86,15949600.0
20260403,601678,滨化股份,4.97,4.79,5.01,4.73,52823300.0
20260403,601686,友发集团,5.85,5.71,5.86,5.7,5688500.0
20260403,601688,华泰证券,17.86,17.67,17.9,17.64,36304500.0
20260403,601689,拓普集团,59.2,57.65,59.29,57.33,16257800.0
20260403,601696,中银证券,12.16,11.96,12.24,11.96,17663800.0
20260403,601698,中国卫通,32.39,31.56,32.6,31.51,29161300.0
20260403,601699,潞安环能,13.61,13.05,13.65,12.94,24160000.0
20260403,601700,风范股份,5.15,5.05,5.17,5.02,15691100.0
20260403,601702,华峰铝业,18.9,18.66,19.12,18.5,5825500.0
20260403,601717,中创智领,20.19,19.94,20.45,19.92,16810500.0
20260403,601727,上海电气,7.93,7.73,7.96,7.71,109558200.0
20260403,601728,中国电信,5.67,5.7,5.71,5.64,84277800.0
20260403,601766,中国中车,6.27,6.21,6.27,6.17,81465300.0
20260403,601777,千里科技,10.23,10.03,10.25,9.98,16518500.0
20260403,601778,晶科科技,4.75,4.87,4.87,4.67,191864700.0
20260403,601788,光大证券,15.3,15.12,15.36,15.12,10747400.0
20260403,601789,宁波建工,5.58,5.36,5.63,5.32,100040700.0
20260403,601798,蓝科高新,9.13,8.79,9.17,8.72,5072200.0
20260403,601799,星宇股份,121.72,119.77,121.72,118.1,1676800.0
20260403,601800,中国交建,7.58,7.5,7.6,7.47,18389200.0
20260403,601801,皖新传媒,6.24,6.1,6.24,6.08,6302500.0
20260403,601808,中海油服,16.14,15.85,16.14,15.63,25070000.0
20260403,601811,新华文轩,13.73,13.57,13.78,13.47,2532100.0
20260403,601816,京沪高铁,5.12,5.05,5.12,5.04,90725600.0
20260403,601818,光大银行,3.2,3.19,3.2,3.18,142931200.0
20260403,601825,沪农商行,9.25,9.15,9.27,9.1,15633300.0
20260403,601827,三峰环境,8.08,7.88,8.09,7.86,12278000.0
20260403,601828,美凯龙,2.36,2.31,2.38,2.31,12706100.0
20260403,601838,成都银行,17.32,17.16,17.32,17.08,16229300.0
20260403,601857,中国石油,12.35,12.33,12.42,12.14,163410300.0
20260403,601858,中国科传,22.24,21.68,22.33,21.38,8001700.0
20260403,601860,紫金银行,2.73,2.68,2.74,2.67,43467100.0
20260403,601865,福莱特,13.83,13.46,13.88,13.44,17291800.0
20260403,601866,中远海发,2.82,2.86,3.02,2.82,326987700.0
20260403,601868,中国能建,2.84,2.82,2.85,2.78,602482800.0
20260403,601869,长飞光纤,339.13,352.5,363.63,330.0,18651900.0
20260403,601872,招商轮船,20.05,20.39,21.31,20.05,212553400.0
20260403,601877,正泰电器,31.75,31.19,31.94,30.96,20600900.0
20260403,601878,浙商证券,9.51,9.34,9.54,9.34,20580400.0
20260403,601880,辽港股份,1.64,1.62,1.65,1.61,119556900.0
20260403,601881,中国银河,12.65,12.49,12.7,12.46,26473900.0
20260403,601882,海天精工,18.4,18.39,18.6,18.27,2691300.0
20260403,601886,江河集团,9.04,8.78,9.08,8.75,7635700.0
20260403,601888,中国中免,70.16,68.92,70.33,68.41,13350600.0
20260403,601890,亚星锚链,10.15,9.91,10.22,9.89,21901800.0
20260403,601898,中煤能源,17.73,17.64,17.8,17.38,27183200.0
20260403,601899,紫金矿业,33.25,32.91,33.33,32.82,141999100.0
20260403,601900,南方传媒,13.01,12.77,13.04,12.7,4514000.0
20260403,601901,方正证券,6.82,6.89,7.04,6.81,85054700.0
20260403,601908,京运通,4.8,4.5,4.95,4.5,209043500.0
20260403,601916,浙商银行,2.97,2.96,2.98,2.95,100236700.0
20260403,601918,新集能源,7.61,7.39,7.62,7.32,36030200.0
20260403,601919,中远海控,15.21,15.04,15.25,14.95,66285500.0
20260403,601921,浙版传媒,7.89,7.82,7.89,7.81,6968600.0
20260403,601928,凤凰传媒,9.88,9.75,9.89,9.75,5752100.0
20260403,601929,吉视传媒,2.94,2.81,2.94,2.81,60979100.0
20260403,601933,永辉超市,3.75,3.67,3.77,3.67,60398900.0
20260403,601939,建设银行,9.53,9.4,9.55,9.33,86898400.0
20260403,601949,中国出版,6.25,6.06,6.26,6.05,7610200.0
20260403,601952,苏垦农发,10.18,9.82,10.24,9.71,24568600.0
20260403,601956,东贝集团,6.51,6.35,6.53,6.31,4195700.0
20260403,601958,金钼股份,18.72,18.44,18.78,18.3,18357300.0
20260403,601963,重庆银行,10.43,10.22,10.43,10.06,14080400.0
20260403,601965,中国汽研,17.13,17.02,17.21,16.81,5192900.0
20260403,601966,玲珑轮胎,14.08,13.96,14.1,13.92,6187500.0
20260403,601968,宝钢包装,5.23,5.11,5.24,5.07,6585100.0
20260403,601969,海南矿业,11.35,10.84,11.38,10.77,31119500.0
20260403,601975,招商南油,4.9,5.09,5.28,4.9,555953900.0
20260403,601985,中国核电,9.0,8.81,9.0,8.77,121697900.0
20260403,601988,中国银行,5.95,5.82,5.96,5.78,239215000.0
20260403,601990,南京证券,7.3,7.19,7.31,7.18,10325200.0
20260403,601991,大唐发电,3.83,3.71,3.84,3.68,172344700.0
20260403,601992,金隅集团,1.77,1.71,1.77,1.7,74081400.0
20260403,601995,中金公司,32.4,32.16,32.53,32.0,8383200.0
20260403,601996,丰林集团,2.5,2.26,2.5,2.25,61769900.0
20260403,601997,贵阳银行,5.79,5.72,5.8,5.7,22283900.0
20260403,601998,中信银行,8.37,8.28,8.38,8.24,31318000.0
20260403,601999,出版传媒,7.58,7.11,7.64,7.08,13326300.0
20260403,603000,人民网,19.18,18.8,19.28,18.79,12753700.0
20260403,603001,奥康国际,8.9,9.16,9.16,8.81,6422100.0
20260403,603002,宏昌电子,9.83,9.7,9.98,9.67,25317600.0
20260403,603004,鼎龙科技,21.73,21.35,21.89,21.3,1317500.0
20260403,603005,晶方科技,26.19,26.66,27.2,25.92,24647100.0
20260403,603006,联明股份,12.84,12.48,12.88,12.39,1919700.0
20260403,603007,顺景科技,6.25,6.15,6.33,6.06,13722500.0
20260403,603009,北特科技,47.02,47.0,47.9,46.0,4878400.0
20260403,603010,万盛股份,11.61,11.49,11.69,11.46,6770200.0
20260403,603011,合锻智能,20.48,19.92,20.59,19.89,14726800.0
20260403,603012,创力集团,7.67,7.69,7.78,7.6,9142000.0
20260403,603013,亚普股份,19.16,18.35,19.17,18.34,2395700.0
20260403,603014,威高血净,37.26,36.42,37.26,36.42,881200.0
20260403,603015,弘讯科技,12.2,12.0,12.33,11.96,3494200.0
20260403,603016,新宏泰,50.5,45.99,52.0,45.99,9816700.0
20260403,603017,中衡设计,15.98,14.54,15.99,14.54,26134600.0
20260403,603018,华设集团,7.25,7.15,7.29,7.12,4804400.0
20260403,603019,中科曙光,78.08,77.89,78.78,76.78,20261400.0
20260403,603020,爱普股份,11.44,10.94,11.46,10.93,7850200.0
20260403,603022,新通联,10.29,9.8,10.29,9.7,5995700.0
20260403,603023,威帝股份,4.85,4.6,5.05,4.58,38638000.0
20260403,603025,大豪科技,13.73,13.79,13.95,13.73,6159900.0
20260403,603026,石大胜华,84.87,80.75,86.1,78.0,21750700.0
20260403,603027,千禾味业,9.59,9.29,9.59,9.25,12395500.0
20260403,603028,赛福天,8.39,8.08,8.45,8.04,4278800.0
20260403,603029,天鹅股份,18.33,17.68,18.4,17.55,2925300.0
20260403,603030,全筑股份,2.37,2.23,2.37,2.2,33107700.0
20260403,603031,安孚科技,48.4,48.27,50.1,48.0,6148400.0
20260403,603032,德新科技,17.42,16.87,17.67,16.71,4155300.0
20260403,603033,三维股份,9.76,10.78,10.78,9.71,22061100.0
20260403,603035,常熟汽饰,14.09,13.78,14.09,13.72,2035700.0
20260403,603036,如通股份,18.01,17.78,18.16,17.71,2378400.0
20260403,603037,凯众股份,13.14,12.69,13.14,12.6,4407700.0
20260403,603038,华立股份,14.9,14.4,14.9,14.36,2348300.0
20260403,603039,泛微网络,44.03,44.85,45.28,43.65,8608300.0
20260403,603040,新坐标,80.56,79.33,80.91,78.87,849100.0
20260403,603041,美思德,12.55,11.93,12.6,11.86,2830800.0
20260403,603042,华脉科技,22.0,20.74,22.22,20.69,38719100.0
20260403,603043,广州酒家,15.52,15.33,15.57,15.18,3995800.0
20260403,603045,福达合金,28.62,28.18,28.88,28.01,3564500.0
20260403,603048,浙江黎明,21.68,21.08,21.85,21.02,2019400.0
20260403,603049,中策橡胶,48.9,48.52,49.18,48.44,1630400.0
20260403,603050,科林电气,19.82,19.28,19.92,19.15,3348400.0
20260403,603051,鹿山新材,20.92,20.35,21.06,20.22,3670700.0
20260403,603052,可川科技,63.33,61.46,64.98,61.36,7353100.0
20260403,603053,成都燃气,10.16,9.76,10.2,9.75,7900500.0
20260403,603055,台华新材,9.0,8.96,9.24,8.85,10383600.0
20260403,603057,紫燕食品,26.8,25.65,26.98,25.31,5135900.0
20260403,603058,永吉股份,11.7,11.33,11.85,11.32,5161500.0
20260403,603059,倍加洁,32.09,31.55,32.24,31.18,1020700.0
20260403,603060,国检集团,6.27,6.1,6.27,6.07,4664200.0
20260403,603061,金海通,270.36,263.32,275.46,260.66,1547800.0
20260403,603062,麦加芯彩,46.5,46.44,47.27,45.93,688500.0
20260403,603063,禾望电气,30.7,29.6,30.83,29.45,17750200.0
20260403,603065,宿迁联盛,8.12,7.93,8.15,7.84,4021600.0
20260403,603066,音飞储存,9.96,9.66,9.99,9.59,3711600.0
20260403,603067,振华股份,31.5,34.68,34.68,31.37,28983500.0
20260403,603068,博通集成,30.75,30.31,31.06,30.15,1511800.0
20260403,603069,海汽集团,17.52,16.93,17.57,16.85,3905400.0
20260403,603070,万控智造,14.51,14.03,14.51,13.95,2689000.0
20260403,603071,物产环能,13.75,13.08,13.8,13.05,4762900.0
20260403,603072,天和磁材,35.74,35.14,35.95,35.0,1396100.0
20260403,603073,彩蝶实业,18.87,18.65,19.59,18.55,2616000.0
20260403,603075,热威股份,21.97,21.85,22.19,21.58,1474900.0
20260403,603076,乐惠国际,28.12,28.23,29.46,27.9,5572400.0
20260403,603077,和邦生物,2.75,2.69,2.77,2.67,151085100.0
20260403,603078,江化微,21.53,21.42,21.75,21.19,5049600.0
20260403,603079,圣达生物,17.17,16.57,17.25,16.56,2629900.0
20260403,603080,新疆火炬,21.68,20.61,21.7,20.48,2375800.0
20260403,603081,大丰实业,11.84,11.7,11.92,11.53,5037300.0
20260403,603082,北自科技,35.5,34.87,35.82,34.81,732000.0
20260403,603083,剑桥科技,103.59,102.99,105.35,102.19,20123300.0
20260403,603085,天成自控,11.02,10.89,11.07,10.74,5269200.0
20260403,603086,先达股份,7.45,7.28,7.49,7.25,6195700.0
20260403,603087,甘李药业,63.6,63.15,64.4,63.01,5321500.0
20260403,603088,宁波精达,12.13,11.62,12.19,11.61,19321300.0
20260403,603089,正裕工业,12.05,11.8,12.18,11.75,2224700.0
20260403,603090,宏盛股份,59.05,58.03,60.0,57.95,2166700.0
20260403,603091,众鑫股份,72.0,71.67,74.5,70.67,703900.0
20260403,603092,德力佳,65.71,64.19,66.2,63.74,1625100.0
20260403,603093,南华期货,19.39,17.77,19.7,17.68,13528500.0
20260403,603095,越剑智能,17.48,17.16,17.7,17.1,2164600.0
20260403,603096,新经典,17.23,16.46,17.23,16.34,2016500.0
20260403,603097,江苏华辰,31.82,31.24,32.08,31.17,1722000.0
20260403,603098,森特股份,15.42,14.42,15.47,14.41,10657600.0
20260403,603099,长白山,35.08,34.35,35.25,34.3,2720200.0
20260403,603100,川仪股份,19.01,19.13,19.27,19.01,2559000.0
20260403,603101,汇嘉时代,8.1,7.89,8.1,7.86,3362500.0
20260403,603102,百合股份,42.11,40.7,42.15,40.5,448000.0
20260403,603103,横店影视,22.75,21.9,22.75,21.83,5010400.0
20260403,603105,芯能科技,10.77,10.27,10.8,10.26,31813100.0
20260403,603106,恒银科技,9.4,8.91,9.4,8.84,8893500.0
20260403,603107,上海汽配,14.33,13.96,14.33,13.92,1903800.0
20260403,603108,润达医疗,12.69,12.26,12.78,12.25,12124100.0
20260403,603109,神驰机电,20.9,20.4,20.91,20.0,2905400.0
20260403,603110,东方材料,15.27,15.63,16.33,14.83,15147100.0
20260403,603111,康尼机电,6.63,6.57,6.63,6.46,6628700.0
20260403,603112,华翔股份,16.88,16.57,16.9,16.47,2562000.0
20260403,603113,金能科技,7.08,6.7,7.15,6.68,20479600.0
20260403,603115,海星股份,44.62,42.12,44.8,41.8,11304000.0
20260403,603116,红蜻蜓,5.51,5.31,5.57,5.28,6601900.0
20260403,603117,万林物流,4.74,4.51,4.75,4.5,10182500.0
20260403,603118,共进股份,13.32,13.25,13.36,12.84,53228100.0
20260403,603119,浙江荣泰,72.1,70.19,72.17,69.36,7514100.0
20260403,603120,肯特催化,38.75,37.76,38.9,37.6,659300.0
20260403,603121,华培动力,18.39,18.53,18.9,17.85,13175000.0
20260403,603122,合富中国,18.69,20.14,20.56,18.45,106463100.0
20260403,603123,翠微股份,11.96,11.96,11.96,11.75,58463500.0
20260403,603124,江南新材,103.2,105.18,109.8,101.5,2571800.0
20260403,603125,常青科技,17.01,16.99,17.37,16.95,2140900.0
20260403,603126,中材节能,7.35,7.33,7.38,7.25,9817200.0
20260403,603127,昭衍新药,36.16,36.6,37.25,35.03,43602500.0
20260403,603128,华贸物流,5.57,5.46,5.58,5.45,10301100.0
20260403,603129,春风动力,241.08,238.5,248.5,238.0,941600.0
20260403,603130,云中马,37.19,36.37,37.19,36.17,1411600.0
20260403,603131,上海沪工,20.31,19.73,20.45,19.68,4583400.0
20260403,603132,金徽股份,17.08,17.2,17.76,16.78,9832700.0
20260403,603135,中重科技,10.14,9.94,10.16,9.85,1816700.0
20260403,603136,天目湖,11.23,10.91,11.28,10.89,3849800.0
20260403,603137,恒尚节能,13.41,13.17,13.41,12.97,2903700.0
20260403,603138,海量数据,19.29,18.6,19.57,18.6,12721300.0
20260403,603139,康惠股份,26.2,25.62,26.34,25.27,2129000.0
20260403,603150,万朗磁塑,52.78,53.2,54.28,50.55,4314100.0
20260403,603151,邦基科技,16.55,15.62,16.6,15.45,3865400.0
20260403,603153,上海建科,15.74,15.44,15.88,15.41,1435600.0
20260403,603155,新亚强,15.42,15.07,15.57,15.04,2786000.0
20260403,603156,养元饮品,30.34,29.9,30.65,29.74,2983100.0
20260403,603158,腾龙股份,12.1,11.59,12.18,11.39,32441100.0
20260403,603159,上海亚虹,24.15,24.75,25.13,23.84,1304800.0
20260403,603160,汇顶科技,64.3,63.38,64.42,63.1,3012600.0
20260403,603161,科华控股,14.41,14.16,14.43,14.04,1635900.0
20260403,603162,海通发展,13.69,14.0,14.05,13.48,16319200.0
20260403,603163,圣晖集成,100.0,97.76,100.3,96.07,2672000.0
20260403,603165,荣晟环保,15.23,14.55,15.44,14.51,14126900.0
20260403,603166,福达股份,13.11,12.91,13.16,12.9,3855500.0
20260403,603167,渤海轮渡,9.33,9.16,9.4,9.15,4910900.0
20260403,603168,莎普爱思,7.07,6.81,7.07,6.75,9094600.0
20260403,603169,兰石重装,9.88,9.62,9.92,9.61,21992900.0
20260403,603170,宝立食品,12.71,13.12,13.16,12.64,4171500.0
20260403,603171,税友股份,50.31,49.01,50.31,48.42,2288500.0
20260403,603172,万丰股份,20.98,20.45,21.16,20.35,1354700.0
20260403,603173,福斯达,39.97,39.58,40.59,38.88,1523500.0
20260403,603175,超颖电子,77.78,76.12,79.25,75.28,2855000.0
20260403,603176,汇通集团,5.44,5.08,5.44,5.07,5540200.0
20260403,603177,德创环保,11.12,10.25,11.18,10.04,9434800.0
20260403,603178,圣龙股份,15.16,14.83,15.28,14.78,1110600.0
20260403,603179,新泉股份,66.36,64.83,66.66,64.78,7928000.0
20260403,603180,金牌家居,18.7,18.35,18.83,18.2,832200.0
20260403,603181,皇马科技,14.33,14.13,14.44,14.04,3846600.0
20260403,603183,建研院,4.53,4.23,4.56,4.21,17203700.0
20260403,603185,弘元绿能,22.45,21.76,22.62,21.64,10934700.0
20260403,603186,华正新材,60.48,61.88,63.66,60.0,10119700.0
20260403,603187,海容冷链,14.44,14.0,14.44,13.92,3846600.0
20260403,603188,亚邦股份,4.84,4.66,4.86,4.64,9830300.0
20260403,603190,亚通精工,24.7,24.02,24.92,23.88,1183600.0
20260403,603191,望变电气,21.2,20.28,21.2,20.27,8308800.0
20260403,603192,汇得科技,23.49,23.51,23.9,23.39,956200.0
20260403,603193,润本股份,23.83,24.14,24.8,23.43,9090100.0
20260403,603194,中力股份,32.77,31.98,32.8,31.9,853400.0
20260403,603195,公牛集团,41.85,41.3,41.98,41.27,1136100.0
20260403,603196,璞源材料,28.6,27.51,28.69,27.15,4380900.0
20260403,603197,保隆科技,32.2,31.34,32.23,31.29,1405000.0
20260403,603198,迎驾贡酒,36.35,35.52,36.35,35.28,6366200.0
20260403,603199,九华旅游,40.49,38.9,40.57,38.8,1883200.0
20260403,603200,上海洗霸,57.41,56.21,58.5,56.21,2898500.0
20260403,603201,常润股份,16.17,15.85,16.34,15.71,1341700.0
20260403,603202,天有为,93.7,94.35,94.6,93.1,1073700.0
20260403,603203,快克智能,36.22,37.99,39.1,36.22,6048300.0
20260403,603205,健尔康,26.09,25.22,26.09,25.22,634000.0
20260403,603206,嘉环科技,15.28,16.21,16.68,15.23,8834500.0
20260403,603207,小方制药,28.13,27.29,28.21,27.15,1018700.0
20260403,603208,江山欧派,13.52,13.04,13.71,13.01,1746100.0
20260403,603209,兴通股份,15.59,15.14,15.71,15.07,5485600.0
20260403,603210,泰鸿万立,17.29,16.76,17.35,16.69,2011200.0
20260403,603211,晋拓股份,25.2,23.81,25.2,23.71,4871100.0
20260403,603212,赛伍技术,13.03,12.59,13.11,12.54,13346300.0
20260403,603213,镇洋发展,13.55,13.32,13.63,13.32,3078700.0
20260403,603214,爱婴室,16.18,16.01,16.3,15.76,4883100.0
20260403,603215,比依股份,19.85,19.49,19.9,19.45,1871100.0
20260403,603216,梦天家居,31.98,31.68,32.18,31.35,1533600.0
20260403,603217,元利科技,26.2,25.88,27.26,25.84,5814200.0
20260403,603218,日月股份,13.93,13.32,13.97,13.3,18707400.0
20260403,603219,富佳股份,15.9,15.77,16.04,15.56,3737600.0
20260403,603220,中贝通信,25.15,26.25,27.0,24.77,54502800.0
20260403,603221,爱丽家居,11.28,10.94,11.48,10.89,2526300.0
20260403,603222,济民健康,10.24,10.47,11.0,9.85,101821500.0
20260403,603223,恒通股份,8.43,8.32,8.53,8.31,7385900.0
20260403,603225,新凤鸣,17.34,16.84,17.44,16.7,18101000.0
20260403,603226,菲林格尔,36.51,36.25,37.32,36.07,2671400.0
20260403,603227,雪峰科技,10.17,9.81,10.17,9.8,31615300.0
20260403,603228,景旺电子,54.68,53.89,54.98,53.68,13507300.0
20260403,603229,奥翔药业,10.21,9.96,10.25,9.95,12216900.0
20260403,603230,内蒙新华,12.12,11.88,12.12,11.75,3236400.0
20260403,603231,索宝蛋白,17.42,16.93,17.5,16.91,1787900.0
20260403,603232,格尔软件,19.36,19.01,19.46,18.9,5349700.0
20260403,603233,大参林,17.98,17.83,18.02,17.66,3121600.0
20260403,603235,天新药业,27.47,26.74,27.6,26.7,775900.0
20260403,603236,移远通信,72.33,73.49,74.81,72.0,5202100.0
20260403,603237,五芳斋,17.1,17.18,17.37,16.78,2894700.0
20260403,603238,诺邦股份,15.34,14.92,15.4,14.82,2930900.0
20260403,603239,浙江仙通,24.56,24.22,24.6,24.11,6407200.0
20260403,603248,锡华科技,29.9,29.66,30.55,28.91,20867700.0
20260403,603255,鼎际得,27.77,26.73,28.07,26.71,597600.0
20260403,603256,宏和科技,68.36,68.0,70.99,67.06,20621500.0
20260403,603257,中国瑞林,53.8,52.1,53.95,51.95,975600.0
20260403,603258,电魂网络,16.88,17.25,17.52,16.63,6046100.0
20260403,603259,药明康德,100.7,99.99,101.35,98.84,45763100.0
20260403,603260,合盛硅业,39.74,39.11,39.9,38.41,7408100.0
20260403,603261,立航科技,35.7,34.2,35.86,34.14,788100.0
20260403,603262,技源集团,24.91,24.01,25.01,23.93,986200.0
20260403,603266,天龙股份,18.21,17.93,18.29,17.91,1734000.0
20260403,603267,鸿远电子,48.16,47.06,48.17,46.8,3469400.0
20260403,603268,松发股份,117.5,117.0,118.99,116.45,2483100.0
20260403,603269,海鸥股份,13.29,12.93,13.5,12.8,9948400.0
20260403,603270,金帝股份,24.78,24.39,25.02,24.34,2101700.0
20260403,603271,永杰新材,47.65,46.52,47.65,46.44,2250600.0
20260403,603273,天元智能,18.37,17.48,18.37,17.37,1825500.0
20260403,603275,众辰科技,44.5,44.59,44.86,43.65,1123900.0
20260403,603276,恒兴新材,16.41,16.0,16.5,16.0,1643900.0
20260403,603277,银都股份,14.25,14.0,14.28,13.99,1397500.0
20260403,603278,大业股份,10.82,10.49,10.85,10.44,4340200.0
20260403,603279,景津装备,17.03,16.65,17.03,16.21,9160800.0
20260403,603280,南方路机,34.98,33.39,35.28,33.34,1915000.0
20260403,603281,江瀚新材,32.7,32.91,33.36,32.29,2610000.0
20260403,603282,亚光股份,20.76,19.89,20.86,19.8,1592000.0
20260403,603283,赛腾股份,42.07,41.53,42.36,41.51,4221100.0
20260403,603284,林平发展,49.56,50.88,50.93,49.5,4919500.0
20260403,603285,键邦股份,30.7,30.35,31.09,29.92,1588900.0
20260403,603286,日盈电子,59.52,58.18,60.8,58.0,2986100.0
20260403,603288,海天味业,42.09,41.69,42.14,41.5,18489700.0
20260403,603289,泰瑞机器,11.27,10.9,11.36,10.87,5965100.0
20260403,603290,斯达半导,97.6,97.37,98.28,96.08,3274300.0
20260403,603291,联合水务,11.92,11.5,11.92,11.19,5234800.0
20260403,603296,华勤技术,90.08,90.9,92.92,88.97,14727800.0
20260403,603297,永新光学,101.17,104.99,107.26,100.82,1654100.0
20260403,603298,杭叉集团,24.76,24.82,24.97,24.66,2436000.0
20260403,603299,苏盐井神,11.4,11.16,11.52,11.14,4854800.0
20260403,603300,海南华铁,6.66,6.5,6.68,6.44,40726300.0
20260403,603301,振德医疗,99.2,91.7,100.46,91.18,4487300.0
20260403,603303,得邦照明,14.76,14.5,14.76,14.45,1406000.0
20260403,603305,旭升集团,14.65,14.23,14.69,14.22,16383300.0
20260403,603306,华懋科技,84.48,83.31,86.28,83.2,11421200.0
20260403,603307,扬州金泉,37.85,36.94,38.11,36.62,548700.0
20260403,603308,应流股份,63.62,63.3,65.75,62.5,14073500.0
20260403,603309,维力医疗,14.71,14.41,15.01,14.4,5970200.0
20260403,603310,巍华新材,16.2,16.06,16.3,15.98,1212900.0
20260403,603311,金海高科,16.75,15.76,16.75,15.71,4602800.0
20260403,603312,西典新能,38.5,37.05,38.58,36.6,1660600.0
20260403,603313,梦百合,8.03,7.82,8.07,7.78,4386400.0
20260403,603315,福鞍股份,13.67,13.27,13.77,13.2,4597300.0
20260403,603316,诚邦股份,13.68,13.36,13.69,13.26,8816600.0
20260403,603317,天味食品,12.85,12.6,12.91,12.55,5420500.0
20260403,603318,水发燃气,7.93,7.4,7.95,7.38,30759000.0
20260403,603319,美湖股份,31.55,30.75,31.55,30.66,4656900.0
20260403,603320,迪贝电气,19.87,19.49,20.06,19.4,1674400.0
20260403,603321,梅轮电梯,7.26,7.0,7.26,6.95,4497100.0
20260403,603322,超讯科技,30.42,30.03,30.75,29.93,3296200.0
20260403,603323,苏农银行,4.91,4.83,4.91,4.81,23154100.0
20260403,603324,盛剑科技,24.94,24.3,25.29,24.01,2609100.0
20260403,603325,博隆技术,72.0,71.92,72.53,71.1,444300.0
20260403,603326,我乐家居,8.52,8.25,8.59,8.25,4835600.0
20260403,603327,福蓉科技,9.06,8.88,9.08,8.86,6127800.0
20260403,603328,依顿电子,11.29,11.12,11.4,11.09,19055500.0
20260403,603329,上海雅仕,10.43,10.0,10.44,9.96,2418100.0
20260403,603330,天洋新材,6.71,6.47,6.76,6.44,5639700.0
20260403,603331,百达精工,14.95,14.63,14.97,14.56,3916000.0
20260403,603332,苏州龙杰,12.5,12.07,12.51,12.03,3909900.0
20260403,603333,福华尚纬,8.16,7.59,8.17,7.5,21351300.0
20260403,603334,丰倍生物,50.06,49.04,50.19,48.6,1114500.0
20260403,603335,迪生力,6.13,5.61,6.15,5.6,13414500.0
20260403,603336,宏辉果蔬,8.95,8.76,9.01,8.73,4691300.0
20260403,603337,杰克科技,38.65,38.01,39.21,37.89,1686200.0
20260403,603338,浙江鼎力,48.58,47.84,48.9,47.84,1666800.0
20260403,603339,四方科技,12.99,12.79,13.01,12.75,1777600.0
20260403,603341,龙旗科技,37.4,36.38,37.58,36.36,4847900.0
20260403,603344,星德胜,27.09,26.4,27.16,26.37,878900.0
20260403,603345,安井食品,97.15,96.61,97.15,95.5,2822300.0
20260403,603348,文灿股份,19.81,19.52,19.82,19.52,1568400.0
20260403,603350,安乃达,34.65,34.33,35.2,34.3,508200.0
20260403,603351,威尔药业,26.49,25.48,26.69,25.38,1332500.0
20260403,603352,至信股份,37.29,36.26,37.29,36.09,1886500.0
20260403,603353,和顺石油,36.5,36.79,37.46,34.9,14090000.0
20260403,603355,莱克电气,28.57,27.85,28.68,27.83,1265900.0
20260403,603356,华菱精工,16.78,16.75,16.95,16.19,5000200.0
20260403,603357,设计总院,8.11,7.85,8.11,7.82,4134800.0
20260403,603358,华达科技,36.0,35.41,36.61,33.56,24122900.0
20260403,603360,百傲化学,26.89,26.34,26.98,26.11,6640600.0
20260403,603363,傲农生物,3.95,3.84,3.98,3.82,47244800.0
20260403,603365,水星家纺,20.98,20.91,21.55,20.89,2079600.0
20260403,603366,日出东方,8.98,8.3,9.01,8.24,42279800.0
20260403,603367,辰欣药业,16.88,16.36,17.09,16.34,19931200.0
20260403,603368,柳药集团,17.2,16.96,17.2,16.63,3318800.0
20260403,603369,今世缘,27.4,26.14,27.44,25.95,14382300.0
20260403,603370,华新精科,42.99,41.8,43.29,41.72,660500.0
20260403,603373,安邦护卫,42.79,41.18,42.79,40.56,2108200.0
20260403,603375,盛景微,37.26,36.86,37.5,36.29,1143100.0
20260403,603376,大明电子,33.24,32.21,33.32,32.13,1253000.0
20260403,603379,三美股份,62.0,61.78,62.99,61.33,4482400.0
20260403,603380,易德龙,33.23,32.96,33.5,32.87,607500.0
20260403,603381,永臻股份,22.97,21.88,22.99,21.7,6128400.0
20260403,603382,海阳科技,27.05,26.02,27.05,25.93,827700.0
20260403,603383,顶点软件,28.38,27.9,28.45,27.76,2030300.0
20260403,603385,惠达卫浴,6.6,6.28,6.62,6.26,4155900.0
20260403,603386,骏亚科技,13.1,12.94,13.27,12.9,4779000.0
20260403,603387,基蛋生物,10.4,10.11,10.79,10.11,47578300.0
20260403,603389,亚振家居,42.69,41.68,42.69,41.5,695200.0
20260403,603390,通达电气,11.71,11.83,12.02,11.67,4825900.0
20260403,603391,力聚热能,67.74,67.8,68.49,66.81,703000.0
20260403,603392,万泰生物,39.88,38.59,39.88,38.55,2652500.0
20260403,603393,新天然气,35.28,33.83,35.46,33.31,15403100.0
20260403,603395,红四方,29.08,27.79,29.18,27.77,3353900.0
20260403,603396,金辰股份,34.0,32.72,34.4,32.58,5073100.0
20260403,603399,永杉锂业,11.37,10.9,11.57,10.74,27748100.0
20260403,603400,华之杰,66.9,64.78,66.9,64.67,517300.0
20260403,603402,陕西旅游,135.7,135.2,139.87,133.93,1170500.0
20260403,603406,天富龙,34.31,33.22,34.49,33.22,1280200.0
20260403,603408,建霖家居,11.84,11.55,11.9,11.51,1688900.0
20260403,603409,汇通控股,38.6,37.96,39.0,37.66,1360800.0
20260403,603416,信捷电气,48.1,47.83,48.45,47.74,776800.0
20260403,603418,友升股份,49.8,49.1,49.81,49.03,579700.0
20260403,603421,鼎信通讯,8.8,8.1,8.95,8.09,42081400.0
20260403,603439,三力制药,11.26,11.06,11.34,11.04,2111300.0
20260403,603444,吉比特,365.0,359.19,366.62,358.28,956100.0
20260403,603456,九洲药业,17.35,17.05,17.49,17.03,16555700.0
20260403,603458,勘设股份,10.34,10.06,10.44,10.03,11547500.0
20260403,603466,风语筑,9.19,8.99,9.25,8.95,11933100.0
20260403,603477,巨星农牧,17.03,16.57,17.08,16.35,26125500.0
20260403,603486,科沃斯,60.56,59.89,61.0,59.67,2093300.0
20260403,603488,展鹏科技,10.18,9.97,10.2,9.84,4406300.0
20260403,603489,八方股份,32.13,30.33,32.34,30.3,4433400.0
20260403,603496,恒为科技,27.4,27.86,28.36,26.98,16309000.0
20260403,603499,翔港科技,21.5,20.7,21.75,20.5,3976100.0
20260403,603500,祥和实业,11.05,10.77,11.07,10.77,3901300.0
20260403,603501,豪威集团,92.13,90.15,92.18,89.61,14073500.0
20260403,603505,金石资源,17.71,17.38,17.78,17.3,5618400.0
20260403,603506,南都物业,12.07,11.72,12.17,11.66,2390900.0
20260403,603507,振江股份,40.79,40.59,41.15,39.65,10167900.0
20260403,603508,思维列控,25.82,25.53,25.93,25.49,1742500.0
20260403,603511,爱慕股份,13.8,13.68,13.88,13.57,1017900.0
20260403,603515,欧普照明,19.37,19.62,19.76,19.33,2254800.0
20260403,603516,淳中科技,135.0,129.86,135.0,127.96,5109400.0
20260403,603518,锦泓集团,8.94,8.67,8.94,8.64,4156000.0
20260403,603519,立霸股份,13.59,13.19,13.63,13.16,2684000.0
20260403,603520,司太立,10.78,10.53,10.85,10.5,26375200.0
20260403,603527,众源新材,10.91,10.13,10.93,10.11,13512000.0
20260403,603528,多伦科技,8.13,7.93,8.16,7.93,6253900.0
20260403,603529,爱玛科技,31.59,30.15,31.8,30.12,18147100.0
20260403,603530,神马电力,55.24,55.11,55.83,54.37,2342100.0
20260403,603533,掌阅科技,25.2,23.89,25.2,23.86,13581400.0
20260403,603535,嘉诚国际,8.4,8.22,8.4,8.2,2306500.0
20260403,603536,惠发食品,9.97,9.52,10.02,9.47,5288100.0
20260403,603538,美诺华,40.2,40.0,44.43,40.0,89679700.0
20260403,603551,奥普科技,12.38,12.17,12.57,12.06,2538600.0
20260403,603556,海兴电力,33.33,32.8,33.42,32.79,1993600.0
20260403,603558,健盛集团,13.81,13.07,13.85,13.04,10590600.0
20260403,603559,中通国脉,7.2,7.09,7.32,7.09,3191000.0
20260403,603565,中谷物流,11.53,11.41,11.72,11.38,14018900.0
20260403,603566,普莱柯,12.67,12.32,12.74,12.3,3504500.0
20260403,603567,珍宝岛,7.09,6.68,7.1,6.65,21739900.0
20260403,603568,伟明环保,24.89,24.78,25.12,24.69,2810500.0
20260403,603569,长久物流,6.85,6.63,6.85,6.62,3118200.0
20260403,603577,汇金通,10.45,10.12,10.54,10.11,6708700.0
20260403,603578,三星新材,12.44,12.1,12.65,11.99,3395700.0
20260403,603579,荣泰健康,20.1,19.75,20.1,19.67,1980700.0
20260403,603580,艾艾精工,16.99,16.93,17.26,16.35,1649100.0
20260403,603583,捷昌驱动,33.17,32.38,33.28,32.35,2704500.0
20260403,603585,苏利股份,23.0,24.51,24.51,22.67,12895000.0
20260403,603586,金麒麟,18.28,17.85,18.31,17.83,1762500.0
20260403,603587,地素时尚,12.1,11.97,12.31,11.89,2379800.0
20260403,603588,高能环境,15.5,15.51,15.75,15.1,95237400.0
20260403,603589,口子窖,25.12,24.49,25.2,24.46,3212500.0
20260403,603590,康辰药业,38.98,37.74,38.98,37.4,2517200.0
20260403,603596,伯特利,44.3,43.53,45.08,43.5,7150200.0
20260403,603598,引力传媒,19.42,18.8,19.48,18.68,7397400.0
20260403,603599,广信股份,14.48,14.45,14.68,14.18,11327600.0
20260403,603600,永艺股份,10.14,10.07,10.26,10.02,3013500.0
20260403,603601,再升科技,14.43,14.0,14.97,13.61,296324200.0
20260403,603602,纵横通信,12.95,12.5,12.98,12.46,2497900.0
20260403,603605,珀莱雅,61.1,59.83,61.3,59.65,2394900.0
20260403,603606,东方电缆,60.72,58.19,60.8,58.07,9578300.0
20260403,603607,京华激光,21.53,21.12,21.64,21.11,2654000.0
20260403,603608,天创时尚,9.69,9.29,9.69,9.23,8506100.0
20260403,603609,禾丰股份,6.97,6.71,6.97,6.7,3190300.0
20260403,603610,麒盛科技,15.5,14.96,15.5,14.81,4249900.0
20260403,603611,诺力股份,20.06,19.57,20.11,19.55,2978200.0
20260403,603612,索通发展,25.01,24.13,25.15,24.12,16718100.0
20260403,603613,国联股份,24.97,24.31,25.0,24.27,5284800.0
20260403,603615,茶花股份,18.1,17.32,18.26,16.92,6436500.0
20260403,603616,韩建河山,6.25,5.94,6.28,5.93,18561100.0
20260403,603617,君禾股份,7.16,6.96,7.25,6.91,5275400.0
20260403,603618,杭电股份,28.69,27.65,30.1,27.36,101472800.0
20260403,603619,中曼石油,35.46,35.86,36.11,34.66,33107600.0
20260403,603626,科森科技,22.92,22.84,23.43,22.31,25755100.0
20260403,603628,清源股份,14.11,13.28,14.16,13.2,21675800.0
20260403,603629,利通电子,61.51,59.42,62.43,58.45,19856600.0
20260403,603630,拉芳家化,15.96,15.57,16.18,15.5,2396200.0
20260403,603633,徕木股份,7.52,7.25,7.52,7.23,5803200.0
20260403,603636,南威软件,9.07,8.8,9.09,8.71,7346600.0
20260403,603637,镇海股份,11.93,11.57,11.93,11.5,4380000.0
20260403,603638,艾迪精密,19.56,19.21,19.69,19.19,2775200.0
20260403,603639,海利尔,13.25,12.98,13.38,12.89,3136000.0
20260403,603648,畅联股份,10.06,9.7,10.06,9.64,2294100.0
20260403,603650,彤程新材,49.2,48.85,49.56,48.77,5387300.0
20260403,603655,朗博科技,36.8,36.5,37.15,35.51,1949100.0
20260403,603656,泰禾智能,20.62,20.31,20.95,20.2,1851400.0
20260403,603657,春光科技,28.87,27.2,28.98,27.1,3209400.0
20260403,603658,安图生物,34.28,33.98,34.45,33.73,1941700.0
20260403,603659,璞泰来,30.96,29.89,31.36,29.56,65797400.0
20260403,603660,苏州科达,9.32,8.93,9.34,8.84,15398300.0
20260403,603661,恒林股份,30.88,31.77,32.84,30.76,1890000.0
20260403,603662,柯力传感,54.25,53.26,54.78,53.1,1766900.0
20260403,603663,三祥新材,40.8,40.26,41.26,40.06,5412400.0
20260403,603665,康隆达,30.4,29.0,30.59,28.97,2136400.0
20260403,603666,亿嘉和,26.1,24.92,26.19,24.89,2200600.0
20260403,603667,五洲新春,67.21,66.28,67.69,66.2,11546500.0
20260403,603668,天马科技,13.48,13.37,13.61,13.16,14501400.0
20260403,603669,灵康药业,4.85,4.93,5.12,4.76,46639400.0
20260403,603676,卫信康,10.87,10.68,11.0,10.66,1919100.0
20260403,603677,奇精机械,15.28,14.77,15.37,14.71,1338300.0
20260403,603678,火炬电子,31.8,31.9,31.99,30.99,7738400.0
20260403,603679,华体科技,13.9,12.77,14.0,12.75,13230500.0
20260403,603680,今创集团,12.71,12.6,12.96,12.57,2258600.0
20260403,603681,永冠新材,17.0,16.82,17.14,16.68,4796600.0
20260403,603682,锦和商管,6.39,6.11,6.39,6.08,7939800.0
20260403,603683,晶华新材,26.5,26.6,26.85,26.01,10326300.0
20260403,603685,晨丰科技,32.13,31.17,32.8,31.12,3707800.0
20260403,603686,福龙马,18.3,17.89,18.35,17.85,9512700.0
20260403,603687,大胜达,16.17,14.89,16.39,14.68,82949100.0
20260403,603688,石英股份,42.62,42.22,43.11,42.21,14096500.0
20260403,603689,皖天然气,8.29,8.09,8.31,8.05,5938400.0
20260403,603690,至纯科技,23.77,23.41,23.79,23.41,4923100.0
20260403,603693,江苏新能,14.18,13.53,14.19,13.41,18201000.0
20260403,603696,安记食品,16.21,15.46,16.21,15.43,8278600.0
20260403,603697,有友食品,10.12,9.85,10.12,9.82,3258100.0
20260403,603698,航天工程,30.01,29.1,30.44,28.88,10574900.0
20260403,603699,纽威股份,52.65,50.51,52.8,50.39,4006700.0
20260403,603700,宁水集团,13.36,13.02,13.43,12.89,2495600.0
20260403,603701,德宏股份,23.72,22.39,23.78,22.38,6235500.0
20260403,603703,盛洋科技,12.95,12.12,12.95,12.08,10108500.0
20260403,603706,东方环宇,19.58,18.92,19.73,18.8,1064400.0
20260403,603707,健友股份,9.86,9.67,9.89,9.65,12082400.0
20260403,603708,家家悦,11.58,11.42,11.74,11.38,4396800.0
20260403,603709,中源家居,16.69,16.01,16.73,15.98,1877300.0
20260403,603711,香飘飘,12.48,12.16,12.5,12.15,1195500.0
20260403,603712,七一二,15.8,15.51,15.96,15.36,7132300.0
20260403,603713,密尔克卫,59.02,58.77,59.18,57.7,749200.0
20260403,603716,塞力医疗,24.1,23.57,25.66,23.41,35647400.0
20260403,603717,天域生物,6.7,6.44,6.73,6.32,8003700.0
20260403,603719,良品铺子,10.17,9.87,10.17,9.87,2198800.0
20260403,603721,中广天择,19.43,19.04,19.44,19.03,536700.0
20260403,603722,阿科力,33.0,31.96,33.0,31.9,806000.0
20260403,603725,天安新材,8.63,8.46,8.77,8.41,3625000.0
20260403,603726,朗迪集团,22.19,21.69,22.19,21.6,1740400.0
20260403,603727,博迈科,20.9,20.19,20.98,19.82,15308100.0
20260403,603728,鸣志电器,56.52,55.62,56.75,55.6,2416100.0
20260403,603730,岱美股份,9.2,8.94,9.21,8.83,14720200.0
20260403,603733,仙鹤股份,21.94,22.05,22.19,21.81,2404600.0
20260403,603737,三棵树,51.13,49.88,51.4,49.51,1816300.0
20260403,603738,泰晶科技,25.43,25.23,26.3,24.42,45131700.0
20260403,603739,蔚蓝生物,15.05,14.37,15.05,14.35,4905700.0
20260403,603755,日辰股份,28.09,27.37,28.09,27.36,1042700.0
20260403,603757,大元泵业,41.2,43.19,45.38,41.15,21649400.0
20260403,603758,秦安股份,12.34,12.11,12.58,12.08,2506600.0
20260403,603759,海天股份,9.44,9.23,9.48,9.17,5562100.0
20260403,603766,隆鑫通用,13.98,14.29,14.79,13.9,42402300.0
20260403,603767,中马传动,18.6,18.12,18.66,18.12,2291400.0
20260403,603768,常青股份,10.96,10.58,10.99,10.5,2345100.0
20260403,603773,沃格光电,33.0,34.07,34.22,32.6,6637600.0
20260403,603776,永安行,18.37,17.92,18.38,17.9,1333800.0
20260403,603777,来伊份,13.06,12.78,13.08,12.68,5827200.0
20260403,603778,国晟科技,29.15,28.68,30.97,27.06,143420400.0
20260403,603779,威龙股份,6.15,5.79,6.15,5.75,10122800.0
20260403,603786,科博达,54.21,53.38,54.49,53.2,2131900.0
20260403,603787,新日股份,15.88,14.52,16.19,14.5,20690100.0
20260403,603788,宁波高发,15.04,14.65,15.05,14.63,1160100.0
20260403,603790,雅运股份,20.7,20.49,21.34,20.41,2132500.0
20260403,603797,联泰环保,4.65,4.43,4.67,4.41,8543500.0
20260403,603798,康普顿,15.0,14.89,15.46,14.63,13656900.0
20260403,603799,华友钴业,58.99,57.42,59.49,57.3,38243900.0
20260403,603800,洪田股份,39.28,37.98,39.33,37.77,2802000.0
20260403,603801,志邦家居,9.17,8.99,9.22,8.95,2150900.0
20260403,603803,瑞斯康达,13.57,13.21,14.18,13.0,78011000.0
20260403,603806,福斯特,17.52,16.85,17.61,16.75,37374700.0
20260403,603808,歌力思,10.51,10.03,10.55,9.88,9676700.0
20260403,603809,豪能股份,10.56,10.32,10.58,10.3,6158200.0
20260403,603810,丰山集团,15.48,15.04,15.75,14.91,2198700.0
20260403,603811,诚意药业,12.16,11.88,12.23,11.83,8453900.0
20260403,603813,原尚股份,21.72,21.72,21.72,21.72,89300.0
20260403,603815,交建股份,5.89,5.66,5.91,5.63,10653700.0
20260403,603816,顾家家居,33.62,33.62,34.05,33.5,2269200.0
20260403,603817,海峡环保,7.07,6.74,7.12,6.73,25188900.0
20260403,603818,曲美家居,3.5,3.31,3.51,3.31,14397300.0
20260403,603819,神力股份,13.63,13.16,13.9,13.11,10449000.0
20260403,603823,百合花,15.09,14.84,15.19,14.7,2664600.0
20260403,603826,坤彩科技,27.35,26.29,27.51,26.07,11804700.0
20260403,603829,洛凯股份,28.5,28.45,28.5,27.57,4363500.0
20260403,603833,欧派家居,55.5,54.73,56.08,53.9,1701800.0
20260403,603836,海程邦达,12.83,12.41,12.88,12.35,2018000.0
20260403,603839,安正时尚,7.48,7.16,7.48,7.14,3073400.0
20260403,603848,好太太,15.15,14.85,15.31,14.8,1237400.0
20260403,603855,华荣股份,19.09,18.81,19.25,18.78,1511100.0
20260403,603856,东宏股份,12.67,12.4,12.79,12.33,2717600.0
20260403,603858,步长制药,16.72,16.43,16.79,16.41,4303800.0
20260403,603859,能科科技,36.3,35.55,36.5,35.42,2413300.0
20260403,603860,中公高科,31.6,29.79,31.7,29.69,1729700.0
20260403,603861,白云电器,16.0,15.92,16.46,15.67,13163900.0
20260403,603863,松炀资源,17.5,17.79,18.01,17.25,18865000.0
20260403,603866,桃李面包,5.01,4.94,5.02,4.92,8165300.0
20260403,603867,新化股份,29.37,28.64,29.48,28.27,4516100.0
20260403,603868,飞科电器,32.68,32.27,32.72,31.84,1378500.0
20260403,603871,嘉友国际,13.48,12.96,13.5,12.93,10549200.0
20260403,603876,鼎胜新材,22.24,22.01,22.31,21.25,25984700.0
20260403,603877,太平鸟,14.0,13.7,14.14,13.66,1322200.0
20260403,603878,武进不锈,7.43,7.17,7.47,7.16,10232400.0
20260403,603879,永悦科技,5.53,5.18,5.57,5.17,9775200.0
20260403,603880,南卫股份,6.72,6.44,6.79,6.34,9080500.0
20260403,603881,数据港,37.0,36.65,37.8,35.87,48126300.0
20260403,603882,金域医学,26.61,26.03,26.71,26.03,3536000.0
20260403,603883,老百姓,13.81,13.55,13.9,13.55,11609100.0
20260403,603885,吉祥航空,12.22,12.08,12.25,11.97,9293500.0
20260403,603886,元祖股份,12.98,12.88,13.02,12.57,5449900.0
20260403,603887,城地香江,15.5,15.48,15.79,15.15,18237300.0
20260403,603888,新华网,19.72,19.29,19.8,19.24,5574600.0
20260403,603889,新澳股份,7.57,7.48,7.62,7.43,4108900.0
20260403,603890,春秋电子,13.79,13.78,14.14,13.67,7580700.0
20260403,603893,瑞芯微,149.8,149.14,151.0,148.41,2752800.0
20260403,603895,天永智能,25.66,24.97,25.85,24.8,1195700.0
20260403,603896,寿仙谷,19.18,18.6,19.18,18.59,1456400.0
20260403,603897,长城科技,31.78,33.85,34.1,31.5,16692300.0
20260403,603898,好莱客,13.56,13.01,13.56,13.0,4072500.0
20260403,603899,晨光股份,25.95,25.64,25.95,25.46,2641400.0
20260403,603900,莱绅通灵,7.54,7.26,7.57,7.22,5347700.0
20260403,603901,永创智能,11.56,11.63,11.69,11.46,5127000.0
20260403,603903,中持股份,11.45,11.15,11.69,11.0,4326700.0
20260403,603906,龙蟠科技,22.55,21.58,23.48,21.52,34997700.0
20260403,603908,牧高笛,22.62,21.72,22.8,21.61,1729500.0
20260403,603909,建发合诚,11.12,10.67,11.12,10.53,4632600.0
20260403,603912,佳力图,9.52,9.53,9.81,9.28,44587000.0
20260403,603915,国茂股份,15.23,14.64,15.28,14.61,4845800.0
20260403,603916,苏博特,10.58,10.3,10.58,10.22,4509700.0
20260403,603917,合力科技,12.91,12.54,12.99,12.53,2820500.0
20260403,603918,金桥信息,13.43,13.1,13.46,13.04,5350500.0
20260403,603919,金徽酒,18.15,17.76,18.28,17.65,5382600.0
20260403,603920,世运电路,49.4,49.04,50.1,49.01,14824800.0
20260403,603926,铁流股份,17.96,17.9,18.23,17.83,3321300.0
20260403,603927,中科软,16.34,16.1,16.46,16.08,4706200.0
20260403,603928,兴业股份,14.23,14.18,14.3,14.06,1996600.0
20260403,603929,亚翔集成,178.7,177.3,181.52,174.7,2865200.0
20260403,603931,格林达,26.42,26.39,26.82,26.22,1432100.0
20260403,603936,博敏电子,12.75,12.61,12.92,12.47,25954400.0
20260403,603937,丽岛新材,14.7,14.44,14.85,14.2,12821600.0
20260403,603938,三孚股份,24.99,25.89,26.49,24.66,27936700.0
20260403,603939,益丰药房,23.86,23.41,23.94,23.35,5137500.0
20260403,603948,建业股份,26.23,25.63,26.64,25.58,926600.0
20260403,603949,雪龙集团,17.83,17.31,17.93,17.22,8452100.0
20260403,603955,大千生态,24.6,23.84,24.7,23.78,1042300.0
20260403,603956,威派格,5.66,5.53,5.7,5.5,6581400.0
20260403,603958,哈森股份,19.85,19.15,20.01,18.8,7316300.0
20260403,603960,克来机电,20.3,20.74,20.96,20.24,8485900.0
20260403,603966,法兰泰克,12.4,13.68,13.68,12.4,42974900.0
20260403,603967,中创物流,13.48,12.86,13.48,12.84,4050600.0
20260403,603968,醋化股份,13.45,12.9,13.53,12.28,12315600.0
20260403,603969,银龙股份,8.92,8.65,8.97,8.48,14139400.0
20260403,603970,中农立华,12.79,12.24,12.8,12.2,2318600.0
20260403,603976,正川股份,20.31,19.85,20.77,19.75,1409900.0
20260403,603977,国泰集团,15.78,15.07,15.88,14.7,26849100.0
20260403,603978,深圳新星,24.65,23.47,24.76,23.32,7236900.0
20260403,603979,金诚信,58.56,57.81,58.83,57.56,5333200.0
20260403,603980,吉华集团,6.43,6.14,6.44,6.09,21357000.0
20260403,603982,泉峰汽车,7.71,7.41,7.76,7.41,6167600.0
20260403,603983,丸美生物,25.38,24.36,25.38,24.3,2353300.0
20260403,603985,恒润股份,20.08,20.2,20.64,19.82,46988600.0
20260403,603986,兆易创新,250.99,249.1,254.6,247.5,19747200.0
20260403,603987,康德莱,8.85,8.71,8.92,8.66,5584200.0
20260403,603988,中电电机,24.5,24.56,25.35,23.74,6609000.0
20260403,603989,艾华集团,16.88,16.82,17.2,16.69,3599700.0
20260403,603990,麦迪科技,15.35,15.08,15.42,14.87,11943000.0
20260403,603991,领先股份,101.3,99.9,102.99,99.4,1167700.0
20260403,603992,松霖科技,35.57,35.1,37.68,34.08,10272800.0
20260403,603993,洛阳钼业,17.71,17.52,17.8,17.44,133052200.0
20260403,603995,甬金股份,17.56,17.2,17.57,17.11,1716800.0
20260403,603997,继峰股份,12.3,11.99,12.34,11.79,11442100.0
20260403,603998,方盛制药,11.2,10.85,11.33,10.83,9183900.0
20260403,603999,读者传媒,6.85,6.52,6.85,6.49,9164700.0
20260403,605001,威奥股份,7.45,7.11,7.5,7.09,6646900.0
20260403,605003,众望布艺,28.99,27.61,29.03,27.48,1255500.0
20260403,605005,合兴股份,20.39,19.45,20.4,19.4,4128300.0
20260403,605006,山东玻纤,9.48,9.18,9.49,8.88,35446300.0
20260403,605007,五洲特纸,13.58,13.38,13.8,13.34,3449900.0
20260403,605008,长鸿高科,12.32,11.96,12.36,11.95,1691500.0
20260403,605009,豪悦护理,28.24,27.84,28.4,27.76,883200.0
20260403,605011,杭州热电,20.2,19.2,20.28,19.2,7322300.0
20260403,605016,百龙创园,25.02,24.58,25.11,24.5,2152400.0
20260403,605018,长华集团,10.86,10.9,10.99,10.72,4996800.0
20260403,605020,永和股份,24.49,23.37,24.49,23.27,12240700.0
20260403,605028,世茂能源,27.16,26.83,27.68,26.19,2440600.0
20260403,605033,美邦股份,23.0,22.38,23.18,22.32,2462100.0
20260403,605050,福然德,13.82,12.72,13.84,12.66,18226400.0
20260403,605055,迎丰股份,10.6,10.25,10.6,10.03,11450700.0
20260403,605056,咸亨国际,25.0,26.1,26.58,24.88,15630000.0
20260403,605058,澳弘电子,33.39,31.87,33.39,31.86,3065700.0
20260403,605060,联德股份,49.12,48.88,49.99,48.5,4962600.0
20260403,605066,天正电气,7.97,7.71,8.03,7.68,8884600.0
20260403,605068,明新旭腾,26.28,25.66,26.5,25.52,1554200.0
20260403,605069,正和生态,11.66,11.08,11.66,10.95,2342900.0
20260403,605077,华康股份,15.08,14.9,15.15,14.77,1902700.0
20260403,605080,浙江自然,22.8,22.12,22.97,22.11,635600.0
20260403,605086,龙高股份,35.0,34.02,35.0,33.8,759900.0
20260403,605088,冠盛股份,33.42,32.75,33.65,32.7,2303200.0
20260403,605089,味知香,24.37,24.49,24.68,23.97,1645500.0
20260403,605090,九丰能源,38.23,38.13,38.88,37.6,9236100.0
20260403,605098,行动教育,53.8,55.05,55.11,53.41,1291000.0
20260403,605099,共创草坪,39.94,37.41,40.0,37.28,5310500.0
20260403,605100,华丰股份,41.86,41.15,42.15,40.9,1576100.0
20260403,605108,同庆楼,16.61,16.19,16.62,16.17,1275900.0
20260403,605111,新洁能,37.37,36.52,37.5,36.4,5902200.0
20260403,605116,奥锐特,29.28,28.53,30.06,28.0,14578200.0
20260403,605117,德业股份,124.32,121.9,125.0,119.88,13047700.0
20260403,605118,力鼎光电,41.42,41.39,42.99,40.0,2831700.0
20260403,605122,四方新材,12.95,12.23,13.19,12.13,3651300.0
20260403,605123,派克新材,95.65,93.35,95.76,92.52,1794900.0
20260403,605128,上海沿浦,32.26,31.65,32.26,31.38,1307100.0
20260403,605133,嵘泰股份,26.0,28.49,28.49,25.89,12672400.0
20260403,605136,丽人丽妆,9.99,9.66,10.03,9.66,5283800.0
20260403,605138,盛泰集团,6.95,6.47,6.95,6.46,2952700.0
20260403,605151,西上海,18.18,17.66,18.42,17.57,1540200.0
20260403,605155,西大门,15.6,15.05,15.68,15.0,2345600.0
20260403,605158,华达新材,7.5,7.28,7.51,7.23,2392100.0
20260403,605162,新中港,14.48,12.79,15.46,12.72,65207500.0
20260403,605166,聚合顺,10.01,9.78,10.05,9.75,3188000.0
20260403,605167,利柏特,17.05,16.32,17.28,16.29,4766300.0
20260403,605168,三人行,36.75,34.81,36.75,34.4,3484500.0
20260403,605169,洪通燃气,12.19,11.45,12.2,11.42,5182200.0
20260403,605177,东亚药业,20.92,20.4,21.08,20.27,1886200.0
20260403,605178,时空科技,68.02,66.11,68.02,65.0,1866200.0
20260403,605179,一鸣食品,17.1,16.69,17.2,16.67,1602000.0
20260403,605180,华生科技,14.62,14.04,14.68,14.01,1655600.0
20260403,605183,确成股份,18.6,18.35,18.83,18.24,1518000.0
20260403,605186,健麾信息,19.39,18.52,19.48,18.5,2157900.0
20260403,605188,国光连锁,16.7,16.4,16.79,16.39,2204200.0
20260403,605189,富春染织,14.56,14.0,14.56,13.98,2857000.0
20260403,605196,华通线缆,49.01,46.43,49.55,46.3,8795100.0
20260403,605198,安德利,37.44,37.27,37.95,37.05,1108700.0
20260403,605208,永茂泰,13.08,12.91,13.28,12.9,4433600.0
20260403,605218,伟时电子,16.81,16.62,16.94,16.44,1417600.0
20260403,605222,起帆电缆,22.81,22.37,23.08,22.22,7882800.0
20260403,605228,神通科技,14.02,13.38,14.08,13.36,10257000.0
20260403,605255,天普股份,93.55,92.01,94.43,92.0,1360800.0
20260403,605258,协和电子,34.38,33.25,34.58,33.2,2623300.0
20260403,605259,绿田机械,21.21,20.62,21.22,20.52,1469000.0
20260403,605266,健之佳,19.31,18.87,19.42,18.86,1244800.0
20260403,605268,王力安防,12.2,11.91,12.24,11.78,5346600.0
20260403,605277,新亚电子,22.44,22.22,22.79,22.18,4035200.0
20260403,605286,同力天启,43.96,45.16,45.8,42.5,4878500.0
20260403,605287,德才股份,41.38,39.23,41.59,38.93,8462500.0
20260403,605288,凯迪股份,87.7,86.47,87.78,85.0,489400.0
20260403,605289,罗曼股份,106.38,102.69,107.98,99.5,7778200.0
20260403,605296,神农集团,28.3,27.28,28.3,27.21,3886400.0
20260403,605298,必得科技,45.93,46.5,47.2,45.6,1235700.0
20260403,605299,舒华体育,22.25,20.96,23.6,20.66,52394700.0
20260403,605300,佳禾食品,10.78,10.43,10.8,10.41,1558500.0
20260403,605303,园林股份,16.17,17.77,17.77,15.95,9415300.0
20260403,605305,中际联合,40.05,38.9,40.28,38.8,4585600.0
20260403,605318,法狮龙,74.82,76.28,77.0,73.15,2609900.0
20260403,605319,无锡振华,25.3,26.12,26.46,25.3,9308800.0
20260403,605333,沪光股份,25.47,25.23,25.54,25.01,1876400.0
20260403,605337,李子园,10.81,10.61,10.85,10.58,2272600.0
20260403,605338,巴比食品,26.28,26.17,26.5,25.68,1681100.0
20260403,605339,南侨食品,16.28,15.8,16.46,15.74,893800.0
20260403,605358,立昂微,32.58,32.44,32.84,32.28,8219100.0
20260403,605365,立达信,20.15,20.29,20.64,20.02,7098200.0
20260403,605366,宏柏新材,11.07,10.63,11.07,10.56,24518600.0
20260403,605368,蓝天燃气,8.31,8.11,8.32,8.08,7868100.0
20260403,605369,拱东医疗,17.92,17.49,17.95,17.49,868300.0
20260403,605376,博迁新材,95.8,99.9,101.0,93.5,9088000.0
20260403,605377,华旺科技,9.54,9.3,9.68,9.3,5196100.0
20260403,605378,野马电池,19.6,18.95,19.79,18.93,1727300.0
20260403,605388,均瑶健康,6.77,6.38,6.77,6.36,12456300.0
20260403,605389,长龄液压,71.36,69.59,72.49,68.88,668300.0
20260403,605398,新炬网络,27.42,26.45,27.42,26.34,2552900.0
20260403,605399,晨光新材,14.12,13.65,14.13,13.5,3436400.0
20260403,605488,福莱新材,32.32,32.29,32.75,31.9,3527700.0
20260403,605499,东鹏饮料,206.88,202.27,207.88,201.5,2638600.0
20260403,605500,森林包装,8.88,8.71,9.0,8.5,5097500.0
20260403,605507,国邦医药,25.36,25.45,25.74,25.25,2979800.0
20260403,605555,德昌股份,15.4,14.97,15.5,14.88,9212600.0
20260403,605566,福莱蒽特,28.79,28.85,29.85,28.29,2790400.0
20260403,605567,春雪食品,10.9,10.35,10.9,10.33,4201600.0
20260403,605577,龙版传媒,13.29,12.22,13.29,12.12,7305100.0
20260403,605580,恒盛能源,21.3,20.9,21.37,20.81,2133000.0
20260403,605588,冠石科技,50.96,50.5,51.39,50.3,856600.0
20260403,605589,圣泉集团,29.79,32.43,32.43,29.66,34256900.0
20260403,605598,上海港湾,46.0,45.06,46.5,44.6,2401900.0
20260403,605599,菜百股份,22.18,22.08,22.45,22.0,3532600.0
