日期,股票代码,股票名称,开盘价,收盘价,最高价,最低价,成交量(股)
20260615,000001,平安银行,11.21,11.06,11.21,10.98,154130500.0
20260615,000002,万  科Ａ,3.17,3.13,3.21,3.1,127420000.0
20260615,000006,深振业Ａ,7.85,7.88,8.06,7.76,20588800.0
20260615,000007,全新好,14.08,14.09,14.28,13.75,9560500.0
20260615,000008,神州高铁,2.44,2.56,2.6,2.44,41467500.0
20260615,000009,中国宝安,7.11,6.97,7.14,6.95,36703700.0
20260615,000011,深物业A,7.48,7.61,7.88,7.43,9337400.0
20260615,000012,南  玻Ａ,4.0,4.11,4.19,3.99,51028800.0
20260615,000014,沙河股份,10.31,10.29,10.56,10.18,4714100.0
20260615,000017,深中华A,5.16,5.19,5.34,5.13,7892000.0
20260615,000019,深粮控股,6.6,6.48,6.63,6.43,12278600.0
20260615,000020,深华发Ａ,11.73,11.95,12.12,11.7,3558300.0
20260615,000021,深科技,37.88,39.47,39.5,36.46,132792600.0
20260615,000025,特  力Ａ,15.36,15.59,15.78,15.23,11097000.0
20260615,000026,飞亚达,20.41,20.66,20.91,20.14,10688000.0
20260615,000027,深圳能源,7.18,7.29,7.31,7.12,42682500.0
20260615,000028,国药一致,22.61,22.81,22.85,22.61,2184400.0
20260615,000029,深深房Ａ,25.33,25.11,25.73,24.73,8205400.0
20260615,000030,富奥股份,4.37,4.38,4.46,4.36,14302900.0
20260615,000031,大悦城,2.51,2.44,2.55,2.42,43747100.0
20260615,000032,深桑达Ａ,19.2,20.81,20.81,18.75,100480900.0
20260615,000034,神州数码,22.51,24.06,24.07,22.51,40499300.0
20260615,000035,中国天楹,5.01,5.0,5.08,4.96,30860800.0
20260615,000036,华联控股,5.15,5.23,5.24,5.1,25906800.0
20260615,000037,深南电A,11.22,11.31,11.35,10.93,36035400.0
20260615,000039,中集集团,9.05,9.4,9.41,9.05,58451700.0
20260615,000042,中洲控股,9.02,9.35,9.44,9.02,6569800.0
20260615,000045,深纺织Ａ,10.79,10.9,10.94,10.65,4343800.0
20260615,000048,京基智农,19.53,17.37,20.45,17.1,48985600.0
20260615,000049,德赛电池,23.09,23.55,23.67,22.96,6924600.0
20260615,000050,深天马Ａ,7.52,7.95,7.99,7.52,62629100.0
20260615,000055,方大集团,3.78,3.82,3.85,3.73,24779900.0
20260615,000058,深 赛 格,6.88,6.89,7.07,6.85,6064300.0
20260615,000059,华锦股份,4.28,4.25,4.38,4.22,20587500.0
20260615,000060,中金岭南,7.8,7.92,7.94,7.69,324667100.0
20260615,000061,农 产 品,6.08,6.14,6.18,6.04,14830600.0
20260615,000062,深圳华强,29.15,31.12,31.26,29.01,58249600.0
20260615,000063,中兴通讯,36.51,37.22,37.5,35.7,173493200.0
20260615,000065,北方国际,12.06,12.42,12.63,11.97,39622300.0
20260615,000066,中国长城,15.75,16.19,16.19,15.75,118469600.0
20260615,000068,华控赛格,3.47,3.41,3.53,3.37,37028200.0
20260615,000069,华侨城Ａ,1.87,1.84,1.9,1.81,60625500.0
20260615,000070,特发信息,17.08,18.81,18.81,17.08,120767000.0
20260615,000088,盐 田 港,4.34,4.43,4.44,4.33,29249200.0
20260615,000089,深圳机场,6.56,6.52,6.64,6.48,12783600.0
20260615,000090,天健集团,3.59,3.63,3.64,3.56,31376500.0
20260615,000096,广聚能源,7.86,7.92,8.03,7.81,5120900.0
20260615,000099,中信海直,17.7,17.13,17.74,17.11,34924200.0
20260615,000100,TCL科技,4.57,4.62,4.66,4.53,924068900.0
20260615,000151,中成股份,14.16,14.75,15.33,13.65,37072000.0
20260615,000153,丰原药业,5.5,5.52,5.6,5.45,6112500.0
20260615,000155,川能动力,13.48,13.45,13.69,13.31,36004800.0
20260615,000156,华数传媒,6.5,6.5,6.61,6.46,8629500.0
20260615,000157,中联重科,7.54,7.63,7.68,7.54,101467700.0
20260615,000158,常山北明,15.27,15.35,15.54,15.16,39935000.0
20260615,000159,国际实业,5.98,5.8,6.16,5.7,22633000.0
20260615,000166,申万宏源,4.55,4.59,4.69,4.53,158488700.0
20260615,000301,东方盛虹,11.9,12.76,12.91,11.9,38992200.0
20260615,000333,美的集团,82.95,80.93,82.98,80.5,43292600.0
20260615,000338,潍柴动力,28.56,29.38,29.38,28.21,124194900.0
20260615,000400,许继电气,22.45,22.89,22.98,22.4,21020500.0
20260615,000401,金隅冀东,3.87,3.85,3.92,3.82,5855600.0
20260615,000402,金 融 街,2.77,2.78,2.85,2.75,50486900.0
20260615,000403,派林生物,11.79,11.83,12.04,11.65,8554500.0
20260615,000404,长虹华意,7.9,8.05,8.09,7.86,20476200.0
20260615,000407,胜利股份,4.06,4.05,4.12,4.02,14028400.0
20260615,000408,藏格矿业,81.99,81.86,83.6,80.0,23591200.0
20260615,000409,云鼎科技,8.95,9.05,9.19,8.95,5213300.0
20260615,000410,沈阳机床,5.2,5.26,5.29,5.19,22172400.0
20260615,000411,英特集团,9.5,10.44,10.44,9.49,10984400.0
20260615,000415,渤海租赁,4.26,4.31,4.48,4.26,114849700.0
20260615,000417,合百集团,7.22,7.47,7.62,7.2,52766400.0
20260615,000419,通程控股,4.95,4.91,5.04,4.86,7269400.0
20260615,000420,吉林化纤,4.25,4.29,4.35,4.24,61373400.0
20260615,000421,南京公用,5.49,5.5,5.62,5.43,5886700.0
20260615,000422,湖北宜化,13.4,13.55,13.62,13.32,35184700.0
20260615,000423,东阿阿胶,50.5,49.05,50.55,48.58,9241000.0
20260615,000425,徐工机械,9.32,9.27,9.52,9.15,121803500.0
20260615,000426,兴业银锡,39.0,40.26,40.45,38.38,98145300.0
20260615,000428,华天酒店,3.36,3.34,3.45,3.29,12639500.0
20260615,000429,粤高速Ａ,12.9,13.09,13.15,12.66,9261300.0
20260615,000430,张家界,8.02,7.94,8.17,7.88,12250500.0
20260615,000498,山东路桥,5.09,5.1,5.16,5.08,8662000.0
20260615,000501,武商集团,7.3,7.35,7.44,7.28,5844400.0
20260615,000503,国新健康,6.98,7.01,7.11,6.95,12411100.0
20260615,000504,南华生物,8.43,8.15,8.56,8.07,10700600.0
20260615,000505,京粮控股,5.62,5.6,5.73,5.55,7199700.0
20260615,000506,招金黄金,14.29,15.1,15.1,14.18,61594500.0
20260615,000507,珠海港,4.85,4.97,4.98,4.85,11572000.0
20260615,000509,华塑控股,4.06,4.17,4.24,4.06,77684600.0
20260615,000510,新金路,21.3,21.31,21.31,21.27,16474300.0
20260615,000513,丽珠集团,31.87,31.87,31.92,31.59,6492900.0
20260615,000514,渝 开 发,4.23,4.16,4.33,4.14,10683400.0
20260615,000516,国际医学,3.95,4.0,4.15,3.95,21375400.0
20260615,000517,荣安地产,1.9,1.94,2.0,1.9,60536200.0
20260615,000518,四环生物,3.16,3.18,3.23,3.14,35876200.0
20260615,000519,中兵红箭,19.05,19.56,19.59,18.71,70912500.0
20260615,000520,凤凰航运,4.32,4.57,4.57,4.32,29592000.0
20260615,000521,长虹美菱,5.9,5.89,5.96,5.72,20193700.0
20260615,000523,红棉股份,2.97,2.95,3.0,2.89,21878800.0
20260615,000524,岭南控股,9.17,9.36,9.39,9.13,8892400.0
20260615,000525,红太阳,4.47,4.47,4.54,4.42,16424400.0
20260615,000526,学大教育,26.4,27.15,27.35,26.1,3010700.0
20260615,000528,柳    工,8.48,8.5,8.67,8.41,30894900.0
20260615,000529,广弘控股,4.85,4.8,4.93,4.76,4300100.0
20260615,000530,冰山冷热,5.54,5.65,5.7,5.53,35814300.0
20260615,000531,穗恒运Ａ,6.75,6.83,6.84,6.74,13966600.0
20260615,000532,华金资本,11.6,12.0,12.19,11.53,10715500.0
20260615,000533,顺钠股份,10.78,11.09,11.14,10.78,24638000.0
20260615,000534,万泽股份,30.31,30.52,31.06,29.71,19665600.0
20260615,000536,华映科技,3.53,3.59,3.6,3.5,50896900.0
20260615,000537,绿发电力,8.65,8.61,8.77,8.59,37735200.0
20260615,000538,云南白药,50.62,50.15,50.62,49.7,11185900.0
20260615,000539,粤电力Ａ,7.3,7.53,7.55,7.2,119812800.0
20260615,000541,佛山照明,4.79,4.83,4.88,4.77,5831200.0
20260615,000543,皖能电力,8.7,8.68,8.74,8.58,45448600.0
20260615,000544,中原环保,7.87,7.89,7.94,7.82,3660300.0
20260615,000545,金浦钛业,2.39,2.61,2.61,2.39,29184400.0
20260615,000546,金圆股份,5.28,5.42,5.53,5.28,33719800.0
20260615,000547,航天发展,19.99,19.92,19.99,19.3,160385900.0
20260615,000548,湖南投资,4.55,4.55,4.61,4.5,8455700.0
20260615,000550,江铃汽车,17.44,18.23,18.24,17.41,7251300.0
20260615,000551,创元科技,14.99,15.72,15.72,14.71,23764300.0
20260615,000552,甘肃能化,2.61,2.58,2.62,2.56,92366800.0
20260615,000553,安道麦A,6.12,6.06,6.22,6.0,7721000.0
20260615,000554,泰山石油,6.41,6.43,6.55,6.36,15299700.0
20260615,000555,神州信息,11.18,11.37,11.44,11.11,15888900.0
20260615,000557,西部创业,3.94,3.87,3.99,3.86,13525400.0
20260615,000558,天府文旅,3.94,3.9,3.99,3.86,58575700.0
20260615,000559,万向钱潮,13.56,13.92,13.95,13.51,42959800.0
20260615,000560,我爱我家,2.34,2.34,2.41,2.3,61008900.0
20260615,000561,烽火电子,7.9,7.99,8.01,7.82,11725800.0
20260615,000563,陕国投Ａ,2.94,2.96,3.03,2.93,67546700.0
20260615,000564,供销大集,1.46,1.45,1.5,1.43,244018900.0
20260615,000565,渝三峡Ａ,6.48,6.39,6.6,6.36,9585000.0
20260615,000566,海南海药,3.88,3.85,3.99,3.81,22617600.0
20260615,000567,海德股份,5.68,5.87,5.98,5.68,24401600.0
20260615,000568,泸州老窖,85.12,84.68,85.78,84.29,11095900.0
20260615,000570,苏常柴Ａ,5.24,5.22,5.34,5.16,11196900.0
20260615,000571,新大洲A,5.24,5.3,5.32,5.2,14897000.0
20260615,000572,海马汽车,4.2,4.23,4.54,4.16,69318300.0
20260615,000573,粤宏远Ａ,4.13,4.08,4.27,4.07,25538300.0
20260615,000576,甘化科工,7.27,7.22,7.39,7.16,7278700.0
20260615,000581,威孚高科,17.8,18.21,18.25,17.8,8526900.0
20260615,000582,北部湾港,11.44,11.66,11.77,11.4,49277800.0
20260615,000586,汇源通信,14.8,15.23,15.23,14.51,8950600.0
20260615,000589,贵州轮胎,4.47,4.54,4.55,4.46,35609700.0
20260615,000590,古汉医药,9.3,9.41,9.5,9.3,2901300.0
20260615,000591,太阳能,5.07,5.16,5.16,5.06,67425200.0
20260615,000592,平潭发展,7.72,7.61,7.79,7.55,91834700.0
20260615,000593,德龙汇能,20.43,22.67,22.67,20.03,27788900.0
20260615,000595,新能股份,6.39,6.36,6.6,6.26,17122800.0
20260615,000596,古井贡酒,87.55,87.1,88.26,85.4,3638300.0
20260615,000597,东北制药,4.58,4.61,4.66,4.54,11832600.0
20260615,000598,兴蓉环境,7.03,6.99,7.08,6.9,26335500.0
20260615,000599,青岛双星,4.81,4.86,4.94,4.8,14653200.0
20260615,000600,建投能源,10.29,10.24,10.44,10.09,55100600.0
20260615,000601,韶能股份,6.81,7.05,7.06,6.73,62785000.0
20260615,000603,盛达资源,30.48,30.79,31.14,29.77,29657300.0
20260615,000605,渤海股份,6.15,6.0,6.21,5.99,5057300.0
20260615,000607,华媒控股,3.48,3.42,3.56,3.41,11504600.0
20260615,000608,阳光股份,6.41,6.52,6.69,6.18,58460100.0
20260615,000612,焦作万方,11.48,11.59,11.75,11.39,56285300.0
20260615,000617,中油资本,7.3,7.41,7.57,7.29,111134400.0
20260615,000619,海螺新材,5.2,4.97,5.3,4.93,13754000.0
20260615,000620,盈新发展,2.91,2.97,2.98,2.89,188151000.0
20260615,000623,吉林敖东,17.49,17.77,18.1,17.32,17892400.0
20260615,000625,长安汽车,7.58,7.67,7.79,7.58,81183400.0
20260615,000626,远大控股,7.33,7.31,7.53,7.28,8522900.0
20260615,000628,高新发展,55.21,53.42,56.31,53.0,12321900.0
20260615,000629,钒钛股份,3.17,3.25,3.26,3.15,186595900.0
20260615,000630,铜陵有色,7.3,7.66,7.71,7.27,1246721000.0
20260615,000631,顺发恒能,3.27,3.24,3.32,3.18,45422900.0
20260615,000633,合金投资,5.43,5.33,5.6,5.27,12561300.0
,000635,英 力 特,6.92,6.83,7.14,6.77,11328900.0
20260615,000636,风华高科,61.5,65.03,65.03,60.7,143822100.0
20260615,000637,茂化实华,4.05,3.91,4.17,3.87,13779700.0
20260615,000650,仁和药业,5.3,5.33,5.35,5.27,12618900.0
20260615,000651,格力电器,38.53,37.86,38.54,37.65,65912300.0
20260615,000652,泰达股份,3.6,3.59,3.66,3.54,12856100.0
20260615,000655,金岭矿业,7.3,7.31,7.38,7.18,8131400.0
20260615,000656,金科股份,1.37,1.36,1.38,1.35,47484500.0
20260615,000657,中钨高新,80.8,86.9,86.9,77.99,121046400.0
20260615,000659,珠海中富,3.55,3.59,3.68,3.5,27139000.0
20260615,000661,长春高新,65.31,65.52,66.39,64.44,9105100.0
20260615,000663,永安林业,5.74,5.58,5.91,5.55,6159900.0
20260615,000665,湖北广电,4.08,4.09,4.14,4.06,10344100.0
20260615,000668,荣丰控股,20.62,20.16,20.62,19.6,5354000.0
20260615,000670,盈方微,8.76,9.04,9.28,8.73,107098500.0
20260615,000672,上峰材料,16.6,16.82,16.82,16.2,22782100.0
20260615,000676,智度股份,5.58,5.58,5.68,5.51,27187300.0
20260615,000678,襄阳轴承,9.8,9.87,9.95,9.68,11721200.0
20260615,000679,大连友谊,6.2,6.07,6.34,6.03,5944500.0
20260615,000680,山推股份,10.6,10.7,10.84,10.53,20354900.0
20260615,000681,视觉中国,21.42,22.25,22.95,21.38,58892100.0
20260615,000682,东方电子,12.4,12.43,12.69,12.23,26070300.0
20260615,000683,博源化工,7.0,6.95,7.21,6.87,56351400.0
20260615,000685,中山公用,10.79,10.96,11.11,10.68,21946100.0
20260615,000686,东北证券,7.85,8.08,8.25,7.8,51185000.0
20260615,000688,国城矿业,46.91,45.6,48.99,43.51,46763900.0
20260615,000690,宝新能源,5.21,5.34,5.37,5.18,83344500.0
20260615,000691,亚太实业,9.99,10.51,10.68,9.76,22474900.0
20260615,000692,惠天热电,4.52,4.43,4.66,4.4,18981300.0
20260615,000695,滨海能源,13.0,12.98,13.48,12.77,10918600.0
20260615,000697,炼石航空,10.66,10.95,11.3,10.5,16748700.0
20260615,000700,模塑科技,14.63,15.84,15.84,14.6,42637100.0
20260615,000701,厦门信达,5.07,5.04,5.24,5.0,14444800.0
20260615,000702,正虹科技,5.69,5.46,5.77,5.41,8816800.0
20260615,000703,恒逸石化,13.18,12.91,13.64,12.68,74898200.0
20260615,000705,浙江震元,6.75,6.72,6.86,6.65,5905300.0
20260615,000707,双环科技,4.74,4.72,4.9,4.68,8048300.0
20260615,000708,中信特钢,14.22,14.08,14.22,13.76,24964100.0
20260615,000709,河钢股份,2.15,2.14,2.18,2.12,111636500.0
20260615,000710,贝瑞基因,8.18,8.04,8.3,7.99,6207300.0
20260615,000711,京蓝科技,5.6,5.75,5.78,5.52,80692000.0
20260615,000712,锦龙股份,8.72,8.96,9.22,8.69,35715100.0
20260615,000713,国投丰乐,6.0,5.94,6.03,5.91,5505200.0
20260615,000715,中兴商业,4.84,4.95,5.0,4.84,8651200.0
20260615,000716,黑芝麻,4.67,4.66,4.73,4.62,15378100.0
20260615,000717,中南股份,2.18,2.16,2.23,2.14,19941900.0
20260615,000718,苏宁环球,1.99,1.99,2.06,1.98,52426200.0
20260615,000719,中原传媒,12.34,12.27,12.4,12.15,7814300.0
20260615,000720,新能泰山,4.2,4.25,4.33,4.17,62477500.0
20260615,000721,西安饮食,6.14,6.11,6.3,6.05,9087800.0
20260615,000722,湖南发展,15.02,15.41,15.41,14.9,33805400.0
20260615,000723,美锦能源,4.01,3.93,4.06,3.91,81693500.0
20260615,000725,京东方Ａ,5.74,5.92,6.01,5.73,2992830700.0
20260615,000726,鲁  泰Ａ,5.93,5.9,5.99,5.85,5590700.0
20260615,000727,冠捷科技,2.57,2.7,2.81,2.56,403240700.0
20260615,000728,国元证券,7.02,7.16,7.31,6.97,57711700.0
20260615,000729,燕京啤酒,11.61,11.36,11.72,11.15,53799100.0
20260615,000731,四川美丰,5.91,5.9,6.01,5.87,5364200.0
20260615,000733,振华科技,49.4,51.88,51.88,49.33,29259200.0
20260615,000735,罗 牛 山,5.24,5.22,5.28,5.14,26261300.0
20260615,000736,中交发展,4.28,4.2,4.4,4.16,17199100.0
20260615,000737,北方铜业,14.09,15.06,15.09,14.09,139370400.0
20260615,000738,航发控制,19.0,18.99,19.19,18.64,27618900.0
20260615,000739,普洛药业,16.06,16.46,16.5,16.06,8060900.0
20260615,000750,国海证券,3.6,3.73,3.82,3.57,107432600.0
20260615,000751,锌业股份,5.2,5.39,5.39,5.12,146621100.0
20260615,000753,漳州发展,5.1,5.05,5.17,5.02,16041700.0
20260615,000755,山西高速,4.72,4.68,4.77,4.64,5357100.0
20260615,000756,新华制药,12.32,12.49,12.5,12.32,3538800.0
20260615,000757,浩物股份,3.91,3.87,4.02,3.83,17104700.0
20260615,000758,中色股份,7.05,7.22,7.22,6.96,129253100.0
20260615,000759,中百集团,5.88,5.95,6.15,5.87,113714500.0
20260615,000761,本钢板材,2.44,2.38,2.49,2.36,23627300.0
20260615,000762,西藏矿业,30.5,30.56,31.3,29.9,34954900.0
20260615,000766,通化金马,25.25,25.11,25.51,24.88,13598800.0
20260615,000767,晋控电力,4.65,4.91,4.92,4.65,264191700.0
20260615,000768,中航西飞,21.4,21.63,21.81,21.26,68745500.0
20260615,000776,广发证券,20.1,20.83,21.5,20.1,136512600.0
20260615,000777,中核科技,16.43,18.06,18.06,16.43,9466300.0
20260615,000778,新兴铸管,4.12,4.08,4.19,4.05,59906600.0
20260615,000779,甘咨询,7.77,7.69,7.82,7.61,8340500.0
20260615,000782,恒申新材,7.45,7.55,7.64,7.4,22514100.0
20260615,000783,长江证券,7.44,7.92,8.14,7.39,235188400.0
20260615,000785,居然智家,2.28,2.31,2.36,2.26,87366500.0
20260615,000786,北新建材,20.85,20.91,21.3,20.64,21034800.0
20260615,000788,北大医药,5.21,5.48,5.65,5.19,35880000.0
20260615,000789,万年青,4.29,4.25,4.35,4.23,3355100.0
20260615,000790,华神科技,3.83,3.72,3.88,3.7,17260200.0
20260615,000791,甘肃能源,8.33,8.44,8.47,8.28,36272000.0
20260615,000792,盐湖股份,32.1,32.03,32.78,31.25,137783400.0
20260615,000795,英洛华,9.38,9.28,9.41,9.19,29075000.0
20260615,000796,凯撒旅业,4.44,4.42,4.53,4.38,31949200.0
20260615,000797,中国武夷,2.46,2.44,2.51,2.41,24590800.0
20260615,000798,中水渔业,7.9,7.77,8.02,7.7,7442100.0
20260615,000799,酒鬼酒,37.84,38.86,39.14,37.58,11698800.0
20260615,000800,一汽解放,6.24,6.2,6.41,6.16,35023500.0
20260615,000801,四川九洲,12.31,12.28,12.43,12.15,18415300.0
20260615,000802,北京文化,4.31,4.42,4.63,4.31,41821400.0
20260615,000803,山高环能,7.42,7.31,7.59,7.29,9284300.0
20260615,000807,云铝股份,28.45,26.9,28.75,26.54,124142700.0
20260615,000809,和展能源,4.2,4.02,4.24,3.95,57828500.0
20260615,000810,创维数字,10.09,10.9,10.99,10.09,25731500.0
20260615,000811,冰轮环境,31.8,33.85,33.85,31.06,45723400.0
20260615,000812,陕西金叶,3.52,3.49,3.59,3.44,13317600.0
20260615,000813,德展健康,3.11,3.08,3.15,3.06,25653200.0
20260615,000815,美利云,15.48,16.01,16.04,15.4,53023500.0
20260615,000816,智慧农业,2.57,2.53,2.6,2.49,26965300.0
20260615,000818,航锦科技,12.4,12.85,12.91,12.33,21873600.0
20260615,000819,岳阳兴长,13.72,13.37,13.8,13.28,5631400.0
20260615,000820,神雾节能,3.23,3.07,3.23,3.07,8568800.0
20260615,000822,山东海化,4.66,4.65,4.76,4.57,14379400.0
20260615,000823,超声电子,18.32,20.09,20.09,18.32,73748400.0
20260615,000825,太钢不锈,3.79,3.86,3.93,3.78,40706400.0
20260615,000828,东莞控股,9.94,9.89,10.05,9.89,6353600.0
20260615,000829,天音控股,8.86,8.68,8.93,8.56,28067200.0
20260615,000830,鲁西化工,12.98,13.31,13.38,12.94,48752800.0
20260615,000831,中国稀土,56.05,58.4,58.87,55.0,82651600.0
20260615,000833,粤桂股份,23.0,23.45,23.56,22.82,60713700.0
20260615,000837,秦川机床,12.2,12.35,12.4,12.01,35160800.0
20260615,000839,国安股份,2.65,2.66,2.68,2.62,41532900.0
20260615,000848,承德露露,7.89,7.82,7.92,7.67,18568700.0
20260615,000850,华茂股份,3.84,3.81,3.9,3.77,10701400.0
20260615,000852,石化机械,5.67,5.66,5.76,5.6,12393200.0
20260615,000856,冀东装备,8.27,8.0,8.4,7.94,7874900.0
20260615,000858,五 粮 液,79.96,79.63,80.28,79.1,24061100.0
20260615,000859,国风新材,10.99,11.13,11.18,10.76,64109000.0
20260615,000860,顺鑫农业,10.46,10.57,10.66,10.43,6347900.0
20260615,000862,银星能源,5.86,5.92,5.94,5.81,20908900.0
20260615,000863,三湘印象,4.73,4.87,4.93,4.73,34229600.0
20260615,000868,安凯客车,3.86,3.8,3.91,3.79,13104000.0
20260615,000869,张  裕Ａ,17.55,17.63,17.68,17.4,757100.0
20260615,000875,电投绿能,6.04,6.02,6.12,6.0,43723400.0
20260615,000876,新 希 望,6.53,6.58,6.62,6.38,70057900.0
20260615,000877,天山股份,4.12,4.05,4.17,4.0,15899500.0
20260615,000878,云南铜业,17.47,18.23,18.27,17.29,104384400.0
20260615,000880,潍柴重机,24.8,25.23,25.23,24.6,14963400.0
20260615,000881,中广核技,6.82,7.08,7.21,6.8,18537600.0
20260615,000882,华联股份,1.43,1.42,1.47,1.4,71167000.0
20260615,000883,湖北能源,4.97,5.02,5.07,4.93,49446600.0
20260615,000885,城发环境,12.88,12.84,12.96,12.8,3307500.0
20260615,000886,海南高速,4.37,4.4,4.51,4.37,13719500.0
20260615,000887,中鼎股份,20.49,22.35,22.36,20.47,88218400.0
20260615,000888,峨眉山Ａ,9.89,9.94,10.05,9.8,7322200.0
20260615,000889,中嘉博创,3.53,3.55,3.67,3.5,32171900.0
20260615,000890,法尔胜,9.64,9.62,9.83,9.47,27053300.0
20260615,000892,欢瑞世纪,3.78,3.74,3.86,3.69,33874400.0
20260615,000893,亚钾国际,49.6,48.55,50.95,47.9,16315800.0
20260615,000895,双汇发展,24.2,24.15,24.21,23.9,13477700.0
20260615,000897,津滨发展,1.88,1.86,1.91,1.85,21184900.0
20260615,000898,鞍钢股份,2.04,2.04,2.09,2.02,53741800.0
20260615,000899,赣能股份,12.62,12.82,12.88,12.51,25500600.0
20260615,000900,现代投资,3.69,3.68,3.72,3.66,11899600.0
20260615,000901,航天科技,18.28,18.38,18.47,18.05,19605300.0
20260615,000902,新洋丰,12.46,12.93,13.21,12.44,25581100.0
20260615,000905,厦门港务,8.8,8.86,9.02,8.72,14276200.0
20260615,000906,浙商中拓,5.61,5.6,5.72,5.57,11017500.0
20260615,000908,石药景峰,6.38,6.45,6.89,6.22,28988200.0
20260615,000910,大亚圣象,5.88,5.89,6.04,5.84,2676000.0
20260615,000912,泸天化,3.7,3.68,3.77,3.62,28416700.0
20260615,000913,钱江摩托,11.53,12.29,12.33,11.49,11802600.0
20260615,000915,华特达因,27.61,27.72,27.76,27.38,2139900.0
20260615,000917,电广传媒,6.98,7.06,7.19,6.91,30825800.0
20260615,000919,金陵药业,6.17,6.27,6.27,6.14,8446600.0
20260615,000920,沃顿科技,14.12,14.29,14.59,13.83,33631500.0
20260615,000921,海信家电,28.56,28.47,28.69,27.06,30973000.0
20260615,000922,佳电股份,12.57,13.3,13.3,12.5,25903100.0
20260615,000923,河钢资源,14.25,14.46,14.6,14.07,17995200.0
20260615,000925,众合科技,8.12,8.32,8.33,8.06,36057400.0
20260615,000926,福星股份,2.16,2.15,2.21,2.13,41349500.0
20260615,000927,中国铁物,2.52,2.54,2.59,2.51,52205100.0
20260615,000928,中钢国际,5.85,5.8,5.91,5.74,18314600.0
20260615,000930,中粮科技,4.96,4.93,5.01,4.89,13109200.0
20260615,000931,中 关 村,4.11,4.07,4.18,4.02,6655600.0
20260615,000932,华菱钢铁,3.91,3.85,4.01,3.81,186170000.0
20260615,000933,神火股份,27.88,26.44,27.95,26.23,87785200.0
20260615,000935,四川双马,26.19,27.1,27.56,26.04,8994100.0
20260615,000936,华西股份,5.79,5.94,5.96,5.79,16337600.0
20260615,000937,冀中能源,5.54,5.44,5.56,5.38,34059600.0
20260615,000938,紫光股份,25.37,26.48,26.58,25.34,136285600.0
20260615,000948,南天信息,12.64,12.69,12.87,12.58,4032200.0
20260615,000949,新乡化纤,6.68,6.86,7.09,6.65,68264000.0
20260615,000950,重药控股,5.27,5.32,5.37,5.26,21928400.0
20260615,000951,中国重汽,22.47,22.6,23.34,22.24,14696200.0
20260615,000952,广济药业,6.27,6.2,6.44,6.17,7287700.0
20260615,000953,中哲精化,5.97,5.84,6.05,5.81,6269300.0
20260615,000955,欣龙控股,4.08,4.0,4.18,3.96,11603600.0
20260615,000957,中通客车,10.52,10.62,10.76,10.47,13880700.0
20260615,000958,电投产融,6.37,6.61,6.64,6.33,176773900.0
20260615,000959,首钢股份,3.33,3.42,3.52,3.33,79387400.0
20260615,000960,锡业股份,38.88,41.42,41.42,38.7,130486800.0
20260615,000962,东方钽业,59.7,61.1,61.5,58.08,37319700.0
20260615,000963,华东医药,29.07,29.0,29.17,28.8,9715600.0
20260615,000965,天保基建,3.41,3.39,3.47,3.36,14246800.0
20260615,000966,长源电力,4.71,4.96,5.07,4.69,129158300.0
20260615,000967,盈峰环境,9.95,10.34,10.34,9.9,103889600.0
20260615,000968,蓝焰控股,6.99,7.01,7.13,6.93,20289300.0
20260615,000969,安泰科技,24.68,24.38,25.0,23.76,109700800.0
20260615,000970,中科三环,13.86,13.43,13.93,13.26,111153100.0
20260615,000972,中基健康,3.6,3.58,3.6,3.53,4946500.0
20260615,000973,佛塑科技,15.18,15.28,15.52,14.99,91598700.0
20260615,000975,山金国际,22.04,22.15,22.59,21.89,67888400.0
20260615,000977,浪潮信息,58.5,63.09,63.59,58.49,95952500.0
20260615,000978,桂林旅游,6.0,5.98,6.11,5.92,13090800.0
20260615,000980,众泰汽车,2.21,2.39,2.39,2.21,99793900.0
20260615,000981,山子高科,3.22,3.33,3.38,3.22,253401100.0
20260615,000983,山西焦煤,7.21,7.05,7.22,6.98,154232300.0
20260615,000985,大庆华科,16.39,16.06,16.79,16.01,1449900.0
20260615,000987,越秀资本,7.56,7.75,7.9,7.55,49028200.0
20260615,000988,华工科技,152.98,160.98,160.99,147.01,76912600.0
20260615,000989,九芝堂,7.98,8.07,8.13,7.98,8233600.0
20260615,000990,诚志股份,8.96,9.04,9.18,8.89,30623200.0
20260615,000993,闽东电力,11.67,11.85,11.89,11.63,14533700.0
20260615,000995,皇台酒业,11.02,11.11,11.32,10.96,9998900.0
20260615,000997,新 大 陆,18.0,18.25,18.54,17.96,21880100.0
20260615,000998,隆平高科,8.42,8.38,8.51,8.34,16442500.0
20260615,000999,华润三九,24.9,24.55,24.91,24.4,11763200.0
20260615,001201,东瑞股份,11.25,11.26,11.45,11.13,2388100.0
20260615,001202,炬申股份,14.55,14.46,14.82,14.27,1427600.0
20260615,001203,大中矿业,42.5,41.03,43.78,40.0,43749200.0
20260615,001205,盛航股份,14.12,14.2,14.95,14.11,6047700.0
20260615,001206,依依股份,17.54,17.55,18.06,17.26,9458400.0
20260615,001207,联科科技,17.66,17.94,18.04,17.51,4625500.0
20260615,001208,华菱线缆,16.25,15.97,16.48,15.85,19540300.0
20260615,001209,洪兴股份,19.04,18.7,19.29,18.68,1988700.0
20260615,001210,金房能源,24.09,23.54,24.47,23.21,11500300.0
20260615,001211,双枪科技,36.5,37.71,38.53,34.95,10004400.0
20260615,001212,中旗新材,48.03,50.09,50.63,47.82,7357100.0
20260615,001213,中铁特货,3.62,3.63,3.65,3.61,11370700.0
20260615,001215,千味央厨,43.0,40.8,43.28,39.39,8368200.0
20260615,001216,华瓷股份,15.58,15.88,16.03,15.5,3675100.0
20260615,001217,华尔泰,9.68,9.67,9.91,9.56,3825900.0
20260615,001218,丽臣实业,25.42,25.62,25.72,25.12,2265300.0
20260615,001219,青岛食品,12.91,12.76,13.09,12.65,2871000.0
20260615,001220,世盟股份,31.35,31.84,32.18,31.21,1414800.0
20260615,001221,悍高集团,44.97,45.5,45.5,44.33,1883500.0
20260615,001222,源飞宠物,15.12,14.89,15.33,14.73,2030800.0
20260615,001223,欧克科技,43.54,45.15,45.49,43.53,3472900.0
20260615,001225,和泰机电,43.56,43.71,45.74,43.13,1273700.0
20260615,001226,拓山重工,50.45,49.85,53.61,49.2,2113100.0
20260615,001227,兰州银行,2.15,2.15,2.18,2.14,57818300.0
20260615,001228,永泰运,26.82,26.97,27.35,26.37,1016900.0
20260615,001229,魅视科技,27.66,27.72,28.1,27.23,4140700.0
20260615,001230,劲旅环境,25.36,26.3,26.68,25.13,4400200.0
20260615,001231,农心科技,20.74,20.2,21.1,20.1,1468300.0
20260615,001233,海安集团,52.4,52.48,53.98,51.66,2750700.0
20260615,001234,泰慕士,22.68,22.87,23.16,22.64,1582900.0
20260615,001236,弘业期货,7.58,7.94,8.16,7.58,18345100.0
20260615,001237,惠康科技,60.91,63.99,64.38,60.91,4918400.0
20260615,001238,浙江正特,30.73,30.43,31.48,30.23,843700.0
20260615,001239,永达股份,13.96,14.11,14.25,13.95,3451400.0
20260615,001255,博菲电气,29.23,29.15,29.96,28.85,1365600.0
20260615,001256,炜冈科技,23.59,25.89,25.89,23.42,5769000.0
20260615,001257,盛龙股份,29.9,30.51,30.51,29.5,48576700.0
20260615,001258,立新能源,7.8,7.87,7.91,7.75,23115900.0
20260615,001259,利仁科技,70.0,70.68,71.8,66.5,3317600.0
20260615,001260,坤泰股份,17.96,17.9,18.45,17.71,1856300.0
20260615,001266,宏英智能,44.95,45.6,46.18,44.54,3124800.0
20260615,001267,汇绿生态,49.51,52.68,52.87,49.06,39544000.0
20260615,001268,联合精密,41.12,42.66,42.66,40.01,3145200.0
20260615,001269,欧晶科技,27.35,27.42,27.75,26.6,8985000.0
20260615,001270,铖昌科技,124.0,125.0,127.95,120.5,8013500.0
20260615,001277,速达股份,30.58,30.7,31.3,30.42,889700.0
20260615,001278,一彬科技,16.98,16.87,17.3,16.63,2561800.0
20260615,001279,强邦新材,26.25,26.62,26.82,26.25,670100.0
20260615,001280,中国铀业,74.1,72.39,74.1,71.51,13969500.0
20260615,001282,三联锻造,17.2,17.93,17.95,17.1,2683100.0
20260615,001283,豪鹏科技,47.65,48.2,48.38,47.29,3612800.0
20260615,001285,瑞立科密,43.95,44.96,45.06,43.95,1068100.0
20260615,001286,陕西能源,12.23,12.12,12.23,11.9,26858600.0
20260615,001287,中电港,25.01,26.41,26.41,24.39,33147600.0
20260615,001288,运机集团,24.42,26.35,26.77,24.35,8584100.0
20260615,001289,龙源电力,17.64,17.61,17.9,17.23,8200100.0
20260615,001296,长江材料,18.93,19.13,19.43,18.93,1761800.0
20260615,001298,好上好,19.94,20.3,20.36,19.53,10633700.0
20260615,001299,美能能源,11.26,10.94,11.54,10.83,10783100.0
20260615,001300,三柏硕,15.51,15.1,15.51,14.93,3968700.0
20260615,001301,尚太科技,89.34,92.11,93.65,89.16,5132500.0
20260615,001306,夏厦精密,60.2,60.63,61.33,60.0,612500.0
20260615,001308,康冠科技,19.97,20.24,20.48,19.85,5182000.0
20260615,001309,德明利,632.0,641.86,643.68,608.14,11230300.0
20260615,001311,多利科技,18.4,18.19,18.73,18.08,5784000.0
20260615,001312,福恩股份,19.48,19.89,19.89,19.48,2941800.0
20260615,001313,粤海饲料,7.47,7.37,7.6,7.3,10027300.0
20260615,001314,亿道信息,51.01,53.15,53.2,51.0,4044800.0
20260615,001316,润贝航科,37.77,38.35,38.55,36.89,4408200.0
20260615,001317,三羊马,48.0,47.4,48.33,46.46,5949100.0
20260615,001318,阳光乳业,11.1,11.15,11.36,11.09,1837300.0
20260615,001319,铭科精技,24.49,24.18,24.68,24.01,2552800.0
20260615,001322,箭牌家居,6.47,6.22,6.51,6.2,7645900.0
20260615,001323,慕思股份,18.88,18.64,18.97,18.56,859200.0
20260615,001324,长青科技,17.99,17.71,18.35,17.47,3319500.0
20260615,001325,元创股份,39.3,40.58,40.6,39.3,1544400.0
20260615,001326,联域股份,63.7,65.19,65.19,63.16,1031700.0
20260615,001328,登康口腔,30.6,30.43,31.17,30.3,2019500.0
20260615,001330,博纳影业,7.34,6.85,7.4,6.75,129669900.0
20260615,001332,锡装股份,45.78,46.58,47.54,45.2,3171800.0
20260615,001333,光华股份,21.38,21.0,21.83,20.92,2313800.0
20260615,001335,信凯科技,50.02,48.82,51.39,48.45,2565300.0
20260615,001336,楚环科技,24.4,24.13,25.2,23.61,2261900.0
20260615,001337,四川黄金,43.77,44.02,44.7,42.64,16417000.0
20260615,001338,永顺泰,9.97,9.66,10.08,9.56,11585900.0
20260615,001339,智微智能,96.5,101.21,101.85,96.0,5979000.0
20260615,001356,富岭股份,9.36,9.41,9.46,9.3,2936400.0
20260615,001358,兴欣新材,25.5,25.2,25.86,24.47,1864900.0
20260615,001359,平安电工,109.31,117.85,117.85,107.17,5753200.0
20260615,001360,南矿集团,18.89,20.02,20.18,18.55,8958200.0
20260615,001365,天海电子,38.06,40.26,40.26,38.06,6574700.0
20260615,001366,播恩集团,12.89,12.56,13.1,12.4,4358700.0
20260615,001367,海森药业,20.18,20.77,20.79,20.03,2238500.0
20260615,001368,通达创智,23.3,22.9,23.64,22.84,1619700.0
20260615,001369,双欣材料,15.16,15.75,15.97,15.1,34367400.0
20260615,001373,翔腾新材,33.49,34.66,34.82,33.49,1374000.0
20260615,001376,百通能源,12.14,12.68,13.25,12.12,18405900.0
20260615,001378,德冠新材,20.97,20.53,21.4,20.38,9528400.0
20260615,001379,腾达科技,17.48,17.41,17.65,17.17,1928000.0
20260615,001380,华纬科技,16.67,16.52,16.81,16.3,1798900.0
20260615,001382,新亚电缆,20.56,20.62,20.79,20.44,3172400.0
20260615,001386,马可波罗,16.33,16.58,16.68,16.21,5197800.0
20260615,001387,雪祺电气,11.8,11.74,12.1,11.67,5131100.0
20260615,001388,信通电子,29.5,29.99,30.48,29.44,1184200.0
20260615,001389,广合科技,182.02,192.46,192.5,179.54,9460800.0
20260615,001390,古麒绒材,17.9,18.82,18.93,17.59,4801300.0
20260615,001391,国货航,4.79,4.74,4.87,4.71,21294200.0
20260615,001393,维通利,55.06,57.2,57.25,54.88,4725000.0
20260615,001395,亚联机械,37.2,38.4,38.4,37.1,1398900.0
20260615,001396,誉帆科技,39.55,39.78,40.3,39.47,1146000.0
20260615,001400,江顺科技,107.99,109.84,109.91,106.0,2148000.0
20260615,001696,宗申动力,22.05,22.85,23.05,21.06,170851200.0
20260615,001872,招商港口,20.53,20.69,20.9,20.33,3345100.0
20260615,001896,豫能控股,21.3,22.7,23.49,21.02,212149100.0
20260615,001914,招商积余,9.65,9.44,9.76,9.36,9398700.0
20260615,001965,招商公路,9.7,9.44,9.7,9.31,21559100.0
20260615,001979,招商蛇口,8.2,8.01,8.3,7.97,52743700.0
20260615,002001,新 和 成,30.09,30.24,30.88,29.78,29532800.0
20260615,002003,伟星股份,9.08,8.92,9.12,8.84,7971500.0
20260615,002004,华邦健康,4.62,4.66,4.66,4.61,27734700.0
20260615,002005,德豪润达,2.83,2.75,2.83,2.72,18413800.0
20260615,002006,精工科技,15.0,15.31,15.33,15.0,7935200.0
20260615,002007,华兰生物,12.99,13.13,13.16,12.82,12278600.0
20260615,002008,大族激光,121.15,124.2,125.13,118.0,44952400.0
20260615,002009,天奇股份,20.41,20.57,20.66,20.2,13962000.0
20260615,002010,传化智联,4.93,4.97,5.05,4.93,19351200.0
20260615,002011,盾安环境,10.85,11.17,11.36,10.84,17356500.0
20260615,002012,凯恩股份,7.03,7.19,7.23,7.01,16081800.0
20260615,002014,永新股份,10.81,10.76,10.89,10.68,3141500.0
20260615,002015,协鑫能科,17.38,18.26,18.4,17.11,98692000.0
20260615,002016,世荣兆业,4.64,4.58,4.67,4.55,9302300.0
20260615,002017,东信和平,16.3,16.37,16.4,15.92,20934500.0
20260615,002019,亿帆医药,10.08,10.09,10.2,10.0,8335800.0
20260615,002020,京新药业,12.54,12.39,12.58,12.26,9427700.0
20260615,002021,中捷资源,2.45,2.66,2.66,2.45,16447000.0
20260615,002022,科华生物,5.08,5.08,5.17,5.03,5633000.0
20260615,002023,海特高新,11.95,12.18,12.28,11.62,53589200.0
20260615,002025,航天电器,64.61,65.88,66.98,63.38,17632000.0
20260615,002026,山东威达,12.0,12.16,12.18,12.0,5081400.0
20260615,002027,分众传媒,5.44,5.35,5.51,5.3,186658800.0
20260615,002028,思源电气,173.5,178.0,178.5,170.37,11072200.0
20260615,002029,七 匹 狼,8.28,8.35,8.44,8.22,14629400.0
20260615,002030,达安基因,5.37,5.42,5.47,5.34,17696600.0
20260615,002031,巨轮智能,5.7,5.85,5.85,5.65,106382100.0
20260615,002032,苏 泊 尔,42.26,42.4,42.71,41.6,2560500.0
20260615,002033,丽江股份,8.71,8.8,8.84,8.65,17277700.0
20260615,002034,旺能环境,17.61,17.86,17.86,17.51,11091100.0
20260615,002035,华帝股份,5.03,5.02,5.08,4.96,8328200.0
20260615,002036,联创电子,7.92,8.15,8.16,7.91,39010700.0
20260615,002037,保利联合,7.01,6.87,7.08,6.82,5873100.0
20260615,002038,双鹭药业,5.39,5.31,5.46,5.3,21922700.0
20260615,002039,黔源电力,20.98,20.94,21.14,20.67,12310800.0
20260615,002040,南 京 港,8.74,9.22,9.22,8.72,7292100.0
20260615,002041,登海种业,8.9,8.92,8.98,8.69,18265500.0
20260615,002042,华孚时尚,3.7,3.8,3.82,3.68,30771100.0
20260615,002043,兔 宝 宝,12.28,12.29,12.52,12.05,10528000.0
20260615,002044,美年健康,4.97,5.04,5.05,4.95,85814800.0
20260615,002045,国光电器,8.59,8.68,8.75,8.52,14158100.0
20260615,002046,国机精工,59.38,62.7,62.88,58.18,19759700.0
20260615,002047,宝鹰股份,4.03,4.16,4.36,4.03,48256500.0
20260615,002048,宁波华翔,27.37,29.18,29.24,27.06,33771000.0
20260615,002049,紫光国微,72.08,74.76,74.76,71.22,28567800.0
20260615,002050,三花智控,45.31,45.75,45.81,44.73,77222300.0
20260615,002051,中工国际,11.3,11.62,11.62,11.3,70795900.0
20260615,002052,同洲电子,9.1,8.97,9.17,8.91,11720200.0
20260615,002053,云南能投,10.62,10.66,10.79,10.51,8113000.0
20260615,002054,德美化工,7.48,7.62,7.66,7.48,9092700.0
20260615,002056,横店东磁,25.05,25.45,25.58,24.55,67693500.0
20260615,002057,中钢天源,11.71,12.1,12.2,11.67,69916500.0
20260615,002058,紫竹高科,23.58,22.55,23.64,22.08,3968000.0
20260615,002059,云南旅游,4.6,4.59,4.66,4.52,10752500.0
20260615,002060,广东建工,3.27,3.28,3.32,3.25,15313700.0
20260615,002061,浙江交科,3.62,3.64,3.67,3.62,17861500.0
20260615,002062,宏润建设,7.86,7.95,8.02,7.81,15166100.0
20260615,002063,远光软件,5.33,5.41,5.41,5.32,29891900.0
20260615,002064,华峰化学,10.36,10.92,11.14,10.36,64678100.0
20260615,002065,东华软件,7.05,7.24,7.25,7.05,40050300.0
20260615,002066,瑞泰科技,22.62,22.15,23.0,21.97,5556700.0
20260615,002067,景兴纸业,4.21,4.25,4.29,4.2,27032400.0
20260615,002068,黑猫股份,10.05,10.09,10.26,9.91,27508300.0
20260615,002069,獐子岛,3.27,3.18,3.35,3.16,10327900.0
20260615,002072,凯瑞德,8.44,8.19,8.58,8.0,21584900.0
20260615,002073,软控股份,5.47,5.55,5.61,5.47,16277300.0
20260615,002074,国轩高科,29.44,29.35,29.62,29.0,26350800.0
20260615,002075,沙钢股份,3.62,3.83,3.92,3.62,79861800.0
20260615,002076,星光股份,2.59,2.55,2.61,2.53,22348700.0
20260615,002077,大港股份,15.97,16.76,16.8,15.81,30823000.0
20260615,002078,太阳纸业,13.81,13.58,14.08,13.5,24571700.0
20260615,002079,苏州固锝,11.8,12.26,12.3,11.65,44875300.0
20260615,002080,中材科技,64.26,68.11,68.11,62.32,55542300.0
20260615,002081,金 螳 螂,5.1,5.12,5.22,4.98,170349400.0
20260615,002083,孚日股份,10.13,10.36,10.5,9.74,69823800.0
20260615,002084,海鸥住工,3.42,3.28,3.47,3.25,21591400.0
20260615,002085,万丰奥威,13.83,13.72,14.0,13.53,129747000.0
20260615,002086,东方海洋,1.82,1.8,1.86,1.78,31355500.0
20260615,002088,鲁阳节能,9.01,9.19,9.39,9.0,12330700.0
20260615,002090,金智科技,9.38,9.47,9.59,9.32,5673200.0
20260615,002091,江苏国泰,7.55,7.69,7.71,7.55,15261100.0
20260615,002092,中泰化学,4.5,4.47,4.65,4.44,76428300.0
20260615,002093,国脉科技,6.96,7.14,7.2,6.94,14718600.0
20260615,002094,青岛金王,4.9,4.94,5.11,4.85,17090200.0
20260615,002095,生 意 宝,13.59,13.7,13.83,13.48,2049300.0
20260615,002096,易普力,9.2,9.36,9.54,9.1,16591000.0
20260615,002097,山河智能,8.3,8.32,8.44,8.2,17207400.0
20260615,002098,浔兴股份,7.25,7.09,7.29,7.0,3934800.0
20260615,002099,海翔药业,5.36,5.41,5.52,5.29,19173000.0
20260615,002100,天康生物,6.32,6.31,6.42,6.25,16246300.0
20260615,002101,广东鸿图,8.47,8.61,8.66,8.47,5306500.0
20260615,002103,广博股份,6.45,6.39,6.56,6.35,7311900.0
20260615,002104,恒宝股份,11.44,11.58,11.71,11.34,19891100.0
20260615,002105,信隆健康,5.63,5.48,5.74,5.41,6834200.0
20260615,002106,莱宝高科,12.3,13.38,13.38,12.21,38963500.0
20260615,002107,沃华医药,6.02,6.03,6.15,5.97,9172800.0
20260615,002108,沧州明珠,4.78,4.85,4.85,4.77,38113700.0
20260615,002110,三钢闽光,3.06,3.05,3.12,3.01,22185200.0
20260615,002111,威海广泰,9.58,9.66,9.8,9.52,9331200.0
20260615,002112,三变科技,17.11,17.41,17.71,16.88,13439000.0
20260615,002114,罗平锌电,7.71,7.81,7.92,7.61,15206400.0
20260615,002115,三维通信,11.6,11.71,11.74,11.48,29167600.0
20260615,002116,中国海诚,9.06,9.03,9.12,8.95,2624900.0
20260615,002117,东港股份,9.06,9.04,9.18,8.99,7148700.0
20260615,002119,康强电子,32.01,33.76,34.15,30.0,88359800.0
20260615,002120,韵达股份,6.79,6.71,6.83,6.67,34773500.0
20260615,002121,科陆电子,6.1,6.11,6.23,6.04,31048700.0
20260615,002123,梦网科技,7.57,7.62,7.71,7.51,13592100.0
20260615,002124,天邦食品,2.41,2.35,2.42,2.33,62166200.0
20260615,002125,湘潭电化,18.21,19.1,19.1,17.96,88219600.0
20260615,002126,银轮股份,47.8,49.09,49.18,47.6,17375500.0
20260615,002127,南极电商,2.76,2.75,2.81,2.73,26846100.0
20260615,002128,电投能源,28.2,26.99,28.29,26.57,33419900.0
20260615,002129,TCL中环,9.98,10.26,10.33,9.7,329864800.0
20260615,002130,沃尔核材,19.49,20.53,20.56,19.31,59014100.0
20260615,002131,利欧股份,5.35,5.38,5.46,5.31,250778200.0
20260615,002132,恒星科技,5.24,5.31,5.41,5.2,50392300.0
20260615,002133,广宇集团,2.77,2.71,2.84,2.68,19195500.0
20260615,002134,天津普林,28.11,29.15,29.5,28.11,15132800.0
20260615,002135,东南网架,6.72,6.91,6.99,6.66,22067800.0
20260615,002136,安 纳 达,12.59,13.84,13.84,12.52,10443300.0
20260615,002137,实益达,9.28,10.12,10.12,9.27,38150200.0
20260615,002138,顺络电子,57.86,61.3,61.78,57.2,62550200.0
20260615,002139,拓邦股份,9.59,9.68,9.78,9.59,16972900.0
20260615,002140,东华科技,10.09,10.12,10.25,10.01,4775900.0
20260615,002141,贤丰控股,3.31,3.54,3.6,3.27,66655300.0
20260615,002142,宁波银行,32.6,32.1,32.81,31.92,31048400.0
20260615,002144,宏达高科,11.24,11.08,11.45,10.93,4007500.0
20260615,002145,钛能化学,4.28,4.35,4.4,4.28,50126800.0
20260615,002146,荣盛发展,1.26,1.25,1.28,1.25,81949900.0
20260615,002148,北纬科技,6.37,6.31,6.43,6.24,12598400.0
20260615,002149,西部材料,57.53,59.8,61.0,55.88,57015600.0
20260615,002150,正泰电源,25.0,25.96,26.04,24.38,15719000.0
20260615,002151,北斗星通,33.6,33.63,33.91,33.33,13629100.0
20260615,002152,广电运通,9.84,10.14,10.14,9.8,24666600.0
20260615,002153,石基信息,7.99,7.94,8.06,7.84,19724500.0
20260615,002154,报 喜 鸟,3.95,4.03,4.05,3.91,24523500.0
20260615,002155,湖南黄金,24.98,25.65,25.8,24.68,83557200.0
20260615,002156,通富微电,58.66,61.54,61.58,56.68,125544400.0
20260615,002157,正邦科技,3.1,3.09,3.13,3.06,122803200.0
20260615,002158,汉钟精机,27.75,28.65,28.88,27.66,12148700.0
20260615,002159,三特索道,13.96,13.9,14.1,13.67,3003300.0
20260615,002161,远 望 谷,5.6,5.6,5.76,5.54,16037200.0
20260615,002162,悦心健康,3.69,3.66,3.76,3.63,10624700.0
20260615,002163,海南发展,9.31,9.42,9.54,9.26,18363200.0
20260615,002164,宁波东力,13.27,13.42,13.45,13.18,20494600.0
20260615,002165,红 宝 丽,7.51,7.87,7.99,7.38,131883600.0
20260615,002166,莱茵生物,7.49,7.48,7.58,7.4,6092700.0
20260615,002167,东方锆业,14.39,14.75,14.75,14.22,103660600.0
20260615,002169,智光电气,15.0,15.09,15.14,14.5,34740600.0
20260615,002170,芭田股份,11.45,11.77,11.82,11.45,22755800.0
20260615,002171,楚江新材,13.58,13.77,14.03,13.46,175113800.0
20260615,002172,澳洋健康,3.2,3.08,3.26,3.05,22032000.0
20260615,002173,创新医疗,17.38,17.54,17.69,17.31,13906900.0
20260615,002174,游族网络,10.22,11.09,11.09,10.18,32182700.0
20260615,002176,江特电机,11.41,11.36,11.55,11.2,139163700.0
20260615,002177,御银股份,6.14,6.17,6.3,6.08,28381600.0
20260615,002178,延华智能,5.33,5.39,5.39,5.32,8200700.0
20260615,002179,中航光电,36.3,38.19,38.4,35.93,51688100.0
20260615,002180,奔图科技,13.95,14.34,14.52,13.73,23856400.0
20260615,002181,粤 传 媒,12.56,12.3,12.93,12.23,115741500.0
20260615,002182,宝武镁业,13.53,13.83,14.03,13.4,31886000.0
20260615,002183,怡 亚 通,5.31,5.43,5.45,5.29,91062400.0
20260615,002184,海得控制,10.55,10.57,10.75,10.44,7389500.0
20260615,002185,华天科技,16.38,17.13,17.14,16.07,295044200.0
20260615,002186,全 聚 德,9.22,9.1,9.26,9.01,3577600.0
20260615,002187,广百股份,5.28,5.27,5.4,5.22,11162600.0
20260615,002188,中天服务,5.69,5.53,5.9,5.5,12200800.0
20260615,002189,中光学,20.25,20.43,20.63,20.08,4256600.0
20260615,002190,成飞集成,26.57,26.62,26.97,26.2,10560100.0
20260615,002191,劲嘉股份,3.82,3.76,3.9,3.74,25723600.0
20260615,002192,融捷股份,90.0,90.9,92.15,86.0,41847300.0
20260615,002194,武汉凡谷,11.27,11.56,11.58,11.09,39713100.0
20260615,002195,岩山科技,6.98,7.08,7.15,6.96,125634600.0
20260615,002196,方正电机,12.55,12.75,12.76,12.5,21668800.0
20260615,002197,证通电子,6.15,6.26,6.35,6.15,17775400.0
20260615,002199,东晶电子,13.23,13.32,13.6,12.92,3117700.0
20260615,002200,交投生态,7.13,6.77,7.28,6.76,10902000.0
20260615,002201,九鼎新材,10.82,11.33,11.34,10.76,41281300.0
20260615,002202,金风科技,21.53,21.34,21.66,20.91,129334300.0
20260615,002203,海亮股份,23.0,24.79,25.5,22.5,180144500.0
20260615,002204,大连重工,5.67,5.71,5.73,5.64,17881300.0
20260615,002205,国统股份,11.76,11.4,11.9,11.35,3685600.0
20260615,002206,海 利 得,5.34,5.52,5.53,5.32,21088400.0
20260615,002208,合肥城建,15.92,16.45,16.75,15.88,73993900.0
20260615,002209,达 意 隆,11.57,11.38,11.82,11.32,5094900.0
20260615,002210,飞马国际,2.48,2.5,2.54,2.46,65123600.0
20260615,002212,天融信,6.42,6.42,6.47,6.31,32985900.0
20260615,002213,大为股份,38.55,39.23,39.33,37.4,31930700.0
20260615,002214,大立科技,15.56,15.74,15.74,15.0,4135000.0
20260615,002215,诺 普 信,9.57,10.04,10.16,9.51,51817700.0
20260615,002216,三全食品,12.57,12.44,12.68,12.28,6919100.0
20260615,002218,拓日新能,4.27,4.26,4.32,4.22,34371500.0
20260615,002219,新里程,2.0,1.96,2.03,1.94,67188400.0
20260615,002221,东华能源,6.11,6.09,6.21,5.97,22424600.0
20260615,002222,福晶科技,91.0,96.29,96.47,90.08,35212800.0
20260615,002223,鱼跃医疗,25.96,26.15,26.19,25.76,10000700.0
20260615,002224,三 力 士,3.6,3.59,3.65,3.55,9384800.0
20260615,002225,濮耐股份,4.18,4.22,4.3,4.13,69242000.0
20260615,002226,江南化工,4.9,4.9,4.98,4.86,28318500.0
20260615,002228,合兴包装,3.23,3.23,3.28,3.17,21313000.0
20260615,002229,鸿博股份,13.3,13.46,13.54,13.27,25538300.0
20260615,002230,科大讯飞,41.01,41.48,41.77,41.01,49322200.0
20260615,002232,启明信息,14.96,15.25,15.27,14.83,3435900.0
20260615,002233,塔牌集团,7.62,7.75,7.8,7.56,10085400.0
20260615,002234,民和股份,7.22,7.09,7.29,7.04,6963400.0
20260615,002235,安妮股份,9.64,9.76,10.31,9.62,38438100.0
20260615,002236,大华股份,16.0,16.12,16.15,15.86,39583900.0
20260615,002237,恒邦股份,13.39,13.64,13.65,13.24,31792700.0
20260615,002238,天威视讯,6.03,5.94,6.16,5.89,6412400.0
20260615,002239,奥特佳,2.48,2.49,2.55,2.47,55626000.0
20260615,002240,盛新锂能,51.1,51.63,53.47,49.15,89659100.0
20260615,002241,歌尔股份,23.21,23.56,23.6,23.11,74091200.0
20260615,002242,九阳股份,8.7,8.57,8.8,8.46,11088600.0
20260615,002243,力合科创,6.98,7.15,7.21,6.98,21049800.0
20260615,002244,滨江集团,9.44,9.14,9.49,8.95,36885300.0
20260615,002245,蔚蓝锂芯,19.46,20.06,20.6,19.29,110327300.0
20260615,002246,北化股份,21.19,20.73,21.19,20.5,20605000.0
20260615,002247,聚力文化,2.41,2.36,2.5,2.34,29801500.0
20260615,002248,华东数控,9.59,9.7,9.77,9.57,9000900.0
20260615,002249,大洋电机,7.96,8.15,8.2,7.96,33440700.0
20260615,002250,联化科技,14.4,14.14,14.49,13.98,20093900.0
20260615,002251,步步高,3.97,4.06,4.28,3.95,218202700.0
20260615,002252,上海莱士,4.95,4.93,5.05,4.88,111082800.0
20260615,002253,川大智胜,11.09,10.97,11.31,10.88,3611300.0
20260615,002254,泰和新材,17.69,17.48,17.97,17.06,93245200.0
20260615,002255,海陆重工,9.22,9.9,10.06,9.22,41744200.0
20260615,002256,兆新股份,4.13,4.19,4.25,4.13,64896000.0
20260615,002258,利尔化学,13.22,13.69,13.69,13.14,23176100.0
20260615,002259,升达林业,4.52,4.48,4.68,4.37,21113700.0
20260615,002261,拓维信息,29.82,30.19,30.3,29.56,67624400.0
20260615,002262,恩华药业,19.46,19.48,19.79,19.32,9390100.0
20260615,002263,大东南,3.85,4.15,4.15,3.85,113020900.0
20260615,002264,新 华 都,6.34,6.35,6.47,6.26,12608600.0
20260615,002265,建设工业,19.79,19.79,20.15,19.6,7983100.0
20260615,002266,浙富控股,4.8,4.95,4.98,4.78,82759000.0
20260615,002267,陕天然气,7.17,7.21,7.27,7.17,5937300.0
20260615,002268,电科网安,13.2,13.36,13.46,13.16,8221900.0
20260615,002269,美邦服饰,1.51,1.49,1.55,1.48,58605200.0
20260615,002270,华明装备,20.63,20.55,20.96,19.95,38140400.0
20260615,002271,东方雨虹,12.42,12.56,12.69,12.38,39113200.0
20260615,002272,川润股份,21.2,21.08,21.2,20.16,51721400.0
20260615,002273,水晶光电,33.0,34.46,34.59,32.86,72844200.0
,002274,华昌化工,5.27,5.33,5.39,5.27,12909100.0
20260615,002275,桂林三金,12.76,12.63,12.84,12.58,2604200.0
20260615,002276,万马股份,11.3,11.11,11.36,11.02,23785500.0
20260615,002277,友阿股份,6.45,6.39,6.51,6.16,38041300.0
20260615,002278,神开股份,8.58,8.66,8.76,8.55,7209900.0
20260615,002279,久其软件,6.91,6.93,7.02,6.8,25440500.0
20260615,002281,光迅科技,206.88,225.47,225.47,205.05,59367300.0
20260615,002282,博深股份,6.18,6.08,6.23,6.06,5993600.0
20260615,002283,天润工业,9.49,9.68,9.79,9.41,35226200.0
20260615,002284,亚太股份,10.67,10.88,11.15,10.65,16616700.0
20260615,002285,世联行,2.42,2.47,2.56,2.39,46904100.0
20260615,002286,保龄宝,9.26,9.46,9.74,9.26,10537400.0
20260615,002287,奇正藏药,20.44,20.57,20.78,20.43,1346900.0
20260615,002289,宇顺电子,39.9,40.58,40.9,39.8,1459300.0
20260615,002290,禾盛新材,78.93,82.58,82.65,78.92,7599700.0
20260615,002291,遥望科技,5.33,5.32,5.42,5.25,21741000.0
20260615,002292,奥飞娱乐,6.8,6.8,6.93,6.75,29148300.0
20260615,002293,罗莱生活,10.24,10.34,10.39,10.04,7546300.0
20260615,002294,信立泰,31.9,31.32,31.9,31.07,15941000.0
20260615,002295,精艺股份,9.91,9.99,10.3,9.86,4773500.0
20260615,002296,辉煌科技,9.6,9.73,9.77,9.58,6867100.0
20260615,002297,博云新材,21.9,23.1,23.22,21.51,144872000.0
20260615,002298,中电鑫龙,8.25,8.3,8.36,8.14,26939200.0
20260615,002299,圣农发展,16.29,16.47,16.53,16.25,8644200.0
20260615,002300,太阳电缆,7.53,7.63,7.68,7.49,15658500.0
20260615,002301,齐心集团,7.32,8.1,8.1,7.31,33568600.0
20260615,002302,西部建设,4.87,4.82,4.9,4.77,8674600.0
20260615,002303,美盈森,3.16,3.31,3.32,3.15,19762700.0
20260615,002304,洋河股份,43.08,43.09,43.55,42.64,6405600.0
20260615,002307,北新路桥,3.69,3.71,3.77,3.67,14351500.0
20260615,002309,中利集团,3.2,3.23,3.25,3.18,97060800.0
20260615,002310,东方新能,2.43,2.48,2.49,2.43,106050300.0
20260615,002311,海大集团,45.28,44.38,45.4,44.07,9891700.0
20260615,002312,川发龙蟒,8.84,8.93,9.08,8.8,46491900.0
20260615,002313,日海智能,8.24,8.17,8.34,8.11,6705000.0
20260615,002314,南山控股,2.33,2.27,2.39,2.26,48917700.0
20260615,002315,焦点科技,24.86,25.14,25.37,24.85,5076700.0
20260615,002316,亚联发展,4.67,4.47,4.79,4.42,21573000.0
20260615,002317,众生药业,22.3,22.4,22.55,21.7,30198600.0
20260615,002318,久立特材,23.49,23.46,24.14,23.3,20754600.0
20260615,002319,乐通股份,11.56,11.12,11.83,11.1,11027500.0
20260615,002320,海峡股份,7.02,7.08,7.41,7.01,28331000.0
20260615,002321,华英农业,1.84,1.81,1.89,1.81,25427200.0
20260615,002322,理工能科,10.65,10.8,10.88,10.65,2049100.0
20260615,002324,普利特,12.28,12.8,12.87,12.13,31372300.0
20260615,002326,永太科技,21.94,21.89,22.27,21.69,24443700.0
20260615,002327,富安娜,7.2,7.1,7.22,7.03,6772300.0
20260615,002328,新朋股份,7.96,8.07,8.07,7.8,30522900.0
20260615,002329,皇氏集团,3.2,3.16,3.44,3.12,42360700.0
20260615,002330,得利斯,3.91,3.84,3.99,3.81,13657200.0
20260615,002331,皖通科技,8.22,8.26,8.39,8.12,9350800.0
20260615,002332,仙琚制药,8.58,8.63,8.66,8.54,12722100.0
20260615,002333,罗普斯金,4.93,4.96,5.06,4.91,5396800.0
20260615,002334,英威腾,8.14,8.28,8.34,8.13,28947500.0
20260615,002335,科华数据,36.5,39.23,39.23,36.5,42137800.0
20260615,002337,赛象科技,4.98,5.03,5.12,4.98,7767800.0
20260615,002338,奥普光电,53.0,53.42,53.6,52.16,7049300.0
20260615,002339,积成电子,7.7,7.89,8.06,7.7,14251100.0
20260615,002340,格林美,7.48,7.58,7.58,7.4,154601400.0
20260615,002342,巨力索具,10.22,10.28,10.34,10.1,66422200.0
20260615,002343,慈文传媒,4.95,4.92,5.08,4.85,12159100.0
20260615,002344,海宁皮城,3.82,3.85,3.89,3.77,11945600.0
20260615,002345,潮宏基,9.77,9.99,10.17,9.68,49513700.0
20260615,002346,柘中股份,16.13,16.37,16.82,16.11,3747300.0
20260615,002347,泰尔股份,6.5,6.53,6.64,6.44,11345100.0
20260615,002348,高乐股份,11.75,12.43,12.54,11.6,53179500.0
20260615,002349,精华制药,6.47,6.53,6.57,6.47,5585300.0
20260615,002350,北京科锐,14.36,15.45,15.59,14.31,25113100.0
20260615,002351,漫步者,10.3,10.2,10.38,10.1,10070800.0
20260615,002352,顺丰控股,34.8,33.59,34.84,33.45,45708600.0
20260615,002353,杰瑞股份,146.01,154.87,155.55,144.08,23372600.0
20260615,002354,天娱数科,7.56,7.5,7.98,7.38,469836900.0
20260615,002355,兴民智通,4.9,4.94,5.15,4.86,27808800.0
20260615,002356,鹏飞绿能,3.19,3.19,3.22,3.14,30204600.0
20260615,002357,富临运业,9.5,9.43,9.89,9.38,6891900.0
20260615,002358,森源电气,5.9,5.97,6.04,5.89,15856900.0
20260615,002361,神剑股份,15.72,15.93,16.21,15.05,175853500.0
20260615,002362,汉王科技,18.5,18.63,18.67,18.13,14093400.0
20260615,002363,隆基机械,6.75,6.78,6.89,6.69,5842300.0
20260615,002364,中恒电气,47.24,51.16,51.16,47.24,40006200.0
20260615,002365,永安药业,10.96,10.87,11.17,10.8,5886600.0
20260615,002366,融发核电,6.04,6.15,6.17,6.03,35404600.0
20260615,002367,康力电梯,5.32,5.33,5.41,5.28,7598300.0
20260615,002368,太极股份,15.92,16.23,16.32,15.86,9967800.0
20260615,002369,卓翼科技,5.97,6.03,6.09,5.93,13513700.0
20260615,002370,亚太药业,5.23,5.24,5.35,5.2,14490500.0
20260615,002371,北方华创,669.8,682.22,687.66,640.0,12564000.0
20260615,002372,伟星新材,9.39,9.15,9.5,9.07,16942500.0
20260615,002373,千方科技,7.44,7.56,7.57,7.41,17449300.0
20260615,002374,中锐股份,3.2,3.18,3.26,3.16,18789900.0
20260615,002375,亚厦股份,3.84,3.78,3.89,3.75,22398300.0
20260615,002376,新北洋,6.12,6.15,6.22,6.09,10009600.0
20260615,002377,国创高新,2.81,2.8,2.88,2.76,28157400.0
20260615,002378,章源钨业,34.73,37.4,37.88,34.25,165984700.0
20260615,002379,宏桥控股,18.07,17.3,18.26,16.83,48113300.0
20260615,002380,科远智慧,37.04,37.39,37.4,36.5,7640800.0
20260615,002381,双箭股份,5.63,5.57,5.73,5.52,4440500.0
20260615,002382,蓝帆医疗,5.77,5.6,5.82,5.56,19762000.0
20260615,002383,合众思壮,7.42,7.4,7.45,7.29,8866700.0
20260615,002384,东山精密,222.47,239.31,239.31,215.39,85377100.0
20260615,002385,大北农,3.03,3.01,3.07,2.97,111233700.0
20260615,002386,天原股份,5.85,5.85,5.91,5.77,21648500.0
20260615,002387,维信诺,7.98,8.42,8.5,7.98,50000500.0
20260615,002388,新亚制程,5.1,5.17,5.24,5.08,32870500.0
20260615,002389,航天彩虹,18.7,18.99,19.1,18.65,20672500.0
20260615,002390,信邦制药,2.91,2.88,2.95,2.84,32991700.0
20260615,002391,长青股份,5.48,5.48,5.58,5.43,7450100.0
20260615,002392,北京利尔,7.7,8.0,8.0,7.69,25765000.0
20260615,002393,力生制药,14.28,14.37,14.52,14.17,1694400.0
20260615,002394,联发股份,9.37,9.38,9.53,9.19,5789600.0
20260615,002395,双象股份,13.45,13.5,13.8,13.38,6902600.0
20260615,002396,星网锐捷,17.79,18.87,19.04,17.61,35380300.0
20260615,002397,梦洁股份,4.27,4.24,4.48,4.21,13965300.0
20260615,002398,垒知集团,4.17,4.14,4.27,4.1,12506800.0
20260615,002399,海普瑞,9.27,9.2,9.38,9.11,5577400.0
20260615,002400,省广集团,7.02,7.12,7.17,7.02,53518800.0
20260615,002401,中远海科,12.7,12.97,13.2,12.7,4310600.0
20260615,002402,和而泰,24.1,24.86,24.87,24.03,31149300.0
20260615,002403,爱仕达,10.07,9.69,10.18,9.67,6775400.0
20260615,002404,嘉欣丝绸,6.32,6.34,6.49,6.25,16413000.0
20260615,002405,四维图新,7.43,7.48,7.6,7.43,40980100.0
20260615,002406,远东传动,7.29,7.42,7.45,7.25,30601700.0
20260615,002407,多氟多,39.28,40.14,41.0,37.81,226128600.0
20260615,002408,齐翔腾达,4.9,4.98,5.05,4.88,37256300.0
20260615,002409,雅克科技,133.32,138.83,138.88,128.0,40658900.0
20260615,002410,广联达,8.98,9.05,9.15,8.95,26151800.0
20260615,002412,汉森制药,6.25,6.59,6.65,6.24,16596700.0
20260615,002413,雷科防务,10.33,10.33,10.43,10.17,61683100.0
20260615,002414,高德红外,13.18,13.68,13.85,13.02,82104500.0
20260615,002415,海康威视,30.6,30.71,31.0,30.35,54637700.0
20260615,002416,爱施德,11.04,11.03,11.18,10.74,35093100.0
20260615,002418,康盛股份,4.23,4.28,4.35,4.21,49803900.0
20260615,002419,天虹股份,4.63,4.64,4.7,4.59,10118500.0
20260615,002420,毅昌科技,5.7,5.77,6.08,5.66,13897200.0
20260615,002421,达实智能,4.1,4.01,4.16,3.98,676817900.0
20260615,002422,科伦药业,37.31,36.49,37.31,36.23,16399000.0
20260615,002423,中粮资本,8.88,9.16,9.29,8.88,20806000.0
20260615,002425,凯撒文化,2.9,2.86,2.94,2.83,18547600.0
20260615,002426,胜利精密,3.49,3.86,3.86,3.49,452107500.0
20260615,002427,尤夫股份,4.49,4.54,4.78,4.48,18873800.0
20260615,002428,云南锗业,95.0,101.49,101.49,93.0,98206100.0
20260615,002429,兆驰股份,10.5,11.16,11.25,10.37,116729100.0
20260615,002430,杭氧股份,25.95,26.35,26.52,25.6,26267100.0
20260615,002432,九安医疗,63.88,66.99,66.99,63.1,7225400.0
20260615,002434,万里扬,7.15,7.38,7.39,7.07,34042800.0
20260615,002436,兴森科技,38.2,40.09,40.13,37.33,161510200.0
20260615,002437,誉衡药业,2.7,2.68,2.74,2.65,51889900.0
20260615,002438,江苏神通,15.42,15.5,15.54,15.15,8614800.0
20260615,002439,启明星辰,12.78,12.73,12.87,12.65,27757400.0
20260615,002440,闰土股份,9.59,9.98,9.98,9.43,98766100.0
20260615,002441,众业达,8.43,8.53,8.57,8.38,5050300.0
20260615,002442,龙星科技,5.25,5.22,5.34,5.21,20605300.0
20260615,002443,金洲管道,11.03,10.85,11.1,10.71,28316500.0
20260615,002444,巨星科技,31.05,31.8,32.24,31.0,11033900.0
20260615,002445,中南文化,3.17,3.21,3.28,3.16,85378900.0
20260615,002446,盛路通信,10.52,10.7,10.78,10.3,54530500.0
20260615,002448,中原内配,12.88,13.39,13.44,12.88,21992800.0
20260615,002449,国星光电,7.33,7.54,7.6,7.29,24798600.0
20260615,002451,摩恩电气,7.85,7.87,7.97,7.77,7926000.0
20260615,002452,长高电气,10.75,11.13,11.21,10.75,18072500.0
20260615,002453,华软科技,5.26,5.19,5.36,5.14,13141500.0
20260615,002454,松芝股份,5.34,5.47,5.54,5.34,12843300.0
20260615,002455,百川股份,8.13,8.17,8.27,8.08,33659600.0
20260615,002456,欧菲光,8.79,8.93,8.97,8.79,73804800.0
20260615,002457,青龙管业,12.9,12.98,13.18,12.64,52863500.0
20260615,002458,益生股份,8.26,8.35,8.36,8.15,21563800.0
20260615,002459,晶澳科技,8.8,8.7,8.81,8.56,70742500.0
20260615,002460,赣锋锂业,72.05,71.32,72.9,69.99,79151100.0
20260615,002461,珠江啤酒,9.25,9.16,9.31,9.04,18750700.0
20260615,002462,嘉事堂,13.54,13.73,13.88,13.5,11154900.0
20260615,002463,沪电股份,128.5,133.76,134.0,122.22,99419000.0
20260615,002465,海格通信,13.76,13.83,14.0,13.6,85740100.0
20260615,002466,天齐锂业,62.99,63.72,64.27,61.85,93016800.0
20260615,002467,二六三,5.2,5.3,5.3,5.19,34290500.0
20260615,002468,申通快递,14.2,13.98,14.39,13.77,20684400.0
20260615,002469,三维化学,7.18,6.98,7.18,6.84,30863900.0
20260615,002470,金正大,2.22,2.21,2.26,2.17,121800500.0
20260615,002471,中超控股,7.07,7.14,7.2,6.98,61320300.0
20260615,002472,双环传动,40.99,42.81,42.87,40.73,33414900.0
20260615,002474,榕基软件,7.09,7.16,7.21,7.02,16336900.0
20260615,002475,立讯精密,65.0,68.15,68.38,64.0,160091400.0
20260615,002476,新叶股份,5.38,5.39,5.57,5.32,13081800.0
20260615,002478,常宝股份,7.18,7.06,7.22,7.01,20602300.0
20260615,002479,富春环保,4.81,4.79,4.91,4.74,14414000.0
20260615,002480,新筑股份,5.58,5.61,5.64,5.53,7595100.0
20260615,002481,双塔食品,4.08,4.03,4.13,3.99,10439700.0
20260615,002482,广田集团,1.43,1.4,1.45,1.38,78358400.0
20260615,002483,润邦股份,5.48,5.45,5.53,5.39,9228000.0
20260615,002484,江海股份,83.66,86.73,88.11,82.5,46569300.0
20260615,002486,嘉麟杰,2.39,2.33,2.45,2.31,25175300.0
20260615,002487,大金重工,60.24,59.32,61.45,58.22,24875700.0
20260615,002488,金固股份,9.88,9.94,10.14,9.8,18313200.0
20260615,002489,浙江永强,3.3,3.23,3.36,3.2,53329100.0
20260615,002490,山东墨龙,8.3,8.22,8.47,8.1,83615800.0
20260615,002491,通鼎互联,23.66,24.13,24.13,22.7,183794800.0
20260615,002492,恒基达鑫,5.88,5.88,6.25,5.8,9833400.0
20260615,002493,荣盛石化,11.54,11.95,12.2,11.51,93317200.0
20260615,002494,华斯股份,5.15,4.93,5.26,4.88,12567900.0
20260615,002495,佳隆股份,2.33,2.29,2.4,2.26,25477900.0
20260615,002496,辉丰股份,2.37,2.33,2.42,2.3,25957700.0
20260615,002497,雅化集团,23.07,23.01,23.68,22.7,55264900.0
20260615,002498,汉缆股份,7.29,7.54,7.54,7.29,73460200.0
20260615,002500,山西证券,5.18,5.27,5.38,5.14,48836200.0
20260615,002506,协鑫集成,3.22,3.27,3.27,3.17,260641200.0
20260615,002507,涪陵榨菜,11.79,11.78,11.82,11.68,7844600.0
20260615,002508,老板电器,16.33,16.3,16.55,16.25,7169000.0
20260615,002510,天汽模,6.29,6.43,6.54,6.27,21921700.0
20260615,002511,中顺洁柔,6.99,7.1,7.15,6.95,12340200.0
20260615,002513,蓝丰生化,5.57,5.45,5.9,5.43,19593300.0
20260615,002515,金字火腿,8.09,8.28,8.28,7.57,124575400.0
20260615,002516,旷达科技,5.9,6.21,6.22,5.88,39565200.0
20260615,002517,恺英网络,14.72,14.98,15.09,14.7,46537600.0
20260615,002518,科士达,46.0,48.85,49.03,45.8,21910600.0
20260615,002519,银河电子,6.35,6.34,6.39,6.25,28781900.0
20260615,002520,日发精机,6.67,6.68,6.88,6.48,61834400.0
20260615,002521,齐峰新材,7.12,7.12,7.22,7.06,3210900.0
20260615,002522,浙江众成,6.9,7.42,7.54,6.89,118560500.0
20260615,002523,天桥起重,3.31,3.33,3.38,3.29,18499600.0
20260615,002524,光正眼科,3.7,3.51,3.75,3.48,18710300.0
20260615,002526,山东矿机,2.95,2.94,2.97,2.91,18274400.0
20260615,002527,新时达,13.57,13.89,13.91,13.45,19552400.0
20260615,002529,海源复材,7.7,7.82,7.99,7.6,17535700.0
20260615,002530,金财互联,7.71,7.77,7.89,7.7,13381900.0
20260615,002531,天顺风能,9.62,9.45,9.88,9.3,44659000.0
20260615,002532,天山铝业,13.75,13.52,13.97,13.24,148468200.0
20260615,002533,金杯电工,11.3,11.45,11.62,11.3,10267600.0
20260615,002534,西子洁能,20.29,20.51,20.84,19.9,16112800.0
20260615,002535,林州重机,2.5,2.48,2.67,2.44,29039200.0
20260615,002536,飞龙股份,41.99,45.22,45.4,41.7,41342600.0
20260615,002537,海联金汇,6.01,6.09,6.18,6.0,20518500.0
20260615,002539,云图控股,12.19,12.53,12.59,12.17,26257300.0
20260615,002540,亚太科技,5.2,5.25,5.34,5.18,11143400.0
20260615,002541,鸿路钢构,17.25,17.38,17.89,17.15,8398100.0
20260615,002543,万和电气,6.85,6.85,6.99,6.74,5281600.0
20260615,002544,普天科技,20.04,19.81,20.09,19.52,14180600.0
20260615,002545,东方铁塔,20.96,20.82,21.74,20.61,51954900.0
20260615,002546,新联电子,6.7,6.95,7.02,6.7,20465900.0
20260615,002548,金新农,4.05,3.97,4.11,3.9,31117800.0
20260615,002549,凯美特气,16.99,17.21,17.22,16.69,43698900.0
20260615,002550,千红制药,5.95,5.9,6.01,5.86,11489900.0
20260615,002551,尚荣医疗,2.98,2.91,3.05,2.89,13969000.0
20260615,002552,宝鼎科技,62.7,64.48,64.48,60.21,6679700.0
20260615,002553,南方精工,18.51,18.32,18.62,18.16,9050600.0
20260615,002554,惠博普,3.19,3.23,3.26,3.15,27840800.0
20260615,002555,三七互娱,17.9,18.19,18.19,17.87,33163300.0
20260615,002556,辉隆股份,5.17,5.12,5.24,5.08,12845200.0
20260615,002557,洽洽食品,20.18,20.53,20.7,19.89,12103100.0
20260615,002558,巨人网络,24.03,24.31,24.4,23.76,58795100.0
20260615,002559,亚威股份,9.71,10.06,10.39,9.59,56649900.0
20260615,002560,通达股份,8.3,8.41,8.49,8.25,30317800.0
20260615,002561,徐家汇,6.9,6.97,7.1,6.9,3965900.0
20260615,002562,兄弟科技,4.88,4.89,4.94,4.82,18289900.0
20260615,002563,森马服饰,5.48,5.41,5.49,5.35,24516100.0
20260615,002564,天沃科技,4.9,4.75,4.94,4.69,18811300.0
20260615,002565,顺灏股份,13.8,13.7,13.97,13.56,61744700.0
20260615,002566,益盛药业,6.8,6.81,7.0,6.8,4782900.0
20260615,002567,唐人神,3.46,3.54,3.62,3.46,30573100.0
20260615,002568,百润股份,20.0,19.49,20.41,19.32,26123700.0
20260615,002570,贝因美,4.78,4.88,4.95,4.76,35183900.0
20260615,002571,德力股份,11.7,11.19,12.09,10.52,16806200.0
20260615,002572,索菲亚,8.56,8.5,8.75,8.47,9032300.0
20260615,002573,清新环境,3.27,3.27,3.34,3.23,9141300.0
20260615,002574,明牌珠宝,4.76,4.74,4.92,4.69,6532600.0
20260615,002575,群兴玩具,5.98,6.17,6.19,5.97,46215200.0
20260615,002576,通达动力,16.12,16.34,16.47,16.02,4114800.0
20260615,002577,雷柏科技,18.13,18.46,18.76,18.13,4054200.0
20260615,002578,闽发铝业,3.73,3.67,3.83,3.64,40299100.0
20260615,002579,中京电子,15.38,16.35,16.43,15.28,126443800.0
20260615,002580,圣阳股份,21.01,21.61,21.64,20.9,52693200.0
20260615,002582,好想你,9.44,9.61,9.61,9.35,14650900.0
20260615,002583,海能达,9.4,9.5,9.62,9.33,46681900.0
20260615,002584,西陇科学,7.9,8.25,8.34,7.85,48087900.0
20260615,002585,双星新材,11.76,12.74,12.74,11.76,95463200.0
20260615,002586,围海股份,3.92,3.92,3.98,3.86,4564200.0
20260615,002587,奥拓电子,6.64,6.79,6.81,6.59,31593200.0
20260615,002588,史丹利,8.81,8.96,9.11,8.78,19354500.0
20260615,002589,瑞康医药,2.72,2.72,2.77,2.69,23620200.0
20260615,002590,万安科技,11.04,11.21,11.28,11.04,7418400.0
20260615,002591,恒大高新,7.23,7.1,7.48,7.07,11350700.0
20260615,002593,日上集团,4.48,4.54,4.6,4.46,13056100.0
20260615,002594,比亚迪,91.61,90.82,91.9,90.4,31297900.0
20260615,002595,豪迈科技,50.12,49.37,50.3,48.49,7761900.0
20260615,002596,海南瑞泽,3.67,3.6,3.76,3.58,30890300.0
20260615,002597,金禾实业,22.29,22.08,22.6,21.94,16605600.0
20260615,002599,盛通股份,5.86,5.8,5.99,5.78,8515200.0
20260615,002600,领益智造,14.15,15.04,15.06,14.1,202548200.0
20260615,002601,龙佰集团,15.1,15.69,15.92,15.08,58521800.0
20260615,002602,世纪华通,14.56,13.95,14.62,13.63,268825200.0
20260615,002603,以岭药业,15.69,15.93,15.94,15.6,12538100.0
20260615,002605,姚记科技,18.56,18.92,19.14,18.54,6632200.0
20260615,002606,大连电瓷,13.25,13.78,13.86,13.24,25768600.0
20260615,002607,中公教育,2.08,2.08,2.12,2.06,130262900.0
20260615,002608,江苏国信,8.83,9.01,9.02,8.73,60283800.0
20260615,002609,捷顺科技,7.43,7.49,7.6,7.41,6114000.0
20260615,002611,东方精工,18.2,18.63,18.76,18.11,82239000.0
20260615,002612,朗姿股份,12.08,12.08,12.29,11.95,4569900.0
20260615,002613,北玻股份,4.35,4.79,4.79,4.31,116199400.0
20260615,002614,奥佳华,4.9,4.83,4.99,4.79,12930900.0
20260615,002615,哈尔斯,7.94,7.48,7.97,7.38,17859500.0
20260615,002616,长青集团,4.95,4.96,5.03,4.93,11332800.0
20260615,002617,露笑科技,8.5,8.95,8.97,8.43,247067400.0
20260615,002622,皓宸医疗,2.39,2.3,2.44,2.29,27661800.0
20260615,002623,亚玛顿,17.42,17.23,17.5,17.08,4421500.0
20260615,002624,完美世界,13.15,13.21,13.4,12.96,76142900.0
20260615,002625,光启技术,38.54,38.3,38.9,37.94,26644900.0
20260615,002626,金达威,14.26,14.43,14.5,14.22,3041500.0
20260615,002627,三峡旅游,6.47,6.6,6.65,6.46,11435400.0
20260615,002628,成都路桥,4.91,5.06,5.1,4.86,25856400.0
20260615,002629,仁智股份,4.98,4.91,5.12,4.88,14347800.0
20260615,002631,德尔未来,7.7,7.93,8.0,7.6,28846500.0
20260615,002632,道明光学,9.72,9.97,10.02,9.72,11233700.0
20260615,002633,申科股份,17.0,16.85,17.48,16.6,3459700.0
20260615,002635,安洁科技,16.02,17.45,17.45,16.01,36880800.0
20260615,002636,金安国纪,90.92,97.34,98.0,90.16,61870500.0
20260615,002637,赞宇科技,12.74,12.5,12.78,12.29,28455300.0
20260615,002638,勤上股份,4.01,4.09,4.1,3.97,44209600.0
20260615,002639,雪人集团,14.5,14.91,14.97,14.33,39008200.0
20260615,002640,跨境通,3.52,3.61,3.61,3.49,70248400.0
20260615,002641,公元股份,4.29,4.25,4.35,4.2,19176900.0
20260615,002642,荣联科技,6.94,6.95,7.07,6.89,13590600.0
20260615,002643,万润股份,15.09,16.12,16.21,14.97,39014900.0
20260615,002644,佛慈制药,7.52,7.57,7.65,7.48,4423700.0
20260615,002645,华宏科技,29.59,30.57,30.91,28.6,66930400.0
20260615,002646,天佑德酒,6.94,6.93,7.08,6.88,7019700.0
20260615,002647,仁东控股,11.78,11.67,11.88,11.5,18973600.0
20260615,002648,卫星化学,23.99,23.27,24.0,22.72,84489500.0
20260615,002649,博彦科技,8.95,8.93,9.02,8.75,11746800.0
20260615,002651,利君股份,8.07,8.13,8.22,8.02,8000800.0
20260615,002652,扬子新材,4.86,4.66,4.95,4.61,27652300.0
20260615,002653,海思科,49.94,49.05,50.46,48.58,4036500.0
20260615,002654,万润科技,16.53,16.62,16.7,15.94,90564600.0
20260615,002655,共达电声,33.79,35.88,36.52,33.0,28748000.0
20260615,002656,摩登大道,3.17,3.2,3.25,3.15,6885500.0
20260615,002657,中科金财,21.11,21.85,22.1,21.0,34489400.0
20260615,002658,雪迪龙,8.21,8.37,8.43,8.16,12526000.0
20260615,002659,凯文教育,4.2,4.11,4.3,4.08,12090300.0
20260615,002660,茂硕电源,7.2,7.26,7.38,7.13,6295000.0
20260615,002661,克明食品,7.93,7.48,7.94,7.42,7024900.0
20260615,002662,峰璟股份,3.32,3.5,3.58,3.29,33532000.0
20260615,002663,普邦股份,1.7,1.68,1.76,1.66,45360900.0
20260615,002664,信质集团,18.0,19.53,19.53,17.76,10119700.0
20260615,002666,德联集团,4.4,4.39,4.5,4.33,10254300.0
20260615,002668,TCL智家,9.58,10.06,10.09,9.49,29639300.0
20260615,002669,康达新材,15.2,16.28,16.58,15.18,56051700.0
20260615,002670,国盛证券,11.48,11.73,12.07,11.42,40222600.0
20260615,002671,龙泉股份,4.18,4.08,4.25,4.06,13568400.0
20260615,002672,东江环保,3.67,3.54,3.73,3.52,19364900.0
20260615,002673,西部证券,6.46,6.61,6.78,6.46,50945500.0
20260615,002674,兴业科技,15.83,16.65,16.65,15.5,15394800.0
20260615,002675,东诚药业,12.45,12.43,12.57,12.34,5683200.0
20260615,002676,顺威股份,5.62,5.79,5.79,5.6,16762900.0
20260615,002677,浙江美大,6.76,6.69,6.86,6.66,5344100.0
20260615,002678,珠江钢琴,5.46,5.42,5.72,5.38,19210900.0
20260615,002679,福建金森,8.87,8.61,9.06,8.52,4358200.0
20260615,002681,奋达科技,4.81,4.84,4.93,4.79,42957200.0
20260615,002682,龙洲股份,4.82,4.83,5.0,4.77,19008800.0
20260615,002683,广东宏大,30.33,30.7,31.0,30.33,8779000.0
20260615,002685,华东重机,6.67,6.66,6.8,6.54,32616100.0
20260615,002686,亿利达,5.94,5.95,6.03,5.88,7552100.0
20260615,002687,乔治白,4.27,4.46,4.56,4.24,22550800.0
20260615,002688,金河生物,5.0,5.03,5.1,4.99,7363400.0
20260615,002690,美亚光电,14.47,14.65,14.66,14.47,6032600.0
20260615,002692,远程股份,4.17,4.21,4.32,4.15,13766200.0
20260615,002693,双成药业,9.15,9.06,9.32,8.97,9949200.0
20260615,002695,煌上煌,11.77,11.48,11.92,11.38,9876500.0
20260615,002696,百洋股份,5.52,5.4,5.73,5.36,11342900.0
20260615,002697,红旗连锁,4.55,4.59,4.61,4.53,14024400.0
20260615,002698,博实股份,11.43,11.48,11.58,11.37,12778400.0
20260615,002700,万憬能源,8.38,8.05,8.46,7.92,20951100.0
20260615,002701,奥瑞金,4.6,4.51,4.68,4.45,40414700.0
20260615,002702,海欣食品,5.12,4.97,5.22,4.95,18690500.0
20260615,002703,浙江世宝,15.6,15.92,16.05,15.55,21919100.0
20260615,002705,新宝股份,12.01,12.1,12.15,11.92,7448100.0
20260615,002706,良信股份,11.61,12.03,12.15,11.48,46722700.0
20260615,002707,众信旅游,5.53,5.5,5.6,5.46,14909600.0
20260615,002708,光洋股份,13.16,13.41,13.72,13.11,29605000.0
20260615,002709,天赐材料,50.0,49.02,50.31,48.57,108918700.0
20260615,002712,思美传媒,4.8,4.71,4.89,4.69,12726900.0
20260615,002713,东易日盛,10.12,10.45,10.58,10.12,7970900.0
20260615,002714,牧原股份,35.0,35.28,35.63,34.61,45504100.0
20260615,002715,登云股份,14.6,14.52,14.94,14.26,4222300.0
20260615,002716,湖南白银,9.37,9.57,9.57,9.28,157610400.0
20260615,002718,友邦吊顶,101.51,108.5,108.5,99.88,2391700.0
20260615,002721,金一文化,2.47,2.48,2.61,2.45,59444300.0
20260615,002722,物产金轮,12.79,12.9,13.22,12.79,3054700.0
20260615,002723,小崧股份,8.16,8.28,8.35,8.08,10412100.0
20260615,002724,海洋王,5.19,5.24,5.29,5.17,7047400.0
20260615,002725,跃岭股份,13.09,13.58,13.83,12.95,12889300.0
20260615,002727,一心堂,11.2,11.23,11.29,11.12,4636900.0
20260615,002728,特一药业,8.3,8.37,8.45,8.3,6155700.0
20260615,002729,好利科技,17.32,17.7,18.44,17.26,8024100.0
20260615,002730,电光科技,28.4,30.77,30.77,28.02,15456100.0
20260615,002732,燕塘乳业,13.99,13.68,14.21,13.63,1990100.0
20260615,002733,雄韬股份,36.95,37.73,37.98,35.57,56826600.0
20260615,002734,利民股份,15.3,14.9,15.49,14.72,18855700.0
20260615,002735,王子新材,18.6,19.49,19.8,18.37,58108000.0
20260615,002736,国信证券,10.35,10.44,10.62,10.29,61107000.0
20260615,002737,葵花药业,12.37,12.58,12.77,12.29,4823300.0
20260615,002738,中矿资源,62.8,62.5,64.8,61.3,50263000.0
20260615,002739,儒意电影,8.35,8.46,8.51,8.28,34504700.0
20260615,002741,光华科技,31.16,32.59,32.59,31.1,33533400.0
20260615,002742,冀衡医药,4.34,4.28,4.59,4.21,53155200.0
20260615,002743,富煌钢构,4.48,4.41,4.75,4.34,10880800.0
20260615,002745,木林森,9.5,10.25,10.25,9.38,95692600.0
20260615,002746,仙坛股份,5.49,5.52,5.6,5.43,20799100.0
20260615,002747,埃斯顿,32.79,33.23,33.39,31.87,89138100.0
20260615,002748,世龙实业,11.1,11.0,11.36,10.96,5514600.0
20260615,002749,国光股份,8.9,8.79,9.02,8.73,1712100.0
20260615,002752,昇兴股份,6.22,6.28,6.42,6.22,12795500.0
20260615,002753,永东股份,6.5,6.34,6.54,6.3,5557500.0
20260615,002755,奥赛康,13.17,13.03,13.29,13.01,8425900.0
20260615,002756,永兴材料,66.99,65.4,67.1,62.8,31490500.0
20260615,002757,南兴股份,19.98,20.27,20.41,19.7,26213500.0
20260615,002758,浙农股份,8.2,8.31,8.32,8.15,7124200.0
20260615,002760,凤形股份,17.92,17.79,18.39,17.53,4377900.0
20260615,002761,浙江建投,7.43,7.32,7.48,7.3,9248900.0
20260615,002762,金发拉比,8.33,8.7,8.7,8.14,2979900.0
20260615,002763,汇洁股份,7.72,7.72,7.83,7.63,5227200.0
20260615,002765,蓝黛科技,7.9,8.01,8.1,7.87,10488800.0
20260615,002766,索菱股份,4.04,4.02,4.12,4.0,18181700.0
20260615,002767,先锋电子,18.68,18.0,18.84,17.86,3560200.0
20260615,002768,国恩股份,69.95,75.81,76.93,67.6,17737100.0
20260615,002769,普路通,7.53,7.41,7.73,7.36,14577200.0
20260615,002771,真视通,14.66,14.58,15.22,14.41,12317600.0
20260615,002772,众兴菌业,13.08,13.15,13.23,12.92,8062000.0
20260615,002773,康弘药业,20.46,20.57,20.57,20.24,7228000.0
20260615,002774,快意电梯,10.9,10.93,11.16,10.73,5130300.0
20260615,002775,文科股份,3.84,3.85,3.89,3.77,11175900.0
20260615,002777,久远银海,13.42,13.45,13.58,13.29,4876400.0
20260615,002778,中晟高科,17.54,17.93,17.97,17.11,2805200.0
20260615,002779,中坚科技,83.27,84.45,85.0,81.83,3608300.0
20260615,002780,三夫户外,13.8,13.6,14.15,13.45,5392700.0
20260615,002782,可立克,22.34,23.36,23.37,22.34,15939800.0
20260615,002783,凯龙股份,7.51,7.58,7.79,7.48,8571400.0
20260615,002785,万里石,39.92,39.36,40.38,39.01,7084200.0
20260615,002786,银宝山新,8.11,8.22,8.39,8.09,16223500.0
20260615,002787,华源控股,25.5,26.11,26.43,25.0,19117200.0
20260615,002788,鹭燕医药,11.26,11.3,11.34,11.17,9664900.0
20260615,002790,瑞尔特,6.09,6.02,6.21,5.93,5472300.0
20260615,002791,坚朗五金,14.6,14.53,14.82,14.42,4695000.0
20260615,002792,通宇通讯,36.81,37.43,37.66,35.72,23805500.0
20260615,002793,罗欣药业,4.17,4.11,4.24,4.08,15240900.0
20260615,002795,永和智控,7.33,7.16,7.48,7.05,22157300.0
20260615,002796,世嘉科技,39.34,41.63,41.95,39.18,10710500.0
20260615,002797,第一创业,6.4,6.56,6.75,6.35,123564200.0
20260615,002798,帝欧水华,6.37,6.12,6.37,6.0,30195800.0
20260615,002799,环球印务,6.96,6.78,7.17,6.72,6041600.0
20260615,002800,天顺股份,15.01,14.46,15.26,14.34,3736000.0
20260615,002801,微光股份,30.51,31.15,31.17,30.24,1983700.0
20260615,002802,洪汇新材,12.3,12.3,12.87,12.19,4305300.0
20260615,002803,吉宏股份,21.68,22.01,22.11,21.3,9211200.0
20260615,002805,丰元股份,21.21,22.0,22.18,21.0,29736500.0
20260615,002806,华锋股份,17.12,18.82,18.82,17.12,16260300.0
20260615,002807,江阴银行,4.08,4.04,4.1,4.03,41932400.0
20260615,002809,红墙股份,8.4,8.56,8.81,8.35,22487900.0
20260615,002810,山东赫达,23.51,25.14,25.36,22.87,17921700.0
20260615,002811,郑中设计,12.45,12.45,12.6,12.29,5764300.0
20260615,002812,恩捷股份,68.72,67.92,69.33,66.69,47731200.0
20260615,002813,路畅科技,21.0,20.86,21.34,20.55,1545100.0
20260615,002815,崇达技术,17.05,18.87,18.87,17.05,67030600.0
20260615,002817,黄山胶囊,6.54,6.38,6.66,6.35,6456200.0
20260615,002818,富森美,11.2,11.42,11.47,11.19,4484200.0
20260615,002819,东方中科,21.42,21.45,21.58,21.2,1841900.0
20260615,002820,桂发祥,9.52,9.2,9.7,9.14,6137300.0
20260615,002821,凯莱英,115.84,114.56,115.84,112.66,4705800.0
20260615,002823,凯中精密,16.7,17.45,17.75,16.7,15641200.0
20260615,002824,和胜股份,29.23,31.74,31.74,29.02,14410900.0
20260615,002825,纳尔股份,9.52,9.46,9.62,9.37,2409700.0
20260615,002826,易明医药,15.51,16.7,16.87,15.33,7914400.0
20260615,002827,高争民爆,26.25,26.03,26.25,25.76,2918000.0
20260615,002828,贝肯能源,9.08,8.89,9.28,8.85,10019100.0
20260615,002829,星网宇达,19.55,19.93,20.06,19.12,6717600.0
20260615,002830,名雕股份,16.76,15.95,16.76,15.65,16026700.0
20260615,002831,裕同科技,30.27,30.5,31.2,29.75,20960800.0
20260615,002832,比音勒芬,21.16,21.7,21.73,20.54,21838500.0
20260615,002833,弘亚数控,17.57,17.62,17.75,17.4,5474500.0
20260615,002835,同为股份,12.69,12.74,12.96,12.64,2514500.0
20260615,002836,新宏泽,10.83,10.52,11.0,10.41,2844900.0
20260615,002837,英维克,67.3,70.53,70.68,66.27,54168600.0
20260615,002838,道恩股份,33.09,35.32,35.76,33.09,12009800.0
20260615,002839,张家港行,4.3,4.3,4.34,4.26,25288600.0
20260615,002840,华统股份,8.21,8.26,8.5,8.07,25211600.0
20260615,002841,视源股份,33.83,34.12,34.14,33.38,6303800.0
20260615,002842,翔鹭钨业,41.67,43.42,43.65,39.92,99864900.0
20260615,002843,泰嘉股份,21.25,21.96,21.98,21.21,16998100.0
20260615,002845,同兴达,14.42,14.9,15.08,14.29,22425700.0
20260615,002846,英联股份,11.92,12.37,12.44,11.89,9413100.0
20260615,002847,盐津铺子,54.23,53.28,54.6,52.78,3039600.0
20260615,002848,高斯贝尔,12.7,13.11,13.23,12.7,10207100.0
20260615,002849,威星智能,16.38,17.95,17.95,16.38,20256700.0
20260615,002850,科达利,190.11,191.3,192.74,186.76,5989700.0
20260615,002851,麦格米特,140.51,148.76,148.76,140.38,19922500.0
20260615,002852,道道全,7.76,7.76,7.95,7.68,3965500.0
20260615,002853,皮阿诺,23.66,23.16,23.69,23.01,1679300.0
20260615,002855,捷荣技术,10.68,10.7,11.14,10.55,4987600.0
20260615,002857,三晖电气,17.79,17.6,18.24,17.3,3904900.0
20260615,002858,力盛体育,12.04,11.87,12.26,11.76,4792700.0
20260615,002859,洁美科技,78.88,82.81,82.81,78.88,21691500.0
20260615,002860,星帅尔,13.0,13.51,13.55,12.99,10693300.0
20260615,002861,瀛通通讯,17.81,18.23,18.35,17.7,5623300.0
20260615,002862,实丰文化,15.0,14.74,15.22,14.71,3427500.0
20260615,002863,今飞凯达,4.85,4.82,4.95,4.8,10765900.0
20260615,002864,盘龙药业,27.15,27.51,27.51,26.98,1621200.0
20260615,002865,钧达股份,65.36,65.17,65.54,63.42,9711600.0
20260615,002866,传艺科技,17.48,17.98,18.12,17.48,6825000.0
20260615,002867,周大生,12.28,12.29,12.38,12.09,7782600.0
20260615,002868,绿康生化,26.44,26.27,27.65,25.86,2570400.0
20260615,002869,金溢科技,18.16,18.56,18.56,18.1,2530000.0
,002870,香山股份,40.0,40.4,40.6,39.71,3709600.0
20260615,002871,伟隆股份,20.01,21.02,21.59,20.01,8022900.0
20260615,002873,新天药业,8.14,8.0,8.32,7.95,7155800.0
20260615,002875,安奈儿,16.55,16.6,17.1,16.3,4948500.0
20260615,002876,三利谱,30.01,31.42,32.17,29.86,10967200.0
20260615,002877,智能自控,7.85,7.94,8.03,7.83,8554700.0
20260615,002878,元隆雅图,13.61,13.4,13.91,13.09,12995500.0
20260615,002879,长缆科技,14.68,14.82,14.9,14.5,4994000.0
20260615,002880,卫光生物,22.29,22.7,22.7,22.21,806800.0
20260615,002881,美格智能,40.6,40.73,41.29,40.21,8285500.0
20260615,002882,金龙羽,22.28,22.03,22.5,21.69,10526500.0
20260615,002884,凌霄泵业,16.24,16.47,16.51,16.2,1688300.0
20260615,002885,京泉华,38.19,39.35,39.7,38.01,13814300.0
20260615,002886,沃特股份,27.58,29.4,29.58,27.5,19539700.0
20260615,002887,绿茵生态,12.07,11.82,12.24,11.75,3149800.0
20260615,002888,惠威科技,19.64,19.73,20.35,19.36,4684600.0
20260615,002889,东方嘉盛,11.6,11.47,11.72,11.43,1579300.0
20260615,002890,弘宇股份,15.24,15.39,15.98,15.12,3005100.0
20260615,002891,中宠股份,28.7,29.07,29.68,28.53,6709000.0
20260615,002892,科力尔,10.4,10.33,10.5,10.17,17407900.0
20260615,002893,京能热力,10.17,10.21,10.32,10.06,10075500.0
20260615,002895,川恒股份,32.08,32.66,33.0,31.48,16467300.0
20260615,002896,中大力德,78.28,80.41,80.76,77.89,14450300.0
20260615,002897,意华股份,79.74,86.88,86.88,79.74,11523400.0
20260615,002899,英派斯,24.5,24.24,24.6,23.88,3893600.0
20260615,002900,哈三联,9.91,10.02,10.2,9.81,3614700.0
20260615,002901,大博医疗,42.29,42.48,42.59,41.78,1687200.0
20260615,002902,铭普光磁,33.39,34.27,34.71,32.91,32124900.0
20260615,002903,宇环数控,47.25,49.9,49.9,45.36,13039400.0
20260615,002905,金逸影视,7.6,7.45,7.7,7.37,4760700.0
20260615,002906,华阳集团,25.77,26.12,26.2,25.36,6423500.0
20260615,002907,华森制药,11.93,11.9,12.08,11.71,2394900.0
20260615,002908,德生科技,7.22,7.16,7.3,7.09,4706900.0
20260615,002909,集泰股份,5.55,5.6,5.72,5.5,8316800.0
20260615,002910,庄园牧场,10.15,10.19,10.3,9.58,11049500.0
20260615,002911,佛燃能源,10.42,10.48,10.56,10.36,5054900.0
20260615,002912,中新赛克,19.7,19.73,20.09,19.59,3019700.0
20260615,002913,奥士康,56.53,61.58,61.58,56.0,7538400.0
20260615,002915,中欣氟材,23.8,22.06,23.8,21.92,32702700.0
20260615,002916,深南电路,386.96,399.8,401.33,383.03,13449300.0
20260615,002917,金奥博,11.97,11.87,12.11,11.67,11384300.0
20260615,002918,蒙娜丽莎,11.7,11.55,12.05,11.47,12526300.0
20260615,002919,名臣健康,20.01,20.63,20.76,20.0,5583600.0
20260615,002920,德赛西威,87.5,89.32,89.96,87.49,7451000.0
20260615,002921,联诚精密,23.3,23.79,24.56,23.21,5107600.0
20260615,002922,伊戈尔,34.6,36.65,36.77,34.32,25498400.0
20260615,002923,润都股份,10.07,10.15,10.3,10.02,6391800.0
20260615,002925,盈趣科技,21.01,21.65,21.75,20.98,18822400.0
20260615,002926,华西证券,8.09,8.27,8.47,8.08,29265700.0
20260615,002927,泰永长征,19.87,20.22,20.52,19.36,25810000.0
20260615,002928,华夏航空,7.43,7.29,7.58,7.24,57475300.0
20260615,002929,润建股份,60.88,61.41,62.17,60.28,16944600.0
20260615,002930,宏川智慧,10.14,10.04,10.14,9.75,14109700.0
20260615,002931,锋龙股份,65.2,65.4,66.15,63.36,14359400.0
20260615,002933,新兴装备,28.56,29.04,29.39,28.28,1910800.0
20260615,002935,天奥电子,22.0,22.29,22.45,21.02,23138000.0
20260615,002936,郑州银行,1.78,1.79,1.8,1.77,87086300.0
20260615,002937,兴瑞科技,37.34,40.42,40.77,37.15,25354300.0
20260615,002938,鹏鼎控股,103.44,104.64,105.0,98.61,57578000.0
20260615,002939,长城证券,8.21,8.42,8.59,8.21,44926000.0
20260615,002940,昂利康,27.95,28.32,28.32,27.48,11358800.0
20260615,002941,新疆交建,11.16,11.2,11.32,11.01,9131300.0
20260615,002942,新农股份,16.4,16.12,16.78,15.98,1521500.0
20260615,002943,宇晶股份,49.91,53.3,53.4,49.91,9850600.0
20260615,002945,华林证券,13.81,14.26,14.63,13.81,16092500.0
20260615,002946,新乳业,16.6,16.85,16.89,16.49,4204700.0
20260615,002947,恒铭达,85.25,89.51,90.89,85.09,9711300.0
20260615,002948,青岛银行,5.95,5.87,5.98,5.84,45572000.0
20260615,002949,华阳国际,11.32,11.24,11.65,11.16,3193400.0
20260615,002950,奥美医疗,9.24,9.11,9.34,9.05,9291700.0
20260615,002951,金时科技,15.95,16.33,16.79,15.8,17849600.0
20260615,002952,亚世光电,23.2,23.72,23.92,23.19,4549300.0
20260615,002953,日丰股份,9.79,9.79,9.93,9.72,3704600.0
20260615,002955,鸿合科技,31.3,32.67,33.2,31.3,14562400.0
20260615,002956,西麦食品,21.91,21.91,22.32,21.22,4210400.0
20260615,002957,科瑞技术,51.25,54.9,54.98,50.75,22761700.0
20260615,002958,青农商行,2.96,2.93,2.97,2.91,92663300.0
20260615,002959,小熊电器,34.35,34.28,34.7,34.01,909300.0
20260615,002960,青鸟智控,8.93,9.04,9.09,8.9,31141800.0
20260615,002961,瑞达期货,19.79,21.46,21.46,19.79,8904300.0
20260615,002962,五方光电,16.22,17.43,17.84,16.22,42082800.0
20260615,002963,豪尔赛,18.94,18.31,19.14,18.13,6228800.0
20260615,002965,祥鑫科技,39.71,40.47,40.7,39.01,18833700.0
20260615,002966,苏州银行,8.26,8.14,8.34,8.08,62493700.0
20260615,002967,广电计量,17.56,18.1,18.13,17.56,10837800.0
20260615,002968,新大正,9.53,9.35,9.75,9.29,3350000.0
20260615,002969,嘉美包装,16.49,15.89,16.86,15.5,84218600.0
20260615,002970,锐明技术,62.88,66.28,66.44,62.85,6351100.0
20260615,002971,和远气体,55.76,56.78,59.9,52.23,44016400.0
20260615,002972,科安达,13.24,14.54,14.54,13.1,11795800.0
20260615,002973,侨银股份,12.79,12.59,12.93,12.59,2666400.0
20260615,002975,博杰股份,123.99,133.51,133.51,123.94,10462900.0
20260615,002976,瑞玛精密,30.93,29.59,32.0,29.59,10653200.0
20260615,002978,安宁股份,27.15,27.72,27.76,27.08,5111900.0
20260615,002979,雷赛智能,50.42,51.39,51.85,49.87,10146100.0
20260615,002980,华盛昌,110.01,112.98,116.88,106.0,12893200.0
20260615,002981,朝阳科技,26.73,25.54,27.62,25.04,15198800.0
20260615,002982,湘佳股份,13.24,12.89,13.3,12.81,11856800.0
20260615,002983,芯瑞达,23.95,24.58,24.69,23.95,4217300.0
20260615,002984,森麒麟,15.23,15.62,15.69,15.09,20809500.0
20260615,002985,北摩高科,30.58,31.12,31.31,30.2,15754600.0
20260615,002986,宇新股份,11.58,11.16,11.68,11.14,6437400.0
20260615,002987,京北方,11.5,11.63,11.9,11.42,18308100.0
20260615,002988,豪美新材,25.61,25.37,26.09,25.17,3313100.0
20260615,002989,中天精装,26.78,28.07,28.16,26.75,5920400.0
20260615,002990,盛视科技,45.5,49.46,49.46,45.01,7870300.0
20260615,002991,甘源食品,43.42,43.84,44.4,43.22,716200.0
20260615,002992,宝明科技,43.07,46.33,46.33,42.81,4239000.0
20260615,002993,奥海科技,64.79,65.23,67.1,64.51,7759400.0
20260615,002995,天地在线,21.68,21.78,22.6,21.41,11458200.0
20260615,002996,顺博合金,6.46,6.51,6.6,6.43,9426800.0
20260615,002997,瑞鹄模具,29.7,29.97,29.99,29.13,7614100.0
20260615,002998,优彩资源,7.45,7.41,7.7,7.37,8358400.0
20260615,002999,天禾股份,6.03,5.9,6.14,5.87,8063500.0
20260615,003000,劲仔食品,10.88,10.94,10.96,10.67,7493700.0
20260615,003001,中岩大地,15.82,14.69,16.14,14.57,9689700.0
20260615,003002,壶化股份,20.94,20.65,21.26,20.5,2638300.0
20260615,003003,天元股份,11.29,11.02,11.59,10.96,4270300.0
20260615,003004,声迅股份,63.89,65.5,65.98,62.85,4018200.0
20260615,003005,竞业达,14.98,14.82,15.18,14.72,2474500.0
20260615,003006,百亚股份,15.42,16.17,16.29,15.42,6299900.0
20260615,003007,直真科技,39.6,39.49,39.7,39.01,2147100.0
20260615,003008,开普检测,18.81,18.48,19.23,18.33,1668600.0
20260615,003009,中天火箭,60.61,63.75,65.72,58.88,16920000.0
20260615,003010,若羽臣,24.77,25.12,25.59,24.42,9178400.0
20260615,003011,海象新材,19.63,19.45,20.21,19.23,2657200.0
20260615,003012,东鹏控股,4.78,4.69,4.86,4.68,12392400.0
20260615,003013,地铁设计,14.93,15.82,15.83,14.81,4978500.0
20260615,003015,日久光电,12.4,13.02,13.32,12.4,15877800.0
20260615,003016,欣贺股份,6.93,6.9,7.14,6.85,3478100.0
20260615,003017,大洋生物,26.9,27.0,27.38,26.51,1686700.0
20260615,003018,金富科技,58.0,61.85,62.11,56.29,16826900.0
20260615,003019,宸展光电,31.0,31.55,31.94,30.31,9156700.0
20260615,003020,立方制药,15.58,15.4,15.74,15.28,1417600.0
20260615,003021,兆威机电,97.77,99.15,99.79,97.23,3606900.0
20260615,003022,联泓新科,25.64,27.25,27.72,25.48,41248700.0
20260615,003023,彩虹集团,22.71,21.99,22.89,21.96,3933400.0
20260615,003025,思进智能,16.26,16.93,16.95,15.7,17917500.0
20260615,003026,中晶科技,32.83,34.52,34.67,31.9,27833800.0
20260615,003027,同兴科技,20.56,20.21,20.77,20.1,2821100.0
20260615,003028,振邦智能,24.48,24.92,25.4,24.48,1200200.0
20260615,003029,吉大正元,18.1,18.09,18.35,17.9,1909100.0
20260615,003030,祖名股份,23.98,24.15,25.25,23.6,4377900.0
20260615,003031,中瓷电子,142.8,150.46,150.5,137.88,16305400.0
20260615,003032,传智教育,6.22,6.44,6.68,6.17,17659800.0
20260615,003033,征和工业,49.18,49.75,50.87,48.9,1319400.0
20260615,003035,南网能源,6.15,6.26,6.26,6.15,39352400.0
20260615,003036,泰坦股份,80.79,90.38,90.38,80.79,9203500.0
20260615,003037,三和管桩,6.28,6.26,6.35,6.19,3822300.0
20260615,003038,鑫铂股份,12.48,12.64,12.81,12.46,4028900.0
20260615,003039,顺控发展,12.31,12.42,12.47,12.21,4407300.0
20260615,003040,楚天龙,12.14,12.04,12.33,11.91,6992000.0
20260615,003041,真爱美家,46.0,45.99,46.64,45.01,2275900.0
20260615,003042,中农联合,13.91,13.43,14.21,13.37,4659300.0
20260615,003043,华亚智能,80.23,85.1,85.1,79.0,7438700.0
20260615,003816,中国广核,4.35,4.42,4.44,4.34,121666200.0
20260615,300001,特锐德,36.37,37.38,37.68,36.07,37119900.0
20260615,300002,神州泰岳,7.31,7.52,7.57,7.31,54994900.0
20260615,300003,乐普医疗,11.88,11.94,12.1,11.8,25859900.0
20260615,300004,南风股份,12.01,12.26,12.3,11.9,14821300.0
20260615,300005,探路者,14.64,17.54,17.54,14.64,115179900.0
20260615,300006,莱美药业,5.03,5.12,5.24,4.99,26429000.0
20260615,300007,汉威科技,39.26,40.16,40.26,39.25,10766800.0
20260615,300008,天海防务,6.62,6.71,6.77,6.58,52688700.0
20260615,300009,安科生物,7.81,7.83,7.9,7.75,12409600.0
20260615,300011,鼎汉技术,6.03,6.06,6.19,5.97,6550400.0
20260615,300012,华测检测,14.03,14.41,14.64,14.02,29514800.0
20260615,300013,新宁物流,4.11,4.01,4.23,3.98,21783100.0
20260615,300014,亿纬锂能,58.45,58.77,58.87,57.52,50082800.0
20260615,300015,爱尔眼科,8.46,8.45,8.56,8.39,67742400.0
20260615,300016,北陆药业,7.63,7.7,7.77,7.61,10725500.0
20260615,300017,网宿科技,14.5,14.61,14.72,14.41,103324800.0
20260615,300018,中元股份,11.72,12.44,12.48,11.72,19192200.0
20260615,300019,硅宝科技,17.39,18.0,18.33,17.26,11492000.0
20260615,300021,大禹节水,3.8,3.83,3.86,3.76,10946800.0
20260615,300022,吉峰科技,7.62,7.69,7.78,7.58,12099100.0
20260615,300024,机器人,15.0,16.96,17.0,14.81,119150200.0
20260615,300025,华星创业,4.61,4.64,4.74,4.57,10592200.0
20260615,300026,红日药业,3.06,3.08,3.12,3.05,22620700.0
20260615,300030,阳普医疗,6.51,6.4,6.66,6.32,7206900.0
20260615,300031,宝通科技,24.9,27.31,27.31,24.78,35980400.0
20260615,300032,金龙机电,4.05,4.11,4.21,4.02,25472800.0
20260615,300033,同花顺,205.0,212.73,222.56,205.0,26488300.0
20260615,300034,钢研高纳,17.34,17.68,17.78,17.21,15640900.0
20260615,300035,中科电气,17.2,17.41,17.54,17.15,23267300.0
20260615,300036,超图软件,12.15,12.3,12.31,12.02,19598600.0
20260615,300037,新宙邦,74.7,77.38,77.66,72.72,40957400.0
20260615,300039,上海凯宝,4.5,4.44,4.55,4.4,14452300.0
20260615,300040,九洲集团,6.39,6.46,6.5,6.34,24048300.0
20260615,300041,回天新材,13.25,13.92,14.0,13.14,49393900.0
20260615,300042,朗科科技,61.5,62.59,62.98,60.3,18892000.0
20260615,300043,星辉娱乐,4.46,4.49,4.53,4.44,27009600.0
20260615,300045,华力创通,18.12,18.35,18.43,18.02,15904400.0
20260615,300046,台基股份,28.54,29.61,29.62,28.17,8279900.0
20260615,300047,天源迪科,9.72,9.92,10.04,9.72,14626600.0
20260615,300048,合康新能,5.33,5.35,5.42,5.29,10445100.0
20260615,300049,福瑞医科,42.5,43.34,43.47,42.5,5379300.0
20260615,300050,世纪鼎利,6.3,6.32,6.5,6.3,17969100.0
20260615,300051,琏升科技,9.68,9.63,9.85,9.5,16399800.0
20260615,300052,中青宝,11.86,12.08,12.27,11.77,20863000.0
20260615,300053,航宇微,16.7,16.67,16.83,16.4,27546900.0
20260615,300054,鼎龙股份,82.0,85.57,86.33,77.42,68631700.0
20260615,300055,万邦达,8.0,7.71,8.11,7.69,22161200.0
20260615,300056,中创环保,8.41,8.19,8.53,8.15,26806700.0
20260615,300057,万顺新材,8.41,8.84,8.96,8.36,81008500.0
20260615,300058,蓝色光标,14.63,15.07,15.15,14.63,237975200.0
20260615,300059,东方财富,18.0,18.89,19.48,17.95,625621900.0
20260615,300061,旗天科技,7.8,7.59,7.99,7.54,27443600.0
20260615,300062,中能电气,6.21,6.3,6.34,6.2,13386800.0
20260615,300063,天龙集团,9.4,9.57,9.63,9.32,27361800.0
20260615,300065,海兰信,18.91,19.15,19.16,18.71,26439500.0
20260615,300066,三川智慧,5.78,5.96,5.96,5.74,36092000.0
20260615,300067,安诺其,5.25,5.43,5.49,5.22,44205900.0
20260615,300069,金利华电,35.22,34.66,35.31,34.2,9083000.0
20260615,300070,碧水源,3.55,3.48,3.59,3.45,57237900.0
20260615,300071,福石控股,3.85,3.9,3.95,3.83,22307500.0
20260615,300072,海新能科,3.66,3.64,3.74,3.61,28102100.0
20260615,300073,当升科技,50.47,50.95,50.96,49.81,14800700.0
20260615,300074,华平股份,3.9,3.85,4.0,3.81,24838300.0
20260615,300075,数字政通,11.79,11.83,12.0,11.65,9990700.0
20260615,300077,国民技术,21.65,22.22,22.23,21.19,34627600.0
20260615,300078,思创智联,3.21,3.19,3.27,3.14,20285600.0
20260615,300079,数码视讯,4.7,4.71,4.76,4.64,31244500.0
20260615,300080,易成新能,4.02,3.95,4.02,3.93,15296400.0
20260615,300082,奥克股份,9.05,9.55,9.66,9.04,17211700.0
20260615,300083,创世纪,10.36,10.79,10.98,10.35,94878300.0
20260615,300084,海默科技,12.6,12.16,12.78,11.82,34135300.0
20260615,300085,银之杰,27.38,27.19,28.87,26.56,73069100.0
20260615,300086,康芝药业,6.21,6.19,6.36,6.11,11958300.0
20260615,300088,长信科技,7.58,7.84,8.04,7.57,251412600.0
20260615,300092,科新机电,12.94,13.25,13.27,12.91,3372500.0
20260615,300093,金刚光伏,20.03,23.2,23.95,19.59,19371300.0
20260615,300094,国联水产,2.83,2.79,2.87,2.76,26020100.0
20260615,300095,华伍股份,8.9,8.87,8.95,8.72,8664100.0
20260615,300097,智云股份,9.12,9.52,9.83,9.06,13624200.0
20260615,300098,高新兴,5.02,5.04,5.08,4.98,33144800.0
20260615,300099,尤洛卡,7.61,7.99,8.02,7.61,21658400.0
20260615,300100,双林股份,28.8,29.54,29.55,28.73,8244900.0
20260615,300101,振芯科技,16.6,16.7,16.76,16.45,9297000.0
20260615,300102,乾照光电,23.2,23.89,23.93,23.1,33296000.0
20260615,300103,达刚控股,8.45,8.2,8.57,8.13,11273800.0
20260615,300105,龙源技术,6.63,6.49,6.76,6.44,31024100.0
20260615,300106,西部牧业,11.57,11.2,11.83,11.08,9709900.0
20260615,300107,建新股份,6.18,6.21,6.42,6.1,10685200.0
20260615,300109,新开源,17.31,17.71,17.8,17.27,6522300.0
20260615,300110,华仁药业,2.68,2.63,2.72,2.61,26578800.0
20260615,300111,向日葵,3.15,3.13,3.21,3.09,25896300.0
20260615,300112,万讯自控,6.79,6.84,6.99,6.73,7990300.0
20260615,300113,顺网科技,19.55,20.0,20.09,19.35,19606300.0
20260615,300115,长盈精密,29.73,30.76,30.78,29.73,38687200.0
20260615,300118,东方日升,13.67,13.59,13.81,13.26,44602800.0
20260615,300119,瑞普生物,15.77,15.88,16.03,15.74,2830100.0
20260615,300120,经纬辉开,9.06,9.51,9.62,8.97,67575400.0
20260615,300121,阳谷华泰,11.44,11.43,12.25,11.15,54259900.0
20260615,300122,智飞生物,12.38,12.36,12.54,12.21,18653300.0
20260615,300124,汇川技术,69.0,69.3,69.77,68.01,34189400.0
20260615,300125,聆达股份,9.15,9.0,9.3,8.98,5354200.0
20260615,300126,锐奇股份,6.52,6.5,6.78,6.35,5685200.0
20260615,300127,银河磁体,28.41,28.79,29.06,28.18,6687700.0
20260615,300128,锦富技术,5.92,5.87,6.06,5.8,65644800.0
20260615,300129,泰胜风能,9.34,9.56,9.6,9.32,14650600.0
20260615,300130,新国都,21.12,21.71,22.11,21.06,14989300.0
20260615,300131,英唐智控,16.95,19.26,19.66,16.95,160502400.0
20260615,300132,诺斯贝尔,6.45,6.4,6.53,6.34,13271800.0
20260615,300133,华策影视,7.29,7.39,7.4,7.23,72175000.0
20260615,300134,大富科技,9.65,9.76,9.89,9.52,13806800.0
20260615,300135,宝利国际,3.34,3.3,3.44,3.27,21316700.0
20260615,300136,信维通信,94.0,97.7,98.99,90.0,98909500.0
20260615,300137,先河环保,16.45,17.56,17.65,16.39,27282200.0
20260615,300138,晨光生物,9.95,10.06,10.19,9.92,4277900.0
20260615,300139,晓程科技,44.6,44.7,46.58,43.8,45272300.0
20260615,300140,节能环境,5.48,5.49,5.61,5.42,17463900.0
20260615,300141,和顺电气,10.36,10.41,10.67,10.28,4796200.0
20260615,300142,沃森生物,11.4,11.65,11.66,11.36,56966700.0
20260615,300143,盈康生命,7.06,7.0,7.18,6.93,7362600.0
20260615,300144,宋城演艺,6.36,6.39,6.5,6.28,35268000.0
20260615,300145,南方泵业,4.78,4.71,4.86,4.68,129699400.0
20260615,300146,汤臣倍健,9.83,10.02,10.07,9.78,17911700.0
20260615,300148,天舟文化,3.38,3.4,3.46,3.37,19890200.0
20260615,300149,睿智医药,7.86,7.81,7.99,7.75,7488000.0
20260615,300150,世纪瑞尔,4.16,4.18,4.27,4.12,9244800.0
20260615,300151,昌红科技,20.87,22.52,22.81,20.87,25930800.0
20260615,300153,科泰电源,24.18,24.87,24.94,23.85,10848300.0
20260615,300154,瑞凌股份,8.79,9.29,9.38,8.76,13502800.0
20260615,300155,安居宝,4.4,4.37,4.54,4.3,8431400.0
20260615,300157,新锦动力,4.18,4.18,4.3,4.09,50144800.0
20260615,300158,振东制药,5.04,5.06,5.11,4.99,7737700.0
20260615,300159,新研股份,4.13,4.11,4.19,4.1,25698300.0
20260615,300160,秀强股份,4.66,4.67,4.72,4.63,5286200.0
20260615,300161,华中数控,29.94,30.99,31.0,29.94,4705300.0
20260615,300162,雷曼光电,10.33,10.38,10.58,10.09,46570500.0
20260615,300163,先锋新材,6.27,6.03,6.3,5.9,30818500.0
20260615,300164,通源石油,8.96,9.09,9.18,8.76,95090900.0
20260615,300165,天瑞仪器,5.74,5.75,5.91,5.65,16389200.0
20260615,300166,东方国信,14.79,15.34,15.39,14.71,71312100.0
20260615,300168,万达信息,4.82,4.86,4.92,4.77,19899600.0
20260615,300169,天晟新材,5.28,5.23,5.45,5.14,10347300.0
20260615,300170,汉得信息,17.51,17.63,17.81,17.39,37601700.0
20260615,300171,东富龙,11.13,11.48,11.8,11.12,12009600.0
20260615,300172,中电环保,4.56,4.56,4.62,4.52,11970600.0
20260615,300174,元力股份,23.71,25.88,26.08,23.6,46498100.0
20260615,300175,朗源股份,5.21,5.22,5.33,5.13,9409100.0
20260615,300176,鸿特科技,5.49,5.39,5.59,5.36,11446300.0
20260615,300177,中海达,6.84,6.91,6.99,6.79,9273500.0
20260615,300179,四方达,40.34,42.91,43.38,38.7,62751900.0
20260615,300180,华峰超纤,4.51,4.52,4.65,4.46,28020800.0
20260615,300181,佐力药业,13.28,13.34,13.43,13.21,8627000.0
20260615,300182,捷成股份,5.53,5.74,5.81,5.53,180619600.0
20260615,300183,东软载波,11.05,11.14,11.17,10.8,8851400.0
20260615,300184,力源信息,14.62,15.8,15.85,14.62,156342900.0
20260615,300185,通裕重工,2.77,2.78,2.82,2.76,86428100.0
20260615,300187,永清环保,5.19,5.14,5.32,5.1,15030000.0
20260615,300188,国投智能,10.43,10.45,10.59,10.36,7614500.0
20260615,300189,神农种业,4.97,4.93,5.02,4.86,53120900.0
20260615,300190,维尔利,4.03,4.06,4.15,3.99,20924500.0
20260615,300191,潜能恒信,29.33,29.3,29.7,28.2,9638200.0
20260615,300192,科德教育,16.3,17.12,17.18,16.19,11413900.0
20260615,300193,佳士科技,7.81,8.7,8.78,7.81,25539300.0
20260615,300194,福安药业,3.63,3.64,3.67,3.59,7937500.0
20260615,300195,长荣股份,5.55,5.57,5.72,5.5,8354800.0
20260615,300196,长海股份,25.62,27.26,27.67,25.56,50339700.0
20260615,300197,节能铁汉,2.54,2.56,2.76,2.45,305209600.0
20260615,300199,翰宇药业,21.8,23.03,23.15,21.69,44979100.0
20260615,300200,高盟新材,9.21,9.41,9.45,9.19,8694100.0
20260615,300201,海伦哲,18.47,18.26,18.73,18.07,39371000.0
20260615,300203,聚光科技,12.53,13.28,13.58,12.5,18231900.0
20260615,300204,舒泰神,21.0,20.74,21.04,20.4,18143800.0
20260615,300206,理邦仪器,13.5,13.37,13.69,13.18,8732600.0
20260615,300207,欣旺达,20.47,20.58,20.63,20.12,57378800.0
20260615,300209,行云科技,26.8,27.13,28.42,25.77,90043300.0
20260615,300210,森远股份,9.71,9.72,9.86,9.6,13322300.0
20260615,300213,佳讯飞鸿,6.89,6.96,7.04,6.86,10053700.0
20260615,300214,日科化学,7.25,7.67,7.94,7.25,16631400.0
20260615,300215,电科院,7.06,7.2,7.2,7.01,20293300.0
20260615,300217,东方电热,4.58,4.65,4.67,4.56,28961100.0
20260615,300218,安利股份,12.92,12.82,13.05,12.74,3343800.0
20260615,300219,鸿利智汇,8.14,8.52,8.53,8.14,47699500.0
20260615,300220,金运激光,11.68,11.5,11.9,11.31,2952900.0
20260615,300221,银禧科技,15.58,16.76,17.15,15.47,68849800.0
20260615,300222,科大智能,11.99,12.63,12.88,11.88,59305100.0
20260615,300223,君正股份,149.62,164.3,164.76,145.35,51580000.0
20260615,300224,正海磁材,12.61,12.84,12.84,12.53,27150700.0
20260615,300225,金力泰,8.3,9.03,9.2,8.08,35288900.0
20260615,300226,上海钢联,17.05,17.29,17.58,17.01,9568400.0
20260615,300227,光韵达,9.86,10.85,10.88,9.8,34460600.0
20260615,300228,富瑞特装,7.7,7.98,7.98,7.7,21191200.0
20260615,300229,拓尔思,15.39,15.61,15.75,15.32,18767700.0
20260615,300230,永利股份,4.64,4.65,4.72,4.6,10782200.0
20260615,300231,银信科技,8.46,8.62,8.76,8.46,10389900.0
20260615,300232,洲明科技,5.87,6.05,6.14,5.86,34648300.0
20260615,300233,金城医药,12.51,12.46,12.65,12.33,5880100.0
20260615,300234,开尔新材,10.6,11.08,11.19,10.3,46748800.0
20260615,300235,方直科技,14.35,14.21,14.56,14.12,14367500.0
20260615,300236,上海新阳,96.99,100.49,100.58,93.01,16086000.0
20260615,300238,冠昊生物,10.99,10.9,11.27,10.76,4565500.0
20260615,300239,东宝生物,4.88,5.3,5.55,4.88,43341000.0
20260615,300240,飞力达,5.63,5.58,5.95,5.54,10736000.0
20260615,300241,瑞丰光电,6.2,6.48,6.5,6.2,55263700.0
20260615,300242,佳云科技,4.75,4.65,4.81,4.6,23736500.0
20260615,300243,瑞丰高材,18.5,19.75,19.88,18.4,33788600.0
20260615,300244,迪安诊断,19.49,18.87,20.1,18.5,70734300.0
20260615,300246,宝莱特,16.08,16.87,17.23,15.98,13031400.0
20260615,300247,融捷健康,4.12,4.13,4.17,4.07,12725600.0
20260615,300248,新开普,8.45,8.45,8.64,8.33,9761400.0
20260615,300249,依米康,14.88,15.4,15.45,14.8,18889800.0
20260615,300250,初灵信息,15.45,15.88,16.04,15.45,5433500.0
20260615,300251,光线传媒,11.37,11.56,11.6,11.32,39933400.0
20260615,300252,金信诺,16.65,17.67,17.67,16.6,75440800.0
20260615,300253,卫宁健康,7.2,7.3,7.33,7.18,43087000.0
20260615,300254,仟源医药,9.59,9.29,9.69,9.2,11152000.0
20260615,300255,常山药业,31.73,30.33,33.16,29.5,37609400.0
20260615,300256,星星科技,2.8,2.87,2.92,2.8,36616400.0
20260615,300257,开山股份,26.48,28.51,28.72,26.21,13305800.0
20260615,300258,精锻科技,11.79,12.1,12.18,11.79,12208700.0
20260615,300259,新天科技,5.42,6.11,6.26,5.4,66446000.0
20260615,300260,新莱应材,73.0,75.41,75.82,70.14,27480700.0
20260615,300261,雅本化学,4.9,4.87,4.96,4.83,8531300.0
20260615,300263,隆华科技,15.75,15.99,16.41,15.3,197099900.0
20260615,300264,佳创视讯,8.92,8.86,9.21,8.56,45019400.0
20260615,300265,通光线缆,20.9,22.38,22.41,20.71,56330100.0
20260615,300266,兴源环境,2.04,2.04,2.1,2.02,17895200.0
20260615,300267,尔康制药,3.5,3.48,3.54,3.45,34586700.0
20260615,300268,佳沃食品,11.72,11.28,12.0,11.1,3325900.0
20260615,300269,联建光电,4.96,5.12,5.23,4.88,27770500.0
20260615,300270,中威电子,11.44,11.88,11.95,11.44,8473700.0
20260615,300271,华宇软件,5.36,5.34,5.43,5.29,7993800.0
20260615,300272,开能健康,5.75,5.79,5.88,5.7,7632600.0
20260615,300274,阳光电源,151.0,149.1,151.51,146.44,56545800.0
20260615,300275,梅安森,9.12,9.19,9.34,9.09,6751700.0
20260615,300276,三丰智能,7.45,7.92,7.98,7.44,71326300.0
20260615,300277,汽轮科技,13.65,14.21,14.56,13.64,32200500.0
20260615,300278,华昌达,4.29,4.4,4.41,4.28,25702400.0
20260615,300279,和晶科技,6.72,6.96,7.07,6.72,17168100.0
20260615,300281,金明精机,7.14,7.13,7.26,6.96,12974800.0
20260615,300283,温州宏丰,16.74,17.8,18.1,16.7,85319900.0
20260615,300284,苏交科,5.85,5.8,6.01,5.77,18833000.0
20260615,300285,国瓷材料,59.53,63.3,63.84,58.55,143396200.0
20260615,300286,安科瑞,26.64,27.45,27.46,26.47,9854400.0
20260615,300287,飞利信,3.51,3.58,3.6,3.5,30309100.0
20260615,300288,朗玛信息,9.78,9.76,10.01,9.67,4195100.0
20260615,300289,利德曼,6.59,6.22,6.64,6.15,20260600.0
20260615,300291,百纳千成,5.3,5.29,5.4,5.22,29268500.0
20260615,300292,吴通控股,5.63,6.28,6.3,5.49,219562400.0
20260615,300293,蓝英装备,17.16,17.81,17.87,17.14,7232100.0
20260615,300294,博雅生物,16.57,16.67,16.87,16.46,6474600.0
20260615,300296,利亚德,6.5,6.64,6.65,6.49,89891400.0
20260615,300298,三诺生物,14.78,14.92,14.97,14.64,4829500.0
20260615,300299,富春股份,5.16,5.22,5.31,5.15,15228300.0
20260615,300300,海峡创新,8.84,8.9,9.08,8.77,37753000.0
20260615,300302,同有科技,44.88,46.0,46.13,43.8,42544900.0
20260615,300303,聚飞光电,8.6,8.97,9.0,8.6,77098000.0
20260615,300304,云意电气,15.89,16.82,17.29,15.78,56579300.0
20260615,300305,裕兴股份,7.2,7.49,7.59,7.2,28148600.0
20260615,300306,远方信息,10.4,10.46,10.69,10.35,2971600.0
20260615,300307,慈星股份,8.12,8.73,8.77,8.03,82700500.0
20260615,300308,中际旭创,1175.0,1245.0,1245.0,1122.0,34223700.0
20260615,300310,宜通世纪,4.66,4.73,4.74,4.64,20878500.0
20260615,300311,任子行,5.02,5.07,5.12,5.01,7327500.0
20260615,300313,天山生物,8.41,8.43,8.54,8.37,1841000.0
20260615,300314,戴维医疗,9.71,9.68,10.0,9.61,2615700.0
20260615,300315,掌趣科技,4.13,4.15,4.21,4.11,49355100.0
20260615,300316,晶盛机电,47.15,52.15,52.75,46.4,50932400.0
20260615,300317,珈伟新能,4.73,4.82,4.89,4.71,44299700.0
20260615,300318,博晖创新,4.65,4.57,4.75,4.53,7610700.0
20260615,300319,麦捷科技,20.01,20.83,21.63,20.0,136436000.0
20260615,300320,海达股份,8.19,8.27,8.38,8.15,9680000.0
20260615,300321,同大股份,40.32,41.27,42.1,40.11,2200400.0
20260615,300322,硕贝德,28.36,28.96,29.07,27.82,43952300.0
20260615,300323,华灿光电,14.96,16.04,16.05,14.96,105653300.0
20260615,300324,旋极信息,3.95,4.04,4.09,3.93,44785000.0
20260615,300327,中颖电子,25.9,26.66,26.72,25.31,19042200.0
20260615,300328,宜安科技,18.28,19.42,19.66,18.24,70584100.0
20260615,300329,海伦钢琴,12.18,12.49,12.58,12.16,3165100.0
20260615,300331,苏大维格,66.25,67.33,67.6,62.6,28378100.0
20260615,300332,天壕能源,4.56,4.57,4.69,4.53,19767900.0
20260615,300333,兆日科技,9.63,10.1,10.27,9.63,19113600.0
20260615,300334,津膜科技,13.15,11.93,14.12,11.12,71548400.0
20260615,300335,迪森股份,5.35,5.4,5.5,5.33,12513400.0
20260615,300337,银邦股份,12.11,12.11,12.28,11.92,23874200.0
20260615,300339,润和软件,40.15,40.61,40.95,39.94,21328700.0
20260615,300340,科恒股份,9.48,9.37,9.66,9.29,5627400.0
20260615,300341,麦克奥迪,14.16,14.93,15.14,14.16,9974000.0
20260615,300342,天银机电,52.0,50.51,52.0,49.0,42270200.0
20260615,300345,华民股份,5.97,6.07,6.14,5.88,27610700.0
20260615,300346,南大光电,59.38,61.63,62.24,58.32,76643700.0
20260615,300347,泰格医药,39.48,39.4,39.77,38.31,25584000.0
20260615,300348,长亮科技,9.5,9.78,10.19,9.48,23621000.0
20260615,300349,金卡智能,11.4,11.48,11.51,11.25,8362900.0
20260615,300350,华鹏飞,4.35,4.35,4.53,4.28,16376700.0
20260615,300351,永贵电器,16.02,16.86,16.96,15.91,16981800.0
20260615,300353,东土科技,22.2,22.4,22.44,21.86,35780700.0
20260615,300354,东华测试,31.68,32.0,32.13,31.58,1657600.0
20260615,300355,蒙草生态,2.96,2.97,3.03,2.94,18276300.0
20260615,300357,我武生物,21.46,21.2,21.8,20.7,11193300.0
20260615,300358,楚天科技,7.96,8.12,8.17,7.96,16115600.0
20260615,300359,全通教育,3.93,3.88,4.06,3.82,13309300.0
20260615,300360,炬华科技,12.65,12.79,12.89,12.56,4745400.0
20260615,300363,博腾股份,14.18,14.05,14.19,13.87,10538500.0
20260615,300364,中文在线,22.23,23.62,23.77,22.23,47087700.0
20260615,300365,恒华科技,4.84,4.84,4.94,4.78,12377100.0
20260615,300368,汇金股份,8.79,9.02,9.5,8.74,33970600.0
20260615,300369,绿盟科技,5.87,5.94,6.03,5.8,15994800.0
20260615,300370,安控科技,2.3,2.28,2.37,2.26,22636700.0
20260615,300371,汇中股份,10.99,10.82,11.26,10.61,2857400.0
20260615,300373,扬杰科技,98.77,105.15,105.98,94.72,28167500.0
20260615,300374,中铁装配,11.98,11.85,12.34,11.77,5464900.0
20260615,300375,鹏翎股份,4.36,4.84,4.86,4.36,43192200.0
20260615,300376,易事特,6.23,6.34,6.54,6.11,105739900.0
20260615,300377,赢时胜,15.1,16.1,17.82,15.05,143635400.0
20260615,300378,鼎捷数智,36.42,37.75,38.27,36.42,14648800.0
20260615,300380,安硕信息,29.93,30.97,32.18,29.93,5250300.0
20260615,300381,溢多利,5.85,5.81,5.98,5.76,7677800.0
20260615,300382,斯莱克,14.5,14.89,15.02,14.37,17877100.0
20260615,300383,光环新网,12.26,12.58,12.58,12.19,67515700.0
20260615,300384,三联虹普,12.01,12.3,12.54,12.01,2680400.0
20260615,300386,飞天诚信,10.17,10.35,10.63,10.15,6484100.0
20260615,300387,富邦科技,7.57,7.48,7.68,7.4,7260300.0
20260615,300388,节能国祯,7.08,7.14,7.26,7.06,5378900.0
20260615,300389,艾比森,13.36,13.58,13.61,13.25,6206000.0
20260615,300390,天华新能,96.1,97.12,98.6,92.01,79953600.0
20260615,300393,中来股份,8.14,8.11,8.31,8.07,23673600.0
20260615,300394,天孚通信,286.56,305.04,306.12,277.18,54172800.0
20260615,300395,菲利华,121.37,127.32,127.32,118.28,42504600.0
20260615,300397,天和防务,13.03,13.75,13.75,13.0,30692100.0
20260615,300398,飞凯材料,41.5,43.45,43.66,40.38,72335900.0
20260615,300399,天利科技,18.38,20.47,21.88,18.25,21250700.0
20260615,300400,劲拓股份,40.0,43.21,43.52,39.83,28225600.0
20260615,300401,花园生物,14.29,14.69,14.95,13.8,51296000.0
20260615,300402,宝色股份,16.41,16.7,16.95,16.41,4134400.0
20260615,300403,汉宇集团,10.25,10.44,10.46,10.18,9911500.0
20260615,300404,博济医药,8.44,8.42,8.57,8.34,9246800.0
20260615,300405,科隆股份,5.99,5.8,6.21,5.76,13674200.0
20260615,300406,九强生物,11.51,11.54,11.86,11.39,4939800.0
20260615,300407,凯发电气,11.72,12.08,12.23,11.71,6295800.0
20260615,300408,三环集团,133.6,150.25,151.79,131.11,83102000.0
20260615,300409,道氏技术,21.12,21.88,21.89,21.12,26806400.0
20260615,300410,正业科技,10.89,11.8,11.93,10.86,53746100.0
20260615,300412,迦南科技,4.33,4.31,4.44,4.24,12091200.0
20260615,300413,芒果超媒,15.97,16.15,16.23,15.9,15337900.0
20260615,300414,中光防雷,12.15,12.13,12.32,12.06,5884600.0
20260615,300415,伊之密,21.0,21.45,21.57,20.95,6639200.0
20260615,300416,苏试试验,17.92,18.34,18.45,17.68,26952700.0
20260615,300417,南华仪器,11.58,11.21,11.84,11.04,6034300.0
20260615,300418,昆仑万维,39.0,39.22,39.83,38.31,49663000.0
20260615,300420,五洋自控,6.34,6.54,6.6,6.32,123123000.0
20260615,300421,力星股份,20.22,20.41,20.68,20.21,6347700.0
20260615,300422,博世科,4.92,4.92,5.09,4.84,11186100.0
20260615,300423,昇辉科技,6.0,5.97,6.2,5.94,10172400.0
20260615,300424,航新科技,18.15,18.18,18.48,18.05,11975300.0
20260615,300425,中建环能,4.17,4.13,4.24,4.09,9117900.0
20260615,300426,华智数媒,5.77,5.63,5.87,5.57,7665000.0
20260615,300427,红相股份,7.1,7.28,7.37,7.04,25071900.0
20260615,300428,立中集团,19.1,19.65,19.69,19.04,9106100.0
20260615,300429,强力新材,14.68,15.58,15.63,14.6,37746800.0
20260615,300432,富临精工,23.69,22.99,23.93,22.67,46056100.0
20260615,300433,蓝思科技,43.1,45.98,46.46,42.18,232050000.0
20260615,300434,金石亚药,9.23,9.25,9.37,9.12,7136900.0
20260615,300435,中泰股份,19.31,20.54,20.77,19.18,31145700.0
20260615,300436,广生堂,85.67,86.56,87.26,84.27,5604000.0
20260615,300437,清水源,12.0,12.0,12.26,11.75,17013600.0
20260615,300438,鹏辉能源,75.87,74.13,76.94,72.68,31321400.0
20260615,300439,美康生物,8.64,8.63,8.8,8.51,3780900.0
20260615,300440,运达科技,19.3,19.78,19.79,19.15,10903200.0
20260615,300441,鲍斯股份,6.06,6.18,6.21,6.06,6506600.0
20260615,300442,润泽科技,74.8,78.55,78.82,74.66,39192800.0
20260615,300443,金雷股份,22.28,22.44,22.6,22.24,6281200.0
20260615,300444,双杰电气,12.64,13.14,13.16,12.64,38485800.0
20260615,300445,康斯特,22.8,23.42,23.55,22.5,4486300.0
20260615,300446,航天智造,16.08,16.43,16.45,16.08,11045200.0
20260615,300447,全信股份,15.76,16.18,16.53,15.52,7678300.0
20260615,300448,浩云科技,6.58,6.7,6.82,6.45,31792900.0
20260615,300449,汉邦高科,7.67,7.87,7.95,7.63,16855800.0
20260615,300450,先导智能,42.01,42.6,42.64,41.68,44034500.0
20260615,300451,创业慧康,3.59,3.55,3.64,3.5,26584400.0
20260615,300452,山河药辅,12.14,12.11,12.33,11.98,3532500.0
20260615,300453,三鑫医疗,9.31,9.32,9.45,9.23,4918500.0
20260615,300454,深信服,99.0,101.92,102.23,99.0,9318200.0
20260615,300455,航天智装,23.43,23.1,23.6,22.85,12317700.0
20260615,300456,赛微电子,39.0,40.46,40.55,38.6,32777200.0
20260615,300457,赢合科技,23.35,24.52,24.57,23.18,17960100.0
20260615,300458,全志科技,30.7,32.85,32.87,30.35,40377000.0
20260615,300459,汤姆猫,3.68,3.68,3.71,3.62,70754700.0
20260615,300461,田中精机,42.34,42.6,43.08,41.8,4804300.0
20260615,300463,迈克生物,8.6,8.65,8.7,8.52,6968600.0
20260615,300464,星徽股份,7.66,7.81,7.89,7.5,13802400.0
20260615,300465,高伟达,16.3,16.74,16.83,15.88,31098800.0
20260615,300466,赛摩智能,7.65,7.59,7.8,7.52,8045400.0
20260615,300467,迅游科技,32.84,33.22,33.39,32.61,4222200.0
20260615,300468,四方精创,23.51,24.85,24.87,23.27,38288200.0
20260615,300469,信息发展,53.88,54.47,54.74,52.87,6080100.0
20260615,300470,中密控股,30.74,31.12,31.48,30.01,3483300.0
20260615,300471,厚普股份,9.15,9.22,9.34,9.08,5277800.0
20260615,300473,德尔股份,30.0,30.67,31.08,29.7,4703100.0
20260615,300474,景嘉微,51.28,53.05,53.08,51.09,9874100.0
20260615,300475,香农芯创,193.0,204.29,205.0,184.3,49174900.0
20260615,300476,胜宏科技,336.29,344.5,344.81,325.77,37928600.0
20260615,300478,杭州高新,38.53,38.84,40.88,37.58,5532800.0
20260615,300479,神思电子,14.31,14.25,14.52,14.08,3381300.0
20260615,300480,光力科技,36.63,37.16,37.38,35.95,24507900.0
20260615,300481,濮阳惠成,16.9,18.77,18.89,16.54,50423100.0
20260615,300482,万孚生物,19.65,18.94,19.67,18.72,17998800.0
20260615,300483,首华燃气,19.11,19.25,19.85,18.81,25246900.0
20260615,300484,蓝海华腾,14.26,14.71,14.82,14.26,3653600.0
20260615,300485,赛升药业,8.48,8.35,8.61,8.27,5193900.0
20260615,300486,东杰智能,23.65,23.58,23.9,22.9,18407700.0
20260615,300487,蓝晓科技,53.64,54.58,55.55,53.33,6648000.0
20260615,300488,恒锋工具,37.99,39.2,39.83,37.01,9299400.0
20260615,300489,光智科技,168.0,195.43,195.43,163.3,10674800.0
20260615,300490,华自科技,14.27,14.45,14.6,14.14,15004700.0
20260615,300491,通合科技,28.93,31.76,32.17,28.93,11964900.0
20260615,300492,华图山鼎,37.42,38.27,39.2,37.33,2564800.0
20260615,300493,润欣科技,13.45,13.97,13.99,13.43,14228100.0
20260615,300494,盛天网络,9.28,9.24,9.38,9.11,9910000.0
20260615,300496,中科创达,60.62,61.36,61.5,60.33,12645900.0
20260615,300497,富祥股份,16.3,17.39,17.55,16.28,49116200.0
20260615,300498,温氏股份,12.94,13.08,13.27,12.9,53277000.0
20260615,300499,高澜股份,34.66,37.71,37.99,34.66,27824100.0
20260615,300500,启迪设计,10.3,9.96,10.54,9.91,3501200.0
20260615,300501,海顺新材,13.09,13.27,13.39,13.06,4758100.0
20260615,300502,新易盛,515.0,540.49,540.88,490.13,61230200.0
20260615,300503,昊志机电,78.27,81.1,81.8,77.62,20464000.0
20260615,300504,天邑股份,16.95,17.85,18.11,16.9,12616100.0
20260615,300505,川金诺,22.51,22.7,22.92,22.13,43655900.0
20260615,300507,苏奥传感,7.08,7.24,7.29,7.06,11204400.0
20260615,300508,维宏股份,47.88,53.7,54.98,47.18,7401100.0
20260615,300509,新美星,9.3,9.18,9.46,9.06,4731900.0
20260615,300510,金冠股份,3.49,3.46,3.53,3.42,14775800.0
20260615,300511,雪榕生物,5.56,5.61,5.73,5.53,20623100.0
20260615,300512,中亚股份,7.63,7.49,7.76,7.44,3805200.0
20260615,300513,恒实科技,7.6,7.52,7.71,7.41,6265700.0
20260615,300514,友讯达,10.52,10.38,10.65,10.21,2988400.0
20260615,300515,三德科技,14.85,14.91,15.09,14.75,2293900.0
20260615,300516,久之洋,36.0,36.9,36.98,35.22,8098800.0
20260615,300517,海波重科,10.0,9.93,10.49,9.9,8000900.0
20260615,300518,新迅达,26.81,26.42,28.2,25.95,8226500.0
20260615,300519,新光药业,13.19,12.97,13.46,12.83,2278500.0
20260615,300520,科大国创,29.15,29.48,29.5,28.81,10381600.0
20260615,300521,爱司凯,28.78,29.31,29.49,28.31,6398300.0
20260615,300522,世名科技,11.68,12.24,12.36,11.68,20083800.0
20260615,300523,辰安科技,20.0,20.1,20.25,19.8,2280100.0
20260615,300525,博思软件,9.11,9.02,9.26,8.92,24392600.0
20260615,300528,幸福蓝海,14.35,14.43,14.55,14.0,9160200.0
20260615,300529,健帆生物,16.49,16.53,16.73,16.28,7622300.0
20260615,300530,领湃科技,18.65,18.91,19.62,18.65,3277600.0
20260615,300531,优博讯,15.0,15.36,15.43,15.0,8930500.0
20260615,300532,今天国际,6.9,6.86,7.02,6.81,8660400.0
20260615,300533,冰川网络,14.85,15.03,15.16,14.8,5919500.0
20260615,300534,陇神戎发,7.62,7.63,7.77,7.56,4452300.0
20260615,300535,达威股份,15.5,14.98,15.78,14.79,2189600.0
20260615,300536,农尚环境,9.75,9.8,10.24,9.54,19703700.0
20260615,300537,广信材料,26.06,28.3,28.99,26.06,34100100.0
20260615,300538,同益股份,16.81,17.6,17.95,16.81,12016100.0
20260615,300539,横河精密,22.22,22.76,22.9,22.22,5035800.0
20260615,300540,蜀道装备,24.64,24.4,25.14,23.77,16779100.0
20260615,300541,先进数通,10.4,10.51,10.62,10.34,7447500.0
20260615,300542,新晨科技,12.25,12.52,12.72,12.2,4891400.0
20260615,300543,朗科智能,8.17,8.19,8.34,8.11,4579700.0
20260615,300545,联得装备,33.33,35.46,35.58,33.33,16728000.0
20260615,300546,雄帝科技,16.2,16.54,16.88,16.19,3727500.0
20260615,300547,川环科技,33.49,35.45,35.58,33.15,11132700.0
20260615,300548,长芯博创,229.0,268.84,268.84,229.0,26291000.0
20260615,300549,优德精密,14.9,14.46,15.15,14.26,2711900.0
20260615,300550,和仁科技,14.41,14.43,15.06,14.25,10964800.0
20260615,300551,古鳌科技,11.0,11.04,11.6,10.81,12416200.0
20260615,300552,万集科技,26.14,25.69,26.65,25.49,6075900.0
20260615,300553,集智股份,65.13,68.88,69.99,63.84,6289000.0
20260615,300554,三超新材,28.59,30.16,30.21,28.09,10197800.0
20260615,300556,丝路视觉,20.58,20.01,20.98,19.79,15974600.0
20260615,300557,理工光科,28.64,31.0,31.26,28.12,11632800.0
20260615,300558,贝达药业,52.83,53.35,53.77,52.32,16352900.0
20260615,300559,佳发教育,10.7,10.59,10.81,10.5,4643400.0
20260615,300560,中富通,17.52,18.65,18.75,17.41,15950100.0
20260615,300561,汇金科技,13.22,13.55,14.19,13.22,28779700.0
20260615,300562,乐心医疗,11.67,11.75,12.0,11.59,5067500.0
20260615,300563,神宇股份,27.0,28.59,28.75,26.81,7178500.0
20260615,300564,筑博设计,12.55,12.59,13.07,12.13,6496100.0
20260615,300565,科信技术,11.65,12.25,12.55,11.6,21677300.0
20260615,300566,激智科技,34.18,35.19,36.16,32.77,43303200.0
20260615,300567,精测电子,200.0,208.46,210.0,192.15,10607300.0
20260615,300568,星源材质,18.8,18.7,19.03,17.81,133837700.0
20260615,300569,天能重工,4.88,5.08,5.09,4.88,24756200.0
20260615,300570,太辰光,203.23,222.1,222.1,203.01,30235400.0
20260615,300571,平治信息,39.86,41.58,41.7,39.61,10545800.0
20260615,300572,安车检测,26.66,27.5,27.5,26.6,4476900.0
20260615,300573,兴齐眼药,37.3,37.78,38.0,37.18,7193900.0
20260615,300575,中旗股份,5.73,5.64,5.8,5.6,10136100.0
20260615,300576,容大感光,48.24,48.94,49.62,45.77,39145500.0
20260615,300577,开润股份,15.89,15.78,16.11,15.69,2186300.0
20260615,300578,会畅科技,18.58,19.16,19.2,18.58,5655000.0
20260615,300579,数字认证,21.69,21.88,22.29,21.64,2867100.0
20260615,300580,贝斯特,23.38,23.7,23.7,23.22,9044300.0
20260615,300581,晨曦航空,12.41,13.06,13.16,12.21,57049200.0
20260615,300582,英飞特,14.2,14.49,14.75,13.94,8440300.0
20260615,300583,赛托生物,12.23,11.84,12.38,11.8,3846200.0
20260615,300584,海辰药业,31.0,31.5,31.73,30.8,2096300.0
20260615,300585,奥联电子,17.86,17.93,18.1,17.56,3517700.0
20260615,300586,美联新材,13.72,13.82,13.96,13.33,60058800.0
20260615,300587,天铁科技,4.66,4.69,4.8,4.66,20162500.0
20260615,300588,熙菱信息,19.27,22.09,22.09,19.25,7283500.0
20260615,300589,江龙船艇,12.96,13.26,13.31,12.87,10998400.0
20260615,300590,移为通信,14.24,14.78,14.8,14.12,16200300.0
20260615,300591,万里马,7.15,7.33,7.42,7.09,15679900.0
20260615,300592,华凯易佰,13.21,12.87,13.43,12.76,17571200.0
20260615,300593,新雷能,35.0,36.06,36.3,34.06,32844900.0
20260615,300595,欧普康视,11.29,11.27,11.47,11.17,7769900.0
20260615,300596,利安隆,39.5,41.33,41.79,39.33,4674100.0
20260615,300597,吉大通信,8.03,8.0,8.18,7.89,4988600.0
20260615,300598,诚迈科技,31.0,31.35,31.59,30.9,3872400.0
20260615,300599,雄塑科技,13.84,13.2,13.95,12.75,30986000.0
20260615,300600,国瑞科技,10.66,10.71,10.88,10.57,5139300.0
20260615,300601,康泰生物,11.6,11.56,11.71,11.48,15283100.0
20260615,300602,飞荣达,42.71,46.52,46.88,42.3,40774900.0
20260615,300603,立昂技术,8.48,8.56,8.68,8.45,13357100.0
20260615,300604,长川科技,230.0,231.45,232.5,220.18,23313500.0
20260615,300605,恒锋信息,10.67,10.53,10.93,10.35,5480900.0
20260615,300606,金太阳,38.72,43.8,43.98,38.72,15481900.0
20260615,300607,拓斯达,32.34,34.05,34.38,32.0,31030400.0
20260615,300608,思特奇,11.73,11.96,12.09,11.69,20084400.0
20260615,300609,汇纳科技,32.4,32.57,33.24,32.21,3128500.0
20260615,300610,晨化股份,10.71,10.59,10.84,10.44,5084600.0
20260615,300611,美力科技,26.5,26.55,27.25,26.35,4131000.0
20260615,300612,宣亚国际,12.32,12.3,12.6,12.18,5539100.0
20260615,300613,富瀚微,59.0,62.58,62.58,58.17,12098100.0
20260615,300614,百川畅银,12.0,12.11,12.47,11.9,5615900.0
20260615,300615,欣天科技,11.11,10.98,11.28,10.82,5107500.0
20260615,300616,尚品宅配,13.38,12.68,13.5,12.61,10499400.0
20260615,300617,安靠智电,55.95,57.85,58.0,55.85,6537900.0
20260615,300618,寒锐钴业,37.8,38.7,38.7,37.58,13229400.0
20260615,300619,金银河,38.4,38.69,38.8,38.11,4330600.0
20260615,300620,光库科技,292.5,343.05,343.06,292.42,25318300.0
20260615,300621,维业股份,7.17,7.01,7.4,6.98,4788600.0
20260615,300622,博士眼镜,15.23,15.4,15.45,15.18,5540400.0
20260615,300623,捷捷微电,32.32,35.38,35.57,31.74,48330100.0
20260615,300624,万兴科技,53.0,54.02,54.72,53.0,5867200.0
20260615,300625,三雄极光,10.03,9.92,10.25,9.85,2619000.0
20260615,300626,华瑞股份,34.82,37.05,37.25,34.82,14571600.0
20260615,300627,华测导航,30.75,30.95,31.15,30.47,11294200.0
20260615,300628,亿联网络,33.88,34.03,34.27,33.21,12507800.0
20260615,300629,新劲刚,20.86,21.21,21.21,20.7,7248300.0
20260615,300631,久吾高科,25.93,26.33,26.59,25.7,5704500.0
20260615,300632,光莆股份,25.88,28.81,28.9,25.88,44183400.0
20260615,300633,开立医疗,19.99,19.71,20.14,19.29,9937500.0
20260615,300634,彩讯股份,21.4,21.75,21.79,21.37,11871200.0
20260615,300635,中达安,13.33,13.2,14.09,13.12,6681400.0
20260615,300636,同和药业,6.81,6.67,6.85,6.63,4274100.0
20260615,300637,扬帆新材,10.06,10.19,10.38,10.06,6921200.0
20260615,300638,广和通,19.8,20.38,20.45,19.8,11130800.0
20260615,300639,凯普生物,5.31,5.37,5.42,5.29,8775700.0
20260615,300640,德艺文创,6.02,5.9,6.18,5.85,9233400.0
20260615,300641,正丹股份,16.55,17.87,17.98,16.35,27118400.0
20260615,300642,透景生命,12.98,12.88,13.3,12.68,3130000.0
20260615,300643,万通智控,16.85,17.39,17.7,16.85,4713200.0
20260615,300644,南京聚隆,25.39,25.66,25.93,25.38,3128100.0
20260615,300645,正元智慧,13.35,13.28,13.76,13.13,4269800.0
20260615,300647,超频三,6.03,6.09,6.21,6.01,13181100.0
20260615,300648,星云股份,45.9,46.34,46.38,44.92,2230500.0
20260615,300649,杭州园林,25.29,24.89,25.69,24.76,3896700.0
20260615,300650,太龙股份,12.25,12.58,12.59,12.24,6817600.0
20260615,300651,金陵体育,20.78,20.92,21.09,20.45,9480900.0
20260615,300652,雷迪克,38.74,40.22,40.31,38.67,2115900.0
20260615,300653,正海生物,14.71,14.81,15.14,14.7,1689600.0
20260615,300654,世纪天鸿,9.49,9.26,9.59,9.2,11275200.0
20260615,300655,晶瑞电材,15.22,15.67,15.73,14.88,67635700.0
20260615,300656,民德电子,36.0,37.46,38.35,35.9,10415600.0
20260615,300657,弘信电子,47.35,48.53,49.24,46.09,78134400.0
20260615,300658,延江股份,12.46,12.69,12.69,12.39,10451300.0
20260615,300659,中孚信息,10.56,10.46,10.75,10.35,5087500.0
20260615,300660,江苏雷利,29.9,30.29,30.4,29.5,7911300.0
20260615,300661,圣邦股份,108.21,116.83,117.95,106.64,33573900.0
20260615,300662,科锐国际,19.25,19.63,19.87,19.25,3396600.0
20260615,300663,科蓝软件,7.39,7.48,7.84,7.3,29396500.0
20260615,300664,鹏鹞环保,4.78,4.83,4.87,4.76,6622100.0
20260615,300665,飞鹿股份,10.27,9.8,10.35,9.3,42055900.0
20260615,300666,江丰电子,284.0,293.6,298.0,265.6,33123600.0
20260615,300667,必创科技,18.44,18.82,19.03,18.32,9299800.0
20260615,300668,杰恩股份,54.02,57.1,57.36,53.75,5098900.0
20260615,300669,沪宁股份,28.32,29.12,29.12,27.9,1630600.0
20260615,300670,大烨智能,6.26,6.06,6.38,6.0,11517900.0
20260615,300671,富满微,49.55,52.85,53.77,48.55,19035700.0
20260615,300672,国科微,273.72,290.26,291.51,265.33,10288500.0
20260615,300673,佩蒂股份,13.9,13.66,14.6,13.51,3501900.0
20260615,300674,宇信科技,16.2,16.39,16.6,16.18,10663500.0
20260615,300675,建科院,13.48,13.34,13.86,13.16,2949300.0
20260615,300676,华大基因,34.0,34.4,34.5,33.54,5606200.0
20260615,300677,英科医疗,44.7,45.78,46.16,44.31,12192900.0
20260615,300678,中科信息,23.08,23.3,23.38,23.0,4552100.0
20260615,300679,电连技术,54.5,61.22,61.38,53.36,32303000.0
20260615,300680,隆盛科技,33.18,34.16,34.18,32.74,6754100.0
20260615,300681,英搏尔,30.34,31.31,31.45,30.05,9832200.0
20260615,300682,朗新科技,11.5,11.63,11.86,11.5,17629400.0
20260615,300683,海特生物,25.02,24.75,25.36,24.55,3471000.0
20260615,300684,中石科技,52.98,57.06,57.15,52.74,17617800.0
20260615,300685,艾德生物,16.94,17.05,17.38,16.94,9099000.0
20260615,300686,智动力,17.89,18.92,19.18,17.89,19379300.0
20260615,300687,赛意信息,22.89,25.48,25.81,22.89,27058100.0
20260615,300688,创业黑马,25.52,28.75,28.81,25.52,15356400.0
20260615,300689,澄天伟业,55.66,59.29,59.76,55.0,4247300.0
20260615,300690,双一科技,24.12,24.68,24.69,24.12,3827300.0
20260615,300691,联合光电,15.91,16.36,16.55,15.85,11257400.0
20260615,300692,中赋科技,8.0,7.87,8.07,7.86,7852300.0
20260615,300693,盛弘股份,45.86,47.18,47.28,45.48,18954800.0
20260615,300694,蠡湖股份,10.24,10.25,10.42,10.03,6566300.0
20260615,300695,兆丰股份,57.59,57.78,58.69,57.59,695300.0
20260615,300696,爱乐达,32.11,32.55,32.61,31.54,10760300.0
20260615,300697,电工合金,16.57,17.26,17.26,16.56,18364500.0
20260615,300698,万马科技,31.24,32.46,32.6,31.24,2640700.0
20260615,300699,光威复材,28.16,28.86,28.91,28.15,15848600.0
20260615,300700,岱勒新材,22.43,22.62,22.87,22.0,18322000.0
20260615,300701,森霸传感,10.01,10.27,10.29,10.01,3522900.0
20260615,300702,天宇股份,19.5,19.17,19.58,19.06,2911400.0
20260615,300703,创源股份,14.98,14.81,15.43,14.69,6651500.0
20260615,300705,九典制药,10.58,10.47,10.66,10.38,6373000.0
20260615,300706,阿石创,72.39,76.1,79.0,67.01,41649200.0
20260615,300707,威唐工业,12.26,12.42,12.63,12.24,4554400.0
20260615,300708,聚灿光电,8.15,8.35,8.36,8.15,19884000.0
20260615,300709,精研科技,48.38,51.49,52.66,48.38,27451200.0
20260615,300710,万隆光电,38.11,36.69,38.78,35.85,5434600.0
20260615,300711,广哈通信,17.99,18.0,18.21,17.85,3213000.0
20260615,300712,永福股份,20.95,21.99,22.19,20.95,3296700.0
20260615,300713,英可瑞,13.81,13.89,14.33,13.78,3557000.0
20260615,300715,凯伦股份,20.0,19.13,20.38,18.98,34686000.0
20260615,300717,华信新材,17.58,17.27,18.04,17.12,1944900.0
20260615,300718,长盛轴承,67.0,68.16,68.17,66.68,6345300.0
20260615,300719,安达维尔,13.5,13.49,13.69,13.29,13997800.0
20260615,300720,海川智能,73.45,73.41,76.6,72.31,11553400.0
20260615,300721,怡达股份,28.55,29.29,30.19,28.38,32477600.0
20260615,300722,新余国科,24.0,24.78,24.78,23.78,7084600.0
20260615,300723,一品红,34.8,35.27,35.32,34.41,8213300.0
20260615,300724,捷佳伟创,70.41,72.42,72.43,69.94,11331000.0
20260615,300725,药石科技,32.2,32.1,32.25,31.81,4505100.0
20260615,300726,宏达电子,63.51,72.41,72.41,63.51,25711900.0
20260615,300727,润禾材料,31.08,31.95,32.25,31.08,4340400.0
20260615,300729,乐歌股份,10.55,10.52,10.76,10.42,2293500.0
20260615,300730,科创信息,13.36,13.14,13.55,12.94,9031600.0
20260615,300731,科创新源,57.13,59.28,59.47,55.94,8981300.0
20260615,300732,设研院,6.39,6.31,6.51,6.27,6345700.0
20260615,300733,西菱动力,14.23,14.46,14.8,14.1,8165800.0
20260615,300735,光弘科技,18.99,19.82,19.85,18.9,17995500.0
20260615,300736,百邦科技,28.87,31.84,31.98,28.58,12204300.0
20260615,300737,科顺股份,6.54,6.69,7.14,6.5,77601900.0
20260615,300738,奥飞数据,19.39,20.23,20.27,19.37,49804500.0
20260615,300739,明阳电路,28.48,29.65,29.68,28.08,22356000.0
20260615,300740,水羊股份,21.28,22.03,22.49,21.12,16119100.0
20260615,300741,华宝股份,14.5,14.57,14.65,14.36,1618500.0
20260615,300743,天地数码,16.29,16.43,16.85,16.28,2778900.0
20260615,300745,欣锐科技,40.01,42.59,42.9,39.53,6667800.0
20260615,300746,汉嘉数智,10.82,11.13,11.15,10.76,4258300.0
20260615,300747,锐科激光,48.06,51.89,52.8,48.06,52897800.0
20260615,300748,金力永磁,30.33,31.41,31.49,30.33,36439200.0
20260615,300749,顶固集创,21.34,21.23,21.49,20.0,7671900.0
20260615,300750,宁德时代,402.0,398.1,407.9,393.41,34074900.0
20260615,300751,迈为股份,212.9,213.5,215.0,207.87,10265100.0
20260615,300752,隆利科技,12.82,13.28,13.46,12.82,18307100.0
20260615,300753,爱朋医疗,20.75,20.93,21.2,20.45,3322300.0
20260615,300755,华致酒行,14.87,15.47,15.58,14.61,9384400.0
20260615,300756,金马游乐,30.14,30.89,31.56,29.7,4688400.0
20260615,300757,罗博特科,608.8,636.66,637.03,582.01,7069800.0
20260615,300758,七彩化学,12.26,12.76,12.85,12.23,15295700.0
20260615,300759,康龙化成,22.11,22.47,22.48,21.9,42825200.0
20260615,300760,迈瑞医疗,151.2,146.5,151.21,146.0,9424000.0
20260615,300761,立华股份,18.03,18.21,18.48,17.91,6210300.0
20260615,300762,上海瀚讯,36.72,36.12,36.8,35.11,31317500.0
20260615,300763,锦浪科技,91.5,87.2,91.86,86.36,17476200.0
20260615,300765,石药创新,23.23,24.74,24.8,23.21,14890000.0
20260615,300766,每日互动,23.49,24.19,24.44,23.4,13604100.0
20260615,300767,震安科技,19.18,19.66,19.89,19.0,8879800.0
20260615,300768,迪普科技,14.16,14.51,14.53,14.08,5493900.0
20260615,300769,德方纳米,64.88,65.24,65.6,63.19,32358000.0
20260615,300770,新媒股份,33.99,34.68,34.74,33.89,2165200.0
20260615,300771,智莱科技,11.2,11.46,11.46,11.2,4618200.0
20260615,300772,运达股份,12.73,12.74,13.0,12.51,18480900.0
20260615,300773,拉卡拉,22.9,24.11,24.13,22.9,38694300.0
20260615,300774,倍杰特,13.27,13.95,14.09,13.05,17154200.0
20260615,300775,三角防务,23.09,23.22,23.24,22.8,16826600.0
20260615,300776,帝尔激光,136.86,145.29,145.38,134.15,13334000.0
20260615,300777,中简科技,28.9,29.19,29.38,28.39,11492300.0
20260615,300778,新城市,10.46,10.12,10.65,10.02,5958900.0
20260615,300779,惠城环保,54.84,54.36,55.64,53.91,9794200.0
20260615,300780,德恩精工,25.11,26.93,27.3,25.0,9371500.0
20260615,300781,因赛集团,28.49,28.98,29.22,28.05,3451300.0
20260615,300782,卓胜微,89.75,96.66,96.83,88.8,25955300.0
20260615,300783,三只松鼠,17.38,17.45,17.62,17.32,4820500.0
20260615,300784,利安科技,46.51,46.02,48.8,45.36,2144600.0
20260615,300785,值得买,39.96,39.87,40.18,39.06,5761400.0
20260615,300786,国林科技,20.77,21.51,21.79,20.55,16026400.0
20260615,300787,海能实业,9.13,9.43,9.48,9.11,6687000.0
20260615,300788,中信出版,24.91,25.25,25.35,24.86,2419200.0
20260615,300789,唐源电气,19.1,19.13,19.53,18.74,2094900.0
20260615,300790,宇瞳光学,22.23,23.79,23.96,22.23,27680800.0
20260615,300791,仙乐健康,17.0,17.13,17.52,16.97,1407800.0
20260615,300792,壹网壹创,29.5,29.96,30.25,29.4,4128000.0
20260615,300793,佳禾智能,12.3,12.38,12.48,12.15,5803800.0
20260615,300795,米奥会展,9.42,9.46,9.84,9.38,4888200.0
20260615,300796,贝斯美,7.22,6.99,7.33,6.94,9096800.0
20260615,300797,钢研纳克,13.88,14.09,14.09,13.81,2921600.0
20260615,300798,锦鸡股份,7.33,7.42,7.98,7.31,27691900.0
20260615,300800,力合科技,10.28,10.16,10.43,10.07,3646300.0
20260615,300801,泰和科技,26.6,27.03,27.03,26.08,4546600.0
20260615,300802,矩子科技,23.44,25.02,25.36,23.44,19671600.0
20260615,300803,指南针,86.7,93.2,96.77,85.6,47540900.0
20260615,300804,广康生化,37.95,37.53,39.5,37.24,1576600.0
20260615,300805,电声股份,8.04,8.1,8.28,7.99,6417600.0
20260615,300806,斯迪克,82.5,88.34,88.5,81.3,26266200.0
20260615,300807,天迈科技,40.91,40.96,41.48,40.42,1302800.0
20260615,300808,久量股份,23.49,23.95,24.62,23.49,2257400.0
20260615,300809,华辰装备,30.4,31.33,31.6,30.4,7130400.0
20260615,300810,中科海讯,25.8,26.38,26.85,25.8,2514100.0
20260615,300811,铂科新材,84.66,91.96,91.98,84.66,24111700.0
20260615,300812,易天股份,26.54,28.4,28.49,26.54,13923900.0
20260615,300813,泰林生物,20.27,19.83,20.74,19.66,1995000.0
20260615,300814,中富电路,169.9,185.05,185.9,167.53,11229800.0
20260615,300815,玉禾田,18.99,19.11,19.43,18.85,4930700.0
20260615,300816,艾可蓝,79.3,83.16,83.69,79.0,2014000.0
20260615,300817,双飞集团,18.0,18.08,18.37,17.86,2562900.0
20260615,300818,耐普矿机,21.95,23.07,24.15,21.5,5435400.0
20260615,300819,聚杰微纤,60.95,67.93,68.59,60.38,8204900.0
20260615,300820,英杰电气,66.27,66.93,68.3,65.04,5642400.0
20260615,300821,东岳硅材,17.11,17.56,17.79,16.44,95324200.0
20260615,300822,贝仕达克,13.14,12.92,13.35,12.82,2970600.0
20260615,300823,建科智能,16.45,16.05,17.01,15.72,4959400.0
20260615,300824,北鼎股份,8.11,8.11,8.32,8.01,4505100.0
20260615,300825,阿尔特,15.34,16.35,16.48,15.28,59515000.0
20260615,300826,测绘股份,14.8,14.95,15.34,14.46,14661000.0
20260615,300827,上能电气,30.41,30.7,30.8,30.25,12691600.0
20260615,300828,锐新科技,18.37,18.67,18.72,18.15,4561900.0
20260615,300829,金丹科技,16.14,15.97,16.33,15.76,3451200.0
20260615,300830,金现代,8.91,8.92,9.04,8.78,9024900.0
20260615,300832,新产业,43.41,43.66,43.86,42.77,5137400.0
20260615,300833,浩洋股份,31.79,33.52,33.99,31.64,1443800.0
20260615,300834,星辉环材,45.42,47.56,47.98,45.3,2911700.0
20260615,300835,龙磁科技,180.95,197.0,197.98,180.95,5240700.0
20260615,300836,佰奥智能,65.99,71.7,72.4,65.52,2826400.0
20260615,300837,浙矿股份,26.89,27.23,28.0,26.69,1693500.0
20260615,300838,浙江力诺,14.88,14.23,15.1,14.07,4761500.0
20260615,300839,博汇股份,14.76,14.68,15.04,14.5,7462200.0
20260615,300840,酷特智能,20.58,21.08,21.48,20.51,6088200.0
20260615,300841,康华生物,45.31,45.85,45.86,45.08,1646200.0
20260615,300842,帝科股份,76.5,78.19,78.88,75.85,6822400.0
20260615,300843,胜蓝股份,96.0,98.02,98.25,94.0,7651400.0
20260615,300844,山水比德,25.25,24.63,26.58,24.52,2226000.0
20260615,300845,捷安高科,13.58,13.1,13.93,12.99,8221200.0
20260615,300846,首都在线,21.55,22.47,23.35,21.55,30116500.0
20260615,300847,中船汉光,14.16,14.25,14.37,14.12,2009300.0
20260615,300848,美瑞新材,15.41,15.49,15.6,14.66,13672100.0
20260615,300849,锦盛新材,22.66,22.96,23.08,21.9,3677000.0
20260615,300850,新强联,29.79,29.49,30.03,29.21,12105300.0
20260615,300851,交大思诺,24.68,24.68,25.37,24.32,1820100.0
20260615,300852,四会富仕,53.6,58.97,60.75,53.54,16792900.0
20260615,300853,申昊科技,40.37,32.48,40.85,31.61,25412500.0
20260615,300854,中兰环保,31.45,30.57,31.86,30.2,6611700.0
20260615,300855,图南股份,32.4,32.62,32.8,32.12,5824700.0
20260615,300856,科思股份,12.08,11.98,12.38,11.85,9384100.0
20260615,300857,协创数据,228.8,241.0,241.5,228.01,26999600.0
20260615,300858,科拓生物,15.46,15.59,15.78,15.41,4765900.0
20260615,300859,西域旅游,30.3,30.07,30.56,29.9,3328000.0
20260615,300860,锋尚文化,25.8,25.83,26.23,25.67,2292300.0
20260615,300861,美畅股份,19.0,19.74,19.84,18.79,22412400.0
20260615,300862,蓝盾光电,21.16,22.0,22.39,20.82,4976300.0
20260615,300863,卡倍亿,65.79,73.41,74.06,64.45,16702900.0
20260615,300864,南大环境,22.03,21.52,22.15,21.38,1637700.0
20260615,300865,大宏立,24.91,25.78,26.8,24.91,3095800.0
20260615,300866,安克创新,115.15,116.5,117.29,113.77,4655200.0
20260615,300867,圣元环保,19.47,20.73,20.77,19.47,7970400.0
20260615,300868,杰美特,118.0,129.5,130.5,113.5,6053800.0
20260615,300869,康泰医学,10.94,10.84,11.09,10.77,2925500.0
20260615,300870,欧陆通,280.51,321.22,324.41,280.51,8196700.0
20260615,300871,回盛生物,22.48,22.85,23.12,22.33,7730300.0
20260615,300872,天阳科技,17.6,18.81,19.03,17.6,17721600.0
20260615,300873,海晨股份,23.16,23.59,23.85,23.07,4897300.0
20260615,300875,捷强装备,32.4,32.13,32.88,31.96,2952000.0
20260615,300876,蒙泰高新,17.32,17.45,17.71,17.11,3251300.0
20260615,300877,金春股份,27.17,27.3,28.03,27.0,1537500.0
20260615,300878,维康药业,30.02,31.47,34.49,30.02,6397400.0
20260615,300879,大叶股份,18.01,18.25,18.45,18.0,2557600.0
20260615,300880,迦南智能,24.31,24.65,25.19,23.71,12160300.0
20260615,300881,盛德鑫泰,41.0,41.16,43.48,40.81,1989900.0
20260615,300882,万胜智能,15.28,15.56,15.64,15.28,2783200.0
20260615,300883,龙利得,6.38,6.39,6.44,6.26,25398500.0
20260615,300884,狄耐克,10.4,10.52,10.64,10.39,4911600.0
20260615,300885,海昌新材,25.0,25.39,25.48,24.8,5228800.0
20260615,300886,华业香料,22.9,22.47,23.71,22.31,1621900.0
20260615,300887,谱尼测试,8.01,8.0,8.18,7.95,7641600.0
20260615,300888,稳健医疗,28.14,28.05,28.44,27.91,2965200.0
20260615,300889,爱克股份,24.6,25.6,26.0,24.33,8597200.0
20260615,300890,翔丰华,33.83,34.32,34.5,33.61,7278100.0
20260615,300891,惠云钛业,6.76,7.01,7.36,6.76,10532900.0
20260615,300892,品渥食品,22.0,21.64,22.52,21.43,1701600.0
20260615,300893,松原安全,20.12,20.01,20.51,19.57,2571600.0
20260615,300894,火星人,11.7,10.87,11.8,10.74,27909100.0
20260615,300895,铜牛信息,53.3,55.4,55.5,53.3,5680800.0
20260615,300896,爱美客,94.31,93.61,94.95,92.42,3017800.0
20260615,300897,山科智能,16.0,16.16,16.36,15.82,2925100.0
20260615,300898,熊猫乳品,20.44,20.5,20.89,20.33,2017200.0
20260615,300899,上海凯鑫,30.36,29.82,31.2,29.26,1108400.0
20260615,300900,广联航空,32.8,33.01,33.5,32.3,14510800.0
20260615,300901,中胤时尚,14.39,14.59,14.63,14.25,1969100.0
20260615,300902,国安达,14.94,17.06,17.17,14.91,13641600.0
20260615,300903,科翔股份,70.09,78.22,78.91,68.81,30407800.0
20260615,300904,威力传动,46.24,45.94,47.72,45.61,906700.0
20260615,300905,宝丽迪,56.9,59.2,59.2,55.89,5832800.0
20260615,300906,日月明,27.87,27.75,28.4,27.32,1457800.0
20260615,300907,康平科技,46.49,47.5,48.29,46.0,4484800.0
20260615,300908,仲景食品,24.06,23.89,24.33,23.81,1239000.0
20260615,300909,汇创达,46.86,47.58,48.16,46.25,4534500.0
20260615,300910,瑞丰新材,34.78,33.91,35.2,33.4,13602100.0
20260615,300911,亿田智能,21.78,22.34,22.84,21.78,4888800.0
20260615,300912,凯龙高科,25.54,29.01,29.66,25.54,8280200.0
20260615,300913,兆龙互连,50.6,55.08,55.43,50.5,15577700.0
20260615,300915,海融科技,21.5,21.4,22.1,21.35,733400.0
20260615,300916,朗特智能,24.44,24.62,25.19,24.15,4508900.0
20260615,300917,特发服务,26.3,26.48,26.99,26.16,5029800.0
20260615,300918,南山智尚,12.22,12.38,12.65,12.22,7364400.0
20260615,300919,中伟新材,48.6,48.79,49.47,47.56,19036300.0
20260615,300920,润阳科技,38.81,39.0,39.3,38.0,3072600.0
20260615,300921,南凌科技,17.36,18.09,18.1,17.36,6418900.0
20260615,300922,天秦装备,23.41,23.04,24.24,22.72,8717400.0
20260615,300923,研奥股份,23.96,22.69,23.97,22.3,2499200.0
20260615,300925,法本信息,18.09,18.1,18.38,17.79,14911400.0
20260615,300926,博俊科技,19.2,19.67,19.85,19.2,3423100.0
20260615,300927,江天化学,24.83,25.02,25.65,24.83,9330000.0
20260615,300928,华安鑫创,30.2,29.91,30.49,29.52,1776800.0
20260615,300929,华骐环保,11.19,10.88,11.5,10.71,3303500.0
20260615,300930,屹通新材,32.64,33.94,34.18,32.64,4241300.0
20260615,300931,通用电梯,14.16,13.87,14.35,13.73,4623100.0
20260615,300932,三友联众,8.54,8.81,8.83,8.54,8361800.0
20260615,300933,中辰股份,6.59,6.78,6.82,6.57,13951500.0
20260615,300935,盈建科,30.32,32.51,33.48,30.1,3912100.0
20260615,300936,中英科技,109.68,122.4,125.85,109.68,6372400.0
20260615,300937,药易购,21.7,21.37,22.17,21.22,1769000.0
20260615,300938,信测标准,37.75,40.77,40.85,36.9,19720100.0
20260615,300939,秋田微,53.5,56.61,57.23,53.5,6140600.0
20260615,300940,南极光,16.13,16.39,16.47,16.08,4029300.0
20260615,300941,创识科技,15.3,15.26,15.6,15.09,3220000.0
20260615,300942,易瑞生物,6.39,6.2,6.5,6.16,7096900.0
20260615,300943,春晖智控,31.3,34.99,35.0,31.3,9570000.0
20260615,300945,曼卡龙,12.2,12.47,12.75,12.1,10039500.0
20260615,300946,恒而达,45.75,46.51,46.88,45.74,1277000.0
20260615,300947,德必集团,14.58,14.04,14.81,13.94,3507200.0
20260615,300948,冠中生态,25.89,26.22,26.29,25.09,6904700.0
20260615,300949,奥雅股份,23.0,22.53,23.53,22.16,1348500.0
20260615,300950,德固特,17.35,17.52,18.29,17.18,2260300.0
20260615,300951,博硕科技,43.44,44.32,44.6,42.72,3195400.0
20260615,300952,恒辉安防,20.14,20.22,20.92,20.0,6432300.0
20260615,300953,震裕科技,138.85,141.94,143.0,137.61,8768400.0
20260615,300955,嘉亨家化,40.35,42.86,43.3,40.06,4940000.0
20260615,300956,英力股份,11.95,12.0,12.21,11.89,11605500.0
20260615,300957,贝泰妮,33.65,34.01,34.13,33.43,7353300.0
20260615,300958,建工修复,11.82,11.73,12.17,11.61,3663200.0
20260615,300959,线上线下,167.93,182.0,182.7,165.46,6898100.0
20260615,300960,通业科技,17.45,17.56,17.92,17.3,1868400.0
20260615,300961,深水海纳,11.29,11.29,11.6,11.1,3668900.0
20260615,300962,中金辐照,13.28,13.34,13.55,13.27,2364100.0
20260615,300963,中洲特材,13.94,14.51,14.54,13.9,10823800.0
20260615,300964,本川智能,89.5,94.22,94.87,89.1,4790500.0
20260615,300965,恒宇信通,48.55,47.66,48.9,47.48,1718800.0
20260615,300966,共同药业,26.58,27.19,27.74,26.2,3327500.0
20260615,300967,晓鸣股份,18.71,18.19,18.97,18.04,11900900.0
20260615,300968,格林精密,10.41,10.58,10.78,10.36,6870000.0
20260615,300969,恒帅股份,96.14,100.48,100.91,96.08,3523300.0
20260615,300970,华绿生物,21.5,21.48,21.85,21.12,6665000.0
20260615,300971,博亚精工,20.0,20.31,20.66,20.0,2903100.0
20260615,300972,万辰集团,191.5,182.01,194.87,179.2,2665200.0
20260615,300973,立高食品,25.72,25.32,26.59,25.1,3289900.0
20260615,300975,商络电子,38.5,40.66,41.8,36.72,82178600.0
20260615,300976,达瑞电子,66.8,79.31,80.4,66.3,11755000.0
20260615,300977,深圳瑞捷,16.84,16.9,17.5,16.59,2795500.0
20260615,300978,东箭科技,9.24,9.36,9.38,9.2,3272000.0
20260615,300979,华利集团,33.5,32.74,33.93,32.57,4879200.0
20260615,300980,祥源新材,26.26,27.61,27.98,26.26,6309900.0
20260615,300981,中红医疗,11.14,10.75,11.31,10.55,7884300.0
20260615,300982,苏文电能,17.6,17.99,18.39,17.6,4142800.0
20260615,300983,尤安设计,35.35,35.92,36.77,35.35,1262800.0
20260615,300984,金沃股份,56.63,56.9,57.77,56.1,2379900.0
20260615,300985,致远新能,31.25,31.47,31.52,29.79,7346400.0
20260615,300986,志特新材,18.41,18.92,19.3,18.41,13784200.0
20260615,300987,川网传媒,13.8,13.69,14.0,13.58,4225800.0
20260615,300988,津荣天宇,16.4,17.3,17.87,16.4,6735500.0
20260615,300989,蕾奥规划,14.09,14.06,14.27,13.79,3714500.0
20260615,300990,同飞股份,81.53,88.6,89.18,81.48,8519900.0
20260615,300991,创益通,37.93,38.94,39.56,37.4,4084500.0
20260615,300992,泰福泵业,25.83,25.99,26.49,25.41,1528600.0
20260615,300993,玉马科技,10.31,10.29,10.53,10.17,2317000.0
20260615,300994,久祺股份,11.95,11.9,12.14,11.82,3032300.0
20260615,300995,奇德新材,31.31,31.59,32.64,31.01,1914900.0
20260615,300996,普联软件,10.8,11.53,11.56,10.8,11785400.0
20260615,300997,欢乐家,16.62,16.77,17.07,16.5,7277400.0
20260615,300998,宁波方正,27.28,29.25,29.42,26.87,5695800.0
20260615,300999,金龙鱼,25.7,25.8,25.98,25.47,8710700.0
20260615,301000,肇民科技,29.11,29.35,29.47,28.98,4658600.0
20260615,301001,凯淳股份,24.88,24.7,25.58,24.6,1310600.0
20260615,301002,崧盛股份,42.15,43.73,44.02,42.15,4712300.0
20260615,301003,江苏博云,50.0,53.82,53.97,49.8,3647900.0
20260615,301004,嘉益股份,36.54,35.39,36.81,35.05,1251000.0
20260615,301005,超捷股份,99.77,97.38,99.8,95.8,10050200.0
20260615,301006,迈拓股份,14.34,14.12,14.78,13.89,1958100.0
20260615,301007,德迈仕,32.5,34.83,34.87,32.49,4374700.0
20260615,301008,宏昌科技,24.6,24.59,24.98,24.2,3618200.0
20260615,301009,可靠股份,9.17,9.0,9.42,8.96,3434400.0
20260615,301010,晶雪节能,18.43,18.09,18.93,17.96,2051200.0
20260615,301011,华立科技,16.09,15.86,16.3,15.66,2107000.0
20260615,301012,扬电科技,26.92,28.05,28.06,26.8,8278400.0
20260615,301013,利和兴,53.9,58.3,58.4,53.5,54111100.0
20260615,301015,百洋医药,20.38,20.47,20.61,20.17,3378400.0
20260615,301016,雷尔伟,14.4,14.58,14.85,14.28,3068800.0
20260615,301017,漱玉平民,13.38,13.33,13.6,13.22,5671300.0
20260615,301018,申菱环境,99.5,109.18,109.42,99.5,16615300.0
20260615,301019,宁波色母,20.18,20.35,20.58,20.18,1345900.0
20260615,301020,密封科技,23.39,24.61,24.61,23.23,5437500.0
20260615,301021,英诺激光,88.54,103.9,104.39,88.54,11400200.0
20260615,301022,海泰科,25.52,25.32,25.86,25.21,1103800.0
20260615,301023,奕帆传动,29.92,30.26,30.52,29.85,2344600.0
20260615,301024,霍普股份,42.1,43.15,44.43,42.1,864100.0
20260615,301025,读客文化,9.1,8.93,9.18,8.84,6224600.0
20260615,301026,浩通科技,22.67,23.97,24.0,22.5,11717500.0
20260615,301027,华蓝集团,18.8,19.09,19.51,18.59,4854300.0
20260615,301028,鼎熔岩,16.27,17.1,17.16,16.03,9054900.0
20260615,301029,怡合达,29.17,32.19,32.54,29.07,45443800.0
20260615,301031,中熔电气,120.38,125.18,125.47,118.58,6206200.0
20260615,301032,新柴股份,10.6,10.81,10.98,10.6,5026200.0
20260615,301033,迈普医学,48.19,49.77,50.89,48.19,1012100.0
20260615,301035,润丰股份,52.98,53.28,55.5,52.6,2289400.0
20260615,301036,双乐股份,23.86,23.75,24.27,23.47,1564900.0
20260615,301037,保立佳,14.05,13.46,14.39,13.3,2957700.0
20260615,301038,深水规院,19.43,19.1,19.5,18.83,3552800.0
20260615,301039,中集车辆,7.79,7.82,7.95,7.65,21507900.0
20260615,301040,中环海陆,30.57,30.54,30.99,30.0,2596500.0
20260615,301041,金百泽,33.15,34.7,35.15,33.15,7699400.0
20260615,301042,安联锐视,76.5,74.41,76.5,73.61,1943100.0
20260615,301043,绿岛风,44.88,44.01,45.48,43.51,1156600.0
20260615,301045,天禄科技,53.71,58.99,60.62,53.71,7409100.0
20260615,301046,能辉科技,28.58,29.85,30.4,28.18,13109100.0
20260615,301047,义翘神州,60.12,60.2,60.92,59.83,677800.0
20260615,301048,金鹰重工,9.15,9.21,9.37,9.15,3695900.0
20260615,301049,超越科技,20.24,19.96,20.82,19.66,1567900.0
20260615,301050,雷电微力,34.3,34.95,34.98,34.1,4150100.0
20260615,301051,信濠光电,15.68,15.84,16.23,15.5,5498800.0
20260615,301052,果麦文化,25.6,25.83,26.34,25.45,2575500.0
20260615,301053,远信工业,44.7,43.59,45.65,42.45,4093700.0
20260615,301055,张小泉,32.19,33.43,33.66,32.19,3515800.0
20260615,301056,森赫股份,12.33,12.28,12.56,12.2,2261100.0
20260615,301057,汇隆新材,26.88,27.74,28.15,26.88,3090400.0
20260615,301058,中粮科工,8.5,8.42,8.62,8.36,6305700.0
20260615,301059,金三江,14.41,14.66,14.69,14.26,13385000.0
20260615,301060,兰卫医学,8.59,8.57,8.7,8.49,6212800.0
20260615,301061,匠心家居,39.38,38.24,40.34,37.71,2972200.0
20260615,301062,上海艾录,6.33,6.43,6.59,6.33,8926600.0
20260615,301063,海锅股份,19.08,18.7,19.4,18.53,1756500.0
20260615,301065,本立科技,19.64,19.32,19.9,19.15,1734500.0
20260615,301066,万事利,13.79,13.95,14.3,13.68,5452900.0
20260615,301067,显盈科技,34.72,36.21,36.79,34.13,6183800.0
20260615,301068,大地海洋,26.13,26.62,27.87,25.5,2252700.0
20260615,301069,凯盛新材,22.84,23.07,23.35,22.45,18253300.0
20260615,301070,开勒股份,71.85,74.56,75.55,71.0,5632800.0
20260615,301071,力量钻石,67.37,70.57,70.87,66.01,23282100.0
20260615,301072,中捷精工,34.44,32.81,34.9,31.31,6044600.0
20260615,301073,君亭酒店,20.59,20.49,21.07,20.28,3620600.0
20260615,301075,多瑞医药,66.73,68.87,69.5,65.8,1381000.0
20260615,301076,新瀚新材,28.28,29.08,29.4,28.04,6580300.0
20260615,301077,星华新材,23.48,23.98,24.24,23.24,2160800.0
20260615,301078,孩子王,7.62,7.7,7.89,7.59,21952500.0
20260615,301079,邵阳液压,33.55,34.16,34.47,33.06,5354200.0
20260615,301080,百普赛斯,37.09,37.45,37.53,37.0,2042600.0
20260615,301081,严牌股份,16.22,15.54,16.53,15.3,6433100.0
20260615,301082,久盛电气,9.9,10.0,10.22,9.9,4649100.0
20260615,301083,百胜智能,14.19,14.26,14.59,14.14,1867200.0
20260615,301085,亚康股份,59.99,61.5,62.1,59.99,2243700.0
20260615,301086,鸿富瀚,167.28,175.54,175.76,161.0,4887700.0
20260615,301087,可孚医疗,44.76,45.09,46.0,43.7,2344300.0
20260615,301088,戎美股份,13.3,13.13,13.46,13.08,1217000.0
20260615,301089,拓新药业,22.09,21.99,22.43,21.73,1572600.0
20260615,301090,华润材料,6.99,7.08,7.16,6.97,6979100.0
20260615,301091,深城交,18.2,18.42,18.67,17.91,9093400.0
20260615,301092,争光股份,46.34,48.97,49.31,45.86,4958600.0
20260615,301093,华兰股份,120.8,124.85,125.5,118.81,2311600.0
20260615,301095,广立微,95.78,98.83,99.19,95.0,9775000.0
20260615,301096,百诚医药,53.98,56.62,56.7,53.81,3161800.0
20260615,301097,天益医疗,35.72,35.29,36.19,34.65,1518300.0
20260615,301098,金埔园林,8.46,8.14,8.66,8.09,15662000.0
20260615,301099,雅创电子,69.04,74.06,74.98,69.04,12903200.0
20260615,301100,风光股份,15.69,15.57,15.94,15.47,1470800.0
20260615,301101,明月镜片,30.0,30.25,30.35,29.86,2052400.0
20260615,301102,兆讯传媒,9.61,9.7,9.72,9.54,2009400.0
20260615,301103,何氏眼科,16.53,16.29,16.72,16.18,1879400.0
20260615,301105,鸿铭股份,49.63,48.74,50.67,48.45,589600.0
20260615,301106,骏成科技,19.6,20.61,21.1,19.25,6284200.0
20260615,301107,瑜欣电子,25.26,25.99,26.98,25.0,10485000.0
20260615,301108,洁雅股份,24.06,24.55,24.72,23.06,3426800.0
20260615,301109,军信股份,13.3,13.56,13.58,13.24,5465300.0
20260615,301110,青木科技,38.99,40.07,40.39,38.99,3104400.0
20260615,301111,粤万年青,26.8,25.68,27.24,25.09,11366600.0
20260615,301112,信邦智能,29.96,30.33,30.6,29.51,1369100.0
20260615,301113,雅艺科技,17.3,16.55,17.6,16.34,1600700.0
20260615,301115,联检科技,30.88,33.24,33.37,30.51,6176600.0
20260615,301116,益客食品,10.0,9.51,10.0,9.39,9134400.0
20260615,301118,恒光股份,28.97,29.19,29.62,28.8,6015900.0
20260615,301119,正强股份,32.32,32.57,32.66,31.71,981900.0
20260615,301120,新特电气,18.23,19.03,19.03,18.17,16241700.0
20260615,301121,紫建电子,35.52,36.9,37.36,35.5,1538700.0
20260615,301122,采纳股份,24.23,24.26,24.78,23.91,2799700.0
20260615,301123,奕东电子,95.26,102.85,103.25,94.0,15802500.0
20260615,301125,腾亚精工,15.8,16.01,16.45,15.77,3928400.0
20260615,301126,达嘉维康,9.75,9.55,9.98,9.4,5501600.0
20260615,301127,武汉天源,12.39,12.81,12.86,12.15,11484800.0
20260615,301128,强瑞技术,168.01,176.2,181.36,168.01,11755300.0
20260615,301129,瑞纳智能,23.25,23.26,23.8,22.9,1922500.0
20260615,301130,西点药业,26.45,25.94,27.03,25.77,948100.0
20260615,301131,聚赛龙,36.2,36.18,37.05,35.8,1472500.0
20260615,301132,满坤科技,36.01,40.54,41.34,36.0,10877800.0
20260615,301133,金钟股份,40.18,40.02,40.88,39.62,2170200.0
20260615,301135,瑞德智能,17.31,17.2,17.68,17.05,1655200.0
20260615,301136,招标股份,12.72,12.62,12.89,12.47,4950000.0
20260615,301137,哈焊华通,36.99,38.32,38.44,36.8,3995800.0
20260615,301138,华研精机,27.0,27.38,27.7,26.58,1181600.0
20260615,301141,中科磁业,48.5,49.78,49.82,48.5,2941000.0
20260615,301148,嘉戎技术,56.51,54.99,57.15,53.99,2610500.0
20260615,301149,隆华新材,11.75,12.13,12.34,11.7,13115900.0
20260615,301150,中一科技,48.0,51.82,52.52,47.2,30985600.0
20260615,301151,冠龙节能,19.52,18.85,19.65,18.63,5854200.0
20260615,301152,天力锂能,25.51,25.61,25.87,25.05,4473700.0
20260615,301153,中科江南,17.82,19.19,20.53,17.66,10772500.0
20260615,301155,海力风电,46.51,47.0,47.0,46.1,3194300.0
20260615,301156,美农生物,12.63,12.18,12.72,12.04,4345900.0
20260615,301157,华塑科技,66.55,68.33,68.58,66.55,964300.0
20260615,301158,德石股份,14.88,15.02,15.26,14.7,3908200.0
20260615,301159,三维天地,32.36,32.67,33.06,31.9,1342900.0
20260615,301160,翔楼新材,43.5,43.83,44.45,42.7,4637600.0
20260615,301161,唯万密封,36.07,35.15,36.35,34.16,12044600.0
20260615,301162,国能日新,41.42,40.92,41.7,40.15,3516600.0
20260615,301163,宏德股份,24.9,24.57,25.7,24.32,1165000.0
20260615,301165,锐捷网络,58.0,63.91,64.5,57.8,18824300.0
20260615,301166,优宁维,27.48,27.19,27.67,26.9,817000.0
20260615,301167,建研设计,14.1,13.89,14.53,13.81,3155000.0
20260615,301168,通灵股份,43.28,44.0,44.14,42.62,2557600.0
20260615,301169,零点有数,73.44,74.26,74.78,73.0,1361900.0
20260615,301170,锡南科技,24.04,23.93,24.39,23.7,1300800.0
20260615,301171,易点天下,35.91,37.99,38.1,35.51,51910600.0
20260615,301172,君逸数码,28.56,31.29,31.3,28.51,5860700.0
20260615,301173,毓恬冠佳,33.64,33.44,34.35,33.13,791700.0
20260615,301175,中科环保,5.31,5.36,5.4,5.24,15465100.0
20260615,301176,逸豪新材,61.51,67.92,67.92,61.51,6549700.0
20260615,301177,迪阿股份,27.06,27.68,28.19,26.94,2524200.0
20260615,301178,天亿马,52.89,55.27,56.35,52.52,3625400.0
20260615,301179,泽宇智能,20.14,20.79,20.8,20.14,5661500.0
20260615,301180,万祥科技,14.02,14.07,14.45,13.97,5926800.0
20260615,301181,标榜股份,27.99,28.27,28.84,27.82,1694700.0
20260615,301182,凯旺科技,81.31,89.79,90.5,79.52,5346400.0
20260615,301183,东田微,223.79,237.02,238.0,221.99,7497200.0
20260615,301185,鸥玛软件,16.5,16.6,16.8,16.3,2587900.0
20260615,301186,超达装备,59.28,59.06,59.75,57.67,1203000.0
20260615,301187,欧圣电气,16.48,16.18,16.68,15.97,3097100.0
20260615,301188,力诺药包,55.01,58.88,59.4,55.01,22325400.0
20260615,301189,奥尼电子,64.4,66.89,67.17,62.45,7838900.0
20260615,301190,善水科技,19.19,19.26,19.78,19.13,2423300.0
20260615,301191,菲菱科思,92.8,103.55,104.8,92.14,8460600.0
20260615,301192,泰祥股份,21.87,21.51,22.4,21.31,1552100.0
20260615,301193,家联科技,21.58,22.53,23.05,21.5,7368900.0
20260615,301195,北路智控,35.45,34.11,35.77,34.0,4960800.0
20260615,301196,唯科科技,178.88,191.78,191.78,163.11,8821700.0
20260615,301197,工大科雅,28.66,28.77,29.31,28.51,2070400.0
20260615,301198,喜悦智行,14.63,13.81,14.74,13.62,6945300.0
20260615,301199,迈赫股份,18.74,18.71,18.82,18.48,1834100.0
20260615,301200,大族数控,281.76,304.4,304.94,273.0,6228300.0
20260615,301201,诚达药业,32.98,33.22,33.53,32.78,3691900.0
20260615,301202,朗威股份,34.89,36.36,36.45,34.58,1878600.0
20260615,301203,国泰环保,44.68,45.7,46.12,44.68,932600.0
20260615,301205,联特科技,315.0,323.07,325.8,303.5,8772500.0
20260615,301206,三元生物,24.0,24.14,24.34,23.9,1074400.0
20260615,301207,华兰疫苗,16.73,16.62,16.78,16.5,4791600.0
20260615,301208,中亦科技,28.47,29.45,30.54,28.47,2023300.0
20260615,301209,联合化学,61.0,60.48,61.71,59.59,1288900.0
20260615,301210,金杨精密,28.83,29.43,29.5,28.38,4446300.0
20260615,301211,亨迪药业,9.55,9.59,9.74,9.51,2784000.0
20260615,301212,联盛化学,26.32,25.63,26.62,25.53,1624300.0
20260615,301213,观想科技,47.79,48.36,48.48,46.68,1965300.0
20260615,301215,中汽股份,5.24,5.26,5.32,5.15,15743800.0
20260615,301216,万凯新材,24.4,24.71,24.78,23.55,16922500.0
20260615,301217,铜冠铜箔,149.0,170.16,170.16,147.0,41289800.0
20260615,301218,华是科技,38.43,43.06,45.15,38.43,11661500.0
20260615,301219,腾远钴业,57.88,59.37,59.87,57.7,14997000.0
20260615,301220,亚香股份,35.55,35.63,36.14,35.13,1030900.0
20260615,301221,光庭信息,29.9,30.26,30.75,29.88,1961300.0
20260615,301222,浙江恒威,32.85,33.23,33.65,32.0,5194100.0
20260615,301223,中荣股份,16.27,16.37,16.55,16.16,983800.0
20260615,301225,恒勃股份,88.64,92.18,92.75,87.0,1811600.0
20260615,301226,祥明智能,34.56,35.58,35.69,33.93,2714800.0
20260615,301227,森鹰窗业,26.63,27.7,28.7,26.47,3407500.0
20260615,301228,实朴检测,75.79,77.96,78.99,75.21,3855100.0
20260615,301229,纽泰格,14.05,13.75,14.22,13.53,3830400.0
20260615,301230,泓博医药,34.1,33.87,34.39,33.48,5325600.0
20260615,301231,荣信文化,32.28,33.82,34.16,32.01,9536900.0
20260615,301232,飞沃科技,117.02,119.5,120.0,115.09,4712600.0
20260615,301233,盛帮股份,53.26,52.68,53.26,52.22,923300.0
20260615,301234,五洲医疗,39.94,38.06,39.94,37.6,1916800.0
20260615,301235,华康洁净,65.3,65.38,67.69,63.78,8120900.0
20260615,301236,软通动力,40.0,40.51,40.75,39.41,30382300.0
20260615,301237,和顺科技,64.01,67.32,68.76,62.0,3449200.0
20260615,301238,瑞泰新材,22.33,23.3,23.36,21.97,25490000.0
20260615,301239,普瑞眼科,32.68,33.69,34.57,32.66,2400500.0
20260615,301246,宏源药业,27.33,27.01,27.8,26.81,13027700.0
20260615,301248,杰创智能,67.78,71.94,72.98,67.78,5902200.0
20260615,301251,威尔高,47.0,51.61,52.2,46.94,7939700.0
20260615,301252,同星科技,39.59,39.38,41.75,38.01,7325400.0
20260615,301255,通力科技,23.65,24.06,24.18,23.56,1655400.0
20260615,301256,华融化学,11.76,12.01,12.15,11.76,8867400.0
20260615,301257,普蕊斯,41.14,40.05,41.21,39.68,2149400.0
20260615,301258,富士莱,25.18,24.89,25.65,24.67,946000.0
20260615,301259,艾布鲁,22.42,25.96,26.15,22.21,10121100.0
20260615,301260,格力博,15.25,15.5,15.68,15.2,3237500.0
20260615,301261,恒工精密,84.51,84.99,85.72,83.04,2273400.0
20260615,301262,海看股份,20.08,20.07,20.34,19.92,2608900.0
20260615,301263,泰恩康,18.76,19.75,20.4,18.75,10768300.0
20260615,301265,华新科技,25.85,26.95,27.1,25.66,8694200.0
,301266,宇邦新材,24.59,24.73,25.21,24.5,3165100.0
20260615,301267,华厦眼科,16.47,16.38,16.81,16.33,4076500.0
20260615,301268,铭利达,16.02,16.35,16.67,15.88,4105500.0
20260615,301269,华大九天,96.05,101.65,101.75,94.52,15921000.0
20260615,301270,汉仪股份,29.99,29.0,30.05,28.87,2573800.0
20260615,301272,英华特,36.69,36.83,37.43,36.4,860100.0
20260615,301273,瑞晨环保,32.5,33.24,33.7,32.4,1810600.0
20260615,301275,汉朔科技,46.0,45.29,46.08,43.71,14408100.0
20260615,301276,嘉曼服饰,27.44,31.2,31.35,27.01,11409100.0
20260615,301277,新天地,9.3,9.21,9.48,9.17,2487200.0
20260615,301278,快可电子,32.51,32.84,33.21,32.11,1257700.0
20260615,301279,金道科技,23.87,24.42,24.9,23.46,3592300.0
20260615,301280,珠城科技,40.18,41.0,41.27,39.89,2521200.0
20260615,301281,科源制药,47.46,49.67,51.89,47.0,6470500.0
20260615,301282,金禄电子,25.55,28.41,28.82,25.5,20594300.0
20260615,301283,聚胶股份,26.4,27.92,28.06,26.4,1960700.0
20260615,301285,鸿日达,110.11,117.77,117.98,106.11,5154500.0
20260615,301286,侨源股份,62.25,60.77,62.5,60.12,3521500.0
20260615,301287,康力源,36.9,35.97,37.24,35.6,1062100.0
20260615,301288,清研环境,19.8,19.9,19.9,18.9,2773300.0
20260615,301289,国缆检测,48.35,49.85,50.05,47.88,1117500.0
20260615,301290,东星医疗,28.75,29.45,31.27,28.75,2749500.0
20260615,301291,明阳电气,42.76,43.06,43.44,42.58,6756600.0
20260615,301292,海科新源,69.71,73.6,73.77,68.2,20195400.0
20260615,301293,三博脑科,53.01,54.5,54.54,53.01,4753100.0
20260615,301295,美硕科技,45.48,46.75,47.64,45.48,1595300.0
20260615,301296,新巨丰,6.63,6.56,6.78,6.52,3431600.0
20260615,301297,富乐德,44.3,45.22,45.78,43.84,18892600.0
20260615,301298,东利机械,13.26,13.13,13.55,12.97,2461600.0
20260615,301299,卓创资讯,48.7,51.29,51.85,48.4,1564800.0
20260615,301300,远翔新材,34.9,34.68,35.5,34.2,714600.0
20260615,301301,川宁生物,8.63,8.61,8.75,8.54,9222300.0
20260615,301302,华如科技,30.41,31.18,31.5,30.19,16226100.0
20260615,301303,真兰仪表,15.23,15.83,16.15,15.2,11668900.0
20260615,301305,朗坤科技,28.69,30.79,30.9,28.46,8275800.0
20260615,301306,西测测试,133.2,139.93,140.77,130.15,5152600.0
20260615,301307,美利信,59.09,63.13,64.31,58.73,10384000.0
20260615,301308,江波龙,529.03,529.23,532.0,501.28,16239200.0
20260615,301309,万得凯,32.8,32.38,33.5,31.85,1864400.0
20260615,301310,鑫宏业,30.8,31.09,32.06,30.8,3678300.0
20260615,301311,昆船智能,14.53,14.57,14.78,14.4,1777100.0
20260615,301312,智立方,79.68,91.38,93.7,79.4,9156000.0
20260615,301313,凡拓数创,60.49,58.36,61.44,57.0,26263200.0
20260615,301314,科瑞思,48.05,53.99,54.4,48.05,2872500.0
20260615,301315,威士顿,39.95,41.16,42.8,39.95,2161600.0
20260615,301316,慧博云通,35.67,37.54,37.66,35.2,14969000.0
20260615,301317,鑫磊股份,57.0,64.8,65.15,56.99,4445600.0
20260615,301318,维海德,20.83,20.95,21.36,20.68,1149700.0
20260615,301319,唯特偶,142.97,145.23,147.0,133.0,9152700.0
20260615,301320,豪江智能,14.34,14.37,14.65,14.19,2938200.0
20260615,301321,翰博高新,33.01,35.5,35.69,32.94,10009600.0
20260615,301322,绿通科技,55.0,55.91,56.36,53.64,5360800.0
20260615,301323,新莱福,96.63,108.8,109.86,95.5,10213200.0
20260615,301325,曼恩斯特,36.01,38.55,39.06,36.0,4035000.0
20260615,301326,捷邦科技,138.35,143.06,144.8,135.0,1810500.0
20260615,301327,华宝新能,51.41,51.64,52.15,51.22,1424500.0
20260615,301328,维峰电子,51.17,54.83,54.99,51.17,3636000.0
20260615,301329,信音电子,24.09,25.32,25.38,23.82,9224900.0
20260615,301330,熵基科技,26.48,27.0,27.1,26.39,3437600.0
20260615,301331,恩威医药,22.75,22.08,23.09,21.76,2224900.0
20260615,301332,德尔玛,8.55,8.49,8.64,8.43,2287400.0
20260615,301333,诺思格,46.03,46.06,46.33,45.3,1346900.0
20260615,301335,天元宠物,21.85,22.16,23.27,21.63,2446500.0
20260615,301336,趣睡科技,37.56,38.93,40.0,37.56,1686600.0
20260615,301337,亚华电子,28.03,28.2,28.25,27.13,4167600.0
20260615,301338,凯格精机,148.0,155.01,156.0,146.0,7665400.0
20260615,301339,通行宝,10.97,11.84,12.08,10.97,11070900.0
20260615,301345,涛涛车业,212.63,216.0,220.73,211.02,1762500.0
20260615,301348,蓝箭电子,31.5,30.04,31.7,27.86,46392000.0
20260615,301349,信德新材,56.3,59.7,59.99,56.26,6736300.0
20260615,301353,普莱得,18.93,18.68,19.36,18.51,1229700.0
20260615,301355,南王科技,10.45,10.38,10.76,10.28,3918900.0
20260615,301356,天振股份,22.88,23.32,23.86,22.73,1764100.0
20260615,301357,北方长龙,88.26,88.98,90.78,86.98,2172600.0
20260615,301358,湖南裕能,73.15,72.64,74.36,70.71,27672900.0
20260615,301359,东南电子,18.48,18.69,19.1,18.48,2012500.0
20260615,301360,荣旗科技,70.22,72.85,72.99,69.44,2878700.0
20260615,301361,众智科技,32.13,32.6,32.9,32.12,1631600.0
20260615,301362,民爆光电,189.99,225.26,225.26,182.25,6220900.0
20260615,301363,美好医疗,17.55,18.55,19.45,17.5,19313900.0
20260615,301365,矩阵股份,31.85,32.01,32.5,31.36,2549000.0
20260615,301366,一博科技,46.75,48.92,48.95,46.1,13667900.0
20260615,301367,瑞迈特,43.25,41.75,43.57,41.55,1667900.0
20260615,301368,丰立智能,43.81,44.29,44.48,43.28,2512700.0
20260615,301369,联动科技,178.68,186.47,188.35,177.01,1992200.0
20260615,301370,国科恒泰,9.0,8.93,9.14,8.84,2840500.0
20260615,301371,敷尔佳,26.89,27.55,27.76,26.51,3223400.0
20260615,301372,科净源,34.58,34.2,35.15,33.82,1437900.0
20260615,301373,凌玮科技,138.0,158.98,158.98,133.06,12679000.0
20260615,301376,致欧科技,16.17,15.86,16.35,15.52,3465200.0
20260615,301377,鼎泰高科,477.42,553.56,556.0,459.0,5830000.0
20260615,301378,通达海,26.8,27.11,27.37,26.52,1958800.0
20260615,301379,天山电子,23.8,25.17,25.22,23.45,22025000.0
20260615,301380,挖金客,29.9,29.65,30.14,29.22,1289300.0
20260615,301381,赛维时代,19.0,20.24,20.38,18.77,8186600.0
20260615,301382,蜂助手,36.62,37.34,37.45,36.41,9463000.0
20260615,301383,天键股份,27.09,27.25,28.33,26.95,2359100.0
20260615,301386,未来电器,21.09,21.13,21.6,20.89,1403000.0
20260615,301387,光大同创,100.01,116.95,116.95,99.99,7633500.0
20260615,301388,欣灵电气,26.09,26.4,27.0,26.02,1458300.0
20260615,301389,隆扬电子,96.0,97.24,100.62,94.02,18476200.0
20260615,301390,经纬股份,30.55,30.15,31.34,29.56,963800.0
20260615,301391,卡莱特,64.15,63.82,65.24,61.8,1749200.0
20260615,301392,汇成真空,162.34,173.12,173.8,158.69,5504000.0
20260615,301393,昊帆生物,50.45,50.6,50.98,49.21,1259400.0
20260615,301395,仁信新材,11.47,11.27,11.82,11.17,3859200.0
20260615,301396,宏景科技,176.5,198.73,202.5,174.58,24417200.0
20260615,301397,溯联股份,32.61,32.99,34.54,32.61,5136600.0
20260615,301398,星源卓镁,37.62,38.94,39.5,37.15,2028500.0
20260615,301399,英特科技,17.38,17.56,17.8,17.25,1947800.0
20260615,301408,华人健康,15.65,15.75,15.97,15.54,9394700.0
20260615,301413,安培龙,83.1,83.95,85.75,83.0,4393400.0
20260615,301418,协昌科技,45.19,48.22,48.39,44.5,6349700.0
20260615,301419,阿莱德,38.8,42.04,42.15,38.55,9299300.0
20260615,301421,波长光电,92.16,95.95,96.55,90.01,7141200.0
20260615,301428,世纪恒通,37.61,38.96,39.65,37.6,14508400.0
20260615,301429,森泰股份,18.4,17.97,18.89,17.86,1713000.0
20260615,301439,泓淋电力,17.21,17.61,17.66,17.08,17578400.0
20260615,301446,福事特,43.58,44.43,44.87,43.1,1387100.0
20260615,301448,开创电气,38.6,40.24,40.54,38.14,2569600.0
20260615,301449,天溯计量,40.15,41.82,42.29,40.11,1243400.0
20260615,301456,盘古智能,25.93,26.17,26.38,25.81,1540300.0
20260615,301458,钧崴电子,48.22,56.37,57.36,48.2,28868400.0
20260615,301459,丰茂股份,34.89,35.0,35.38,34.3,1020800.0
20260615,301468,博盈特焊,51.1,50.81,51.88,50.01,10647800.0
20260615,301469,恒达新材,31.12,31.5,32.16,31.12,1325800.0
20260615,301479,弘景光电,61.3,63.98,64.47,61.28,2300400.0
20260615,301486,致尚科技,213.01,240.1,242.99,213.01,11256400.0
20260615,301487,盟固利,21.47,21.59,21.76,21.18,12790900.0
20260615,301488,豪恩汽电,143.7,147.32,148.43,143.18,2730500.0
20260615,301489,思泉新材,144.19,146.0,148.98,142.6,8509500.0
20260615,301491,汉桑科技,43.88,45.18,45.53,43.66,1287800.0
20260615,301498,乖宝宠物,41.76,41.96,42.61,41.12,3490600.0
20260615,301499,维科精密,32.24,33.2,33.28,31.75,2629100.0
20260615,301500,飞南资源,28.27,28.34,28.7,27.37,32246500.0
20260615,301501,恒鑫生活,27.13,27.49,28.07,27.09,1051000.0
20260615,301502,华阳智能,79.12,85.53,87.66,79.12,1722900.0
20260615,301503,智迪科技,30.0,29.96,30.68,29.77,943300.0
20260615,301505,苏州规划,18.53,18.3,18.99,18.14,2186600.0
20260615,301507,民生健康,12.46,12.44,12.69,12.4,2393700.0
20260615,301508,中机认检,25.35,25.19,25.7,24.98,2066500.0
20260615,301509,金凯生科,27.15,27.15,27.35,26.73,1917100.0
20260615,301510,固高科技,32.5,35.53,35.71,32.5,19145100.0
20260615,301511,德福科技,144.0,161.07,162.2,143.87,37006200.0
20260615,301512,智信精密,52.88,53.38,55.63,52.4,1608800.0
20260615,301513,尚水智能,61.0,62.9,63.88,60.87,1754000.0
20260615,301515,港通医疗,20.51,20.13,20.85,19.67,1471500.0
20260615,301516,中远通,15.36,15.76,15.99,15.36,4024400.0
20260615,301517,陕西华达,52.04,51.68,52.14,49.8,5433000.0
20260615,301518,长华化学,30.16,30.37,30.56,29.86,1614500.0
20260615,301519,舜禹股份,12.49,12.23,12.82,12.15,2985500.0
20260615,301520,万邦医药,25.3,25.19,25.88,24.87,890400.0
20260615,301522,上大股份,27.59,27.99,28.01,27.11,6935600.0
20260615,301525,儒竞科技,48.97,49.78,50.28,48.27,1942500.0
20260615,301526,国际复材,29.45,34.13,34.13,29.45,190443200.0
20260615,301528,多浦乐,88.92,93.33,94.96,88.11,3566000.0
20260615,301529,福赛科技,101.84,106.08,107.88,101.75,3193100.0
20260615,301531,春光集团,65.01,68.38,68.45,65.0,6431800.0
20260615,301533,威马农机,26.36,26.01,26.79,25.84,1010600.0
20260615,301535,浙江华远,14.77,15.33,15.4,14.77,4251000.0
20260615,301536,星宸科技,92.0,106.0,106.12,92.0,27675500.0
20260615,301538,骏鼎达,61.61,64.0,64.21,61.35,1517000.0
20260615,301539,宏鑫科技,15.06,15.05,15.57,14.83,1743500.0
20260615,301548,崇德科技,73.01,74.09,74.3,72.12,1001100.0
20260615,301550,斯菱智驱,97.9,106.11,108.0,97.07,13303100.0
20260615,301551,无线传媒,22.3,22.2,22.65,21.96,5231200.0
20260615,301552,科力装备,25.2,25.5,26.0,25.2,698200.0
20260615,301555,惠柏新材,41.42,42.95,42.95,41.26,5876800.0
20260615,301556,托普云农,65.28,65.12,65.99,62.61,1461500.0
20260615,301557,常友科技,84.58,86.58,86.98,83.35,1646200.0
20260615,301558,三态股份,6.7,6.71,6.84,6.66,5622500.0
20260615,301559,中集环科,13.48,13.52,13.78,13.42,2336500.0
20260615,301560,众捷汽车,29.77,31.4,31.65,29.62,2082600.0
20260615,301563,云汉芯城,172.96,184.8,186.51,172.96,4985300.0
20260615,301565,中仑新材,26.37,28.15,28.66,26.3,21889900.0
20260615,301566,达利凯普,31.5,36.64,36.64,31.2,34701600.0
20260615,301567,贝隆精密,38.88,40.11,40.49,38.2,1576600.0
20260615,301568,思泰克,89.02,102.87,102.98,89.02,7459400.0
20260615,301571,国科天成,67.03,69.57,69.57,66.6,7315200.0
20260615,301575,艾芬达,40.4,41.17,41.44,40.4,514000.0
20260615,301577,美信科技,91.8,92.26,93.93,88.89,2200400.0
20260615,301578,辰奕智能,22.75,22.41,23.3,22.13,1293600.0
20260615,301580,爱迪特,47.82,43.45,47.88,42.87,19990500.0
20260615,301581,黄山谷捷,44.49,45.69,45.81,44.03,1030400.0
20260615,301584,建发致新,21.44,21.57,21.72,21.27,1934300.0
20260615,301585,蓝宇股份,25.23,25.11,25.95,24.91,1074500.0
20260615,301586,佳力奇,35.56,36.32,36.6,35.1,854000.0
20260615,301587,中瑞股份,23.79,24.13,24.37,23.79,2834200.0
20260615,301588,美新科技,36.9,38.3,38.3,35.95,8103600.0
20260615,301589,诺瓦星云,148.24,148.0,150.5,145.77,746100.0
20260615,301590,优优绿能,155.12,158.3,158.3,153.5,514200.0
20260615,301591,肯特股份,47.97,51.82,52.0,47.26,10344500.0
20260615,301592,六九一二,109.96,111.62,113.0,108.08,1371700.0
20260615,301595,太力科技,43.3,48.1,48.88,42.9,4214300.0
20260615,301596,瑞迪智驱,56.0,57.2,57.28,54.85,2423400.0
20260615,301598,博科测试,52.28,53.1,53.6,52.02,758400.0
20260615,301599,理奇智能,46.05,48.51,49.0,46.0,7007300.0
20260615,301600,慧翰股份,91.4,93.12,94.49,90.13,1133400.0
20260615,301601,惠通科技,17.7,17.81,18.37,17.55,2646700.0
20260615,301602,超研股份,15.56,15.46,15.67,15.3,2898700.0
20260615,301603,乔锋智能,122.98,130.4,134.3,122.98,2819200.0
20260615,301606,绿联科技,62.18,63.7,64.27,62.02,3677100.0
20260615,301607,富特科技,37.58,39.25,40.15,37.54,11180400.0
20260615,301608,博实结,49.09,51.1,51.22,49.04,2095700.0
20260615,301609,山大电力,37.52,38.43,38.96,37.45,2460500.0
20260615,301611,珂玛科技,114.21,114.66,116.0,107.0,18850500.0
20260615,301613,新铝时代,39.0,39.98,40.2,39.0,1234600.0
20260615,301616,浙江华业,36.39,37.09,37.53,36.11,479300.0
20260615,301617,博苑新材,53.02,54.78,54.88,51.7,4665300.0
20260615,301618,长联科技,37.64,37.63,38.47,37.45,1314900.0
20260615,301622,英思特,57.18,57.89,58.4,57.0,1914000.0
20260615,301626,苏州天脉,290.54,313.0,314.0,286.0,2686600.0
20260615,301628,强达电路,110.0,115.28,115.45,109.98,3336300.0
20260615,301629,矽电股份,380.0,388.2,391.0,363.36,2032900.0
20260615,301630,同宇新材,284.04,320.66,327.4,283.76,3282200.0
20260615,301631,壹连科技,75.12,77.3,77.57,74.64,1782700.0
20260615,301632,广东建科,17.3,17.36,17.6,17.1,3722200.0
20260615,301633,港迪技术,48.4,47.5,49.0,47.04,609900.0
20260615,301636,泽润新能,46.07,46.97,47.5,46.07,1413600.0
20260615,301638,南网数字,24.8,24.94,25.1,24.41,16748000.0
20260615,301656,联合动力,19.02,19.78,19.96,18.85,25424000.0
20260615,301658,首航新能,29.62,30.11,30.6,29.53,5576800.0
20260615,301662,宏工科技,89.99,94.85,96.96,89.0,3381900.0
20260615,301665,泰禾股份,22.44,22.63,22.77,22.33,2290900.0
20260615,301666,大普微-UW,604.65,612.0,618.88,572.41,5749700.0
20260615,301667,纳百川,77.5,79.46,81.5,76.7,2702500.0
20260615,301668,昊创瑞通,35.22,36.21,36.59,35.22,1085500.0
20260615,301669,高特电子,36.51,38.99,40.19,35.88,31116700.0
20260615,301678,新恒汇,62.64,58.61,62.64,57.78,6508500.0
20260615,301680,固德电材,117.79,120.0,121.82,116.11,1819300.0
20260615,301682,宏明电子,151.66,161.82,163.79,151.01,5144700.0
20260615,301683,慧谷新材,124.01,130.53,130.8,123.56,1965600.0
20260615,301687,新广益,53.7,63.56,64.82,53.4,6919800.0
20260615,301696,三瑞智能,112.08,113.43,113.5,110.09,3554200.0
20260615,302132,中航成飞,61.68,61.35,61.8,60.38,14590200.0
20260615,600000,浦发银行,9.68,9.53,9.72,9.47,87932100.0
20260615,600004,白云机场,8.4,8.34,8.41,8.27,14500400.0
20260615,600006,东风股份,5.82,5.83,5.99,5.8,14268300.0
20260615,600007,中国国贸,19.83,19.46,19.85,19.11,7951200.0
20260615,600008,首创环保,3.16,3.18,3.18,3.14,80635700.0
20260615,600009,上海机场,24.48,24.2,24.69,24.07,13183800.0
20260615,600010,包钢股份,2.42,2.41,2.45,2.38,664610600.0
20260615,600011,华能国际,8.05,8.06,8.06,7.92,198457300.0
20260615,600012,皖通高速,16.58,16.53,16.63,16.09,8858100.0
20260615,600015,华夏银行,6.98,6.93,7.01,6.9,72813400.0
20260615,600016,民生银行,3.63,3.63,3.65,3.59,299900400.0
20260615,600017,日照港,2.69,2.72,2.76,2.69,32558900.0
20260615,600018,上港集团,5.05,5.05,5.15,5.04,62327100.0
20260615,600019,宝钢股份,6.08,5.97,6.16,5.95,167181000.0
20260615,600020,中原高速,3.97,3.92,3.98,3.91,20479800.0
20260615,600021,上海电力,17.24,17.54,17.62,17.2,61555400.0
20260615,600022,山东钢铁,1.33,1.34,1.37,1.33,109700100.0
20260615,600023,浙能电力,6.26,6.16,6.29,6.1,70014700.0
20260615,600025,华能水电,9.83,9.64,9.84,9.48,54479100.0
20260615,600026,中远海能,19.25,19.25,19.25,19.25,17182900.0
20260615,600027,华电国际,5.15,5.06,5.15,5.03,119428600.0
20260615,600028,中国石化,4.95,4.99,5.05,4.94,395302500.0
20260615,600029,南方航空,5.54,5.46,5.68,5.42,258318400.0
20260615,600030,中信证券,26.45,26.86,27.4,26.44,310465600.0
20260615,600031,三一重工,19.32,19.19,19.89,19.0,92063700.0
20260615,600032,浙江新能,8.65,8.54,8.74,8.47,46965600.0
20260615,600033,福建高速,3.59,3.61,3.61,3.56,24123600.0
20260615,600035,楚天高速,3.81,3.78,3.82,3.77,10296700.0
20260615,600036,招商银行,39.21,38.95,39.37,38.73,97740400.0
20260615,600037,歌华有线,6.66,6.7,6.8,6.64,14012100.0
20260615,600038,中直股份,28.24,28.29,28.44,27.9,9867200.0
20260615,600039,四川路桥,8.27,8.32,8.37,8.17,19163500.0
20260615,600048,保利发展,5.22,5.19,5.27,5.15,99048300.0
20260615,600050,中国联通,4.39,4.4,4.43,4.37,155994100.0
20260615,600051,宁波联合,6.34,6.23,6.46,6.2,7315100.0
20260615,600052,东望时代,3.64,3.65,3.7,3.59,17034900.0
20260615,600054,黄山旅游,11.0,11.18,11.22,10.99,6679100.0
20260615,600055,万东医疗,11.58,11.87,11.92,11.35,8146800.0
20260615,600056,中国医药,9.15,9.23,9.28,9.1,9138300.0
20260615,600057,厦门象屿,6.2,6.24,6.33,6.18,22141500.0
20260615,600058,五矿发展,10.34,10.89,10.95,10.18,29721100.0
20260615,600059,古越龙山,7.95,8.12,8.15,7.9,9869900.0
20260615,600060,海信视像,27.2,27.09,27.58,26.18,34039300.0
20260615,600061,国投资本,6.49,6.56,6.72,6.46,71065800.0
20260615,600062,华润双鹤,17.15,17.04,17.21,16.96,5636600.0
20260615,600063,皖维高新,7.42,7.8,8.0,7.42,171103900.0
20260615,600064,南京高科,7.5,7.65,7.7,7.49,20084100.0
20260615,600066,宇通客车,28.87,28.26,29.09,28.0,29145100.0
20260615,600067,冠城新材,3.45,3.58,3.72,3.35,158414100.0
20260615,600071,凤凰光学,16.5,16.73,16.92,16.44,2738700.0
20260615,600072,中船科技,9.78,9.87,10.05,9.77,21853300.0
20260615,600073,光明肉业,5.03,5.08,5.11,5.02,7000700.0
20260615,600075,新疆天业,4.82,4.82,4.88,4.75,19031700.0
20260615,600076,康欣新材,3.51,3.48,3.53,3.42,26399200.0
20260615,600078,澄星股份,12.8,13.57,13.64,12.7,59511300.0
20260615,600081,东风科技,10.09,10.26,10.31,10.09,2651200.0
20260615,600085,同仁堂,25.0,24.83,25.0,24.7,5418500.0
20260615,600088,中视传媒,14.14,13.93,14.2,13.82,12468900.0
20260615,600089,特变电工,23.48,23.81,23.96,23.3,144767300.0
20260615,600094,大名城,3.93,4.19,4.29,3.93,42697100.0
20260615,600095,湘财股份,7.88,8.09,8.38,7.88,43568600.0
20260615,600096,云天化,30.2,31.22,31.3,30.2,64856200.0
20260615,600097,开创国际,8.68,8.56,8.89,8.51,3283100.0
20260615,600098,广州发展,6.97,6.93,7.03,6.85,40957100.0
20260615,600099,林海股份,9.18,9.0,9.4,8.95,3883300.0
20260615,600100,同方股份,7.12,7.22,7.25,7.06,48972900.0
20260615,600101,明星电力,9.15,9.23,9.23,9.08,20953200.0
20260615,600103,青山纸业,3.51,3.61,3.66,3.51,104627200.0
20260615,600104,上汽集团,10.97,10.79,11.12,10.72,107081900.0
20260615,600105,永鼎股份,52.29,53.53,54.0,49.1,120528000.0
20260615,600106,重庆路桥,5.03,5.01,5.08,4.98,10884500.0
20260615,600108,亚盛集团,3.57,3.68,3.73,3.51,255968900.0
20260615,600109,国金证券,8.58,8.8,9.0,8.52,82894200.0
20260615,600110,诺德股份,13.6,14.23,14.23,13.59,69901800.0
20260615,600111,北方稀土,50.45,50.47,50.5,49.32,139556700.0
20260615,600113,浙江东日,35.8,36.14,36.42,35.41,4430900.0
20260615,600114,东睦股份,39.36,42.22,42.3,38.91,46557200.0
20260615,600115,中国东航,4.14,4.12,4.27,4.08,417137100.0
20260615,600116,三峡水利,6.24,6.31,6.33,6.21,22860400.0
20260615,600117,西宁特钢,2.29,2.28,2.39,2.27,17125400.0
20260615,600118,中国卫星,76.99,75.86,77.2,73.93,49659600.0
20260615,600120,浙江东方,4.53,4.55,4.64,4.51,40884100.0
20260615,600121,郑州煤电,4.46,4.47,4.49,4.38,81214600.0
20260615,600123,兰花科创,6.9,6.87,6.99,6.78,38254100.0
20260615,600125,铁龙物流,5.48,5.58,5.6,5.48,12608300.0
20260615,600126,杭钢股份,6.84,6.94,7.02,6.84,38911200.0
20260615,600127,金健米业,5.82,5.84,5.89,5.75,11599800.0
20260615,600128,苏豪弘业,8.75,8.68,8.94,8.62,4074200.0
20260615,600129,太极集团,13.36,13.49,13.58,13.32,6575100.0
20260615,600130,波导股份,4.56,4.62,4.64,4.55,22831000.0
20260615,600131,国网信通,15.28,15.46,15.6,15.26,8420900.0
20260615,600132,重庆啤酒,50.15,49.4,50.45,49.16,5359500.0
20260615,600133,东湖高新,7.97,8.1,8.23,7.97,15790300.0
20260615,600135,乐凯胶片,9.09,9.36,9.82,8.99,27167800.0
20260615,600137,浪莎股份,18.82,18.34,19.18,18.22,2035100.0
20260615,600138,中青旅,7.4,7.45,7.54,7.38,9446700.0
20260615,600141,兴发集团,34.7,37.24,37.57,33.97,82829300.0
20260615,600143,金发科技,16.2,17.0,17.38,16.17,80726300.0
20260615,600148,长春一东,16.66,16.23,16.75,16.14,2508500.0
20260615,600149,廊坊发展,5.1,4.96,5.21,4.94,15441900.0
20260615,600150,中国船舶,35.35,35.91,36.43,35.35,117103700.0
20260615,600151,航天机电,11.66,11.78,11.86,11.48,30493700.0
20260615,600152,维科技术,10.53,11.08,11.15,10.53,33418900.0
20260615,600153,建发股份,9.59,9.29,9.68,9.25,23062600.0
20260615,600155,华创云信,5.43,5.5,5.73,5.41,43020700.0
20260615,600156,华升股份,9.11,9.02,9.29,8.97,15380600.0
20260615,600157,永泰能源,1.7,1.7,1.73,1.69,529672000.0
20260615,600158,中体产业,8.39,8.13,8.48,8.11,79479700.0
20260615,600159,大龙地产,2.65,2.53,2.69,2.52,25919500.0
20260615,600160,巨化股份,45.0,46.59,46.63,42.22,138062500.0
20260615,600161,天坛生物,12.66,12.71,13.08,12.54,21436200.0
20260615,600162,香江控股,3.3,3.64,3.65,3.29,388010000.0
20260615,600163,中闽能源,6.07,5.98,6.14,5.95,72664700.0
20260615,600165,宁科生物,2.83,2.85,2.94,2.8,6267300.0
20260615,600166,福田汽车,3.17,3.18,3.28,3.12,185636700.0
20260615,600167,联美控股,5.99,6.1,6.1,5.93,9573900.0
20260615,600168,武汉控股,4.48,4.41,4.5,4.37,6514900.0
20260615,600170,上海建工,2.44,2.44,2.49,2.42,142732200.0
20260615,600171,上海贝岭,26.4,27.16,27.17,26.25,15288600.0
20260615,600172,黄河旋风,11.86,12.42,12.48,11.28,213966200.0
20260615,600173,卧龙新能,6.58,6.64,6.68,6.58,6910900.0
20260615,600176,中国巨石,43.0,45.77,45.77,41.47,157659300.0
20260615,600177,雅戈尔,7.48,7.44,7.55,7.39,24798600.0
20260615,600178,东安动力,10.03,10.11,10.33,9.74,21076300.0
20260615,600179,安通控股,4.63,4.62,4.68,4.57,50191800.0
20260615,600182,S佳通,13.92,14.17,14.35,13.9,2055400.0
20260615,600183,生益科技,159.11,166.41,166.41,153.55,54034600.0
20260615,600184,光电股份,25.04,27.07,27.2,24.65,43877700.0
20260615,600185,珠免集团,5.02,5.07,5.13,5.02,15272500.0
20260615,600186,莲花控股,11.6,12.12,12.2,11.15,300817700.0
20260615,600188,兖矿能源,22.28,21.08,22.28,20.92,98239800.0
20260615,600189,泉阳泉,7.87,7.86,8.05,7.77,9603600.0
20260615,600191,华资实业,10.94,11.02,11.07,10.88,3885300.0
20260615,600192,长城电工,6.83,6.9,7.03,6.83,5064200.0
20260615,600195,中牧股份,6.75,6.77,6.8,6.7,6313400.0
20260615,600196,复星医药,22.35,22.31,22.56,22.17,16799500.0
20260615,600197,伊力特,10.53,10.66,10.75,10.51,7900300.0
20260615,600198,大唐电信,9.11,9.37,9.46,9.01,59309700.0
20260615,600199,金种子酒,6.8,6.86,6.9,6.75,10067900.0
20260615,600201,生物股份,12.45,12.48,12.49,12.22,25472700.0
20260615,600202,哈空调,5.11,5.01,5.24,4.96,7837300.0
20260615,600203,福日电子,11.21,11.64,11.86,11.21,30704500.0
20260615,600206,有研新材,33.18,35.55,35.55,32.12,139825600.0
20260615,600207,安彩高科,6.09,6.36,6.57,6.04,51869800.0
20260615,600208,衢州发展,2.95,3.04,3.07,2.95,215997200.0
20260615,600210,紫江企业,6.61,6.64,6.69,6.57,17750800.0
20260615,600211,西藏药业,36.41,37.19,37.2,36.22,3931400.0
20260615,600212,绿能慧充,6.06,5.83,6.06,5.75,12275800.0
20260615,600215,派斯林,6.25,6.44,6.67,6.25,17058900.0
20260615,600216,浙江医药,12.01,12.17,12.26,11.98,14802000.0
20260615,600217,中再资环,3.18,3.13,3.21,3.12,19218300.0
20260615,600218,全柴动力,8.08,8.14,8.3,8.06,7081700.0
20260615,600219,南山铝业,4.79,4.81,4.89,4.73,236361300.0
20260615,600221,海航控股,1.59,1.52,1.6,1.51,679623000.0
20260615,600222,太龙药业,7.97,7.88,7.97,7.77,14768200.0
20260615,600223,福瑞达,5.7,5.64,5.8,5.62,8506100.0
20260615,600226,亨通股份,7.5,8.25,8.25,7.44,244572800.0
20260615,600227,赤天化,2.82,2.85,2.9,2.79,86632100.0
20260615,600228,返利科技,7.34,8.11,8.11,7.33,49090400.0
20260615,600229,城市传媒,5.83,5.81,5.93,5.74,39429100.0
20260615,600230,沧州大化,14.8,15.15,15.4,14.63,13828600.0
20260615,600231,凌钢股份,1.9,1.89,1.94,1.87,9920400.0
20260615,600232,金鹰股份,7.11,7.1,7.22,6.99,7154800.0
20260615,600233,圆通速递,17.2,17.11,17.5,16.85,23890700.0
20260615,600234,科新发展,24.88,26.15,26.73,24.21,5053800.0
20260615,600235,民丰特纸,5.68,5.53,5.82,5.5,6477200.0
20260615,600236,桂冠电力,9.87,10.0,10.07,9.82,15898800.0
20260615,600237,铜峰电子,9.88,10.68,10.68,9.88,47199500.0
20260615,600241,时代万恒,7.35,7.17,7.52,7.14,4962100.0
20260615,600246,万通发展,16.05,17.33,17.55,15.71,168028300.0
20260615,600248,陕建股份,3.02,3.0,3.07,2.97,16506100.0
20260615,600249,两面针,5.16,5.06,5.24,5.0,9033100.0
20260615,600250,南京商旅,8.85,8.82,9.06,8.78,7432900.0
20260615,600251,冠农股份,9.95,9.93,10.12,9.74,10155900.0
20260615,600252,中恒集团,2.13,2.05,2.16,2.0,85176500.0
20260615,600255,鑫科材料,4.26,4.29,4.45,4.25,223756900.0
20260615,600256,广汇能源,6.39,6.05,6.39,5.99,333538300.0
20260615,600257,大湖股份,5.19,4.98,5.21,4.92,13000100.0
20260615,600258,首旅酒店,12.8,13.0,13.25,12.78,17149400.0
20260615,600259,中稀有色,95.5,99.9,99.99,93.0,25955000.0
20260615,600261,阳光照明,3.2,3.21,3.26,3.18,10875800.0
20260615,600262,北方股份,21.7,22.06,22.2,21.49,3411900.0
20260615,600266,城建发展,4.44,4.45,4.59,4.43,37376200.0
20260615,600267,海正药业,9.97,10.15,10.17,9.91,14940600.0
20260615,600268,国电南自,12.4,12.7,12.81,12.4,18400100.0
20260615,600269,赣粤高速,4.2,4.19,4.27,4.16,23220200.0
20260615,600271,航天信息,7.08,7.13,7.17,7.05,14662400.0
20260615,600272,开开实业,11.2,10.98,11.29,10.9,2861400.0
20260615,600273,嘉化能源,7.02,7.15,7.16,7.02,22162500.0
20260615,600276,恒瑞医药,48.44,47.88,48.8,47.62,66940800.0
20260615,600278,东方创业,6.29,6.4,6.45,6.24,7109200.0
20260615,600279,重庆港,4.42,4.33,4.58,4.31,31614600.0
20260615,600280,中央商场,2.92,3.09,3.22,2.9,139479100.0
20260615,600281,华阳新材,4.94,4.87,5.08,4.79,11389500.0
20260615,600282,南钢股份,5.14,4.94,5.17,4.87,60786600.0
20260615,600283,钱江水利,8.39,8.35,8.44,8.32,2577500.0
20260615,600284,浦东建设,5.39,5.31,5.47,5.28,12245700.0
20260615,600285,羚锐制药,20.76,20.98,21.0,20.67,7280900.0
20260615,600287,苏豪时尚,4.95,4.85,5.02,4.8,4076600.0
20260615,600288,大恒科技,12.25,12.95,13.05,12.25,9745200.0
20260615,600292,电投水电,14.71,14.66,14.86,14.3,39326700.0
20260615,600293,三峡新材,3.42,3.75,3.75,3.42,108621000.0
20260615,600295,鄂尔多斯,13.66,13.79,14.16,13.61,17418700.0
20260615,600298,安琪酵母,36.9,35.59,36.9,35.33,12100300.0
20260615,600299,安迪苏,10.12,10.12,10.38,10.0,16294500.0
20260615,600300,维维股份,3.07,3.09,3.13,3.06,21406200.0
20260615,600301,华锡有色,65.09,67.9,68.2,64.0,31670500.0
20260615,600303,曙光股份,3.07,3.05,3.25,3.02,54817500.0
20260615,600305,恒顺醋业,6.89,6.89,6.93,6.84,6720800.0
20260615,600307,酒钢宏兴,1.58,1.57,1.62,1.55,70867700.0
20260615,600308,华泰股份,3.36,3.38,3.47,3.35,9966700.0
20260615,600309,万华化学,73.52,73.5,76.48,72.13,63193300.0
20260615,600310,广西能源,4.74,4.93,5.08,4.73,136938800.0
20260615,600312,平高电气,18.87,19.14,19.29,18.86,26169200.0
20260615,600313,农发种业,5.91,5.9,5.95,5.82,20311800.0
20260615,600315,上海家化,18.6,18.6,18.79,18.45,5171500.0
20260615,600316,洪都航空,27.17,27.45,27.84,26.88,10840600.0
20260615,600318,新力金融,6.4,6.53,6.67,6.36,15758500.0
20260615,600319,亚星化学,7.07,6.99,7.29,6.97,3338300.0
20260615,600320,振华重工,4.43,4.63,4.65,4.43,54129800.0
20260615,600322,津投城开,2.68,2.62,2.72,2.6,56737800.0
20260615,600323,瀚蓝环境,30.55,30.35,30.85,30.1,5713700.0
20260615,600325,华发股份,2.63,2.6,2.68,2.58,48183300.0
20260615,600326,西藏天路,7.18,7.23,7.33,7.17,18740300.0
20260615,600327,大东方,3.52,3.48,3.57,3.45,8970200.0
20260615,600328,中盐化工,6.8,6.87,6.94,6.76,20125700.0
20260615,600329,达仁堂,38.3,38.77,38.83,38.2,3089400.0
20260615,600330,天通股份,29.15,30.94,31.05,28.41,158248300.0
20260615,600331,宏达股份,13.67,13.41,13.84,13.13,57715600.0
20260615,600332,白云山,21.69,21.76,21.81,21.58,9924800.0
20260615,600333,长春燃气,5.46,5.49,5.55,5.43,14821300.0
20260615,600335,国机汽车,5.35,5.35,5.49,5.3,10861000.0
20260615,600336,澳柯玛,7.16,7.37,7.7,7.13,17360300.0
20260615,600338,西藏珠峰,18.0,17.93,18.48,17.51,104451700.0
20260615,600339,中油工程,3.33,3.35,3.42,3.29,68212000.0
20260615,600343,航天动力,24.7,24.29,24.83,24.08,42210800.0
20260615,600345,长江通信,57.47,59.77,60.24,55.54,22379700.0
20260615,600346,恒力石化,18.0,18.53,19.15,17.85,91724500.0
20260615,600348,华阳股份,9.0,8.76,9.05,8.68,47951400.0
20260615,600350,山东高速,10.87,11.05,11.17,10.67,12666300.0
20260615,600351,亚宝药业,6.17,6.23,6.24,6.16,8668000.0
20260615,600352,浙江龙盛,11.54,11.9,12.4,11.54,122972200.0
20260615,600353,旭光电子,30.0,31.56,31.56,30.0,23974600.0
20260615,600354,敦煌种业,5.39,5.33,5.44,5.28,14314900.0
20260615,600356,恒丰纸业,8.61,8.59,8.75,8.56,4569400.0
20260615,600358,国旅联合,5.81,5.78,5.88,5.75,5164200.0
20260615,600359,新农开发,6.49,6.42,6.58,6.35,7754200.0
20260615,600360,华微电子,10.94,11.26,11.28,10.73,62237200.0
20260615,600361,创新新材,4.13,4.32,4.45,4.12,120152800.0
20260615,600362,江西铜业,44.3,47.36,47.36,44.0,92320600.0
20260615,600363,联创光电,32.99,34.51,34.93,32.72,16110100.0
20260615,600366,宁波韵升,13.2,13.29,13.38,13.05,53582500.0
20260615,600367,红星发展,53.24,53.95,55.73,51.66,56161100.0
20260615,600368,五洲交通,3.73,3.76,3.79,3.72,10777400.0
20260615,600369,西南证券,4.01,4.09,4.2,4.0,75797100.0
20260615,600371,万向德农,7.14,7.0,7.3,6.99,5446800.0
20260615,600372,中航机载,11.01,11.12,11.19,10.98,33701200.0
20260615,600373,中文传媒,7.65,7.64,7.75,7.6,7946800.0
20260615,600375,汉马科技,4.24,4.33,4.33,4.19,14780400.0
20260615,600376,首开股份,3.43,3.53,3.53,3.42,64395500.0
20260615,600377,宁沪高速,12.38,12.12,12.4,12.04,24636000.0
20260615,600378,昊华科技,57.1,56.27,57.85,52.89,107869200.0
20260615,600379,宝光股份,11.95,12.25,12.26,11.92,12643800.0
20260615,600380,健康元,10.03,10.11,10.12,9.99,12390200.0
20260615,600382,广东明珠,8.15,8.22,8.34,8.13,25503900.0
20260615,600383,金地集团,2.52,2.52,2.56,2.49,35771400.0
20260615,600386,北巴传媒,3.55,3.48,3.59,3.42,10840000.0
20260615,600388,紫金龙净,17.62,17.57,17.7,17.28,13028500.0
20260615,600389,江山股份,23.35,23.77,24.2,23.29,7801200.0
20260615,600390,五矿资本,4.68,4.85,4.9,4.67,60653400.0
20260615,600391,航发科技,34.16,35.41,36.09,33.92,27170300.0
20260615,600392,盛和资源,26.0,26.39,26.54,25.16,165779700.0
20260615,600395,盘江股份,5.49,5.38,5.49,5.31,41548500.0
20260615,600396,华电辽能,16.99,17.83,18.2,16.51,223697900.0
20260615,600397,江钨装备,15.45,15.17,15.59,14.84,79655400.0
20260615,600398,海澜之家,5.98,5.9,6.02,5.85,35733600.0
20260615,600399,抚顺特钢,4.39,4.45,4.49,4.36,64555500.0
20260615,600400,红豆股份,2.61,2.64,2.69,2.59,36916600.0
20260615,600403,大有能源,6.6,6.53,6.73,6.53,32507300.0
20260615,600405,动力源,4.26,4.29,4.33,4.26,8139500.0
20260615,600406,国电南瑞,23.49,23.46,23.8,23.31,65476600.0
20260615,600408,安泰集团,2.83,2.83,2.91,2.8,65048500.0
20260615,600409,三友化工,6.18,6.53,6.66,6.18,60369700.0
20260615,600410,华胜天成,17.66,17.87,17.91,17.59,48314100.0
20260615,600415,小商品城,11.42,11.37,11.47,11.23,73151000.0
20260615,600416,湘电股份,9.92,9.99,10.05,9.82,21099500.0
20260615,600418,江淮汽车,32.0,32.23,33.51,31.83,63881200.0
20260615,600419,天润乳业,8.02,8.07,8.16,8.0,4902200.0
20260615,600420,国药现代,8.71,8.56,8.75,8.54,8508600.0
20260615,600422,昆药集团,8.53,8.53,8.67,8.46,5815300.0
20260615,600425,青松建化,3.59,3.54,3.59,3.5,12641100.0
20260615,600426,华鲁恒升,28.98,28.31,29.93,28.06,54008900.0
20260615,600428,中远海特,8.18,8.19,8.43,7.99,52145000.0
20260615,600429,三元股份,4.43,4.51,4.51,4.4,17436900.0
20260615,600433,冠豪高新,3.58,3.51,3.58,3.47,39512800.0
20260615,600435,北方导航,12.15,12.32,12.4,12.11,24060300.0
20260615,600436,片仔癀,119.56,118.57,120.28,117.59,2917300.0
20260615,600438,通威股份,13.58,13.57,13.69,13.42,53743800.0
20260615,600444,国机通用,14.28,14.25,14.57,14.13,1937100.0
20260615,600446,金证股份,11.6,11.75,12.27,11.58,25361300.0
20260615,600448,华纺股份,2.92,2.83,2.99,2.81,24088100.0
20260615,600449,宁夏建材,12.9,12.95,13.06,12.8,5475200.0
20260615,600452,涪陵电力,10.55,10.69,10.81,10.55,26033000.0
20260615,600455,博通股份,24.63,23.72,24.77,23.61,2190300.0
20260615,600456,宝钛股份,30.1,30.54,30.54,29.48,11611300.0
20260615,600458,时代新材,15.95,15.9,16.59,15.67,75557500.0
20260615,600459,贵研铂业,25.3,25.99,26.0,24.87,76097400.0
20260615,600460,士兰微,32.91,35.37,35.37,32.58,89734000.0
20260615,600461,洪城环境,9.5,9.41,9.51,9.33,13734800.0
20260615,600463,空港股份,9.11,8.81,9.29,8.72,4858400.0
20260615,600467,好当家,2.19,2.19,2.23,2.17,21426800.0
20260615,600468,百利电气,5.76,5.86,5.87,5.76,15028700.0
20260615,600469,风神股份,5.72,5.83,5.83,5.69,7050600.0
20260615,600470,六国化工,5.78,5.84,5.96,5.71,51016300.0
20260615,600475,华光环能,14.62,15.22,15.35,14.61,11052000.0
20260615,600477,杭萧钢构,2.61,2.62,2.65,2.59,25836700.0
20260615,600478,科力远,5.65,5.63,5.76,5.57,34201000.0
20260615,600479,千金药业,9.85,9.84,9.93,9.79,5580000.0
20260615,600480,凌云股份,9.62,9.9,9.98,9.62,16881300.0
20260615,600481,双良节能,5.02,4.94,5.02,4.89,80706300.0
20260615,600482,中国动力,31.42,31.85,32.25,31.2,37782400.0
20260615,600483,福能股份,11.52,11.6,11.7,11.3,39558900.0
20260615,600486,扬农化工,56.5,57.21,58.87,56.01,7458300.0
20260615,600487,亨通光电,98.94,99.28,99.92,92.88,220544000.0
20260615,600488,津药药业,4.7,4.85,4.89,4.6,69382500.0
20260615,600489,中金黄金,22.39,22.58,22.94,22.21,105506300.0
20260615,600490,鹏欣资源,7.3,7.55,7.62,7.25,62382800.0
20260615,600493,凤竹纺织,6.05,5.98,6.33,5.9,5929500.0
20260615,600495,晋西车轴,3.79,3.82,3.87,3.78,11235000.0
20260615,600496,精工钢构,3.68,3.61,3.7,3.58,26535000.0
20260615,600497,驰宏锌锗,9.74,10.12,10.16,9.57,376944800.0
20260615,600498,烽火通信,64.38,67.83,68.5,62.01,162784900.0
20260615,600499,科达制造,16.02,15.89,16.2,15.57,27960200.0
20260615,600500,中化国际,7.85,8.24,8.49,7.25,539153800.0
20260615,600501,航天晨光,17.71,17.89,17.97,17.55,5286500.0
20260615,600502,安徽建工,4.7,4.76,4.85,4.65,45132400.0
20260615,600503,华丽家族,2.46,2.41,2.5,2.38,50125700.0
20260615,600505,西昌电力,14.3,14.39,14.51,14.15,27229500.0
20260615,600506,统一股份,16.44,16.33,16.7,16.22,5504500.0
20260615,600507,方大特钢,4.33,4.29,4.44,4.25,37643000.0
20260615,600508,上海能源,13.0,12.86,13.18,12.72,10767000.0
20260615,600509,天富能源,8.13,8.33,8.38,8.1,38570900.0
20260615,600510,黑牡丹,7.73,7.94,8.06,7.68,10542300.0
20260615,600511,国药股份,27.76,28.0,28.13,27.73,4877000.0
20260615,600512,腾达建设,2.08,2.08,2.12,2.06,18737800.0
20260615,600513,联环药业,15.82,16.03,16.11,15.82,6300300.0
20260615,600515,海南机场,3.02,2.99,3.06,2.98,131087600.0
20260615,600516,方大炭素,5.76,6.0,6.04,5.7,168014800.0
20260615,600517,国网英大,4.92,5.02,5.08,4.92,34104400.0
20260615,600518,康美药业,1.41,1.39,1.44,1.38,221337300.0
20260615,600519,贵州茅台,1292.7,1271.1,1292.7,1270.1,4158600.0
20260615,600520,三佳科技,27.01,29.58,29.58,26.9,12937100.0
20260615,600521,华海药业,14.45,14.64,14.75,14.35,14031400.0
20260615,600522,中天科技,49.97,51.35,51.47,46.88,309924200.0
20260615,600523,贵航股份,11.25,11.5,11.76,11.25,4978000.0
20260615,600525,长园集团,5.1,5.12,5.24,5.08,14401400.0
20260615,600526,菲达环保,4.49,4.52,4.58,4.45,8263300.0
20260615,600527,江南高纤,2.33,2.37,2.43,2.32,61513300.0
20260615,600528,中铁工业,7.16,7.21,7.3,7.12,16778100.0
20260615,600529,山东药玻,18.16,18.28,18.55,18.15,8109200.0
20260615,600531,豫光金铅,13.2,13.72,13.73,13.09,119599200.0
20260615,600533,栖霞建设,2.18,2.16,2.26,2.15,18597900.0
20260615,600535,天士力,14.41,14.53,14.6,14.32,11681000.0
20260615,600536,中国软件,28.93,30.19,30.68,28.58,45502000.0
20260615,600538,国发股份,5.95,5.85,5.96,5.73,11370000.0
20260615,600539,狮头股份,16.89,16.3,17.18,16.3,24452300.0
20260615,600540,新赛股份,4.43,4.34,4.56,4.29,31067000.0
20260615,600545,卓郎智能,5.56,5.98,5.98,5.55,75151400.0
20260615,600546,山煤国际,13.07,12.71,13.3,12.55,46668500.0
20260615,600547,山东黄金,28.82,28.66,29.32,28.3,80617300.0
20260615,600548,深高速,8.66,8.67,8.71,8.56,2157800.0
20260615,600549,厦门钨业,66.1,71.28,71.28,65.5,115898800.0
20260615,600550,保变电气,12.25,12.64,12.8,12.2,42917300.0
20260615,600551,时代出版,7.41,7.4,7.47,7.35,2785400.0
20260615,600552,凯盛科技,19.26,20.48,20.6,19.0,109935300.0
20260615,600556,天下秀,4.89,4.94,4.99,4.88,41966500.0
20260615,600557,康缘药业,12.12,12.14,12.27,12.0,3386300.0
20260615,600558,大西洋,5.45,5.5,5.54,5.41,15906100.0
20260615,600559,老白干酒,12.35,12.56,12.58,12.21,15334100.0
20260615,600560,金自天正,12.07,11.98,12.32,11.87,3912700.0
20260615,600561,江西长运,5.66,5.5,5.77,5.4,6491800.0
20260615,600562,国睿科技,21.54,21.9,22.01,21.37,10023100.0
20260615,600563,法拉电子,145.0,157.3,157.3,144.6,9064400.0
20260615,600566,济川药业,27.0,26.96,27.2,26.45,8760800.0
20260615,600567,山鹰国际,1.42,1.41,1.45,1.39,317840000.0
20260615,600569,安阳钢铁,1.87,1.84,1.92,1.82,23812900.0
20260615,600570,恒生电子,22.09,22.64,23.23,21.97,45018100.0
20260615,600571,信雅达,10.53,10.77,11.1,10.49,9925200.0
20260615,600572,康恩贝,4.13,4.15,4.18,4.13,29558000.0
20260615,600573,惠泉啤酒,13.35,12.3,13.36,12.24,37503300.0
20260615,600575,淮河能源,4.0,3.88,4.02,3.84,98012800.0
20260615,600576,祥源文旅,6.18,6.55,6.63,6.1,59977600.0
20260615,600577,精达股份,11.5,11.84,11.87,11.4,68720000.0
20260615,600578,京能电力,7.45,8.24,8.24,7.29,276395600.0
20260615,600579,中化装备,6.61,6.69,6.84,6.56,13676000.0
20260615,600580,卧龙电驱,34.69,35.57,35.66,34.11,40358900.0
20260615,600582,天地科技,5.28,5.23,5.34,5.21,27662300.0
20260615,600583,海油工程,5.49,5.54,5.61,5.45,43387600.0
20260615,600584,长电科技,70.3,74.32,74.47,67.95,178153100.0
20260615,600585,海螺水泥,18.8,18.44,18.99,18.33,39354900.0
20260615,600586,金晶科技,4.59,4.74,4.79,4.57,34279300.0
20260615,600587,新华医疗,12.78,12.71,12.88,12.66,4844300.0
20260615,600588,用友网络,10.1,10.14,10.25,10.03,38138200.0
20260615,600589,大位科技,9.53,10.08,10.13,9.45,113378500.0
20260615,600590,泰豪科技,12.0,11.91,12.1,11.65,29976300.0
20260615,600592,龙溪股份,15.6,15.67,15.75,15.44,11746000.0
20260615,600593,大连圣亚,40.64,40.18,41.2,39.82,8548900.0
20260615,600594,益佰制药,3.32,3.29,3.37,3.25,15057100.0
20260615,600595,中孚实业,6.92,6.72,7.1,6.65,117533700.0
20260615,600596,新安股份,14.7,15.14,15.16,14.35,106228600.0
20260615,600597,光明乳业,6.77,6.8,6.86,6.76,7630200.0
20260615,600598,北大荒,14.27,14.22,14.35,14.08,16253600.0
20260615,600600,青岛啤酒,60.3,59.5,60.31,59.36,9356600.0
20260615,600601,方正科技,12.9,13.45,13.46,12.65,340542900.0
20260615,600602,云赛智联,17.28,17.67,17.7,17.21,23087100.0
20260615,600603,广汇物流,4.7,4.66,4.84,4.62,12352200.0
20260615,600604,市北高新,4.22,4.28,4.32,4.22,8579700.0
20260615,600605,汇通能源,30.27,30.8,31.88,30.03,4825400.0
20260615,600606,绿地控股,1.39,1.37,1.41,1.36,100395800.0
20260615,600609,金杯汽车,3.44,3.44,3.6,3.43,18131200.0
20260615,600610,中毅达,8.0,7.96,8.14,7.95,20426300.0
20260615,600611,大众交通,4.21,4.27,4.3,4.2,42451700.0
20260615,600612,老凤祥,35.57,35.74,35.89,35.18,1456900.0
20260615,600613,神奇制药,4.98,4.92,5.05,4.89,6160100.0
20260615,600615,鑫源智造,9.53,9.13,9.68,9.05,4176900.0
20260615,600616,金枫酒业,4.26,4.29,4.36,4.25,7254500.0
20260615,600617,国新能源,3.12,3.09,3.18,3.07,30145900.0
20260615,600618,氯碱化工,10.64,10.91,11.37,10.64,19101700.0
20260615,600619,海立股份,14.94,15.15,15.22,14.75,23969800.0
20260615,600620,天宸股份,4.52,4.39,4.61,4.35,8308700.0
20260615,600621,华鑫股份,12.46,12.8,13.1,12.46,17915600.0
20260615,600622,光大嘉宝,2.3,2.26,2.36,2.24,28438700.0
20260615,600623,华谊集团,8.6,8.73,8.77,8.55,19391900.0
20260615,600626,申达股份,3.47,3.51,3.61,3.47,11135300.0
20260615,600628,新世界,6.18,6.13,6.24,6.08,5483300.0
20260615,600629,华建集团,15.89,16.47,16.49,15.81,24989600.0
20260615,600630,龙头股份,8.88,9.06,9.08,8.52,34419500.0
20260615,600633,浙数文化,10.82,10.94,11.03,10.78,16687900.0
20260615,600635,大众公用,4.8,4.84,4.87,4.78,27336700.0
20260615,600637,东方明珠,8.63,8.64,8.7,8.55,44076300.0
20260615,600638,新黄浦,5.26,5.3,5.41,5.26,9541500.0
20260615,600639,浦东金桥,9.82,9.77,9.88,9.72,3367600.0
20260615,600640,国脉文化,10.67,10.69,10.9,10.59,6661000.0
20260615,600641,先导基电,28.55,31.05,31.33,28.11,93140500.0
20260615,600642,申能股份,9.64,9.73,9.76,9.46,31269000.0
20260615,600643,爱建集团,4.05,4.09,4.23,4.04,16330200.0
20260615,600644,乐山电力,9.86,10.07,10.1,9.84,11650900.0
20260615,600645,中源协和,18.61,18.48,18.88,18.35,8310700.0
20260615,600648,外高桥,8.88,8.94,9.07,8.84,2839200.0
20260615,600649,城投控股,3.7,3.69,3.75,3.65,16840700.0
20260615,600650,锦江在线,10.29,10.43,10.62,10.29,2502600.0
20260615,600651,飞乐音响,6.19,6.17,6.31,6.11,19860100.0
20260615,600653,申华控股,1.65,1.67,1.69,1.65,15227500.0
20260615,600654,中安科,2.89,2.93,3.0,2.88,55124600.0
20260615,600655,豫园股份,4.43,4.44,4.53,4.42,15964400.0
20260615,600657,信达地产,2.75,2.71,2.8,2.69,24692200.0
20260615,600658,电子城,4.34,4.3,4.43,4.28,12928100.0
20260615,600660,福耀玻璃,52.6,52.41,52.88,51.88,10329200.0
20260615,600661,昂立教育,7.99,7.86,8.17,7.8,4760800.0
20260615,600662,外服控股,4.28,4.3,4.37,4.24,12184600.0
20260615,600663,陆家嘴,6.7,6.84,6.86,6.7,14728400.0
20260615,600664,哈药股份,3.17,3.17,3.21,3.14,33091400.0
20260615,600665,天地源,3.85,3.84,3.93,3.78,58036300.0
20260615,600666,奥瑞德,4.39,4.52,4.54,4.39,119786000.0
20260615,600667,太极实业,16.89,17.33,17.46,16.42,301443500.0
20260615,600668,尖峰集团,7.55,7.54,7.63,7.5,3728800.0
20260615,600671,天目药业,16.48,16.16,16.74,16.07,1938100.0
20260615,600673,东阳光,32.66,33.1,33.26,31.51,56349900.0
20260615,600674,川投能源,15.61,15.33,15.61,15.15,45028300.0
20260615,600675,中华企业,2.41,2.4,2.45,2.39,20867700.0
20260615,600676,久事动娱,6.6,6.59,6.65,6.45,11039300.0
20260615,600679,上海凤凰,9.38,9.44,9.62,9.36,3613500.0
20260615,600681,百川能源,3.55,3.53,3.61,3.52,10878100.0
20260615,600682,南京新百,5.86,5.77,5.89,5.69,19188700.0
20260615,600683,京投发展,12.0,12.57,12.72,12.0,21184000.0
20260615,600684,珠江股份,3.38,3.57,3.59,3.35,40240900.0
20260615,600685,中船防务,26.09,27.03,27.25,26.09,12605000.0
20260615,600686,金龙汽车,13.37,13.72,13.96,13.25,28833000.0
20260615,600688,上海石化,2.89,3.0,3.06,2.88,178208900.0
20260615,600689,上海三毛,11.2,11.04,11.44,10.99,2908700.0
20260615,600690,海尔智家,21.2,20.97,21.23,20.69,62338700.0
20260615,600691,潞化科技,2.64,2.6,2.68,2.56,39173400.0
20260615,600692,亚通股份,6.42,6.38,6.63,6.31,5038800.0
20260615,600693,东百集团,8.6,8.86,9.12,8.6,47652600.0
20260615,600694,大商股份,14.68,14.79,14.84,14.59,3664800.0
20260615,600697,欧亚集团,11.05,10.76,11.29,10.73,3527100.0
20260615,600698,湖南天雁,6.8,6.82,6.88,6.74,17282800.0
20260615,600699,均胜电子,24.26,24.65,24.66,24.21,30378400.0
20260615,600702,舍得酒业,38.0,38.75,38.77,37.9,5231800.0
20260615,600703,三安光电,13.97,15.31,15.31,13.97,318935500.0
20260615,600704,物产中大,4.8,4.86,4.88,4.79,54093800.0
20260615,600706,曲江文旅,7.77,7.58,7.94,7.53,6621700.0
20260615,600707,彩虹股份,10.02,10.47,10.73,9.9,174320000.0
20260615,600708,光明地产,2.89,2.93,2.97,2.89,16643600.0
20260615,600710,苏美达,11.16,11.25,11.48,11.09,10477700.0
20260615,600711,盛屯矿业,13.07,13.47,13.9,12.98,208485000.0
20260615,600712,南宁百货,5.41,5.25,5.47,5.22,7377500.0
20260615,600713,南京医药,5.01,5.06,5.06,4.98,8278900.0
20260615,600714,金瑞矿业,28.1,28.33,29.67,27.48,22645200.0
20260615,600715,文投控股,1.72,1.72,1.76,1.71,17931300.0
20260615,600716,凤凰股份,3.74,3.67,3.77,3.65,8694700.0
20260615,600718,东软集团,7.86,7.92,8.07,7.86,9891700.0
20260615,600719,大连热电,8.57,8.74,8.98,8.45,27376000.0
20260615,600720,中交设计,5.59,5.63,5.66,5.56,13034900.0
20260615,600721,百花医药,7.69,7.66,7.72,7.58,13746900.0
20260615,600722,金牛化工,9.8,9.57,10.04,9.35,94459400.0
20260615,600724,宁波富达,6.65,6.57,6.67,6.4,9178700.0
20260615,600725,云维股份,3.77,3.67,3.8,3.64,20986300.0
20260615,600726,华电能源,8.09,8.56,8.58,7.77,245542800.0
20260615,600727,鲁北化工,7.76,7.85,8.0,7.74,24007000.0
20260615,600728,佳都科技,4.61,4.63,4.71,4.58,28794600.0
20260615,600729,重百集团,20.0,20.56,20.64,19.93,6165200.0
20260615,600731,湖南海利,5.6,5.6,5.78,5.56,10160200.0
20260615,600732,爱旭股份,12.5,12.74,12.91,12.33,54738400.0
20260615,600733,北汽蓝谷,5.86,5.96,6.0,5.8,80845300.0
20260615,600736,苏州高新,7.9,7.74,8.04,7.65,70702900.0
20260615,600737,中粮糖业,13.4,13.81,13.82,13.21,32088800.0
20260615,600738,丽尚国潮,4.12,4.07,4.18,4.04,8175100.0
20260615,600739,辽宁成大,10.26,10.42,10.65,10.22,20449500.0
20260615,600740,山西焦化,3.79,3.79,3.87,3.73,41631400.0
20260615,600741,华域汽车,16.75,17.03,17.05,16.69,20074000.0
20260615,600742,富维股份,7.85,7.95,8.04,7.83,7367100.0
20260615,600743,华远控股,2.25,2.17,2.29,2.16,65336900.0
20260615,600744,华银电力,7.27,7.49,7.53,7.26,81177800.0
20260615,600746,江苏索普,6.16,6.25,6.4,6.16,11605600.0
20260615,600748,上实发展,4.07,4.17,4.23,4.07,14490200.0
20260615,600749,西藏旅游,16.06,15.77,16.09,15.7,11956700.0
20260615,600750,华润江中,24.81,24.7,25.44,24.33,6107500.0
20260615,600751,海航科技,3.19,3.25,3.32,3.18,52844300.0
20260615,600754,锦江酒店,20.09,20.2,20.75,19.97,13216300.0
20260615,600755,厦门国贸,5.65,5.71,5.77,5.65,17118700.0
20260615,600756,浪潮软件,13.26,13.47,13.49,13.16,5854000.0
20260615,600757,长江传媒,8.1,8.12,8.14,8.02,10395700.0
20260615,600758,辽宁能源,3.99,4.06,4.11,3.98,64110600.0
20260615,600760,中航沈飞,43.69,43.28,44.35,43.14,25562500.0
20260615,600761,安徽合力,16.61,16.98,17.0,16.61,9542300.0
20260615,600763,通策医疗,34.4,34.83,34.9,34.25,5587100.0
20260615,600764,中国海防,19.18,19.56,19.61,19.1,5189800.0
20260615,600765,中航重机,13.78,14.07,14.08,13.68,19116000.0
20260615,600768,富邦新材,15.4,15.59,15.73,15.34,3750700.0
20260615,600769,祥龙电业,15.77,16.38,16.5,15.77,21527100.0
20260615,600770,综艺股份,5.85,5.94,5.95,5.81,32468900.0
20260615,600771,广誉远,14.13,14.21,14.33,14.1,4753600.0
20260615,600773,西藏城投,15.7,15.34,16.4,15.14,51439600.0
20260615,600774,汉商集团,7.16,7.0,7.27,6.94,4168500.0
20260615,600775,南京熊猫,10.3,10.44,10.49,10.22,14520100.0
20260615,600776,东方通信,15.09,15.48,15.54,15.09,25411000.0
20260615,600777,新潮能源,5.2,5.2,5.29,5.16,18495100.0
20260615,600778,友好集团,5.77,5.63,5.9,5.6,6998600.0
20260615,600779,水井坊,28.99,29.53,29.58,28.68,4485600.0
20260615,600780,通宝能源,6.61,6.67,6.72,6.61,17327200.0
20260615,600782,新钢股份,2.68,2.67,2.75,2.66,41464900.0
20260615,600783,鲁信创投,20.89,21.78,21.85,20.7,24984500.0
20260615,600784,鲁银投资,7.06,7.15,7.19,7.02,6780700.0
20260615,600785,新华百货,15.09,15.04,15.4,14.84,7709900.0
20260615,600787,中储股份,4.6,4.6,4.68,4.56,19084200.0
20260615,600789,鲁抗医药,7.17,7.21,7.27,7.14,9193700.0
20260615,600790,轻纺城,3.84,3.78,3.88,3.7,25878300.0
20260615,600791,京能置业,10.93,10.93,10.93,10.93,1418000.0
20260615,600792,云煤能源,4.02,4.16,4.21,4.01,35178500.0
20260615,600793,宜宾纸业,13.6,13.44,13.9,13.38,3992700.0
20260615,600794,保税科技,3.12,3.14,3.2,3.12,9591300.0
20260615,600795,国电电力,5.02,5.03,5.06,4.99,165990800.0
20260615,600796,钱江生化,5.13,5.11,5.25,5.04,5298700.0
20260615,600797,浙大网新,7.27,7.35,7.39,7.27,14823900.0
20260615,600798,宁波海运,3.53,3.6,3.69,3.53,81166500.0
20260615,600800,渤海化学,3.67,3.61,3.71,3.57,20736100.0
20260615,600801,华新建材,19.15,19.32,19.38,18.65,12983700.0
20260615,600802,福建水泥,4.86,4.73,4.96,4.69,6194100.0
20260615,600803,新奥股份,18.26,17.6,18.29,17.39,15113000.0
20260615,600805,悦达投资,4.44,4.47,4.56,4.43,5716700.0
20260615,600807,济高发展,2.59,2.53,2.66,2.53,21045100.0
20260615,600808,马钢股份,2.85,2.8,2.9,2.76,68376800.0
20260615,600809,山西汾酒,119.0,119.28,120.58,117.41,9167800.0
20260615,600810,神马股份,6.48,6.33,6.57,6.14,27165200.0
20260615,600812,华北制药,4.48,4.49,4.55,4.45,13249500.0
20260615,600814,杭州解百,6.92,6.94,7.01,6.9,4729900.0
20260615,600815,厦工股份,3.09,3.06,3.24,3.02,58981100.0
20260615,600816,建元信托,2.67,2.7,2.75,2.66,77696400.0
20260615,600817,宇通重工,9.49,9.35,9.56,9.25,4199300.0
20260615,600819,耀皮玻璃,6.48,6.57,6.67,6.4,9106500.0
20260615,600820,隧道股份,5.51,5.51,5.6,5.46,21030100.0
20260615,600821,金开新能,6.57,6.74,6.75,6.53,76893600.0
20260615,600822,上海物贸,8.56,8.56,8.78,8.54,3435800.0
20260615,600824,益民集团,3.67,3.67,3.75,3.64,6979000.0
20260615,600825,新华传媒,4.84,4.86,4.96,4.8,10909600.0
20260615,600826,兰生股份,10.18,10.3,10.48,10.1,18381900.0
20260615,600827,百联股份,8.07,8.15,8.19,8.02,12541000.0
20260615,600828,茂业商业,3.96,4.1,4.39,3.96,70357300.0
20260615,600829,人民同泰,8.4,8.47,8.55,8.4,4059200.0
20260615,600830,香溢融通,8.33,8.87,8.95,8.3,15577000.0
20260615,600831,广电网络,3.29,3.24,3.36,3.17,14718100.0
20260615,600833,第一医药,10.13,9.95,10.32,9.88,3854000.0
20260615,600834,申通地铁,7.26,7.22,7.38,7.18,1999400.0
20260615,600835,上海机电,20.32,20.58,20.93,20.23,5046500.0
20260615,600838,上海九百,7.8,7.84,7.88,7.66,6908000.0
20260615,600839,四川长虹,6.81,6.87,6.91,6.78,59788600.0
20260615,600841,动力新科,6.85,6.93,6.97,6.82,11834300.0
20260615,600843,上工申贝,8.45,8.4,8.49,8.24,32818700.0
20260615,600844,金煤科技,2.8,2.8,2.9,2.78,34410100.0
20260615,600845,宝信软件,18.0,18.19,18.25,17.96,15538500.0
20260615,600846,同济科技,10.52,10.23,10.99,10.16,8964200.0
20260615,600847,万里股份,15.37,14.59,15.7,14.32,6739100.0
20260615,600848,上海临港,8.16,8.31,8.5,8.16,11793300.0
20260615,600850,电科数字,18.61,18.75,18.96,18.53,10861200.0
20260615,600851,海欣股份,7.32,7.55,7.59,7.23,7619800.0
20260615,600853,龙建股份,3.37,3.36,3.42,3.33,12632000.0
20260615,600854,春兰股份,4.47,4.45,4.58,4.43,9773600.0
20260615,600855,航天长峰,14.93,15.04,15.45,14.83,11554100.0
20260615,600857,宁波中百,15.81,16.24,16.45,15.77,15978100.0
20260615,600858,银座股份,4.95,4.93,5.03,4.85,9294700.0
20260615,600859,王府井,10.45,10.47,10.64,10.37,14009800.0
20260615,600860,京城股份,8.95,8.94,9.01,8.86,5035300.0
20260615,600861,北京人力,14.7,14.45,14.76,14.2,6159400.0
20260615,600862,中航高科,18.7,19.12,19.25,18.55,44988600.0
20260615,600863,华能蒙电,5.5,5.67,5.7,5.41,225279200.0
20260615,600864,哈投股份,5.23,5.39,5.52,5.22,43526600.0
20260615,600865,百大集团,9.32,9.49,9.7,9.31,8062800.0
20260615,600866,星湖科技,4.76,4.77,4.83,4.69,21468800.0
20260615,600867,通化东宝,7.51,7.62,7.64,7.51,17708500.0
20260615,600868,梅雁吉祥,3.04,3.03,3.07,3.01,53863700.0
20260615,600869,远东股份,31.06,32.68,33.32,30.48,174259000.0
20260615,600871,石化油服,2.23,2.25,2.29,2.22,111434200.0
20260615,600872,中炬高新,17.95,17.86,17.99,17.75,12653800.0
20260615,600873,梅花生物,8.93,8.87,9.1,8.82,30831600.0
20260615,600874,创业环保,5.85,5.9,5.93,5.84,9753500.0
20260615,600875,东方电气,30.91,31.25,31.3,30.48,58714800.0
20260615,600876,凯盛新能,8.33,8.39,8.49,8.3,3829900.0
20260615,600877,电科芯片,13.4,13.8,13.84,13.34,17986700.0
20260615,600879,航天电子,19.81,19.88,20.21,19.23,139483900.0
20260615,600880,博瑞传播,4.1,4.13,4.18,4.09,12812400.0
20260615,600881,亚泰集团,1.71,1.69,1.76,1.69,137313400.0
20260615,600882,妙可蓝多,19.45,19.0,19.64,18.86,7398800.0
20260615,600883,博闻科技,7.99,7.74,8.17,7.7,5071500.0
20260615,600884,杉杉股份,13.78,13.71,13.97,13.55,64073700.0
20260615,600885,宏发股份,32.16,32.76,32.89,32.01,16568900.0
20260615,600886,国投电力,14.0,13.79,14.0,13.69,40773400.0
20260615,600887,伊利股份,25.75,25.41,25.82,25.26,61274800.0
20260615,600888,新疆众和,11.07,11.35,11.45,10.95,92093000.0
20260615,600892,大晟文化,3.59,3.53,3.65,3.5,6444500.0
20260615,600893,航发动力,38.68,38.16,39.07,37.86,40396700.0
20260615,600894,广日股份,8.37,8.45,8.49,8.33,5953700.0
20260615,600895,张江高科,34.01,33.73,34.27,33.11,42478100.0
20260615,600897,厦门空港,16.33,15.92,16.33,15.8,4522900.0
20260615,600900,长江电力,28.24,27.57,28.24,27.39,207661200.0
20260615,600901,江苏金租,6.57,6.45,6.62,6.41,40340900.0
20260615,600903,贵州燃气,8.66,8.72,8.96,8.6,39262400.0
20260615,600905,三峡能源,4.2,4.18,4.26,4.17,215049900.0
20260615,600906,财达证券,7.15,7.33,7.69,7.15,272994500.0
20260615,600908,无锡银行,5.62,5.59,5.64,5.55,17306300.0
20260615,600909,华安证券,7.44,7.96,8.09,7.38,396170200.0
20260615,600916,中国黄金,7.88,7.97,8.06,7.84,42966200.0
20260615,600917,重庆燃气,5.11,5.09,5.2,5.06,3958900.0
20260615,600918,中泰证券,5.33,5.42,5.58,5.32,72326800.0
20260615,600919,江苏银行,11.87,11.81,12.02,11.74,122962400.0
20260615,600925,苏能股份,4.41,4.37,4.43,4.35,13816500.0
20260615,600926,杭州银行,16.51,16.28,16.52,16.24,44866800.0
20260615,600927,永安期货,12.49,13.11,13.46,12.45,11762200.0
20260615,600928,西安银行,3.6,3.59,3.64,3.55,30283000.0
,600929,雪天盐业,5.13,5.26,5.38,5.13,22392100.0
20260615,600930,华电新能,5.81,5.8,5.86,5.77,76137500.0
20260615,600933,爱柯迪,14.77,14.97,15.05,14.77,10620300.0
20260615,600935,华塑股份,2.34,2.37,2.38,2.33,19298700.0
20260615,600936,北投科技,4.84,4.92,4.99,4.84,61119200.0
20260615,600938,中国海油,32.04,31.82,32.3,31.62,80481200.0
20260615,600939,重庆建工,2.69,2.62,2.77,2.6,19385000.0
20260615,600941,中国移动,95.12,94.23,95.23,93.9,11538100.0
20260615,600955,维远股份,15.66,15.92,16.25,15.55,5172600.0
20260615,600956,新天绿能,8.35,8.29,8.49,8.2,17116500.0
20260615,600958,东方证券,9.25,9.46,9.63,9.24,105931900.0
20260615,600959,江苏有线,3.18,3.2,3.25,3.15,49835900.0
20260615,600960,渤海汽车,4.13,4.19,4.22,4.12,13384800.0
20260615,600961,株冶集团,25.97,26.58,26.88,25.82,97471000.0
20260615,600962,国投中鲁,26.72,25.66,26.72,24.93,10977300.0
20260615,600963,岳阳林纸,3.63,3.53,3.74,3.5,33716900.0
20260615,600966,博汇纸业,5.36,5.32,5.52,5.23,18680300.0
20260615,600967,内蒙一机,12.0,12.13,12.2,11.98,17102800.0
20260615,600968,海油发展,3.86,3.9,3.95,3.84,45666100.0
20260615,600969,郴电国际,9.33,9.23,9.4,9.17,10410000.0
20260615,600970,中材国际,8.53,8.53,8.71,8.45,20614000.0
20260615,600971,恒源煤电,7.83,7.73,7.89,7.59,21914100.0
20260615,600973,宝胜股份,6.33,6.57,6.65,6.32,40456000.0
20260615,600975,新五丰,4.79,4.75,4.83,4.7,10397900.0
20260615,600976,健民集团,26.37,26.5,26.85,26.25,2004700.0
20260615,600977,中国电影,13.7,14.16,14.28,13.62,36851300.0
20260615,600979,广安爱众,4.71,4.77,4.77,4.66,50660000.0
20260615,600980,北矿科技,21.5,20.95,21.53,20.72,5424000.0
20260615,600981,苏豪汇鸿,2.72,2.74,2.77,2.68,51652400.0
20260615,600982,宁波能源,5.51,5.62,5.65,5.48,31705900.0
20260615,600983,惠而浦,8.71,8.83,8.86,8.66,5167500.0
20260615,600984,建设机械,4.22,4.09,4.38,4.05,42178400.0
20260615,600985,淮北矿业,16.03,16.35,16.45,15.4,54460600.0
20260615,600986,浙文互联,7.8,7.99,8.04,7.8,45130200.0
20260615,600987,航民股份,6.46,6.57,6.57,6.46,6627200.0
20260615,600988,赤峰黄金,32.49,32.63,33.38,31.96,85866100.0
20260615,600989,宝丰能源,22.6,22.3,22.94,21.97,114150400.0
20260615,600990,四创电子,18.8,19.0,19.05,18.66,4044300.0
20260615,600992,贵绳股份,10.12,10.15,10.64,10.08,6921400.0
20260615,600993,马应龙,23.74,23.57,23.87,23.35,5509400.0
20260615,600995,南网储能,13.4,13.6,13.6,13.32,20029500.0
20260615,600996,贵广网络,8.8,9.03,9.14,8.78,34022300.0
20260615,600997,开滦股份,5.44,5.28,5.45,5.24,15436500.0
20260615,600998,九州通,4.78,4.87,4.88,4.76,38788300.0
20260615,600999,招商证券,17.9,18.5,18.99,17.81,170301600.0
20260615,601000,唐山港,4.23,4.31,4.31,4.22,45471600.0
20260615,601001,晋控煤业,20.3,19.64,20.52,19.0,40801200.0
20260615,601002,晋亿实业,4.87,4.91,4.96,4.86,11960900.0
20260615,601003,柳钢股份,3.7,3.66,3.76,3.6,20325300.0
20260615,601005,重庆钢铁,1.27,1.26,1.3,1.24,146068500.0
20260615,601006,大秦铁路,5.06,5.07,5.09,5.05,88820000.0
20260615,601007,金陵饭店,6.75,6.7,6.81,6.66,6049200.0
20260615,601008,连云港,4.53,4.6,4.82,4.53,20123800.0
20260615,601009,南京银行,11.6,11.42,11.65,11.36,70470300.0
20260615,601011,宝泰隆,2.89,2.89,2.95,2.83,47925200.0
20260615,601012,隆基绿能,13.42,13.38,13.48,13.2,129621800.0
20260615,601015,陕西黑猫,3.36,3.38,3.46,3.33,40336200.0
20260615,601016,节能风电,3.9,4.01,4.03,3.85,209307100.0
20260615,601018,宁波港,3.4,3.4,3.47,3.37,67679100.0
20260615,601019,山东出版,7.05,7.03,7.11,6.98,7874100.0
20260615,601020,华钰矿业,22.3,23.03,23.05,22.12,42785700.0
20260615,601021,春秋航空,47.5,48.41,49.65,47.35,23841100.0
20260615,601022,宁波远洋,8.15,8.49,8.49,8.14,27747900.0
20260615,601026,道生天合,15.19,15.71,15.94,15.17,5019000.0
20260615,601033,永兴股份,13.92,13.86,14.03,13.79,2965100.0
20260615,601038,一拖股份,11.8,12.01,12.11,11.74,5373500.0
20260615,601058,赛轮轮胎,12.69,12.96,13.17,12.65,75742800.0
20260615,601059,信达证券,15.18,15.46,15.86,15.15,16288700.0
20260615,601061,中信金属,11.69,12.05,12.09,11.65,46963300.0
20260615,601065,江盐集团,7.39,7.42,7.51,7.37,2686400.0
20260615,601066,中信建投,25.42,25.93,26.46,25.3,59560000.0
20260615,601068,中铝国际,5.12,5.11,5.23,5.03,16336600.0
20260615,601069,西部黄金,27.34,27.3,27.55,26.88,22068400.0
20260615,601077,渝农商行,6.96,6.77,6.99,6.72,69514300.0
20260615,601083,锦江航运,11.19,11.56,11.65,11.19,14018900.0
20260615,601086,国芳集团,7.12,7.18,7.35,7.12,8923700.0
20260615,601088,中国神华,45.6,43.39,45.6,43.11,89819300.0
20260615,601089,福元医药,16.65,16.39,16.78,16.15,3987400.0
20260615,601096,宏盛华源,4.64,4.7,4.74,4.64,29229400.0
20260615,601098,中南传媒,10.7,10.81,10.83,10.68,8537000.0
20260615,601099,太平洋,3.27,3.35,3.45,3.26,210418900.0
20260615,601100,恒立液压,116.99,116.14,118.85,112.44,12054500.0
20260615,601101,昊华能源,12.0,11.88,12.4,11.31,44076500.0
20260615,601106,中国一重,3.53,3.58,3.64,3.51,58785900.0
20260615,601107,四川成渝,5.71,5.63,5.71,5.56,12927000.0
20260615,601108,财通证券,7.73,7.95,8.21,7.72,94248300.0
20260615,601111,中国国航,6.59,6.52,6.74,6.48,179899000.0
20260615,601112,振石股份,17.67,18.15,18.15,17.6,10742700.0
20260615,601113,华鼎股份,3.93,3.94,4.02,3.9,14060500.0
20260615,601116,三江购物,11.19,11.42,11.53,11.11,8371600.0
20260615,601117,中国化学,7.62,7.67,7.68,7.53,107680600.0
20260615,601118,海南橡胶,5.82,5.9,5.99,5.78,60950800.0
20260615,601121,宝地矿业,6.44,6.5,6.51,6.34,13342900.0
20260615,601126,四方股份,67.99,70.4,70.66,67.41,30631100.0
20260615,601127,赛力斯,68.1,68.2,70.01,67.51,24775600.0
20260615,601128,常熟银行,6.47,6.48,6.52,6.43,42445100.0
20260615,601133,柏诚股份,30.0,32.4,32.4,29.6,28340800.0
20260615,601136,首创证券,14.05,14.4,14.74,14.01,21617900.0
20260615,601137,博威合金,24.87,25.88,26.09,24.8,56927600.0
20260615,601138,工业富联,71.47,73.4,73.4,70.48,162621800.0
20260615,601139,深圳燃气,6.25,6.31,6.33,6.22,19444700.0
20260615,601155,新城控股,11.93,11.73,12.2,11.59,12157400.0
20260615,601156,东航物流,16.95,17.26,17.83,16.95,16364900.0
20260615,601158,重庆水务,4.11,4.15,4.16,4.11,6039300.0
20260615,601162,天风证券,3.16,3.3,3.44,3.16,282873900.0
20260615,601163,三角轮胎,13.12,13.52,13.55,13.12,6967100.0
20260615,601166,兴业银行,18.61,18.23,18.62,18.15,131493300.0
20260615,601168,西部矿业,31.8,32.84,32.96,31.8,80261500.0
20260615,601169,北京银行,5.27,5.23,5.27,5.21,145200800.0
20260615,601177,杭齿前进,13.51,13.85,13.92,13.49,6480100.0
20260615,601179,中国西电,14.0,14.82,14.82,14.0,187795000.0
20260615,601186,中国铁建,6.44,6.42,6.49,6.38,43873300.0
20260615,601187,厦门银行,8.15,8.04,8.18,7.86,31575900.0
20260615,601188,龙江交通,3.04,3.03,3.08,3.01,9231500.0
20260615,601198,东兴证券,12.62,12.87,13.06,12.62,28764700.0
20260615,601199,江南水务,5.59,5.65,5.77,5.56,13767100.0
20260615,601200,上海环境,7.25,7.27,7.36,7.23,9890400.0
20260615,601208,东材科技,61.0,65.22,66.44,61.0,95560500.0
20260615,601211,国泰海通,17.75,17.49,18.36,17.34,268923700.0
20260615,601212,白银有色,5.99,6.03,6.1,5.88,192478900.0
20260615,601216,君正集团,5.21,5.21,5.36,5.18,72516300.0
20260615,601218,吉鑫科技,4.78,4.85,4.87,4.78,18324300.0
20260615,601222,林洋能源,6.18,6.03,6.2,6.0,55507700.0
20260615,601225,陕西煤业,26.47,25.26,26.47,25.03,80011400.0
20260615,601226,华电科工,7.06,7.11,7.2,7.03,10099600.0
20260615,601228,广州港,3.01,3.05,3.09,3.01,29472000.0
20260615,601229,上海银行,9.32,9.18,9.41,9.16,55651700.0
20260615,601231,环旭电子,34.51,36.25,36.34,34.0,52117200.0
20260615,601233,桐昆股份,23.08,23.47,24.53,22.91,102662000.0
20260615,601236,红塔证券,6.71,6.93,7.13,6.7,40574100.0
20260615,601238,广汽集团,5.88,5.9,6.03,5.87,22880300.0
20260615,601279,英利汽车,3.46,3.4,3.5,3.37,9628000.0
20260615,601288,农业银行,6.75,6.68,6.85,6.65,421007700.0
20260615,601298,青岛港,9.1,8.84,9.14,8.75,43146000.0
20260615,601311,骆驼股份,8.03,8.23,8.23,8.02,16495500.0
20260615,601318,中国平安,54.3,54.23,55.96,53.8,101057700.0
20260615,601319,中国人保,7.04,7.16,7.2,7.01,125709100.0
20260615,601326,秦港股份,3.47,3.48,3.52,3.43,23332000.0
20260615,601328,交通银行,7.14,7.01,7.17,6.98,267881600.0
20260615,601330,绿色动力,8.5,8.44,8.6,8.35,19859700.0
20260615,601333,广深铁路,3.06,3.02,3.07,3.0,108518900.0
20260615,601336,新华保险,61.86,63.2,63.99,61.36,36743500.0
20260615,601339,百隆东方,7.3,7.38,7.45,7.2,15614400.0
20260615,601360,三六零,9.3,9.36,9.46,9.28,65826200.0
20260615,601366,利群股份,3.61,3.62,3.7,3.59,7795700.0
20260615,601368,绿城水务,4.41,4.43,4.51,4.4,4499900.0
20260615,601369,陕鼓动力,8.91,9.06,9.08,8.87,15193200.0
20260615,601375,中原证券,3.9,3.99,4.13,3.89,84636900.0
20260615,601377,兴业证券,6.02,6.11,6.22,6.0,180611100.0
20260615,601388,怡球资源,3.28,3.29,3.37,3.24,45112000.0
20260615,601390,中国中铁,4.61,4.66,4.7,4.59,200764200.0
20260615,601398,工商银行,7.75,7.57,7.75,7.53,450706200.0
20260615,601399,国机重装,3.68,3.73,3.76,3.66,88477900.0
20260615,601456,国联民生,9.4,9.48,9.68,9.39,72631100.0
20260615,601500,通用股份,4.01,4.07,4.1,4.01,16720600.0
20260615,601512,中新集团,8.38,8.56,8.75,8.32,8156300.0
20260615,601515,衢州东峰,3.8,3.89,3.9,3.79,17064400.0
20260615,601518,吉林高速,2.98,2.95,3.03,2.95,15579500.0
20260615,601519,大智慧,8.72,8.87,9.37,8.69,64893200.0
20260615,601528,瑞丰银行,4.82,4.84,4.9,4.78,16668500.0
20260615,601555,东吴证券,7.71,7.93,8.13,7.7,69999000.0
20260615,601566,九牧王,9.75,9.62,9.9,9.58,11322300.0
20260615,601567,三星电气,15.0,15.29,15.5,14.82,32480700.0
20260615,601568,北元化工,3.91,3.86,3.94,3.83,34437500.0
20260615,601577,长沙银行,9.76,9.65,9.81,9.61,25006800.0
20260615,601579,会稽山,15.69,15.75,15.81,15.48,4854900.0
20260615,601588,北辰实业,1.88,1.88,1.95,1.86,60409500.0
20260615,601595,上海电影,18.43,18.65,18.92,18.36,5761800.0
20260615,601598,中国外运,5.75,5.76,5.88,5.7,18925000.0
20260615,601599,浙文影业,3.11,3.1,3.16,3.08,12940900.0
20260615,601600,中国铝业,10.98,10.67,11.07,10.41,405938100.0
20260615,601601,中国太保,33.01,33.25,34.09,32.77,64273400.0
20260615,601606,长城军工,31.5,32.25,32.26,31.27,13221600.0
20260615,601607,上海医药,16.36,16.28,16.39,16.22,10310900.0
20260615,601608,中信重工,5.24,5.27,5.32,5.23,37867700.0
20260615,601609,金田股份,12.22,12.61,12.89,12.22,166141100.0
20260615,601611,中国核建,10.73,11.17,11.2,10.73,35516500.0
20260615,601615,明阳智能,12.2,12.37,12.38,12.01,72609700.0
20260615,601616,广电电气,3.76,3.77,3.83,3.74,15020300.0
20260615,601618,中国中冶,2.7,2.7,2.75,2.66,127521600.0
20260615,601619,嘉泽新能,4.78,4.79,4.84,4.74,25152300.0
20260615,601628,中国人寿,35.93,36.53,37.07,35.75,63364000.0
20260615,601633,长城汽车,17.6,17.74,17.95,17.58,30022900.0
20260615,601636,旗滨集团,6.55,7.16,7.16,6.53,189998800.0
20260615,601658,邮储银行,5.17,5.11,5.18,5.08,196715000.0
20260615,601665,齐鲁银行,6.45,6.43,6.51,6.4,53183600.0
20260615,601666,平煤股份,9.0,9.16,9.18,8.64,62951200.0
20260615,601668,中国建筑,4.78,4.75,4.8,4.73,207621400.0
20260615,601669,中国电建,4.86,4.86,4.92,4.83,167468100.0
20260615,601677,明泰铝业,17.15,17.04,17.23,16.71,57202800.0
20260615,601678,滨化股份,6.02,6.01,6.08,5.8,206930100.0
20260615,601686,友发集团,5.17,5.17,5.23,5.14,7725000.0
20260615,601688,华泰证券,20.03,20.36,20.9,19.97,213921800.0
20260615,601689,拓普集团,60.88,61.7,61.7,60.26,29487000.0
20260615,601696,中银证券,11.9,12.69,12.69,11.89,132487400.0
20260615,601698,中国卫通,33.0,32.77,33.09,32.11,60919800.0
20260615,601699,潞安环能,17.67,17.6,17.89,16.94,54840600.0
20260615,601700,风范股份,4.81,4.86,4.91,4.79,10280100.0
20260615,601702,华峰铝业,17.23,17.84,18.0,17.04,17736200.0
20260615,601717,中创智领,17.82,17.85,18.05,17.56,22225300.0
20260615,601727,上海电气,7.32,7.34,7.4,7.26,126250800.0
20260615,601728,中国电信,6.05,6.05,6.1,6.01,179611400.0
20260615,601766,中国中车,5.78,5.76,5.82,5.7,172836000.0
20260615,601777,千里科技,9.88,9.74,10.05,9.59,42564900.0
20260615,601778,晶科科技,4.86,5.02,5.03,4.81,171714800.0
20260615,601788,光大证券,14.3,14.63,14.96,14.24,67160500.0
20260615,601789,宁波建工,4.48,4.54,4.57,4.47,29397400.0
20260615,601798,蓝科高新,7.35,7.35,7.6,7.27,9091100.0
20260615,601799,星宇股份,118.75,118.72,121.0,118.2,2943100.0
20260615,601800,中国交建,6.34,6.32,6.42,6.25,62495900.0
20260615,601801,皖新传媒,5.33,5.31,5.41,5.26,18318900.0
20260615,601808,中海油服,12.34,12.39,12.47,12.17,21528000.0
20260615,601811,新华文轩,12.21,12.09,12.32,11.99,2685000.0
20260615,601816,京沪高铁,4.96,4.87,4.97,4.85,379136200.0
20260615,601818,光大银行,3.22,3.19,3.23,3.18,212209900.0
20260615,601825,沪农商行,8.88,8.6,8.9,8.53,31601100.0
20260615,601827,三峰环境,7.59,7.71,7.73,7.59,5783500.0
20260615,601828,美凯龙,2.33,2.32,2.36,2.3,23207500.0
20260615,601838,成都银行,20.06,20.03,20.1,19.8,26566700.0
20260615,601857,中国石油,10.27,10.13,10.35,10.08,215663000.0
20260615,601858,中国科传,21.74,21.5,21.76,21.01,7538900.0
20260615,601860,紫金银行,2.68,2.68,2.69,2.65,41848100.0
20260615,601865,福莱特,10.86,10.96,11.05,10.8,18329000.0
20260615,601866,中远海发,2.44,2.47,2.55,2.43,108049700.0
20260615,601868,中国能建,2.66,2.69,2.71,2.65,398619800.0
20260615,601869,长飞光纤,440.0,450.3,452.88,421.01,14637500.0
20260615,601872,招商轮船,17.16,17.16,17.16,17.16,24735800.0
20260615,601877,正泰电器,27.47,27.7,27.79,27.35,21937500.0
20260615,601878,浙商证券,9.32,9.48,9.67,9.29,56191200.0
20260615,601880,辽港股份,1.56,1.56,1.58,1.54,121815000.0
20260615,601881,中国银河,12.44,12.67,12.91,12.43,77954700.0
20260615,601882,海天精工,20.09,20.8,21.15,19.8,7142100.0
20260615,601886,江河集团,9.0,9.28,9.33,8.97,7619300.0
20260615,601888,中国中免,58.7,59.08,59.49,58.2,42647900.0
20260615,601890,亚星锚链,8.72,8.95,8.98,8.71,20366800.0
20260615,601898,中煤能源,15.9,14.77,15.98,14.59,80664600.0
20260615,601899,紫金矿业,30.54,31.31,31.35,30.4,571475600.0
20260615,601900,南方传媒,11.72,11.8,11.9,11.66,6491900.0
20260615,601901,方正证券,6.74,6.86,7.01,6.71,127609500.0
20260615,601908,京运通,3.36,3.43,3.5,3.34,41177900.0
20260615,601916,浙商银行,3.09,3.08,3.1,3.05,152621500.0
20260615,601918,新集能源,9.71,9.24,9.76,9.08,101870400.0
20260615,601919,中远海控,14.77,14.49,14.92,14.4,125051900.0
20260615,601921,浙版传媒,7.65,7.64,7.72,7.36,20041700.0
20260615,601928,凤凰传媒,9.22,9.32,9.34,9.19,7234700.0
20260615,601929,吉视传媒,2.42,2.43,2.48,2.41,55057700.0
20260615,601933,永辉超市,3.2,3.25,3.31,3.2,112235100.0
20260615,601939,建设银行,10.63,10.39,10.65,10.28,189263700.0
20260615,601949,中国出版,5.14,5.1,5.19,5.06,10540400.0
20260615,601952,苏垦农发,8.64,8.65,8.72,8.55,7580500.0
20260615,601956,东贝集团,5.02,4.99,5.12,4.97,8872800.0
20260615,601958,金钼股份,27.25,28.07,28.07,27.03,215998600.0
20260615,601963,重庆银行,11.9,11.62,11.9,11.53,22546400.0
20260615,601965,中国汽研,14.09,14.07,14.48,13.91,8525900.0
20260615,601966,玲珑轮胎,11.91,11.88,12.12,11.79,14163200.0
20260615,601968,宝钢包装,4.44,4.36,4.62,4.32,29710400.0
20260615,601969,海南矿业,9.49,9.45,9.63,9.3,18879400.0
20260615,601975,招商南油,4.58,4.58,4.58,4.58,47853900.0
20260615,601985,中国核电,9.22,9.25,9.26,9.11,151841100.0
20260615,601988,中国银行,6.26,6.13,6.27,6.08,404385500.0
20260615,601990,南京证券,6.65,6.76,6.94,6.65,38119700.0
20260615,601991,大唐发电,8.18,8.73,8.77,8.0,651306000.0
20260615,601992,金隅集团,1.54,1.53,1.56,1.51,55967400.0
20260615,601995,中金公司,33.05,33.68,34.35,33.0,30617300.0
20260615,601996,丰林集团,2.73,2.69,2.81,2.66,77535300.0
20260615,601997,贵阳银行,5.8,5.8,5.86,5.76,44810900.0
20260615,601998,中信银行,7.64,7.63,7.7,7.56,65131700.0
20260615,601999,出版传媒,6.01,5.96,6.13,5.91,11289100.0
20260615,603000,人民网,16.3,16.46,16.53,16.21,13310700.0
20260615,603001,奥康国际,9.63,10.38,10.38,9.53,16170900.0
20260615,603002,宏昌电子,17.76,19.17,19.17,17.6,53784800.0
20260615,603004,鼎龙科技,20.39,21.38,21.7,19.8,6271500.0
20260615,603005,晶方科技,41.4,43.9,44.18,40.98,64469100.0
20260615,603006,联明股份,12.85,12.98,13.64,12.85,6284200.0
20260615,603007,顺景科技,5.75,5.89,5.89,5.63,40112300.0
20260615,603009,北特科技,42.97,43.24,43.48,42.69,8971600.0
20260615,603010,万盛股份,13.46,14.0,14.13,13.43,15877600.0
20260615,603011,合锻智能,31.5,34.22,34.22,31.28,43834000.0
20260615,603012,创力集团,7.61,7.56,7.85,7.52,15750100.0
20260615,603013,亚普股份,17.5,17.96,18.08,17.36,4185600.0
20260615,603014,威高血净,36.17,35.06,36.17,34.34,7573000.0
20260615,603015,弘讯科技,12.63,12.28,12.87,11.95,33770200.0
20260615,603016,新宏泰,36.14,36.94,37.25,35.6,4541800.0
20260615,603017,中衡设计,11.0,10.92,11.16,10.85,7118900.0
20260615,603018,华设集团,6.9,6.91,6.98,6.87,3442200.0
20260615,603019,中科曙光,83.26,85.45,85.48,82.58,40445100.0
20260615,603020,爱普股份,13.1,11.74,13.1,11.74,30618700.0
20260615,603022,新通联,9.4,9.12,9.56,9.1,4305800.0
20260615,603023,威帝股份,4.05,4.0,4.13,3.95,8511500.0
20260615,603025,大豪科技,13.9,14.52,14.53,13.9,9928000.0
20260615,603026,石大胜华,86.65,85.6,87.97,83.88,18837700.0
20260615,603027,千禾味业,7.95,8.0,8.05,7.91,14161500.0
20260615,603028,赛福天,7.43,7.42,7.77,7.34,4551600.0
20260615,603029,天鹅股份,15.92,15.55,16.17,15.39,2023600.0
20260615,603030,全筑股份,2.25,2.28,2.45,2.25,57714400.0
20260615,603031,安孚科技,51.31,53.85,54.44,51.0,14700900.0
20260615,603032,德新科技,21.8,23.51,24.08,21.8,19785500.0
20260615,603033,三维股份,9.43,9.36,9.56,9.28,8288900.0
20260615,603035,常熟汽饰,11.67,11.65,11.9,11.56,4371000.0
20260615,603036,如通股份,14.8,14.53,15.18,14.23,11691300.0
20260615,603037,凯众股份,11.68,12.0,12.0,11.68,4571900.0
20260615,603038,华立股份,15.53,15.4,15.74,15.22,4260700.0
20260615,603039,泛微网络,47.13,49.25,49.53,46.25,22497400.0
20260615,603040,新坐标,90.05,95.7,96.66,89.5,4004800.0
20260615,603041,美思德,11.79,11.53,12.09,11.45,2762000.0
20260615,603042,华脉科技,18.11,19.06,19.4,18.0,11447900.0
20260615,603043,广州酒家,14.18,14.07,14.42,13.87,4123200.0
20260615,603045,福达合金,74.99,80.15,80.15,74.3,6751500.0
20260615,603048,浙江黎明,19.42,19.27,19.65,19.03,2043400.0
20260615,603049,中策橡胶,48.1,48.78,49.42,48.03,4023800.0
20260615,603050,科林电气,20.11,20.05,21.19,19.95,16465400.0
20260615,603051,鹿山新材,20.56,21.16,21.68,20.56,6285200.0
20260615,603052,可川科技,82.29,90.78,90.78,82.29,5372600.0
20260615,603053,成都燃气,9.03,9.03,9.1,8.97,1683600.0
20260615,603055,台华新材,8.36,8.33,8.65,8.25,8479800.0
20260615,603057,紫燕食品,24.5,24.02,25.3,23.7,5153800.0
20260615,603058,永吉股份,10.12,10.11,10.44,9.96,8720900.0
20260615,603059,倍加洁,27.24,26.5,27.49,26.32,1252000.0
20260615,603060,国检集团,7.64,7.98,8.1,7.52,42257400.0
20260615,603061,金海通,318.0,337.45,344.2,310.51,2987100.0
20260615,603062,麦加芯彩,42.88,42.05,43.37,41.61,760900.0
20260615,603063,禾望电气,47.0,49.34,49.6,46.56,27802300.0
20260615,603065,宿迁联盛,13.18,13.4,13.99,12.35,83284600.0
20260615,603066,音飞储存,10.18,10.27,10.55,10.18,7442200.0
20260615,603067,振华股份,33.29,34.34,34.53,32.4,24948600.0
20260615,603068,博通集成,32.81,33.87,33.96,32.18,4181800.0
20260615,603069,海汽集团,14.39,14.3,14.57,14.08,3605800.0
20260615,603070,万控智造,14.89,16.04,16.04,14.86,3721100.0
20260615,603071,物产环能,12.37,12.41,12.41,12.18,2901100.0
20260615,603072,天和磁材,38.4,38.38,38.68,37.91,5401900.0
20260615,603073,彩蝶实业,17.14,16.57,17.68,16.51,1676900.0
20260615,603075,热威股份,22.61,22.81,23.09,22.6,2387200.0
20260615,603076,乐惠国际,23.17,22.25,23.23,21.8,4829400.0
20260615,603077,和邦生物,2.43,2.44,2.49,2.42,169968500.0
20260615,603078,江化微,42.0,42.76,43.29,39.88,49580100.0
20260615,603079,圣达生物,13.21,13.03,13.36,12.93,2100800.0
20260615,603080,新疆火炬,20.68,20.79,20.95,20.51,1576800.0
20260615,603081,大丰实业,9.75,9.7,9.89,9.62,2729500.0
20260615,603082,北自科技,32.8,34.0,34.09,32.78,3055600.0
20260615,603083,剑桥科技,188.18,201.29,201.29,184.0,27136700.0
20260615,603085,天成自控,11.88,12.91,12.91,11.75,11615000.0
20260615,603086,先达股份,5.9,5.87,6.04,5.83,6738300.0
20260615,603087,甘李药业,55.49,56.5,56.64,55.2,5313300.0
20260615,603088,宁波精达,9.85,10.13,10.14,9.85,8033400.0
20260615,603089,正裕工业,9.64,9.67,9.82,9.52,2364700.0
20260615,603090,宏盛股份,57.0,58.96,59.39,56.62,2874700.0
20260615,603091,众鑫股份,66.99,66.66,67.6,65.0,773300.0
20260615,603092,德力佳,58.88,59.61,59.78,58.26,1639600.0
20260615,603093,南华期货,19.0,21.03,21.03,18.92,11219300.0
20260615,603095,越剑智能,17.8,17.99,18.14,17.59,3663500.0
20260615,603096,新经典,15.26,15.0,15.35,14.87,1437000.0
20260615,603097,江苏华辰,24.8,25.39,25.66,24.76,2062200.0
20260615,603098,森特股份,11.61,11.74,11.83,11.61,4347400.0
20260615,603099,长白山,38.11,37.83,38.58,37.52,7202400.0
20260615,603100,川仪股份,18.26,18.0,18.52,17.85,5566100.0
20260615,603101,汇嘉时代,6.93,6.92,7.1,6.86,6867400.0
20260615,603102,百合股份,35.22,34.81,36.18,34.66,570100.0
20260615,603103,横店影视,18.0,17.19,18.3,16.94,26535900.0
20260615,603105,芯能科技,7.72,7.8,7.82,7.68,9184600.0
20260615,603106,恒银科技,7.22,7.27,7.46,7.16,7069500.0
20260615,603107,上海汽配,12.52,12.6,12.7,12.48,1650700.0
20260615,603108,润达医疗,10.45,10.55,10.75,10.21,19691900.0
20260615,603109,神驰机电,18.5,18.57,18.78,18.31,1910600.0
20260615,603110,东方材料,21.02,21.76,21.86,20.91,10355400.0
20260615,603111,康尼机电,6.26,6.32,6.35,6.24,5807600.0
20260615,603112,华翔股份,18.39,18.27,18.49,18.01,9925200.0
20260615,603113,金能科技,4.88,4.84,4.93,4.81,7226600.0
20260615,603115,海星股份,90.98,99.13,99.13,90.86,4857900.0
20260615,603116,红蜻蜓,6.89,6.69,7.01,6.62,11008600.0
20260615,603117,万林物流,3.98,3.82,4.09,3.8,12813100.0
20260615,603118,共进股份,12.38,12.72,12.75,12.25,31420700.0
20260615,603119,浙江荣泰,73.45,72.81,73.7,71.58,21131800.0
20260615,603120,肯特催化,58.0,56.2,58.51,53.33,9462200.0
20260615,603121,华培动力,14.67,14.75,14.98,14.49,5040300.0
20260615,603122,合富中国,12.0,12.16,12.31,12.0,7118200.0
20260615,603123,翠微股份,9.15,9.26,9.47,9.13,16699500.0
20260615,603124,江南新材,178.71,196.0,196.3,176.0,5977500.0
20260615,603125,常青科技,24.4,25.8,25.8,24.22,10866300.0
20260615,603126,中材节能,7.53,7.6,7.68,7.49,10346900.0
20260615,603127,昭衍新药,32.6,32.74,32.85,31.92,18524600.0
20260615,603128,华贸物流,5.33,5.37,5.45,5.33,13340300.0
20260615,603129,春风动力,225.61,223.31,231.0,217.12,2223600.0
20260615,603130,云中马,43.71,45.18,46.13,43.02,2408000.0
20260615,603131,上海沪工,18.66,18.55,18.79,18.35,7821500.0
20260615,603132,金徽股份,17.0,17.42,17.85,16.91,9464500.0
20260615,603135,中重科技,12.0,12.63,12.67,11.85,35069400.0
20260615,603136,天目湖,9.13,9.07,9.24,9.01,2926800.0
20260615,603137,恒尚节能,11.87,12.94,12.94,11.86,2712900.0
20260615,603138,海量数据,16.58,16.3,16.65,16.2,7073400.0
20260615,603139,康惠股份,36.58,39.42,40.13,36.58,11366900.0
20260615,603150,万朗磁塑,75.2,78.77,79.0,75.2,2938500.0
20260615,603151,邦基科技,12.68,12.27,12.77,12.18,2441500.0
20260615,603153,上海建科,13.91,13.85,14.18,13.78,1634900.0
20260615,603155,新亚强,21.6,22.33,22.6,21.5,24935900.0
20260615,603156,养元饮品,41.37,42.43,43.0,41.02,12591400.0
20260615,603158,腾龙股份,12.91,13.04,13.47,12.84,22932500.0
20260615,603160,汇顶科技,56.23,57.59,57.6,55.95,7431500.0
20260615,603161,科华控股,14.52,14.43,14.75,14.34,4601600.0
20260615,603162,海通发展,10.18,10.3,10.63,10.02,29284000.0
20260615,603163,圣晖集成,112.0,111.88,113.17,106.9,4230300.0
20260615,603165,荣晟环保,15.61,15.46,15.79,15.3,5268300.0
20260615,603166,福达股份,13.09,13.45,13.5,13.0,10640900.0
20260615,603167,渤海轮渡,9.12,9.12,9.14,9.06,4433900.0
20260615,603168,莎普爱思,5.45,5.28,5.54,5.21,7297700.0
20260615,603169,兰石重装,7.41,7.38,7.47,7.26,16352700.0
20260615,603170,宝立食品,12.25,12.23,12.39,12.12,3259600.0
20260615,603171,税友股份,45.77,45.56,46.57,45.19,3843100.0
20260615,603172,万丰股份,19.14,19.34,19.68,19.07,2358500.0
20260615,603173,福斯达,35.51,35.15,36.5,34.98,1939800.0
20260615,603175,超颖电子,83.57,85.59,86.31,82.88,6155000.0
20260615,603176,汇通集团,4.86,4.71,4.96,4.68,4899600.0
20260615,603177,德创环保,9.52,9.2,9.67,9.12,3514800.0
20260615,603178,圣龙股份,16.33,16.72,16.97,16.25,6060400.0
20260615,603179,新泉股份,48.51,52.68,52.91,48.5,31019800.0
20260615,603180,金牌家居,16.91,16.32,16.98,16.11,4380600.0
20260615,603181,皇马科技,15.4,15.52,15.75,15.15,11544800.0
20260615,603182,嘉华股份,12.95,12.59,13.14,12.55,2763400.0
20260615,603183,建研院,3.85,3.83,3.94,3.78,9732900.0
20260615,603185,弘元绿能,17.4,18.45,18.6,17.16,23286900.0
20260615,603186,华正新材,178.47,187.33,187.33,178.0,6151700.0
20260615,603187,海容冷链,12.52,12.54,12.61,12.41,3918700.0
20260615,603188,亚邦股份,4.34,4.41,4.47,4.29,11354600.0
20260615,603190,亚通精工,25.49,26.07,26.99,25.49,1864300.0
20260615,603191,望变电气,16.3,16.55,16.85,16.09,10013600.0
20260615,603192,汇得科技,19.06,19.2,19.4,19.05,889300.0
20260615,603193,润本股份,21.54,21.59,22.21,21.41,2405500.0
20260615,603194,中力股份,38.38,37.95,38.5,37.5,2769000.0
20260615,603195,公牛集团,39.97,40.05,40.16,39.3,6798800.0
20260615,603196,璞源材料,21.96,23.41,23.73,21.96,4810800.0
20260615,603197,保隆科技,28.83,29.62,29.76,28.83,3959600.0
20260615,603198,迎驾贡酒,32.81,33.64,33.86,32.81,5038900.0
20260615,603199,九华旅游,33.29,33.46,33.67,33.13,1093700.0
20260615,603200,上海洗霸,46.64,48.55,48.8,46.5,5691100.0
20260615,603201,常润股份,18.34,17.96,18.4,17.6,4068000.0
20260615,603202,天有为,67.55,66.05,68.4,65.68,1867200.0
20260615,603203,快克智能,53.0,56.49,56.8,51.43,22075400.0
20260615,603205,健尔康,22.39,22.86,23.36,22.39,789500.0
20260615,603206,嘉环科技,18.0,18.33,18.66,18.0,16905700.0
20260615,603207,小方制药,22.48,22.72,22.9,22.32,1106000.0
20260615,603208,江山欧派,11.91,11.68,12.16,11.42,2953000.0
20260615,603209,兴通股份,13.58,13.65,13.96,13.46,5383000.0
20260615,603210,泰鸿万立,14.6,14.48,14.77,14.4,4974900.0
20260615,603211,晋拓股份,30.0,30.37,30.97,29.39,13378500.0
20260615,603212,赛伍技术,16.16,16.35,16.55,16.01,34117400.0
20260615,603213,镇洋发展,14.75,14.58,14.79,14.48,6189700.0
20260615,603214,爱婴室,13.7,13.53,13.99,13.45,2296700.0
20260615,603215,比依股份,14.76,15.0,15.8,14.68,4338100.0
20260615,603216,梦天家居,22.59,22.89,23.32,22.47,4410400.0
20260615,603217,元利科技,23.97,24.46,24.49,23.78,2715900.0
20260615,603218,日月股份,10.75,10.96,10.97,10.75,7639800.0
20260615,603219,富佳股份,15.0,15.23,15.38,14.81,7966700.0
20260615,603220,中贝通信,22.63,23.88,23.95,22.6,36859900.0
20260615,603221,爱丽家居,12.51,12.26,12.7,11.93,3786100.0
20260615,603222,济民健康,8.14,8.09,8.26,8.05,8974100.0
20260615,603223,恒通股份,9.3,9.51,9.6,9.22,14680300.0
20260615,603225,新凤鸣,20.76,21.35,22.18,20.57,58578000.0
20260615,603226,菲林格尔,55.95,58.15,58.18,55.64,3777100.0
20260615,603227,雪峰科技,8.01,7.99,8.15,7.95,9533300.0
20260615,603228,景旺电子,75.15,79.48,79.7,74.11,40776400.0
20260615,603229,奥翔药业,8.41,8.4,8.6,8.3,10924900.0
20260615,603230,内蒙新华,9.72,9.72,9.91,9.68,1869200.0
20260615,603231,索宝蛋白,15.99,15.25,15.99,15.19,3766700.0
20260615,603232,格尔软件,16.2,16.55,16.72,16.1,9383800.0
20260615,603233,大参林,17.14,16.68,17.4,16.6,7860600.0
20260615,603235,天新药业,23.8,23.61,23.9,23.51,251600.0
20260615,603236,移远通信,55.03,56.63,56.85,54.42,11869300.0
20260615,603237,五芳斋,15.1,15.07,15.34,14.83,3176400.0
20260615,603238,诺邦股份,12.8,12.39,12.91,12.3,3202400.0
20260615,603239,浙江仙通,17.46,17.33,17.89,17.01,5045600.0
20260615,603248,锡华科技,23.78,24.46,24.56,23.61,4675900.0
20260615,603255,鼎际得,32.0,33.35,33.58,31.72,1638500.0
20260615,603256,宏和科技,212.05,228.68,228.68,203.55,16699900.0
20260615,603257,中国瑞林,68.0,70.42,71.28,68.0,3700200.0
20260615,603258,电魂网络,13.3,13.24,13.65,13.12,2793200.0
20260615,603259,药明康德,99.1,99.37,99.76,97.84,36769900.0
20260615,603260,合盛硅业,43.5,46.39,47.7,41.8,40244000.0
20260615,603262,技源集团,26.48,26.69,26.8,26.08,1498400.0
20260615,603266,天龙股份,17.18,17.65,17.94,17.12,3131300.0
20260615,603267,鸿远电子,63.0,68.42,68.42,63.0,14398200.0
20260615,603268,松发股份,151.47,158.4,161.66,151.0,8112900.0
20260615,603269,海鸥股份,22.59,24.51,24.64,22.5,46435800.0
20260615,603270,金帝股份,26.99,28.75,29.08,26.96,7806200.0
20260615,603271,永杰新材,46.0,45.6,46.2,45.04,2379100.0
20260615,603273,天元智能,14.46,14.35,14.67,14.23,2229700.0
20260615,603275,众辰科技,39.87,40.66,40.7,39.62,1109100.0
20260615,603276,恒兴新材,17.64,17.07,17.9,16.96,8396700.0
20260615,603277,银都股份,11.01,10.78,11.17,10.75,1555300.0
20260615,603278,大业股份,11.88,12.6,12.93,11.88,34204500.0
20260615,603279,景津装备,13.79,13.72,13.94,13.57,7755400.0
20260615,603280,南方路机,27.82,28.14,28.78,27.82,1334200.0
20260615,603281,江瀚新材,34.6,36.48,36.74,34.27,4549100.0
20260615,603282,亚光股份,15.18,14.85,15.5,14.76,1549000.0
20260615,603283,赛腾股份,53.0,55.25,55.4,51.1,42031900.0
20260615,603284,林平发展,39.26,39.8,39.95,39.26,852400.0
20260615,603285,键邦股份,45.1,47.27,47.3,44.99,4170900.0
20260615,603286,日盈电子,55.9,56.18,57.99,55.7,3825800.0
20260615,603288,海天味业,34.69,34.14,35.08,34.04,20091300.0
20260615,603289,泰瑞机器,8.98,9.03,9.21,8.92,6442400.0
20260615,603290,斯达半导,110.5,116.8,117.16,108.33,9722500.0
20260615,603291,联合水务,9.06,9.2,9.38,9.06,5108900.0
20260615,603293,埃泰克,40.22,41.38,41.45,40.22,2044900.0
20260615,603296,华勤技术,103.6,106.21,106.52,102.8,11806300.0
20260615,603297,永新光学,117.3,122.15,122.25,116.01,1557100.0
20260615,603298,杭叉集团,24.77,25.19,26.2,24.77,8720100.0
20260615,603299,苏盐井神,10.15,10.2,10.34,10.15,5266500.0
20260615,603300,海南华铁,5.14,5.17,5.28,5.12,39030700.0
20260615,603301,振德医疗,84.75,85.9,86.0,81.61,3415100.0
20260615,603303,得邦照明,32.2,33.14,33.5,30.94,13625900.0
20260615,603305,旭升集团,13.75,13.92,14.01,13.75,20908500.0
20260615,603306,华懋科技,101.48,105.04,107.97,99.01,14103400.0
20260615,603307,扬州金泉,25.94,26.0,26.72,25.7,879800.0
20260615,603308,应流股份,59.82,61.58,61.69,59.71,28978400.0
20260615,603309,维力医疗,11.72,11.75,11.8,11.6,3474400.0
20260615,603310,巍华新材,16.3,15.98,16.36,15.87,2946600.0
20260615,603311,金海高科,38.05,39.07,39.89,35.63,18438900.0
20260615,603312,西典新能,35.5,36.01,36.27,34.31,1868200.0
20260615,603313,梦百合,5.31,5.2,5.4,5.12,11323800.0
20260615,603315,福鞍股份,16.24,16.29,16.57,16.11,13645200.0
20260615,603316,诚邦股份,19.56,19.76,19.8,19.3,13093700.0
20260615,603317,天味食品,13.82,13.89,14.22,13.8,11263400.0
20260615,603318,水发燃气,8.93,8.77,9.05,8.62,55606000.0
20260615,603319,美湖股份,36.0,35.3,36.68,33.89,33831700.0
20260615,603320,迪贝电气,19.7,20.21,20.45,19.7,2209100.0
20260615,603321,梅轮电梯,6.35,6.31,6.52,6.26,3530800.0
20260615,603322,超讯科技,28.01,28.82,28.84,28.01,4293000.0
20260615,603323,苏农银行,4.89,4.89,4.92,4.86,31471700.0
20260615,603324,盛剑科技,33.4,34.26,34.75,32.5,12862200.0
20260615,603325,博隆技术,59.22,58.17,59.56,58.0,456200.0
20260615,603326,我乐家居,7.02,6.86,7.15,6.75,4432700.0
20260615,603327,福蓉科技,9.79,10.68,10.68,9.77,30752700.0
20260615,603328,依顿电子,13.47,14.24,14.7,13.47,70647300.0
20260615,603329,上海雅仕,10.09,9.85,10.22,9.82,3801500.0
20260615,603330,天洋新材,8.54,8.37,8.77,8.21,53105600.0
20260615,603331,百达精工,11.93,11.95,12.12,11.76,4781400.0
20260615,603332,苏州龙杰,11.62,11.47,11.85,11.45,3588600.0
20260615,603333,福华尚纬,8.49,8.53,8.67,8.45,16905300.0
20260615,603334,丰倍生物,40.68,41.38,41.66,40.45,1520300.0
20260615,603335,迪生力,8.86,8.86,8.86,8.86,1708900.0
20260615,603336,宏辉果蔬,8.77,8.4,8.87,8.33,22280800.0
20260615,603337,杰克科技,38.8,38.9,39.46,38.51,3442700.0
20260615,603338,浙江鼎力,49.95,49.53,50.87,49.01,4246900.0
20260615,603339,四方科技,12.79,12.89,12.99,12.74,2278900.0
20260615,603341,龙旗科技,36.0,37.26,38.0,36.0,9666600.0
20260615,603344,星德胜,28.73,29.19,29.5,28.73,3288900.0
20260615,603345,安井食品,89.88,88.85,91.5,87.71,4626700.0
20260615,603348,文灿股份,14.92,15.03,15.38,14.92,1875700.0
20260615,603350,安乃达,30.3,30.32,30.59,29.95,509100.0
20260615,603351,威尔药业,25.69,25.23,25.69,25.0,932100.0
20260615,603352,至信股份,28.18,28.64,29.03,28.12,1307800.0
20260615,603353,和顺石油,38.19,40.67,42.65,38.19,11238100.0
20260615,603355,莱克电气,27.27,28.18,28.27,26.97,3925200.0
20260615,603356,华菱精工,18.5,17.79,18.8,17.75,4578000.0
20260615,603357,设计总院,6.76,6.73,6.82,6.68,2975300.0
20260615,603358,华达科技,38.89,38.44,39.98,37.9,17112200.0
20260615,603360,百傲化学,18.91,19.27,19.46,18.7,13791600.0
20260615,603363,傲农生物,2.95,2.93,3.02,2.88,31521800.0
20260615,603365,水星家纺,18.6,18.43,18.8,18.3,1558100.0
20260615,603366,日出东方,6.98,7.06,7.15,6.98,7307600.0
20260615,603367,辰欣药业,13.28,13.4,13.43,13.25,4744400.0
20260615,603368,柳药集团,16.68,16.68,16.77,16.53,4943700.0
20260615,603369,今世缘,24.96,25.62,26.06,24.94,13192600.0
20260615,603370,华新精科,43.35,43.31,43.58,43.1,721700.0
20260615,603373,安邦护卫,33.3,36.22,36.22,33.3,2666600.0
20260615,603375,盛景微,49.29,49.73,50.02,48.02,3648300.0
20260615,603376,大明电子,26.89,26.99,27.28,26.65,917500.0
20260615,603379,三美股份,67.99,67.29,68.41,63.95,22583300.0
20260615,603380,易德龙,35.31,36.39,36.84,35.0,3171800.0
20260615,603381,永臻股份,17.1,17.18,17.48,17.07,3469900.0
20260615,603382,海阳科技,19.7,19.81,20.21,19.63,3118200.0
20260615,603383,顶点软件,28.69,29.35,30.3,28.69,6432500.0
20260615,603385,惠达卫浴,5.54,5.36,5.62,5.32,4654600.0
20260615,603386,骏亚科技,16.97,18.09,18.18,16.88,18448700.0
20260615,603387,基蛋生物,8.18,8.23,8.3,8.14,7707400.0
20260615,603389,亚振家居,59.3,59.07,60.5,58.58,851200.0
20260615,603390,通达电气,11.4,11.73,11.76,11.38,7161400.0
20260615,603391,力聚热能,57.49,57.98,58.85,55.58,977500.0
20260615,603392,万泰生物,29.23,28.36,29.42,28.21,8567900.0
20260615,603393,新天然气,26.8,28.24,28.47,26.67,12041700.0
20260615,603395,红四方,22.53,22.75,22.98,22.53,2374800.0
20260615,603396,金辰股份,29.92,29.4,29.92,29.13,2355900.0
20260615,603399,永杉锂业,20.0,21.32,21.48,19.99,150478200.0
20260615,603400,华之杰,59.77,58.68,60.42,58.4,1029600.0
20260615,603402,陕西旅游,72.0,72.51,73.39,71.22,1301800.0
20260615,603406,天富龙,28.23,28.99,29.4,28.21,1694400.0
20260615,603407,长裕集团,52.5,57.15,57.15,52.5,6194600.0
20260615,603408,建霖家居,10.32,10.11,10.43,10.0,2901200.0
20260615,603409,汇通控股,31.5,31.23,32.56,31.02,5768700.0
20260615,603416,信捷电气,53.36,55.1,55.43,53.36,3484700.0
20260615,603418,友升股份,49.2,50.84,51.3,49.11,1758100.0
20260615,603421,鼎信通讯,6.53,6.64,6.7,6.51,6547700.0
20260615,603435,嘉德利,62.45,66.6,67.0,61.2,9047500.0
20260615,603439,三力制药,14.86,14.74,15.11,14.53,15639900.0
20260615,603444,吉比特,338.2,341.37,343.29,335.0,1451500.0
20260615,603456,九洲药业,12.78,12.73,12.86,12.64,12375800.0
20260615,603458,勘设股份,13.01,14.27,14.27,13.01,28346300.0
20260615,603459,红板科技,77.18,80.91,81.35,76.2,16243400.0
20260615,603466,风语筑,11.49,11.31,11.71,10.9,74212700.0
20260615,603477,巨星农牧,14.14,14.2,14.45,13.95,8743200.0
20260615,603486,科沃斯,54.48,55.58,55.75,54.48,7978300.0
20260615,603488,展鹏科技,11.95,12.59,12.66,11.9,22305700.0
20260615,603489,八方股份,31.51,32.08,32.48,31.5,2445600.0
20260615,603496,恒为科技,21.95,22.86,22.91,21.95,10508100.0
20260615,603499,翔港科技,18.15,19.86,19.86,18.15,8203100.0
20260615,603500,祥和实业,12.97,13.44,13.62,12.5,49695300.0
20260615,603501,豪威集团,86.7,88.72,88.72,85.57,18834800.0
20260615,603505,金石资源,19.6,19.52,20.07,18.8,35598900.0
20260615,603506,南都物业,10.72,10.53,10.98,10.44,3428900.0
20260615,603507,振江股份,37.48,38.03,38.49,36.98,7419800.0
20260615,603508,思维列控,21.8,21.92,22.06,21.76,3567600.0
20260615,603511,爱慕股份,12.57,12.65,12.9,12.54,1917700.0
20260615,603515,欧普照明,18.86,18.72,19.08,18.6,1333900.0
20260615,603516,淳中科技,112.96,122.4,122.4,112.38,4533600.0
20260615,603518,锦泓集团,8.38,8.17,8.45,8.14,10090200.0
20260615,603519,立霸股份,13.6,14.04,14.09,13.26,17128400.0
20260615,603520,司太立,9.4,9.36,9.53,9.23,12374000.0
20260615,603527,众源新材,13.89,14.52,14.58,13.8,39469900.0
20260615,603528,多伦科技,7.06,6.82,7.1,6.79,30691900.0
20260615,603529,爱玛科技,20.97,21.12,21.2,20.75,6367400.0
20260615,603530,神马电力,53.39,53.66,54.35,52.61,3465400.0
20260615,603533,掌阅科技,20.15,20.67,20.69,20.11,16672900.0
20260615,603535,嘉诚国际,6.69,6.77,6.98,6.69,3994200.0
20260615,603536,惠发食品,8.94,8.73,9.1,8.7,4006200.0
20260615,603538,美诺华,38.0,39.02,39.04,37.66,16302200.0
20260615,603551,奥普科技,9.83,9.75,9.97,9.65,2724900.0
20260615,603556,海兴电力,23.99,24.03,24.19,23.82,3269800.0
20260615,603558,健盛集团,12.09,12.18,12.23,11.97,4302700.0
20260615,603559,中通国脉,8.5,8.59,8.85,8.5,4472200.0
20260615,603565,中谷物流,10.02,10.33,10.38,9.98,26979500.0
20260615,603566,普莱柯,10.46,10.55,10.63,10.45,3861700.0
20260615,603567,珍宝岛,5.94,5.92,6.23,5.86,14782900.0
20260615,603568,伟明环保,16.43,17.02,17.2,16.39,14640900.0
20260615,603569,长久物流,5.92,5.65,5.96,5.6,11371800.0
20260615,603577,汇金通,9.49,9.7,9.7,9.33,5218500.0
20260615,603578,三星新材,12.84,12.96,13.48,12.76,5040800.0
20260615,603579,荣泰健康,18.72,19.57,19.62,18.72,3706400.0
20260615,603580,艾艾精工,23.55,24.26,24.26,23.2,849700.0
20260615,603583,捷昌驱动,24.0,24.79,24.79,24.0,4035400.0
20260615,603585,苏利股份,15.3,15.25,15.61,15.08,3365000.0
20260615,603586,金麒麟,18.42,19.3,20.26,18.15,25189700.0
20260615,603587,地素时尚,12.01,12.1,12.25,12.01,2291500.0
20260615,603588,高能环境,14.41,14.06,14.46,13.79,71162600.0
20260615,603589,口子窖,20.32,20.67,20.72,20.25,6934500.0
20260615,603590,康辰药业,30.08,29.78,30.09,29.34,1986000.0
20260615,603596,伯特利,27.54,28.78,28.82,27.07,22566200.0
20260615,603598,引力传媒,19.03,19.34,19.47,18.92,15928500.0
20260615,603599,广信股份,11.0,11.28,11.53,11.0,16706900.0
20260615,603600,永艺股份,9.83,9.86,9.88,9.65,6104700.0
20260615,603601,再升科技,13.57,13.95,14.02,13.16,142077800.0
20260615,603602,纵横通信,12.88,12.7,13.04,12.61,5221500.0
20260615,603605,珀莱雅,67.2,66.59,67.5,65.93,4634200.0
20260615,603606,东方电缆,41.11,41.31,42.61,40.83,25386300.0
20260615,603607,京华激光,21.63,21.73,22.06,21.5,2819100.0
20260615,603608,天创时尚,25.5,26.58,26.6,23.75,60032700.0
20260615,603609,禾丰股份,6.14,6.19,6.23,6.1,3994300.0
20260615,603610,麒盛科技,17.23,17.4,17.9,17.21,7067200.0
20260615,603611,诺力股份,17.6,17.5,17.91,17.34,3881900.0
20260615,603612,索通发展,20.08,20.7,20.98,20.08,14171700.0
20260615,603613,国联股份,19.87,20.01,20.25,19.77,10783200.0
20260615,603615,茶花股份,17.36,17.4,17.66,17.2,2867600.0
20260615,603616,韩建河山,6.45,6.14,6.45,6.01,70049000.0
20260615,603617,君禾股份,7.4,7.61,7.71,7.36,17419600.0
20260615,603618,杭电股份,39.5,42.75,42.75,39.4,94014400.0
20260615,603619,中曼石油,23.94,23.44,24.47,23.37,22912000.0
20260615,603626,科森科技,21.18,21.9,22.0,21.13,30058000.0
20260615,603628,清源股份,10.39,10.35,10.56,10.26,4653700.0
20260615,603629,利通电子,152.14,167.37,167.37,150.4,32500800.0
20260615,603630,拉芳家化,13.37,13.43,13.65,13.23,3737200.0
20260615,603633,徕木股份,7.53,8.1,8.23,7.53,29651300.0
20260615,603636,南威软件,8.76,9.24,9.35,8.74,24187600.0
20260615,603637,镇海股份,17.75,16.62,18.16,16.29,18315400.0
20260615,603638,艾迪精密,23.16,24.79,25.03,23.03,16599100.0
20260615,603639,海利尔,10.9,10.88,11.06,10.82,1483600.0
20260615,603648,畅联股份,8.88,8.71,9.08,8.64,4594500.0
20260615,603650,彤程新材,61.5,62.06,62.68,59.61,30550500.0
20260615,603655,朗博科技,33.28,33.32,35.1,32.89,2965300.0
20260615,603656,泰禾智能,18.5,18.16,18.78,18.08,3910400.0
20260615,603657,春光科技,22.93,22.93,23.83,22.65,5932900.0
20260615,603658,安图生物,31.3,32.09,32.15,31.16,3713700.0
20260615,603659,璞泰来,28.75,29.16,29.3,28.62,40970300.0
20260615,603660,苏州科达,11.12,11.12,11.38,10.94,24580400.0
20260615,603661,恒林股份,35.86,34.58,35.9,34.06,5015100.0
20260615,603662,柯力传感,64.34,66.6,67.25,63.9,10711800.0
20260615,603663,三祥新材,75.43,75.44,76.18,69.9,23070900.0
20260615,603665,康隆达,25.85,26.46,26.5,25.85,1688600.0
20260615,603666,亿嘉和,26.26,26.44,26.77,26.07,3563600.0
20260615,603667,五洲新春,64.5,67.0,67.29,64.1,21981700.0
20260615,603668,天马科技,11.38,11.38,11.68,11.28,4926000.0
20260615,603669,灵康药业,4.64,4.73,4.75,4.6,20154200.0
20260615,603676,卫信康,8.91,8.83,9.15,8.76,2212400.0
20260615,603677,奇精机械,14.58,14.62,14.87,14.5,1784800.0
20260615,603678,火炬电子,59.9,63.97,63.97,59.9,18161000.0
20260615,603679,华体科技,18.67,19.4,19.49,18.55,11693100.0
20260615,603680,今创集团,11.2,11.53,11.7,11.19,4060900.0
20260615,603681,永冠新材,25.1,27.39,27.39,24.51,30827900.0
20260615,603682,锦和商管,8.39,8.3,8.59,8.25,11964300.0
20260615,603683,晶华新材,30.45,31.29,31.54,30.4,15704200.0
20260615,603685,晨丰科技,30.5,31.61,32.2,30.3,2937800.0
20260615,603686,福龙马,14.44,14.74,14.83,14.43,8819600.0
20260615,603687,大胜达,18.44,18.55,18.7,18.15,33694400.0
20260615,603688,石英股份,71.36,76.53,77.4,67.42,44296200.0
20260615,603689,皖天然气,7.73,7.75,7.83,7.72,2367100.0
20260615,603690,至纯科技,27.35,27.51,27.59,26.3,23393300.0
20260615,603693,江苏新能,14.7,14.52,14.75,14.43,14155300.0
20260615,603696,安记食品,12.88,12.82,13.08,12.71,3896700.0
20260615,603697,有友食品,11.34,11.63,11.71,11.24,12229500.0
20260615,603698,航天工程,30.49,30.56,30.99,30.13,11215200.0
20260615,603699,纽威股份,52.99,56.0,56.0,52.6,7674000.0
20260615,603700,宁水集团,10.78,10.88,11.32,10.73,6850700.0
20260615,603701,德宏股份,22.83,22.7,23.2,22.53,5335200.0
20260615,603703,盛洋科技,11.17,11.9,12.29,11.17,21387100.0
20260615,603706,东方环宇,20.14,20.71,20.71,20.1,1927400.0
20260615,603707,健友股份,7.75,7.47,7.8,7.43,19366500.0
20260615,603708,家家悦,9.74,9.64,9.83,9.56,4995800.0
20260615,603709,中源家居,15.4,14.98,15.98,14.86,2146100.0
20260615,603711,香飘飘,13.07,13.26,13.29,12.99,3363100.0
20260615,603712,七一二,13.6,13.62,14.03,13.51,11975200.0
20260615,603713,密尔克卫,58.25,58.5,58.7,56.93,3682500.0
20260615,603716,塞力医疗,15.78,15.89,16.1,15.63,5797500.0
20260615,603717,天域生物,6.46,6.38,6.69,6.23,12116400.0
20260615,603719,良品铺子,9.55,9.6,9.74,9.52,4668300.0
20260615,603721,中广天择,18.54,18.63,19.05,18.54,3313100.0
20260615,603722,阿科力,40.0,39.27,40.0,37.21,4303900.0
20260615,603725,天安新材,10.82,11.0,11.14,10.56,12982300.0
20260615,603726,朗迪集团,25.65,27.83,27.83,25.65,8485000.0
20260615,603727,博迈科,14.78,15.41,15.41,14.67,2235700.0
20260615,603728,鸣志电器,60.7,62.27,62.45,60.0,8867800.0
20260615,603730,岱美股份,12.5,13.58,13.69,12.48,41834000.0
20260615,603733,仙鹤股份,28.39,27.28,28.87,26.06,30151300.0
20260615,603737,三棵树,27.36,27.7,28.78,27.11,13935500.0
20260615,603738,泰晶科技,56.91,56.91,56.91,51.74,86750600.0
20260615,603739,蔚蓝生物,12.57,12.52,12.82,12.37,3026400.0
20260615,603755,日辰股份,26.87,26.44,27.1,26.28,2009100.0
20260615,603757,大元泵业,48.3,50.49,51.59,48.01,15147700.0
20260615,603758,秦安股份,10.28,10.4,10.51,10.28,2862300.0
20260615,603759,海天股份,7.62,7.59,7.79,7.49,3484200.0
20260615,603766,隆鑫通用,12.66,12.58,13.08,12.52,15033300.0
20260615,603767,中马传动,15.83,16.17,16.28,15.83,4786500.0
20260615,603768,常青股份,10.55,10.4,10.89,10.32,5693000.0
20260615,603773,沃格光电,128.51,137.3,138.88,119.0,37989800.0
20260615,603776,永安行,20.1,20.11,20.45,19.91,3796900.0
20260615,603777,来伊份,16.0,17.35,17.44,16.0,10922200.0
20260615,603778,国晟科技,18.6,17.82,18.84,17.3,71940100.0
20260615,603779,威龙股份,8.06,8.07,8.16,7.98,20724400.0
20260615,603786,科博达,46.5,48.7,48.75,46.5,3787500.0
20260615,603787,新日股份,9.92,9.95,10.2,9.88,3173400.0
20260615,603788,宁波高发,14.7,14.99,15.0,14.66,1839800.0
20260615,603790,雅运股份,25.63,25.66,25.8,24.62,4429100.0
20260615,603797,联泰环保,4.19,4.19,4.31,4.13,4852700.0
20260615,603798,康普顿,16.08,15.98,16.24,15.6,4889300.0
20260615,603799,华友钴业,51.85,52.45,52.99,51.4,88257500.0
20260615,603800,洪田股份,68.85,74.83,74.83,68.58,10248400.0
20260615,603801,志邦家居,6.88,6.76,6.88,6.71,4735200.0
20260615,603803,瑞斯康达,11.6,12.12,12.19,11.52,17564300.0
20260615,603806,福斯特,15.01,16.3,16.3,14.88,52147200.0
20260615,603808,歌力思,9.14,9.12,9.29,9.04,4157800.0
20260615,603809,豪能股份,9.71,10.01,10.07,9.71,25997400.0
20260615,603810,丰山集团,12.83,12.37,12.88,12.24,2720000.0
20260615,603811,诚意药业,10.59,11.03,11.2,10.52,7873300.0
20260615,603815,交建股份,6.18,6.23,6.42,6.04,22682300.0
20260615,603816,顾家家居,27.17,26.29,27.58,26.03,9990500.0
20260615,603817,海峡环保,5.89,5.86,6.06,5.82,9168100.0
20260615,603818,曲美家居,3.01,2.94,3.08,2.92,14369700.0
20260615,603819,神力股份,11.89,11.56,12.06,11.39,6457100.0
20260615,603823,百合花,43.53,44.15,46.77,41.0,28319000.0
20260615,603826,坤彩科技,31.72,32.41,33.0,31.0,12778900.0
20260615,603829,洛凯股份,19.72,19.41,20.07,19.31,3315100.0
20260615,603833,欧派家居,35.38,34.7,35.66,34.26,6763700.0
20260615,603836,海程邦达,11.96,11.83,12.22,11.72,3310300.0
20260615,603839,安正时尚,6.56,6.55,6.7,6.5,4362300.0
20260615,603848,好太太,13.99,13.94,14.35,13.79,2271200.0
20260615,603855,华荣股份,17.51,17.71,18.02,17.44,2627200.0
20260615,603856,东宏股份,12.7,12.75,12.96,12.45,7286400.0
20260615,603858,步长制药,15.15,15.54,15.56,15.15,7325300.0
20260615,603859,能科科技,51.37,51.79,53.1,49.5,30151500.0
20260615,603860,中公高科,26.93,26.39,27.32,26.3,1566000.0
20260615,603861,白云电器,15.41,14.98,15.71,14.88,24400200.0
20260615,603863,松炀资源,15.6,15.13,15.72,14.95,4637500.0
20260615,603866,桃李面包,4.1,4.14,4.18,4.03,28464100.0
20260615,603867,新化股份,38.88,39.36,39.7,38.71,8850900.0
20260615,603868,飞科电器,33.9,34.48,35.43,33.9,3202800.0
20260615,603871,嘉友国际,12.59,12.19,12.6,12.13,9895100.0
20260615,603876,鼎胜新材,26.8,26.55,27.21,26.19,42685100.0
20260615,603877,太平鸟,13.51,13.26,13.51,13.1,3366000.0
20260615,603878,武进不锈,6.45,6.43,6.54,6.26,25147800.0
20260615,603879,永悦科技,4.9,4.82,5.02,4.75,8876900.0
20260615,603880,南卫股份,7.61,7.33,7.81,7.28,6392000.0
20260615,603881,数据港,31.08,32.0,32.0,30.95,25766900.0
20260615,603882,金域医学,25.05,24.78,25.14,24.58,5935700.0
20260615,603883,老百姓,12.11,12.18,12.22,12.06,7490200.0
20260615,603885,吉祥航空,11.75,11.66,11.99,11.52,38606000.0
20260615,603886,元祖股份,12.52,13.14,13.27,12.28,18039000.0
20260615,603887,城地香江,10.65,10.88,11.02,10.63,12400700.0
20260615,603888,新华网,18.15,18.58,18.59,18.1,12318400.0
20260615,603889,新澳股份,6.05,5.96,6.07,5.9,14565900.0
20260615,603890,春秋电子,23.05,24.19,24.82,23.05,59910000.0
20260615,603893,瑞芯微,162.68,170.76,171.97,160.08,12111500.0
20260615,603895,天永智能,30.05,30.54,31.16,30.05,1527000.0
20260615,603896,寿仙谷,15.58,15.68,15.68,15.46,2286500.0
20260615,603897,长城科技,36.47,37.49,38.1,36.04,7942000.0
20260615,603898,好莱客,12.6,12.83,13.08,12.6,4915600.0
20260615,603899,晨光股份,22.62,22.52,22.86,22.31,4367000.0
20260615,603900,莱绅通灵,6.43,6.39,6.64,6.32,7871900.0
20260615,603901,永创智能,10.84,10.94,11.09,10.82,7722600.0
20260615,603903,中持股份,11.63,12.16,12.57,11.61,10483800.0
20260615,603906,龙蟠科技,24.16,24.35,24.76,23.85,39640800.0
20260615,603908,牧高笛,19.72,19.11,20.16,19.1,1415900.0
20260615,603909,建发合诚,9.98,9.61,9.98,9.48,2699000.0
20260615,603912,佳力图,8.37,8.46,8.49,8.2,13125300.0
20260615,603915,国茂股份,15.25,15.99,16.33,15.02,14091800.0
20260615,603916,苏博特,13.8,14.08,14.55,13.55,37244700.0
20260615,603917,合力科技,11.89,12.23,12.29,11.75,6006900.0
20260615,603918,金桥信息,10.69,10.74,10.93,10.65,7871900.0
20260615,603919,金徽酒,18.69,18.92,19.19,18.51,7032800.0
20260615,603920,世运电路,53.7,57.68,57.88,52.93,32067000.0
20260615,603926,铁流股份,19.36,19.3,19.79,19.28,4559200.0
20260615,603927,中科软,14.59,14.63,14.89,14.51,11851800.0
20260615,603928,兴业股份,15.02,15.45,15.64,15.01,4846500.0
20260615,603929,亚翔集成,220.01,215.39,224.62,209.99,9929800.0
20260615,603931,格林达,54.1,53.88,55.25,51.87,14192800.0
20260615,603933,睿能科技,22.38,23.09,23.19,22.17,4853900.0
20260615,603936,博敏电子,23.41,24.97,25.15,23.41,51653400.0
20260615,603937,丽岛新材,13.7,13.77,14.05,13.57,5460100.0
20260615,603938,三孚股份,53.07,54.76,54.77,50.68,38953700.0
20260615,603939,益丰药房,21.55,20.91,22.09,20.82,17624100.0
20260615,603948,建业股份,25.81,26.1,26.2,25.39,2093400.0
20260615,603949,雪龙集团,14.67,15.22,15.38,14.62,3710700.0
20260615,603950,长源东谷,60.16,65.49,65.49,60.16,7483500.0
20260615,603955,大千生态,24.71,24.36,25.21,24.33,2726600.0
20260615,603956,威派格,4.65,4.68,4.78,4.56,19597600.0
20260615,603958,哈森股份,19.19,19.65,20.22,19.04,6209300.0
20260615,603960,克来机电,19.61,19.89,20.08,19.51,8515400.0
20260615,603966,法兰泰克,9.15,9.29,9.42,9.14,8497100.0
20260615,603967,中创物流,12.11,12.01,12.38,11.98,2624500.0
20260615,603968,醋化股份,10.83,10.87,11.3,10.78,5472000.0
20260615,603969,银龙股份,7.76,7.8,7.89,7.72,8959300.0
20260615,603970,中农立华,10.85,10.72,10.94,10.57,2438800.0
20260615,603976,正川股份,26.78,25.18,28.03,25.0,12053700.0
20260615,603977,国泰集团,12.89,13.01,13.15,12.84,12521400.0
20260615,603978,深圳新星,26.0,25.85,26.87,25.78,16453500.0
20260615,603979,金诚信,73.62,77.84,77.84,73.62,16054400.0
20260615,603980,吉华集团,5.71,5.92,6.02,5.67,25554500.0
20260615,603982,泉峰汽车,6.36,6.35,6.52,6.28,5396600.0
20260615,603983,丸美生物,22.25,22.29,22.55,22.04,1578300.0
20260615,603985,恒润股份,23.58,24.45,24.51,23.44,17742300.0
20260615,603986,兆易创新,494.97,518.0,519.0,476.66,47578400.0
20260615,603987,康德莱,7.27,7.3,7.38,7.26,3434300.0
20260615,603988,中电电机,19.44,19.53,19.77,19.08,4244800.0
20260615,603989,艾华集团,29.41,31.18,31.64,29.17,22641300.0
20260615,603990,麦迪科技,22.04,21.77,22.31,21.32,25907800.0
20260615,603991,领先股份,123.77,118.3,124.8,117.0,3956100.0
20260615,603992,松霖科技,32.87,33.7,34.2,32.55,7707500.0
20260615,603993,洛阳钼业,19.49,20.92,21.0,19.49,731318700.0
20260615,603995,甬金股份,19.98,21.31,21.59,19.8,21513000.0
20260615,603997,继峰股份,13.77,14.5,14.54,13.77,20538300.0
20260615,603998,方盛制药,9.86,9.73,9.93,9.68,7697200.0
20260615,603999,读者传媒,5.53,5.59,5.65,5.51,7052500.0
20260615,605001,威奥股份,6.16,6.08,6.22,5.99,5667800.0
20260615,605003,众望布艺,23.8,23.24,23.9,22.95,1110700.0
20260615,605005,合兴股份,16.18,16.45,16.47,16.18,1725500.0
20260615,605006,山东玻纤,20.89,21.8,21.86,20.8,81300500.0
20260615,605007,五洲特纸,13.3,13.35,13.5,13.12,3208900.0
20260615,605008,长鸿高科,11.36,11.65,11.9,11.26,3813700.0
20260615,605009,豪悦护理,23.46,23.66,23.83,23.46,1964800.0
20260615,605011,杭州热电,17.77,17.98,18.04,17.58,5331400.0
20260615,605016,百龙创园,24.98,25.97,26.1,24.98,4300700.0
20260615,605018,长华集团,15.94,15.38,16.23,15.19,20516800.0
20260615,605020,永和股份,35.06,35.42,35.76,32.95,39976400.0
20260615,605028,世茂能源,22.51,22.5,22.76,22.07,1977200.0
20260615,605033,美邦股份,19.03,18.91,19.48,18.85,1817400.0
20260615,605050,福然德,10.33,10.39,10.53,10.29,2784300.0
20260615,605055,迎丰股份,11.49,11.65,11.81,11.02,7327100.0
20260615,605056,咸亨国际,18.1,18.5,18.7,18.0,6398100.0
20260615,605058,澳弘电子,36.92,40.61,40.61,36.92,4479600.0
20260615,605060,联德股份,49.11,50.0,50.77,47.75,6084600.0
20260615,605066,天正电气,6.48,6.74,6.9,6.45,17983100.0
20260615,605068,明新旭腾,19.49,19.13,19.68,19.06,2255700.0
20260615,605069,正和生态,10.69,10.6,10.75,10.32,16262700.0
20260615,605077,华康股份,12.17,12.34,12.61,12.17,8609300.0
20260615,605080,浙江自然,21.47,21.4,22.02,21.21,1964800.0
20260615,605086,龙高股份,28.69,28.31,29.1,28.22,2326800.0
20260615,605088,冠盛股份,33.8,33.19,34.09,32.62,4651200.0
20260615,605089,味知香,21.11,20.75,21.31,20.65,1069000.0
20260615,605090,九丰能源,36.66,35.75,36.66,35.38,17904000.0
20260615,605098,行动教育,56.6,55.9,57.25,55.35,1284300.0
20260615,605099,共创草坪,35.1,35.19,35.55,34.45,3842500.0
20260615,605100,华丰股份,34.96,35.22,35.65,34.51,4273500.0
20260615,605108,同庆楼,12.91,12.97,13.19,12.83,2007000.0
20260615,605111,新洁能,62.0,65.53,65.53,59.19,30489800.0
20260615,605116,奥锐特,19.77,19.58,19.95,19.38,3632700.0
20260615,605117,德业股份,102.28,100.96,102.49,94.0,31333900.0
20260615,605118,力鼎光电,32.26,32.94,33.32,32.05,3613000.0
20260615,605122,四方新材,12.18,11.98,12.43,11.85,3063100.0
20260615,605123,派克新材,97.69,96.33,97.69,93.59,4438000.0
20260615,605128,上海沿浦,23.78,24.69,24.96,23.53,7434700.0
20260615,605133,嵘泰股份,33.6,36.25,36.6,33.6,8330500.0
20260615,605136,丽人丽妆,8.26,8.29,8.49,8.21,6506700.0
20260615,605138,盛泰集团,6.32,6.27,6.5,6.2,4559600.0
20260615,605151,西上海,19.15,19.44,19.83,19.08,1873000.0
20260615,605155,西大门,13.7,13.72,14.06,13.56,2253300.0
20260615,605158,华达新材,6.4,6.57,6.8,6.39,6993800.0
20260615,605162,新中港,9.18,9.24,9.78,9.1,21277600.0
20260615,605166,聚合顺,9.6,9.78,10.0,9.6,9893300.0
20260615,605167,利柏特,13.5,13.85,14.1,13.25,13661300.0
20260615,605168,三人行,45.34,46.25,47.0,45.34,5135100.0
20260615,605169,洪通燃气,10.25,10.06,10.25,9.97,5759000.0
20260615,605177,东亚药业,20.82,20.09,22.36,19.21,8660000.0
20260615,605178,时空科技,62.0,62.58,62.86,61.09,1645000.0
20260615,605179,一鸣食品,14.19,14.2,14.33,14.01,2463300.0
20260615,605180,华生科技,13.88,13.99,14.13,13.67,2620900.0
20260615,605183,确成股份,15.05,15.4,15.75,14.95,3371500.0
20260615,605186,健麾信息,33.51,31.8,36.2,30.84,20073800.0
20260615,605188,国光连锁,13.37,13.64,13.82,13.34,5408200.0
20260615,605189,富春染织,13.37,13.71,13.81,13.37,6263600.0
20260615,605196,华通线缆,35.0,34.35,36.4,33.43,25056700.0
20260615,605198,安德利,69.86,71.28,71.28,65.67,6676000.0
20260615,605208,永茂泰,15.69,15.94,16.12,15.5,13553700.0
20260615,605218,伟时电子,17.0,17.51,17.54,16.7,7828300.0
20260615,605222,起帆电缆,25.33,25.23,25.48,24.7,9056000.0
20260615,605228,神通科技,13.53,13.26,13.58,13.2,7142400.0
20260615,605255,天普股份,74.81,75.69,76.56,74.5,1133900.0
20260615,605258,协和电子,33.47,35.69,35.84,33.47,4669500.0
20260615,605259,绿田机械,18.08,18.34,18.46,18.01,1517000.0
20260615,605266,健之佳,16.65,16.6,16.96,16.54,2068600.0
20260615,605268,王力安防,9.99,9.91,10.05,9.85,2642900.0
20260615,605277,新亚电子,20.47,21.71,22.29,20.47,21939600.0
20260615,605286,同力天启,29.66,29.48,29.73,28.76,2557100.0
20260615,605287,德才股份,39.44,41.24,41.32,39.37,3501900.0
20260615,605288,凯迪股份,64.74,70.16,70.16,63.54,1535200.0
20260615,605289,罗曼股份,108.99,118.56,118.56,108.0,6009900.0
20260615,605296,神农集团,26.02,26.31,26.5,25.92,1742400.0
20260615,605298,必得科技,62.0,56.92,62.0,56.2,4974300.0
20260615,605299,舒华体育,15.0,15.33,15.56,14.96,12215300.0
20260615,605300,佳禾食品,9.19,9.17,9.36,9.07,3665500.0
20260615,605303,园林股份,27.92,30.03,30.03,27.79,4623700.0
20260615,605305,中际联合,37.5,38.75,38.75,37.41,5159000.0
20260615,605318,法狮龙,129.04,134.2,135.99,122.5,6087700.0
20260615,605319,无锡振华,25.78,26.09,26.11,25.6,3465300.0
20260615,605333,沪光股份,18.98,19.31,19.5,18.78,2393100.0
20260615,605337,李子园,9.35,9.14,9.48,9.11,4094800.0
20260615,605338,巴比食品,20.42,19.98,20.42,19.7,1874700.0
20260615,605339,南侨食品,13.49,14.3,14.33,13.44,2479800.0
20260615,605358,立昂微,67.35,68.05,69.75,63.03,91118800.0
20260615,605365,立达信,15.85,15.77,16.05,15.66,4197800.0
20260615,605366,宏柏新材,10.16,10.35,10.42,9.99,23265500.0
20260615,605368,蓝天燃气,7.03,7.31,7.42,7.03,10570400.0
20260615,605369,拱东医疗,16.34,16.68,17.03,16.34,2111200.0
20260615,605376,博迁新材,184.0,194.71,194.71,182.88,10908500.0
20260615,605377,华旺科技,8.26,8.23,8.38,8.13,5098400.0
20260615,605378,野马电池,15.92,16.0,16.23,15.83,1693800.0
20260615,605388,均瑶健康,5.36,5.36,5.5,5.29,7609400.0
20260615,605389,长龄液压,82.19,87.04,88.8,81.97,2319400.0
20260615,605398,新炬网络,22.03,22.35,22.56,21.75,3167700.0
20260615,605399,晨光新材,13.28,13.57,13.8,13.2,6610700.0
20260615,605488,福莱新材,34.13,34.83,35.1,34.01,5427300.0
20260615,605499,东鹏饮料,131.84,128.26,132.3,128.1,8091700.0
20260615,605500,森林包装,6.88,6.97,7.07,6.86,6818300.0
20260615,605507,国邦医药,16.19,15.99,16.47,15.87,4857600.0
20260615,605555,德昌股份,15.46,15.11,15.78,14.98,9960700.0
20260615,605566,福莱蒽特,44.81,46.65,46.8,43.51,8714200.0
20260615,605567,春雪食品,9.05,8.86,9.24,8.82,4724300.0
20260615,605577,龙版传媒,9.89,9.85,10.08,9.79,2607500.0
20260615,605580,恒盛能源,25.92,25.78,26.6,25.37,19621300.0
20260615,605588,冠石科技,54.11,56.34,57.66,53.45,3074300.0
20260615,605589,圣泉集团,57.99,64.15,64.15,57.94,63544400.0
20260615,605598,上海港湾,37.04,36.29,37.32,35.81,5336100.0
20260615,605599,菜百股份,15.49,15.38,15.64,15.11,8049400.0
