日期,股票代码,股票名称,开盘价,收盘价,最高价,最低价,成交量(股)
20260407,000001,平安银行,11.12,11.03,11.14,10.97,60795500.0
20260407,000002,万  科Ａ,3.8,3.81,3.82,3.76,73291100.0
20260407,000006,深振业Ａ,8.16,8.28,8.3,7.98,25339300.0
20260407,000007,全新好,12.43,12.3,12.63,12.08,5505700.0
20260407,000008,神州高铁,2.78,2.74,2.8,2.67,181183900.0
20260407,000009,中国宝安,8.46,8.5,8.58,8.43,12489300.0
20260407,000011,深物业A,8.12,8.23,8.24,8.03,3842800.0
20260407,000012,南  玻Ａ,4.35,4.39,4.41,4.35,14896200.0
20260407,000014,沙河股份,12.72,13.06,13.26,12.44,10479500.0
20260407,000017,深中华A,6.55,6.7,6.77,6.55,5024500.0
20260407,000019,深粮控股,7.14,7.84,7.84,7.03,19342500.0
20260407,000020,深华发Ａ,14.82,15.23,15.26,14.82,9077800.0
20260407,000021,深科技,26.07,26.01,26.45,25.82,49209200.0
20260407,000025,特  力Ａ,15.63,15.94,15.97,15.58,2892600.0
20260407,000026,飞亚达,14.55,14.29,14.55,14.15,2583900.0
20260407,000027,深圳能源,6.61,6.65,6.67,6.56,24688100.0
20260407,000028,国药一致,26.26,26.64,26.8,25.91,6816000.0
20260407,000029,深深房Ａ,19.27,19.08,19.48,18.91,3742000.0
20260407,000030,富奥股份,4.86,4.81,4.87,4.79,24478400.0
20260407,000031,大悦城,2.81,2.83,2.85,2.79,13372200.0
20260407,000032,深桑达Ａ,17.18,16.83,17.25,16.66,18439400.0
20260407,000034,神州数码,32.03,32.02,32.71,31.8,9447800.0
20260407,000035,中国天楹,6.52,6.69,6.71,6.48,41836100.0
20260407,000036,华联控股,4.66,4.7,4.76,4.64,19368300.0
20260407,000037,深南电A,9.49,9.66,9.83,9.3,34311700.0
20260407,000039,中集集团,10.7,11.15,11.42,10.66,58983200.0
20260407,000042,中洲控股,8.64,8.54,8.67,8.49,3758700.0
20260407,000045,深纺织Ａ,12.17,12.29,12.34,12.01,10549400.0
20260407,000048,京基智农,16.54,16.16,16.7,16.08,31367400.0
20260407,000049,德赛电池,24.67,24.88,25.29,24.45,6437300.0
20260407,000050,深天马Ａ,7.84,7.9,7.99,7.8,15323300.0
20260407,000055,方大集团,3.42,3.56,3.56,3.41,9089700.0
20260407,000058,深 赛 格,7.72,7.86,7.88,7.72,4042000.0
20260407,000059,华锦股份,5.13,5.35,5.36,5.06,28804900.0
20260407,000060,中金岭南,5.98,6.07,6.1,5.98,54344400.0
20260407,000061,农 产 品,7.13,7.15,7.25,7.03,21925800.0
20260407,000062,深圳华强,24.88,27.03,27.03,24.8,54039300.0
20260407,000063,中兴通讯,32.15,32.34,32.55,32.07,40459400.0
20260407,000065,北方国际,14.2,14.94,14.94,13.97,81833300.0
20260407,000066,中国长城,14.21,14.25,14.44,14.21,28606500.0
20260407,000068,华控赛格,3.21,3.28,3.3,3.17,13409300.0
20260407,000069,华侨城Ａ,2.16,2.17,2.18,2.15,25039800.0
20260407,000070,特发信息,18.37,18.13,19.07,18.03,127609500.0
20260407,000088,盐 田 港,4.54,4.57,4.58,4.51,23491900.0
20260407,000089,深圳机场,6.9,6.86,6.93,6.82,6761900.0
20260407,000090,天健集团,3.49,3.56,3.56,3.47,13597500.0
20260407,000096,广聚能源,9.78,9.99,10.04,9.56,9932300.0
20260407,000099,中信海直,16.47,16.47,16.61,16.39,4493100.0
20260407,000100,TCL科技,4.17,4.14,4.19,4.11,201792800.0
20260407,000151,中成股份,11.37,11.58,11.62,11.23,3616600.0
20260407,000153,丰原药业,6.7,6.92,6.93,6.47,26814500.0
20260407,000155,川能动力,16.2,16.24,16.39,15.79,87193200.0
20260407,000156,华数传媒,7.22,7.24,7.27,7.13,7252100.0
20260407,000157,中联重科,8.44,8.32,8.48,8.3,63259500.0
20260407,000158,常山北明,16.94,16.98,17.1,16.9,12315600.0
20260407,000159,国际实业,6.19,6.44,6.46,6.13,14539100.0
20260407,000166,申万宏源,4.65,4.62,4.66,4.59,54988000.0
20260407,000301,东方盛虹,11.1,11.51,11.57,11.06,25883000.0
20260407,000333,美的集团,76.35,76.12,76.7,75.62,16382600.0
20260407,000338,潍柴动力,25.1,23.88,25.14,23.75,103611300.0
20260407,000400,许继电气,26.91,26.85,27.18,26.65,12725800.0
20260407,000401,金隅冀东,4.72,4.73,4.75,4.66,12406300.0
20260407,000402,金 融 街,2.46,2.49,2.5,2.45,10082300.0
20260407,000403,派林生物,12.7,12.69,12.86,12.66,5343100.0
20260407,000404,长虹华意,6.87,6.98,7.03,6.84,5828600.0
20260407,000407,胜利股份,4.44,4.6,4.61,4.4,21402700.0
20260407,000408,藏格矿业,81.27,81.0,81.87,80.01,10776200.0
20260407,000409,云鼎科技,10.03,10.11,10.13,9.97,3323900.0
20260407,000410,沈阳机床,6.44,6.5,6.53,6.44,6822700.0
20260407,000411,英特集团,10.95,11.07,11.15,10.78,3382100.0
20260407,000415,渤海租赁,4.28,4.27,4.37,4.25,63355800.0
20260407,000417,合百集团,6.38,6.44,6.48,6.35,7266100.0
20260407,000419,通程控股,5.64,5.86,5.87,5.62,6904300.0
20260407,000420,吉林化纤,4.55,4.72,4.75,4.52,137627500.0
20260407,000421,南京公用,6.36,6.49,6.55,6.3,8594200.0
20260407,000422,湖北宜化,15.22,16.0,16.07,15.13,48575000.0
20260407,000423,东阿阿胶,56.14,55.32,56.4,54.98,6334400.0
20260407,000425,徐工机械,10.22,9.99,10.25,9.88,72276300.0
20260407,000426,兴业银锡,39.42,39.6,39.99,39.34,27872700.0
20260407,000428,华天酒店,3.86,3.89,3.93,3.79,18701500.0
20260407,000429,粤高速Ａ,13.09,12.83,13.09,12.81,6474100.0
20260407,000430,张家界,7.28,7.32,7.35,7.24,1790500.0
20260407,000498,山东路桥,5.66,5.6,5.68,5.57,17276400.0
20260407,000501,武商集团,8.3,8.4,8.41,8.23,4197300.0
20260407,000503,国新健康,7.76,7.69,7.85,7.62,7298400.0
20260407,000504,南华生物,9.79,9.8,9.9,9.65,2122900.0
20260407,000505,京粮控股,6.5,6.92,6.94,6.44,20175800.0
20260407,000506,招金黄金,16.42,17.01,17.14,16.35,23232300.0
20260407,000507,珠海港,5.3,5.39,5.4,5.17,25159800.0
20260407,000509,华塑控股,3.54,3.62,3.68,3.47,39648400.0
20260407,000510,新金路,14.07,14.36,14.6,14.07,33149000.0
20260407,000513,丽珠集团,34.63,34.15,34.63,33.9,4072900.0
20260407,000514,渝 开 发,4.54,4.61,4.64,4.49,8943400.0
20260407,000516,国际医学,4.86,4.91,4.94,4.78,30803100.0
20260407,000517,荣安地产,1.87,1.91,1.91,1.85,17033500.0
20260407,000518,四环生物,2.78,2.83,2.85,2.73,11478900.0
20260407,000519,中兵红箭,16.55,16.64,16.73,16.55,11906800.0
20260407,000520,凤凰航运,4.02,4.1,4.13,3.98,14099800.0
20260407,000521,长虹美菱,5.72,5.68,5.73,5.55,18778800.0
20260407,000523,红棉股份,3.17,3.24,3.26,3.15,18665400.0
20260407,000524,岭南控股,10.41,10.54,10.55,10.27,9569300.0
20260407,000525,红太阳,5.69,5.93,5.95,5.69,25524000.0
20260407,000526,学大教育,30.15,30.23,30.5,30.0,1197600.0
20260407,000528,柳    工,9.27,9.2,9.28,9.14,16642900.0
20260407,000529,广弘控股,5.6,5.76,5.77,5.55,5837100.0
20260407,000530,冰山冷热,5.75,5.88,5.9,5.73,10324800.0
20260407,000531,穗恒运Ａ,6.47,6.58,6.61,6.45,17290100.0
20260407,000532,华金资本,13.13,13.24,13.39,13.09,6609700.0
20260407,000533,顺钠股份,13.79,13.84,13.99,13.67,38216300.0
20260407,000534,万泽股份,37.5,35.75,37.53,35.47,13672000.0
20260407,000536,华映科技,4.16,4.18,4.22,4.16,16679700.0
20260407,000537,绿发电力,9.67,9.84,9.96,9.58,42236300.0
20260407,000538,云南白药,56.33,55.91,56.46,55.5,5910800.0
20260407,000539,粤电力Ａ,5.35,5.47,5.56,5.31,95908700.0
20260407,000541,佛山照明,5.47,5.53,5.55,5.45,4102500.0
20260407,000543,皖能电力,7.98,7.95,8.0,7.91,25207500.0
20260407,000544,中原环保,7.96,7.96,7.99,7.87,9623000.0
20260407,000545,金浦钛业,2.92,3.03,3.05,2.83,67787000.0
20260407,000546,金圆股份,6.16,6.16,6.22,6.04,36020500.0
20260407,000547,航天发展,25.77,25.93,26.28,25.57,102646000.0
20260407,000548,湖南投资,5.23,5.3,5.32,5.17,10838300.0
20260407,000550,江铃汽车,18.39,18.21,18.64,18.17,4127400.0
20260407,000551,创元科技,12.71,12.67,12.82,12.6,4927700.0
20260407,000553,安道麦A,6.05,6.46,6.48,6.02,19552600.0
20260407,000554,泰山石油,8.15,8.44,8.44,7.95,35838400.0
20260407,000555,神州信息,13.89,14.29,14.38,13.89,26854600.0
20260407,000557,西部创业,4.54,4.67,4.67,4.51,8037600.0
20260407,000558,天府文旅,4.38,4.5,4.51,4.36,24943700.0
20260407,000559,万向钱潮,15.01,14.85,15.1,14.77,35119900.0
20260407,000560,我爱我家,2.84,2.86,2.86,2.77,62651100.0
20260407,000561,烽火电子,9.36,9.3,9.38,9.28,4890500.0
20260407,000563,陕国投Ａ,3.33,3.37,3.38,3.33,32694400.0
20260407,000564,供销大集,1.79,1.83,1.84,1.77,248687900.0
20260407,000565,渝三峡Ａ,7.0,7.32,7.35,6.95,12007900.0
20260407,000566,海南海药,5.34,5.4,5.41,5.15,36062700.0
20260407,000567,海德股份,5.03,5.14,5.15,5.03,7941400.0
20260407,000568,泸州老窖,104.27,103.49,104.9,102.78,4472700.0
20260407,000570,苏常柴Ａ,5.28,5.49,5.51,5.27,11732600.0
20260407,000571,新大洲A,5.53,5.45,5.53,5.29,14861700.0
20260407,000572,海马汽车,5.39,5.5,5.52,5.32,60813100.0
20260407,000573,粤宏远Ａ,3.9,4.04,4.05,3.87,15240200.0
20260407,000576,甘化科工,8.91,9.09,9.13,8.9,5619800.0
20260407,000581,威孚高科,20.19,20.04,20.23,19.95,8248700.0
20260407,000582,北部湾港,10.33,10.21,10.39,10.11,23895100.0
20260407,000586,汇源通信,20.76,20.76,20.76,20.76,1810800.0
20260407,000589,贵州轮胎,4.56,4.54,4.58,4.51,19454300.0
20260407,000590,古汉医药,11.48,11.62,11.69,11.23,4330100.0
20260407,000591,太阳能,5.2,5.26,5.33,5.18,65811700.0
20260407,000592,平潭发展,11.81,12.06,12.35,11.69,318632800.0
20260407,000593,德龙汇能,17.85,18.13,18.39,17.06,41116700.0
20260407,000595,新能股份,6.07,6.13,6.26,6.06,8965200.0
20260407,000596,古井贡酒,106.41,105.4,107.5,104.12,1782300.0
20260407,000597,东北制药,5.31,5.5,5.54,5.22,30460500.0
20260407,000598,兴蓉环境,6.64,6.59,6.65,6.57,16687100.0
20260407,000599,青岛双星,5.35,5.35,5.38,5.29,12382000.0
20260407,000600,建投能源,8.68,8.66,8.77,8.59,18762000.0
20260407,000601,韶能股份,6.36,6.46,6.53,6.27,80217600.0
20260407,000603,盛达资源,38.62,39.04,39.45,38.48,13354700.0
20260407,000605,渤海股份,6.43,6.72,6.73,6.37,7343400.0
20260407,000607,华媒控股,3.89,3.96,3.98,3.82,18296600.0
20260407,000608,阳光股份,3.84,3.94,3.96,3.76,12121200.0
20260407,000612,焦作万方,11.4,11.53,11.56,11.27,30082700.0
20260407,000617,中油资本,10.72,11.53,11.77,10.66,813113800.0
20260407,000619,海螺新材,5.54,5.76,5.78,5.42,11989300.0
20260407,000620,盈新发展,2.65,2.71,2.72,2.63,119708700.0
20260407,000623,吉林敖东,17.52,17.53,17.59,17.34,5280800.0
20260407,000625,长安汽车,10.01,9.98,10.02,9.92,33197600.0
20260407,000626,远大控股,7.65,7.85,7.89,7.53,10865100.0
20260407,000628,高新发展,49.27,50.11,51.19,49.27,5732100.0
20260407,000629,钒钛股份,3.22,3.28,3.3,3.21,79093400.0
20260407,000630,铜陵有色,5.76,5.82,5.85,5.72,143333800.0
20260407,000631,顺发恒能,3.33,3.36,3.42,3.31,43177900.0
20260407,000633,合金投资,6.46,6.58,6.62,6.4,9611900.0
20260407,000636,风华高科,18.7,18.55,18.92,18.44,22759000.0
20260407,000637,茂化实华,4.3,4.55,4.57,4.19,16641900.0
20260407,000650,仁和药业,5.83,5.85,5.91,5.74,16358100.0
20260407,000651,格力电器,37.48,37.33,37.51,37.07,20834100.0
20260407,000652,泰达股份,4.03,4.2,4.2,4.02,36128800.0
20260407,000655,金岭矿业,8.46,8.66,8.68,8.44,6028400.0
20260407,000656,金科股份,1.35,1.37,1.37,1.34,33650800.0
20260407,000657,中钨高新,46.87,47.64,48.54,46.57,45410800.0
20260407,000659,珠海中富,4.63,4.19,4.78,4.11,110987600.0
20260407,000661,长春高新,84.69,84.87,85.47,84.08,2399300.0
20260407,000663,永安林业,6.27,6.57,6.59,6.22,8731700.0
20260407,000665,湖北广电,4.67,4.72,4.74,4.64,7151900.0
20260407,000668,荣丰控股,14.58,14.37,14.65,14.14,966200.0
20260407,000670,盈方微,7.08,7.39,7.7,7.02,53593300.0
20260407,000672,上峰材料,12.65,12.72,12.89,12.6,6635400.0
20260407,000676,智度股份,7.39,7.48,7.51,7.39,9492200.0
20260407,000678,襄阳轴承,13.02,13.6,13.61,12.68,37976700.0
20260407,000679,大连友谊,6.36,6.59,6.61,6.33,5999000.0
20260407,000680,山推股份,11.08,11.24,11.27,11.05,11333400.0
20260407,000681,视觉中国,19.2,19.37,19.52,19.05,12822500.0
20260407,000682,东方电子,11.82,11.7,11.86,11.58,12012300.0
20260407,000683,博源化工,8.4,8.66,8.69,8.4,38267000.0
20260407,000685,中山公用,10.69,10.65,10.78,10.59,9208200.0
20260407,000686,东北证券,7.95,7.96,8.01,7.91,7620100.0
20260407,000688,国城矿业,39.88,39.58,40.55,38.27,19679500.0
20260407,000690,宝新能源,4.58,4.63,4.68,4.54,70480400.0
20260407,000691,亚太实业,7.68,7.59,7.78,7.44,4653600.0
20260407,000692,惠天热电,3.98,4.16,4.18,3.91,29299700.0
20260407,000695,滨海能源,11.72,12.9,12.9,11.71,29102800.0
20260407,000697,炼石航空,9.21,9.42,9.42,9.17,3600300.0
20260407,000700,模塑科技,10.99,11.03,11.16,10.53,37224600.0
20260407,000701,厦门信达,5.76,5.89,5.95,5.76,11504000.0
20260407,000702,正虹科技,6.08,6.4,6.46,5.96,9972700.0
20260407,000703,恒逸石化,12.96,14.16,14.16,12.89,36043400.0
20260407,000705,浙江震元,8.82,9.06,9.23,8.59,11286800.0
20260407,000707,双环科技,5.82,6.1,6.13,5.77,17704900.0
20260407,000708,中信特钢,16.61,16.09,16.64,15.97,16084000.0
20260407,000709,河钢股份,2.28,2.29,2.3,2.26,63131300.0
20260407,000710,贝瑞基因,10.35,10.48,10.62,10.14,9504400.0
20260407,000711,京蓝科技,3.98,3.92,4.07,3.92,123516300.0
20260407,000712,锦龙股份,9.96,10.22,10.23,9.93,11797700.0
20260407,000713,国投丰乐,6.26,6.42,6.46,6.19,9928500.0
20260407,000715,中兴商业,5.66,5.82,5.84,5.63,7182900.0
20260407,000716,黑芝麻,5.09,5.16,5.17,5.04,7065600.0
20260407,000717,中南股份,2.38,2.42,2.42,2.37,19365500.0
20260407,000718,苏宁环球,2.0,2.05,2.06,1.99,25132000.0
20260407,000719,中原传媒,12.91,12.75,12.91,12.71,4177000.0
20260407,000720,新能泰山,6.5,6.53,6.53,6.35,76274600.0
20260407,000721,西安饮食,7.64,7.62,7.64,7.47,5115400.0
20260407,000722,湖南发展,12.68,12.86,12.91,12.5,25495200.0
20260407,000723,美锦能源,4.56,4.54,4.56,4.46,58342000.0
20260407,000725,京东方Ａ,3.95,3.91,3.95,3.89,346529600.0
20260407,000726,鲁  泰Ａ,6.8,6.87,6.93,6.74,5455300.0
20260407,000727,冠捷科技,2.53,2.56,2.57,2.53,49253600.0
20260407,000728,国元证券,7.57,7.53,7.59,7.49,12715600.0
20260407,000729,燕京啤酒,14.5,14.11,14.56,13.95,68131800.0
20260407,000731,四川美丰,6.91,7.4,7.44,6.87,37702100.0
20260407,000733,振华科技,44.38,44.24,44.65,44.04,5633500.0
20260407,000735,罗 牛 山,6.44,6.62,6.68,6.38,25990100.0
20260407,000736,中交发展,4.73,4.88,4.88,4.73,3222800.0
20260407,000737,北方铜业,12.9,12.95,12.99,12.85,17136400.0
20260407,000738,航发控制,20.9,20.47,21.11,20.32,16369200.0
20260407,000739,普洛药业,17.66,17.7,17.97,17.32,7190600.0
20260407,000750,国海证券,3.74,3.75,3.76,3.72,25498200.0
20260407,000751,锌业股份,5.13,5.22,5.24,5.07,28564900.0
20260407,000753,漳州发展,6.97,7.07,7.19,6.97,36967900.0
20260407,000755,山西高速,5.0,5.09,5.1,4.94,7191000.0
20260407,000756,新华制药,14.88,14.92,14.92,14.52,5552700.0
20260407,000757,浩物股份,4.55,4.67,4.7,4.5,15214600.0
20260407,000758,中色股份,6.38,6.52,6.54,6.36,21701500.0
20260407,000759,中百集团,5.36,5.49,5.49,5.34,11863200.0
20260407,000761,本钢板材,2.93,2.99,3.0,2.82,24581400.0
20260407,000762,西藏矿业,30.34,30.4,30.6,29.87,32987900.0
20260407,000766,通化金马,19.5,21.02,21.02,19.41,27713000.0
20260407,000767,晋控电力,3.49,3.61,3.62,3.48,151145800.0
20260407,000768,中航西飞,24.02,23.82,24.16,23.72,16964200.0
20260407,000776,广发证券,17.82,17.75,17.88,17.66,23479500.0
20260407,000777,中核科技,21.37,21.51,21.55,21.26,5036700.0
20260407,000778,新兴铸管,4.59,4.56,4.61,4.55,31903600.0
20260407,000779,甘咨询,8.51,8.6,8.6,8.39,5146300.0
20260407,000782,恒申新材,5.25,5.28,5.37,5.16,14693000.0
20260407,000783,长江证券,6.79,6.82,6.87,6.79,20185100.0
20260407,000785,居然智家,2.33,2.36,2.37,2.32,33721900.0
20260407,000786,北新建材,25.76,26.06,26.47,25.7,9051000.0
20260407,000788,北大医药,7.08,6.91,7.19,6.66,148097200.0
20260407,000789,万年青,5.08,5.14,5.15,5.03,6683700.0
20260407,000790,华神科技,4.06,4.27,4.29,3.95,34214800.0
20260407,000791,甘肃能源,7.26,7.16,7.29,7.11,33821900.0
20260407,000792,盐湖股份,36.35,36.43,36.74,35.91,58446400.0
20260407,000795,英洛华,8.58,8.75,8.79,8.57,8479900.0
20260407,000796,凯撒旅业,5.05,5.16,5.18,5.02,30368100.0
20260407,000797,中国武夷,2.73,2.77,2.79,2.71,21802300.0
20260407,000798,中水渔业,9.86,10.16,10.22,9.86,9555700.0
20260407,000799,酒鬼酒,41.41,41.89,41.89,41.37,3684800.0
20260407,000800,一汽解放,6.6,6.53,6.65,6.46,15255000.0
20260407,000801,四川九洲,13.23,13.31,13.55,13.23,9120700.0
20260407,000802,北京文化,3.79,3.88,3.88,3.76,8452400.0
20260407,000803,山高环能,8.26,8.55,8.72,8.14,13062800.0
20260407,000807,云铝股份,32.19,32.96,33.2,31.9,46260400.0
20260407,000809,和展能源,3.41,3.56,3.58,3.38,31022400.0
20260407,000810,创维数字,10.6,10.88,10.98,10.6,8929400.0
20260407,000811,冰轮环境,16.75,16.75,17.02,16.61,10581900.0
20260407,000812,陕西金叶,4.04,4.14,4.17,3.99,12382500.0
20260407,000813,德展健康,3.48,3.53,3.57,3.4,29136700.0
20260407,000815,美利云,18.56,19.06,19.78,17.94,119989400.0
20260407,000816,智慧农业,3.09,3.2,3.21,3.09,27488500.0
20260407,000818,航锦科技,17.36,17.36,17.36,17.36,3005100.0
20260407,000819,岳阳兴长,14.2,14.94,14.95,14.13,6308200.0
20260407,000820,神雾节能,3.38,3.36,3.41,3.36,2476700.0
20260407,000822,山东海化,6.04,6.28,6.31,5.81,71343100.0
20260407,000823,超声电子,12.68,12.76,12.94,12.64,13758800.0
20260407,000825,太钢不锈,4.28,4.32,4.33,4.26,24166200.0
20260407,000828,东莞控股,9.87,9.88,9.92,9.79,6687800.0
20260407,000829,天音控股,10.21,10.25,10.34,10.13,14210000.0
20260407,000830,鲁西化工,15.31,16.87,16.87,15.31,52875400.0
20260407,000831,中国稀土,47.0,48.79,49.05,46.71,35840300.0
20260407,000833,粤桂股份,23.89,24.9,25.5,23.88,44940900.0
20260407,000837,秦川机床,10.2,10.26,10.27,10.12,7540700.0
20260407,000839,国安股份,3.15,3.14,3.17,3.1,64753900.0
20260407,000848,承德露露,7.94,7.96,7.99,7.9,4391000.0
20260407,000850,华茂股份,4.75,4.84,4.88,4.74,9733600.0
20260407,000852,石化机械,6.84,6.98,7.0,6.71,16902700.0
20260407,000856,冀东装备,9.96,10.4,10.44,9.85,15118800.0
20260407,000858,五 粮 液,103.4,103.11,103.9,102.35,8154800.0
20260407,000859,国风新材,9.58,9.65,9.79,9.54,24174600.0
20260407,000860,顺鑫农业,12.62,12.75,12.79,12.61,3486200.0
20260407,000862,银星能源,6.2,6.27,6.3,6.14,35630200.0
20260407,000863,三湘印象,5.16,5.05,5.18,4.98,25592700.0
20260407,000868,安凯客车,4.4,4.46,4.47,4.35,5844100.0
20260407,000869,张  裕Ａ,19.07,19.13,19.2,18.92,568900.0
20260407,000875,电投绿能,6.11,6.12,6.19,6.08,34607100.0
20260407,000876,新 希 望,8.24,8.37,8.43,8.17,22894800.0
20260407,000877,天山股份,4.9,4.87,4.91,4.82,7717300.0
20260407,000878,云南铜业,17.46,17.63,17.75,17.36,24952600.0
20260407,000880,潍柴重机,25.81,25.98,26.26,25.76,7741900.0
20260407,000881,中广核技,7.37,7.58,7.65,7.35,11920200.0
20260407,000882,华联股份,1.55,1.59,1.59,1.54,49237500.0
20260407,000883,湖北能源,4.6,4.57,4.62,4.56,32019400.0
20260407,000885,城发环境,13.28,13.29,13.42,13.18,4067900.0
20260407,000886,海南高速,5.51,5.56,5.57,5.48,9679000.0
20260407,000887,中鼎股份,17.6,17.46,17.72,17.36,9207700.0
20260407,000888,峨眉山Ａ,12.27,12.46,12.48,12.16,8694500.0
20260407,000889,中嘉博创,3.19,3.26,3.28,3.17,15376300.0
20260407,000890,法尔胜,17.61,17.61,17.61,16.9,47249500.0
20260407,000892,欢瑞世纪,5.85,6.07,6.2,5.85,29472000.0
20260407,000893,亚钾国际,60.2,60.83,61.96,59.83,8359400.0
20260407,000895,双汇发展,27.87,27.52,27.9,27.4,9543900.0
20260407,000897,津滨发展,2.02,2.07,2.08,2.0,29635500.0
20260407,000898,鞍钢股份,2.3,2.32,2.33,2.29,26226500.0
20260407,000899,赣能股份,12.12,12.6,12.63,12.12,25613200.0
20260407,000900,现代投资,4.0,4.04,4.04,3.96,17196200.0
20260407,000901,航天科技,21.45,21.19,21.51,21.04,12386200.0
20260407,000902,新洋丰,15.34,15.69,15.77,15.21,7397400.0
20260407,000905,厦门港务,11.3,11.43,11.56,11.3,13495700.0
20260407,000906,浙商中拓,5.6,5.67,5.69,5.51,4456500.0
20260407,000908,石药景峰,7.09,6.99,7.28,6.89,22550800.0
20260407,000910,大亚圣象,6.71,6.9,6.95,6.67,4100400.0
20260407,000912,泸天化,4.79,5.27,5.27,4.76,93440300.0
20260407,000913,钱江摩托,14.61,14.37,14.67,14.32,8275700.0
20260407,000915,华特达因,31.18,30.97,31.29,30.75,2116400.0
20260407,000917,电广传媒,9.07,8.96,9.11,8.88,26860300.0
20260407,000919,金陵药业,7.36,8.1,8.1,7.18,38847000.0
20260407,000920,沃顿科技,10.81,11.15,11.2,10.8,6278700.0
20260407,000921,海信家电,21.59,21.37,21.65,21.23,4427100.0
20260407,000922,佳电股份,13.01,13.15,13.22,12.95,5074700.0
20260407,000923,河钢资源,17.71,17.8,18.02,17.66,6734300.0
20260407,000925,众合科技,6.87,6.96,7.0,6.83,7577700.0
20260407,000926,福星股份,1.95,2.0,2.01,1.94,22890100.0
20260407,000927,中国铁物,3.05,3.1,3.1,2.91,227057400.0
20260407,000928,中钢国际,6.55,6.82,6.89,6.55,46953300.0
20260407,000929,兰州黄河,8.96,8.95,9.02,8.75,2610600.0
20260407,000930,中粮科技,6.49,7.01,7.14,6.42,76512200.0
20260407,000931,中 关 村,5.22,5.29,5.34,5.04,19742300.0
20260407,000932,华菱钢铁,4.94,4.92,4.95,4.88,60005300.0
20260407,000933,神火股份,30.95,31.98,32.18,30.79,42172600.0
20260407,000935,四川双马,24.93,24.89,25.29,24.73,3750200.0
20260407,000936,华西股份,7.08,7.32,7.33,7.08,14813400.0
20260407,000937,冀中能源,5.5,5.58,5.58,5.41,22134500.0
20260407,000938,紫光股份,25.51,25.13,25.86,25.08,77436500.0
20260407,000948,南天信息,14.71,15.01,15.12,14.64,3500500.0
20260407,000949,新乡化纤,6.31,6.76,6.78,6.29,74528200.0
20260407,000950,重药控股,7.27,7.14,7.41,6.73,298899800.0
20260407,000951,中国重汽,24.52,24.23,24.95,23.86,20841700.0
20260407,000952,广济药业,7.12,7.33,7.36,7.02,8086800.0
20260407,000953,中哲精化,6.72,6.97,7.02,6.69,9990800.0
20260407,000955,欣龙控股,4.72,4.86,4.92,4.69,11399000.0
20260407,000957,中通客车,10.84,11.18,11.19,10.84,11771200.0
20260407,000958,电投产融,6.04,5.99,6.05,5.97,23595000.0
20260407,000960,锡业股份,30.7,30.88,31.22,30.47,27091400.0
20260407,000962,东方钽业,40.51,40.46,41.08,40.11,11528700.0
20260407,000963,华东医药,36.38,35.94,36.48,35.63,8881200.0
20260407,000965,天保基建,3.51,3.6,3.62,3.5,23365400.0
20260407,000966,长源电力,4.34,4.37,4.41,4.33,55498200.0
20260407,000967,盈峰环境,9.11,9.19,9.35,8.88,86069500.0
20260407,000968,蓝焰控股,10.0,10.49,10.64,9.75,80643400.0
20260407,000969,安泰科技,20.04,20.26,20.48,20.04,14471900.0
20260407,000970,中科三环,11.42,11.66,11.7,11.42,14429300.0
20260407,000972,中基健康,3.74,3.79,3.83,3.7,6121800.0
20260407,000973,佛塑科技,17.6,17.65,17.92,16.86,62340900.0
20260407,000975,山金国际,29.78,29.35,30.2,29.22,19643800.0
20260407,000977,浪潮信息,57.37,59.47,59.99,57.33,59586500.0
20260407,000978,桂林旅游,7.11,7.32,7.59,7.03,40317800.0
20260407,000980,众泰汽车,2.08,2.1,2.1,2.0,130961300.0
20260407,000981,山子高科,4.07,4.07,4.09,4.04,178723700.0
20260407,000983,山西焦煤,6.42,6.52,6.53,6.35,41099500.0
20260407,000985,大庆华科,18.4,19.1,19.17,18.08,1938700.0
20260407,000987,越秀资本,8.03,8.03,8.13,8.0,34731900.0
20260407,000988,华工科技,104.88,104.2,108.5,103.26,57104200.0
20260407,000989,九芝堂,9.41,9.6,9.69,9.3,23869500.0
20260407,000990,诚志股份,9.38,10.24,10.24,9.34,39954900.0
20260407,000993,闽东电力,12.65,12.36,12.78,12.17,34246700.0
20260407,000995,皇台酒业,12.61,13.43,13.52,12.33,29447500.0
20260407,000997,新 大 陆,19.51,19.62,19.9,19.51,6777900.0
20260407,000998,隆平高科,9.56,9.78,9.84,9.49,21467400.0
20260407,000999,华润三九,28.08,27.89,28.25,27.6,14771000.0
20260407,001201,东瑞股份,12.44,13.11,13.2,12.36,10854300.0
20260407,001202,炬申股份,16.84,16.65,16.88,16.42,1402800.0
20260407,001203,大中矿业,40.12,38.3,40.56,37.85,18967800.0
20260407,001205,盛航股份,14.22,14.41,14.48,14.06,2570200.0
20260407,001206,依依股份,20.54,20.74,20.81,20.38,2290400.0
20260407,001207,联科科技,29.51,29.6,29.94,29.17,4509800.0
20260407,001208,华菱线缆,18.59,18.42,19.17,18.21,20463200.0
20260407,001209,洪兴股份,19.61,20.13,20.19,19.5,2702400.0
20260407,001210,金房能源,20.3,20.73,21.1,20.1,2559300.0
20260407,001211,双枪科技,28.01,28.52,28.71,27.8,3092500.0
20260407,001212,中旗新材,48.67,49.0,49.8,48.5,2528900.0
20260407,001213,中铁特货,4.08,4.09,4.11,4.01,18542500.0
20260407,001215,千味央厨,38.63,38.11,38.82,37.8,1714000.0
20260407,001216,华瓷股份,19.0,18.96,19.22,18.77,4424800.0
20260407,001217,华尔泰,11.38,11.85,11.86,11.38,4680700.0
20260407,001218,丽臣实业,23.96,24.47,24.79,23.71,1576500.0
20260407,001219,青岛食品,14.3,14.4,14.57,14.14,3682300.0
20260407,001220,世盟股份,38.78,39.74,39.89,38.71,1393800.0
20260407,001221,悍高集团,61.77,62.12,62.83,61.61,705000.0
20260407,001222,源飞宠物,18.56,18.99,19.05,18.5,1271700.0
20260407,001223,欧克科技,53.7,52.4,53.74,50.34,1703800.0
20260407,001225,和泰机电,46.26,46.79,47.38,46.26,961100.0
20260407,001226,拓山重工,41.64,44.45,44.65,41.62,2621800.0
20260407,001227,兰州银行,2.23,2.22,2.23,2.21,41831500.0
20260407,001228,永泰运,30.01,30.78,31.35,29.08,1449200.0
20260407,001229,魅视科技,35.65,35.06,35.65,34.77,1302400.0
20260407,001230,劲旅环境,24.9,25.17,25.84,24.75,3394900.0
20260407,001231,农心科技,22.61,23.39,23.5,22.33,2141400.0
20260407,001233,海安集团,64.21,65.9,66.17,64.21,1828500.0
20260407,001234,泰慕士,24.28,24.56,24.79,24.01,1410000.0
20260407,001236,弘业期货,8.81,9.06,9.14,8.8,10640300.0
20260407,001238,浙江正特,46.76,47.04,47.4,45.01,350900.0
20260407,001239,永达股份,14.62,14.98,15.14,14.54,3524500.0
20260407,001255,博菲电气,35.29,36.19,36.49,35.12,1680700.0
20260407,001256,炜冈科技,20.88,21.18,21.32,20.62,3111100.0
20260407,001257,盛龙股份,21.49,23.17,24.41,21.49,58565100.0
20260407,001258,立新能源,8.39,8.47,8.56,8.35,22387700.0
20260407,001259,利仁科技,30.15,31.06,31.39,29.64,1027500.0
20260407,001260,坤泰股份,19.82,20.43,20.54,19.81,1712000.0
20260407,001266,宏英智能,30.13,30.98,31.69,30.02,1883300.0
20260407,001267,汇绿生态,41.0,40.27,42.3,39.81,37149000.0
20260407,001268,联合精密,29.16,29.14,29.5,28.81,714300.0
20260407,001269,欧晶科技,20.32,21.03,21.17,20.24,2658200.0
20260407,001270,铖昌科技,112.0,110.41,113.97,109.54,4375700.0
20260407,001277,速达股份,34.2,34.93,35.17,34.03,616600.0
20260407,001278,一彬科技,20.21,21.25,21.47,19.89,3781100.0
20260407,001279,强邦新材,30.02,30.62,30.69,29.92,698400.0
20260407,001280,中国铀业,79.5,80.06,80.7,79.5,5312300.0
20260407,001282,三联锻造,18.99,19.19,19.39,18.99,1877800.0
20260407,001283,豪鹏科技,65.22,64.49,65.68,62.9,4277300.0
20260407,001285,瑞立科密,51.06,51.43,51.75,51.06,1219400.0
20260407,001286,陕西能源,10.85,10.99,11.02,10.76,15618800.0
20260407,001287,中电港,22.32,22.96,23.84,22.25,23281200.0
20260407,001288,运机集团,28.0,27.72,28.0,27.44,2131800.0
20260407,001289,龙源电力,15.78,15.36,15.83,15.3,10147500.0
20260407,001296,长江材料,23.79,24.09,24.28,23.64,1540500.0
20260407,001298,好上好,26.78,28.04,28.78,26.78,6636600.0
20260407,001299,美能能源,13.13,13.41,13.52,12.92,3938000.0
20260407,001300,三柏硕,15.17,15.52,15.6,15.08,2910000.0
20260407,001301,尚太科技,70.68,71.01,72.69,70.21,2962800.0
20260407,001306,夏厦精密,65.64,65.69,66.51,65.39,425500.0
20260407,001308,康冠科技,19.84,19.79,19.9,19.68,1043100.0
20260407,001309,德明利,355.8,378.18,382.88,352.0,15431800.0
20260407,001311,多利科技,30.39,29.95,30.39,29.6,1880000.0
20260407,001313,粤海饲料,7.92,7.7,7.97,7.5,20394500.0
20260407,001314,亿道信息,38.59,39.52,39.6,38.59,1494600.0
20260407,001316,润贝航科,46.55,46.16,47.49,46.0,2059900.0
20260407,001317,三羊马,46.41,47.48,48.03,45.81,2163300.0
20260407,001318,阳光乳业,13.23,13.46,13.48,13.21,1866800.0
20260407,001319,铭科精技,23.92,24.1,24.29,23.72,1384400.0
20260407,001322,箭牌家居,7.12,7.2,7.26,7.07,3798900.0
20260407,001323,慕思股份,24.18,24.36,24.36,23.9,413400.0
20260407,001324,长青科技,19.16,19.24,19.5,18.92,2449300.0
20260407,001325,元创股份,58.88,58.98,60.5,58.02,5810900.0
20260407,001326,联域股份,50.9,51.5,51.93,50.1,950300.0
20260407,001328,登康口腔,31.75,31.65,31.92,31.27,603600.0
20260407,001330,博纳影业,6.64,6.82,6.83,6.59,42601900.0
20260407,001331,胜通能源,55.35,55.94,56.95,53.7,4888300.0
20260407,001332,锡装股份,52.9,52.33,53.08,52.13,702900.0
20260407,001333,光华股份,24.61,24.75,24.87,24.3,2981300.0
20260407,001335,信凯科技,40.0,40.42,40.48,39.28,479900.0
20260407,001336,楚环科技,24.33,25.36,25.46,24.0,2124600.0
20260407,001337,四川黄金,46.8,46.65,47.38,46.0,8757400.0
20260407,001338,永顺泰,13.07,13.34,13.4,12.95,12346500.0
20260407,001339,智微智能,59.0,58.24,59.44,57.0,3831100.0
20260407,001356,富岭股份,10.65,10.82,10.84,10.59,2882600.0
20260407,001358,兴欣新材,26.0,26.61,26.65,25.75,1195900.0
20260407,001359,平安电工,71.59,71.95,73.37,71.3,769800.0
20260407,001360,南矿集团,20.71,20.53,20.71,20.2,1789600.0
20260407,001366,播恩集团,12.66,13.61,13.8,12.66,4390500.0
20260407,001367,海森药业,26.27,25.82,26.98,25.71,7120300.0
20260407,001368,通达创智,23.58,24.3,24.42,23.48,2273100.0
20260407,001369,双欣材料,14.66,15.3,15.35,14.66,23226800.0
20260407,001373,翔腾新材,33.01,34.06,34.59,33.01,1609000.0
20260407,001376,百通能源,14.75,15.2,15.58,14.68,13900400.0
20260407,001378,德冠新材,22.46,23.24,23.31,22.4,2074900.0
20260407,001379,腾达科技,20.41,20.71,20.85,20.29,1409400.0
20260407,001380,华纬科技,19.3,19.24,19.52,19.0,2084300.0
20260407,001382,新亚电缆,20.07,20.11,20.38,19.73,5202500.0
20260407,001386,马可波罗,18.9,18.98,19.01,18.6,2832900.0
20260407,001387,雪祺电气,12.69,13.03,13.09,12.51,2433300.0
20260407,001388,信通电子,37.38,37.53,37.8,37.18,671500.0
20260407,001389,广合科技,116.4,114.2,117.8,112.85,7328800.0
20260407,001390,古麒绒材,21.42,21.57,21.68,21.25,1068600.0
20260407,001391,国货航,5.21,5.22,5.27,5.2,8782900.0
20260407,001395,亚联机械,37.93,38.2,38.24,37.25,690200.0
20260407,001396,誉帆科技,43.75,43.83,44.35,43.27,672100.0
20260407,001400,江顺科技,163.89,164.0,165.29,158.2,2306000.0
20260407,001696,宗申动力,18.5,18.11,18.55,18.07,27116200.0
20260407,001872,招商港口,22.34,21.88,22.42,21.66,3040800.0
20260407,001896,豫能控股,12.4,12.57,12.7,12.31,90953200.0
20260407,001914,招商积余,9.64,9.54,9.7,9.45,7415700.0
20260407,001965,招商公路,9.05,8.86,9.08,8.82,21506000.0
20260407,001979,招商蛇口,7.9,7.84,7.96,7.8,46376500.0
20260407,002001,新 和 成,35.5,38.08,38.35,35.33,61172900.0
20260407,002003,伟星股份,9.61,9.53,9.64,9.52,3159400.0
20260407,002004,华邦健康,5.17,5.25,5.31,5.15,22114300.0
20260407,002005,德豪润达,2.68,2.72,2.77,2.68,6409400.0
20260407,002006,精工科技,16.86,16.85,17.07,16.77,4974300.0
20260407,002007,华兰生物,14.76,14.76,14.82,14.56,6395500.0
20260407,002008,大族激光,64.59,64.36,65.71,63.26,28971000.0
20260407,002009,天奇股份,23.56,23.97,24.36,23.27,21017400.0
20260407,002010,传化智联,5.58,5.63,5.65,5.56,16755700.0
20260407,002011,盾安环境,11.52,11.45,11.6,11.39,7237500.0
20260407,002012,凯恩股份,6.27,6.4,6.47,6.18,10858100.0
20260407,002014,永新股份,11.71,11.6,11.77,11.53,2567400.0
20260407,002015,协鑫能科,16.36,17.35,17.82,16.3,233194400.0
20260407,002016,世荣兆业,5.58,5.72,5.75,5.51,12526700.0
20260407,002017,东信和平,18.65,18.93,19.31,18.57,11426800.0
20260407,002019,亿帆医药,12.7,12.95,13.05,12.59,15054500.0
20260407,002020,京新药业,16.39,16.1,16.48,16.02,12468400.0
20260407,002021,中捷资源,2.98,3.03,3.05,2.97,24456400.0
20260407,002022,科华生物,5.8,5.97,6.01,5.74,8199300.0
20260407,002023,海特高新,9.96,10.05,10.08,9.93,5855000.0
20260407,002025,航天电器,62.93,66.72,66.72,62.6,33296900.0
20260407,002026,山东威达,12.53,12.56,12.74,12.51,4074600.0
20260407,002027,分众传媒,6.34,6.31,6.39,6.29,63017500.0
20260407,002028,思源电气,207.97,200.2,209.31,198.0,12891000.0
20260407,002029,七 匹 狼,9.48,9.61,9.62,9.28,16777200.0
20260407,002030,达安基因,5.91,6.01,6.04,5.81,13127800.0
20260407,002031,巨轮智能,5.83,5.84,5.89,5.75,28517800.0
20260407,002032,苏 泊 尔,45.64,46.11,46.28,45.47,2466700.0
20260407,002033,丽江股份,8.89,8.96,8.99,8.83,8739200.0
20260407,002034,旺能环境,16.9,16.81,17.03,16.7,3169100.0
20260407,002035,华帝股份,6.69,6.7,6.8,6.48,51578400.0
20260407,002036,联创电子,8.86,9.01,9.05,8.86,21653800.0
20260407,002037,保利联合,7.72,8.49,8.49,7.7,22678300.0
20260407,002038,双鹭药业,8.64,8.6,9.16,8.15,211404600.0
20260407,002039,黔源电力,18.46,18.74,19.05,18.36,14096500.0
20260407,002040,南 京 港,10.15,10.31,10.34,10.01,8193100.0
20260407,002041,登海种业,9.85,10.17,10.2,9.73,14938900.0
20260407,002042,华孚时尚,4.11,4.12,4.18,4.08,21547400.0
20260407,002043,兔 宝 宝,14.0,14.15,14.24,13.67,11199100.0
20260407,002044,美年健康,5.45,5.45,5.53,5.42,50555300.0
20260407,002045,国光电器,11.45,11.46,11.52,11.39,4097000.0
20260407,002046,国机精工,42.58,41.79,42.8,41.36,6383200.0
20260407,002047,宝鹰股份,4.62,4.52,4.7,4.52,29618600.0
20260407,002048,宁波华翔,24.82,25.32,25.59,24.82,12560700.0
20260407,002049,紫光国微,65.0,65.58,66.17,65.0,8340700.0
20260407,002050,三花智控,41.9,41.77,42.25,41.4,39929300.0
20260407,002051,中工国际,9.89,10.48,10.48,9.87,147959400.0
20260407,002052,同洲电子,9.97,10.09,10.32,9.83,10165700.0
20260407,002053,云南能投,10.88,11.07,11.09,10.71,14309700.0
20260407,002054,德美化工,8.21,8.47,8.53,8.16,11060500.0
20260407,002056,横店东磁,18.0,17.94,18.18,17.77,22252800.0
20260407,002057,中钢天源,9.1,9.23,9.24,9.03,7530900.0
20260407,002058,紫竹高科,21.39,21.4,21.69,21.02,832200.0
20260407,002059,云南旅游,4.93,5.03,5.05,4.92,8044300.0
20260407,002060,广东建工,3.72,3.73,3.77,3.68,27949000.0
20260407,002061,浙江交科,3.82,3.86,3.87,3.81,16459700.0
20260407,002062,宏润建设,7.28,7.13,7.28,7.06,11048100.0
20260407,002063,远光软件,6.2,6.16,6.23,6.08,45887000.0
20260407,002064,华峰化学,10.39,10.72,10.85,10.35,55836700.0
20260407,002065,东华软件,7.88,7.84,7.92,7.81,16138800.0
20260407,002066,瑞泰科技,19.75,20.0,20.2,19.75,3218600.0
20260407,002067,景兴纸业,4.55,4.63,4.65,4.54,26455800.0
20260407,002068,黑猫股份,8.19,8.38,8.5,8.15,14247200.0
20260407,002069,獐子岛,3.56,3.71,3.73,3.54,14221500.0
20260407,002072,凯瑞德,7.41,7.62,7.99,7.41,11760000.0
20260407,002073,软控股份,6.82,6.91,6.98,6.82,27172100.0
20260407,002074,国轩高科,33.8,33.8,34.24,33.49,19947000.0
20260407,002075,沙钢股份,4.58,4.62,4.64,4.56,17948400.0
20260407,002076,星光股份,1.99,2.04,2.05,1.99,12784600.0
20260407,002077,大港股份,14.73,15.0,15.4,14.73,20230000.0
20260407,002078,太阳纸业,15.05,14.95,15.13,14.9,9801300.0
20260407,002079,苏州固锝,9.26,9.42,9.43,9.25,12490600.0
20260407,002080,中材科技,39.98,40.67,41.48,39.8,33445700.0
20260407,002081,金 螳 螂,3.27,3.31,3.33,3.26,12040000.0
20260407,002083,孚日股份,11.89,12.0,12.21,11.79,39709900.0
20260407,002084,海鸥住工,3.55,3.73,3.76,3.49,27199100.0
20260407,002085,万丰奥威,13.46,13.43,13.56,13.34,15473900.0
20260407,002086,东方海洋,2.03,2.06,2.07,2.01,39902000.0
20260407,002088,鲁阳节能,9.7,9.91,9.91,9.67,2205500.0
20260407,002090,金智科技,10.4,10.55,10.61,10.35,5473200.0
20260407,002091,江苏国泰,8.97,8.97,9.03,8.78,18109200.0
20260407,002092,中泰化学,6.32,6.95,6.95,6.31,109273800.0
20260407,002093,国脉科技,9.22,9.27,9.3,9.18,7213000.0
20260407,002094,青岛金王,6.35,6.55,6.59,6.34,19937600.0
20260407,002095,生 意 宝,16.0,16.33,16.39,15.98,2044300.0
20260407,002096,易普力,11.35,11.24,11.44,11.21,9899600.0
20260407,002097,山河智能,9.67,9.81,9.97,9.63,13908600.0
20260407,002098,浔兴股份,8.72,8.98,9.02,8.68,4483500.0
20260407,002099,海翔药业,6.81,7.02,7.08,6.74,27385700.0
20260407,002100,天康生物,7.31,7.83,8.0,7.16,57128000.0
20260407,002101,广东鸿图,10.84,10.95,11.02,10.84,3918000.0
20260407,002103,广博股份,8.18,8.36,8.37,8.17,4550500.0
20260407,002104,恒宝股份,15.02,15.35,15.58,15.02,26760800.0
20260407,002105,信隆健康,6.1,6.27,6.3,6.03,11095900.0
20260407,002106,莱宝高科,10.14,10.2,10.26,10.1,6287600.0
20260407,002107,沃华医药,6.87,7.2,7.2,6.75,42362200.0
20260407,002108,沧州明珠,4.72,4.78,4.85,4.67,50910100.0
20260407,002110,三钢闽光,3.77,3.79,3.8,3.73,13297900.0
20260407,002111,威海广泰,9.4,9.5,9.57,9.32,4141200.0
20260407,002112,三变科技,20.0,20.06,20.28,19.8,14907700.0
20260407,002114,罗平锌电,8.2,8.46,8.5,8.15,9834500.0
20260407,002115,三维通信,11.65,11.85,11.86,11.6,21098000.0
20260407,002116,中国海诚,10.01,10.14,10.14,9.86,3960500.0
20260407,002117,东港股份,9.44,9.49,9.56,9.42,4977200.0
20260407,002119,康强电子,19.36,21.11,21.11,19.36,28854700.0
20260407,002120,韵达股份,6.67,6.64,6.67,6.58,10523700.0
20260407,002121,科陆电子,7.35,7.4,7.45,7.34,15649900.0
20260407,002123,梦网科技,9.57,9.59,9.7,9.56,7018600.0
20260407,002124,天邦食品,2.29,2.37,2.4,2.26,40114800.0
20260407,002125,湘潭电化,12.52,12.83,12.89,12.46,14301500.0
20260407,002126,银轮股份,42.2,40.95,42.33,40.06,15682900.0
20260407,002127,南极电商,2.68,2.72,2.73,2.66,18347500.0
20260407,002128,电投能源,30.37,31.41,31.66,30.33,14613600.0
20260407,002129,TCL中环,8.17,8.24,8.26,8.11,59118000.0
20260407,002130,沃尔核材,22.95,23.0,23.18,22.77,20222000.0
20260407,002131,利欧股份,7.19,7.23,7.35,7.13,244408700.0
20260407,002132,恒星科技,3.71,4.07,4.07,3.71,61833100.0
20260407,002133,广宇集团,3.19,3.32,3.33,3.16,22688400.0
20260407,002134,天津普林,19.8,20.16,20.24,19.55,3855400.0
20260407,002135,东南网架,6.76,6.62,6.88,6.59,23679200.0
20260407,002136,安 纳 达,11.79,12.52,12.6,11.76,10243700.0
20260407,002137,实益达,7.78,7.87,7.91,7.75,7462900.0
20260407,002138,顺络电子,32.5,32.15,32.86,32.01,13672800.0
20260407,002139,拓邦股份,11.79,11.77,11.85,11.63,8232600.0
20260407,002140,东华科技,12.03,12.52,12.54,11.94,11908400.0
20260407,002141,贤丰控股,3.61,3.69,3.71,3.6,13644400.0
20260407,002142,宁波银行,30.01,30.29,30.35,29.95,16800000.0
20260407,002144,宏达高科,14.33,14.51,14.65,14.13,3312700.0
20260407,002145,钛能化学,4.39,4.52,4.55,4.39,40386600.0
20260407,002146,荣盛发展,1.36,1.37,1.38,1.33,81396500.0
20260407,002148,北纬科技,7.3,7.39,7.45,7.27,5354500.0
20260407,002149,西部材料,47.5,45.38,47.5,44.59,59975500.0
20260407,002150,正泰电源,28.98,28.99,29.3,28.43,14613400.0
20260407,002151,北斗星通,35.93,36.31,36.49,35.85,12893600.0
20260407,002152,广电运通,11.4,11.43,11.64,11.39,19291300.0
20260407,002153,石基信息,9.23,9.32,9.38,9.22,12844600.0
20260407,002154,报 喜 鸟,3.54,3.56,3.58,3.53,7032200.0
20260407,002155,湖南黄金,29.0,29.15,29.37,28.77,37420800.0
20260407,002156,通富微电,40.76,41.19,41.42,40.65,35382400.0
20260407,002157,正邦科技,3.01,3.05,3.09,2.96,120552800.0
20260407,002158,汉钟精机,21.78,22.14,22.24,21.7,2616600.0
20260407,002159,三特索道,18.48,18.38,18.79,18.0,3777100.0
20260407,002160,常铝股份,4.69,4.97,4.98,4.69,59121600.0
20260407,002161,远 望 谷,7.25,7.38,7.43,7.25,11180400.0
20260407,002162,悦心健康,4.57,4.66,4.7,4.56,14968700.0
20260407,002163,海南发展,12.36,12.51,12.57,12.3,15480200.0
20260407,002164,宁波东力,11.82,12.34,12.63,11.78,16773500.0
20260407,002165,红 宝 丽,9.11,9.62,9.68,8.96,94419800.0
20260407,002166,莱茵生物,9.04,9.13,9.24,9.01,11074400.0
20260407,002167,东方锆业,11.69,11.87,11.91,11.69,13223300.0
20260407,002169,智光电气,13.99,13.88,14.04,13.65,19807000.0
20260407,002170,芭田股份,12.49,12.86,12.96,12.49,20277000.0
20260407,002171,楚江新材,10.85,10.87,10.93,10.76,13863900.0
20260407,002172,澳洋健康,3.9,3.99,4.02,3.84,17440800.0
20260407,002173,创新医疗,24.0,23.97,24.4,23.65,20395400.0
20260407,002174,游族网络,9.36,9.4,9.48,9.33,6930900.0
20260407,002176,江特电机,10.29,10.28,10.43,10.14,75483800.0
20260407,002177,御银股份,7.24,7.42,7.57,7.24,66628300.0
20260407,002178,延华智能,6.0,6.07,6.09,5.95,9191000.0
20260407,002179,中航光电,33.1,35.08,35.33,33.1,54328100.0
20260407,002180,奔图科技,16.18,16.25,16.41,16.05,6707600.0
20260407,002181,粤 传 媒,11.08,11.81,11.81,10.74,87492300.0
20260407,002182,宝武镁业,15.62,15.89,16.07,15.62,13697000.0
20260407,002183,怡 亚 通,5.2,5.64,5.74,5.14,217659300.0
20260407,002184,海得控制,11.12,11.14,11.22,10.99,2644000.0
20260407,002185,华天科技,11.45,11.46,11.58,11.39,48767600.0
20260407,002186,全 聚 德,10.18,10.34,10.35,10.08,2699700.0
20260407,002187,广百股份,6.16,6.31,6.32,6.12,9256400.0
20260407,002188,中天服务,6.02,6.21,6.25,6.0,12529000.0
20260407,002189,中光学,19.24,18.8,19.34,18.75,3183500.0
20260407,002190,成飞集成,30.13,30.18,30.3,30.06,1841000.0
20260407,002191,劲嘉股份,3.58,3.6,3.64,3.55,11221700.0
20260407,002192,融捷股份,71.43,71.28,72.98,70.07,22888100.0
20260407,002194,武汉凡谷,10.09,10.25,10.31,10.09,8547300.0
20260407,002195,岩山科技,8.57,8.75,8.78,8.56,161091800.0
20260407,002196,方正电机,13.41,13.59,13.66,13.4,12435300.0
20260407,002197,证通电子,7.45,7.44,7.52,7.31,12262600.0
20260407,002199,东晶电子,8.06,8.27,8.46,8.06,2103900.0
20260407,002200,交投生态,7.16,7.2,7.23,7.12,904600.0
20260407,002201,九鼎新材,11.01,11.01,11.25,10.98,18447900.0
20260407,002202,金风科技,23.84,22.89,23.84,22.8,228576800.0
20260407,002203,海亮股份,15.04,14.87,15.19,14.69,23370500.0
20260407,002204,大连重工,6.58,6.65,6.7,6.57,18689200.0
20260407,002205,国统股份,12.47,12.78,13.18,12.38,4005200.0
20260407,002206,海 利 得,6.03,6.16,6.21,5.99,18186900.0
20260407,002208,合肥城建,11.35,11.19,11.45,11.15,17608600.0
20260407,002209,达 意 隆,15.49,15.13,15.49,15.02,4316900.0
20260407,002210,飞马国际,2.5,2.56,2.57,2.48,55527500.0
20260407,002212,天融信,7.15,7.23,7.26,7.15,12211500.0
20260407,002213,大为股份,26.46,26.86,28.07,26.07,15584400.0
20260407,002214,大立科技,17.94,17.91,17.96,17.79,1170900.0
20260407,002215,诺 普 信,10.08,10.38,10.38,10.07,8551400.0
20260407,002216,三全食品,12.64,12.87,12.93,12.62,8478500.0
20260407,002218,拓日新能,5.75,5.83,5.93,5.55,118126100.0
20260407,002219,新里程,2.36,2.42,2.43,2.31,92433000.0
20260407,002221,东华能源,7.82,8.23,8.29,7.75,33595700.0
20260407,002222,福晶科技,75.47,79.51,80.59,73.8,59896200.0
20260407,002223,鱼跃医疗,33.24,32.58,33.39,32.27,9104600.0
20260407,002224,三 力 士,4.23,4.4,4.42,4.21,29024700.0
20260407,002225,濮耐股份,5.15,5.22,5.27,5.09,13988200.0
20260407,002226,江南化工,5.32,5.45,5.47,5.32,14394400.0
20260407,002228,合兴包装,3.79,3.88,3.9,3.77,22017200.0
20260407,002229,鸿博股份,17.9,17.83,18.17,17.5,49823500.0
20260407,002230,科大讯飞,45.75,45.58,45.99,45.38,17067000.0
20260407,002232,启明信息,17.11,17.37,17.42,17.04,2357000.0
20260407,002233,塔牌集团,9.13,9.19,9.33,9.1,9240500.0
20260407,002234,民和股份,8.03,8.38,8.48,7.95,9876900.0
20260407,002235,安妮股份,9.85,10.12,10.2,9.83,22746300.0
20260407,002236,大华股份,16.68,16.84,17.08,16.54,19060600.0
20260407,002237,恒邦股份,14.48,14.66,14.7,14.46,16450400.0
20260407,002238,天威视讯,7.23,7.28,7.3,7.13,3591600.0
20260407,002239,奥特佳,2.93,2.94,2.98,2.92,46149200.0
20260407,002240,盛新锂能,39.36,38.8,39.5,37.73,30726900.0
20260407,002241,歌尔股份,22.21,22.26,22.53,22.11,31624900.0
20260407,002242,九阳股份,9.45,9.63,9.65,9.43,4533000.0
20260407,002243,力合科创,8.29,8.34,8.41,8.25,8192400.0
20260407,002244,滨江集团,9.5,9.48,9.62,9.41,12796000.0
20260407,002245,蔚蓝锂芯,16.8,17.91,18.1,16.78,182078500.0
20260407,002246,北化股份,23.81,23.6,23.88,22.94,19702300.0
20260407,002247,聚力文化,2.64,2.76,2.77,2.61,37854900.0
20260407,002248,华东数控,11.51,11.85,11.94,11.51,9887800.0
20260407,002249,大洋电机,8.87,8.91,8.96,8.86,19250200.0
20260407,002250,联化科技,15.8,15.93,16.19,15.66,13551300.0
20260407,002251,步步高,4.1,4.17,4.18,4.08,36692600.0
20260407,002252,上海莱士,5.77,5.72,5.78,5.69,24062600.0
20260407,002253,川大智胜,11.55,11.25,11.6,11.22,2901600.0
20260407,002254,泰和新材,10.04,10.39,10.44,10.03,13136600.0
20260407,002255,海陆重工,10.31,10.34,10.42,10.26,11643200.0
20260407,002256,兆新股份,3.77,3.78,3.79,3.66,81250600.0
20260407,002258,利尔化学,14.28,14.65,14.88,14.21,14229400.0
20260407,002259,升达林业,5.1,5.22,5.25,5.02,17315600.0
20260407,002261,拓维信息,34.04,33.81,34.47,33.67,61258400.0
20260407,002262,恩华药业,22.64,22.24,22.68,22.04,6668000.0
20260407,002263,大东南,4.59,4.91,5.07,4.48,514755900.0
20260407,002264,新 华 都,7.87,8.01,8.03,7.82,10375600.0
20260407,002265,建设工业,22.66,22.63,23.16,22.38,17118800.0
20260407,002266,浙富控股,4.07,4.1,4.13,4.07,31652600.0
20260407,002267,陕天然气,7.74,7.78,7.88,7.64,7918000.0
20260407,002268,电科网安,16.28,16.2,16.47,16.14,5918200.0
20260407,002269,美邦服饰,1.66,1.68,1.68,1.63,63622700.0
20260407,002270,华明装备,26.28,26.4,26.51,26.01,6671100.0
20260407,002271,东方雨虹,15.09,15.1,15.3,14.95,19437300.0
20260407,002272,川润股份,17.74,18.33,19.4,17.74,88193400.0
20260407,002273,水晶光电,25.01,25.62,26.15,25.01,58536400.0
20260407,002275,桂林三金,14.31,14.25,14.33,14.03,2602800.0
20260407,002276,万马股份,13.66,13.67,13.83,13.59,11304700.0
20260407,002277,友阿股份,5.65,5.63,5.66,5.55,14456600.0
20260407,002278,神开股份,11.16,11.31,11.34,10.96,10463600.0
20260407,002279,久其软件,7.75,7.89,7.92,7.74,13383200.0
20260407,002281,光迅科技,92.0,92.36,97.8,91.9,63070500.0
20260407,002282,博深股份,6.69,6.84,6.85,6.66,5448500.0
20260407,002283,天润工业,9.44,9.19,9.55,9.12,38095600.0
20260407,002284,亚太股份,13.43,13.73,13.78,13.32,15632700.0
20260407,002285,世联行,2.82,2.89,2.89,2.78,36474500.0
20260407,002286,保龄宝,9.66,9.75,9.83,9.53,5586100.0
20260407,002287,奇正藏药,23.08,23.21,23.3,22.83,1333500.0
20260407,002289,宇顺电子,26.9,26.66,27.49,26.4,1544400.0
20260407,002290,禾盛新材,61.61,59.95,61.61,59.6,2463000.0
20260407,002291,遥望科技,6.17,6.32,6.34,6.17,24342600.0
20260407,002292,奥飞娱乐,7.39,7.51,7.52,7.37,16163200.0
20260407,002293,罗莱生活,10.1,10.03,10.11,9.85,5963300.0
20260407,002294,信立泰,66.39,64.9,66.59,63.2,11289600.0
20260407,002295,精艺股份,10.28,10.51,10.58,10.13,4249900.0
20260407,002296,辉煌科技,10.96,11.1,11.21,10.96,7470000.0
20260407,002297,博云新材,10.67,10.73,10.87,10.65,11034800.0
20260407,002298,中电鑫龙,9.46,9.73,9.85,9.39,43676700.0
20260407,002299,圣农发展,17.86,18.05,18.21,17.74,7321200.0
20260407,002300,太阳电缆,8.96,9.22,9.25,8.85,28961000.0
20260407,002301,齐心集团,6.75,6.87,6.92,6.74,6148300.0
20260407,002302,西部建设,5.74,5.7,5.8,5.68,9662400.0
20260407,002303,美盈森,3.31,3.36,3.37,3.24,33035400.0
20260407,002304,洋河股份,50.7,49.77,50.86,49.53,4641900.0
20260407,002307,北新路桥,4.63,4.61,4.71,4.51,95333100.0
20260407,002309,中利集团,5.03,5.23,5.43,4.9,840344000.0
20260407,002310,东方新能,2.85,3.11,3.11,2.84,205846800.0
20260407,002311,海大集团,52.02,50.26,52.02,49.85,8352700.0
20260407,002312,川发龙蟒,10.94,11.34,11.38,10.9,35764300.0
20260407,002313,日海智能,8.4,8.42,8.47,8.31,4209000.0
20260407,002314,南山控股,2.34,2.41,2.41,2.33,22990200.0
20260407,002315,焦点科技,38.51,38.73,39.18,38.31,5043600.0
20260407,002316,亚联发展,5.1,5.23,5.28,5.04,23451900.0
20260407,002317,众生药业,18.45,18.7,19.09,18.02,28550200.0
20260407,002318,久立特材,29.88,29.95,30.14,29.22,7012800.0
20260407,002319,乐通股份,10.58,11.14,11.56,10.56,15616500.0
20260407,002320,海峡股份,8.37,8.31,8.42,8.24,13026700.0
20260407,002321,华英农业,2.04,2.1,2.11,2.0,36114800.0
20260407,002322,理工能科,12.94,13.07,13.31,12.77,5195400.0
20260407,002324,普利特,14.8,14.87,15.02,14.74,9584100.0
20260407,002326,永太科技,22.31,22.23,22.72,21.88,20211100.0
20260407,002327,富安娜,6.93,6.88,6.94,6.83,3342800.0
20260407,002328,新朋股份,7.91,8.22,8.49,7.69,101393300.0
20260407,002329,皇氏集团,3.74,3.96,3.99,3.69,39607300.0
20260407,002330,得利斯,4.53,4.76,4.9,4.47,18616100.0
20260407,002331,皖通科技,7.93,8.08,8.1,7.9,4261900.0
20260407,002332,仙琚制药,8.97,9.08,9.11,8.88,10336300.0
20260407,002333,罗普斯金,5.28,5.44,5.46,5.23,11460300.0
20260407,002334,英威腾,7.9,7.89,7.93,7.83,15903500.0
20260407,002335,科华数据,53.5,52.92,53.79,52.8,10992400.0
20260407,002337,赛象科技,5.88,6.02,6.08,5.87,7096000.0
20260407,002338,奥普光电,47.6,48.0,48.88,47.27,3084700.0
20260407,002339,积成电子,9.75,9.9,10.0,9.72,22223500.0
20260407,002340,格林美,7.63,7.71,7.74,7.63,79273400.0
20260407,002342,巨力索具,12.73,12.88,13.18,12.5,115659200.0
20260407,002343,慈文传媒,6.14,6.29,6.3,6.1,7595400.0
20260407,002344,海宁皮城,4.34,4.4,4.42,4.28,6260500.0
20260407,002345,潮宏基,10.48,10.61,10.74,10.35,16926400.0
20260407,002346,柘中股份,18.58,18.54,18.79,18.5,1695900.0
20260407,002347,泰尔股份,7.84,7.93,7.95,7.82,8102600.0
20260407,002348,高乐股份,7.7,8.05,8.05,7.69,19235700.0
20260407,002349,精华制药,7.4,7.73,7.85,7.28,30808100.0
20260407,002350,北京科锐,13.65,14.13,14.35,13.57,30146000.0
20260407,002351,漫步者,11.06,11.1,11.21,11.02,3375900.0
20260407,002352,顺丰控股,37.55,37.79,37.84,37.34,19643700.0
20260407,002353,杰瑞股份,107.31,101.66,107.46,100.7,23469900.0
20260407,002354,天娱数科,5.4,5.48,5.49,5.4,30337000.0
20260407,002355,兴民智通,6.13,6.2,6.23,6.06,16118300.0
20260407,002356,鹏飞绿能,3.28,3.37,3.38,3.26,37006500.0
20260407,002357,富临运业,11.39,11.6,11.9,11.18,20141200.0
20260407,002358,森源电气,7.08,7.14,7.17,7.05,20713600.0
20260407,002361,神剑股份,15.85,15.25,16.47,14.8,243719000.0
20260407,002362,汉王科技,17.96,18.23,18.4,17.96,1955100.0
20260407,002363,隆基机械,7.73,7.8,7.84,7.63,5417100.0
20260407,002364,中恒电气,27.15,27.57,28.45,26.9,31223900.0
20260407,002365,永安药业,13.67,13.88,13.9,13.36,5526100.0
20260407,002366,融发核电,7.04,7.15,7.16,6.96,33612800.0
20260407,002367,康力电梯,6.3,6.33,6.37,6.26,10803600.0
20260407,002368,太极股份,19.14,19.02,19.25,18.4,5827300.0
20260407,002369,卓翼科技,6.74,6.89,6.91,6.74,7856100.0
20260407,002370,亚太药业,7.72,7.82,7.98,7.44,125705400.0
20260407,002371,北方华创,425.06,424.08,431.0,422.25,4582400.0
20260407,002372,伟星新材,10.8,10.45,10.84,10.41,9762300.0
20260407,002373,千方科技,9.44,9.31,9.48,9.25,15061200.0
20260407,002374,中锐股份,3.11,3.21,3.24,3.09,16723300.0
20260407,002375,亚厦股份,3.74,3.82,3.83,3.71,11133400.0
20260407,002376,新北洋,6.75,6.83,6.87,6.71,7783700.0
20260407,002377,国创高新,3.09,3.24,3.28,3.06,36432000.0
20260407,002378,章源钨业,30.18,31.13,31.93,29.87,50541900.0
20260407,002379,宏桥控股,27.37,28.01,28.3,27.22,16911500.0
20260407,002380,科远智慧,30.06,30.17,30.68,30.06,2773900.0
20260407,002381,双箭股份,6.15,6.33,6.35,6.09,11274500.0
20260407,002382,蓝帆医疗,8.23,8.66,8.91,8.17,93719900.0
20260407,002383,合众思壮,9.24,9.39,9.44,9.24,8588600.0
20260407,002384,东山精密,110.56,109.01,112.0,106.85,45576200.0
20260407,002385,大北农,3.89,3.98,4.0,3.86,83707600.0
20260407,002386,天原股份,5.7,6.08,6.19,5.66,80142900.0
20260407,002387,维信诺,7.55,7.6,7.66,7.55,7770100.0
20260407,002388,新亚制程,4.58,4.78,4.81,4.58,16280700.0
20260407,002389,航天彩虹,20.86,20.95,20.99,20.69,14208000.0
20260407,002390,信邦制药,3.29,3.35,3.37,3.21,29466700.0
20260407,002391,长青股份,5.94,6.3,6.31,5.86,15344000.0
20260407,002392,北京利尔,6.81,6.9,6.91,6.8,8055600.0
20260407,002393,力生制药,23.77,23.54,23.83,22.95,5934700.0
20260407,002394,联发股份,13.24,13.26,13.39,13.13,3513000.0
20260407,002395,双象股份,17.48,18.52,18.85,17.48,11204500.0
20260407,002396,星网锐捷,26.0,26.26,26.57,25.73,15589600.0
20260407,002397,梦洁股份,3.71,3.8,3.84,3.68,15965600.0
20260407,002398,垒知集团,4.97,5.12,5.14,4.97,11200900.0
20260407,002399,海普瑞,11.34,11.39,11.48,11.02,4957200.0
20260407,002400,省广集团,7.89,7.96,8.06,7.86,65173100.0
20260407,002401,中远海科,14.83,15.22,15.31,14.83,3546100.0
20260407,002402,和而泰,29.3,29.39,29.7,29.3,15187800.0
20260407,002403,爱仕达,9.91,10.13,10.16,9.86,2620600.0
20260407,002404,嘉欣丝绸,6.68,6.82,6.87,6.66,6305500.0
20260407,002405,四维图新,9.01,8.89,9.05,8.78,40332300.0
20260407,002406,远东传动,6.99,7.1,7.1,6.96,11004400.0
20260407,002407,多氟多,27.55,27.39,27.85,27.05,35787700.0
20260407,002408,齐翔腾达,6.07,6.62,6.62,5.96,90945600.0
20260407,002409,雅克科技,78.68,78.44,79.97,78.16,6820600.0
20260407,002410,广联达,10.88,10.92,10.98,10.82,16595500.0
20260407,002412,汉森制药,6.75,6.9,6.96,6.57,13790100.0
20260407,002413,雷科防务,12.59,12.99,13.15,12.59,90374600.0
20260407,002414,高德红外,12.75,12.75,12.88,12.71,25627100.0
20260407,002415,海康威视,30.27,30.2,30.5,29.92,28159400.0
20260407,002416,爱施德,12.84,12.83,13.02,12.76,13977400.0
20260407,002418,康盛股份,4.51,4.65,4.73,4.51,45666200.0
20260407,002419,天虹股份,5.47,5.66,5.67,5.46,16801100.0
20260407,002420,毅昌科技,7.11,7.35,7.38,7.0,9289100.0
20260407,002421,达实智能,2.44,2.48,2.49,2.43,32491200.0
20260407,002422,科伦药业,35.63,34.34,35.79,34.03,19719500.0
20260407,002423,中粮资本,10.07,10.36,10.53,10.05,20318500.0
20260407,002425,凯撒文化,3.2,3.25,3.28,3.16,11888800.0
20260407,002426,胜利精密,3.35,3.36,3.42,3.34,74426800.0
20260407,002427,尤夫股份,5.7,6.23,6.23,5.7,27594200.0
20260407,002428,云南锗业,51.91,52.76,54.75,51.08,88366500.0
20260407,002429,兆驰股份,9.65,9.49,9.7,9.33,83436000.0
20260407,002430,杭氧股份,28.0,28.4,28.94,27.89,12523300.0
20260407,002432,九安医疗,82.1,82.86,86.48,80.56,29577400.0
20260407,002434,万里扬,7.75,7.76,7.84,7.7,9535200.0
20260407,002436,兴森科技,20.0,20.27,20.43,19.94,50836300.0
20260407,002437,誉衡药业,3.78,3.73,3.85,3.59,243865500.0
20260407,002438,江苏神通,16.29,16.08,16.53,15.97,6377600.0
20260407,002439,启明星辰,12.66,12.59,12.72,12.56,6452800.0
20260407,002440,闰土股份,10.94,11.57,11.67,10.92,33631200.0
20260407,002441,众业达,9.71,9.74,9.81,9.6,5565900.0
20260407,002442,龙星科技,5.51,6.02,6.02,5.47,15425000.0
20260407,002443,金洲管道,8.15,8.15,8.26,8.01,11065700.0
20260407,002444,巨星科技,29.84,29.5,30.04,29.17,7710200.0
20260407,002445,中南文化,3.52,3.55,3.57,3.42,177814700.0
20260407,002446,盛路通信,9.64,9.6,9.77,9.56,13118900.0
20260407,002448,中原内配,14.11,13.98,14.33,13.94,11750500.0
20260407,002449,国星光电,7.48,7.57,7.61,7.47,8352800.0
20260407,002451,摩恩电气,9.28,9.38,9.45,9.24,9026200.0
20260407,002452,长高电气,9.93,9.9,10.03,9.85,12046600.0
20260407,002453,华软科技,4.93,5.05,5.07,4.89,10035200.0
20260407,002454,松芝股份,9.11,9.28,9.33,8.96,21339500.0
20260407,002455,百川股份,12.96,13.46,14.11,12.78,124978600.0
20260407,002456,欧菲光,8.55,8.65,8.71,8.55,33856100.0
20260407,002457,青龙管业,10.48,10.72,10.76,10.48,6904100.0
20260407,002458,益生股份,9.25,9.48,9.59,9.22,17369500.0
20260407,002459,晶澳科技,10.25,10.27,10.3,10.13,38999600.0
20260407,002460,赣锋锂业,80.0,78.96,81.16,78.2,48645000.0
20260407,002461,珠江啤酒,9.43,9.73,9.74,9.42,18530700.0
20260407,002462,嘉事堂,14.32,14.68,14.68,14.1,3475200.0
20260407,002463,沪电股份,76.51,76.43,77.85,75.33,50352900.0
20260407,002465,海格通信,14.3,14.28,14.49,14.22,36945700.0
20260407,002466,天齐锂业,55.7,56.7,57.36,55.31,37987200.0
20260407,002467,二六三,7.07,7.1,7.24,6.87,94271400.0
20260407,002468,申通快递,15.4,15.42,15.48,15.09,21416800.0
20260407,002469,三维化学,8.14,8.28,8.31,8.0,18376200.0
20260407,002470,金正大,2.75,3.0,3.0,2.72,365825600.0
20260407,002471,中超控股,8.18,8.75,9.1,8.18,258985000.0
20260407,002472,双环传动,35.18,35.08,35.51,34.73,7659900.0
20260407,002474,榕基软件,7.31,7.44,7.47,7.31,10175500.0
20260407,002475,立讯精密,49.0,48.39,49.95,48.11,79987800.0
20260407,002476,新叶股份,5.68,5.99,6.02,5.65,18817900.0
20260407,002478,常宝股份,10.2,10.05,10.34,10.0,24410400.0
20260407,002479,富春环保,5.4,5.69,5.72,5.14,56850800.0
20260407,002480,新筑股份,6.03,5.98,6.08,5.96,8625300.0
20260407,002481,双塔食品,4.4,4.5,4.52,4.37,9565600.0
20260407,002482,广田集团,1.64,1.66,1.66,1.62,36907600.0
20260407,002483,润邦股份,6.62,6.64,6.71,6.58,6702300.0
20260407,002484,江海股份,28.78,28.15,29.38,28.01,18803800.0
20260407,002486,嘉麟杰,2.71,2.84,2.85,2.67,33527900.0
20260407,002487,大金重工,73.0,73.63,76.0,72.85,14169200.0
20260407,002488,金固股份,11.39,11.21,11.43,11.13,15906400.0
20260407,002489,浙江永强,3.32,3.35,3.38,3.31,14118700.0
20260407,002490,山东墨龙,9.34,9.85,9.88,9.0,70263400.0
20260407,002491,通鼎互联,12.56,13.82,13.82,12.38,183578600.0
20260407,002492,恒基达鑫,7.26,7.38,7.45,7.2,5699500.0
20260407,002493,荣盛石化,11.89,12.43,12.64,11.68,56197800.0
20260407,002494,华斯股份,4.88,5.05,5.06,4.84,15575900.0
20260407,002495,佳隆股份,2.47,2.56,2.57,2.43,37157700.0
20260407,002496,辉丰股份,1.94,1.93,1.97,1.87,23292400.0
20260407,002497,雅化集团,22.21,22.1,22.43,21.9,22077800.0
20260407,002498,汉缆股份,7.59,7.59,7.72,7.51,100920200.0
20260407,002500,山西证券,5.5,5.5,5.53,5.47,12501800.0
20260407,002506,协鑫集成,4.3,4.38,4.47,4.23,590258600.0
20260407,002507,涪陵榨菜,12.28,12.27,12.4,12.23,8260000.0
20260407,002508,老板电器,20.88,20.52,20.99,20.47,4968700.0
20260407,002510,天汽模,6.79,6.83,6.88,6.76,12725300.0
20260407,002511,中顺洁柔,8.35,8.33,8.41,8.22,10988800.0
20260407,002513,蓝丰生化,5.82,6.15,6.17,5.79,11437800.0
20260407,002515,金字火腿,5.37,5.59,5.65,5.37,22860800.0
20260407,002516,旷达科技,5.37,5.4,5.42,5.36,9218100.0
20260407,002517,恺英网络,18.39,18.27,18.58,18.09,32230400.0
20260407,002518,科士达,43.76,43.8,44.5,43.28,6145000.0
20260407,002519,银河电子,7.82,7.71,8.02,7.63,49345100.0
20260407,002520,日发精机,5.3,5.37,5.39,5.29,12110000.0
20260407,002521,齐峰新材,8.11,8.34,8.54,8.09,7813200.0
20260407,002522,浙江众成,5.61,5.8,5.9,5.6,32497300.0
20260407,002523,天桥起重,3.93,4.0,4.0,3.92,12820900.0
20260407,002524,光正眼科,4.14,4.29,4.31,4.08,16717700.0
20260407,002526,山东矿机,3.37,3.45,3.48,3.37,27895000.0
20260407,002527,新时达,13.06,13.15,13.22,13.03,3964400.0
20260407,002529,海源复材,6.68,6.68,6.71,6.64,1645100.0
20260407,002530,金财互联,8.27,8.63,8.63,8.27,19278900.0
20260407,002531,天顺风能,11.07,11.06,11.1,10.78,46025600.0
20260407,002532,天山铝业,17.4,18.26,18.34,17.4,101236000.0
20260407,002533,金杯电工,13.0,12.71,13.06,12.65,14478900.0
20260407,002534,西子洁能,16.5,16.44,16.89,16.3,13296900.0
20260407,002535,林州重机,3.46,3.55,3.57,3.43,12996000.0
20260407,002536,飞龙股份,26.89,27.74,28.0,26.89,22431700.0
20260407,002537,海联金汇,7.61,7.91,8.01,7.61,57849300.0
20260407,002539,云图控股,13.36,13.68,13.74,13.3,16501600.0
20260407,002540,亚太科技,6.48,6.54,6.57,6.41,7287300.0
20260407,002541,鸿路钢构,20.31,19.8,20.39,19.71,5193900.0
20260407,002543,万和电气,8.44,8.41,8.6,8.33,5783000.0
20260407,002544,普天科技,24.77,24.99,25.31,24.77,9376800.0
20260407,002545,东方铁塔,21.67,22.1,22.45,21.66,15766200.0
20260407,002546,新联电子,8.65,8.77,8.81,8.59,14872100.0
20260407,002548,金新农,5.11,5.23,5.3,5.1,16365300.0
20260407,002549,凯美特气,18.24,18.61,18.8,18.06,38919100.0
20260407,002550,千红制药,7.92,7.8,7.92,7.62,30891200.0
20260407,002551,尚荣医疗,3.41,3.58,3.6,3.34,23523200.0
20260407,002552,宝鼎科技,15.75,16.55,16.78,15.75,5701300.0
20260407,002553,南方精工,25.32,25.95,25.95,25.18,12983200.0
20260407,002554,惠博普,3.62,3.83,3.94,3.51,90669000.0
20260407,002555,三七互娱,21.82,21.65,21.97,21.51,21347100.0
20260407,002556,辉隆股份,5.8,6.11,6.12,5.77,23932000.0
20260407,002557,洽洽食品,21.3,21.55,21.58,21.19,3153300.0
20260407,002558,巨人网络,33.24,32.91,33.71,32.55,42040100.0
20260407,002559,亚威股份,9.12,9.39,9.71,9.09,19124600.0
20260407,002560,通达股份,12.52,13.25,13.88,12.38,184976400.0
20260407,002561,徐家汇,7.94,8.08,8.1,7.92,2468500.0
20260407,002562,兄弟科技,5.8,5.96,5.98,5.79,20699700.0
20260407,002563,森马服饰,5.33,5.33,5.37,5.27,11539300.0
20260407,002564,天沃科技,5.78,5.89,5.94,5.72,11019000.0
20260407,002565,顺灏股份,15.67,16.02,16.72,15.66,224566200.0
20260407,002566,益盛药业,7.92,8.19,8.27,7.81,8140400.0
20260407,002567,唐人神,3.99,4.09,4.14,3.95,27074400.0
20260407,002568,百润股份,16.82,16.99,17.06,16.82,3843700.0
20260407,002570,贝因美,4.89,4.95,4.96,4.82,17744700.0
20260407,002571,德力股份,11.29,11.57,11.66,11.13,6352000.0
20260407,002572,索菲亚,12.58,12.4,12.62,12.34,5482600.0
20260407,002573,清新环境,3.53,3.58,3.6,3.47,13307300.0
20260407,002574,明牌珠宝,5.42,5.57,5.59,5.37,6350900.0
20260407,002575,群兴玩具,7.41,7.58,7.82,7.22,60378500.0
20260407,002576,通达动力,17.18,18.15,18.76,17.11,12429800.0
20260407,002577,雷柏科技,14.82,15.22,15.23,14.82,1121800.0
20260407,002578,闽发铝业,3.73,4.09,4.12,3.73,122911400.0
20260407,002579,中京电子,12.38,12.63,12.75,12.31,79059100.0
20260407,002580,圣阳股份,15.05,16.09,16.5,14.84,110264800.0
20260407,002582,好想你,11.09,11.17,11.28,10.92,10387500.0
20260407,002583,海能达,9.98,10.17,10.25,9.98,21204000.0
20260407,002584,西陇科学,7.55,7.96,8.12,7.55,22190300.0
20260407,002585,双星新材,6.55,6.75,6.78,6.55,23707900.0
20260407,002586,围海股份,4.55,4.58,4.6,4.49,6580400.0
20260407,002587,奥拓电子,6.26,6.45,6.49,6.21,34827900.0
20260407,002588,史丹利,10.03,10.6,10.68,9.99,27058500.0
20260407,002589,瑞康医药,3.39,3.57,3.62,3.27,205123500.0
20260407,002590,万安科技,11.84,11.93,11.95,11.75,3565100.0
20260407,002591,恒大高新,6.42,6.61,6.64,6.35,12375900.0
20260407,002593,日上集团,5.25,5.39,5.4,5.23,11130200.0
20260407,002594,比亚迪,99.5,97.98,99.77,97.45,37969700.0
20260407,002595,豪迈科技,78.93,77.36,79.27,77.0,3657200.0
20260407,002596,海南瑞泽,3.53,3.62,3.64,3.5,26366800.0
20260407,002597,金禾实业,22.81,23.23,23.54,22.81,9811000.0
20260407,002599,盛通股份,6.83,6.92,6.96,6.83,5469700.0
20260407,002600,领益智造,12.55,12.62,12.68,12.51,61203900.0
20260407,002601,龙佰集团,17.09,17.44,17.48,17.09,14539100.0
20260407,002602,世纪华通,17.4,17.35,17.56,17.19,72841700.0
20260407,002603,以岭药业,16.89,16.77,17.05,16.7,11268600.0
20260407,002605,姚记科技,20.3,20.35,20.53,20.2,2755200.0
20260407,002606,大连电瓷,10.82,10.82,10.94,10.7,10995700.0
20260407,002607,中公教育,2.56,2.58,2.6,2.56,51294800.0
20260407,002608,江苏国信,7.85,7.84,7.88,7.77,14031800.0
20260407,002609,捷顺科技,8.04,8.13,8.17,7.98,5857400.0
20260407,002611,东方精工,16.98,16.83,17.15,16.77,24488500.0
20260407,002612,朗姿股份,16.33,16.36,16.48,16.24,2527400.0
20260407,002613,北玻股份,3.46,3.62,3.65,3.44,22614800.0
20260407,002614,奥佳华,6.06,6.18,6.2,6.03,7502200.0
20260407,002615,哈尔斯,7.94,8.11,8.24,7.81,9325800.0
20260407,002616,长青集团,5.46,5.64,5.71,5.42,25456500.0
20260407,002617,露笑科技,7.18,7.13,7.2,7.06,48274300.0
20260407,002622,皓宸医疗,2.41,2.57,2.57,2.36,28740600.0
20260407,002623,亚玛顿,21.28,21.19,21.38,20.95,2943700.0
20260407,002624,完美世界,19.5,19.58,19.74,19.3,54017100.0
20260407,002625,光启技术,37.64,37.35,37.89,37.12,11287500.0
20260407,002626,金达威,17.34,17.78,17.83,17.28,4174100.0
20260407,002627,三峡旅游,8.06,7.93,8.23,7.83,13457400.0
20260407,002628,成都路桥,5.0,5.07,5.1,4.93,19442200.0
20260407,002629,仁智股份,6.6,6.76,6.84,6.48,18568000.0
20260407,002631,德尔未来,6.19,6.83,6.83,6.17,26732600.0
20260407,002632,道明光学,11.33,11.37,11.52,11.25,13527400.0
20260407,002633,申科股份,17.23,17.54,17.64,17.23,1422800.0
20260407,002635,安洁科技,14.4,13.74,14.72,13.56,25271200.0
20260407,002636,金安国纪,30.04,31.81,32.18,29.58,53459200.0
20260407,002637,赞宇科技,11.24,12.28,12.28,11.24,19910400.0
20260407,002638,勤上股份,4.14,4.19,4.27,4.09,43071300.0
20260407,002639,雪人集团,19.81,20.55,20.99,19.36,131436300.0
20260407,002640,跨境通,3.42,3.51,3.54,3.41,55954800.0
20260407,002641,公元股份,4.01,4.09,4.1,3.99,7539000.0
20260407,002642,荣联科技,7.7,7.78,7.82,7.65,8482900.0
20260407,002643,万润股份,15.6,15.85,15.92,15.6,8329500.0
20260407,002644,佛慈制药,8.71,8.89,8.98,8.55,12260300.0
20260407,002645,华宏科技,17.68,18.78,19.2,17.68,52036500.0
20260407,002646,天佑德酒,7.82,7.96,7.99,7.8,2997500.0
20260407,002647,仁东控股,8.78,8.78,8.88,8.61,9460400.0
20260407,002648,卫星化学,26.98,28.6,28.79,26.72,62489000.0
20260407,002649,博彦科技,11.3,11.27,11.4,11.25,4653300.0
20260407,002651,利君股份,9.12,9.25,9.3,9.12,5270700.0
20260407,002652,扬子新材,4.22,4.35,4.38,4.18,19377500.0
20260407,002653,海思科,54.86,55.82,55.97,54.1,2559100.0
20260407,002654,万润科技,12.61,12.9,12.99,12.53,34068500.0
20260407,002655,共达电声,18.79,19.01,19.89,18.57,43356500.0
20260407,002656,摩登大道,2.97,3.0,3.03,2.96,5735000.0
20260407,002657,中科金财,21.17,21.48,21.77,21.17,5431900.0
20260407,002658,雪迪龙,8.06,8.18,8.22,8.06,6186800.0
20260407,002659,凯文教育,4.86,5.05,5.06,4.85,16179700.0
20260407,002660,茂硕电源,8.06,8.42,8.58,8.01,11009400.0
20260407,002661,克明食品,8.72,8.9,8.95,8.61,4433100.0
20260407,002662,峰璟股份,3.89,3.96,3.97,3.86,18783600.0
20260407,002663,普邦股份,2.01,2.21,2.21,1.99,82402000.0
20260407,002664,信质集团,19.49,19.52,19.63,19.29,4119100.0
20260407,002666,德联集团,5.12,5.37,5.4,5.12,15945400.0
20260407,002668,TCL智家,9.05,8.95,9.08,8.88,7714100.0
20260407,002669,康达新材,12.21,12.59,12.61,12.2,7392500.0
20260407,002670,国盛证券,13.86,14.0,14.05,13.85,8593400.0
20260407,002671,龙泉股份,4.6,4.74,4.77,4.49,29510700.0
20260407,002672,东江环保,4.21,4.35,4.36,4.18,12001700.0
20260407,002673,西部证券,7.08,7.1,7.12,7.03,15767000.0
20260407,002674,兴业科技,12.42,12.68,12.68,12.12,2220100.0
20260407,002675,东诚药业,14.16,14.44,14.65,13.89,37390300.0
20260407,002676,顺威股份,6.82,6.64,6.84,6.62,19081100.0
20260407,002677,浙江美大,7.67,7.81,7.83,7.64,3653600.0
20260407,002678,珠江钢琴,5.96,5.91,6.06,5.85,68181000.0
20260407,002679,福建金森,10.42,10.8,10.85,10.27,5282000.0
20260407,002681,奋达科技,5.02,5.08,5.1,5.0,20164600.0
20260407,002682,龙洲股份,5.67,5.9,5.95,5.63,28239300.0
20260407,002683,广东宏大,37.62,37.66,38.27,37.28,7698600.0
20260407,002685,华东重机,6.85,7.02,7.11,6.82,21379700.0
20260407,002686,亿利达,7.88,7.48,7.88,7.1,84704900.0
20260407,002687,乔治白,4.52,4.72,4.73,4.46,15769900.0
20260407,002688,金河生物,5.76,6.01,6.2,5.73,30427200.0
20260407,002690,美亚光电,17.44,17.27,17.58,17.22,5106000.0
20260407,002692,远程股份,5.67,5.73,5.87,5.65,23882600.0
20260407,002693,双成药业,7.68,7.79,7.8,7.57,4926700.0
20260407,002695,煌上煌,10.48,10.6,10.63,10.33,3422500.0
20260407,002696,百洋股份,6.6,6.82,6.86,6.57,8511200.0
20260407,002697,红旗连锁,5.41,5.42,5.47,5.39,11049100.0
20260407,002698,博实股份,13.1,13.14,13.18,13.06,3536500.0
20260407,002700,万憬能源,6.38,6.61,6.62,6.35,6499800.0
20260407,002701,奥瑞金,4.99,5.06,5.08,4.97,15470400.0
20260407,002702,海欣食品,5.25,5.56,5.59,5.25,30844500.0
20260407,002703,浙江世宝,18.58,18.23,18.85,18.01,35282500.0
20260407,002705,新宝股份,14.51,14.69,15.09,14.33,16107200.0
20260407,002706,良信股份,9.42,9.24,9.45,9.2,24640700.0
20260407,002707,众信旅游,6.38,6.5,6.5,6.37,11892900.0
20260407,002708,光洋股份,11.31,11.63,11.88,11.26,9011400.0
20260407,002709,天赐材料,43.66,43.7,44.66,43.0,56003000.0
20260407,002712,思美传媒,4.91,5.05,5.08,4.84,15784900.0
20260407,002713,东易日盛,12.23,12.68,12.68,12.01,26206300.0
20260407,002714,牧原股份,42.92,43.45,44.86,42.4,47710900.0
20260407,002715,登云股份,14.02,14.21,14.37,13.8,3894300.0
20260407,002716,湖南白银,11.31,11.35,11.45,11.23,81131000.0
20260407,002718,友邦吊顶,65.37,67.34,69.88,63.42,3664200.0
20260407,002721,金一文化,2.77,2.81,2.82,2.74,20398800.0
20260407,002722,物产金轮,14.05,14.35,14.49,13.88,2688800.0
20260407,002723,小崧股份,8.7,8.94,9.11,8.59,9038000.0
20260407,002724,海洋王,6.71,6.83,6.84,6.68,6548300.0
20260407,002725,跃岭股份,14.99,15.28,15.35,14.8,6311300.0
20260407,002727,一心堂,12.5,12.54,12.65,12.31,3951500.0
20260407,002728,特一药业,10.89,11.18,11.25,10.75,20578700.0
20260407,002729,好利科技,20.48,20.19,21.2,20.12,14460100.0
20260407,002730,电光科技,27.99,28.78,29.36,26.39,32726400.0
20260407,002732,燕塘乳业,15.74,16.1,16.16,15.55,2169700.0
20260407,002733,雄韬股份,25.87,27.48,27.96,25.76,36591600.0
20260407,002734,利民股份,17.17,18.07,18.24,17.16,26546100.0
20260407,002735,王子新材,14.01,14.38,14.46,13.91,8740800.0
20260407,002736,国信证券,11.15,11.13,11.18,11.05,14839800.0
20260407,002737,葵花药业,12.46,12.41,12.53,12.25,2580300.0
20260407,002738,中矿资源,73.64,74.53,75.71,72.8,25226400.0
20260407,002739,儒意电影,9.53,9.65,9.65,9.52,19221100.0
20260407,002741,光华科技,16.75,17.04,17.18,16.75,11293300.0
20260407,002742,冀衡医药,4.37,4.41,4.45,4.29,3152900.0
20260407,002743,富煌钢构,5.09,5.34,5.36,5.02,11152600.0
20260407,002745,木林森,8.26,8.26,8.39,8.21,13347300.0
20260407,002746,仙坛股份,5.89,6.05,6.17,5.8,20238500.0
20260407,002747,埃斯顿,19.54,19.41,19.6,19.21,6968000.0
20260407,002748,世龙实业,11.02,11.67,11.69,11.02,5525700.0
20260407,002749,国光股份,12.81,13.13,13.2,12.81,2005600.0
20260407,002752,昇兴股份,6.27,6.69,6.7,6.25,41164100.0
20260407,002753,永东股份,7.18,7.49,7.52,7.1,10859800.0
20260407,002755,奥赛康,16.06,15.9,16.13,15.52,21483800.0
20260407,002756,永兴材料,72.51,71.86,73.0,70.93,10637300.0
20260407,002757,南兴股份,19.29,19.12,19.42,18.98,6383400.0
20260407,002758,浙农股份,9.51,9.85,9.88,9.4,8476400.0
20260407,002760,凤形股份,20.34,21.07,21.25,20.34,3427200.0
20260407,002761,浙江建投,8.2,8.31,8.31,8.08,11923200.0
20260407,002762,金发拉比,6.81,7.21,7.38,6.81,2974500.0
20260407,002763,汇洁股份,7.67,7.94,8.04,7.65,12490400.0
20260407,002765,蓝黛科技,9.65,9.66,9.69,9.55,7239700.0
20260407,002766,索菱股份,4.7,4.78,4.79,4.67,9431100.0
20260407,002767,先锋电子,20.08,20.47,20.69,20.0,1645200.0
20260407,002768,国恩股份,44.95,46.28,46.77,44.95,2995500.0
20260407,002769,普路通,9.93,10.01,10.58,9.93,8117200.0
20260407,002771,真视通,15.87,16.3,16.59,15.78,13850000.0
20260407,002772,众兴菌业,16.64,16.5,16.86,16.4,8518600.0
20260407,002773,康弘药业,28.63,28.43,29.07,27.92,12129200.0
20260407,002774,快意电梯,10.4,10.55,10.62,10.31,2647300.0
20260407,002775,文科股份,3.71,3.81,3.86,3.67,14572800.0
20260407,002777,久远银海,15.76,15.8,15.9,15.67,3778900.0
20260407,002778,中晟高科,19.5,20.36,20.59,19.3,3514100.0
20260407,002779,中坚科技,84.7,87.76,89.14,84.25,3475600.0
20260407,002780,三夫户外,14.36,14.91,14.94,14.35,4632300.0
20260407,002782,可立克,20.25,19.94,20.55,19.83,7433200.0
20260407,002783,凯龙股份,8.9,9.47,9.59,8.84,21190000.0
20260407,002785,万里石,38.5,38.28,39.7,37.9,4690800.0
20260407,002786,银宝山新,6.88,7.04,7.06,6.84,4714300.0
20260407,002787,华源控股,11.58,11.76,11.85,11.51,5019400.0
20260407,002788,鹭燕医药,17.3,19.44,19.44,16.57,88670800.0
20260407,002790,瑞尔特,7.93,7.74,8.03,7.69,7532500.0
20260407,002791,坚朗五金,19.22,18.95,19.25,18.8,5209500.0
20260407,002792,通宇通讯,44.58,47.53,48.72,44.53,101456700.0
20260407,002793,罗欣药业,5.01,5.11,5.13,4.84,23399000.0
20260407,002795,永和智控,7.82,7.76,7.86,7.62,10820400.0
20260407,002796,世嘉科技,50.1,48.59,51.38,47.59,23157700.0
20260407,002797,第一创业,6.99,7.05,7.09,6.92,82298500.0
20260407,002798,帝欧水华,5.76,5.98,6.03,5.76,6787100.0
20260407,002799,环球印务,7.97,8.24,8.28,7.92,5917900.0
20260407,002800,天顺股份,16.76,17.65,18.5,16.76,13326500.0
20260407,002801,微光股份,30.2,29.62,30.2,29.5,1718800.0
20260407,002802,洪汇新材,12.2,12.79,12.85,12.17,4471600.0
20260407,002803,吉宏股份,15.9,15.94,16.24,15.76,7898400.0
20260407,002805,丰元股份,16.05,16.67,16.95,16.05,14462900.0
20260407,002806,华锋股份,13.06,13.03,13.35,12.83,11830300.0
20260407,002807,江阴银行,4.5,4.48,4.52,4.46,26301300.0
20260407,002809,红墙股份,10.52,11.19,11.2,10.5,13951300.0
20260407,002810,山东赫达,22.78,22.56,23.12,22.39,12070400.0
20260407,002811,郑中设计,13.03,13.2,13.27,12.9,3952000.0
20260407,002812,恩捷股份,66.25,69.79,70.52,65.6,27629100.0
20260407,002813,路畅科技,23.95,23.88,24.03,23.39,1158200.0
20260407,002815,崇达技术,13.51,13.56,13.79,13.48,12403000.0
20260407,002817,黄山胶囊,7.65,7.96,8.0,7.56,10540800.0
20260407,002818,富森美,10.69,10.56,10.69,10.5,2983500.0
20260407,002819,东方中科,25.56,25.64,25.87,25.18,4196800.0
20260407,002820,桂发祥,10.11,10.3,10.32,9.67,12665500.0
20260407,002821,凯莱英,122.5,119.56,124.5,117.5,15388300.0
20260407,002823,凯中精密,14.39,14.54,14.59,14.35,3399500.0
20260407,002824,和胜股份,20.33,19.88,20.47,19.51,11299900.0
20260407,002825,纳尔股份,10.0,10.58,10.72,9.98,9928000.0
20260407,002826,易明医药,20.36,19.91,20.46,19.84,4830400.0
20260407,002827,高争民爆,33.28,32.97,33.28,32.56,2183100.0
20260407,002828,贝肯能源,13.2,13.9,13.97,12.5,57624200.0
20260407,002829,星网宇达,21.76,21.75,21.95,21.6,2969500.0
20260407,002830,名雕股份,20.09,20.65,20.9,19.95,2067000.0
20260407,002831,裕同科技,35.22,35.24,35.84,34.4,19882000.0
20260407,002832,比音勒芬,17.2,17.1,17.29,16.84,6526100.0
20260407,002833,弘亚数控,17.49,17.6,17.68,17.29,2418100.0
20260407,002835,同为股份,15.08,15.46,15.64,15.0,2602400.0
20260407,002836,新宏泽,13.28,13.37,13.49,13.22,2045100.0
20260407,002837,英维克,84.01,84.84,86.35,83.71,26360400.0
20260407,002838,道恩股份,24.91,24.8,25.2,24.56,1824500.0
20260407,002839,张家港行,4.48,4.45,4.5,4.43,24414800.0
20260407,002840,华统股份,11.7,12.94,12.94,11.6,87796700.0
20260407,002841,视源股份,32.41,32.19,32.67,32.09,2570400.0
20260407,002842,翔鹭钨业,30.33,32.3,33.28,30.3,45838100.0
20260407,002843,泰嘉股份,20.51,21.5,22.5,20.51,26046600.0
20260407,002845,同兴达,13.09,13.27,13.39,13.05,4955700.0
20260407,002846,英联股份,13.71,13.86,14.02,13.62,4912200.0
20260407,002847,盐津铺子,58.46,59.12,59.16,57.82,1445400.0
20260407,002848,高斯贝尔,13.0,13.1,13.34,13.0,3552700.0
20260407,002849,威星智能,16.36,16.58,16.8,16.14,4203100.0
20260407,002850,科达利,178.5,175.25,180.68,172.55,6339200.0
20260407,002851,麦格米特,95.5,93.79,96.16,93.63,11490200.0
20260407,002852,道道全,9.37,9.76,9.77,9.31,6924300.0
20260407,002853,皮阿诺,23.27,23.63,23.88,22.88,3222100.0
20260407,002855,捷荣技术,11.42,11.59,11.61,11.35,3023300.0
20260407,002857,三晖电气,20.81,20.52,20.85,20.28,2565900.0
20260407,002858,力盛体育,14.08,15.1,15.22,13.93,14882300.0
20260407,002859,洁美科技,40.0,39.6,41.26,39.37,3678100.0
20260407,002860,星帅尔,12.09,11.97,12.09,11.82,5950000.0
20260407,002861,瀛通通讯,14.55,14.87,15.13,14.51,6245900.0
20260407,002862,实丰文化,15.85,16.52,16.76,15.85,5444000.0
20260407,002863,今飞凯达,5.32,5.47,5.51,5.26,11223200.0
20260407,002864,盘龙药业,33.45,33.65,34.08,32.0,3743900.0
20260407,002865,钧达股份,69.69,69.95,70.89,69.1,8197800.0
20260407,002866,传艺科技,20.81,21.36,22.02,20.81,34421100.0
20260407,002867,周大生,11.71,11.62,11.79,11.59,3947900.0
20260407,002868,绿康生化,37.14,36.47,37.33,36.45,788700.0
20260407,002869,金溢科技,25.89,23.38,25.94,23.38,21243900.0
20260407,002871,伟隆股份,16.08,15.99,16.16,15.9,2569900.0
20260407,002873,新天药业,10.71,11.9,11.9,10.71,36203600.0
20260407,002875,安奈儿,18.27,18.38,18.59,18.17,2605100.0
20260407,002876,三利谱,26.06,26.14,26.78,25.99,3564900.0
20260407,002877,智能自控,8.27,8.54,8.73,8.17,13536900.0
20260407,002878,元隆雅图,16.73,17.68,17.68,16.73,15976500.0
20260407,002879,长缆科技,19.97,19.86,20.35,19.8,4807500.0
20260407,002880,卫光生物,27.0,27.19,27.49,26.64,1689900.0
20260407,002881,美格智能,36.03,35.9,36.48,35.62,2565500.0
20260407,002882,金龙羽,25.95,25.99,26.37,25.85,2398300.0
20260407,002884,凌霄泵业,17.89,17.86,17.98,17.72,1914600.0
20260407,002885,京泉华,22.98,22.99,23.28,22.81,6698800.0
20260407,002886,沃特股份,19.86,20.56,20.89,19.8,7092800.0
20260407,002887,绿茵生态,10.86,11.15,11.15,10.38,7908800.0
20260407,002888,惠威科技,17.42,17.85,17.99,17.29,1894300.0
20260407,002889,东方嘉盛,12.87,13.12,13.12,12.85,1293400.0
20260407,002890,弘宇股份,15.9,16.13,16.2,15.6,3300400.0
20260407,002891,中宠股份,38.17,38.59,38.92,37.98,6655200.0
20260407,002892,科力尔,10.5,10.52,10.62,10.49,4250200.0
20260407,002893,京能热力,12.45,11.57,12.59,11.48,32199300.0
20260407,002895,川恒股份,38.86,39.06,39.49,37.63,7957500.0
20260407,002896,中大力德,71.09,70.86,71.66,70.3,2779600.0
20260407,002897,意华股份,61.73,61.46,63.42,61.15,11616800.0
20260407,002899,英派斯,27.71,29.05,29.21,27.71,4753100.0
20260407,002900,哈三联,11.89,12.34,12.58,11.69,10539600.0
20260407,002901,大博医疗,43.31,43.19,43.61,42.8,826300.0
20260407,002902,铭普光磁,26.73,26.7,27.98,26.22,52256200.0
20260407,002903,宇环数控,28.15,27.5,28.86,27.12,11791500.0
20260407,002905,金逸影视,8.93,9.39,9.42,8.76,15944600.0
20260407,002906,华阳集团,27.78,27.4,27.95,27.0,6406000.0
20260407,002907,华森制药,14.27,14.52,14.78,13.88,5234200.0
20260407,002908,德生科技,8.69,8.88,8.93,8.67,3836800.0
20260407,002909,集泰股份,6.14,6.44,6.47,6.14,12303800.0
20260407,002910,庄园牧场,10.17,10.57,10.62,10.0,6485000.0
20260407,002911,佛燃能源,13.89,14.2,14.25,13.82,7136100.0
20260407,002912,中新赛克,26.11,26.31,26.44,25.9,2128300.0
20260407,002913,奥士康,45.58,45.76,46.79,45.33,4511400.0
20260407,002915,中欣氟材,19.98,20.22,20.31,19.89,3554900.0
20260407,002916,深南电路,214.0,215.92,219.33,213.45,8406400.0
20260407,002917,金奥博,13.29,13.82,13.98,13.03,8348600.0
20260407,002918,蒙娜丽莎,10.95,10.97,11.12,10.79,4626600.0
20260407,002919,名臣健康,19.31,20.14,20.85,19.28,6822300.0
20260407,002920,德赛西威,104.1,101.79,104.18,101.03,4919200.0
20260407,002921,联诚精密,23.69,23.71,24.46,23.46,4765100.0
20260407,002922,伊戈尔,34.78,34.13,35.5,34.06,9367500.0
20260407,002923,润都股份,14.35,14.52,14.97,14.26,37908000.0
20260407,002925,盈趣科技,19.34,19.1,19.4,18.9,6338500.0
20260407,002926,华西证券,8.2,8.21,8.25,8.18,6680800.0
20260407,002927,泰永长征,16.48,16.71,16.83,16.37,5315100.0
20260407,002928,华夏航空,7.82,7.8,7.85,7.75,18055600.0
20260407,002929,润建股份,47.2,47.42,49.49,46.86,12482900.0
20260407,002930,宏川智慧,13.07,13.21,13.57,12.87,8923600.0
20260407,002931,锋龙股份,65.59,65.45,66.0,64.76,5046500.0
20260407,002933,新兴装备,31.61,31.94,32.19,31.26,1277600.0
20260407,002935,天奥电子,17.8,17.87,18.0,17.71,2733600.0
20260407,002936,郑州银行,1.81,1.81,1.82,1.8,69373500.0
20260407,002937,兴瑞科技,27.08,26.68,27.48,26.59,3550200.0
20260407,002938,鹏鼎控股,51.5,50.93,52.28,50.01,18191900.0
20260407,002939,长城证券,8.74,8.72,8.78,8.66,13912000.0
20260407,002940,昂利康,33.01,33.76,34.76,31.61,26390400.0
20260407,002941,新疆交建,15.08,15.29,15.34,15.08,6905100.0
20260407,002942,新农股份,18.91,19.47,19.54,18.65,1993300.0
20260407,002943,宇晶股份,45.21,44.64,45.5,44.22,4175400.0
20260407,002945,华林证券,15.65,15.73,15.85,15.52,10392900.0
20260407,002946,新乳业,17.85,18.05,18.09,17.66,4629300.0
20260407,002947,恒铭达,53.79,54.48,55.8,53.59,13423200.0
20260407,002948,青岛银行,5.22,5.16,5.24,5.07,78072700.0
20260407,002949,华阳国际,13.0,13.49,13.63,12.93,3561100.0
20260407,002950,奥美医疗,11.64,12.56,12.8,11.58,32060100.0
20260407,002951,金时科技,13.93,14.4,14.5,13.93,4096700.0
20260407,002952,亚世光电,25.71,25.49,26.28,25.36,14756600.0
20260407,002953,日丰股份,10.93,11.08,11.16,10.91,4085600.0
20260407,002955,鸿合科技,26.38,25.85,26.39,25.58,1494900.0
20260407,002956,西麦食品,27.73,27.94,28.79,27.66,2259300.0
20260407,002957,科瑞技术,30.61,33.68,33.68,30.0,27904000.0
20260407,002958,青农商行,2.99,2.98,3.0,2.97,35369700.0
20260407,002959,小熊电器,43.9,44.06,44.5,43.1,1801000.0
20260407,002960,青鸟智控,11.38,11.57,11.72,11.38,11489200.0
20260407,002961,瑞达期货,21.4,21.27,21.55,21.04,6379200.0
20260407,002962,五方光电,13.31,13.39,13.61,13.26,3634000.0
20260407,002963,豪尔赛,13.83,14.38,14.56,13.61,3009000.0
20260407,002965,祥鑫科技,27.65,28.0,28.34,27.65,2567400.0
20260407,002966,苏州银行,8.31,8.3,8.35,8.21,25383700.0
20260407,002967,广电计量,20.08,19.82,20.1,19.76,4380800.0
20260407,002968,新大正,11.08,11.37,11.42,10.97,3436500.0
20260407,002969,嘉美包装,21.99,22.34,22.91,20.7,55470400.0
20260407,002970,锐明技术,62.01,61.8,63.08,61.3,2443800.0
20260407,002971,和远气体,29.48,30.25,30.35,28.92,5674800.0
20260407,002972,科安达,12.6,12.84,12.99,12.46,6280900.0
20260407,002973,侨银股份,12.51,12.73,12.81,12.51,1697200.0
20260407,002975,博杰股份,70.86,71.82,73.0,70.86,4146700.0
20260407,002976,瑞玛精密,25.6,27.16,27.3,25.5,4029800.0
20260407,002978,安宁股份,32.06,32.6,32.78,32.06,2275100.0
20260407,002979,雷赛智能,37.2,36.58,37.28,36.21,3404400.0
20260407,002980,华盛昌,47.72,50.7,50.7,46.8,20813500.0
20260407,002981,朝阳科技,23.08,23.31,23.6,23.01,1769500.0
20260407,002982,湘佳股份,13.13,13.8,13.92,13.02,5884400.0
20260407,002983,芯瑞达,21.82,21.81,21.99,21.6,1442600.0
20260407,002984,森麒麟,17.49,17.45,17.61,17.33,5974000.0
20260407,002985,北摩高科,35.03,35.27,35.4,34.96,4046900.0
20260407,002986,宇新股份,15.29,15.59,15.8,14.99,9758700.0
20260407,002987,京北方,16.15,16.36,16.56,16.06,9433600.0
20260407,002988,豪美新材,29.41,30.52,30.59,29.08,2475000.0
20260407,002989,中天精装,25.25,25.36,26.44,25.0,2516000.0
20260407,002990,盛视科技,30.44,31.3,32.5,30.44,13043200.0
20260407,002991,甘源食品,48.97,49.32,49.46,48.8,463400.0
20260407,002992,宝明科技,49.55,49.0,49.75,48.74,1076400.0
20260407,002993,奥海科技,43.84,44.83,45.38,43.84,3620300.0
20260407,002995,天地在线,22.11,22.51,23.8,21.92,17025700.0
20260407,002996,顺博合金,6.88,7.09,7.12,6.88,8800000.0
20260407,002997,瑞鹄模具,29.4,30.65,30.84,29.29,6171700.0
20260407,002998,优彩资源,7.8,8.23,8.27,7.79,8431800.0
20260407,002999,天禾股份,6.61,6.92,6.95,6.53,14721400.0
20260407,003000,劲仔食品,10.29,10.48,10.52,10.24,2687800.0
20260407,003001,中岩大地,17.02,17.3,17.48,16.8,2017200.0
20260407,003002,壶化股份,26.74,27.38,27.76,26.46,5502800.0
20260407,003003,天元股份,12.17,12.78,12.85,12.06,9298600.0
20260407,003004,声迅股份,28.1,27.73,28.1,27.6,458800.0
20260407,003005,竞业达,17.6,17.54,17.8,17.41,1567000.0
20260407,003006,百亚股份,17.57,17.46,17.68,17.22,3273700.0
20260407,003007,直真科技,43.62,46.1,46.9,42.6,13338000.0
20260407,003008,开普检测,22.0,22.27,22.37,21.4,1955200.0
20260407,003009,中天火箭,55.6,54.78,55.78,54.5,1770800.0
20260407,003010,若羽臣,32.32,32.63,32.79,32.01,7193800.0
20260407,003011,海象新材,22.81,22.83,22.97,22.29,4168100.0
20260407,003012,东鹏控股,6.1,6.17,6.21,6.09,7735000.0
20260407,003013,地铁设计,12.91,12.94,13.08,12.81,1916100.0
20260407,003015,日久光电,14.06,14.02,14.14,13.84,5056600.0
20260407,003016,欣贺股份,7.8,8.02,8.06,7.72,4333100.0
20260407,003017,大洋生物,29.5,30.57,30.84,29.46,2648300.0
20260407,003018,金富科技,29.29,28.53,29.3,28.19,10467700.0
20260407,003019,宸展光电,30.63,30.6,31.2,30.46,2215100.0
20260407,003020,立方制药,24.61,24.49,24.81,23.85,1778900.0
20260407,003021,兆威机电,94.11,93.74,94.76,92.81,1607000.0
20260407,003022,联泓新科,19.45,20.76,20.83,19.45,22358600.0
20260407,003023,彩虹集团,24.19,24.0,24.3,23.4,3094400.0
20260407,003025,思进智能,13.28,13.33,13.39,13.23,2616600.0
20260407,003026,中晶科技,34.67,34.25,35.3,34.07,3378300.0
20260407,003027,同兴科技,20.29,20.91,21.08,20.24,3122700.0
20260407,003028,振邦智能,25.26,25.79,25.96,25.2,1136900.0
20260407,003029,吉大正元,20.6,20.78,21.1,20.55,2249200.0
20260407,003030,祖名股份,19.73,20.19,20.29,19.5,1916000.0
20260407,003031,中瓷电子,90.34,91.65,93.0,89.68,26763400.0
20260407,003032,传智教育,6.05,6.09,6.12,6.05,2408300.0
20260407,003033,征和工业,64.21,61.3,64.21,59.63,3207500.0
20260407,003035,南网能源,7.2,7.24,7.3,7.16,43438000.0
20260407,003036,泰坦股份,24.15,24.0,24.56,23.68,7893900.0
20260407,003037,三和管桩,6.96,7.08,7.11,6.92,3712600.0
20260407,003038,鑫铂股份,13.81,14.12,14.28,13.76,3342000.0
20260407,003039,顺控发展,14.22,14.38,14.4,14.19,2982100.0
20260407,003040,楚天龙,15.83,16.33,16.45,15.66,9301200.0
20260407,003041,真爱美家,50.4,48.48,50.9,48.4,2780300.0
20260407,003042,中农联合,16.82,18.26,18.26,16.62,10326000.0
20260407,003043,华亚智能,54.44,53.04,54.49,52.94,2083300.0
20260407,003816,中国广核,4.53,4.5,4.56,4.47,132944500.0
20260407,300001,特锐德,26.61,26.83,27.44,26.61,15706900.0
20260407,300002,神州泰岳,9.28,9.27,9.35,9.22,16589900.0
20260407,300003,乐普医疗,16.22,16.16,16.48,16.09,18509700.0
20260407,300004,南风股份,12.24,12.54,12.6,12.24,8843200.0
20260407,300005,探路者,14.44,14.25,14.72,14.12,19223300.0
20260407,300006,莱美药业,6.23,6.02,6.65,5.96,192621700.0
20260407,300007,汉威科技,41.43,41.39,41.88,40.95,4643400.0
20260407,300008,天海防务,7.24,7.32,7.39,7.23,44671100.0
20260407,300009,安科生物,9.82,9.85,9.92,9.67,18487500.0
20260407,300011,鼎汉技术,7.29,7.38,7.4,7.24,6189400.0
20260407,300012,华测检测,14.49,14.3,14.55,14.19,17620800.0
20260407,300013,新宁物流,3.65,3.76,3.76,3.6,12454600.0
20260407,300014,亿纬锂能,60.03,60.68,61.28,59.55,34846300.0
20260407,300015,爱尔眼科,9.47,9.41,9.51,9.39,31392900.0
20260407,300016,北陆药业,10.05,10.13,10.32,9.71,24776400.0
20260407,300017,网宿科技,16.49,16.05,16.69,15.95,142413700.0
20260407,300018,中元股份,12.46,12.73,13.03,12.31,12154400.0
20260407,300019,硅宝科技,19.2,20.04,20.45,19.14,19065600.0
20260407,300021,大禹节水,4.19,4.28,4.29,4.17,10022600.0
20260407,300022,吉峰科技,9.87,10.0,10.09,9.61,33904100.0
20260407,300024,机器人,14.2,14.23,14.35,14.13,9347300.0
20260407,300025,华星创业,5.0,5.13,5.15,4.97,11035200.0
20260407,300026,红日药业,3.6,3.66,3.69,3.52,54252700.0
20260407,300030,阳普医疗,7.54,7.67,7.73,7.37,7651600.0
20260407,300031,宝通科技,20.25,20.18,20.33,20.02,3448900.0
20260407,300032,金龙机电,5.24,5.37,5.42,5.21,44432800.0
20260407,300033,同花顺,293.19,293.4,297.16,291.66,4187400.0
20260407,300034,钢研高纳,17.46,17.5,17.59,17.38,8402100.0
20260407,300035,中科电气,21.12,21.44,21.75,21.02,24709800.0
20260407,300036,超图软件,14.89,14.91,15.12,14.82,5766000.0
20260407,300037,新宙邦,54.08,55.11,56.05,54.02,13410500.0
20260407,300039,上海凯宝,5.87,5.99,6.04,5.78,16775700.0
20260407,300040,九洲集团,6.75,6.84,6.84,6.65,41070900.0
20260407,300041,回天新材,10.42,10.69,10.77,10.42,16428900.0
20260407,300042,朗科科技,41.92,42.11,43.54,41.18,19105200.0
20260407,300043,星辉娱乐,5.3,5.45,5.46,5.3,25444900.0
20260407,300045,华力创通,21.13,20.89,21.26,20.8,9863300.0
20260407,300046,台基股份,29.46,29.93,30.35,29.46,4143800.0
20260407,300047,天源迪科,11.36,11.51,11.63,11.36,9710700.0
20260407,300048,合康新能,6.46,6.46,6.59,6.43,16636700.0
20260407,300049,福瑞医科,55.82,55.82,56.92,55.45,4225700.0
20260407,300050,世纪鼎利,6.54,6.82,6.88,6.5,42518300.0
20260407,300051,琏升科技,11.68,12.0,12.38,11.68,19093200.0
20260407,300052,中青宝,11.7,12.12,12.32,11.7,6400400.0
20260407,300053,航宇微,16.5,16.44,17.09,16.33,27557200.0
20260407,300054,鼎龙股份,50.5,49.5,51.49,49.18,33976100.0
20260407,300055,万邦达,11.14,11.26,11.32,10.75,29365800.0
20260407,300056,中创环保,8.35,8.4,8.47,8.35,5162800.0
20260407,300057,万顺新材,6.28,6.67,7.04,6.21,77178000.0
20260407,300058,蓝色光标,13.58,13.59,13.85,13.34,173046900.0
20260407,300059,东方财富,18.51,18.45,18.61,18.35,123364800.0
20260407,300061,旗天科技,7.57,7.79,7.85,7.51,11425900.0
20260407,300062,中能电气,7.34,7.5,7.52,7.3,22370000.0
20260407,300063,天龙集团,10.7,11.0,11.22,10.62,39580400.0
20260407,300065,海兰信,22.27,21.95,22.44,21.89,28668200.0
20260407,300066,三川智慧,5.99,6.18,6.22,5.98,18928300.0
20260407,300067,安诺其,4.09,4.21,4.21,4.08,19514700.0
20260407,300069,金利华电,22.59,24.1,24.72,22.19,21530900.0
20260407,300070,碧水源,3.8,3.84,3.84,3.78,22637900.0
20260407,300071,福石控股,4.58,4.71,4.72,4.56,26856700.0
20260407,300072,海新能科,4.81,4.95,5.01,4.72,58506300.0
20260407,300073,当升科技,51.06,51.52,52.6,51.0,9663700.0
20260407,300074,华平股份,3.93,4.04,4.05,3.92,16265000.0
20260407,300075,数字政通,12.02,12.17,12.24,12.02,5779200.0
20260407,300077,国民技术,18.8,19.46,20.05,18.66,32499700.0
20260407,300078,思创智联,3.97,4.09,4.11,3.88,46480900.0
20260407,300079,数码视讯,5.11,5.16,5.17,5.1,19658500.0
20260407,300080,易成新能,4.53,4.61,4.65,4.5,34483700.0
20260407,300082,奥克股份,10.42,10.75,10.79,10.29,23610500.0
20260407,300083,创世纪,7.21,7.27,7.33,7.21,13399200.0
20260407,300084,海默科技,10.41,10.33,10.5,10.17,12751900.0
20260407,300085,银之杰,34.12,33.7,34.57,33.4,21538900.0
20260407,300086,康芝药业,9.0,8.8,9.22,8.62,61854500.0
20260407,300088,长信科技,5.9,5.88,5.95,5.83,30639400.0
20260407,300092,科新机电,15.3,15.42,15.55,15.25,3731100.0
20260407,300093,金刚光伏,19.46,18.91,19.52,18.86,3066200.0
20260407,300094,国联水产,3.06,3.16,3.16,3.04,32854000.0
20260407,300095,华伍股份,9.08,9.22,9.28,9.08,5973600.0
20260407,300097,智云股份,7.53,7.86,8.18,7.4,14454100.0
20260407,300098,高新兴,5.11,5.17,5.22,5.11,22469600.0
20260407,300099,尤洛卡,8.2,8.26,8.33,8.13,12098100.0
20260407,300100,双林股份,28.78,28.85,29.54,28.68,4630300.0
20260407,300101,振芯科技,19.45,19.53,19.67,19.34,8393000.0
20260407,300102,乾照光电,30.19,29.53,30.49,29.29,34466400.0
20260407,300103,达刚控股,6.69,6.81,6.85,6.58,6346900.0
20260407,300105,龙源技术,6.5,6.6,6.63,6.47,6556400.0
20260407,300106,西部牧业,9.3,9.72,9.74,9.24,10039500.0
20260407,300107,建新股份,6.75,6.99,7.02,6.71,11013400.0
20260407,300109,新开源,16.69,17.67,17.92,16.61,12606700.0
20260407,300110,华仁药业,3.39,3.41,3.49,3.2,62928700.0
20260407,300111,向日葵,3.89,3.98,4.04,3.84,31798300.0
20260407,300112,万讯自控,7.5,7.66,7.77,7.47,7255500.0
20260407,300113,顺网科技,26.72,25.25,26.96,25.05,55895200.0
20260407,300115,长盈精密,30.93,31.17,31.71,30.93,22636800.0
20260407,300118,东方日升,15.45,15.51,15.74,15.31,33490400.0
20260407,300119,瑞普生物,17.6,18.88,19.85,17.37,13792200.0
20260407,300120,经纬辉开,7.22,7.29,7.38,7.18,6347500.0
20260407,300121,阳谷华泰,11.41,11.76,11.8,11.34,9164600.0
20260407,300122,智飞生物,15.32,15.78,15.92,14.93,28160700.0
20260407,300124,汇川技术,66.18,64.75,66.25,64.55,14203900.0
20260407,300125,聆达股份,8.23,8.49,8.54,8.23,3871600.0
20260407,300126,锐奇股份,7.34,7.52,7.6,7.2,4093100.0
20260407,300127,银河磁体,28.01,28.75,29.07,27.96,4269200.0
20260407,300128,锦富技术,5.7,5.78,5.87,5.7,13610300.0
20260407,300129,泰胜风能,11.83,11.86,11.95,11.65,25029900.0
20260407,300130,新国都,22.21,22.66,22.98,22.15,7706500.0
20260407,300131,英唐智控,11.5,11.29,11.59,11.21,38516900.0
20260407,300132,诺斯贝尔,8.41,8.55,8.71,8.3,13029400.0
20260407,300133,华策影视,6.93,6.99,7.03,6.9,21306300.0
20260407,300134,大富科技,10.09,10.73,11.55,9.99,38870500.0
20260407,300135,宝利国际,3.71,3.82,3.84,3.63,24516000.0
20260407,300136,信维通信,62.33,60.68,62.5,60.03,48126200.0
20260407,300137,先河环保,12.0,11.95,12.27,11.7,14355600.0
20260407,300138,晨光生物,11.9,11.87,12.08,11.75,9074600.0
20260407,300139,晓程科技,52.75,52.47,52.9,51.85,19047500.0
20260407,300140,节能环境,6.23,6.18,6.32,6.16,24814500.0
20260407,300141,和顺电气,12.32,13.12,13.47,12.32,12530900.0
20260407,300142,沃森生物,12.45,12.65,12.7,12.2,39651000.0
20260407,300143,盈康生命,12.19,12.35,12.55,11.98,18627200.0
20260407,300144,宋城演艺,7.7,7.68,7.76,7.64,14468900.0
20260407,300145,南方泵业,4.18,4.21,4.23,4.16,27678200.0
20260407,300146,汤臣倍健,10.78,10.86,10.88,10.73,8662300.0
20260407,300148,天舟文化,4.08,4.16,4.2,4.07,19319700.0
20260407,300149,睿智医药,11.97,11.66,12.08,11.4,57206500.0
20260407,300150,世纪瑞尔,5.06,5.2,5.26,5.05,9981200.0
20260407,300151,昌红科技,14.97,15.29,15.58,14.97,9223400.0
20260407,300153,科泰电源,24.82,24.34,24.88,24.18,11037700.0
20260407,300154,瑞凌股份,7.84,8.15,8.3,7.71,11412900.0
20260407,300155,安居宝,4.42,4.6,4.6,4.41,8429900.0
20260407,300157,新锦动力,6.16,6.42,6.44,6.01,53936600.0
20260407,300158,振东制药,6.17,6.3,6.39,6.0,35795500.0
20260407,300159,新研股份,3.01,3.0,3.03,3.0,9656200.0
20260407,300160,秀强股份,5.26,5.33,5.34,5.24,8158700.0
20260407,300161,华中数控,26.93,27.5,27.66,26.93,1995500.0
20260407,300162,雷曼光电,8.32,8.55,8.66,8.18,27925500.0
20260407,300163,先锋新材,4.41,4.57,4.58,4.38,16651400.0
20260407,300164,通源石油,14.99,15.72,15.77,14.35,120239900.0
20260407,300165,天瑞仪器,4.58,5.41,5.41,4.56,66953500.0
20260407,300166,东方国信,15.1,14.72,15.55,14.64,146541500.0
20260407,300168,万达信息,5.27,5.34,5.36,5.25,11444000.0
20260407,300169,天晟新材,5.62,5.79,5.82,5.54,8284700.0
20260407,300170,汉得信息,18.43,18.41,18.66,18.28,31327200.0
20260407,300171,东富龙,14.33,14.43,14.6,14.2,4369800.0
20260407,300172,中电环保,5.12,5.24,5.25,5.1,19545100.0
20260407,300174,元力股份,15.82,16.65,16.67,15.75,11829300.0
20260407,300175,朗源股份,6.03,6.08,6.15,5.92,3933100.0
20260407,300176,鸿特科技,6.9,7.05,7.09,6.85,9021000.0
20260407,300177,中海达,8.25,8.04,8.25,7.9,10229000.0
20260407,300179,四方达,21.23,22.27,23.0,20.85,63921100.0
20260407,300180,华峰超纤,5.77,6.03,6.13,5.77,46904400.0
20260407,300181,佐力药业,15.64,15.34,15.67,15.31,6639600.0
20260407,300182,捷成股份,5.39,5.5,5.54,5.38,67441700.0
20260407,300183,东软载波,13.56,13.78,13.81,13.56,3785000.0
20260407,300184,力源信息,10.4,10.46,10.8,10.39,39993200.0
20260407,300185,通裕重工,3.14,3.2,3.21,3.12,146885600.0
20260407,300187,永清环保,4.94,5.01,5.03,4.88,8633000.0
20260407,300188,国投智能,12.06,12.12,12.18,12.04,4403500.0
20260407,300189,神农种业,6.37,6.57,6.59,6.25,96777600.0
20260407,300190,维尔利,3.96,4.11,4.16,3.9,36070600.0
20260407,300191,潜能恒信,37.99,40.09,40.32,36.21,17646600.0
20260407,300192,科德教育,18.19,19.08,19.3,18.07,9556500.0
20260407,300193,佳士科技,8.27,8.36,8.39,8.17,4949700.0
20260407,300194,福安药业,4.18,4.28,4.29,4.08,27790000.0
20260407,300195,长荣股份,7.09,7.36,7.39,7.01,12289900.0
20260407,300196,长海股份,17.2,16.99,17.7,16.82,10365300.0
20260407,300197,节能铁汉,1.64,1.67,1.68,1.62,25716700.0
20260407,300199,翰宇药业,19.36,19.5,19.8,18.97,40943200.0
20260407,300200,高盟新材,9.07,9.19,9.22,9.02,10019900.0
20260407,300201,海伦哲,10.3,10.45,10.63,10.02,30307400.0
20260407,300203,聚光科技,13.25,13.31,13.63,13.13,4710400.0
20260407,300204,舒泰神,31.21,30.21,31.71,29.88,59851900.0
20260407,300206,理邦仪器,13.09,13.5,13.64,13.03,10771700.0
20260407,300207,欣旺达,23.68,23.75,24.32,23.59,46679100.0
20260407,300209,行云科技,9.6,9.74,10.1,9.05,78595200.0
20260407,300210,森远股份,9.11,8.99,9.26,8.9,12087500.0
20260407,300213,佳讯飞鸿,7.55,7.64,7.7,7.55,4847900.0
20260407,300214,日科化学,6.75,7.03,7.04,6.74,8825500.0
20260407,300215,电科院,7.7,7.84,7.88,7.65,11814000.0
20260407,300217,东方电热,5.01,5.06,5.09,5.01,18184800.0
20260407,300218,安利股份,15.15,15.56,15.7,15.02,3779600.0
20260407,300219,鸿利智汇,7.08,7.14,7.18,7.02,14855300.0
20260407,300220,金运激光,13.2,13.63,13.72,13.06,2450500.0
20260407,300221,银禧科技,9.45,9.71,9.97,9.44,14917900.0
20260407,300222,科大智能,10.46,10.38,10.49,10.32,7415000.0
20260407,300223,君正股份,106.68,104.56,107.3,104.22,10711200.0
20260407,300224,正海磁材,13.78,14.11,14.23,13.78,16114700.0
20260407,300225,金力泰,5.18,5.1,5.22,5.09,6959500.0
20260407,300226,上海钢联,23.58,23.6,23.74,23.32,4758000.0
20260407,300227,光韵达,10.98,10.92,11.19,10.84,12319000.0
20260407,300228,富瑞特装,8.91,9.12,9.14,8.9,20951400.0
20260407,300229,拓尔思,17.19,17.25,17.4,17.08,10699700.0
20260407,300230,永利股份,4.51,4.67,4.68,4.51,10506000.0
20260407,300231,银信科技,10.25,10.11,10.32,10.01,16097200.0
20260407,300232,洲明科技,6.62,6.68,6.69,6.59,15271600.0
20260407,300233,金城医药,14.63,14.5,14.87,14.43,8449600.0
20260407,300234,开尔新材,5.88,6.04,6.14,5.85,11795900.0
20260407,300235,方直科技,12.4,12.91,12.93,12.23,8553800.0
20260407,300236,上海新阳,73.23,74.14,75.14,72.7,5314900.0
20260407,300238,冠昊生物,14.85,15.57,16.0,14.69,10653600.0
20260407,300239,东宝生物,5.26,5.45,5.46,5.21,10650000.0
20260407,300240,飞力达,6.7,6.92,6.94,6.69,7781500.0
20260407,300241,瑞丰光电,6.43,6.48,6.5,6.33,33259800.0
20260407,300242,佳云科技,4.45,4.51,4.53,4.38,18534000.0
20260407,300243,瑞丰高材,12.69,13.4,13.62,12.68,17379700.0
20260407,300244,迪安诊断,18.36,18.41,18.63,18.23,14163500.0
20260407,300246,宝莱特,14.0,13.76,14.15,13.69,8377900.0
20260407,300247,融捷健康,4.45,4.53,4.56,4.45,11365600.0
20260407,300248,新开普,10.03,10.16,10.23,10.0,5032600.0
20260407,300249,依米康,15.35,15.2,15.61,15.11,18345800.0
20260407,300250,初灵信息,20.2,20.34,20.5,20.0,3098200.0
20260407,300251,光线传媒,14.48,14.75,14.75,14.46,37461300.0
20260407,300252,金信诺,13.29,13.55,13.78,13.28,23068300.0
20260407,300253,卫宁健康,8.21,8.17,8.27,8.13,26070500.0
20260407,300254,仟源医药,11.23,11.38,11.6,10.88,11038000.0
20260407,300255,常山药业,42.36,42.22,43.98,41.27,32903600.0
20260407,300256,星星科技,3.29,3.32,3.39,3.27,20604900.0
20260407,300257,开山股份,29.26,29.69,30.08,28.71,11303000.0
20260407,300258,精锻科技,11.68,11.78,12.05,11.6,10351000.0
20260407,300259,新天科技,4.33,4.43,4.44,4.32,18404400.0
20260407,300260,新莱应材,46.1,46.28,46.93,46.1,5663300.0
20260407,300261,雅本化学,6.27,6.45,6.45,6.24,13686000.0
20260407,300263,隆华科技,9.31,9.32,9.42,9.25,15125900.0
20260407,300264,佳创视讯,8.78,8.98,9.15,8.78,20178500.0
20260407,300265,通光线缆,17.4,18.8,19.8,17.22,88279300.0
20260407,300266,兴源环境,2.45,2.49,2.51,2.38,23480700.0
20260407,300267,尔康制药,3.9,3.94,3.96,3.73,60160400.0
20260407,300268,佳沃食品,12.64,12.95,12.96,12.63,547600.0
20260407,300269,联建光电,7.03,7.02,7.05,6.91,17974100.0
20260407,300270,中威电子,10.09,10.23,10.33,9.99,4243200.0
20260407,300271,华宇软件,6.33,6.43,6.46,6.33,7744700.0
20260407,300272,开能健康,7.92,7.85,7.94,7.65,14301800.0
20260407,300274,阳光电源,123.5,122.28,124.29,121.74,52224100.0
20260407,300275,梅安森,10.62,10.8,10.89,10.58,3284300.0
20260407,300276,三丰智能,6.72,6.74,6.77,6.66,11879800.0
20260407,300277,汽轮科技,17.85,17.63,18.04,17.47,22864400.0
20260407,300278,华昌达,4.44,4.49,4.49,4.4,13139000.0
20260407,300279,和晶科技,8.47,8.29,8.48,8.2,14729100.0
20260407,300281,金明精机,6.33,6.56,6.58,6.31,6282100.0
20260407,300283,温州宏丰,7.44,7.79,7.93,7.42,21246700.0
20260407,300284,苏交科,6.41,6.43,6.46,6.38,7868600.0
20260407,300285,国瓷材料,30.88,31.26,32.39,30.61,28343000.0
20260407,300286,安科瑞,23.76,23.85,24.5,23.7,4545900.0
20260407,300287,飞利信,4.14,4.18,4.21,4.13,11969400.0
20260407,300288,朗玛信息,12.16,12.29,12.4,12.14,2837700.0
20260407,300289,利德曼,6.58,6.7,6.74,6.45,6438700.0
20260407,300291,百纳千成,6.36,6.47,6.48,6.34,10482000.0
20260407,300292,吴通控股,4.42,4.63,4.75,4.41,63360200.0
20260407,300293,蓝英装备,17.84,18.55,18.77,17.71,14477600.0
20260407,300294,博雅生物,18.62,18.63,18.81,18.51,2770700.0
20260407,300296,利亚德,7.2,7.14,7.29,7.08,76474900.0
20260407,300298,三诺生物,15.73,15.89,15.93,15.62,2431200.0
20260407,300299,富春股份,5.77,5.83,5.85,5.73,9922200.0
20260407,300300,海峡创新,13.68,13.93,14.36,13.6,107490500.0
20260407,300302,同有科技,19.32,19.85,21.06,19.03,44300700.0
20260407,300303,聚飞光电,9.16,9.3,9.49,9.15,132812800.0
20260407,300304,云意电气,12.76,12.51,12.89,12.48,16026100.0
20260407,300305,裕兴股份,5.92,6.17,6.21,5.87,10226800.0
20260407,300306,远方信息,11.9,12.1,12.22,11.81,2961600.0
20260407,300307,慈星股份,6.23,6.35,6.42,6.2,5768100.0
20260407,300308,中际旭创,608.0,619.53,636.66,597.7,23903100.0
20260407,300310,宜通世纪,5.87,5.88,5.95,5.82,20850700.0
20260407,300311,任子行,4.95,5.04,5.06,4.93,6623500.0
20260407,300313,天山生物,8.01,7.97,8.19,7.82,3302400.0
20260407,300314,戴维医疗,12.68,12.82,12.91,12.57,3834600.0
20260407,300315,掌趣科技,4.63,4.66,4.71,4.63,34464700.0
20260407,300316,晶盛机电,41.21,40.97,42.02,40.8,12064000.0
20260407,300317,珈伟新能,4.65,4.79,4.85,4.62,61516300.0
20260407,300318,博晖创新,5.81,5.95,6.0,5.73,6667300.0
20260407,300319,麦捷科技,11.01,11.14,11.2,10.94,22017100.0
20260407,300320,海达股份,9.53,9.52,9.63,9.4,6035400.0
20260407,300321,同大股份,32.88,33.3,34.28,32.88,1183500.0
20260407,300322,硕贝德,23.66,23.38,23.98,23.24,11028900.0
20260407,300323,华灿光电,9.31,9.24,9.53,9.11,53879900.0
20260407,300324,旋极信息,4.38,4.45,4.46,4.37,28565200.0
20260407,300327,中颖电子,23.76,24.43,25.1,23.76,14444900.0
20260407,300328,宜安科技,17.92,16.5,18.38,16.43,72695800.0
20260407,300329,海伦钢琴,13.9,14.55,14.62,13.6,7706000.0
20260407,300331,苏大维格,42.74,42.22,42.97,41.8,5203700.0
20260407,300332,天壕能源,5.8,6.05,6.11,5.74,43985100.0
20260407,300333,兆日科技,8.51,8.73,8.8,8.51,7180000.0
20260407,300334,津膜科技,6.84,7.24,7.25,6.71,8944700.0
20260407,300335,迪森股份,6.78,6.81,6.93,6.69,26999900.0
20260407,300337,银邦股份,11.98,11.91,12.1,11.77,20450600.0
20260407,300339,润和软件,37.58,37.87,38.38,37.55,12438000.0
20260407,300340,科恒股份,10.4,10.58,10.67,10.27,6928700.0
20260407,300341,麦克奥迪,14.01,14.2,14.25,13.85,4415000.0
20260407,300342,天银机电,56.26,59.85,60.15,56.25,58973300.0
20260407,300343,联创股份,6.19,6.23,6.26,6.17,8163500.0
20260407,300345,华民股份,6.61,6.66,6.79,6.55,27268900.0
20260407,300346,南大光电,45.18,45.67,46.19,45.18,16186500.0
20260407,300347,泰格医药,55.6,55.43,56.42,53.84,9842500.0
20260407,300348,长亮科技,12.78,13.25,13.38,12.78,27235300.0
20260407,300349,金卡智能,13.47,13.56,13.69,13.47,4261800.0
20260407,300350,华鹏飞,5.1,5.26,5.3,5.05,15307000.0
20260407,300351,永贵电器,14.76,14.94,15.08,14.76,4914600.0
20260407,300353,东土科技,18.5,18.68,18.88,18.5,7747300.0
20260407,300354,东华测试,33.8,33.73,34.09,33.4,1209300.0
20260407,300355,蒙草生态,3.59,3.63,3.63,3.57,12763000.0
20260407,300357,我武生物,25.68,25.65,26.03,25.22,8298500.0
20260407,300358,楚天科技,9.39,9.52,9.6,9.32,9783900.0
20260407,300359,全通教育,4.7,4.82,4.83,4.68,6614900.0
20260407,300360,炬华科技,15.56,15.58,15.71,15.5,3752600.0
20260407,300363,博腾股份,21.76,21.55,21.96,21.15,11878400.0
20260407,300364,中文在线,25.41,26.61,27.09,25.02,55717600.0
20260407,300365,恒华科技,5.68,5.8,5.83,5.65,18349900.0
20260407,300368,汇金股份,10.42,10.58,10.71,10.32,18064700.0
20260407,300369,绿盟科技,7.69,7.71,7.82,7.67,20744000.0
20260407,300370,安控科技,2.45,2.49,2.5,2.41,20569500.0
20260407,300371,汇中股份,11.79,12.21,12.36,11.76,3823300.0
20260407,300373,扬杰科技,72.74,70.79,73.28,70.6,10244400.0
20260407,300374,中铁装配,13.66,13.99,14.07,13.63,2703000.0
20260407,300375,鹏翎股份,4.58,4.7,4.73,4.58,11982900.0
20260407,300376,易事特,6.22,6.13,6.29,6.1,20498700.0
20260407,300377,赢时胜,17.04,17.3,17.39,17.04,16978100.0
20260407,300378,鼎捷数智,38.16,37.9,38.56,37.45,7594300.0
20260407,300380,安硕信息,32.93,33.5,33.7,32.93,1676000.0
20260407,300381,溢多利,6.11,6.45,6.57,6.07,14839400.0
20260407,300382,斯莱克,11.4,11.46,11.48,11.3,5980700.0
20260407,300383,光环新网,16.89,16.38,16.96,16.27,138312700.0
20260407,300384,三联虹普,14.8,14.85,14.94,14.68,2130600.0
20260407,300386,飞天诚信,13.6,14.1,14.22,13.6,5363500.0
20260407,300387,富邦科技,8.18,8.67,8.69,8.15,12926500.0
20260407,300388,节能国祯,7.66,7.68,7.73,7.59,2971300.0
20260407,300389,艾比森,16.83,16.95,17.5,16.38,14861800.0
20260407,300390,天华新能,59.2,56.98,59.59,56.21,25658300.0
20260407,300393,中来股份,9.73,9.96,10.08,9.62,36912400.0
20260407,300394,天孚通信,334.02,317.36,336.83,314.85,32900800.0
20260407,300395,菲利华,95.01,94.95,98.5,94.5,22781900.0
20260407,300397,天和防务,11.1,11.18,11.23,11.08,7308700.0
20260407,300398,飞凯材料,26.06,26.13,26.68,25.81,25134500.0
20260407,300399,天利科技,19.67,20.08,20.13,19.57,3255100.0
20260407,300400,劲拓股份,27.58,27.38,28.66,27.03,25528500.0
20260407,300401,花园生物,13.89,14.06,14.23,13.86,9004300.0
20260407,300402,宝色股份,18.21,18.36,18.5,18.12,2231500.0
20260407,300403,汉宇集团,11.2,11.24,11.35,11.18,4566300.0
20260407,300404,博济医药,10.02,10.2,10.3,9.81,11774400.0
20260407,300405,科隆股份,5.88,6.15,6.18,5.77,14462900.0
20260407,300406,九强生物,11.8,11.85,11.96,11.69,2118100.0
20260407,300407,凯发电气,12.33,12.29,12.48,12.2,6273300.0
20260407,300408,三环集团,55.2,56.69,56.93,54.76,24565800.0
20260407,300409,道氏技术,24.09,24.22,24.66,24.02,14205000.0
20260407,300410,正业科技,7.63,7.9,7.97,7.63,12029000.0
20260407,300411,金盾股份,10.18,10.26,10.28,10.11,4031400.0
20260407,300412,迦南科技,4.99,5.11,5.15,4.95,15013500.0
20260407,300413,芒果超媒,20.6,20.61,20.79,20.38,6595600.0
20260407,300414,中光防雷,13.52,13.57,13.74,13.49,4302700.0
20260407,300415,伊之密,23.77,23.55,23.95,23.5,4585500.0
20260407,300416,苏试试验,17.45,17.23,17.63,17.18,11313600.0
20260407,300417,南华仪器,11.65,11.98,12.07,11.55,4369300.0
20260407,300418,昆仑万维,46.5,47.22,48.24,46.2,38174000.0
20260407,300420,五洋自控,3.43,3.51,3.55,3.42,15303500.0
20260407,300421,力星股份,22.55,22.64,22.87,22.39,7149700.0
20260407,300422,博世科,4.54,4.71,4.75,4.47,13137500.0
20260407,300423,昇辉科技,7.78,7.94,7.97,7.72,13967500.0
20260407,300424,航新科技,15.91,16.4,16.55,15.82,5814100.0
20260407,300425,中建环能,4.69,4.77,4.81,4.64,7416000.0
20260407,300426,华智数媒,7.19,7.21,7.28,7.12,4920500.0
20260407,300427,红相股份,11.33,11.53,11.58,11.29,23356000.0
20260407,300428,立中集团,20.15,20.31,20.39,20.04,5277600.0
20260407,300429,强力新材,13.26,13.48,13.68,13.01,35929400.0
20260407,300432,富临精工,22.33,22.21,22.7,22.02,49976300.0
20260407,300433,蓝思科技,28.6,28.29,29.19,28.06,68223600.0
20260407,300434,金石亚药,10.08,10.33,10.39,9.89,9115500.0
20260407,300435,中泰股份,25.01,25.54,25.7,25.01,7574300.0
20260407,300436,广生堂,123.56,120.33,125.99,116.0,15408900.0
20260407,300437,清水源,14.64,15.74,15.85,14.6,21968800.0
20260407,300438,鹏辉能源,49.76,51.0,53.15,49.7,32787300.0
20260407,300439,美康生物,9.53,9.85,9.95,9.44,4840700.0
20260407,300440,运达科技,15.82,15.73,16.65,15.58,9238800.0
20260407,300441,鲍斯股份,6.95,6.97,7.01,6.91,2390200.0
20260407,300442,润泽科技,80.96,79.51,81.81,78.5,27672800.0
20260407,300443,金雷股份,27.12,27.26,28.18,27.08,9432400.0
20260407,300444,双杰电气,12.81,12.99,13.16,12.79,25293000.0
20260407,300445,康斯特,19.96,19.73,20.15,19.55,2917600.0
20260407,300446,航天智造,19.38,19.34,19.55,19.22,6656000.0
20260407,300447,全信股份,18.68,18.7,19.08,18.55,7831300.0
20260407,300448,浩云科技,6.6,6.67,6.72,6.48,17460200.0
20260407,300449,汉邦高科,6.84,6.85,6.94,6.81,5389400.0
20260407,300450,先导智能,46.6,47.55,48.95,46.6,41459200.0
20260407,300451,创业慧康,4.61,4.63,4.67,4.59,12710800.0
20260407,300452,山河药辅,14.8,14.93,15.1,14.53,5066700.0
20260407,300453,三鑫医疗,9.55,9.68,9.74,9.4,6412000.0
20260407,300454,深信服,97.3,95.89,97.72,95.43,7817900.0
20260407,300455,航天智装,23.74,23.14,23.74,23.03,6040000.0
20260407,300456,赛微电子,49.67,51.33,51.99,49.65,82713500.0
20260407,300457,赢合科技,25.72,26.3,26.4,25.7,14294300.0
20260407,300458,全志科技,32.9,32.88,33.22,32.72,7605900.0
20260407,300459,汤姆猫,3.93,3.97,3.99,3.93,43009800.0
20260407,300461,田中精机,65.88,63.66,66.71,62.8,9076100.0
20260407,300463,迈克生物,10.65,10.79,10.9,10.57,5058100.0
20260407,300464,星徽股份,7.92,7.87,8.0,7.78,12807500.0
20260407,300465,高伟达,14.07,14.41,14.56,14.07,8179700.0
20260407,300466,赛摩智能,8.41,8.45,8.47,8.31,3345500.0
20260407,300467,迅游科技,27.31,28.74,28.95,27.3,3854800.0
20260407,300468,四方精创,28.62,29.88,30.85,28.61,43061900.0
20260407,300469,信息发展,53.5,53.46,54.25,52.46,6154400.0
20260407,300470,中密控股,35.72,36.5,36.59,35.51,2572600.0
20260407,300471,厚普股份,12.56,12.83,12.94,12.56,9516200.0
20260407,300473,德尔股份,29.59,29.83,30.32,29.59,2183100.0
20260407,300474,景嘉微,55.16,56.15,56.83,55.16,5795900.0
20260407,300475,香农芯创,123.5,123.48,126.94,122.8,17780500.0
20260407,300476,胜宏科技,266.19,264.88,271.57,263.01,21092600.0
20260407,300478,杭州高新,23.15,23.3,23.5,23.0,1325600.0
20260407,300479,神思电子,17.59,17.88,18.03,17.3,2886100.0
20260407,300480,光力科技,27.58,27.8,28.66,27.04,11774100.0
20260407,300481,濮阳惠成,14.79,15.51,15.94,14.75,10209900.0
20260407,300482,万孚生物,17.82,17.7,17.92,17.66,3899100.0
20260407,300483,首华燃气,19.89,20.94,21.16,19.4,36789600.0
20260407,300484,蓝海华腾,16.07,16.4,16.55,16.07,1833000.0
20260407,300485,赛升药业,11.36,11.7,11.71,10.85,21595300.0
20260407,300486,东杰智能,24.8,24.05,24.98,23.9,12882600.0
20260407,300487,蓝晓科技,66.3,65.95,67.0,65.33,1337900.0
20260407,300488,恒锋工具,26.98,26.81,27.15,26.72,1862800.0
20260407,300489,光智科技,48.5,49.99,50.5,48.0,8374500.0
20260407,300490,华自科技,16.25,16.4,17.1,16.01,21108700.0
20260407,300491,通合科技,22.9,22.79,23.11,22.64,2963400.0
20260407,300492,华图山鼎,57.66,56.52,57.66,55.26,1520500.0
20260407,300493,润欣科技,14.65,14.79,14.88,14.63,5619600.0
20260407,300494,盛天网络,10.97,11.12,11.17,10.96,5315200.0
20260407,300496,中科创达,56.89,56.73,57.79,56.59,6620300.0
20260407,300497,富祥股份,18.0,18.82,19.34,17.8,70722000.0
20260407,300498,温氏股份,16.35,16.46,16.85,15.93,39205400.0
20260407,300499,高澜股份,34.21,33.52,34.84,33.44,17451000.0
20260407,300500,启迪设计,10.05,10.38,10.38,10.02,4507300.0
20260407,300501,海顺新材,17.68,18.21,18.48,17.59,11146000.0
20260407,300502,新易盛,450.0,458.7,468.0,441.19,28417400.0
20260407,300503,昊志机电,53.0,52.31,53.6,51.79,10437000.0
20260407,300504,天邑股份,14.97,15.36,15.47,14.94,9423400.0
20260407,300505,川金诺,25.85,27.43,27.76,25.8,32321100.0
20260407,300506,名家汇,4.43,4.43,4.46,4.33,6975800.0
20260407,300507,苏奥传感,8.16,8.1,8.24,8.03,11451700.0
20260407,300508,维宏股份,35.97,36.48,36.68,35.61,1307800.0
20260407,300509,新美星,11.31,11.38,11.41,11.07,3853300.0
20260407,300510,金冠股份,4.0,4.12,4.14,3.97,22672900.0
20260407,300511,雪榕生物,6.92,6.91,7.07,6.8,13911000.0
20260407,300512,中亚股份,8.75,8.92,8.98,8.7,2991000.0
20260407,300513,恒实科技,8.2,8.44,8.55,8.1,6370600.0
20260407,300514,友讯达,12.38,12.63,12.79,12.34,2917700.0
20260407,300515,三德科技,17.42,17.53,17.68,17.23,1478500.0
20260407,300516,久之洋,57.24,56.7,57.5,56.35,2396000.0
20260407,300517,海波重科,10.41,11.01,11.04,10.28,6329800.0
20260407,300518,新迅达,19.16,19.28,19.92,19.0,4207700.0
20260407,300519,新光药业,15.09,15.48,15.66,14.85,2843100.0
20260407,300520,科大国创,33.93,33.78,34.25,33.59,6149300.0
20260407,300521,爱司凯,25.26,25.14,25.5,24.84,1475400.0
20260407,300522,世名科技,11.06,11.94,12.05,10.99,12211800.0
20260407,300523,辰安科技,20.51,20.74,20.96,20.45,1005300.0
20260407,300525,博思软件,9.91,9.99,10.04,9.91,6418100.0
20260407,300528,幸福蓝海,15.31,15.79,15.8,15.3,6487300.0
20260407,300529,健帆生物,17.31,17.31,17.45,17.27,1905100.0
20260407,300530,领湃科技,23.81,24.16,24.4,23.73,1219700.0
20260407,300531,优博讯,19.06,19.85,20.04,19.06,30739600.0
20260407,300532,今天国际,11.06,11.13,11.17,10.97,9406700.0
20260407,300533,冰川网络,27.56,27.73,27.95,27.34,2981900.0
20260407,300534,陇神戎发,9.41,9.56,9.69,9.23,10853300.0
20260407,300535,达威股份,18.44,19.11,19.22,18.01,3433000.0
20260407,300536,农尚环境,7.6,7.74,7.8,7.58,4569400.0
20260407,300537,广信材料,20.86,21.48,21.48,20.86,3380700.0
20260407,300538,同益股份,13.93,14.31,14.49,13.93,3820500.0
20260407,300539,横河精密,26.61,26.86,27.1,26.51,4105300.0
20260407,300540,蜀道装备,19.47,19.66,19.77,19.31,3765100.0
20260407,300541,先进数通,13.3,13.47,13.62,13.29,6094000.0
20260407,300542,新晨科技,15.07,16.69,17.7,15.06,21847700.0
20260407,300543,朗科智能,9.14,9.43,9.56,9.05,9392900.0
20260407,300545,联得装备,31.45,31.67,33.25,31.02,16348400.0
20260407,300546,雄帝科技,20.63,21.09,21.34,20.53,3932500.0
20260407,300547,川环科技,36.51,35.88,36.97,35.41,12424700.0
20260407,300548,长芯博创,169.05,181.1,186.66,168.9,32599500.0
20260407,300549,优德精密,16.23,16.79,16.9,16.01,2435000.0
20260407,300550,和仁科技,11.77,11.9,11.95,11.6,2503000.0
20260407,300551,古鳌科技,13.35,13.45,13.67,13.21,6628400.0
20260407,300552,万集科技,25.02,25.02,25.28,24.83,2830800.0
20260407,300553,集智股份,38.56,38.63,40.15,38.2,2465200.0
20260407,300554,三超新材,21.16,21.34,21.65,20.91,2318900.0
20260407,300556,丝路视觉,16.54,17.08,17.2,16.54,2659500.0
20260407,300557,理工光科,32.0,32.69,33.28,31.92,3743900.0
20260407,300558,贝达药业,44.36,44.48,45.16,43.55,5902700.0
20260407,300559,佳发教育,13.69,14.0,14.1,13.42,11705600.0
20260407,300560,中富通,14.68,14.99,15.13,14.51,6364700.0
20260407,300561,汇金科技,13.3,13.74,14.13,13.01,10226700.0
20260407,300562,乐心医疗,12.66,13.11,13.29,12.51,5945100.0
20260407,300563,神宇股份,30.0,30.21,30.48,30.0,1965300.0
20260407,300564,筑博设计,14.84,14.82,14.94,14.05,3255700.0
20260407,300565,科信技术,14.11,14.55,14.75,14.0,30713300.0
20260407,300566,激智科技,17.45,17.51,17.59,17.33,3150200.0
20260407,300567,精测电子,118.37,119.38,121.81,116.48,7461900.0
20260407,300568,星源材质,14.1,14.43,14.46,13.94,45587300.0
20260407,300569,天能重工,6.27,6.46,6.5,6.23,27029200.0
20260407,300570,太辰光,112.66,115.02,117.5,112.66,20803400.0
20260407,300571,平治信息,31.63,30.51,32.29,30.18,9635300.0
20260407,300572,安车检测,26.95,27.53,27.56,26.81,3125900.0
20260407,300573,兴齐眼药,66.0,65.67,66.65,65.26,2489200.0
20260407,300575,中旗股份,5.94,6.33,6.35,5.9,16152500.0
20260407,300576,容大感光,33.0,33.54,33.75,33.0,3834800.0
20260407,300577,开润股份,17.95,18.14,18.24,17.95,690800.0
20260407,300578,会畅科技,19.31,19.6,19.76,19.12,4215300.0
20260407,300579,数字认证,25.96,26.21,26.47,25.96,1833300.0
20260407,300580,贝斯特,22.7,22.78,22.91,22.3,6583800.0
20260407,300581,晨曦航空,12.39,12.55,12.65,12.39,5013100.0
20260407,300582,英飞特,13.12,12.73,13.33,12.46,12368100.0
20260407,300583,赛托生物,13.98,14.4,14.58,13.9,4456600.0
20260407,300584,海辰药业,44.92,44.17,45.1,42.91,5527400.0
20260407,300585,奥联电子,15.5,15.38,15.63,15.27,3486700.0
20260407,300586,美联新材,9.0,9.49,9.68,9.0,16335400.0
20260407,300587,天铁科技,5.07,5.07,5.13,5.01,16452900.0
20260407,300588,熙菱信息,22.52,23.65,23.98,22.52,3242500.0
20260407,300589,江龙船艇,15.6,15.71,15.83,15.4,10595500.0
20260407,300590,移为通信,11.02,11.26,11.38,11.02,3195400.0
20260407,300591,万里马,6.68,6.85,6.9,6.66,12391200.0
20260407,300592,华凯易佰,12.39,12.65,12.78,12.17,11007200.0
20260407,300593,新雷能,22.9,23.0,23.44,22.86,9650500.0
20260407,300595,欧普康视,13.81,13.82,13.97,13.76,4486500.0
20260407,300596,利安隆,43.0,43.94,44.78,42.77,3464200.0
20260407,300597,吉大通信,8.74,8.89,8.96,8.67,4886800.0
20260407,300598,诚迈科技,35.82,36.2,36.36,35.68,1853700.0
20260407,300599,雄塑科技,9.81,9.52,9.98,9.47,11066300.0
20260407,300600,国瑞科技,12.02,12.26,12.28,11.9,5667500.0
20260407,300601,康泰生物,13.82,13.97,14.09,13.66,7912700.0
20260407,300602,飞荣达,29.25,29.35,29.75,29.1,8506200.0
20260407,300603,立昂技术,11.56,11.46,11.78,11.3,40137300.0
20260407,300604,长川科技,116.5,118.98,122.0,115.5,14919600.0
20260407,300605,恒锋信息,13.59,13.71,13.95,13.35,4070000.0
20260407,300606,金太阳,35.0,35.01,36.88,34.71,11138500.0
20260407,300607,拓斯达,24.75,24.68,24.9,24.45,3821900.0
20260407,300608,思特奇,12.61,12.37,12.79,12.31,42391300.0
20260407,300609,汇纳科技,33.49,32.44,33.7,32.21,2489600.0
20260407,300610,晨化股份,10.71,11.39,11.39,10.71,6436600.0
20260407,300611,美力科技,25.77,25.64,26.18,25.42,3500700.0
20260407,300612,宣亚国际,14.2,14.54,14.7,14.13,5992500.0
20260407,300613,富瀚微,41.0,41.24,41.55,40.85,3282000.0
20260407,300614,百川畅银,12.44,12.7,12.84,12.35,3087600.0
20260407,300615,欣天科技,13.44,13.45,13.79,13.32,5740300.0
20260407,300616,尚品宅配,11.36,11.7,11.79,11.36,3981200.0
20260407,300617,安靠智电,51.52,51.61,52.52,50.48,7861200.0
20260407,300618,寒锐钴业,40.62,40.99,41.25,40.45,3766900.0
20260407,300619,金银河,38.52,38.83,39.6,38.41,4161100.0
20260407,300620,光库科技,222.25,219.3,227.9,217.0,17752700.0
20260407,300621,维业股份,7.65,7.96,7.98,7.6,5542600.0
20260407,300622,博士眼镜,22.56,22.87,23.02,22.56,2580300.0
20260407,300623,捷捷微电,26.67,26.6,26.91,26.55,6200200.0
20260407,300624,万兴科技,65.62,65.5,66.38,65.1,3481600.0
20260407,300625,三雄极光,10.99,11.23,11.3,10.91,2002700.0
20260407,300626,华瑞股份,24.79,23.9,25.1,22.79,26601100.0
20260407,300627,华测导航,32.61,32.41,32.96,32.32,4769400.0
20260407,300628,亿联网络,32.95,33.05,33.44,32.78,4321700.0
20260407,300629,新劲刚,21.41,21.61,21.86,21.37,4803700.0
20260407,300631,久吾高科,26.04,26.15,26.38,25.73,2626300.0
20260407,300632,光莆股份,16.22,15.14,16.45,14.96,47659400.0
20260407,300633,开立医疗,25.14,25.12,25.35,24.9,1973100.0
20260407,300634,彩讯股份,23.7,23.61,23.92,23.46,7152600.0
20260407,300635,中达安,13.07,13.56,13.63,13.07,4605700.0
20260407,300636,同和药业,8.01,8.17,8.24,7.91,10353900.0
20260407,300637,扬帆新材,11.04,11.35,11.4,11.04,5741600.0
20260407,300638,广和通,23.85,23.75,24.06,23.52,8169600.0
20260407,300639,凯普生物,6.65,7.03,7.04,6.47,58563100.0
20260407,300640,德艺文创,6.78,7.02,7.08,6.71,10172500.0
20260407,300641,正丹股份,18.65,19.05,19.14,18.42,11800700.0
20260407,300642,透景生命,16.31,16.8,16.96,16.13,4186800.0
20260407,300643,万通智控,16.14,16.38,16.53,16.07,2955000.0
20260407,300644,南京聚隆,28.1,29.19,29.64,28.05,3624000.0
20260407,300645,正元智慧,15.83,16.44,16.59,15.83,3272200.0
20260407,300647,超频三,5.8,5.93,5.97,5.8,8901200.0
20260407,300648,星云股份,50.85,50.55,51.49,50.06,1042600.0
20260407,300649,杭州园林,13.56,14.12,14.12,13.44,3053200.0
20260407,300650,太龙股份,14.05,14.28,14.49,14.04,5906900.0
20260407,300651,金陵体育,26.93,32.4,32.4,26.9,26321300.0
20260407,300652,雷迪克,40.29,40.4,40.69,40.01,1607800.0
20260407,300653,正海生物,19.49,19.67,19.84,19.19,1748900.0
20260407,300654,世纪天鸿,9.99,10.31,10.48,9.99,12412000.0
20260407,300655,晶瑞电材,14.09,14.36,14.4,14.09,21717100.0
20260407,300656,民德电子,20.07,20.32,20.53,19.94,2270700.0
20260407,300657,弘信电子,28.25,27.83,28.57,27.59,16177400.0
20260407,300658,延江股份,27.31,27.05,27.89,26.1,30826000.0
20260407,300659,中孚信息,12.47,12.59,12.63,12.3,6029600.0
20260407,300660,江苏雷利,40.81,40.66,41.28,40.51,2394100.0
20260407,300661,圣邦股份,68.9,71.95,73.0,68.9,29287300.0
20260407,300662,科锐国际,23.5,23.71,23.87,23.31,2857400.0
20260407,300663,科蓝软件,12.3,12.7,12.82,12.27,12221400.0
20260407,300664,鹏鹞环保,5.27,5.37,5.38,5.22,13824100.0
20260407,300665,飞鹿股份,7.15,7.54,7.55,7.11,9026500.0
20260407,300666,江丰电子,149.99,149.51,153.28,148.04,8502500.0
20260407,300667,必创科技,16.82,16.38,17.16,16.3,11663700.0
20260407,300668,杰恩股份,40.69,40.08,41.57,39.42,6185000.0
20260407,300669,沪宁股份,30.56,30.27,30.91,30.03,840400.0
20260407,300670,大烨智能,5.85,6.11,6.11,5.85,8318000.0
20260407,300671,富满微,38.05,38.7,39.91,38.05,8071100.0
20260407,300672,国科微,157.01,155.8,159.78,154.58,6504300.0
20260407,300673,佩蒂股份,14.91,15.04,15.15,14.78,1820700.0
20260407,300674,宇信科技,20.14,20.0,20.49,19.92,12633700.0
20260407,300675,建科院,14.23,14.63,14.68,14.05,2570000.0
20260407,300676,华大基因,39.35,39.25,39.64,38.84,3063300.0
20260407,300677,英科医疗,59.58,65.66,68.44,59.27,25864800.0
20260407,300678,中科信息,27.62,27.75,28.0,27.46,2488100.0
20260407,300679,电连技术,33.76,33.47,34.23,33.33,6470500.0
20260407,300680,隆盛科技,38.4,37.67,38.5,37.43,6304200.0
20260407,300681,英搏尔,23.0,22.85,23.34,22.59,11064400.0
20260407,300682,朗新科技,15.2,14.97,15.28,14.87,12411500.0
20260407,300683,海特生物,44.6,41.71,45.25,40.5,16861600.0
20260407,300684,中石科技,47.51,47.49,48.4,47.0,4254900.0
20260407,300685,艾德生物,22.17,22.57,22.94,21.92,8853600.0
20260407,300686,智动力,15.42,15.05,15.66,14.47,13812800.0
20260407,300687,赛意信息,18.19,18.11,18.41,18.02,3369600.0
20260407,300688,创业黑马,23.21,23.53,23.7,23.06,4001000.0
20260407,300689,澄天伟业,45.21,44.66,45.5,44.3,886900.0
20260407,300690,双一科技,28.11,28.46,28.6,27.92,5883400.0
20260407,300691,联合光电,15.4,15.46,15.53,15.2,3638800.0
20260407,300692,中赋科技,8.24,8.04,8.24,7.91,21235600.0
20260407,300693,盛弘股份,45.62,43.77,45.79,43.57,15946700.0
20260407,300694,蠡湖股份,11.26,11.66,11.69,11.2,4133400.0
20260407,300695,兆丰股份,66.94,66.43,67.57,65.71,444300.0
20260407,300696,爱乐达,26.0,25.9,26.1,25.7,2640300.0
20260407,300697,电工合金,14.34,14.6,14.66,14.34,3434300.0
20260407,300698,万马科技,34.3,34.1,34.66,33.94,1890300.0
20260407,300699,光威复材,33.27,33.14,33.65,32.93,10230400.0
20260407,300700,岱勒新材,13.36,13.62,14.13,13.3,11074000.0
20260407,300701,森霸传感,11.11,11.25,11.38,11.07,3825200.0
20260407,300702,天宇股份,22.94,22.6,23.15,22.29,3685500.0
20260407,300703,创源股份,19.38,19.85,19.9,19.03,4694900.0
20260407,300705,九典制药,14.2,14.27,14.42,13.95,5329500.0
20260407,300706,阿石创,33.62,33.35,34.11,33.0,9635400.0
20260407,300707,威唐工业,15.14,15.41,15.65,15.05,4326700.0
20260407,300708,聚灿光电,9.03,9.01,9.13,8.9,23555600.0
20260407,300709,精研科技,40.96,39.8,41.44,39.52,10214000.0
20260407,300710,万隆光电,27.24,28.8,29.49,27.12,4112300.0
20260407,300711,广哈通信,23.76,23.88,24.28,23.68,2335000.0
20260407,300712,永福股份,27.43,27.38,27.45,27.05,1722100.0
20260407,300713,英可瑞,15.14,15.43,15.63,15.05,3281700.0
20260407,300715,凯伦股份,12.71,12.99,13.21,12.65,4113400.0
20260407,300717,华信新材,19.86,20.21,20.33,19.52,2101100.0
20260407,300718,长盛轴承,68.55,68.96,69.49,68.0,2147900.0
20260407,300719,安达维尔,15.12,15.33,15.42,15.05,3809900.0
20260407,300720,海川智能,63.0,61.81,64.88,60.65,7805500.0
20260407,300721,怡达股份,13.21,14.06,14.13,13.09,7038400.0
20260407,300722,新余国科,29.0,29.91,29.99,29.0,5757900.0
20260407,300723,一品红,36.01,35.9,37.09,35.01,17482600.0
20260407,300724,捷佳伟创,103.99,102.25,104.94,101.75,10201200.0
20260407,300725,药石科技,37.1,37.1,37.9,36.49,6152500.0
20260407,300726,宏达电子,41.03,41.1,41.63,40.73,2383500.0
20260407,300727,润禾材料,29.4,31.2,31.68,29.4,5131000.0
20260407,300729,乐歌股份,12.13,12.14,12.23,12.06,2304200.0
20260407,300730,科创信息,13.8,14.13,14.25,13.8,12502000.0
20260407,300731,科创新源,60.99,58.97,62.3,58.76,5584700.0
20260407,300732,设研院,6.64,6.85,6.86,6.6,5418000.0
20260407,300733,西菱动力,17.49,17.38,17.86,17.3,3833200.0
20260407,300735,光弘科技,21.1,20.82,21.42,20.7,8035900.0
20260407,300736,百邦科技,20.42,19.68,20.81,19.51,15163100.0
20260407,300737,科顺股份,5.89,5.86,5.94,5.83,13817100.0
20260407,300738,奥飞数据,21.03,20.6,21.5,20.51,51028000.0
20260407,300739,明阳电路,25.39,25.13,25.86,24.76,15823600.0
20260407,300740,水羊股份,19.88,20.35,20.54,19.88,5327800.0
20260407,300741,华宝股份,16.23,16.56,16.6,15.92,4056400.0
20260407,300743,天地数码,16.98,17.43,17.58,16.85,2821200.0
20260407,300745,欣锐科技,24.81,24.08,25.15,23.91,6092800.0
20260407,300746,汉嘉数智,12.58,12.91,12.93,12.44,3657600.0
20260407,300747,锐科激光,29.71,29.68,30.64,29.51,24962200.0
20260407,300748,金力永磁,30.5,31.08,31.45,30.41,22447700.0
20260407,300749,顶固集创,26.19,26.12,27.4,26.02,11136600.0
20260407,300750,宁德时代,389.98,384.59,393.2,381.49,17257600.0
20260407,300751,迈为股份,220.48,213.64,222.49,212.9,8762100.0
20260407,300752,隆利科技,15.85,16.05,16.25,15.8,3171200.0
20260407,300753,爱朋医疗,26.56,27.23,27.55,26.56,4678200.0
20260407,300755,华致酒行,12.35,12.56,12.57,12.3,2205900.0
20260407,300756,金马游乐,39.46,41.59,42.2,39.46,3470800.0
20260407,300757,罗博特科,433.51,436.0,448.5,427.8,7447800.0
20260407,300758,七彩化学,13.11,13.88,13.92,13.11,13611600.0
20260407,300759,康龙化成,30.2,30.1,31.3,29.35,44495200.0
20260407,300760,迈瑞医疗,158.43,157.76,159.78,157.36,4725500.0
20260407,300761,立华股份,19.4,20.22,20.74,19.3,9927100.0
20260407,300762,上海瀚讯,35.06,35.06,35.7,34.68,21502600.0
20260407,300763,锦浪科技,88.3,88.53,89.93,86.87,13111900.0
20260407,300765,石药创新,32.91,33.25,34.05,32.52,10840400.0
20260407,300766,每日互动,35.85,35.37,36.36,34.71,21405400.0
20260407,300767,震安科技,18.3,18.16,18.33,17.99,3076800.0
20260407,300768,迪普科技,15.03,15.18,15.26,15.0,2554600.0
20260407,300769,德方纳米,40.2,40.97,41.15,40.12,8720600.0
20260407,300770,新媒股份,38.69,38.45,38.9,38.38,1195900.0
20260407,300771,智莱科技,13.29,13.56,13.67,13.29,3477200.0
20260407,300772,运达股份,17.76,17.02,17.84,16.95,16838200.0
20260407,300773,拉卡拉,22.74,23.61,24.3,22.74,58813100.0
20260407,300774,倍杰特,16.38,16.8,17.08,16.38,7958100.0
20260407,300775,三角防务,35.01,34.37,35.24,34.19,13323800.0
20260407,300776,帝尔激光,72.29,72.35,74.33,71.99,3662900.0
20260407,300777,中简科技,34.85,34.85,35.34,34.73,4628400.0
20260407,300778,新城市,11.45,11.85,11.85,11.42,3457200.0
20260407,300779,惠城环保,87.31,88.61,89.98,86.5,3211800.0
20260407,300780,德恩精工,21.05,20.86,21.28,20.63,8077700.0
20260407,300781,因赛集团,33.29,34.25,34.49,33.17,3359700.0
20260407,300782,卓胜微,88.95,87.9,90.2,87.3,16519100.0
20260407,300783,三只松鼠,18.05,18.23,18.33,18.03,2964000.0
20260407,300784,利安科技,46.29,47.86,48.14,45.83,735400.0
20260407,300785,值得买,46.58,46.78,47.49,45.94,5490600.0
20260407,300786,国林科技,13.99,14.29,14.38,13.96,4225100.0
20260407,300787,海能实业,11.2,11.41,11.5,11.15,3383900.0
20260407,300788,中信出版,29.09,29.18,29.25,28.56,2059200.0
20260407,300789,唐源电气,19.87,19.84,20.6,19.42,2380100.0
20260407,300790,宇瞳光学,24.94,24.61,25.18,24.32,13674600.0
20260407,300791,仙乐健康,19.99,20.37,20.45,19.8,1840700.0
20260407,300792,壹网壹创,32.73,34.65,35.11,32.73,12251000.0
20260407,300793,佳禾智能,13.57,13.66,13.75,13.53,3624900.0
20260407,300795,米奥会展,11.35,11.56,11.6,11.14,2376100.0
20260407,300796,贝斯美,8.88,9.25,9.26,8.78,8013400.0
20260407,300797,钢研纳克,14.33,14.47,14.58,14.33,1525900.0
20260407,300798,锦鸡股份,9.0,9.52,9.65,8.76,25922100.0
20260407,300800,力合科技,11.23,11.62,11.72,11.2,3007000.0
20260407,300801,泰和科技,25.54,26.08,26.23,25.54,2905900.0
20260407,300802,矩子科技,17.79,18.12,18.17,17.79,3218600.0
20260407,300803,指南针,95.0,95.56,96.3,94.28,9418400.0
20260407,300804,广康生化,43.88,48.73,50.97,43.88,6619000.0
20260407,300805,电声股份,9.52,9.87,9.97,9.52,11371700.0
20260407,300806,斯迪克,46.35,45.86,46.8,44.8,11591500.0
20260407,300807,天迈科技,50.49,50.74,51.48,50.23,1105100.0
20260407,300808,久量股份,27.84,26.17,27.93,25.78,4794100.0
20260407,300809,华辰装备,32.08,31.91,32.26,31.7,1338700.0
20260407,300810,中科海讯,30.9,30.55,31.09,30.41,2018500.0
20260407,300811,铂科新材,76.3,75.59,77.66,75.2,4607700.0
20260407,300812,易天股份,39.6,38.52,40.16,38.38,23309800.0
20260407,300813,泰林生物,26.61,27.08,27.48,26.51,4599000.0
20260407,300814,中富电路,85.19,87.4,90.8,84.62,9389100.0
20260407,300815,玉禾田,20.55,20.29,20.55,20.0,2282800.0
20260407,300816,艾可蓝,69.18,69.7,72.18,68.5,3200100.0
20260407,300817,双飞集团,17.17,17.42,17.58,17.06,1457700.0
20260407,300818,耐普矿机,34.0,34.41,34.62,33.86,1029400.0
20260407,300819,聚杰微纤,40.96,40.16,42.3,39.81,5040200.0
20260407,300820,英杰电气,43.76,43.7,44.32,43.56,1281100.0
20260407,300821,东岳硅材,13.31,13.39,13.39,13.31,56004700.0
20260407,300822,贝仕达克,13.39,13.62,13.65,13.31,1753900.0
20260407,300823,建科智能,15.32,15.81,15.92,15.18,3374400.0
20260407,300824,北鼎股份,9.82,10.04,10.1,9.82,2518700.0
20260407,300825,阿尔特,8.8,8.79,8.88,8.7,5784800.0
20260407,300826,测绘股份,16.08,16.19,16.32,15.99,2252600.0
20260407,300827,上能电气,34.6,35.18,35.7,34.6,21805400.0
20260407,300828,锐新科技,19.94,19.68,20.0,19.51,3324500.0
20260407,300829,金丹科技,17.8,18.4,18.41,17.65,7229900.0
20260407,300830,金现代,10.26,10.29,10.45,10.15,10522200.0
20260407,300832,新产业,47.0,46.68,47.18,46.5,2587000.0
20260407,300833,浩洋股份,32.0,32.5,32.8,32.0,655500.0
20260407,300834,星辉环材,45.24,46.0,48.67,42.34,18006200.0
20260407,300835,龙磁科技,83.02,82.35,84.75,81.58,2722100.0
20260407,300836,佰奥智能,52.12,51.69,52.87,51.5,853600.0
20260407,300837,浙矿股份,35.83,35.3,35.83,34.52,1581900.0
20260407,300838,浙江力诺,14.25,14.73,14.8,13.89,3162200.0
20260407,300839,博汇股份,14.47,14.1,14.7,13.8,29572500.0
20260407,300840,酷特智能,16.82,16.83,17.03,16.67,3616000.0
20260407,300841,康华生物,56.06,56.76,57.7,55.83,1144400.0
20260407,300842,帝科股份,78.97,78.39,79.95,77.93,3165800.0
20260407,300843,胜蓝股份,57.48,57.37,58.66,56.52,5544900.0
20260407,300844,山水比德,31.87,32.8,33.0,31.66,891900.0
20260407,300845,捷安高科,10.95,11.49,11.66,10.75,8123500.0
20260407,300846,首都在线,27.8,27.09,28.23,26.81,32650000.0
20260407,300847,中船汉光,15.21,15.4,15.49,15.13,2383200.0
20260407,300848,美瑞新材,14.45,14.78,14.8,14.29,3155900.0
20260407,300849,锦盛新材,19.0,19.08,20.41,18.41,4232200.0
20260407,300850,新强联,41.0,39.94,41.29,39.87,13850200.0
20260407,300851,交大思诺,27.63,28.08,28.22,27.19,1357100.0
20260407,300852,四会富仕,38.2,37.97,38.78,37.7,3206400.0
20260407,300853,申昊科技,17.7,18.14,18.28,17.6,2305400.0
20260407,300854,中兰环保,27.13,26.98,27.33,26.21,3745100.0
20260407,300855,图南股份,37.18,38.08,38.55,37.15,4453800.0
20260407,300856,科思股份,12.12,12.17,12.25,12.08,2133800.0
20260407,300857,协创数据,209.74,206.72,216.68,206.25,6536100.0
20260407,300858,科拓生物,18.1,18.2,18.31,17.73,11875000.0
20260407,300859,西域旅游,31.63,32.15,32.23,31.5,2011800.0
20260407,300860,锋尚文化,22.89,23.1,23.19,22.73,839100.0
20260407,300861,美畅股份,15.45,15.42,15.65,15.3,5492100.0
20260407,300862,蓝盾光电,21.03,21.18,21.28,20.85,2269800.0
20260407,300863,卡倍亿,50.8,51.89,52.16,49.81,2595000.0
20260407,300864,南大环境,19.86,20.18,20.19,19.74,1045300.0
20260407,300865,大宏立,25.55,26.06,26.16,25.12,858400.0
20260407,300866,安克创新,101.0,98.87,101.48,97.66,4372600.0
20260407,300867,圣元环保,19.28,19.73,19.84,19.11,6264500.0
20260407,300868,杰美特,51.49,51.57,53.04,50.48,3394200.0
20260407,300869,康泰医学,13.17,13.36,13.48,13.0,2978800.0
20260407,300870,欧陆通,265.0,268.91,288.0,263.66,5815800.0
20260407,300871,回盛生物,25.02,25.32,25.77,24.33,11677100.0
20260407,300872,天阳科技,15.52,16.11,16.38,15.52,10619000.0
20260407,300873,海晨股份,21.42,21.37,21.69,21.3,1669000.0
20260407,300875,捷强装备,44.01,45.65,45.87,43.69,7595000.0
20260407,300876,蒙泰高新,24.84,25.13,25.63,24.67,3052400.0
20260407,300877,金春股份,25.32,25.78,26.05,25.27,1857500.0
20260407,300878,维康药业,27.02,27.76,27.89,26.97,1386900.0
20260407,300879,大叶股份,23.82,24.1,24.5,23.69,4929500.0
20260407,300880,迦南智能,20.15,20.41,20.73,20.0,5016500.0
20260407,300881,盛德鑫泰,40.68,40.8,41.27,40.5,981800.0
20260407,300882,万胜智能,22.58,22.71,23.35,22.24,9456400.0
20260407,300883,龙利得,6.26,6.5,6.56,6.23,10356300.0
20260407,300884,狄耐克,12.81,13.14,13.24,12.77,4390100.0
20260407,300885,海昌新材,22.01,21.93,22.3,21.57,4607500.0
20260407,300886,华业香料,27.08,28.01,28.12,26.73,1391400.0
20260407,300887,谱尼测试,9.58,9.82,9.9,9.58,8598400.0
20260407,300888,稳健医疗,32.57,32.31,32.75,32.23,1954300.0
20260407,300889,爱克股份,24.78,24.02,24.78,23.93,4671200.0
20260407,300890,翔丰华,29.15,29.34,29.6,28.88,4536600.0
20260407,300891,惠云钛业,7.81,8.24,8.27,7.77,10771300.0
20260407,300892,品渥食品,26.35,27.24,27.28,26.06,1846000.0
20260407,300893,松原安全,21.8,21.56,21.99,21.31,2023400.0
20260407,300894,火星人,9.84,9.81,9.88,9.71,2686000.0
20260407,300895,铜牛信息,59.75,60.8,61.55,58.83,10757600.0
20260407,300896,爱美客,112.92,113.14,113.47,112.4,1220700.0
20260407,300897,山科智能,24.07,24.43,24.63,24.02,700300.0
20260407,300898,熊猫乳品,22.64,23.0,23.08,22.64,2560400.0
20260407,300899,上海凯鑫,35.19,35.6,35.93,35.19,382900.0
20260407,300900,广联航空,37.37,35.13,37.5,34.8,30343100.0
20260407,300901,中胤时尚,15.36,15.19,15.36,15.06,1948700.0
20260407,300902,国安达,17.04,17.3,17.45,16.9,2981900.0
20260407,300903,科翔股份,31.43,31.37,32.1,30.95,13647000.0
20260407,300904,威力传动,54.9,55.28,56.55,54.9,801500.0
20260407,300905,宝丽迪,30.06,30.31,30.68,30.06,1791000.0
20260407,300906,日月明,30.87,31.66,31.89,30.66,1595000.0
20260407,300907,康平科技,28.06,27.72,28.25,27.43,1940100.0
20260407,300908,仲景食品,27.61,27.64,27.8,27.16,1022300.0
20260407,300909,汇创达,37.18,36.85,38.6,36.7,1735400.0
20260407,300910,瑞丰新材,51.79,51.71,52.53,50.58,3107100.0
20260407,300911,亿田智能,27.46,27.7,28.37,27.08,4475100.0
20260407,300912,凯龙高科,24.12,24.61,24.82,24.0,3262400.0
20260407,300913,兆龙互连,49.4,48.63,50.16,48.37,4554700.0
20260407,300915,海融科技,21.83,22.5,22.58,21.83,518300.0
20260407,300916,朗特智能,28.4,28.52,28.99,28.4,1197800.0
20260407,300917,特发服务,30.27,30.72,30.75,30.25,2479800.0
20260407,300918,南山智尚,13.46,13.62,13.66,13.38,3367300.0
20260407,300919,中伟新材,47.94,48.26,49.12,47.85,8702200.0
20260407,300920,润阳科技,38.73,38.38,39.65,38.17,1171900.0
20260407,300921,南凌科技,24.01,24.0,24.58,23.86,4616700.0
20260407,300922,天秦装备,19.19,19.44,19.62,19.17,3028800.0
20260407,300923,研奥股份,25.94,26.59,26.88,25.82,1677300.0
20260407,300925,法本信息,17.03,17.16,17.34,17.0,4002100.0
20260407,300926,博俊科技,24.32,23.89,24.41,23.88,4430700.0
20260407,300927,江天化学,25.5,30.49,30.49,25.5,13799300.0
20260407,300928,华安鑫创,28.2,28.63,28.96,28.05,1399600.0
20260407,300929,华骐环保,11.84,12.28,12.5,11.65,5101300.0
20260407,300930,屹通新材,27.48,28.3,28.58,27.23,1784600.0
20260407,300931,通用电梯,12.74,12.66,12.82,12.55,4022800.0
20260407,300932,三友联众,12.54,12.75,12.82,12.5,7335200.0
20260407,300933,中辰股份,7.53,7.61,7.68,7.45,7831900.0
20260407,300935,盈建科,27.58,28.28,28.42,27.32,1554000.0
20260407,300936,中英科技,60.4,68.65,69.76,59.6,9401900.0
20260407,300937,药易购,30.0,30.81,31.36,29.08,4896900.0
20260407,300938,信测标准,38.6,37.26,38.78,36.8,6282800.0
20260407,300939,秋田微,36.04,36.18,37.37,35.91,4700200.0
20260407,300940,南极光,21.12,21.22,21.38,21.0,2442200.0
20260407,300941,创识科技,19.09,19.66,19.7,19.09,2420800.0
20260407,300942,易瑞生物,8.07,8.32,8.4,7.97,6329200.0
20260407,300943,春晖智控,26.21,26.17,26.74,26.09,4861200.0
20260407,300945,曼卡龙,15.08,15.27,15.42,15.03,5091100.0
20260407,300946,恒而达,44.56,43.24,44.56,43.23,588300.0
20260407,300947,德必集团,15.73,16.04,16.04,15.52,2618500.0
20260407,300948,冠中生态,18.58,18.76,19.02,18.31,3000300.0
20260407,300949,奥雅股份,36.0,36.68,37.0,35.11,937700.0
20260407,300950,德固特,20.66,21.14,21.25,20.31,2081400.0
20260407,300951,博硕科技,35.55,35.7,36.18,35.3,1321100.0
20260407,300952,恒辉安防,34.9,35.38,36.19,34.59,2884100.0
20260407,300953,震裕科技,179.7,182.0,183.0,176.33,4689600.0
20260407,300955,嘉亨家化,38.8,36.73,39.34,35.4,3566500.0
20260407,300956,英力股份,14.04,14.34,14.48,13.93,3690800.0
20260407,300957,贝泰妮,37.35,37.47,37.72,37.25,2585800.0
20260407,300958,建工修复,12.41,12.86,12.91,12.3,3444000.0
20260407,300959,线上线下,72.4,73.86,75.0,72.4,2112900.0
20260407,300960,通业科技,22.78,22.69,23.15,22.5,2636100.0
20260407,300961,深水海纳,12.9,13.04,13.22,12.68,6475300.0
20260407,300962,中金辐照,16.22,16.5,16.55,16.09,2812200.0
20260407,300963,中洲特材,15.95,16.29,16.43,15.95,7369700.0
20260407,300964,本川智能,69.69,70.58,73.15,69.69,7495400.0
20260407,300965,恒宇信通,51.58,52.17,52.78,50.54,506500.0
20260407,300966,共同药业,20.98,21.77,21.78,20.47,3393400.0
20260407,300967,晓鸣股份,17.31,17.87,18.65,17.02,8467400.0
20260407,300968,格林精密,11.18,11.35,11.42,11.1,3779200.0
20260407,300969,恒帅股份,116.56,114.16,117.5,112.0,1438200.0
20260407,300970,华绿生物,30.69,30.04,31.16,28.42,14245700.0
20260407,300971,博亚精工,21.8,22.14,22.35,21.8,2275800.0
20260407,300972,万辰集团,195.0,196.77,201.07,194.01,1046100.0
20260407,300973,立高食品,31.91,32.48,32.68,31.91,1440000.0
20260407,300975,商络电子,17.1,18.08,18.85,17.03,49944500.0
20260407,300976,达瑞电子,53.91,53.71,54.77,53.26,761800.0
20260407,300977,深圳瑞捷,18.35,18.72,18.86,18.0,1560000.0
20260407,300978,东箭科技,10.24,10.5,10.59,10.22,3420200.0
20260407,300979,华利集团,44.06,44.3,44.5,43.75,1011200.0
20260407,300980,祥源新材,35.33,34.85,35.97,34.44,2723700.0
20260407,300981,中红医疗,14.27,15.47,15.88,14.0,26141800.0
20260407,300982,苏文电能,20.94,21.06,21.4,20.79,3060000.0
20260407,300983,尤安设计,27.94,28.24,28.35,27.6,599600.0
20260407,300984,金沃股份,52.42,53.15,54.75,51.8,2110400.0
20260407,300985,致远新能,20.2,20.32,20.52,19.88,2199600.0
20260407,300986,志特新材,24.99,24.5,26.3,24.32,44105800.0
20260407,300987,川网传媒,16.11,16.53,16.58,16.08,3223500.0
20260407,300988,津荣天宇,24.83,24.63,25.14,24.45,3066600.0
20260407,300989,蕾奥规划,14.25,14.36,14.55,14.11,3528300.0
20260407,300990,同飞股份,76.4,76.07,77.99,75.52,1835500.0
20260407,300991,创益通,47.0,50.0,52.63,46.69,4123000.0
20260407,300992,泰福泵业,31.67,30.13,31.76,29.8,8975100.0
20260407,300993,玉马科技,11.92,12.1,12.11,11.83,2032600.0
20260407,300994,久祺股份,14.4,14.57,14.63,14.07,4773000.0
20260407,300995,奇德新材,34.16,34.02,34.55,33.32,1249900.0
20260407,300996,普联软件,16.01,16.35,17.0,15.88,19020000.0
20260407,300997,欢乐家,18.97,19.16,19.18,18.82,2870000.0
20260407,300998,宁波方正,22.12,22.2,22.7,22.0,2785000.0
20260407,300999,金龙鱼,27.74,28.08,28.24,27.57,7539400.0
20260407,301000,肇民科技,27.84,27.97,28.3,27.66,2418400.0
20260407,301001,凯淳股份,26.69,27.64,27.71,26.6,1713900.0
20260407,301002,崧盛股份,34.34,33.9,35.45,33.87,2997100.0
20260407,301003,江苏博云,50.27,49.8,50.98,49.06,1498500.0
20260407,301004,嘉益股份,47.5,46.5,47.6,45.84,483300.0
20260407,301005,超捷股份,144.83,140.21,146.66,139.68,6158200.0
20260407,301006,迈拓股份,16.14,16.7,16.94,16.02,2164800.0
20260407,301007,德迈仕,34.05,33.84,34.3,33.51,2126300.0
20260407,301008,宏昌科技,39.0,36.87,39.54,36.01,22043800.0
20260407,301009,可靠股份,11.35,11.61,11.67,11.27,2119600.0
20260407,301010,晶雪节能,20.26,20.9,21.27,20.25,1996800.0
20260407,301011,华立科技,23.46,22.88,23.66,21.71,4324500.0
20260407,301012,扬电科技,28.8,27.96,29.08,27.85,7273500.0
20260407,301013,利和兴,21.15,21.31,21.5,21.12,4075800.0
20260407,301015,百洋医药,25.66,24.53,25.76,23.97,19946700.0
20260407,301016,雷尔伟,21.24,21.4,21.55,21.03,1701700.0
20260407,301017,漱玉平民,15.1,15.8,15.82,15.1,20278700.0
20260407,301018,申菱环境,91.55,88.31,94.65,88.01,7684200.0
20260407,301019,宁波色母,19.97,20.43,20.58,19.97,1115300.0
20260407,301020,密封科技,20.36,20.83,20.97,20.36,850300.0
20260407,301021,英诺激光,52.29,54.5,55.58,52.29,4687300.0
20260407,301023,奕帆传动,37.09,38.38,38.9,37.06,1757200.0
20260407,301024,霍普股份,31.24,36.22,37.19,31.24,4872700.0
20260407,301025,读客文化,9.96,10.3,10.35,9.96,5397400.0
20260407,301026,浩通科技,27.42,27.74,27.83,27.15,1703400.0
20260407,301027,华蓝集团,19.98,20.21,20.65,19.86,6385700.0
20260407,301028,鼎熔岩,13.65,13.72,13.82,13.47,1591500.0
20260407,301029,怡合达,23.63,23.98,24.04,23.48,6924000.0
20260407,301031,中熔电气,133.67,136.47,137.68,133.66,1243400.0
20260407,301032,新柴股份,11.6,12.18,12.27,11.6,5749700.0
20260407,301033,迈普医学,60.67,58.94,61.5,58.39,1446100.0
20260407,301035,润丰股份,76.25,81.96,82.8,76.25,2573300.0
20260407,301036,双乐股份,27.1,28.2,28.4,27.1,1528000.0
20260407,301037,保立佳,13.97,14.46,14.47,13.64,2461100.0
20260407,301038,深水规院,19.93,20.38,20.43,19.93,1451100.0
20260407,301039,中集车辆,9.08,9.11,9.18,8.96,15304200.0
20260407,301040,中环海陆,27.08,27.94,28.58,27.03,4348500.0
20260407,301041,金百泽,24.97,26.2,26.48,24.8,4927100.0
20260407,301042,安联锐视,91.7,91.5,92.51,89.9,839600.0
20260407,301043,绿岛风,51.0,50.43,51.0,49.0,735800.0
20260407,301045,天禄科技,37.73,37.31,38.25,37.14,2289100.0
20260407,301046,能辉科技,23.9,24.29,24.74,23.9,1445200.0
20260407,301047,义翘神州,72.43,72.69,73.38,71.36,841600.0
20260407,301048,金鹰重工,10.91,10.77,10.99,10.52,19233300.0
20260407,301049,超越科技,20.71,21.49,21.6,20.5,1591400.0
20260407,301050,雷电微力,44.27,44.35,44.81,44.1,2891900.0
20260407,301051,信濠光电,20.56,20.35,21.0,20.21,2855400.0
20260407,301052,果麦文化,31.35,31.86,32.13,31.14,2558800.0
20260407,301053,远信工业,44.13,44.45,44.68,42.29,8520500.0
20260407,301055,张小泉,20.81,21.46,21.5,20.6,5201400.0
20260407,301056,森赫股份,14.47,14.5,14.77,14.2,2758500.0
20260407,301057,汇隆新材,31.21,31.23,31.92,30.55,1667900.0
20260407,301058,中粮科工,9.63,9.82,9.84,9.5,4925800.0
20260407,301059,金三江,13.3,13.52,13.54,13.2,2533500.0
20260407,301060,兰卫医学,9.82,9.95,10.03,9.72,4681900.0
20260407,301061,匠心家居,71.46,70.8,71.93,69.69,1004200.0
20260407,301062,上海艾录,7.7,8.1,8.12,7.65,9055400.0
20260407,301063,海锅股份,22.79,23.35,23.57,22.68,2927100.0
20260407,301065,本立科技,22.4,22.85,23.08,22.35,2014800.0
20260407,301066,万事利,13.53,13.69,13.93,13.35,5679500.0
20260407,301067,显盈科技,30.29,30.9,31.4,29.75,1460700.0
20260407,301068,大地海洋,28.28,28.89,29.33,28.28,1312000.0
20260407,301069,凯盛新材,20.0,20.43,20.5,20.0,4506900.0
20260407,301070,开勒股份,69.3,76.0,77.56,69.0,7627800.0
20260407,301071,力量钻石,39.13,40.25,41.19,38.91,9115400.0
20260407,301072,中捷精工,20.55,21.04,21.45,20.2,1539200.0
20260407,301073,君亭酒店,26.18,26.59,26.9,26.18,2805300.0
20260407,301075,多瑞医药,63.98,62.35,63.98,61.83,1154600.0
20260407,301076,新瀚新材,36.3,36.77,37.3,36.2,1876400.0
20260407,301077,星华新材,26.09,26.25,26.62,26.03,1139000.0
20260407,301078,孩子王,8.12,8.28,8.34,8.09,15397400.0
20260407,301079,邵阳液压,40.56,41.08,41.65,40.14,9774300.0
20260407,301080,百普赛斯,45.44,45.4,47.18,44.62,4845400.0
20260407,301081,严牌股份,15.0,15.27,15.96,14.8,10248800.0
20260407,301082,久盛电气,16.92,17.18,17.26,16.81,3089900.0
20260407,301083,百胜智能,16.43,17.18,17.34,16.26,5088500.0
20260407,301085,亚康股份,55.01,55.11,56.09,54.3,2617900.0
20260407,301086,鸿富瀚,130.4,131.43,134.32,130.01,1283300.0
20260407,301087,可孚医疗,55.47,55.82,57.2,55.2,2012500.0
20260407,301088,戎美股份,13.76,14.05,14.1,13.65,1412100.0
20260407,301089,拓新药业,27.98,28.55,28.76,27.11,2679400.0
20260407,301090,华润材料,7.33,7.78,7.83,7.33,13754800.0
20260407,301091,深城交,20.4,20.76,20.78,20.4,2508800.0
20260407,301092,争光股份,31.62,32.59,32.8,31.62,1234800.0
20260407,301093,华兰股份,75.28,76.5,78.78,74.01,3425000.0
20260407,301095,广立微,68.2,66.76,69.5,66.57,4989600.0
20260407,301096,百诚医药,50.9,52.65,53.0,50.51,2897200.0
20260407,301097,天益医疗,52.49,54.5,54.79,51.87,924100.0
20260407,301098,金埔园林,8.04,8.32,8.38,7.99,5528500.0
20260407,301099,雅创电子,44.32,44.61,45.28,43.68,5144400.0
20260407,301100,风光股份,18.01,18.26,18.28,17.7,1506100.0
20260407,301101,明月镜片,32.9,32.69,33.09,32.55,1300300.0
20260407,301102,兆讯传媒,10.28,10.46,10.5,10.25,1733500.0
20260407,301103,何氏眼科,19.17,19.38,19.7,18.93,1928100.0
20260407,301105,鸿铭股份,57.39,58.68,58.86,56.91,789600.0
20260407,301106,骏成科技,27.55,28.17,28.41,27.48,1117100.0
20260407,301107,瑜欣电子,26.13,26.81,27.1,25.84,1195500.0
20260407,301108,洁雅股份,28.79,28.3,29.13,28.0,1858600.0
20260407,301109,军信股份,15.22,15.12,15.34,14.95,6780200.0
20260407,301110,青木科技,55.59,56.3,56.56,55.06,1626700.0
20260407,301111,粤万年青,19.52,19.41,19.81,18.83,3472800.0
20260407,301112,信邦智能,31.5,31.92,32.28,31.5,617800.0
20260407,301113,雅艺科技,24.02,24.98,25.14,23.78,1417700.0
20260407,301115,联检科技,19.97,20.33,20.73,19.42,4640800.0
20260407,301116,益客食品,9.67,9.94,9.95,9.59,2939300.0
20260407,301118,恒光股份,22.72,24.02,24.21,22.55,3823200.0
20260407,301119,正强股份,41.0,41.05,41.4,40.09,1171200.0
20260407,301120,新特电气,20.49,20.52,20.82,20.41,7127300.0
20260407,301121,紫建电子,33.51,34.18,34.5,33.28,1332000.0
20260407,301122,采纳股份,28.55,28.13,28.55,27.74,1313800.0
20260407,301123,奕东电子,52.8,55.03,55.92,52.14,9191400.0
20260407,301125,腾亚精工,19.04,19.15,19.24,18.75,2342800.0
20260407,301126,达嘉维康,11.21,11.42,11.54,10.99,5742700.0
20260407,301127,武汉天源,15.45,16.29,16.3,15.45,10639200.0
20260407,301128,强瑞技术,155.02,147.19,156.0,144.8,6973600.0
20260407,301129,瑞纳智能,24.03,24.44,24.81,23.75,2121200.0
20260407,301130,西点药业,31.22,32.73,33.72,30.52,4536400.0
20260407,301131,聚赛龙,39.7,40.93,41.33,39.65,1171200.0
20260407,301132,满坤科技,38.01,39.08,39.88,38.01,4856100.0
20260407,301133,金钟股份,36.99,36.55,37.2,36.12,2612300.0
20260407,301135,瑞德智能,26.18,27.16,27.49,26.18,2032900.0
20260407,301136,招标股份,14.8,15.1,15.22,14.72,5983800.0
20260407,301137,哈焊华通,40.0,41.1,41.34,39.86,5333200.0
20260407,301138,华研精机,36.18,36.63,36.8,36.04,1108100.0
20260407,301141,中科磁业,47.72,51.4,53.2,47.72,4858000.0
20260407,301148,嘉戎技术,49.38,49.37,50.2,48.95,1022300.0
20260407,301149,隆华新材,11.24,12.63,12.67,11.2,24940200.0
20260407,301150,中一科技,54.99,55.82,59.0,54.68,12041600.0
20260407,301151,冠龙节能,17.62,17.99,18.07,17.62,1354700.0
20260407,301152,天力锂能,27.42,28.17,28.38,27.36,4191400.0
20260407,301153,中科江南,23.76,24.12,24.68,23.69,7236200.0
20260407,301155,海力风电,64.01,65.3,65.58,63.66,3567200.0
20260407,301156,美农生物,17.5,18.66,18.78,17.5,2690200.0
20260407,301157,华塑科技,60.83,59.52,61.16,59.2,1681900.0
20260407,301158,德石股份,23.76,24.33,24.36,23.2,6232500.0
20260407,301159,三维天地,39.28,39.47,39.92,38.95,1762500.0
20260407,301160,翔楼新材,51.3,50.79,52.05,50.47,1332800.0
20260407,301161,唯万密封,28.11,28.75,29.06,28.11,2133700.0
20260407,301162,国能日新,62.0,59.2,63.06,58.6,3641100.0
20260407,301163,宏德股份,27.74,28.66,28.88,27.43,1988400.0
20260407,301165,锐捷网络,80.66,85.8,87.0,80.6,12652200.0
20260407,301166,优宁维,30.16,30.68,30.85,29.5,1857100.0
20260407,301167,建研设计,15.63,16.0,16.12,15.49,3866700.0
20260407,301168,通灵股份,40.08,42.12,42.2,40.08,1924000.0
20260407,301169,零点有数,51.48,52.32,53.49,51.3,1469700.0
20260407,301170,锡南科技,27.27,27.81,27.97,27.16,1089600.0
20260407,301171,易点天下,41.74,41.93,43.25,41.33,18352400.0
20260407,301172,君逸数码,26.7,27.25,27.45,26.26,13880400.0
20260407,301173,毓恬冠佳,41.35,41.96,42.07,40.78,495100.0
20260407,301175,中科环保,5.98,6.01,6.07,5.96,18354900.0
20260407,301176,逸豪新材,25.52,26.75,27.49,25.52,8918100.0
20260407,301177,迪阿股份,27.01,27.31,27.54,26.93,794000.0
20260407,301178,天亿马,48.97,47.89,48.97,47.75,919400.0
20260407,301179,泽宇智能,26.5,28.48,29.5,26.0,31432900.0
20260407,301180,万祥科技,18.4,18.21,18.7,17.96,5278900.0
20260407,301181,标榜股份,38.42,40.05,40.87,38.24,1810600.0
20260407,301182,凯旺科技,58.45,57.15,59.9,56.71,3131800.0
20260407,301183,东田微,167.5,174.08,176.5,160.6,12922600.0
20260407,301185,鸥玛软件,17.87,18.18,18.3,17.8,1522500.0
20260407,301186,超达装备,58.32,57.5,59.18,57.03,2359800.0
20260407,301187,欧圣电气,19.64,20.22,20.38,19.6,1422500.0
20260407,301188,力诺药包,21.91,21.22,22.16,20.88,31477000.0
20260407,301189,奥尼电子,44.62,46.36,47.09,44.02,4072100.0
20260407,301190,善水科技,21.63,22.29,22.49,21.5,2167700.0
20260407,301191,菲菱科思,137.71,145.44,149.0,135.78,7534300.0
20260407,301192,泰祥股份,25.58,26.06,26.45,25.3,1636100.0
20260407,301193,家联科技,21.8,22.11,22.45,21.75,1888800.0
20260407,301195,北路智控,30.01,30.27,30.5,29.92,470400.0
20260407,301196,唯科科技,101.01,96.78,101.5,95.58,4754700.0
20260407,301197,工大科雅,21.63,20.86,21.63,20.66,2440800.0
20260407,301198,喜悦智行,13.45,13.78,13.89,13.23,3707300.0
20260407,301199,迈赫股份,21.78,21.85,22.02,21.6,1020000.0
20260407,301200,大族数控,155.64,153.21,157.5,151.26,2818400.0
20260407,301201,诚达药业,62.02,62.48,65.03,60.5,19593400.0
20260407,301202,朗威股份,36.8,36.06,36.8,35.91,894600.0
20260407,301203,国泰环保,38.97,39.61,39.77,38.48,1343000.0
20260407,301205,联特科技,214.0,217.3,224.9,210.06,7826400.0
20260407,301206,三元生物,25.6,26.32,26.37,25.6,1013100.0
20260407,301207,华兰疫苗,19.68,19.78,19.99,19.31,5718100.0
20260407,301208,中亦科技,32.32,32.85,33.32,32.31,1027500.0
20260407,301209,联合化学,85.01,84.48,87.0,84.24,672700.0
20260407,301210,金杨精密,37.4,36.95,37.86,36.71,1165700.0
20260407,301211,亨迪药业,12.07,12.25,12.31,11.75,3990700.0
20260407,301212,联盛化学,28.0,27.16,28.0,26.0,1390500.0
20260407,301213,观想科技,65.81,66.57,67.14,65.81,817600.0
20260407,301215,中汽股份,5.87,5.92,5.95,5.85,8649300.0
20260407,301216,万凯新材,27.48,28.13,28.38,26.9,18887800.0
20260407,301217,铜冠铜箔,37.63,40.81,42.0,37.49,61281900.0
20260407,301218,华是科技,32.43,33.9,35.08,32.03,3989700.0
20260407,301219,腾远钴业,59.77,60.22,60.8,59.5,2928500.0
20260407,301220,亚香股份,38.35,39.25,40.08,37.88,2406900.0
20260407,301221,光庭信息,47.42,48.06,48.8,47.35,1361300.0
20260407,301222,浙江恒威,33.31,33.83,34.58,33.31,2376800.0
20260407,301223,中荣股份,18.7,19.01,19.09,18.63,1061900.0
20260407,301225,恒勃股份,106.69,104.04,108.0,103.0,2027300.0
20260407,301226,祥明智能,42.56,42.4,42.56,41.0,9313400.0
20260407,301227,森鹰窗业,34.45,34.25,34.67,33.69,1039000.0
20260407,301228,实朴检测,42.32,41.53,42.43,41.46,1055300.0
20260407,301229,纽泰格,17.28,17.58,17.78,17.28,1567300.0
20260407,301230,泓博医药,40.8,40.21,41.57,39.81,10939800.0
20260407,301231,荣信文化,29.15,29.95,30.6,28.98,3748800.0
20260407,301232,飞沃科技,154.53,153.95,156.55,150.0,3861700.0
20260407,301233,盛帮股份,50.26,50.78,51.47,49.91,894200.0
20260407,301234,五洲医疗,37.77,36.56,37.77,35.65,802900.0
20260407,301235,华康洁净,42.93,45.6,46.24,42.93,6441000.0
20260407,301236,软通动力,36.97,36.83,37.26,36.63,7903400.0
20260407,301237,和顺科技,51.98,51.98,52.65,51.33,592700.0
20260407,301238,瑞泰新材,18.96,19.2,19.5,18.91,5987400.0
20260407,301239,普瑞眼科,36.98,37.82,38.7,36.63,3624700.0
20260407,301246,宏源药业,23.12,22.53,23.94,22.52,24914100.0
20260407,301248,杰创智能,44.82,43.99,45.47,43.4,5036600.0
20260407,301251,威尔高,63.56,60.22,64.8,59.95,9381900.0
20260407,301252,同星科技,35.58,34.76,36.23,34.69,2021400.0
20260407,301255,通力科技,27.37,27.16,27.45,26.64,3152100.0
20260407,301256,华融化学,12.62,13.69,13.97,12.62,17053900.0
20260407,301257,普蕊斯,58.82,60.96,62.0,57.24,2771200.0
20260407,301258,富士莱,31.25,32.22,32.53,30.94,1170000.0
20260407,301259,艾布鲁,31.15,31.56,31.89,30.91,1360500.0
20260407,301260,格力博,14.53,14.72,14.77,14.42,1145900.0
20260407,301261,恒工精密,73.05,73.0,74.29,72.39,672200.0
20260407,301262,海看股份,22.18,22.34,22.46,22.07,1976700.0
20260407,301263,泰恩康,26.7,27.15,27.89,26.6,4924600.0
20260407,301265,华新科技,19.47,19.13,19.7,19.02,6892800.0
20260407,301267,华厦眼科,16.73,16.75,16.92,16.6,2288800.0
20260407,301268,铭利达,20.59,21.0,21.7,20.55,3163400.0
20260407,301269,华大九天,82.37,82.17,83.5,81.71,3166100.0
20260407,301270,汉仪股份,30.87,30.92,31.46,30.6,2050600.0
20260407,301272,英华特,37.87,38.92,39.17,37.51,874100.0
20260407,301273,瑞晨环保,28.38,29.06,29.28,27.8,1135400.0
20260407,301275,汉朔科技,39.95,40.15,41.2,39.86,3440500.0
20260407,301276,嘉曼服饰,22.8,22.95,23.46,22.66,1078500.0
20260407,301277,新天地,12.12,12.23,12.35,11.73,3885300.0
20260407,301278,快可电子,36.86,37.03,37.38,36.24,1316100.0
20260407,301279,金道科技,26.26,25.93,26.3,25.4,1576300.0
20260407,301280,珠城科技,52.4,52.62,53.15,51.4,1704400.0
20260407,301281,科源制药,34.37,35.15,35.43,33.96,4167400.0
20260407,301282,金禄电子,34.17,34.3,35.4,34.05,11315600.0
20260407,301283,聚胶股份,44.04,45.11,45.57,44.04,895900.0
20260407,301285,鸿日达,81.78,77.82,82.78,77.56,2085800.0
20260407,301286,侨源股份,45.27,44.92,45.8,44.73,953000.0
20260407,301287,康力源,39.98,42.49,42.96,39.78,2050300.0
20260407,301288,清研环境,16.59,16.82,16.97,16.42,380500.0
20260407,301289,国缆检测,50.98,51.59,51.88,50.6,450600.0
20260407,301290,东星医疗,26.35,26.9,27.35,26.25,1359000.0
20260407,301291,明阳电气,48.6,48.06,49.05,47.9,4697500.0
20260407,301292,海科新源,87.64,85.96,88.16,83.84,13810400.0
20260407,301293,三博脑科,64.67,64.61,65.57,63.44,6148600.0
20260407,301295,美硕科技,35.88,36.69,37.37,35.39,2246200.0
20260407,301296,新巨丰,7.52,7.76,7.78,7.52,2850300.0
20260407,301297,富乐德,33.4,33.41,33.93,33.4,2592200.0
20260407,301298,东利机械,15.13,15.6,15.75,14.96,2741800.0
20260407,301299,卓创资讯,61.33,63.16,63.84,60.38,2115400.0
20260407,301300,远翔新材,41.44,42.6,42.99,41.44,1201900.0
20260407,301301,川宁生物,10.53,10.46,10.65,10.43,11852900.0
20260407,301302,华如科技,20.43,20.63,20.99,20.43,6328200.0
20260407,301303,真兰仪表,14.39,14.67,14.7,14.39,1943900.0
20260407,301305,朗坤科技,23.39,24.05,24.3,23.37,5128500.0
20260407,301306,西测测试,146.1,140.0,147.39,138.88,6334000.0
20260407,301307,美利信,38.72,39.7,39.88,38.27,7223000.0
20260407,301308,江波龙,290.82,297.5,301.33,288.14,11513100.0
20260407,301310,鑫宏业,39.9,40.3,40.39,39.14,2257900.0
20260407,301311,昆船智能,16.07,16.3,16.34,15.91,1546300.0
20260407,301312,智立方,116.92,118.26,129.8,115.5,12881600.0
20260407,301313,凡拓数创,28.27,28.47,28.53,28.05,1237900.0
20260407,301314,科瑞思,43.6,44.68,45.2,43.33,840900.0
20260407,301315,威士顿,46.43,47.18,47.35,46.43,717600.0
20260407,301316,慧博云通,39.35,40.34,40.94,39.27,5312200.0
20260407,301317,鑫磊股份,47.86,47.65,49.65,47.32,2950300.0
20260407,301318,维海德,25.49,25.78,26.3,25.25,928700.0
20260407,301319,唯特偶,41.39,42.41,42.88,41.08,2215100.0
20260407,301320,豪江智能,15.98,16.24,16.45,15.86,1784400.0
20260407,301321,翰博高新,19.05,18.47,19.09,18.42,2391000.0
20260407,301322,绿通科技,28.76,30.12,30.28,28.76,1679000.0
20260407,301323,新莱福,61.5,61.33,62.0,59.0,2697300.0
20260407,301325,曼恩斯特,40.93,41.9,42.17,40.93,1550700.0
20260407,301326,捷邦科技,127.52,134.9,138.68,127.52,1528900.0
20260407,301327,华宝新能,63.52,64.8,66.88,63.0,4510700.0
20260407,301328,维峰电子,45.29,45.13,45.79,44.53,686500.0
20260407,301329,信音电子,21.92,21.92,22.18,21.72,1352900.0
20260407,301330,熵基科技,32.69,33.1,33.46,32.69,1837600.0
20260407,301331,恩威医药,25.71,26.36,26.76,25.44,1277900.0
20260407,301332,德尔玛,8.9,9.04,9.11,8.89,1481500.0
20260407,301333,诺思格,66.32,65.9,67.79,63.77,2424500.0
20260407,301335,天元宠物,24.38,24.68,24.72,24.06,1169400.0
20260407,301336,趣睡科技,49.5,50.44,50.8,49.1,668500.0
20260407,301337,亚华电子,26.28,27.0,27.15,26.15,1349700.0
20260407,301338,凯格精机,169.89,183.87,187.87,165.95,5596600.0
20260407,301339,通行宝,12.68,12.67,12.8,12.56,2629500.0
20260407,301345,涛涛车业,210.77,212.6,215.97,207.68,790500.0
20260407,301348,蓝箭电子,22.92,23.24,23.57,22.85,6651300.0
20260407,301349,信德新材,58.56,57.37,59.96,56.78,6419300.0
20260407,301353,普莱得,26.35,26.87,27.08,25.84,1053100.0
20260407,301355,南王科技,11.51,12.09,12.1,11.51,4973400.0
20260407,301356,天振股份,21.45,21.54,21.72,21.22,1080800.0
20260407,301357,北方长龙,112.51,115.06,116.0,112.51,2145500.0
20260407,301358,湖南裕能,69.25,69.06,70.8,68.1,12492800.0
20260407,301359,东南电子,19.3,19.71,19.88,19.05,1657100.0
20260407,301360,荣旗科技,67.01,67.4,68.9,66.01,962900.0
20260407,301361,众智科技,34.56,34.85,35.35,34.5,1550800.0
20260407,301362,民爆光电,105.8,114.01,120.04,105.55,6236700.0
20260407,301363,美好医疗,25.01,24.89,25.33,24.75,5189200.0
20260407,301365,矩阵股份,28.71,29.36,29.97,28.61,5164700.0
20260407,301366,一博科技,30.17,30.41,30.66,30.1,1012600.0
20260407,301367,瑞迈特,67.0,69.13,69.67,66.81,1066100.0
20260407,301368,丰立智能,50.13,50.15,50.6,49.16,933200.0
20260407,301369,联动科技,130.0,128.79,130.46,125.8,630700.0
20260407,301370,国科恒泰,10.27,10.46,10.55,10.13,2953200.0
20260407,301371,敷尔佳,22.3,22.46,22.6,22.16,725800.0
20260407,301372,科净源,25.3,26.11,26.3,24.92,1398400.0
20260407,301373,凌玮科技,69.9,82.86,82.86,69.2,7597700.0
20260407,301376,致欧科技,15.44,15.36,15.59,15.27,2624000.0
20260407,301377,鼎泰高科,192.16,194.95,201.77,192.16,2619600.0
20260407,301378,通达海,30.08,30.49,30.72,30.05,1254300.0
20260407,301379,天山电子,22.9,23.13,23.45,22.9,2108400.0
20260407,301380,挖金客,31.95,32.62,32.95,31.95,988800.0
20260407,301381,赛维时代,18.98,19.21,19.43,18.98,1535500.0
20260407,301382,蜂助手,31.7,31.86,32.24,31.29,5490500.0
20260407,301383,天键股份,26.25,26.8,26.97,26.13,1086200.0
20260407,301386,未来电器,23.77,24.32,24.43,23.77,1566800.0
20260407,301387,光大同创,50.93,53.46,55.76,50.93,2604700.0
20260407,301388,欣灵电气,30.3,30.75,31.09,30.15,1915700.0
20260407,301389,隆扬电子,47.5,48.3,49.51,47.25,6999400.0
20260407,301390,经纬股份,35.81,37.05,37.23,35.55,1007800.0
20260407,301391,卡莱特,65.38,67.5,67.52,64.0,979700.0
20260407,301392,汇成真空,126.5,128.95,131.31,125.3,7275100.0
20260407,301393,昊帆生物,49.07,49.6,50.74,47.6,2150400.0
20260407,301395,仁信新材,15.42,16.06,16.25,15.42,5317700.0
20260407,301396,宏景科技,165.62,162.32,173.0,160.58,9559300.0
20260407,301397,溯联股份,29.7,31.43,32.0,29.7,5012200.0
20260407,301398,星源卓镁,49.5,48.12,49.5,47.24,1717500.0
20260407,301399,英特科技,21.22,21.88,22.5,21.08,7537300.0
20260407,301408,华人健康,18.9,20.43,20.49,18.2,53294700.0
20260407,301413,安培龙,114.27,112.6,115.36,111.8,1354800.0
20260407,301418,协昌科技,36.21,36.72,37.12,35.51,802100.0
20260407,301419,阿莱德,39.88,41.54,41.67,39.88,10339700.0
20260407,301421,波长光电,92.65,90.73,93.19,90.5,3559000.0
20260407,301428,世纪恒通,32.28,32.13,32.63,31.38,4797800.0
20260407,301429,森泰股份,18.28,19.2,19.33,18.2,2629300.0
20260407,301439,泓淋电力,15.2,15.28,15.4,15.14,2307900.0
20260407,301446,福事特,36.57,37.12,37.41,36.57,485100.0
20260407,301448,开创电气,36.66,37.28,37.56,36.46,828700.0
20260407,301449,天溯计量,72.83,73.08,73.73,72.53,753200.0
20260407,301456,盘古智能,27.1,27.6,27.96,26.8,1210900.0
20260407,301458,钧崴电子,34.22,34.26,34.86,34.0,2986800.0
20260407,301459,丰茂股份,36.3,36.91,37.15,36.3,309500.0
20260407,301468,博盈特焊,46.0,45.53,46.86,45.3,4525700.0
20260407,301469,恒达新材,30.35,31.13,31.46,30.13,1098200.0
20260407,301479,弘景光电,83.89,89.4,92.88,83.26,3614700.0
20260407,301486,致尚科技,152.0,150.53,154.86,149.61,5848500.0
20260407,301487,盟固利,19.66,19.9,20.14,19.65,6757300.0
20260407,301488,豪恩汽电,124.98,124.96,125.69,123.61,719800.0
20260407,301489,思泉新材,164.6,162.54,167.85,161.68,1644400.0
20260407,301491,汉桑科技,48.2,48.48,48.8,48.18,240600.0
20260407,301498,乖宝宠物,50.94,50.99,52.08,50.58,1979000.0
20260407,301499,维科精密,28.44,29.17,29.65,28.44,1601100.0
20260407,301500,飞南资源,19.95,21.49,21.98,19.84,22707600.0
20260407,301501,恒鑫生活,36.18,36.72,36.83,35.9,660200.0
20260407,301502,华阳智能,40.17,41.56,41.89,40.0,854000.0
20260407,301503,智迪科技,33.65,34.49,34.69,33.29,1042100.0
20260407,301505,苏州规划,21.48,21.54,21.79,21.03,1614700.0
20260407,301507,民生健康,14.03,14.19,14.29,13.8,3186800.0
20260407,301508,中机认检,28.41,28.53,28.73,28.34,888300.0
20260407,301509,金凯生科,41.87,42.34,43.85,41.6,7721200.0
20260407,301510,固高科技,29.7,29.76,29.99,29.4,2581900.0
20260407,301511,德福科技,38.79,39.5,40.6,38.26,36517000.0
20260407,301512,智信精密,43.72,44.13,44.71,42.67,885400.0
20260407,301515,港通医疗,21.59,21.95,22.22,21.2,2554500.0
20260407,301516,中远通,19.15,19.08,19.58,18.52,9682100.0
20260407,301517,陕西华达,53.58,52.66,53.8,52.06,1933400.0
20260407,301518,长华化学,37.48,38.41,38.79,37.36,2005100.0
20260407,301519,舜禹股份,13.22,13.72,13.82,13.04,2993100.0
20260407,301520,万邦医药,43.6,43.65,44.5,42.42,1225500.0
20260407,301522,上大股份,29.75,29.64,30.16,29.48,3227700.0
20260407,301525,儒竞科技,67.11,67.26,68.7,66.74,1045900.0
20260407,301526,国际复材,11.28,11.45,11.91,11.27,131891300.0
20260407,301528,多浦乐,60.09,59.98,61.28,59.89,372900.0
20260407,301529,福赛科技,108.5,106.6,111.25,106.0,2708600.0
20260407,301533,威马农机,30.99,31.48,31.55,30.77,898800.0
20260407,301535,浙江华远,19.74,19.69,19.95,19.45,2549600.0
20260407,301536,星宸科技,67.54,67.4,68.35,66.88,3560500.0
20260407,301538,骏鼎达,76.27,78.89,79.45,75.6,1141000.0
20260407,301539,宏鑫科技,18.17,18.55,18.6,18.11,1058200.0
20260407,301548,崇德科技,64.99,64.33,65.63,64.01,967300.0
20260407,301550,斯菱智驱,160.8,159.3,163.2,157.0,3646900.0
20260407,301551,无线传媒,27.21,29.33,29.65,27.11,5420600.0
20260407,301552,科力装备,39.49,40.42,41.06,38.59,5042800.0
20260407,301555,惠柏新材,31.43,32.73,32.85,31.43,2057600.0
20260407,301556,托普云农,80.03,80.42,80.94,79.73,990100.0
20260407,301557,常友科技,96.51,98.04,98.42,95.61,557200.0
20260407,301558,三态股份,7.78,7.98,8.0,7.78,5934800.0
20260407,301559,中集环科,15.28,15.53,15.58,15.23,1417500.0
20260407,301560,众捷汽车,39.7,40.9,41.2,39.22,4862900.0
20260407,301563,云汉芯城,134.68,140.8,143.58,133.03,1610500.0
20260407,301565,中仑新材,20.49,20.9,21.06,20.49,1514300.0
20260407,301566,达利凯普,19.15,19.05,19.38,18.98,5477900.0
20260407,301567,贝隆精密,39.88,40.94,41.23,39.88,813500.0
20260407,301568,思泰克,49.88,49.9,51.12,49.5,3935500.0
20260407,301571,国科天成,66.38,65.04,66.6,64.55,3077500.0
20260407,301575,艾芬达,43.7,44.04,44.09,43.36,386200.0
20260407,301577,美信科技,59.95,60.29,61.66,59.93,792100.0
20260407,301578,辰奕智能,31.98,32.47,32.65,31.42,662700.0
20260407,301580,爱迪特,69.5,69.96,71.45,69.05,2035300.0
20260407,301581,黄山谷捷,43.96,44.33,44.55,43.2,310500.0
20260407,301584,建发致新,28.26,27.97,28.58,27.38,5474200.0
20260407,301585,蓝宇股份,26.98,27.42,27.62,26.94,566900.0
20260407,301586,佳力奇,40.86,41.78,42.89,40.53,755900.0
20260407,301587,中瑞股份,24.86,25.25,25.78,24.86,6059000.0
20260407,301588,美新科技,20.55,20.86,21.23,20.44,1861500.0
20260407,301589,诺瓦星云,158.08,160.45,163.23,158.0,541700.0
20260407,301590,优优绿能,162.83,164.87,166.88,162.82,281600.0
20260407,301591,肯特股份,40.4,40.58,41.0,40.1,972400.0
20260407,301592,六九一二,113.09,114.1,115.87,110.5,860800.0
20260407,301595,太力科技,52.49,50.07,52.9,49.95,1660300.0
20260407,301596,瑞迪智驱,67.78,67.54,67.78,66.6,826800.0
20260407,301598,博科测试,57.95,58.62,59.0,57.54,287900.0
20260407,301600,慧翰股份,99.27,98.69,99.48,97.37,435200.0
20260407,301601,惠通科技,22.01,22.53,22.67,21.87,1460500.0
20260407,301602,超研股份,19.62,19.67,19.78,19.33,833800.0
20260407,301603,乔锋智能,69.32,69.67,71.39,69.22,1199100.0
20260407,301606,绿联科技,68.6,68.88,70.07,67.83,2919200.0
20260407,301607,富特科技,46.3,45.41,46.48,44.9,3838200.0
20260407,301608,博实结,80.8,80.0,81.44,79.28,594100.0
20260407,301609,山大电力,44.3,45.36,45.52,43.72,3069000.0
20260407,301611,珂玛科技,92.21,89.59,95.5,89.39,9460100.0
20260407,301613,新铝时代,45.23,45.92,46.1,44.59,867200.0
20260407,301616,浙江华业,45.88,46.14,46.46,45.22,300900.0
20260407,301617,博苑新材,52.55,52.84,53.56,52.38,1091500.0
20260407,301618,长联科技,46.9,47.49,47.77,46.8,320500.0
20260407,301622,英思特,60.31,61.45,62.77,60.31,1419700.0
20260407,301626,苏州天脉,253.18,242.6,255.25,241.28,2504400.0
20260407,301628,强达电路,98.74,99.93,101.64,98.74,1180400.0
20260407,301629,矽电股份,231.51,237.72,244.49,231.51,803500.0
20260407,301630,同宇新材,195.2,211.92,211.92,195.2,2495900.0
20260407,301631,壹连科技,84.0,83.82,85.18,83.21,596200.0
20260407,301632,广东建科,19.6,19.94,20.05,19.56,1767500.0
20260407,301633,港迪技术,59.42,59.88,60.07,59.0,193400.0
20260407,301636,泽润新能,63.33,63.51,64.44,63.0,1338800.0
20260407,301638,南网数字,25.4,25.69,25.95,25.05,17713000.0
20260407,301656,联合动力,20.79,20.84,20.97,20.68,5736600.0
20260407,301658,首航新能,41.36,40.8,42.19,40.68,8022200.0
20260407,301662,宏工科技,131.95,132.2,134.8,130.78,524700.0
20260407,301665,泰禾股份,25.71,26.92,26.92,25.51,3357400.0
20260407,301667,纳百川,80.19,80.03,80.88,79.2,2308200.0
20260407,301668,昊创瑞通,48.72,48.92,49.5,48.43,1003300.0
20260407,301678,新恒汇,59.32,58.61,59.79,58.5,1737600.0
20260407,301680,固德电材,97.1,98.76,99.55,97.1,1713500.0
20260407,301682,宏明电子,108.03,108.36,112.6,107.53,4947500.0
20260407,301683,慧谷新材,107.49,110.18,115.15,107.39,4519700.0
20260407,301687,新广益,50.05,50.76,51.33,49.6,1585700.0
20260407,302132,中航成飞,66.0,66.14,66.4,65.6,2884000.0
20260407,600000,浦发银行,10.12,9.98,10.17,9.95,37882600.0
20260407,600004,白云机场,8.9,8.85,8.93,8.83,5983300.0
20260407,600006,东风股份,6.19,6.21,6.24,6.17,5601400.0
20260407,600007,中国国贸,21.06,21.28,21.5,21.05,3616400.0
20260407,600008,首创环保,3.07,3.07,3.08,3.04,65458200.0
20260407,600009,上海机场,27.69,27.5,27.77,27.47,4160200.0
20260407,600010,包钢股份,2.66,2.79,2.8,2.64,1388861000.0
20260407,600011,华能国际,6.89,6.72,6.92,6.66,131048500.0
20260407,600012,皖通高速,15.09,14.45,15.12,14.35,5888700.0
20260407,600015,华夏银行,7.38,7.35,7.39,7.29,44322900.0
20260407,600016,民生银行,3.73,3.69,3.73,3.68,260703100.0
20260407,600017,日照港,3.05,3.05,3.06,2.98,43026800.0
20260407,600018,上港集团,5.03,4.99,5.04,4.98,37867100.0
20260407,600019,宝钢股份,6.39,6.38,6.4,6.33,51385900.0
20260407,600020,中原高速,3.77,3.75,3.78,3.7,9495500.0
20260407,600021,上海电力,17.3,17.22,17.46,17.16,21515800.0
20260407,600022,山东钢铁,1.48,1.5,1.5,1.47,80578700.0
20260407,600023,浙能电力,5.4,5.42,5.44,5.35,48705800.0
20260407,600025,华能水电,9.72,9.57,9.72,9.54,19933600.0
20260407,600026,中远海能,25.76,25.95,26.45,25.02,87794000.0
20260407,600027,华电国际,4.55,4.52,4.57,4.5,90162000.0
20260407,600028,中国石化,5.85,5.91,5.92,5.79,158303400.0
20260407,600029,南方航空,5.68,5.61,5.68,5.56,69065200.0
20260407,600030,中信证券,23.99,23.92,24.08,23.77,71443600.0
20260407,600031,三一重工,19.92,19.52,20.02,19.45,57924500.0
20260407,600032,浙江新能,8.94,9.07,9.14,8.84,50416200.0
20260407,600033,福建高速,3.69,3.7,3.73,3.67,21818100.0
20260407,600035,楚天高速,3.81,3.79,3.81,3.77,9876400.0
20260407,600036,招商银行,39.39,38.99,39.6,38.96,52836700.0
20260407,600037,歌华有线,7.16,7.24,7.26,7.14,9089600.0
20260407,600038,中直股份,33.5,33.3,33.5,33.18,3727100.0
20260407,600039,四川路桥,9.59,9.49,9.64,9.47,15045600.0
20260407,600048,保利发展,5.51,5.5,5.55,5.47,66534400.0
20260407,600050,中国联通,4.47,4.47,4.49,4.46,84765700.0
20260407,600051,宁波联合,7.35,7.58,7.64,7.32,6662100.0
20260407,600052,东望时代,3.81,3.9,3.92,3.77,13818600.0
20260407,600054,黄山旅游,12.76,12.77,13.02,12.5,8619200.0
20260407,600055,万东医疗,14.65,14.56,14.65,14.43,1966700.0
20260407,600056,中国医药,11.47,11.28,11.47,11.05,145573200.0
20260407,600057,厦门象屿,8.05,8.03,8.15,7.99,11981400.0
20260407,600058,五矿发展,10.72,10.83,10.87,10.72,6283000.0
20260407,600059,古越龙山,8.88,8.85,8.9,8.8,4519900.0
20260407,600060,海信视像,22.38,22.15,22.59,21.75,11523900.0
20260407,600061,国投资本,6.73,6.73,6.77,6.7,20269900.0
20260407,600062,华润双鹤,18.56,18.41,18.57,18.2,7617900.0
20260407,600063,皖维高新,6.57,7.19,7.19,6.51,119133000.0
20260407,600064,南京高科,8.2,8.22,8.25,8.15,10610400.0
20260407,600066,宇通客车,36.5,36.35,37.38,35.91,27588200.0
20260407,600067,冠城新材,3.72,3.83,3.84,3.71,21450600.0
20260407,600071,凤凰光学,20.43,19.91,20.44,19.75,8563300.0
20260407,600072,中船科技,11.72,11.96,12.06,11.63,17217200.0
20260407,600073,光明肉业,5.8,5.93,5.93,5.75,9211600.0
20260407,600075,新疆天业,6.19,6.8,6.8,5.98,67399500.0
20260407,600076,康欣新材,3.42,3.45,3.46,3.36,13407700.0
20260407,600078,澄星股份,10.95,11.41,11.49,10.92,17713500.0
20260407,600081,东风科技,10.91,10.91,10.95,10.73,1666800.0
20260407,600085,同仁堂,27.84,27.57,27.97,27.5,5093400.0
20260407,600088,中视传媒,13.94,13.98,14.09,13.88,2342800.0
20260407,600089,特变电工,25.5,25.35,25.72,25.22,96259900.0
20260407,600094,大名城,4.19,4.3,4.41,4.11,43590500.0
20260407,600095,湘财股份,9.05,9.15,9.17,9.05,10702600.0
20260407,600096,云天化,31.44,32.6,32.72,31.11,50815600.0
20260407,600097,开创国际,10.43,10.71,10.79,10.34,4056700.0
20260407,600098,广州发展,6.89,6.99,7.04,6.86,25009400.0
20260407,600099,林海股份,10.66,11.0,11.13,10.55,6054000.0
20260407,600100,同方股份,7.77,7.72,7.84,7.66,29208700.0
20260407,600101,明星电力,8.9,9.0,9.12,8.75,23747500.0
20260407,600103,青山纸业,3.43,3.49,3.5,3.42,38862300.0
20260407,600104,上汽集团,14.07,13.94,14.11,13.89,44219200.0
20260407,600105,永鼎股份,30.98,30.21,31.81,30.01,124137400.0
20260407,600106,重庆路桥,5.86,6.0,6.11,5.74,47503000.0
20260407,600108,亚盛集团,4.33,4.45,4.5,4.26,107475300.0
20260407,600109,国金证券,8.27,8.24,8.3,8.2,13952700.0
20260407,600110,诺德股份,8.78,9.63,9.63,8.78,355323800.0
20260407,600111,北方稀土,47.62,49.89,49.98,47.37,93579700.0
20260407,600113,浙江东日,46.75,47.05,48.1,45.01,6499000.0
20260407,600114,东睦股份,27.77,27.31,28.11,27.22,6646700.0
20260407,600115,中国东航,4.25,4.24,4.28,4.19,112882100.0
20260407,600116,三峡水利,6.45,6.48,6.5,6.37,16979800.0
20260407,600117,西宁特钢,2.55,2.56,2.57,2.52,9937100.0
20260407,600118,中国卫星,76.91,75.4,77.5,74.66,27332600.0
20260407,600120,浙江东方,5.52,5.5,5.58,5.47,22849000.0
20260407,600121,郑州煤电,4.14,4.26,4.29,4.06,59812200.0
20260407,600123,兰花科创,6.25,6.55,6.57,6.18,43137500.0
20260407,600125,铁龙物流,6.85,6.75,6.9,6.72,29243500.0
20260407,600126,杭钢股份,8.53,8.46,8.69,8.4,61714400.0
20260407,600127,金健米业,7.4,7.64,7.71,7.05,75958100.0
20260407,600128,苏豪弘业,10.44,10.71,10.76,10.39,5359900.0
20260407,600129,太极集团,16.44,16.72,16.87,16.17,8178400.0
20260407,600130,波导股份,4.15,4.28,4.29,4.15,14315900.0
20260407,600131,国网信通,18.01,17.79,18.09,17.68,10939000.0
20260407,600132,重庆啤酒,57.14,56.98,57.75,56.78,3076200.0
20260407,600133,东湖高新,8.58,8.57,8.64,8.49,10934000.0
20260407,600135,乐凯胶片,9.41,9.64,9.73,9.31,23622900.0
20260407,600137,浪莎股份,20.58,21.65,22.2,20.44,5115300.0
20260407,600138,中青旅,9.07,9.12,9.13,9.04,4740900.0
20260407,600141,兴发集团,31.19,32.95,33.27,30.26,33482100.0
20260407,600143,金发科技,15.9,15.92,15.98,15.71,30360900.0
20260407,600148,长春一东,17.38,17.78,17.91,17.34,1594800.0
20260407,600149,廊坊发展,5.86,6.16,6.28,5.6,55666300.0
20260407,600150,中国船舶,30.55,31.98,32.29,30.55,112542000.0
20260407,600151,航天机电,12.68,12.57,12.79,12.47,22461900.0
20260407,600152,维科技术,10.0,9.58,10.29,9.35,56854700.0
20260407,600153,建发股份,8.84,8.7,8.84,8.64,12449400.0
20260407,600155,华创云信,6.21,6.21,6.26,6.16,13297100.0
20260407,600156,华升股份,7.14,7.24,7.25,7.11,5025100.0
20260407,600157,永泰能源,1.71,1.75,1.76,1.71,709728600.0
20260407,600158,中体产业,10.7,11.87,11.87,10.7,130309500.0
20260407,600159,大龙地产,2.7,2.87,2.9,2.7,29209500.0
20260407,600160,巨化股份,33.7,34.45,34.68,33.53,22340200.0
20260407,600161,天坛生物,14.83,14.76,14.87,14.71,5844800.0
20260407,600162,香江控股,1.68,1.72,1.72,1.67,25012600.0
20260407,600163,中闽能源,5.98,6.12,6.21,5.96,51878400.0
20260407,600165,宁科生物,3.28,3.33,3.35,3.25,4745900.0
20260407,600166,福田汽车,3.03,3.0,3.06,2.98,97843900.0
20260407,600167,联美控股,6.49,6.42,6.56,6.32,11839900.0
20260407,600168,武汉控股,4.89,4.92,4.96,4.82,7569500.0
20260407,600170,上海建工,2.68,2.68,2.69,2.66,93381200.0
20260407,600171,上海贝岭,26.04,26.24,26.58,26.04,5365700.0
20260407,600172,黄河旋风,7.75,8.12,8.19,7.64,117616500.0
20260407,600173,卧龙新能,6.48,6.55,6.62,6.45,8685300.0
20260407,600176,中国巨石,26.21,26.33,27.57,26.09,83115100.0
20260407,600177,雅戈尔,7.6,7.44,7.6,7.38,21846200.0
20260407,600178,东安动力,10.95,11.09,11.11,10.87,3130000.0
20260407,600179,安通控股,4.36,4.51,4.53,4.36,49063100.0
20260407,600182,S佳通,13.38,13.44,13.48,13.33,990300.0
20260407,600183,生益科技,53.36,55.2,55.99,53.0,59448900.0
20260407,600184,光电股份,18.56,18.51,19.19,18.2,46369400.0
20260407,600185,珠免集团,5.56,5.64,5.66,5.56,14163300.0
20260407,600186,莲花控股,7.0,6.94,7.2,6.87,107869800.0
20260407,600188,兖矿能源,19.15,19.87,20.06,18.97,50908900.0
20260407,600189,泉阳泉,7.27,7.37,7.38,7.22,10033200.0
20260407,600191,华资实业,11.68,11.75,11.86,11.5,3990600.0
20260407,600192,长城电工,8.51,8.33,8.51,8.3,6551300.0
20260407,600195,中牧股份,7.84,8.64,8.64,7.84,96002900.0
20260407,600196,复星医药,26.88,26.68,27.0,26.32,16763200.0
20260407,600197,伊力特,11.82,11.86,11.88,11.79,2122400.0
20260407,600198,大唐电信,8.06,8.23,8.27,8.05,12165200.0
20260407,600199,金种子酒,7.93,7.95,7.97,7.87,4349800.0
20260407,600201,生物股份,14.59,15.12,15.45,14.48,30745200.0
20260407,600202,哈空调,5.5,5.7,5.72,5.47,12256000.0
20260407,600203,福日电子,11.08,11.03,11.33,10.9,18870900.0
20260407,600206,有研新材,20.32,20.3,20.56,20.12,15975600.0
20260407,600207,安彩高科,6.02,5.75,6.19,5.75,77319400.0
20260407,600208,衢州发展,3.12,3.15,3.16,3.11,37993200.0
20260407,600210,紫江企业,6.73,6.75,6.83,6.71,9940500.0
20260407,600211,西藏药业,42.04,41.92,42.62,41.3,2420000.0
20260407,600212,绿能慧充,6.9,6.97,7.08,6.88,6132100.0
20260407,600215,派斯林,6.44,6.58,6.59,6.41,3158400.0
20260407,600216,浙江医药,15.81,16.37,16.48,15.62,34033900.0
20260407,600217,中再资环,3.73,3.79,3.79,3.73,10981000.0
20260407,600218,全柴动力,8.86,8.92,9.0,8.75,6686200.0
20260407,600219,南山铝业,5.95,6.09,6.15,5.8,190865300.0
20260407,600221,海航控股,1.42,1.42,1.43,1.41,190458500.0
20260407,600222,太龙药业,7.32,7.36,7.46,7.07,29109800.0
20260407,600223,福瑞达,6.82,6.86,6.88,6.7,5896000.0
20260407,600226,亨通股份,4.67,4.77,4.9,4.66,50612700.0
20260407,600227,赤天化,3.52,3.82,3.82,3.49,196887800.0
20260407,600228,返利科技,5.3,5.39,5.47,5.25,4960300.0
20260407,600229,城市传媒,5.82,5.96,5.97,5.74,3649200.0
20260407,600230,沧州大化,18.55,20.24,20.33,18.4,27343400.0
20260407,600231,凌钢股份,1.98,2.01,2.02,1.96,16412000.0
20260407,600232,金鹰股份,8.0,8.13,8.2,7.86,7093600.0
20260407,600233,圆通速递,20.14,19.84,20.2,19.49,22372000.0
20260407,600234,科新发展,14.91,14.54,14.91,14.38,2551200.0
20260407,600235,民丰特纸,6.24,6.54,6.56,6.2,8530600.0
20260407,600236,桂冠电力,9.33,9.39,9.53,9.26,11799400.0
20260407,600237,铜峰电子,8.46,8.53,8.59,8.42,13873100.0
20260407,600241,时代万恒,8.57,9.25,9.52,8.5,18673700.0
20260407,600246,万通发展,9.18,8.92,9.33,8.91,44722500.0
20260407,600248,陕建股份,3.37,3.4,3.4,3.36,9947200.0
20260407,600249,两面针,6.09,6.55,6.6,5.96,69967300.0
20260407,600250,南京商旅,12.6,13.61,13.61,12.38,59260000.0
20260407,600251,冠农股份,10.83,11.0,11.08,10.66,8849400.0
20260407,600252,中恒集团,2.58,2.63,2.65,2.49,80800500.0
20260407,600255,鑫科材料,3.23,3.32,3.32,3.22,28370800.0
20260407,600256,广汇能源,6.45,6.99,7.06,6.4,286639700.0
20260407,600257,大湖股份,6.82,7.06,7.2,6.73,27057600.0
20260407,600258,首旅酒店,15.3,15.01,15.43,14.77,17922200.0
20260407,600259,中稀有色,79.0,86.96,86.96,78.32,18900200.0
20260407,600261,阳光照明,3.57,3.6,3.61,3.52,17027500.0
20260407,600262,北方股份,24.1,23.96,24.22,23.54,2392500.0
20260407,600266,城建发展,4.86,4.9,4.93,4.86,21286800.0
20260407,600267,海正药业,10.6,10.64,10.74,10.44,11350700.0
20260407,600268,国电南自,13.84,13.62,14.06,13.48,37729800.0
20260407,600269,赣粤高速,4.55,4.45,4.55,4.44,22939400.0
20260407,600271,航天信息,8.19,8.2,8.25,8.15,10127200.0
20260407,600272,开开实业,12.9,13.31,13.62,12.6,11660700.0
20260407,600273,嘉化能源,9.03,9.29,9.33,8.97,18631100.0
20260407,600276,恒瑞医药,56.51,56.12,56.85,55.0,40146700.0
20260407,600278,东方创业,7.02,7.19,7.21,7.02,5434300.0
20260407,600279,重庆港,5.12,5.16,5.18,5.06,5557700.0
20260407,600280,中央商场,3.06,3.14,3.15,3.03,17201300.0
20260407,600281,华阳新材,5.05,5.29,5.31,5.05,11549600.0
20260407,600282,南钢股份,5.44,5.42,5.47,5.33,30402600.0
20260407,600283,钱江水利,9.0,8.99,9.04,8.94,2894000.0
20260407,600284,浦东建设,6.93,6.92,6.93,6.79,5118200.0
20260407,600285,羚锐制药,22.12,21.96,22.13,21.62,5616300.0
20260407,600287,苏豪时尚,5.48,5.81,5.82,5.48,7742900.0
20260407,600288,大恒科技,14.07,14.24,14.46,14.07,3907900.0
20260407,600292,电投水电,13.82,13.71,13.89,13.5,11786200.0
20260407,600293,三峡新材,3.06,3.18,3.19,3.04,34804800.0
20260407,600295,鄂尔多斯,14.74,14.89,14.95,14.33,5600000.0
20260407,600298,安琪酵母,40.6,39.62,40.68,39.51,7844700.0
20260407,600299,安迪苏,14.0,14.79,14.87,13.53,50880000.0
20260407,600300,维维股份,3.42,3.41,3.43,3.28,45298500.0
20260407,600301,华锡有色,47.99,47.75,48.44,46.86,6718500.0
20260407,600303,曙光股份,3.0,3.12,3.14,2.96,32428600.0
20260407,600305,恒顺醋业,7.52,7.54,7.56,7.47,4215500.0
20260407,600307,酒钢宏兴,1.84,1.87,1.87,1.81,107632100.0
20260407,600308,华泰股份,3.71,3.86,3.89,3.68,18784900.0
20260407,600309,万华化学,81.8,86.27,86.78,81.8,42361000.0
20260407,600310,广西能源,4.47,4.68,4.79,4.39,191009100.0
20260407,600312,平高电气,19.91,19.65,20.05,19.59,13854900.0
20260407,600313,农发种业,7.33,7.59,7.64,7.12,69183000.0
20260407,600315,上海家化,21.34,20.71,21.4,20.62,5863900.0
20260407,600316,洪都航空,38.25,37.72,38.65,37.25,5995100.0
20260407,600318,新力金融,7.22,7.46,7.5,7.2,18109300.0
20260407,600319,亚星化学,7.2,7.49,7.53,7.0,6689300.0
20260407,600320,振华重工,4.96,5.02,5.05,4.93,42632800.0
20260407,600322,津投城开,2.2,2.27,2.28,2.2,16492500.0
20260407,600323,瀚蓝环境,29.9,29.15,30.09,29.01,5937500.0
20260407,600325,华发股份,3.37,3.38,3.4,3.35,27444600.0
20260407,600326,西藏天路,9.15,9.24,9.28,9.13,9704200.0
20260407,600327,大东方,3.8,3.93,3.94,3.78,13673000.0
20260407,600328,中盐化工,8.33,8.69,8.79,8.29,31378700.0
20260407,600329,达仁堂,41.21,40.72,41.44,40.6,2900100.0
20260407,600330,天通股份,17.15,16.69,17.26,16.42,111215400.0
20260407,600331,宏达股份,14.88,14.85,15.04,14.67,38144900.0
20260407,600332,白云山,22.99,22.76,23.02,22.71,9256900.0
20260407,600333,长春燃气,5.08,5.24,5.28,5.0,13572600.0
20260407,600335,国机汽车,5.87,5.89,5.91,5.84,6104300.0
20260407,600336,澳柯玛,6.83,6.88,6.97,6.8,6755800.0
20260407,600338,西藏珠峰,16.52,16.74,16.89,16.26,32699800.0
20260407,600339,中油工程,4.6,4.73,4.85,4.37,293734900.0
20260407,600343,航天动力,31.15,31.43,31.6,30.56,29873700.0
20260407,600345,长江通信,43.33,43.46,44.6,42.97,15210400.0
20260407,600346,恒力石化,21.55,22.74,23.11,21.44,34162000.0
20260407,600348,华阳股份,9.45,9.2,9.55,9.07,63758000.0
20260407,600350,山东高速,10.62,10.34,10.62,10.32,7268300.0
20260407,600351,亚宝药业,6.5,6.81,6.96,6.31,41340700.0
20260407,600352,浙江龙盛,12.99,13.25,13.39,12.86,36770300.0
20260407,600353,旭光电子,13.97,13.89,14.15,13.81,11925700.0
20260407,600354,敦煌种业,6.12,6.33,6.4,6.09,32239500.0
20260407,600356,恒丰纸业,8.3,8.55,8.6,8.26,5263200.0
20260407,600358,国旅联合,5.96,5.95,6.03,5.88,5017000.0
20260407,600359,新农开发,6.88,7.04,7.11,6.69,13839300.0
20260407,600360,华微电子,8.95,8.96,9.06,8.95,6844600.0
20260407,600361,创新新材,3.99,4.05,4.06,3.99,40487800.0
20260407,600362,江西铜业,42.71,42.84,43.1,42.45,16627800.0
20260407,600363,联创光电,49.2,49.39,49.96,48.85,4690200.0
20260407,600366,宁波韵升,11.68,11.95,12.04,11.68,15494500.0
20260407,600367,红星发展,19.8,20.33,20.37,19.7,19533900.0
20260407,600368,五洲交通,3.79,3.82,3.83,3.77,6392600.0
20260407,600369,西南证券,4.09,4.09,4.1,4.05,27643400.0
20260407,600371,万向德农,8.19,8.53,8.59,8.11,7955400.0
20260407,600372,中航机载,12.71,12.73,12.8,12.66,21513900.0
20260407,600373,中文传媒,8.37,8.41,8.43,8.34,3853500.0
20260407,600375,汉马科技,4.85,4.87,4.91,4.81,10194600.0
20260407,600376,首开股份,4.67,4.8,4.93,4.52,60305300.0
20260407,600377,宁沪高速,11.74,11.53,11.75,11.49,9909800.0
20260407,600378,昊华科技,31.92,33.33,33.33,31.68,17665100.0
20260407,600379,宝光股份,11.24,11.44,11.56,11.23,3410600.0
20260407,600380,健康元,11.29,11.19,11.36,11.09,12187500.0
20260407,600382,广东明珠,8.56,8.73,9.12,8.45,24889300.0
20260407,600383,金地集团,2.59,2.63,2.64,2.58,43894600.0
20260407,600386,北巴传媒,3.88,4.0,4.01,3.86,8943600.0
20260407,600388,紫金龙净,18.78,18.2,19.0,18.06,16627200.0
20260407,600389,江山股份,28.31,30.5,30.98,28.31,14879200.0
20260407,600390,五矿资本,5.23,5.32,5.4,5.2,36188200.0
20260407,600391,航发科技,39.9,38.07,40.0,37.8,9570100.0
20260407,600392,盛和资源,22.51,24.02,24.09,22.41,101406800.0
20260407,600395,盘江股份,5.41,5.52,5.53,5.29,28244700.0
20260407,600396,华电辽能,7.09,7.52,7.57,6.89,250509900.0
20260407,600397,江钨装备,14.02,14.1,14.46,13.8,32358500.0
20260407,600398,海澜之家,6.46,6.48,6.5,6.37,41156700.0
20260407,600399,抚顺特钢,5.71,5.74,5.77,5.68,26555300.0
20260407,600400,红豆股份,2.05,2.06,2.07,2.0,24685600.0
20260407,600403,大有能源,5.5,5.67,5.68,5.46,20976100.0
20260407,600405,动力源,5.07,5.1,5.15,5.05,8970400.0
20260407,600406,国电南瑞,25.97,25.54,25.99,25.45,53210300.0
20260407,600408,安泰集团,3.16,3.25,3.26,3.07,59855400.0
20260407,600409,三友化工,6.85,7.29,7.33,6.85,51907000.0
20260407,600410,华胜天成,25.16,25.6,25.98,24.97,109637300.0
20260407,600415,小商品城,12.94,12.96,13.03,12.88,23033200.0
20260407,600416,湘电股份,12.25,12.2,12.33,12.14,10808500.0
20260407,600418,江淮汽车,44.75,46.03,46.58,44.5,35047400.0
20260407,600419,天润乳业,9.49,9.56,9.64,9.31,4931400.0
20260407,600420,国药现代,10.62,10.51,10.63,10.29,10872400.0
20260407,600422,昆药集团,11.46,11.36,11.48,11.18,6661900.0
20260407,600425,青松建化,4.01,4.05,4.05,3.97,19821800.0
20260407,600426,华鲁恒升,35.55,38.41,38.6,35.12,42894000.0
20260407,600428,中远海特,9.38,9.2,9.49,9.18,57879700.0
20260407,600429,三元股份,5.85,6.09,6.14,5.8,27359600.0
20260407,600433,冠豪高新,3.52,3.6,3.62,3.48,30277600.0
20260407,600435,北方导航,14.26,14.17,14.35,14.05,13267600.0
20260407,600436,片仔癀,151.03,150.6,151.49,150.4,993700.0
20260407,600438,通威股份,15.59,15.64,15.74,15.49,26563000.0
20260407,600444,国机通用,16.55,17.7,17.92,16.5,5444800.0
20260407,600446,金证股份,12.25,12.63,12.99,12.25,16762600.0
20260407,600448,华纺股份,3.01,3.19,3.2,2.97,28709000.0
20260407,600449,宁夏建材,12.29,12.3,12.37,12.16,3307500.0
20260407,600452,涪陵电力,10.84,10.93,11.04,10.81,24220200.0
20260407,600455,博通股份,24.68,25.31,25.48,24.01,3277000.0
20260407,600456,宝钛股份,32.78,32.96,33.08,32.62,4669400.0
20260407,600458,时代新材,11.31,11.21,11.35,11.18,16199800.0
20260407,600459,贵研铂业,19.14,19.17,19.29,19.03,8888800.0
20260407,600460,士兰微,24.83,25.07,25.28,24.83,15359400.0
20260407,600461,洪城环境,9.65,9.54,9.75,9.52,7069800.0
20260407,600463,空港股份,9.42,9.76,9.77,9.42,3434000.0
20260407,600467,好当家,2.36,2.45,2.46,2.35,35194700.0
20260407,600468,百利电气,7.45,7.52,7.68,7.37,38148100.0
20260407,600469,风神股份,6.54,6.47,6.54,6.4,7329000.0
20260407,600470,六国化工,6.42,7.05,7.05,6.36,49763900.0
20260407,600475,华光环能,16.53,16.61,16.86,16.5,7503200.0
20260407,600477,杭萧钢构,3.06,3.08,3.1,3.02,29079900.0
20260407,600478,科力远,6.99,7.03,7.17,6.98,37205100.0
20260407,600479,千金药业,10.54,10.7,10.79,10.38,6539800.0
20260407,600480,凌云股份,9.46,9.31,9.56,9.16,15557000.0
20260407,600481,双良节能,6.18,6.25,6.33,6.17,45087800.0
20260407,600482,中国动力,33.08,32.45,33.68,31.24,44207800.0
20260407,600483,福能股份,10.19,10.2,10.3,10.09,22457400.0
20260407,600486,扬农化工,75.21,79.85,79.95,74.04,7397200.0
20260407,600487,亨通光电,58.35,58.7,61.5,58.0,166875400.0
20260407,600488,津药药业,7.3,7.67,7.67,7.1,176353700.0
20260407,600489,中金黄金,26.63,26.25,26.84,26.14,37815800.0
20260407,600490,鹏欣资源,7.57,7.8,7.88,7.51,42097300.0
20260407,600493,凤竹纺织,6.97,7.3,7.33,6.91,9228700.0
20260407,600495,晋西车轴,4.57,4.51,4.61,4.36,40695300.0
20260407,600496,精工钢构,3.93,3.93,3.96,3.89,21657700.0
20260407,600497,驰宏锌锗,7.7,7.82,7.87,7.69,54730600.0
20260407,600498,烽火通信,48.99,48.81,50.97,48.25,84434900.0
20260407,600499,科达制造,16.2,16.28,16.63,16.16,24783700.0
20260407,600500,中化国际,4.16,4.42,4.43,4.14,47747800.0
20260407,600501,航天晨光,21.27,21.21,21.5,20.97,4572200.0
20260407,600502,安徽建工,5.27,5.38,5.4,5.16,109855500.0
20260407,600503,华丽家族,2.3,2.35,2.37,2.27,22302400.0
20260407,600505,西昌电力,12.41,12.31,12.48,12.08,9996800.0
20260407,600506,统一股份,21.01,21.77,21.95,20.91,6133100.0
20260407,600507,方大特钢,5.58,5.4,5.59,5.36,29082800.0
20260407,600508,上海能源,12.62,12.89,12.97,12.51,8116000.0
20260407,600509,天富能源,7.68,7.6,7.76,7.57,24570200.0
20260407,600510,黑牡丹,8.2,8.15,8.23,8.01,5895500.0
20260407,600511,国药股份,29.19,29.11,29.23,28.85,4077000.0
20260407,600512,腾达建设,2.29,2.38,2.39,2.24,65311300.0
20260407,600513,联环药业,26.72,24.96,27.79,24.91,63629400.0
20260407,600515,海南机场,3.52,3.56,3.56,3.49,47288100.0
20260407,600516,方大炭素,5.37,5.49,5.51,5.37,35506600.0
20260407,600517,国网英大,6.2,6.16,6.25,6.12,18631000.0
20260407,600518,康美药业,1.74,1.77,1.78,1.72,175721100.0
20260407,600519,贵州茅台,1460.05,1440.02,1470.0,1435.05,2415200.0
20260407,600520,三佳科技,22.7,22.72,22.93,22.6,1626800.0
20260407,600521,华海药业,15.99,15.86,16.19,15.51,18757000.0
20260407,600522,中天科技,30.82,30.25,31.77,30.06,149996500.0
20260407,600523,贵航股份,13.51,13.59,13.64,13.51,2334800.0
20260407,600525,长园集团,5.33,5.29,5.5,5.26,12894100.0
20260407,600526,菲达环保,5.16,5.27,5.31,5.16,10366800.0
20260407,600527,江南高纤,2.32,2.5,2.5,2.32,105133200.0
20260407,600528,中铁工业,7.98,8.05,8.08,7.8,44879700.0
20260407,600529,山东药玻,18.23,18.29,18.34,18.17,2652500.0
20260407,600531,豫光金铅,12.7,12.76,12.87,12.62,26996200.0
20260407,600533,栖霞建设,2.31,2.43,2.44,2.27,20551700.0
20260407,600535,天士力,14.27,14.07,14.37,14.01,8335500.0
20260407,600536,中国软件,35.7,35.86,36.14,35.63,6777900.0
20260407,600538,国发股份,6.46,6.52,6.65,6.36,15233600.0
20260407,600539,狮头股份,13.97,14.01,14.2,13.53,19782400.0
20260407,600540,新赛股份,4.35,4.57,4.61,4.32,23004600.0
20260407,600545,卓郎智能,3.65,3.68,3.83,3.61,77700200.0
20260407,600546,山煤国际,11.0,11.23,11.24,10.95,20063700.0
20260407,600547,山东黄金,39.87,39.7,40.1,39.0,27203000.0
20260407,600548,深高速,9.46,9.6,9.6,9.41,5271200.0
20260407,600549,厦门钨业,53.25,54.33,55.39,53.25,38687300.0
20260407,600550,保变电气,14.71,14.48,14.74,14.38,39938700.0
20260407,600551,时代出版,7.79,7.85,7.9,7.79,2370000.0
20260407,600552,凯盛科技,11.94,12.43,12.55,11.85,51340500.0
20260407,600556,天下秀,5.75,5.87,5.89,5.75,27101400.0
20260407,600557,康缘药业,13.9,13.93,14.09,13.72,4225200.0
20260407,600558,大西洋,5.56,5.37,5.56,5.35,21310700.0
20260407,600559,老白干酒,13.3,13.32,13.4,13.27,4039700.0
20260407,600560,金自天正,13.97,14.29,14.58,13.97,3748400.0
20260407,600561,江西长运,6.12,6.35,6.41,6.04,7577100.0
20260407,600562,国睿科技,24.06,24.0,24.33,23.83,4257900.0
20260407,600563,法拉电子,119.59,116.65,120.08,115.68,7244700.0
20260407,600566,济川药业,26.66,26.11,26.76,25.77,5890500.0
20260407,600567,山鹰国际,1.5,1.52,1.52,1.5,29163300.0
20260407,600569,安阳钢铁,2.1,2.14,2.15,2.07,28442300.0
20260407,600570,恒生电子,25.37,25.36,25.69,25.3,13128500.0
20260407,600571,信雅达,12.82,13.24,13.33,12.82,8525700.0
20260407,600572,康恩贝,4.39,4.41,4.44,4.3,35707000.0
20260407,600573,惠泉啤酒,12.15,12.5,12.51,11.96,10988700.0
20260407,600575,淮河能源,3.73,3.72,3.77,3.66,59572000.0
20260407,600576,祥源文旅,5.65,5.81,5.81,5.62,9804800.0
20260407,600577,精达股份,11.85,11.88,12.14,11.72,39931200.0
20260407,600578,京能电力,5.01,5.01,5.06,4.97,23939100.0
20260407,600579,中化装备,7.68,7.91,7.98,7.68,5755000.0
20260407,600580,卧龙电驱,35.35,35.32,35.68,34.9,19819300.0
20260407,600582,天地科技,5.67,5.7,5.71,5.64,16071000.0
20260407,600583,海油工程,6.7,6.96,7.01,6.59,80769100.0
20260407,600584,长电科技,38.7,38.82,39.06,38.54,27382100.0
20260407,600585,海螺水泥,22.91,22.83,23.06,22.7,16179800.0
20260407,600586,金晶科技,5.2,5.19,5.25,5.1,32148700.0
20260407,600587,新华医疗,14.17,14.26,14.35,14.1,4519200.0
20260407,600588,用友网络,11.56,11.49,11.6,11.31,22003900.0
20260407,600589,大位科技,10.02,9.88,10.08,9.8,72826400.0
20260407,600590,泰豪科技,13.46,13.15,13.88,12.78,49460800.0
20260407,600592,龙溪股份,19.07,19.14,19.3,19.0,3590500.0
20260407,600593,大连圣亚,35.62,36.3,36.4,35.5,2933100.0
20260407,600594,益佰制药,4.67,5.01,5.11,4.38,188936400.0
20260407,600595,中孚实业,7.36,7.79,7.8,7.34,73283600.0
20260407,600596,新安股份,10.91,11.5,11.5,10.91,26920900.0
20260407,600597,光明乳业,7.42,7.43,7.45,7.37,5059500.0
20260407,600598,北大荒,16.01,16.33,16.51,15.69,39512000.0
20260407,600600,青岛啤酒,63.07,63.01,63.45,62.51,4659500.0
20260407,600601,方正科技,9.63,9.78,9.87,9.63,42915900.0
20260407,600602,云赛智联,24.39,24.05,24.98,23.87,158431600.0
20260407,600603,广汇物流,6.8,6.9,7.09,6.66,21432900.0
20260407,600604,市北高新,4.76,4.79,4.81,4.74,6835700.0
20260407,600605,汇通能源,26.31,26.81,27.1,26.02,1747300.0
20260407,600606,绿地控股,1.46,1.46,1.47,1.44,56901600.0
20260407,600609,金杯汽车,3.91,4.0,4.01,3.89,12820000.0
20260407,600610,中毅达,8.5,9.13,9.29,8.5,38028200.0
20260407,600611,大众交通,4.59,4.6,4.63,4.5,12024100.0
20260407,600612,老凤祥,41.11,41.51,41.78,41.11,695500.0
20260407,600613,神奇制药,6.55,6.62,6.71,6.25,34151500.0
20260407,600615,鑫源智造,10.73,11.22,11.26,10.63,3546700.0
20260407,600616,金枫酒业,4.9,5.04,5.04,4.89,6310500.0
20260407,600617,国新能源,3.3,3.42,3.45,3.22,68771100.0
20260407,600618,氯碱化工,12.08,12.85,12.87,12.07,16851100.0
20260407,600619,海立股份,15.92,15.92,16.17,15.78,11574200.0
20260407,600620,天宸股份,6.03,6.21,6.23,5.97,5536500.0
20260407,600621,华鑫股份,13.66,13.72,13.75,13.62,5653200.0
20260407,600622,光大嘉宝,2.48,2.5,2.51,2.45,14096300.0
20260407,600623,华谊集团,9.0,9.78,9.78,8.98,37067600.0
20260407,600626,申达股份,3.78,3.87,3.88,3.77,10835500.0
20260407,600628,新世界,7.07,7.17,7.18,6.99,7587700.0
20260407,600629,华建集团,19.81,19.38,20.0,19.21,14067100.0
20260407,600630,龙头股份,7.7,7.81,7.86,7.64,3221800.0
20260407,600633,浙数文化,12.08,12.02,12.16,11.91,13937200.0
20260407,600635,大众公用,5.24,5.31,5.32,5.23,30516400.0
20260407,600637,东方明珠,9.1,9.17,9.23,9.1,22763700.0
20260407,600638,新黄浦,5.75,5.91,5.94,5.71,7331900.0
20260407,600639,浦东金桥,10.55,10.36,10.62,10.31,8832900.0
20260407,600640,国脉文化,11.6,11.62,11.66,11.54,3058400.0
20260407,600641,先导基电,18.49,19.17,19.54,18.4,48957100.0
20260407,600642,申能股份,8.76,8.64,8.79,8.55,18939200.0
20260407,600643,爱建集团,5.11,5.27,5.3,5.1,69214900.0
20260407,600644,乐山电力,10.93,11.04,11.22,10.58,41775500.0
20260407,600645,中源协和,28.0,28.4,28.85,27.58,16803800.0
20260407,600648,外高桥,10.18,10.16,10.18,10.02,1962600.0
20260407,600649,城投控股,4.25,4.22,4.29,4.21,21636200.0
20260407,600650,锦江在线,12.59,12.72,12.73,12.5,2760100.0
20260407,600651,飞乐音响,7.28,7.1,7.3,7.05,29468800.0
20260407,600653,申华控股,1.7,1.74,1.75,1.7,16372900.0
20260407,600654,中安科,3.85,4.0,4.0,3.75,258629800.0
20260407,600655,豫园股份,4.52,4.56,4.59,4.52,6003300.0
20260407,600657,信达地产,2.94,2.97,2.97,2.93,11430400.0
20260407,600658,电子城,4.45,4.55,4.56,4.42,8970100.0
20260407,600660,福耀玻璃,58.1,57.31,58.35,56.76,9074200.0
20260407,600661,昂立教育,9.34,9.54,9.55,9.28,3010100.0
20260407,600662,外服控股,5.01,5.01,5.03,4.95,7278700.0
20260407,600663,陆家嘴,7.7,7.53,7.73,7.48,8113200.0
20260407,600664,哈药股份,3.6,3.87,3.87,3.47,242679900.0
20260407,600665,天地源,3.06,3.16,3.18,3.01,15475600.0
20260407,600666,奥瑞德,5.7,5.91,6.15,5.6,510353500.0
20260407,600667,太极实业,8.7,8.81,8.95,8.68,106492200.0
20260407,600668,尖峰集团,10.25,10.68,10.87,10.21,7737200.0
20260407,600671,天目药业,21.01,21.15,21.29,20.59,2842100.0
20260407,600673,东阳光,30.49,30.0,30.88,29.9,34655100.0
20260407,600674,川投能源,15.08,14.85,15.1,14.73,20084100.0
20260407,600675,中华企业,2.56,2.57,2.57,2.54,14000000.0
20260407,600676,久事动娱,7.22,7.46,7.46,7.22,8060000.0
20260407,600679,上海凤凰,11.56,11.66,11.7,11.48,2056400.0
20260407,600681,百川能源,4.08,4.15,4.16,4.02,29917600.0
20260407,600682,南京新百,7.14,7.31,7.35,7.02,29350700.0
20260407,600683,京投发展,8.97,8.65,9.23,8.49,26347300.0
20260407,600684,珠江股份,4.53,4.65,4.66,4.41,24593300.0
20260407,600685,中船防务,27.2,27.85,28.0,27.2,14732700.0
20260407,600686,金龙汽车,17.97,17.99,18.26,17.75,11544000.0
20260407,600688,上海石化,2.89,3.0,3.0,2.85,64349300.0
20260407,600689,上海三毛,12.79,13.15,13.26,12.7,4071300.0
20260407,600690,海尔智家,21.14,20.67,21.2,20.55,72707200.0
20260407,600691,潞化科技,3.09,3.34,3.34,3.04,74702600.0
20260407,600692,亚通股份,7.86,7.74,7.92,7.57,15578000.0
20260407,600693,东百集团,10.79,11.04,11.07,10.76,18544400.0
20260407,600694,大商股份,16.42,16.49,16.57,16.2,1714300.0
20260407,600697,欧亚集团,11.4,11.79,11.84,11.4,3841900.0
20260407,600698,湖南天雁,7.27,7.34,7.46,7.25,18653200.0
20260407,600699,均胜电子,25.41,25.08,25.5,24.88,33347200.0
20260407,600702,舍得酒业,44.17,43.99,44.38,43.68,2883000.0
20260407,600703,三安光电,11.73,12.02,12.34,11.72,204767600.0
20260407,600704,物产中大,5.19,5.18,5.21,5.14,42912400.0
20260407,600706,曲江文旅,9.05,9.36,9.37,9.03,6304500.0
20260407,600707,彩虹股份,5.52,5.57,5.61,5.48,13947800.0
20260407,600708,光明地产,3.27,3.31,3.35,3.26,15842900.0
20260407,600710,苏美达,12.5,12.58,12.72,12.39,11744700.0
20260407,600711,盛屯矿业,13.2,13.52,13.71,13.2,109154800.0
20260407,600712,南宁百货,6.0,6.11,6.13,5.95,4964300.0
20260407,600713,南京医药,5.58,5.66,5.74,5.45,52517400.0
20260407,600714,金瑞矿业,16.32,16.92,17.05,16.19,18074400.0
20260407,600715,文投控股,1.94,1.98,1.98,1.93,18672000.0
20260407,600716,凤凰股份,4.24,4.2,4.35,4.14,20640100.0
20260407,600717,天津港,4.54,4.54,4.56,4.5,14854600.0
20260407,600718,东软集团,8.92,8.92,8.98,8.87,7966700.0
20260407,600719,大连热电,6.28,6.51,6.55,6.18,14481400.0
20260407,600720,中交设计,6.97,7.0,7.01,6.92,6116500.0
20260407,600722,金牛化工,13.46,14.52,14.52,13.35,88715900.0
20260407,600724,宁波富达,6.47,6.68,6.81,6.39,18384700.0
20260407,600725,云维股份,4.23,4.26,4.28,4.19,12684700.0
20260407,600726,华电能源,5.0,4.98,5.11,4.86,241447500.0
20260407,600727,鲁北化工,7.11,7.39,7.43,6.9,32816200.0
20260407,600728,佳都科技,5.48,5.51,5.54,5.47,15923500.0
20260407,600729,重百集团,21.59,21.47,21.65,21.43,1246700.0
20260407,600731,湖南海利,6.81,6.99,7.02,6.75,9692000.0
20260407,600732,爱旭股份,13.79,13.89,14.05,13.67,25403200.0
20260407,600733,北汽蓝谷,7.08,7.14,7.18,7.05,32237400.0
20260407,600736,苏州高新,5.82,5.9,5.91,5.8,9259300.0
20260407,600737,中粮糖业,14.18,14.38,14.44,13.98,17726100.0
20260407,600738,丽尚国潮,4.65,4.78,4.78,4.61,8712200.0
20260407,600739,辽宁成大,11.18,11.11,11.27,11.05,7470900.0
20260407,600740,山西焦化,4.13,4.35,4.37,4.1,54314200.0
20260407,600741,华域汽车,19.85,19.97,20.16,19.8,22230500.0
20260407,600742,富维股份,9.62,9.67,9.8,9.62,5193200.0
20260407,600743,华远控股,1.81,1.99,1.99,1.8,54254500.0
20260407,600744,华银电力,7.1,7.2,7.24,7.01,65216300.0
20260407,600746,江苏索普,10.19,10.51,10.82,9.88,44875800.0
20260407,600748,上实发展,4.69,4.75,4.77,4.62,14140700.0
20260407,600749,西藏旅游,15.62,15.85,15.96,15.62,3579400.0
20260407,600750,华润江中,26.82,26.05,26.93,26.01,6002100.0
20260407,600751,海航科技,3.84,3.87,3.91,3.79,25989300.0
20260407,600754,锦江酒店,27.76,27.16,28.26,26.82,13417000.0
20260407,600755,厦门国贸,6.33,6.33,6.37,6.27,15842800.0
20260407,600756,浪潮软件,16.6,16.65,17.0,16.41,12834600.0
20260407,600757,长江传媒,8.77,8.77,8.85,8.65,8969500.0
20260407,600758,辽宁能源,4.0,4.15,4.17,3.98,100433100.0
20260407,600760,中航沈飞,48.4,47.68,48.45,47.43,9279200.0
20260407,600761,安徽合力,17.3,17.01,17.39,16.96,14113600.0
20260407,600763,通策医疗,41.12,41.17,41.45,40.83,3793800.0
20260407,600764,中国海防,23.32,23.49,23.6,23.29,2472100.0
20260407,600765,中航重机,15.99,15.88,16.08,15.81,10959000.0
20260407,600768,富邦新材,16.26,17.01,17.16,16.2,5721100.0
20260407,600769,祥龙电业,13.66,13.14,13.74,12.85,11775800.0
20260407,600770,综艺股份,5.35,5.44,5.48,5.35,15589200.0
20260407,600771,广誉远,17.58,17.46,17.66,16.88,9517800.0
20260407,600773,西藏城投,17.94,17.45,18.04,17.3,16070500.0
20260407,600774,汉商集团,8.72,8.98,9.04,8.64,4690000.0
20260407,600775,南京熊猫,12.74,13.02,13.07,12.74,21408800.0
20260407,600776,东方通信,14.81,14.86,15.1,14.76,11751000.0
20260407,600777,新潮能源,5.42,5.52,5.59,5.4,31805300.0
20260407,600778,友好集团,6.03,6.28,6.29,6.03,8697500.0
20260407,600779,水井坊,32.12,32.16,32.3,31.95,1292600.0
20260407,600780,通宝能源,6.35,6.37,6.41,6.29,26307200.0
20260407,600782,新钢股份,3.49,3.47,3.52,3.44,49678100.0
20260407,600783,鲁信创投,20.32,20.03,20.32,19.86,6096000.0
20260407,600784,鲁银投资,6.85,7.02,7.05,6.83,6751100.0
20260407,600785,新华百货,16.39,16.87,16.91,16.38,4413000.0
20260407,600787,中储股份,5.35,5.42,5.44,5.33,15128400.0
20260407,600789,鲁抗医药,8.28,8.41,8.44,8.16,12690100.0
20260407,600790,轻纺城,3.69,3.72,3.73,3.66,4873300.0
20260407,600791,京能置业,10.9,11.79,11.79,10.78,39401600.0
20260407,600792,云煤能源,3.93,4.1,4.14,3.84,43349400.0
20260407,600793,宜宾纸业,17.99,18.23,18.84,17.67,3011900.0
20260407,600794,保税科技,3.62,3.71,3.71,3.57,15639000.0
20260407,600795,国电电力,4.76,4.71,4.77,4.7,102168500.0
20260407,600796,钱江生化,6.1,6.33,6.38,6.07,10207000.0
20260407,600797,浙大网新,8.73,8.68,8.78,8.58,16573000.0
20260407,600798,宁波海运,3.79,3.93,3.93,3.74,29518300.0
20260407,600800,渤海化学,4.54,4.71,4.82,4.47,48359700.0
20260407,600801,华新建材,22.93,23.36,23.8,22.93,13458400.0
20260407,600802,福建水泥,5.87,5.93,6.01,5.84,12897700.0
20260407,600803,新奥股份,21.81,21.78,22.13,21.3,7532500.0
20260407,600805,悦达投资,4.98,5.12,5.13,4.95,14958300.0
20260407,600807,济高发展,3.01,3.08,3.09,2.99,19215700.0
20260407,600808,马钢股份,3.7,3.73,3.74,3.66,30164400.0
20260407,600809,山西汾酒,141.2,141.31,142.86,140.19,2721700.0
20260407,600810,神马股份,8.24,8.99,8.99,8.13,40250800.0
20260407,600812,华北制药,5.5,5.64,5.64,5.36,28310900.0
20260407,600814,杭州解百,7.43,7.55,7.57,7.38,5515700.0
20260407,600815,厦工股份,3.47,3.51,3.59,3.42,57733100.0
20260407,600816,建元信托,2.5,2.52,2.54,2.49,20501900.0
20260407,600817,宇通重工,11.18,11.53,11.57,11.17,9502600.0
20260407,600819,耀皮玻璃,6.69,6.85,6.88,6.68,6800100.0
20260407,600820,隧道股份,6.07,6.05,6.1,6.01,14601700.0
20260407,600821,金开新能,8.04,8.08,8.2,7.85,200915700.0
20260407,600822,上海物贸,9.82,9.93,10.0,9.7,2652900.0
20260407,600824,益民集团,3.88,3.98,3.99,3.87,8213800.0
20260407,600825,新华传媒,5.62,5.64,5.66,5.46,10048900.0
20260407,600826,兰生股份,9.61,9.59,9.61,9.46,2970600.0
20260407,600827,百联股份,8.4,8.39,8.41,8.3,5116200.0
20260407,600828,茂业商业,5.09,5.13,5.14,4.99,17011900.0
20260407,600829,人民同泰,11.06,11.67,11.97,10.6,49595800.0
20260407,600830,香溢融通,8.47,8.66,8.68,8.46,3559400.0
20260407,600831,广电网络,3.57,3.55,3.61,3.45,16165400.0
20260407,600833,第一医药,11.72,12.02,12.11,11.62,3962700.0
20260407,600834,申通地铁,8.26,8.3,8.31,8.11,3287500.0
20260407,600835,上海机电,21.59,21.26,21.65,21.01,4058400.0
20260407,600838,上海九百,9.77,9.96,9.98,9.75,5714300.0
20260407,600839,四川长虹,8.45,8.46,8.5,8.41,30819200.0
20260407,600841,动力新科,8.29,8.3,8.51,8.17,14532700.0
20260407,600843,上工申贝,9.09,9.2,9.21,9.07,4054600.0
20260407,600844,金煤科技,3.84,4.27,4.3,3.82,160127900.0
20260407,600845,宝信软件,22.5,21.79,22.59,21.71,18838200.0
20260407,600846,同济科技,11.64,11.86,11.9,11.64,1147400.0
20260407,600847,万里股份,12.24,12.58,12.64,12.05,3563000.0
20260407,600848,上海临港,9.7,9.52,9.71,9.3,12564200.0
20260407,600850,电科数字,19.84,19.84,19.84,19.84,4454800.0
20260407,600851,海欣股份,8.5,8.39,8.56,8.26,18794100.0
20260407,600853,龙建股份,3.75,3.82,3.83,3.73,10530200.0
20260407,600854,春兰股份,4.77,4.96,4.98,4.75,10421400.0
20260407,600855,航天长峰,16.44,16.64,16.8,16.43,6165200.0
20260407,600857,宁波中百,11.38,11.67,11.73,11.37,2463700.0
20260407,600858,银座股份,5.54,5.65,5.67,5.5,6808200.0
20260407,600859,王府井,11.91,12.09,12.12,11.9,8429200.0
20260407,600860,京城股份,11.02,11.21,11.26,10.86,12082500.0
20260407,600861,北京人力,15.94,15.82,16.0,15.71,2406600.0
20260407,600862,中航高科,20.84,20.76,20.99,20.68,8904900.0
20260407,600863,华能蒙电,4.98,4.93,4.99,4.89,39686400.0
20260407,600864,哈投股份,6.36,6.45,6.57,6.36,37420300.0
20260407,600865,百大集团,10.92,11.22,11.22,10.92,5162900.0
20260407,600866,星湖科技,6.98,6.99,7.09,6.89,20407500.0
20260407,600867,通化东宝,9.93,9.99,10.38,9.48,122298400.0
20260407,600868,梅雁吉祥,3.46,3.5,3.55,3.44,62004600.0
20260407,600869,远东股份,15.51,14.39,15.64,14.28,150947800.0
20260407,600871,石化油服,2.85,2.94,2.95,2.77,177307700.0
20260407,600872,中炬高新,19.04,19.1,19.31,19.0,6046100.0
20260407,600873,梅花生物,11.17,11.27,11.44,11.12,30627900.0
20260407,600874,创业环保,5.91,5.93,5.93,5.86,12608600.0
20260407,600875,东方电气,36.56,34.82,36.86,34.75,78643200.0
20260407,600876,凯盛新能,8.93,9.16,9.17,8.68,6200300.0
20260407,600877,电科芯片,15.5,15.48,15.77,15.43,10358500.0
20260407,600879,航天电子,20.89,20.36,20.9,20.2,74230900.0
20260407,600880,博瑞传播,4.67,4.71,4.72,4.59,13492000.0
20260407,600881,亚泰集团,1.58,1.61,1.61,1.57,30649200.0
20260407,600882,妙可蓝多,17.96,18.44,19.31,17.86,18980600.0
20260407,600883,博闻科技,7.64,7.93,7.97,7.53,6724700.0
20260407,600884,杉杉股份,13.05,13.04,13.16,12.92,31051700.0
20260407,600885,宏发股份,25.56,24.8,25.56,24.69,26178700.0
20260407,600886,国投电力,13.82,13.45,13.84,13.4,26708700.0
20260407,600887,伊利股份,26.31,26.33,26.42,26.08,26823200.0
20260407,600888,新疆众和,7.83,8.09,8.12,7.83,31237700.0
20260407,600892,大晟文化,3.53,3.53,3.59,3.52,2217900.0
20260407,600893,航发动力,49.58,46.52,49.58,45.8,50713500.0
20260407,600894,广日股份,9.69,9.72,9.84,9.63,17795000.0
20260407,600895,张江高科,34.77,34.8,35.65,34.66,16652000.0
20260407,600897,厦门空港,16.01,16.26,16.29,16.0,2233300.0
20260407,600900,长江电力,26.71,26.48,26.75,26.4,72627200.0
20260407,600901,江苏金租,6.68,6.61,6.79,6.57,24628200.0
20260407,600903,贵州燃气,6.22,6.27,6.28,6.16,5547900.0
20260407,600905,三峡能源,4.08,4.09,4.12,4.07,111808000.0
20260407,600906,财达证券,6.23,6.23,6.26,6.19,12296200.0
20260407,600908,无锡银行,5.65,5.61,5.66,5.6,15304800.0
20260407,600909,华安证券,5.46,5.46,5.5,5.42,25619400.0
20260407,600916,中国黄金,9.23,9.22,9.29,9.18,16026800.0
20260407,600917,重庆燃气,5.3,5.33,5.34,5.26,7540800.0
20260407,600918,中泰证券,5.94,5.94,5.96,5.9,13471000.0
20260407,600919,江苏银行,10.81,10.79,10.84,10.72,57085100.0
20260407,600925,苏能股份,4.55,4.56,4.57,4.49,10057200.0
20260407,600926,杭州银行,16.8,16.84,17.0,16.76,19549700.0
20260407,600927,永安期货,13.65,13.6,13.65,13.41,4492400.0
20260407,600928,西安银行,3.53,3.53,3.56,3.52,12689400.0
20260407,600930,华电新能,6.0,6.04,6.07,5.95,122001000.0
20260407,600933,爱柯迪,16.57,16.31,16.65,16.25,7961000.0
20260407,600935,华塑股份,2.66,2.77,2.78,2.64,49049300.0
20260407,600936,北投科技,3.93,4.0,4.03,3.87,18742800.0
20260407,600938,中国海油,39.19,39.76,40.18,38.7,67432900.0
20260407,600939,重庆建工,2.91,2.96,2.97,2.87,12840300.0
20260407,600941,中国移动,93.03,93.38,93.53,92.94,5472300.0
20260407,600955,维远股份,16.36,18.1,18.1,16.25,9666000.0
20260407,600956,新天绿能,8.0,8.08,8.13,7.88,18573600.0
20260407,600958,东方证券,8.87,8.93,8.93,8.85,23810400.0
20260407,600959,江苏有线,3.83,3.94,3.98,3.75,88294500.0
20260407,600960,渤海汽车,4.92,4.98,4.99,4.89,9705600.0
20260407,600961,株冶集团,16.88,17.0,17.2,16.83,13130400.0
20260407,600962,国投中鲁,18.47,18.43,18.69,18.32,1733400.0
20260407,600963,岳阳林纸,4.65,4.71,4.77,4.6,17210800.0
20260407,600966,博汇纸业,6.26,6.3,6.4,6.24,11100600.0
20260407,600967,内蒙一机,14.2,14.26,14.3,14.15,10413900.0
20260407,600968,海油发展,4.46,4.56,4.57,4.41,60782900.0
20260407,600969,郴电国际,9.23,9.31,9.42,9.1,8952100.0
20260407,600970,中材国际,10.4,10.61,10.66,10.4,25392200.0
20260407,600971,恒源煤电,7.2,7.34,7.35,7.09,16119400.0
20260407,600973,宝胜股份,6.52,6.61,6.79,6.5,26666500.0
20260407,600975,新五丰,5.23,5.45,5.47,5.18,24241400.0
20260407,600976,健民集团,34.98,34.4,35.18,33.83,4117800.0
20260407,600977,中国电影,13.25,13.37,13.39,13.18,19911700.0
20260407,600979,广安爱众,4.49,4.53,4.56,4.35,43662300.0
20260407,600980,北矿科技,21.13,21.66,21.74,20.74,3862500.0
20260407,600981,苏豪汇鸿,2.93,3.04,3.05,2.91,23392100.0
20260407,600982,宁波能源,5.15,5.42,5.49,5.15,98863500.0
20260407,600983,惠而浦,9.81,10.22,10.32,9.81,6137600.0
20260407,600984,建设机械,3.7,3.78,3.8,3.67,12960800.0
20260407,600985,淮北矿业,13.51,13.69,13.76,13.3,16451200.0
20260407,600986,浙文互联,9.11,9.18,9.28,9.1,43894600.0
20260407,600987,航民股份,7.37,7.4,7.46,7.33,5558600.0
20260407,600988,赤峰黄金,44.6,43.69,45.29,43.48,52673700.0
20260407,600989,宝丰能源,29.07,30.76,31.0,28.92,126248600.0
20260407,600990,四创电子,21.5,21.75,21.98,21.5,2254200.0
20260407,600992,贵绳股份,11.65,11.89,11.98,11.62,3995400.0
20260407,600993,马应龙,25.37,25.36,25.48,25.17,1697800.0
20260407,600995,南网储能,13.28,13.2,13.41,13.1,19178900.0
20260407,600996,贵广网络,9.23,9.35,9.49,8.99,47670600.0
20260407,600997,开滦股份,5.81,5.97,6.0,5.73,16730800.0
20260407,600998,九州通,5.27,5.36,5.37,5.18,41469400.0
20260407,600999,招商证券,15.56,15.55,15.63,15.45,17699700.0
20260407,601000,唐山港,4.71,4.71,4.77,4.68,48292300.0
20260407,601001,晋控煤业,16.37,16.83,16.9,16.17,13187800.0
20260407,601002,晋亿实业,5.15,5.29,5.31,5.1,31083000.0
20260407,601003,柳钢股份,4.53,4.48,4.54,4.42,11089300.0
20260407,601005,重庆钢铁,1.39,1.4,1.41,1.39,42074100.0
20260407,601006,大秦铁路,5.19,5.17,5.2,5.16,82659800.0
20260407,601007,金陵饭店,7.89,8.34,8.36,7.86,19609200.0
20260407,601008,连云港,4.85,4.92,4.93,4.8,8126600.0
20260407,601009,南京银行,11.17,11.12,11.26,11.08,32813700.0
20260407,601011,宝泰隆,3.27,3.35,3.35,3.18,38846400.0
20260407,601012,隆基绿能,16.66,16.7,16.74,16.39,112080300.0
20260407,601015,陕西黑猫,4.09,4.31,4.35,3.91,99375000.0
20260407,601016,节能风电,3.8,4.04,4.17,3.8,576402100.0
20260407,601018,宁波港,4.0,3.94,4.0,3.92,41732600.0
20260407,601019,山东出版,8.71,8.68,8.89,8.62,6338700.0
20260407,601021,春秋航空,46.4,45.81,46.4,45.5,4172100.0
20260407,601022,宁波远洋,8.89,8.92,8.97,8.75,7955400.0
20260407,601026,道生天合,18.05,18.1,18.15,17.89,3030000.0
20260407,601033,永兴股份,14.38,14.47,14.5,14.35,3634200.0
20260407,601038,一拖股份,12.36,12.32,12.39,12.23,3633700.0
20260407,601058,赛轮轮胎,13.23,13.43,13.46,13.13,30600200.0
20260407,601059,信达证券,16.4,16.26,16.43,16.21,5165300.0
20260407,601061,中信金属,11.32,11.32,11.41,11.22,9751700.0
20260407,601065,江盐集团,8.13,8.24,8.26,8.1,4406800.0
20260407,601066,中信建投,21.12,20.97,21.14,20.9,5773000.0
20260407,601068,中铝国际,5.57,5.8,5.81,5.55,21941700.0
20260407,601069,西部黄金,30.48,30.18,30.62,29.91,8322100.0
20260407,601077,渝农商行,7.04,6.91,7.1,6.87,28568100.0
20260407,601083,锦江航运,12.99,12.98,13.13,12.9,19415200.0
20260407,601086,国芳集团,8.6,8.85,8.85,8.54,4922200.0
20260407,601088,中国神华,47.58,48.42,48.59,47.22,26436000.0
20260407,601089,福元医药,23.5,23.35,23.84,22.92,3568100.0
20260407,601096,宏盛华源,5.5,5.57,5.6,5.46,29433900.0
20260407,601098,中南传媒,10.88,10.88,11.0,10.78,5743600.0
20260407,601099,太平洋,3.66,3.66,3.69,3.63,54486100.0
20260407,601100,恒立液压,102.0,98.23,102.49,97.68,9691600.0
20260407,601101,昊华能源,8.23,8.61,8.68,8.11,22071600.0
20260407,601106,中国一重,4.18,4.17,4.23,4.16,33108300.0
20260407,601107,四川成渝,5.71,5.5,5.73,5.46,30726800.0
20260407,601108,财通证券,7.68,7.77,7.82,7.67,23995700.0
20260407,601111,中国国航,6.74,6.7,6.77,6.66,46099600.0
20260407,601112,振石股份,18.86,18.99,19.05,18.85,6288900.0
20260407,601113,华鼎股份,4.2,4.39,4.39,4.2,16498300.0
20260407,601116,三江购物,13.3,13.33,13.45,13.11,5735600.0
20260407,601117,中国化学,8.73,9.21,9.22,8.73,156866400.0
20260407,601118,海南橡胶,6.48,6.65,6.76,6.41,46284300.0
20260407,601121,宝地矿业,7.22,7.46,7.47,7.2,10195200.0
20260407,601126,四方股份,41.86,39.9,42.15,39.7,21085900.0
20260407,601127,赛力斯,86.0,86.63,87.76,85.55,16458700.0
20260407,601128,常熟银行,7.04,6.98,7.06,6.98,27296700.0
20260407,601133,柏诚股份,19.76,21.43,21.43,19.7,42999800.0
20260407,601136,首创证券,16.01,15.97,16.09,15.95,3904100.0
20260407,601137,博威合金,17.74,17.78,18.1,17.71,7357900.0
20260407,601138,工业富联,52.98,52.58,54.0,52.0,120586400.0
20260407,601139,深圳燃气,6.98,7.18,7.2,6.88,30979700.0
20260407,601155,新城控股,13.63,13.7,13.87,13.59,8036900.0
20260407,601156,东航物流,16.95,16.84,17.13,16.61,6898700.0
20260407,601158,重庆水务,4.32,4.32,4.33,4.3,8375600.0
20260407,601162,天风证券,3.59,3.58,3.62,3.55,69317900.0
20260407,601163,三角轮胎,13.98,13.86,14.07,13.78,3220800.0
20260407,601166,兴业银行,18.7,18.53,18.79,18.49,55792200.0
20260407,601168,西部矿业,25.55,25.55,25.85,25.35,26120800.0
20260407,601169,北京银行,5.43,5.39,5.44,5.38,95005700.0
20260407,601177,杭齿前进,13.78,14.03,14.14,13.78,2020700.0
20260407,601179,中国西电,15.05,14.97,15.15,14.82,108572100.0
20260407,601186,中国铁建,6.93,6.91,6.94,6.89,35439700.0
20260407,601187,厦门银行,7.7,7.64,7.75,7.57,12086900.0
20260407,601188,龙江交通,3.21,3.28,3.33,3.17,20844500.0
20260407,601198,东兴证券,12.4,12.39,12.59,12.37,14301300.0
20260407,601199,江南水务,5.57,5.53,5.58,5.47,7919000.0
20260407,601200,上海环境,7.9,7.97,8.0,7.84,11783000.0
20260407,601208,东材科技,31.77,32.3,33.6,31.77,74980000.0
20260407,601211,国泰海通,16.46,16.29,16.56,16.26,61859800.0
20260407,601212,白银有色,7.74,7.83,7.87,7.72,62359100.0
20260407,601216,君正集团,5.12,5.57,5.62,5.11,165944700.0
20260407,601218,吉鑫科技,5.82,5.93,6.01,5.73,73248600.0
20260407,601222,林洋能源,5.82,5.8,5.89,5.77,20848200.0
20260407,601225,陕西煤业,25.28,25.85,25.95,25.1,28139700.0
20260407,601226,华电科工,8.7,8.75,8.83,8.66,16945700.0
20260407,601228,广州港,3.33,3.35,3.36,3.3,22763800.0
20260407,601229,上海银行,9.85,9.66,9.85,9.63,47579700.0
20260407,601231,环旭电子,34.48,32.84,34.5,32.2,46223300.0
20260407,601233,桐昆股份,18.11,18.4,19.0,17.88,46766400.0
20260407,601236,红塔证券,7.5,7.51,7.54,7.45,9572500.0
20260407,601238,广汽集团,7.1,7.1,7.11,7.05,10144200.0
20260407,601279,英利汽车,3.97,4.01,4.03,3.93,7877900.0
20260407,601288,农业银行,6.83,6.69,6.85,6.66,304110500.0
20260407,601298,青岛港,8.71,8.52,8.71,8.48,14795700.0
20260407,601311,骆驼股份,9.1,9.25,9.29,9.09,15087100.0
20260407,601318,中国平安,57.3,56.69,57.55,56.41,50385800.0
20260407,601319,中国人保,7.35,7.24,7.36,7.21,51523000.0
20260407,601326,秦港股份,3.66,3.72,3.74,3.62,54280200.0
20260407,601328,交通银行,6.99,6.91,7.01,6.89,108764900.0
20260407,601330,绿色动力,7.93,8.05,8.05,7.83,26249600.0
20260407,601333,广深铁路,3.09,3.08,3.09,3.04,41962700.0
20260407,601336,新华保险,59.81,59.32,60.16,58.95,14840200.0
20260407,601339,百隆东方,7.4,7.19,7.42,7.1,13052200.0
20260407,601360,三六零,10.28,10.29,10.38,10.23,50349000.0
20260407,601366,利群股份,3.92,4.0,4.01,3.9,11401000.0
20260407,601368,绿城水务,4.63,4.72,4.73,4.61,10660200.0
20260407,601369,陕鼓动力,9.95,10.05,10.24,9.89,6903400.0
20260407,601375,中原证券,3.93,3.94,3.95,3.9,20108500.0
20260407,601377,兴业证券,5.71,5.66,5.73,5.62,71205200.0
20260407,601388,怡球资源,3.47,3.81,3.81,3.43,126287400.0
20260407,601390,中国中铁,5.21,5.2,5.23,5.18,119951100.0
20260407,601398,工商银行,7.51,7.4,7.52,7.36,241550400.0
20260407,601399,国机重装,4.39,4.42,4.44,4.37,43369300.0
20260407,601456,国联民生,9.02,9.01,9.03,8.97,10979200.0
20260407,601500,通用股份,4.19,4.26,4.26,4.17,7713600.0
20260407,601512,中新集团,8.66,8.82,9.1,8.63,6824000.0
20260407,601515,衢州东峰,4.28,4.45,4.61,4.28,93489800.0
20260407,601518,吉林高速,2.85,2.89,2.9,2.81,17972100.0
20260407,601519,大智慧,10.14,10.25,10.33,10.14,14705900.0
20260407,601528,瑞丰银行,5.22,5.18,5.26,5.18,18699900.0
20260407,601555,东吴证券,7.96,8.01,8.09,7.95,28237700.0
20260407,601566,九牧王,10.42,10.55,10.57,10.37,3819600.0
20260407,601567,三星电气,24.94,24.24,25.19,24.0,22464800.0
20260407,601568,北元化工,4.09,4.27,4.29,4.03,48563300.0
20260407,601577,长沙银行,9.57,9.41,9.59,9.39,14689300.0
20260407,601579,会稽山,18.17,18.37,18.75,17.86,11219000.0
20260407,601588,北辰实业,1.67,1.72,1.72,1.66,21774800.0
20260407,601595,上海电影,24.28,24.43,24.48,24.03,3943300.0
20260407,601598,中国外运,6.32,6.45,6.5,6.28,30981400.0
20260407,601599,浙文影业,3.65,3.73,3.74,3.64,18029000.0
20260407,601600,中国铝业,11.3,11.39,11.43,11.06,231908200.0
20260407,601601,中国太保,38.03,37.27,38.06,37.1,24266700.0
20260407,601606,长城军工,38.99,39.29,39.47,38.66,11947600.0
20260407,601607,上海医药,17.27,17.28,17.36,17.01,13523400.0
20260407,601608,中信重工,6.09,6.1,6.14,6.05,23195900.0
20260407,601609,金田股份,9.72,9.74,9.84,9.68,10032800.0
20260407,601611,中国核建,13.28,13.26,13.5,13.2,33113200.0
20260407,601615,明阳智能,15.95,15.56,16.09,15.48,63637700.0
20260407,601616,广电电气,4.56,4.63,4.64,4.55,20937900.0
20260407,601618,中国中冶,2.95,2.95,2.97,2.94,69208600.0
20260407,601619,嘉泽新能,5.05,5.0,5.08,4.98,47816100.0
20260407,601628,中国人寿,36.18,35.69,36.18,35.51,16996600.0
20260407,601633,长城汽车,20.91,20.71,20.92,20.55,9607700.0
20260407,601636,旗滨集团,5.64,5.6,5.66,5.56,29518400.0
20260407,601658,邮储银行,5.11,5.07,5.12,5.02,135810400.0
20260407,601665,齐鲁银行,5.77,5.81,5.85,5.74,55892300.0
20260407,601666,平煤股份,7.85,7.98,8.0,7.73,22444200.0
20260407,601668,中国建筑,5.0,4.97,5.01,4.95,134149900.0
20260407,601669,中国电建,5.56,5.62,5.64,5.56,147049300.0
20260407,601677,明泰铝业,15.29,15.64,15.66,15.26,31330100.0
20260407,601678,滨化股份,4.8,5.07,5.07,4.76,80309700.0
20260407,601686,友发集团,5.72,5.74,5.75,5.67,3936400.0
20260407,601688,华泰证券,17.67,17.59,17.74,17.54,38085600.0
20260407,601689,拓普集团,57.58,56.27,57.65,55.95,20262900.0
20260407,601696,中银证券,11.96,12.11,12.12,11.96,13762700.0
20260407,601698,中国卫通,31.54,31.1,31.8,30.99,25694000.0
20260407,601699,潞安环能,13.05,13.4,13.5,12.87,22999400.0
20260407,601700,风范股份,5.05,5.08,5.11,5.04,10492100.0
20260407,601702,华峰铝业,18.6,19.2,19.7,18.56,8100800.0
20260407,601717,中创智领,19.95,19.58,20.05,19.49,18594800.0
20260407,601727,上海电气,7.73,7.72,7.79,7.66,68582700.0
20260407,601728,中国电信,5.7,5.75,5.77,5.68,85253400.0
20260407,601766,中国中车,6.22,6.17,6.24,6.15,70003800.0
20260407,601777,千里科技,10.2,10.13,10.33,10.06,19716100.0
20260407,601778,晶科科技,4.87,4.9,4.99,4.78,124531800.0
20260407,601788,光大证券,15.1,15.15,15.19,15.04,8316400.0
20260407,601789,宁波建工,5.33,5.37,5.45,5.29,64098100.0
20260407,601798,蓝科高新,8.72,9.02,9.04,8.72,4296000.0
20260407,601799,星宇股份,120.2,119.6,120.5,118.6,1434300.0
20260407,601800,中国交建,7.5,7.54,7.55,7.47,14976700.0
20260407,601801,皖新传媒,6.15,6.2,6.22,6.07,8799000.0
20260407,601808,中海油服,15.67,16.12,16.16,15.48,22694900.0
20260407,601811,新华文轩,13.57,13.91,13.91,13.47,3735300.0
20260407,601816,京沪高铁,5.04,5.02,5.05,4.97,105348000.0
20260407,601818,光大银行,3.19,3.18,3.19,3.17,135049700.0
20260407,601825,沪农商行,9.15,9.03,9.19,8.99,16420600.0
20260407,601827,三峰环境,7.89,7.93,7.96,7.86,6142600.0
20260407,601828,美凯龙,2.31,2.34,2.36,2.3,11209200.0
20260407,601838,成都银行,17.16,17.14,17.25,17.06,16807700.0
20260407,601857,中国石油,12.3,12.56,12.68,12.15,178216100.0
20260407,601858,中国科传,21.58,21.42,21.79,21.25,6912600.0
20260407,601860,紫金银行,2.67,2.67,2.69,2.65,31945700.0
20260407,601865,福莱特,13.43,13.49,13.52,13.27,17215900.0
20260407,601866,中远海发,3.0,3.06,3.15,2.88,515282500.0
20260407,601868,中国能建,2.82,2.84,2.88,2.78,606655500.0
20260407,601869,长飞光纤,351.5,357.1,368.0,346.0,17236500.0
20260407,601872,招商轮船,20.76,20.26,20.97,19.98,169543700.0
20260407,601877,正泰电器,31.08,31.46,31.57,30.91,18458600.0
20260407,601878,浙商证券,9.35,9.29,9.37,9.26,17899700.0
20260407,601880,辽港股份,1.62,1.63,1.64,1.61,96004200.0
20260407,601881,中国银河,12.49,12.42,12.53,12.34,24743000.0
20260407,601882,海天精工,18.36,18.2,18.47,18.07,2762800.0
20260407,601886,江河集团,8.78,9.07,9.07,8.7,8309800.0
20260407,601888,中国中免,69.03,67.98,69.2,67.79,15149700.0
20260407,601890,亚星锚链,9.95,10.12,10.16,9.94,18950500.0
20260407,601898,中煤能源,17.56,18.6,18.8,17.34,48510700.0
20260407,601899,紫金矿业,32.8,32.41,33.1,32.33,150649800.0
20260407,601900,南方传媒,12.74,12.78,12.82,12.67,5142200.0
20260407,601901,方正证券,6.87,6.83,6.9,6.79,51665900.0
20260407,601908,京运通,4.42,4.5,4.54,4.11,186839200.0
20260407,601916,浙商银行,2.95,2.94,2.96,2.93,100765600.0
20260407,601918,新集能源,7.37,7.69,7.73,7.34,61628100.0
20260407,601919,中远海控,15.04,15.1,15.18,15.0,45074700.0
20260407,601921,浙版传媒,7.83,7.9,7.91,7.79,7858700.0
20260407,601928,凤凰传媒,9.75,9.67,9.79,9.63,5734700.0
20260407,601929,吉视传媒,2.83,2.87,2.88,2.8,63686900.0
20260407,601933,永辉超市,3.67,3.69,3.73,3.62,60397200.0
20260407,601939,建设银行,9.39,9.21,9.4,9.18,80287700.0
20260407,601949,中国出版,6.08,6.15,6.16,6.02,7785700.0
20260407,601952,苏垦农发,9.82,10.22,10.42,9.6,30811500.0
20260407,601956,东贝集团,6.34,6.43,6.45,6.32,3881300.0
20260407,601958,金钼股份,18.6,18.73,18.81,18.33,22258000.0
20260407,601963,重庆银行,10.18,9.9,10.19,9.76,22918900.0
20260407,601965,中国汽研,17.04,16.97,17.21,16.95,5050200.0
20260407,601966,玲珑轮胎,13.96,13.97,14.04,13.94,5156000.0
20260407,601968,宝钢包装,5.14,5.19,5.19,5.09,6452300.0
20260407,601969,海南矿业,10.7,10.93,10.95,10.55,19467800.0
20260407,601975,招商南油,5.22,5.23,5.36,5.1,377044500.0
20260407,601985,中国核电,8.81,8.7,8.83,8.67,97150600.0
20260407,601988,中国银行,5.82,5.8,5.84,5.75,250996400.0
20260407,601990,南京证券,7.22,7.22,7.24,7.16,9415300.0
20260407,601991,大唐发电,3.71,3.73,3.77,3.68,110771800.0
20260407,601992,金隅集团,1.71,1.73,1.73,1.69,43969200.0
20260407,601995,中金公司,32.16,32.0,32.19,31.92,8816700.0
20260407,601996,丰林集团,2.27,2.39,2.4,2.25,58125300.0
20260407,601997,贵阳银行,5.71,5.71,5.74,5.69,21967100.0
20260407,601998,中信银行,8.24,8.3,8.35,8.22,38742500.0
20260407,601999,出版传媒,7.15,7.4,7.44,7.01,16215700.0
20260407,603000,人民网,18.81,18.94,19.11,18.72,10642600.0
20260407,603001,奥康国际,9.2,8.82,9.25,8.74,6517300.0
20260407,603002,宏昌电子,9.95,10.67,10.67,9.9,33848000.0
20260407,603004,鼎龙科技,21.4,21.92,21.99,21.22,1604800.0
20260407,603005,晶方科技,26.7,26.75,27.16,26.56,18865600.0
20260407,603006,联明股份,12.36,12.63,12.65,12.28,1619000.0
20260407,603007,顺景科技,6.17,6.25,6.39,6.17,13154000.0
20260407,603009,北特科技,46.61,46.36,47.14,45.9,4455200.0
20260407,603010,万盛股份,11.58,11.66,11.9,11.41,7974200.0
20260407,603011,合锻智能,19.9,20.0,20.19,19.86,10562800.0
20260407,603012,创力集团,7.75,8.2,8.35,7.57,31200800.0
20260407,603013,亚普股份,18.35,18.07,18.68,17.99,3124500.0
20260407,603014,威高血净,36.42,36.89,37.06,36.34,828800.0
20260407,603015,弘讯科技,11.89,12.07,12.1,11.89,2558900.0
20260407,603016,新宏泰,45.63,43.52,45.92,42.68,9910700.0
20260407,603017,中衡设计,13.63,13.21,13.92,13.1,35100200.0
20260407,603018,华设集团,7.16,7.17,7.18,7.11,3873100.0
20260407,603019,中科曙光,77.9,77.94,79.3,77.37,21356400.0
20260407,603020,爱普股份,10.99,10.97,11.15,10.86,6333200.0
20260407,603022,新通联,9.8,10.18,10.24,9.75,6519900.0
20260407,603023,威帝股份,4.62,4.66,4.73,4.51,22618400.0
20260407,603025,大豪科技,13.83,13.62,13.88,13.5,6438900.0
20260407,603026,石大胜华,82.0,81.25,82.67,79.6,12505100.0
20260407,603027,千禾味业,9.3,9.46,9.49,9.23,8864800.0
20260407,603028,赛福天,7.99,8.35,8.4,7.99,6235100.0
20260407,603029,天鹅股份,17.59,18.03,18.17,17.36,3738900.0
20260407,603030,全筑股份,2.23,2.31,2.31,2.2,21710200.0
20260407,603031,安孚科技,49.08,48.35,49.2,47.52,4080700.0
20260407,603032,德新科技,16.93,17.42,17.43,16.93,3829200.0
20260407,603033,三维股份,10.72,11.0,11.0,10.51,19202100.0
20260407,603035,常熟汽饰,13.77,13.74,13.9,13.64,3194900.0
20260407,603036,如通股份,17.7,17.95,18.15,17.62,1792700.0
20260407,603037,凯众股份,12.6,12.8,12.89,12.6,2880500.0
20260407,603038,华立股份,14.29,14.67,14.72,14.29,2187600.0
20260407,603039,泛微网络,44.61,45.19,45.62,44.06,8060300.0
20260407,603040,新坐标,79.07,79.92,80.57,79.01,857800.0
20260407,603041,美思德,11.89,12.46,12.53,11.88,3522300.0
20260407,603042,华脉科技,20.74,22.81,22.81,20.74,25825600.0
20260407,603043,广州酒家,15.3,15.13,15.4,15.04,2875200.0
20260407,603045,福达合金,28.2,28.5,29.28,28.16,4026300.0
20260407,603048,浙江黎明,21.33,21.38,21.62,20.88,1933700.0
20260407,603049,中策橡胶,48.53,48.54,48.78,48.0,1426700.0
20260407,603050,科林电气,19.25,18.83,19.3,18.65,3868800.0
20260407,603051,鹿山新材,20.37,20.65,20.76,20.21,2949000.0
20260407,603052,可川科技,60.83,61.88,64.15,59.5,8077800.0
20260407,603053,成都燃气,9.74,9.85,9.88,9.61,3495100.0
20260407,603055,台华新材,8.98,9.52,9.59,8.98,18396200.0
20260407,603057,紫燕食品,26.23,25.2,26.26,24.76,2902400.0
20260407,603058,永吉股份,11.44,11.62,11.79,11.3,6364800.0
20260407,603059,倍加洁,31.55,31.55,32.0,31.27,1071200.0
20260407,603060,国检集团,6.11,6.21,6.23,6.06,3718900.0
20260407,603061,金海通,263.32,266.47,270.02,263.0,1101800.0
20260407,603062,麦加芯彩,46.44,47.88,48.35,46.03,1029700.0
20260407,603063,禾望电气,29.7,29.62,30.09,29.38,9882100.0
20260407,603065,宿迁联盛,7.95,8.27,8.28,7.88,5722900.0
20260407,603066,音飞储存,9.72,9.89,9.97,9.62,2924700.0
20260407,603067,振华股份,33.92,36.33,36.6,33.71,54769200.0
20260407,603068,博通集成,30.31,30.66,31.0,30.31,1463400.0
20260407,603069,海汽集团,17.06,17.17,17.18,16.87,2669900.0
20260407,603070,万控智造,13.95,14.32,14.32,13.95,2175500.0
20260407,603071,物产环能,13.09,13.05,13.19,12.89,4158100.0
20260407,603072,天和磁材,35.44,35.92,36.09,35.14,1514500.0
20260407,603073,彩蝶实业,18.79,19.39,19.53,18.4,2764800.0
20260407,603075,热威股份,21.71,21.94,22.11,21.59,1259500.0
20260407,603076,乐惠国际,28.68,29.55,30.45,28.17,9644100.0
20260407,603077,和邦生物,2.67,2.82,2.82,2.66,234419600.0
20260407,603078,江化微,21.4,21.68,21.9,21.4,5447300.0
20260407,603079,圣达生物,16.23,17.06,17.15,16.23,3039600.0
20260407,603080,新疆火炬,20.42,21.12,21.13,20.41,1806400.0
20260407,603081,大丰实业,11.67,11.82,11.88,11.56,4941200.0
20260407,603082,北自科技,34.85,35.07,35.34,34.65,640100.0
20260407,603083,剑桥科技,103.09,101.41,104.0,100.15,19170500.0
20260407,603085,天成自控,10.96,10.77,10.96,10.68,4290900.0
20260407,603086,先达股份,7.26,7.61,7.61,7.26,12828400.0
20260407,603087,甘李药业,63.15,62.9,64.21,62.78,4689400.0
20260407,603088,宁波精达,11.57,11.54,11.86,11.47,11810000.0
20260407,603089,正裕工业,11.85,11.92,12.05,11.7,1984800.0
20260407,603090,宏盛股份,58.65,63.83,63.83,58.09,4535300.0
20260407,603091,众鑫股份,71.68,72.04,73.79,69.1,917500.0
20260407,603092,德力佳,63.92,65.86,66.57,63.92,1690800.0
20260407,603093,南华期货,17.68,17.25,18.15,17.12,14479500.0
20260407,603095,越剑智能,17.15,17.5,17.59,17.15,1839300.0
20260407,603096,新经典,16.46,16.91,17.01,16.39,1786800.0
20260407,603097,江苏华辰,31.33,31.39,32.01,31.2,1771900.0
20260407,603098,森特股份,14.51,14.43,14.69,14.22,8776200.0
20260407,603099,长白山,34.42,34.36,34.69,34.1,2709100.0
20260407,603100,川仪股份,19.14,19.18,19.28,19.05,4213600.0
20260407,603101,汇嘉时代,7.9,8.05,8.06,7.81,2947900.0
20260407,603102,百合股份,40.3,40.97,41.17,40.01,643200.0
20260407,603103,横店影视,22.1,22.27,22.41,21.97,5139500.0
20260407,603105,芯能科技,10.27,10.48,10.52,10.2,20738000.0
20260407,603106,恒银科技,8.64,8.92,8.97,8.64,5630700.0
20260407,603107,上海汽配,13.96,14.17,14.19,13.93,1171700.0
20260407,603108,润达医疗,12.3,12.36,12.5,12.18,7232400.0
20260407,603109,神驰机电,20.4,20.66,20.69,20.05,1940800.0
20260407,603110,东方材料,15.3,15.5,15.93,15.06,9211600.0
20260407,603111,康尼机电,6.52,6.54,6.59,6.48,4175100.0
20260407,603112,华翔股份,16.62,16.85,17.09,16.62,4015500.0
20260407,603113,金能科技,6.73,7.27,7.33,6.67,34095800.0
20260407,603115,海星股份,42.0,41.17,42.98,40.94,9025400.0
20260407,603116,红蜻蜓,5.31,5.5,5.51,5.26,5714500.0
20260407,603117,万林物流,4.54,4.65,4.66,4.5,7050700.0
20260407,603118,共进股份,13.28,13.71,13.83,13.2,80664600.0
20260407,603119,浙江荣泰,69.56,71.18,72.62,69.56,9015900.0
20260407,603120,肯特催化,38.47,38.31,38.6,37.47,800800.0
20260407,603121,华培动力,18.7,18.65,19.1,17.95,11049900.0
20260407,603122,合富中国,19.1,20.91,22.15,18.13,101928800.0
20260407,603123,翠微股份,12.3,13.16,13.16,12.3,49977800.0
20260407,603124,江南新材,107.28,110.84,115.41,106.0,3803500.0
20260407,603125,常青科技,17.11,17.2,17.34,16.99,1595300.0
20260407,603126,中材节能,7.29,7.46,7.53,7.1,12968100.0
20260407,603127,昭衍新药,36.49,35.57,37.0,34.87,39458100.0
20260407,603128,华贸物流,5.46,5.5,5.51,5.45,6787900.0
20260407,603129,春风动力,238.5,235.26,238.86,233.01,684600.0
20260407,603130,云中马,36.39,36.46,36.75,35.8,1657000.0
20260407,603131,上海沪工,19.73,20.1,20.19,19.58,5076800.0
20260407,603132,金徽股份,17.24,17.28,17.49,17.05,6621900.0
20260407,603135,中重科技,9.86,10.04,10.1,9.86,2014700.0
20260407,603136,天目湖,10.9,11.23,11.25,10.89,3798600.0
20260407,603137,恒尚节能,13.17,13.26,13.34,12.8,3264100.0
20260407,603138,海量数据,18.58,18.1,18.78,18.0,12580900.0
20260407,603139,康惠股份,25.63,26.47,26.88,25.39,3171700.0
20260407,603150,万朗磁塑,52.84,51.81,53.0,50.56,3126400.0
20260407,603151,邦基科技,15.5,16.11,16.28,15.33,3514900.0
20260407,603153,上海建科,15.38,15.7,15.75,15.38,1340700.0
20260407,603155,新亚强,15.26,15.86,15.92,15.2,5198900.0
20260407,603156,养元饮品,29.94,29.95,30.3,29.52,2990600.0
20260407,603158,腾龙股份,11.7,11.34,11.72,11.21,20376600.0
20260407,603159,上海亚虹,24.56,25.26,25.3,24.51,974300.0
20260407,603160,汇顶科技,63.88,63.6,64.5,63.2,3083300.0
20260407,603161,科华控股,14.27,14.26,14.39,13.96,1884000.0
20260407,603162,海通发展,14.05,14.08,14.25,13.68,12708400.0
20260407,603163,圣晖集成,97.77,96.64,100.77,96.12,2062100.0
20260407,603165,荣晟环保,14.54,14.8,15.06,14.33,9460400.0
20260407,603166,福达股份,12.92,12.92,13.05,12.84,3277100.0
20260407,603167,渤海轮渡,9.16,9.1,9.2,9.08,3800300.0
20260407,603168,莎普爱思,6.76,6.99,7.05,6.66,8621600.0
20260407,603169,兰石重装,9.68,9.71,9.76,9.63,12762000.0
20260407,603170,宝立食品,13.13,13.27,13.32,12.85,4935400.0
20260407,603171,税友股份,50.0,48.85,50.1,48.61,2848900.0
20260407,603172,万丰股份,20.45,20.97,21.15,20.45,1701700.0
20260407,603173,福斯达,39.59,40.22,40.52,39.59,1359600.0
20260407,603175,超颖电子,76.47,76.38,79.3,75.75,3778400.0
20260407,603176,汇通集团,5.07,5.34,5.41,5.07,8187000.0
20260407,603177,德创环保,10.38,10.7,10.79,10.28,6149200.0
20260407,603178,圣龙股份,14.9,15.12,15.23,14.8,1379900.0
20260407,603179,新泉股份,65.39,64.71,66.49,64.34,6858700.0
20260407,603180,金牌家居,18.35,18.56,18.62,18.11,763900.0
20260407,603181,皇马科技,14.2,14.51,14.57,14.14,5434600.0
20260407,603183,建研院,4.2,4.43,4.43,4.18,17788700.0
20260407,603185,弘元绿能,22.0,22.28,23.08,21.83,17351700.0
20260407,603186,华正新材,63.0,66.28,68.07,63.0,16876700.0
20260407,603187,海容冷链,14.01,14.06,14.12,13.76,4110600.0
20260407,603188,亚邦股份,4.63,5.13,5.13,4.63,23382300.0
20260407,603190,亚通精工,23.83,24.45,24.55,23.47,1071300.0
20260407,603191,望变电气,20.4,19.68,20.48,19.6,13935000.0
20260407,603192,汇得科技,23.35,24.05,24.13,23.35,1259400.0
20260407,603193,润本股份,23.83,23.95,24.55,23.75,6887100.0
20260407,603194,中力股份,32.06,32.41,32.57,32.06,805700.0
20260407,603195,公牛集团,41.21,41.11,41.45,40.95,1441900.0
20260407,603196,璞源材料,27.51,28.17,28.3,27.0,4952300.0
20260407,603197,保隆科技,31.34,31.39,31.67,31.23,1095600.0
20260407,603198,迎驾贡酒,35.51,35.51,35.79,34.88,3592300.0
20260407,603199,九华旅游,39.0,39.1,39.93,38.42,1799100.0
20260407,603200,上海洗霸,56.9,55.8,57.67,55.66,3740400.0
20260407,603201,常润股份,15.85,15.92,16.04,15.73,1717600.0
20260407,603202,天有为,94.35,94.43,94.69,93.91,663700.0
20260407,603203,快克智能,38.38,38.27,39.49,37.84,4872900.0
20260407,603205,健尔康,25.29,25.52,25.76,25.0,706300.0
20260407,603206,嘉环科技,15.85,16.02,16.18,15.75,5506200.0
20260407,603207,小方制药,27.29,27.57,27.78,26.73,812000.0
20260407,603208,江山欧派,13.03,13.29,13.37,12.87,2316300.0
20260407,603209,兴通股份,15.13,15.51,15.65,15.03,4482100.0
20260407,603210,泰鸿万立,16.81,16.93,16.95,16.62,1349100.0
20260407,603211,晋拓股份,23.94,23.72,24.99,23.53,3940000.0
20260407,603212,赛伍技术,11.33,12.36,12.5,11.33,13482400.0
20260407,603213,镇洋发展,13.34,13.44,13.5,13.32,1947400.0
20260407,603214,爱婴室,15.09,16.1,16.19,14.86,9697600.0
20260407,603215,比依股份,19.49,19.69,19.8,19.35,1756500.0
20260407,603216,梦天家居,31.39,31.69,32.15,31.1,1784700.0
20260407,603217,元利科技,25.45,25.45,26.15,25.36,4836800.0
20260407,603218,日月股份,13.35,13.4,13.5,13.3,8664300.0
20260407,603219,富佳股份,15.79,15.93,16.15,15.77,3921700.0
20260407,603220,中贝通信,26.0,25.9,26.32,25.58,32255000.0
20260407,603221,爱丽家居,10.89,11.25,11.36,10.89,2420400.0
20260407,603222,济民健康,10.3,11.27,11.52,10.1,95911400.0
20260407,603223,恒通股份,8.3,8.5,8.54,8.25,6635300.0
20260407,603225,新凤鸣,16.79,17.26,17.72,16.74,26498700.0
20260407,603226,菲林格尔,34.53,35.73,38.13,34.53,5672600.0
20260407,603227,雪峰科技,9.81,10.27,10.54,9.68,51694600.0
20260407,603228,景旺电子,54.25,54.59,55.42,53.99,14632400.0
20260407,603229,奥翔药业,9.9,10.06,10.18,9.8,11239200.0
20260407,603230,内蒙新华,11.85,12.17,12.22,11.74,4388300.0
20260407,603231,索宝蛋白,16.85,17.3,17.37,16.85,2067800.0
20260407,603232,格尔软件,19.08,19.03,19.25,18.9,5698000.0
20260407,603233,大参林,17.7,17.66,17.81,17.41,3316500.0
20260407,603235,天新药业,26.84,27.22,27.48,26.76,828600.0
20260407,603236,移远通信,73.5,72.58,74.55,71.9,4234600.0
20260407,603237,五芳斋,17.46,17.3,17.46,17.07,1703600.0
20260407,603238,诺邦股份,14.88,15.45,15.58,14.88,2539500.0
20260407,603239,浙江仙通,24.8,26.19,26.3,24.8,12552200.0
20260407,603248,锡华科技,29.1,30.29,30.52,28.68,20625700.0
20260407,603255,鼎际得,26.73,29.4,29.4,26.59,2491900.0
20260407,603256,宏和科技,67.97,69.0,71.39,67.88,17439600.0
20260407,603257,中国瑞林,52.32,52.81,53.76,52.3,676500.0
20260407,603258,电魂网络,17.25,17.0,17.25,16.61,3252300.0
20260407,603259,药明康德,100.02,101.3,103.26,98.42,33729600.0
20260407,603260,合盛硅业,40.0,43.02,43.02,40.0,12458400.0
20260407,603261,立航科技,34.36,34.04,34.77,33.88,519400.0
20260407,603262,技源集团,24.0,24.84,24.96,23.8,1372000.0
20260407,603266,天龙股份,17.85,18.01,18.18,17.75,1425000.0
20260407,603267,鸿远电子,47.46,46.9,47.78,46.71,2755000.0
20260407,603268,松发股份,117.98,120.2,122.16,117.08,4895100.0
20260407,603269,海鸥股份,12.95,12.97,13.5,12.89,12386800.0
20260407,603270,金帝股份,24.39,24.96,24.96,24.21,2480100.0
20260407,603271,永杰新材,46.99,47.5,48.04,46.21,3005700.0
20260407,603273,天元智能,17.54,18.03,18.08,17.41,1231300.0
20260407,603275,众辰科技,44.59,44.83,45.45,44.19,909000.0
20260407,603276,恒兴新材,16.14,16.47,16.53,15.95,1400600.0
20260407,603277,银都股份,14.03,13.72,14.05,13.59,2159100.0
20260407,603278,大业股份,10.49,10.59,10.7,10.47,4936100.0
20260407,603279,景津装备,16.67,17.56,17.93,16.47,14445300.0
20260407,603280,南方路机,33.34,34.25,34.49,33.32,1353500.0
20260407,603281,江瀚新材,33.09,34.87,35.03,33.0,5239000.0
20260407,603282,亚光股份,19.89,20.45,20.6,19.83,2237700.0
20260407,603283,赛腾股份,42.3,42.4,42.8,41.94,5777400.0
20260407,603284,林平发展,50.78,51.31,51.36,49.8,4330800.0
20260407,603285,键邦股份,30.06,30.54,31.13,30.06,1859700.0
20260407,603286,日盈电子,58.5,59.47,60.73,58.31,3001800.0
20260407,603288,海天味业,41.66,41.53,42.3,41.3,24060000.0
20260407,603289,泰瑞机器,11.07,11.29,11.41,10.82,9822200.0
20260407,603290,斯达半导,97.45,97.93,98.34,96.79,2647800.0
20260407,603291,联合水务,11.55,11.43,11.8,11.36,3819300.0
20260407,603296,华勤技术,90.96,96.22,97.5,90.96,23294200.0
20260407,603297,永新光学,104.99,104.0,105.88,101.5,1676700.0
20260407,603298,杭叉集团,24.8,24.93,25.49,24.8,4376900.0
20260407,603299,苏盐井神,11.34,11.34,11.48,11.03,7223600.0
20260407,603300,海南华铁,6.48,6.44,6.53,6.4,31673500.0
20260407,603301,振德医疗,92.24,89.3,93.1,88.16,3393700.0
20260407,603303,得邦照明,14.4,14.7,14.94,14.17,1978300.0
20260407,603305,旭升集团,14.26,14.18,14.39,14.06,15448000.0
20260407,603306,华懋科技,83.0,80.22,83.6,79.91,9105300.0
20260407,603307,扬州金泉,36.94,37.88,38.19,36.35,446900.0
20260407,603308,应流股份,63.3,60.91,63.7,60.07,15656000.0
20260407,603309,维力医疗,14.52,14.32,14.59,14.02,4397100.0
20260407,603310,巍华新材,16.05,16.18,16.23,16.0,1021800.0
20260407,603311,金海高科,15.81,15.83,16.12,15.5,3632200.0
20260407,603312,西典新能,37.17,37.06,37.6,36.86,1096700.0
20260407,603313,梦百合,7.81,7.89,7.9,7.72,3630700.0
20260407,603315,福鞍股份,13.36,13.21,13.45,13.16,2901400.0
20260407,603316,诚邦股份,13.55,13.38,13.83,13.32,8530500.0
20260407,603317,天味食品,12.61,12.72,12.89,12.51,6240400.0
20260407,603318,水发燃气,7.4,7.75,7.78,7.32,29038400.0
20260407,603319,美湖股份,30.8,30.41,31.1,30.28,4594100.0
20260407,603320,迪贝电气,19.68,19.74,20.02,19.51,2107700.0
20260407,603321,梅轮电梯,6.98,7.19,7.24,6.93,4802000.0
20260407,603322,超讯科技,30.03,30.18,30.42,29.93,2457400.0
20260407,603323,苏农银行,4.84,4.79,4.84,4.78,17287800.0
20260407,603324,盛剑科技,24.6,24.98,25.16,24.48,2199600.0
20260407,603325,博隆技术,71.4,72.32,72.69,71.4,391600.0
20260407,603326,我乐家居,8.27,8.47,8.5,8.17,5417600.0
20260407,603327,福蓉科技,9.77,9.77,9.77,9.77,6010200.0
20260407,603328,依顿电子,11.17,11.16,11.37,11.04,16825800.0
20260407,603329,上海雅仕,10.02,10.34,10.34,9.96,2661200.0
20260407,603330,天洋新材,6.48,6.69,6.71,6.41,5275200.0
20260407,603331,百达精工,14.57,14.92,15.0,14.57,4731000.0
20260407,603332,苏州龙杰,11.93,12.57,12.7,11.93,5780800.0
20260407,603333,福华尚纬,7.48,7.67,7.73,7.45,10464000.0
20260407,603334,丰倍生物,49.29,50.5,51.26,48.95,1414400.0
20260407,603335,迪生力,5.6,5.83,5.92,5.6,12935600.0
20260407,603336,宏辉果蔬,8.8,8.96,9.08,8.75,5434100.0
20260407,603337,杰克科技,38.01,37.56,38.44,37.3,1654700.0
20260407,603338,浙江鼎力,48.07,47.66,48.59,47.47,2313300.0
20260407,603339,四方科技,12.75,12.71,12.78,12.58,1959900.0
20260407,603341,龙旗科技,36.58,36.44,37.05,36.22,4432100.0
20260407,603344,星德胜,26.72,26.63,26.91,26.41,1019500.0
20260407,603345,安井食品,96.45,98.15,100.68,95.98,7254300.0
20260407,603348,文灿股份,19.72,21.47,21.47,19.6,18020700.0
20260407,603350,安乃达,34.6,34.63,35.13,34.03,562400.0
20260407,603351,威尔药业,25.48,25.46,26.33,24.88,1802500.0
20260407,603352,至信股份,36.4,36.42,36.45,36.18,882800.0
20260407,603353,和顺石油,36.5,40.47,40.47,35.05,15988200.0
20260407,603355,莱克电气,27.83,27.3,28.03,27.23,1388700.0
20260407,603356,华菱精工,16.63,16.6,16.92,16.42,3857900.0
20260407,603357,设计总院,7.82,7.92,7.95,7.73,3712400.0
20260407,603358,华达科技,35.41,33.71,35.77,33.71,14438500.0
20260407,603360,百傲化学,26.34,26.13,27.07,26.12,6536900.0
20260407,603363,傲农生物,3.83,3.98,4.08,3.73,72778500.0
20260407,603365,水星家纺,20.78,20.36,20.88,20.1,1718500.0
20260407,603366,日出东方,8.8,8.51,8.81,8.43,27366200.0
20260407,603367,辰欣药业,16.35,16.34,16.52,15.87,11140500.0
20260407,603368,柳药集团,17.08,17.09,17.17,16.78,3351300.0
20260407,603369,今世缘,26.14,25.84,26.25,25.66,7427800.0
20260407,603370,华新精科,41.95,41.91,42.48,41.6,298000.0
20260407,603373,安邦护卫,41.0,40.19,41.25,39.95,1471800.0
20260407,603375,盛景微,37.0,37.67,38.05,36.88,911200.0
20260407,603376,大明电子,32.21,32.2,32.58,32.13,663800.0
20260407,603379,三美股份,61.78,62.72,63.47,61.21,5674500.0
20260407,603380,易德龙,33.28,33.1,33.35,32.73,712400.0
20260407,603381,永臻股份,21.98,21.8,22.35,21.7,4617200.0
20260407,603382,海阳科技,26.0,26.51,26.63,25.88,671200.0
20260407,603383,顶点软件,27.91,28.27,28.46,27.91,2236600.0
20260407,603385,惠达卫浴,6.2,6.44,6.48,6.18,5533700.0
20260407,603386,骏亚科技,12.82,13.16,13.22,12.82,3556600.0
20260407,603387,基蛋生物,10.7,10.29,10.8,10.15,39044600.0
20260407,603389,亚振家居,41.9,41.74,42.0,41.15,663100.0
20260407,603390,通达电气,11.67,11.5,11.69,11.46,4411600.0
20260407,603391,力聚热能,67.99,69.4,69.99,67.37,820300.0
20260407,603392,万泰生物,38.59,38.74,38.9,38.25,1865100.0
20260407,603393,新天然气,33.77,35.04,35.05,33.01,12223400.0
20260407,603395,红四方,27.8,28.34,28.41,27.64,2327500.0
20260407,603396,金辰股份,32.7,33.13,33.39,32.58,3617600.0
20260407,603399,永杉锂业,11.16,11.36,11.66,11.05,30461000.0
20260407,603400,华之杰,65.0,66.24,67.1,64.78,589400.0
20260407,603402,陕西旅游,135.0,129.9,136.7,129.0,1804600.0
20260407,603406,天富龙,33.22,33.8,33.93,33.1,894700.0
20260407,603408,建霖家居,11.57,11.59,11.69,11.5,1489400.0
20260407,603409,汇通控股,38.3,38.59,38.9,37.8,1983800.0
20260407,603416,信捷电气,48.1,47.21,48.11,47.01,781400.0
20260407,603418,友升股份,49.23,49.06,49.28,48.94,436800.0
20260407,603421,鼎信通讯,8.11,8.91,8.91,8.11,29618200.0
20260407,603439,三力制药,11.08,11.23,11.29,10.91,2054000.0
20260407,603444,吉比特,359.18,355.97,362.88,354.24,1035500.0
20260407,603456,九洲药业,16.95,16.84,17.18,16.58,19031000.0
20260407,603458,勘设股份,10.06,10.67,10.75,10.06,19487600.0
20260407,603466,风语筑,8.99,9.12,9.12,8.91,9910300.0
20260407,603477,巨星农牧,16.3,17.87,18.23,16.19,43124000.0
20260407,603486,科沃斯,60.0,59.99,60.65,59.81,1830700.0
20260407,603488,展鹏科技,9.83,10.3,10.32,9.83,6845600.0
20260407,603489,八方股份,30.32,30.6,31.06,30.32,2776100.0
20260407,603496,恒为科技,27.64,26.99,27.83,26.73,12738900.0
20260407,603499,翔港科技,20.7,20.92,21.28,20.43,3073200.0
20260407,603500,祥和实业,10.76,10.89,11.02,10.76,3659400.0
20260407,603501,豪威集团,90.23,90.82,91.68,90.21,10123100.0
20260407,603505,金石资源,17.36,17.45,17.7,17.36,4659300.0
20260407,603506,南都物业,11.66,12.03,12.12,11.62,2579100.0
20260407,603507,振江股份,40.2,42.12,42.44,40.2,10892900.0
20260407,603508,思维列控,25.53,25.4,25.77,25.31,1735000.0
20260407,603511,爱慕股份,13.69,13.84,13.86,13.42,1165400.0
20260407,603515,欧普照明,19.63,19.33,19.94,19.29,3312800.0
20260407,603516,淳中科技,129.86,128.8,132.35,126.26,5254700.0
20260407,603518,锦泓集团,8.61,8.84,8.91,8.61,3457300.0
20260407,603519,立霸股份,13.21,13.26,13.35,13.03,2649400.0
20260407,603520,司太立,10.54,10.6,10.73,10.36,19758100.0
20260407,603527,众源新材,10.2,10.25,10.34,9.95,12113600.0
20260407,603528,多伦科技,7.95,8.06,8.1,7.94,4199500.0
20260407,603529,爱玛科技,30.5,29.42,30.68,29.24,15992600.0
20260407,603530,神马电力,56.54,56.58,57.37,55.27,4191300.0
20260407,603533,掌阅科技,23.87,24.32,24.65,23.82,11194300.0
20260407,603535,嘉诚国际,8.34,8.33,8.38,8.19,2162400.0
20260407,603536,惠发食品,9.53,9.91,9.92,9.46,5360500.0
20260407,603538,美诺华,40.8,39.31,42.77,38.13,65666600.0
20260407,603551,奥普科技,12.11,12.38,12.4,11.96,3001500.0
20260407,603556,海兴电力,32.85,32.4,33.05,32.2,2004300.0
20260407,603558,健盛集团,13.17,13.49,13.56,13.13,9260700.0
20260407,603559,中通国脉,7.27,7.27,7.4,7.19,3044600.0
20260407,603565,中谷物流,11.42,11.15,11.5,11.06,21118900.0
20260407,603566,普莱柯,12.4,12.68,12.93,12.21,4933100.0
20260407,603567,珍宝岛,6.69,6.79,6.83,6.62,10905600.0
20260407,603568,伟明环保,24.78,24.74,25.25,24.53,3046900.0
20260407,603569,长久物流,6.66,6.79,6.79,6.6,3353500.0
20260407,603577,汇金通,10.13,10.18,10.26,10.03,4648200.0
20260407,603578,三星新材,11.98,12.3,12.35,11.98,3875600.0
20260407,603579,荣泰健康,19.78,19.91,20.03,19.7,1491300.0
20260407,603580,艾艾精工,17.0,16.34,17.35,16.12,1729900.0
20260407,603583,捷昌驱动,32.54,31.97,32.74,31.78,3105200.0
20260407,603585,苏利股份,24.51,25.6,26.95,23.2,30126700.0
20260407,603586,金麒麟,17.98,17.93,18.08,17.47,1977700.0
20260407,603587,地素时尚,12.03,12.12,12.18,11.91,1181800.0
20260407,603588,高能环境,15.36,16.02,16.1,14.86,90594700.0
20260407,603589,口子窖,24.55,24.33,24.69,24.23,2453700.0
20260407,603590,康辰药业,37.62,37.39,38.2,36.77,1921200.0
20260407,603596,伯特利,43.5,43.2,43.8,43.1,5726300.0
20260407,603598,引力传媒,18.79,19.32,19.56,18.75,10092500.0
20260407,603599,广信股份,14.61,14.98,15.27,14.5,19429400.0
20260407,603600,永艺股份,10.06,10.21,10.28,9.97,3082700.0
20260407,603601,再升科技,13.8,13.77,14.18,13.17,266604600.0
20260407,603602,纵横通信,12.5,12.85,13.24,12.46,5184000.0
20260407,603605,珀莱雅,59.87,59.73,60.28,59.6,1206700.0
20260407,603606,东方电缆,58.4,58.51,59.87,57.68,7445500.0
20260407,603607,京华激光,21.08,21.38,21.47,21.05,1908800.0
20260407,603608,天创时尚,9.29,9.57,9.68,9.21,7638400.0
20260407,603609,禾丰股份,6.73,6.92,6.98,6.65,5407700.0
20260407,603610,麒盛科技,14.95,15.23,15.4,14.95,2966900.0
20260407,603611,诺力股份,19.65,19.58,19.7,19.49,1784100.0
20260407,603612,索通发展,24.12,24.5,24.69,23.8,10684600.0
20260407,603613,国联股份,24.43,24.55,24.76,24.43,3128700.0
20260407,603615,茶花股份,17.01,17.1,17.63,16.85,3717200.0
20260407,603616,韩建河山,6.02,6.21,6.27,5.94,20230100.0
20260407,603617,君禾股份,6.99,7.16,7.18,6.95,3949800.0
20260407,603618,杭电股份,27.65,26.89,28.88,25.98,99186100.0
20260407,603619,中曼石油,35.38,37.3,37.4,34.56,32193700.0
20260407,603626,科森科技,23.13,22.65,23.28,22.34,26159700.0
20260407,603628,清源股份,13.13,13.21,13.35,13.03,11033400.0
20260407,603629,利通电子,59.5,64.0,65.36,59.5,38310900.0
20260407,603630,拉芳家化,15.57,15.74,15.83,15.38,2065200.0
20260407,603633,徕木股份,7.25,7.5,7.59,7.24,9926900.0
20260407,603636,南威软件,8.82,8.92,8.97,8.8,5608400.0
20260407,603637,镇海股份,12.48,12.73,12.73,12.19,7235900.0
20260407,603638,艾迪精密,19.25,19.34,19.55,19.15,2645900.0
20260407,603639,海利尔,12.98,13.47,13.82,12.74,6736300.0
20260407,603648,畅联股份,9.71,9.79,9.86,9.61,2153400.0
20260407,603650,彤程新材,49.33,49.16,50.02,48.87,4291700.0
20260407,603655,朗博科技,36.47,37.21,37.88,36.0,1475600.0
20260407,603656,泰禾智能,20.2,20.25,20.45,20.05,1492300.0
20260407,603657,春光科技,27.2,26.63,27.36,26.6,2229000.0
20260407,603658,安图生物,33.93,34.6,34.69,33.66,1833600.0
20260407,603659,璞泰来,30.33,30.26,30.88,29.79,44862500.0
20260407,603660,苏州科达,8.93,8.94,9.05,8.86,8411900.0
20260407,603661,恒林股份,31.45,30.11,31.74,29.81,1956000.0
20260407,603662,柯力传感,53.27,53.05,53.58,52.44,1769400.0
20260407,603663,三祥新材,40.47,40.34,41.18,40.15,4242900.0
20260407,603665,康隆达,29.02,28.26,29.5,28.23,2212700.0
20260407,603666,亿嘉和,24.94,24.94,25.25,24.66,1639300.0
20260407,603667,五洲新春,66.27,65.65,66.74,65.16,8923900.0
20260407,603668,天马科技,13.37,13.53,13.7,13.19,9133800.0
20260407,603669,灵康药业,4.93,5.0,5.05,4.8,41124100.0
20260407,603676,卫信康,10.84,10.8,10.86,10.49,1931500.0
20260407,603677,奇精机械,14.77,15.08,15.2,14.6,1411600.0
20260407,603678,火炬电子,31.93,30.99,32.05,30.91,9552600.0
20260407,603679,华体科技,12.89,12.74,12.97,12.66,6537700.0
20260407,603680,今创集团,12.35,12.6,12.76,12.35,2139400.0
20260407,603681,永冠新材,16.75,17.04,17.29,16.75,6541400.0
20260407,603682,锦和商管,6.12,6.29,6.31,6.09,8651600.0
20260407,603683,晶华新材,26.62,26.25,26.8,25.95,11061600.0
20260407,603685,晨丰科技,30.99,28.55,31.23,28.35,5946200.0
20260407,603686,福龙马,17.89,18.0,18.1,17.82,7531800.0
20260407,603687,大胜达,15.19,16.38,16.38,14.8,65353500.0
20260407,603688,石英股份,42.18,44.95,46.44,42.18,30188300.0
20260407,603689,皖天然气,8.09,8.11,8.19,8.05,4786400.0
20260407,603690,至纯科技,23.7,24.13,24.27,23.63,7833000.0
20260407,603693,江苏新能,13.45,13.58,13.75,13.35,14281300.0
20260407,603696,安记食品,15.42,15.83,16.04,15.42,5874800.0
20260407,603697,有友食品,9.82,9.78,9.89,9.7,5146200.0
20260407,603698,航天工程,29.03,29.03,29.38,28.83,6922200.0
20260407,603699,纽威股份,50.2,48.47,50.87,47.9,8794200.0
20260407,603700,宁水集团,13.02,13.15,13.28,12.92,3097000.0
20260407,603701,德宏股份,22.71,22.34,22.8,21.7,4523500.0
20260407,603703,盛洋科技,12.18,12.37,12.43,12.18,8893400.0
20260407,603706,东方环宇,18.9,19.17,19.24,18.51,1013800.0
20260407,603707,健友股份,9.73,9.67,9.8,9.52,8572600.0
20260407,603708,家家悦,11.42,11.54,11.57,11.31,3908700.0
20260407,603709,中源家居,16.01,16.54,16.65,15.89,2098400.0
20260407,603711,香飘飘,12.22,12.32,12.32,12.0,1091900.0
20260407,603712,七一二,15.49,15.67,15.78,15.47,4894700.0
20260407,603713,密尔克卫,58.77,58.38,59.73,58.17,1056100.0
20260407,603716,塞力医疗,23.55,23.34,23.81,22.75,30020000.0
20260407,603717,天域生物,6.39,6.66,6.71,6.33,7437000.0
20260407,603719,良品铺子,9.88,10.09,10.12,9.75,3216100.0
20260407,603721,中广天择,18.99,18.85,19.16,18.76,830500.0
20260407,603722,阿科力,31.9,33.9,34.95,31.9,1661400.0
20260407,603725,天安新材,8.42,8.68,8.77,8.41,4239100.0
20260407,603726,朗迪集团,21.7,21.99,22.21,21.7,1607600.0
20260407,603727,博迈科,20.48,20.8,21.25,19.61,12692800.0
20260407,603728,鸣志电器,55.62,55.07,55.98,54.76,2364600.0
20260407,603730,岱美股份,8.94,9.12,9.23,8.9,12128900.0
20260407,603733,仙鹤股份,21.33,22.04,22.22,20.92,4369100.0
20260407,603737,三棵树,49.88,50.02,50.85,49.53,2120700.0
20260407,603738,泰晶科技,25.35,24.24,25.65,23.78,40518500.0
20260407,603739,蔚蓝生物,14.4,14.95,15.04,14.23,5525500.0
20260407,603755,日辰股份,27.37,27.81,28.09,27.22,1254000.0
20260407,603757,大元泵业,43.2,44.76,45.85,42.96,17952200.0
20260407,603758,秦安股份,12.13,12.39,12.47,12.06,3621700.0
20260407,603759,海天股份,9.16,9.23,9.28,9.09,4081900.0
20260407,603766,隆鑫通用,14.22,14.07,14.22,13.78,28094800.0
20260407,603767,中马传动,18.2,18.22,18.34,18.03,1799500.0
20260407,603768,常青股份,10.59,10.9,10.98,10.5,2736900.0
20260407,603773,沃格光电,33.0,32.9,33.52,32.22,8230900.0
20260407,603776,永安行,17.94,18.24,18.48,17.7,1846900.0
20260407,603777,来伊份,12.78,12.75,12.8,12.5,5371700.0
20260407,603778,国晟科技,28.68,31.55,31.55,28.68,96981700.0
20260407,603779,威龙股份,5.77,6.08,6.08,5.77,8789400.0
20260407,603786,科博达,53.38,52.52,54.39,52.25,3207000.0
20260407,603787,新日股份,14.09,13.1,14.23,13.07,23414700.0
20260407,603788,宁波高发,14.65,14.87,14.97,14.65,998800.0
20260407,603790,雅运股份,20.49,21.95,22.02,20.38,3951800.0
20260407,603797,联泰环保,4.43,4.58,4.62,4.39,9214600.0
20260407,603798,康普顿,14.88,15.07,15.26,14.59,8399900.0
20260407,603799,华友钴业,57.4,57.88,58.58,57.4,30759600.0
20260407,603800,洪田股份,37.95,38.52,39.12,37.9,2744000.0
20260407,603801,志邦家居,8.99,9.03,9.04,8.92,1060400.0
20260407,603803,瑞斯康达,12.89,13.13,13.72,12.89,57737400.0
20260407,603806,福斯特,16.6,16.88,17.26,16.42,30305500.0
20260407,603808,歌力思,10.13,10.28,10.3,9.9,7474000.0
20260407,603809,豪能股份,10.31,10.39,10.42,10.28,7228900.0
20260407,603810,丰山集团,14.92,15.8,15.97,14.92,3009300.0
20260407,603811,诚意药业,11.87,12.03,12.09,11.57,6483200.0
20260407,603813,原尚股份,22.5,22.81,22.81,22.5,571800.0
20260407,603815,交建股份,5.61,5.81,5.82,5.61,10660800.0
20260407,603816,顾家家居,33.62,33.63,34.02,33.08,3946200.0
20260407,603817,海峡环保,6.75,6.86,6.88,6.62,19487700.0
20260407,603818,曲美家居,3.25,3.43,3.45,3.25,15490800.0
20260407,603819,神力股份,13.13,13.15,13.6,12.83,8736600.0
20260407,603823,百合花,14.85,15.17,15.22,14.84,2955300.0
20260407,603826,坤彩科技,26.45,26.39,26.82,25.85,11406600.0
20260407,603829,洛凯股份,27.96,27.41,28.07,26.77,4933700.0
20260407,603833,欧派家居,54.73,54.0,54.96,53.53,2197500.0
20260407,603836,海程邦达,12.38,12.76,12.85,12.36,1898200.0
20260407,603839,安正时尚,7.16,7.38,7.4,7.09,2591100.0
20260407,603848,好太太,14.84,15.1,15.15,14.82,1235500.0
20260407,603855,华荣股份,18.71,19.06,19.15,18.7,1166700.0
20260407,603856,东宏股份,12.44,12.62,12.66,12.39,1778000.0
20260407,603858,步长制药,16.49,16.6,16.72,16.27,4371800.0
20260407,603859,能科科技,35.51,35.77,36.03,35.45,2229900.0
20260407,603860,中公高科,29.93,31.12,31.27,29.89,1954500.0
20260407,603861,白云电器,16.08,16.01,16.35,15.91,9657700.0
20260407,603863,松炀资源,17.79,19.3,19.5,17.79,15009400.0
20260407,603866,桃李面包,4.94,4.95,4.97,4.92,5571700.0
20260407,603867,新化股份,29.02,29.77,30.09,28.61,5917900.0
20260407,603868,飞科电器,32.2,31.85,32.21,31.74,1107000.0
20260407,603871,嘉友国际,13.03,12.92,13.13,12.7,9610000.0
20260407,603876,鼎胜新材,22.2,21.93,22.84,21.3,26350700.0
20260407,603877,太平鸟,13.78,13.94,13.95,13.7,1130800.0
20260407,603878,武进不锈,7.19,7.29,7.35,7.18,9652000.0
20260407,603879,永悦科技,5.13,5.39,5.4,5.1,10636000.0
20260407,603880,南卫股份,6.44,6.65,6.73,6.4,7296600.0
20260407,603881,数据港,36.65,35.68,37.0,35.6,39900900.0
20260407,603882,金域医学,26.03,25.98,26.38,25.75,3224300.0
20260407,603883,老百姓,13.52,13.57,13.64,13.28,7277100.0
20260407,603885,吉祥航空,12.01,12.05,12.07,11.76,11867300.0
20260407,603886,元祖股份,12.91,12.93,13.24,12.82,7062700.0
20260407,603887,城地香江,15.38,15.12,15.49,14.98,16624300.0
20260407,603888,新华网,19.29,19.34,19.43,19.22,4319000.0
20260407,603889,新澳股份,7.59,7.54,7.65,7.43,5218000.0
20260407,603890,春秋电子,13.8,14.19,14.42,13.8,13959500.0
20260407,603893,瑞芯微,149.05,147.95,151.7,147.7,3297100.0
20260407,603895,天永智能,24.99,25.44,25.78,24.8,1315500.0
20260407,603896,寿仙谷,18.6,18.85,18.87,18.36,1315000.0
20260407,603897,长城科技,33.5,34.05,36.35,33.5,14267500.0
20260407,603898,好莱客,12.99,13.31,13.35,12.66,4892100.0
20260407,603899,晨光股份,25.69,25.4,25.76,25.22,2877000.0
20260407,603900,莱绅通灵,7.25,7.47,7.49,7.1,6484000.0
20260407,603901,永创智能,11.63,11.59,11.75,11.55,4877500.0
20260407,603903,中持股份,11.21,11.33,11.48,11.07,4068700.0
20260407,603906,龙蟠科技,21.58,21.3,21.87,20.71,39472400.0
20260407,603908,牧高笛,22.12,22.41,22.69,21.75,1873400.0
20260407,603909,建发合诚,10.63,10.95,11.14,10.63,4018300.0
20260407,603912,佳力图,9.55,9.81,10.07,9.55,43180800.0
20260407,603915,国茂股份,14.8,14.3,14.82,14.11,7119700.0
20260407,603916,苏博特,10.32,10.6,10.7,10.31,5367800.0
20260407,603917,合力科技,12.49,12.93,13.09,12.49,3709300.0
20260407,603918,金桥信息,13.1,13.19,13.29,13.07,4259200.0
20260407,603919,金徽酒,17.57,17.67,17.74,17.43,3546400.0
20260407,603920,世运电路,49.04,49.16,50.16,48.7,14066800.0
20260407,603926,铁流股份,18.0,17.76,18.13,17.73,3633100.0
20260407,603927,中科软,16.15,16.19,16.27,16.06,3958500.0
20260407,603928,兴业股份,14.37,14.79,14.89,14.2,4748900.0
20260407,603929,亚翔集成,179.52,173.55,179.52,172.23,2809800.0
20260407,603931,格林达,26.51,26.56,26.85,26.41,1477000.0
20260407,603936,博敏电子,12.62,12.64,12.95,12.52,20965300.0
20260407,603937,丽岛新材,14.44,14.29,14.55,13.82,11550100.0
20260407,603938,三孚股份,26.12,27.8,28.38,26.03,30450100.0
20260407,603939,益丰药房,23.43,23.23,23.5,22.96,5019700.0
20260407,603948,建业股份,25.67,26.5,26.6,25.6,1426400.0
20260407,603949,雪龙集团,17.47,17.57,17.6,17.3,7253800.0
20260407,603955,大千生态,24.09,24.44,24.45,23.51,1487400.0
20260407,603956,威派格,5.51,5.62,5.64,5.5,5786200.0
20260407,603958,哈森股份,19.26,19.15,19.79,18.84,6238800.0
20260407,603960,克来机电,20.59,21.5,21.77,20.52,12837100.0
20260407,603966,法兰泰克,13.69,13.58,14.16,13.3,37928400.0
20260407,603967,中创物流,12.87,12.91,13.04,12.66,3866300.0
20260407,603968,醋化股份,12.77,14.19,14.19,12.77,12849200.0
20260407,603969,银龙股份,8.82,8.72,8.82,8.62,6396600.0
20260407,603970,中农立华,12.24,12.75,12.79,12.1,3029600.0
20260407,603976,正川股份,19.7,20.15,20.38,19.66,1380400.0
20260407,603977,国泰集团,15.05,14.39,15.22,14.33,25578900.0
20260407,603978,深圳新星,23.94,23.53,24.25,23.32,6330200.0
20260407,603979,金诚信,58.01,57.38,58.43,57.09,7794100.0
20260407,603980,吉华集团,6.19,6.4,6.43,6.14,21896100.0
20260407,603982,泉峰汽车,7.38,7.54,7.6,7.37,6614400.0
20260407,603983,丸美生物,24.36,24.31,24.48,24.07,1335600.0
20260407,603985,恒润股份,20.0,20.61,20.91,19.95,45911200.0
20260407,603986,兆易创新,253.1,249.66,255.96,248.81,19847200.0
20260407,603987,康德莱,8.71,8.78,8.87,8.59,5144400.0
20260407,603988,中电电机,25.18,27.02,27.02,24.69,20672300.0
20260407,603989,艾华集团,16.88,17.61,17.75,16.88,5229400.0
20260407,603990,麦迪科技,15.0,15.2,15.54,15.0,8255200.0
20260407,603991,领先股份,99.93,99.85,102.13,99.3,961500.0
20260407,603992,松霖科技,34.4,32.8,34.4,32.78,6408300.0
20260407,603993,洛阳钼业,17.56,17.6,17.69,17.35,142498500.0
20260407,603995,甬金股份,17.25,17.25,17.35,17.13,1637100.0
20260407,603997,继峰股份,12.04,11.99,12.11,11.83,8978500.0
20260407,603998,方盛制药,10.85,10.92,11.1,10.76,7886500.0
20260407,603999,读者传媒,6.53,6.71,6.71,6.47,6173700.0
20260407,605001,威奥股份,7.11,7.3,7.37,7.07,7312000.0
20260407,605003,众望布艺,27.66,28.42,29.25,27.61,1472000.0
20260407,605005,合兴股份,19.7,19.04,19.7,18.81,3855200.0
20260407,605006,山东玻纤,9.17,9.25,9.42,8.91,28953400.0
20260407,605007,五洲特纸,13.5,13.59,13.62,13.33,2872400.0
20260407,605008,长鸿高科,11.97,12.27,12.4,11.93,2103400.0
20260407,605009,豪悦护理,27.92,28.02,28.2,27.72,779900.0
20260407,605011,杭州热电,19.12,19.06,19.27,18.8,3355100.0
20260407,605016,百龙创园,24.58,24.16,24.96,24.06,5077700.0
20260407,605018,长华集团,10.82,11.99,11.99,10.7,23260900.0
20260407,605020,永和股份,23.44,23.61,23.97,23.37,8355800.0
20260407,605028,世茂能源,26.82,27.2,27.49,26.51,1660700.0
20260407,605033,美邦股份,22.34,23.27,23.39,22.29,3258500.0
20260407,605050,福然德,12.65,12.63,12.85,12.52,9501100.0
20260407,605055,迎丰股份,10.14,9.97,10.37,9.86,7856200.0
20260407,605056,咸亨国际,26.0,26.11,27.55,25.81,15511400.0
20260407,605058,澳弘电子,31.96,32.56,33.48,31.96,3294600.0
20260407,605060,联德股份,49.83,48.16,49.83,48.06,2985500.0
20260407,605066,天正电气,7.76,7.84,7.92,7.72,6858900.0
20260407,605068,明新旭腾,25.69,25.21,25.96,24.7,3099400.0
20260407,605069,正和生态,11.06,11.37,11.4,10.97,2838200.0
20260407,605077,华康股份,14.85,15.21,15.24,14.84,1809100.0
20260407,605080,浙江自然,22.1,22.48,22.56,22.01,559800.0
20260407,605086,龙高股份,33.99,34.13,34.65,33.6,825600.0
20260407,605088,冠盛股份,32.89,32.59,33.12,32.07,2451600.0
20260407,605089,味知香,24.49,24.54,24.72,24.0,1619200.0
20260407,605090,九丰能源,38.18,38.89,39.78,37.8,13854500.0
20260407,605098,行动教育,55.32,55.2,56.0,54.15,1186000.0
20260407,605099,共创草坪,37.06,41.15,41.15,37.06,7266800.0
20260407,605100,华丰股份,41.15,41.98,42.23,41.0,1716600.0
20260407,605108,同庆楼,16.23,16.33,16.4,16.15,1271500.0
20260407,605111,新洁能,36.87,36.23,37.08,36.15,6470100.0
20260407,605116,奥锐特,28.53,28.41,29.16,27.89,9871200.0
20260407,605117,德业股份,122.5,124.65,126.98,121.89,8984000.0
20260407,605118,力鼎光电,41.36,40.23,41.37,38.58,3691200.0
20260407,605122,四方新材,12.2,12.74,12.84,12.12,3225100.0
20260407,605123,派克新材,93.33,91.58,93.89,91.21,1709100.0
20260407,605128,上海沿浦,31.72,32.58,32.78,31.65,2058900.0
20260407,605133,嵘泰股份,28.48,27.46,28.71,27.0,18749500.0
20260407,605136,丽人丽妆,9.88,10.23,10.33,9.72,13259100.0
20260407,605138,盛泰集团,6.5,6.72,6.72,6.45,3412900.0
20260407,605151,西上海,17.52,18.0,18.21,17.52,1907300.0
20260407,605155,西大门,14.95,15.37,15.49,14.95,2557300.0
20260407,605158,华达新材,7.28,7.41,7.49,7.26,2803000.0
20260407,605162,新中港,12.79,14.07,14.07,12.12,59477400.0
20260407,605166,聚合顺,9.77,10.45,10.61,9.77,8403100.0
20260407,605167,利柏特,16.38,15.87,16.49,15.75,5418300.0
20260407,605168,三人行,34.73,34.4,34.89,33.61,4865600.0
20260407,605169,洪通燃气,11.45,11.91,12.02,11.41,5058200.0
20260407,605177,东亚药业,19.93,20.67,21.02,19.93,2252900.0
20260407,605178,时空科技,66.0,68.4,68.79,65.71,2866500.0
20260407,605179,一鸣食品,16.65,16.84,16.85,16.52,1654500.0
20260407,605180,华生科技,13.67,14.46,14.56,13.67,1696300.0
20260407,605183,确成股份,18.45,18.69,18.85,18.41,1789000.0
20260407,605186,健麾信息,18.56,19.05,19.25,18.46,2178500.0
20260407,605188,国光连锁,16.4,16.71,16.73,16.4,2216800.0
20260407,605189,富春染织,14.04,14.45,14.5,13.94,3762700.0
20260407,605196,华通线缆,46.4,48.1,49.21,46.06,9567800.0
20260407,605198,安德利,37.9,39.11,39.8,37.9,3001600.0
20260407,605208,永茂泰,12.91,12.94,13.12,12.83,4531100.0
20260407,605218,伟时电子,16.51,16.74,16.93,16.51,1606800.0
20260407,605222,起帆电缆,22.54,22.1,22.76,21.67,7658700.0
20260407,605228,神通科技,13.42,13.56,13.66,13.27,9571400.0
20260407,605255,天普股份,91.88,92.01,92.92,90.06,1083800.0
20260407,605258,协和电子,33.25,33.87,34.49,33.25,2236700.0
20260407,605259,绿田机械,20.75,20.76,20.9,20.51,1115900.0
20260407,605266,健之佳,18.83,19.23,19.38,18.75,1183900.0
20260407,605268,王力安防,11.91,12.17,12.18,11.87,4391200.0
20260407,605277,新亚电子,22.22,22.44,22.48,22.1,3751400.0
20260407,605286,同力天启,44.28,45.18,45.7,44.2,3167700.0
20260407,605287,德才股份,39.61,38.66,41.37,38.45,6876900.0
20260407,605288,凯迪股份,86.72,84.7,87.49,84.0,742600.0
20260407,605289,罗曼股份,104.74,99.46,104.98,97.93,4464200.0
20260407,605296,神农集团,27.11,28.59,29.45,26.69,5887300.0
20260407,605298,必得科技,46.5,47.95,48.29,45.96,1880300.0
20260407,605299,舒华体育,19.12,23.06,23.06,19.12,69368900.0
20260407,605300,佳禾食品,10.52,10.64,10.66,10.4,1515900.0
20260407,605303,园林股份,19.0,18.3,19.55,17.84,15072700.0
20260407,605305,中际联合,38.98,38.87,39.64,38.51,3304300.0
20260407,605318,法狮龙,77.45,77.0,78.0,75.55,2215400.0
20260407,605319,无锡振华,26.37,26.39,27.07,26.13,9260800.0
20260407,605333,沪光股份,25.25,26.1,26.2,25.2,2885700.0
20260407,605337,李子园,10.63,10.76,10.76,10.53,1967500.0
20260407,605338,巴比食品,26.17,26.04,26.19,25.72,1719900.0
20260407,605339,南侨食品,15.96,16.06,16.09,15.71,927500.0
20260407,605358,立昂微,32.61,32.35,32.92,32.28,7946700.0
20260407,605365,立达信,20.29,21.04,21.17,20.11,7876100.0
20260407,605366,宏柏新材,10.63,10.96,11.32,10.5,26878200.0
20260407,605368,蓝天燃气,8.11,8.15,8.16,8.05,4983600.0
20260407,605369,拱东医疗,17.42,17.79,17.8,17.39,721700.0
20260407,605376,博迁新材,99.75,98.78,102.6,98.22,7283000.0
20260407,605377,华旺科技,9.31,9.5,9.54,9.25,5924500.0
20260407,605378,野马电池,19.07,19.42,19.5,18.99,1690900.0
20260407,605388,均瑶健康,6.4,6.5,6.54,6.34,7919400.0
20260407,605389,长龄液压,70.0,70.47,71.2,69.41,981200.0
20260407,605398,新炬网络,26.45,26.01,26.49,25.76,1894400.0
20260407,605399,晨光新材,13.69,14.62,14.84,13.69,7292200.0
20260407,605488,福莱新材,32.2,32.28,32.73,31.97,3117800.0
20260407,605499,东鹏饮料,202.18,198.04,202.2,197.48,2606500.0
20260407,605500,森林包装,8.69,8.69,8.97,8.63,6235900.0
20260407,605507,国邦医药,25.57,25.44,25.88,25.14,2955200.0
20260407,605555,德昌股份,14.97,14.84,15.01,14.45,8509500.0
20260407,605566,福莱蒽特,29.39,30.38,30.62,29.0,3655700.0
20260407,605567,春雪食品,10.33,10.78,10.86,10.21,4904300.0
20260407,605577,龙版传媒,12.2,12.45,12.5,12.12,3544100.0
20260407,605580,恒盛能源,20.8,20.95,21.05,20.65,2172900.0
20260407,605588,冠石科技,50.69,51.7,52.59,50.45,1053900.0
20260407,605589,圣泉集团,34.6,35.67,35.67,34.38,39860200.0
20260407,605598,上海港湾,45.18,45.37,46.45,45.01,2267800.0
20260407,605599,菜百股份,22.04,22.7,22.98,21.69,4911900.0
