日期,股票代码,股票名称,开盘价,收盘价,最高价,最低价,成交量(股)
20260319,000001,平安银行,10.92,10.88,10.97,10.86,62421200.0
20260319,000002,万  科Ａ,4.61,4.5,4.63,4.5,140671700.0
20260319,000006,深振业Ａ,9.14,9.07,9.3,8.99,29625700.0
20260319,000007,全新好,14.84,14.42,14.84,14.32,10097900.0
20260319,000008,神州高铁,2.85,2.82,2.86,2.81,47016500.0
20260319,000009,中国宝安,9.0,8.92,9.14,8.89,28044000.0
20260319,000011,深物业A,9.03,8.97,9.28,8.92,11922900.0
20260319,000012,南  玻Ａ,4.71,4.63,4.72,4.61,30730300.0
20260319,000014,沙河股份,15.56,14.96,15.71,14.91,23018200.0
20260319,000017,深中华A,7.06,6.98,7.24,6.94,11686000.0
20260319,000019,深粮控股,7.64,7.52,7.7,7.47,16554400.0
20260319,000020,深华发Ａ,21.21,21.21,21.21,21.21,3252100.0
20260319,000021,深科技,32.5,32.43,33.7,31.8,143548800.0
20260319,000025,特  力Ａ,16.8,16.5,16.87,16.44,4386600.0
20260319,000026,飞亚达,14.3,14.12,14.48,14.04,2962200.0
20260319,000027,深圳能源,7.12,7.16,7.24,7.11,40069400.0
20260319,000028,国药一致,25.95,26.08,26.53,25.92,5618200.0
20260319,000029,深深房Ａ,20.77,20.25,20.78,20.11,4542500.0
20260319,000030,富奥股份,5.16,5.09,5.18,5.06,11116300.0
20260319,000031,大悦城,3.13,3.02,3.14,3.01,25943500.0
20260319,000032,深桑达Ａ,17.7,18.96,19.9,17.66,80875800.0
20260319,000034,神州数码,36.95,37.41,38.17,36.9,18929300.0
20260319,000035,中国天楹,7.29,7.25,7.48,7.2,99441100.0
20260319,000036,华联控股,4.94,4.86,4.95,4.84,26498300.0
20260319,000037,深南电A,10.56,10.6,11.2,10.32,88907500.0
20260319,000039,中集集团,11.48,11.0,11.56,10.89,47270300.0
20260319,000042,中洲控股,9.47,9.12,9.52,9.09,8686600.0
20260319,000045,深纺织Ａ,13.2,13.29,13.49,13.11,15249100.0
20260319,000048,京基智农,21.92,21.4,22.0,20.76,29163100.0
20260319,000049,德赛电池,26.51,26.83,26.97,26.32,7505300.0
20260319,000050,深天马Ａ,8.7,8.62,8.75,8.55,29975700.0
20260319,000055,方大集团,3.86,3.77,3.87,3.72,9931900.0
20260319,000058,深 赛 格,8.56,8.41,8.6,8.4,6181100.0
20260319,000059,华锦股份,5.86,5.72,5.93,5.66,39241000.0
20260319,000060,中金岭南,6.45,6.27,6.5,6.21,154579200.0
20260319,000061,农 产 品,8.8,8.47,8.82,8.4,14169600.0
20260319,000062,深圳华强,26.7,26.59,27.64,25.92,35895800.0
20260319,000063,中兴通讯,35.6,35.35,35.81,35.18,62797100.0
20260319,000065,北方国际,12.76,12.43,12.91,12.4,22822700.0
20260319,000066,中国长城,15.78,15.93,16.25,15.73,66670500.0
20260319,000068,华控赛格,3.47,3.44,3.52,3.43,15144600.0
20260319,000069,华侨城Ａ,2.36,2.35,2.38,2.34,36101500.0
20260319,000070,特发信息,15.48,15.22,15.81,15.05,45959100.0
20260319,000088,盐 田 港,4.6,4.57,4.63,4.55,25643200.0
20260319,000089,深圳机场,7.12,7.09,7.17,7.06,11094600.0
20260319,000090,天健集团,3.86,3.81,3.89,3.8,21976100.0
20260319,000096,广聚能源,10.76,10.66,10.89,10.61,15113200.0
20260319,000099,中信海直,19.57,19.52,19.8,19.4,9063100.0
20260319,000100,TCL科技,4.51,4.47,4.53,4.45,313158000.0
20260319,000151,中成股份,12.73,12.43,12.8,12.4,3403700.0
20260319,000153,丰原药业,6.63,6.49,6.68,6.45,7065600.0
20260319,000155,川能动力,13.87,13.83,14.17,13.69,42637000.0
20260319,000156,华数传媒,7.96,7.97,8.01,7.91,13431600.0
20260319,000157,中联重科,8.74,8.55,8.8,8.48,87633600.0
20260319,000158,常山北明,19.99,19.92,20.19,19.9,22173400.0
20260319,000159,国际实业,6.71,6.47,6.77,6.42,22361600.0
20260319,000166,申万宏源,4.93,4.93,4.99,4.92,100271500.0
20260319,000301,东方盛虹,11.45,10.81,11.47,10.72,37893900.0
20260319,000333,美的集团,76.43,76.0,76.98,75.93,23272900.0
20260319,000338,潍柴动力,24.34,23.8,24.67,23.67,140273300.0
20260319,000400,许继电气,28.86,28.65,29.09,28.5,29177500.0
20260319,000401,金隅冀东,5.03,4.95,5.09,4.93,20559000.0
20260319,000402,金 融 街,2.73,2.7,2.75,2.69,20754200.0
20260319,000403,派林生物,13.97,13.83,14.03,13.75,8011300.0
20260319,000404,长虹华意,7.21,7.08,7.22,7.06,11149600.0
20260319,000407,胜利股份,5.06,5.25,5.47,5.05,104618200.0
20260319,000408,藏格矿业,74.8,72.44,75.98,72.41,37792500.0
20260319,000409,云鼎科技,10.8,10.75,10.92,10.72,7029100.0
20260319,000410,沈阳机床,7.16,6.96,7.16,6.93,24616300.0
20260319,000411,英特集团,11.29,11.11,11.35,11.1,4511600.0
20260319,000415,渤海租赁,4.4,4.09,4.4,4.07,202704100.0
20260319,000417,合百集团,7.31,7.14,7.35,7.11,14488200.0
20260319,000419,通程控股,6.17,6.06,6.23,6.04,5238200.0
20260319,000420,吉林化纤,4.98,4.8,5.02,4.77,287585400.0
20260319,000421,南京公用,6.88,6.81,6.92,6.8,13285400.0
20260319,000422,湖北宜化,17.6,16.48,17.63,16.34,69892400.0
20260319,000423,东阿阿胶,52.7,52.78,53.2,52.52,8466600.0
20260319,000425,徐工机械,10.58,10.25,10.59,10.2,107086600.0
20260319,000426,兴业银锡,41.9,40.33,42.7,40.1,100014400.0
20260319,000428,华天酒店,3.85,3.82,3.9,3.8,12333500.0
20260319,000429,粤高速Ａ,12.56,12.64,12.77,12.56,6450400.0
20260319,000430,张家界,7.5,7.33,7.53,7.32,4465600.0
20260319,000498,山东路桥,6.05,6.0,6.1,5.96,17117800.0
20260319,000501,武商集团,8.86,8.71,8.89,8.7,6711100.0
20260319,000503,国新健康,8.55,8.5,8.62,8.44,9962000.0
20260319,000504,南华生物,10.05,10.07,10.29,10.0,2663300.0
20260319,000505,京粮控股,7.15,7.1,7.22,7.05,17506200.0
20260319,000506,招金黄金,17.13,16.59,17.3,16.48,38673600.0
20260319,000507,珠海港,5.68,5.65,5.74,5.63,22971500.0
20260319,000509,华塑控股,4.1,4.13,4.22,4.01,46692600.0
20260319,000510,新金路,16.0,14.98,16.27,14.98,56690600.0
20260319,000513,丽珠集团,34.8,34.53,35.14,34.35,5134700.0
20260319,000514,渝 开 发,5.0,4.9,5.12,4.87,19834100.0
20260319,000516,国际医学,5.08,4.99,5.09,4.98,55183600.0
20260319,000517,荣安地产,2.07,2.04,2.09,2.02,20377600.0
20260319,000518,四环生物,3.05,3.04,3.1,3.01,16486700.0
20260319,000519,中兵红箭,17.42,17.08,17.47,16.99,32269700.0
20260319,000520,凤凰航运,4.43,4.31,4.43,4.29,21972700.0
20260319,000521,长虹美菱,6.29,6.2,6.29,6.17,10071100.0
20260319,000523,红棉股份,3.64,3.56,3.65,3.54,26939000.0
20260319,000524,岭南控股,13.3,12.99,13.3,12.94,11734300.0
20260319,000525,红太阳,6.43,6.26,6.64,6.22,53850000.0
20260319,000526,学大教育,34.36,33.71,34.56,33.67,1243900.0
20260319,000528,柳    工,9.73,9.64,9.77,9.62,39786800.0
20260319,000529,广弘控股,6.05,5.94,6.07,5.92,6289000.0
20260319,000530,冰山冷热,6.34,6.22,6.4,6.19,11170100.0
20260319,000531,穗恒运Ａ,7.13,7.27,7.45,7.1,34601700.0
20260319,000532,华金资本,14.41,14.32,14.48,14.22,6378900.0
20260319,000533,顺钠股份,19.78,18.58,20.18,18.35,200890700.0
20260319,000534,万泽股份,41.99,41.95,42.74,40.7,19897700.0
20260319,000536,华映科技,4.57,4.51,4.64,4.5,69999000.0
20260319,000537,绿发电力,11.2,11.63,12.12,11.12,159648000.0
20260319,000538,云南白药,56.7,56.73,57.08,56.55,5829900.0
20260319,000539,粤电力Ａ,5.92,6.17,6.17,5.8,138789300.0
20260319,000541,佛山照明,6.05,5.98,6.08,5.97,11001600.0
20260319,000543,皖能电力,8.5,8.43,8.63,8.36,48600000.0
20260319,000544,中原环保,8.85,8.79,8.92,8.75,4789500.0
20260319,000545,金浦钛业,3.81,3.55,3.89,3.46,152478500.0
20260319,000546,金圆股份,5.9,5.68,5.95,5.63,28580900.0
20260319,000547,航天发展,30.51,30.36,31.33,30.0,163200000.0
20260319,000548,湖南投资,5.7,5.54,5.73,5.52,8430100.0
20260319,000550,江铃汽车,17.77,17.6,17.85,17.5,4963000.0
20260319,000551,创元科技,13.8,13.56,13.8,13.5,8510900.0
20260319,000552,甘肃能化,2.78,2.75,2.82,2.73,98047200.0
20260319,000553,安道麦A,6.29,5.91,6.36,5.87,29241800.0
20260319,000554,泰山石油,9.36,9.29,9.48,9.01,67624400.0
20260319,000555,神州信息,18.0,18.25,18.54,18.0,36506400.0
20260319,000557,西部创业,5.05,5.01,5.1,5.01,9739100.0
20260319,000558,天府文旅,4.65,4.57,4.69,4.54,22331600.0
20260319,000559,万向钱潮,16.23,15.92,16.28,15.83,56713600.0
20260319,000560,我爱我家,3.3,3.19,3.37,3.17,148477300.0
20260319,000561,烽火电子,10.3,10.12,10.33,10.1,9689400.0
20260319,000563,陕国投Ａ,3.53,3.54,3.58,3.51,71709600.0
20260319,000564,供销大集,2.16,2.14,2.17,2.12,204423500.0
20260319,000565,渝三峡Ａ,8.09,7.68,8.11,7.63,17715800.0
20260319,000566,海南海药,5.51,5.38,5.52,5.34,23677300.0
20260319,000567,海德股份,5.49,5.43,5.54,5.4,12630000.0
20260319,000568,泸州老窖,106.0,105.4,106.8,105.13,4917500.0
20260319,000570,苏常柴Ａ,5.88,5.76,5.92,5.72,13514800.0
20260319,000571,新大洲A,6.98,6.69,7.01,6.65,22169900.0
20260319,000572,海马汽车,6.54,6.3,6.63,6.26,103342000.0
20260319,000573,粤宏远Ａ,4.32,4.21,4.35,4.2,14811400.0
20260319,000576,甘化科工,9.92,10.46,10.81,9.87,38066600.0
20260319,000581,威孚高科,23.3,22.7,23.33,22.59,17522800.0
20260319,000582,北部湾港,10.84,10.77,10.92,10.74,26896200.0
20260319,000586,汇源通信,15.21,14.95,15.41,14.82,7301100.0
20260319,000589,贵州轮胎,4.81,4.68,4.84,4.67,36985300.0
20260319,000590,古汉医药,12.4,12.09,12.4,12.03,4945900.0
20260319,000591,太阳能,5.96,6.04,6.18,5.9,163048500.0
20260319,000592,平潭发展,10.51,10.36,10.77,10.25,134293500.0
20260319,000593,德龙汇能,14.71,14.5,14.93,14.03,26500600.0
20260319,000595,新能股份,6.4,6.26,6.46,6.25,12693000.0
20260319,000596,古井贡酒,110.2,108.4,110.6,108.38,1894600.0
20260319,000597,东北制药,5.31,5.24,5.33,5.18,13496200.0
20260319,000598,兴蓉环境,7.01,6.93,7.12,6.9,43499000.0
20260319,000599,青岛双星,6.5,6.34,6.53,6.31,16099300.0
20260319,000600,建投能源,9.88,9.58,9.94,9.55,50292000.0
20260319,000601,韶能股份,7.4,7.4,7.4,7.4,32283300.0
20260319,000603,盛达资源,41.4,39.63,42.18,39.45,30422500.0
20260319,000605,渤海股份,7.3,7.12,7.34,7.08,5280100.0
20260319,000607,华媒控股,4.26,4.25,4.31,4.23,12814500.0
20260319,000608,阳光股份,3.94,3.98,4.06,3.87,32576800.0
20260319,000612,焦作万方,12.55,11.84,12.59,11.73,55956800.0
20260319,000617,中油资本,9.92,10.71,10.71,9.76,558363600.0
20260319,000619,海螺新材,6.28,6.11,6.32,6.06,7508100.0
20260319,000620,盈新发展,3.2,3.06,3.21,3.02,316078300.0
20260319,000623,吉林敖东,18.46,18.18,18.51,18.15,11636400.0
20260319,000625,长安汽车,10.73,10.62,10.75,10.61,47865900.0
20260319,000626,远大控股,8.32,8.22,8.77,8.14,27978000.0
20260319,000628,高新发展,52.04,53.35,54.67,52.04,8870600.0
20260319,000629,钒钛股份,3.59,3.48,3.6,3.45,154853300.0
20260319,000630,铜陵有色,6.25,6.08,6.34,6.03,429192700.0
20260319,000631,顺发恒能,3.93,3.82,3.95,3.78,17811800.0
20260319,000633,合金投资,7.11,6.87,7.14,6.85,9929600.0
,000635,英 力 特,8.98,8.71,9.0,8.67,7589100.0
20260319,000636,风华高科,21.86,22.53,22.93,21.4,92130200.0
20260319,000637,茂化实华,4.87,4.71,4.87,4.68,18102300.0
20260319,000650,仁和药业,5.84,5.75,5.88,5.74,16778600.0
20260319,000651,格力电器,38.8,38.56,38.98,38.44,31205200.0
20260319,000652,泰达股份,3.99,3.95,4.03,3.93,12067200.0
20260319,000655,金岭矿业,9.58,9.18,9.58,9.14,11939700.0
20260319,000656,金科股份,1.37,1.36,1.38,1.35,83813900.0
20260319,000657,中钨高新,53.2,51.39,53.46,50.97,73916200.0
20260319,000659,珠海中富,3.72,3.63,3.73,3.6,27857200.0
20260319,000661,长春高新,89.55,88.97,89.97,88.77,3877700.0
20260319,000663,永安林业,7.13,6.94,7.14,6.91,7150300.0
20260319,000665,湖北广电,5.1,5.16,5.33,5.08,21261100.0
20260319,000668,荣丰控股,14.21,13.76,14.47,13.76,2290800.0
20260319,000670,盈方微,8.17,8.03,8.2,8.0,38677800.0
20260319,000672,上峰材料,13.95,13.16,13.99,13.11,25553200.0
20260319,000676,智度股份,8.15,8.06,8.16,8.03,19247900.0
20260319,000678,襄阳轴承,12.09,11.79,12.09,11.74,8858800.0
20260319,000679,大连友谊,6.91,6.73,6.95,6.7,4520700.0
20260319,000680,山推股份,11.23,10.74,11.23,10.6,30082400.0
20260319,000681,视觉中国,21.93,21.88,22.15,21.75,21615700.0
20260319,000682,东方电子,13.47,13.05,13.47,12.97,24809500.0
20260319,000683,博源化工,8.86,8.48,8.98,8.38,56949500.0
20260319,000685,中山公用,11.54,11.36,11.58,11.34,12346500.0
20260319,000686,东北证券,8.52,8.42,8.55,8.4,18969600.0
20260319,000688,国城矿业,32.0,29.91,32.08,29.53,36719200.0
20260319,000690,宝新能源,4.76,4.82,4.89,4.75,95943400.0
20260319,000691,亚太实业,8.3,8.25,8.47,8.23,5264400.0
20260319,000692,惠天热电,4.27,4.17,4.3,4.16,14154700.0
20260319,000695,滨海能源,13.91,13.41,14.02,13.34,11970600.0
20260319,000697,炼石航空,10.13,9.75,10.22,9.67,14340200.0
20260319,000700,模塑科技,11.89,11.65,11.94,11.48,25877600.0
20260319,000701,厦门信达,5.98,5.88,6.05,5.87,12814800.0
20260319,000702,正虹科技,7.0,6.83,7.04,6.81,6422700.0
20260319,000703,恒逸石化,11.35,10.55,11.49,10.45,67080700.0
20260319,000705,浙江震元,9.1,8.99,9.18,8.98,3910900.0
20260319,000707,双环科技,6.42,6.14,6.53,6.12,32334100.0
20260319,000708,中信特钢,16.52,16.06,16.56,15.99,19352700.0
20260319,000709,河钢股份,2.48,2.42,2.49,2.4,159439700.0
20260319,000710,贝瑞基因,11.25,10.99,11.39,10.93,8185500.0
20260319,000712,锦龙股份,10.91,10.89,11.02,10.85,15589200.0
20260319,000713,国投丰乐,7.0,6.86,7.11,6.84,18989000.0
20260319,000715,中兴商业,6.03,5.92,6.09,5.89,8216800.0
20260319,000716,黑芝麻,5.56,5.47,5.6,5.46,9372300.0
20260319,000717,中南股份,2.76,2.61,2.77,2.6,118207300.0
20260319,000718,苏宁环球,2.23,2.18,2.24,2.18,35273700.0
20260319,000719,中原传媒,12.95,13.08,13.18,12.91,9553300.0
20260319,000720,新能泰山,3.97,3.96,4.05,3.91,37220400.0
20260319,000721,西安饮食,8.23,8.09,8.25,8.07,7339600.0
20260319,000722,湖南发展,13.61,13.61,13.92,13.48,15198900.0
20260319,000723,美锦能源,5.38,5.27,5.48,5.26,158691000.0
20260319,000725,京东方Ａ,4.15,4.09,4.16,4.08,520347500.0
20260319,000726,鲁  泰Ａ,7.4,7.29,7.45,7.24,8450200.0
20260319,000727,冠捷科技,2.75,2.75,2.79,2.71,111003600.0
20260319,000728,国元证券,7.88,7.83,7.91,7.79,24971500.0
20260319,000729,燕京啤酒,13.0,12.85,13.2,12.81,17892100.0
20260319,000731,四川美丰,7.97,7.49,8.06,7.47,48933300.0
20260319,000733,振华科技,48.71,48.08,48.74,47.85,10448700.0
20260319,000735,罗 牛 山,7.35,7.23,7.39,7.2,27707000.0
20260319,000736,中交发展,5.22,5.13,5.25,5.11,5983100.0
20260319,000737,北方铜业,13.93,13.63,14.11,13.55,53808700.0
20260319,000738,航发控制,23.12,22.59,23.13,22.42,21277800.0
20260319,000739,普洛药业,18.12,17.85,18.26,17.8,5080500.0
20260319,000750,国海证券,4.05,4.02,4.06,4.0,57372000.0
20260319,000751,锌业股份,5.73,5.52,5.79,5.48,64816900.0
20260319,000753,漳州发展,6.69,6.55,6.74,6.5,19209100.0
20260319,000755,山西高速,5.46,5.39,5.48,5.36,5430800.0
20260319,000756,新华制药,15.15,15.06,15.24,15.01,5040800.0
20260319,000757,浩物股份,5.22,5.07,5.25,5.06,16899500.0
20260319,000758,中色股份,6.95,6.7,6.95,6.66,56839500.0
20260319,000759,中百集团,5.84,5.76,5.99,5.74,21842600.0
20260319,000761,本钢板材,3.46,3.31,3.48,3.3,28945100.0
20260319,000762,西藏矿业,27.06,25.85,27.1,25.68,24121900.0
20260319,000766,通化金马,21.2,20.35,21.25,20.15,18543900.0
20260319,000767,晋控电力,3.65,3.74,3.78,3.58,143795300.0
20260319,000768,中航西飞,26.28,25.76,26.34,25.6,28495000.0
20260319,000776,广发证券,19.29,19.11,19.33,19.03,36540100.0
20260319,000777,中核科技,24.4,24.04,24.55,23.78,16391500.0
20260319,000778,新兴铸管,4.74,4.64,4.76,4.61,67975100.0
20260319,000779,甘咨询,9.4,9.56,9.85,9.37,14632500.0
20260319,000782,恒申新材,5.68,5.42,5.74,5.36,22231900.0
20260319,000783,长江证券,7.35,7.25,7.37,7.22,55769900.0
20260319,000785,居然智家,2.81,2.8,2.82,2.78,34755800.0
20260319,000786,北新建材,26.42,25.8,26.72,25.7,12638800.0
20260319,000788,北大医药,6.02,5.9,6.06,5.88,10719100.0
20260319,000789,万年青,5.85,5.63,5.85,5.61,9496000.0
20260319,000790,华神科技,4.17,4.07,4.2,4.05,12707300.0
20260319,000791,甘肃能源,8.05,8.21,8.28,7.98,51540000.0
20260319,000792,盐湖股份,35.0,33.75,35.1,33.5,103108300.0
20260319,000795,英洛华,9.43,9.09,9.44,9.02,23977800.0
20260319,000796,凯撒旅业,5.31,5.25,5.35,5.22,33858400.0
20260319,000797,中国武夷,2.92,2.86,2.94,2.84,31692900.0
20260319,000798,中水渔业,10.41,10.22,10.55,10.16,18880100.0
20260319,000799,酒鬼酒,46.0,44.87,46.0,44.7,7450200.0
20260319,000800,一汽解放,6.72,6.63,6.76,6.6,18723400.0
20260319,000801,四川九洲,14.9,14.68,14.98,14.65,13066800.0
20260319,000802,北京文化,4.07,4.01,4.09,4.01,11491300.0
20260319,000803,山高环能,9.66,9.19,9.78,9.12,17556300.0
20260319,000807,云铝股份,30.36,29.1,30.72,28.9,96092100.0
20260319,000809,和展能源,3.73,3.8,3.93,3.71,39732600.0
20260319,000810,创维数字,11.17,11.08,11.21,11.01,10270200.0
20260319,000811,冰轮环境,18.31,17.95,18.58,17.82,17609700.0
20260319,000812,陕西金叶,4.21,4.12,4.24,4.1,13023200.0
20260319,000813,德展健康,3.5,3.51,3.59,3.49,28467700.0
20260319,000815,美利云,18.22,19.32,19.32,18.22,71712200.0
20260319,000816,智慧农业,3.55,3.43,3.55,3.41,51370200.0
20260319,000818,航锦科技,23.4,24.0,24.66,23.4,59312200.0
20260319,000819,岳阳兴长,15.52,15.16,15.61,15.15,5010200.0
20260319,000820,神雾节能,3.46,3.49,3.57,3.44,4263700.0
20260319,000822,山东海化,6.44,6.0,6.52,5.96,67909500.0
20260319,000823,超声电子,16.0,15.88,16.2,15.76,30434200.0
20260319,000825,太钢不锈,4.67,4.53,4.67,4.5,55200500.0
20260319,000828,东莞控股,10.89,10.86,10.93,10.83,4796500.0
20260319,000829,天音控股,10.65,10.69,10.86,10.6,17512400.0
20260319,000830,鲁西化工,17.53,16.36,17.78,16.28,51698200.0
20260319,000831,中国稀土,49.21,47.87,49.46,47.66,32726400.0
20260319,000833,粤桂股份,27.35,26.38,28.28,26.06,69702700.0
20260319,000837,秦川机床,11.59,11.29,11.59,11.25,20080300.0
20260319,000839,国安股份,3.58,3.62,3.67,3.51,193460700.0
20260319,000848,承德露露,8.19,8.11,8.23,8.1,7548900.0
20260319,000850,华茂股份,5.14,5.04,5.16,5.02,10707100.0
20260319,000852,石化机械,7.75,7.44,7.8,7.39,26473500.0
20260319,000856,冀东装备,11.48,11.76,11.99,11.41,20402300.0
20260319,000858,五 粮 液,103.01,102.53,103.41,102.51,11437300.0
20260319,000859,国风新材,10.04,9.82,10.13,9.77,39094000.0
20260319,000860,顺鑫农业,13.95,13.81,14.02,13.79,7447800.0
20260319,000862,银星能源,7.36,7.67,7.88,7.32,85163500.0
20260319,000863,三湘印象,5.55,5.42,5.56,5.35,24534400.0
20260319,000868,安凯客车,4.57,4.48,4.58,4.48,10165000.0
20260319,000869,张  裕Ａ,19.7,19.66,19.84,19.6,1013900.0
20260319,000875,电投绿能,7.19,7.2,7.32,7.15,64012200.0
20260319,000876,新 希 望,8.67,8.64,8.75,8.61,27186100.0
20260319,000877,天山股份,5.12,5.05,5.15,5.03,15586800.0
20260319,000878,云南铜业,19.9,19.03,20.04,18.93,91683100.0
20260319,000880,潍柴重机,28.0,27.77,28.26,27.6,11505600.0
20260319,000881,中广核技,7.85,7.74,7.91,7.7,11623600.0
20260319,000882,华联股份,1.81,1.78,1.82,1.78,44702900.0
20260319,000883,湖北能源,4.86,4.88,4.94,4.86,33642300.0
20260319,000885,城发环境,14.03,13.95,14.12,13.89,5679700.0
20260319,000886,海南高速,6.08,5.94,6.09,5.92,15813400.0
20260319,000887,中鼎股份,18.91,18.47,18.95,18.4,25986200.0
20260319,000888,峨眉山Ａ,13.5,13.41,13.62,13.36,8554200.0
20260319,000889,中嘉博创,3.4,3.34,3.42,3.33,16229600.0
20260319,000890,法尔胜,13.4,14.0,14.27,13.1,98844900.0
20260319,000892,欢瑞世纪,6.22,6.14,6.25,6.12,24051000.0
20260319,000893,亚钾国际,60.6,59.27,61.81,58.88,19459800.0
20260319,000895,双汇发展,28.4,28.43,28.79,28.35,11362400.0
20260319,000897,津滨发展,2.24,2.19,2.25,2.18,47034800.0
20260319,000898,鞍钢股份,2.52,2.46,2.52,2.45,81170900.0
20260319,000899,赣能股份,13.0,13.27,13.58,12.91,34545600.0
20260319,000900,现代投资,4.27,4.25,4.33,4.24,14133200.0
20260319,000901,航天科技,23.16,22.97,23.37,22.83,18381000.0
20260319,000902,新洋丰,17.74,16.81,17.83,16.73,20001800.0
20260319,000905,厦门港务,11.37,11.05,11.4,10.99,14596700.0
20260319,000906,浙商中拓,5.95,5.87,5.99,5.86,7214300.0
20260319,000908,石药景峰,6.14,6.14,6.14,6.14,362000.0
20260319,000910,大亚圣象,7.42,7.31,7.44,7.29,4253300.0
20260319,000912,泸天化,5.98,5.55,6.1,5.5,127458400.0
20260319,000913,钱江摩托,15.63,15.43,15.89,15.33,4115700.0
20260319,000915,华特达因,33.01,32.75,33.48,32.72,3289100.0
20260319,000917,电广传媒,9.99,9.98,10.11,9.92,32943200.0
20260319,000919,金陵药业,7.38,7.22,7.43,7.2,7247400.0
20260319,000920,沃顿科技,13.46,13.0,13.58,12.94,10459500.0
20260319,000921,海信家电,22.87,22.51,22.96,22.45,6027200.0
20260319,000922,佳电股份,14.73,14.52,14.87,14.43,10901400.0
20260319,000923,河钢资源,20.0,19.05,20.05,18.89,23605400.0
20260319,000925,众合科技,7.65,7.55,7.7,7.5,12224100.0
20260319,000926,福星股份,2.25,2.2,2.26,2.18,31143700.0
20260319,000927,中国铁物,2.96,2.91,2.99,2.89,94083800.0
20260319,000928,中钢国际,6.78,6.71,6.8,6.65,30054500.0
20260319,000929,兰州黄河,10.35,10.24,10.43,10.17,2796800.0
20260319,000930,中粮科技,7.46,7.15,7.56,7.09,62309200.0
20260319,000931,中 关 村,5.2,5.13,5.27,5.11,8699100.0
20260319,000932,华菱钢铁,5.66,5.38,5.66,5.31,117615700.0
20260319,000933,神火股份,32.36,31.75,32.57,31.52,43317500.0
20260319,000935,四川双马,26.03,25.4,26.1,25.19,4486400.0
20260319,000936,华西股份,7.77,7.62,7.78,7.53,19392600.0
20260319,000937,冀中能源,5.81,5.84,5.87,5.77,31261200.0
20260319,000938,紫光股份,25.85,26.77,27.5,25.73,185804200.0
20260319,000948,南天信息,16.22,16.25,16.45,16.21,2860900.0
20260319,000949,新乡化纤,7.14,6.9,7.18,6.81,73089300.0
20260319,000950,重药控股,5.63,5.55,5.67,5.53,17399700.0
20260319,000951,中国重汽,21.74,21.2,21.77,20.91,15202700.0
20260319,000952,广济药业,7.52,7.27,7.58,7.21,9969100.0
20260319,000953,中哲精化,7.42,7.16,7.48,7.1,15331600.0
20260319,000955,欣龙控股,5.2,5.1,5.22,5.08,14002800.0
20260319,000957,中通客车,11.46,11.13,11.46,11.1,16406600.0
20260319,000958,电投产融,6.68,6.68,6.76,6.66,34657700.0
20260319,000959,首钢股份,5.05,4.9,5.05,4.85,58847600.0
20260319,000960,锡业股份,33.63,32.78,34.29,32.52,51552200.0
20260319,000962,东方钽业,47.15,45.52,48.0,45.2,23280100.0
20260319,000963,华东医药,35.75,35.64,36.2,35.45,8971500.0
20260319,000965,天保基建,3.96,3.87,3.98,3.85,21039600.0
20260319,000966,长源电力,4.8,4.9,4.98,4.78,87252800.0
20260319,000967,盈峰环境,8.68,8.69,8.79,8.52,38041300.0
20260319,000968,蓝焰控股,9.33,9.81,9.81,9.13,84829600.0
20260319,000969,安泰科技,21.2,20.66,21.34,20.56,23897600.0
20260319,000970,中科三环,12.53,12.2,12.53,12.15,32002700.0
20260319,000972,中基健康,3.61,3.57,3.62,3.55,5933500.0
20260319,000973,佛塑科技,15.81,14.98,15.82,14.8,57160600.0
20260319,000975,山金国际,30.28,29.2,30.56,28.95,72642900.0
20260319,000977,浪潮信息,61.0,61.4,62.46,60.69,38730500.0
20260319,000978,桂林旅游,7.27,7.14,7.4,7.1,10114900.0
20260319,000980,众泰汽车,2.72,2.67,2.78,2.66,157318700.0
20260319,000981,山子高科,4.36,4.32,4.43,4.3,327883600.0
20260319,000983,山西焦煤,7.0,6.92,7.05,6.88,82145500.0
20260319,000985,大庆华科,20.45,20.05,21.19,19.98,5881900.0
20260319,000987,越秀资本,8.75,8.7,8.82,8.66,43967600.0
20260319,000988,华工科技,113.24,119.99,122.51,113.24,124060200.0
20260319,000989,九芝堂,9.13,8.92,9.17,8.9,12698100.0
20260319,000990,诚志股份,11.22,9.9,11.28,9.81,171860200.0
20260319,000993,闽东电力,14.0,14.16,14.51,13.85,30117800.0
20260319,000995,皇台酒业,15.59,15.35,16.14,15.3,18355800.0
20260319,000997,新 大 陆,22.0,21.68,22.07,21.61,13645900.0
20260319,000998,隆平高科,10.38,10.13,10.5,10.08,39330000.0
20260319,000999,华润三九,29.17,29.13,29.49,29.05,8692700.0
20260319,001201,东瑞股份,14.62,14.6,14.88,14.56,3283000.0
20260319,001202,炬申股份,17.48,17.09,17.48,16.98,1971500.0
20260319,001203,大中矿业,35.4,33.0,35.45,32.62,29127300.0
20260319,001205,盛航股份,15.29,14.92,15.32,14.87,4085900.0
20260319,001206,依依股份,21.99,21.62,22.16,21.5,2931900.0
20260319,001207,联科科技,28.8,30.03,30.3,28.67,11002400.0
20260319,001208,华菱线缆,20.18,19.92,20.31,19.77,15537000.0
20260319,001209,洪兴股份,20.58,20.2,20.99,20.06,3568000.0
20260319,001210,金房能源,21.2,21.1,21.63,21.0,4793000.0
20260319,001211,双枪科技,27.67,27.2,27.87,27.08,1722600.0
20260319,001212,中旗新材,52.51,51.71,53.12,51.42,4324600.0
20260319,001213,中铁特货,4.22,4.19,4.26,4.17,17135300.0
20260319,001215,千味央厨,36.35,36.55,36.8,35.5,1933400.0
20260319,001216,华瓷股份,20.0,19.53,20.04,19.0,6038100.0
20260319,001217,华尔泰,12.93,12.53,13.1,12.5,8807000.0
20260319,001218,丽臣实业,27.02,26.15,27.87,26.0,3026500.0
20260319,001219,青岛食品,14.78,14.59,14.98,14.52,3301200.0
20260319,001220,世盟股份,43.59,43.35,45.1,43.2,3653700.0
20260319,001221,悍高集团,67.38,67.55,68.2,66.28,1201900.0
20260319,001222,源飞宠物,20.25,19.83,20.38,19.8,1118900.0
20260319,001223,欧克科技,49.66,49.87,50.99,49.37,868100.0
20260319,001225,和泰机电,51.2,49.47,51.39,49.13,1238900.0
20260319,001226,拓山重工,43.95,43.22,44.06,43.1,710800.0
20260319,001227,兰州银行,2.34,2.33,2.37,2.32,73791900.0
20260319,001228,永泰运,32.39,31.78,32.59,31.35,1679700.0
20260319,001229,魅视科技,40.0,40.3,40.82,39.51,3192000.0
20260319,001230,劲旅环境,24.21,23.97,24.45,23.89,2032500.0
20260319,001231,农心科技,24.72,23.77,24.72,23.61,2103400.0
20260319,001233,海安集团,69.0,66.86,69.41,66.55,1447500.0
20260319,001234,泰慕士,28.17,28.1,28.4,27.92,1295900.0
20260319,001236,弘业期货,10.35,10.49,10.62,10.28,31820800.0
20260319,001238,浙江正特,49.37,48.5,49.46,48.18,221100.0
20260319,001239,永达股份,16.36,16.12,16.57,16.0,3357600.0
20260319,001255,博菲电气,40.0,38.69,40.55,38.46,1952900.0
20260319,001256,炜冈科技,22.96,22.88,23.22,21.93,3468900.0
20260319,001258,立新能源,9.3,10.25,10.25,9.21,75303600.0
20260319,001259,利仁科技,34.36,33.5,34.54,33.36,988800.0
20260319,001260,坤泰股份,21.51,21.3,22.16,21.22,4424100.0
20260319,001266,宏英智能,35.72,35.53,36.26,35.31,2860900.0
20260319,001267,汇绿生态,42.0,40.77,42.5,40.05,41563800.0
20260319,001268,联合精密,32.56,32.51,33.1,32.13,990200.0
20260319,001269,欧晶科技,24.13,24.82,25.66,24.13,4557400.0
20260319,001270,铖昌科技,108.65,113.76,117.33,108.52,8544400.0
20260319,001277,速达股份,36.81,36.31,37.23,36.2,1738100.0
20260319,001278,一彬科技,22.57,21.78,23.07,21.71,6017400.0
20260319,001279,强邦新材,33.09,32.61,33.4,32.45,852600.0
20260319,001280,中国铀业,83.0,80.91,83.3,80.4,13385800.0
20260319,001282,三联锻造,22.22,21.3,22.24,21.12,4138600.0
20260319,001283,豪鹏科技,62.02,61.1,62.71,60.82,1681900.0
20260319,001285,瑞立科密,54.06,53.8,54.69,53.35,1671800.0
20260319,001286,陕西能源,11.2,11.52,11.76,11.09,49990700.0
20260319,001287,中电港,24.65,24.55,24.94,24.28,64824500.0
20260319,001288,运机集团,32.0,30.87,32.08,30.7,3332100.0
20260319,001289,龙源电力,18.15,18.33,18.57,18.0,9062100.0
20260319,001296,长江材料,25.4,24.84,25.51,24.74,2070600.0
20260319,001298,好上好,30.95,30.93,31.48,30.8,6512900.0
20260319,001299,美能能源,13.75,13.93,14.05,13.58,8318300.0
20260319,001300,三柏硕,17.5,17.27,17.63,17.17,2886800.0
20260319,001301,尚太科技,79.68,75.05,79.97,73.6,8290000.0
20260319,001306,夏厦精密,70.19,69.03,70.73,68.85,455700.0
20260319,001308,康冠科技,20.64,20.32,20.69,20.22,2010400.0
20260319,001309,德明利,357.0,345.0,362.0,342.1,19516100.0
20260319,001311,多利科技,33.19,32.13,33.19,31.92,2043000.0
20260319,001313,粤海饲料,7.42,7.22,7.48,7.2,8321200.0
20260319,001314,亿道信息,45.4,44.92,46.05,44.65,2500800.0
20260319,001316,润贝航科,47.64,46.1,47.8,45.7,1522700.0
20260319,001317,三羊马,46.88,46.39,47.64,45.9,2197800.0
20260319,001318,阳光乳业,14.2,13.94,14.24,13.9,2222100.0
20260319,001319,铭科精技,26.01,25.58,26.07,25.42,2049100.0
20260319,001322,箭牌家居,8.39,8.2,8.45,8.17,3356500.0
20260319,001323,慕思股份,27.1,26.6,27.1,26.44,574800.0
20260319,001324,长青科技,20.03,19.52,20.19,19.37,3102400.0
20260319,001325,元创股份,53.1,54.12,54.66,52.6,2750200.0
20260319,001326,联域股份,61.08,58.38,61.48,56.0,1324100.0
20260319,001328,登康口腔,35.11,34.6,35.12,34.45,665200.0
20260319,001330,博纳影业,7.15,7.05,7.2,6.99,53049900.0
20260319,001331,胜通能源,54.04,53.53,54.6,52.7,4986900.0
20260319,001332,锡装股份,56.17,54.06,56.17,53.88,2079400.0
20260319,001333,光华股份,25.6,26.4,26.55,25.5,3012800.0
20260319,001335,信凯科技,45.0,44.3,45.13,43.8,947700.0
20260319,001336,楚环科技,27.43,26.72,27.5,26.56,1283900.0
20260319,001337,四川黄金,52.81,51.33,52.99,51.06,16268500.0
20260319,001338,永顺泰,13.2,12.9,13.32,12.88,12849700.0
20260319,001339,智微智能,69.1,71.23,73.63,67.9,11893600.0
20260319,001356,富岭股份,11.96,11.71,12.0,11.7,3025400.0
20260319,001358,兴欣新材,28.76,28.02,29.01,27.8,845800.0
20260319,001359,平安电工,75.0,71.14,75.0,70.25,1527700.0
20260319,001360,南矿集团,22.2,21.4,22.46,21.28,4556400.0
20260319,001366,播恩集团,13.98,14.01,14.38,13.93,8930000.0
20260319,001367,海森药业,23.33,22.55,23.33,22.48,1252500.0
20260319,001368,通达创智,26.45,25.8,26.45,25.51,1883800.0
20260319,001369,双欣材料,18.31,17.58,18.71,17.28,57095200.0
20260319,001373,翔腾新材,39.0,38.38,41.2,38.18,2793200.0
20260319,001376,百通能源,18.0,16.83,18.1,16.67,20012000.0
20260319,001378,德冠新材,25.79,24.9,25.99,24.78,2375100.0
20260319,001379,腾达科技,22.56,22.26,22.85,22.11,2183800.0
20260319,001380,华纬科技,21.83,21.74,22.05,21.65,1153500.0
20260319,001382,新亚电缆,24.03,24.4,25.0,23.61,19471300.0
20260319,001386,马可波罗,22.66,22.16,22.7,22.15,4786700.0
20260319,001387,雪祺电气,13.94,13.64,14.02,13.52,2740800.0
20260319,001388,信通电子,47.0,47.58,48.08,46.5,4393500.0
20260319,001389,广合科技,119.0,115.73,120.08,114.8,9436800.0
20260319,001390,古麒绒材,22.95,22.34,22.95,22.23,1529900.0
20260319,001391,国货航,5.65,5.56,5.66,5.55,25887000.0
20260319,001395,亚联机械,42.4,41.26,42.47,41.01,655000.0
20260319,001396,誉帆科技,46.68,45.38,47.0,45.21,1672500.0
20260319,001400,江顺科技,138.13,146.66,153.0,138.13,3514200.0
20260319,001696,宗申动力,20.45,20.93,21.29,20.34,39836700.0
20260319,001872,招商港口,22.91,22.8,23.35,22.65,5258000.0
20260319,001896,豫能控股,13.88,14.9,15.02,13.88,193041100.0
20260319,001914,招商积余,10.21,10.09,10.26,10.04,10030700.0
20260319,001965,招商公路,10.22,10.35,10.39,10.2,20899700.0
20260319,001979,招商蛇口,9.41,9.17,9.47,9.11,35367000.0
20260319,002001,新 和 成,35.8,34.3,35.96,34.11,50363600.0
20260319,002003,伟星股份,10.1,10.13,10.18,10.06,5509100.0
20260319,002004,华邦健康,5.39,5.25,5.49,5.23,36065200.0
20260319,002005,德豪润达,2.89,2.86,2.89,2.85,9549800.0
20260319,002006,精工科技,19.16,18.82,19.27,18.71,11105000.0
20260319,002007,华兰生物,15.11,14.96,15.2,14.94,12791300.0
20260319,002008,大族激光,64.4,63.0,64.4,62.48,25405000.0
20260319,002009,天奇股份,25.39,24.9,25.5,24.72,22216200.0
20260319,002010,传化智联,6.06,5.95,6.09,5.92,25788000.0
20260319,002011,盾安环境,12.8,12.49,12.84,12.41,24398900.0
20260319,002012,凯恩股份,7.09,6.95,7.14,6.9,11780500.0
20260319,002014,永新股份,12.2,12.08,12.28,12.03,2395400.0
20260319,002015,协鑫能科,20.0,20.16,21.58,19.9,254529600.0
20260319,002016,世荣兆业,5.95,5.79,5.98,5.78,13459900.0
20260319,002017,东信和平,20.37,20.18,20.59,20.12,10754200.0
20260319,002019,亿帆医药,14.01,13.77,14.12,13.7,17857100.0
20260319,002020,京新药业,16.23,15.72,16.4,15.65,12128800.0
20260319,002021,中捷资源,3.42,3.27,3.42,3.25,54716100.0
20260319,002022,科华生物,6.05,5.94,6.09,5.91,9077400.0
20260319,002023,海特高新,11.07,10.87,11.13,10.82,11900500.0
20260319,002025,航天电器,59.0,60.79,62.84,58.1,43245200.0
20260319,002026,山东威达,13.35,13.24,13.39,13.14,7881400.0
20260319,002027,分众传媒,6.8,6.76,6.81,6.71,87114200.0
20260319,002028,思源电气,215.68,211.1,218.5,210.21,8291700.0
20260319,002029,七 匹 狼,10.29,10.12,10.35,10.05,10993600.0
20260319,002030,达安基因,6.16,6.08,6.21,6.06,12933100.0
20260319,002031,巨轮智能,7.24,7.11,7.32,7.1,36890600.0
20260319,002032,苏 泊 尔,44.8,44.77,44.97,44.55,1321800.0
20260319,002033,丽江股份,9.37,9.23,9.42,9.2,8072100.0
20260319,002034,旺能环境,18.02,17.88,18.19,17.8,4903200.0
20260319,002035,华帝股份,6.17,6.17,6.23,6.15,7214100.0
20260319,002036,联创电子,10.0,9.92,10.12,9.9,26048400.0
20260319,002037,保利联合,8.5,8.29,8.55,8.27,6496700.0
20260319,002038,双鹭药业,6.1,5.97,6.12,5.95,17375900.0
20260319,002039,黔源电力,18.91,19.24,19.72,18.75,17586400.0
20260319,002040,南 京 港,10.88,10.49,10.94,10.45,18202300.0
20260319,002041,登海种业,11.28,10.83,11.42,10.75,31143800.0
20260319,002042,华孚时尚,4.45,4.48,4.64,4.35,58378700.0
20260319,002043,兔 宝 宝,15.68,15.15,15.82,15.05,5558000.0
20260319,002044,美年健康,5.95,5.92,5.98,5.86,70562700.0
20260319,002045,国光电器,12.65,12.4,12.68,12.37,9532400.0
20260319,002046,国机精工,47.37,46.32,47.52,45.81,11261600.0
20260319,002047,宝鹰股份,5.73,5.81,5.9,5.73,24089200.0
20260319,002048,宁波华翔,27.11,26.53,27.25,26.38,12875600.0
20260319,002049,紫光国微,73.23,72.5,73.37,72.06,13845900.0
20260319,002050,三花智控,45.6,44.98,45.7,44.69,72815600.0
20260319,002051,中工国际,8.58,8.37,8.67,8.33,23225000.0
20260319,002052,同洲电子,11.88,12.08,12.22,11.8,17335100.0
20260319,002053,云南能投,12.28,12.28,12.6,12.16,14988900.0
20260319,002054,德美化工,9.07,8.9,9.14,8.85,16286000.0
20260319,002056,横店东磁,21.98,21.73,22.28,21.59,35164400.0
20260319,002057,中钢天源,9.88,9.48,9.89,9.43,27296600.0
20260319,002058,紫竹高科,21.08,21.01,21.5,20.89,1188300.0
20260319,002059,云南旅游,5.08,5.02,5.11,5.0,9616300.0
20260319,002060,广东建工,4.0,4.0,4.07,3.98,43288600.0
20260319,002061,浙江交科,4.08,4.03,4.11,4.01,30611100.0
20260319,002062,宏润建设,8.16,7.91,8.16,7.81,18686500.0
20260319,002063,远光软件,6.94,7.19,7.39,6.9,163944000.0
20260319,002064,华峰化学,10.4,9.88,10.48,9.81,51263100.0
20260319,002065,东华软件,8.66,8.61,8.73,8.59,31264000.0
20260319,002066,瑞泰科技,19.29,18.63,19.32,18.56,3962200.0
20260319,002067,景兴纸业,5.2,5.05,5.2,5.01,41482400.0
20260319,002068,黑猫股份,9.8,9.33,9.95,9.28,28571300.0
20260319,002069,獐子岛,3.76,3.7,3.83,3.68,18878900.0
20260319,002072,凯瑞德,7.58,7.39,7.62,7.36,6050400.0
20260319,002073,软控股份,7.55,7.4,7.59,7.35,21121300.0
20260319,002074,国轩高科,36.64,36.98,37.86,36.5,33509400.0
20260319,002075,沙钢股份,5.19,5.08,5.21,5.07,32206000.0
20260319,002076,星光股份,2.19,2.13,2.21,2.12,27883500.0
20260319,002077,大港股份,16.73,17.05,17.41,16.67,73658500.0
20260319,002078,太阳纸业,15.73,15.4,15.79,15.32,19943800.0
20260319,002079,苏州固锝,10.16,9.99,10.17,9.96,21135800.0
20260319,002080,中材科技,42.86,41.94,43.1,41.67,31907100.0
20260319,002081,金 螳 螂,3.51,3.45,3.53,3.43,28368500.0
20260319,002083,孚日股份,10.8,10.36,10.89,10.3,32213700.0
20260319,002084,海鸥住工,4.12,3.97,4.2,3.96,36286100.0
20260319,002085,万丰奥威,15.41,15.3,15.56,15.27,26470300.0
20260319,002086,东方海洋,2.39,2.3,2.4,2.29,129488400.0
20260319,002088,鲁阳节能,10.87,10.69,10.92,10.64,2782500.0
20260319,002090,金智科技,11.5,11.51,11.7,11.44,8875500.0
20260319,002091,江苏国泰,9.2,9.02,9.21,8.96,21337100.0
20260319,002092,中泰化学,8.25,7.69,8.35,7.59,139316700.0
20260319,002093,国脉科技,10.46,10.31,10.51,10.28,10313700.0
20260319,002094,青岛金王,6.98,6.89,7.0,6.85,15451500.0
20260319,002095,生 意 宝,18.01,18.4,19.15,17.72,11036300.0
20260319,002096,易普力,13.36,13.16,13.44,13.08,7124800.0
20260319,002097,山河智能,10.48,10.37,10.56,10.3,15487400.0
20260319,002098,浔兴股份,9.46,9.18,9.5,9.15,3517100.0
20260319,002099,海翔药业,7.13,6.9,7.16,6.86,26028500.0
20260319,002100,天康生物,7.69,7.71,7.92,7.6,41196800.0
20260319,002101,广东鸿图,11.75,11.59,11.81,11.52,5034800.0
20260319,002103,广博股份,8.81,8.76,8.9,8.71,6710000.0
20260319,002104,恒宝股份,16.42,16.7,16.98,16.4,23290400.0
20260319,002105,信隆健康,6.96,6.77,7.0,6.73,7407100.0
20260319,002106,莱宝高科,12.15,12.18,12.38,12.11,16428900.0
20260319,002107,沃华医药,6.75,6.56,6.77,6.53,7780300.0
20260319,002108,沧州明珠,4.79,4.67,4.8,4.66,50215100.0
20260319,002110,三钢闽光,4.16,4.09,4.19,4.06,35907000.0
20260319,002111,威海广泰,10.54,10.22,10.57,10.2,7039300.0
20260319,002112,三变科技,23.22,23.0,23.64,22.77,32610400.0
20260319,002114,罗平锌电,9.0,8.74,9.01,8.66,17869000.0
20260319,002115,三维通信,12.78,12.71,12.9,12.63,31081200.0
20260319,002116,中国海诚,10.9,10.68,10.96,10.65,5761200.0
20260319,002117,东港股份,11.03,10.98,11.2,10.95,6496200.0
20260319,002119,康强电子,22.11,22.43,22.97,21.78,30979000.0
20260319,002120,韵达股份,6.82,6.79,6.88,6.77,21097800.0
20260319,002121,科陆电子,8.9,8.72,8.93,8.66,43684100.0
20260319,002123,梦网科技,10.65,11.11,11.48,10.63,38062600.0
20260319,002124,天邦食品,2.53,2.52,2.57,2.52,35360600.0
20260319,002125,湘潭电化,14.43,13.6,14.45,13.51,27859200.0
20260319,002126,银轮股份,45.38,44.0,45.8,43.61,23192800.0
20260319,002127,南极电商,2.98,2.93,3.0,2.93,26331800.0
20260319,002128,电投能源,30.4,29.56,30.93,29.31,21997900.0
20260319,002129,TCL中环,9.64,9.66,9.84,9.62,94331300.0
20260319,002130,沃尔核材,25.69,25.2,25.84,25.1,75530100.0
20260319,002131,利欧股份,7.82,7.69,7.84,7.62,356845500.0
20260319,002132,恒星科技,3.85,3.78,3.91,3.75,42937500.0
20260319,002133,广宇集团,3.66,3.57,3.69,3.56,15879900.0
20260319,002134,天津普林,21.25,21.0,21.25,20.7,5994800.0
20260319,002135,东南网架,7.43,7.23,7.67,7.2,50812600.0
20260319,002136,安 纳 达,13.67,12.97,13.79,12.87,14551600.0
20260319,002137,实益达,8.82,8.75,8.9,8.7,10770400.0
20260319,002138,顺络电子,37.82,37.45,38.2,37.21,20363000.0
20260319,002139,拓邦股份,12.74,12.59,12.8,12.52,12587600.0
20260319,002140,东华科技,14.18,13.44,14.49,13.35,21226700.0
20260319,002141,贤丰控股,3.96,3.88,3.98,3.85,25753900.0
20260319,002142,宁波银行,30.28,30.2,30.59,30.11,22994100.0
20260319,002144,宏达高科,15.73,14.95,15.78,14.84,6890000.0
20260319,002145,钛能化学,5.2,5.03,5.26,5.0,86984000.0
20260319,002146,荣盛发展,1.54,1.52,1.55,1.51,119740600.0
20260319,002148,北纬科技,7.95,7.86,8.01,7.85,7627100.0
20260319,002149,西部材料,43.6,44.0,45.86,43.0,39828000.0
20260319,002150,正泰电源,33.1,31.71,33.68,31.46,35601100.0
20260319,002151,北斗星通,45.44,44.6,46.17,44.5,32976700.0
20260319,002152,广电运通,12.7,12.94,13.2,12.58,32972100.0
20260319,002153,石基信息,10.83,10.79,10.89,10.72,18582000.0
20260319,002154,报 喜 鸟,3.82,3.81,3.83,3.79,14366900.0
20260319,002155,湖南黄金,30.77,29.6,30.79,29.44,65696600.0
20260319,002156,通富微电,46.38,45.95,47.08,45.72,70009600.0
20260319,002157,正邦科技,3.31,3.28,3.36,3.26,152306900.0
20260319,002158,汉钟精机,23.52,23.41,23.69,23.3,4384700.0
20260319,002159,三特索道,19.75,19.36,19.82,19.3,4521000.0
20260319,002160,常铝股份,5.1,4.94,5.12,4.91,38225000.0
20260319,002161,远 望 谷,8.16,7.84,8.16,7.8,27400500.0
20260319,002162,悦心健康,4.85,4.77,4.88,4.74,20650900.0
20260319,002163,海南发展,13.4,13.17,13.44,13.09,34805500.0
20260319,002164,宁波东力,12.68,12.46,12.7,12.39,8572500.0
20260319,002165,红 宝 丽,11.98,11.12,12.14,11.09,135664100.0
20260319,002166,莱茵生物,9.19,9.08,9.31,9.05,7940100.0
20260319,002167,东方锆业,13.27,12.75,13.27,12.7,34738900.0
20260319,002169,智光电气,14.8,14.17,14.8,14.01,37376500.0
20260319,002170,芭田股份,13.5,12.93,13.55,12.88,43820400.0
20260319,002171,楚江新材,11.65,11.3,11.68,11.25,41287500.0
20260319,002172,澳洋健康,4.17,4.05,4.18,4.03,23512100.0
20260319,002173,创新医疗,29.6,28.42,29.62,28.32,54654200.0
20260319,002174,游族网络,10.17,10.0,10.23,9.98,20542700.0
20260319,002176,江特电机,9.41,9.23,9.46,9.18,44015400.0
20260319,002177,御银股份,8.53,8.5,9.0,8.4,97529200.0
20260319,002178,延华智能,6.6,6.6,6.74,6.55,21119200.0
20260319,002179,中航光电,34.9,34.56,35.19,34.35,31131200.0
20260319,002180,奔图科技,18.35,17.97,18.4,17.91,10530100.0
20260319,002181,粤 传 媒,10.92,10.81,11.09,10.72,34453100.0
20260319,002182,宝武镁业,17.73,16.65,17.73,16.55,36942200.0
20260319,002183,怡 亚 通,5.31,5.25,5.33,5.21,80721600.0
20260319,002184,海得控制,12.2,12.05,12.27,12.03,3766500.0
20260319,002185,华天科技,13.75,13.54,13.93,13.47,114803100.0
20260319,002186,全 聚 德,10.81,10.65,10.88,10.6,3919000.0
20260319,002187,广百股份,6.62,6.61,6.74,6.51,10676500.0
20260319,002188,中天服务,7.01,6.74,7.08,6.69,10488100.0
20260319,002189,中光学,20.38,20.01,20.59,19.94,2907300.0
20260319,002190,成飞集成,33.81,32.28,33.81,32.24,5398100.0
20260319,002191,劲嘉股份,3.92,3.85,3.93,3.84,11045800.0
20260319,002192,融捷股份,54.87,52.32,55.06,51.9,11679300.0
20260319,002194,武汉凡谷,11.98,11.85,12.08,11.81,10681300.0
20260319,002195,岩山科技,9.9,9.8,9.94,9.74,228454300.0
20260319,002196,方正电机,14.04,13.82,14.05,13.77,19046800.0
20260319,002197,证通电子,8.5,8.69,9.12,8.5,28026200.0
20260319,002199,东晶电子,7.93,7.71,7.93,7.62,3237900.0
20260319,002200,交投生态,7.53,7.34,7.53,7.32,1156100.0
20260319,002201,九鼎新材,11.42,11.18,11.46,11.13,15612400.0
20260319,002202,金风科技,30.0,29.81,31.17,29.65,316113900.0
20260319,002203,海亮股份,13.48,13.26,13.55,13.21,20667800.0
20260319,002204,大连重工,6.78,6.68,6.8,6.64,32118800.0
20260319,002205,国统股份,13.76,13.3,13.79,13.26,2660300.0
20260319,002206,海 利 得,6.65,6.38,6.68,6.36,24257300.0
20260319,002208,合肥城建,15.7,15.46,15.95,15.15,50012700.0
20260319,002209,达 意 隆,15.28,15.22,15.92,15.13,6746000.0
20260319,002210,飞马国际,2.88,2.87,2.91,2.86,46411600.0
20260319,002212,天融信,8.25,8.21,8.33,8.17,19482400.0
20260319,002213,大为股份,29.37,29.6,30.43,29.21,28005500.0
20260319,002214,大立科技,18.08,18.0,18.25,17.9,2652700.0
20260319,002215,诺 普 信,10.41,10.12,10.45,10.1,19503000.0
20260319,002216,三全食品,12.0,11.85,12.1,11.8,8170400.0
20260319,002218,拓日新能,5.85,5.96,6.3,5.81,92280700.0
20260319,002219,新里程,2.42,2.39,2.44,2.38,77320100.0
20260319,002221,东华能源,9.3,9.34,9.59,9.07,72222400.0
20260319,002222,福晶科技,60.1,59.69,60.86,59.3,8892700.0
20260319,002223,鱼跃医疗,35.65,35.44,35.8,35.3,5746100.0
20260319,002224,三 力 士,5.02,4.87,5.07,4.85,69280500.0
20260319,002225,濮耐股份,5.61,5.5,5.65,5.5,25266200.0
20260319,002226,江南化工,6.06,5.88,6.07,5.85,33710500.0
20260319,002228,合兴包装,4.09,3.99,4.09,3.97,21817500.0
20260319,002229,鸿博股份,17.21,17.89,18.46,17.21,80103800.0
20260319,002230,科大讯飞,50.7,50.36,51.02,50.01,34558600.0
20260319,002232,启明信息,17.81,17.93,18.08,17.8,2789800.0
20260319,002233,塔牌集团,9.48,9.47,9.59,9.41,13335300.0
20260319,002234,民和股份,9.2,8.89,9.2,8.84,8565400.0
20260319,002235,安妮股份,11.24,10.97,11.25,10.91,44009100.0
20260319,002236,大华股份,17.76,17.51,17.8,17.41,34757800.0
20260319,002237,恒邦股份,15.78,15.29,15.86,15.19,36667200.0
20260319,002238,天威视讯,7.7,7.68,7.75,7.64,5719700.0
20260319,002239,奥特佳,3.1,3.08,3.13,3.06,63535800.0
20260319,002240,盛新锂能,37.19,35.51,37.48,35.01,50900000.0
20260319,002241,歌尔股份,24.48,24.15,24.58,24.05,60196600.0
20260319,002242,九阳股份,10.51,10.31,10.57,10.26,7901900.0
20260319,002243,力合科创,9.86,9.91,10.05,9.82,10410700.0
20260319,002244,滨江集团,10.49,10.25,10.55,10.18,24640800.0
20260319,002245,蔚蓝锂芯,17.0,16.75,17.12,16.66,33328200.0
20260319,002246,北化股份,24.43,23.71,24.6,23.53,20457800.0
20260319,002247,聚力文化,3.04,2.97,3.05,2.94,22333500.0
20260319,002248,华东数控,13.33,13.0,13.42,12.89,15750100.0
20260319,002249,大洋电机,9.76,9.51,9.78,9.44,49689000.0
20260319,002250,联化科技,15.5,15.13,15.71,15.04,19047000.0
20260319,002251,步步高,4.49,4.43,4.52,4.42,61508300.0
20260319,002252,上海莱士,6.15,6.12,6.18,6.11,27493300.0
20260319,002253,川大智胜,11.7,11.71,11.97,11.42,9202900.0
20260319,002254,泰和新材,11.83,11.29,11.85,11.2,31622300.0
20260319,002255,海陆重工,12.13,11.9,12.21,11.85,30924000.0
20260319,002256,兆新股份,4.19,4.08,4.31,4.04,280236000.0
20260319,002258,利尔化学,15.35,14.52,15.42,14.39,17542700.0
20260319,002259,升达林业,5.56,5.51,5.6,5.48,18412400.0
20260319,002261,拓维信息,37.5,38.13,39.23,37.5,142018900.0
20260319,002262,恩华药业,22.45,22.35,22.6,22.25,4962000.0
20260319,002263,大东南,3.6,3.48,3.6,3.45,46981900.0
20260319,002264,新 华 都,8.68,8.56,8.75,8.52,15582700.0
20260319,002265,建设工业,21.75,21.45,21.91,21.32,5790100.0
20260319,002266,浙富控股,4.5,4.36,4.5,4.33,80777300.0
20260319,002267,陕天然气,8.07,8.13,8.2,7.96,35096000.0
20260319,002268,电科网安,18.4,18.37,18.58,18.25,11195400.0
20260319,002269,美邦服饰,1.78,1.74,1.79,1.73,71373900.0
20260319,002270,华明装备,29.5,28.44,29.62,28.23,31432000.0
20260319,002271,东方雨虹,15.48,14.85,15.54,14.75,46911700.0
20260319,002272,川润股份,18.35,18.03,18.58,17.9,39225100.0
20260319,002273,水晶光电,24.96,25.39,26.1,24.71,45624600.0
,002274,华昌化工,7.07,6.73,7.2,6.7,44613900.0
20260319,002275,桂林三金,14.09,13.99,14.14,13.95,2200900.0
20260319,002276,万马股份,14.92,14.55,14.92,14.47,25385100.0
20260319,002277,友阿股份,6.74,6.49,6.75,6.46,27960800.0
20260319,002278,神开股份,12.84,12.46,13.0,12.45,27256500.0
20260319,002279,久其软件,8.7,8.68,8.77,8.63,22461000.0
20260319,002281,光迅科技,82.04,84.42,86.65,81.81,59897200.0
20260319,002282,博深股份,7.21,7.14,7.23,7.13,9713700.0
20260319,002283,天润工业,9.1,8.78,9.12,8.69,40110600.0
20260319,002284,亚太股份,14.92,14.88,15.09,14.78,9917100.0
20260319,002285,世联行,3.47,3.36,3.67,3.33,185019200.0
20260319,002286,保龄宝,10.42,10.16,10.49,10.12,10398400.0
20260319,002287,奇正藏药,23.92,23.5,23.98,23.46,2402600.0
20260319,002289,宇顺电子,26.1,26.55,26.85,25.33,1514700.0
20260319,002290,禾盛新材,62.44,60.9,62.87,60.5,3929200.0
20260319,002291,遥望科技,6.74,6.62,6.76,6.58,27196000.0
20260319,002292,奥飞娱乐,8.2,8.11,8.25,8.04,28656200.0
20260319,002293,罗莱生活,10.0,9.95,10.08,9.86,5830200.0
20260319,002294,信立泰,57.95,57.61,59.32,57.25,6957300.0
20260319,002295,精艺股份,11.19,10.85,11.19,10.7,3990100.0
20260319,002296,辉煌科技,12.04,11.88,12.17,11.82,16083900.0
20260319,002297,博云新材,11.34,11.15,11.48,11.08,23764200.0
20260319,002298,中电鑫龙,12.34,12.5,13.11,12.07,121911100.0
20260319,002299,圣农发展,18.17,17.8,18.29,17.7,11615500.0
20260319,002300,太阳电缆,9.97,9.79,10.05,9.71,38236100.0
20260319,002301,齐心集团,7.55,7.23,7.66,7.2,16464600.0
20260319,002302,西部建设,6.3,6.09,6.34,6.07,26015800.0
20260319,002303,美盈森,3.83,3.76,3.85,3.75,21349000.0
20260319,002304,洋河股份,51.0,50.76,51.22,50.67,3706500.0
20260319,002307,北新路桥,4.73,4.61,4.74,4.6,26472400.0
20260319,002309,中利集团,3.45,3.46,3.6,3.42,184373300.0
20260319,002310,东方新能,2.81,3.16,3.16,2.81,322832400.0
20260319,002311,海大集团,55.32,54.94,55.5,54.41,7286700.0
20260319,002312,川发龙蟒,12.32,11.85,12.45,11.77,60927000.0
20260319,002313,日海智能,9.07,8.96,9.15,8.93,4898100.0
20260319,002314,南山控股,2.63,2.57,2.65,2.55,27388900.0
20260319,002315,焦点科技,41.31,40.38,41.31,40.14,6211700.0
20260319,002316,亚联发展,5.73,5.62,5.8,5.59,18355100.0
20260319,002317,众生药业,18.08,18.1,18.45,18.01,18857000.0
20260319,002318,久立特材,31.62,30.65,31.99,30.5,9536400.0
20260319,002319,乐通股份,12.76,12.49,12.99,12.4,6730100.0
20260319,002320,海峡股份,9.4,9.22,9.4,9.16,18059900.0
20260319,002321,华英农业,2.31,2.27,2.33,2.26,40852000.0
20260319,002322,理工能科,13.88,14.43,14.72,13.88,17136000.0
20260319,002324,普利特,15.8,15.44,15.94,15.31,23540700.0
20260319,002326,永太科技,23.7,22.32,23.71,22.2,36246900.0
20260319,002327,富安娜,6.94,6.92,6.98,6.9,4377600.0
20260319,002328,新朋股份,6.78,6.64,6.84,6.61,15269100.0
20260319,002329,皇氏集团,3.89,3.83,3.94,3.79,19412800.0
20260319,002330,得利斯,5.03,4.96,5.08,4.95,9159600.0
20260319,002331,皖通科技,8.61,8.51,8.67,8.48,7327600.0
20260319,002332,仙琚制药,9.07,9.04,9.1,9.01,10177200.0
20260319,002333,罗普斯金,5.67,5.63,5.74,5.5,8279600.0
20260319,002334,英威腾,8.78,8.64,8.84,8.6,30373900.0
20260319,002335,科华数据,64.46,65.5,67.4,64.39,39624400.0
20260319,002337,赛象科技,6.66,6.43,6.69,6.38,13372300.0
20260319,002338,奥普光电,50.5,49.99,50.76,49.85,2457400.0
20260319,002339,积成电子,12.45,11.99,12.46,11.9,55496500.0
20260319,002340,格林美,8.08,7.89,8.09,7.86,189855500.0
20260319,002342,巨力索具,13.16,12.88,13.24,12.75,87096000.0
20260319,002343,慈文传媒,6.59,6.52,6.63,6.52,6789100.0
20260319,002344,海宁皮城,4.64,4.55,4.67,4.54,11947300.0
20260319,002345,潮宏基,10.4,10.22,10.5,10.12,22380800.0
20260319,002346,柘中股份,19.47,19.04,19.65,18.92,3944300.0
20260319,002347,泰尔股份,8.69,8.59,8.79,8.53,11527800.0
20260319,002348,高乐股份,8.02,7.91,8.15,7.82,28481400.0
20260319,002349,精华制药,7.63,7.53,7.71,7.5,10144800.0
20260319,002350,北京科锐,13.48,13.52,13.77,13.22,31432700.0
20260319,002351,漫步者,11.56,11.31,11.6,11.3,6560900.0
20260319,002352,顺丰控股,36.85,36.57,37.04,36.5,15914500.0
20260319,002353,杰瑞股份,101.76,97.99,103.45,97.4,19078700.0
20260319,002354,天娱数科,6.1,6.02,6.1,6.01,49424000.0
20260319,002355,兴民智通,7.46,7.44,7.54,7.35,34173600.0
20260319,002356,鹏飞绿能,4.01,3.93,4.15,3.88,84168500.0
20260319,002357,富临运业,14.99,14.43,14.99,14.31,9105200.0
20260319,002358,森源电气,8.15,7.92,8.16,7.83,47689400.0
20260319,002361,神剑股份,12.07,11.9,12.19,11.82,60424100.0
20260319,002362,汉王科技,20.26,20.02,20.39,19.97,3336200.0
20260319,002363,隆基机械,8.38,8.2,8.44,8.18,8086000.0
20260319,002364,中恒电气,30.01,30.32,30.88,30.01,20639900.0
20260319,002365,永安药业,14.25,13.98,14.35,13.87,4839000.0
20260319,002366,融发核电,7.8,7.83,8.07,7.73,88352700.0
20260319,002367,康力电梯,7.95,7.68,7.98,7.64,9119600.0
20260319,002368,太极股份,20.1,21.08,21.38,20.0,20358400.0
20260319,002369,卓翼科技,7.6,7.41,7.65,7.39,12775400.0
20260319,002370,亚太药业,6.49,6.33,6.52,6.3,13463300.0
20260319,002371,北方华创,457.59,461.63,465.19,454.01,5104300.0
20260319,002372,伟星新材,11.37,11.23,11.46,11.16,15761700.0
20260319,002373,千方科技,10.45,10.36,10.52,10.3,21506900.0
20260319,002374,中锐股份,3.5,3.43,3.51,3.41,23474200.0
20260319,002375,亚厦股份,4.12,4.06,4.15,4.03,12694800.0
20260319,002376,新北洋,7.54,7.45,7.59,7.43,9104800.0
20260319,002377,国创高新,3.52,3.5,3.63,3.5,24642500.0
20260319,002378,章源钨业,36.0,34.49,36.1,34.16,77970400.0
20260319,002379,宏桥控股,30.04,27.54,30.3,27.54,49421100.0
20260319,002380,科远智慧,35.99,35.19,36.27,34.84,6529800.0
20260319,002381,双箭股份,6.96,6.77,7.0,6.74,7603100.0
20260319,002382,蓝帆医疗,8.21,7.89,8.48,7.83,72096100.0
20260319,002383,合众思壮,10.2,10.06,10.26,10.0,15520200.0
20260319,002384,东山精密,104.0,111.72,114.11,104.0,82716600.0
20260319,002385,大北农,4.16,4.13,4.2,4.12,143055200.0
20260319,002386,天原股份,6.17,5.85,6.18,5.82,45620900.0
20260319,002387,维信诺,8.26,8.2,8.33,8.17,11865300.0
20260319,002388,新亚制程,5.19,5.15,5.28,5.11,19279600.0
20260319,002389,航天彩虹,23.3,23.43,23.81,23.2,31167900.0
20260319,002390,信邦制药,3.32,3.27,3.35,3.26,31283700.0
20260319,002391,长青股份,6.43,6.22,6.44,6.2,11341200.0
20260319,002392,北京利尔,7.36,7.14,7.39,7.11,11023100.0
20260319,002393,力生制药,23.0,22.85,23.28,22.77,5266600.0
20260319,002394,联发股份,15.56,15.79,15.92,15.5,8257100.0
20260319,002395,双象股份,18.49,17.38,18.64,17.28,7400900.0
20260319,002396,星网锐捷,28.8,28.53,29.3,28.33,18632800.0
20260319,002397,梦洁股份,4.06,3.96,4.09,3.93,16179300.0
20260319,002398,垒知集团,5.43,5.3,5.47,5.28,13037200.0
20260319,002399,海普瑞,11.33,11.12,11.37,11.09,4720000.0
20260319,002400,省广集团,9.08,9.04,9.15,8.98,54935400.0
20260319,002401,中远海科,15.71,15.69,15.9,15.62,2840300.0
20260319,002402,和而泰,30.98,30.55,31.25,30.38,22168300.0
20260319,002403,爱仕达,11.11,11.05,11.29,11.02,2613300.0
20260319,002404,嘉欣丝绸,7.01,6.85,7.03,6.83,9806200.0
20260319,002405,四维图新,10.48,11.18,11.73,10.31,236018500.0
20260319,002406,远东传动,7.69,7.58,7.72,7.55,11799800.0
20260319,002407,多氟多,26.88,25.66,26.99,25.3,70666200.0
20260319,002408,齐翔腾达,5.93,5.7,5.95,5.66,50546600.0
20260319,002409,雅克科技,89.38,85.15,89.6,84.5,18342800.0
20260319,002410,广联达,12.3,12.2,12.35,12.16,26246200.0
20260319,002412,汉森制药,6.91,6.76,6.91,6.73,9101800.0
20260319,002413,雷科防务,13.84,13.5,13.9,13.4,98332900.0
20260319,002414,高德红外,13.79,13.57,13.89,13.5,38868000.0
20260319,002415,海康威视,31.9,31.25,32.0,31.13,43323200.0
20260319,002416,爱施德,13.15,13.19,13.39,13.02,20522000.0
20260319,002418,康盛股份,4.62,4.56,4.66,4.53,58411100.0
20260319,002419,天虹股份,5.69,5.7,5.77,5.67,21019000.0
20260319,002420,毅昌科技,7.93,7.68,7.94,7.62,12096000.0
20260319,002421,达实智能,2.84,2.8,2.87,2.79,56597800.0
20260319,002422,科伦药业,33.35,33.48,34.06,33.11,14702000.0
20260319,002423,中粮资本,10.85,11.53,11.99,10.83,68919300.0
20260319,002425,凯撒文化,3.45,3.4,3.48,3.39,11399000.0
20260319,002426,胜利精密,4.35,4.13,4.36,4.1,308821300.0
20260319,002427,尤夫股份,7.64,7.34,7.75,7.29,54951700.0
20260319,002428,云南锗业,39.99,39.51,40.73,38.86,34532400.0
20260319,002429,兆驰股份,10.27,10.09,10.36,10.0,129675500.0
20260319,002430,杭氧股份,28.72,28.69,29.83,28.38,15498300.0
20260319,002432,九安医疗,62.27,65.95,65.95,61.57,70224700.0
20260319,002434,万里扬,8.25,8.1,8.29,8.05,17392200.0
20260319,002436,兴森科技,22.6,22.41,22.89,22.26,60625400.0
20260319,002437,誉衡药业,3.38,3.28,3.39,3.26,60665900.0
20260319,002438,江苏神通,17.68,17.66,18.26,17.56,13459900.0
20260319,002439,启明星辰,14.19,14.12,14.3,14.07,12142200.0
20260319,002440,闰土股份,12.18,11.7,12.22,11.58,49677400.0
20260319,002441,众业达,10.5,10.33,10.56,10.25,8257400.0
20260319,002442,龙星科技,6.56,6.26,6.57,6.23,13632500.0
20260319,002443,金洲管道,9.3,9.17,9.39,9.11,11352700.0
20260319,002444,巨星科技,30.96,30.26,31.02,30.03,17586300.0
20260319,002445,中南文化,4.02,4.1,4.29,3.88,618708800.0
20260319,002446,盛路通信,10.26,10.13,10.31,10.09,23707900.0
20260319,002448,中原内配,15.2,14.48,15.22,14.33,25120800.0
20260319,002449,国星光电,8.75,8.72,8.93,8.69,21507600.0
20260319,002451,摩恩电气,10.34,10.16,10.46,10.13,14647200.0
20260319,002452,长高电气,11.3,11.2,11.3,10.96,30023300.0
20260319,002453,华软科技,5.99,5.84,6.01,5.82,9945000.0
20260319,002454,松芝股份,8.58,8.52,8.7,8.5,6182300.0
20260319,002455,百川股份,14.07,13.24,14.3,12.99,130773900.0
20260319,002456,欧菲光,9.27,9.23,9.34,9.2,53697900.0
20260319,002457,青龙管业,12.01,11.54,12.02,11.48,16496800.0
20260319,002458,益生股份,9.5,9.57,9.69,9.5,18197400.0
20260319,002459,晶澳科技,12.23,12.5,12.78,12.19,98982200.0
20260319,002460,赣锋锂业,65.45,63.44,66.4,63.13,44212700.0
20260319,002461,珠江啤酒,9.75,9.74,9.87,9.69,8035100.0
20260319,002462,嘉事堂,14.8,14.62,14.89,14.6,3358500.0
20260319,002463,沪电股份,88.55,86.33,90.0,85.77,108170600.0
20260319,002465,海格通信,15.55,15.48,15.77,15.37,63634700.0
20260319,002466,天齐锂业,50.15,48.93,50.47,48.71,32405000.0
20260319,002467,二六三,7.39,7.32,7.48,7.28,154490800.0
20260319,002468,申通快递,13.85,13.89,14.07,13.76,17326100.0
20260319,002469,三维化学,9.66,9.06,9.78,9.04,38984300.0
20260319,002470,金正大,3.69,3.36,3.82,3.34,691586300.0
20260319,002471,中超控股,8.41,8.23,8.44,8.18,104703100.0
20260319,002472,双环传动,38.39,38.47,39.04,38.11,11473700.0
20260319,002474,榕基软件,8.14,8.12,8.25,8.07,14401300.0
20260319,002475,立讯精密,48.38,48.04,48.8,47.85,91805900.0
20260319,002476,新叶股份,6.07,5.85,6.08,5.83,12895900.0
20260319,002478,常宝股份,11.43,11.16,11.6,10.98,39915100.0
20260319,002479,富春环保,5.4,5.41,5.5,5.39,18222200.0
20260319,002480,新筑股份,6.38,6.35,6.6,6.31,19299600.0
20260319,002481,双塔食品,4.77,4.69,4.8,4.67,11435900.0
20260319,002482,广田集团,1.76,1.72,1.77,1.71,64383500.0
20260319,002483,润邦股份,7.64,7.35,7.7,7.3,18090600.0
20260319,002484,江海股份,29.85,28.6,29.85,28.41,19850100.0
20260319,002486,嘉麟杰,3.11,3.0,3.13,2.99,26323000.0
20260319,002487,大金重工,70.68,70.34,72.85,69.7,23092700.0
20260319,002488,金固股份,11.57,11.6,11.8,11.2,34658300.0
20260319,002489,浙江永强,3.55,3.49,3.57,3.47,21456100.0
20260319,002490,山东墨龙,12.01,11.64,12.1,11.28,137610800.0
20260319,002491,通鼎互联,10.29,10.35,10.95,10.22,105461200.0
20260319,002492,恒基达鑫,8.19,7.86,8.26,7.81,8614100.0
20260319,002493,荣盛石化,12.63,11.52,12.7,11.48,148428900.0
20260319,002494,华斯股份,5.61,5.44,5.67,5.41,13089200.0
20260319,002495,佳隆股份,2.78,2.72,2.8,2.71,18974700.0
20260319,002496,辉丰股份,2.06,2.01,2.08,2.0,47617000.0
20260319,002497,雅化集团,22.83,22.11,22.96,21.89,41139100.0
20260319,002498,汉缆股份,9.0,8.97,9.4,8.8,211668100.0
20260319,002500,山西证券,5.8,5.78,5.82,5.74,21502800.0
20260319,002506,协鑫集成,5.48,5.31,5.6,5.25,720426500.0
20260319,002507,涪陵榨菜,13.01,12.9,13.09,12.84,21197500.0
20260319,002508,老板电器,20.63,20.57,20.82,20.56,3200300.0
20260319,002510,天汽模,7.47,7.25,7.49,7.22,31536900.0
20260319,002511,中顺洁柔,8.78,8.68,8.83,8.65,16415500.0
20260319,002513,蓝丰生化,7.1,6.61,7.1,6.55,19054000.0
20260319,002515,金字火腿,5.86,5.91,6.0,5.84,22849500.0
20260319,002516,旷达科技,5.98,5.89,6.0,5.87,12858200.0
20260319,002517,恺英网络,19.06,18.89,19.09,18.8,38333000.0
20260319,002518,科士达,47.7,46.0,47.91,45.66,17120900.0
20260319,002519,银河电子,8.05,7.96,8.15,7.92,43096000.0
20260319,002520,日发精机,6.46,6.2,6.48,6.17,27898300.0
20260319,002521,齐峰新材,8.07,8.54,8.76,7.98,25410500.0
20260319,002522,浙江众成,6.05,5.77,6.06,5.72,35025600.0
20260319,002523,天桥起重,4.26,4.18,4.28,4.16,28118700.0
20260319,002524,光正眼科,4.67,4.52,4.7,4.5,15274600.0
20260319,002526,山东矿机,3.65,3.56,3.65,3.55,43002100.0
20260319,002527,新时达,14.61,14.34,14.66,14.28,8829300.0
20260319,002529,海源复材,7.2,7.1,7.31,7.05,3992700.0
20260319,002530,金财互联,9.45,9.37,9.51,9.32,12066400.0
20260319,002531,天顺风能,11.66,11.2,11.66,11.1,72010000.0
20260319,002532,天山铝业,16.59,16.21,16.83,16.01,89843400.0
20260319,002533,金杯电工,14.57,14.11,14.65,14.0,17990700.0
20260319,002534,西子洁能,17.34,17.18,17.53,17.11,9516700.0
20260319,002535,林州重机,3.68,3.61,3.71,3.6,11422600.0
20260319,002536,飞龙股份,33.85,33.25,34.17,32.9,32209400.0
20260319,002537,海联金汇,8.55,8.48,8.71,8.35,70573300.0
20260319,002539,云图控股,14.99,14.08,15.04,13.88,33299400.0
20260319,002540,亚太科技,6.72,6.5,6.72,6.47,16994700.0
20260319,002541,鸿路钢构,22.01,20.99,22.1,20.7,8577500.0
20260319,002543,万和电气,9.2,9.53,9.86,9.16,31162100.0
20260319,002544,普天科技,27.55,27.25,27.93,27.16,13389900.0
20260319,002545,东方铁塔,23.45,21.65,23.64,21.43,39705000.0
20260319,002546,新联电子,9.82,9.73,9.93,9.65,33296400.0
20260319,002548,金新农,6.01,5.78,6.01,5.75,25756200.0
20260319,002549,凯美特气,17.78,18.0,18.52,17.62,25416700.0
20260319,002550,千红制药,7.55,7.44,7.59,7.43,10670500.0
20260319,002551,尚荣医疗,3.82,3.7,3.84,3.68,12887600.0
20260319,002552,宝鼎科技,18.0,17.35,18.12,17.29,5586500.0
20260319,002553,南方精工,23.98,23.44,23.98,23.3,7080300.0
20260319,002554,惠博普,3.98,3.86,4.01,3.79,91658600.0
20260319,002555,三七互娱,23.38,22.86,23.4,22.76,45338400.0
20260319,002556,辉隆股份,6.57,6.38,6.66,6.34,23379900.0
20260319,002557,洽洽食品,22.39,21.75,22.49,21.6,6742000.0
20260319,002558,巨人网络,34.07,32.92,34.07,32.23,58411000.0
20260319,002559,亚威股份,10.35,10.38,10.58,10.26,27242600.0
20260319,002560,通达股份,10.13,9.91,10.19,9.85,22371800.0
20260319,002561,徐家汇,8.4,8.26,8.45,8.26,3786400.0
20260319,002562,兄弟科技,6.74,6.52,6.79,6.47,39876300.0
20260319,002563,森马服饰,5.5,5.46,5.53,5.45,11145900.0
20260319,002564,天沃科技,6.76,6.74,6.83,6.7,8607500.0
20260319,002565,顺灏股份,16.51,17.16,17.48,16.51,321334300.0
20260319,002566,益盛药业,8.3,8.16,8.37,8.12,4115500.0
20260319,002567,唐人神,4.36,4.34,4.4,4.32,23474800.0
20260319,002568,百润股份,18.32,18.1,18.43,18.01,3960700.0
20260319,002570,贝因美,6.07,5.89,6.18,5.87,92020400.0
20260319,002571,德力股份,12.2,11.98,12.27,11.9,6034500.0
20260319,002572,索菲亚,13.42,13.25,13.49,13.2,7770700.0
20260319,002573,清新环境,4.03,3.97,4.06,3.96,12618000.0
20260319,002574,明牌珠宝,5.91,5.82,6.0,5.8,8923000.0
20260319,002575,群兴玩具,8.55,8.53,8.85,8.38,96838500.0
20260319,002576,通达动力,19.18,19.08,19.53,19.01,6039100.0
20260319,002577,雷柏科技,16.85,16.4,16.85,16.37,1390900.0
20260319,002578,闽发铝业,4.02,3.88,4.03,3.86,31092200.0
20260319,002579,中京电子,12.21,12.04,12.33,11.96,25943300.0
20260319,002580,圣阳股份,12.67,13.51,14.16,12.61,38939800.0
20260319,002582,好想你,11.14,10.88,11.19,10.82,15136400.0
20260319,002583,海能达,10.92,10.73,10.92,10.72,16835700.0
20260319,002584,西陇科学,8.38,8.08,8.39,8.05,20032300.0
20260319,002585,双星新材,7.77,7.36,7.77,7.31,46333000.0
20260319,002586,围海股份,5.18,5.03,5.2,5.01,12367800.0
20260319,002587,奥拓电子,7.16,7.14,7.26,7.09,23066800.0
20260319,002588,史丹利,11.32,10.38,11.4,10.3,43307700.0
20260319,002589,瑞康医药,3.11,3.07,3.14,3.06,27425600.0
20260319,002590,万安科技,13.45,13.27,13.53,13.23,5666500.0
20260319,002591,恒大高新,7.39,7.13,7.42,7.07,10080300.0
20260319,002593,日上集团,5.6,5.53,5.64,5.5,14521700.0
20260319,002594,比亚迪,100.99,102.31,103.88,100.47,53105900.0
20260319,002595,豪迈科技,87.91,86.68,88.37,86.35,3388000.0
20260319,002596,海南瑞泽,3.97,3.9,4.01,3.88,32626000.0
20260319,002597,金禾实业,23.49,22.51,23.5,22.4,12550400.0
20260319,002599,盛通股份,7.4,7.3,7.45,7.28,8199500.0
20260319,002600,领益智造,14.0,13.85,14.06,13.81,67742100.0
20260319,002601,龙佰集团,19.04,18.17,19.13,18.09,38682800.0
20260319,002602,世纪华通,16.7,16.65,16.84,16.44,89956500.0
20260319,002603,以岭药业,16.8,16.59,16.9,16.51,9344900.0
20260319,002605,姚记科技,22.99,22.46,22.99,22.26,6983500.0
20260319,002606,大连电瓷,12.31,11.99,12.5,11.88,26997700.0
20260319,002607,中公教育,2.79,2.75,2.8,2.73,121603100.0
20260319,002608,江苏国信,8.29,8.29,8.43,8.27,20641400.0
20260319,002609,捷顺科技,8.9,8.87,8.99,8.83,5914100.0
20260319,002611,东方精工,16.49,16.21,16.49,16.14,20073800.0
20260319,002612,朗姿股份,17.48,17.03,17.55,16.98,6400700.0
20260319,002613,北玻股份,4.04,3.93,4.06,3.92,19063600.0
20260319,002614,奥佳华,6.54,6.41,6.58,6.38,10231300.0
20260319,002615,哈尔斯,8.44,8.13,8.45,8.1,9767000.0
20260319,002616,长青集团,6.14,6.3,6.5,6.08,43139200.0
20260319,002617,露笑科技,8.2,7.99,8.21,7.95,87332400.0
20260319,002622,皓宸医疗,2.85,2.78,2.87,2.77,18546000.0
20260319,002623,亚玛顿,23.73,23.57,23.9,23.3,5387900.0
20260319,002624,完美世界,18.8,18.56,18.81,18.01,46336100.0
20260319,002625,光启技术,42.1,42.07,42.77,41.95,15635800.0
20260319,002626,金达威,18.84,18.46,18.96,18.41,6475400.0
20260319,002627,三峡旅游,8.8,8.8,8.99,8.7,14612800.0
20260319,002628,成都路桥,5.12,4.98,5.16,4.96,28658200.0
20260319,002629,仁智股份,7.14,6.69,7.16,6.68,46569900.0
20260319,002631,德尔未来,7.3,7.01,7.52,6.96,26942000.0
20260319,002632,道明光学,13.58,13.66,13.96,13.52,22971900.0
20260319,002633,申科股份,19.03,18.52,19.15,18.42,2706100.0
20260319,002635,安洁科技,14.82,14.7,14.89,14.63,8433000.0
20260319,002636,金安国纪,33.0,33.6,34.34,32.32,51307800.0
20260319,002637,赞宇科技,12.6,11.93,12.6,11.76,63049000.0
20260319,002638,勤上股份,4.28,3.97,4.38,3.9,137919700.0
20260319,002639,雪人集团,18.73,18.06,18.77,17.86,55365300.0
20260319,002640,跨境通,3.67,3.66,3.78,3.64,43479900.0
20260319,002641,公元股份,4.31,4.23,4.35,4.21,15857200.0
20260319,002642,荣联科技,8.23,8.18,8.32,8.14,10375000.0
20260319,002643,万润股份,15.99,15.53,16.04,15.4,17004400.0
20260319,002644,佛慈制药,8.87,8.75,8.93,8.72,4281700.0
20260319,002645,华宏科技,17.37,16.19,17.37,16.05,26948200.0
20260319,002646,天佑德酒,8.38,8.33,8.46,8.31,4135100.0
20260319,002647,仁东控股,9.22,9.23,9.51,9.17,12801900.0
20260319,002648,卫星化学,26.76,26.45,26.76,25.9,77021200.0
20260319,002649,博彦科技,12.44,12.32,12.53,12.28,8758500.0
20260319,002651,利君股份,9.79,9.54,9.81,9.5,9213900.0
20260319,002652,扬子新材,5.06,4.89,5.27,4.83,69841600.0
20260319,002653,海思科,50.99,51.63,52.04,50.5,3771300.0
20260319,002654,万润科技,16.06,15.84,16.16,15.74,59333600.0
20260319,002655,共达电声,17.9,17.66,18.11,17.48,28445900.0
20260319,002656,摩登大道,3.04,3.05,3.11,3.03,13802300.0
20260319,002657,中科金财,24.3,24.19,24.6,24.1,7776200.0
20260319,002658,雪迪龙,9.85,9.65,9.85,9.61,8904800.0
20260319,002659,凯文教育,5.52,5.43,5.55,5.4,16217200.0
20260319,002660,茂硕电源,9.15,8.99,9.21,8.95,5281600.0
20260319,002661,克明食品,9.45,9.33,9.53,9.3,2839400.0
20260319,002662,峰璟股份,3.92,3.86,3.94,3.85,15419300.0
20260319,002663,普邦股份,2.29,2.27,2.32,2.24,40914600.0
20260319,002664,信质集团,20.8,20.32,20.81,20.23,6342700.0
20260319,002666,德联集团,5.93,5.71,5.96,5.66,19159000.0
20260319,002668,TCL智家,9.32,9.12,9.33,9.1,13327800.0
20260319,002669,康达新材,13.8,13.2,13.85,13.11,20578300.0
20260319,002670,国盛证券,14.99,14.94,15.18,14.86,14275300.0
20260319,002671,龙泉股份,5.78,5.57,5.79,5.55,11840100.0
20260319,002672,东江环保,4.88,4.85,4.93,4.83,7845700.0
20260319,002673,西部证券,7.63,7.6,7.66,7.55,25735600.0
20260319,002674,兴业科技,13.39,13.13,13.39,13.06,2675000.0
20260319,002675,东诚药业,13.09,13.01,13.16,12.92,7164300.0
20260319,002676,顺威股份,7.06,6.87,7.1,6.84,10928800.0
20260319,002677,浙江美大,8.43,8.28,8.48,8.23,5938800.0
20260319,002678,珠江钢琴,5.35,5.21,5.36,5.18,11615900.0
20260319,002679,福建金森,11.1,10.86,11.2,10.76,4845000.0
20260319,002681,奋达科技,5.79,5.66,5.81,5.66,26028400.0
20260319,002682,龙洲股份,6.03,5.94,6.11,5.92,25550800.0
20260319,002683,广东宏大,43.21,40.81,43.24,40.6,14719800.0
20260319,002685,华东重机,7.05,6.85,7.12,6.82,25322600.0
20260319,002686,亿利达,7.26,7.19,7.38,7.15,20827300.0
20260319,002687,乔治白,5.22,5.06,5.23,5.03,7929200.0
20260319,002688,金河生物,6.32,6.17,6.36,6.13,16815100.0
20260319,002690,美亚光电,18.59,18.42,18.8,18.38,4018800.0
20260319,002692,远程股份,5.77,5.7,5.88,5.64,37577200.0
20260319,002693,双成药业,8.13,8.09,8.29,7.97,19877400.0
20260319,002695,煌上煌,10.3,10.2,10.43,10.14,3576700.0
20260319,002696,百洋股份,7.45,7.18,7.49,7.15,7853900.0
20260319,002697,红旗连锁,5.57,5.51,5.61,5.5,26699700.0
20260319,002698,博实股份,14.69,14.39,14.72,14.32,8055700.0
20260319,002700,万憬能源,6.98,6.93,7.07,6.84,13798700.0
20260319,002701,奥瑞金,5.28,5.21,5.3,5.18,26928900.0
20260319,002702,海欣食品,5.8,5.7,5.85,5.67,13991700.0
20260319,002703,浙江世宝,22.8,22.97,23.98,22.63,42219500.0
20260319,002705,新宝股份,13.59,13.41,13.69,13.4,3933200.0
20260319,002706,良信股份,11.44,11.17,11.5,11.1,44846400.0
20260319,002707,众信旅游,6.82,6.69,6.87,6.66,22472800.0
20260319,002708,光洋股份,12.63,12.45,12.68,12.41,7234500.0
20260319,002709,天赐材料,43.54,41.36,43.73,41.03,84346800.0
20260319,002712,思美传媒,5.5,5.41,5.54,5.38,13830100.0
20260319,002713,东易日盛,11.3,11.11,11.75,11.08,33443900.0
20260319,002714,牧原股份,49.51,48.8,49.79,48.56,35395700.0
20260319,002715,登云股份,15.84,15.45,15.96,15.38,2864200.0
20260319,002716,湖南白银,12.61,12.25,12.8,12.16,164122400.0
20260319,002718,友邦吊顶,58.07,57.76,58.58,56.58,1752100.0
20260319,002721,金一文化,3.05,3.0,3.07,3.0,38222400.0
20260319,002722,物产金轮,15.14,14.83,15.22,14.75,3082100.0
20260319,002723,小崧股份,9.94,9.59,9.94,9.48,13917900.0
20260319,002724,海洋王,7.73,7.5,7.77,7.48,20438000.0
20260319,002725,跃岭股份,16.07,15.79,16.13,15.71,7687400.0
20260319,002727,一心堂,13.12,12.9,13.17,12.85,6164900.0
20260319,002728,特一药业,11.11,10.95,11.19,10.85,13964000.0
20260319,002729,好利科技,20.4,19.12,20.67,18.99,18176600.0
20260319,002730,电光科技,21.0,21.59,21.85,20.92,28506700.0
20260319,002732,燕塘乳业,17.6,17.23,17.7,17.15,1960300.0
20260319,002733,雄韬股份,25.78,24.99,26.06,24.8,32453200.0
20260319,002734,利民股份,20.38,18.55,20.59,18.55,59393000.0
20260319,002735,王子新材,16.0,15.7,16.07,15.61,9306600.0
20260319,002736,国信证券,12.31,12.25,12.38,12.21,60740500.0
20260319,002737,葵花药业,12.53,12.33,12.59,12.3,4363600.0
20260319,002738,中矿资源,71.6,68.81,71.96,68.36,27620900.0
20260319,002739,儒意电影,9.91,9.79,9.95,9.74,35578600.0
20260319,002741,光华科技,19.59,18.92,19.63,18.9,16941400.0
20260319,002742,冀衡医药,4.56,4.48,4.56,4.42,4762800.0
20260319,002743,富煌钢构,5.87,5.61,5.88,5.57,14840900.0
20260319,002745,木林森,8.55,8.57,8.7,8.47,20735300.0
20260319,002746,仙坛股份,6.3,6.26,6.36,6.23,12030000.0
20260319,002747,埃斯顿,21.4,21.0,21.44,20.91,12070300.0
20260319,002748,世龙实业,12.18,11.8,12.21,11.73,6540400.0
20260319,002749,国光股份,13.44,13.2,13.47,13.15,3982500.0
20260319,002752,昇兴股份,6.33,6.12,6.37,6.1,20536100.0
20260319,002753,永东股份,7.9,7.67,8.04,7.61,10294800.0
20260319,002755,奥赛康,14.7,14.92,15.07,14.66,8847400.0
20260319,002756,永兴材料,62.52,58.22,62.65,57.74,25227300.0
20260319,002757,南兴股份,21.25,21.35,21.84,21.23,12660000.0
20260319,002758,浙农股份,10.38,10.1,10.42,10.03,9041600.0
20260319,002760,凤形股份,22.81,22.24,23.01,22.09,3394400.0
20260319,002761,浙江建投,8.26,8.15,8.31,8.11,8971900.0
20260319,002762,金发拉比,6.96,6.87,6.99,6.84,2668800.0
20260319,002763,汇洁股份,7.87,7.69,7.93,7.65,4201100.0
20260319,002765,蓝黛科技,10.78,10.53,10.78,10.51,9579100.0
20260319,002766,索菱股份,5.29,5.2,5.32,5.17,16848900.0
20260319,002767,先锋电子,22.2,21.75,22.36,21.68,2394700.0
20260319,002768,国恩股份,51.08,50.95,52.78,50.14,3003400.0
20260319,002769,普路通,11.84,11.82,12.05,11.68,13088100.0
20260319,002771,真视通,16.35,16.42,16.7,16.28,13456300.0
20260319,002772,众兴菌业,18.32,18.28,18.78,18.05,11162800.0
20260319,002773,康弘药业,27.0,26.65,27.23,26.55,3726100.0
20260319,002774,快意电梯,11.0,10.8,11.07,10.7,5104200.0
20260319,002775,文科股份,4.39,4.31,4.43,4.3,9319500.0
20260319,002777,久远银海,18.3,18.38,18.7,18.19,6534800.0
20260319,002778,中晟高科,20.93,20.55,20.93,20.5,2003700.0
20260319,002779,中坚科技,89.33,87.61,89.68,87.0,1779000.0
20260319,002780,三夫户外,15.37,14.93,15.41,14.86,3799700.0
20260319,002782,可立克,24.35,23.56,24.49,23.37,11151900.0
20260319,002783,凯龙股份,9.72,9.35,9.76,9.3,19237700.0
20260319,002785,万里石,42.11,40.54,42.69,40.48,7461500.0
20260319,002786,银宝山新,7.8,7.65,7.83,7.62,6862200.0
20260319,002787,华源控股,12.44,12.25,12.49,12.21,6924700.0
20260319,002788,鹭燕医药,14.2,13.97,14.27,13.89,9504000.0
20260319,002790,瑞尔特,8.11,7.97,8.2,7.94,3209800.0
20260319,002791,坚朗五金,21.88,21.62,21.98,21.5,4669500.0
20260319,002792,通宇通讯,40.5,41.08,42.06,40.5,27290400.0
20260319,002793,罗欣药业,4.83,4.76,4.88,4.74,9791700.0
20260319,002795,永和智控,7.55,7.37,7.69,7.33,18619800.0
20260319,002796,世嘉科技,56.1,55.38,57.43,55.0,8998100.0
20260319,002797,第一创业,7.46,7.69,7.83,7.44,243845300.0
20260319,002798,帝欧水华,6.4,6.21,6.43,6.17,6612000.0
20260319,002799,环球印务,8.8,8.76,8.87,8.64,5430700.0
20260319,002800,天顺股份,23.06,22.75,23.48,22.35,5641200.0
20260319,002801,微光股份,34.09,33.36,34.37,33.22,2176500.0
20260319,002802,洪汇新材,13.68,13.04,13.68,12.85,5087100.0
20260319,002803,吉宏股份,18.08,17.83,18.19,17.76,5885200.0
20260319,002805,丰元股份,16.75,16.45,17.07,16.38,13818300.0
20260319,002806,华锋股份,15.17,14.65,15.22,14.51,8568800.0
20260319,002807,江阴银行,4.63,4.6,4.7,4.58,36436600.0
20260319,002809,红墙股份,12.82,12.08,12.99,11.98,23646500.0
20260319,002810,山东赫达,18.9,19.4,19.58,18.55,15842000.0
20260319,002811,郑中设计,14.35,13.8,14.45,13.75,8750600.0
20260319,002812,恩捷股份,68.23,64.66,68.5,63.68,38987000.0
20260319,002813,路畅科技,26.3,25.72,26.47,25.63,1107900.0
20260319,002815,崇达技术,15.68,15.61,15.88,15.42,48752400.0
20260319,002817,黄山胶囊,8.37,8.15,8.42,8.06,6450900.0
20260319,002818,富森美,11.97,11.88,12.03,11.81,3344700.0
20260319,002819,东方中科,26.7,26.33,26.98,26.28,2629500.0
20260319,002820,桂发祥,11.56,11.21,11.62,11.16,4862400.0
20260319,002821,凯莱英,98.21,96.06,98.94,95.92,2776100.0
20260319,002823,凯中精密,15.84,15.62,16.04,15.57,6181300.0
20260319,002824,和胜股份,19.4,19.06,19.85,19.01,12466300.0
20260319,002825,纳尔股份,10.85,10.66,10.89,10.65,4322800.0
20260319,002826,易明医药,21.03,20.19,21.13,19.85,7764400.0
20260319,002827,高争民爆,34.3,33.4,34.49,33.38,3204300.0
20260319,002828,贝肯能源,13.51,13.35,13.68,13.05,37676000.0
20260319,002829,星网宇达,24.4,24.2,24.63,24.08,3616500.0
20260319,002830,名雕股份,22.7,21.95,22.7,21.83,2315200.0
20260319,002831,裕同科技,36.9,35.45,37.82,35.01,23338500.0
20260319,002832,比音勒芬,17.01,16.89,17.2,16.8,7515800.0
20260319,002833,弘亚数控,18.28,17.65,18.33,17.63,3721300.0
20260319,002835,同为股份,16.79,16.53,16.9,16.5,2219400.0
20260319,002836,新宏泽,14.48,13.97,14.5,13.83,3217200.0
20260319,002837,英维克,103.0,104.07,106.48,103.0,36387800.0
20260319,002838,道恩股份,26.48,25.52,26.49,25.36,4221900.0
20260319,002839,张家港行,4.62,4.58,4.66,4.58,21411200.0
20260319,002840,华统股份,10.31,10.49,10.96,10.26,49887800.0
20260319,002841,视源股份,34.94,34.69,35.1,34.53,2922700.0
20260319,002842,翔鹭钨业,33.31,32.39,33.49,32.2,28877800.0
20260319,002843,泰嘉股份,23.01,23.48,24.8,22.95,24510800.0
20260319,002845,同兴达,15.19,14.99,15.29,14.9,6416000.0
20260319,002846,英联股份,14.56,14.3,14.65,14.27,5558400.0
20260319,002847,盐津铺子,59.99,58.72,60.11,58.5,1785600.0
20260319,002848,高斯贝尔,13.3,12.72,13.35,12.71,6578000.0
20260319,002849,威星智能,17.25,16.89,17.4,16.76,6195700.0
20260319,002850,科达利,152.89,149.5,153.5,148.54,5004900.0
20260319,002851,麦格米特,106.5,104.06,108.0,103.53,17257500.0
20260319,002852,道道全,11.88,10.84,11.89,10.81,25943000.0
20260319,002853,皮阿诺,26.76,25.96,26.93,25.5,2423200.0
20260319,002855,捷荣技术,12.33,12.07,12.36,12.01,3189700.0
20260319,002857,三晖电气,24.2,23.53,24.7,23.18,10365200.0
20260319,002858,力盛体育,15.3,15.03,15.32,15.0,4267200.0
20260319,002859,洁美科技,43.04,40.75,43.48,40.38,15481000.0
20260319,002860,星帅尔,13.07,12.9,13.14,12.86,5446900.0
20260319,002861,瀛通通讯,17.64,17.19,17.64,17.06,5222300.0
20260319,002862,实丰文化,16.93,16.62,16.98,16.54,2985600.0
20260319,002863,今飞凯达,5.75,5.62,5.79,5.58,11828200.0
20260319,002864,盘龙药业,34.34,33.74,34.69,33.51,3116800.0
20260319,002865,钧达股份,83.51,82.92,85.36,81.8,10460000.0
20260319,002866,传艺科技,20.3,20.15,20.58,20.03,7833000.0
20260319,002867,周大生,12.15,12.02,12.21,12.01,5467300.0
20260319,002868,绿康生化,40.05,39.12,40.23,38.5,1200800.0
20260319,002869,金溢科技,23.31,23.68,23.95,23.3,6100300.0
,002870,香山股份,38.02,37.65,38.5,37.4,1792100.0
20260319,002871,伟隆股份,18.48,18.06,18.7,17.96,1756200.0
20260319,002873,新天药业,10.46,10.13,10.48,10.06,4416000.0
20260319,002875,安奈儿,19.56,19.58,19.76,19.32,6285400.0
20260319,002876,三利谱,26.87,27.12,27.87,26.6,5453000.0
20260319,002877,智能自控,9.6,9.33,9.62,9.24,15591400.0
20260319,002878,元隆雅图,16.87,17.01,17.17,16.82,6471600.0
20260319,002879,长缆科技,21.7,21.14,21.83,21.02,6831300.0
20260319,002880,卫光生物,29.1,29.06,29.35,28.65,2275900.0
20260319,002881,美格智能,43.02,42.39,43.33,42.13,4682900.0
20260319,002882,金龙羽,29.2,28.68,29.41,28.6,3890900.0
20260319,002884,凌霄泵业,18.8,18.69,18.99,18.52,5481900.0
20260319,002885,京泉华,27.0,26.16,27.2,26.0,15321900.0
20260319,002886,沃特股份,23.33,22.35,23.49,22.26,8017200.0
20260319,002887,绿茵生态,11.48,11.18,11.48,11.1,4596600.0
20260319,002888,惠威科技,19.9,19.52,20.12,19.37,2250900.0
20260319,002889,东方嘉盛,14.2,14.06,14.23,14.02,1810900.0
20260319,002890,弘宇股份,15.98,15.67,16.17,15.54,1380100.0
20260319,002891,中宠股份,40.0,38.36,40.29,38.2,10059900.0
20260319,002892,科力尔,11.72,11.58,11.78,11.54,6447200.0
20260319,002893,京能热力,11.39,12.0,12.02,11.39,29086800.0
20260319,002895,川恒股份,38.32,36.78,38.39,36.59,16263300.0
20260319,002896,中大力德,73.72,72.2,74.1,72.0,3266600.0
20260319,002897,意华股份,64.84,65.0,66.69,64.6,12767400.0
20260319,002899,英派斯,32.3,31.54,32.5,31.52,2976000.0
20260319,002900,哈三联,12.0,11.72,12.04,11.69,2636700.0
20260319,002901,大博医疗,43.92,43.21,44.38,42.99,1569100.0
20260319,002902,铭普光磁,21.7,23.96,23.96,21.3,39667800.0
20260319,002903,宇环数控,29.41,28.16,29.6,27.96,16119900.0
20260319,002905,金逸影视,10.24,10.24,10.29,10.16,6730200.0
20260319,002906,华阳集团,29.33,28.94,29.34,28.81,8513500.0
20260319,002907,华森制药,14.12,13.83,14.13,13.8,2108300.0
20260319,002908,德生科技,9.65,9.57,9.72,9.55,5097300.0
20260319,002909,集泰股份,7.08,6.89,7.14,6.84,10225200.0
20260319,002910,庄园牧场,11.64,11.28,11.7,11.22,4738700.0
20260319,002911,佛燃能源,15.14,14.75,15.17,14.47,11357000.0
20260319,002912,中新赛克,29.5,29.01,29.85,28.5,2969800.0
20260319,002913,奥士康,50.92,49.38,50.99,49.1,10569600.0
20260319,002915,中欣氟材,21.07,20.34,21.08,20.27,6060500.0
20260319,002916,深南电路,255.0,249.99,258.1,248.0,11359900.0
20260319,002917,金奥博,13.55,13.3,13.7,13.22,4077700.0
20260319,002918,蒙娜丽莎,13.03,12.72,13.19,12.68,4361700.0
20260319,002919,名臣健康,22.08,20.86,22.08,20.75,8862100.0
20260319,002920,德赛西威,113.6,113.75,116.0,113.2,4680600.0
20260319,002921,联诚精密,26.38,25.1,26.54,24.96,5744500.0
20260319,002922,伊戈尔,37.58,36.81,37.87,36.5,15062000.0
20260319,002923,润都股份,15.75,15.69,15.91,15.53,4553600.0
20260319,002925,盈趣科技,21.55,20.97,21.55,20.86,7527400.0
20260319,002926,华西证券,8.7,8.66,8.72,8.61,15577000.0
20260319,002927,泰永长征,19.82,19.11,19.85,19.0,5719300.0
20260319,002928,华夏航空,8.88,8.55,8.89,8.5,32947900.0
20260319,002929,润建股份,50.08,51.86,53.85,50.0,21879000.0
20260319,002930,宏川智慧,13.55,13.47,13.8,13.3,9889600.0
20260319,002931,锋龙股份,71.62,68.3,71.72,67.98,13241300.0
20260319,002933,新兴装备,34.01,33.5,34.33,33.37,2365900.0
20260319,002935,天奥电子,19.05,18.73,19.08,18.67,4473200.0
20260319,002936,郑州银行,1.92,1.91,1.94,1.91,100413500.0
20260319,002937,兴瑞科技,25.61,25.54,25.76,25.18,4276500.0
20260319,002938,鹏鼎控股,53.5,53.25,54.54,52.9,28119100.0
20260319,002939,长城证券,9.29,9.23,9.35,9.21,19547800.0
20260319,002940,昂利康,30.2,29.81,30.43,29.65,3031500.0
20260319,002941,新疆交建,15.5,15.14,15.51,15.05,15970700.0
20260319,002942,新农股份,20.5,19.74,20.5,19.64,2405000.0
20260319,002943,宇晶股份,52.4,50.39,52.4,49.8,5831500.0
20260319,002945,华林证券,16.17,16.2,16.4,16.1,12187600.0
20260319,002946,新乳业,18.1,17.93,18.13,17.8,4920700.0
20260319,002947,恒铭达,48.48,49.12,50.0,48.43,8443900.0
20260319,002948,青岛银行,5.19,5.14,5.24,5.12,37595600.0
20260319,002949,华阳国际,14.52,14.33,14.61,14.25,2655200.0
20260319,002950,奥美医疗,11.64,12.04,12.25,11.64,30291200.0
20260319,002951,金时科技,15.73,15.84,16.98,15.34,17370700.0
20260319,002952,亚世光电,25.01,26.38,26.98,24.98,13983600.0
20260319,002953,日丰股份,12.91,12.75,13.15,12.67,12614000.0
20260319,002955,鸿合科技,25.25,25.32,25.65,25.25,1843300.0
20260319,002956,西麦食品,27.37,26.46,27.85,26.29,1734300.0
20260319,002957,科瑞技术,26.0,25.69,26.56,25.46,10609800.0
20260319,002958,青农商行,3.14,3.13,3.18,3.12,63365100.0
20260319,002959,小熊电器,45.26,45.45,46.56,45.01,2739200.0
20260319,002960,青鸟智控,11.28,11.27,11.42,11.16,13835100.0
20260319,002961,瑞达期货,25.57,26.69,27.2,25.3,18285400.0
20260319,002962,五方光电,15.29,15.18,15.43,15.15,4336400.0
20260319,002963,豪尔赛,15.51,15.2,15.51,15.03,3140100.0
20260319,002965,祥鑫科技,31.41,30.73,31.41,30.46,5919200.0
20260319,002966,苏州银行,8.24,8.22,8.35,8.19,23934500.0
20260319,002967,广电计量,21.62,21.57,21.73,21.46,4387400.0
20260319,002968,新大正,12.48,12.13,12.54,12.09,2918400.0
20260319,002969,嘉美包装,26.6,27.63,28.33,25.25,86621600.0
20260319,002970,锐明技术,68.7,68.57,70.0,67.98,2664200.0
20260319,002971,和远气体,29.8,29.5,30.37,29.38,4238600.0
20260319,002972,科安达,12.28,11.98,12.31,11.95,2167300.0
20260319,002973,侨银股份,13.87,13.64,13.97,13.62,2984500.0
20260319,002975,博杰股份,72.83,72.53,74.32,72.16,3316700.0
20260319,002976,瑞玛精密,26.73,26.41,27.02,26.29,1596900.0
20260319,002978,安宁股份,35.05,33.98,35.2,33.82,5729000.0
20260319,002979,雷赛智能,37.41,36.7,37.48,36.5,3140300.0
20260319,002980,华盛昌,37.88,39.05,39.59,36.1,20050300.0
20260319,002981,朝阳科技,24.96,24.35,25.1,24.21,2505000.0
20260319,002982,湘佳股份,14.72,14.49,14.88,14.42,4405800.0
20260319,002983,芯瑞达,25.02,24.46,25.18,24.31,3240000.0
20260319,002984,森麒麟,18.9,18.4,18.93,18.35,12691600.0
20260319,002985,北摩高科,37.7,36.62,37.97,36.46,8463500.0
20260319,002986,宇新股份,15.77,15.16,15.78,14.91,12724600.0
20260319,002987,京北方,17.48,17.5,17.77,17.38,8797700.0
20260319,002988,豪美新材,33.28,31.77,33.54,31.5,3892600.0
20260319,002989,中天精装,28.5,28.61,29.34,28.33,3064600.0
20260319,002990,盛视科技,28.39,28.65,28.9,28.2,5231800.0
20260319,002991,甘源食品,53.0,52.4,53.34,52.31,379200.0
20260319,002992,宝明科技,54.9,53.6,55.11,53.4,2032900.0
20260319,002993,奥海科技,50.37,49.4,51.38,49.0,7753600.0
20260319,002995,天地在线,26.11,26.69,27.19,25.98,33070100.0
20260319,002996,顺博合金,7.49,7.23,7.5,7.18,18883500.0
20260319,002997,瑞鹄模具,32.6,32.03,32.6,31.98,1787300.0
20260319,002998,优彩资源,8.69,8.28,8.69,8.22,7560700.0
20260319,002999,天禾股份,7.61,7.38,7.79,7.34,11918600.0
20260319,003000,劲仔食品,10.58,10.41,10.62,10.4,2641400.0
20260319,003001,中岩大地,18.75,18.41,18.86,18.36,1543100.0
20260319,003002,壶化股份,26.5,25.8,26.6,25.63,2641600.0
20260319,003003,天元股份,13.88,13.39,13.97,13.31,5651500.0
20260319,003004,声迅股份,31.87,30.6,32.15,30.51,722100.0
20260319,003005,竞业达,19.71,19.81,20.1,19.7,3710300.0
20260319,003006,百亚股份,18.31,17.76,18.36,17.72,4580900.0
20260319,003007,直真科技,44.19,44.23,45.4,43.95,3076700.0
20260319,003008,开普检测,24.1,23.62,24.29,23.42,1962000.0
20260319,003009,中天火箭,60.61,60.12,61.21,59.85,2975100.0
20260319,003010,若羽臣,30.6,30.32,30.8,29.93,8523900.0
20260319,003011,海象新材,25.15,24.4,25.29,24.3,2192500.0
20260319,003012,东鹏控股,6.71,6.62,6.73,6.59,6988200.0
20260319,003013,地铁设计,14.21,14.01,14.31,14.0,2444000.0
20260319,003015,日久光电,16.71,16.48,16.83,16.43,5625500.0
20260319,003016,欣贺股份,8.33,8.18,8.42,8.12,3678800.0
20260319,003017,大洋生物,32.36,31.63,32.58,31.52,2280600.0
20260319,003018,金富科技,27.0,26.32,27.6,25.75,14768700.0
20260319,003019,宸展光电,31.57,31.58,32.11,31.31,3473800.0
20260319,003020,立方制药,24.57,24.27,25.24,24.21,1594300.0
20260319,003021,兆威机电,106.0,103.66,106.96,103.35,3739000.0
20260319,003022,联泓新科,19.52,19.53,20.3,19.38,13585700.0
20260319,003023,彩虹集团,23.44,22.75,23.64,22.63,3944400.0
20260319,003025,思进智能,15.0,15.16,15.3,14.92,5202700.0
20260319,003026,中晶科技,34.57,34.34,35.0,34.2,3620900.0
20260319,003027,同兴科技,21.76,21.16,21.87,21.06,5579500.0
20260319,003028,振邦智能,29.39,29.13,29.59,29.01,1071900.0
20260319,003029,吉大正元,23.39,23.34,23.65,23.22,2451000.0
20260319,003030,祖名股份,20.43,19.88,20.6,19.8,2446800.0
20260319,003031,中瓷电子,76.56,75.98,78.18,75.3,6584800.0
20260319,003032,传智教育,6.67,6.56,6.69,6.55,4788000.0
20260319,003033,征和工业,58.58,57.67,58.89,57.28,978900.0
20260319,003035,南网能源,8.31,8.51,8.7,8.26,125319900.0
20260319,003036,泰坦股份,19.71,20.45,21.5,19.58,14943600.0
20260319,003037,三和管桩,7.41,7.27,7.45,7.26,4119700.0
20260319,003038,鑫铂股份,15.61,15.1,15.63,15.01,5963000.0
20260319,003039,顺控发展,16.56,16.16,16.69,16.1,7458000.0
20260319,003040,楚天龙,17.0,16.9,17.19,16.85,5396300.0
20260319,003041,真爱美家,57.36,55.5,57.65,55.01,4991800.0
20260319,003042,中农联合,17.74,17.13,17.8,17.02,5030200.0
20260319,003043,华亚智能,48.36,47.72,48.88,47.55,1589600.0
20260319,003816,中国广核,4.13,4.13,4.2,4.11,158002500.0
20260319,300001,特锐德,29.43,28.87,29.7,28.7,29599200.0
20260319,300002,神州泰岳,10.3,10.25,10.35,10.19,32578000.0
20260319,300003,乐普医疗,17.97,17.3,17.97,17.25,36282100.0
20260319,300004,南风股份,12.72,13.16,14.01,12.72,47857900.0
20260319,300005,探路者,13.7,13.24,13.7,13.1,25009600.0
20260319,300006,莱美药业,4.92,4.79,4.95,4.77,26338700.0
20260319,300007,汉威科技,46.1,45.23,46.36,45.06,8604700.0
20260319,300008,天海防务,8.15,8.0,8.2,7.93,80919300.0
20260319,300009,安科生物,9.61,9.45,9.65,9.41,12528800.0
20260319,300011,鼎汉技术,8.5,8.33,8.57,8.29,9983800.0
20260319,300012,华测检测,15.34,15.27,15.53,15.2,19774900.0
20260319,300013,新宁物流,4.05,3.97,4.11,3.96,18644000.0
20260319,300014,亿纬锂能,67.19,67.06,69.66,66.72,56953200.0
20260319,300015,爱尔眼科,10.15,10.11,10.17,10.08,42859200.0
20260319,300016,北陆药业,10.6,10.32,10.76,10.27,34395800.0
20260319,300017,网宿科技,17.94,18.63,19.15,17.94,303157300.0
20260319,300018,中元股份,13.11,12.83,13.2,12.81,12759300.0
20260319,300019,硅宝科技,21.03,20.12,21.1,20.04,14497900.0
20260319,300021,大禹节水,4.62,4.54,4.65,4.52,18901700.0
20260319,300022,吉峰科技,8.58,8.45,8.72,8.38,16541400.0
20260319,300024,机器人,16.35,16.13,16.35,16.05,14227800.0
20260319,300025,华星创业,5.88,5.83,5.94,5.79,8151100.0
20260319,300026,红日药业,3.56,3.5,3.58,3.49,40857200.0
20260319,300030,阳普医疗,8.42,8.28,8.54,8.22,7179400.0
20260319,300031,宝通科技,20.9,20.91,21.13,20.7,7905700.0
20260319,300032,金龙机电,5.96,5.86,6.03,5.83,59010500.0
20260319,300033,同花顺,316.2,322.33,326.04,315.31,8580000.0
20260319,300034,钢研高纳,19.43,19.38,19.7,19.16,16307600.0
20260319,300035,中科电气,21.07,21.16,21.75,20.8,42343000.0
20260319,300036,超图软件,16.8,16.83,17.08,16.72,7782600.0
20260319,300037,新宙邦,55.61,54.4,56.47,53.73,15625700.0
20260319,300039,上海凯宝,6.24,6.13,6.27,6.11,20862200.0
20260319,300040,九洲集团,7.65,7.91,8.1,7.57,94748500.0
20260319,300041,回天新材,11.11,10.77,11.21,10.76,18097200.0
20260319,300042,朗科科技,58.17,56.27,60.59,55.63,50371100.0
20260319,300043,星辉娱乐,5.89,5.78,5.9,5.75,27886400.0
20260319,300045,华力创通,23.61,23.4,23.83,23.25,14239500.0
20260319,300046,台基股份,34.27,33.7,34.49,33.52,7151800.0
20260319,300047,天源迪科,12.89,13.01,13.15,12.86,15575700.0
20260319,300048,合康新能,7.7,7.76,7.91,7.65,35984700.0
20260319,300049,福瑞医科,53.1,52.45,53.73,52.0,4095100.0
20260319,300050,世纪鼎利,6.61,6.56,6.83,6.53,69671500.0
20260319,300051,琏升科技,10.9,10.72,11.06,10.58,35170600.0
20260319,300052,中青宝,13.24,13.07,13.34,12.95,5913400.0
20260319,300053,航宇微,18.3,18.97,19.56,18.08,72595100.0
20260319,300054,鼎龙股份,46.59,45.95,47.2,45.68,17849700.0
20260319,300055,万邦达,10.04,9.9,10.1,9.84,19712700.0
20260319,300056,中创环保,9.34,9.1,9.35,9.07,14757400.0
20260319,300057,万顺新材,6.12,6.01,6.2,5.97,32083900.0
20260319,300058,蓝色光标,15.14,14.97,15.22,14.9,205823300.0
20260319,300059,东方财富,21.34,21.33,21.6,21.25,217463800.0
20260319,300061,旗天科技,9.13,9.03,9.2,8.99,7559700.0
20260319,300062,中能电气,8.64,8.55,8.77,8.48,20382400.0
20260319,300063,天龙集团,12.04,11.93,12.13,11.85,32157200.0
20260319,300065,海兰信,24.6,24.63,25.28,24.24,47328400.0
20260319,300066,三川智慧,6.88,6.7,6.89,6.66,28088500.0
20260319,300067,安诺其,4.83,4.8,5.02,4.76,52954100.0
20260319,300069,金利华电,18.81,18.33,19.0,18.22,2878600.0
20260319,300070,碧水源,4.08,4.05,4.13,4.04,37643000.0
20260319,300071,福石控股,5.26,5.22,5.32,5.2,29699900.0
20260319,300072,海新能科,6.01,5.78,6.1,5.72,172772800.0
20260319,300073,当升科技,52.52,52.14,53.55,51.94,10357100.0
20260319,300074,华平股份,4.68,4.6,4.7,4.58,11125900.0
20260319,300075,数字政通,13.63,13.93,14.14,13.59,14554000.0
20260319,300077,国民技术,23.0,22.73,23.15,22.56,32702000.0
20260319,300078,思创智联,4.32,4.26,4.35,4.23,22238600.0
20260319,300079,数码视讯,5.8,5.83,5.88,5.78,33022800.0
20260319,300080,易成新能,6.16,5.89,6.17,5.8,113982900.0
20260319,300082,奥克股份,10.07,9.8,10.32,9.72,18857900.0
20260319,300083,创世纪,8.16,8.03,8.18,7.94,37172400.0
20260319,300084,海默科技,11.98,11.42,12.3,11.4,63337500.0
20260319,300085,银之杰,43.68,44.74,45.55,43.35,58614600.0
20260319,300086,康芝药业,8.6,8.43,8.67,8.4,15495200.0
20260319,300088,长信科技,6.61,6.64,6.72,6.55,76525600.0
20260319,300092,科新机电,16.48,16.16,16.65,16.08,7493000.0
20260319,300093,金刚光伏,19.35,19.02,20.24,18.97,6240300.0
20260319,300094,国联水产,3.44,3.37,3.46,3.37,45274300.0
20260319,300095,华伍股份,10.18,9.99,10.25,9.92,8972100.0
20260319,300097,智云股份,8.15,8.22,8.35,8.11,8087300.0
20260319,300098,高新兴,5.67,5.65,5.72,5.6,36437300.0
20260319,300099,尤洛卡,9.52,9.41,9.66,9.33,21649000.0
20260319,300100,双林股份,31.17,30.65,31.18,30.45,7177400.0
20260319,300101,振芯科技,22.58,22.01,22.6,21.92,15806200.0
20260319,300102,乾照光电,31.8,32.2,32.99,31.71,37198000.0
20260319,300103,达刚控股,7.66,7.46,7.74,7.43,6114100.0
20260319,300105,龙源技术,7.62,7.57,7.73,7.52,9627500.0
20260319,300106,西部牧业,10.64,10.42,10.78,10.38,5462400.0
20260319,300107,建新股份,7.87,7.63,7.92,7.59,14865600.0
20260319,300109,新开源,18.02,18.28,18.68,17.96,10848300.0
20260319,300110,华仁药业,3.25,3.18,3.28,3.17,18564800.0
20260319,300111,向日葵,4.16,4.11,4.2,4.1,26256700.0
20260319,300112,万讯自控,8.66,8.48,8.73,8.42,6195800.0
20260319,300113,顺网科技,28.51,29.09,29.6,28.25,79365600.0
20260319,300115,长盈精密,33.25,32.5,33.34,32.28,36217500.0
20260319,300118,东方日升,18.32,17.77,18.49,17.59,57538200.0
20260319,300119,瑞普生物,19.4,18.92,19.5,18.85,4876300.0
20260319,300120,经纬辉开,8.42,8.43,8.52,8.4,10410800.0
20260319,300121,阳谷华泰,13.38,13.22,13.86,13.14,20894600.0
20260319,300122,智飞生物,16.09,15.9,16.21,15.85,14388800.0
20260319,300124,汇川技术,69.29,69.23,69.98,69.12,21680100.0
20260319,300125,聆达股份,8.2,8.35,8.59,8.18,5396300.0
20260319,300126,锐奇股份,8.62,8.31,8.63,8.28,4612100.0
20260319,300127,银河磁体,31.93,31.28,32.07,31.07,4230900.0
20260319,300128,锦富技术,6.46,6.35,6.5,6.32,22139500.0
20260319,300129,泰胜风能,13.94,14.01,14.5,13.9,60343900.0
20260319,300130,新国都,24.75,24.38,24.96,24.25,10721000.0
20260319,300131,英唐智控,13.59,13.5,13.8,13.42,31258800.0
20260319,300132,诺斯贝尔,9.15,8.89,9.15,8.82,16029100.0
20260319,300133,华策影视,7.69,7.77,7.93,7.66,51148600.0
20260319,300134,大富科技,10.93,10.86,10.98,10.81,9266200.0
20260319,300135,宝利国际,4.48,4.34,4.56,4.32,76340700.0
20260319,300136,信维通信,64.41,64.33,65.94,63.88,45725800.0
20260319,300137,先河环保,13.13,12.96,13.36,12.85,15483700.0
20260319,300138,晨光生物,13.82,13.43,13.85,13.37,9092000.0
20260319,300139,晓程科技,60.52,58.66,60.8,58.24,27705500.0
20260319,300140,节能环境,7.66,7.49,7.69,7.44,54091900.0
20260319,300141,和顺电气,13.9,13.64,13.96,13.54,6044900.0
20260319,300142,沃森生物,12.59,12.39,13.13,12.34,101084600.0
20260319,300143,盈康生命,12.43,12.55,12.93,12.41,28793200.0
20260319,300144,宋城演艺,7.98,7.95,8.02,7.93,22881400.0
20260319,300145,南方泵业,5.1,5.06,5.19,5.02,67840200.0
20260319,300146,汤臣倍健,11.59,11.58,11.7,11.54,11667200.0
20260319,300148,天舟文化,4.56,4.53,4.6,4.52,22035300.0
20260319,300149,睿智医药,10.19,9.92,10.19,9.88,8229500.0
20260319,300150,世纪瑞尔,5.77,5.67,5.81,5.63,10123800.0
20260319,300151,昌红科技,17.2,17.18,17.69,16.94,9798600.0
20260319,300153,科泰电源,31.55,30.9,32.04,30.69,15737000.0
20260319,300154,瑞凌股份,8.74,8.56,8.74,8.52,4198300.0
20260319,300155,安居宝,5.21,5.1,5.26,5.08,9409200.0
20260319,300157,新锦动力,7.73,7.68,7.95,7.4,176710700.0
20260319,300158,振东制药,5.96,5.87,6.01,5.85,19269400.0
20260319,300159,新研股份,3.03,2.99,3.06,2.98,21345400.0
20260319,300160,秀强股份,5.93,5.92,6.01,5.9,16166700.0
20260319,300161,华中数控,30.12,29.94,30.49,29.83,3455300.0
20260319,300162,雷曼光电,9.34,9.32,9.57,9.19,34613400.0
20260319,300163,先锋新材,4.85,4.81,4.89,4.79,17149600.0
20260319,300164,通源石油,20.1,20.45,20.75,19.67,222530000.0
20260319,300165,天瑞仪器,5.49,5.53,5.64,5.45,8920800.0
20260319,300166,东方国信,15.22,16.36,17.33,15.04,311703800.0
20260319,300168,万达信息,5.9,5.9,5.97,5.87,16631100.0
20260319,300169,天晟新材,6.66,6.6,6.79,6.58,8867000.0
20260319,300170,汉得信息,22.33,22.49,22.87,22.22,63829600.0
20260319,300171,东富龙,16.0,15.08,16.03,15.0,15060300.0
20260319,300172,中电环保,5.94,5.94,6.03,5.91,22620100.0
20260319,300174,元力股份,16.88,16.92,17.12,16.8,7719700.0
20260319,300175,朗源股份,6.44,6.32,6.44,6.32,3533700.0
20260319,300176,鸿特科技,7.55,7.39,7.57,7.37,11418400.0
20260319,300177,中海达,9.2,9.06,9.23,9.06,9631800.0
20260319,300179,四方达,22.0,21.41,22.0,21.23,31078400.0
20260319,300180,华峰超纤,6.68,6.66,6.8,6.63,47835000.0
20260319,300181,佐力药业,16.21,15.87,16.33,15.82,10378400.0
20260319,300182,捷成股份,6.16,6.14,6.21,6.11,103285600.0
20260319,300183,东软载波,15.85,15.72,15.99,15.62,5112400.0
20260319,300184,力源信息,11.28,11.57,11.74,11.28,107100900.0
20260319,300185,通裕重工,3.83,3.87,4.01,3.75,479493200.0
20260319,300187,永清环保,5.45,5.44,5.52,5.41,10380400.0
20260319,300188,国投智能,13.4,13.55,13.95,13.4,15335900.0
20260319,300189,神农种业,7.9,7.71,8.0,7.58,125426500.0
20260319,300190,维尔利,4.49,4.47,4.61,4.41,44135700.0
20260319,300191,潜能恒信,41.86,42.45,43.53,40.71,42634200.0
20260319,300192,科德教育,18.96,18.98,19.41,18.9,6581500.0
20260319,300193,佳士科技,9.29,9.05,9.36,9.02,10274900.0
20260319,300194,福安药业,4.23,4.15,4.24,4.14,15500000.0
20260319,300195,长荣股份,8.42,8.25,8.48,8.18,8818200.0
20260319,300196,长海股份,18.03,17.63,18.09,17.51,11135000.0
20260319,300197,节能铁汉,1.87,1.84,1.88,1.83,70318300.0
20260319,300199,翰宇药业,18.25,18.96,19.28,18.21,49321900.0
20260319,300200,高盟新材,11.15,10.99,11.19,10.92,10365000.0
20260319,300201,海伦哲,11.7,11.75,11.99,11.47,55187400.0
20260319,300203,聚光科技,14.17,14.05,14.36,13.97,4883200.0
20260319,300204,舒泰神,24.98,24.87,25.29,24.68,7609300.0
20260319,300206,理邦仪器,14.96,14.68,15.07,14.66,12941700.0
20260319,300207,欣旺达,25.68,26.62,27.1,25.61,83111500.0
20260319,300209,行云科技,10.73,11.01,11.37,10.55,78005400.0
20260319,300210,森远股份,8.97,8.96,9.22,8.91,8471900.0
20260319,300213,佳讯飞鸿,8.45,8.38,8.52,8.35,9826400.0
20260319,300214,日科化学,7.75,7.5,7.86,7.48,18526900.0
20260319,300215,电科院,8.72,8.76,8.79,8.38,31728400.0
20260319,300217,东方电热,5.36,5.37,5.49,5.33,39996400.0
20260319,300218,安利股份,16.11,15.6,16.11,15.51,4451900.0
20260319,300219,鸿利智汇,8.07,8.04,8.17,7.97,25442100.0
20260319,300220,金运激光,14.9,14.56,15.02,14.48,2444400.0
20260319,300221,银禧科技,10.5,10.22,10.56,10.15,18413300.0
20260319,300222,科大智能,11.94,11.74,12.08,11.66,22096000.0
20260319,300223,君正股份,127.98,121.92,128.8,120.38,41216700.0
20260319,300224,正海磁材,15.66,15.06,15.68,14.98,30261700.0
20260319,300225,金力泰,5.6,5.56,5.76,5.5,8841700.0
20260319,300226,上海钢联,27.12,27.82,28.69,26.81,22933800.0
20260319,300227,光韵达,12.28,11.95,12.4,11.8,19504900.0
20260319,300228,富瑞特装,10.08,9.95,10.33,9.9,37753000.0
20260319,300229,拓尔思,19.51,19.64,19.8,19.41,18846400.0
20260319,300230,永利股份,5.17,5.02,5.19,5.0,15338300.0
20260319,300231,银信科技,11.83,12.26,12.36,11.76,61842800.0
20260319,300232,洲明科技,7.89,7.99,8.16,7.79,52580700.0
20260319,300233,金城医药,14.8,14.5,14.95,14.46,5292300.0
20260319,300234,开尔新材,6.22,6.17,6.4,6.1,21179900.0
20260319,300235,方直科技,12.9,12.95,13.19,12.75,7808800.0
20260319,300236,上海新阳,79.02,77.98,79.49,77.28,7320200.0
20260319,300238,冠昊生物,16.43,16.01,16.5,15.97,9478900.0
20260319,300239,东宝生物,5.86,5.72,5.92,5.68,6721000.0
20260319,300240,飞力达,7.46,7.32,7.53,7.29,7114300.0
20260319,300241,瑞丰光电,7.0,7.2,7.27,6.98,68540700.0
20260319,300242,佳云科技,5.15,5.07,5.16,5.03,17357500.0
20260319,300243,瑞丰高材,14.66,14.0,15.28,13.9,43083300.0
20260319,300244,迪安诊断,19.51,19.18,19.67,19.1,15872600.0
20260319,300246,宝莱特,15.16,14.45,15.55,14.4,20696000.0
20260319,300247,融捷健康,4.74,4.61,4.75,4.6,13835200.0
20260319,300248,新开普,11.7,11.69,11.87,11.63,5709200.0
20260319,300249,依米康,18.48,18.4,19.03,18.26,48072300.0
20260319,300250,初灵信息,22.34,22.23,22.63,22.11,4937000.0
20260319,300251,光线传媒,16.18,16.0,16.19,15.9,58196900.0
20260319,300252,金信诺,13.81,13.64,13.91,13.53,19750800.0
20260319,300253,卫宁健康,9.08,9.02,9.15,8.99,41573600.0
20260319,300254,仟源医药,12.01,11.69,12.05,11.59,9209800.0
20260319,300255,常山药业,37.75,38.44,39.8,37.47,23969200.0
20260319,300256,星星科技,3.7,3.65,3.73,3.63,21341300.0
20260319,300257,开山股份,31.85,31.95,33.05,31.5,18118700.0
20260319,300258,精锻科技,13.51,13.2,13.58,13.13,16411000.0
20260319,300259,新天科技,4.99,4.87,5.01,4.82,28886100.0
20260319,300260,新莱应材,49.74,49.2,50.09,48.95,7437900.0
20260319,300261,雅本化学,7.1,6.91,7.15,6.9,21796300.0
20260319,300263,隆华科技,10.45,10.3,10.5,10.2,32399000.0
20260319,300264,佳创视讯,10.39,10.37,10.98,10.12,41738300.0
20260319,300265,通光线缆,17.44,17.38,17.88,17.02,43228200.0
20260319,300266,兴源环境,2.81,2.8,2.9,2.77,60213800.0
20260319,300267,尔康制药,3.91,3.84,3.92,3.81,46391400.0
20260319,300268,佳沃食品,13.85,13.75,14.13,13.72,1070900.0
20260319,300269,联建光电,8.19,8.13,8.33,8.02,33442400.0
20260319,300270,中威电子,11.0,10.76,11.0,10.74,4553600.0
20260319,300271,华宇软件,7.38,7.46,7.62,7.38,13027700.0
20260319,300272,开能健康,8.35,8.21,8.4,8.14,51091400.0
20260319,300274,阳光电源,163.64,165.1,170.38,163.64,58342700.0
20260319,300275,梅安森,11.76,11.51,11.82,11.47,3713100.0
20260319,300276,三丰智能,7.59,7.4,7.6,7.37,18637300.0
20260319,300277,汽轮科技,20.39,19.86,20.43,19.74,37259200.0
20260319,300278,华昌达,5.1,4.99,5.12,4.98,19318900.0
20260319,300279,和晶科技,11.19,10.79,11.6,10.71,31170900.0
20260319,300281,金明精机,7.21,7.1,7.31,7.01,4454000.0
20260319,300283,温州宏丰,8.16,8.0,8.21,7.96,15847200.0
20260319,300284,苏交科,7.09,6.99,7.14,6.98,10052700.0
20260319,300285,国瓷材料,35.43,34.41,35.45,34.05,34442900.0
20260319,300286,安科瑞,29.01,28.6,29.42,28.41,4656800.0
20260319,300287,飞利信,4.72,4.64,4.72,4.62,19452700.0
20260319,300288,朗玛信息,13.55,13.54,13.68,13.46,3207000.0
20260319,300289,利德曼,6.88,6.71,6.91,6.7,5664500.0
20260319,300291,百纳千成,7.17,7.17,7.28,7.14,14884300.0
20260319,300292,吴通控股,5.01,4.98,5.08,4.95,77395300.0
20260319,300293,蓝英装备,18.08,17.86,18.23,17.8,3404800.0
20260319,300294,博雅生物,20.38,20.0,20.48,19.9,5829000.0
20260319,300296,利亚德,8.4,8.37,8.49,8.18,200873800.0
20260319,300298,三诺生物,16.72,16.56,16.79,16.5,4003700.0
20260319,300299,富春股份,6.44,6.39,6.48,6.35,11496800.0
20260319,300300,海峡创新,12.3,12.35,12.75,12.21,54822000.0
20260319,300302,同有科技,26.01,26.44,28.39,26.01,132099000.0
20260319,300303,聚飞光电,9.39,9.42,9.61,9.36,109005700.0
20260319,300304,云意电气,13.31,13.18,13.47,13.1,15937600.0
20260319,300305,裕兴股份,6.67,6.5,6.71,6.49,8231700.0
20260319,300306,远方信息,13.29,12.96,13.34,12.85,3679900.0
20260319,300307,慈星股份,6.91,6.86,6.95,6.85,6977000.0
20260319,300308,中际旭创,580.0,575.2,592.8,569.9,33140800.0
20260319,300310,宜通世纪,6.73,6.72,6.83,6.69,30887500.0
20260319,300311,任子行,5.45,5.41,5.52,5.39,12028100.0
20260319,300313,天山生物,7.28,7.16,7.34,7.16,1832000.0
20260319,300314,戴维医疗,13.78,13.42,13.83,13.36,2615200.0
20260319,300315,掌趣科技,5.21,5.2,5.3,5.19,79311100.0
20260319,300316,晶盛机电,44.55,43.75,44.87,43.4,21396500.0
20260319,300317,珈伟新能,5.95,6.97,7.21,5.8,404596100.0
20260319,300318,博晖创新,6.24,6.12,6.3,6.09,6893800.0
20260319,300319,麦捷科技,13.63,13.29,13.7,13.2,38972800.0
20260319,300320,海达股份,11.26,10.81,11.26,10.76,10562800.0
20260319,300321,同大股份,35.36,34.35,35.36,34.1,1489600.0
20260319,300322,硕贝德,26.5,26.36,26.77,26.08,16063800.0
20260319,300323,华灿光电,10.85,10.78,11.02,10.66,98661700.0
20260319,300324,旋极信息,5.34,5.3,5.42,5.26,38234400.0
20260319,300327,中颖电子,26.19,25.65,26.23,25.53,8567300.0
20260319,300328,宜安科技,18.13,17.8,18.39,17.58,45284000.0
20260319,300329,海伦钢琴,13.35,13.93,14.26,13.2,9183800.0
20260319,300331,苏大维格,41.5,41.28,42.28,40.95,7557900.0
20260319,300332,天壕能源,6.26,7.14,7.14,6.12,199587600.0
20260319,300333,兆日科技,10.02,9.91,10.09,9.86,6000900.0
20260319,300334,津膜科技,7.96,7.78,8.0,7.73,5494800.0
20260319,300335,迪森股份,7.19,7.23,7.52,7.1,46144900.0
20260319,300337,银邦股份,12.96,13.02,13.33,12.88,26882900.0
20260319,300339,润和软件,44.64,43.62,44.8,43.3,21638300.0
20260319,300340,科恒股份,11.7,11.26,11.76,11.21,9386100.0
20260319,300341,麦克奥迪,15.64,15.39,15.74,15.35,3800000.0
20260319,300342,天银机电,43.5,45.77,46.68,42.66,62531600.0
20260319,300343,联创股份,6.64,6.46,6.65,6.43,18203500.0
20260319,300345,华民股份,7.9,7.39,7.94,7.39,72163500.0
20260319,300346,南大光电,47.67,47.14,48.05,46.82,18125600.0
20260319,300347,泰格医药,52.37,51.17,52.5,50.97,8791100.0
20260319,300348,长亮科技,13.75,13.97,14.24,13.68,28184700.0
20260319,300349,金卡智能,14.45,14.29,14.49,14.25,7338500.0
20260319,300350,华鹏飞,6.4,6.16,6.4,6.14,26371100.0
20260319,300351,永贵电器,16.85,16.66,17.02,16.59,10223600.0
20260319,300353,东土科技,21.34,21.07,21.45,20.89,11759400.0
20260319,300354,东华测试,38.25,37.71,38.48,37.63,1285400.0
20260319,300355,蒙草生态,4.02,3.99,4.05,3.97,30712000.0
20260319,300357,我武生物,25.8,25.52,26.08,25.45,10966000.0
20260319,300358,楚天科技,10.25,9.92,10.29,9.83,20814500.0
20260319,300359,全通教育,5.38,5.3,5.42,5.27,7124400.0
20260319,300360,炬华科技,17.13,16.83,17.19,16.71,10795800.0
20260319,300363,博腾股份,20.8,20.34,20.93,20.25,7818400.0
20260319,300364,中文在线,26.8,26.97,27.32,26.66,36978800.0
20260319,300365,恒华科技,6.91,6.96,7.11,6.89,34773200.0
20260319,300368,汇金股份,11.91,11.84,12.17,11.81,13106900.0
20260319,300369,绿盟科技,9.67,9.63,9.84,9.55,61278000.0
20260319,300370,安控科技,2.82,2.83,2.89,2.79,47197100.0
20260319,300371,汇中股份,13.71,13.25,13.79,13.14,3084000.0
20260319,300373,扬杰科技,75.2,74.06,75.48,73.6,7835500.0
20260319,300374,中铁装配,14.88,14.57,14.92,14.52,3406800.0
20260319,300375,鹏翎股份,5.26,5.18,5.3,5.16,15206300.0
20260319,300376,易事特,7.2,7.05,7.2,7.02,27376800.0
20260319,300377,赢时胜,19.65,19.83,20.38,19.58,32157500.0
20260319,300378,鼎捷数智,42.6,42.04,42.8,41.81,7507000.0
20260319,300380,安硕信息,37.65,37.89,38.4,37.5,2134300.0
20260319,300381,溢多利,7.27,7.08,7.31,7.04,9911300.0
20260319,300382,斯莱克,12.1,11.76,12.18,11.71,12075100.0
20260319,300383,光环新网,16.51,16.7,17.28,16.51,178038000.0
20260319,300384,三联虹普,17.23,16.88,17.24,16.76,6133500.0
20260319,300386,飞天诚信,15.63,15.53,15.9,15.48,3983000.0
20260319,300387,富邦科技,9.99,9.26,10.31,9.22,36226200.0
20260319,300388,节能国祯,8.6,8.54,8.75,8.5,5464000.0
20260319,300389,艾比森,19.67,20.9,22.0,19.5,31322500.0
20260319,300390,天华新能,50.01,47.77,50.09,47.26,28792700.0
20260319,300393,中来股份,10.4,10.21,10.57,10.15,65409000.0
20260319,300394,天孚通信,305.57,307.99,316.6,301.0,32108900.0
20260319,300395,菲利华,105.0,101.02,105.79,100.01,31150700.0
20260319,300397,天和防务,12.8,12.65,12.86,12.53,10770700.0
20260319,300398,飞凯材料,27.0,26.47,27.1,26.26,26077800.0
20260319,300399,天利科技,23.3,23.06,23.66,23.02,3794900.0
20260319,300400,劲拓股份,25.0,24.58,25.97,24.45,24395100.0
20260319,300401,花园生物,14.82,14.55,14.92,14.41,16151600.0
20260319,300402,宝色股份,20.58,20.15,20.63,20.05,3850200.0
20260319,300403,汉宇集团,12.38,12.13,12.41,12.09,8360500.0
20260319,300404,博济医药,10.09,9.93,10.18,9.91,6063600.0
20260319,300405,科隆股份,6.95,6.69,6.97,6.65,10043600.0
20260319,300406,九强生物,12.48,12.23,12.48,12.14,4987000.0
20260319,300407,凯发电气,13.62,13.42,13.67,13.33,5622900.0
20260319,300408,三环集团,54.8,55.95,57.04,54.42,25359300.0
20260319,300409,道氏技术,27.0,25.7,27.0,25.59,57747400.0
20260319,300410,正业科技,8.91,8.6,8.91,8.55,16388500.0
20260319,300411,金盾股份,10.91,10.61,10.96,10.56,6181500.0
20260319,300412,迦南科技,5.75,5.57,5.77,5.53,15747600.0
20260319,300413,芒果超媒,21.93,21.99,22.09,21.9,10635000.0
20260319,300414,中光防雷,14.21,14.05,14.32,13.91,7111800.0
20260319,300415,伊之密,26.39,25.87,26.59,25.74,7728300.0
20260319,300416,苏试试验,17.43,17.25,17.68,17.13,14952300.0
20260319,300417,南华仪器,13.92,13.6,14.04,13.51,3066800.0
20260319,300418,昆仑万维,48.71,54.88,56.66,48.37,141110400.0
20260319,300420,五洋自控,3.94,3.86,3.95,3.85,27851500.0
20260319,300421,力星股份,24.47,23.96,24.64,23.92,7856500.0
20260319,300422,博世科,5.07,5.0,5.13,4.99,6632900.0
20260319,300423,昇辉科技,9.45,9.24,9.53,9.18,23684300.0
20260319,300424,航新科技,17.25,17.09,17.3,16.95,6516100.0
20260319,300425,中建环能,5.2,5.1,5.25,5.08,12801700.0
20260319,300426,华智数媒,8.28,8.29,8.39,8.24,4828500.0
20260319,300427,红相股份,13.12,12.96,13.17,12.79,29588100.0
20260319,300428,立中集团,22.09,21.21,22.18,21.13,15107400.0
20260319,300429,强力新材,13.78,13.47,13.82,13.42,9460500.0
20260319,300432,富临精工,19.37,19.79,20.4,19.28,82742200.0
20260319,300433,蓝思科技,30.12,29.73,30.21,29.54,51077000.0
20260319,300434,金石亚药,10.2,10.05,10.26,10.02,4327200.0
20260319,300435,中泰股份,27.35,26.64,27.89,26.55,15901300.0
20260319,300436,广生堂,106.0,106.2,109.89,105.08,7180800.0
20260319,300437,清水源,18.04,16.75,18.44,16.47,29765800.0
20260319,300438,鹏辉能源,54.0,54.86,57.67,53.0,43124800.0
20260319,300439,美康生物,10.48,10.32,10.62,10.26,6004700.0
20260319,300440,运达科技,15.79,15.41,15.87,15.29,6200100.0
20260319,300441,鲍斯股份,7.81,7.67,7.94,7.59,12341900.0
20260319,300442,润泽科技,84.3,89.75,93.33,84.1,80037900.0
20260319,300443,金雷股份,30.5,30.75,32.0,30.45,18346300.0
20260319,300444,双杰电气,15.51,14.98,15.59,14.85,62766500.0
20260319,300445,康斯特,20.71,20.29,20.94,20.17,3773500.0
20260319,300446,航天智造,20.83,20.56,20.9,20.4,11183400.0
20260319,300447,全信股份,19.0,18.8,19.14,18.65,7568400.0
20260319,300448,浩云科技,8.31,8.18,8.43,8.15,24826100.0
20260319,300449,汉邦高科,8.32,8.11,8.4,8.05,12766100.0
20260319,300450,先导智能,48.5,48.17,49.2,47.87,38458600.0
20260319,300451,创业慧康,4.97,4.93,5.01,4.91,20013300.0
20260319,300452,山河药辅,15.3,14.92,15.35,14.9,4074700.0
20260319,300453,三鑫医疗,9.85,9.82,10.25,9.79,16633700.0
20260319,300454,深信服,115.68,116.35,118.15,114.38,7414300.0
20260319,300455,航天智装,23.98,23.71,24.24,23.58,9696800.0
20260319,300456,赛微电子,45.38,45.07,46.02,44.79,23683500.0
20260319,300457,赢合科技,24.46,24.29,24.68,24.19,7183200.0
20260319,300458,全志科技,37.5,36.9,37.62,36.75,13761700.0
20260319,300459,汤姆猫,4.53,4.52,4.55,4.49,73297000.0
20260319,300461,田中精机,49.89,44.35,49.89,43.58,15290500.0
20260319,300463,迈克生物,11.4,11.28,11.51,11.25,6856800.0
20260319,300464,星徽股份,7.53,7.39,7.73,7.34,21676200.0
20260319,300465,高伟达,17.03,16.81,17.17,16.77,7946500.0
20260319,300466,赛摩智能,9.38,9.22,9.45,9.17,7511700.0
20260319,300467,迅游科技,30.71,30.13,30.71,29.97,2507100.0
20260319,300468,四方精创,35.7,37.14,37.7,35.41,55410900.0
20260319,300469,信息发展,71.1,67.5,71.88,67.15,10141400.0
20260319,300470,中密控股,37.16,38.77,41.0,37.0,15819600.0
20260319,300471,厚普股份,13.9,13.83,14.24,13.77,17761300.0
20260319,300473,德尔股份,35.0,35.32,36.37,34.68,5130500.0
20260319,300474,景嘉微,64.6,64.62,65.37,64.3,5290500.0
20260319,300475,香农芯创,162.92,161.68,167.2,160.08,32868000.0
20260319,300476,胜宏科技,281.0,277.28,283.58,276.4,32661100.0
20260319,300478,杭州高新,24.77,23.48,24.77,23.2,2825200.0
20260319,300479,神思电子,20.36,20.58,20.89,20.21,4557300.0
20260319,300480,光力科技,30.9,30.39,31.38,30.11,14768900.0
20260319,300481,濮阳惠成,17.13,16.78,17.34,16.63,8158100.0
20260319,300482,万孚生物,19.55,20.09,20.21,19.52,10985800.0
20260319,300483,首华燃气,22.0,23.96,24.01,21.61,87821000.0
20260319,300484,蓝海华腾,17.9,17.47,18.01,17.4,3446800.0
20260319,300485,赛升药业,11.11,10.88,11.18,10.85,4142800.0
20260319,300486,东杰智能,25.46,26.69,27.21,25.41,31280400.0
20260319,300487,蓝晓科技,70.0,66.5,70.37,66.04,4864000.0
20260319,300488,恒锋工具,29.15,28.27,29.3,28.12,3668000.0
20260319,300489,光智科技,44.23,42.49,44.33,42.11,3785400.0
20260319,300490,华自科技,16.64,16.22,16.73,16.08,19478800.0
20260319,300491,通合科技,26.46,25.83,26.67,25.57,10274200.0
20260319,300492,华图山鼎,66.4,63.75,66.57,63.35,1794900.0
20260319,300493,润欣科技,17.3,17.1,17.36,17.0,11235300.0
20260319,300494,盛天网络,12.27,12.23,12.35,12.17,7841300.0
20260319,300496,中科创达,65.02,65.26,65.67,64.9,9596900.0
20260319,300497,富祥股份,15.3,15.06,15.74,15.02,15588500.0
20260319,300498,温氏股份,17.36,17.14,17.42,17.07,45235700.0
20260319,300499,高澜股份,40.66,40.5,41.92,39.68,51083400.0
20260319,300500,启迪设计,12.17,11.94,12.3,11.9,2357700.0
20260319,300501,海顺新材,16.49,16.07,16.75,16.02,4895400.0
20260319,300502,新易盛,427.01,440.4,450.81,427.01,54357200.0
20260319,300503,昊志机电,51.34,50.13,51.75,49.83,15080700.0
20260319,300504,天邑股份,16.4,16.63,17.13,16.3,13939300.0
20260319,300505,川金诺,35.85,33.04,36.54,32.81,49249300.0
20260319,300506,名家汇,5.24,5.11,5.24,5.1,7008300.0
20260319,300507,苏奥传感,8.77,8.64,8.78,8.61,9340100.0
20260319,300508,维宏股份,39.85,38.27,39.97,38.03,2722600.0
20260319,300509,新美星,13.19,12.66,13.19,12.5,4655900.0
20260319,300510,金冠股份,4.76,4.73,4.88,4.71,28116600.0
20260319,300511,雪榕生物,6.97,6.91,7.07,6.85,16545300.0
20260319,300512,中亚股份,9.6,9.35,9.61,9.29,3985400.0
20260319,300513,恒实科技,9.63,9.66,9.82,9.55,6712200.0
20260319,300514,友讯达,14.12,13.92,14.32,13.88,5289000.0
20260319,300515,三德科技,18.93,18.72,19.17,18.63,2195300.0
20260319,300516,久之洋,61.73,60.94,63.0,60.51,3587100.0
20260319,300517,海波重科,12.01,11.61,12.01,11.51,6799100.0
20260319,300518,新迅达,21.2,20.6,21.3,20.5,5034200.0
20260319,300519,新光药业,16.23,15.85,16.34,15.78,2169700.0
20260319,300520,科大国创,38.56,39.24,40.32,38.39,12877600.0
20260319,300521,爱司凯,29.18,28.47,29.5,28.3,2359900.0
20260319,300522,世名科技,12.02,11.76,12.07,11.73,3387000.0
20260319,300523,辰安科技,22.9,22.57,22.98,22.45,2063900.0
20260319,300525,博思软件,11.28,11.22,11.38,11.21,9690700.0
20260319,300528,幸福蓝海,16.48,16.22,16.6,16.15,8184500.0
20260319,300529,健帆生物,18.89,18.63,18.89,18.57,3686400.0
20260319,300530,领湃科技,27.39,27.14,28.06,27.08,1497900.0
20260319,300531,优博讯,18.7,18.74,19.18,18.62,18725800.0
20260319,300532,今天国际,11.4,11.28,11.47,11.23,5224400.0
20260319,300533,冰川网络,30.73,29.97,30.73,29.88,5965800.0
20260319,300534,陇神戎发,9.64,9.49,9.71,9.45,5703900.0
20260319,300535,达威股份,21.61,20.91,21.61,20.74,1453200.0
20260319,300536,农尚环境,8.95,8.63,8.99,8.57,10668700.0
20260319,300537,广信材料,22.9,22.35,23.05,22.2,5647800.0
20260319,300538,同益股份,15.66,15.35,15.82,15.3,2715400.0
20260319,300539,横河精密,28.66,27.88,28.74,27.71,4060200.0
20260319,300540,蜀道装备,20.13,19.77,20.75,19.71,8146300.0
20260319,300541,先进数通,15.67,15.44,15.81,15.32,13040300.0
20260319,300542,新晨科技,16.95,16.91,17.2,16.85,3708000.0
20260319,300543,朗科智能,10.65,10.54,10.74,10.48,4193100.0
20260319,300545,联得装备,33.53,34.1,34.71,32.9,9246100.0
20260319,300546,雄帝科技,23.5,23.3,23.87,23.1,3904200.0
20260319,300547,川环科技,31.8,31.71,32.33,31.6,3919000.0
20260319,300548,长芯博创,145.31,143.56,149.33,141.95,20211400.0
20260319,300549,优德精密,18.18,17.76,18.35,17.66,1951600.0
20260319,300550,和仁科技,13.28,13.0,13.31,12.97,3885100.0
20260319,300551,古鳌科技,17.38,17.28,19.21,17.15,24839300.0
20260319,300552,万集科技,28.71,28.85,29.46,28.71,3709200.0
20260319,300553,集智股份,38.06,37.4,38.26,37.31,1875600.0
20260319,300554,三超新材,24.92,24.36,25.67,24.2,5114000.0
20260319,300556,丝路视觉,19.16,18.88,19.29,18.72,2902700.0
20260319,300557,理工光科,36.6,36.09,36.72,35.82,2511600.0
20260319,300558,贝达药业,44.14,43.34,44.46,43.15,4146600.0
20260319,300559,佳发教育,11.74,12.9,13.33,11.68,30856700.0
20260319,300560,中富通,15.68,15.47,15.83,15.36,6339100.0
20260319,300561,汇金科技,12.69,12.4,12.8,12.33,7945600.0
20260319,300562,乐心医疗,13.86,13.57,13.93,13.49,4568800.0
20260319,300563,神宇股份,32.66,31.86,33.06,31.78,6433800.0
20260319,300564,筑博设计,15.8,15.37,15.98,15.27,2091400.0
20260319,300565,科信技术,13.0,13.3,13.88,13.0,20166600.0
20260319,300566,激智科技,19.74,19.57,19.92,19.46,5697000.0
20260319,300567,精测电子,128.86,127.47,131.0,126.6,4842800.0
20260319,300568,星源材质,14.5,13.88,14.56,13.78,61470500.0
20260319,300569,天能重工,7.57,7.68,8.21,7.43,164670100.0
20260319,300570,太辰光,115.01,117.26,120.68,115.01,19796600.0
20260319,300571,平治信息,36.01,35.0,37.0,34.6,30549700.0
20260319,300572,安车检测,25.5,24.87,25.5,24.67,4824000.0
20260319,300573,兴齐眼药,68.8,68.06,69.27,68.01,4531600.0
20260319,300575,中旗股份,6.65,6.46,6.78,6.42,13165300.0
20260319,300576,容大感光,37.15,36.43,37.3,36.17,6851100.0
20260319,300577,开润股份,19.94,19.29,19.94,19.23,1065700.0
20260319,300578,会畅科技,22.16,21.81,22.5,21.66,9134300.0
20260319,300579,数字认证,29.39,30.8,31.67,29.22,10540100.0
20260319,300580,贝斯特,21.63,22.05,22.52,21.6,8093900.0
20260319,300581,晨曦航空,13.93,13.41,13.94,13.35,9908500.0
20260319,300582,英飞特,15.16,14.82,15.23,14.73,5263100.0
20260319,300583,赛托生物,14.98,14.57,15.07,14.5,2036400.0
20260319,300584,海辰药业,42.79,41.38,43.04,41.19,3070800.0
20260319,300585,奥联电子,16.17,15.93,16.44,15.86,3136400.0
20260319,300586,美联新材,9.91,9.65,9.97,9.62,10897400.0
20260319,300587,天铁科技,6.2,6.15,6.37,6.13,25659200.0
20260319,300588,熙菱信息,25.62,25.68,26.49,25.51,4365200.0
20260319,300589,江龙船艇,16.72,16.33,16.86,16.25,16380200.0
20260319,300590,移为通信,11.83,11.75,11.93,11.68,4366900.0
20260319,300591,万里马,7.45,7.28,7.47,7.23,10936600.0
20260319,300592,华凯易佰,12.81,12.51,12.84,12.46,4882600.0
20260319,300593,新雷能,25.78,25.42,25.95,25.28,9772800.0
20260319,300595,欧普康视,15.53,15.18,15.59,15.12,9508600.0
20260319,300596,利安隆,44.45,42.41,44.77,42.19,6501900.0
20260319,300597,吉大通信,9.86,9.76,9.96,9.73,5602400.0
20260319,300598,诚迈科技,40.6,40.34,40.9,40.1,3633900.0
20260319,300599,雄塑科技,10.09,9.88,10.21,9.8,9852500.0
20260319,300600,国瑞科技,13.37,12.81,13.66,12.75,5961100.0
20260319,300601,康泰生物,14.19,14.17,14.44,13.98,12516400.0
20260319,300602,飞荣达,33.07,33.13,33.88,32.85,15533500.0
20260319,300603,立昂技术,11.15,11.22,11.49,11.11,34180400.0
20260319,300604,长川科技,126.0,124.35,126.85,123.7,14960100.0
20260319,300605,恒锋信息,15.13,14.93,15.19,14.85,3110800.0
20260319,300606,金太阳,41.18,38.99,41.53,38.74,20142300.0
20260319,300607,拓斯达,25.98,25.87,26.24,25.73,8078900.0
20260319,300608,思特奇,12.35,12.28,12.6,12.22,11295600.0
20260319,300609,汇纳科技,36.93,37.0,38.0,36.52,4123300.0
20260319,300610,晨化股份,12.54,12.23,13.4,12.2,17684600.0
20260319,300611,美力科技,28.66,28.98,29.3,28.58,6590100.0
20260319,300612,宣亚国际,15.8,15.63,15.9,15.55,5969000.0
20260319,300613,富瀚微,42.95,42.35,43.15,42.12,3132600.0
20260319,300614,百川畅银,14.58,14.22,14.71,14.16,3034000.0
20260319,300615,欣天科技,14.5,14.32,14.74,14.18,8778500.0
20260319,300616,尚品宅配,13.0,12.76,13.12,12.73,2655200.0
20260319,300617,安靠智电,60.46,60.79,62.19,59.73,8966400.0
20260319,300618,寒锐钴业,44.0,42.29,44.1,42.01,10191000.0
20260319,300619,金银河,39.98,39.91,40.95,39.52,5617700.0
20260319,300620,光库科技,149.0,149.98,152.98,148.0,8836300.0
20260319,300621,维业股份,8.99,8.75,9.05,8.7,3258000.0
20260319,300622,博士眼镜,25.74,25.42,25.94,25.36,5114900.0
20260319,300623,捷捷微电,29.2,29.4,30.26,28.8,17559000.0
20260319,300624,万兴科技,72.99,73.03,74.19,72.4,9219500.0
20260319,300625,三雄极光,12.98,12.7,13.06,12.66,3061100.0
20260319,300626,华瑞股份,21.5,21.4,22.28,21.25,9501100.0
20260319,300627,华测导航,34.21,34.0,34.27,33.77,8021700.0
20260319,300628,亿联网络,33.7,34.25,34.63,33.52,11300600.0
20260319,300629,新劲刚,25.32,24.7,25.4,24.61,12515700.0
20260319,300631,久吾高科,27.34,26.54,27.34,26.41,2383800.0
20260319,300632,光莆股份,15.0,14.79,15.1,14.7,7923300.0
20260319,300633,开立医疗,25.92,25.6,26.22,25.51,3436100.0
20260319,300634,彩讯股份,26.17,26.08,26.47,25.78,11312300.0
20260319,300635,中达安,13.34,12.96,13.34,12.9,4113100.0
20260319,300636,同和药业,8.24,8.02,8.25,7.99,7397500.0
20260319,300637,扬帆新材,11.93,11.57,11.98,11.48,5543900.0
20260319,300638,广和通,26.75,26.72,27.05,26.54,13040400.0
20260319,300639,凯普生物,6.7,6.6,6.94,6.58,27557500.0
20260319,300640,德艺文创,7.53,7.41,7.58,7.37,6464400.0
20260319,300641,正丹股份,23.96,24.09,25.84,23.54,67792300.0
20260319,300642,透景生命,17.57,17.12,17.63,17.0,2216500.0
20260319,300643,万通智控,19.48,19.02,19.71,18.96,8442700.0
20260319,300644,南京聚隆,30.51,29.65,30.55,29.45,2714600.0
20260319,300645,正元智慧,18.78,18.65,18.97,18.54,3183300.0
20260319,300647,超频三,6.74,6.63,6.8,6.6,10063600.0
20260319,300648,星云股份,55.5,54.45,55.53,54.16,2599300.0
20260319,300649,杭州园林,15.0,14.64,15.16,14.61,2004900.0
20260319,300650,太龙股份,17.31,16.98,17.43,16.8,7388800.0
20260319,300651,金陵体育,28.49,28.1,28.9,27.83,8996200.0
20260319,300652,雷迪克,45.15,44.26,45.52,44.0,2058800.0
20260319,300653,正海生物,20.45,19.88,20.65,19.81,2709800.0
20260319,300654,世纪天鸿,11.55,11.5,11.77,11.38,12149400.0
20260319,300655,晶瑞电材,15.56,15.19,15.57,15.09,29074700.0
20260319,300656,民德电子,23.08,22.41,23.13,22.35,3461100.0
20260319,300657,弘信电子,31.54,31.83,32.89,31.5,30367500.0
20260319,300658,延江股份,26.31,25.85,26.99,25.7,17520000.0
20260319,300659,中孚信息,14.93,14.86,15.07,14.76,4253100.0
20260319,300660,江苏雷利,44.48,43.75,45.0,43.6,5367600.0
20260319,300661,圣邦股份,71.92,70.91,72.16,69.92,15777600.0
20260319,300662,科锐国际,25.07,24.64,25.16,24.5,3356600.0
20260319,300663,科蓝软件,15.26,15.17,15.4,15.11,6000700.0
20260319,300664,鹏鹞环保,6.18,6.12,6.26,6.08,26411500.0
20260319,300665,飞鹿股份,7.91,7.72,7.98,7.69,5512100.0
20260319,300666,江丰电子,136.13,136.65,139.95,133.55,9416400.0
20260319,300667,必创科技,16.64,16.5,16.71,16.28,5385400.0
20260319,300668,杰恩股份,28.5,28.38,29.66,27.9,3972200.0
20260319,300669,沪宁股份,32.42,32.6,32.96,32.11,1569000.0
20260319,300670,大烨智能,6.88,6.78,6.98,6.75,9397700.0
20260319,300671,富满微,41.28,40.59,41.72,40.38,8061300.0
20260319,300672,国科微,191.75,193.02,196.75,186.87,16273400.0
20260319,300673,佩蒂股份,16.5,16.42,16.58,16.35,2017600.0
20260319,300674,宇信科技,21.43,21.34,21.68,21.28,8082400.0
20260319,300675,建科院,16.02,15.69,16.18,15.66,2739100.0
20260319,300676,华大基因,44.34,43.45,44.34,43.36,4644200.0
20260319,300677,英科医疗,63.0,59.25,66.33,58.9,33301200.0
20260319,300678,中科信息,31.19,31.39,31.4,30.92,4672400.0
20260319,300679,电连技术,36.03,35.29,36.03,35.04,9812200.0
20260319,300680,隆盛科技,41.08,40.01,41.14,39.8,5747800.0
20260319,300681,英搏尔,22.24,22.0,22.34,21.9,4931100.0
20260319,300682,朗新科技,17.99,18.3,18.75,17.81,34489000.0
20260319,300683,海特生物,34.98,33.21,34.98,33.01,5731800.0
20260319,300684,中石科技,53.1,51.8,53.33,51.52,9852100.0
20260319,300685,艾德生物,22.3,22.43,22.8,22.1,13955200.0
20260319,300686,智动力,15.05,14.58,15.05,14.51,4271800.0
20260319,300687,赛意信息,20.12,20.61,20.96,20.03,10361600.0
20260319,300688,创业黑马,29.4,29.0,29.69,28.8,5114100.0
20260319,300689,澄天伟业,48.48,47.22,48.84,47.08,1888100.0
20260319,300690,双一科技,37.56,37.32,39.03,36.88,21094500.0
20260319,300691,联合光电,17.21,17.06,17.36,16.97,4162000.0
20260319,300692,中赋科技,8.18,8.1,8.22,8.03,10195000.0
20260319,300693,盛弘股份,44.4,44.06,45.17,43.66,12701200.0
20260319,300694,蠡湖股份,12.82,12.49,12.93,12.44,5096400.0
20260319,300695,兆丰股份,72.28,70.11,72.28,69.8,551000.0
20260319,300696,爱乐达,29.75,29.48,29.98,29.28,3198200.0
20260319,300697,电工合金,15.6,15.23,15.62,15.16,6810500.0
20260319,300698,万马科技,36.0,36.15,36.63,35.91,1844200.0
20260319,300699,光威复材,36.01,34.79,36.24,34.55,28685800.0
20260319,300700,岱勒新材,13.8,13.93,14.09,13.63,5978300.0
20260319,300701,森霸传感,12.14,11.89,12.15,11.81,3783700.0
20260319,300702,天宇股份,22.46,21.78,22.5,21.72,2327300.0
20260319,300703,创源股份,20.41,20.02,20.58,19.91,3960700.0
20260319,300705,九典制药,14.77,14.51,14.8,14.48,5397000.0
20260319,300706,阿石创,35.6,34.85,35.93,34.66,5523100.0
20260319,300707,威唐工业,16.56,16.16,16.65,16.04,4960700.0
20260319,300708,聚灿光电,10.53,10.46,10.67,10.36,40868100.0
20260319,300709,精研科技,40.4,39.81,40.68,39.66,4761400.0
20260319,300710,万隆光电,30.56,30.2,30.89,30.08,1977000.0
20260319,300711,广哈通信,26.25,26.08,26.59,25.93,4032800.0
20260319,300712,永福股份,30.2,29.99,30.46,29.81,3589100.0
20260319,300713,英可瑞,17.82,17.44,17.93,17.29,3160200.0
20260319,300715,凯伦股份,14.02,13.52,14.2,13.36,7787700.0
20260319,300717,华信新材,22.1,21.42,22.24,21.28,1834400.0
20260319,300718,长盛轴承,71.1,69.7,71.41,69.4,3261100.0
20260319,300719,安达维尔,17.51,17.15,17.64,17.03,9504500.0
20260319,300720,海川智能,51.7,54.18,55.6,50.09,12862900.0
20260319,300721,怡达股份,14.91,14.55,15.1,14.44,7392900.0
20260319,300722,新余国科,30.77,29.74,30.79,29.5,3552900.0
20260319,300723,一品红,32.4,32.22,32.92,32.0,5458900.0
20260319,300724,捷佳伟创,116.2,118.0,120.68,116.12,12775800.0
20260319,300725,药石科技,37.11,36.71,37.54,36.54,4849800.0
20260319,300726,宏达电子,45.65,44.97,45.95,44.79,5124400.0
20260319,300727,润禾材料,34.03,33.64,35.8,33.5,5065200.0
20260319,300729,乐歌股份,13.11,12.76,13.13,12.72,4292200.0
20260319,300730,科创信息,13.47,13.41,13.89,13.35,14516900.0
20260319,300731,科创新源,76.11,73.5,79.08,72.9,15660300.0
20260319,300732,设研院,7.52,7.36,7.59,7.35,4259000.0
20260319,300733,西菱动力,16.91,17.13,17.47,16.82,4347600.0
20260319,300735,光弘科技,22.5,22.21,22.68,22.09,8080800.0
20260319,300736,百邦科技,20.6,20.28,21.05,19.92,4290600.0
20260319,300737,科顺股份,6.28,6.2,6.53,6.15,27317900.0
20260319,300738,奥飞数据,23.5,24.1,24.94,23.5,106044900.0
20260319,300739,明阳电路,26.52,26.09,26.85,25.9,17900600.0
20260319,300740,水羊股份,21.04,20.68,21.28,20.57,10176400.0
20260319,300741,华宝股份,17.58,17.1,17.75,17.01,2412600.0
20260319,300743,天地数码,19.21,18.64,19.29,18.5,2416400.0
20260319,300745,欣锐科技,25.38,24.88,25.78,24.73,3935100.0
20260319,300746,汉嘉数智,12.88,12.6,12.95,12.55,2381100.0
20260319,300747,锐科激光,29.41,28.78,29.57,28.7,13538200.0
20260319,300748,金力永磁,32.23,31.35,32.25,31.2,28010600.0
20260319,300749,顶固集创,34.89,33.29,35.95,32.64,10663000.0
20260319,300750,宁德时代,401.94,400.5,414.0,400.0,29286600.0
20260319,300751,迈为股份,255.31,250.58,258.83,248.76,8602300.0
20260319,300752,隆利科技,19.02,18.81,19.35,18.67,5289300.0
20260319,300753,爱朋医疗,32.08,30.82,32.1,30.6,6699600.0
20260319,300755,华致酒行,13.76,13.57,13.87,13.53,3462300.0
20260319,300756,金马游乐,39.74,39.23,41.17,39.11,3138800.0
20260319,300757,罗博特科,349.0,350.25,363.66,347.0,7112200.0
20260319,300758,七彩化学,14.65,14.29,14.76,14.18,10656500.0
20260319,300759,康龙化成,27.4,26.84,27.47,26.72,19157700.0
20260319,300760,迈瑞医疗,173.18,171.86,173.95,171.69,6767300.0
20260319,300761,立华股份,21.58,21.19,21.7,21.02,6007100.0
20260319,300762,上海瀚讯,36.52,36.43,37.45,36.28,20930700.0
20260319,300763,锦浪科技,99.51,103.88,107.86,99.0,33707100.0
20260319,300765,石药创新,32.02,31.65,32.67,31.51,9619200.0
20260319,300766,每日互动,35.68,36.0,36.62,35.53,19343600.0
20260319,300767,震安科技,20.68,20.75,20.94,20.45,5296600.0
20260319,300768,迪普科技,17.26,17.27,17.44,17.18,3657800.0
20260319,300769,德方纳米,44.01,43.63,44.88,43.13,13719300.0
20260319,300770,新媒股份,41.49,41.28,41.62,41.15,2131600.0
20260319,300771,智莱科技,14.45,14.27,14.58,14.22,2902500.0
20260319,300772,运达股份,19.3,19.23,20.04,19.11,14212300.0
20260319,300773,拉卡拉,26.0,26.21,26.89,25.6,45962000.0
20260319,300774,倍杰特,19.79,18.43,19.79,18.3,14628700.0
20260319,300775,三角防务,38.1,37.69,38.7,37.35,34097700.0
20260319,300776,帝尔激光,76.8,75.0,77.22,74.41,5643100.0
20260319,300777,中简科技,39.5,37.75,39.5,37.7,16175100.0
20260319,300778,新城市,13.53,13.13,13.56,13.08,3548800.0
20260319,300779,惠城环保,94.5,94.61,99.4,92.51,7118300.0
20260319,300780,德恩精工,21.65,21.36,21.75,21.17,4687700.0
20260319,300781,因赛集团,37.74,37.59,38.1,37.36,2984500.0
20260319,300782,卓胜微,78.72,79.3,79.88,78.14,6334100.0
20260319,300783,三只松鼠,19.11,18.98,19.2,18.92,5104600.0
20260319,300784,利安科技,52.0,50.44,52.0,50.13,844200.0
20260319,300785,值得买,51.01,50.98,51.63,50.61,7706500.0
20260319,300786,国林科技,15.5,15.2,15.65,15.13,4654100.0
20260319,300787,海能实业,12.51,12.2,12.53,12.07,6133600.0
20260319,300788,中信出版,32.37,33.64,34.7,32.35,8456400.0
20260319,300789,唐源电气,22.25,24.05,25.88,22.22,10600400.0
20260319,300790,宇瞳光学,25.42,24.89,25.62,24.79,8507200.0
20260319,300791,仙乐健康,20.35,20.06,20.59,20.05,1313700.0
20260319,300792,壹网壹创,37.75,37.44,37.86,36.88,4712000.0
20260319,300793,佳禾智能,15.72,15.37,15.72,15.29,5163600.0
20260319,300795,米奥会展,12.5,12.5,12.7,12.47,2321200.0
20260319,300796,贝斯美,9.55,9.28,9.57,9.27,6313900.0
20260319,300797,钢研纳克,15.65,15.3,15.71,15.23,3224800.0
20260319,300798,锦鸡股份,9.8,10.17,10.36,9.56,61621900.0
20260319,300800,力合科技,12.66,12.4,12.75,12.31,2661900.0
20260319,300801,泰和科技,26.72,25.92,26.8,25.77,4380100.0
20260319,300802,矩子科技,20.54,20.25,20.69,20.15,4443300.0
20260319,300803,指南针,104.88,104.96,106.83,104.42,14523100.0
20260319,300804,广康生化,48.55,46.03,49.0,45.7,2302800.0
20260319,300805,电声股份,11.59,11.43,11.66,11.37,7372800.0
20260319,300806,斯迪克,49.77,49.93,51.45,49.5,12933100.0
20260319,300807,天迈科技,50.57,50.97,51.97,50.28,920000.0
20260319,300808,久量股份,28.52,28.02,28.6,27.8,1998300.0
20260319,300809,华辰装备,33.84,33.24,33.9,32.99,3380500.0
20260319,300810,中科海讯,35.11,34.12,35.2,33.91,3971500.0
20260319,300811,铂科新材,79.44,77.54,80.16,77.18,9402800.0
20260319,300812,易天股份,36.27,35.41,36.79,35.3,6606500.0
20260319,300813,泰林生物,27.06,27.75,28.26,26.86,7416400.0
20260319,300814,中富电路,86.87,84.58,88.5,84.04,5884000.0
20260319,300815,玉禾田,22.23,21.7,22.23,21.65,5449700.0
20260319,300816,艾可蓝,72.83,68.72,72.83,67.0,3897100.0
20260319,300817,双飞集团,19.17,18.74,19.24,18.7,1709000.0
20260319,300818,耐普矿机,38.75,37.01,38.75,36.7,2705800.0
20260319,300819,聚杰微纤,47.8,45.41,47.8,45.28,4702700.0
20260319,300820,英杰电气,48.57,47.89,48.92,47.67,2334600.0
20260319,300821,东岳硅材,12.42,12.01,12.43,11.94,26885000.0
20260319,300822,贝仕达克,15.38,15.35,15.6,15.29,2113600.0
20260319,300823,建科智能,17.06,16.78,17.33,16.7,2286900.0
20260319,300824,北鼎股份,10.75,10.58,10.83,10.54,2744800.0
20260319,300825,阿尔特,9.15,9.09,9.25,9.03,5380700.0
20260319,300826,测绘股份,16.93,16.73,17.09,16.63,2953800.0
20260319,300827,上能电气,36.78,37.44,38.28,36.5,29853800.0
20260319,300828,锐新科技,21.1,20.15,21.25,20.09,9784200.0
20260319,300829,金丹科技,20.97,20.82,21.65,20.6,13337800.0
20260319,300830,金现代,12.03,11.7,12.08,11.69,21932700.0
20260319,300832,新产业,50.87,50.02,51.17,49.85,3959500.0
20260319,300833,浩洋股份,36.0,34.99,36.34,34.86,948900.0
20260319,300834,星辉环材,25.11,24.52,25.36,24.42,1572300.0
20260319,300835,龙磁科技,78.02,75.1,78.93,74.6,4998000.0
20260319,300836,佰奥智能,59.3,58.38,59.89,58.0,2099700.0
20260319,300837,浙矿股份,38.07,37.03,38.51,36.77,2163100.0
20260319,300838,浙江力诺,16.1,15.88,16.41,15.72,2122000.0
20260319,300839,博汇股份,13.75,13.42,14.09,13.31,16335700.0
20260319,300840,酷特智能,19.9,19.08,19.9,19.0,11380100.0
20260319,300841,康华生物,60.38,59.71,60.65,59.57,1150700.0
20260319,300842,帝科股份,97.58,97.72,101.06,97.16,5717100.0
20260319,300843,胜蓝股份,55.7,53.59,56.17,53.15,5115700.0
20260319,300844,山水比德,37.0,35.89,37.0,35.58,606300.0
20260319,300845,捷安高科,12.39,12.24,12.65,12.17,6730000.0
20260319,300846,首都在线,31.7,33.42,34.6,31.38,82957200.0
20260319,300847,中船汉光,16.51,16.35,16.7,16.28,3614300.0
20260319,300848,美瑞新材,15.81,15.29,15.85,15.21,5214400.0
20260319,300849,锦盛新材,20.55,19.93,20.58,19.79,2091100.0
20260319,300850,新强联,49.65,49.08,50.99,48.67,20118200.0
20260319,300851,交大思诺,31.55,30.77,31.55,30.35,1137400.0
20260319,300852,四会富仕,48.35,47.43,48.85,47.1,4546100.0
20260319,300853,申昊科技,21.23,20.67,21.23,20.59,2454700.0
20260319,300854,中兰环保,24.8,24.03,24.8,23.68,2504600.0
20260319,300855,图南股份,38.51,36.97,38.65,36.7,6465800.0
20260319,300856,科思股份,13.41,13.9,14.35,13.3,18657800.0
20260319,300857,协创数据,245.69,257.6,263.68,243.24,12572700.0
20260319,300858,科拓生物,16.39,16.04,16.52,16.0,2487400.0
20260319,300859,西域旅游,35.4,35.0,35.77,34.56,4425300.0
20260319,300860,锋尚文化,26.55,26.17,27.09,26.17,2937700.0
20260319,300861,美畅股份,17.1,16.93,17.31,16.86,8245500.0
20260319,300862,蓝盾光电,23.5,23.23,23.67,22.94,3141300.0
20260319,300863,卡倍亿,51.0,52.37,52.44,49.6,3454700.0
20260319,300864,南大环境,21.8,21.38,21.84,21.31,1468100.0
20260319,300865,大宏立,28.07,27.16,28.16,27.04,929600.0
20260319,300866,安克创新,97.17,94.44,97.7,93.82,3398800.0
20260319,300867,圣元环保,21.01,23.28,24.56,20.8,46068300.0
20260319,300868,杰美特,40.47,39.15,40.57,38.86,2625800.0
20260319,300869,康泰医学,14.42,14.15,14.54,14.12,3197100.0
20260319,300870,欧陆通,257.0,254.2,263.99,251.8,4663400.0
20260319,300871,回盛生物,26.06,24.87,26.06,24.71,10482400.0
20260319,300872,天阳科技,17.54,17.93,18.27,17.45,17700400.0
20260319,300873,海晨股份,24.08,23.71,24.33,23.56,2604300.0
20260319,300875,捷强装备,43.17,44.8,45.45,43.0,10380300.0
20260319,300876,蒙泰高新,27.7,26.77,27.89,26.66,1907100.0
20260319,300877,金春股份,28.62,27.47,28.64,27.33,2811800.0
20260319,300878,维康药业,28.65,27.88,28.78,27.74,1389800.0
20260319,300879,大叶股份,24.56,24.76,25.63,24.38,6967700.0
20260319,300880,迦南智能,22.99,24.2,24.3,22.84,15471300.0
20260319,300881,盛德鑫泰,46.67,45.29,47.02,44.52,2151000.0
20260319,300882,万胜智能,22.45,22.17,22.74,22.08,4754200.0
20260319,300883,龙利得,7.01,6.88,7.08,6.83,8390800.0
20260319,300884,狄耐克,14.58,14.62,14.78,14.38,5545900.0
20260319,300885,海昌新材,22.78,22.31,22.92,22.19,3075300.0
20260319,300886,华业香料,29.6,29.03,29.83,28.9,1543500.0
20260319,300887,谱尼测试,12.0,11.61,12.1,11.48,30738000.0
20260319,300888,稳健医疗,34.13,33.43,34.28,33.35,3898300.0
20260319,300889,爱克股份,27.81,26.91,28.07,26.85,5644200.0
20260319,300890,翔丰华,31.8,31.3,32.34,31.13,6727600.0
20260319,300891,惠云钛业,10.16,9.75,10.26,9.66,16953800.0
20260319,300892,品渥食品,28.85,28.1,28.94,27.91,1386000.0
20260319,300893,松原安全,21.59,22.28,22.52,21.47,4869900.0
20260319,300894,火星人,11.18,10.92,11.31,10.88,3694200.0
20260319,300895,铜牛信息,62.38,76.34,76.34,61.51,28443300.0
20260319,300896,爱美客,139.0,138.87,139.72,138.66,1455300.0
20260319,300897,山科智能,26.55,26.02,26.62,25.95,1087200.0
20260319,300898,熊猫乳品,24.66,24.06,24.76,23.99,2343900.0
20260319,300899,上海凯鑫,39.5,38.6,40.88,38.22,851700.0
20260319,300900,广联航空,40.01,41.92,42.75,40.01,39708500.0
20260319,300901,中胤时尚,16.35,16.17,16.37,15.93,1344000.0
20260319,300902,国安达,19.07,18.58,19.07,18.52,2670800.0
20260319,300903,科翔股份,36.92,36.32,37.38,35.9,20450300.0
20260319,300904,威力传动,63.3,63.32,65.8,63.0,1618200.0
20260319,300905,宝丽迪,32.03,31.56,32.27,31.45,3005800.0
20260319,300906,日月明,32.75,32.23,33.23,32.05,1078600.0
20260319,300907,康平科技,28.02,27.73,28.21,27.67,1527000.0
20260319,300908,仲景食品,27.53,27.07,27.57,26.88,951400.0
20260319,300909,汇创达,40.08,39.06,40.08,38.75,2085600.0
20260319,300910,瑞丰新材,51.76,49.45,51.86,49.05,5030200.0
20260319,300911,亿田智能,39.34,38.23,40.64,38.05,5745200.0
20260319,300912,凯龙高科,26.25,25.55,26.37,25.05,5614700.0
20260319,300913,兆龙互连,49.5,48.48,49.86,48.26,5897200.0
20260319,300915,海融科技,24.47,24.0,24.7,23.88,877100.0
20260319,300916,朗特智能,29.58,29.09,29.77,29.0,1422000.0
20260319,300917,特发服务,34.71,33.92,35.0,33.77,5434200.0
20260319,300918,南山智尚,14.94,14.63,15.03,14.6,5134200.0
20260319,300919,中伟新材,48.84,47.85,48.89,47.33,11706100.0
20260319,300920,润阳科技,40.77,39.4,40.77,39.28,1342400.0
20260319,300921,南凌科技,27.0,27.72,28.54,26.98,16251000.0
20260319,300922,天秦装备,20.27,19.88,20.41,19.8,2643200.0
20260319,300923,研奥股份,28.91,27.59,28.99,27.31,2014100.0
20260319,300925,法本信息,19.81,19.61,19.93,19.53,7188300.0
20260319,300926,博俊科技,29.07,29.2,29.5,28.92,3339800.0
20260319,300927,江天化学,35.01,32.03,35.76,32.0,14896200.0
20260319,300928,华安鑫创,32.1,31.55,32.3,31.36,958600.0
20260319,300929,华骐环保,12.67,12.38,12.74,12.31,3272800.0
20260319,300930,屹通新材,31.3,30.44,31.62,30.16,1332600.0
20260319,300931,通用电梯,12.98,12.79,13.08,12.72,4768400.0
20260319,300932,三友联众,14.5,14.16,14.59,14.04,17566300.0
20260319,300933,中辰股份,8.55,8.51,8.73,8.46,14264500.0
20260319,300935,盈建科,32.93,31.99,33.23,31.7,1239800.0
20260319,300936,中英科技,62.0,59.93,62.98,59.53,7248700.0
20260319,300937,药易购,31.3,30.61,31.42,30.5,1405700.0
20260319,300938,信测标准,40.01,39.0,40.5,38.88,6827700.0
20260319,300939,秋田微,39.13,40.06,40.06,39.0,6924700.0
20260319,300940,南极光,23.8,23.57,23.99,23.46,3399700.0
20260319,300941,创识科技,21.78,21.77,22.19,21.68,3137700.0
20260319,300942,易瑞生物,9.44,9.22,9.49,9.17,4715100.0
20260319,300943,春晖智控,31.38,30.13,31.6,29.9,11234400.0
20260319,300945,曼卡龙,16.39,16.06,16.54,16.0,10693900.0
20260319,300946,恒而达,47.26,45.78,47.26,45.56,1062600.0
20260319,300947,德必集团,17.98,17.54,18.15,17.42,2589400.0
20260319,300948,冠中生态,22.73,22.02,22.73,21.81,6039700.0
20260319,300949,奥雅股份,41.95,41.14,42.26,41.01,655100.0
20260319,300950,德固特,22.35,21.87,22.51,21.77,2027400.0
20260319,300951,博硕科技,37.9,37.22,38.32,37.06,1534900.0
20260319,300952,恒辉安防,39.17,38.86,41.0,38.73,6281300.0
20260319,300953,震裕科技,163.5,158.13,168.0,157.41,3905800.0
20260319,300955,嘉亨家化,34.86,34.22,34.91,33.9,1606700.0
20260319,300956,英力股份,16.16,15.78,16.19,15.68,3591400.0
20260319,300957,贝泰妮,41.58,40.86,41.85,40.7,4756900.0
20260319,300958,建工修复,14.32,14.15,14.5,14.05,3032400.0
20260319,300959,线上线下,83.11,80.87,83.71,80.4,2524500.0
20260319,300960,通业科技,24.88,24.1,24.88,24.05,1191900.0
20260319,300961,深水海纳,15.36,14.99,15.77,14.73,23244600.0
20260319,300962,中金辐照,17.06,17.55,17.94,16.91,7082700.0
20260319,300963,中洲特材,19.43,18.92,19.68,18.74,9131900.0
20260319,300964,本川智能,64.98,66.52,68.52,64.52,5545100.0
20260319,300965,恒宇信通,55.1,53.88,55.45,53.77,499000.0
20260319,300966,共同药业,21.3,20.7,21.3,20.61,1485400.0
20260319,300967,晓鸣股份,19.46,19.02,19.62,18.9,6129800.0
20260319,300968,格林精密,12.62,12.65,12.87,12.53,5240500.0
20260319,300969,恒帅股份,136.74,131.98,139.49,131.3,2027500.0
20260319,300970,华绿生物,24.63,23.97,24.64,23.9,2865500.0
20260319,300971,博亚精工,23.76,23.09,23.92,23.02,2856100.0
20260319,300972,万辰集团,194.51,189.63,196.96,188.52,2099100.0
20260319,300973,立高食品,35.7,34.46,35.75,34.36,3556900.0
20260319,300975,商络电子,18.32,18.56,19.6,17.78,81909200.0
20260319,300976,达瑞电子,56.96,56.27,57.25,56.15,1085600.0
20260319,300977,深圳瑞捷,19.8,19.32,19.8,19.21,1880100.0
20260319,300978,东箭科技,11.91,11.78,12.0,11.72,4242200.0
20260319,300979,华利集团,47.0,46.53,47.32,46.3,1418200.0
20260319,300980,祥源新材,34.52,33.76,35.02,33.21,2490100.0
20260319,300981,中红医疗,17.0,15.57,18.27,15.43,28362700.0
20260319,300982,苏文电能,26.15,25.96,26.68,25.74,5690100.0
20260319,300983,尤安设计,31.16,30.08,31.32,30.08,1292400.0
20260319,300984,金沃股份,59.05,56.9,59.15,56.15,1998000.0
20260319,300985,致远新能,23.4,22.9,23.4,22.74,3468900.0
20260319,300986,志特新材,27.5,25.55,27.66,25.26,40893300.0
20260319,300987,川网传媒,18.4,18.06,18.4,18.0,3287700.0
20260319,300988,津荣天宇,27.5,26.81,27.5,26.66,3459700.0
20260319,300989,蕾奥规划,15.25,14.98,15.33,14.88,2496900.0
20260319,300990,同飞股份,83.58,85.23,90.0,83.38,5071900.0
20260319,300991,创益通,58.0,56.64,58.56,56.29,2138500.0
20260319,300992,泰福泵业,30.49,30.95,32.57,30.05,3895400.0
20260319,300993,玉马科技,13.03,12.74,13.08,12.72,2667800.0
20260319,300994,久祺股份,15.31,14.99,15.41,14.93,2005800.0
20260319,300995,奇德新材,35.93,34.36,35.93,34.14,1347400.0
20260319,300996,普联软件,17.23,16.96,17.34,16.9,5633200.0
20260319,300997,欢乐家,19.92,19.91,20.28,19.84,4138500.0
20260319,300998,宁波方正,23.87,23.52,24.1,23.3,2423600.0
20260319,300999,金龙鱼,30.57,30.24,31.09,30.1,15345300.0
20260319,301000,肇民科技,31.9,30.93,31.99,30.72,3524600.0
20260319,301001,凯淳股份,30.92,30.22,30.96,30.04,954000.0
20260319,301002,崧盛股份,37.61,35.77,37.71,35.3,3744100.0
20260319,301003,江苏博云,51.24,51.7,52.29,50.83,2429200.0
20260319,301004,嘉益股份,50.18,49.48,50.18,48.84,653600.0
20260319,301005,超捷股份,146.01,148.8,152.97,146.0,7891900.0
20260319,301006,迈拓股份,18.62,17.95,18.62,17.84,1650700.0
20260319,301007,德迈仕,35.04,34.16,35.2,33.98,1990400.0
20260319,301008,宏昌科技,30.69,30.25,31.03,30.12,1324600.0
20260319,301009,可靠股份,12.06,11.8,12.2,11.78,2300900.0
20260319,301010,晶雪节能,24.09,23.76,24.8,23.55,6821000.0
20260319,301011,华立科技,23.85,23.33,24.27,23.19,1807400.0
20260319,301012,扬电科技,32.06,31.78,32.71,31.51,15757100.0
20260319,301013,利和兴,23.55,22.94,23.68,22.82,8399600.0
20260319,301015,百洋医药,22.1,21.86,22.38,21.75,2430600.0
20260319,301016,雷尔伟,23.96,23.1,24.02,22.94,2160000.0
20260319,301017,漱玉平民,14.46,14.21,14.56,14.1,3962200.0
20260319,301018,申菱环境,96.79,94.91,98.38,94.3,9187900.0
20260319,301019,宁波色母,21.88,21.3,21.88,21.2,1165300.0
20260319,301020,密封科技,22.11,21.65,22.35,21.5,1935500.0
20260319,301021,英诺激光,53.0,52.06,53.45,51.8,4244200.0
20260319,301022,海泰科,33.28,34.97,35.54,33.19,6944600.0
20260319,301023,奕帆传动,42.47,41.29,42.73,41.13,1157000.0
20260319,301024,霍普股份,38.2,37.57,38.79,36.88,879400.0
20260319,301025,读客文化,11.15,11.25,11.4,11.02,7892700.0
20260319,301026,浩通科技,28.98,28.22,29.1,28.14,4705300.0
20260319,301027,华蓝集团,24.07,24.05,24.66,23.57,12037900.0
20260319,301028,鼎熔岩,14.61,14.24,14.67,14.16,3479600.0
20260319,301029,怡合达,25.65,25.17,25.9,25.07,8662400.0
20260319,301031,中熔电气,139.04,143.39,146.36,138.6,2639400.0
20260319,301032,新柴股份,13.54,13.14,13.59,13.0,6205200.0
20260319,301033,迈普医学,64.85,62.59,64.85,62.5,544800.0
20260319,301035,润丰股份,77.02,75.49,77.69,74.92,1540800.0
20260319,301036,双乐股份,29.86,28.88,29.9,28.85,1362900.0
20260319,301037,保立佳,15.92,15.32,15.99,15.23,2244300.0
20260319,301038,深水规院,22.0,21.52,22.26,21.4,4229800.0
20260319,301039,中集车辆,8.8,8.52,8.83,8.49,18145100.0
20260319,301040,中环海陆,40.52,43.01,43.88,40.21,12513900.0
20260319,301041,金百泽,30.11,29.58,30.38,29.4,5284100.0
20260319,301042,安联锐视,94.5,92.0,94.5,91.12,991500.0
20260319,301043,绿岛风,58.62,57.23,58.77,56.38,1173000.0
20260319,301045,天禄科技,47.01,45.63,47.01,45.26,3085500.0
20260319,301046,能辉科技,25.83,25.95,26.51,25.71,3581300.0
20260319,301047,义翘神州,72.03,71.31,72.58,71.2,595800.0
20260319,301048,金鹰重工,10.78,10.58,10.85,10.53,3502800.0
20260319,301049,超越科技,24.31,23.42,24.36,23.34,1123900.0
20260319,301050,雷电微力,49.14,48.51,49.36,48.27,4148200.0
20260319,301051,信濠光电,21.61,22.6,23.06,21.22,6150900.0
20260319,301052,果麦文化,35.27,36.9,37.7,35.2,8712700.0
20260319,301053,远信工业,36.59,35.66,37.22,35.5,2766000.0
20260319,301055,张小泉,20.46,19.8,20.46,19.76,1659900.0
20260319,301056,森赫股份,15.1,14.62,15.15,14.5,2413000.0
20260319,301057,汇隆新材,40.86,38.0,40.86,37.75,4505800.0
20260319,301058,中粮科工,10.48,10.22,10.52,10.19,9723300.0
20260319,301059,金三江,14.45,14.1,14.51,14.03,3935500.0
20260319,301060,兰卫医学,10.52,10.29,10.59,10.26,4646300.0
20260319,301061,匠心家居,81.2,78.0,81.82,77.7,1261100.0
20260319,301062,上海艾录,8.49,8.46,8.67,8.41,5317000.0
20260319,301063,海锅股份,27.38,26.11,27.98,26.0,5983900.0
20260319,301065,本立科技,24.6,23.64,24.6,23.61,1526100.0
20260319,301066,万事利,14.98,14.59,14.98,14.52,4190400.0
20260319,301067,显盈科技,32.2,31.8,32.64,31.63,1762100.0
20260319,301068,大地海洋,34.66,34.98,36.5,33.97,4782200.0
20260319,301069,凯盛新材,21.89,21.2,21.94,21.09,7885000.0
20260319,301070,开勒股份,65.9,67.07,68.5,65.18,4266200.0
20260319,301071,力量钻石,44.84,43.15,45.0,42.77,11718000.0
20260319,301072,中捷精工,24.0,23.1,24.22,22.9,1438900.0
20260319,301073,君亭酒店,27.92,27.88,28.67,27.57,3330900.0
20260319,301075,多瑞医药,84.0,80.89,85.87,80.47,709500.0
20260319,301076,新瀚新材,39.23,37.84,39.3,37.68,3827500.0
20260319,301077,星华新材,29.1,28.09,29.25,28.02,1981100.0
20260319,301078,孩子王,8.82,8.66,8.87,8.61,26055600.0
20260319,301079,邵阳液压,38.5,38.0,38.88,37.57,4925200.0
20260319,301080,百普赛斯,43.6,42.24,43.88,42.07,3515700.0
20260319,301081,严牌股份,14.21,14.04,14.4,13.93,5927400.0
20260319,301082,久盛电气,18.51,18.33,18.79,18.25,5835500.0
20260319,301083,百胜智能,19.2,19.22,19.93,19.04,3594600.0
20260319,301085,亚康股份,62.98,67.59,71.0,62.51,11598800.0
20260319,301086,鸿富瀚,122.99,122.31,124.8,120.18,1613100.0
20260319,301087,可孚医疗,58.31,55.73,58.56,55.58,3828600.0
20260319,301088,戎美股份,14.68,14.55,14.79,14.45,1968600.0
20260319,301089,拓新药业,28.88,28.45,29.3,28.34,1777500.0
20260319,301090,华润材料,8.97,8.45,9.13,8.41,33234400.0
20260319,301091,深城交,24.01,23.38,24.06,23.3,4379100.0
20260319,301092,争光股份,36.3,34.44,36.65,34.2,2893300.0
20260319,301093,华兰股份,89.53,89.21,91.12,88.18,3702200.0
20260319,301095,广立微,71.03,70.0,71.35,69.77,3436000.0
20260319,301096,百诚医药,51.8,51.7,52.4,51.32,1704900.0
20260319,301097,天益医疗,57.3,55.29,57.88,55.2,817200.0
20260319,301098,金埔园林,9.23,8.93,9.27,8.92,4552100.0
20260319,301099,雅创电子,50.46,50.7,52.8,50.15,12885000.0
20260319,301100,风光股份,20.38,19.97,20.95,19.88,2230700.0
20260319,301101,明月镜片,35.17,34.65,35.29,34.53,2007500.0
20260319,301102,兆讯传媒,11.3,11.29,11.5,11.25,3004900.0
20260319,301103,何氏眼科,21.12,20.65,21.25,20.54,1559900.0
20260319,301105,鸿铭股份,58.5,56.96,58.57,56.49,933400.0
20260319,301106,骏成科技,32.97,31.99,32.97,31.33,1347400.0
20260319,301107,瑜欣电子,30.1,29.18,30.22,29.05,1333800.0
20260319,301108,洁雅股份,30.73,30.08,31.36,29.94,1127300.0
20260319,301109,军信股份,16.97,16.84,17.14,16.76,6272500.0
20260319,301110,青木科技,59.99,58.56,60.1,58.13,1865200.0
20260319,301111,粤万年青,19.77,19.36,19.8,19.23,2396200.0
20260319,301112,信邦智能,34.93,33.88,34.93,33.78,741400.0
20260319,301113,雅艺科技,27.01,26.05,27.16,25.83,1215600.0
20260319,301115,联检科技,22.5,21.92,22.6,21.78,5341300.0
20260319,301116,益客食品,10.76,10.46,10.83,10.43,4662600.0
20260319,301118,恒光股份,26.2,24.8,26.45,24.61,5217700.0
20260319,301119,正强股份,45.43,45.37,46.42,44.92,858700.0
20260319,301120,新特电气,23.6,23.47,23.92,23.25,15130600.0
20260319,301121,紫建电子,38.5,37.92,39.04,37.76,1606000.0
20260319,301122,采纳股份,32.52,32.3,32.73,31.91,1253600.0
20260319,301123,奕东电子,55.69,55.08,56.38,54.6,4358000.0
20260319,301125,腾亚精工,23.68,21.64,23.72,21.33,7824000.0
20260319,301126,达嘉维康,11.98,11.68,12.09,11.63,3564800.0
20260319,301127,武汉天源,17.5,17.13,17.79,17.01,14170500.0
20260319,301128,强瑞技术,128.1,135.25,136.98,126.23,15007500.0
20260319,301129,瑞纳智能,26.89,26.54,27.4,26.5,2621400.0
20260319,301130,西点药业,31.47,30.78,31.74,30.66,1021500.0
20260319,301131,聚赛龙,44.44,43.17,44.44,42.83,923100.0
20260319,301132,满坤科技,39.68,39.82,40.67,39.35,4805400.0
20260319,301133,金钟股份,41.17,39.31,41.94,38.8,3281900.0
20260319,301135,瑞德智能,29.71,29.22,30.05,29.06,1247600.0
20260319,301136,招标股份,16.28,15.9,16.3,15.84,4771000.0
20260319,301137,哈焊华通,49.16,47.74,49.84,47.45,7007700.0
20260319,301138,华研精机,36.83,35.92,36.89,35.8,1219900.0
20260319,301141,中科磁业,52.56,50.7,52.56,50.37,2395400.0
20260319,301148,嘉戎技术,50.05,48.92,50.44,48.52,1414800.0
20260319,301149,隆华新材,12.08,12.15,12.27,11.96,7471800.0
20260319,301150,中一科技,48.65,47.35,49.54,47.15,9304800.0
20260319,301151,冠龙节能,19.31,19.01,19.51,18.94,1358000.0
20260319,301152,天力锂能,28.21,27.28,28.43,27.2,3088200.0
20260319,301153,中科江南,21.65,21.81,22.1,21.56,4454600.0
20260319,301155,海力风电,82.85,82.66,85.47,81.8,4244400.0
20260319,301156,美农生物,20.0,19.81,20.3,19.58,2680900.0
20260319,301157,华塑科技,60.0,61.93,63.57,60.0,3572100.0
20260319,301158,德石股份,27.5,26.9,28.02,26.58,19536800.0
20260319,301159,三维天地,47.15,48.52,49.5,46.79,4931000.0
20260319,301160,翔楼新材,62.83,61.41,63.66,61.28,1852100.0
20260319,301161,唯万密封,31.5,31.07,31.73,30.9,1517900.0
20260319,301162,国能日新,68.7,70.9,72.5,66.95,3850500.0
20260319,301163,宏德股份,31.81,30.6,32.2,30.41,3176000.0
20260319,301165,锐捷网络,87.95,88.67,92.88,87.0,8988000.0
20260319,301166,优宁维,34.57,33.98,36.0,33.61,6712900.0
20260319,301167,建研设计,17.82,17.32,18.05,17.21,1995100.0
20260319,301168,通灵股份,41.82,40.83,42.41,40.45,1629200.0
20260319,301169,零点有数,56.04,55.28,58.93,54.1,2418100.0
20260319,301170,锡南科技,30.47,29.75,30.57,29.56,1167200.0
20260319,301171,易点天下,47.56,46.79,47.76,46.5,16042300.0
20260319,301172,君逸数码,26.8,26.17,27.0,25.92,3977100.0
20260319,301173,毓恬冠佳,44.99,44.62,45.45,44.38,691200.0
20260319,301175,中科环保,6.87,6.79,6.91,6.75,34107500.0
20260319,301176,逸豪新材,29.09,28.54,29.51,28.34,5369400.0
20260319,301177,迪阿股份,29.55,29.09,29.56,28.95,1343400.0
20260319,301178,天亿马,50.43,50.16,51.23,49.76,989600.0
20260319,301179,泽宇智能,21.73,22.65,22.98,21.73,19861100.0
20260319,301180,万祥科技,20.62,22.89,23.44,19.88,24371300.0
20260319,301181,标榜股份,42.59,43.51,44.37,42.0,3848500.0
20260319,301182,凯旺科技,59.86,57.36,61.26,56.8,4687400.0
20260319,301183,东田微,140.0,140.02,142.98,139.39,2115900.0
20260319,301185,鸥玛软件,20.16,19.93,20.29,19.8,2867600.0
20260319,301186,超达装备,51.4,52.6,55.39,51.13,3952700.0
20260319,301187,欧圣电气,21.69,21.2,21.82,21.13,1702600.0
20260319,301188,力诺药包,17.86,17.0,18.01,16.93,5589900.0
20260319,301189,奥尼电子,44.59,44.8,46.67,44.18,4824400.0
20260319,301190,善水科技,23.66,22.96,24.38,22.9,1987800.0
20260319,301191,菲菱科思,126.77,128.3,136.99,125.01,7951100.0
20260319,301192,泰祥股份,28.01,27.71,28.45,27.66,1721500.0
20260319,301193,家联科技,23.79,23.17,24.51,22.88,4547800.0
20260319,301195,北路智控,33.69,35.33,35.95,33.5,4151300.0
20260319,301196,唯科科技,87.72,86.57,88.6,85.2,3921200.0
20260319,301197,工大科雅,23.43,23.0,23.43,22.6,3062300.0
20260319,301198,喜悦智行,15.95,15.46,16.05,15.33,4380500.0
20260319,301199,迈赫股份,23.62,23.24,23.77,23.1,1508100.0
20260319,301200,大族数控,154.86,152.81,156.97,151.2,3745700.0
20260319,301201,诚达药业,42.25,40.87,42.32,40.71,2066000.0
20260319,301202,朗威股份,40.7,39.95,41.49,39.62,1780500.0
20260319,301203,国泰环保,43.68,43.13,44.78,43.01,1284900.0
20260319,301205,联特科技,214.09,218.73,228.79,212.65,9862800.0
20260319,301206,三元生物,27.05,26.46,27.08,26.38,1667400.0
20260319,301207,华兰疫苗,19.5,19.2,19.6,19.09,4818800.0
20260319,301208,中亦科技,36.98,37.12,37.82,36.75,1826500.0
20260319,301209,联合化学,89.83,89.63,91.84,88.66,860600.0
20260319,301210,金杨精密,39.05,38.39,39.33,38.2,1977500.0
20260319,301211,亨迪药业,12.31,12.05,12.37,12.0,3495100.0
20260319,301212,联盛化学,30.18,28.86,30.31,28.6,1696000.0
20260319,301213,观想科技,71.06,72.7,73.6,71.01,2749200.0
20260319,301215,中汽股份,6.45,6.39,6.48,6.36,9977200.0
20260319,301216,万凯新材,26.55,26.82,27.77,26.13,27386800.0
20260319,301217,铜冠铜箔,39.65,38.39,39.82,38.12,21666200.0
20260319,301218,华是科技,36.7,35.19,37.0,34.9,5605900.0
20260319,301219,腾远钴业,62.71,61.25,62.98,60.86,5869600.0
20260319,301220,亚香股份,45.3,44.9,46.34,44.6,6384300.0
20260319,301221,光庭信息,53.01,52.7,53.58,52.48,1346700.0
20260319,301222,浙江恒威,34.2,33.87,34.5,33.45,2383800.0
20260319,301223,中荣股份,21.26,20.51,21.26,20.46,4917400.0
20260319,301225,恒勃股份,105.75,101.4,105.8,100.77,1166000.0
20260319,301226,祥明智能,39.5,37.75,39.66,37.48,10308300.0
20260319,301227,森鹰窗业,40.55,38.87,40.55,38.42,1716100.0
20260319,301228,实朴检测,44.66,41.99,44.66,41.55,3345900.0
20260319,301229,纽泰格,18.38,18.6,18.91,18.37,2826000.0
20260319,301230,泓博医药,38.47,37.46,38.75,37.27,4531800.0
20260319,301231,荣信文化,34.37,34.48,35.19,34.13,3671700.0
20260319,301232,飞沃科技,170.0,169.51,174.5,168.88,3093100.0
20260319,301233,盛帮股份,53.2,52.16,53.65,51.55,654300.0
20260319,301234,五洲医疗,39.89,38.81,40.98,38.57,1144500.0
20260319,301235,华康洁净,48.55,49.13,50.5,48.39,5476700.0
20260319,301236,软通动力,44.0,41.93,44.0,41.91,30088600.0
20260319,301237,和顺科技,56.46,57.22,58.89,56.2,1096200.0
20260319,301238,瑞泰新材,19.8,19.58,20.02,19.4,7023900.0
20260319,301239,普瑞眼科,35.7,34.93,36.25,34.74,1928500.0
20260319,301246,宏源药业,20.71,20.12,20.76,20.03,5749400.0
20260319,301248,杰创智能,59.17,66.62,69.84,58.24,18896600.0
20260319,301251,威尔高,63.8,62.0,64.75,61.52,5455000.0
20260319,301252,同星科技,38.94,38.0,39.46,37.83,2713600.0
20260319,301255,通力科技,26.2,25.63,26.24,25.48,873800.0
20260319,301256,华融化学,14.24,13.85,14.31,13.77,11625600.0
20260319,301257,普蕊斯,55.28,53.05,55.28,52.73,2502100.0
20260319,301258,富士莱,33.86,33.45,34.14,33.32,988100.0
20260319,301259,艾布鲁,33.35,33.94,35.43,33.13,4521400.0
20260319,301260,格力博,15.76,15.42,15.9,15.35,2504000.0
20260319,301261,恒工精密,81.01,82.44,82.67,80.35,1550800.0
20260319,301262,海看股份,24.77,24.56,24.9,24.4,3383000.0
20260319,301263,泰恩康,27.13,26.72,27.41,26.54,3354300.0
20260319,301265,华新科技,21.42,21.61,22.4,21.2,14461500.0
,301266,宇邦新材,50.53,52.09,52.34,48.5,6836300.0
20260319,301267,华厦眼科,17.44,17.22,17.47,17.17,3186200.0
20260319,301268,铭利达,21.56,21.03,21.62,20.96,3235500.0
20260319,301269,华大九天,89.05,88.04,89.76,87.66,4289300.0
20260319,301270,汉仪股份,35.18,34.65,35.4,34.41,2189700.0
20260319,301272,英华特,42.92,41.91,43.8,41.61,874700.0
20260319,301273,瑞晨环保,32.6,31.26,33.3,31.05,1303300.0
20260319,301275,汉朔科技,43.75,41.94,43.8,41.78,7090000.0
20260319,301276,嘉曼服饰,25.1,23.94,25.1,23.84,1888000.0
20260319,301277,新天地,12.41,12.13,12.49,12.12,2419500.0
20260319,301278,快可电子,43.27,42.47,44.1,42.13,4218000.0
20260319,301279,金道科技,28.38,27.7,28.42,27.61,1389600.0
20260319,301280,珠城科技,55.2,54.58,55.7,54.35,1027900.0
20260319,301281,科源制药,49.19,50.26,52.63,48.47,5248200.0
20260319,301282,金禄电子,35.8,34.8,36.07,34.26,18235600.0
20260319,301283,聚胶股份,47.02,45.45,47.23,45.28,865900.0
20260319,301285,鸿日达,76.5,76.06,78.6,75.18,2095800.0
20260319,301286,侨源股份,47.46,45.09,47.46,44.84,1873900.0
20260319,301287,康力源,43.02,42.01,43.26,41.71,740700.0
20260319,301288,清研环境,18.4,17.73,18.4,17.68,1042300.0
20260319,301289,国缆检测,55.31,54.3,55.34,54.02,572300.0
20260319,301290,东星医疗,28.1,27.02,28.16,26.93,1826100.0
20260319,301291,明阳电气,58.49,57.09,58.94,56.5,9368900.0
20260319,301292,海科新源,63.6,59.54,64.0,59.22,12339800.0
20260319,301293,三博脑科,74.51,72.52,74.52,72.0,12819300.0
20260319,301295,美硕科技,35.07,33.43,35.07,33.2,1514900.0
20260319,301296,新巨丰,8.15,8.02,8.21,8.01,3133400.0
20260319,301297,富乐德,35.3,35.04,35.56,34.88,3397200.0
20260319,301298,东利机械,16.85,16.37,16.85,16.28,1899500.0
20260319,301299,卓创资讯,68.32,69.19,70.95,68.08,3534900.0
20260319,301300,远翔新材,46.44,44.15,46.44,43.82,1501200.0
20260319,301301,川宁生物,11.39,11.1,11.45,11.07,19194400.0
20260319,301302,华如科技,27.75,29.36,30.61,27.66,22344700.0
20260319,301303,真兰仪表,15.77,15.59,15.93,15.58,2648800.0
20260319,301305,朗坤科技,25.73,25.36,26.04,25.25,3489700.0
20260319,301306,西测测试,131.76,141.7,146.8,131.76,16227400.0
20260319,301307,美利信,42.5,41.23,42.78,41.0,9505700.0
20260319,301308,江波龙,348.0,356.5,368.59,342.56,21269800.0
20260319,301309,万得凯,34.14,32.32,34.14,32.19,3095200.0
20260319,301310,鑫宏业,37.79,37.18,38.02,36.95,616600.0
20260319,301311,昆船智能,17.76,17.36,17.79,17.32,3052800.0
20260319,301312,智立方,76.54,77.66,81.41,76.5,3980000.0
20260319,301313,凡拓数创,31.91,31.49,32.0,31.25,2293100.0
20260319,301314,科瑞思,48.0,46.6,49.5,46.22,1197900.0
20260319,301315,威士顿,52.2,51.97,53.09,51.7,1490400.0
20260319,301316,慧博云通,45.5,45.5,48.21,45.21,12960400.0
20260319,301317,鑫磊股份,54.0,53.15,54.85,52.7,3276700.0
20260319,301318,维海德,29.5,28.94,29.59,28.81,841100.0
20260319,301319,唯特偶,42.93,42.0,43.27,41.8,1936600.0
20260319,301320,豪江智能,18.0,17.72,18.21,17.68,2366900.0
20260319,301321,翰博高新,20.42,20.13,20.84,20.02,3408400.0
20260319,301322,绿通科技,32.07,31.38,32.3,31.16,2245400.0
20260319,301323,新莱福,54.14,52.2,54.28,51.83,1661900.0
20260319,301325,曼恩斯特,47.89,46.62,48.08,46.39,2349500.0
20260319,301326,捷邦科技,133.5,133.34,137.8,131.1,984200.0
20260319,301327,华宝新能,62.69,61.41,64.35,61.0,5248200.0
20260319,301328,维峰电子,48.88,48.53,49.4,48.29,903400.0
20260319,301329,信音电子,23.4,23.06,23.65,22.9,2524200.0
20260319,301330,熵基科技,37.33,36.54,37.33,36.36,3888000.0
20260319,301331,恩威医药,27.81,27.01,27.81,26.84,868300.0
20260319,301332,德尔玛,9.55,9.38,9.61,9.35,2602400.0
20260319,301333,诺思格,60.18,58.49,60.88,58.0,1782000.0
20260319,301335,天元宠物,26.89,26.3,27.0,26.12,1365100.0
20260319,301336,趣睡科技,54.76,53.58,55.29,53.47,728100.0
20260319,301337,亚华电子,30.49,30.18,30.81,29.9,1207100.0
20260319,301338,凯格精机,172.01,175.71,180.71,171.0,3246500.0
20260319,301339,通行宝,13.97,14.08,14.33,13.91,4984900.0
20260319,301345,涛涛车业,207.12,199.09,209.48,198.25,1006000.0
20260319,301348,蓝箭电子,28.8,28.05,28.8,27.92,22725400.0
20260319,301349,信德新材,51.19,50.65,52.64,50.42,2451500.0
20260319,301353,普莱得,28.99,28.28,29.31,28.13,839200.0
20260319,301355,南王科技,12.9,12.61,13.05,12.49,2998600.0
20260319,301356,天振股份,22.66,22.22,22.98,22.11,1452200.0
20260319,301357,北方长龙,117.43,114.91,119.41,114.27,1522300.0
20260319,301358,湖南裕能,76.0,73.52,78.15,72.28,25714900.0
20260319,301359,东南电子,21.97,21.45,22.26,21.36,1783800.0
20260319,301360,荣旗科技,70.71,69.25,71.25,68.61,1149900.0
20260319,301361,众智科技,41.4,40.55,42.1,40.21,4257700.0
20260319,301362,民爆光电,99.74,98.22,101.25,97.8,3281800.0
20260319,301363,美好医疗,26.8,26.29,26.89,26.2,7841200.0
20260319,301365,矩阵股份,27.5,28.02,28.58,27.38,6475900.0
20260319,301366,一博科技,33.86,33.3,34.25,33.19,2143300.0
20260319,301367,瑞迈特,71.14,69.87,71.16,69.66,919900.0
20260319,301368,丰立智能,55.77,54.68,55.83,54.3,1507600.0
20260319,301369,联动科技,144.65,145.8,148.32,139.9,1606700.0
20260319,301370,国科恒泰,11.08,10.87,11.14,10.84,3423100.0
20260319,301371,敷尔佳,24.05,23.71,24.32,23.54,1734900.0
20260319,301372,科净源,27.77,27.22,28.0,27.03,1374400.0
20260319,301373,凌玮科技,72.7,70.0,73.5,67.4,7621000.0
20260319,301376,致欧科技,17.4,17.13,17.65,17.03,2470400.0
20260319,301377,鼎泰高科,183.2,179.98,185.99,178.1,2444500.0
20260319,301378,通达海,33.8,33.58,34.2,33.38,1859400.0
20260319,301379,天山电子,27.32,26.78,27.45,26.6,6043900.0
20260319,301380,挖金客,34.21,33.92,34.62,33.75,1310900.0
20260319,301381,赛维时代,20.46,20.16,20.5,20.14,2541600.0
20260319,301382,蜂助手,37.35,38.4,39.41,37.18,22135800.0
20260319,301383,天键股份,30.44,29.24,30.69,29.11,2256100.0
20260319,301386,未来电器,26.18,25.49,26.38,25.39,2256200.0
20260319,301387,光大同创,56.5,55.42,57.6,55.08,1286200.0
20260319,301388,欣灵电气,35.45,35.37,36.62,34.9,3467000.0
20260319,301389,隆扬电子,56.0,55.32,56.38,54.49,11366500.0
20260319,301390,经纬股份,40.49,39.3,40.73,39.11,936800.0
20260319,301391,卡莱特,68.1,67.24,68.21,65.66,1424600.0
20260319,301392,汇成真空,122.0,120.05,122.58,118.0,2433600.0
20260319,301393,昊帆生物,51.0,50.33,51.58,50.15,763800.0
20260319,301395,仁信新材,16.02,15.32,16.29,15.24,4628900.0
20260319,301396,宏景科技,157.46,178.53,186.56,157.46,16765600.0
20260319,301397,溯联股份,30.8,30.68,31.55,30.48,2271400.0
20260319,301398,星源卓镁,50.3,49.15,50.83,48.71,1430300.0
20260319,301399,英特科技,22.04,22.04,22.55,21.9,7775800.0
20260319,301408,华人健康,17.82,17.5,17.97,17.46,5578500.0
20260319,301413,安培龙,119.0,116.32,119.94,116.01,2133600.0
20260319,301418,协昌科技,39.18,38.42,39.45,38.18,812200.0
20260319,301419,阿莱德,38.08,39.44,40.73,37.99,10535000.0
20260319,301421,波长光电,89.67,87.21,90.17,87.11,3417300.0
20260319,301428,世纪恒通,39.52,38.42,40.28,38.2,17928900.0
20260319,301429,森泰股份,21.25,20.26,21.25,20.26,1566900.0
20260319,301439,泓淋电力,16.62,16.37,16.86,16.3,6699700.0
20260319,301446,福事特,40.25,38.84,40.25,38.39,715600.0
20260319,301448,开创电气,40.85,39.49,41.26,39.2,726700.0
20260319,301449,天溯计量,90.01,86.01,90.45,85.45,4089200.0
20260319,301456,盘古智能,31.65,31.06,32.32,30.98,3773100.0
20260319,301458,钧崴电子,37.16,36.1,37.43,35.81,4167000.0
20260319,301459,丰茂股份,39.25,38.48,39.69,38.36,880200.0
20260319,301468,博盈特焊,53.0,50.97,53.0,50.0,4573600.0
20260319,301469,恒达新材,33.49,32.71,33.66,32.57,1154700.0
20260319,301479,弘景光电,95.9,96.16,98.2,93.85,2073900.0
20260319,301486,致尚科技,151.28,153.15,159.31,149.88,6184700.0
20260319,301487,盟固利,22.3,21.74,22.39,21.6,12679800.0
20260319,301488,豪恩汽电,132.89,132.72,135.37,132.03,748300.0
20260319,301489,思泉新材,174.01,181.74,189.52,173.51,4977900.0
20260319,301491,汉桑科技,57.21,55.54,57.5,55.3,1814300.0
20260319,301498,乖宝宠物,56.06,55.04,56.36,54.92,2473000.0
20260319,301499,维科精密,33.29,33.76,34.97,33.03,3947300.0
20260319,301500,飞南资源,20.68,19.69,20.72,19.58,21257600.0
20260319,301501,恒鑫生活,39.35,39.03,39.97,38.84,877600.0
20260319,301502,华阳智能,45.58,44.01,45.67,43.65,979100.0
20260319,301503,智迪科技,38.14,37.27,38.58,37.02,839200.0
20260319,301505,苏州规划,24.38,23.46,24.38,23.35,2766300.0
20260319,301507,民生健康,14.65,14.45,14.8,14.41,2931500.0
20260319,301508,中机认检,31.07,30.87,31.27,30.71,1521300.0
20260319,301509,金凯生科,38.0,40.05,40.98,37.67,11294100.0
20260319,301510,固高科技,33.0,32.51,33.09,32.38,4739900.0
20260319,301511,德福科技,39.21,36.95,39.21,36.68,25931500.0
20260319,301512,智信精密,48.38,47.21,49.0,46.92,613700.0
20260319,301515,港通医疗,23.36,23.12,23.68,22.95,1433300.0
20260319,301516,中远通,18.9,19.0,19.53,18.81,6684200.0
20260319,301517,陕西华达,56.21,57.61,59.09,56.07,5597100.0
20260319,301518,长华化学,42.61,41.2,43.0,40.8,2461700.0
20260319,301519,舜禹股份,15.29,14.82,15.29,14.72,2214200.0
20260319,301520,万邦医药,42.3,41.28,42.51,41.03,590300.0
20260319,301522,上大股份,33.4,32.58,33.5,32.4,5836700.0
20260319,301525,儒竞科技,81.11,79.25,81.5,78.2,1923800.0
20260319,301526,国际复材,11.52,11.29,11.68,11.22,75346600.0
20260319,301528,多浦乐,61.91,60.5,61.97,60.24,500900.0
20260319,301529,福赛科技,109.98,105.64,110.99,104.89,1968000.0
20260319,301533,威马农机,34.13,33.28,34.4,32.98,992100.0
20260319,301535,浙江华远,28.04,26.23,28.1,25.58,5715800.0
20260319,301536,星宸科技,77.07,75.41,77.77,74.99,7496200.0
20260319,301538,骏鼎达,78.93,75.55,79.05,75.18,838400.0
20260319,301539,宏鑫科技,20.25,19.74,20.32,19.65,2150000.0
20260319,301548,崇德科技,75.53,73.16,75.74,72.64,1692200.0
20260319,301550,斯菱智驱,145.0,140.0,145.68,138.93,4146800.0
20260319,301551,无线传媒,31.76,31.4,31.86,31.4,2907800.0
20260319,301552,科力装备,41.0,39.48,41.05,39.3,1264000.0
20260319,301555,惠柏新材,39.5,37.77,39.77,37.5,7063600.0
20260319,301556,托普云农,91.08,89.37,91.5,89.11,1280500.0
20260319,301557,常友科技,109.0,107.46,109.93,106.0,1419100.0
20260319,301558,三态股份,8.67,8.59,8.77,8.55,7785500.0
20260319,301559,中集环科,17.63,17.29,17.82,17.2,2389700.0
20260319,301560,众捷汽车,39.41,38.2,39.91,37.8,2914800.0
20260319,301563,云汉芯城,159.0,161.28,162.88,158.47,2540000.0
20260319,301565,中仑新材,22.42,21.92,22.5,21.85,3253900.0
20260319,301566,达利凯普,22.55,22.66,23.12,22.2,14235400.0
20260319,301567,贝隆精密,46.0,44.65,46.12,44.38,1081900.0
20260319,301568,思泰克,53.88,53.29,54.56,52.88,3985000.0
20260319,301571,国科天成,60.96,60.12,61.5,59.8,2493700.0
20260319,301575,艾芬达,49.9,48.58,50.36,48.42,1143700.0
20260319,301577,美信科技,67.01,65.85,67.95,65.53,1190500.0
20260319,301578,辰奕智能,35.05,34.49,35.31,34.34,821900.0
20260319,301580,爱迪特,75.51,72.11,75.86,71.73,5104600.0
20260319,301581,黄山谷捷,49.41,49.06,49.78,48.6,607400.0
20260319,301584,建发致新,29.41,28.91,30.19,28.83,4696800.0
20260319,301585,蓝宇股份,30.41,30.16,30.94,30.0,1075000.0
20260319,301586,佳力奇,46.17,45.15,46.17,45.03,854800.0
20260319,301587,中瑞股份,24.95,24.45,25.13,24.32,2544100.0
20260319,301588,美新科技,25.55,25.4,26.18,25.01,4893500.0
20260319,301589,诺瓦星云,170.71,170.0,173.0,169.31,518700.0
20260319,301590,优优绿能,192.19,185.18,193.48,183.62,951700.0
20260319,301591,肯特股份,43.8,42.81,44.25,42.62,2475600.0
20260319,301592,六九一二,114.0,113.5,114.95,113.0,540500.0
20260319,301595,太力科技,60.29,60.25,61.0,59.6,883200.0
20260319,301596,瑞迪智驱,69.0,67.04,69.0,66.83,713400.0
20260319,301598,博科测试,63.43,62.0,63.6,61.69,451100.0
20260319,301600,慧翰股份,108.35,106.14,108.88,105.6,891800.0
20260319,301601,惠通科技,27.4,26.72,27.4,26.71,1005300.0
20260319,301602,超研股份,21.38,20.96,21.38,20.9,1476200.0
20260319,301603,乔锋智能,68.99,68.56,69.61,68.0,1503100.0
20260319,301606,绿联科技,70.5,70.64,73.28,69.33,7097200.0
20260319,301607,富特科技,47.98,48.75,49.66,47.8,3551900.0
20260319,301608,博实结,84.58,83.6,85.06,83.31,665700.0
20260319,301609,山大电力,54.4,56.27,57.3,53.53,8571700.0
20260319,301611,珂玛科技,105.99,102.98,107.0,102.3,5953800.0
20260319,301613,新铝时代,48.36,47.1,48.6,47.03,1205300.0
20260319,301616,浙江华业,50.7,49.49,51.15,49.21,805700.0
20260319,301617,博苑新材,59.59,59.18,60.97,58.98,1460400.0
20260319,301618,长联科技,50.16,51.49,51.83,49.67,1495900.0
20260319,301622,英思特,64.6,62.56,64.66,62.2,1845500.0
20260319,301626,苏州天脉,238.0,242.0,245.5,228.0,3313800.0
20260319,301628,强达电路,108.95,107.13,110.8,106.44,1746100.0
20260319,301629,矽电股份,287.01,290.0,297.0,287.01,1264800.0
20260319,301630,同宇新材,189.89,182.86,189.89,182.0,970300.0
20260319,301631,壹连科技,91.39,91.77,93.8,90.68,1174300.0
20260319,301632,广东建科,23.5,22.95,23.94,22.87,4001300.0
20260319,301633,港迪技术,68.75,66.63,68.75,66.3,862700.0
20260319,301636,泽润新能,77.89,77.17,80.45,76.88,3073400.0
20260319,301638,南网数字,30.37,30.34,31.1,29.8,49241000.0
20260319,301656,联合动力,25.8,25.4,26.01,25.34,6372800.0
20260319,301658,首航新能,48.69,50.29,52.66,48.69,19703800.0
20260319,301662,宏工科技,149.8,149.11,153.19,148.0,698600.0
20260319,301665,泰禾股份,29.49,28.23,29.66,28.02,4863000.0
20260319,301667,纳百川,109.36,101.25,110.4,100.2,10985800.0
20260319,301668,昊创瑞通,58.85,57.72,60.55,57.44,4322300.0
20260319,301678,新恒汇,66.7,65.19,66.9,64.82,1920700.0
20260319,301680,固德电材,131.39,133.21,146.0,130.87,8726200.0
20260319,301687,新广益,66.94,64.79,67.88,64.0,7562000.0
20260319,302132,中航成飞,71.6,69.94,71.62,69.87,7667800.0
20260319,600000,浦发银行,10.32,10.32,10.4,10.25,75867200.0
20260319,600004,白云机场,9.1,9.06,9.14,9.05,8602100.0
20260319,600006,东风股份,6.87,6.74,6.89,6.73,15661500.0
20260319,600007,中国国贸,20.4,20.33,20.61,20.3,1788000.0
20260319,600008,首创环保,3.21,3.22,3.25,3.19,99861900.0
20260319,600009,上海机场,29.11,29.08,29.2,29.04,7943900.0
20260319,600010,包钢股份,2.7,2.61,2.71,2.59,979843800.0
20260319,600011,华能国际,7.44,7.48,7.58,7.42,110861400.0
20260319,600012,皖通高速,15.35,15.7,15.77,15.28,8091800.0
20260319,600015,华夏银行,7.22,7.13,7.27,7.1,74044900.0
20260319,600016,民生银行,3.9,3.86,3.92,3.86,203002800.0
20260319,600017,日照港,3.21,3.19,3.23,3.17,36262600.0
20260319,600018,上港集团,5.15,5.16,5.2,5.14,50662600.0
20260319,600019,宝钢股份,6.66,6.59,6.7,6.58,114324600.0
20260319,600020,中原高速,4.13,4.1,4.18,4.1,12958300.0
20260319,600021,上海电力,20.3,20.04,20.48,20.0,35042500.0
20260319,600022,山东钢铁,1.65,1.58,1.66,1.58,297692000.0
20260319,600023,浙能电力,5.43,5.46,5.54,5.42,55088300.0
20260319,600025,华能水电,10.24,10.26,10.43,10.23,25489700.0
20260319,600026,中远海能,24.97,23.73,25.28,23.22,122147200.0
20260319,600027,华电国际,5.21,5.22,5.29,5.2,115222000.0
20260319,600028,中国石化,6.21,6.28,6.29,6.18,411549700.0
20260319,600029,南方航空,5.95,5.81,5.97,5.79,161432000.0
20260319,600030,中信证券,25.75,25.61,25.84,25.5,107159400.0
20260319,600031,三一重工,20.44,19.76,20.46,19.64,103647100.0
20260319,600032,浙江新能,8.88,9.27,9.6,8.88,95087500.0
20260319,600033,福建高速,3.77,3.76,3.81,3.75,33949800.0
20260319,600035,楚天高速,3.96,3.96,4.0,3.95,11947400.0
20260319,600036,招商银行,39.88,39.77,40.04,39.7,65024700.0
20260319,600037,歌华有线,7.9,7.92,8.04,7.81,23619200.0
20260319,600038,中直股份,34.97,34.41,35.05,34.36,9997100.0
20260319,600039,四川路桥,9.59,9.56,9.8,9.51,20747500.0
20260319,600048,保利发展,6.31,6.24,6.35,6.22,102131700.0
20260319,600050,中国联通,4.95,4.96,5.0,4.94,181256400.0
20260319,600051,宁波联合,7.99,7.81,8.03,7.67,6150100.0
20260319,600052,东望时代,4.14,4.06,4.16,4.06,10231500.0
20260319,600054,黄山旅游,13.61,13.58,13.7,13.46,9037500.0
20260319,600055,万东医疗,15.02,14.89,15.09,14.84,4609900.0
20260319,600056,中国医药,10.4,10.37,10.5,10.33,10585100.0
20260319,600057,厦门象屿,8.07,7.96,8.12,7.91,19502800.0
20260319,600058,五矿发展,11.89,11.54,11.89,11.51,13374600.0
20260319,600059,古越龙山,9.27,9.1,9.31,9.1,10227300.0
20260319,600060,海信视像,22.51,22.35,22.64,22.25,6997100.0
20260319,600061,国投资本,7.27,7.26,7.31,7.23,25710200.0
20260319,600062,华润双鹤,18.17,18.12,18.25,18.04,4548900.0
20260319,600063,皖维高新,7.16,6.76,7.19,6.72,98589300.0
20260319,600064,南京高科,8.75,8.62,8.78,8.62,16744200.0
20260319,600066,宇通客车,30.92,31.11,31.88,30.8,14882000.0
20260319,600067,冠城新材,4.08,3.97,4.08,3.96,27855500.0
20260319,600071,凤凰光学,20.0,19.67,20.05,19.6,3175600.0
20260319,600072,中船科技,12.98,12.91,13.25,12.82,33521300.0
20260319,600073,光明肉业,6.1,6.05,6.14,6.01,14632300.0
20260319,600075,新疆天业,7.4,6.93,7.6,6.86,59923900.0
20260319,600076,康欣新材,3.53,3.47,3.55,3.45,19138600.0
20260319,600078,澄星股份,12.4,11.75,12.48,11.61,36156700.0
20260319,600081,东风科技,11.83,11.77,11.98,11.71,2401100.0
20260319,600085,同仁堂,29.98,29.86,30.1,29.79,4530200.0
20260319,600088,中视传媒,14.93,14.72,14.99,14.7,2736300.0
20260319,600089,特变电工,28.6,28.14,28.86,28.0,181897500.0
20260319,600094,大名城,4.2,4.14,4.22,4.12,19527100.0
20260319,600095,湘财股份,9.87,9.84,9.95,9.8,17798900.0
20260319,600096,云天化,38.75,36.96,39.14,36.59,67334300.0
20260319,600097,开创国际,11.5,11.32,11.66,11.26,5669800.0
20260319,600098,广州发展,7.59,7.63,7.74,7.58,29336900.0
20260319,600099,林海股份,11.28,10.98,11.36,10.93,3898600.0
20260319,600100,同方股份,8.72,8.83,9.08,8.61,70819500.0
20260319,600101,明星电力,10.5,10.56,10.8,10.45,24394800.0
20260319,600103,青山纸业,3.76,3.64,3.76,3.61,115480500.0
20260319,600104,上汽集团,14.3,14.28,14.49,14.24,45176100.0
20260319,600105,永鼎股份,26.84,26.96,27.35,26.67,52883100.0
20260319,600106,重庆路桥,5.81,5.65,5.86,5.62,14816600.0
20260319,600108,亚盛集团,5.61,5.29,5.66,5.24,191615000.0
20260319,600109,国金证券,8.77,8.73,8.82,8.71,25063400.0
20260319,600110,诺德股份,8.02,7.67,8.06,7.63,90024100.0
20260319,600111,北方稀土,48.1,46.62,48.2,46.36,95919800.0
20260319,600113,浙江东日,54.36,53.2,55.0,53.06,2701900.0
20260319,600114,东睦股份,29.38,28.5,29.38,28.23,17589500.0
20260319,600115,中国东航,4.6,4.41,4.6,4.39,272028400.0
20260319,600116,三峡水利,6.86,6.86,6.94,6.81,23566800.0
20260319,600117,西宁特钢,2.8,2.72,2.8,2.72,34020300.0
20260319,600118,中国卫星,83.11,83.88,85.96,83.1,26092900.0
20260319,600120,浙江东方,6.07,6.02,6.08,5.98,49265000.0
20260319,600121,郑州煤电,5.09,4.84,5.13,4.81,135040500.0
20260319,600123,兰花科创,7.01,6.9,7.07,6.87,55154800.0
20260319,600125,铁龙物流,6.54,6.47,6.62,6.44,22961200.0
20260319,600126,杭钢股份,9.02,9.15,9.38,9.01,134031300.0
20260319,600127,金健米业,7.25,7.22,7.39,7.18,30556100.0
20260319,600128,苏豪弘业,11.3,11.1,11.4,11.05,4594100.0
20260319,600129,太极集团,16.6,16.29,16.7,16.27,7373600.0
20260319,600130,波导股份,4.53,4.49,4.6,4.44,15725500.0
20260319,600131,国网信通,19.73,21.78,22.31,19.53,68609900.0
20260319,600132,重庆啤酒,57.51,56.93,58.14,56.8,4378200.0
20260319,600133,东湖高新,9.3,9.21,9.35,9.13,20259400.0
20260319,600135,乐凯胶片,10.32,10.32,10.51,10.2,20845300.0
20260319,600137,浪莎股份,23.12,22.08,23.18,21.96,4734700.0
20260319,600138,中青旅,9.39,9.33,9.42,9.3,10203400.0
20260319,600141,兴发集团,34.59,32.21,34.88,31.92,54697500.0
20260319,600143,金发科技,16.88,16.35,16.88,16.3,49438000.0
20260319,600148,长春一东,18.96,18.57,19.1,18.52,1463500.0
20260319,600149,廊坊发展,6.02,6.0,6.23,5.95,21396000.0
20260319,600150,中国船舶,34.17,34.16,34.71,34.05,80195300.0
20260319,600151,航天机电,13.73,13.55,13.9,13.48,29807100.0
20260319,600152,维科技术,9.85,9.3,10.03,9.28,53714900.0
20260319,600153,建发股份,9.4,9.36,9.5,9.25,21834400.0
20260319,600155,华创云信,6.66,6.69,6.73,6.64,23088800.0
20260319,600156,华升股份,8.37,8.69,8.78,8.32,17843400.0
20260319,600157,永泰能源,1.85,1.86,1.89,1.84,1160417500.0
20260319,600158,中体产业,10.7,10.58,10.78,10.48,34524900.0
20260319,600159,大龙地产,3.17,3.1,3.22,3.08,20720700.0
20260319,600160,巨化股份,37.43,36.3,37.43,35.92,35348700.0
20260319,600161,天坛生物,15.75,15.83,16.0,15.7,7588000.0
20260319,600162,香江控股,1.87,1.84,1.89,1.83,31530400.0
20260319,600163,中闽能源,6.36,6.52,6.62,6.32,50499900.0
20260319,600165,宁科生物,3.7,3.67,3.77,3.67,6307000.0
20260319,600166,福田汽车,2.9,2.86,2.92,2.84,131849200.0
20260319,600167,联美控股,6.68,6.65,6.8,6.64,12603000.0
20260319,600168,武汉控股,5.35,5.38,5.43,5.32,10967000.0
20260319,600170,上海建工,2.88,2.85,2.9,2.84,202732800.0
20260319,600171,上海贝岭,30.04,29.88,30.15,29.8,8713300.0
20260319,600172,黄河旋风,8.8,8.43,8.81,8.35,149192500.0
20260319,600173,卧龙新能,7.61,7.62,7.74,7.56,7684100.0
20260319,600176,中国巨石,24.48,23.45,24.48,23.29,68258800.0
20260319,600177,雅戈尔,7.73,7.81,7.89,7.71,37176000.0
20260319,600178,东安动力,11.55,11.29,11.59,11.25,3836000.0
20260319,600179,安通控股,4.46,4.38,4.47,4.35,52847400.0
20260319,600182,S佳通,14.26,14.16,14.37,14.12,1332800.0
20260319,600183,生益科技,62.0,60.6,62.36,60.3,41592900.0
20260319,600184,光电股份,16.06,15.71,16.13,15.65,9919800.0
20260319,600185,珠免集团,6.46,6.3,6.46,6.28,26876100.0
20260319,600186,莲花控股,6.33,7.11,7.11,6.31,295531700.0
20260319,600188,兖矿能源,20.7,20.66,20.99,20.24,110848800.0
20260319,600189,泉阳泉,8.02,7.94,8.08,7.91,8253200.0
20260319,600191,华资实业,12.1,12.3,12.5,11.98,5811700.0
20260319,600192,长城电工,9.24,9.0,9.29,8.98,9700100.0
20260319,600195,中牧股份,7.99,7.8,8.03,7.76,14145800.0
20260319,600196,复星医药,25.55,25.26,25.68,25.18,10122600.0
20260319,600197,伊力特,12.83,12.64,12.9,12.62,3292000.0
20260319,600198,大唐电信,8.6,8.55,8.69,8.52,12266100.0
20260319,600199,金种子酒,8.71,8.66,8.79,8.65,8084600.0
20260319,600201,生物股份,15.89,14.83,16.16,14.66,69414600.0
20260319,600202,哈空调,6.35,6.19,6.39,6.16,8063700.0
20260319,600203,福日电子,11.6,11.36,11.6,11.32,11143900.0
20260319,600206,有研新材,21.07,20.86,21.13,20.76,22407600.0
20260319,600207,安彩高科,5.7,5.77,5.88,5.69,32086600.0
20260319,600208,衢州发展,3.38,3.33,3.39,3.32,62118700.0
20260319,600210,紫江企业,7.22,7.1,7.25,7.08,22923400.0
20260319,600211,西藏药业,43.85,42.89,44.08,42.68,3925000.0
20260319,600212,绿能慧充,7.56,7.48,7.59,7.46,7528200.0
20260319,600215,派斯林,7.06,6.95,7.12,6.91,6347200.0
20260319,600216,浙江医药,16.33,15.66,16.58,15.56,30104200.0
20260319,600217,中再资环,3.97,3.9,3.98,3.89,19773500.0
20260319,600218,全柴动力,10.15,9.97,10.19,9.94,11267300.0
20260319,600219,南山铝业,6.43,6.11,6.43,6.07,356612000.0
20260319,600221,海航控股,1.52,1.5,1.53,1.49,552960700.0
20260319,600222,太龙药业,7.34,7.26,7.46,7.2,18877100.0
20260319,600223,福瑞达,7.02,6.94,7.06,6.92,7282300.0
20260319,600226,亨通股份,5.13,4.98,5.14,4.95,59124700.0
20260319,600227,赤天化,5.3,4.67,5.35,4.55,363807500.0
20260319,600228,返利科技,5.7,5.58,5.8,5.57,4918400.0
20260319,600229,城市传媒,6.28,6.24,6.35,6.21,3391400.0
20260319,600230,沧州大化,19.66,17.69,19.67,17.52,39231600.0
20260319,600231,凌钢股份,2.25,2.13,2.35,2.12,94755200.0
20260319,600232,金鹰股份,8.16,7.94,8.16,7.87,7882800.0
20260319,600233,圆通速递,20.02,19.72,20.25,19.61,24017300.0
20260319,600234,科新发展,14.14,14.45,14.92,13.72,6743500.0
20260319,600235,民丰特纸,6.98,6.77,7.02,6.73,7068400.0
20260319,600236,桂冠电力,9.26,9.25,9.48,9.16,19461400.0
20260319,600237,铜峰电子,9.3,8.93,9.33,8.88,37117200.0
20260319,600241,时代万恒,9.4,9.25,9.49,9.19,9211500.0
20260319,600246,万通发展,10.6,10.46,10.65,10.36,31378300.0
20260319,600248,陕建股份,3.6,3.56,3.64,3.55,30394200.0
20260319,600249,两面针,6.04,5.99,6.1,5.95,12885100.0
20260319,600250,南京商旅,11.6,11.5,11.72,11.42,8958000.0
20260319,600251,冠农股份,11.27,10.77,11.32,10.68,17197000.0
20260319,600252,中恒集团,2.59,2.56,2.62,2.55,43040900.0
20260319,600255,鑫科材料,3.49,3.38,3.49,3.36,48112300.0
20260319,600256,广汇能源,7.1,7.12,7.18,6.97,480289600.0
20260319,600257,大湖股份,6.52,6.49,6.58,6.43,10816100.0
20260319,600258,首旅酒店,17.11,17.13,17.33,16.9,13098300.0
20260319,600259,中稀有色,86.0,82.34,86.32,81.8,14538900.0
20260319,600261,阳光照明,3.85,3.79,3.88,3.77,16423200.0
20260319,600262,北方股份,26.41,25.35,26.5,25.28,3678500.0
20260319,600266,城建发展,5.27,5.16,5.3,5.14,47512400.0
20260319,600267,海正药业,10.49,10.38,10.56,10.33,8968500.0
20260319,600268,国电南自,14.44,14.11,14.58,14.0,33733300.0
20260319,600269,赣粤高速,4.94,4.91,4.97,4.9,17590800.0
20260319,600271,航天信息,9.31,9.17,9.32,9.13,14727800.0
20260319,600272,开开实业,13.13,12.91,13.24,12.88,2305300.0
20260319,600273,嘉化能源,9.89,9.31,9.89,9.24,28831700.0
20260319,600276,恒瑞医药,56.17,56.02,57.03,55.91,34364700.0
20260319,600278,东方创业,7.8,7.63,7.81,7.6,6528500.0
20260319,600279,重庆港,5.25,5.15,5.29,5.14,9018100.0
20260319,600280,中央商场,3.37,3.32,3.39,3.3,20096100.0
20260319,600281,华阳新材,5.54,5.38,5.55,5.36,16437600.0
20260319,600282,南钢股份,5.75,5.46,5.76,5.43,66223500.0
20260319,600283,钱江水利,9.4,9.48,9.6,9.39,8938200.0
20260319,600284,浦东建设,7.5,7.33,7.52,7.3,8788600.0
20260319,600285,羚锐制药,22.02,22.04,22.24,21.89,5912800.0
20260319,600287,苏豪时尚,5.88,5.78,5.93,5.75,4365600.0
20260319,600288,大恒科技,14.92,14.81,15.08,14.75,5468600.0
20260319,600292,电投水电,14.35,14.29,14.51,14.22,10567300.0
20260319,600293,三峡新材,3.53,3.33,3.53,3.31,57045800.0
20260319,600295,鄂尔多斯,15.4,15.34,15.68,15.2,7818200.0
20260319,600298,安琪酵母,40.9,40.83,41.17,40.53,4454300.0
20260319,600299,安迪苏,14.42,14.27,14.77,13.95,41339100.0
20260319,600300,维维股份,3.65,3.61,3.69,3.59,31529100.0
20260319,600301,华锡有色,53.83,50.9,54.2,50.46,12180300.0
20260319,600303,曙光股份,3.38,3.29,3.41,3.28,15765700.0
20260319,600305,恒顺醋业,7.82,7.77,7.88,7.76,5570800.0
20260319,600307,酒钢宏兴,2.4,2.28,2.51,2.28,791837300.0
20260319,600308,华泰股份,4.02,3.91,4.02,3.9,19346400.0
20260319,600309,万华化学,80.0,78.43,80.55,78.0,35235400.0
20260319,600310,广西能源,4.33,4.44,4.51,4.3,59297000.0
20260319,600312,平高电气,21.64,21.51,21.83,21.38,24310200.0
20260319,600313,农发种业,9.05,8.42,9.1,8.36,105024000.0
20260319,600315,上海家化,21.62,21.6,21.74,21.29,5963700.0
20260319,600316,洪都航空,37.57,37.07,38.29,36.99,7458400.0
20260319,600318,新力金融,8.65,8.61,8.8,8.58,21862400.0
20260319,600319,亚星化学,8.14,7.8,8.15,7.61,11791100.0
20260319,600320,振华重工,4.9,4.74,4.91,4.71,58191800.0
20260319,600322,津投城开,2.38,2.35,2.42,2.34,21975200.0
20260319,600323,瀚蓝环境,29.0,29.51,29.91,28.91,6707900.0
20260319,600325,华发股份,4.0,3.96,4.02,3.94,38714500.0
20260319,600326,西藏天路,10.1,9.84,10.12,9.82,30536100.0
20260319,600327,大东方,4.05,4.02,4.1,4.0,11970800.0
20260319,600328,中盐化工,10.46,10.25,10.48,10.02,65649400.0
20260319,600329,达仁堂,42.92,42.08,43.26,41.81,3866900.0
20260319,600330,天通股份,16.4,16.97,17.87,16.38,171476700.0
20260319,600331,宏达股份,16.63,16.1,16.89,15.86,89216600.0
20260319,600332,白云山,25.32,25.22,25.54,25.19,7477800.0
20260319,600333,长春燃气,5.71,5.76,5.85,5.64,31608700.0
20260319,600335,国机汽车,6.19,6.11,6.23,6.08,13471700.0
20260319,600336,澳柯玛,7.73,7.49,7.81,7.46,17491600.0
20260319,600338,西藏珠峰,16.46,15.7,16.46,15.6,52689900.0
20260319,600339,中油工程,4.27,4.19,4.3,4.14,139882300.0
20260319,600343,航天动力,30.81,31.86,32.98,30.72,38787300.0
20260319,600345,长江通信,38.33,37.8,38.75,37.61,8026200.0
20260319,600346,恒力石化,22.6,21.28,22.75,21.15,72711200.0
20260319,600348,华阳股份,9.49,9.35,9.59,9.31,42533800.0
20260319,600350,山东高速,10.4,10.38,10.49,10.33,6829400.0
20260319,600351,亚宝药业,6.6,6.51,6.63,6.48,8568200.0
20260319,600352,浙江龙盛,14.15,13.5,14.16,13.39,74585900.0
20260319,600353,旭光电子,15.5,15.39,15.68,15.33,16403900.0
20260319,600354,敦煌种业,7.41,7.08,7.49,7.04,50878000.0
20260319,600356,恒丰纸业,9.17,8.97,9.22,8.96,5195100.0
20260319,600358,国旅联合,6.25,6.14,6.28,6.14,7092000.0
20260319,600359,新农开发,7.5,7.27,7.53,7.24,8999600.0
20260319,600360,华微电子,9.14,8.95,9.14,8.93,14019300.0
20260319,600361,创新新材,4.51,4.35,4.51,4.32,97082200.0
20260319,600362,江西铜业,46.18,45.67,47.63,45.46,49540400.0
20260319,600363,联创光电,54.28,53.77,54.98,53.56,6551600.0
20260319,600366,宁波韵升,12.4,12.06,12.45,12.01,26040900.0
20260319,600367,红星发展,26.75,24.98,27.0,24.67,51129700.0
20260319,600368,五洲交通,3.99,3.99,4.03,3.98,12431000.0
20260319,600369,西南证券,4.35,4.3,4.36,4.28,39692600.0
20260319,600371,万向德农,9.28,9.0,9.54,8.98,16082800.0
20260319,600372,中航机载,13.7,13.49,13.75,13.44,42321900.0
20260319,600373,中文传媒,8.92,8.9,8.96,8.88,8299100.0
20260319,600375,汉马科技,5.49,5.38,5.49,5.37,13706300.0
20260319,600376,首开股份,5.25,5.16,5.26,5.13,47969300.0
20260319,600377,宁沪高速,12.42,12.43,12.55,12.36,10393400.0
20260319,600378,昊华科技,33.12,31.76,33.28,31.61,9453500.0
20260319,600379,宝光股份,11.91,11.81,12.0,11.71,5327700.0
20260319,600380,健康元,11.19,11.07,11.27,11.04,9671100.0
20260319,600382,广东明珠,8.46,8.15,8.46,8.11,14578300.0
20260319,600383,金地集团,3.05,3.01,3.06,3.0,75052700.0
20260319,600386,北巴传媒,4.17,4.1,4.2,4.08,9530900.0
20260319,600388,紫金龙净,18.09,17.65,18.22,17.52,15486200.0
20260319,600389,江山股份,30.4,29.54,30.78,29.2,11470800.0
20260319,600390,五矿资本,5.53,5.66,5.8,5.48,82670100.0
20260319,600391,航发科技,41.71,40.67,42.03,40.5,10015200.0
20260319,600392,盛和资源,23.5,22.82,23.7,22.71,67832900.0
20260319,600395,盘江股份,6.09,5.97,6.09,5.95,30783400.0
20260319,600396,华电辽能,5.24,5.69,5.69,5.19,184249000.0
20260319,600397,江钨装备,17.01,16.03,17.1,15.9,71258800.0
20260319,600398,海澜之家,6.14,6.15,6.21,6.13,23597400.0
20260319,600399,抚顺特钢,6.45,6.29,6.45,6.25,55366200.0
20260319,600400,红豆股份,2.25,2.2,2.27,2.2,23502200.0
20260319,600403,大有能源,6.45,6.56,6.68,6.37,49744400.0
20260319,600405,动力源,6.01,5.86,6.02,5.8,22466100.0
20260319,600406,国电南瑞,27.93,27.81,28.14,27.68,72079800.0
20260319,600408,安泰集团,4.32,4.45,4.56,4.26,242099700.0
20260319,600409,三友化工,7.79,7.16,7.8,7.1,61353500.0
20260319,600410,华胜天成,26.51,27.04,27.9,26.5,155315300.0
20260319,600415,小商品城,13.67,13.54,13.72,13.48,36938700.0
20260319,600416,湘电股份,13.6,13.35,13.6,13.32,17381400.0
20260319,600418,江淮汽车,48.31,47.77,48.46,47.6,29391100.0
20260319,600419,天润乳业,9.46,9.28,9.53,9.24,4760700.0
20260319,600420,国药现代,10.67,10.56,10.72,10.52,7518200.0
20260319,600422,昆药集团,12.0,11.92,12.04,11.88,5644600.0
20260319,600425,青松建化,4.48,4.35,4.48,4.33,33288400.0
20260319,600426,华鲁恒升,38.22,36.45,38.9,36.0,36776800.0
20260319,600428,中远海特,8.32,8.02,8.33,7.95,51511400.0
20260319,600429,三元股份,5.75,5.73,5.85,5.66,36014800.0
20260319,600433,冠豪高新,3.65,3.69,3.78,3.62,56888700.0
20260319,600435,北方导航,15.55,15.15,15.62,15.03,32066800.0
20260319,600436,片仔癀,157.57,157.0,158.0,156.85,1269500.0
20260319,600438,通威股份,18.01,18.1,18.36,18.0,51643800.0
20260319,600444,国机通用,18.28,17.85,18.53,17.78,2958100.0
20260319,600446,金证股份,13.82,13.83,14.03,13.76,11261700.0
20260319,600448,华纺股份,3.43,3.3,3.44,3.29,19269500.0
20260319,600449,宁夏建材,13.44,13.55,13.78,13.44,7950600.0
20260319,600452,涪陵电力,13.6,13.77,14.15,13.4,55295400.0
20260319,600455,博通股份,28.41,27.65,28.6,27.5,1473700.0
20260319,600456,宝钛股份,35.07,34.34,35.29,34.15,9630100.0
20260319,600458,时代新材,14.16,14.0,14.37,13.92,13151800.0
20260319,600459,贵研铂业,19.88,19.84,20.33,19.62,27939600.0
20260319,600460,士兰微,28.09,27.86,28.17,27.8,24574400.0
20260319,600461,洪城环境,9.97,10.03,10.16,9.9,7945600.0
20260319,600463,空港股份,10.62,10.22,10.65,10.14,4130500.0
20260319,600467,好当家,2.59,2.55,2.63,2.54,70783000.0
20260319,600468,百利电气,9.01,9.15,9.44,8.83,192742800.0
20260319,600469,风神股份,6.92,6.79,6.94,6.74,12265100.0
20260319,600470,六国化工,8.15,7.51,8.28,7.5,73220000.0
20260319,600475,华光环能,19.17,18.85,19.42,18.85,13036000.0
20260319,600477,杭萧钢构,3.34,3.27,3.35,3.24,59210300.0
20260319,600478,科力远,7.34,7.14,7.35,7.1,44191500.0
20260319,600479,千金药业,10.99,10.88,11.05,10.87,4589700.0
20260319,600480,凌云股份,10.29,10.03,10.33,9.98,18530800.0
20260319,600481,双良节能,7.0,6.86,7.05,6.83,75317700.0
20260319,600482,中国动力,31.88,30.82,32.26,30.48,48082700.0
20260319,600483,福能股份,10.56,10.45,10.76,10.37,27485600.0
20260319,600486,扬农化工,77.52,73.11,77.88,72.4,6227200.0
20260319,600487,亨通光电,42.88,43.11,44.4,42.87,90545600.0
20260319,600488,津药药业,4.22,4.12,4.23,4.1,8384200.0
20260319,600489,中金黄金,27.39,26.7,27.96,26.52,122252300.0
20260319,600490,鹏欣资源,7.98,7.7,8.08,7.64,77302000.0
20260319,600493,凤竹纺织,7.55,7.42,7.69,7.37,6394200.0
20260319,600495,晋西车轴,4.62,4.51,4.62,4.49,13452800.0
20260319,600496,精工钢构,4.24,4.1,4.24,4.08,24440600.0
20260319,600497,驰宏锌锗,8.65,8.17,8.7,8.09,195014700.0
20260319,600498,烽火通信,46.1,45.94,47.05,45.64,63027000.0
20260319,600499,科达制造,16.19,15.31,16.23,15.2,38998600.0
20260319,600500,中化国际,4.55,4.43,4.58,4.4,55827900.0
20260319,600501,航天晨光,23.95,23.68,24.04,23.6,5623800.0
20260319,600502,安徽建工,4.85,4.83,4.9,4.81,18996500.0
20260319,600503,华丽家族,2.54,2.48,2.57,2.47,29768000.0
20260319,600505,西昌电力,14.4,14.47,14.85,14.32,13034700.0
20260319,600506,统一股份,22.12,21.83,22.42,21.82,6482000.0
20260319,600507,方大特钢,6.32,6.08,6.34,6.04,23650800.0
20260319,600508,上海能源,13.28,13.16,13.42,13.14,9944300.0
20260319,600509,天富能源,8.9,8.83,9.09,8.77,47128400.0
20260319,600510,黑牡丹,8.68,8.36,8.73,8.31,9371100.0
20260319,600511,国药股份,29.55,29.28,29.67,29.15,4933000.0
20260319,600512,腾达建设,2.54,2.49,2.55,2.47,32276300.0
20260319,600513,联环药业,22.44,22.58,22.94,22.25,17510800.0
20260319,600515,海南机场,3.81,3.75,3.82,3.74,86663300.0
20260319,600516,方大炭素,6.13,5.97,6.15,5.92,98807800.0
20260319,600517,国网英大,6.82,6.76,6.89,6.72,32649300.0
20260319,600518,康美药业,1.86,1.84,1.87,1.83,214876200.0
20260319,600519,贵州茅台,1472.96,1452.87,1473.0,1446.0,3031900.0
20260319,600520,三佳科技,27.08,26.71,27.24,26.6,3655300.0
20260319,600521,华海药业,15.73,15.57,15.87,15.51,11880800.0
20260319,600522,中天科技,25.89,25.9,26.49,25.69,85299400.0
20260319,600523,贵航股份,14.87,14.4,14.94,14.34,6970100.0
20260319,600525,长园集团,5.55,5.47,5.57,5.4,14709500.0
20260319,600526,菲达环保,5.62,5.55,5.67,5.52,7874500.0
20260319,600527,江南高纤,2.57,2.44,2.58,2.41,168250000.0
20260319,600528,中铁工业,8.25,8.1,8.29,8.08,21903000.0
20260319,600529,山东药玻,19.46,19.22,19.48,19.18,7705700.0
20260319,600531,豫光金铅,14.12,13.6,14.18,13.47,63181800.0
20260319,600533,栖霞建设,2.64,2.57,2.68,2.56,14028300.0
20260319,600535,天士力,14.17,14.1,14.26,14.06,6196200.0
20260319,600536,中国软件,40.01,40.0,40.33,39.76,8986200.0
20260319,600538,国发股份,6.08,6.34,6.41,6.05,28049500.0
20260319,600539,狮头股份,12.11,11.91,12.43,11.85,7274900.0
20260319,600540,新赛股份,5.18,4.97,5.18,4.96,22627900.0
20260319,600545,卓郎智能,4.31,4.17,4.4,4.14,158878600.0
20260319,600546,山煤国际,11.89,11.87,11.98,11.66,46134000.0
20260319,600547,山东黄金,41.59,40.65,42.44,40.57,69059100.0
20260319,600548,深高速,9.0,9.17,9.21,9.0,9028600.0
20260319,600549,厦门钨业,58.5,55.32,59.12,55.2,69249700.0
20260319,600550,保变电气,16.54,16.25,16.68,16.08,77826700.0
20260319,600551,时代出版,8.35,8.41,8.41,8.32,3552300.0
20260319,600552,凯盛科技,12.9,12.76,12.98,12.66,22948400.0
20260319,600556,天下秀,6.28,6.21,6.3,6.18,40299700.0
20260319,600557,康缘药业,14.22,13.99,14.35,13.98,3904500.0
20260319,600558,大西洋,5.98,5.84,6.01,5.82,16780200.0
20260319,600559,老白干酒,14.71,14.5,14.8,14.5,7353200.0
20260319,600560,金自天正,15.73,15.34,15.73,15.29,2048700.0
20260319,600561,江西长运,6.94,6.8,7.01,6.72,4099400.0
20260319,600562,国睿科技,25.56,25.4,26.02,25.23,7769100.0
20260319,600563,法拉电子,123.08,122.96,125.71,122.37,9780300.0
20260319,600566,济川药业,27.28,27.73,28.13,27.27,5585300.0
20260319,600567,山鹰国际,1.67,1.63,1.67,1.62,146088400.0
20260319,600569,安阳钢铁,2.69,2.47,2.7,2.44,167837600.0
20260319,600570,恒生电子,27.14,27.16,27.45,27.08,19639700.0
20260319,600571,信雅达,14.47,14.46,14.64,14.4,5642200.0
20260319,600572,康恩贝,4.41,4.39,4.45,4.37,35900200.0
20260319,600573,惠泉啤酒,12.46,12.25,12.63,12.21,6256200.0
20260319,600575,淮河能源,4.15,4.19,4.24,4.11,95604700.0
20260319,600576,祥源文旅,6.26,6.27,6.34,6.23,7558500.0
20260319,600577,精达股份,13.83,13.38,13.87,13.31,56961200.0
20260319,600578,京能电力,5.35,5.33,5.44,5.31,36007200.0
20260319,600579,中化装备,8.5,8.27,8.5,8.23,5528100.0
20260319,600580,卧龙电驱,38.87,38.02,39.1,37.88,33354500.0
20260319,600582,天地科技,6.09,6.07,6.16,6.05,39124800.0
20260319,600583,海油工程,7.0,6.8,7.05,6.75,114576600.0
20260319,600584,长电科技,44.79,44.19,45.17,44.0,53194200.0
20260319,600585,海螺水泥,24.75,24.11,24.76,24.05,26879900.0
20260319,600586,金晶科技,5.82,5.79,5.89,5.75,48869900.0
20260319,600587,新华医疗,15.12,14.92,15.22,14.86,7819000.0
20260319,600588,用友网络,12.94,12.84,12.97,12.76,34377600.0
20260319,600589,大位科技,11.01,11.56,11.78,11.0,239224200.0
20260319,600590,泰豪科技,14.66,14.81,15.31,14.44,94136100.0
20260319,600592,龙溪股份,21.26,20.88,21.33,20.78,6805700.0
20260319,600593,大连圣亚,35.72,35.99,36.75,35.66,3837500.0
20260319,600594,益佰制药,3.96,3.87,3.98,3.85,10591400.0
20260319,600595,中孚实业,7.5,7.22,7.54,7.15,107068900.0
20260319,600596,新安股份,11.92,11.18,11.99,11.09,34011600.0
20260319,600597,光明乳业,7.81,7.75,7.84,7.73,8316700.0
20260319,600598,北大荒,17.38,16.84,17.49,16.7,32549800.0
20260319,600600,青岛啤酒,62.83,62.88,63.4,62.78,4014300.0
20260319,600601,方正科技,10.38,10.15,10.44,10.09,74138600.0
20260319,600602,云赛智联,22.31,22.69,23.3,22.31,130061500.0
20260319,600603,广汇物流,7.95,7.78,8.12,7.65,23444600.0
20260319,600604,市北高新,5.1,5.18,5.5,5.06,16050600.0
20260319,600605,汇通能源,30.48,29.65,30.53,29.48,3178000.0
20260319,600606,绿地控股,1.62,1.6,1.63,1.59,96283100.0
20260319,600609,金杯汽车,4.37,4.33,4.38,4.32,11652500.0
20260319,600610,中毅达,10.68,10.72,11.1,10.58,56532700.0
20260319,600611,大众交通,5.31,5.22,5.34,5.2,17332900.0
20260319,600612,老凤祥,42.15,41.69,42.29,41.69,1316000.0
20260319,600613,神奇制药,6.03,6.02,6.12,5.99,7479900.0
20260319,600615,鑫源智造,12.53,11.91,12.53,11.89,2884600.0
20260319,600616,金枫酒业,5.32,5.22,5.34,5.21,6782600.0
20260319,600617,国新能源,3.38,3.63,3.63,3.33,136367300.0
20260319,600618,氯碱化工,13.9,13.24,13.94,13.1,16046200.0
20260319,600619,海立股份,17.5,17.54,18.38,17.41,31135100.0
20260319,600620,天宸股份,6.56,6.46,6.59,6.33,3909500.0
20260319,600621,华鑫股份,15.3,15.13,15.37,15.03,11887800.0
20260319,600622,光大嘉宝,2.75,2.67,2.76,2.67,38209000.0
20260319,600623,华谊集团,10.98,10.46,11.17,10.28,46268100.0
20260319,600626,申达股份,4.45,4.34,4.45,4.32,9030600.0
20260319,600628,新世界,7.89,7.67,7.93,7.63,23253200.0
20260319,600629,华建集团,20.82,20.66,21.2,20.53,19077200.0
20260319,600630,龙头股份,8.35,8.17,8.39,8.15,7153800.0
20260319,600633,浙数文化,12.9,13.33,13.55,12.85,48877700.0
20260319,600635,大众公用,6.27,6.17,6.32,6.15,79477300.0
20260319,600637,东方明珠,10.3,10.21,10.33,10.17,32236400.0
20260319,600638,新黄浦,6.45,6.36,6.5,6.33,8793500.0
20260319,600639,浦东金桥,11.01,11.06,11.18,11.01,8324700.0
20260319,600640,国脉文化,12.64,12.6,12.72,12.53,5030500.0
20260319,600641,先导基电,18.67,18.45,18.87,18.35,27155900.0
20260319,600642,申能股份,9.0,9.04,9.17,8.98,24213000.0
20260319,600643,爱建集团,5.13,5.4,5.7,5.04,134886200.0
20260319,600644,乐山电力,12.29,12.5,12.84,12.28,37304900.0
20260319,600645,中源协和,31.96,31.28,32.17,31.25,17081900.0
20260319,600648,外高桥,10.41,10.41,10.51,10.36,4030500.0
20260319,600649,城投控股,4.73,4.61,4.77,4.58,47772200.0
20260319,600650,锦江在线,14.31,14.05,14.42,14.03,3236100.0
20260319,600651,飞乐音响,7.21,7.16,7.24,7.11,17897600.0
20260319,600653,申华控股,1.91,1.87,1.92,1.86,24233900.0
20260319,600654,中安科,3.51,3.52,3.6,3.49,57935900.0
20260319,600655,豫园股份,4.9,4.86,4.94,4.85,12025100.0
20260319,600657,信达地产,3.26,3.21,3.29,3.19,15772400.0
20260319,600658,电子城,4.94,4.87,4.97,4.87,11327900.0
20260319,600660,福耀玻璃,57.18,56.47,57.21,56.4,19782300.0
20260319,600661,昂立教育,10.15,10.02,10.25,10.01,3439100.0
20260319,600662,外服控股,5.39,5.35,5.42,5.33,12022900.0
20260319,600663,陆家嘴,7.92,7.8,7.94,7.78,9277000.0
20260319,600664,哈药股份,3.56,3.49,3.57,3.48,29493600.0
20260319,600665,天地源,3.49,3.4,3.53,3.38,9780400.0
20260319,600666,奥瑞德,4.68,4.88,4.88,4.56,284669200.0
20260319,600667,太极实业,11.16,11.23,11.64,11.01,219475800.0
20260319,600668,尖峰集团,10.9,10.62,10.91,10.61,6377400.0
20260319,600671,天目药业,21.22,20.64,21.22,20.4,2243200.0
20260319,600673,东阳光,35.61,34.22,36.03,33.88,64113000.0
20260319,600674,川投能源,15.52,15.47,15.77,15.43,29169300.0
20260319,600675,中华企业,2.77,2.73,2.78,2.72,32731800.0
20260319,600676,久事动娱,7.71,7.59,7.75,7.56,13669300.0
20260319,600679,上海凤凰,12.18,12.0,12.21,11.96,2649300.0
20260319,600681,百川能源,4.36,4.55,4.64,4.32,100027500.0
20260319,600682,南京新百,7.16,7.03,7.2,7.01,22919200.0
20260319,600683,京投发展,10.2,9.87,10.44,9.58,67396900.0
20260319,600684,珠江股份,5.02,5.04,5.17,5.0,26611900.0
20260319,600685,中船防务,31.71,31.15,31.91,30.93,11523600.0
20260319,600686,金龙汽车,17.0,16.36,17.3,16.26,20320800.0
20260319,600688,上海石化,3.18,3.12,3.2,3.09,94394300.0
20260319,600689,上海三毛,13.3,13.12,13.36,13.05,2403900.0
20260319,600690,海尔智家,24.7,24.55,24.92,24.5,30071200.0
20260319,600691,潞化科技,4.57,4.28,4.57,4.14,260076100.0
20260319,600692,亚通股份,8.09,7.98,8.21,7.93,5678700.0
20260319,600693,东百集团,11.16,11.18,11.4,11.08,37181900.0
20260319,600694,大商股份,17.45,17.29,17.53,17.27,1974700.0
20260319,600697,欧亚集团,12.68,12.39,12.75,12.35,4027200.0
20260319,600698,湖南天雁,7.5,7.29,7.5,7.28,8649500.0
20260319,600699,均胜电子,24.69,24.12,24.75,24.01,22288000.0
20260319,600702,舍得酒业,49.3,48.42,49.65,48.28,4843100.0
20260319,600703,三安光电,16.41,16.6,16.98,16.1,159894400.0
20260319,600704,物产中大,5.39,5.3,5.39,5.29,69450500.0
20260319,600706,曲江文旅,10.18,10.11,10.28,10.02,4614700.0
20260319,600707,彩虹股份,6.18,6.05,6.19,6.02,27022200.0
20260319,600708,光明地产,3.83,3.73,3.88,3.71,26989600.0
20260319,600710,苏美达,13.1,12.75,13.26,12.66,19679400.0
20260319,600711,盛屯矿业,12.09,11.9,12.33,11.79,158567700.0
20260319,600712,南宁百货,6.43,6.32,6.43,6.31,7001800.0
20260319,600713,南京医药,5.3,5.21,5.33,5.2,8659800.0
20260319,600714,金瑞矿业,23.52,21.35,23.94,21.1,38298700.0
20260319,600715,文投控股,2.14,2.11,2.15,2.09,35400800.0
20260319,600716,凤凰股份,4.61,4.44,4.61,4.41,11520300.0
20260319,600717,天津港,4.74,4.69,4.77,4.68,18264700.0
20260319,600718,东软集团,9.48,9.45,9.56,9.41,21390000.0
20260319,600719,大连热电,6.74,6.69,6.95,6.66,11632600.0
20260319,600720,中交设计,7.14,7.12,7.16,7.1,8512700.0
20260319,600721,百花医药,9.27,9.36,9.4,9.24,8609100.0
20260319,600722,金牛化工,18.5,17.93,18.87,17.02,158055000.0
20260319,600724,宁波富达,6.22,6.05,6.24,6.0,10903300.0
20260319,600725,云维股份,4.79,4.67,4.84,4.62,26827300.0
20260319,600726,华电能源,4.32,5.02,5.02,4.22,506277900.0
20260319,600727,鲁北化工,7.86,7.46,7.9,7.42,28196300.0
20260319,600728,佳都科技,6.14,6.1,6.19,6.06,27014800.0
20260319,600729,重百集团,23.24,22.94,23.28,22.87,2438300.0
20260319,600731,湖南海利,7.45,7.25,7.52,7.19,13087000.0
20260319,600732,爱旭股份,14.34,14.68,15.2,14.2,44310500.0
20260319,600733,北汽蓝谷,7.63,7.56,7.66,7.54,69172000.0
20260319,600736,苏州高新,6.37,6.24,6.38,6.21,14986900.0
20260319,600737,中粮糖业,15.28,14.78,15.3,14.61,19426100.0
20260319,600738,丽尚国潮,4.97,4.91,5.01,4.9,10061300.0
20260319,600739,辽宁成大,11.95,11.8,12.0,11.75,10707800.0
20260319,600740,山西焦化,4.72,4.6,4.8,4.57,103138300.0
20260319,600741,华域汽车,18.71,18.74,19.0,18.64,8325100.0
20260319,600742,富维股份,10.68,10.41,10.71,10.38,17476500.0
20260319,600743,华远控股,1.98,1.95,2.0,1.94,21293600.0
20260319,600744,华银电力,8.2,8.49,8.7,8.15,236911200.0
20260319,600746,江苏索普,8.82,8.54,9.4,8.37,51707700.0
20260319,600748,上实发展,5.02,4.94,5.07,4.93,12818500.0
20260319,600749,西藏旅游,16.5,16.32,16.7,16.22,3702500.0
20260319,600750,华润江中,25.6,25.58,25.86,25.54,4531500.0
20260319,600751,海航科技,4.14,4.02,4.15,4.01,71177400.0
20260319,600754,锦江酒店,27.75,27.74,28.24,27.36,12252500.0
20260319,600755,厦门国贸,6.42,6.34,6.43,6.32,26566300.0
20260319,600756,浪潮软件,18.01,18.1,18.88,17.4,39045500.0
20260319,600757,长江传媒,9.1,9.14,9.18,9.08,5477400.0
20260319,600758,辽宁能源,4.29,4.2,4.4,4.19,105934900.0
20260319,600760,中航沈飞,50.48,49.49,50.69,49.44,13801900.0
20260319,600761,安徽合力,19.22,18.53,19.22,18.39,23945200.0
20260319,600763,通策医疗,43.8,43.22,44.15,43.09,8909500.0
20260319,600764,中国海防,26.19,25.91,26.28,25.82,5798400.0
20260319,600765,中航重机,17.3,17.1,17.35,17.01,23080900.0
20260319,600768,富邦新材,17.85,16.91,17.85,16.81,5636500.0
20260319,600769,祥龙电业,14.01,13.72,14.07,13.6,11555900.0
20260319,600770,综艺股份,5.98,5.88,6.0,5.86,21940200.0
20260319,600771,广誉远,16.96,16.72,17.0,16.63,5664100.0
20260319,600773,西藏城投,17.33,16.25,17.44,16.0,46296200.0
20260319,600774,汉商集团,9.33,9.09,9.34,9.06,3413900.0
20260319,600775,南京熊猫,14.71,14.43,15.15,14.34,51186600.0
20260319,600776,东方通信,15.76,15.62,15.95,15.53,14502400.0
20260319,600777,新潮能源,5.46,5.64,5.64,5.41,69684200.0
20260319,600778,友好集团,6.86,6.69,6.87,6.66,6474600.0
20260319,600779,水井坊,35.58,34.8,35.76,34.73,3201400.0
20260319,600780,通宝能源,6.73,6.84,6.93,6.68,32166800.0
20260319,600782,新钢股份,3.9,3.81,3.91,3.77,93768600.0
20260319,600783,鲁信创投,21.85,21.42,22.09,21.35,16666600.0
20260319,600784,鲁银投资,7.09,6.97,7.15,6.93,7873800.0
20260319,600785,新华百货,18.32,18.04,18.46,17.88,5411800.0
20260319,600787,中储股份,5.78,5.71,5.82,5.7,22090600.0
20260319,600789,鲁抗医药,8.71,8.62,8.75,8.6,13252800.0
20260319,600790,轻纺城,3.8,3.75,3.83,3.74,12654100.0
20260319,600791,京能置业,9.32,9.29,9.5,9.1,20329500.0
20260319,600792,云煤能源,4.7,4.56,4.74,4.54,46681700.0
20260319,600793,宜宾纸业,19.06,18.76,19.18,18.67,2139100.0
20260319,600794,保税科技,4.0,3.92,4.04,3.91,28440700.0
20260319,600795,国电电力,4.95,4.95,5.03,4.92,162649600.0
20260319,600796,钱江生化,6.84,6.76,7.02,6.73,15554800.0
20260319,600797,浙大网新,9.61,9.86,10.06,9.61,44053300.0
20260319,600798,宁波海运,3.88,3.82,3.9,3.81,28782500.0
20260319,600800,渤海化学,4.73,4.43,4.73,4.41,39630500.0
20260319,600801,华新建材,21.25,20.65,21.5,20.52,12300100.0
20260319,600802,福建水泥,5.9,5.78,5.96,5.77,8415900.0
20260319,600803,新奥股份,22.53,23.01,23.42,22.06,26666400.0
20260319,600805,悦达投资,5.62,5.56,5.67,5.55,13020100.0
20260319,600807,济高发展,3.31,3.25,3.35,3.23,14536900.0
20260319,600808,马钢股份,3.91,3.79,3.92,3.77,76317800.0
20260319,600809,山西汾酒,156.12,156.14,157.6,155.9,4187100.0
20260319,600810,神马股份,8.58,8.22,8.6,8.18,24342500.0
20260319,600812,华北制药,5.58,5.55,5.63,5.53,20373600.0
20260319,600814,杭州解百,7.95,7.8,7.98,7.78,11253500.0
20260319,600815,厦工股份,3.23,3.47,3.51,3.19,150805400.0
20260319,600816,建元信托,2.71,2.7,2.72,2.66,55928200.0
20260319,600817,宇通重工,11.96,11.61,11.96,11.59,3980200.0
20260319,600819,耀皮玻璃,7.7,7.5,7.73,7.49,7400700.0
20260319,600820,隧道股份,6.44,6.36,6.48,6.35,28794000.0
20260319,600821,金开新能,10.05,11.11,11.5,10.05,669793500.0
20260319,600822,上海物贸,10.3,10.1,10.38,10.05,3032900.0
20260319,600824,益民集团,4.23,4.15,4.25,4.14,12634400.0
20260319,600825,新华传媒,6.08,6.01,6.11,6.01,8525000.0
20260319,600826,兰生股份,10.41,10.28,10.55,10.25,4783000.0
20260319,600827,百联股份,8.59,8.52,8.64,8.51,8215000.0
20260319,600828,茂业商业,5.89,5.81,5.99,5.74,32477500.0
20260319,600829,人民同泰,10.12,9.96,10.2,9.9,5757000.0
20260319,600830,香溢融通,9.41,9.41,9.61,9.38,6943100.0
20260319,600831,广电网络,4.08,4.03,4.14,4.02,10959900.0
20260319,600833,第一医药,12.47,12.23,12.55,12.22,2757100.0
20260319,600834,申通地铁,8.52,8.41,8.56,8.38,2728400.0
20260319,600835,上海机电,23.57,23.11,23.57,23.02,7025400.0
20260319,600838,上海九百,11.0,10.9,11.39,10.84,13703200.0
20260319,600839,四川长虹,9.49,9.23,9.54,9.21,103276500.0
20260319,600841,动力新科,8.62,8.41,8.71,8.35,18850700.0
20260319,600843,上工申贝,10.33,10.17,10.42,10.13,9186900.0
20260319,600844,金煤科技,4.09,3.78,4.26,3.71,162926800.0
20260319,600845,宝信软件,22.8,22.63,23.1,22.53,21926500.0
20260319,600846,同济科技,13.65,13.04,13.76,12.98,5114500.0
20260319,600847,万里股份,15.29,14.35,15.3,14.22,6244900.0
20260319,600848,上海临港,10.35,10.19,10.42,10.16,9695600.0
20260319,600850,电科数字,25.0,25.22,25.47,24.8,9758800.0
20260319,600851,海欣股份,8.56,8.12,8.56,8.07,14170400.0
20260319,600853,龙建股份,4.06,4.01,4.09,4.0,16846400.0
20260319,600854,春兰股份,5.32,5.21,5.38,5.15,9546200.0
20260319,600855,航天长峰,17.82,17.73,17.97,17.65,8177100.0
20260319,600857,宁波中百,12.4,12.13,12.47,12.08,2653300.0
20260319,600858,银座股份,5.95,5.86,6.0,5.85,6069700.0
20260319,600859,王府井,13.05,12.88,13.07,12.84,14096100.0
20260319,600860,京城股份,13.15,12.72,13.44,12.65,26409500.0
20260319,600861,北京人力,16.69,16.37,16.72,16.28,4778400.0
20260319,600862,中航高科,22.8,22.36,22.85,22.27,20444800.0
20260319,600863,华能蒙电,5.18,5.17,5.29,5.15,58418500.0
20260319,600864,哈投股份,6.57,6.68,6.75,6.57,72147600.0
20260319,600865,百大集团,11.76,11.57,11.82,11.51,6226400.0
20260319,600866,星湖科技,7.78,7.61,7.78,7.56,29635700.0
20260319,600867,通化东宝,8.9,8.75,8.97,8.71,26090700.0
20260319,600868,梅雁吉祥,3.9,3.79,3.93,3.76,147742000.0
20260319,600869,远东股份,12.3,12.46,12.83,12.28,43743000.0
20260319,600871,石化油服,3.25,3.19,3.27,3.12,377040500.0
20260319,600872,中炬高新,18.97,18.68,19.0,18.57,9796000.0
20260319,600873,梅花生物,12.39,11.87,12.52,11.81,83676300.0
20260319,600874,创业环保,6.4,6.35,6.47,6.32,11312600.0
20260319,600875,东方电气,38.6,38.5,39.63,38.02,105543100.0
20260319,600876,凯盛新能,10.55,10.67,10.83,10.43,6519300.0
20260319,600877,电科芯片,17.11,16.92,17.21,16.81,15749100.0
20260319,600879,航天电子,22.33,22.36,22.89,22.18,125330300.0
20260319,600880,博瑞传播,5.13,5.11,5.18,5.08,17564900.0
20260319,600881,亚泰集团,1.72,1.7,1.74,1.69,46333500.0
20260319,600882,妙可蓝多,20.25,20.13,20.4,20.02,4286900.0
20260319,600883,博闻科技,8.62,8.37,8.69,8.34,5013800.0
20260319,600884,杉杉股份,13.6,13.42,13.72,13.35,72651500.0
20260319,600885,宏发股份,28.54,28.09,28.75,28.01,23693600.0
20260319,600886,国投电力,14.5,14.56,14.74,14.49,24906600.0
20260319,600887,伊利股份,26.66,26.44,26.84,26.4,36879900.0
20260319,600888,新疆众和,8.66,8.47,8.67,8.35,73718000.0
20260319,600892,大晟文化,3.87,3.82,3.93,3.79,7282600.0
20260319,600893,航发动力,52.58,51.12,52.85,50.8,44757500.0
20260319,600894,广日股份,9.24,9.1,9.32,9.06,6788800.0
20260319,600895,张江高科,36.9,36.6,37.36,36.51,16023500.0
20260319,600897,厦门空港,16.06,16.0,16.23,15.9,2890900.0
20260319,600900,长江电力,27.27,27.26,27.48,27.2,101525800.0
20260319,600901,江苏金租,6.45,6.53,6.57,6.4,30149800.0
20260319,600903,贵州燃气,6.8,6.91,6.99,6.77,38480800.0
20260319,600905,三峡能源,4.29,4.32,4.35,4.28,261305500.0
20260319,600906,财达证券,6.65,6.67,6.72,6.63,16011800.0
20260319,600908,无锡银行,5.98,5.96,6.03,5.94,14729600.0
20260319,600909,华安证券,6.11,6.01,6.13,5.98,80579300.0
20260319,600916,中国黄金,9.5,9.37,9.6,9.33,43653400.0
20260319,600917,重庆燃气,5.63,5.68,5.75,5.63,30989100.0
20260319,600918,中泰证券,6.3,6.31,6.38,6.29,37619800.0
20260319,600919,江苏银行,10.9,10.87,11.0,10.86,93779500.0
20260319,600925,苏能股份,4.83,4.83,4.88,4.8,17159400.0
20260319,600926,杭州银行,17.04,16.8,17.16,16.75,31449800.0
20260319,600927,永安期货,14.79,14.75,14.94,14.65,5972300.0
20260319,600928,西安银行,3.7,3.67,3.73,3.66,25210600.0
,600929,雪天盐业,6.14,5.98,6.15,5.94,20731600.0
20260319,600930,华电新能,6.6,6.66,6.9,6.52,448154000.0
20260319,600933,爱柯迪,17.14,17.21,17.32,17.0,8754000.0
20260319,600935,华塑股份,3.01,2.86,3.08,2.85,96082900.0
20260319,600936,北投科技,3.97,4.0,4.09,3.95,24843900.0
20260319,600938,中国海油,41.32,42.24,42.4,40.8,136230400.0
20260319,600939,重庆建工,3.12,3.09,3.18,3.06,22903100.0
20260319,600941,中国移动,97.3,98.59,98.88,97.3,13999400.0
20260319,600955,维远股份,16.96,16.0,16.96,15.89,8159600.0
20260319,600956,新天绿能,10.39,10.03,10.7,9.7,58106600.0
20260319,600958,东方证券,9.66,9.6,9.68,9.58,41852200.0
20260319,600959,江苏有线,3.94,3.99,4.04,3.91,72410000.0
20260319,600960,渤海汽车,5.3,5.23,5.34,5.2,17787900.0
20260319,600961,株冶集团,18.3,17.85,18.65,17.73,20511900.0
20260319,600962,国投中鲁,20.05,19.8,20.3,19.75,2407500.0
20260319,600963,岳阳林纸,5.3,5.0,5.31,4.97,42059000.0
20260319,600966,博汇纸业,8.09,7.34,8.16,7.34,39315600.0
20260319,600967,内蒙一机,15.46,15.05,15.49,15.02,18462400.0
20260319,600968,海油发展,4.72,4.66,4.74,4.57,131765400.0
20260319,600969,郴电国际,10.35,10.22,10.5,10.17,7112500.0
20260319,600970,中材国际,10.28,10.2,10.37,10.15,16951500.0
20260319,600971,恒源煤电,7.63,7.56,7.71,7.51,19381700.0
20260319,600973,宝胜股份,6.61,6.55,6.75,6.5,23707600.0
20260319,600975,新五丰,5.69,5.66,5.77,5.64,14154100.0
20260319,600976,健民集团,31.57,31.35,31.81,31.2,887200.0
20260319,600977,中国电影,13.35,13.27,13.4,13.23,20318600.0
20260319,600979,广安爱众,5.15,5.74,5.74,5.12,115322300.0
20260319,600980,北矿科技,22.31,21.67,22.31,21.56,3414500.0
20260319,600981,苏豪汇鸿,3.31,3.23,3.32,3.22,29447900.0
20260319,600982,宁波能源,5.08,5.14,5.21,5.06,32055000.0
20260319,600983,惠而浦,11.3,11.05,11.33,10.97,4239400.0
20260319,600984,建设机械,4.2,3.93,4.21,3.92,54328200.0
20260319,600985,淮北矿业,13.72,13.44,13.79,13.38,27216800.0
20260319,600986,浙文互联,10.43,10.49,10.64,10.35,72233700.0
20260319,600987,航民股份,7.61,7.51,7.66,7.45,9013300.0
20260319,600989,宝丰能源,33.7,32.73,33.98,32.02,231475900.0
20260319,600990,四创电子,24.6,24.13,24.6,24.0,3867000.0
20260319,600992,贵绳股份,13.27,13.07,13.35,12.99,3977800.0
20260319,600993,马应龙,25.85,25.68,25.91,25.52,3191000.0
20260319,600995,南网储能,14.7,14.83,15.12,14.7,27576700.0
20260319,600996,贵广网络,8.53,9.5,9.5,8.53,73953500.0
20260319,600997,开滦股份,6.51,6.52,6.62,6.47,27160400.0
20260319,600998,九州通,5.23,5.19,5.29,5.17,27507700.0
20260319,600999,招商证券,15.9,15.89,16.0,15.85,27845200.0
20260319,601000,唐山港,4.35,4.35,4.41,4.34,26185700.0
20260319,601001,晋控煤业,17.51,17.7,17.99,17.24,30938800.0
20260319,601002,晋亿实业,5.5,5.39,5.53,5.36,11228800.0
20260319,601003,柳钢股份,4.95,4.86,4.98,4.83,22905600.0
20260319,601005,重庆钢铁,1.52,1.48,1.53,1.47,253349000.0
20260319,601006,大秦铁路,5.24,5.27,5.3,5.23,141607800.0
20260319,601007,金陵饭店,8.16,8.06,8.27,8.03,6433300.0
20260319,601008,连云港,5.12,5.02,5.12,5.02,13773800.0
20260319,601009,南京银行,11.47,11.47,11.59,11.42,38039200.0
20260319,601011,宝泰隆,3.68,3.58,3.74,3.55,106227000.0
20260319,601012,隆基绿能,18.35,18.52,18.79,18.31,171859700.0
20260319,601015,陕西黑猫,4.97,5.14,5.14,4.92,195893200.0
20260319,601016,节能风电,4.26,4.57,4.7,4.25,896542400.0
20260319,601018,宁波港,4.16,4.17,4.21,4.14,52421800.0
20260319,601019,山东出版,8.88,8.96,9.04,8.86,5969100.0
20260319,601020,华钰矿业,29.81,28.68,29.96,28.55,36477500.0
20260319,601021,春秋航空,47.78,47.21,47.82,46.84,8736700.0
20260319,601022,宁波远洋,9.28,9.14,9.32,9.12,12702200.0
20260319,601026,道生天合,22.1,21.6,22.35,21.3,11782900.0
20260319,601033,永兴股份,15.99,15.95,16.11,15.92,4271800.0
20260319,601038,一拖股份,13.84,13.36,13.86,13.27,15192200.0
20260319,601058,赛轮轮胎,13.82,13.42,13.82,13.36,46287800.0
20260319,601059,信达证券,17.31,17.3,17.38,17.28,9545800.0
20260319,601061,中信金属,12.63,12.38,12.72,12.31,17409500.0
20260319,601065,江盐集团,8.75,8.65,8.79,8.61,8928800.0
20260319,601066,中信建投,22.97,23.0,23.2,22.9,10315100.0
20260319,601068,中铝国际,6.02,5.88,6.04,5.79,23961300.0
20260319,601069,西部黄金,32.9,32.46,34.31,32.33,18975500.0
20260319,601077,渝农商行,6.97,7.01,7.07,6.94,42944900.0
20260319,601083,锦江航运,12.29,12.07,12.34,12.02,11674700.0
20260319,601086,国芳集团,8.9,8.75,8.94,8.72,5366100.0
20260319,601088,中国神华,48.0,49.47,49.9,47.65,55845200.0
20260319,601089,福元医药,23.31,22.66,23.52,22.5,3815800.0
20260319,601096,宏盛华源,6.16,6.03,6.21,5.97,55484500.0
20260319,601098,中南传媒,11.06,11.07,11.15,11.01,8923400.0
20260319,601099,太平洋,3.97,3.95,3.99,3.93,110433400.0
20260319,601100,恒立液压,101.63,100.22,102.48,99.02,10080400.0
20260319,601101,昊华能源,8.75,8.65,8.95,8.5,44247600.0
20260319,601106,中国一重,4.53,4.46,4.55,4.43,70768600.0
20260319,601107,四川成渝,6.32,6.29,6.41,6.27,12583300.0
20260319,601108,财通证券,8.24,8.19,8.29,8.17,32174000.0
20260319,601111,中国国航,7.01,6.83,7.01,6.8,155646500.0
20260319,601112,振石股份,21.57,21.2,21.95,21.01,25632900.0
20260319,601113,华鼎股份,4.58,4.47,4.59,4.45,17383400.0
20260319,601116,三江购物,14.5,14.34,14.66,14.3,8796000.0
20260319,601117,中国化学,9.35,9.05,9.44,8.99,153644600.0
20260319,601118,海南橡胶,7.1,6.86,7.11,6.82,67964400.0
20260319,601121,宝地矿业,8.1,7.78,8.11,7.74,24077300.0
20260319,601126,四方股份,47.2,46.1,47.78,45.72,20228100.0
20260319,601127,赛力斯,100.21,100.9,101.7,100.0,11166200.0
20260319,601128,常熟银行,7.18,7.13,7.24,7.11,35760400.0
20260319,601133,柏诚股份,15.58,16.29,16.93,15.42,21526700.0
20260319,601136,首创证券,17.36,17.31,17.49,17.26,5495800.0
20260319,601137,博威合金,19.2,18.93,19.65,18.86,14246800.0
20260319,601138,工业富联,51.0,50.46,51.29,50.2,105601800.0
20260319,601139,深圳燃气,7.35,7.56,7.7,7.28,100623300.0
20260319,601155,新城控股,15.2,14.69,15.26,14.61,13517500.0
20260319,601156,东航物流,18.05,17.4,18.05,17.34,13231300.0
20260319,601158,重庆水务,4.63,4.62,4.66,4.6,10400300.0
20260319,601162,天风证券,3.96,3.94,3.99,3.93,105892200.0
20260319,601163,三角轮胎,14.68,14.49,14.73,14.46,3989200.0
20260319,601166,兴业银行,18.89,18.83,19.0,18.81,65973900.0
20260319,601168,西部矿业,26.45,26.12,27.08,26.0,70431400.0
20260319,601169,北京银行,5.48,5.46,5.52,5.45,116749500.0
20260319,601177,杭齿前进,15.53,15.16,15.55,15.12,5111700.0
20260319,601179,中国西电,17.45,17.11,17.67,16.87,238248400.0
20260319,601186,中国铁建,7.24,7.19,7.27,7.18,90590200.0
20260319,601187,厦门银行,7.57,7.63,7.79,7.55,18104800.0
20260319,601188,龙江交通,3.52,3.49,3.54,3.48,17210200.0
20260319,601198,东兴证券,13.3,13.31,13.39,13.27,19960100.0
20260319,601199,江南水务,5.93,5.97,6.02,5.92,9213800.0
20260319,601200,上海环境,8.66,8.7,8.81,8.64,14156600.0
20260319,601208,东材科技,31.0,30.8,31.88,30.5,42787600.0
20260319,601211,国泰海通,17.74,17.5,17.77,17.39,97684400.0
20260319,601212,白银有色,8.56,8.24,8.68,8.2,145188600.0
20260319,601216,君正集团,5.96,5.75,6.0,5.71,117616400.0
20260319,601218,吉鑫科技,6.6,7.43,7.43,6.6,131663000.0
20260319,601222,林洋能源,6.36,6.43,6.56,6.34,39701700.0
20260319,601225,陕西煤业,26.29,26.62,26.99,26.05,67982400.0
20260319,601226,华电科工,9.58,9.4,9.7,9.36,30948800.0
20260319,601228,广州港,3.5,3.45,3.52,3.43,29483900.0
20260319,601229,上海银行,9.98,9.97,10.05,9.93,34357500.0
20260319,601231,环旭电子,36.31,35.88,37.05,35.75,33792700.0
20260319,601233,桐昆股份,18.62,17.25,18.73,17.06,112620800.0
20260319,601236,红塔证券,8.08,8.17,8.24,8.06,30093500.0
20260319,601238,广汽集团,7.69,7.6,7.73,7.58,25829600.0
20260319,601279,英利汽车,4.33,4.29,4.38,4.27,11838700.0
20260319,601288,农业银行,6.72,6.83,6.84,6.71,484644400.0
20260319,601298,青岛港,8.92,8.89,9.01,8.86,9272600.0
20260319,601311,骆驼股份,9.37,9.35,9.56,9.31,23820100.0
20260319,601318,中国平安,61.2,60.62,61.29,60.4,68472200.0
20260319,601319,中国人保,8.51,8.39,8.56,8.38,52504200.0
20260319,601326,秦港股份,3.61,3.6,3.64,3.58,26636100.0
20260319,601328,交通银行,6.87,6.89,6.95,6.86,146366300.0
20260319,601330,绿色动力,9.04,9.73,10.25,8.88,97447500.0
20260319,601333,广深铁路,3.1,3.08,3.13,3.07,54361300.0
20260319,601336,新华保险,71.68,70.28,71.88,70.12,15363000.0
20260319,601339,百隆东方,7.32,7.12,7.42,7.06,11239300.0
20260319,601360,三六零,11.65,11.64,11.71,11.44,109935800.0
20260319,601366,利群股份,4.35,4.28,4.38,4.27,13893000.0
20260319,601368,绿城水务,5.45,5.44,5.53,5.42,7142600.0
20260319,601369,陕鼓动力,10.73,10.68,10.98,10.6,12931200.0
20260319,601375,中原证券,4.21,4.2,4.25,4.19,35741400.0
20260319,601377,兴业证券,6.4,6.33,6.41,6.31,70229200.0
20260319,601388,怡球资源,3.8,3.65,3.8,3.63,63325700.0
20260319,601390,中国中铁,5.66,5.59,5.68,5.57,288027400.0
20260319,601398,工商银行,7.36,7.53,7.55,7.35,560676400.0
20260319,601399,国机重装,4.62,4.53,4.64,4.51,70615200.0
20260319,601456,国联民生,9.43,9.43,9.5,9.39,20583400.0
20260319,601500,通用股份,4.41,4.36,4.44,4.34,17753800.0
20260319,601512,中新集团,9.0,8.89,9.09,8.87,3109400.0
20260319,601515,衢州东峰,4.53,4.32,4.54,4.29,41746800.0
20260319,601518,吉林高速,2.98,2.98,3.03,2.97,16702700.0
20260319,601519,大智慧,11.16,11.1,11.28,11.05,22747400.0
20260319,601528,瑞丰银行,5.64,5.58,5.69,5.57,15242200.0
20260319,601555,东吴证券,8.35,8.3,8.4,8.27,67650200.0
20260319,601566,九牧王,10.89,10.73,10.94,10.68,4871200.0
20260319,601567,三星电气,28.39,28.25,28.97,28.0,23527800.0
20260319,601568,北元化工,4.42,4.33,4.5,4.31,68165300.0
20260319,601577,长沙银行,9.9,9.84,10.02,9.79,13841100.0
20260319,601579,会稽山,16.86,16.59,16.95,16.55,4844400.0
20260319,601588,北辰实业,1.85,1.81,1.88,1.8,39027600.0
20260319,601595,上海电影,25.31,25.13,25.47,25.1,3707100.0
20260319,601598,中国外运,5.89,5.84,5.92,5.82,13764500.0
20260319,601599,浙文影业,4.05,4.0,4.08,3.98,27615500.0
20260319,601600,中国铝业,12.29,11.83,12.49,11.73,379517100.0
20260319,601601,中国太保,40.33,39.76,40.64,39.64,28990700.0
20260319,601606,长城军工,42.0,40.64,42.17,40.47,11310200.0
20260319,601607,上海医药,17.15,17.08,17.27,17.05,9004600.0
20260319,601608,中信重工,6.49,6.33,6.49,6.29,48770100.0
20260319,601609,金田股份,10.02,9.79,10.04,9.76,29410000.0
20260319,601611,中国核建,15.88,15.48,16.14,15.33,87727500.0
20260319,601615,明阳智能,20.01,19.51,20.32,19.25,82266800.0
20260319,601616,广电电气,5.24,5.2,5.34,5.17,81820100.0
20260319,601618,中国中冶,3.12,3.08,3.14,3.07,225348200.0
20260319,601619,嘉泽新能,5.74,5.7,5.82,5.65,68185400.0
20260319,601628,中国人寿,42.72,42.39,42.84,42.0,17826600.0
20260319,601633,长城汽车,20.91,20.94,21.18,20.81,19912000.0
20260319,601636,旗滨集团,6.4,6.22,6.43,6.18,53762400.0
20260319,601658,邮储银行,5.1,5.1,5.15,5.08,136564100.0
20260319,601665,齐鲁银行,5.75,5.79,5.86,5.75,71309300.0
20260319,601666,平煤股份,8.33,8.29,8.43,8.22,37908400.0
20260319,601668,中国建筑,5.04,5.03,5.07,5.02,218050800.0
20260319,601669,中国电建,6.02,6.01,6.17,5.96,556583000.0
20260319,601677,明泰铝业,15.44,14.99,15.46,14.94,32786700.0
20260319,601678,滨化股份,5.25,4.98,5.28,4.96,81551400.0
20260319,601686,友发集团,6.02,5.91,6.02,5.86,10660800.0
20260319,601688,华泰证券,19.54,19.2,19.58,19.14,78349300.0
20260319,601689,拓普集团,60.77,59.56,60.77,59.35,19895900.0
20260319,601696,中银证券,13.06,13.06,13.23,13.01,34575700.0
20260319,601698,中国卫通,33.52,33.99,34.5,33.27,39629100.0
20260319,601699,潞安环能,14.58,14.67,14.86,14.28,42858300.0
20260319,601700,风范股份,5.92,5.76,5.92,5.73,35994600.0
20260319,601702,华峰铝业,20.52,20.0,20.63,19.9,6671600.0
20260319,601717,中创智领,22.2,21.96,22.3,21.87,15713100.0
20260319,601727,上海电气,8.6,8.54,8.62,8.5,140024900.0
20260319,601728,中国电信,6.05,6.11,6.14,6.02,174164000.0
20260319,601766,中国中车,6.29,6.24,6.32,6.22,119673400.0
20260319,601777,千里科技,10.33,10.15,10.43,10.1,27694800.0
20260319,601778,晶科科技,5.19,5.4,5.55,5.19,340577500.0
20260319,601788,光大证券,16.06,15.99,16.13,15.93,18465200.0
20260319,601789,宁波建工,6.17,6.49,6.68,6.17,247425900.0
20260319,601798,蓝科高新,9.27,8.99,9.32,8.96,9448500.0
20260319,601799,星宇股份,130.11,126.79,130.38,125.35,3870500.0
20260319,601800,中国交建,8.04,7.98,8.13,7.97,36748600.0
20260319,601801,皖新传媒,6.67,6.65,6.71,6.61,7930200.0
20260319,601808,中海油服,17.63,17.39,17.8,17.11,44668400.0
20260319,601811,新华文轩,13.7,13.71,13.84,13.62,3239100.0
20260319,601816,京沪高铁,5.09,5.11,5.16,5.08,156348700.0
20260319,601818,光大银行,3.32,3.31,3.34,3.3,221178600.0
20260319,601825,沪农商行,8.92,8.82,8.94,8.8,13052700.0
20260319,601827,三峰环境,8.99,8.91,9.06,8.88,5724200.0
20260319,601828,美凯龙,2.52,2.49,2.54,2.49,19398000.0
20260319,601838,成都银行,17.28,17.13,17.4,17.07,19117900.0
20260319,601857,中国石油,12.1,12.48,12.52,12.07,543417400.0
20260319,601858,中国科传,23.13,24.3,25.66,22.68,36961500.0
20260319,601860,紫金银行,2.83,2.82,2.87,2.82,49566500.0
20260319,601865,福莱特,15.5,15.52,15.81,15.46,18517500.0
20260319,601866,中远海发,2.8,2.74,2.81,2.72,159191400.0
20260319,601868,中国能建,3.34,3.36,3.48,3.3,1661130100.0
20260319,601869,长飞光纤,212.0,215.93,222.93,212.0,10539000.0
20260319,601872,招商轮船,18.0,17.66,18.3,16.97,230454900.0
20260319,601877,正泰电器,34.8,34.28,35.44,34.04,44929900.0
20260319,601878,浙商证券,10.18,10.16,10.24,10.14,24145900.0
20260319,601880,辽港股份,1.75,1.74,1.77,1.73,154325400.0
20260319,601881,中国银河,14.0,13.89,14.07,13.88,32653000.0
20260319,601882,海天精工,21.01,20.8,21.15,20.71,3624700.0
20260319,601886,江河集团,8.25,7.57,8.25,7.5,21642600.0
20260319,601888,中国中免,74.0,72.56,74.2,72.36,20031400.0
20260319,601890,亚星锚链,11.25,10.98,11.28,10.92,44169400.0
20260319,601898,中煤能源,18.7,18.54,18.86,18.21,71933700.0
20260319,601899,紫金矿业,33.25,32.32,33.9,32.12,527935400.0
20260319,601900,南方传媒,13.75,13.79,13.9,13.67,6640700.0
20260319,601901,方正证券,7.35,7.29,7.36,7.25,50892400.0
20260319,601908,京运通,4.16,4.13,4.23,4.1,86532700.0
20260319,601916,浙商银行,3.12,3.11,3.13,3.1,140132200.0
20260319,601918,新集能源,7.9,7.79,7.98,7.73,67496700.0
20260319,601919,中远海控,16.14,15.98,16.29,15.98,102390900.0
20260319,601921,浙版传媒,7.88,7.84,7.92,7.83,7554000.0
20260319,601928,凤凰传媒,9.9,9.88,9.93,9.85,6402800.0
20260319,601929,吉视传媒,3.16,3.16,3.2,3.13,72648700.0
20260319,601933,永辉超市,3.94,4.0,4.1,3.9,185490900.0
20260319,601939,建设银行,9.22,9.34,9.38,9.21,125644700.0
20260319,601949,中国出版,6.56,6.75,6.82,6.53,22995800.0
20260319,601952,苏垦农发,10.46,10.36,10.68,10.2,21184300.0
20260319,601956,东贝集团,6.8,6.67,6.83,6.65,6441000.0
20260319,601958,金钼股份,20.45,19.38,20.53,19.29,45125100.0
20260319,601963,重庆银行,11.15,11.1,11.37,11.07,9606900.0
20260319,601965,中国汽研,17.96,17.68,18.07,17.59,6606700.0
20260319,601966,玲珑轮胎,14.59,14.51,14.6,14.47,12779000.0
20260319,601968,宝钢包装,5.46,5.3,5.47,5.27,13518100.0
20260319,601969,海南矿业,12.88,12.19,13.05,12.08,65417800.0
20260319,601975,招商南油,5.02,4.68,5.09,4.63,466184300.0
20260319,601985,中国核电,8.83,8.85,9.02,8.82,155702800.0
20260319,601988,中国银行,5.48,5.53,5.56,5.48,356527600.0
20260319,601990,南京证券,7.57,7.53,7.6,7.51,19548900.0
20260319,601991,大唐发电,4.24,4.18,4.31,4.14,324662200.0
20260319,601992,金隅集团,1.85,1.82,1.86,1.82,85599700.0
20260319,601995,中金公司,33.96,34.03,34.2,33.9,16200200.0
20260319,601996,丰林集团,2.54,2.46,2.56,2.45,30535200.0
20260319,601997,贵阳银行,5.86,5.82,5.91,5.81,33180500.0
20260319,601998,中信银行,7.85,7.88,7.96,7.82,60802100.0
20260319,601999,出版传媒,7.73,7.92,8.2,7.64,38636600.0
20260319,603000,人民网,20.25,20.77,21.0,20.2,38719900.0
20260319,603001,奥康国际,8.79,8.65,8.88,8.56,7378000.0
20260319,603002,宏昌电子,10.4,10.53,10.8,10.39,31854400.0
20260319,603004,鼎龙科技,23.16,22.65,23.3,22.51,2343200.0
20260319,603005,晶方科技,29.64,29.13,29.69,28.92,28247500.0
20260319,603006,联明股份,13.45,13.2,13.52,13.12,1961200.0
20260319,603007,顺景科技,6.77,6.64,6.88,6.63,23056600.0
20260319,603009,北特科技,48.37,47.86,48.4,46.6,7665800.0
20260319,603010,万盛股份,11.75,11.32,11.8,11.27,8690400.0
20260319,603011,合锻智能,23.25,23.01,23.47,22.87,18277300.0
20260319,603012,创力集团,8.16,8.01,8.18,8.0,16154500.0
20260319,603013,亚普股份,21.7,21.4,21.7,21.19,2198600.0
20260319,603014,威高血净,39.4,38.87,39.64,38.84,953100.0
20260319,603015,弘讯科技,13.7,13.19,13.7,13.11,7520700.0
20260319,603016,新宏泰,34.69,35.98,37.0,34.29,8575500.0
20260319,603017,中衡设计,13.4,13.79,14.08,13.4,26777100.0
20260319,603018,华设集团,7.83,7.71,7.85,7.7,7534100.0
20260319,603019,中科曙光,85.92,84.77,86.7,84.41,30509900.0
20260319,603020,爱普股份,10.65,10.44,10.69,10.38,4019800.0
20260319,603022,新通联,11.18,10.9,11.27,10.76,4118300.0
20260319,603023,威帝股份,5.01,4.89,5.05,4.86,11340400.0
20260319,603025,大豪科技,15.49,15.42,15.59,15.34,4950400.0
20260319,603026,石大胜华,71.14,68.55,71.9,68.0,8825500.0
20260319,603027,千禾味业,9.5,9.28,9.53,9.25,19651300.0
20260319,603028,赛福天,9.2,9.02,9.27,8.95,4441800.0
20260319,603029,天鹅股份,19.5,19.23,20.28,19.15,6027900.0
20260319,603030,全筑股份,2.6,2.53,2.63,2.52,22842900.0
20260319,603031,安孚科技,48.91,47.55,49.2,47.36,9003700.0
20260319,603032,德新科技,18.5,18.08,18.7,17.99,5104800.0
20260319,603033,三维股份,10.34,10.15,10.35,10.1,4907100.0
20260319,603035,常熟汽饰,14.68,14.5,14.71,14.47,3770400.0
20260319,603036,如通股份,19.58,19.12,19.76,18.85,3858900.0
20260319,603037,凯众股份,14.71,14.84,15.08,14.69,7216400.0
20260319,603038,华立股份,15.7,15.26,15.75,15.2,3193200.0
20260319,603039,泛微网络,42.6,41.83,42.9,41.81,3868700.0
20260319,603040,新坐标,82.0,80.74,83.0,80.4,1889100.0
20260319,603041,美思德,13.4,12.83,13.4,12.74,3749800.0
20260319,603042,华脉科技,19.3,20.69,21.74,19.12,38809800.0
20260319,603043,广州酒家,16.58,16.44,16.65,16.38,3132200.0
20260319,603045,福达合金,30.75,31.05,32.55,30.7,5932900.0
20260319,603048,浙江黎明,21.92,21.36,22.01,21.23,1201100.0
20260319,603049,中策橡胶,48.9,48.66,49.27,48.44,2525100.0
20260319,603050,科林电气,24.08,22.86,24.08,22.78,8613400.0
20260319,603051,鹿山新材,22.0,21.66,22.1,21.51,4391700.0
20260319,603052,可川科技,64.19,66.2,68.84,61.59,16717700.0
20260319,603053,成都燃气,10.09,10.29,10.41,10.09,12920800.0
20260319,603055,台华新材,9.96,9.89,10.08,9.78,11577600.0
20260319,603057,紫燕食品,28.19,26.89,28.19,26.6,3093800.0
20260319,603058,永吉股份,12.76,12.45,12.77,12.3,7545200.0
20260319,603059,倍加洁,33.23,33.12,33.63,32.68,1014700.0
20260319,603060,国检集团,6.74,6.64,6.75,6.62,4442600.0
20260319,603061,金海通,245.98,247.05,253.8,242.68,1448600.0
20260319,603062,麦加芯彩,53.66,51.2,53.74,51.04,2416000.0
20260319,603063,禾望电气,31.32,31.69,32.32,31.24,18237500.0
20260319,603065,宿迁联盛,8.49,8.28,8.59,8.27,5332400.0
20260319,603066,音飞储存,10.5,10.3,10.58,10.27,2555500.0
20260319,603067,振华股份,36.02,33.17,36.5,33.17,39372600.0
20260319,603068,博通集成,33.7,33.23,33.83,33.09,2082500.0
20260319,603069,海汽集团,18.98,18.55,19.08,18.49,4384700.0
20260319,603070,万控智造,15.65,15.36,15.69,15.28,4892700.0
20260319,603071,物产环能,14.4,14.36,14.62,14.31,4575400.0
20260319,603072,天和磁材,38.79,37.82,38.86,37.78,2680200.0
20260319,603073,彩蝶实业,20.93,20.18,21.05,20.08,2902800.0
20260319,603075,热威股份,22.64,22.8,22.98,22.44,1655600.0
20260319,603076,乐惠国际,26.2,25.49,26.35,25.3,2024800.0
20260319,603077,和邦生物,2.98,2.83,2.99,2.82,358852000.0
20260319,603078,江化微,23.6,23.42,23.73,23.16,13254100.0
20260319,603079,圣达生物,18.46,17.65,18.48,17.56,3247000.0
20260319,603080,新疆火炬,22.7,23.06,23.38,22.51,7102500.0
20260319,603081,大丰实业,12.26,12.11,12.36,12.03,3631000.0
20260319,603082,北自科技,36.88,36.01,36.88,35.91,1139700.0
20260319,603083,剑桥科技,108.05,115.67,118.0,107.88,29238400.0
20260319,603085,天成自控,11.2,11.15,11.55,11.08,6746400.0
20260319,603086,先达股份,8.16,7.8,8.16,7.77,18511300.0
20260319,603087,甘李药业,62.0,61.25,62.5,61.24,5518200.0
20260319,603088,宁波精达,13.14,13.09,13.62,13.06,47029200.0
20260319,603089,正裕工业,12.96,12.72,13.13,12.69,3176700.0
20260319,603090,宏盛股份,62.58,62.3,63.65,61.92,1866200.0
20260319,603091,众鑫股份,76.65,75.6,77.0,75.16,435300.0
20260319,603092,德力佳,73.98,72.35,75.2,71.68,3742800.0
20260319,603093,南华期货,21.1,20.93,21.5,20.75,16477000.0
20260319,603095,越剑智能,18.35,17.63,18.35,17.46,3905700.0
20260319,603096,新经典,18.74,18.42,18.78,18.3,1502200.0
20260319,603097,江苏华辰,35.0,34.19,35.4,33.99,3680000.0
20260319,603098,森特股份,17.8,17.5,18.37,17.45,35441500.0
20260319,603099,长白山,37.22,36.79,37.59,36.72,3253400.0
20260319,603100,川仪股份,21.86,21.3,21.93,21.15,6994300.0
20260319,603101,汇嘉时代,8.45,8.32,8.49,8.29,4174100.0
20260319,603102,百合股份,43.22,42.14,43.63,41.81,709000.0
20260319,603103,横店影视,23.72,23.66,23.95,23.5,4672800.0
20260319,603105,芯能科技,10.9,11.45,11.68,10.9,72526600.0
20260319,603106,恒银科技,9.81,9.65,9.86,9.61,5435300.0
20260319,603107,上海汽配,14.95,14.73,15.0,14.71,2151400.0
20260319,603108,润达医疗,14.41,14.17,14.51,14.12,13333500.0
20260319,603109,神驰机电,24.13,23.67,24.35,23.55,1862600.0
20260319,603110,东方材料,17.67,17.22,17.86,17.15,11501300.0
20260319,603111,康尼机电,6.76,6.7,6.8,6.67,5795500.0
20260319,603112,华翔股份,17.1,17.48,17.86,17.06,13073900.0
20260319,603113,金能科技,8.05,7.5,8.1,7.46,43166600.0
20260319,603115,海星股份,32.2,32.7,33.11,31.38,13842300.0
20260319,603116,红蜻蜓,5.98,5.8,6.01,5.77,6352000.0
20260319,603117,万林物流,5.2,5.14,5.27,5.12,11160900.0
20260319,603118,共进股份,12.66,12.71,12.96,12.63,35756700.0
20260319,603119,浙江荣泰,78.21,75.7,78.67,75.2,9627100.0
20260319,603120,肯特催化,42.28,40.67,42.31,40.29,1602100.0
20260319,603121,华培动力,18.42,17.94,18.58,17.78,6404300.0
20260319,603122,合富中国,16.08,15.6,16.21,15.53,16686500.0
20260319,603123,翠微股份,12.64,12.3,12.76,12.18,31039100.0
20260319,603124,江南新材,98.37,102.73,106.5,97.37,3272700.0
20260319,603125,常青科技,18.55,18.07,18.59,17.95,2998400.0
20260319,603126,中材节能,7.55,7.49,7.66,7.47,6980500.0
20260319,603127,昭衍新药,28.88,28.55,29.24,28.4,15085200.0
20260319,603128,华贸物流,5.9,5.85,5.91,5.83,13223500.0
20260319,603129,春风动力,252.84,246.48,255.99,245.1,1029200.0
20260319,603130,云中马,40.5,45.6,45.6,40.5,4353900.0
20260319,603131,上海沪工,21.99,21.73,22.19,21.64,6181700.0
20260319,603132,金徽股份,16.73,16.25,16.76,16.11,7825700.0
20260319,603135,中重科技,10.71,10.59,10.97,10.54,2984400.0
20260319,603136,天目湖,11.8,11.69,11.93,11.66,3406500.0
20260319,603137,恒尚节能,13.97,13.71,14.01,13.67,1977800.0
20260319,603138,海量数据,21.29,21.52,22.0,21.29,20297200.0
20260319,603139,康惠股份,28.38,27.47,28.47,27.22,3340900.0
20260319,603150,万朗磁塑,54.01,52.93,54.99,52.7,1370700.0
20260319,603151,邦基科技,18.51,18.06,18.56,17.98,1523700.0
20260319,603153,上海建科,16.52,16.29,16.55,16.22,1425600.0
20260319,603155,新亚强,16.4,16.05,16.44,15.96,5440600.0
20260319,603156,养元饮品,31.2,32.17,32.7,30.9,11985200.0
20260319,603158,腾龙股份,12.11,12.4,12.62,11.96,39798100.0
20260319,603159,上海亚虹,26.15,25.2,26.15,25.0,994300.0
20260319,603160,汇顶科技,71.51,70.82,71.63,70.57,2862900.0
20260319,603161,科华控股,15.28,15.02,15.49,14.93,3400500.0
20260319,603162,海通发展,13.21,12.68,13.3,12.52,15340800.0
20260319,603163,圣晖集成,112.22,111.24,116.2,109.2,3794700.0
20260319,603165,荣晟环保,14.53,13.6,14.58,13.49,16790500.0
20260319,603166,福达股份,13.98,13.73,14.08,13.69,6749400.0
20260319,603167,渤海轮渡,9.42,9.35,9.51,9.33,7947100.0
20260319,603168,莎普爱思,7.73,7.47,7.85,7.37,45504000.0
20260319,603169,兰石重装,11.1,11.23,11.98,11.0,89885000.0
20260319,603170,宝立食品,13.35,13.21,13.45,13.18,1754700.0
20260319,603171,税友股份,53.9,53.2,54.13,52.9,2924800.0
20260319,603172,万丰股份,21.77,21.4,22.0,21.22,2354200.0
20260319,603173,福斯达,43.01,41.8,43.17,41.72,1706400.0
20260319,603175,超颖电子,93.5,91.65,94.99,91.29,8070900.0
20260319,603176,汇通集团,5.69,5.52,5.69,5.5,4253800.0
20260319,603177,德创环保,12.0,11.58,12.08,11.51,3650900.0
20260319,603178,圣龙股份,16.13,15.89,16.2,15.86,1938400.0
20260319,603179,新泉股份,70.72,69.53,71.59,69.0,9947200.0
20260319,603180,金牌家居,19.92,19.37,19.99,19.33,1837700.0
20260319,603181,皇马科技,16.23,15.1,16.24,15.02,10558400.0
20260319,603182,嘉华股份,15.7,15.36,15.83,15.08,2122700.0
20260319,603183,建研院,4.78,4.69,4.81,4.67,12268800.0
20260319,603185,弘元绿能,24.16,24.43,24.92,24.11,15097000.0
20260319,603186,华正新材,66.0,64.52,67.03,64.0,6918200.0
20260319,603187,海容冷链,16.19,16.09,16.39,15.97,5124600.0
20260319,603188,亚邦股份,5.15,5.02,5.17,5.0,11031100.0
20260319,603190,亚通精工,25.84,25.4,25.96,25.37,1025200.0
20260319,603191,望变电气,22.9,22.46,23.09,22.27,11533900.0
20260319,603192,汇得科技,24.1,23.9,24.54,23.73,1664800.0
20260319,603193,润本股份,22.44,21.93,22.45,21.89,1621100.0
20260319,603194,中力股份,35.04,34.2,35.16,34.15,1677800.0
20260319,603195,公牛集团,42.85,42.66,43.15,42.53,1961900.0
20260319,603196,璞源材料,26.92,26.91,27.45,26.74,2631100.0
20260319,603197,保隆科技,34.2,33.5,34.2,33.45,2013200.0
20260319,603198,迎驾贡酒,35.35,34.2,35.4,34.18,3570800.0
20260319,603199,九华旅游,42.15,42.05,42.47,42.0,1342600.0
20260319,603200,上海洗霸,63.2,61.28,63.99,60.8,5562300.0
20260319,603201,常润股份,18.33,17.88,18.38,17.83,1776800.0
20260319,603202,天有为,92.67,92.83,93.18,92.2,739200.0
20260319,603203,快克智能,37.5,37.49,38.15,37.25,2824100.0
20260319,603205,健尔康,27.4,27.01,27.4,26.95,567400.0
20260319,603206,嘉环科技,16.13,16.12,16.35,16.05,2547000.0
20260319,603207,小方制药,28.25,27.95,28.45,27.85,884500.0
20260319,603208,江山欧派,14.26,13.94,14.27,13.9,1869900.0
20260319,603209,兴通股份,15.62,15.11,15.68,15.04,7009900.0
20260319,603210,泰鸿万立,18.96,18.76,19.07,18.58,1713800.0
20260319,603211,晋拓股份,24.58,23.6,24.98,23.48,7321900.0
20260319,603212,赛伍技术,13.88,13.73,14.08,13.65,12096900.0
20260319,603213,镇洋发展,13.5,13.42,13.6,13.39,2549200.0
20260319,603214,爱婴室,16.6,16.43,16.79,16.29,2803300.0
20260319,603215,比依股份,18.98,18.78,19.13,18.71,1284300.0
20260319,603216,梦天家居,35.17,34.17,35.71,33.93,2484400.0
20260319,603217,元利科技,23.77,24.59,25.37,23.77,3846200.0
20260319,603218,日月股份,14.69,15.13,15.67,14.63,40394300.0
20260319,603219,富佳股份,18.0,17.94,18.48,17.82,6569200.0
20260319,603220,中贝通信,27.5,27.39,28.38,27.36,62439300.0
20260319,603221,爱丽家居,12.26,12.07,12.38,12.01,2200300.0
20260319,603222,济民健康,8.95,9.01,9.1,8.85,15312500.0
20260319,603223,恒通股份,8.88,8.85,9.04,8.83,5211600.0
20260319,603225,新凤鸣,16.88,15.78,17.14,15.6,55405900.0
20260319,603226,菲林格尔,40.87,39.5,42.85,38.28,9826400.0
20260319,603227,雪峰科技,8.71,8.49,8.81,8.43,20413200.0
20260319,603228,景旺电子,60.5,59.69,61.02,59.25,22096100.0
20260319,603229,奥翔药业,9.52,9.37,9.57,9.32,5536300.0
20260319,603230,内蒙新华,11.95,11.92,12.08,11.84,2630700.0
20260319,603231,索宝蛋白,18.28,17.95,18.52,17.93,2203100.0
20260319,603232,格尔软件,22.24,22.26,22.53,22.1,8601300.0
20260319,603233,大参林,18.53,18.2,18.8,18.1,4773600.0
20260319,603235,天新药业,27.93,28.11,28.41,27.88,1079700.0
20260319,603236,移远通信,77.48,76.8,77.88,76.58,4195800.0
20260319,603237,五芳斋,17.19,16.97,17.32,16.95,1402400.0
20260319,603238,诺邦股份,17.25,16.28,17.38,16.21,3768500.0
20260319,603239,浙江仙通,22.44,21.99,22.83,21.87,2952800.0
20260319,603248,锡华科技,31.75,29.75,32.3,29.47,35833400.0
20260319,603255,鼎际得,29.59,28.6,29.59,28.46,1016400.0
20260319,603256,宏和科技,67.8,66.1,68.5,66.03,11850700.0
20260319,603257,中国瑞林,61.99,58.5,63.3,58.31,2537900.0
20260319,603258,电魂网络,18.0,17.78,18.09,17.71,2727500.0
20260319,603259,药明康德,92.0,91.58,92.74,91.24,24071700.0
20260319,603260,合盛硅业,47.39,45.74,47.47,45.5,10086300.0
20260319,603261,立航科技,31.68,31.2,31.68,31.0,650500.0
20260319,603262,技源集团,27.27,27.2,27.74,27.1,976000.0
20260319,603266,天龙股份,19.5,19.24,19.66,19.16,1923700.0
20260319,603267,鸿远电子,54.0,53.7,54.7,53.35,5229500.0
20260319,603268,松发股份,124.5,121.0,127.47,119.48,7555000.0
20260319,603269,海鸥股份,15.45,15.21,15.98,15.1,16962900.0
20260319,603270,金帝股份,24.44,24.1,24.6,23.94,1977500.0
20260319,603271,永杰新材,43.0,41.98,43.0,41.66,2136000.0
20260319,603273,天元智能,19.86,19.48,20.28,19.48,2686400.0
20260319,603275,众辰科技,45.19,44.84,45.73,44.52,914000.0
20260319,603276,恒兴新材,17.25,17.17,17.53,16.94,1717800.0
20260319,603277,银都股份,15.1,14.88,15.15,14.85,1125000.0
20260319,603278,大业股份,11.3,11.12,11.34,11.05,6569100.0
20260319,603279,景津装备,17.2,16.83,17.38,16.76,12463800.0
20260319,603280,南方路机,37.13,35.95,37.13,35.71,3612100.0
20260319,603281,江瀚新材,30.33,30.04,30.33,29.2,3296000.0
20260319,603282,亚光股份,21.2,20.74,21.33,20.64,1547700.0
20260319,603283,赛腾股份,46.25,45.58,46.9,45.04,13524300.0
20260319,603284,林平发展,49.7,48.21,49.94,48.01,2412600.0
20260319,603285,键邦股份,34.55,32.83,34.55,32.5,1969100.0
20260319,603286,日盈电子,58.58,57.08,59.5,56.74,2183700.0
20260319,603288,海天味业,38.56,38.21,38.56,38.0,14709400.0
20260319,603289,泰瑞机器,11.46,11.36,11.54,11.25,5728000.0
20260319,603290,斯达半导,108.38,107.96,109.4,107.27,5697900.0
20260319,603291,联合水务,11.82,11.79,12.24,11.61,9086800.0
20260319,603296,华勤技术,87.55,86.96,88.39,86.55,4743500.0
20260319,603297,永新光学,112.7,110.95,113.91,110.35,1069400.0
20260319,603298,杭叉集团,24.71,23.99,24.86,23.87,7764400.0
20260319,603299,苏盐井神,11.44,11.19,11.48,11.13,12058100.0
20260319,603300,海南华铁,7.12,7.28,7.34,7.11,76471100.0
20260319,603301,振德医疗,93.9,91.5,93.9,90.07,3294600.0
20260319,603303,得邦照明,14.68,14.53,14.9,14.47,1479300.0
20260319,603305,旭升集团,14.81,14.62,14.93,14.5,19890200.0
20260319,603306,华懋科技,79.82,78.55,80.8,77.95,6548900.0
20260319,603307,扬州金泉,39.7,38.9,40.2,38.81,568600.0
20260319,603308,应流股份,62.22,61.16,62.23,60.65,14543000.0
20260319,603309,维力医疗,15.4,15.26,15.47,15.02,6408600.0
20260319,603310,巍华新材,16.72,16.33,16.73,16.3,3144500.0
20260319,603311,金海高科,17.31,16.91,17.55,16.88,14053900.0
20260319,603312,西典新能,44.03,43.9,44.77,43.8,1239900.0
20260319,603313,梦百合,8.88,8.44,8.97,8.31,13721100.0
20260319,603315,福鞍股份,15.32,15.57,15.86,15.24,8990300.0
20260319,603316,诚邦股份,16.66,16.75,16.98,16.05,34256900.0
20260319,603317,天味食品,12.86,12.4,12.87,12.37,6673500.0
20260319,603318,水发燃气,8.6,8.46,8.8,8.27,70309200.0
20260319,603319,美湖股份,35.65,34.97,35.67,34.8,6989500.0
20260319,603320,迪贝电气,21.21,20.62,21.4,20.5,2384200.0
20260319,603321,梅轮电梯,7.94,7.64,7.94,7.59,5336500.0
20260319,603322,超讯科技,35.0,35.05,35.89,34.8,4176900.0
20260319,603323,苏农银行,5.06,5.03,5.1,5.03,22935000.0
20260319,603324,盛剑科技,25.12,24.82,25.28,24.56,1222800.0
20260319,603325,博隆技术,77.07,75.54,77.58,75.48,511100.0
20260319,603326,我乐家居,9.64,9.38,9.68,9.33,3493600.0
20260319,603327,福蓉科技,9.78,9.63,9.88,9.57,12387500.0
20260319,603328,依顿电子,12.55,12.3,12.59,12.22,31380400.0
20260319,603329,上海雅仕,11.0,10.75,11.09,10.69,3242400.0
20260319,603330,天洋新材,7.28,7.14,7.3,7.03,8012600.0
20260319,603331,百达精工,15.51,15.26,15.6,15.11,7648600.0
20260319,603332,苏州龙杰,14.66,14.14,14.8,14.03,12526300.0
20260319,603333,福华尚纬,8.15,7.92,8.15,7.88,13642000.0
20260319,603334,丰倍生物,55.12,52.66,56.2,52.39,3364700.0
20260319,603335,迪生力,6.11,5.96,6.16,5.94,10056000.0
20260319,603336,宏辉果蔬,9.1,8.85,9.1,8.81,6972400.0
20260319,603337,杰克科技,41.77,41.34,42.12,41.14,1783100.0
20260319,603338,浙江鼎力,51.7,50.78,52.6,50.7,4086500.0
20260319,603339,四方科技,13.26,13.1,13.44,13.07,2897700.0
20260319,603341,龙旗科技,40.21,39.96,40.58,39.8,5742800.0
20260319,603344,星德胜,28.24,27.59,28.24,27.55,1492200.0
20260319,603345,安井食品,85.6,84.4,86.18,84.01,4275000.0
20260319,603348,文灿股份,19.9,20.1,20.43,19.76,4403400.0
20260319,603350,安乃达,36.01,35.29,36.3,35.17,854700.0
20260319,603351,威尔药业,26.07,25.43,26.3,25.36,637300.0
20260319,603352,至信股份,45.09,44.32,45.74,44.28,6868900.0
20260319,603353,和顺石油,49.0,44.66,49.0,42.57,20445200.0
20260319,603355,莱克电气,30.3,29.71,30.5,29.48,1889800.0
20260319,603356,华菱精工,18.3,17.21,18.64,17.1,6358700.0
20260319,603357,设计总院,8.48,8.41,8.57,8.38,15694200.0
20260319,603358,华达科技,45.6,45.82,46.97,45.2,5562500.0
20260319,603360,百傲化学,25.41,24.75,25.47,24.65,6828200.0
20260319,603363,傲农生物,4.25,4.24,4.36,4.21,57614100.0
20260319,603365,水星家纺,19.33,20.47,20.8,19.33,1129400.0
20260319,603366,日出东方,9.75,10.75,10.75,9.68,69970600.0
20260319,603367,辰欣药业,16.8,16.56,16.88,16.5,4221000.0
20260319,603368,柳药集团,17.27,17.12,17.33,17.11,3697800.0
20260319,603369,今世缘,28.8,28.35,28.93,28.35,5611300.0
20260319,603370,华新精科,47.41,46.66,47.57,46.51,799400.0
20260319,603373,安邦护卫,42.44,43.33,44.5,41.65,3123600.0
20260319,603375,盛景微,37.9,37.85,38.17,37.5,1148200.0
20260319,603376,大明电子,38.02,37.37,38.46,37.13,3009300.0
20260319,603379,三美股份,67.2,64.98,67.7,64.7,6926900.0
20260319,603380,易德龙,35.92,35.19,36.18,34.97,1704300.0
20260319,603381,永臻股份,26.19,25.65,26.99,25.5,9584200.0
20260319,603382,海阳科技,30.95,30.43,30.95,30.33,1176100.0
20260319,603383,顶点软件,31.92,31.5,32.08,31.4,2718500.0
20260319,603385,惠达卫浴,7.13,6.94,7.14,6.9,4152100.0
20260319,603386,骏亚科技,14.36,13.95,14.36,13.88,9002500.0
20260319,603387,基蛋生物,11.28,10.2,11.42,9.9,122468300.0
20260319,603389,亚振家居,42.75,43.76,43.79,41.23,2462700.0
20260319,603390,通达电气,12.11,11.99,12.23,11.94,3012000.0
20260319,603391,力聚热能,72.2,70.32,72.24,69.0,1149000.0
20260319,603392,万泰生物,40.5,40.7,41.35,40.48,2868400.0
20260319,603393,新天然气,41.33,41.93,42.95,40.01,33892100.0
20260319,603395,红四方,31.53,31.96,33.68,31.52,8300100.0
20260319,603396,金辰股份,38.2,37.94,38.68,37.54,4780800.0
20260319,603399,永杉锂业,10.48,10.12,10.48,10.06,17209700.0
20260319,603400,华之杰,69.69,67.58,69.89,67.3,1723200.0
20260319,603402,陕西旅游,138.01,135.26,140.58,135.06,919600.0
20260319,603406,天富龙,40.49,39.7,40.78,39.12,3549400.0
20260319,603408,建霖家居,12.46,12.24,12.52,12.2,2516800.0
20260319,603409,汇通控股,38.87,38.27,39.02,38.05,980200.0
20260319,603416,信捷电气,51.2,50.06,51.64,50.0,1524400.0
20260319,603418,友升股份,55.52,55.22,56.2,55.17,1019900.0
20260319,603421,鼎信通讯,9.7,10.33,11.0,9.57,86105100.0
20260319,603439,三力制药,11.5,11.29,11.55,11.27,2658500.0
20260319,603444,吉比特,379.55,373.78,380.8,372.0,1181600.0
20260319,603456,九洲药业,16.66,16.36,16.66,16.27,10734800.0
20260319,603458,勘设股份,10.24,10.13,10.37,10.11,6526600.0
20260319,603466,风语筑,9.7,9.74,9.85,9.67,17728100.0
20260319,603477,巨星农牧,18.8,18.88,19.3,18.7,12351900.0
20260319,603486,科沃斯,62.73,62.02,63.16,61.82,3354700.0
20260319,603488,展鹏科技,10.1,9.86,10.1,9.82,4807100.0
20260319,603489,八方股份,36.7,35.56,37.09,35.35,10790700.0
20260319,603496,恒为科技,29.5,29.91,30.37,29.4,14183600.0
20260319,603499,翔港科技,24.7,24.93,25.6,24.38,6793400.0
20260319,603500,祥和实业,11.3,11.11,11.45,11.0,4617500.0
20260319,603501,豪威集团,106.69,105.84,106.99,105.28,12378900.0
20260319,603505,金石资源,19.08,18.28,19.17,18.26,19780700.0
20260319,603506,南都物业,13.04,12.62,13.18,12.55,3293100.0
20260319,603507,振江股份,36.27,38.8,39.75,36.27,19155000.0
20260319,603508,思维列控,26.42,25.75,26.42,25.7,3898800.0
20260319,603511,爱慕股份,14.65,14.35,14.8,14.3,1946800.0
20260319,603515,欧普照明,19.14,19.02,19.32,19.02,1125500.0
20260319,603516,淳中科技,154.0,149.83,157.0,149.0,4711200.0
20260319,603518,锦泓集团,9.06,8.89,9.1,8.87,4529900.0
20260319,603519,立霸股份,13.6,13.54,13.97,13.49,3954200.0
20260319,603520,司太立,9.99,9.71,10.02,9.68,5997600.0
20260319,603527,众源新材,12.4,11.61,12.68,11.5,28211900.0
20260319,603528,多伦科技,8.58,8.55,8.66,8.5,6355900.0
20260319,603529,爱玛科技,28.67,28.48,28.99,28.4,4349100.0
20260319,603530,神马电力,62.99,61.68,63.93,61.35,4803800.0
20260319,603533,掌阅科技,25.83,26.36,26.88,25.58,29536100.0
20260319,603535,嘉诚国际,8.93,8.68,8.93,8.63,4700400.0
20260319,603536,惠发食品,9.94,9.77,10.06,9.72,3959400.0
20260319,603538,美诺华,25.8,25.31,25.97,24.0,20266000.0
20260319,603551,奥普科技,12.62,12.62,12.89,12.58,4153600.0
20260319,603556,海兴电力,37.11,35.91,37.46,35.73,5891000.0
20260319,603558,健盛集团,13.67,14.11,14.54,13.57,22130800.0
20260319,603559,中通国脉,7.3,7.08,7.3,6.99,3193100.0
20260319,603565,中谷物流,11.06,11.01,11.16,10.97,11930400.0
20260319,603566,普莱柯,13.41,13.21,13.55,13.17,3653100.0
20260319,603567,珍宝岛,7.29,7.15,7.36,7.09,16212600.0
20260319,603568,伟明环保,26.74,26.07,26.75,26.0,7387900.0
20260319,603569,长久物流,7.11,6.97,7.16,6.95,5745300.0
20260319,603577,汇金通,11.07,11.5,11.73,11.03,18266800.0
20260319,603578,三星新材,14.56,13.87,14.77,13.74,5782600.0
20260319,603579,荣泰健康,22.13,21.8,22.3,21.66,2764700.0
20260319,603580,艾艾精工,16.8,17.31,17.31,16.8,988100.0
20260319,603583,捷昌驱动,33.36,32.95,33.5,32.9,2879900.0
20260319,603585,苏利股份,20.38,19.29,20.52,19.18,3672200.0
20260319,603586,金麒麟,17.74,17.34,17.83,17.3,1615300.0
20260319,603587,地素时尚,12.74,12.6,12.83,12.55,1567700.0
20260319,603588,高能环境,14.18,14.12,14.6,14.05,70619600.0
20260319,603589,口子窖,26.46,26.23,26.6,26.21,3158400.0
20260319,603590,康辰药业,37.42,37.18,37.8,36.72,1877800.0
20260319,603596,伯特利,48.01,47.04,48.3,46.86,11687800.0
20260319,603598,引力传媒,20.2,20.14,20.38,20.05,9141100.0
20260319,603599,广信股份,14.47,13.65,14.5,13.51,17885900.0
20260319,603600,永艺股份,10.83,10.66,10.95,10.65,2587100.0
20260319,603601,再升科技,11.77,12.0,12.29,11.38,251048600.0
20260319,603602,纵横通信,13.82,13.77,13.95,13.65,3481600.0
20260319,603605,珀莱雅,67.3,66.56,67.39,66.5,2563500.0
20260319,603606,东方电缆,64.52,63.94,66.21,63.54,13372200.0
20260319,603607,京华激光,23.25,23.11,23.64,23.08,4653200.0
20260319,603608,天创时尚,10.88,10.7,11.01,10.63,10626300.0
20260319,603609,禾丰股份,7.22,7.14,7.27,7.12,5492400.0
20260319,603610,麒盛科技,18.01,17.48,18.15,17.3,10890400.0
20260319,603611,诺力股份,22.58,22.07,22.65,21.94,4941900.0
20260319,603612,索通发展,28.55,27.47,28.68,27.33,28696400.0
20260319,603613,国联股份,27.81,27.26,27.81,27.14,10430200.0
20260319,603615,茶花股份,21.07,21.97,22.43,21.06,12803500.0
20260319,603616,韩建河山,6.86,6.75,7.08,6.73,19189500.0
20260319,603617,君禾股份,7.83,7.78,7.93,7.73,9442200.0
20260319,603618,杭电股份,19.51,19.76,20.81,19.35,79613900.0
20260319,603619,中曼石油,36.35,36.3,36.75,35.12,50973500.0
20260319,603626,科森科技,22.85,21.97,23.12,21.93,26022000.0
20260319,603628,清源股份,14.77,15.22,15.5,14.72,22774000.0
20260319,603629,利通电子,61.53,68.07,68.07,60.52,33485800.0
20260319,603630,拉芳家化,16.8,16.46,16.89,16.41,3062300.0
20260319,603633,徕木股份,8.2,7.98,8.32,7.95,8242200.0
20260319,603636,南威软件,10.01,9.95,10.1,9.9,6009500.0
20260319,603637,镇海股份,11.91,11.79,12.04,11.71,6805400.0
20260319,603638,艾迪精密,21.2,20.63,21.2,20.47,5179000.0
20260319,603639,海利尔,13.99,13.75,14.1,13.53,3024900.0
20260319,603648,畅联股份,10.28,10.11,10.4,10.07,2407700.0
20260319,603650,彤程新材,52.35,51.85,52.78,51.59,7863600.0
20260319,603655,朗博科技,40.78,38.32,40.78,38.2,3719600.0
20260319,603656,泰禾智能,22.05,22.04,22.43,21.91,2419700.0
20260319,603657,春光科技,27.37,26.62,27.79,26.5,1426600.0
20260319,603658,安图生物,34.61,34.45,34.9,34.37,1795000.0
20260319,603659,璞泰来,29.7,29.26,30.86,29.0,63011600.0
20260319,603660,苏州科达,9.6,10.17,10.5,9.53,42146800.0
20260319,603661,恒林股份,32.19,31.77,32.8,31.63,632800.0
20260319,603662,柯力传感,59.13,57.65,59.45,57.4,3819400.0
20260319,603663,三祥新材,46.01,43.2,46.01,42.82,10493200.0
20260319,603665,康隆达,30.08,29.18,30.27,29.0,2451400.0
20260319,603666,亿嘉和,28.21,27.63,28.21,27.44,2782100.0
20260319,603667,五洲新春,68.55,66.92,68.81,66.57,16446200.0
20260319,603668,天马科技,12.9,13.19,13.29,12.9,8511800.0
20260319,603669,灵康药业,4.56,4.49,4.62,4.47,6258600.0
20260319,603676,卫信康,10.95,10.7,10.95,10.65,1593300.0
20260319,603677,奇精机械,17.0,16.58,17.0,16.47,1630900.0
20260319,603678,火炬电子,37.39,36.9,37.48,36.76,6163900.0
20260319,603679,华体科技,15.53,15.66,16.09,15.4,6742100.0
20260319,603680,今创集团,13.72,13.31,13.72,13.23,3167200.0
20260319,603681,永冠新材,17.76,17.26,17.88,17.2,6554100.0
20260319,603682,锦和商管,6.89,6.54,6.89,6.39,19925400.0
20260319,603683,晶华新材,27.39,27.8,28.25,27.3,14488800.0
20260319,603685,晨丰科技,29.66,28.39,29.66,28.16,5127800.0
20260319,603686,福龙马,19.43,19.04,19.55,18.93,14459000.0
20260319,603687,大胜达,12.17,12.17,12.17,12.17,4910600.0
20260319,603688,石英股份,44.55,43.79,45.0,43.5,14190200.0
20260319,603689,皖天然气,8.51,8.59,8.68,8.46,17391800.0
20260319,603690,至纯科技,26.51,26.06,26.6,25.93,8241400.0
20260319,603693,江苏新能,16.13,16.89,16.98,15.87,59279400.0
20260319,603696,安记食品,16.67,16.36,16.73,16.25,3589600.0
20260319,603697,有友食品,10.98,10.73,11.05,10.69,6455000.0
20260319,603698,航天工程,30.42,30.83,31.19,30.3,11786300.0
20260319,603699,纽威股份,53.05,51.5,54.35,51.19,9556500.0
20260319,603700,宁水集团,14.03,13.71,14.15,13.65,2525900.0
20260319,603701,德宏股份,21.91,22.04,22.82,21.8,6085300.0
20260319,603703,盛洋科技,13.1,12.8,13.18,12.73,9823400.0
20260319,603706,东方环宇,20.17,20.32,20.53,20.17,2196000.0
20260319,603707,健友股份,9.85,9.83,9.96,9.8,9845300.0
20260319,603708,家家悦,11.26,11.19,11.38,11.18,4613700.0
20260319,603709,中源家居,17.88,17.44,18.02,17.36,2336000.0
20260319,603711,香飘飘,13.03,12.98,13.36,12.63,3010900.0
20260319,603712,七一二,18.01,17.73,18.1,17.63,7551700.0
20260319,603713,密尔克卫,60.4,58.98,61.27,58.95,1610400.0
20260319,603716,塞力医疗,22.8,22.08,22.81,21.96,13288300.0
20260319,603717,天域生物,7.29,7.06,7.32,7.03,5250300.0
20260319,603719,良品铺子,10.46,10.32,10.52,10.3,2658200.0
20260319,603721,中广天择,20.61,20.41,20.76,20.12,1312200.0
20260319,603722,阿科力,37.79,36.81,37.79,36.76,892200.0
20260319,603725,天安新材,9.59,9.23,9.59,9.17,4634700.0
20260319,603726,朗迪集团,25.06,24.53,25.36,24.47,2457000.0
20260319,603727,博迈科,17.95,17.52,17.95,17.23,11704300.0
20260319,603728,鸣志电器,58.8,58.18,59.15,58.05,3694900.0
20260319,603730,岱美股份,8.98,8.54,8.98,8.43,27423800.0
20260319,603733,仙鹤股份,23.25,22.51,23.25,22.38,3786300.0
20260319,603737,三棵树,49.18,48.1,49.76,47.97,3546100.0
20260319,603738,泰晶科技,23.95,24.0,24.8,23.5,37186600.0
20260319,603739,蔚蓝生物,15.95,15.39,15.96,15.32,7498700.0
20260319,603755,日辰股份,29.67,28.96,29.77,28.89,946400.0
20260319,603757,大元泵业,48.54,49.45,51.66,48.02,25931500.0
20260319,603758,秦安股份,13.45,13.48,14.07,13.4,5483500.0
20260319,603759,海天股份,10.01,9.83,10.08,9.78,5111400.0
20260319,603766,隆鑫通用,15.21,14.83,15.28,14.63,26862400.0
20260319,603767,中马传动,19.0,18.83,19.13,18.75,2647800.0
20260319,603768,常青股份,11.73,11.43,11.76,11.4,2183600.0
20260319,603773,沃格光电,37.8,38.03,39.2,37.3,10713200.0
20260319,603776,永安行,19.66,19.47,19.91,19.4,2297400.0
20260319,603777,来伊份,13.56,13.41,13.8,13.31,6076000.0
20260319,603778,国晟科技,23.0,22.01,24.25,21.85,132263200.0
20260319,603779,威龙股份,6.66,6.47,6.71,6.46,7219300.0
20260319,603786,科博达,56.73,54.95,57.1,54.6,5195800.0
20260319,603787,新日股份,13.95,13.75,14.15,13.66,4079500.0
20260319,603788,宁波高发,15.75,15.49,15.89,15.39,1940600.0
20260319,603790,雅运股份,23.25,22.17,23.5,22.0,3481100.0
20260319,603797,联泰环保,4.96,4.8,5.01,4.8,8102300.0
20260319,603798,康普顿,13.97,13.35,14.02,13.26,4088700.0
20260319,603799,华友钴业,58.67,56.51,58.93,56.26,80863900.0
20260319,603800,洪田股份,38.11,37.32,39.02,37.06,3894800.0
20260319,603801,志邦家居,9.56,9.49,9.65,9.48,3535000.0
20260319,603803,瑞斯康达,13.05,13.9,14.44,13.05,136261800.0
20260319,603806,福斯特,18.0,18.25,18.88,17.92,69043000.0
20260319,603808,歌力思,9.68,9.46,9.71,9.41,4507600.0
20260319,603809,豪能股份,11.55,11.2,11.59,11.16,17715300.0
20260319,603810,丰山集团,16.64,16.31,16.88,16.26,2453100.0
20260319,603811,诚意药业,11.86,11.64,11.96,11.57,5205700.0
20260319,603813,原尚股份,29.04,30.63,30.63,28.6,1345400.0
20260319,603815,交建股份,6.32,6.21,6.35,6.17,12525500.0
20260319,603816,顾家家居,33.81,33.89,34.38,33.76,3764400.0
20260319,603817,海峡环保,8.58,9.07,9.13,8.5,83044100.0
20260319,603818,曲美家居,3.8,3.7,3.82,3.68,12645600.0
20260319,603819,神力股份,12.38,12.25,12.56,12.2,3153300.0
20260319,603823,百合花,16.63,16.14,16.75,16.02,4696900.0
20260319,603826,坤彩科技,24.18,24.0,24.5,23.43,8207000.0
20260319,603829,洛凯股份,27.68,27.64,28.08,27.21,4847300.0
20260319,603833,欧派家居,56.26,56.93,57.05,56.0,1359000.0
20260319,603836,海程邦达,13.74,13.41,13.79,13.38,2293400.0
20260319,603839,安正时尚,7.73,7.49,7.73,7.46,3411000.0
20260319,603848,好太太,16.26,16.06,16.43,15.92,2417800.0
20260319,603855,华荣股份,20.0,19.75,20.18,19.67,2609000.0
20260319,603856,东宏股份,13.96,13.51,13.98,13.47,3670800.0
20260319,603858,步长制药,16.77,16.7,16.95,16.64,4409900.0
20260319,603859,能科科技,40.45,39.93,40.67,39.92,4367500.0
20260319,603860,中公高科,32.19,31.51,32.5,31.45,997200.0
20260319,603861,白云电器,16.74,16.37,16.87,16.24,18381900.0
20260319,603863,松炀资源,20.67,19.94,20.69,19.78,6917000.0
20260319,603866,桃李面包,5.18,5.11,5.19,5.09,14750300.0
20260319,603867,新化股份,32.61,30.9,32.61,30.5,9095800.0
20260319,603868,飞科电器,35.18,35.04,35.61,34.72,1263400.0
20260319,603871,嘉友国际,14.55,14.46,14.89,14.4,11215800.0
20260319,603876,鼎胜新材,19.65,18.86,19.7,18.7,30360300.0
20260319,603877,太平鸟,15.0,14.72,15.0,14.65,1379300.0
20260319,603878,武进不锈,8.44,8.19,8.49,8.15,12891600.0
20260319,603879,永悦科技,6.04,5.87,6.09,5.84,9393400.0
20260319,603880,南卫股份,7.5,7.3,7.57,7.23,10385900.0
20260319,603881,数据港,38.25,39.58,40.56,38.0,129995600.0
20260319,603882,金域医学,27.65,27.26,27.69,27.2,3861400.0
20260319,603883,老百姓,14.13,13.92,14.19,13.87,8667300.0
20260319,603885,吉祥航空,11.88,11.48,11.89,11.43,31662500.0
20260319,603886,元祖股份,12.65,12.47,12.76,12.41,3393400.0
20260319,603887,城地香江,17.15,17.5,18.0,17.11,41952000.0
20260319,603888,新华网,20.8,20.9,21.32,20.59,16292000.0
20260319,603889,新澳股份,8.14,8.02,8.2,7.96,4946800.0
20260319,603890,春秋电子,14.38,14.15,14.44,14.1,7453200.0
20260319,603893,瑞芯微,163.05,160.9,164.6,160.0,5202700.0
20260319,603895,天永智能,28.19,27.85,28.44,27.78,1393500.0
20260319,603896,寿仙谷,19.75,19.43,19.75,19.42,1584600.0
20260319,603897,长城科技,32.79,33.37,35.3,32.67,32118800.0
20260319,603898,好莱客,14.65,14.72,14.84,14.43,3117100.0
20260319,603899,晨光股份,25.88,25.57,25.98,25.51,3622600.0
20260319,603900,莱绅通灵,7.86,7.67,7.91,7.65,6888500.0
20260319,603901,永创智能,12.68,12.49,12.9,12.43,5364800.0
20260319,603903,中持股份,11.74,11.51,11.78,11.44,3209400.0
20260319,603906,龙蟠科技,17.91,17.67,18.25,17.62,11202900.0
20260319,603908,牧高笛,24.31,23.65,24.49,23.36,1425000.0
20260319,603909,建发合诚,11.62,11.31,11.72,11.23,2318500.0
20260319,603912,佳力图,10.22,10.23,10.58,10.1,85980400.0
20260319,603915,国茂股份,15.97,15.65,16.0,15.56,6371100.0
20260319,603916,苏博特,11.13,10.99,11.3,10.94,7487000.0
20260319,603917,合力科技,13.8,13.52,13.89,13.51,3358900.0
20260319,603918,金桥信息,14.45,14.42,14.58,14.35,6077300.0
20260319,603919,金徽酒,18.68,18.33,18.82,18.29,8524500.0
20260319,603920,世运电路,53.24,52.78,53.72,52.5,17442600.0
20260319,603926,铁流股份,19.27,18.69,19.27,18.61,3700400.0
20260319,603927,中科软,17.9,17.91,18.07,17.84,7148800.0
20260319,603928,兴业股份,15.06,14.9,15.16,14.84,2832900.0
20260319,603929,亚翔集成,174.1,175.5,179.8,172.3,6331900.0
20260319,603931,格林达,29.39,29.0,29.52,28.88,1802700.0
20260319,603933,睿能科技,21.6,21.2,21.64,21.06,2416000.0
20260319,603936,博敏电子,14.25,14.14,14.53,14.03,38122600.0
20260319,603937,丽岛新材,12.66,12.24,12.87,12.16,4650900.0
20260319,603938,三孚股份,25.0,24.14,25.39,24.0,9795500.0
20260319,603939,益丰药房,24.33,23.83,24.61,23.74,8695200.0
20260319,603948,建业股份,27.6,26.92,27.6,26.85,1295200.0
20260319,603949,雪龙集团,23.74,24.2,24.2,23.15,12343400.0
20260319,603950,长源东谷,42.6,41.16,43.21,40.6,11819300.0
20260319,603955,大千生态,26.76,26.38,26.91,26.2,1090300.0
20260319,603956,威派格,6.05,5.97,6.1,5.94,7629200.0
20260319,603958,哈森股份,20.39,19.55,20.55,18.8,9970000.0
20260319,603960,克来机电,21.39,20.73,21.44,20.63,9607600.0
20260319,603966,法兰泰克,12.2,12.23,12.43,12.05,10146300.0
20260319,603967,中创物流,13.04,12.95,13.16,12.91,2389800.0
20260319,603968,醋化股份,13.87,13.28,13.87,13.16,5929900.0
20260319,603969,银龙股份,9.61,9.38,9.66,9.33,10958000.0
20260319,603970,中农立华,13.21,12.87,13.29,12.81,4138700.0
20260319,603976,正川股份,20.16,19.63,20.42,19.6,1135300.0
20260319,603977,国泰集团,16.34,15.44,16.38,15.3,32076000.0
20260319,603978,深圳新星,24.41,22.9,24.42,22.63,10548700.0
20260319,603979,金诚信,55.35,54.69,56.57,54.43,14017000.0
20260319,603980,吉华集团,7.01,6.75,7.05,6.65,45195800.0
20260319,603982,泉峰汽车,8.17,8.02,8.24,8.0,5248000.0
20260319,603983,丸美生物,27.46,26.91,27.55,26.78,1867400.0
20260319,603985,恒润股份,18.2,19.76,20.35,18.12,70605700.0
20260319,603986,兆易创新,300.0,303.68,309.71,297.0,31214600.0
20260319,603987,康德莱,9.15,9.0,9.26,8.97,5978000.0
20260319,603988,中电电机,26.25,25.43,26.47,25.36,4706500.0
20260319,603989,艾华集团,17.86,17.5,17.99,17.45,4362800.0
20260319,603990,麦迪科技,15.36,15.36,15.6,15.22,18296200.0
20260319,603991,领先股份,105.0,105.87,108.22,104.16,2121600.0
20260319,603992,松霖科技,32.47,31.82,33.09,31.3,7742600.0
20260319,603993,洛阳钼业,18.7,17.85,18.9,17.69,493643600.0
20260319,603995,甬金股份,18.06,17.87,18.18,17.77,4992400.0
20260319,603997,继峰股份,12.98,12.82,13.08,12.69,9157400.0
20260319,603998,方盛制药,11.81,11.45,11.89,11.35,8012000.0
20260319,603999,读者传媒,7.35,7.31,7.42,7.27,7760100.0
20260319,605001,威奥股份,7.97,7.79,8.04,7.75,4343700.0
20260319,605003,众望布艺,30.54,29.14,30.58,28.88,2489800.0
20260319,605005,合兴股份,19.71,19.62,19.97,19.55,3207800.0
20260319,605006,山东玻纤,9.19,8.79,9.26,8.72,20220400.0
20260319,605007,五洲特纸,14.4,14.01,14.44,13.9,9298200.0
20260319,605008,长鸿高科,12.5,12.32,12.69,12.3,1816400.0
20260319,605009,豪悦护理,29.52,29.1,29.59,29.02,1034200.0
20260319,605011,杭州热电,21.27,21.06,21.45,20.97,4724500.0
20260319,605016,百龙创园,24.04,23.4,24.25,23.36,2717200.0
20260319,605018,长华集团,11.04,10.91,11.12,10.83,3678700.0
20260319,605020,永和股份,26.99,25.97,26.99,25.81,11800000.0
20260319,605028,世茂能源,29.23,28.54,29.55,28.43,2237800.0
20260319,605033,美邦股份,23.19,22.66,23.5,22.63,3657700.0
20260319,605050,福然德,12.34,13.12,13.28,12.33,15441100.0
20260319,605055,迎丰股份,9.05,8.94,9.11,8.91,3070300.0
20260319,605056,咸亨国际,23.33,23.11,23.68,22.99,5195800.0
20260319,605058,澳弘电子,35.3,34.72,36.46,34.58,12597100.0
20260319,605060,联德股份,59.0,55.35,60.18,55.0,7075800.0
20260319,605066,天正电气,8.35,8.32,8.43,8.29,13171400.0
20260319,605068,明新旭腾,27.97,27.0,27.97,26.76,2137900.0
20260319,605069,正和生态,13.56,13.33,13.56,13.26,3353100.0
20260319,605077,华康股份,15.57,15.21,15.58,15.17,2008700.0
20260319,605080,浙江自然,23.9,23.69,24.03,23.52,1263200.0
20260319,605086,龙高股份,35.86,34.7,35.86,34.49,1219300.0
20260319,605088,冠盛股份,34.21,34.3,35.1,34.19,2183000.0
20260319,605089,味知香,25.5,25.11,25.72,25.02,844400.0
20260319,605090,九丰能源,41.48,39.84,41.69,39.4,17467800.0
20260319,605098,行动教育,54.96,52.8,55.99,51.2,2797600.0
20260319,605099,共创草坪,38.51,38.61,39.5,38.4,3029900.0
20260319,605100,华丰股份,41.05,41.6,43.1,40.4,4192700.0
20260319,605108,同庆楼,17.26,17.1,17.4,17.0,1586700.0
20260319,605111,新洁能,41.8,41.69,42.25,41.43,8022000.0
20260319,605116,奥锐特,26.09,25.95,26.25,25.59,4834200.0
20260319,605117,德业股份,128.01,128.01,133.6,127.25,13082900.0
20260319,605118,力鼎光电,41.33,41.67,42.44,40.1,2281000.0
20260319,605122,四方新材,13.65,13.35,13.81,13.23,2104900.0
20260319,605123,派克新材,98.7,97.82,99.99,97.53,3106000.0
20260319,605128,上海沿浦,35.35,34.83,35.86,34.8,2107200.0
20260319,605133,嵘泰股份,27.8,27.45,27.99,27.33,2900300.0
20260319,605136,丽人丽妆,10.27,10.03,10.3,9.98,8223100.0
20260319,605138,盛泰集团,7.13,6.97,7.22,6.97,3439300.0
20260319,605151,西上海,19.44,19.2,19.68,19.11,1332700.0
20260319,605155,西大门,17.0,16.57,17.18,16.52,2281300.0
20260319,605158,华达新材,7.89,7.67,7.95,7.65,3748600.0
20260319,605162,新中港,10.1,10.12,10.7,10.07,30840600.0
20260319,605166,聚合顺,10.78,10.48,10.88,10.44,7221100.0
20260319,605167,利柏特,17.0,16.64,17.07,16.15,12713400.0
20260319,605168,三人行,34.85,34.59,35.11,34.45,2075200.0
20260319,605169,洪通燃气,13.23,14.19,14.19,13.19,17539600.0
20260319,605177,东亚药业,22.54,21.19,22.6,21.08,3652800.0
20260319,605178,时空科技,68.99,69.25,70.7,68.28,2941200.0
20260319,605179,一鸣食品,17.93,17.82,18.09,17.77,1805300.0
20260319,605180,华生科技,15.78,15.21,15.85,15.1,1682400.0
20260319,605183,确成股份,22.2,21.68,22.53,21.56,3744300.0
20260319,605186,健麾信息,21.06,20.6,21.21,20.5,1621100.0
20260319,605188,国光连锁,17.08,16.94,17.25,16.9,3505600.0
20260319,605189,富春染织,14.2,13.91,14.24,13.81,2305700.0
20260319,605196,华通线缆,46.02,43.9,46.3,43.0,18803200.0
20260319,605198,安德利,38.12,36.44,38.12,36.17,1503700.0
20260319,605208,永茂泰,12.75,12.66,12.88,12.57,5937100.0
20260319,605218,伟时电子,19.9,19.27,19.92,19.2,3465000.0
20260319,605222,起帆电缆,22.31,21.12,22.31,20.92,11959300.0
20260319,605228,神通科技,13.4,13.81,13.92,13.24,15011100.0
20260319,605255,天普股份,101.01,98.02,103.51,97.8,2291400.0
20260319,605258,协和电子,36.5,35.91,36.97,35.6,2985500.0
20260319,605259,绿田机械,22.75,22.28,23.04,22.2,2560300.0
20260319,605266,健之佳,20.05,19.74,20.22,19.63,1328000.0
20260319,605268,王力安防,12.49,13.08,13.38,12.37,25480100.0
20260319,605277,新亚电子,24.37,24.1,24.87,23.9,23753400.0
20260319,605286,同力天启,52.0,51.54,55.87,49.93,12798200.0
20260319,605287,德才股份,44.8,45.4,46.8,44.3,4245100.0
20260319,605288,凯迪股份,100.58,93.6,100.58,93.19,1299200.0
20260319,605289,罗曼股份,127.0,119.99,128.06,118.0,4540000.0
20260319,605296,神农集团,30.2,31.5,31.8,29.65,6217200.0
20260319,605298,必得科技,46.19,45.93,47.3,45.82,1619400.0
20260319,605299,舒华体育,13.77,13.9,14.33,13.52,40584900.0
20260319,605300,佳禾食品,11.16,10.97,11.19,10.92,2002700.0
20260319,605303,园林股份,17.58,17.77,18.39,17.58,5190000.0
20260319,605305,中际联合,41.25,40.88,42.05,40.7,7564200.0
20260319,605318,法狮龙,73.5,71.71,73.99,71.0,1499400.0
20260319,605319,无锡振华,23.78,23.2,23.78,22.98,4096800.0
20260319,605333,沪光股份,26.5,26.0,26.5,25.85,1887500.0
20260319,605337,李子园,11.2,11.15,11.33,11.11,4051400.0
20260319,605338,巴比食品,26.36,25.69,26.66,25.61,2484200.0
20260319,605339,南侨食品,17.18,16.85,17.3,16.85,1152100.0
20260319,605358,立昂微,36.0,35.6,36.24,35.4,12894900.0
20260319,605365,立达信,19.25,18.75,19.48,18.71,4295400.0
20260319,605366,宏柏新材,10.73,10.59,10.99,10.41,40492000.0
20260319,605368,蓝天燃气,8.48,8.73,8.73,8.47,21107400.0
20260319,605369,拱东医疗,18.06,17.62,18.12,17.59,1345900.0
20260319,605376,博迁新材,93.68,91.0,95.68,90.31,6734300.0
20260319,605377,华旺科技,9.85,9.84,10.02,9.77,6450900.0
20260319,605378,野马电池,20.32,20.15,20.53,20.07,1388400.0
20260319,605388,均瑶健康,6.64,6.5,6.67,6.5,5089400.0
20260319,605389,长龄液压,69.93,77.03,77.03,69.11,3067500.0
20260319,605398,新炬网络,28.96,28.67,29.31,28.59,1991200.0
20260319,605399,晨光新材,15.5,14.72,15.55,14.58,8072400.0
20260319,605488,福莱新材,34.5,33.38,34.78,33.11,5786200.0
20260319,605499,东鹏饮料,232.56,229.95,233.94,229.53,1054400.0
20260319,605500,森林包装,9.07,9.06,9.23,9.0,4681700.0
20260319,605507,国邦医药,27.02,26.29,27.23,26.18,2953900.0
20260319,605555,德昌股份,16.06,15.8,16.06,15.75,3895900.0
20260319,605566,福莱蒽特,28.14,28.2,29.23,27.88,3294100.0
20260319,605567,春雪食品,11.55,11.2,11.64,11.14,4423500.0
20260319,605577,龙版传媒,13.5,13.46,13.64,13.42,2366500.0
20260319,605580,恒盛能源,21.79,21.13,21.92,21.03,4036800.0
20260319,605588,冠石科技,55.3,54.43,55.8,54.22,1254200.0
20260319,605589,圣泉集团,32.01,31.27,32.4,31.21,15201800.0
20260319,605598,上海港湾,48.46,47.79,49.4,47.47,3442300.0
20260319,605599,菜百股份,23.32,23.57,24.06,23.3,5494400.0
