日期,股票代码,股票名称,开盘价,收盘价,最高价,最低价,成交量(股)
20260807,000001,平安银行,11.23,11.19,11.26,11.1,88297700.0
20260807,000002,万  科Ａ,3.25,3.22,3.27,3.15,160105200.0
20260807,000006,深振业Ａ,6.82,6.73,6.82,6.61,15965000.0
20260807,000007,全新好,9.81,9.66,9.96,9.49,8409000.0
20260807,000008,神州高铁,2.44,2.42,2.44,2.38,26996100.0
20260807,000009,中国宝安,7.47,8.1,8.24,7.44,116029500.0
20260807,000011,深物业A,8.08,7.76,8.08,7.75,11193600.0
20260807,000012,南  玻Ａ,3.88,3.85,3.89,3.82,24122800.0
20260807,000014,沙河股份,10.16,9.94,10.16,9.74,5368100.0
20260807,000017,深中华A,6.1,6.18,6.23,6.03,9397900.0
20260807,000019,深粮控股,6.21,6.11,6.22,6.05,16339200.0
20260807,000020,深华发Ａ,11.07,10.92,11.07,10.72,3214000.0
20260807,000021,深科技,39.39,40.85,41.29,39.07,154937000.0
20260807,000025,特  力Ａ,15.25,14.95,15.25,14.88,6998000.0
20260807,000026,飞亚达,16.51,17.34,17.47,16.51,13830300.0
20260807,000027,深圳能源,6.38,6.35,6.39,6.3,19164700.0
20260807,000028,国药一致,20.4,20.32,20.43,20.16,3113800.0
20260807,000029,深深房Ａ,22.33,22.14,22.66,21.86,5346800.0
20260807,000030,富奥股份,4.23,4.26,4.27,4.17,12462100.0
20260807,000031,大悦城,2.24,2.19,2.24,2.14,45790200.0
20260807,000032,深桑达Ａ,14.56,14.8,14.88,14.12,42503500.0
20260807,000034,神州数码,25.45,25.13,25.6,24.61,41083700.0
20260807,000035,中国天楹,4.92,4.82,4.96,4.78,53491600.0
20260807,000036,华联控股,4.15,4.22,4.3,4.03,36955700.0
20260807,000037,深南电A,10.05,10.01,10.07,9.78,29143200.0
20260807,000039,中集集团,8.5,8.58,8.68,8.41,25050200.0
20260807,000042,中洲控股,8.4,8.39,8.49,8.31,5486000.0
20260807,000045,深纺织Ａ,10.13,9.93,10.13,9.82,6391200.0
20260807,000048,京基智农,21.43,21.4,21.7,21.14,13691900.0
20260807,000049,德赛电池,24.58,24.66,24.77,24.28,7273400.0
20260807,000050,深天马Ａ,6.7,6.76,6.8,6.58,37403100.0
20260807,000055,方大集团,3.44,3.41,3.46,3.36,7689400.0
20260807,000058,深 赛 格,6.81,6.67,6.81,6.57,7660500.0
20260807,000059,华锦股份,4.57,4.59,4.61,4.53,16827900.0
20260807,000060,中金岭南,6.63,6.81,6.82,6.6,174928300.0
20260807,000061,农 产 品,5.86,5.79,5.86,5.7,22792400.0
20260807,000062,深圳华强,23.11,23.42,23.5,22.73,30079200.0
20260807,000063,中兴通讯,34.78,34.7,35.38,34.49,158640500.0
20260807,000065,北方国际,9.18,9.11,9.2,9.03,19238400.0
20260807,000066,中国长城,14.68,14.82,14.85,14.26,139488500.0
20260807,000068,华控赛格,2.91,2.86,2.91,2.82,12029700.0
20260807,000069,华侨城Ａ,1.91,1.85,1.93,1.83,88169400.0
20260807,000070,特发信息,14.4,14.65,14.75,13.94,64376700.0
20260807,000088,盐 田 港,4.47,4.44,4.48,4.39,21988900.0
20260807,000089,深圳机场,6.6,6.49,6.62,6.42,21431800.0
20260807,000090,天健集团,3.4,3.37,3.4,3.32,12503700.0
20260807,000096,广聚能源,7.76,7.77,7.81,7.59,7664000.0
20260807,000099,中信海直,14.36,14.2,14.36,14.01,9165700.0
20260807,000100,TCL科技,4.79,4.86,4.88,4.77,550604600.0
20260807,000151,中成股份,10.15,9.93,10.15,9.8,6449300.0
20260807,000153,丰原药业,5.54,5.61,5.62,5.48,8955700.0
20260807,000155,川能动力,11.96,12.04,12.1,11.88,36485400.0
20260807,000156,华数传媒,6.89,6.81,6.93,6.69,12551800.0
20260807,000157,中联重科,7.27,7.22,7.3,7.18,53550600.0
20260807,000158,常山北明,13.75,13.56,13.75,13.23,43225400.0
20260807,000159,国际实业,5.77,5.62,5.78,5.54,10928900.0
20260807,000166,申万宏源,4.53,4.54,4.55,4.5,66509300.0
20260807,000301,东方盛虹,12.87,13.1,13.2,12.81,29973200.0
20260807,000333,美的集团,85.26,83.5,85.33,82.97,40016800.0
20260807,000338,潍柴动力,29.45,30.15,30.42,29.34,74035500.0
20260807,000400,许继电气,22.8,22.76,22.86,22.54,15582500.0
20260807,000401,金隅冀东,3.63,3.58,3.63,3.53,10603500.0
20260807,000402,金 融 街,2.5,2.46,2.51,2.43,41789800.0
20260807,000403,派林生物,10.45,10.6,10.67,10.38,12050800.0
20260807,000404,长虹华意,7.73,7.68,7.73,7.5,12524700.0
20260807,000407,胜利股份,4.06,4.04,4.07,4.0,12593500.0
20260807,000408,藏格矿业,87.1,90.0,91.0,87.07,18107900.0
20260807,000409,云鼎科技,8.93,8.75,8.93,8.63,7053700.0
20260807,000410,沈阳机床,4.86,4.88,4.89,4.8,11130500.0
20260807,000411,英特集团,9.58,9.65,9.65,9.48,4107500.0
20260807,000415,渤海租赁,4.51,4.52,4.56,4.47,44297500.0
20260807,000417,合百集团,6.01,5.96,6.02,5.83,32549000.0
20260807,000419,通程控股,4.89,4.85,4.89,4.79,6208100.0
20260807,000420,吉林化纤,3.78,3.77,3.79,3.71,44928900.0
20260807,000421,南京公用,5.38,5.33,5.39,5.26,7476600.0
20260807,000422,湖北宜化,13.31,13.2,13.41,13.12,24666500.0
20260807,000423,东阿阿胶,53.64,53.4,53.86,53.01,5510200.0
20260807,000425,徐工机械,8.37,8.3,8.43,8.26,99568100.0
20260807,000426,兴业银锡,37.73,39.48,39.55,37.3,87733300.0
20260807,000428,华天酒店,4.0,3.93,4.06,3.73,57999700.0
20260807,000429,粤高速Ａ,14.23,14.8,14.93,14.1,15831900.0
20260807,000430,张家界,6.51,6.46,6.54,6.4,5267200.0
20260807,000498,山东路桥,5.0,4.95,5.02,4.92,9898800.0
20260807,000501,武商集团,7.12,7.1,7.14,7.02,4993000.0
20260807,000503,国新健康,7.55,7.39,7.56,7.26,20391900.0
20260807,000504,南华生物,8.22,8.5,8.53,8.13,8179200.0
20260807,000505,京粮控股,5.75,5.78,5.82,5.6,28445400.0
20260807,000506,招金黄金,16.33,18.13,18.13,16.2,95538500.0
20260807,000507,珠海港,4.99,4.98,5.01,4.95,7767800.0
20260807,000509,华塑控股,3.24,3.22,3.26,3.12,27047400.0
20260807,000510,新金路,16.34,16.87,16.9,15.71,76910100.0
20260807,000513,丽珠集团,30.14,30.68,30.69,29.91,7012700.0
20260807,000514,渝 开 发,3.94,3.86,3.94,3.79,10415600.0
20260807,000516,国际医学,4.15,4.25,4.25,4.11,24393800.0
20260807,000517,荣安地产,2.12,2.12,2.13,2.02,43878700.0
20260807,000518,四环生物,3.96,4.17,4.19,3.9,61222100.0
20260807,000519,中兵红箭,14.53,14.76,14.76,14.47,40059100.0
20260807,000520,凤凰航运,3.98,3.95,4.0,3.88,13976900.0
20260807,000521,长虹美菱,4.93,4.91,4.96,4.87,6576900.0
20260807,000523,红棉股份,2.89,2.88,2.92,2.82,23525500.0
20260807,000524,岭南控股,9.32,9.33,9.35,9.1,8488500.0
20260807,000525,红太阳,4.56,4.5,4.57,4.42,23369100.0
20260807,000526,学大教育,35.43,35.3,36.1,34.49,4609900.0
20260807,000528,柳    工,8.38,8.36,8.41,8.3,24643900.0
20260807,000529,广弘控股,4.76,4.72,4.77,4.65,4237900.0
20260807,000530,冰山冷热,5.03,4.93,5.03,4.9,11074900.0
20260807,000531,穗恒运Ａ,5.85,5.85,5.86,5.76,9383400.0
20260807,000532,华金资本,10.77,10.68,10.79,10.54,4037700.0
20260807,000533,顺钠股份,11.99,12.13,12.2,11.62,101423600.0
20260807,000534,万泽股份,26.4,27.94,28.3,26.12,17588300.0
20260807,000536,华映科技,3.33,3.29,3.33,3.24,42021600.0
20260807,000537,绿发电力,7.6,7.56,7.63,7.5,15506200.0
20260807,000538,云南白药,50.59,50.76,50.85,50.15,9473200.0
20260807,000539,粤电力Ａ,5.9,6.01,6.03,5.81,69092900.0
20260807,000541,佛山照明,4.99,4.94,4.99,4.89,6939600.0
20260807,000543,皖能电力,7.83,7.85,7.89,7.74,24388800.0
20260807,000544,中原环保,7.37,7.36,7.37,7.29,3143200.0
20260807,000545,金浦钛业,2.54,2.53,2.55,2.47,30071500.0
20260807,000546,金圆股份,4.69,4.71,4.79,4.59,17194000.0
20260807,000547,航天发展,15.75,15.98,16.03,15.44,72175800.0
20260807,000548,湖南投资,4.39,4.34,4.39,4.26,4630600.0
20260807,000550,江铃汽车,16.46,16.17,16.47,16.07,4668100.0
20260807,000551,创元科技,13.49,13.57,13.59,13.13,18142100.0
20260807,000552,甘肃能化,2.56,2.54,2.58,2.5,90572300.0
20260807,000553,安道麦A,5.46,5.43,5.5,5.34,8388000.0
20260807,000554,泰山石油,6.49,6.46,6.52,6.35,18987800.0
20260807,000555,神州信息,11.08,10.9,11.1,10.62,33238100.0
20260807,000557,西部创业,3.69,3.66,3.69,3.61,7366200.0
20260807,000558,天府文旅,3.43,3.43,3.46,3.37,22102900.0
20260807,000559,万向钱潮,11.86,11.77,11.92,11.54,37456900.0
20260807,000560,我爱我家,2.21,2.18,2.21,2.13,106594800.0
20260807,000561,烽火电子,7.62,7.57,7.64,7.47,7931400.0
20260807,000563,陕国投Ａ,3.0,2.99,3.01,2.96,40570600.0
20260807,000564,供销大集,1.43,1.41,1.43,1.38,183161100.0
20260807,000565,渝三峡Ａ,5.89,5.83,5.89,5.75,7487400.0
20260807,000566,海南海药,5.8,5.99,6.19,5.62,266226300.0
20260807,000567,海德股份,6.22,6.19,6.24,6.1,21773900.0
20260807,000568,泸州老窖,87.02,88.64,88.89,86.15,12872300.0
20260807,000570,苏常柴Ａ,4.99,4.93,5.0,4.87,9913100.0
20260807,000571,新大洲A,7.23,7.37,7.5,6.97,46454300.0
20260807,000572,海马汽车,3.85,3.83,3.87,3.74,38751200.0
20260807,000573,粤宏远Ａ,3.62,3.6,3.63,3.5,19625600.0
20260807,000576,甘化科工,7.21,7.18,7.21,7.01,8000600.0
20260807,000581,威孚高科,17.55,17.36,17.57,17.2,7754300.0
20260807,000582,北部湾港,12.48,12.52,12.58,12.25,35367000.0
20260807,000586,汇源通信,11.96,11.91,11.99,11.53,5587100.0
20260807,000589,贵州轮胎,4.39,4.31,4.43,4.3,29055600.0
20260807,000590,古汉医药,8.65,8.79,8.82,8.5,3619800.0
20260807,000591,太阳能,4.47,4.45,4.47,4.4,38833100.0
20260807,000592,平潭发展,6.6,6.54,6.6,6.35,151931300.0
20260807,000593,德龙汇能,22.44,23.88,23.99,22.25,36882500.0
20260807,000595,新能股份,6.26,6.19,6.55,6.08,94003300.0
20260807,000596,古井贡酒,89.15,91.69,91.88,87.87,8012100.0
20260807,000597,东北制药,4.57,4.74,4.75,4.53,21211200.0
20260807,000598,兴蓉环境,7.12,7.12,7.19,7.09,19173800.0
20260807,000599,青岛双星,4.99,4.89,5.02,4.84,12052700.0
20260807,000600,建投能源,8.69,8.74,8.74,8.61,22301400.0
20260807,000601,韶能股份,6.6,6.62,6.63,6.49,39572800.0
20260807,000603,盛达资源,31.38,34.43,34.43,30.2,112780500.0
20260807,000605,渤海股份,5.81,5.77,5.83,5.68,2799700.0
20260807,000607,华媒控股,3.66,3.59,3.68,3.48,13715800.0
20260807,000608,阳光股份,7.15,7.18,7.23,6.94,32100800.0
20260807,000612,焦作万方,11.42,11.5,11.63,11.38,33053400.0
20260807,000617,中油资本,7.17,7.09,7.18,7.0,83364100.0
20260807,000619,海螺新材,4.68,4.64,4.68,4.57,5298300.0
20260807,000620,盈新发展,2.79,2.78,2.79,2.69,161468100.0
20260807,000623,吉林敖东,18.07,18.13,18.16,17.91,12803300.0
20260807,000625,长安汽车,7.38,7.35,7.4,7.26,68700300.0
20260807,000626,远大控股,7.57,7.64,7.64,7.36,9867900.0
20260807,000628,高新发展,39.71,39.01,39.71,37.87,7598900.0
20260807,000629,钒钛股份,3.12,3.13,3.15,3.09,92004500.0
20260807,000630,铜陵有色,6.58,6.96,6.98,6.52,571632700.0
20260807,000631,顺发恒能,2.91,2.95,2.96,2.86,13457700.0
20260807,000633,合金投资,5.21,5.16,5.22,5.07,6962900.0
,000635,英 力 特,6.59,6.39,6.6,6.31,5666400.0
20260807,000636,风华高科,57.18,58.29,61.79,55.52,204283200.0
20260807,000637,茂化实华,3.84,3.79,3.86,3.7,9848200.0
20260807,000650,仁和药业,5.32,5.43,5.45,5.29,22345500.0
20260807,000651,格力电器,40.29,40.1,40.36,39.8,38920700.0
20260807,000652,泰达股份,3.5,3.45,3.5,3.42,10912600.0
20260807,000655,金岭矿业,6.95,6.93,6.95,6.84,5251800.0
20260807,000656,金科股份,1.19,1.17,1.19,1.15,176714400.0
20260807,000657,中钨高新,62.47,67.01,67.99,62.3,152922500.0
20260807,000659,珠海中富,2.8,2.8,2.84,2.72,23793100.0
20260807,000661,长春高新,74.84,80.51,80.66,74.36,17366200.0
20260807,000663,永安林业,5.4,5.38,5.43,5.29,5241900.0
20260807,000665,湖北广电,3.99,3.95,4.0,3.85,11974800.0
20260807,000668,荣丰控股,20.32,19.6,20.68,19.09,4253500.0
20260807,000670,盈方微,6.86,6.84,6.94,6.67,35242400.0
20260807,000672,上峰材料,13.89,14.29,14.65,13.68,26838700.0
20260807,000676,智度股份,7.51,7.66,8.25,7.21,259570100.0
20260807,000678,襄阳轴承,9.0,8.82,9.0,8.65,10029100.0
20260807,000679,大连友谊,6.03,5.9,6.05,5.79,5999500.0
20260807,000680,山推股份,11.16,11.19,11.3,11.06,16049800.0
20260807,000681,视觉中国,18.49,18.4,18.5,17.86,37463400.0
20260807,000682,东方电子,12.29,12.19,12.3,12.06,14828700.0
20260807,000683,博源化工,6.1,6.07,6.13,5.96,89287600.0
20260807,000685,中山公用,11.01,11.04,11.13,10.94,13704000.0
20260807,000686,东北证券,8.07,8.06,8.08,7.97,18041400.0
20260807,000688,国城矿业,30.83,31.34,31.65,29.91,25190800.0
20260807,000690,宝新能源,4.81,4.8,4.82,4.74,49328000.0
20260807,000691,亚太实业,9.74,9.83,9.98,9.5,9291100.0
20260807,000692,惠天热电,4.44,4.33,4.44,3.99,63281800.0
20260807,000695,滨海能源,12.84,12.69,12.84,12.4,4230800.0
20260807,000697,炼石航空,8.68,8.61,8.68,8.5,6324700.0
20260807,000700,模塑科技,11.73,11.78,11.91,11.29,46800800.0
20260807,000701,厦门信达,4.97,4.94,5.0,4.87,9947300.0
20260807,000702,正虹科技,5.37,5.27,5.38,5.18,7485800.0
20260807,000703,恒逸石化,17.2,17.71,17.95,17.09,66266700.0
20260807,000705,浙江震元,6.58,6.71,6.74,6.53,6362000.0
20260807,000707,双环科技,4.51,4.45,4.52,4.39,6337500.0
20260807,000708,中信特钢,14.12,13.89,14.16,13.82,15494200.0
20260807,000709,河钢股份,2.13,2.13,2.14,2.1,70632600.0
20260807,000710,贝瑞基因,8.91,9.08,9.2,8.71,28287100.0
20260807,000711,京蓝科技,5.09,5.57,5.6,5.07,131337400.0
20260807,000712,锦龙股份,9.46,9.4,9.51,9.26,32732200.0
20260807,000713,国投丰乐,5.85,5.76,5.85,5.71,9696400.0
20260807,000715,中兴商业,4.86,4.8,4.86,4.76,4183100.0
20260807,000716,黑芝麻,4.75,4.7,4.77,4.63,16404400.0
20260807,000717,中南股份,2.28,2.23,2.28,2.2,19051200.0
20260807,000718,苏宁环球,1.89,1.86,1.89,1.83,21479400.0
20260807,000719,中原传媒,12.35,12.13,12.4,12.12,4549100.0
20260807,000720,新能泰山,3.86,3.71,3.87,3.62,121940600.0
20260807,000721,西安饮食,6.55,6.47,6.61,6.36,14550200.0
20260807,000722,湖南发展,13.5,13.56,13.56,13.2,15302700.0
20260807,000723,美锦能源,3.58,3.52,3.58,3.43,76673500.0
20260807,000725,京东方Ａ,5.97,6.07,6.17,5.86,2120636500.0
20260807,000726,鲁  泰Ａ,5.92,5.9,5.93,5.85,3204800.0
20260807,000727,冠捷科技,2.26,2.23,2.26,2.21,76385200.0
20260807,000728,国元证券,7.25,7.21,7.25,7.17,19604100.0
20260807,000729,燕京啤酒,12.63,12.65,12.74,12.43,20567800.0
20260807,000731,四川美丰,5.8,5.72,5.8,5.63,5192800.0
20260807,000733,振华科技,41.58,41.55,41.89,40.77,17346500.0
20260807,000735,罗 牛 山,5.16,5.12,5.17,5.02,23439400.0
20260807,000736,中交发展,4.47,4.36,4.48,4.29,11598900.0
20260807,000737,北方铜业,14.19,14.64,14.69,14.18,99261700.0
20260807,000738,航发控制,18.3,18.43,18.51,18.1,10376400.0
20260807,000739,普洛药业,21.16,23.41,23.41,20.92,42044600.0
20260807,000750,国海证券,3.8,3.79,3.81,3.77,31566600.0
20260807,000751,锌业股份,5.14,5.3,5.39,5.04,137853400.0
20260807,000753,漳州发展,4.81,4.76,4.82,4.66,15552800.0
20260807,000755,山西高速,4.69,4.6,4.7,4.58,4612600.0
20260807,000756,新华制药,14.05,14.2,14.25,13.92,19909000.0
20260807,000757,浩物股份,3.94,4.08,4.17,3.86,22495900.0
20260807,000758,中色股份,6.08,6.25,6.26,6.07,44349600.0
20260807,000759,中百集团,6.7,6.94,7.05,6.58,96447100.0
20260807,000761,本钢板材,2.32,2.29,2.33,2.25,13528800.0
20260807,000762,西藏矿业,23.85,23.93,24.32,23.31,14496400.0
20260807,000766,通化金马,17.27,17.08,17.3,16.78,23187800.0
20260807,000767,晋控电力,3.8,3.85,3.87,3.7,147766200.0
20260807,000768,中航西飞,20.73,20.74,20.83,20.59,16639200.0
20260807,000776,广发证券,20.69,20.94,20.94,20.43,55767700.0
20260807,000777,中核科技,17.98,17.75,18.08,17.51,11003000.0
20260807,000778,新兴铸管,3.78,3.75,3.79,3.73,54430500.0
20260807,000779,甘咨询,14.02,12.85,14.02,12.85,3777400.0
20260807,000782,恒申新材,7.56,7.64,7.69,7.5,13768300.0
20260807,000783,长江证券,8.9,9.04,9.05,8.85,88483000.0
20260807,000785,居然智家,2.25,2.23,2.27,2.19,50082500.0
20260807,000786,北新建材,18.43,18.19,18.49,17.94,24047500.0
20260807,000788,北大医药,5.23,5.4,5.4,5.21,23537100.0
20260807,000789,万年青,4.12,4.06,4.12,4.02,3804300.0
20260807,000790,华神科技,3.82,3.89,3.9,3.78,18827000.0
20260807,000791,甘肃能源,7.77,7.82,7.84,7.71,19515100.0
20260807,000792,盐湖股份,28.64,28.8,28.98,28.46,55925600.0
20260807,000795,英洛华,8.58,8.72,8.87,8.57,21150800.0
20260807,000796,凯撒旅业,3.86,3.86,3.88,3.75,29339000.0
20260807,000797,中国武夷,2.4,2.36,2.4,2.31,24311900.0
20260807,000798,中水渔业,8.1,8.07,8.13,7.92,6403200.0
20260807,000799,酒鬼酒,40.87,41.52,41.78,40.17,13920300.0
20260807,000800,一汽解放,6.23,6.17,6.25,6.15,14363700.0
20260807,000801,四川九洲,11.48,11.38,11.5,11.25,11896700.0
20260807,000802,北京文化,4.16,4.27,4.29,4.01,100070300.0
20260807,000803,山高环能,7.13,7.09,7.23,6.98,8868800.0
20260807,000807,云铝股份,26.72,27.13,27.56,26.68,85003100.0
20260807,000809,和展能源,3.35,3.36,3.37,3.28,11395400.0
20260807,000810,创维数字,9.79,9.67,9.8,9.57,16393000.0
20260807,000811,冰轮环境,40.48,42.28,43.3,39.15,61627400.0
20260807,000812,陕西金叶,3.51,3.45,3.52,3.38,16496000.0
20260807,000813,德展健康,3.26,3.43,3.44,3.26,47523500.0
20260807,000815,美利云,18.04,18.03,18.3,17.4,100568600.0
20260807,000816,智慧农业,2.67,2.65,2.68,2.6,31628100.0
20260807,000818,航锦科技,13.56,13.49,13.6,13.19,21773200.0
20260807,000819,岳阳兴长,12.01,11.93,12.01,11.77,2943500.0
20260807,000820,神雾节能,3.71,3.76,3.87,3.65,52602700.0
20260807,000822,山东海化,4.31,4.26,4.32,4.21,11013400.0
20260807,000823,超声电子,14.71,15.14,15.37,14.41,94258700.0
20260807,000825,太钢不锈,3.57,3.54,3.57,3.5,23949400.0
20260807,000828,东莞控股,9.94,9.94,9.97,9.87,4773700.0
20260807,000829,天音控股,8.5,8.31,8.51,8.14,24380900.0
20260807,000830,鲁西化工,12.82,12.77,12.95,12.66,24342700.0
20260807,000831,中国稀土,51.55,57.19,57.19,51.5,60809200.0
20260807,000833,粤桂股份,20.35,20.22,20.5,20.0,19900900.0
20260807,000837,秦川机床,9.96,10.06,10.06,9.76,18298500.0
20260807,000839,国安股份,3.03,2.91,3.07,2.88,256557300.0
20260807,000848,承德露露,8.81,8.79,8.87,8.66,16145200.0
20260807,000850,华茂股份,4.08,4.04,4.08,3.98,8364900.0
20260807,000852,石化机械,5.33,5.27,5.34,5.19,10149500.0
20260807,000856,冀东装备,7.87,7.84,7.92,7.68,3467200.0
20260807,000858,五 粮 液,75.0,75.11,75.2,74.01,36057500.0
20260807,000859,国风新材,8.75,8.66,8.85,8.5,49655700.0
20260807,000860,顺鑫农业,10.84,10.78,10.87,10.55,10747800.0
20260807,000862,银星能源,5.6,5.54,5.62,5.47,23380300.0
20260807,000863,三湘印象,3.99,4.0,4.06,3.88,13917000.0
20260807,000868,安凯客车,3.59,3.58,3.6,3.5,8434100.0
20260807,000869,张  裕Ａ,17.44,17.54,17.68,17.15,2922000.0
20260807,000875,电投绿能,5.24,5.18,5.25,5.1,48799900.0
20260807,000876,新 希 望,6.92,6.92,6.96,6.86,22743900.0
20260807,000877,天山股份,3.83,3.79,3.84,3.74,13331500.0
20260807,000878,云南铜业,16.7,17.22,17.29,16.66,82732400.0
20260807,000880,潍柴重机,22.89,23.05,23.16,22.69,9674400.0
20260807,000881,中广核技,6.48,6.43,6.48,6.36,6815200.0
20260807,000882,华联股份,1.44,1.41,1.44,1.39,52563000.0
20260807,000883,湖北能源,4.65,4.62,4.65,4.59,23342000.0
20260807,000885,城发环境,12.86,12.86,12.88,12.75,3860800.0
20260807,000886,海南高速,4.57,4.53,4.58,4.45,14942000.0
20260807,000887,中鼎股份,18.98,19.33,19.5,18.56,36213400.0
20260807,000888,峨眉山Ａ,9.66,9.64,9.7,9.49,8477200.0
20260807,000889,中嘉博创,4.13,3.98,4.14,3.9,100855300.0
20260807,000890,法尔胜,7.43,7.37,7.47,7.2,14713600.0
20260807,000892,欢瑞世纪,4.05,4.16,4.16,3.88,88681200.0
20260807,000893,亚钾国际,48.44,48.23,48.65,47.33,13222100.0
20260807,000895,双汇发展,24.86,24.27,24.94,23.8,30655500.0
20260807,000897,津滨发展,1.75,1.73,1.75,1.7,26554800.0
20260807,000898,鞍钢股份,2.05,2.02,2.05,2.0,33495500.0
20260807,000899,赣能股份,10.98,10.92,10.98,10.78,12767600.0
20260807,000900,现代投资,3.69,3.66,3.7,3.65,10844200.0
20260807,000901,航天科技,14.9,15.06,15.08,14.58,18992400.0
20260807,000902,新洋丰,13.47,13.4,13.66,13.34,11730000.0
20260807,000905,厦门港务,8.58,8.54,8.59,8.43,7197600.0
20260807,000906,浙商中拓,5.43,5.42,5.44,5.36,5610300.0
20260807,000908,石药景峰,6.77,6.97,7.24,6.61,65548900.0
20260807,000910,大亚圣象,5.28,5.25,5.29,5.14,5092500.0
20260807,000912,泸天化,3.62,3.62,3.65,3.57,12656700.0
20260807,000913,钱江摩托,11.65,11.48,11.7,11.38,4693200.0
20260807,000915,华特达因,25.36,25.82,25.83,25.24,2837200.0
20260807,000917,电广传媒,7.04,7.18,7.24,6.85,44387500.0
20260807,000919,金陵药业,6.31,6.45,6.45,6.28,16100600.0
20260807,000920,沃顿科技,11.58,11.6,11.6,11.24,10265800.0
20260807,000921,海信家电,27.0,26.45,27.0,26.35,7983000.0
20260807,000922,佳电股份,11.55,11.84,11.85,11.42,12696200.0
20260807,000923,河钢资源,14.81,14.72,15.08,14.61,16903800.0
20260807,000925,众合科技,7.53,7.62,7.63,7.45,15627500.0
20260807,000926,福星股份,2.18,2.16,2.18,2.1,31139700.0
20260807,000927,中国铁物,2.47,2.44,2.48,2.41,45053200.0
20260807,000928,中钢国际,5.11,5.07,5.12,5.02,14646500.0
20260807,000929,兰州黄河,8.95,8.91,8.95,8.64,2960900.0
20260807,000930,中粮科技,4.75,4.71,4.76,4.64,13372900.0
20260807,000931,中 关 村,4.07,4.14,4.14,4.05,8084800.0
20260807,000932,华菱钢铁,3.75,3.73,3.76,3.69,71842600.0
20260807,000933,神火股份,26.4,26.83,27.13,26.4,60930100.0
20260807,000935,四川双马,22.58,22.18,22.6,21.92,5837000.0
20260807,000936,华西股份,5.29,5.19,5.31,5.15,10067800.0
20260807,000937,冀中能源,4.7,4.68,4.73,4.59,24557600.0
20260807,000938,紫光股份,37.7,38.0,38.62,37.25,304727300.0
20260807,000948,南天信息,15.06,14.8,15.13,14.37,21867700.0
20260807,000949,新乡化纤,6.45,6.56,6.68,6.41,39412800.0
20260807,000950,重药控股,5.3,5.43,5.44,5.28,38150600.0
20260807,000951,中国重汽,21.89,21.57,22.03,21.32,12608900.0
20260807,000952,广济药业,5.84,6.05,6.05,5.79,7951100.0
20260807,000953,中哲精化,5.62,5.72,5.72,5.54,9869200.0
20260807,000955,欣龙控股,4.2,4.21,4.21,4.07,9815500.0
20260807,000957,中通客车,10.15,10.2,10.2,10.02,9723300.0
20260807,000958,电投产融,5.51,5.47,5.51,5.45,17576900.0
20260807,000959,首钢股份,3.78,3.72,3.79,3.7,26816400.0
20260807,000960,锡业股份,39.23,40.34,40.7,38.42,77762900.0
20260807,000962,东方钽业,53.84,55.18,55.4,51.79,47544200.0
20260807,000963,华东医药,27.75,28.99,29.09,27.63,41733400.0
20260807,000965,天保基建,3.17,3.12,3.17,3.05,19638800.0
20260807,000966,长源电力,4.18,4.18,4.2,4.1,46226500.0
20260807,000967,盈峰环境,9.33,9.35,9.37,8.86,170906600.0
20260807,000968,蓝焰控股,7.0,6.94,7.05,6.85,22871900.0
20260807,000969,安泰科技,17.1,17.45,17.48,16.86,35788200.0
20260807,000970,中科三环,13.46,13.69,13.95,13.37,71249700.0
20260807,000972,中基健康,3.43,3.44,3.46,3.34,11393200.0
20260807,000973,佛塑科技,12.41,12.44,12.54,12.23,35632900.0
20260807,000975,山金国际,25.54,26.35,26.42,25.15,62347300.0
20260807,000977,浪潮信息,76.41,77.99,79.3,75.05,93384800.0
20260807,000978,桂林旅游,6.05,6.01,6.05,5.92,6871700.0
20260807,000980,众泰汽车,1.73,1.72,1.73,1.66,97012000.0
20260807,000981,山子高科,2.97,2.98,3.0,2.82,564755000.0
20260807,000983,山西焦煤,6.52,6.61,6.63,6.4,83243800.0
20260807,000985,大庆华科,14.99,14.88,15.02,14.66,1407200.0
20260807,000987,越秀资本,7.75,7.75,7.77,7.65,24463200.0
20260807,000988,华工科技,105.0,106.6,108.56,102.85,88354700.0
20260807,000989,九芝堂,9.01,9.48,9.48,8.96,62502900.0
20260807,000990,诚志股份,6.56,6.73,6.78,6.5,60874400.0
20260807,000993,闽东电力,10.18,10.23,10.24,10.01,9950300.0
20260807,000995,皇台酒业,10.78,10.71,10.78,10.41,11686000.0
20260807,000997,新 大 陆,18.59,18.36,18.59,18.0,25856200.0
20260807,000998,隆平高科,8.22,8.21,8.22,8.07,22465100.0
20260807,000999,华润三九,24.89,25.13,25.23,24.74,11017000.0
20260807,001201,东瑞股份,11.58,11.46,11.6,11.36,2379300.0
20260807,001202,炬申股份,13.21,13.02,13.21,12.84,2238500.0
20260807,001203,大中矿业,27.57,28.25,28.48,26.94,20113400.0
20260807,001205,盛航股份,13.6,13.6,13.7,13.37,2171600.0
20260807,001206,依依股份,16.75,16.74,16.88,16.02,8650900.0
20260807,001207,联科科技,15.65,15.58,15.8,15.48,1831500.0
20260807,001208,华菱线缆,15.26,15.1,15.35,14.9,19947400.0
20260807,001209,洪兴股份,16.71,16.65,16.71,16.3,1268000.0
20260807,001210,金房能源,21.59,21.88,21.96,20.85,11099600.0
20260807,001211,双枪科技,20.81,22.28,22.62,20.21,5930900.0
20260807,001212,中旗新材,34.66,35.68,35.75,33.57,4473500.0
20260807,001213,中铁特货,3.56,3.52,3.56,3.5,7433700.0
20260807,001215,千味央厨,33.4,33.17,33.5,32.65,1424700.0
20260807,001216,华瓷股份,14.24,14.06,14.28,13.89,1968500.0
20260807,001217,华尔泰,9.72,9.68,9.8,9.55,3658800.0
20260807,001218,丽臣实业,23.65,24.48,24.49,23.37,2436300.0
20260807,001219,青岛食品,12.32,12.32,12.35,12.11,1966900.0
20260807,001220,世盟股份,30.0,29.62,30.0,29.12,930200.0
20260807,001221,悍高集团,39.9,40.5,40.8,39.16,2612900.0
20260807,001222,源飞宠物,14.08,14.01,14.08,13.64,3386300.0
20260807,001223,欧克科技,38.22,41.17,41.17,38.0,3287800.0
20260807,001225,和泰机电,45.17,45.04,45.75,43.34,2084800.0
20260807,001226,拓山重工,41.64,41.59,41.73,40.36,415800.0
20260807,001227,兰州银行,2.17,2.14,2.18,2.12,83601200.0
20260807,001228,永泰运,27.38,27.41,27.58,26.93,819700.0
20260807,001229,魅视科技,38.8,40.59,41.83,38.0,11442500.0
20260807,001230,劲旅环境,19.02,19.78,20.06,18.87,7272400.0
20260807,001231,农心科技,19.34,19.35,19.45,19.05,843700.0
20260807,001232,嘉立创,172.0,198.29,204.9,172.0,24219400.0
20260807,001233,海安集团,43.79,44.83,45.13,43.53,1718700.0
20260807,001234,泰慕士,20.42,20.34,20.52,19.86,1026600.0
20260807,001236,弘业期货,7.6,7.51,7.65,7.41,9818000.0
20260807,001237,惠康科技,54.45,54.9,54.93,53.7,1694700.0
20260807,001238,浙江正特,26.49,25.25,27.27,24.29,1469400.0
20260807,001239,永达股份,11.75,11.65,11.75,11.45,1940500.0
20260807,001248,华润新能源,13.26,13.18,13.3,13.03,98681200.0
20260807,001255,博菲电气,24.87,24.85,24.99,24.2,1361900.0
20260807,001256,炜冈科技,27.51,27.89,28.08,27.0,4304900.0
20260807,001257,盛龙股份,25.48,26.66,26.86,25.06,29080700.0
20260807,001258,立新能源,12.2,13.16,13.16,11.85,149081900.0
20260807,001259,利仁科技,46.84,47.25,47.3,45.2,1000100.0
20260807,001260,坤泰股份,16.74,16.73,16.87,16.33,966900.0
20260807,001266,宏英智能,34.25,34.59,34.69,33.38,4077200.0
20260807,001267,汇绿生态,41.01,42.69,42.69,39.59,72100900.0
20260807,001268,联合精密,19.56,19.55,19.8,18.88,2753400.0
20260807,001269,欧晶科技,19.42,19.26,19.67,19.07,2464900.0
20260807,001270,铖昌科技,117.25,118.38,118.88,114.38,9696800.0
20260807,001277,速达股份,28.07,28.26,28.33,27.54,862800.0
20260807,001278,一彬科技,15.3,15.22,15.37,14.9,1537800.0
20260807,001279,强邦新材,24.7,24.83,24.99,24.35,905900.0
20260807,001280,中国铀业,64.76,65.38,66.7,64.66,9071600.0
20260807,001282,三联锻造,16.44,16.17,16.7,16.08,4855800.0
20260807,001283,豪鹏科技,41.67,42.4,42.77,41.03,3275100.0
20260807,001285,瑞立科密,41.98,41.69,41.98,41.17,867900.0
20260807,001286,陕西能源,10.47,10.47,10.48,10.37,17928700.0
20260807,001287,中电港,22.63,23.17,23.25,22.3,26936500.0
20260807,001288,运机集团,28.07,27.8,28.57,27.44,5000800.0
20260807,001289,龙源电力,15.97,15.97,16.08,15.89,5045800.0
20260807,001296,长江材料,18.13,19.94,19.94,17.82,5404600.0
20260807,001298,好上好,17.25,17.53,17.55,17.06,8221100.0
20260807,001299,美能能源,9.96,9.83,9.97,9.72,1911000.0
20260807,001300,三柏硕,10.59,10.52,10.59,10.24,2986500.0
20260807,001301,尚太科技,52.55,52.43,53.02,51.77,4067500.0
20260807,001306,夏厦精密,52.59,52.61,53.12,51.0,577400.0
20260807,001308,康冠科技,19.39,19.15,19.58,19.07,3291300.0
20260807,001309,德明利,388.32,404.16,412.25,388.0,24997300.0
20260807,001311,多利科技,16.51,16.89,16.99,16.12,8049100.0
20260807,001312,福恩股份,17.76,17.77,17.83,17.57,1957500.0
20260807,001313,粤海饲料,7.18,7.29,7.29,7.07,13814900.0
20260807,001314,亿道信息,53.1,53.65,53.86,52.05,3653300.0
20260807,001316,润贝航科,26.4,26.62,26.88,26.08,2045500.0
20260807,001317,三羊马,54.92,53.1,54.96,53.1,5525900.0
20260807,001318,阳光乳业,10.97,10.89,10.97,10.68,3351500.0
20260807,001319,铭科精技,19.32,19.3,19.45,19.08,1298500.0
20260807,001322,箭牌家居,6.15,6.05,6.15,5.97,3522300.0
20260807,001323,慕思股份,16.95,16.9,17.14,16.42,3637300.0
20260807,001324,长青科技,19.24,19.22,19.3,18.97,1511100.0
20260807,001325,元创股份,35.87,35.49,36.08,35.34,1076400.0
20260807,001326,联域股份,57.21,57.68,57.9,55.51,1346300.0
20260807,001328,登康口腔,29.78,30.66,30.86,29.31,3422200.0
20260807,001330,博纳影业,5.16,5.11,5.19,4.93,58299600.0
20260807,001331,胜通能源,52.95,55.47,55.8,52.68,9869500.0
20260807,001332,锡装股份,31.08,31.48,31.58,30.76,2235500.0
20260807,001333,光华股份,19.56,19.23,19.61,19.0,1123000.0
20260807,001335,信凯科技,31.46,31.31,31.46,30.56,720300.0
20260807,001336,楚环科技,17.54,17.65,17.7,17.14,1415200.0
20260807,001337,四川黄金,45.0,47.77,47.77,43.96,28988600.0
20260807,001338,永顺泰,8.72,8.65,8.74,8.49,5085600.0
20260807,001339,智微智能,83.0,84.65,85.16,82.01,15082600.0
20260807,001356,富岭股份,8.59,8.62,8.67,8.46,3255200.0
20260807,001358,兴欣新材,25.5,25.43,25.65,24.87,3709900.0
20260807,001359,平安电工,86.05,89.0,91.77,84.92,7661500.0
20260807,001360,南矿集团,14.78,15.45,15.85,14.57,8820200.0
20260807,001365,天海电子,37.3,37.85,37.86,36.5,6751700.0
20260807,001366,播恩集团,11.59,11.56,11.6,11.26,2637000.0
20260807,001367,海森药业,18.22,18.67,18.68,18.06,1862300.0
20260807,001368,通达创智,21.29,21.24,21.3,20.78,1040900.0
20260807,001369,双欣材料,12.81,12.73,12.86,12.59,9894900.0
20260807,001373,翔腾新材,27.0,27.24,27.4,26.52,1798200.0
20260807,001376,百通能源,11.21,11.03,11.26,10.86,15489500.0
20260807,001378,德冠新材,19.78,20.12,20.3,18.82,11883600.0
20260807,001379,腾达科技,15.59,15.72,15.73,15.31,1764800.0
20260807,001380,华纬科技,16.41,16.34,16.44,16.09,1599700.0
20260807,001382,新亚电缆,17.2,16.98,17.25,16.78,3004600.0
20260807,001386,马可波罗,15.19,15.11,15.19,14.81,4888900.0
20260807,001387,雪祺电气,11.84,11.72,11.84,11.44,2009800.0
20260807,001388,信通电子,22.75,22.99,23.12,22.24,9092800.0
20260807,001389,广合科技,162.3,169.8,172.56,161.0,10758000.0
20260807,001390,古麒绒材,17.92,17.62,17.93,17.41,1563500.0
20260807,001391,国货航,4.25,4.21,4.25,4.16,23972400.0
20260807,001393,维通利,45.37,45.06,46.2,44.84,3253200.0
20260807,001395,亚联机械,29.53,29.25,29.68,28.95,2177200.0
20260807,001396,誉帆科技,34.47,34.79,34.86,33.83,838200.0
20260807,001399,惠科股份,23.79,23.76,24.21,23.23,40299900.0
20260807,001400,江顺科技,76.47,77.7,77.85,73.91,2263300.0
20260807,001696,宗申动力,15.48,15.9,16.48,14.98,107263300.0
20260807,001872,招商港口,22.12,21.66,22.22,21.6,2355900.0
20260807,001896,豫能控股,13.16,13.72,13.8,12.99,106439400.0
20260807,001914,招商积余,8.71,8.71,8.79,8.57,10037100.0
20260807,001965,招商公路,9.52,9.44,9.55,9.39,11645100.0
20260807,001979,招商蛇口,6.97,7.02,7.07,6.81,101120400.0
20260807,002001,新 和 成,30.46,30.59,31.05,30.15,28904700.0
20260807,002003,伟星股份,10.3,10.21,10.43,10.18,9116100.0
20260807,002004,华邦健康,4.36,4.43,4.44,4.33,24384600.0
20260807,002005,德豪润达,2.29,2.24,2.29,2.22,13824600.0
20260807,002006,精工科技,13.85,13.82,13.85,13.58,6686700.0
20260807,002007,华兰生物,13.16,13.43,13.47,13.05,15632800.0
20260807,002008,大族激光,95.2,99.75,101.13,94.75,53821300.0
20260807,002009,天奇股份,17.96,17.81,18.0,17.36,13523700.0
20260807,002010,传化智联,4.86,4.82,4.88,4.76,18953000.0
20260807,002011,盾安环境,10.41,10.35,10.41,10.25,10118000.0
20260807,002012,凯恩股份,6.53,6.58,6.65,6.39,13605600.0
20260807,002014,永新股份,10.94,10.97,11.06,10.86,3136600.0
20260807,002015,协鑫能科,15.68,15.8,15.85,15.4,58466600.0
20260807,002016,世荣兆业,4.5,4.41,4.5,4.32,12732100.0
20260807,002017,东信和平,14.24,13.97,14.26,13.65,27492400.0
20260807,002019,亿帆医药,10.05,10.34,10.35,10.02,17153400.0
20260807,002020,京新药业,13.65,14.38,14.38,13.59,33278100.0
20260807,002021,中捷资源,2.7,2.7,2.71,2.64,30672500.0
20260807,002022,科华生物,5.21,5.29,5.29,5.13,6337000.0
20260807,002023,海特高新,10.42,10.7,10.8,10.39,28472600.0
20260807,002025,航天电器,65.25,65.77,66.48,63.84,16148200.0
20260807,002026,山东威达,10.37,10.4,10.46,10.23,4445300.0
20260807,002027,分众传媒,5.1,5.14,5.15,5.05,156562500.0
20260807,002028,思源电气,159.88,161.4,162.07,156.74,9442200.0
20260807,002029,七 匹 狼,8.93,8.9,9.15,8.56,25833200.0
20260807,002030,达安基因,5.55,5.61,5.61,5.45,25680200.0
20260807,002031,巨轮智能,5.36,5.24,5.37,5.17,70274200.0
20260807,002032,苏 泊 尔,41.08,41.11,41.41,40.85,1990900.0
20260807,002033,丽江股份,8.67,8.66,8.71,8.57,11531400.0
20260807,002034,旺能环境,13.98,14.07,14.08,13.89,7130800.0
20260807,002035,华帝股份,4.83,4.79,4.83,4.74,7933100.0
20260807,002036,联创电子,7.43,7.29,7.47,7.2,59514100.0
20260807,002037,保利联合,7.33,7.69,7.69,7.12,23402500.0
20260807,002038,双鹭药业,5.68,5.91,5.91,5.65,49384900.0
20260807,002039,黔源电力,19.67,19.76,19.83,19.51,5778600.0
20260807,002040,南 京 港,8.12,8.08,8.12,8.01,4339700.0
20260807,002041,登海种业,9.0,8.91,9.0,8.73,28297000.0
20260807,002042,华孚时尚,3.84,3.82,3.84,3.73,22363100.0
20260807,002043,兔 宝 宝,12.57,12.38,12.59,12.35,11796500.0
20260807,002044,美年健康,4.8,4.82,4.83,4.68,88914800.0
20260807,002045,国光电器,8.76,8.9,9.26,8.67,59376400.0
20260807,002046,国机精工,46.63,47.35,47.82,45.21,14030100.0
20260807,002047,宝鹰股份,3.33,3.18,3.36,3.17,44216400.0
20260807,002048,宁波华翔,19.09,19.4,19.48,18.75,16562000.0
20260807,002049,紫光国微,66.46,67.22,67.35,65.42,27680500.0
20260807,002050,三花智控,38.71,39.12,39.16,38.13,60420300.0
20260807,002051,中工国际,9.13,9.22,9.24,9.07,26011200.0
20260807,002052,同洲电子,9.83,9.75,9.99,9.37,27772200.0
20260807,002053,云南能投,9.65,9.64,9.66,9.46,5995400.0
20260807,002054,德美化工,7.26,7.12,7.26,7.05,9840900.0
20260807,002056,横店东磁,21.66,22.2,22.4,21.5,37787800.0
20260807,002057,中钢天源,8.53,8.73,8.73,8.44,28108100.0
20260807,002058,紫竹高科,16.5,17.05,17.86,16.4,6053200.0
20260807,002059,云南旅游,4.49,4.44,4.49,4.37,8128400.0
20260807,002060,广东建工,3.35,3.31,3.37,3.28,17812300.0
20260807,002061,浙江交科,3.54,3.51,3.54,3.48,17968400.0
20260807,002062,宏润建设,7.95,8.09,8.15,7.88,12551800.0
20260807,002063,远光软件,5.7,5.57,5.71,5.5,42989800.0
20260807,002064,华峰化学,11.82,12.03,12.22,11.66,56495200.0
20260807,002065,东华软件,7.45,7.35,7.47,7.16,54059500.0
20260807,002066,瑞泰科技,20.82,20.59,20.9,20.45,2508000.0
20260807,002067,景兴纸业,4.6,4.57,4.64,4.46,62958600.0
20260807,002068,黑猫股份,8.28,8.06,8.33,7.92,32318200.0
20260807,002069,獐子岛,3.26,3.22,3.26,3.16,10770100.0
20260807,002072,凯瑞德,7.37,7.19,7.37,7.07,5402900.0
20260807,002073,软控股份,5.65,5.62,5.66,5.55,14166500.0
20260807,002074,国轩高科,27.65,27.69,27.81,27.12,23301600.0
20260807,002075,沙钢股份,4.09,3.96,4.1,3.94,44432500.0
20260807,002076,星光股份,2.09,2.04,2.09,2.0,34801800.0
20260807,002077,大港股份,12.8,12.79,12.84,12.35,38835600.0
20260807,002078,太阳纸业,13.9,13.75,13.95,13.68,17934400.0
20260807,002079,苏州固锝,9.55,9.71,9.78,9.41,43899800.0
20260807,002080,中材科技,52.1,56.56,56.67,51.21,85332700.0
20260807,002081,金 螳 螂,3.99,3.95,4.0,3.83,98593200.0
20260807,002083,孚日股份,11.77,11.72,11.84,11.45,61678500.0
20260807,002084,海鸥住工,3.54,3.48,3.58,3.43,18828400.0
20260807,002085,万丰奥威,10.73,10.66,10.77,10.5,28088700.0
20260807,002086,东方海洋,1.87,1.88,1.89,1.82,37344600.0
20260807,002088,鲁阳节能,7.64,7.48,7.64,7.39,2215900.0
20260807,002090,金智科技,9.43,9.37,9.44,9.23,6433600.0
20260807,002091,江苏国泰,7.7,7.62,7.72,7.59,11422100.0
20260807,002092,中泰化学,4.47,4.48,4.54,4.41,45961600.0
20260807,002093,国脉科技,7.07,6.94,7.09,6.8,15751200.0
20260807,002094,青岛金王,4.8,4.73,4.81,4.63,16815100.0
20260807,002095,生 意 宝,14.48,14.14,14.5,13.9,3441900.0
20260807,002096,易普力,9.85,9.54,9.87,9.52,14815000.0
20260807,002097,山河智能,7.35,7.25,7.36,7.16,18961200.0
20260807,002098,浔兴股份,6.76,6.71,6.76,6.57,4599500.0
20260807,002099,海翔药业,5.29,5.36,5.39,5.26,15152700.0
20260807,002100,天康生物,7.01,7.08,7.25,6.94,22117900.0
20260807,002101,广东鸿图,8.86,8.74,8.89,8.64,5382600.0
20260807,002103,广博股份,6.58,6.64,6.65,6.44,12275200.0
20260807,002104,恒宝股份,11.83,11.16,12.0,10.87,117875700.0
20260807,002105,信隆健康,5.54,5.49,5.54,5.37,6731900.0
20260807,002106,莱宝高科,10.38,10.64,10.68,10.34,25072300.0
20260807,002107,沃华医药,6.06,6.3,6.3,6.05,17196300.0
20260807,002108,沧州明珠,4.34,4.32,4.34,4.28,15654300.0
20260807,002110,三钢闽光,3.17,3.13,3.17,3.05,28812700.0
20260807,002111,威海广泰,9.53,9.59,9.6,9.41,6579500.0
20260807,002112,三变科技,16.3,16.09,16.3,15.7,25889800.0
20260807,002114,罗平锌电,7.16,7.22,7.25,7.07,11379400.0
20260807,002115,三维通信,11.88,11.93,12.1,11.63,71713900.0
20260807,002116,中国海诚,7.05,6.99,7.06,6.93,3676600.0
20260807,002117,东港股份,8.33,8.1,8.33,7.98,8651500.0
20260807,002119,康强电子,23.12,24.04,24.29,22.75,58516700.0
20260807,002120,韵达股份,6.68,6.71,6.72,6.61,33456800.0
20260807,002121,科陆电子,5.21,5.15,5.23,5.08,22727600.0
20260807,002123,梦网科技,8.94,8.41,8.95,8.2,40844900.0
20260807,002124,天邦食品,2.24,2.22,2.24,2.18,48713200.0
20260807,002125,湘潭电化,12.58,12.54,12.66,12.4,18085900.0
20260807,002126,银轮股份,40.93,41.31,41.83,40.15,15018300.0
20260807,002127,南极电商,3.1,3.19,3.22,3.04,86193600.0
20260807,002128,电投能源,27.6,27.64,27.9,27.41,10917500.0
20260807,002129,TCL中环,8.78,8.9,9.0,8.78,100787800.0
20260807,002130,沃尔核材,17.28,17.23,17.62,17.1,29790300.0
20260807,002131,利欧股份,5.41,5.46,5.5,5.18,771909800.0
20260807,002132,恒星科技,4.13,4.19,4.21,4.05,52950500.0
20260807,002133,广宇集团,2.63,2.6,2.65,2.54,10159200.0
20260807,002134,天津普林,20.97,22.55,22.77,20.97,13293600.0
20260807,002135,东南网架,6.44,6.43,6.48,6.27,9904800.0
20260807,002136,安 纳 达,12.2,12.15,12.26,12.07,4644100.0
20260807,002137,实益达,7.87,8.02,8.07,7.79,31710600.0
20260807,002138,顺络电子,47.71,49.79,50.07,46.83,39898500.0
20260807,002139,拓邦股份,10.21,10.24,10.32,10.11,18366100.0
20260807,002140,东华科技,9.13,9.12,9.13,8.98,5321500.0
20260807,002141,贤丰控股,5.64,6.11,6.3,5.63,332039600.0
20260807,002142,宁波银行,31.66,31.48,31.73,31.2,29668400.0
20260807,002144,宏达高科,10.5,10.49,10.57,10.38,3798900.0
20260807,002145,钛能化学,4.54,4.49,4.55,4.45,43186700.0
20260807,002146,荣盛发展,1.12,1.11,1.13,1.1,59650700.0
20260807,002148,北纬科技,6.48,6.41,6.49,6.24,18281600.0
20260807,002149,西部材料,39.1,39.24,39.45,37.89,37918300.0
20260807,002150,正泰电源,21.33,22.14,22.33,21.01,9389300.0
20260807,002151,北斗星通,29.52,29.68,29.75,28.94,13961600.0
20260807,002152,广电运通,10.33,10.21,10.36,10.07,31282400.0
20260807,002153,石基信息,8.5,8.22,8.5,8.13,43063600.0
20260807,002154,报 喜 鸟,4.15,4.1,4.16,4.03,33401900.0
20260807,002155,湖南黄金,25.13,25.78,25.83,24.65,74626500.0
20260807,002156,通富微电,60.94,64.72,65.78,59.86,162724900.0
20260807,002157,正邦科技,2.92,2.9,2.93,2.88,81935100.0
20260807,002158,汉钟精机,28.39,28.08,28.39,27.36,14728700.0
20260807,002159,三特索道,13.18,13.13,13.2,12.88,2582400.0
20260807,002160,常铝股份,3.88,3.93,3.93,3.83,23212300.0
20260807,002161,远 望 谷,5.81,5.92,6.05,5.7,29326900.0
20260807,002162,悦心健康,4.03,4.0,4.04,3.91,12164500.0
20260807,002163,海南发展,8.31,8.26,8.31,8.05,21931700.0
20260807,002164,宁波东力,11.45,11.44,11.68,11.25,8518700.0
20260807,002165,红 宝 丽,6.7,6.62,6.73,6.53,36592500.0
20260807,002166,莱茵生物,6.65,6.77,6.77,6.6,12730100.0
20260807,002167,东方锆业,17.0,17.22,17.33,16.43,122158400.0
20260807,002169,智光电气,12.8,12.91,12.99,12.65,24981300.0
20260807,002170,芭田股份,11.53,11.56,11.64,11.38,18363600.0
20260807,002171,楚江新材,9.9,10.04,10.05,9.74,53625600.0
20260807,002172,澳洋健康,3.26,3.29,3.3,3.19,16260200.0
20260807,002173,创新医疗,21.09,21.69,22.74,20.8,85072400.0
20260807,002174,游族网络,11.85,11.8,11.94,11.41,27850300.0
20260807,002176,江特电机,9.36,9.35,9.46,9.01,81813800.0
20260807,002177,御银股份,5.92,5.82,5.95,5.69,55336400.0
20260807,002178,延华智能,4.59,4.5,4.59,4.41,11735700.0
20260807,002179,中航光电,34.61,35.46,35.74,34.35,35419100.0
20260807,002180,奔图科技,20.01,18.8,20.6,18.6,60214800.0
20260807,002181,粤 传 媒,9.18,9.13,9.24,8.84,66526000.0
20260807,002182,宝武镁业,12.75,12.7,12.79,12.48,26219800.0
20260807,002183,怡 亚 通,4.67,4.63,4.69,4.56,45905600.0
20260807,002184,海得控制,9.78,9.89,9.89,9.64,5739700.0
20260807,002185,华天科技,17.27,17.98,18.05,17.12,434953500.0
20260807,002186,全 聚 德,9.26,9.16,9.27,9.01,3406800.0
20260807,002187,广百股份,5.3,5.25,5.33,5.18,11800100.0
20260807,002188,中天服务,5.27,5.22,5.3,5.1,10549500.0
20260807,002189,中光学,18.6,18.67,18.8,18.3,2628300.0
20260807,002190,成飞集成,23.39,23.2,23.41,22.84,4153800.0
20260807,002191,劲嘉股份,3.73,3.75,3.76,3.71,12088100.0
20260807,002192,融捷股份,67.85,69.49,71.08,65.91,21729700.0
20260807,002194,武汉凡谷,10.49,11.1,11.1,10.46,61548000.0
20260807,002195,岩山科技,6.85,7.01,7.22,6.68,292827000.0
20260807,002196,方正电机,11.26,11.12,11.28,10.89,24007700.0
20260807,002197,证通电子,7.2,7.19,7.21,6.97,45384000.0
20260807,002199,东晶电子,13.89,13.75,14.16,13.3,17400000.0
20260807,002200,交投生态,6.91,6.87,6.93,6.77,4291700.0
20260807,002201,九鼎新材,8.31,8.48,8.5,8.1,24441200.0
20260807,002202,金风科技,20.43,21.8,21.88,20.43,194399000.0
20260807,002203,海亮股份,19.89,20.8,20.96,19.12,53165500.0
20260807,002204,大连重工,5.34,5.35,5.39,5.26,23581600.0
20260807,002205,国统股份,10.43,10.29,10.44,10.08,2475400.0
20260807,002206,海 利 得,5.41,5.38,5.41,5.32,10584100.0
20260807,002208,合肥城建,11.39,11.44,11.5,10.94,48602500.0
20260807,002209,达 意 隆,10.81,10.98,10.99,10.67,4020100.0
20260807,002210,飞马国际,2.27,2.24,2.27,2.19,67988000.0
20260807,002212,天融信,8.01,6.8,8.01,6.74,170283400.0
20260807,002213,大为股份,29.32,30.17,30.26,28.79,19649100.0
20260807,002214,大立科技,16.34,15.86,16.35,15.36,27601700.0
20260807,002215,诺 普 信,9.12,9.14,9.19,9.01,11717800.0
20260807,002216,三全食品,12.85,12.84,12.91,12.55,6866900.0
20260807,002218,拓日新能,4.11,4.1,4.18,4.02,42811000.0
20260807,002219,新里程,2.1,2.14,2.14,2.06,90851600.0
20260807,002221,东华能源,5.66,5.56,5.68,5.44,25635500.0
20260807,002222,福晶科技,60.2,62.07,62.22,59.08,33102500.0
20260807,002223,鱼跃医疗,26.89,27.34,27.35,26.72,10722000.0
20260807,002224,三 力 士,3.53,3.51,3.54,3.44,9587400.0
20260807,002225,濮耐股份,3.74,3.76,3.76,3.66,18491100.0
20260807,002226,江南化工,5.1,5.07,5.17,5.04,29503100.0
20260807,002228,合兴包装,3.12,3.08,3.12,3.03,16444500.0
20260807,002229,鸿博股份,10.8,10.58,10.81,10.38,26914600.0
20260807,002230,科大讯飞,43.43,43.53,43.86,42.45,52262100.0
20260807,002232,启明信息,14.81,14.59,14.82,14.34,5113400.0
20260807,002233,塔牌集团,7.52,7.41,7.52,7.3,17884100.0
20260807,002234,民和股份,7.23,7.24,7.26,7.1,3653100.0
20260807,002235,安妮股份,8.37,8.44,8.45,7.9,35841400.0
20260807,002236,大华股份,16.95,16.84,17.0,16.68,33969400.0
20260807,002237,恒邦股份,13.9,14.25,14.28,13.75,36611300.0
20260807,002238,天威视讯,6.14,6.02,6.14,5.93,4886300.0
20260807,002239,奥特佳,2.52,2.51,2.52,2.48,44726500.0
20260807,002240,盛新锂能,31.48,32.05,32.31,30.6,48035900.0
20260807,002241,歌尔股份,23.44,23.29,23.9,23.16,83806100.0
20260807,002242,九阳股份,9.0,8.77,9.0,8.65,9099900.0
20260807,002243,力合科创,7.26,7.29,7.33,7.16,14399000.0
20260807,002244,滨江集团,8.55,8.5,8.57,8.33,23972300.0
20260807,002245,蔚蓝锂芯,17.06,17.65,18.03,16.81,106409800.0
20260807,002246,北化股份,20.0,19.88,20.06,19.58,12595700.0
20260807,002247,聚力文化,2.26,2.27,2.27,2.18,24710000.0
20260807,002248,华东数控,9.1,9.14,9.22,8.92,10511000.0
20260807,002249,大洋电机,7.5,7.4,7.52,7.34,35248300.0
20260807,002250,联化科技,16.04,16.57,16.66,15.78,24093600.0
20260807,002251,步步高,3.68,3.66,3.69,3.58,66308700.0
20260807,002252,上海莱士,4.9,5.04,5.05,4.83,72025500.0
20260807,002253,川大智胜,10.03,9.89,10.1,9.78,5814300.0
20260807,002254,泰和新材,12.36,12.53,12.59,12.07,25815000.0
20260807,002255,海陆重工,8.55,8.54,8.58,8.4,14286600.0
20260807,002256,兆新股份,3.38,3.38,3.39,3.29,37622000.0
20260807,002258,利尔化学,14.15,14.09,14.32,13.77,30245800.0
20260807,002259,升达林业,3.98,4.01,4.06,3.91,15303100.0
20260807,002261,拓维信息,27.4,27.19,27.62,26.62,44645200.0
20260807,002262,恩华药业,21.51,21.84,21.9,21.24,13361000.0
20260807,002263,大东南,3.06,3.04,3.06,2.95,43059100.0
20260807,002264,新 华 都,6.59,6.56,6.62,6.4,18287500.0
20260807,002265,建设工业,18.75,18.98,19.04,18.47,11523000.0
20260807,002266,浙富控股,5.0,5.05,5.07,4.99,61898800.0
20260807,002267,陕天然气,7.15,7.08,7.16,7.06,6433400.0
20260807,002268,电科网安,14.89,14.37,14.9,14.12,18467200.0
20260807,002269,美邦服饰,1.44,1.42,1.44,1.39,44245700.0
20260807,002270,华明装备,20.4,20.17,20.47,19.93,17240800.0
20260807,002271,东方雨虹,11.61,11.61,11.69,11.44,32655800.0
20260807,002272,川润股份,14.62,14.78,14.85,14.25,25491500.0
20260807,002273,水晶光电,27.28,27.63,27.9,26.7,52083800.0
,002274,华昌化工,5.56,5.6,5.62,5.5,20501100.0
20260807,002275,桂林三金,13.09,13.36,13.37,13.06,2202200.0
20260807,002276,万马股份,10.5,10.43,10.52,10.29,16872200.0
20260807,002277,友阿股份,5.8,5.72,5.8,5.64,15074200.0
20260807,002278,神开股份,7.99,7.88,8.0,7.78,7793900.0
20260807,002279,久其软件,6.9,6.83,6.97,6.61,63424100.0
20260807,002281,光迅科技,182.0,193.04,193.04,181.11,69983000.0
20260807,002282,博深股份,5.84,5.84,5.88,5.75,3634000.0
20260807,002283,天润工业,8.91,9.06,9.09,8.76,17445600.0
20260807,002284,亚太股份,9.55,9.48,9.58,9.29,18559300.0
20260807,002285,世联行,2.15,2.12,2.15,2.06,37626900.0
20260807,002286,保龄宝,8.01,8.0,8.04,7.9,7303100.0
20260807,002287,奇正藏药,20.48,20.98,20.98,20.26,3230200.0
20260807,002289,宇顺电子,33.51,34.09,34.17,32.9,4737900.0
20260807,002290,禾盛新材,57.0,61.01,62.15,56.89,10546400.0
20260807,002291,遥望科技,5.67,5.57,5.73,5.4,57442100.0
20260807,002292,奥飞娱乐,8.12,8.15,8.2,7.94,42909400.0
20260807,002293,罗莱生活,11.08,11.2,11.2,10.87,7728200.0
20260807,002294,信立泰,33.81,36.03,36.08,33.8,41120800.0
20260807,002295,精艺股份,8.76,8.69,8.82,8.47,4813100.0
20260807,002296,辉煌科技,9.07,9.0,9.07,8.88,8817700.0
20260807,002297,博云新材,18.9,19.2,19.32,18.24,80476000.0
20260807,002298,中电鑫龙,8.48,8.49,8.59,8.27,50300200.0
20260807,002299,圣农发展,16.53,16.51,16.64,16.41,5609800.0
20260807,002300,太阳电缆,7.29,7.18,7.3,7.08,23314800.0
20260807,002301,齐心集团,7.03,7.07,7.1,6.8,13107600.0
20260807,002302,西部建设,5.09,4.86,5.17,4.76,34554900.0
20260807,002303,美盈森,5.42,5.34,5.59,5.26,103734100.0
20260807,002304,洋河股份,40.86,40.84,40.96,40.22,7458900.0
20260807,002307,北新路桥,3.11,3.03,3.11,2.98,33528000.0
20260807,002309,中利集团,3.24,3.25,3.27,3.15,167482200.0
20260807,002310,东方新能,2.47,2.48,2.49,2.4,124706400.0
20260807,002311,海大集团,47.26,45.91,47.36,45.58,17429800.0
20260807,002312,川发龙蟒,8.46,8.45,8.49,8.35,14870400.0
20260807,002313,日海智能,8.44,8.2,8.45,8.08,9109500.0
20260807,002314,南山控股,2.14,2.09,2.14,2.06,34727000.0
20260807,002315,焦点科技,27.51,27.3,27.58,26.49,13587900.0
20260807,002316,亚联发展,4.51,4.39,4.52,4.3,15280600.0
20260807,002317,众生药业,27.48,28.58,28.68,27.12,52437500.0
20260807,002318,久立特材,19.9,19.97,20.04,19.7,6802200.0
20260807,002319,乐通股份,11.35,11.48,11.55,10.6,20354000.0
20260807,002320,海峡股份,6.8,6.72,6.83,6.65,13825200.0
20260807,002321,华英农业,1.92,1.9,1.92,1.86,24379000.0
20260807,002322,理工能科,10.8,10.68,10.8,10.52,3188100.0
20260807,002324,普利特,9.32,9.4,9.41,9.12,18009700.0
20260807,002326,永太科技,19.31,19.5,19.58,19.0,34200500.0
20260807,002327,富安娜,6.49,6.51,6.52,6.42,5176700.0
20260807,002328,新朋股份,7.08,7.21,7.25,6.95,51437900.0
20260807,002329,皇氏集团,3.2,3.15,3.22,3.07,44316700.0
20260807,002330,得利斯,3.85,3.82,3.85,3.73,7761600.0
20260807,002331,皖通科技,7.04,6.97,7.06,6.82,6219600.0
20260807,002332,仙琚制药,8.49,8.54,8.55,8.39,12362600.0
20260807,002333,罗普斯金,5.47,5.46,5.48,5.29,8890400.0
20260807,002334,英威腾,6.69,6.66,6.71,6.55,9308300.0
20260807,002335,科华数据,30.99,31.25,31.41,30.46,20996000.0
20260807,002337,赛象科技,4.61,4.57,4.62,4.49,6712700.0
20260807,002338,奥普光电,41.93,42.45,42.51,41.25,7097800.0
20260807,002339,积成电子,7.29,7.22,7.34,7.11,12348000.0
20260807,002340,格林美,6.93,6.84,7.0,6.8,142778100.0
20260807,002342,巨力索具,8.18,8.3,8.31,8.0,53591100.0
20260807,002343,慈文传媒,5.16,5.11,5.19,4.95,11119300.0
20260807,002344,海宁皮城,3.77,3.75,3.77,3.7,9616900.0
20260807,002345,潮宏基,10.69,10.59,10.77,10.36,20568400.0
20260807,002346,柘中股份,20.19,20.47,20.67,20.17,6625700.0
20260807,002347,泰尔股份,5.96,5.91,5.99,5.78,10802700.0
20260807,002348,高乐股份,11.9,12.17,12.21,11.59,53257500.0
20260807,002349,精华制药,6.66,6.87,6.87,6.63,18055400.0
20260807,002350,北京科锐,16.37,16.5,16.57,15.95,13971900.0
20260807,002351,漫步者,10.3,10.16,10.36,10.07,8485600.0
20260807,002352,顺丰控股,33.68,33.3,33.68,33.18,21985900.0
20260807,002353,杰瑞股份,144.57,145.12,147.76,143.33,12394200.0
20260807,002354,天娱数科,8.0,8.03,8.16,7.68,380300300.0
20260807,002355,兴民智通,4.91,4.71,5.01,4.54,89575400.0
20260807,002356,鹏飞绿能,2.73,2.7,2.73,2.66,16018300.0
20260807,002357,富临运业,8.98,8.89,9.02,8.77,5200300.0
20260807,002358,森源电气,5.62,5.59,5.63,5.5,15666200.0
20260807,002361,神剑股份,11.6,11.96,12.1,11.45,181638800.0
20260807,002362,汉王科技,16.1,15.93,16.26,15.59,5476400.0
20260807,002363,隆基机械,6.43,6.37,6.43,6.25,4426600.0
20260807,002364,中恒电气,38.91,40.08,40.86,38.0,34379200.0
20260807,002365,永安药业,12.9,13.85,14.2,12.8,55798400.0
20260807,002366,融发核电,6.31,6.18,6.34,6.06,108127700.0
20260807,002367,康力电梯,5.41,5.4,5.43,5.3,9694600.0
20260807,002368,太极股份,14.77,14.46,14.8,14.1,11595900.0
20260807,002369,卓翼科技,6.37,5.94,6.52,5.84,76545000.0
20260807,002370,亚太药业,5.13,5.28,5.29,5.08,35779800.0
20260807,002371,北方华创,740.5,751.99,762.43,736.92,8536000.0
20260807,002372,伟星新材,8.72,8.64,8.86,8.58,17791600.0
20260807,002373,千方科技,7.99,7.83,8.04,7.74,23889600.0
20260807,002374,中锐股份,3.17,3.26,3.26,3.07,42239500.0
20260807,002375,亚厦股份,3.52,3.49,3.52,3.43,15102000.0
20260807,002376,新北洋,6.99,6.59,7.0,6.45,61730700.0
20260807,002377,国创高新,2.62,2.6,2.63,2.56,18211800.0
20260807,002378,章源钨业,25.6,27.03,27.6,25.33,82337300.0
20260807,002379,宏桥控股,18.75,19.76,20.12,18.73,80745000.0
20260807,002380,科远智慧,29.33,29.0,29.33,28.25,5297700.0
20260807,002381,双箭股份,5.32,5.33,5.37,5.22,4175400.0
20260807,002382,蓝帆医疗,5.87,5.98,5.98,5.84,15245100.0
20260807,002383,合众思壮,7.07,6.99,7.08,6.86,9114900.0
20260807,002384,东山精密,190.0,195.27,202.18,190.0,102348600.0
20260807,002385,大北农,3.02,2.99,3.03,2.96,55974900.0
20260807,002386,天原股份,5.99,5.92,6.06,5.9,18880500.0
20260807,002387,维信诺,7.18,7.09,7.21,7.05,13349500.0
20260807,002388,新亚制程,5.0,5.22,5.24,4.9,51370100.0
20260807,002389,航天彩虹,18.67,18.47,18.8,18.2,31718900.0
20260807,002390,信邦制药,2.93,3.04,3.04,2.91,40048800.0
20260807,002391,长青股份,5.28,5.24,5.28,5.18,5674000.0
20260807,002392,北京利尔,7.33,7.5,7.55,7.22,15701000.0
20260807,002393,力生制药,14.27,14.78,14.78,14.01,5317600.0
20260807,002394,联发股份,9.58,9.66,9.76,9.42,4949100.0
20260807,002395,双象股份,12.36,12.28,12.36,12.09,2126200.0
20260807,002396,星网锐捷,28.75,29.6,30.05,28.35,89934900.0
20260807,002397,梦洁股份,3.5,3.44,3.52,3.42,13222400.0
20260807,002398,垒知集团,4.07,4.09,4.32,3.93,35123600.0
20260807,002399,海普瑞,9.66,9.96,9.96,9.61,6629700.0
20260807,002400,省广集团,6.86,6.91,6.97,6.69,104163800.0
20260807,002401,中远海科,12.58,12.32,12.6,12.12,4625700.0
20260807,002402,和而泰,21.3,21.48,21.48,20.9,31459700.0
20260807,002403,爱仕达,9.6,9.6,9.67,9.33,4655500.0
20260807,002404,嘉欣丝绸,5.91,5.88,5.92,5.81,7603900.0
20260807,002405,四维图新,6.71,6.64,6.75,6.47,62911100.0
20260807,002406,远东传动,6.79,6.76,6.82,6.68,9058500.0
20260807,002407,多氟多,36.2,36.54,38.6,35.2,297785800.0
20260807,002408,齐翔腾达,5.06,5.15,5.16,5.01,29556800.0
20260807,002409,雅克科技,145.01,148.78,150.95,142.51,31628500.0
20260807,002410,广联达,9.63,9.39,9.68,9.22,33759000.0
20260807,002412,汉森制药,6.95,7.27,7.27,6.91,52580400.0
20260807,002413,雷科防务,8.69,9.17,9.52,8.52,166164400.0
20260807,002414,高德红外,13.46,14.06,14.2,13.32,113135300.0
20260807,002415,海康威视,37.26,37.24,37.46,36.86,85570400.0
20260807,002416,爱施德,9.7,9.59,9.75,9.38,22195000.0
20260807,002418,康盛股份,3.75,3.81,3.99,3.61,93473600.0
20260807,002419,天虹股份,4.56,4.51,4.6,4.46,9570900.0
20260807,002420,毅昌科技,5.72,5.63,5.73,5.57,10231200.0
20260807,002421,达实智能,3.4,3.41,3.48,3.27,359705100.0
20260807,002422,科伦药业,42.46,45.44,45.75,42.35,45272700.0
20260807,002423,中粮资本,9.15,9.11,9.17,9.0,14891800.0
20260807,002425,凯撒文化,3.82,3.48,3.82,3.44,205194300.0
20260807,002426,胜利精密,2.76,2.75,2.77,2.66,87227500.0
20260807,002427,尤夫股份,4.37,4.33,4.39,4.26,9025400.0
20260807,002428,云南锗业,97.0,100.08,100.08,95.5,119307700.0
20260807,002429,兆驰股份,8.03,8.15,8.25,7.91,83296000.0
20260807,002430,杭氧股份,24.15,23.99,24.35,23.81,16082600.0
20260807,002432,九安医疗,70.68,72.62,74.6,70.2,51599800.0
20260807,002434,万里扬,5.77,5.78,5.79,5.65,16672000.0
20260807,002436,兴森科技,32.0,33.8,34.5,31.5,135326400.0
20260807,002437,誉衡药业,2.83,3.12,3.12,2.82,228290300.0
20260807,002438,江苏神通,14.38,13.99,14.4,13.81,20784000.0
20260807,002439,启明星辰,14.69,14.42,14.85,14.25,44583700.0
20260807,002440,闰土股份,13.05,13.25,13.48,12.8,67360100.0
20260807,002441,众业达,7.91,7.91,7.97,7.79,4536800.0
20260807,002442,龙星科技,4.98,4.93,5.01,4.87,7325600.0
20260807,002443,金洲管道,8.79,9.33,9.33,8.7,12563200.0
20260807,002444,巨星科技,30.34,30.04,30.61,30.01,7379600.0
20260807,002445,中南文化,2.97,2.95,2.99,2.88,54121600.0
20260807,002446,盛路通信,9.0,9.2,9.56,8.98,81803000.0
20260807,002448,中原内配,12.22,12.15,12.47,11.99,19291900.0
20260807,002449,国星光电,6.42,6.37,6.45,6.31,6286400.0
20260807,002451,摩恩电气,7.33,7.22,7.33,7.11,9963200.0
20260807,002452,长高电气,11.47,11.5,11.53,11.23,15330000.0
20260807,002453,华软科技,4.39,4.28,4.39,4.2,14317200.0
20260807,002454,松芝股份,5.06,4.96,5.15,4.9,11363700.0
20260807,002455,百川股份,7.08,7.05,7.09,6.87,33279400.0
20260807,002456,欧菲光,7.99,7.62,8.05,7.58,155397800.0
20260807,002457,青龙管业,10.86,10.83,10.86,10.63,18149000.0
20260807,002458,益生股份,8.98,9.08,9.09,8.89,28721200.0
20260807,002459,晶澳科技,7.72,7.72,7.84,7.62,42958100.0
20260807,002460,赣锋锂业,52.6,52.82,53.08,51.46,40633300.0
20260807,002461,珠江啤酒,8.8,8.69,8.8,8.63,5559600.0
20260807,002462,嘉事堂,11.85,11.89,11.95,11.76,2743200.0
20260807,002463,沪电股份,119.54,125.87,127.77,119.54,79745100.0
20260807,002465,海格通信,10.75,10.85,10.89,10.46,57694700.0
20260807,002466,天齐锂业,47.69,47.87,48.15,46.53,52581200.0
20260807,002467,二六三,4.9,4.81,5.03,4.73,56706600.0
20260807,002468,申通快递,13.86,14.58,14.66,13.8,33332700.0
20260807,002469,三维化学,5.88,5.75,5.89,5.65,9477400.0
20260807,002470,金正大,1.95,1.95,1.96,1.9,65823700.0
20260807,002471,中超控股,5.74,5.8,5.8,5.63,57665500.0
20260807,002472,双环传动,39.28,39.28,39.55,38.16,24227700.0
20260807,002474,榕基软件,6.56,6.4,6.59,6.21,39446100.0
20260807,002475,立讯精密,56.13,56.99,58.0,55.88,162640600.0
20260807,002476,新叶股份,4.58,4.52,4.58,4.43,6923300.0
20260807,002478,常宝股份,6.31,6.32,6.35,6.23,9230800.0
20260807,002479,富春环保,5.58,5.62,5.68,5.52,16970600.0
20260807,002480,新筑股份,5.53,5.54,5.57,5.43,7947000.0
20260807,002481,双塔食品,4.14,4.11,4.14,4.04,7765400.0
20260807,002482,广田集团,1.27,1.25,1.27,1.23,45862100.0
20260807,002483,润邦股份,5.21,5.16,5.21,5.1,13791600.0
20260807,002484,江海股份,64.77,67.58,69.34,64.04,57373800.0
20260807,002486,嘉麟杰,2.37,2.35,2.37,2.29,23284700.0
20260807,002487,大金重工,41.53,42.12,42.42,41.12,22252900.0
20260807,002488,金固股份,9.07,8.79,9.16,8.6,34717000.0
20260807,002489,浙江永强,2.73,2.7,2.73,2.65,23881500.0
20260807,002490,山东墨龙,7.72,7.77,7.82,7.56,54622600.0
20260807,002491,通鼎互联,16.8,17.26,17.42,16.33,176753700.0
20260807,002492,恒基达鑫,5.62,5.53,5.65,5.43,6332800.0
20260807,002493,荣盛石化,13.12,13.23,13.59,12.97,67007500.0
20260807,002494,华斯股份,4.64,4.63,4.66,4.52,10970800.0
20260807,002495,佳隆股份,2.29,2.29,2.3,2.23,18199900.0
20260807,002496,辉丰股份,2.05,1.99,2.05,1.96,22338000.0
20260807,002497,雅化集团,18.7,18.45,18.77,18.05,36222400.0
20260807,002498,汉缆股份,6.8,6.82,6.82,6.61,127020700.0
20260807,002500,山西证券,5.36,5.34,5.36,5.3,14818700.0
20260807,002506,协鑫集成,2.69,2.68,2.77,2.63,235736300.0
20260807,002507,涪陵榨菜,11.54,11.46,11.56,11.36,14164500.0
20260807,002508,老板电器,15.4,15.25,15.44,15.0,12261200.0
20260807,002510,天汽模,5.67,5.62,5.68,5.54,15406400.0
20260807,002511,中顺洁柔,7.22,7.27,7.29,7.13,10765400.0
20260807,002513,蓝丰生化,5.09,5.09,5.12,4.92,9244100.0
20260807,002515,金字火腿,7.08,7.32,7.46,6.89,65867900.0
20260807,002516,旷达科技,5.39,5.38,5.4,5.32,12318000.0
20260807,002517,恺英网络,17.97,17.93,18.08,17.56,71148000.0
20260807,002518,科士达,33.61,34.23,34.4,33.06,12753200.0
20260807,002519,银河电子,5.51,5.54,5.55,5.36,31568400.0
20260807,002520,日发精机,5.72,5.77,5.77,5.52,26826800.0
20260807,002521,齐峰新材,6.96,6.85,6.96,6.77,3913900.0
20260807,002522,浙江众成,5.02,4.99,5.06,4.89,23841100.0
20260807,002523,天桥起重,3.29,3.28,3.3,3.23,17577100.0
20260807,002524,光正眼科,3.81,3.84,3.84,3.71,14373200.0
20260807,002526,山东矿机,2.68,2.7,2.7,2.62,31499200.0
20260807,002527,新时达,11.77,11.83,11.88,11.47,8512900.0
20260807,002529,海源复材,6.95,6.88,7.02,6.72,4417000.0
20260807,002530,金财互联,7.45,7.24,7.46,7.15,26829900.0
20260807,002531,天顺风能,6.61,6.67,6.69,6.48,43289000.0
20260807,002532,天山铝业,13.39,13.55,13.79,13.36,75719100.0
20260807,002533,金杯电工,11.52,11.51,11.53,11.37,7919000.0
20260807,002534,西子洁能,16.16,16.11,16.38,15.61,18826100.0
20260807,002535,林州重机,2.44,2.42,2.46,2.35,12074400.0
20260807,002536,飞龙股份,38.0,39.61,40.08,37.66,43946500.0
20260807,002537,海联金汇,5.89,5.8,5.92,5.68,29751300.0
20260807,002539,云图控股,12.02,12.33,12.44,11.92,28055100.0
20260807,002540,亚太科技,5.13,5.09,5.18,5.07,9404200.0
20260807,002541,鸿路钢构,18.83,18.7,18.91,18.54,9306900.0
20260807,002543,万和电气,6.62,6.55,6.63,6.47,4320000.0
20260807,002544,普天科技,16.88,16.82,16.93,16.27,14804900.0
20260807,002545,东方铁塔,18.56,18.47,18.59,17.96,23802300.0
20260807,002546,新联电子,8.51,8.6,8.61,8.35,35051000.0
20260807,002548,金新农,3.97,3.95,3.98,3.87,20600100.0
20260807,002549,凯美特气,14.3,14.4,14.43,13.95,39923500.0
20260807,002550,千红制药,6.81,7.04,7.06,6.8,28008500.0
20260807,002551,尚荣医疗,3.04,3.08,3.09,2.97,14316100.0
20260807,002552,宝鼎科技,47.0,47.6,47.6,47.0,4448200.0
20260807,002553,南方精工,16.04,15.9,16.07,15.69,6194200.0
20260807,002554,惠博普,2.86,2.82,2.88,2.79,16735800.0
20260807,002555,三七互娱,19.79,19.79,19.91,19.43,39432800.0
20260807,002556,辉隆股份,4.96,4.89,4.98,4.85,12642000.0
20260807,002557,洽洽食品,19.52,19.36,19.52,19.05,9374900.0
20260807,002558,巨人网络,29.52,29.34,29.6,28.6,90660400.0
20260807,002559,亚威股份,9.54,9.68,9.74,9.38,29359900.0
20260807,002560,通达股份,6.48,6.38,6.48,6.27,23259800.0
20260807,002561,徐家汇,6.66,6.6,6.68,6.49,4115300.0
20260807,002562,兄弟科技,4.53,4.56,4.57,4.46,15197000.0
20260807,002563,森马服饰,6.05,6.01,6.1,5.97,18703600.0
20260807,002564,天沃科技,4.48,4.4,4.49,4.32,14455300.0
20260807,002565,顺灏股份,9.8,9.95,9.96,9.59,97213500.0
20260807,002566,益盛药业,6.47,6.57,6.58,6.38,11950400.0
20260807,002567,唐人神,3.59,3.61,3.63,3.56,12069700.0
20260807,002568,百润股份,19.23,19.48,19.49,18.85,18152600.0
20260807,002570,贝因美,4.44,4.45,4.47,4.31,20954200.0
20260807,002571,德力股份,11.06,11.25,11.41,10.96,6924700.0
20260807,002572,索菲亚,8.35,8.14,8.39,8.05,12294400.0
20260807,002573,清新环境,3.23,3.2,3.23,3.17,6556700.0
20260807,002574,明牌珠宝,4.53,4.56,4.57,4.44,8592000.0
20260807,002575,群兴玩具,5.29,5.2,5.31,5.1,25882500.0
20260807,002576,通达动力,14.52,14.48,14.56,14.27,2210600.0
20260807,002577,雷柏科技,18.77,18.8,18.94,18.57,2929500.0
20260807,002578,闽发铝业,3.23,3.39,3.44,3.18,54524600.0
20260807,002579,中京电子,13.7,15.15,15.32,13.58,181381100.0
20260807,002580,圣阳股份,19.05,19.08,19.35,18.6,60174700.0
20260807,002582,好想你,10.07,10.02,10.08,9.87,18658700.0
20260807,002583,海能达,8.53,8.33,8.59,8.16,30091400.0
20260807,002584,西陇科学,7.98,8.12,8.15,7.78,40899600.0
20260807,002585,双星新材,9.15,9.37,9.47,8.93,104977600.0
20260807,002586,围海股份,3.75,3.76,3.81,3.7,4901500.0
20260807,002587,奥拓电子,5.63,5.6,5.63,5.49,15508100.0
20260807,002588,史丹利,8.68,8.65,8.74,8.54,10878700.0
20260807,002589,瑞康医药,2.74,3.04,3.04,2.73,159628100.0
20260807,002590,万安科技,9.66,9.52,9.7,9.42,6050000.0
20260807,002591,恒大高新,6.17,6.12,6.19,6.01,9125500.0
20260807,002593,日上集团,4.38,4.33,4.38,4.26,9318600.0
20260807,002594,比亚迪,89.77,90.04,90.28,88.55,40701600.0
20260807,002595,豪迈科技,52.81,52.4,53.14,52.08,4106400.0
20260807,002596,海南瑞泽,3.26,3.19,3.29,3.1,31033200.0
20260807,002597,金禾实业,20.44,20.25,20.7,20.16,7835700.0
20260807,002599,盛通股份,6.26,6.13,6.27,6.02,13439700.0
20260807,002600,领益智造,12.76,12.72,12.81,12.46,106517800.0
20260807,002601,龙佰集团,16.5,16.21,16.66,16.15,19702800.0
20260807,002602,世纪华通,13.79,13.77,13.92,13.65,91806100.0
20260807,002603,以岭药业,16.22,16.99,17.0,16.13,43754700.0
20260807,002605,姚记科技,18.41,18.42,18.55,17.98,7687400.0
20260807,002606,大连电瓷,14.38,14.41,14.54,14.12,26942300.0
20260807,002607,中公教育,2.19,2.15,2.2,2.09,307134700.0
20260807,002608,江苏国信,7.28,7.3,7.32,7.23,13962200.0
20260807,002609,捷顺科技,7.86,7.85,7.89,7.69,6154500.0
20260807,002611,东方精工,16.21,16.27,16.44,16.11,25607700.0
20260807,002612,朗姿股份,15.2,15.54,15.54,15.04,13728400.0
20260807,002613,北玻股份,3.33,3.34,3.35,3.25,26487200.0
20260807,002614,奥佳华,4.79,4.77,4.79,4.67,5691600.0
20260807,002615,哈尔斯,6.63,6.53,6.63,6.47,5855000.0
20260807,002616,长青集团,4.73,4.69,4.74,4.64,9740900.0
20260807,002617,露笑科技,6.33,6.44,6.44,6.21,105439700.0
20260807,002622,皓宸医疗,2.33,2.38,2.38,2.27,29407100.0
20260807,002623,亚玛顿,15.86,15.68,15.98,15.57,3450900.0
20260807,002624,完美世界,11.25,11.49,11.49,11.07,51940800.0
20260807,002625,光启技术,30.5,30.47,30.71,29.82,23921400.0
20260807,002626,金达威,13.91,14.96,14.99,13.73,11157200.0
20260807,002627,三峡旅游,6.43,6.49,6.52,6.29,10723500.0
20260807,002628,成都路桥,4.91,4.92,4.98,4.73,23487600.0
20260807,002629,仁智股份,4.6,4.61,4.72,4.5,16995000.0
20260807,002631,德尔未来,7.93,8.68,8.68,7.89,31730100.0
20260807,002632,道明光学,8.28,8.35,8.38,8.14,12460700.0
20260807,002633,申科股份,14.69,14.73,14.77,14.3,2060400.0
20260807,002635,安洁科技,14.86,14.97,15.12,14.71,19269900.0
20260807,002636,金安国纪,60.5,65.4,65.99,60.5,86655900.0
20260807,002637,赞宇科技,10.79,10.93,10.99,10.64,12865100.0
20260807,002638,勤上股份,3.75,3.71,3.76,3.64,21500900.0
20260807,002639,雪人集团,12.62,12.52,12.67,12.35,32670500.0
20260807,002640,跨境通,3.35,3.34,3.37,3.23,111260500.0
20260807,002641,公元股份,3.9,3.86,3.9,3.81,7524100.0
20260807,002642,荣联科技,7.44,7.31,7.44,7.15,19902200.0
20260807,002643,万润股份,13.89,14.15,14.27,13.65,27808100.0
20260807,002644,佛慈制药,7.78,8.04,8.06,7.74,7739200.0
20260807,002645,华宏科技,18.55,19.21,19.58,18.5,65903700.0
20260807,002646,天佑德酒,6.8,6.8,6.82,6.66,5156700.0
20260807,002647,仁东控股,9.7,9.54,9.71,9.23,27180300.0
20260807,002648,卫星化学,25.4,25.78,25.95,25.4,48480400.0
20260807,002649,博彦科技,11.67,10.66,11.67,10.21,93062200.0
20260807,002651,利君股份,7.8,7.73,7.84,7.64,5772200.0
20260807,002652,扬子新材,3.86,3.83,3.86,3.73,15984900.0
20260807,002653,海思科,66.98,71.6,72.06,66.41,11222100.0
20260807,002654,万润科技,12.42,13.09,13.35,12.42,77115300.0
20260807,002655,共达电声,28.11,29.38,29.5,27.56,34589000.0
20260807,002656,摩登大道,2.96,2.92,2.97,2.86,10586600.0
20260807,002657,中科金财,15.9,15.8,16.05,15.32,17858700.0
20260807,002658,雪迪龙,7.26,7.25,7.3,7.2,3581700.0
20260807,002659,凯文教育,4.75,4.68,4.79,4.48,44050400.0
20260807,002660,茂硕电源,6.9,6.92,7.04,6.76,8467900.0
20260807,002661,克明食品,7.57,7.49,7.57,7.38,1947600.0
20260807,002662,峰璟股份,3.2,3.18,3.21,3.15,10405600.0
20260807,002663,普邦股份,1.62,1.58,1.63,1.55,41925800.0
20260807,002664,信质集团,16.31,16.65,17.36,16.27,15433600.0
20260807,002666,德联集团,4.14,4.11,4.16,4.03,9792100.0
20260807,002668,TCL智家,10.8,10.68,10.97,10.63,20775000.0
20260807,002669,康达新材,12.11,12.32,12.42,11.88,18439600.0
20260807,002670,国盛证券,11.32,11.18,11.35,11.05,25134000.0
20260807,002671,龙泉股份,3.88,3.84,3.89,3.75,9529600.0
20260807,002672,东江环保,3.57,3.52,3.59,3.48,8080100.0
20260807,002673,西部证券,6.72,6.74,6.74,6.65,20431300.0
20260807,002674,兴业科技,29.05,28.33,29.29,27.4,38088900.0
20260807,002675,东诚药业,12.78,13.16,13.19,12.78,10992300.0
20260807,002676,顺威股份,5.06,4.99,5.1,4.96,7794500.0
20260807,002677,浙江美大,6.74,6.77,6.84,6.47,8730500.0
20260807,002678,珠江钢琴,4.46,4.47,4.48,4.32,8574000.0
20260807,002679,福建金森,8.78,8.77,8.78,8.51,2660200.0
20260807,002681,奋达科技,4.68,4.57,4.7,4.52,46021700.0
20260807,002682,龙洲股份,4.46,4.41,4.48,4.32,15638000.0
20260807,002683,广东宏大,28.28,28.18,28.92,27.82,10854600.0
20260807,002685,华东重机,5.36,5.42,5.43,5.22,25082500.0
20260807,002686,亿利达,6.51,6.34,6.53,6.21,37278000.0
20260807,002687,乔治白,5.0,5.01,5.06,4.89,17676900.0
20260807,002688,金河生物,5.12,5.17,5.19,5.06,13822200.0
20260807,002690,美亚光电,15.25,15.34,15.39,15.12,5399800.0
20260807,002692,远程股份,4.07,4.04,4.07,3.96,11471600.0
20260807,002693,双成药业,9.43,9.72,9.72,9.29,36111200.0
20260807,002695,煌上煌,10.08,10.79,10.85,9.93,18913700.0
20260807,002696,百洋股份,5.5,5.48,5.51,5.38,5121000.0
20260807,002697,红旗连锁,4.62,4.57,4.62,4.53,12017600.0
20260807,002698,博实股份,12.98,13.68,14.21,12.98,63482100.0
20260807,002700,万憬能源,6.0,5.96,6.05,5.89,6560200.0
20260807,002701,奥瑞金,4.84,4.84,4.87,4.79,22701800.0
20260807,002702,海欣食品,4.79,4.76,4.82,4.65,41133900.0
20260807,002703,浙江世宝,16.0,15.09,16.1,14.93,84369100.0
20260807,002705,新宝股份,12.18,12.06,12.18,11.86,17160200.0
20260807,002706,良信股份,8.98,8.92,9.04,8.67,40760000.0
20260807,002707,众信旅游,5.13,5.1,5.13,5.0,13464700.0
20260807,002708,光洋股份,10.46,10.52,10.55,10.22,12664700.0
20260807,002709,天赐材料,39.26,39.33,39.53,38.2,75331500.0
20260807,002712,思美传媒,4.87,4.75,4.87,4.6,17246300.0
20260807,002713,东易日盛,9.68,9.73,9.86,9.58,15789700.0
20260807,002714,牧原股份,38.2,38.47,38.9,37.92,47081200.0
20260807,002715,登云股份,13.66,13.63,13.68,13.23,1757000.0
20260807,002716,湖南白银,8.53,9.09,9.1,8.42,226452400.0
20260807,002718,友邦吊顶,85.85,86.75,87.35,83.64,1021300.0
20260807,002721,金一文化,3.23,3.08,3.23,2.94,491641200.0
20260807,002722,物产金轮,12.72,12.7,12.72,12.52,2530700.0
20260807,002723,小崧股份,7.05,7.05,7.12,6.83,11588800.0
20260807,002724,海洋王,5.36,5.33,5.36,5.23,4999600.0
20260807,002725,跃岭股份,11.45,11.66,11.79,11.33,7468800.0
20260807,002727,一心堂,11.27,11.36,11.42,11.12,8481300.0
20260807,002728,特一药业,9.32,9.43,9.57,9.25,27917500.0
20260807,002729,好利科技,13.76,13.65,13.77,13.37,4335900.0
20260807,002730,电光科技,21.69,22.06,22.16,20.93,11256300.0
20260807,002732,燕塘乳业,13.52,13.34,13.55,13.1,1525800.0
20260807,002733,雄韬股份,19.13,19.34,19.43,18.6,15204100.0
20260807,002734,利民股份,16.15,16.77,16.78,15.81,26518100.0
20260807,002735,王子新材,11.79,11.96,11.99,11.47,16700600.0
20260807,002736,国信证券,10.14,10.1,10.17,10.06,22806300.0
20260807,002737,葵花药业,12.99,13.37,13.45,12.96,7771100.0
20260807,002738,中矿资源,53.71,53.14,53.95,51.92,21237800.0
20260807,002739,儒意电影,8.95,9.03,9.1,8.85,72098300.0
20260807,002741,光华科技,24.0,26.3,26.3,23.99,34774300.0
20260807,002742,冀衡医药,3.75,4.13,4.13,3.74,18017600.0
20260807,002743,富煌钢构,3.89,3.87,3.91,3.76,7562100.0
20260807,002745,木林森,10.97,11.43,11.48,10.9,74319000.0
20260807,002746,仙坛股份,6.14,6.19,6.22,6.06,12673100.0
20260807,002747,埃斯顿,35.0,35.13,35.49,33.98,81596500.0
20260807,002748,世龙实业,11.0,10.91,11.05,10.87,3533500.0
20260807,002749,国光股份,8.63,8.61,8.66,8.49,3028400.0
20260807,002752,昇兴股份,5.92,5.94,5.94,5.84,9698100.0
20260807,002753,永东股份,6.17,6.13,6.22,6.05,2958600.0
20260807,002755,奥赛康,13.17,13.87,13.87,13.08,15391700.0
20260807,002756,永兴材料,48.0,48.54,48.74,47.52,12052400.0
20260807,002757,南兴股份,17.37,17.68,18.68,17.23,34591600.0
20260807,002758,浙农股份,7.88,7.78,7.89,7.67,8999600.0
20260807,002760,凤形股份,17.24,17.38,17.42,16.82,3551500.0
20260807,002761,浙江建投,7.22,7.13,7.27,7.07,11596400.0
20260807,002762,金发拉比,9.4,10.41,10.41,9.4,18766400.0
20260807,002763,汇洁股份,7.26,7.26,7.27,7.16,3971500.0
20260807,002765,蓝黛科技,7.15,7.1,7.35,6.93,12273600.0
20260807,002766,索菱股份,4.26,4.1,4.39,4.0,81647100.0
20260807,002767,先锋电子,17.7,17.32,17.81,17.23,3969400.0
20260807,002768,国恩股份,57.8,58.5,59.39,56.8,11225200.0
20260807,002769,普路通,6.98,6.89,6.99,6.77,5685200.0
20260807,002771,真视通,12.88,12.74,12.88,12.43,6431300.0
20260807,002772,众兴菌业,10.64,10.7,10.74,10.51,8730600.0
20260807,002773,康弘药业,21.05,22.75,22.76,20.93,20212700.0
20260807,002774,快意电梯,16.13,16.79,16.95,15.6,11918900.0
20260807,002775,文科股份,3.9,3.85,3.94,3.76,16911600.0
20260807,002777,久远银海,13.4,13.16,13.4,12.87,10042800.0
20260807,002778,中晟高科,15.18,15.07,15.22,14.83,2457200.0
20260807,002779,中坚科技,72.4,70.96,72.45,70.1,2914300.0
20260807,002780,三夫户外,13.14,13.08,13.27,12.79,5506100.0
20260807,002782,可立克,14.98,15.42,15.58,14.66,16916800.0
20260807,002783,凯龙股份,7.62,7.46,7.64,7.38,7140500.0
20260807,002785,万里石,34.5,34.53,34.87,33.6,4088600.0
20260807,002786,银宝山新,7.68,7.68,7.75,7.54,6339500.0
20260807,002787,华源控股,21.78,21.69,21.99,21.04,16581300.0
20260807,002788,鹭燕医药,10.8,11.15,11.17,10.71,32061800.0
20260807,002790,瑞尔特,5.77,5.69,5.77,5.59,3719300.0
20260807,002791,坚朗五金,15.38,15.63,16.0,15.35,9138500.0
20260807,002792,通宇通讯,37.19,37.19,37.19,37.19,8280700.0
20260807,002793,罗欣药业,5.08,5.33,5.34,5.05,98484400.0
20260807,002795,永和智控,6.64,6.71,6.75,6.49,11363500.0
20260807,002796,世嘉科技,29.19,30.35,30.49,28.89,15253300.0
20260807,002797,第一创业,6.58,6.56,6.6,6.5,52976900.0
20260807,002798,帝欧水华,5.54,5.6,5.72,5.52,10040900.0
20260807,002799,环球印务,6.62,6.55,6.63,6.38,4779800.0
20260807,002800,天顺股份,13.2,13.11,13.29,12.85,2638900.0
20260807,002801,微光股份,27.86,27.98,27.98,27.48,1174100.0
20260807,002802,洪汇新材,11.26,11.22,11.27,11.0,1979400.0
20260807,002803,吉宏股份,19.8,19.48,19.9,19.22,14809300.0
20260807,002805,丰元股份,18.51,18.65,18.95,17.96,14593800.0
20260807,002806,华锋股份,13.83,13.79,13.99,13.4,6622200.0
20260807,002807,江阴银行,4.03,3.98,4.03,3.95,38014700.0
20260807,002809,红墙股份,8.07,8.0,8.09,7.85,5488200.0
20260807,002810,山东赫达,20.42,20.24,20.49,20.03,6363200.0
20260807,002811,郑中设计,10.35,10.27,10.37,10.06,2791300.0
20260807,002812,恩捷股份,53.51,53.7,53.9,52.68,17437400.0
20260807,002813,路畅科技,21.1,20.77,21.2,20.55,2096500.0
20260807,002815,崇达技术,12.44,13.08,13.2,12.36,54684600.0
20260807,002817,黄山胶囊,6.33,6.34,6.37,6.19,6841900.0
20260807,002818,富森美,10.83,10.73,10.85,10.69,2994100.0
20260807,002819,东方中科,21.0,20.58,21.05,20.33,1855900.0
20260807,002820,桂发祥,9.2,9.11,9.24,8.91,4907800.0
20260807,002821,凯莱英,156.5,172.26,172.26,156.0,10845100.0
20260807,002823,凯中精密,13.32,13.36,13.37,13.11,4608400.0
20260807,002824,和胜股份,23.29,23.15,23.7,22.16,18905800.0
20260807,002825,纳尔股份,8.52,8.45,8.52,8.33,3171900.0
20260807,002826,易明医药,18.05,17.84,18.05,17.13,14262000.0
20260807,002827,高争民爆,53.26,54.16,54.16,50.2,22485000.0
20260807,002828,贝肯能源,11.99,11.7,12.21,11.41,26251300.0
20260807,002829,星网宇达,20.8,20.82,20.88,20.2,9489600.0
20260807,002830,名雕股份,13.4,13.44,13.53,12.96,3009200.0
20260807,002831,裕同科技,28.85,28.53,29.8,28.06,10876100.0
20260807,002832,比音勒芬,25.35,24.62,25.56,24.45,15668600.0
20260807,002833,弘亚数控,18.02,18.1,18.21,17.93,3774300.0
20260807,002835,同为股份,12.21,12.26,12.38,12.04,2823200.0
20260807,002836,新宏泽,9.83,9.7,9.83,9.4,3250100.0
20260807,002837,英维克,53.88,55.9,56.0,53.0,52720500.0
20260807,002838,道恩股份,25.92,26.39,27.1,25.22,10219700.0
20260807,002839,张家港行,4.39,4.35,4.43,4.32,29325100.0
20260807,002840,华统股份,8.21,8.11,8.29,8.03,17842300.0
20260807,002841,视源股份,49.53,50.17,50.23,48.21,11824300.0
20260807,002842,翔鹭钨业,36.0,38.38,40.0,35.75,69647900.0
20260807,002843,泰嘉股份,16.38,16.6,16.64,15.87,9210900.0
20260807,002845,同兴达,12.73,13.0,13.03,12.56,9220200.0
20260807,002846,英联股份,10.62,10.65,10.73,10.4,9684100.0
20260807,002847,盐津铺子,49.84,49.36,49.97,48.35,5158500.0
20260807,002848,高斯贝尔,12.76,12.93,13.08,12.63,8142300.0
20260807,002849,威星智能,15.89,16.85,16.93,15.79,10121600.0
20260807,002850,科达利,179.0,183.9,184.17,177.3,3453300.0
20260807,002851,麦格米特,123.48,124.4,126.8,120.75,31158200.0
20260807,002852,道道全,7.78,7.6,7.8,7.44,6672900.0
20260807,002853,皮阿诺,21.05,21.72,22.51,20.3,3614200.0
20260807,002855,捷荣技术,9.88,9.86,9.94,9.49,5349000.0
20260807,002857,三晖电气,16.63,16.28,16.74,16.22,1881000.0
20260807,002858,力盛体育,11.49,11.52,11.55,11.11,4350200.0
20260807,002859,洁美科技,68.49,70.51,72.0,67.0,19987800.0
20260807,002860,星帅尔,16.59,16.58,16.85,16.28,13676600.0
20260807,002861,瀛通通讯,16.58,16.24,16.75,15.97,6614400.0
20260807,002862,实丰文化,13.67,13.47,13.72,13.13,3766000.0
20260807,002863,今飞凯达,4.5,4.43,4.5,4.34,18579500.0
20260807,002864,盘龙药业,21.23,21.99,21.99,21.12,5023000.0
20260807,002865,钧达股份,44.75,45.5,45.53,43.8,10295500.0
20260807,002866,传艺科技,15.35,15.43,15.45,15.1,10107300.0
20260807,002867,周大生,12.69,12.65,12.75,12.51,5420200.0
20260807,002868,绿康生化,23.03,22.99,23.12,22.62,1491600.0
20260807,002869,金溢科技,16.09,15.83,16.2,15.5,3543600.0
,002870,香山股份,40.13,40.75,41.02,39.54,3398200.0
20260807,002871,伟隆股份,16.55,16.61,16.78,16.14,3324300.0
20260807,002873,新天药业,7.85,8.06,8.07,7.77,8526600.0
20260807,002875,安奈儿,14.01,13.81,14.01,13.53,6127100.0
20260807,002876,三利谱,27.55,27.95,28.03,27.2,3539900.0
20260807,002877,智能自控,7.23,7.19,7.24,7.06,5577800.0
20260807,002878,元隆雅图,12.45,12.32,12.53,12.05,6059500.0
20260807,002879,长缆科技,17.87,18.0,18.0,17.17,23089700.0
20260807,002880,卫光生物,20.0,20.73,21.19,19.7,3568100.0
20260807,002881,美格智能,38.15,37.67,38.62,37.01,6702300.0
20260807,002882,金龙羽,21.65,21.9,22.19,21.31,14207700.0
20260807,002884,凌霄泵业,16.22,16.11,16.24,16.09,1620600.0
20260807,002885,京泉华,26.85,29.01,29.45,26.1,26272700.0
20260807,002886,沃特股份,19.44,19.63,19.68,18.82,9466200.0
20260807,002887,绿茵生态,10.76,10.65,10.87,10.36,6985300.0
20260807,002888,惠威科技,17.7,17.24,17.97,17.2,2886200.0
20260807,002889,东方嘉盛,12.2,11.99,12.23,11.8,6161000.0
20260807,002890,弘宇股份,14.17,14.01,15.2,13.96,4185000.0
20260807,002891,中宠股份,31.0,31.01,31.13,30.49,11343900.0
20260807,002892,科力尔,9.72,9.59,9.78,9.46,8500900.0
20260807,002893,京能热力,9.78,9.75,9.85,9.62,6570600.0
20260807,002895,川恒股份,34.8,35.1,35.37,34.45,5900200.0
20260807,002896,中大力德,79.75,78.97,80.4,75.08,22085900.0
20260807,002897,意华股份,57.5,58.19,58.66,55.77,10759800.0
20260807,002899,英派斯,20.4,19.88,20.41,19.45,3844900.0
20260807,002900,哈三联,12.26,13.48,13.48,12.26,31662700.0
20260807,002901,大博医疗,43.22,44.55,44.58,42.88,2757100.0
20260807,002902,铭普光磁,24.14,24.52,24.55,23.64,26502300.0
20260807,002903,宇环数控,27.4,27.68,28.1,26.31,15337500.0
20260807,002905,金逸影视,7.61,7.55,7.65,7.43,3750800.0
20260807,002906,华阳集团,26.32,25.85,26.43,25.66,7081400.0
20260807,002907,华森制药,13.04,13.5,13.55,12.9,8031500.0
20260807,002908,德生科技,7.23,7.16,7.29,6.98,17695000.0
20260807,002909,集泰股份,5.02,5.0,5.05,4.88,5477900.0
20260807,002910,庄园牧场,9.12,9.21,9.26,8.89,6664000.0
20260807,002911,佛燃能源,11.22,10.95,11.24,10.91,5956800.0
20260807,002912,中新赛克,20.76,20.36,20.92,19.87,8769700.0
20260807,002913,奥士康,50.1,55.42,55.42,50.05,6783600.0
20260807,002915,中欣氟材,18.26,18.27,18.86,17.68,23688300.0
20260807,002916,深南电路,359.0,382.63,388.18,356.0,13927900.0
20260807,002917,金奥博,10.81,10.6,10.98,10.43,11890700.0
20260807,002918,蒙娜丽莎,9.73,9.78,9.97,9.43,14693100.0
20260807,002919,名臣健康,17.48,17.49,17.78,17.07,3922600.0
20260807,002920,德赛西威,93.0,92.29,93.0,90.32,9321300.0
20260807,002921,联诚精密,22.78,23.08,23.31,22.5,4474500.0
20260807,002922,伊戈尔,25.3,26.03,26.25,24.9,16661400.0
20260807,002923,润都股份,10.81,11.14,11.18,10.74,15517100.0
20260807,002925,盈趣科技,23.14,23.63,23.84,22.65,16469400.0
20260807,002926,华西证券,8.27,8.26,8.29,8.21,10659000.0
20260807,002927,泰永长征,15.57,15.68,15.68,15.17,4790600.0
20260807,002928,华夏航空,6.58,6.53,6.63,6.48,22755700.0
20260807,002929,润建股份,57.0,57.91,58.33,55.7,15773500.0
20260807,002930,宏川智慧,9.08,8.9,9.09,8.81,8092600.0
20260807,002931,锋龙股份,51.4,52.18,52.8,50.3,12742300.0
20260807,002933,新兴装备,26.42,26.83,27.0,26.12,1351200.0
20260807,002935,天奥电子,16.73,16.92,16.96,16.36,7477900.0
20260807,002936,郑州银行,1.79,1.76,1.79,1.75,101824500.0
20260807,002937,兴瑞科技,30.18,30.1,30.5,29.1,8242800.0
20260807,002938,鹏鼎控股,94.95,101.41,103.24,94.95,39474700.0
20260807,002939,长城证券,8.19,8.13,8.2,8.1,22025700.0
20260807,002940,昂利康,25.59,26.38,26.44,25.59,16510200.0
20260807,002941,新疆交建,10.91,10.68,10.98,10.64,14295000.0
20260807,002942,新农股份,15.17,15.21,15.28,14.9,1359200.0
20260807,002943,宇晶股份,32.91,35.96,35.96,32.02,15844300.0
20260807,002945,华林证券,14.75,14.66,14.8,14.54,12740000.0
20260807,002946,新乳业,16.78,16.63,16.82,16.26,7838400.0
20260807,002947,恒铭达,57.79,59.26,60.2,57.44,8561100.0
20260807,002948,青岛银行,5.74,5.69,5.74,5.64,34315200.0
20260807,002949,华阳国际,10.42,10.41,10.51,10.12,2522500.0
20260807,002950,奥美医疗,9.23,9.43,9.43,9.2,7479600.0
20260807,002951,金时科技,13.99,14.06,14.1,13.6,5983300.0
20260807,002952,亚世光电,19.67,20.18,20.3,19.23,4580700.0
20260807,002953,日丰股份,9.71,9.98,10.21,9.47,17644100.0
20260807,002955,鸿合科技,34.5,34.65,34.95,33.57,5963300.0
20260807,002956,西麦食品,18.09,17.9,18.17,17.64,4196200.0
20260807,002957,科瑞技术,38.63,41.31,41.5,38.0,31583900.0
20260807,002958,青农商行,3.06,3.0,3.06,2.97,77260900.0
20260807,002959,小熊电器,34.27,34.13,34.37,33.81,914600.0
20260807,002960,青鸟智控,8.18,8.09,8.21,8.02,8697300.0
20260807,002961,瑞达期货,19.79,19.68,19.8,19.45,5190200.0
20260807,002962,五方光电,13.16,13.37,13.38,12.91,10841600.0
20260807,002963,豪尔赛,20.66,18.5,21.11,17.84,19225300.0
20260807,002965,祥鑫科技,31.96,33.42,33.86,30.76,23516600.0
20260807,002966,苏州银行,8.21,8.18,8.24,8.09,37181900.0
20260807,002967,广电计量,17.36,17.25,17.36,17.05,4833700.0
20260807,002968,新大正,8.93,8.91,8.93,8.64,2961800.0
20260807,002969,嘉美包装,13.57,13.87,13.98,13.22,56861400.0
20260807,002970,锐明技术,53.2,51.4,53.4,50.9,5848400.0
20260807,002971,和远气体,43.99,45.38,45.38,43.42,14931100.0
20260807,002972,科安达,13.6,13.81,14.1,13.27,10267200.0
20260807,002973,侨银股份,11.28,11.22,11.32,10.85,21807200.0
20260807,002975,博杰股份,95.26,97.94,98.87,92.29,23740300.0
20260807,002976,瑞玛精密,22.1,22.61,22.61,21.43,3484600.0
20260807,002978,安宁股份,26.8,26.86,26.98,26.55,2911400.0
20260807,002979,雷赛智能,60.85,60.82,61.49,58.87,17079000.0
20260807,002980,华盛昌,79.71,82.79,83.75,78.3,8979800.0
20260807,002981,朝阳科技,23.67,23.35,23.85,23.01,2383900.0
20260807,002982,湘佳股份,11.93,11.83,11.93,11.61,3274500.0
20260807,002983,芯瑞达,19.5,19.78,19.89,19.2,2046100.0
20260807,002984,森麒麟,14.31,14.17,14.36,14.03,8610900.0
20260807,002985,北摩高科,26.18,26.0,26.21,25.68,3538000.0
20260807,002986,宇新股份,12.33,12.29,12.5,12.21,4035500.0
20260807,002987,京北方,11.61,11.3,11.62,11.01,36572300.0
20260807,002988,豪美新材,20.87,21.03,21.13,20.56,3314200.0
20260807,002989,中天精装,22.55,23.62,23.77,22.29,9733100.0
20260807,002990,盛视科技,49.45,52.82,54.14,48.77,22791200.0
20260807,002991,甘源食品,42.48,42.44,42.48,41.56,901200.0
20260807,002992,宝明科技,35.87,37.5,37.99,35.8,3551700.0
20260807,002993,奥海科技,37.61,38.27,38.44,36.8,6734600.0
20260807,002995,天地在线,17.94,18.04,18.17,17.42,12237600.0
20260807,002996,顺博合金,6.25,6.27,6.27,6.18,5303400.0
20260807,002997,瑞鹄模具,27.06,27.23,27.28,26.72,2073600.0
20260807,002998,优彩资源,7.88,7.95,8.22,7.76,17434400.0
20260807,002999,天禾股份,5.74,5.68,5.78,5.58,5138800.0
20260807,003000,劲仔食品,10.64,10.62,10.65,10.45,3165900.0
20260807,003001,中岩大地,20.3,19.94,20.42,18.86,21650700.0
20260807,003002,壶化股份,17.1,16.72,17.4,16.6,4429500.0
20260807,003003,天元股份,10.62,10.65,10.68,10.4,2896200.0
20260807,003004,声迅股份,65.4,65.5,66.48,63.32,1441500.0
20260807,003005,竞业达,13.85,13.74,14.12,13.44,7652800.0
20260807,003006,百亚股份,14.37,14.18,14.4,13.9,6556800.0
20260807,003007,直真科技,37.97,39.9,41.79,36.53,7850200.0
20260807,003008,开普检测,18.49,18.49,18.64,18.12,977900.0
20260807,003009,中天火箭,49.69,50.67,50.84,48.86,4890300.0
20260807,003010,若羽臣,26.78,26.36,26.84,25.56,9883900.0
20260807,003011,海象新材,19.03,19.69,19.9,18.83,4199400.0
20260807,003012,东鹏控股,4.72,4.64,4.72,4.59,10639600.0
20260807,003013,地铁设计,18.0,19.18,19.18,17.88,10954800.0
20260807,003015,日久光电,11.67,11.59,11.93,11.52,9630500.0
20260807,003016,欣贺股份,6.71,6.73,6.76,6.6,2704700.0
20260807,003017,大洋生物,21.69,21.61,21.7,21.23,1129600.0
20260807,003018,金富科技,39.44,39.78,40.8,38.19,15981000.0
20260807,003019,宸展光电,23.75,24.05,24.19,23.16,4680400.0
20260807,003020,立方制药,17.54,18.43,19.28,17.28,24379400.0
20260807,003021,兆威机电,80.88,81.15,81.48,78.7,2785100.0
20260807,003022,联泓新科,20.0,20.22,20.37,19.77,10706100.0
20260807,003023,彩虹集团,22.7,23.32,23.5,22.24,4887000.0
20260807,003025,思进智能,12.1,12.12,12.14,11.85,3596100.0
20260807,003026,中晶科技,28.69,29.4,29.5,28.28,10847300.0
20260807,003027,同兴科技,16.5,16.19,16.56,16.04,2428300.0
20260807,003028,振邦智能,22.73,22.49,22.78,22.26,809700.0
20260807,003029,吉大正元,18.13,17.39,18.54,17.06,14203700.0
20260807,003030,祖名股份,22.13,22.64,22.97,21.7,4351200.0
20260807,003031,中瓷电子,113.71,115.86,117.0,110.52,10507300.0
20260807,003032,传智教育,11.25,11.5,11.72,10.8,109522700.0
20260807,003033,征和工业,60.8,65.0,65.05,60.66,1694400.0
20260807,003035,南网能源,5.62,5.6,5.63,5.51,19698100.0
20260807,003036,泰坦股份,54.09,53.66,55.34,49.9,16673700.0
20260807,003037,三和管桩,5.71,5.7,5.73,5.58,4560100.0
20260807,003038,鑫铂股份,10.8,10.75,10.8,10.58,2805300.0
20260807,003039,顺控发展,11.94,11.8,11.99,11.72,3016300.0
20260807,003040,楚天龙,12.85,13.1,13.53,12.13,57148000.0
20260807,003041,真爱美家,42.57,42.81,43.16,41.17,2940800.0
20260807,003042,中农联合,13.05,13.05,13.05,12.65,3281600.0
20260807,003043,华亚智能,66.71,67.5,67.9,64.93,6334100.0
20260807,003816,中国广核,3.96,3.89,3.96,3.89,128509200.0
20260807,300001,特锐德,35.2,35.13,35.71,34.9,15318300.0
20260807,300002,神州泰岳,8.59,8.52,8.61,8.34,54566200.0
20260807,300003,乐普医疗,12.61,13.14,13.15,12.57,45240900.0
20260807,300004,南风股份,8.4,8.44,8.46,8.05,19045900.0
20260807,300005,探路者,10.83,11.3,11.41,10.54,63074900.0
20260807,300006,莱美药业,4.96,5.11,5.12,4.91,33387900.0
20260807,300007,汉威科技,34.95,35.26,35.28,33.68,12788200.0
20260807,300008,天海防务,6.23,6.22,6.25,6.13,37787900.0
20260807,300009,安科生物,8.19,8.55,8.57,8.13,36116500.0
20260807,300011,鼎汉技术,5.94,5.92,5.95,5.83,3394000.0
20260807,300012,华测检测,14.11,14.04,14.15,13.8,31245600.0
20260807,300013,新宁物流,3.79,3.68,3.79,3.62,13917700.0
20260807,300014,亿纬锂能,53.97,54.94,55.18,53.11,45080100.0
20260807,300015,爱尔眼科,8.7,8.82,8.83,8.61,79661400.0
20260807,300016,北陆药业,7.9,8.41,8.41,7.9,35560500.0
20260807,300017,网宿科技,15.84,15.46,16.68,14.98,350685900.0
20260807,300018,中元股份,11.88,11.94,12.01,11.78,12436700.0
20260807,300019,硅宝科技,14.98,14.95,15.04,14.66,6172500.0
20260807,300021,大禹节水,3.94,3.9,3.94,3.85,12658400.0
20260807,300022,吉峰科技,8.07,8.17,8.18,7.92,8074400.0
20260807,300024,机器人,15.64,15.79,15.97,15.64,41158800.0
20260807,300025,华星创业,5.07,4.95,5.07,4.86,21967500.0
20260807,300026,红日药业,3.33,3.41,3.41,3.31,62249400.0
20260807,300030,阳普医疗,6.59,6.75,6.76,6.45,7391100.0
20260807,300031,宝通科技,21.49,21.88,21.95,20.8,20151800.0
20260807,300032,金龙机电,3.74,3.7,3.77,3.63,19376000.0
20260807,300033,同花顺,237.98,239.82,242.22,234.82,14059900.0
20260807,300034,钢研高纳,16.02,16.02,16.06,15.77,8536300.0
20260807,300035,中科电气,13.88,13.79,13.97,13.61,13656400.0
20260807,300036,超图软件,11.92,11.68,11.98,11.39,14140400.0
20260807,300037,新宙邦,66.79,66.8,67.59,65.18,15641700.0
20260807,300039,上海凯宝,5.5,5.96,5.97,5.46,107916500.0
20260807,300040,九洲集团,6.39,6.48,6.48,6.28,37066100.0
20260807,300041,回天新材,10.89,11.1,11.14,10.73,24762000.0
20260807,300042,朗科科技,44.39,47.1,47.49,43.36,24065600.0
20260807,300043,星辉娱乐,4.83,4.81,4.84,4.67,42348400.0
20260807,300045,华力创通,13.46,13.52,13.57,13.07,17874900.0
20260807,300046,台基股份,24.46,24.78,24.85,24.09,6480800.0
20260807,300047,天源迪科,10.25,10.11,10.3,9.88,24851200.0
20260807,300048,合康新能,5.36,5.26,5.42,5.18,13845800.0
20260807,300049,福瑞医科,43.79,44.8,45.32,42.07,11523000.0
20260807,300050,世纪鼎利,6.09,6.12,6.19,5.87,25104000.0
20260807,300051,琏升科技,8.63,8.11,8.88,8.03,51218400.0
20260807,300052,中青宝,11.45,11.13,11.5,10.88,23741800.0
20260807,300053,航宇微,13.02,13.26,13.32,12.78,23495800.0
20260807,300054,鼎龙股份,76.7,77.74,79.17,76.19,42957600.0
20260807,300055,万邦达,6.04,5.97,6.07,5.85,12140300.0
20260807,300056,中创环保,8.92,8.37,8.92,8.3,18417100.0
20260807,300057,万顺新材,6.32,6.53,6.59,6.23,40314900.0
20260807,300058,蓝色光标,15.08,15.88,15.96,14.63,669711300.0
20260807,300059,东方财富,19.95,19.98,19.99,19.73,252320400.0
20260807,300061,旗天科技,6.74,6.64,6.74,6.44,19785200.0
20260807,300062,中能电气,6.61,6.61,6.77,6.45,26104900.0
20260807,300063,天龙集团,9.28,9.58,9.61,9.02,85043600.0
20260807,300065,海兰信,16.78,17.16,17.23,16.45,47230900.0
20260807,300066,三川智慧,5.33,5.46,5.51,5.29,28756000.0
20260807,300067,安诺其,5.66,5.58,5.67,5.44,67461100.0
20260807,300069,金利华电,29.27,29.18,29.35,27.88,8003700.0
20260807,300070,碧水源,3.5,3.5,3.52,3.45,33141800.0
20260807,300071,福石控股,4.57,4.49,4.6,4.28,95381700.0
20260807,300072,海新能科,3.53,3.45,3.53,3.41,23485900.0
20260807,300073,当升科技,41.6,42.1,42.18,40.95,13554700.0
20260807,300074,华平股份,3.72,3.67,3.72,3.57,16108200.0
20260807,300075,数字政通,11.3,11.08,11.36,10.81,16787700.0
20260807,300077,国民技术,18.79,19.31,19.42,18.37,52304600.0
20260807,300078,思创智联,3.09,3.04,3.17,2.96,31807200.0
20260807,300079,数码视讯,4.58,4.51,4.59,4.42,28014200.0
20260807,300080,易成新能,3.76,3.71,3.76,3.64,16793800.0
20260807,300082,奥克股份,7.9,7.86,7.95,7.73,6964500.0
20260807,300083,创世纪,13.7,14.48,14.88,13.63,188151900.0
20260807,300084,海默科技,12.42,12.45,12.72,12.22,17703800.0
20260807,300085,银之杰,31.01,31.09,31.25,29.87,43839300.0
20260807,300086,康芝药业,6.54,6.76,6.77,6.53,24859200.0
20260807,300088,长信科技,7.72,7.87,8.14,7.55,269872800.0
20260807,300092,科新机电,11.51,11.41,11.52,11.15,5096700.0
20260807,300093,金刚光伏,22.71,23.3,23.42,22.45,8985500.0
20260807,300094,国联水产,2.82,2.8,2.85,2.73,30511400.0
20260807,300095,华伍股份,8.52,8.39,8.58,8.35,8161900.0
20260807,300097,智云股份,9.48,9.41,9.7,9.28,14512700.0
20260807,300098,高新兴,4.74,4.67,4.77,4.62,44306500.0
20260807,300099,尤洛卡,6.11,6.11,6.11,5.97,10825200.0
20260807,300100,双林股份,23.54,23.44,23.8,22.81,7392500.0
20260807,300101,振芯科技,14.93,15.31,15.4,14.62,15905200.0
20260807,300102,乾照光电,18.9,19.22,19.25,18.6,36292200.0
20260807,300103,达刚控股,7.73,8.1,8.17,7.54,11225800.0
20260807,300105,龙源技术,7.93,7.88,7.96,7.69,22293700.0
20260807,300106,西部牧业,9.47,9.34,9.48,9.14,10636400.0
20260807,300107,建新股份,6.3,6.33,6.33,6.19,6524000.0
20260807,300109,新开源,12.78,13.06,13.08,12.7,5815200.0
20260807,300110,华仁药业,2.67,2.75,2.76,2.66,32658900.0
20260807,300111,向日葵,2.99,3.04,3.05,2.93,43568400.0
20260807,300112,万讯自控,8.45,8.91,9.17,8.3,24477200.0
20260807,300113,顺网科技,18.67,18.51,19.12,18.18,30111700.0
20260807,300115,长盈精密,28.19,28.02,28.3,27.44,34080700.0
20260807,300118,东方日升,10.2,10.29,10.46,9.98,37553900.0
20260807,300119,瑞普生物,18.0,18.2,18.24,17.64,6056600.0
20260807,300120,经纬辉开,6.83,6.79,6.87,6.6,23123100.0
20260807,300121,阳谷华泰,9.7,9.64,9.7,9.45,10549100.0
20260807,300122,智飞生物,12.82,13.48,13.48,12.71,42355000.0
20260807,300124,汇川技术,63.38,64.6,65.1,63.21,30616400.0
20260807,300125,聆达股份,9.88,9.77,10.55,9.5,33421500.0
20260807,300126,锐奇股份,6.14,6.13,6.19,5.94,3990100.0
20260807,300127,银河磁体,26.1,27.02,28.5,25.78,17687000.0
20260807,300128,锦富技术,4.65,4.77,4.87,4.52,50333200.0
20260807,300129,泰胜风能,8.2,8.24,8.31,8.1,25110100.0
20260807,300130,新国都,20.1,19.82,20.27,19.32,18288200.0
20260807,300131,英唐智控,15.0,15.18,15.38,14.78,66060900.0
20260807,300132,诺斯贝尔,6.52,6.51,6.58,6.33,15644200.0
20260807,300133,华策影视,7.33,7.3,7.36,7.08,64490100.0
20260807,300134,大富科技,9.25,9.03,9.43,8.93,51715600.0
20260807,300135,宝利国际,3.32,3.26,3.33,3.22,15193700.0
20260807,300136,信维通信,66.3,68.12,68.57,65.23,80266400.0
20260807,300137,先河环保,12.12,12.82,12.88,11.86,25924900.0
20260807,300138,晨光生物,11.58,11.23,11.59,11.16,9036500.0
20260807,300139,晓程科技,45.64,48.0,48.25,44.62,66865500.0
20260807,300140,节能环境,5.51,5.5,5.53,5.4,10219700.0
20260807,300141,和顺电气,10.33,10.22,10.35,9.98,8481800.0
20260807,300142,沃森生物,12.15,13.14,13.16,12.04,119520100.0
20260807,300143,盈康生命,7.39,7.66,7.68,7.33,19436100.0
20260807,300144,宋城演艺,6.16,6.14,6.17,6.04,31728800.0
20260807,300145,南方泵业,4.43,4.5,4.54,4.37,78276700.0
20260807,300146,汤臣倍健,10.15,10.09,10.15,9.95,14789300.0
20260807,300148,天舟文化,3.55,3.47,3.57,3.4,36216900.0
20260807,300149,睿智医药,9.63,10.42,10.49,9.56,76000600.0
20260807,300150,世纪瑞尔,4.13,4.12,4.13,4.03,6795500.0
20260807,300151,昌红科技,15.78,16.56,16.68,15.44,20809100.0
20260807,300153,科泰电源,21.3,21.53,21.64,20.86,8049300.0
20260807,300154,瑞凌股份,8.88,9.43,9.5,8.61,16110600.0
20260807,300155,安居宝,4.16,4.15,4.2,4.05,7422600.0
20260807,300157,新锦动力,4.28,4.18,4.3,4.08,55020600.0
20260807,300158,振东制药,5.01,5.14,5.14,4.95,26058200.0
20260807,300159,新研股份,3.11,3.06,3.13,3.01,35036100.0
20260807,300160,秀强股份,4.33,4.29,4.35,4.25,6145700.0
20260807,300161,华中数控,26.34,26.33,26.5,25.76,4531300.0
20260807,300162,雷曼光电,7.84,8.1,8.29,7.63,48370700.0
20260807,300163,先锋新材,6.36,6.44,6.66,6.17,29707700.0
20260807,300164,通源石油,10.99,10.79,11.04,10.53,141830400.0
20260807,300165,天瑞仪器,5.14,5.24,5.26,5.1,14958100.0
20260807,300166,东方国信,14.13,14.32,14.49,13.71,61577700.0
20260807,300168,万达信息,5.32,5.2,5.34,5.08,25293900.0
20260807,300169,天晟新材,5.52,5.54,5.57,5.31,16156800.0
20260807,300170,汉得信息,18.03,17.81,18.12,17.2,107664600.0
20260807,300171,东富龙,12.19,12.86,12.88,12.0,19910300.0
20260807,300172,中电环保,4.44,4.43,4.48,4.38,13335000.0
20260807,300174,元力股份,19.0,19.28,19.39,18.57,18679300.0
20260807,300175,朗源股份,5.88,5.82,5.89,5.71,7170200.0
20260807,300176,鸿特科技,5.25,5.19,5.25,5.08,10429000.0
20260807,300177,中海达,6.38,6.34,6.43,6.19,10013600.0
20260807,300179,四方达,35.19,36.92,37.49,34.73,49799400.0
20260807,300180,华峰超纤,4.54,4.41,4.55,4.36,36645500.0
20260807,300181,佐力药业,13.95,14.36,14.4,13.89,22521700.0
20260807,300182,捷成股份,5.38,5.39,5.41,5.16,212053600.0
20260807,300183,东软载波,10.7,10.58,10.75,10.37,4225000.0
20260807,300184,力源信息,12.49,12.8,12.84,12.28,79924700.0
20260807,300185,通裕重工,2.8,2.8,2.81,2.77,58599100.0
20260807,300187,永清环保,4.69,4.68,4.7,4.57,9880500.0
20260807,300188,国投智能,11.82,11.18,11.86,11.03,36956900.0
20260807,300189,神农种业,4.96,4.91,4.99,4.73,213590000.0
20260807,300190,维尔利,3.7,3.63,3.7,3.6,14299000.0
20260807,300191,潜能恒信,33.01,33.6,34.39,32.8,22486000.0
20260807,300192,科德教育,13.32,13.08,13.34,12.76,10849800.0
20260807,300193,佳士科技,7.62,7.58,7.66,7.51,3296000.0
20260807,300194,福安药业,3.69,3.82,3.82,3.67,32891000.0
20260807,300195,长荣股份,5.43,5.45,5.59,5.32,12554400.0
20260807,300196,长海股份,17.73,18.36,18.67,17.34,27482700.0
20260807,300197,节能铁汉,1.88,1.86,1.88,1.79,79294300.0
20260807,300199,翰宇药业,22.64,24.38,24.49,22.54,68925400.0
20260807,300200,高盟新材,8.66,8.72,8.72,8.44,10256200.0
20260807,300201,海伦哲,15.84,15.93,16.33,15.51,27110900.0
20260807,300203,聚光科技,12.6,12.65,12.83,12.35,5430100.0
20260807,300204,舒泰神,23.39,24.58,25.21,23.07,51299600.0
20260807,300206,理邦仪器,12.2,12.37,12.41,12.04,5061800.0
20260807,300207,欣旺达,18.4,18.48,18.57,18.13,47359500.0
20260807,300209,行云科技,34.68,37.19,38.0,33.68,201653900.0
20260807,300210,森远股份,8.94,8.89,8.97,8.74,7552000.0
20260807,300213,佳讯飞鸿,6.38,6.33,6.43,6.22,12352900.0
20260807,300214,日科化学,12.49,12.56,12.99,12.33,46344800.0
20260807,300215,电科院,6.26,6.24,6.36,6.15,9765100.0
20260807,300217,东方电热,4.57,4.54,4.62,4.51,22206500.0
20260807,300218,安利股份,12.44,12.35,12.52,12.19,2730700.0
20260807,300219,鸿利智汇,6.84,6.95,6.96,6.74,17965100.0
20260807,300220,金运激光,10.35,10.45,10.5,10.17,2489100.0
20260807,300221,银禧科技,12.83,14.1,14.29,12.72,39178600.0
20260807,300222,科大智能,10.64,10.93,10.98,10.46,28424900.0
20260807,300223,君正股份,136.98,144.05,146.21,136.01,49196600.0
20260807,300224,正海磁材,11.5,11.81,12.05,11.48,25830300.0
20260807,300225,金力泰,6.99,6.91,7.04,6.72,12625600.0
20260807,300226,上海钢联,16.95,16.76,17.01,16.38,10859900.0
20260807,300227,光韵达,10.57,11.47,11.65,10.46,32693100.0
20260807,300228,富瑞特装,7.43,7.4,7.47,7.29,12417400.0
20260807,300229,拓尔思,15.38,15.39,15.53,14.77,44668300.0
20260807,300230,永利股份,4.21,4.23,4.24,4.17,7240600.0
20260807,300231,银信科技,8.75,8.68,8.75,8.44,17386500.0
20260807,300232,洲明科技,5.35,5.33,5.4,5.25,14502100.0
20260807,300233,金城医药,12.99,13.61,13.64,12.97,16985100.0
20260807,300234,开尔新材,9.15,9.07,9.4,8.89,18805500.0
20260807,300235,方直科技,11.27,11.55,11.6,11.12,9038900.0
20260807,300236,上海新阳,91.87,92.91,94.1,89.33,13337100.0
20260807,300238,冠昊生物,11.34,11.67,11.68,11.24,5917200.0
20260807,300239,东宝生物,4.84,4.95,4.96,4.77,8709400.0
20260807,300240,飞力达,5.62,5.55,5.62,5.42,8140200.0
20260807,300241,瑞丰光电,5.5,5.51,5.56,5.41,19079300.0
20260807,300242,佳云科技,4.55,4.46,4.57,4.32,30511300.0
20260807,300243,瑞丰高材,14.4,14.95,15.22,13.96,22984600.0
20260807,300244,迪安诊断,19.45,20.32,20.39,19.16,36376400.0
20260807,300247,融捷健康,3.81,3.79,3.88,3.72,15773800.0
20260807,300248,新开普,9.84,9.66,9.84,9.21,42884200.0
20260807,300249,依米康,12.82,12.9,13.11,12.42,15397800.0
20260807,300250,初灵信息,15.86,15.53,15.97,15.2,12025200.0
20260807,300251,光线传媒,11.85,11.85,11.92,11.58,48937100.0
20260807,300252,金信诺,11.82,12.0,12.03,11.62,33096600.0
20260807,300253,卫宁健康,7.69,7.76,7.78,7.42,79614800.0
20260807,300254,仟源医药,8.35,8.6,8.63,8.22,13577800.0
20260807,300255,常山药业,25.8,28.11,28.68,25.56,75852700.0
20260807,300256,星星科技,2.72,2.68,2.74,2.65,25666600.0
20260807,300257,开山股份,19.32,19.45,19.63,18.92,7580900.0
20260807,300258,精锻科技,10.22,10.23,10.29,10.04,7527000.0
20260807,300259,新天科技,4.13,4.56,4.77,4.0,100430100.0
20260807,300260,新莱应材,54.78,59.28,59.48,53.7,30171000.0
20260807,300261,雅本化学,5.18,5.33,5.39,5.04,36214500.0
20260807,300263,隆华科技,9.6,10.06,10.14,9.44,83610600.0
20260807,300264,佳创视讯,6.79,6.77,6.82,6.51,13604400.0
20260807,300265,通光线缆,14.7,14.63,14.73,14.2,26390500.0
20260807,300266,兴源环境,1.88,1.85,1.88,1.82,21488900.0
20260807,300267,尔康制药,3.12,3.24,3.26,3.09,49958900.0
20260807,300268,佳沃食品,11.16,11.23,11.23,10.88,1685200.0
20260807,300269,联建光电,4.79,4.73,4.8,4.59,18239800.0
20260807,300270,中威电子,12.71,13.05,13.07,12.5,23761700.0
20260807,300271,华宇软件,5.8,5.67,5.84,5.52,22020200.0
20260807,300272,开能健康,5.62,5.74,5.76,5.55,11249900.0
20260807,300274,阳光电源,106.01,114.16,115.38,104.16,102159700.0
20260807,300275,梅安森,8.63,8.58,8.63,8.34,5801300.0
20260807,300276,三丰智能,6.99,6.9,7.0,6.78,27834200.0
20260807,300277,汽轮科技,12.39,12.43,12.48,12.01,15878900.0
20260807,300278,华昌达,3.91,3.89,3.92,3.81,14869100.0
20260807,300279,和晶科技,5.7,5.72,5.76,5.5,20557900.0
20260807,300281,金明精机,6.06,6.16,6.18,5.95,9455400.0
20260807,300283,温州宏丰,15.02,15.63,15.82,14.8,97028000.0
20260807,300284,苏交科,5.42,5.39,5.49,5.28,16554200.0
20260807,300285,国瓷材料,68.88,70.88,72.68,67.0,176927000.0
20260807,300286,安科瑞,20.7,20.82,20.88,20.38,4534000.0
20260807,300287,飞利信,3.92,3.85,3.95,3.75,47589400.0
20260807,300288,朗玛信息,9.99,9.95,10.07,9.74,5142900.0
20260807,300289,利德曼,5.73,5.87,5.87,5.67,8003800.0
20260807,300291,百纳千成,5.33,5.3,5.37,5.12,31873000.0
20260807,300292,吴通控股,4.29,4.29,4.31,4.19,49614700.0
20260807,300293,蓝英装备,16.06,15.93,16.19,15.66,6931100.0
20260807,300294,博雅生物,15.6,15.6,15.72,15.1,7623700.0
20260807,300296,利亚德,5.48,5.45,5.49,5.37,49388400.0
20260807,300298,三诺生物,16.14,16.35,16.41,15.91,6885100.0
20260807,300299,富春股份,5.46,5.47,5.51,5.29,27195400.0
20260807,300300,海峡创新,8.09,7.98,8.1,7.78,44588900.0
20260807,300302,同有科技,30.33,30.99,31.16,29.39,30714200.0
20260807,300303,聚飞光电,7.25,7.31,7.37,7.11,56299300.0
20260807,300304,云意电气,11.48,11.5,11.75,11.25,22243400.0
20260807,300305,裕兴股份,6.03,6.05,6.13,5.87,22018800.0
20260807,300306,远方信息,9.7,9.61,9.78,9.47,3100000.0
20260807,300307,慈星股份,6.96,7.7,7.75,6.95,59040100.0
20260807,300308,中际旭创,981.09,919.87,999.88,902.0,57189200.0
20260807,300310,宜通世纪,4.53,4.46,4.56,4.36,41518300.0
20260807,300311,任子行,6.6,6.69,6.94,6.26,160269100.0
20260807,300313,天山生物,8.35,8.15,8.35,8.04,4016800.0
20260807,300314,戴维医疗,10.02,10.16,10.25,9.91,5150100.0
20260807,300315,掌趣科技,4.34,4.28,4.37,4.19,84350000.0
20260807,300316,晶盛机电,40.98,41.8,41.99,40.7,14694300.0
20260807,300317,珈伟新能,4.59,4.57,4.69,4.4,84506400.0
20260807,300318,博晖创新,4.83,4.95,4.95,4.75,8654500.0
20260807,300319,麦捷科技,16.59,17.25,17.58,16.18,136772900.0
20260807,300320,海达股份,8.34,8.29,8.36,8.22,5002600.0
20260807,300321,同大股份,33.0,34.36,34.76,32.16,3622900.0
20260807,300322,硕贝德,19.08,18.98,19.23,18.3,46830700.0
20260807,300323,华灿光电,12.09,12.27,12.4,11.68,69246200.0
20260807,300324,旋极信息,3.85,3.78,3.86,3.7,36673000.0
20260807,300327,中颖电子,22.8,23.15,23.2,22.35,11909400.0
20260807,300328,宜安科技,14.51,14.63,14.72,14.35,30087100.0
20260807,300329,海伦钢琴,11.8,12.91,13.04,11.48,9475100.0
20260807,300331,苏大维格,45.3,47.14,47.5,44.44,15924100.0
20260807,300332,天壕能源,4.79,4.77,4.8,4.67,18553700.0
20260807,300334,津膜科技,8.41,8.56,8.58,8.18,7808800.0
20260807,300335,迪森股份,5.39,5.34,5.39,5.23,12080200.0
20260807,300337,银邦股份,10.11,10.29,10.3,9.91,19438500.0
20260807,300339,润和软件,38.47,38.64,38.83,37.33,27681100.0
20260807,300340,科恒股份,8.52,8.46,8.53,8.28,4668300.0
20260807,300341,麦克奥迪,13.3,13.33,13.36,12.99,5186700.0
20260807,300342,天银机电,36.0,36.6,36.78,34.9,18025800.0
20260807,300343,联创股份,6.14,6.11,6.22,6.02,39073700.0
20260807,300345,华民股份,5.77,5.79,6.22,5.65,36472700.0
20260807,300346,南大光电,56.66,58.32,58.78,55.21,76364300.0
20260807,300347,泰格医药,49.14,54.35,54.5,49.08,33011900.0
20260807,300348,长亮科技,9.8,9.57,9.82,9.4,23253600.0
20260807,300349,金卡智能,10.63,10.53,10.64,10.32,9199500.0
20260807,300350,华鹏飞,4.38,4.32,4.38,4.19,15710700.0
20260807,300351,永贵电器,14.46,14.38,14.59,14.15,10707700.0
20260807,300353,东土科技,19.6,19.21,19.68,18.98,13871000.0
20260807,300354,东华测试,30.21,30.3,30.79,29.4,2387500.0
20260807,300355,蒙草生态,2.93,2.91,2.94,2.87,18076600.0
20260807,300357,我武生物,23.22,24.88,24.97,23.1,18663900.0
20260807,300358,楚天科技,8.97,9.2,9.2,8.86,39397600.0
20260807,300359,全通教育,4.39,4.19,4.48,4.09,33351400.0
20260807,300360,炬华科技,12.39,12.31,12.4,12.11,6104600.0
20260807,300363,博腾股份,17.03,20.44,20.44,17.03,73171100.0
20260807,300364,中文在线,25.2,26.96,27.3,24.19,108551400.0
20260807,300365,恒华科技,4.82,4.76,4.82,4.64,14132600.0
20260807,300368,汇金股份,9.33,9.27,9.45,9.03,33035300.0
20260807,300369,绿盟科技,7.8,7.5,7.9,7.16,129833200.0
20260807,300370,安控科技,2.16,2.12,2.16,2.08,21763700.0
20260807,300371,汇中股份,10.09,10.13,10.14,9.85,2310600.0
20260807,300373,扬杰科技,93.89,96.93,98.55,92.5,17274500.0
20260807,300374,中铁装配,11.1,10.91,11.1,10.71,3239300.0
20260807,300375,鹏翎股份,3.96,3.92,3.97,3.87,8103700.0
20260807,300376,易事特,4.85,4.76,4.85,4.69,21774200.0
20260807,300377,赢时胜,14.72,14.38,14.73,13.93,35209000.0
20260807,300378,鼎捷数智,36.75,36.66,37.24,35.27,18352200.0
20260807,300380,安硕信息,30.95,30.3,31.01,29.77,2865800.0
20260807,300381,溢多利,5.86,5.98,6.0,5.8,8164400.0
20260807,300382,斯莱克,14.15,14.32,14.42,13.7,25697800.0
20260807,300383,光环新网,13.7,13.59,13.89,13.33,80521100.0
20260807,300384,三联虹普,12.26,12.23,12.41,12.07,2216500.0
20260807,300386,飞天诚信,12.44,11.86,12.44,11.34,36309200.0
20260807,300387,富邦科技,7.18,7.16,7.21,7.04,5160100.0
20260807,300388,节能国祯,6.75,6.68,6.81,6.62,5232900.0
20260807,300389,艾比森,12.63,12.74,12.77,12.29,5469800.0
20260807,300390,天华新能,59.92,60.7,61.47,59.03,35049800.0
20260807,300393,中来股份,6.27,6.25,6.33,6.12,18226000.0
20260807,300394,天孚通信,230.0,230.68,236.82,224.96,60993200.0
20260807,300395,菲利华,82.39,89.6,93.06,79.69,47176000.0
20260807,300397,天和防务,10.94,10.97,11.02,10.72,14163700.0
20260807,300398,飞凯材料,35.6,36.81,37.23,34.83,48619000.0
20260807,300399,天利科技,17.84,17.57,17.85,17.2,3908700.0
20260807,300400,劲拓股份,26.45,30.7,31.28,26.45,35009700.0
20260807,300401,花园生物,13.64,14.12,14.26,13.41,31576100.0
20260807,300402,宝色股份,14.81,14.92,15.08,14.42,4378200.0
20260807,300403,汉宇集团,9.75,9.64,9.75,9.4,8700400.0
20260807,300404,博济医药,9.91,10.9,10.95,9.86,48360600.0
20260807,300405,科隆股份,5.48,5.47,5.49,5.3,9054600.0
20260807,300406,九强生物,11.53,11.75,11.75,11.38,6279900.0
20260807,300407,凯发电气,12.79,12.51,12.95,12.27,12995600.0
20260807,300408,三环集团,124.59,127.39,133.0,120.33,84024700.0
20260807,300409,道氏技术,18.52,19.27,19.68,17.92,47297800.0
20260807,300410,正业科技,7.65,7.89,7.92,7.55,27309900.0
20260807,300411,金盾股份,7.37,7.37,7.41,7.21,7163400.0
20260807,300412,迦南科技,4.31,4.35,4.42,4.18,13974700.0
20260807,300413,芒果超媒,16.1,16.0,16.15,15.62,20871600.0
20260807,300414,中光防雷,11.59,11.48,11.64,11.25,12229800.0
20260807,300415,伊之密,21.64,21.28,21.64,21.08,8044100.0
20260807,300416,苏试试验,15.17,15.32,15.46,15.02,18833300.0
20260807,300417,南华仪器,10.62,10.6,10.69,10.31,3220400.0
20260807,300418,昆仑万维,43.73,44.88,45.52,42.46,96254700.0
20260807,300420,五洋自控,8.1,8.24,8.43,7.9,138492500.0
20260807,300421,力星股份,17.5,17.66,17.69,17.02,7701000.0
20260807,300422,博世科,4.5,4.47,4.52,4.39,9769300.0
20260807,300423,昇辉科技,5.85,5.66,5.85,5.57,12439000.0
20260807,300424,航新科技,14.22,14.22,14.28,13.85,6809600.0
20260807,300425,中建环能,3.96,3.95,4.0,3.88,11080800.0
20260807,300426,华智数媒,6.04,5.94,6.05,5.66,9697800.0
20260807,300427,红相股份,6.93,6.94,6.95,6.71,27270100.0
20260807,300428,立中集团,18.81,19.03,19.07,18.68,5770800.0
20260807,300429,强力新材,10.51,10.7,10.79,10.19,27488000.0
20260807,300432,富临精工,15.81,16.03,16.16,15.71,34275400.0
20260807,300433,蓝思科技,35.1,35.9,36.8,35.0,143968800.0
20260807,300434,金石亚药,10.43,11.45,11.46,10.43,34646600.0
20260807,300435,中泰股份,17.56,17.5,17.68,17.01,13766600.0
20260807,300436,广生堂,91.88,96.88,97.7,91.86,8697700.0
20260807,300437,清水源,11.07,11.04,11.15,10.81,5668900.0
20260807,300438,鹏辉能源,61.58,62.69,63.15,60.84,21550900.0
20260807,300439,美康生物,8.71,9.25,9.27,8.64,11018100.0
20260807,300440,运达科技,19.01,19.0,19.45,18.7,9784600.0
20260807,300441,鲍斯股份,6.85,6.81,6.85,6.69,4617400.0
20260807,300442,润泽科技,68.99,69.75,71.08,67.38,38502000.0
20260807,300443,金雷股份,21.0,21.1,21.25,20.84,3946500.0
20260807,300444,双杰电气,10.55,10.67,10.7,10.34,51472100.0
20260807,300445,康斯特,18.72,18.88,18.89,18.43,2251800.0
20260807,300446,航天智造,13.88,13.96,13.97,13.6,8084400.0
20260807,300447,全信股份,13.82,13.85,13.92,13.58,3380400.0
20260807,300448,浩云科技,5.74,5.62,5.8,5.5,16524300.0
20260807,300449,汉邦高科,7.15,7.19,7.29,6.9,12381100.0
20260807,300450,先导智能,34.48,34.9,35.05,33.9,39702300.0
20260807,300451,创业慧康,3.66,3.63,3.66,3.52,30625800.0
20260807,300452,山河药辅,12.23,12.59,12.6,12.21,5452400.0
20260807,300453,三鑫医疗,9.41,9.55,9.55,9.34,9042600.0
20260807,300454,深信服,125.0,122.94,129.0,118.29,28783400.0
20260807,300455,航天智装,19.51,19.49,19.57,19.0,7351400.0
20260807,300456,赛微电子,31.5,31.96,32.08,30.98,24965400.0
20260807,300457,赢合科技,20.21,20.12,20.5,19.95,10339100.0
20260807,300458,全志科技,34.2,34.6,34.9,33.36,64340500.0
20260807,300459,汤姆猫,3.81,3.78,3.81,3.67,129789300.0
20260807,300461,田中精机,31.71,31.94,32.0,30.71,3672800.0
20260807,300463,迈克生物,9.04,9.35,9.35,9.0,9934300.0
20260807,300464,星徽股份,6.49,6.39,6.49,6.24,5593600.0
20260807,300465,高伟达,13.54,12.58,13.54,12.51,37503000.0
20260807,300466,赛摩智能,7.3,7.33,7.36,7.15,5369700.0
20260807,300467,迅游科技,34.26,34.04,34.5,33.5,2365400.0
20260807,300468,四方精创,23.22,22.11,23.3,21.68,54397000.0
20260807,300469,信息发展,59.0,59.87,60.48,57.33,7760000.0
20260807,300470,中密控股,29.35,29.53,29.55,29.22,1261200.0
20260807,300471,厚普股份,9.79,9.66,9.83,9.55,6630900.0
20260807,300473,德尔股份,22.3,22.32,22.36,21.67,3688100.0
20260807,300474,景嘉微,52.9,53.18,53.43,52.11,8645000.0
20260807,300475,香农芯创,152.59,158.69,160.78,150.7,36654600.0
20260807,300476,胜宏科技,256.0,280.2,286.15,255.9,72549900.0
20260807,300478,杭州高新,28.3,29.45,29.6,28.2,3898600.0
20260807,300479,神思电子,14.4,13.96,14.48,13.69,6366900.0
20260807,300480,光力科技,32.27,35.05,35.7,31.88,34883700.0
20260807,300481,濮阳惠成,13.89,14.1,14.14,13.57,11896700.0
20260807,300482,万孚生物,17.16,17.52,17.55,17.01,7519000.0
20260807,300483,首华燃气,23.1,23.29,23.79,22.62,13981300.0
20260807,300484,蓝海华腾,13.02,13.16,13.16,12.77,5422000.0
20260807,300485,赛升药业,9.08,9.63,9.65,9.05,14322700.0
20260807,300486,东杰智能,19.9,20.43,20.45,19.69,9449600.0
20260807,300487,蓝晓科技,64.35,68.71,69.18,63.72,9702100.0
20260807,300488,恒锋工具,31.04,31.49,31.8,30.8,5121400.0
20260807,300489,光智科技,206.01,240.0,242.4,206.01,19287900.0
20260807,300490,华自科技,11.86,11.92,11.96,11.6,12433100.0
20260807,300491,通合科技,27.75,28.14,28.5,27.11,11015500.0
20260807,300492,华图山鼎,26.28,26.6,26.94,24.83,8101400.0
20260807,300493,润欣科技,13.19,13.14,13.19,12.77,11783400.0
20260807,300494,盛天网络,9.14,8.92,9.33,8.7,28143700.0
20260807,300496,中科创达,62.38,62.5,62.8,60.52,17474700.0
20260807,300497,富祥股份,18.21,19.05,19.05,18.18,40385000.0
20260807,300498,温氏股份,13.5,13.56,13.67,13.32,33537800.0
20260807,300499,高澜股份,28.03,29.1,29.27,27.54,24462900.0
20260807,300500,启迪设计,9.11,9.09,9.21,8.87,2980500.0
20260807,300501,海顺新材,10.31,10.22,10.31,9.96,3459300.0
20260807,300502,新易盛,430.34,420.95,448.62,413.18,59827800.0
20260807,300503,昊志机电,72.57,74.49,74.64,71.71,23105000.0
20260807,300504,天邑股份,14.88,14.75,14.98,14.51,5607300.0
20260807,300505,川金诺,19.11,19.17,19.2,18.81,15044600.0
20260807,300506,名家汇,7.36,5.65,7.36,5.65,148483800.0
20260807,300507,苏奥传感,6.66,6.58,6.69,6.5,8056500.0
20260807,300508,维宏股份,46.37,46.42,47.35,45.12,4315800.0
20260807,300509,新美星,8.32,8.4,8.41,8.2,4263100.0
20260807,300510,金冠股份,3.47,3.41,3.47,3.34,22871800.0
20260807,300511,雪榕生物,5.27,5.27,5.29,5.16,22465600.0
20260807,300512,中亚股份,7.05,7.05,7.07,6.86,4271200.0
20260807,300513,恒实科技,7.23,7.17,7.26,7.01,7192600.0
20260807,300514,友讯达,9.61,9.44,9.61,9.27,2594300.0
20260807,300515,三德科技,15.8,15.96,16.06,15.49,6343400.0
20260807,300516,久之洋,30.72,31.14,31.2,30.11,5265500.0
20260807,300517,海波重科,9.63,9.65,9.73,9.43,5284000.0
20260807,300518,新迅达,23.51,24.75,25.1,23.02,15541000.0
20260807,300519,新光药业,13.95,14.17,14.23,13.68,7024100.0
20260807,300520,科大国创,26.47,26.38,26.56,25.52,10313900.0
20260807,300521,爱司凯,23.18,23.48,24.05,22.97,4435200.0
20260807,300522,世名科技,14.35,13.82,14.48,12.88,25024000.0
20260807,300523,辰安科技,19.58,19.32,19.66,19.05,2102100.0
20260807,300525,博思软件,9.28,9.02,9.32,8.76,40290900.0
20260807,300528,幸福蓝海,13.99,13.96,14.08,13.51,17190400.0
20260807,300529,健帆生物,16.8,16.38,16.95,15.94,28234800.0
20260807,300530,领湃科技,19.01,19.0,19.29,18.5,5696000.0
20260807,300531,优博讯,17.33,17.17,17.41,16.63,26674100.0
20260807,300532,今天国际,7.09,7.02,7.09,6.9,10356700.0
20260807,300533,冰川网络,15.42,15.24,15.43,14.78,8475000.0
20260807,300534,陇神戎发,14.6,16.43,17.0,14.2,111574000.0
20260807,300535,达威股份,14.56,14.55,14.7,14.24,2369200.0
20260807,300536,农尚环境,8.93,8.88,9.04,8.4,10086000.0
20260807,300537,广信材料,19.46,20.23,20.38,18.96,15907000.0
20260807,300538,同益股份,13.89,14.76,14.76,13.73,8822000.0
20260807,300539,横河精密,19.27,19.28,19.45,18.71,6525500.0
20260807,300540,蜀道装备,33.53,35.11,36.4,32.2,42789300.0
20260807,300541,先进数通,11.08,10.77,11.09,10.57,16017000.0
20260807,300542,新晨科技,12.32,12.06,12.35,11.82,5895700.0
20260807,300543,朗科智能,7.74,7.73,7.83,7.46,6397500.0
20260807,300545,联得装备,28.01,28.68,28.7,27.47,7405000.0
20260807,300546,雄帝科技,17.4,16.6,17.42,16.21,13978400.0
20260807,300547,川环科技,25.51,25.79,25.96,24.87,7354900.0
20260807,300548,长芯博创,171.0,177.04,178.68,169.0,20721000.0
20260807,300549,优德精密,13.82,13.82,13.85,13.39,1499400.0
20260807,300550,和仁科技,12.21,11.94,12.27,11.81,4908800.0
20260807,300551,古鳌科技,10.2,9.99,10.29,9.71,10454200.0
20260807,300552,万集科技,23.05,22.58,23.29,21.9,17903100.0
20260807,300553,集智股份,44.93,45.85,46.5,42.99,4666800.0
20260807,300554,三超新材,20.59,20.93,20.98,20.11,4040800.0
20260807,300556,丝路视觉,16.23,16.04,16.3,15.67,5037800.0
20260807,300557,理工光科,25.94,26.85,27.45,25.55,5061200.0
20260807,300558,贝达药业,61.05,70.21,70.49,60.81,30324900.0
20260807,300559,佳发教育,11.82,11.49,11.87,11.29,10132000.0
20260807,300560,中富通,15.83,16.47,16.56,15.64,15863600.0
20260807,300561,汇金科技,18.6,18.46,18.75,17.99,25104700.0
20260807,300562,乐心医疗,14.92,15.42,15.48,14.7,10618700.0
20260807,300563,神宇股份,24.18,24.18,24.29,23.5,3533100.0
20260807,300564,筑博设计,12.22,12.0,12.25,11.65,4603900.0
20260807,300565,科信技术,9.7,10.07,10.2,9.58,19872600.0
20260807,300566,激智科技,25.03,26.95,28.52,24.45,27471600.0
20260807,300567,精测电子,208.79,223.91,226.26,202.5,11028300.0
20260807,300568,星源材质,13.8,13.53,13.86,13.29,64413000.0
20260807,300569,天能重工,4.89,4.89,4.9,4.81,11940500.0
20260807,300570,太辰光,137.22,143.43,146.0,134.5,26783400.0
20260807,300571,平治信息,34.47,34.96,35.0,33.27,8803500.0
20260807,300572,安车检测,20.3,20.45,20.57,19.68,3774400.0
20260807,300573,兴齐眼药,40.59,42.61,42.68,40.4,12437000.0
20260807,300575,中旗股份,5.52,5.5,5.52,5.37,12641800.0
20260807,300576,容大感光,29.58,31.99,33.0,28.68,54269400.0
20260807,300577,开润股份,18.6,18.41,18.81,18.1,5280600.0
20260807,300578,会畅科技,16.49,16.29,16.49,15.83,5272000.0
20260807,300579,数字认证,23.0,22.46,23.0,21.85,4726100.0
20260807,300580,贝斯特,21.84,21.53,22.05,21.05,13282300.0
20260807,300581,晨曦航空,10.12,10.16,10.19,9.88,12443900.0
20260807,300582,英飞特,11.3,11.15,11.3,10.83,6225500.0
20260807,300583,赛托生物,12.3,12.76,12.84,12.28,4034400.0
20260807,300584,海辰药业,33.05,35.98,36.2,32.87,8874100.0
20260807,300585,奥联电子,15.35,15.36,15.52,14.82,5094700.0
20260807,300586,美联新材,8.79,9.28,9.37,8.62,33544800.0
20260807,300587,天铁科技,4.9,4.99,4.99,4.82,53456900.0
20260807,300588,熙菱信息,22.51,22.3,22.7,21.85,3867500.0
20260807,300589,江龙船艇,13.12,13.25,13.69,12.86,25615700.0
20260807,300590,移为通信,11.08,11.18,11.2,10.86,18507300.0
20260807,300591,万里马,7.43,7.46,7.48,7.22,15647400.0
20260807,300592,华凯易佰,16.88,17.15,17.31,16.02,30681900.0
20260807,300593,新雷能,27.2,28.12,28.32,26.28,32296900.0
20260807,300595,欧普康视,11.13,11.38,11.39,10.98,14223500.0
20260807,300596,利安隆,41.21,42.2,42.75,41.18,4208700.0
20260807,300597,吉大通信,7.63,7.58,7.68,7.4,7168900.0
20260807,300598,诚迈科技,30.2,29.59,30.38,29.02,8291300.0
20260807,300599,雄塑科技,11.46,11.85,11.9,11.18,10347700.0
20260807,300600,国瑞科技,10.24,10.15,10.24,9.95,5425400.0
20260807,300601,康泰生物,12.22,12.85,12.87,12.16,26782300.0
20260807,300602,飞荣达,36.81,37.3,37.76,35.96,17589200.0
20260807,300603,立昂技术,8.09,7.96,8.1,7.79,12298500.0
20260807,300604,长川科技,280.01,283.21,286.47,271.33,22053000.0
20260807,300605,恒锋信息,10.69,10.47,10.77,10.14,17046300.0
20260807,300606,金太阳,34.0,34.34,34.88,32.68,11780700.0
20260807,300607,拓斯达,33.0,33.41,33.45,32.06,30832300.0
20260807,300608,思特奇,10.67,10.69,10.84,10.24,18308400.0
20260807,300609,汇纳科技,26.41,26.19,26.54,25.21,4164600.0
20260807,300610,晨化股份,9.84,9.77,9.84,9.53,3561800.0
20260807,300611,美力科技,23.96,24.16,24.27,23.81,2114200.0
20260807,300612,宣亚国际,12.31,12.24,12.4,11.81,10242000.0
20260807,300613,富瀚微,70.6,74.25,74.88,70.6,23400300.0
20260807,300614,百川畅银,10.47,10.46,10.55,10.25,2507600.0
20260807,300615,欣天科技,18.1,17.19,18.57,16.56,53799800.0
20260807,300616,尚品宅配,10.35,10.34,10.42,10.06,4515200.0
20260807,300617,安靠智电,42.97,42.08,42.97,41.51,5824600.0
20260807,300618,寒锐钴业,36.58,36.79,38.24,35.92,23731500.0
20260807,300619,金银河,26.62,27.93,27.97,26.15,8600000.0
20260807,300620,光库科技,281.97,288.08,297.07,276.51,19738000.0
20260807,300621,维业股份,7.11,7.08,7.11,6.89,3970600.0
20260807,300622,博士眼镜,15.89,15.68,15.89,15.43,9265600.0
20260807,300623,捷捷微电,25.54,26.41,26.91,25.14,39275700.0
20260807,300624,万兴科技,55.58,56.28,56.84,53.46,14756800.0
20260807,300625,三雄极光,9.39,9.33,9.49,9.18,2226500.0
20260807,300626,华瑞股份,31.52,31.6,31.82,30.62,5499100.0
20260807,300627,华测导航,28.11,28.16,28.28,27.82,7493100.0
20260807,300628,亿联网络,39.63,39.18,39.63,38.51,15458300.0
20260807,300629,新劲刚,17.95,17.9,17.95,17.47,6118800.0
20260807,300631,久吾高科,21.31,22.05,22.1,21.24,3130200.0
20260807,300632,光莆股份,18.61,19.17,19.38,18.04,38294700.0
20260807,300633,开立医疗,20.04,20.33,20.45,19.62,6055100.0
20260807,300634,彩讯股份,21.0,20.61,21.0,20.01,14268200.0
20260807,300635,中达安,11.43,11.61,11.67,11.15,4610500.0
20260807,300636,同和药业,6.85,6.94,6.96,6.75,8566300.0
20260807,300637,扬帆新材,8.99,8.99,9.06,8.74,7108900.0
20260807,300638,广和通,21.25,20.83,21.39,20.4,29867500.0
20260807,300639,凯普生物,5.68,5.85,5.87,5.64,18807000.0
20260807,300640,德艺文创,6.52,6.31,6.52,6.16,15821700.0
20260807,300641,正丹股份,14.68,14.69,14.82,14.51,6848300.0
20260807,300642,透景生命,12.87,13.25,13.32,12.66,3937500.0
20260807,300643,万通智控,17.25,18.45,18.46,17.04,10944100.0
20260807,300644,南京聚隆,21.58,21.66,21.66,21.02,1936600.0
20260807,300645,正元智慧,13.25,12.93,13.28,12.54,5337100.0
20260807,300647,超频三,5.6,5.66,5.7,5.37,17878200.0
20260807,300648,星云股份,39.0,40.3,40.51,38.3,4241500.0
20260807,300649,杭州园林,20.75,24.41,24.9,20.58,11936600.0
20260807,300650,太龙股份,11.49,11.54,11.55,11.14,5466200.0
20260807,300651,金陵体育,17.46,17.27,17.52,16.91,4876300.0
20260807,300652,雷迪克,29.89,29.62,29.93,28.8,1676300.0
20260807,300653,正海生物,14.59,15.42,15.53,14.45,5408600.0
20260807,300654,世纪天鸿,11.16,11.03,11.16,10.66,30289300.0
20260807,300655,晶瑞电材,13.2,13.48,13.6,12.85,85540400.0
20260807,300656,民德电子,25.1,25.99,26.62,24.5,6325600.0
20260807,300657,弘信电子,35.31,36.5,36.91,35.03,31688800.0
20260807,300658,延江股份,10.73,10.7,10.73,10.32,8058600.0
20260807,300659,中孚信息,10.9,10.32,10.99,10.08,12074300.0
20260807,300660,江苏雷利,28.13,28.14,28.27,27.54,7959500.0
20260807,300661,圣邦股份,106.87,111.68,113.3,106.02,13170200.0
20260807,300662,科锐国际,21.19,20.62,21.19,20.15,6091500.0
20260807,300663,科蓝软件,9.68,9.7,9.8,9.25,63460900.0
20260807,300664,鹏鹞环保,4.56,4.56,4.57,4.5,5835300.0
20260807,300665,飞鹿股份,9.6,9.55,9.72,9.33,9365800.0
20260807,300666,江丰电子,245.94,252.54,255.25,240.0,22280000.0
20260807,300667,必创科技,14.2,14.32,14.34,13.91,5008700.0
20260807,300668,杰恩股份,40.0,39.6,41.26,38.85,4205800.0
20260807,300669,沪宁股份,23.13,22.79,23.13,22.37,1332000.0
20260807,300670,大烨智能,6.07,6.03,6.1,5.89,6237200.0
20260807,300671,富满微,60.75,63.92,64.8,60.0,16237100.0
20260807,300672,国科微,146.7,168.48,170.66,145.75,18398400.0
20260807,300673,佩蒂股份,13.14,13.25,13.37,13.02,2622400.0
20260807,300674,宇信科技,16.7,16.25,16.78,15.95,24137700.0
20260807,300675,建科院,12.41,12.35,12.49,12.09,2290600.0
20260807,300676,华大基因,37.82,39.96,39.97,37.48,11283800.0
20260807,300677,英科医疗,49.9,50.54,51.25,49.21,9516200.0
20260807,300678,中科信息,23.66,23.46,23.84,22.9,8323200.0
20260807,300679,电连技术,40.86,42.19,42.85,39.89,18912900.0
20260807,300680,隆盛科技,21.9,22.16,22.22,21.55,7272400.0
20260807,300681,英搏尔,21.15,21.48,21.5,20.58,9215200.0
20260807,300682,朗新科技,11.72,11.61,11.72,11.31,20824500.0
20260807,300683,海特生物,26.35,29.43,29.89,26.23,15530100.0
20260807,300684,中石科技,47.88,51.7,52.95,47.2,19600600.0
20260807,300685,艾德生物,17.39,18.02,18.03,17.3,11043300.0
20260807,300686,智动力,14.93,15.61,16.31,14.78,31705900.0
20260807,300687,赛意信息,27.45,27.98,28.12,26.98,19888000.0
20260807,300688,创业黑马,31.56,30.59,32.96,30.13,18591400.0
20260807,300689,澄天伟业,51.2,51.54,52.33,50.59,3754200.0
20260807,300690,双一科技,21.68,21.48,21.68,21.08,2795900.0
20260807,300691,联合光电,13.68,13.54,13.72,13.4,3430400.0
20260807,300692,中赋科技,8.58,9.32,9.39,8.48,45911700.0
20260807,300693,盛弘股份,36.5,38.21,38.53,36.31,17854700.0
20260807,300694,蠡湖股份,10.63,10.63,10.75,10.45,3731900.0
20260807,300695,兆丰股份,49.68,49.4,49.93,48.21,1071200.0
20260807,300696,爱乐达,20.55,20.6,20.7,19.85,6258300.0
20260807,300697,电工合金,14.2,14.94,15.88,14.03,22033900.0
20260807,300698,万马科技,26.28,25.58,26.31,25.03,4682400.0
20260807,300699,光威复材,25.95,26.28,26.35,25.7,14761600.0
20260807,300700,岱勒新材,17.2,18.05,18.18,17.07,13231500.0
20260807,300701,森霸传感,9.55,9.58,9.69,9.41,3834900.0
20260807,300702,天宇股份,21.05,21.84,21.87,20.73,6355600.0
20260807,300703,创源股份,13.8,13.1,13.9,12.86,8164500.0
20260807,300705,九典制药,10.86,11.35,11.38,10.84,12530800.0
20260807,300706,阿石创,50.69,53.6,54.06,50.05,16690100.0
20260807,300707,威唐工业,11.99,11.95,12.02,11.73,3810000.0
20260807,300708,聚灿光电,7.8,7.73,7.84,7.67,13846200.0
20260807,300709,精研科技,38.16,38.49,38.97,37.67,9078500.0
20260807,300710,万隆光电,28.4,28.04,28.4,27.46,2013900.0
20260807,300711,广哈通信,19.5,19.92,21.2,19.5,28653600.0
20260807,300712,永福股份,20.98,20.83,20.98,20.5,1305000.0
20260807,300713,英可瑞,13.0,12.73,13.12,12.5,2887000.0
20260807,300715,凯伦股份,13.78,13.89,14.16,12.91,19563100.0
20260807,300717,华信新材,18.44,18.21,18.44,17.8,2639800.0
20260807,300718,长盛轴承,69.17,68.79,70.22,65.0,17137000.0
20260807,300719,安达维尔,11.55,11.59,11.66,11.35,3336100.0
20260807,300720,海川智能,73.99,75.95,78.3,72.88,20026800.0
20260807,300721,怡达股份,23.5,23.31,23.89,22.1,17934100.0
20260807,300722,新余国科,21.8,21.81,21.89,21.4,2389000.0
20260807,300723,一品红,36.08,37.99,38.38,35.83,16250300.0
20260807,300724,捷佳伟创,58.81,59.55,60.04,58.35,9261000.0
20260807,300725,药石科技,40.26,47.5,47.86,40.12,47872800.0
20260807,300726,宏达电子,53.95,54.45,55.08,52.3,20937900.0
20260807,300727,润禾材料,28.8,28.52,28.89,27.95,2831800.0
20260807,300729,乐歌股份,10.2,10.16,10.2,10.01,2398000.0
20260807,300730,科创信息,12.28,12.08,12.28,11.73,5978400.0
20260807,300731,科创新源,38.1,38.55,38.73,36.79,7001300.0
20260807,300732,设研院,6.0,5.96,6.01,5.81,6775900.0
20260807,300733,西菱动力,14.29,14.22,14.45,14.18,4809600.0
20260807,300735,光弘科技,20.88,20.48,20.95,20.31,16878000.0
20260807,300736,百邦科技,28.65,28.79,29.6,27.83,5967600.0
20260807,300737,科顺股份,5.14,5.13,5.15,5.02,18444500.0
20260807,300738,奥飞数据,22.91,22.59,23.11,22.23,68214300.0
20260807,300739,明阳电路,22.37,23.46,23.65,22.28,16725900.0
20260807,300740,水羊股份,21.82,21.55,22.0,21.46,23582400.0
20260807,300741,华宝股份,13.21,13.28,13.31,12.9,2146900.0
20260807,300743,天地数码,14.93,14.91,14.93,14.68,1861000.0
20260807,300745,欣锐科技,29.69,30.01,30.19,28.06,12049800.0
20260807,300746,汉嘉数智,14.79,14.87,15.17,14.35,11290400.0
20260807,300747,锐科激光,35.24,36.1,36.18,34.49,23372300.0
20260807,300748,金力永磁,26.82,27.86,28.3,26.6,46207200.0
20260807,300749,顶固集创,20.56,22.1,22.25,19.91,6934500.0
20260807,300750,宁德时代,387.99,388.07,388.88,384.02,25519300.0
20260807,300751,迈为股份,170.01,171.77,173.25,165.12,6358400.0
20260807,300752,隆利科技,10.13,10.18,10.22,9.91,6256300.0
20260807,300753,爱朋医疗,23.07,23.54,23.98,22.71,20001900.0
20260807,300755,华致酒行,11.5,11.58,11.59,11.19,4618400.0
20260807,300756,金马游乐,30.01,30.45,30.78,29.66,4620700.0
20260807,300757,罗博特科,479.0,510.0,514.77,470.19,10193900.0
20260807,300758,七彩化学,10.38,11.39,12.0,10.17,27481000.0
20260807,300759,康龙化成,40.22,45.28,45.3,39.6,105485700.0
20260807,300760,迈瑞医疗,149.01,151.41,151.41,148.37,10513900.0
20260807,300761,立华股份,18.75,18.59,18.89,18.43,5924200.0
20260807,300762,上海瀚讯,32.4,32.93,33.11,31.66,28505900.0
20260807,300763,锦浪科技,61.35,62.75,63.2,60.58,11381400.0
20260807,300765,石药创新,39.02,41.18,43.33,38.1,33886400.0
20260807,300766,每日互动,24.8,24.64,24.8,23.69,33139100.0
20260807,300767,震安科技,18.37,18.55,18.68,18.0,8010100.0
20260807,300768,迪普科技,17.33,16.89,17.33,16.47,18115900.0
20260807,300769,德方纳米,46.66,47.0,47.19,45.3,15150300.0
20260807,300770,新媒股份,34.3,34.02,34.5,33.51,2393000.0
20260807,300771,智莱科技,12.21,12.06,12.28,11.81,7592100.0
20260807,300772,运达股份,12.55,12.53,12.63,12.36,16381900.0
20260807,300773,拉卡拉,16.07,15.88,16.14,15.47,66836800.0
20260807,300774,倍杰特,10.44,10.97,11.14,10.29,15764500.0
20260807,300775,三角防务,21.62,21.7,21.81,21.2,11775700.0
20260807,300776,帝尔激光,116.0,122.53,124.56,114.87,13156900.0
20260807,300777,中简科技,24.61,25.12,25.2,24.2,11441300.0
20260807,300778,新城市,10.38,10.52,10.56,10.07,4874900.0
20260807,300779,惠城环保,74.89,74.75,75.98,73.0,16512300.0
20260807,300780,德恩精工,20.28,20.49,20.52,19.41,9592500.0
20260807,300781,因赛集团,28.7,28.97,29.13,27.62,7133900.0
20260807,300782,卓胜微,75.3,78.02,78.2,74.0,16320600.0
20260807,300783,三只松鼠,17.66,17.49,17.68,17.09,7226400.0
20260807,300784,利安科技,40.0,39.93,40.78,39.3,637100.0
20260807,300785,值得买,40.03,40.46,40.72,38.88,14537000.0
20260807,300786,国林科技,15.44,15.81,15.89,15.16,10447700.0
20260807,300787,海能实业,8.85,8.74,8.85,8.61,3358200.0
20260807,300788,中信出版,25.61,25.72,25.87,25.03,4485500.0
20260807,300789,唐源电气,19.03,18.61,19.18,18.11,9282600.0
20260807,300790,宇瞳光学,17.56,17.83,18.11,17.17,22912300.0
20260807,300791,仙乐健康,16.99,16.95,16.99,16.5,1538200.0
20260807,300792,壹网壹创,25.31,25.24,25.48,24.47,9155000.0
20260807,300793,佳禾智能,11.25,11.3,11.32,11.03,6784100.0
20260807,300795,米奥会展,15.41,15.52,16.25,14.78,42928400.0
20260807,300796,贝斯美,6.67,6.59,6.67,6.47,5050900.0
20260807,300797,钢研纳克,12.42,12.65,12.69,12.4,3158700.0
20260807,300798,锦鸡股份,7.47,7.45,7.6,7.17,31360800.0
20260807,300800,力合科技,9.63,9.66,9.71,9.42,3695200.0
20260807,300801,泰和科技,23.64,24.04,24.09,23.15,8472500.0
20260807,300802,矩子科技,21.45,22.57,22.6,21.12,12404800.0
20260807,300803,指南针,83.97,84.0,84.54,82.39,15984700.0
20260807,300804,广康生化,40.44,40.65,42.2,39.17,2560700.0
20260807,300805,电声股份,8.3,8.32,8.33,7.99,13326800.0
20260807,300806,斯迪克,46.95,47.89,48.7,45.62,38308800.0
20260807,300807,天迈科技,37.72,38.09,38.23,36.76,1546900.0
20260807,300808,久量股份,18.62,18.18,18.66,17.74,2007400.0
20260807,300809,华辰装备,24.6,24.4,24.78,23.62,6669500.0
20260807,300810,中科海讯,24.36,24.49,24.49,23.7,1742000.0
20260807,300811,铂科新材,68.8,70.98,72.1,68.0,13833400.0
20260807,300812,易天股份,19.29,19.92,19.97,18.93,8603200.0
20260807,300813,泰林生物,19.42,19.98,20.0,19.12,2137600.0
20260807,300814,中富电路,125.51,141.99,145.66,125.51,12777200.0
20260807,300815,玉禾田,16.35,16.34,16.45,16.13,5180600.0
20260807,300816,艾可蓝,50.71,52.26,52.57,48.32,2501200.0
20260807,300817,双飞集团,15.66,15.76,15.82,15.43,2293700.0
20260807,300818,耐普矿机,21.37,21.28,21.59,20.71,5594400.0
20260807,300819,聚杰微纤,46.92,48.75,50.18,45.45,5805800.0
20260807,300820,英杰电气,54.81,54.26,56.27,52.79,6970200.0
20260807,300821,东岳硅材,16.7,16.99,17.13,16.25,87186300.0
20260807,300822,贝仕达克,11.97,11.95,12.04,11.61,8370900.0
20260807,300823,建科智能,14.43,14.35,14.43,14.05,2376800.0
20260807,300824,北鼎股份,7.8,7.75,7.8,7.6,4141400.0
20260807,300825,阿尔特,11.43,11.43,11.53,10.86,27909800.0
20260807,300826,测绘股份,13.65,13.77,14.08,13.42,4520100.0
20260807,300827,上能电气,25.45,25.58,25.76,25.03,13176700.0
20260807,300828,锐新科技,15.38,15.51,15.55,15.07,3541800.0
20260807,300829,金丹科技,14.55,14.55,14.65,14.14,3594600.0
20260807,300830,金现代,8.59,8.39,8.61,8.2,11394000.0
20260807,300832,新产业,46.5,48.29,48.34,46.25,7965800.0
20260807,300833,浩洋股份,37.22,36.84,37.32,36.36,695000.0
20260807,300834,星辉环材,39.99,39.32,40.29,38.18,1927200.0
20260807,300835,龙磁科技,142.74,147.92,150.97,140.25,5354700.0
20260807,300836,佰奥智能,50.21,50.22,50.73,48.12,2872300.0
20260807,300837,浙矿股份,22.77,22.91,22.95,22.23,1563400.0
20260807,300838,浙江力诺,13.36,13.33,13.4,13.02,1850200.0
20260807,300839,博汇股份,11.0,10.81,11.01,10.61,5178500.0
20260807,300840,酷特智能,19.19,20.65,20.65,19.02,12529200.0
20260807,300841,康华生物,45.46,48.29,48.31,45.3,4044000.0
20260807,300842,帝科股份,55.92,58.0,58.45,54.7,4564200.0
20260807,300843,胜蓝股份,115.95,117.97,121.99,113.88,7786900.0
20260807,300844,山水比德,22.88,22.93,22.97,22.03,1603700.0
20260807,300845,捷安高科,10.89,10.87,10.93,10.53,7098500.0
20260807,300846,首都在线,21.11,20.99,21.38,20.29,28894400.0
20260807,300847,中船汉光,15.85,14.99,15.89,14.46,23917400.0
20260807,300848,美瑞新材,13.0,13.12,13.2,12.89,4224200.0
20260807,300849,锦盛新材,22.3,22.66,23.66,22.11,3887500.0
20260807,300850,新强联,29.46,29.32,29.67,29.02,11486300.0
20260807,300851,交大思诺,23.29,23.37,23.48,22.68,1144000.0
20260807,300852,四会富仕,43.02,45.6,46.13,43.02,11347000.0
20260807,300853,申昊科技,26.89,27.21,27.4,25.8,6092600.0
20260807,300854,中兰环保,17.14,17.52,17.63,16.55,10563700.0
20260807,300855,图南股份,29.31,30.7,30.8,29.12,8629200.0
20260807,300856,科思股份,10.94,10.93,10.98,10.69,5495500.0
20260807,300857,协创数据,245.14,253.67,254.83,241.66,28295900.0
20260807,300858,科拓生物,14.42,14.56,14.65,14.19,4047300.0
20260807,300859,西域旅游,27.09,27.49,27.63,26.58,3315500.0
20260807,300860,锋尚文化,26.5,26.48,26.8,25.75,2561200.0
20260807,300861,美畅股份,17.1,17.33,17.37,16.81,16647900.0
20260807,300863,卡倍亿,38.64,40.65,40.8,38.15,9935700.0
20260807,300864,南大环境,18.99,18.72,19.08,18.49,1086200.0
20260807,300865,大宏立,22.96,22.98,23.05,22.43,1103800.0
20260807,300866,安克创新,114.84,117.17,117.84,114.05,3587400.0
20260807,300867,圣元环保,16.36,16.46,16.57,16.2,3677800.0
20260807,300868,杰美特,82.92,87.84,88.02,79.74,4565600.0
20260807,300869,康泰医学,11.06,11.41,11.41,11.01,4847600.0
20260807,300870,欧陆通,217.15,212.71,219.0,204.02,10976800.0
20260807,300871,回盛生物,22.0,22.95,22.97,21.89,6143400.0
20260807,300872,天阳科技,16.71,16.41,16.73,15.86,16299000.0
20260807,300873,海晨股份,16.38,16.85,17.18,15.91,16112000.0
20260807,300875,捷强装备,33.68,34.76,35.51,32.69,7193200.0
20260807,300876,蒙泰高新,15.44,15.17,15.59,14.86,2403100.0
20260807,300877,金春股份,25.18,24.87,25.29,24.53,1223200.0
20260807,300878,维康药业,33.63,34.84,35.26,32.6,6318000.0
20260807,300879,大叶股份,17.49,17.14,17.6,16.75,5532900.0
20260807,300880,迦南智能,19.59,19.32,19.71,19.05,3551600.0
20260807,300881,盛德鑫泰,33.85,33.09,33.86,32.81,1889500.0
20260807,300882,万胜智能,15.1,15.12,15.2,14.81,2247800.0
20260807,300883,龙利得,5.72,5.8,5.85,5.64,18027600.0
20260807,300884,狄耐克,11.68,11.47,11.75,11.34,4278400.0
20260807,300885,海昌新材,20.8,21.06,21.1,20.23,3956100.0
20260807,300886,华业香料,22.56,22.51,22.79,21.8,1224600.0
20260807,300887,谱尼测试,8.16,7.91,8.2,7.57,49557400.0
20260807,300888,稳健医疗,29.54,29.59,29.65,29.11,3428400.0
20260807,300889,爱克股份,20.2,21.0,21.0,19.95,4398500.0
20260807,300890,翔丰华,26.1,26.45,26.53,25.65,4953500.0
20260807,300891,惠云钛业,6.99,6.96,7.02,6.84,5920000.0
20260807,300892,品渥食品,22.0,22.33,22.4,21.47,4139400.0
20260807,300893,松原安全,16.9,16.57,17.23,16.31,2984600.0
20260807,300894,火星人,12.08,12.22,12.31,11.82,9002700.0
20260807,300895,铜牛信息,54.17,53.71,54.3,52.15,6230700.0
20260807,300896,爱美客,101.99,105.26,105.38,101.04,6654300.0
20260807,300897,山科智能,16.31,16.22,16.66,15.62,10368900.0
20260807,300898,熊猫乳品,20.3,20.44,20.5,19.9,3348100.0
20260807,300899,上海凯鑫,28.13,27.93,28.15,27.45,579900.0
20260807,300900,广联航空,24.3,25.06,25.08,23.7,19431800.0
20260807,300901,中胤时尚,15.66,15.93,15.93,15.12,4705200.0
20260807,300902,国安达,16.69,16.65,16.8,16.06,4096300.0
20260807,300903,科翔股份,67.4,72.33,72.68,66.0,61186400.0
20260807,300904,威力传动,40.71,41.0,41.2,40.0,755100.0
20260807,300905,宝丽迪,38.95,40.66,41.0,38.11,8288300.0
20260807,300906,日月明,26.0,26.11,26.28,25.53,1430000.0
20260807,300907,康平科技,40.11,41.01,41.69,38.73,2596400.0
20260807,300908,仲景食品,23.74,23.82,23.85,23.37,1374200.0
20260807,300909,汇创达,48.68,50.15,50.5,46.71,5486500.0
20260807,300910,瑞丰新材,29.26,29.15,29.42,28.96,3480100.0
20260807,300911,亿田智能,22.09,21.71,22.09,21.08,8534300.0
20260807,300912,凯龙高科,19.6,20.07,20.09,19.52,8587800.0
20260807,300913,兆龙互连,35.65,35.97,36.13,34.84,7591100.0
20260807,300915,海融科技,19.71,19.73,19.8,19.39,1266100.0
20260807,300916,朗特智能,21.97,26.4,26.4,21.8,16958300.0
20260807,300917,特发服务,26.4,26.1,26.49,25.48,6066100.0
20260807,300918,南山智尚,10.7,10.68,10.74,10.44,5875300.0
20260807,300919,中伟新材,40.97,41.41,42.0,40.4,12689200.0
20260807,300920,润阳科技,31.3,32.0,32.18,30.53,1927500.0
20260807,300921,南凌科技,15.33,15.52,15.81,15.06,11608800.0
20260807,300922,天秦装备,17.0,16.97,17.12,16.51,5455700.0
20260807,300923,研奥股份,22.72,22.98,23.02,22.39,1136900.0
20260807,300925,法本信息,15.52,15.26,15.6,15.0,10210800.0
20260807,300926,博俊科技,17.74,17.66,17.83,17.48,3105000.0
20260807,300927,江天化学,21.42,21.64,21.68,21.13,2964500.0
20260807,300928,华安鑫创,25.6,25.11,25.68,24.66,1410400.0
20260807,300929,华骐环保,13.9,13.97,14.0,13.43,3859000.0
20260807,300930,屹通新材,24.84,25.25,25.25,24.29,1283600.0
20260807,300931,通用电梯,11.61,11.95,12.0,11.3,4372900.0
20260807,300932,三友联众,9.95,9.91,10.18,9.8,14620100.0
20260807,300933,中辰股份,6.78,6.9,6.99,6.5,24756600.0
20260807,300935,盈建科,33.85,33.69,34.29,31.8,5793200.0
20260807,300936,中英科技,67.01,70.73,71.68,66.4,3863500.0
20260807,300937,药易购,26.25,26.21,28.18,25.63,15018500.0
20260807,300938,信测标准,27.48,28.1,28.18,26.45,15460400.0
20260807,300939,秋田微,61.23,61.79,63.0,60.41,3928600.0
20260807,300940,南极光,14.18,14.17,14.29,13.73,6165600.0
20260807,300941,创识科技,15.65,15.37,15.92,14.98,16883700.0
20260807,300942,易瑞生物,6.64,6.69,6.69,6.44,10876200.0
20260807,300943,春晖智控,27.2,28.07,28.34,25.8,12488900.0
20260807,300945,曼卡龙,11.62,11.78,11.83,11.39,15879800.0
20260807,300946,恒而达,39.86,40.04,40.8,39.44,1025900.0
20260807,300947,德必集团,14.13,14.04,14.15,13.53,2796800.0
20260807,300948,冠中生态,20.92,20.95,21.09,19.91,5417300.0
20260807,300949,奥雅股份,21.7,21.65,21.84,21.06,1031600.0
20260807,300950,德固特,16.87,16.68,16.87,16.44,1509800.0
20260807,300951,博硕科技,66.2,68.5,69.2,64.44,7959200.0
20260807,300952,恒辉安防,17.15,17.29,17.3,16.68,3466200.0
20260807,300953,震裕科技,102.0,101.92,102.4,98.13,7048100.0
20260807,300955,嘉亨家化,31.41,31.01,31.72,30.11,1715200.0
20260807,300956,英力股份,11.29,11.07,11.29,10.77,5619000.0
20260807,300957,贝泰妮,32.68,33.29,33.33,32.39,9311400.0
20260807,300958,建工修复,11.28,11.25,11.32,11.1,4483100.0
20260807,300959,线上线下,100.25,102.92,103.29,97.52,4110700.0
20260807,300960,通业科技,15.88,15.75,15.9,15.4,1497100.0
20260807,300961,深水海纳,11.48,11.83,11.95,10.98,11282300.0
20260807,300962,中金辐照,13.3,13.16,13.35,12.96,2214800.0
20260807,300963,中洲特材,12.44,12.2,12.44,11.97,15945600.0
20260807,300964,本川智能,54.0,59.18,59.97,53.96,10792200.0
20260807,300965,恒宇信通,43.37,43.5,43.53,42.26,879100.0
20260807,300966,共同药业,26.4,26.85,27.08,26.04,4142700.0
20260807,300967,晓鸣股份,15.27,15.23,15.28,14.9,3813200.0
20260807,300968,格林精密,10.96,10.86,10.96,10.56,12270000.0
20260807,300969,恒帅股份,75.77,76.33,76.49,73.6,2208200.0
20260807,300970,华绿生物,17.4,17.34,17.4,16.96,4816000.0
20260807,300971,博亚精工,18.75,18.81,18.84,18.41,1803300.0
20260807,300972,万辰集团,202.8,202.33,202.84,197.13,1956200.0
20260807,300973,立高食品,24.86,24.84,24.9,24.26,2418400.0
20260807,300975,商络电子,27.32,28.22,28.6,26.55,75461100.0
20260807,300976,达瑞电子,53.83,56.62,57.2,52.37,6296200.0
20260807,300977,深圳瑞捷,15.81,16.05,16.07,15.32,1426100.0
20260807,300978,东箭科技,8.49,8.46,8.49,8.31,2546200.0
20260807,300979,华利集团,34.45,34.23,34.46,33.85,2838100.0
20260807,300980,祥源新材,21.76,21.99,22.12,21.19,5296200.0
20260807,300981,中红医疗,14.54,16.06,16.29,14.23,43653200.0
20260807,300982,苏文电能,15.22,15.15,15.38,14.83,2716000.0
20260807,300983,尤安设计,40.64,41.26,41.48,39.6,1576500.0
20260807,300984,金沃股份,33.88,34.58,35.0,32.95,2992200.0
20260807,300985,致远新能,31.52,33.7,34.6,31.16,6227900.0
20260807,300986,志特新材,12.38,14.8,14.8,11.78,81561200.0
20260807,300987,川网传媒,13.61,13.39,13.62,13.08,5137200.0
20260807,300988,津荣天宇,14.75,14.95,15.01,14.52,4300400.0
20260807,300989,蕾奥规划,12.72,13.36,13.93,12.62,13768600.0
20260807,300990,同飞股份,70.59,73.85,75.09,69.15,7876000.0
20260807,300991,创益通,28.32,28.4,28.87,27.5,3117500.0
20260807,300992,泰福泵业,23.09,23.93,23.97,22.64,1625100.0
20260807,300993,玉马科技,9.97,9.98,9.99,9.76,2805900.0
20260807,300994,久祺股份,10.96,10.99,11.06,10.77,2122400.0
20260807,300995,奇德新材,26.3,26.08,26.34,25.56,1122100.0
20260807,300996,普联软件,19.6,19.66,20.15,18.4,94986100.0
20260807,300997,欢乐家,17.21,17.34,17.54,16.86,19300300.0
20260807,300998,宁波方正,25.5,25.49,25.5,24.4,2506000.0
20260807,300999,金龙鱼,26.09,26.02,26.1,25.66,9435400.0
20260807,301000,肇民科技,25.68,25.57,25.92,25.01,4667500.0
20260807,301001,凯淳股份,23.59,23.53,23.69,22.76,1540500.0
20260807,301002,崧盛股份,29.0,29.22,29.36,28.09,4220700.0
20260807,301003,江苏博云,50.77,50.88,51.5,49.25,1718800.0
20260807,301004,嘉益股份,35.77,35.37,36.16,34.91,770100.0
20260807,301005,超捷股份,77.95,81.03,81.18,75.88,14209000.0
20260807,301006,迈拓股份,13.26,13.37,13.45,13.04,1796500.0
20260807,301007,德迈仕,33.45,34.27,34.29,32.66,7516100.0
20260807,301008,宏昌科技,41.41,41.41,41.41,41.41,2557000.0
20260807,301009,可靠股份,8.9,8.93,8.98,8.7,2943400.0
20260807,301010,晶雪节能,16.67,16.63,16.74,16.2,1449700.0
20260807,301011,华立科技,15.0,14.85,15.09,14.53,2170900.0
20260807,301012,扬电科技,26.31,26.31,26.53,25.52,11389200.0
20260807,301013,利和兴,44.46,45.45,47.15,43.01,47839700.0
20260807,301015,百洋医药,22.32,23.87,23.99,22.26,11325400.0
20260807,301016,雷尔伟,13.07,13.12,13.15,12.68,7183200.0
20260807,301017,漱玉平民,13.68,13.86,13.88,13.36,11372100.0
20260807,301018,申菱环境,84.23,86.68,88.36,82.36,15759400.0
20260807,301019,宁波色母,15.31,15.32,15.37,15.01,1978500.0
20260807,301020,密封科技,20.88,20.4,21.22,20.1,2562400.0
20260807,301021,英诺激光,65.26,69.35,70.11,63.5,12926000.0
20260807,301022,海泰科,22.96,22.7,23.16,22.26,1226500.0
20260807,301023,奕帆传动,29.7,29.8,30.09,29.18,1417200.0
20260807,301024,霍普股份,32.11,32.01,32.62,31.1,794400.0
20260807,301025,读客文化,8.88,8.83,9.02,8.61,6799600.0
20260807,301026,浩通科技,21.82,22.82,22.9,21.45,25873900.0
20260807,301027,华蓝集团,20.19,20.07,20.3,19.8,2944600.0
20260807,301028,鼎熔岩,12.67,12.8,12.92,12.55,5409100.0
20260807,301029,怡合达,27.27,27.76,28.15,26.9,14048400.0
20260807,301031,中熔电气,88.0,87.82,88.81,86.32,2566800.0
20260807,301032,新柴股份,9.9,9.92,9.94,9.76,3078800.0
20260807,301033,迈普医学,59.0,62.26,64.6,58.3,2522600.0
20260807,301035,润丰股份,53.48,53.54,54.38,52.11,2248600.0
20260807,301036,双乐股份,21.31,21.59,21.66,20.97,977900.0
20260807,301037,保立佳,12.76,12.71,12.96,12.3,3003100.0
20260807,301038,深水规院,16.59,16.49,16.59,16.24,3503500.0
20260807,301039,中集车辆,7.99,7.96,8.03,7.81,17157100.0
20260807,301040,中环海陆,25.63,26.58,26.7,25.2,3482500.0
20260807,301041,金百泽,23.88,24.98,25.3,23.72,6676200.0
20260807,301042,安联锐视,31.3,32.31,32.47,30.43,9635200.0
20260807,301043,绿岛风,43.0,42.87,44.85,42.13,1081000.0
20260807,301045,天禄科技,66.21,67.8,69.5,64.47,6458400.0
20260807,301046,能辉科技,19.32,19.46,19.7,18.83,4499700.0
20260807,301047,义翘神州,88.85,107.88,107.88,88.21,13872700.0
20260807,301048,金鹰重工,9.06,9.06,9.12,8.87,4185000.0
20260807,301049,超越科技,19.28,19.07,19.28,18.73,1013500.0
20260807,301050,雷电微力,31.5,31.72,31.87,30.83,3548300.0
20260807,301051,信濠光电,15.61,17.27,17.41,15.5,14165800.0
20260807,301052,果麦文化,24.71,24.54,24.76,23.62,5719400.0
20260807,301053,远信工业,40.25,39.55,40.7,39.38,3612800.0
20260807,301055,张小泉,29.74,30.03,30.5,28.38,4200600.0
20260807,301056,森赫股份,10.49,10.53,10.65,10.2,5457900.0
20260807,301057,汇隆新材,21.11,21.24,21.29,20.72,2409400.0
20260807,301058,中粮科工,8.52,8.5,8.57,8.34,12529000.0
20260807,301059,金三江,11.23,11.31,11.33,11.05,2415400.0
20260807,301060,兰卫医学,8.94,9.46,9.47,8.88,11383500.0
20260807,301061,匠心家居,35.75,37.5,37.66,34.83,6156000.0
20260807,301062,上海艾录,6.6,6.41,6.6,6.29,7394400.0
20260807,301063,海锅股份,17.49,17.5,17.57,17.17,1415500.0
20260807,301065,本立科技,18.62,18.7,18.75,18.26,1420200.0
20260807,301066,万事利,12.65,12.3,12.65,12.02,3604500.0
20260807,301067,显盈科技,27.8,27.66,28.17,26.97,2035600.0
20260807,301068,大地海洋,28.98,29.0,30.18,28.84,1343400.0
20260807,301069,凯盛新材,16.77,16.78,16.98,16.34,7483300.0
20260807,301070,开勒股份,63.53,67.49,68.0,62.32,5864400.0
20260807,301071,力量钻石,58.12,61.6,61.88,58.01,17446600.0
20260807,301072,中捷精工,33.34,34.51,35.0,32.76,3110600.0
20260807,301073,君亭酒店,17.8,18.08,18.15,17.32,6562100.0
20260807,301075,多瑞医药,55.7,55.47,56.27,54.18,1131800.0
20260807,301076,新瀚新材,22.59,22.82,22.99,21.92,6512900.0
20260807,301077,星华新材,20.5,20.6,20.69,20.1,1717400.0
20260807,301078,孩子王,7.44,7.35,7.44,7.21,18057300.0
20260807,301079,邵阳液压,29.28,29.53,29.6,28.44,3861700.0
20260807,301080,百普赛斯,53.96,64.75,64.75,53.35,14887400.0
20260807,301081,严牌股份,12.28,12.18,12.34,11.74,3439600.0
20260807,301082,久盛电气,11.28,11.09,11.31,10.7,31506300.0
20260807,301083,百胜智能,13.55,13.52,13.62,13.25,1597500.0
20260807,301085,亚康股份,62.19,62.6,63.16,60.37,3682600.0
20260807,301086,鸿富瀚,108.66,118.86,121.02,108.16,5488200.0
20260807,301087,可孚医疗,51.65,51.55,52.1,51.05,1915700.0
20260807,301088,戎美股份,12.05,12.09,12.12,11.78,1357500.0
20260807,301089,拓新药业,23.6,24.4,24.47,23.51,4343200.0
20260807,301090,华润材料,6.56,6.5,6.56,6.4,7331900.0
20260807,301091,深城交,18.44,18.96,19.01,18.2,19207200.0
20260807,301092,争光股份,43.93,44.8,45.19,42.88,3811800.0
20260807,301093,华兰股份,72.13,84.23,85.0,69.89,12374100.0
20260807,301095,广立微,71.69,73.76,74.27,71.13,7680000.0
20260807,301096,百诚医药,41.83,44.68,44.72,41.48,3397000.0
20260807,301097,天益医疗,33.12,34.7,34.77,32.57,752600.0
20260807,301098,金埔园林,8.58,8.46,8.68,8.19,8553000.0
20260807,301099,雅创电子,48.39,50.54,51.11,47.75,9648900.0
20260807,301100,风光股份,16.08,16.16,16.18,15.73,2002800.0
20260807,301101,明月镜片,29.43,29.53,29.61,28.84,2192900.0
20260807,301102,兆讯传媒,9.87,9.95,9.97,9.54,3659300.0
20260807,301103,何氏眼科,16.03,16.44,16.47,15.87,2324400.0
20260807,301105,鸿铭股份,46.7,47.29,47.49,45.61,517700.0
20260807,301106,骏成科技,16.91,16.87,16.91,16.42,2254000.0
20260807,301107,瑜欣电子,19.1,19.94,19.95,18.7,2529000.0
20260807,301108,洁雅股份,36.41,37.39,37.46,35.81,2797400.0
20260807,301109,军信股份,13.62,13.55,13.73,13.42,3584900.0
20260807,301110,青木科技,37.65,37.62,37.85,36.57,4683700.0
20260807,301111,粤万年青,19.5,20.18,20.26,19.22,5717900.0
20260807,301112,信邦智能,31.55,31.95,32.18,31.15,1322500.0
20260807,301113,雅艺科技,15.65,15.98,16.15,15.25,1657500.0
20260807,301115,联检科技,27.2,30.88,31.35,26.51,9287900.0
20260807,301116,益客食品,8.7,8.67,8.72,8.48,3483700.0
20260807,301118,恒光股份,21.99,22.4,22.4,21.37,3824700.0
20260807,301119,正强股份,21.18,21.12,21.21,20.39,1286000.0
20260807,301120,新特电气,15.4,15.3,15.4,14.98,11027600.0
20260807,301121,紫建电子,34.13,33.81,34.35,32.9,1043700.0
20260807,301122,采纳股份,30.99,31.76,32.03,30.38,3425500.0
20260807,301123,奕东电子,70.9,73.98,75.0,68.2,14235500.0
20260807,301125,腾亚精工,13.88,13.91,13.99,13.54,2980500.0
20260807,301126,达嘉维康,9.3,9.58,9.6,9.21,4808600.0
20260807,301127,武汉天源,14.74,15.83,16.09,14.74,28698500.0
20260807,301128,强瑞技术,109.14,114.33,115.87,105.88,7895500.0
20260807,301129,瑞纳智能,21.02,20.92,21.16,20.51,1291800.0
20260807,301130,西点药业,24.5,25.11,25.24,24.1,1482300.0
20260807,301131,聚赛龙,33.34,33.55,33.7,32.7,1088900.0
20260807,301132,满坤科技,32.2,34.93,35.47,32.2,7991100.0
20260807,301133,金钟股份,26.45,26.9,26.95,25.45,2477700.0
20260807,301135,瑞德智能,16.37,16.26,16.4,15.9,2143200.0
20260807,301136,招标股份,11.61,11.54,11.61,11.2,5009000.0
20260807,301137,哈焊华通,36.0,35.72,36.5,34.78,10164800.0
20260807,301138,华研精机,26.26,26.45,26.49,25.32,868200.0
20260807,301141,中科磁业,40.54,45.94,48.88,40.27,10052400.0
20260807,301148,嘉戎技术,47.28,47.42,47.75,46.18,869800.0
20260807,301149,隆华新材,7.84,7.86,7.91,7.55,7831900.0
20260807,301150,中一科技,37.8,40.91,41.97,36.91,36363700.0
20260807,301151,冠龙节能,16.82,17.4,17.59,16.28,7762500.0
20260807,301152,天力锂能,19.66,19.67,19.88,19.06,3773500.0
20260807,301153,中科江南,18.21,17.82,18.31,17.48,6466900.0
20260807,301155,海力风电,46.99,50.32,51.4,46.06,10982000.0
20260807,301156,美农生物,11.12,11.19,11.21,10.86,3863000.0
20260807,301157,华塑科技,58.73,60.28,60.68,58.3,1449200.0
20260807,301158,德石股份,14.88,14.8,14.98,14.45,7898400.0
20260807,301159,三维天地,32.06,32.32,33.69,30.83,6269700.0
20260807,301160,翔楼新材,37.33,38.38,38.48,36.71,4304700.0
20260807,301161,唯万密封,26.44,27.45,27.94,25.68,6694400.0
20260807,301162,国能日新,40.76,40.73,40.9,39.9,1583300.0
20260807,301163,宏德股份,22.84,22.7,22.87,22.3,1094600.0
20260807,301165,锐捷网络,119.21,118.17,121.99,114.13,31201100.0
20260807,301166,优宁维,26.45,27.99,28.18,26.25,2194200.0
20260807,301167,建研设计,13.51,13.66,13.75,13.31,2147800.0
20260807,301168,通灵股份,42.83,43.88,43.9,42.4,2193200.0
20260807,301169,零点有数,56.16,55.68,56.16,52.01,2430900.0
20260807,301170,锡南科技,22.4,22.31,22.4,21.92,715900.0
20260807,301171,易点天下,37.69,39.13,39.36,36.08,123367100.0
20260807,301172,君逸数码,17.81,18.0,18.1,17.1,7612500.0
20260807,301173,毓恬冠佳,30.34,30.49,30.7,30.03,808200.0
20260807,301175,中科环保,5.43,5.44,5.46,5.38,12579400.0
20260807,301176,逸豪新材,46.2,49.8,53.38,45.3,20642500.0
20260807,301177,迪阿股份,23.09,23.25,23.32,22.75,1412500.0
20260807,301178,天亿马,35.67,35.82,36.48,34.5,2878200.0
20260807,301179,泽宇智能,19.94,19.86,19.98,19.46,3255100.0
20260807,301180,万祥科技,11.48,11.54,11.56,11.21,2802400.0
20260807,301181,标榜股份,23.02,22.39,23.02,21.89,2449300.0
20260807,301182,凯旺科技,68.5,72.4,79.0,67.0,6951100.0
20260807,301183,东田微,166.8,170.16,171.43,163.05,5073000.0
20260807,301185,鸥玛软件,16.85,16.45,16.85,16.18,2502200.0
20260807,301186,超达装备,35.88,35.67,35.93,35.09,1542900.0
20260807,301187,欧圣电气,15.99,15.94,16.0,15.59,1930400.0
20260807,301188,力诺药包,38.15,41.69,43.5,38.09,31305300.0
20260807,301189,奥尼电子,47.32,48.38,48.66,46.4,4126400.0
20260807,301190,善水科技,18.08,19.2,19.2,18.0,13938600.0
20260807,301191,菲菱科思,93.39,95.68,96.36,92.15,5626800.0
20260807,301192,泰祥股份,19.19,19.37,19.47,18.91,1312300.0
20260807,301193,家联科技,17.96,17.72,17.96,17.45,3224200.0
20260807,301195,北路智控,26.46,26.53,26.56,25.93,1255400.0
20260807,301196,唯科科技,79.87,82.12,84.4,78.65,7892000.0
20260807,301197,工大科雅,26.06,24.96,26.31,24.5,5400500.0
20260807,301198,喜悦智行,11.88,12.24,12.32,11.4,4471800.0
20260807,301199,迈赫股份,18.28,18.54,18.58,17.91,1651400.0
20260807,301200,大族数控,269.38,283.8,289.9,266.51,4770100.0
20260807,301201,诚达药业,32.93,35.34,35.6,32.57,10972100.0
20260807,301202,朗威股份,33.5,33.54,33.96,32.82,1326400.0
20260807,301203,国泰环保,32.3,32.81,32.95,32.17,778000.0
20260807,301205,联特科技,284.52,281.88,291.0,276.67,10735600.0
20260807,301206,三元生物,23.41,23.44,23.47,23.12,993200.0
20260807,301207,华兰疫苗,17.4,18.09,18.1,17.31,6831600.0
20260807,301208,中亦科技,30.05,29.53,30.24,28.77,1708800.0
20260807,301209,联合化学,48.8,49.48,50.2,47.7,1728800.0
20260807,301210,金杨精密,24.0,24.28,24.37,23.63,3670400.0
20260807,301211,亨迪药业,10.86,11.57,11.6,10.8,14361400.0
20260807,301212,联盛化学,21.87,21.91,21.98,21.29,1360000.0
20260807,301213,观想科技,44.27,45.0,45.59,43.8,1981600.0
20260807,301215,中汽股份,5.29,5.24,5.31,5.14,12431400.0
20260807,301216,万凯新材,16.74,17.45,17.47,16.51,16670700.0
20260807,301217,铜冠铜箔,100.25,115.81,118.8,100.0,79338500.0
20260807,301218,华是科技,44.0,44.6,44.98,42.28,9307300.0
20260807,301219,腾远钴业,51.51,50.06,53.08,49.63,21134200.0
20260807,301220,亚香股份,27.79,28.1,28.22,27.22,1363800.0
20260807,301221,光庭信息,29.07,28.6,29.14,27.94,2054300.0
20260807,301222,浙江恒威,24.37,25.13,25.15,24.08,2185300.0
20260807,301223,中荣股份,16.4,16.32,16.48,16.14,779200.0
20260807,301225,恒勃股份,55.25,56.74,57.16,52.68,3400900.0
20260807,301226,祥明智能,29.5,30.2,30.28,28.65,2186100.0
20260807,301227,森鹰窗业,24.04,25.88,26.1,24.04,5347900.0
20260807,301228,实朴检测,66.88,69.51,71.0,64.16,4587500.0
20260807,301229,纽泰格,12.04,12.05,12.13,11.72,3518500.0
20260807,301230,泓博医药,27.12,32.42,32.42,26.98,25469500.0
20260807,301231,荣信文化,27.85,28.12,28.33,26.33,6361200.0
20260807,301232,飞沃科技,115.94,120.58,122.88,111.5,5776000.0
20260807,301233,盛帮股份,32.62,33.51,33.78,32.23,991400.0
20260807,301234,五洲医疗,69.0,83.62,83.62,67.6,7406100.0
20260807,301235,华康洁净,40.86,44.0,44.96,39.7,10052000.0
20260807,301236,软通动力,42.08,41.71,43.49,40.53,36926200.0
20260807,301237,和顺科技,54.13,54.23,54.88,51.36,1960400.0
20260807,301238,瑞泰新材,16.61,16.59,16.71,16.25,9923800.0
20260807,301239,普瑞眼科,31.86,33.35,33.4,31.65,3023700.0
20260807,301246,宏源药业,20.35,20.88,20.95,19.98,10859200.0
20260807,301248,杰创智能,63.57,63.51,64.99,61.07,6273500.0
20260807,301251,威尔高,41.51,46.58,47.14,40.0,23934200.0
20260807,301252,同星科技,30.8,30.74,31.16,29.88,2348100.0
20260807,301255,通力科技,20.6,20.56,20.65,19.99,1151700.0
20260807,301256,华融化学,10.42,10.48,10.56,10.1,5817400.0
20260807,301257,普蕊斯,40.92,47.2,47.79,40.9,10167000.0
20260807,301258,富士莱,24.98,25.63,25.73,24.71,1543900.0
20260807,301259,艾布鲁,23.72,23.7,24.23,23.25,5457300.0
20260807,301260,格力博,13.94,13.83,14.11,13.62,2052600.0
20260807,301261,恒工精密,57.55,58.23,58.26,56.14,2161400.0
20260807,301262,海看股份,20.1,19.91,20.15,19.37,9406700.0
20260807,301263,泰恩康,20.01,21.4,21.75,19.86,8774000.0
20260807,301265,华新科技,19.39,20.01,20.1,19.01,6692700.0
,301266,宇邦新材,21.02,21.29,21.7,20.9,2765600.0
20260807,301267,华厦眼科,15.91,16.15,16.19,15.65,7271600.0
20260807,301268,铭利达,13.17,13.3,13.34,12.89,5086000.0
20260807,301269,华大九天,93.39,94.69,95.99,92.81,9098700.0
20260807,301270,汉仪股份,32.7,33.3,33.8,31.73,9290300.0
20260807,301272,英华特,33.23,33.33,33.37,32.64,883700.0
20260807,301273,瑞晨环保,36.51,36.26,37.2,35.11,3450100.0
20260807,301275,汉朔科技,44.28,44.68,45.27,44.06,5749200.0
20260807,301276,嘉曼服饰,20.26,20.48,20.48,19.73,1988600.0
20260807,301277,新天地,10.21,10.79,10.8,10.15,11968100.0
20260807,301278,快可电子,27.33,27.13,27.71,26.58,1217100.0
20260807,301279,金道科技,18.41,18.6,18.68,17.92,1543100.0
20260807,301280,珠城科技,39.39,41.19,41.78,39.1,2363000.0
20260807,301281,科源制药,38.37,41.39,41.58,37.7,2967700.0
20260807,301282,金禄电子,23.12,24.35,24.38,22.86,11094000.0
20260807,301283,聚胶股份,25.6,25.82,25.89,25.24,1058300.0
20260807,301285,鸿日达,70.8,75.0,75.51,69.6,3773500.0
20260807,301286,侨源股份,41.43,40.99,41.74,39.8,1637100.0
20260807,301287,康力源,34.14,34.37,34.4,33.26,658000.0
20260807,301288,清研环境,16.38,17.07,17.15,15.95,1791000.0
20260807,301289,国缆检测,43.91,43.6,44.44,43.03,554400.0
20260807,301290,东星医疗,27.18,28.07,28.09,26.82,1600000.0
20260807,301291,明阳电气,40.71,40.85,40.9,40.18,6687800.0
20260807,301292,海科新源,70.0,69.71,71.7,68.6,13154800.0
20260807,301293,三博脑科,54.52,56.81,56.88,54.2,15779600.0
20260807,301295,美硕科技,43.55,45.97,46.53,43.0,3327600.0
20260807,301296,新巨丰,6.26,6.24,6.29,6.15,2941000.0
20260807,301297,富乐德,33.61,34.85,35.39,33.19,20548300.0
20260807,301298,东利机械,12.29,12.42,12.49,12.08,1844000.0
20260807,301299,卓创资讯,44.66,44.01,44.67,43.01,1168700.0
20260807,301300,远翔新材,30.58,30.62,30.65,29.89,598400.0
20260807,301301,川宁生物,8.75,9.05,9.07,8.65,21065900.0
20260807,301302,华如科技,24.0,23.99,24.18,23.25,5929900.0
20260807,301303,真兰仪表,13.5,14.51,14.65,13.35,12261500.0
20260807,301305,朗坤科技,22.7,22.71,23.07,22.22,5305500.0
20260807,301306,西测测试,94.0,97.0,97.92,90.6,4496700.0
20260807,301307,美利信,51.29,52.74,53.67,50.84,10468100.0
20260807,301308,江波龙,364.0,386.6,390.0,361.63,25038600.0
20260807,301309,万得凯,30.7,30.2,30.85,29.05,992300.0
20260807,301310,鑫宏业,60.02,53.72,60.08,51.33,14798300.0
20260807,301311,昆船智能,13.65,13.56,13.78,13.31,3589900.0
20260807,301312,智立方,64.71,69.07,69.35,63.65,7937100.0
20260807,301313,凡拓数创,36.73,37.0,37.28,35.18,9615200.0
20260807,301314,科瑞思,40.4,40.9,41.2,39.55,565400.0
20260807,301315,威士顿,38.38,38.06,38.78,37.26,1520900.0
20260807,301316,慧博云通,38.9,39.45,39.93,37.86,10863800.0
20260807,301317,鑫磊股份,44.29,45.82,45.96,42.48,3857700.0
20260807,301318,维海德,20.86,20.66,20.87,20.22,932000.0
20260807,301319,唯特偶,105.5,119.63,129.0,101.31,26311800.0
20260807,301320,豪江智能,12.68,12.69,12.79,12.42,1704700.0
20260807,301321,翰博高新,35.0,36.68,36.88,33.5,6171300.0
20260807,301322,绿通科技,36.0,37.35,37.94,35.9,4360300.0
20260807,301323,新莱福,76.5,77.0,77.36,74.69,1751600.0
20260807,301325,曼恩斯特,31.7,31.68,31.84,30.85,1342400.0
20260807,301326,捷邦科技,95.0,105.01,108.0,93.98,4431500.0
20260807,301327,华宝新能,45.1,45.01,45.21,44.31,1226400.0
20260807,301328,维峰电子,52.44,52.92,53.55,50.03,3251500.0
20260807,301329,信音电子,19.36,19.65,19.78,19.1,3480000.0
20260807,301330,熵基科技,24.6,24.52,24.64,23.81,2740000.0
20260807,301331,恩威医药,20.89,21.29,21.3,20.66,1506700.0
20260807,301332,德尔玛,8.21,7.97,8.22,7.85,7080700.0
20260807,301333,诺思格,50.17,56.81,57.1,50.01,5483900.0
20260807,301335,天元宠物,21.12,21.42,21.49,20.71,1469700.0
20260807,301336,趣睡科技,39.78,39.92,39.98,38.51,728700.0
20260807,301337,亚华电子,24.85,24.8,25.05,24.25,1200700.0
20260807,301338,凯格精机,95.9,102.3,102.85,94.3,7368200.0
20260807,301339,通行宝,11.38,11.7,11.81,11.09,10475600.0
20260807,301345,涛涛车业,250.49,253.73,256.2,248.0,1583400.0
20260807,301348,蓝箭电子,19.85,20.55,20.55,19.61,13538400.0
20260807,301349,信德新材,42.54,43.2,43.28,41.2,4490000.0
20260807,301353,普莱得,18.06,18.73,18.78,17.58,2846600.0
20260807,301355,南王科技,9.84,9.77,9.84,9.59,2541900.0
20260807,301356,天振股份,19.37,19.59,19.6,18.5,2121400.0
20260807,301357,北方长龙,92.0,94.36,94.4,90.33,4736800.0
20260807,301358,湖南裕能,64.99,65.16,66.4,63.95,16580100.0
20260807,301359,东南电子,16.23,16.15,16.28,15.81,1393600.0
20260807,301360,荣旗科技,50.98,51.57,52.2,50.28,2770500.0
20260807,301361,众智科技,29.2,28.86,29.21,28.3,1691900.0
20260807,301362,民爆光电,133.58,140.6,144.88,133.0,7755700.0
20260807,301363,美好医疗,16.77,17.57,17.66,16.71,16198600.0
20260807,301365,矩阵股份,38.54,38.57,38.8,37.22,2646900.0
20260807,301366,一博科技,44.7,53.33,53.33,44.53,20195300.0
20260807,301367,瑞迈特,46.9,47.97,48.28,46.16,2778400.0
20260807,301368,丰立智能,43.47,43.07,43.48,41.82,2306800.0
20260807,301369,联动科技,135.0,137.86,141.0,131.98,2559200.0
20260807,301370,国科恒泰,8.67,8.78,8.81,8.56,6276600.0
20260807,301371,敷尔佳,25.13,25.14,25.5,24.78,2430300.0
20260807,301372,科净源,29.98,30.1,30.28,28.81,1182300.0
20260807,301373,凌玮科技,88.81,95.22,96.8,86.98,9116600.0
20260807,301376,致欧科技,20.14,19.84,20.15,19.65,2903600.0
20260807,301377,鼎泰高科,431.65,451.84,469.6,428.35,6465700.0
20260807,301378,通达海,26.1,25.97,26.1,24.95,3690900.0
20260807,301379,天山电子,21.95,22.67,23.06,21.35,21268800.0
20260807,301380,挖金客,31.31,31.55,31.98,30.08,4863400.0
20260807,301381,赛维时代,23.39,23.44,23.55,22.83,6610200.0
20260807,301382,蜂助手,40.64,40.9,41.73,39.15,26994800.0
20260807,301383,天键股份,21.64,21.68,21.77,21.2,1377100.0
20260807,301386,未来电器,20.04,19.88,20.04,19.55,968500.0
20260807,301387,光大同创,53.92,55.93,56.61,52.5,2520600.0
20260807,301388,欣灵电气,23.8,23.48,23.8,23.01,1007600.0
20260807,301389,隆扬电子,49.96,53.84,54.9,48.75,13118500.0
20260807,301390,经纬股份,30.35,29.94,30.35,29.21,871500.0
20260807,301391,卡莱特,49.95,50.9,50.9,48.95,1255700.0
20260807,301392,汇成真空,158.0,175.68,177.15,155.5,6677800.0
20260807,301393,昊帆生物,58.58,65.67,65.8,58.21,4276200.0
20260807,301395,仁信新材,12.12,12.65,12.65,11.89,4933600.0
20260807,301396,宏景科技,199.02,204.15,207.96,195.69,24705200.0
20260807,301397,溯联股份,26.41,26.22,26.98,25.44,6516700.0
20260807,301398,星源卓镁,34.22,34.19,34.4,33.24,1930700.0
20260807,301399,英特科技,15.85,17.0,18.9,15.74,10185400.0
20260807,301408,华人健康,14.98,15.54,15.81,14.81,31125000.0
20260807,301413,安培龙,66.61,66.51,67.87,63.63,5488900.0
20260807,301418,协昌科技,37.0,37.56,38.26,36.86,2216700.0
20260807,301419,阿莱德,31.12,32.0,32.1,30.58,4374400.0
20260807,301421,波长光电,74.91,77.51,78.11,73.71,7876700.0
20260807,301428,世纪恒通,29.58,29.14,29.58,28.31,3194700.0
20260807,301429,森泰股份,16.55,16.44,16.58,16.08,1712300.0
20260807,301439,泓淋电力,14.98,15.05,15.09,14.82,6957500.0
20260807,301446,福事特,36.33,37.57,37.94,36.06,1021500.0
20260807,301448,开创电气,42.16,41.76,42.62,40.78,1160000.0
20260807,301449,天溯计量,38.29,38.18,38.29,36.98,2058000.0
20260807,301456,盘古智能,22.92,23.07,23.18,22.66,1175700.0
20260807,301458,钧崴电子,37.45,38.16,38.38,36.4,8237700.0
20260807,301459,丰茂股份,35.36,36.02,36.22,34.76,1202100.0
20260807,301468,博盈特焊,33.93,34.33,34.41,32.95,4887500.0
20260807,301469,恒达新材,27.01,27.81,27.86,26.52,1435000.0
20260807,301479,弘景光电,48.0,48.69,48.88,47.1,1678400.0
20260807,301486,致尚科技,148.63,152.11,153.51,144.23,5254000.0
20260807,301487,盟固利,16.17,16.37,16.42,15.81,12025700.0
20260807,301488,豪恩汽电,108.45,106.75,109.08,103.72,2656700.0
20260807,301489,思泉新材,99.0,102.5,103.1,95.37,6197300.0
20260807,301491,汉桑科技,39.64,39.15,40.24,38.56,913600.0
20260807,301498,乖宝宠物,42.02,42.89,43.13,41.81,8788700.0
20260807,301499,维科精密,24.26,24.42,24.51,23.63,1846600.0
20260807,301500,飞南资源,23.25,24.31,24.44,23.1,14561800.0
20260807,301501,恒鑫生活,28.01,28.07,28.59,27.79,1334800.0
20260807,301502,华阳智能,51.53,52.41,52.73,50.2,884600.0
20260807,301503,智迪科技,21.6,21.88,21.89,21.12,689400.0
20260807,301505,苏州规划,16.14,16.09,16.18,15.7,2012800.0
20260807,301507,民生健康,12.17,12.47,12.47,12.1,4389200.0
20260807,301508,中机认检,24.1,23.74,24.42,23.47,2942000.0
20260807,301509,金凯生科,28.28,31.34,31.4,28.28,7082400.0
20260807,301510,固高科技,26.69,26.92,27.32,25.83,9379900.0
20260807,301511,德福科技,79.12,90.9,93.86,78.45,67712700.0
20260807,301512,智信精密,30.2,30.01,30.2,29.11,1137900.0
20260807,301513,尚水智能,49.24,49.96,50.27,48.72,1211500.0
20260807,301515,港通医疗,18.37,18.56,18.69,17.99,1594800.0
20260807,301516,中远通,15.74,16.0,16.1,15.37,5236800.0
20260807,301517,陕西华达,40.3,41.0,41.2,39.24,3496800.0
20260807,301518,长华化学,25.0,25.27,26.15,24.31,2944500.0
20260807,301519,舜禹股份,11.54,11.84,11.92,11.33,3396100.0
20260807,301520,万邦医药,51.19,56.33,57.2,50.3,15996400.0
20260807,301522,上大股份,23.11,23.16,23.3,22.7,4385600.0
20260807,301525,儒竞科技,40.66,40.95,41.24,39.81,1237700.0
20260807,301526,国际复材,35.83,38.32,40.69,34.6,300533000.0
20260807,301528,多浦乐,50.49,51.73,51.85,48.88,1655200.0
20260807,301529,福赛科技,80.22,80.14,81.0,76.48,2469100.0
20260807,301531,春光集团,50.5,51.98,52.51,50.5,3906100.0
20260807,301533,威马农机,25.86,25.35,25.96,25.05,1192900.0
20260807,301535,浙江华远,15.73,15.25,15.83,15.06,6311800.0
20260807,301536,星宸科技,118.79,122.7,124.14,117.6,17721100.0
20260807,301538,骏鼎达,39.59,39.94,40.1,38.55,1865200.0
20260807,301539,宏鑫科技,14.2,14.26,14.37,13.9,1445100.0
20260807,301548,崇德科技,65.02,65.66,65.98,63.49,1991200.0
20260807,301550,斯菱智驱,74.46,73.95,74.55,71.38,6701300.0
20260807,301551,无线传媒,21.27,20.81,21.36,20.2,9187100.0
20260807,301552,科力装备,23.09,23.19,23.58,22.74,1428300.0
20260807,301555,惠柏新材,30.6,31.12,31.25,29.99,1773500.0
20260807,301556,托普云农,61.6,60.42,61.66,59.02,3010700.0
20260807,301557,常友科技,77.58,80.04,80.49,76.52,851000.0
20260807,301558,三态股份,6.59,6.57,6.62,6.41,6301200.0
20260807,301559,中集环科,13.37,13.25,13.37,13.1,2216200.0
20260807,301560,众捷汽车,23.28,23.39,23.49,22.8,1301500.0
20260807,301563,云汉芯城,125.01,129.0,129.94,122.7,2223800.0
20260807,301565,中仑新材,19.7,19.62,19.74,19.19,6587000.0
20260807,301566,达利凯普,24.23,24.8,25.09,23.56,25870700.0
20260807,301567,贝隆精密,33.76,34.2,34.28,33.04,963800.0
20260807,301568,思泰克,65.35,69.1,69.57,64.35,4636600.0
20260807,301571,国科天成,60.5,67.2,67.5,60.21,9116100.0
20260807,301575,艾芬达,27.25,27.42,27.48,26.84,803900.0
20260807,301577,美信科技,53.06,54.98,55.85,53.05,2381900.0
20260807,301578,辰奕智能,22.37,22.04,22.61,21.6,2969300.0
20260807,301580,爱迪特,52.87,55.66,55.85,51.92,10577000.0
20260807,301581,黄山谷捷,36.02,36.23,36.25,35.22,623900.0
20260807,301583,托伦斯,147.17,148.8,153.0,146.6,10700700.0
20260807,301584,建发致新,23.56,23.02,23.65,22.75,9410100.0
20260807,301585,蓝宇股份,25.6,25.71,25.77,25.21,732900.0
20260807,301586,佳力奇,31.7,31.41,31.76,30.81,625500.0
20260807,301587,中瑞股份,21.08,21.28,21.46,20.8,3959300.0
20260807,301588,美新科技,30.94,32.11,32.39,30.0,7258200.0
20260807,301589,诺瓦星云,146.36,144.44,146.47,142.17,713400.0
20260807,301590,优优绿能,76.0,75.52,76.35,73.22,915100.0
20260807,301591,肯特股份,29.88,30.22,30.48,28.66,5028500.0
20260807,301592,六九一二,104.4,104.19,105.99,101.3,939900.0
20260807,301595,太力科技,40.2,40.28,40.85,39.51,482400.0
20260807,301596,瑞迪智驱,49.5,49.12,50.47,48.11,3022500.0
20260807,301598,博科测试,48.25,47.83,48.25,47.14,407400.0
20260807,301599,理奇智能,34.88,35.61,35.75,34.68,3025000.0
20260807,301600,慧翰股份,91.0,90.19,91.62,89.61,903500.0
20260807,301601,惠通科技,15.89,15.86,15.93,15.4,1421900.0
20260807,301602,超研股份,14.95,15.25,15.25,14.71,3399900.0
20260807,301603,乔锋智能,123.49,125.23,126.42,120.58,2281300.0
20260807,301606,绿联科技,53.35,52.86,54.04,52.0,2774200.0
20260807,301607,富特科技,37.0,37.99,38.7,36.2,10741800.0
20260807,301608,博实结,46.28,46.8,47.16,45.6,1784000.0
20260807,301609,山大电力,35.77,35.76,36.03,34.63,4222200.0
20260807,301611,珂玛科技,95.84,100.94,101.98,93.1,12552000.0
20260807,301613,新铝时代,38.9,40.39,41.16,38.69,4304400.0
20260807,301616,浙江华业,34.78,35.04,35.18,34.18,616100.0
20260807,301617,博苑新材,47.9,48.65,48.99,47.22,1571400.0
20260807,301618,长联科技,33.21,33.81,34.04,32.7,1325900.0
20260807,301622,英思特,42.58,42.87,43.18,42.12,1624800.0
20260807,301626,苏州天脉,231.65,256.84,260.66,220.0,3633200.0
20260807,301628,强达电路,80.66,84.04,84.77,80.02,2576800.0
20260807,301629,矽电股份,245.99,255.41,257.51,242.0,1355000.0
20260807,301630,同宇新材,166.02,175.33,177.6,164.0,1933700.0
20260807,301631,壹连科技,60.9,61.46,61.65,59.7,2130500.0
20260807,301632,广东建科,15.31,15.21,15.41,14.94,3208100.0
20260807,301633,港迪技术,57.9,56.7,58.29,56.53,797700.0
20260807,301636,泽润新能,41.07,40.77,41.57,39.7,1354800.0
20260807,301638,南网数字,23.8,23.74,23.83,23.32,13285600.0
20260807,301656,联合动力,16.9,17.08,17.17,16.75,5248600.0
20260807,301658,首航新能,24.54,24.53,24.85,24.01,3945200.0
20260807,301662,宏工科技,70.08,71.02,71.39,68.13,2825200.0
20260807,301665,泰禾股份,22.49,22.54,22.54,22.1,2136800.0
20260807,301666,大普微-UW,442.25,447.87,454.0,434.01,2786400.0
20260807,301667,纳百川,68.98,68.3,69.39,66.61,4123800.0
20260807,301668,昊创瑞通,36.9,36.69,36.99,35.48,2710900.0
20260807,301669,高特电子,30.05,30.6,30.67,29.61,7654300.0
20260807,301677,欣兴工具,61.68,62.61,63.52,61.58,6824600.0
20260807,301678,新恒汇,44.34,45.7,46.1,43.97,3676700.0
20260807,301680,固德电材,92.0,92.87,93.0,90.02,818600.0
20260807,301682,宏明电子,127.14,129.38,130.9,125.23,2433300.0
20260807,301683,慧谷新材,102.43,103.18,103.85,100.21,935300.0
20260807,301687,新广益,50.05,51.56,51.88,48.75,5618300.0
20260807,301696,三瑞智能,104.03,106.35,106.35,101.88,3005700.0
20260807,301707,展芯股份,108.0,116.52,129.9,106.88,21477300.0
20260807,302132,中航成飞,57.7,56.96,57.77,56.35,6850600.0
20260807,600000,浦发银行,9.26,9.21,9.29,9.14,56545700.0
20260807,600004,白云机场,7.65,7.58,7.66,7.54,9748000.0
20260807,600006,东风股份,5.47,5.4,5.5,5.33,14819700.0
20260807,600007,中国国贸,18.4,18.3,18.47,18.3,2273300.0
20260807,600008,首创环保,2.86,2.84,2.87,2.83,55485600.0
20260807,600009,上海机场,23.93,23.86,23.97,23.66,9852700.0
20260807,600010,包钢股份,2.24,2.28,2.32,2.23,779826900.0
20260807,600011,华能国际,7.02,6.99,7.04,6.92,116090000.0
20260807,600012,皖通高速,15.98,16.12,16.3,15.8,9387200.0
20260807,600015,华夏银行,6.79,6.73,6.79,6.68,65056400.0
20260807,600016,民生银行,3.51,3.53,3.55,3.48,299898400.0
20260807,600017,日照港,2.71,2.68,2.72,2.66,29883500.0
20260807,600018,上港集团,5.19,5.16,5.21,5.14,40292400.0
20260807,600019,宝钢股份,5.83,5.76,5.84,5.75,98746700.0
20260807,600020,中原高速,3.82,3.79,3.83,3.78,14197800.0
20260807,600021,上海电力,14.7,14.87,14.88,14.58,36007500.0
20260807,600022,山东钢铁,1.37,1.35,1.37,1.33,109899900.0
20260807,600023,浙能电力,4.95,4.93,4.96,4.92,30699800.0
20260807,600025,华能水电,9.74,9.67,9.79,9.64,21874200.0
20260807,600026,中远海能,17.8,17.7,17.88,17.56,44958900.0
20260807,600027,华电国际,4.69,4.67,4.7,4.64,55816500.0
20260807,600028,中国石化,5.08,5.1,5.14,5.06,186486300.0
20260807,600029,南方航空,5.15,5.15,5.17,5.09,81891500.0
20260807,600030,中信证券,27.88,27.95,27.98,27.77,99747500.0
20260807,600031,三一重工,19.69,19.58,19.89,19.4,86215100.0
20260807,600032,浙江新能,7.37,7.34,7.38,7.22,24246300.0
20260807,600033,福建高速,3.59,3.54,3.6,3.52,23488400.0
20260807,600035,楚天高速,3.46,3.44,3.46,3.43,11809200.0
20260807,600036,招商银行,38.9,38.8,39.1,38.48,77964700.0
20260807,600037,歌华有线,7.07,6.96,7.08,6.86,17282300.0
20260807,600038,中直股份,26.32,26.34,26.41,26.14,4717100.0
20260807,600039,四川路桥,8.54,8.34,8.54,8.32,19582900.0
20260807,600048,保利发展,5.24,5.3,5.34,5.17,141404000.0
20260807,600050,中国联通,4.37,4.3,4.38,4.28,205313300.0
20260807,600051,宁波联合,6.08,6.08,6.11,5.95,4425200.0
20260807,600052,东望时代,3.8,3.77,3.81,3.69,10346400.0
20260807,600054,黄山旅游,11.17,11.24,11.25,11.09,5301300.0
20260807,600055,万东医疗,11.5,11.51,11.6,11.36,5981100.0
20260807,600056,中国医药,9.16,9.4,9.42,9.11,22230900.0
20260807,600057,厦门象屿,6.29,6.24,6.34,6.22,18791300.0
20260807,600058,五矿发展,10.38,10.65,10.95,10.33,15921000.0
20260807,600059,古越龙山,8.02,7.9,8.04,7.83,15416500.0
20260807,600060,海信视像,25.5,25.24,25.85,25.01,10860300.0
20260807,600061,国投资本,6.4,6.4,6.42,6.35,28451000.0
20260807,600062,华润双鹤,15.99,16.36,16.36,15.89,12941700.0
20260807,600063,皖维高新,5.99,6.13,6.2,5.96,87282500.0
20260807,600064,南京高科,7.7,7.64,7.72,7.61,16815200.0
20260807,600066,宇通客车,32.39,31.9,32.41,31.77,9351900.0
20260807,600067,冠城新材,2.77,2.73,2.77,2.68,15804200.0
20260807,600071,凤凰光学,15.66,15.58,15.82,15.43,2394600.0
20260807,600072,中船科技,8.95,8.86,8.96,8.75,17204700.0
20260807,600073,光明肉业,5.12,5.09,5.14,5.05,6797500.0
20260807,600075,新疆天业,4.56,4.54,4.59,4.5,14278900.0
20260807,600076,康欣新材,3.06,3.01,3.07,2.97,17489700.0
20260807,600078,澄星股份,10.82,11.05,11.39,10.78,31625400.0
20260807,600081,东风科技,9.86,9.93,9.94,9.73,3227300.0
20260807,600085,同仁堂,24.72,25.04,25.07,24.59,10485200.0
20260807,600088,中视传媒,11.77,11.67,11.79,11.45,4612900.0
20260807,600089,特变电工,21.21,21.33,21.36,21.03,89381100.0
20260807,600094,大名城,4.71,4.46,4.73,4.4,33970100.0
20260807,600095,湘财股份,8.2,8.18,8.21,8.06,25895700.0
20260807,600096,云天化,30.02,30.1,30.32,29.74,25179200.0
20260807,600097,开创国际,8.33,8.3,8.33,8.12,3295700.0
20260807,600098,广州发展,6.27,6.27,6.29,6.22,15580500.0
20260807,600099,林海股份,8.6,8.6,8.61,8.37,2753600.0
20260807,600100,同方股份,7.14,7.09,7.15,6.96,26299200.0
20260807,600101,明星电力,8.23,8.23,8.23,8.08,12480700.0
20260807,600103,青山纸业,2.99,2.93,3.0,2.88,91434200.0
20260807,600104,上汽集团,10.54,10.45,10.56,10.4,46043000.0
20260807,600105,永鼎股份,37.99,39.0,39.91,37.27,195586000.0
20260807,600106,重庆路桥,4.52,4.48,4.52,4.41,10043700.0
20260807,600108,亚盛集团,3.17,3.15,3.18,3.07,84251300.0
20260807,600109,国金证券,8.68,8.73,8.74,8.62,17473600.0
20260807,600110,诺德股份,9.51,10.46,10.46,9.35,121513000.0
20260807,600111,北方稀土,41.2,44.06,45.1,41.18,140225500.0
20260807,600113,浙江东日,30.49,31.48,31.94,30.47,9173900.0
20260807,600114,东睦股份,29.8,29.42,30.64,28.85,26920100.0
20260807,600115,中国东航,3.71,3.69,3.72,3.66,140817000.0
20260807,600116,三峡水利,6.45,6.4,6.49,6.38,17178000.0
20260807,600117,西宁特钢,2.29,2.27,2.32,2.23,18396000.0
20260807,600118,中国卫星,65.85,68.68,69.73,64.69,52734400.0
20260807,600120,浙江东方,5.12,5.12,5.14,5.04,34485200.0
20260807,600121,郑州煤电,4.1,4.0,4.12,3.95,141740000.0
20260807,600123,兰花科创,6.94,6.99,7.02,6.8,33620700.0
20260807,600125,铁龙物流,5.51,5.44,5.51,5.38,14472100.0
20260807,600126,杭钢股份,6.59,6.51,6.59,6.35,83918200.0
20260807,600127,金健米业,6.2,6.32,6.57,5.9,92580000.0
20260807,600128,苏豪弘业,8.08,7.97,8.1,7.83,4785000.0
20260807,600129,太极集团,15.2,16.28,16.32,15.13,47129300.0
20260807,600130,波导股份,4.29,4.27,4.31,4.2,30677700.0
20260807,600131,国网信通,15.85,15.5,15.9,15.4,10519700.0
20260807,600132,重庆啤酒,43.95,44.06,44.11,43.3,4411500.0
20260807,600133,东湖高新,8.41,8.49,8.5,8.33,19010000.0
20260807,600135,乐凯胶片,7.4,7.37,7.4,7.2,6018300.0
20260807,600137,浪莎股份,17.59,17.46,17.63,17.1,1172400.0
20260807,600138,中青旅,7.05,7.03,7.06,6.93,7800000.0
20260807,600141,兴发集团,31.08,31.47,31.66,30.43,55415200.0
20260807,600143,金发科技,16.4,16.23,16.5,15.81,70983300.0
20260807,600148,长春一东,15.15,15.0,15.19,14.73,1127600.0
20260807,600149,廊坊发展,4.83,4.76,4.83,4.67,7659100.0
20260807,600150,中国船舶,34.9,34.85,35.35,34.58,95545300.0
20260807,600151,航天机电,11.01,11.12,11.15,10.6,47233000.0
20260807,600152,维科技术,8.07,8.11,8.14,7.87,16441100.0
20260807,600153,建发股份,8.7,8.63,8.71,8.56,19233300.0
20260807,600155,华创云信,5.93,5.91,5.94,5.84,27715100.0
20260807,600156,华升股份,8.84,8.4,8.84,8.21,30659900.0
20260807,600157,永泰能源,1.6,1.6,1.61,1.58,338572300.0
20260807,600158,中体产业,7.05,7.04,7.06,6.88,30924200.0
20260807,600159,大龙地产,2.48,2.45,2.48,2.36,20485200.0
20260807,600160,巨化股份,43.54,43.29,43.69,42.74,31939500.0
20260807,600161,天坛生物,12.29,12.49,12.5,12.12,16086500.0
20260807,600162,香江控股,3.41,3.72,3.78,3.35,233867700.0
20260807,600163,中闽能源,5.26,5.25,5.29,5.16,19180200.0
20260807,600165,宁科生物,2.45,2.42,2.46,2.39,5466600.0
20260807,600166,福田汽车,3.02,3.04,3.05,2.99,92769300.0
20260807,600167,联美控股,5.85,5.78,5.86,5.71,8565400.0
20260807,600168,武汉控股,4.29,4.24,4.3,4.23,4974900.0
20260807,600170,上海建工,2.32,2.31,2.33,2.28,122537300.0
20260807,600171,上海贝岭,23.4,23.48,23.57,23.08,14165200.0
20260807,600172,黄河旋风,11.74,12.18,12.35,11.56,210400800.0
20260807,600173,卧龙新能,6.27,6.22,6.38,6.14,7290200.0
20260807,600176,中国巨石,40.66,44.38,44.86,40.5,357968200.0
20260807,600177,雅戈尔,7.61,7.62,7.69,7.54,23239200.0
20260807,600178,东安动力,9.55,9.49,9.55,9.33,5030000.0
20260807,600179,安通控股,4.31,4.24,4.31,4.22,28613000.0
20260807,600182,S佳通,13.09,13.07,13.13,12.96,1764400.0
20260807,600183,生益科技,131.0,139.98,139.98,130.98,78308500.0
20260807,600184,光电股份,18.1,18.24,18.34,17.51,20138500.0
20260807,600185,珠免集团,4.75,4.7,4.75,4.59,23704400.0
20260807,600186,莲花控股,9.65,9.89,9.99,9.33,229055800.0
20260807,600188,兖矿能源,21.3,21.33,21.35,20.64,80976600.0
20260807,600189,泉阳泉,7.35,7.39,7.6,7.3,12773900.0
20260807,600191,华资实业,11.2,10.7,11.34,10.64,14339200.0
20260807,600192,长城电工,7.26,7.17,7.31,7.01,19209200.0
20260807,600195,中牧股份,6.52,6.56,6.58,6.42,6207200.0
20260807,600196,复星医药,22.76,23.75,23.76,22.64,46696100.0
20260807,600197,伊力特,10.36,10.34,10.38,10.21,6727200.0
20260807,600198,大唐电信,7.32,7.2,7.35,7.15,16184700.0
20260807,600199,金种子酒,8.06,8.06,8.1,7.67,59775500.0
20260807,600201,生物股份,13.11,13.86,13.94,13.03,30192200.0
20260807,600202,哈空调,4.97,4.83,4.97,4.74,5518500.0
20260807,600203,福日电子,10.4,10.4,10.42,10.16,23503400.0
20260807,600206,有研新材,46.0,48.17,48.17,44.8,91710500.0
20260807,600207,安彩高科,4.39,4.45,4.45,4.33,15332800.0
20260807,600208,衢州发展,2.95,3.09,3.11,2.92,171451300.0
20260807,600210,紫江企业,6.17,6.12,6.24,6.11,16171900.0
20260807,600211,西藏药业,37.88,39.56,39.69,37.58,6087300.0
20260807,600212,绿能慧充,5.41,5.43,5.44,5.24,9017800.0
20260807,600215,派斯林,6.26,6.3,6.3,6.11,7672100.0
20260807,600216,浙江医药,11.99,12.27,12.3,11.83,24679600.0
20260807,600217,中再资环,3.16,3.13,3.16,3.1,9333500.0
20260807,600218,全柴动力,7.57,7.53,7.58,7.41,4377900.0
20260807,600219,南山铝业,4.69,4.84,4.85,4.68,228376300.0
20260807,600221,海航控股,1.34,1.33,1.35,1.33,164986600.0
20260807,600222,太龙药业,7.64,7.82,7.89,7.5,21675000.0
20260807,600223,福瑞达,5.52,5.54,5.54,5.4,7140500.0
20260807,600226,亨通股份,5.84,6.17,6.25,5.74,213660700.0
20260807,600227,赤天化,3.21,3.34,3.37,3.16,213123100.0
20260807,600228,返利科技,7.7,7.94,7.96,7.56,37900000.0
20260807,600229,城市传媒,5.06,5.01,5.07,4.93,4969600.0
20260807,600230,沧州大化,14.23,14.88,14.95,14.17,24739600.0
20260807,600231,凌钢股份,1.71,1.68,1.71,1.66,11229000.0
20260807,600232,金鹰股份,6.1,6.11,6.15,5.98,5340400.0
20260807,600233,圆通速递,18.52,18.49,18.85,18.28,23867500.0
20260807,600234,科新发展,19.8,20.63,20.73,19.62,2993400.0
20260807,600235,民丰特纸,5.48,5.45,5.49,5.37,3759800.0
20260807,600236,桂冠电力,10.95,10.8,10.96,10.68,30508600.0
20260807,600237,铜峰电子,8.56,8.94,9.18,8.36,70353200.0
20260807,600241,时代万恒,7.28,7.13,7.29,7.04,4460900.0
20260807,600246,万通发展,12.23,12.6,12.85,12.06,116945000.0
20260807,600248,陕建股份,2.88,2.84,2.89,2.82,18404200.0
20260807,600249,两面针,5.11,5.13,5.15,5.05,8225500.0
20260807,600250,南京商旅,8.45,8.35,8.47,8.19,5813700.0
20260807,600251,冠农股份,9.55,9.43,9.55,9.36,11325600.0
20260807,600252,中恒集团,2.19,2.23,2.24,2.17,47974200.0
20260807,600255,鑫科材料,3.36,3.42,3.43,3.29,91059600.0
20260807,600256,广汇能源,5.63,5.67,5.72,5.58,139072500.0
20260807,600257,大湖股份,5.25,5.28,5.3,5.12,18261200.0
20260807,600258,首旅酒店,12.0,11.93,12.03,11.8,12650500.0
20260807,600259,中稀有色,83.15,90.68,93.48,83.13,20885600.0
20260807,600261,阳光照明,3.06,3.02,3.06,2.99,8940800.0
20260807,600262,北方股份,15.49,15.43,15.85,14.8,21896900.0
20260807,600266,城建发展,4.08,4.03,4.09,3.97,26580000.0
20260807,600267,海正药业,11.9,13.11,13.11,11.81,56906200.0
20260807,600268,国电南自,11.28,11.2,11.29,11.08,17542700.0
20260807,600269,赣粤高速,3.95,3.9,3.95,3.87,35794700.0
20260807,600271,航天信息,7.05,6.94,7.05,6.79,19313600.0
20260807,600272,开开实业,11.9,12.97,12.97,11.6,15722500.0
20260807,600273,嘉化能源,6.86,6.85,6.9,6.74,17648000.0
20260807,600276,恒瑞医药,52.0,54.62,54.62,51.82,141931500.0
20260807,600278,东方创业,6.28,6.28,6.33,6.17,3881200.0
20260807,600279,重庆港,4.29,4.25,4.3,4.21,5747200.0
20260807,600280,中央商场,2.92,2.88,2.92,2.8,24694200.0
20260807,600281,华阳新材,4.32,4.36,4.38,4.25,13460600.0
20260807,600282,南钢股份,4.95,4.82,4.98,4.81,48395800.0
20260807,600283,钱江水利,7.94,7.88,7.94,7.82,2748200.0
20260807,600284,浦东建设,5.17,5.13,5.17,5.06,9679500.0
20260807,600285,羚锐制药,22.2,22.24,22.27,21.94,9230600.0
20260807,600287,苏豪时尚,4.64,4.61,4.68,4.5,3408800.0
20260807,600288,大恒科技,11.13,11.03,11.19,10.65,31208000.0
20260807,600292,电投水电,12.65,12.48,12.65,12.38,8652800.0
20260807,600293,三峡新材,2.79,2.77,2.81,2.72,26277900.0
20260807,600295,鄂尔多斯,12.18,12.04,12.27,12.02,9514000.0
20260807,600298,安琪酵母,41.29,41.23,41.86,40.72,11660200.0
20260807,600299,安迪苏,8.62,8.45,8.65,8.39,60848400.0
20260807,600300,维维股份,3.14,3.13,3.15,3.09,19154300.0
20260807,600301,华锡有色,48.92,50.44,50.67,48.01,13994000.0
20260807,600303,曙光股份,2.8,2.79,2.82,2.71,25616100.0
20260807,600305,恒顺醋业,6.88,6.81,6.9,6.74,10993900.0
20260807,600307,酒钢宏兴,1.47,1.45,1.47,1.43,42732300.0
20260807,600308,华泰股份,3.2,3.18,3.21,3.16,7017300.0
20260807,600309,万华化学,74.97,75.72,76.8,74.58,35125300.0
20260807,600310,广西能源,4.43,4.42,4.45,4.37,44910000.0
20260807,600312,平高电气,20.38,20.47,20.53,20.12,21554600.0
20260807,600313,农发种业,5.8,5.76,5.85,5.67,50814400.0
20260807,600315,上海家化,17.29,17.26,17.31,16.92,8403600.0
20260807,600316,洪都航空,25.88,25.94,26.06,25.38,10408800.0
20260807,600318,新力金融,6.62,6.51,6.62,6.4,10809100.0
20260807,600319,亚星化学,6.17,6.09,6.17,5.92,4733800.0
20260807,600320,振华重工,4.2,4.17,4.22,4.13,37079100.0
20260807,600322,津投城开,2.7,2.64,2.71,2.61,22698800.0
20260807,600323,瀚蓝环境,30.26,29.42,30.26,29.39,9407500.0
20260807,600325,华发股份,2.52,2.46,2.52,2.39,75343500.0
20260807,600326,西藏天路,7.92,7.6,8.1,7.43,136317000.0
20260807,600327,大东方,3.57,3.58,3.6,3.5,9535400.0
20260807,600328,中盐化工,6.35,6.32,6.37,6.27,13728800.0
20260807,600329,达仁堂,36.88,37.18,37.3,36.54,3094400.0
20260807,600330,天通股份,21.65,23.01,23.2,21.09,186956400.0
20260807,600331,宏达股份,13.22,13.88,14.08,13.18,81800200.0
20260807,600332,白云山,21.34,21.5,21.52,21.15,8240900.0
20260807,600333,长春燃气,6.15,6.04,6.15,5.98,10188500.0
20260807,600335,国机汽车,5.14,5.1,5.15,5.05,9529000.0
20260807,600336,澳柯玛,6.25,6.32,6.42,6.16,6215900.0
20260807,600338,西藏珠峰,13.45,13.92,13.93,13.35,55819300.0
20260807,600339,中油工程,3.42,3.34,3.43,3.32,44968900.0
20260807,600343,航天动力,19.6,20.28,20.4,19.26,33776300.0
20260807,600345,长江通信,46.41,47.29,47.66,45.9,8565700.0
20260807,600346,恒力石化,17.45,17.89,18.15,17.35,49830300.0
20260807,600348,华阳股份,8.51,8.48,8.54,8.37,38958500.0
20260807,600350,山东高速,10.8,10.86,10.94,10.7,12235400.0
20260807,600351,亚宝药业,6.62,6.82,6.82,6.57,36386700.0
20260807,600352,浙江龙盛,13.01,13.17,13.55,12.87,82773700.0
20260807,600353,旭光电子,26.75,28.03,28.73,26.08,60759100.0
20260807,600354,敦煌种业,6.32,6.17,6.35,6.04,74189200.0
20260807,600356,恒丰纸业,8.31,8.24,8.35,8.2,4156100.0
20260807,600358,国旅联合,5.22,5.21,5.25,5.1,6786000.0
20260807,600359,新农开发,6.1,6.07,6.13,5.95,7470300.0
20260807,600360,华微电子,10.33,10.51,10.6,10.23,72909600.0
20260807,600361,创新新材,3.71,3.73,3.74,3.68,34913100.0
20260807,600362,江西铜业,46.81,49.58,49.98,46.81,95532400.0
20260807,600363,联创光电,20.5,22.8,22.95,20.5,135155800.0
20260807,600366,宁波韵升,11.9,12.25,12.39,11.85,70874000.0
20260807,600367,红星发展,31.91,32.96,33.5,31.75,57109500.0
20260807,600368,五洲交通,3.94,3.93,3.94,3.89,11228000.0
20260807,600369,西南证券,4.13,4.11,4.14,4.1,24348200.0
20260807,600371,万向德农,7.1,7.05,7.12,6.85,9112400.0
20260807,600372,中航机载,11.36,11.31,11.39,11.21,24024100.0
20260807,600373,中文传媒,7.38,7.2,7.39,7.07,16692600.0
20260807,600375,汉马科技,4.03,3.96,4.03,3.87,23048000.0
20260807,600376,首开股份,4.11,4.1,4.22,3.89,183066800.0
20260807,600377,宁沪高速,11.88,11.86,11.96,11.77,8058100.0
20260807,600378,昊华科技,47.05,49.09,50.23,46.9,103783500.0
20260807,600379,宝光股份,13.18,13.63,13.82,13.13,23266400.0
20260807,600380,健康元,10.03,10.26,10.28,9.95,20979800.0
20260807,600382,广东明珠,6.34,6.38,6.4,6.18,15893800.0
20260807,600383,金地集团,2.27,2.25,2.28,2.2,77287500.0
20260807,600386,北巴传媒,3.31,3.29,3.31,3.21,9070100.0
20260807,600388,紫金龙净,17.75,17.58,18.18,17.47,13331300.0
20260807,600389,江山股份,20.58,20.65,20.75,20.07,14331800.0
20260807,600390,五矿资本,4.91,4.89,4.91,4.83,26859600.0
20260807,600391,航发科技,31.0,30.77,31.38,30.2,10609900.0
20260807,600392,盛和资源,22.4,23.94,24.29,22.4,130989200.0
20260807,600395,盘江股份,5.02,4.97,5.02,4.87,42567300.0
20260807,600396,华电辽能,17.31,17.73,17.92,16.75,231206300.0
20260807,600397,江钨装备,18.12,18.41,18.58,17.21,215532300.0
20260807,600398,海澜之家,6.05,6.05,6.08,5.98,25219200.0
20260807,600399,抚顺特钢,4.27,4.31,4.33,4.19,33483100.0
20260807,600400,红豆股份,3.09,3.14,3.19,3.04,51641700.0
20260807,600403,大有能源,6.6,6.46,6.66,6.12,148900400.0
20260807,600405,动力源,4.55,4.35,4.58,4.29,15538300.0
20260807,600406,国电南瑞,24.14,24.12,24.19,23.91,52439700.0
20260807,600408,安泰集团,2.77,2.74,2.79,2.68,72819800.0
20260807,600409,三友化工,6.52,6.77,6.78,6.47,47330900.0
20260807,600410,华胜天成,15.96,15.83,16.0,15.35,97078300.0
20260807,600415,小商品城,12.17,12.11,12.25,11.92,68651900.0
20260807,600416,湘电股份,9.15,9.05,9.17,8.9,20412100.0
20260807,600418,江淮汽车,24.0,24.13,24.4,23.03,99394100.0
20260807,600419,天润乳业,8.65,8.55,8.66,8.38,6535700.0
20260807,600420,国药现代,8.58,8.7,8.71,8.51,9818300.0
20260807,600422,昆药集团,8.74,8.82,8.84,8.61,7935800.0
20260807,600425,青松建化,3.54,3.5,3.54,3.45,14589900.0
20260807,600426,华鲁恒升,21.24,21.11,21.56,20.87,39989900.0
20260807,600428,中远海特,11.98,11.95,12.13,11.77,66880300.0
20260807,600429,三元股份,4.48,4.42,4.49,4.33,12442000.0
20260807,600433,冠豪高新,3.37,3.35,3.39,3.28,31461900.0
20260807,600435,北方导航,10.63,10.52,10.65,10.37,20020600.0
20260807,600436,片仔癀,134.85,136.99,137.8,134.01,6059800.0
20260807,600438,通威股份,12.92,13.08,13.4,12.65,151996200.0
20260807,600444,国机通用,13.3,13.44,13.44,13.1,2048700.0
20260807,600446,金证股份,11.29,11.13,11.48,10.96,29272200.0
20260807,600448,华纺股份,2.8,2.75,2.8,2.68,11324900.0
20260807,600449,宁夏建材,14.0,15.5,15.5,13.8,33007700.0
20260807,600452,涪陵电力,9.7,9.68,9.7,9.45,27999800.0
20260807,600455,博通股份,23.58,23.77,23.84,23.33,1580500.0
20260807,600456,宝钛股份,28.31,28.62,28.77,28.27,5932400.0
20260807,600458,时代新材,11.53,11.58,11.59,11.37,14006900.0
20260807,600459,贵研铂业,20.41,21.01,21.09,20.22,37813400.0
20260807,600460,士兰微,31.1,32.55,32.62,30.9,107834200.0
20260807,600461,洪城环境,8.91,8.9,8.96,8.88,8855000.0
20260807,600463,空港股份,7.95,7.84,7.99,7.7,3553500.0
20260807,600467,好当家,2.28,2.28,2.32,2.24,44086600.0
20260807,600468,百利电气,6.35,6.24,6.36,6.15,52953900.0
20260807,600469,风神股份,5.33,5.37,5.41,5.31,6413200.0
20260807,600470,六国化工,5.69,5.64,5.7,5.57,15780100.0
20260807,600475,华光环能,14.95,14.61,14.99,14.5,11936300.0
20260807,600477,杭萧钢构,2.42,2.4,2.43,2.36,29138200.0
20260807,600478,科力远,5.0,4.97,5.01,4.9,20850900.0
20260807,600479,千金药业,9.73,9.85,9.85,9.66,5698400.0
20260807,600480,凌云股份,8.66,8.68,8.72,8.53,13823700.0
20260807,600481,双良节能,4.33,4.34,4.46,4.25,49557300.0
20260807,600482,中国动力,29.01,30.24,30.56,28.83,29538200.0
20260807,600483,福能股份,10.69,10.54,10.7,10.47,11007000.0
20260807,600486,扬农化工,54.86,55.13,55.99,54.16,4955200.0
20260807,600487,亨通光电,56.1,59.52,60.29,55.8,281966600.0
20260807,600488,津药药业,5.72,5.91,6.25,5.68,171546900.0
20260807,600489,中金黄金,25.07,26.1,26.11,25.0,113464200.0
20260807,600490,鹏欣资源,6.91,7.18,7.23,6.91,58966600.0
20260807,600493,凤竹纺织,5.94,5.92,5.94,5.73,5092000.0
20260807,600495,晋西车轴,3.86,3.8,3.86,3.77,8762700.0
20260807,600496,精工钢构,3.29,3.28,3.3,3.25,18546000.0
20260807,600497,驰宏锌锗,10.32,10.45,10.54,10.23,199264500.0
20260807,600498,烽火通信,37.88,39.21,39.58,37.38,109595700.0
20260807,600499,科达制造,14.25,14.26,14.55,14.11,44112400.0
20260807,600500,中化国际,5.0,5.51,5.51,4.91,152938700.0
20260807,600501,航天晨光,14.9,14.79,14.9,14.46,6618500.0
20260807,600502,安徽建工,4.59,4.55,4.61,4.52,26071300.0
20260807,600503,华丽家族,2.14,2.12,2.14,2.06,29562300.0
20260807,600505,西昌电力,11.29,11.31,11.34,11.13,7670600.0
20260807,600506,统一股份,14.56,14.54,14.67,14.23,6183300.0
20260807,600507,方大特钢,4.33,4.37,4.4,4.29,23114900.0
20260807,600508,上海能源,8.65,8.56,8.66,8.48,12039600.0
20260807,600509,天富能源,7.7,7.73,7.74,7.57,21926000.0
20260807,600510,黑牡丹,6.97,6.9,7.19,6.75,14140300.0
20260807,600511,国药股份,27.28,27.53,27.56,27.16,4660800.0
20260807,600512,腾达建设,2.01,1.99,2.02,1.96,25752500.0
20260807,600513,联环药业,17.4,18.07,18.3,17.3,33574900.0
20260807,600515,海南机场,2.91,2.89,2.91,2.84,85981400.0
20260807,600516,方大炭素,5.18,5.19,5.21,5.13,37390300.0
20260807,600517,国网英大,5.07,5.02,5.09,4.97,22199500.0
20260807,600518,康美药业,1.33,1.34,1.35,1.33,98336600.0
20260807,600519,贵州茅台,1308.66,1309.22,1315.28,1301.0,2497600.0
20260807,600520,三佳科技,23.97,24.73,24.74,23.42,10434100.0
20260807,600521,华海药业,16.39,17.55,17.57,16.36,72036300.0
20260807,600522,中天科技,32.2,33.67,34.08,32.03,342520100.0
20260807,600523,贵航股份,11.3,11.28,11.37,11.1,3458000.0
20260807,600525,长园集团,4.91,5.09,5.09,4.91,14384300.0
20260807,600526,菲达环保,4.39,4.38,4.41,4.33,7070700.0
20260807,600527,江南高纤,2.19,2.15,2.19,2.13,42170800.0
20260807,600528,中铁工业,7.21,7.14,7.22,7.09,12491500.0
20260807,600529,山东药玻,19.3,19.32,19.36,19.08,11313200.0
20260807,600531,豫光金铅,13.01,13.58,13.59,12.81,82194400.0
20260807,600533,栖霞建设,2.16,2.16,2.16,2.04,20595100.0
20260807,600535,天士力,15.45,15.72,15.83,15.33,20045600.0
20260807,600536,中国软件,32.81,32.17,32.81,31.43,23143900.0
20260807,600538,国发股份,5.0,5.32,5.48,4.9,31045300.0
20260807,600539,狮头股份,14.65,15.63,15.86,13.96,25745400.0
20260807,600540,新赛股份,3.82,3.89,3.89,3.72,54320600.0
20260807,600545,卓郎智能,4.35,4.45,4.48,4.19,87088100.0
20260807,600546,山煤国际,12.87,13.02,13.09,12.61,41313200.0
20260807,600547,山东黄金,29.81,30.48,30.49,29.6,78236700.0
20260807,600548,深高速,8.42,8.35,8.44,8.33,3388200.0
20260807,600549,厦门钨业,55.99,58.03,59.48,54.6,124728400.0
20260807,600550,保变电气,11.84,11.81,11.87,11.63,41403300.0
20260807,600551,时代出版,6.97,6.86,6.97,6.8,5122400.0
20260807,600552,凯盛科技,17.61,18.2,18.32,17.49,77698100.0
20260807,600556,天下秀,5.11,5.14,5.36,4.93,123343600.0
20260807,600557,康缘药业,12.25,12.75,12.77,12.23,13595100.0
20260807,600558,大西洋,4.82,4.76,4.83,4.69,8332500.0
20260807,600559,老白干酒,12.0,12.04,12.08,11.75,17228800.0
20260807,600560,金自天正,11.08,10.97,11.08,10.79,2366200.0
20260807,600561,江西长运,5.56,5.5,5.56,5.37,4131600.0
20260807,600562,国睿科技,25.01,25.22,25.6,24.18,14211500.0
20260807,600563,法拉电子,137.47,136.21,137.52,133.47,6214100.0
20260807,600566,济川药业,26.9,25.9,26.9,25.64,9377200.0
20260807,600567,山鹰国际,1.34,1.32,1.35,1.32,60682800.0
20260807,600569,安阳钢铁,1.79,1.78,1.8,1.75,14477200.0
20260807,600570,恒生电子,23.03,22.77,23.08,22.34,40454700.0
20260807,600571,信雅达,10.89,10.58,11.08,10.3,20941600.0
20260807,600572,康恩贝,4.24,4.34,4.35,4.2,63317800.0
20260807,600573,惠泉啤酒,9.71,9.64,9.71,9.46,5755500.0
20260807,600575,淮河能源,3.41,3.37,3.41,3.35,45418400.0
20260807,600576,祥源文旅,5.6,5.54,5.6,5.45,7731100.0
20260807,600577,精达股份,8.18,8.26,8.28,7.97,60936900.0
20260807,600578,京能电力,5.85,5.98,5.98,5.81,117015000.0
20260807,600579,中化装备,7.23,7.28,7.31,7.09,6113300.0
20260807,600580,卧龙电驱,36.87,36.64,37.0,34.82,90959900.0
20260807,600582,天地科技,4.84,4.8,4.85,4.77,15195800.0
20260807,600583,海油工程,5.65,5.56,5.68,5.55,26353100.0
20260807,600584,长电科技,75.15,77.75,78.74,73.97,228341400.0
20260807,600585,海螺水泥,17.75,17.76,17.79,17.58,21735300.0
20260807,600586,金晶科技,4.22,4.18,4.23,4.14,12408000.0
20260807,600587,新华医疗,12.73,12.79,12.81,12.55,6983900.0
20260807,600588,用友网络,11.88,11.72,11.9,11.41,141524900.0
20260807,600589,大位科技,8.23,8.28,8.49,7.95,77365800.0
20260807,600590,泰豪科技,8.57,8.57,8.59,8.32,21103500.0
20260807,600592,龙溪股份,14.5,14.55,14.56,14.23,7084500.0
20260807,600593,大连圣亚,39.15,39.3,39.41,38.56,3062900.0
20260807,600594,益佰制药,3.53,3.75,3.75,3.49,60812600.0
20260807,600595,中孚实业,6.53,6.63,6.74,6.5,124552000.0
20260807,600596,新安股份,10.85,11.06,11.1,10.76,39006300.0
20260807,600597,光明乳业,6.85,6.72,6.86,6.65,13973800.0
20260807,600598,北大荒,12.12,12.06,12.15,11.9,22206800.0
20260807,600600,青岛啤酒,53.6,53.6,53.75,53.03,5237200.0
20260807,600601,方正科技,11.93,12.87,12.87,11.73,421332000.0
20260807,600602,云赛智联,18.29,17.93,18.31,17.7,38374500.0
20260807,600603,广汇物流,4.59,4.39,4.59,4.37,14055500.0
20260807,600604,市北高新,4.6,4.44,4.62,4.41,13954300.0
20260807,600605,汇通能源,22.92,23.69,23.85,22.48,4106700.0
20260807,600606,绿地控股,1.29,1.28,1.3,1.26,87174300.0
20260807,600609,金杯汽车,3.3,3.25,3.31,3.19,28125600.0
20260807,600610,中毅达,7.02,7.03,7.04,6.9,13215900.0
20260807,600611,大众交通,4.72,4.55,4.8,4.5,157575100.0
20260807,600612,老凤祥,35.0,34.87,35.06,34.0,2436500.0
20260807,600613,神奇制药,4.98,5.09,5.09,4.93,10604600.0
20260807,600615,鑫源智造,9.18,9.09,9.2,8.97,2125800.0
20260807,600616,金枫酒业,4.15,4.14,4.19,4.04,7259200.0
20260807,600617,国新能源,3.43,3.41,3.46,3.35,42747300.0
20260807,600618,氯碱化工,10.49,10.39,10.49,10.26,5834500.0
20260807,600619,海立股份,14.19,14.08,14.23,13.81,21459500.0
20260807,600620,天宸股份,4.24,4.19,4.27,4.13,4610300.0
20260807,600621,华鑫股份,13.26,13.21,13.28,13.09,8109000.0
20260807,600622,光大嘉宝,2.19,2.15,2.2,2.1,20161500.0
20260807,600623,华谊集团,8.52,8.31,8.59,8.21,25406200.0
20260807,600626,申达股份,3.47,3.44,3.5,3.38,8846500.0
20260807,600628,新世界,6.06,6.06,6.08,5.95,6684900.0
20260807,600629,华建集团,15.55,15.92,15.95,15.42,34436800.0
20260807,600630,龙头股份,6.68,6.63,6.68,6.53,10070900.0
20260807,600633,浙数文化,11.31,11.23,11.33,10.92,33333300.0
20260807,600635,大众公用,4.81,4.71,4.81,4.65,43172900.0
20260807,600637,东方明珠,8.17,8.22,8.22,8.02,39157000.0
20260807,600638,新黄浦,4.95,4.89,5.05,4.83,8516000.0
20260807,600639,浦东金桥,9.55,9.45,9.57,9.38,4139300.0
20260807,600640,国脉文化,10.8,10.71,10.85,10.48,7526700.0
20260807,600641,先导基电,28.44,31.28,31.28,28.1,79833000.0
20260807,600642,申能股份,8.34,8.34,8.36,8.25,17797800.0
20260807,600643,爱建集团,4.06,3.92,4.07,3.9,28139700.0
20260807,600644,乐山电力,10.32,10.38,10.45,10.05,47819100.0
20260807,600645,中源协和,18.87,19.8,19.82,18.63,17276300.0
20260807,600648,外高桥,9.06,9.04,9.06,8.87,2523600.0
20260807,600649,城投控股,3.68,3.63,3.7,3.58,21441100.0
20260807,600650,锦江在线,10.91,10.71,10.93,10.56,9910000.0
20260807,600651,飞乐音响,5.84,6.4,6.4,5.82,43143000.0
20260807,600653,申华控股,1.66,1.66,1.67,1.63,16519400.0
20260807,600654,中安科,3.1,2.99,3.23,2.91,158325100.0
20260807,600655,豫园股份,4.63,4.6,4.65,4.53,12073800.0
20260807,600657,信达地产,2.61,2.57,2.62,2.52,21033100.0
20260807,600658,电子城,4.1,3.95,4.13,3.9,17131800.0
20260807,600660,福耀玻璃,56.2,55.4,56.4,55.18,12631800.0
20260807,600661,昂立教育,9.04,9.34,9.44,9.0,15723500.0
20260807,600662,外服控股,4.45,4.4,4.45,4.33,15794400.0
20260807,600663,陆家嘴,9.0,9.13,9.23,8.95,26145800.0
20260807,600664,哈药股份,6.65,6.84,6.84,6.45,269708200.0
20260807,600665,天地源,3.33,3.31,3.37,3.18,33645400.0
20260807,600666,奥瑞德,3.95,3.85,3.97,3.77,159364000.0
20260807,600667,太极实业,18.9,19.53,19.98,18.45,390398200.0
20260807,600668,尖峰集团,7.31,7.42,7.42,7.2,7393900.0
20260807,600671,天目药业,21.4,21.53,21.78,21.06,4093000.0
20260807,600673,东阳光,32.17,32.91,33.39,32.0,41739100.0
20260807,600674,川投能源,15.0,14.97,15.05,14.81,31333600.0
20260807,600675,中华企业,2.26,2.21,2.26,2.17,35287200.0
20260807,600676,久事动娱,6.97,7.0,7.01,6.87,10102700.0
20260807,600679,上海凤凰,9.51,9.39,9.51,9.3,2373500.0
20260807,600681,百川能源,3.41,3.42,3.45,3.37,18350200.0
20260807,600682,南京新百,5.57,5.64,5.64,5.48,14445200.0
20260807,600683,京投发展,8.77,8.83,8.87,8.31,17242100.0
20260807,600684,珠江股份,3.48,3.39,3.48,3.33,13129500.0
20260807,600685,中船防务,26.01,26.12,26.18,25.81,9539400.0
20260807,600686,金龙汽车,11.8,11.75,11.83,11.49,18790000.0
20260807,600688,上海石化,2.85,2.87,2.88,2.83,66575300.0
20260807,600689,上海三毛,10.16,10.22,10.25,10.06,2072200.0
20260807,600690,海尔智家,22.12,21.93,22.17,21.83,30602600.0
20260807,600691,潞化科技,2.46,2.45,2.47,2.4,24740500.0
20260807,600692,亚通股份,6.03,5.93,6.03,5.81,5916600.0
20260807,600693,东百集团,9.54,9.61,9.74,9.3,60737900.0
20260807,600694,大商股份,14.56,14.43,14.6,14.32,4686700.0
20260807,600697,欧亚集团,10.45,10.38,10.5,10.19,2404900.0
20260807,600698,湖南天雁,6.56,6.56,6.59,6.42,13045300.0
20260807,600699,均胜电子,21.22,21.2,21.32,20.8,25359100.0
20260807,600702,舍得酒业,37.69,37.98,38.21,36.51,18595300.0
20260807,600703,三安光电,13.82,14.4,14.9,13.69,292503000.0
20260807,600704,物产中大,5.01,4.97,5.02,4.95,38729600.0
20260807,600706,曲江文旅,7.58,7.6,7.63,7.41,5571300.0
20260807,600707,彩虹股份,9.2,9.48,9.57,9.1,139522400.0
20260807,600708,光明地产,3.24,3.19,3.25,3.1,26169300.0
20260807,600710,苏美达,10.66,10.56,10.7,10.46,10184800.0
20260807,600711,盛屯矿业,11.65,11.84,11.94,11.44,150710800.0
20260807,600712,南宁百货,5.43,5.48,5.86,5.31,40497800.0
20260807,600713,南京医药,5.07,5.18,5.18,5.05,18394900.0
20260807,600714,金瑞矿业,15.07,15.4,15.6,14.68,30725200.0
20260807,600715,文投控股,1.61,1.59,1.62,1.56,28504200.0
20260807,600716,凤凰股份,3.51,3.44,3.51,3.39,5498900.0
20260807,600717,天津港,4.3,4.23,4.31,4.19,25172200.0
20260807,600718,东软集团,8.4,8.28,8.47,8.18,14639000.0
20260807,600719,大连热电,7.62,7.65,7.65,7.42,11753100.0
20260807,600720,中交设计,5.25,5.2,5.27,5.15,9536300.0
20260807,600721,百花医药,10.25,10.54,10.54,10.1,60068300.0
20260807,600722,金牛化工,10.94,11.38,11.71,10.71,143310800.0
20260807,600724,宁波富达,5.1,5.09,5.11,4.97,7367700.0
20260807,600725,云维股份,3.22,3.29,3.3,3.14,21882000.0
20260807,600726,华电能源,6.2,6.32,6.34,6.06,154928400.0
20260807,600727,鲁北化工,7.58,7.53,7.63,7.43,21608100.0
20260807,600728,佳都科技,4.83,4.75,4.85,4.66,42593700.0
20260807,600729,重百集团,20.5,20.14,20.52,19.93,4544800.0
20260807,600731,湖南海利,5.78,5.73,5.78,5.67,5291600.0
20260807,600732,爱旭股份,12.44,12.18,12.7,12.13,33741700.0
20260807,600733,北汽蓝谷,5.61,5.5,5.72,5.48,142376100.0
20260807,600736,苏州高新,6.7,6.65,6.7,6.52,19560800.0
20260807,600737,中粮糖业,13.33,13.53,13.94,12.92,86513100.0
20260807,600738,丽尚国潮,3.95,3.91,3.96,3.84,9842900.0
20260807,600739,辽宁成大,10.74,10.89,10.9,10.64,15885900.0
20260807,600740,山西焦化,3.58,3.54,3.58,3.46,42154200.0
20260807,600741,华域汽车,16.0,16.0,16.08,15.86,12926200.0
20260807,600742,富维股份,7.69,7.54,7.69,7.5,5332400.0
20260807,600743,华远控股,2.22,2.26,2.29,2.19,46921200.0
20260807,600744,华银电力,7.16,7.88,7.88,7.02,202987800.0
20260807,600746,江苏索普,6.61,6.7,6.72,6.52,20192200.0
20260807,600748,上实发展,3.88,3.79,3.88,3.75,14183400.0
20260807,600749,西藏旅游,14.29,14.56,14.65,13.87,11436300.0
20260807,600750,华润江中,25.0,24.77,25.1,24.66,4677000.0
20260807,600751,海航科技,3.15,3.14,3.2,3.11,34443100.0
20260807,600754,锦江酒店,19.09,19.06,19.25,18.81,11946900.0
20260807,600755,厦门国贸,5.73,5.73,5.74,5.67,12386700.0
20260807,600756,浪潮软件,16.0,15.56,16.0,15.16,28169400.0
20260807,600757,长江传媒,7.75,7.75,7.82,7.67,9455400.0
20260807,600758,辽宁能源,3.59,3.52,3.59,3.43,121660300.0
20260807,600760,中航沈飞,42.5,42.56,43.0,42.03,12620500.0
20260807,600761,安徽合力,17.45,17.23,17.58,17.18,11156800.0
20260807,600763,通策医疗,35.78,36.62,36.65,35.55,11089500.0
20260807,600764,中国海防,18.28,18.19,18.33,17.9,7570700.0
20260807,600765,中航重机,13.47,13.44,13.47,13.28,11172600.0
20260807,600768,富邦新材,14.58,14.68,14.68,14.3,3237000.0
20260807,600769,祥龙电业,14.96,15.1,15.17,14.26,12078300.0
20260807,600770,综艺股份,5.26,5.24,5.3,5.13,23730500.0
20260807,600771,广誉远,14.15,14.29,14.34,13.94,8758500.0
20260807,600773,西藏城投,11.2,11.24,11.31,10.76,20606300.0
20260807,600774,汉商集团,6.85,6.93,6.95,6.67,4090900.0
20260807,600775,南京熊猫,9.96,9.94,10.03,9.72,23036100.0
20260807,600776,东方通信,13.21,13.04,13.26,12.85,17120900.0
20260807,600777,新潮能源,4.38,4.25,4.41,4.23,30666700.0
20260807,600778,友好集团,5.37,5.37,5.38,5.24,7213500.0
20260807,600779,水井坊,28.49,28.72,28.84,27.91,4434900.0
20260807,600780,通宝能源,6.01,5.99,6.01,5.88,8517500.0
20260807,600782,新钢股份,2.82,2.78,2.82,2.75,45860400.0
20260807,600783,鲁信创投,18.45,18.45,18.65,17.79,37056100.0
20260807,600784,鲁银投资,7.69,7.62,7.69,7.48,8579800.0
20260807,600785,新华百货,8.78,8.71,8.78,8.5,7266300.0
20260807,600787,中储股份,4.64,4.59,4.67,4.55,16493300.0
20260807,600789,鲁抗医药,7.33,7.51,7.51,7.28,38175000.0
20260807,600790,轻纺城,3.31,3.28,3.32,3.25,10959900.0
20260807,600791,京能置业,7.31,7.26,7.35,6.96,11962400.0
20260807,600792,云煤能源,3.6,3.6,3.61,3.51,24401100.0
20260807,600793,宜宾纸业,14.37,14.24,14.37,13.96,8114300.0
20260807,600794,保税科技,3.15,3.1,3.15,3.06,11973500.0
20260807,600795,国电电力,5.0,4.98,5.02,4.96,96858400.0
20260807,600796,钱江生化,5.02,5.04,5.08,4.94,5747500.0
20260807,600797,浙大网新,7.3,7.16,7.31,7.02,44001400.0
20260807,600798,宁波海运,3.24,3.21,3.24,3.18,10787500.0
20260807,600800,渤海化学,3.41,3.33,3.41,3.25,23714000.0
20260807,600801,华新建材,22.91,22.85,23.6,22.65,14603300.0
20260807,600802,福建水泥,4.44,4.38,4.47,4.29,5935500.0
20260807,600803,新奥股份,17.47,17.3,17.49,17.2,5926700.0
20260807,600805,悦达投资,4.38,4.34,4.39,4.28,5833500.0
20260807,600807,济高发展,2.54,2.52,2.54,2.46,13326600.0
20260807,600808,马钢股份,2.58,2.58,2.59,2.53,42041600.0
20260807,600809,山西汾酒,119.59,120.22,120.66,118.01,8218000.0
20260807,600810,神马股份,6.43,6.38,6.43,6.28,8616600.0
20260807,600812,华北制药,4.77,4.96,4.97,4.72,35797200.0
20260807,600814,杭州解百,6.64,6.55,6.64,6.49,3969400.0
20260807,600815,厦工股份,3.27,3.28,3.3,3.19,64325500.0
20260807,600816,建元信托,2.55,2.51,2.55,2.48,59104700.0
20260807,600817,宇通重工,9.26,9.33,9.35,9.17,2300900.0
20260807,600819,耀皮玻璃,5.45,5.35,5.45,5.29,6214200.0
20260807,600820,隧道股份,5.42,5.41,5.44,5.37,13317000.0
20260807,600821,金开新能,6.45,6.58,6.6,6.36,76587200.0
20260807,600822,上海物贸,8.2,8.16,8.21,8.05,2574500.0
20260807,600824,益民集团,3.52,3.5,3.53,3.44,8757300.0
20260807,600825,新华传媒,5.08,5.02,5.09,4.94,10524000.0
20260807,600826,兰生股份,8.05,8.01,8.05,7.83,5398600.0
20260807,600827,百联股份,7.73,7.67,7.73,7.58,18492800.0
20260807,600828,茂业商业,3.94,3.89,3.94,3.81,11999100.0
20260807,600829,人民同泰,10.3,10.32,11.35,10.09,61027200.0
20260807,600830,香溢融通,8.1,7.96,8.1,7.89,5275400.0
20260807,600831,广电网络,3.35,3.31,3.39,3.23,16964600.0
20260807,600833,第一医药,9.9,10.01,10.06,9.71,9166300.0
20260807,600834,申通地铁,7.32,7.29,7.4,7.23,2176400.0
20260807,600835,上海机电,19.08,19.06,19.13,18.79,4002600.0
20260807,600838,上海九百,7.32,7.24,7.32,7.1,4854800.0
20260807,600839,四川长虹,6.94,6.85,6.95,6.77,72560300.0
20260807,600841,动力新科,5.87,5.78,5.91,5.74,17622500.0
20260807,600843,上工申贝,7.13,7.08,7.15,6.92,6948900.0
20260807,600844,金煤科技,3.43,3.44,3.48,3.37,44956400.0
20260807,600845,宝信软件,18.89,18.26,18.94,17.85,33752000.0
20260807,600846,同济科技,12.05,11.99,12.33,11.88,10140800.0
20260807,600847,万里股份,12.23,12.19,12.25,11.8,1771600.0
20260807,600848,上海临港,8.64,8.66,8.73,8.59,7143100.0
20260807,600850,电科数字,15.68,15.43,15.72,15.1,15269200.0
20260807,600851,海欣股份,7.93,8.37,8.38,7.88,14895900.0
20260807,600853,龙建股份,3.23,3.2,3.23,3.15,9836600.0
20260807,600854,春兰股份,4.43,4.4,4.43,4.33,5560100.0
20260807,600855,航天长峰,12.66,12.81,12.83,12.42,6531300.0
20260807,600857,宁波中百,17.42,17.85,18.03,17.42,5210700.0
20260807,600858,银座股份,4.79,4.77,4.84,4.68,7570400.0
20260807,600859,王府井,10.17,10.08,10.2,9.9,16837800.0
20260807,600860,京城股份,8.33,8.26,8.36,8.13,3891900.0
20260807,600861,北京人力,13.61,13.24,13.62,13.16,3704100.0
20260807,600862,中航高科,18.27,18.21,18.29,17.96,14687500.0
20260807,600863,华能蒙电,4.7,4.72,4.72,4.65,98869200.0
20260807,600864,哈投股份,5.42,5.39,5.42,5.3,24051500.0
20260807,600865,百大集团,8.71,8.76,8.82,8.53,6138200.0
20260807,600866,星湖科技,4.42,4.43,4.46,4.38,19262200.0
20260807,600867,通化东宝,8.11,8.42,8.44,8.06,41989500.0
20260807,600868,梅雁吉祥,2.78,2.81,2.81,2.74,43989400.0
20260807,600869,远东股份,15.76,16.16,16.41,15.3,148626900.0
20260807,600871,石化油服,2.24,2.21,2.26,2.19,93508000.0
20260807,600872,中炬高新,19.33,19.25,19.54,18.88,19065900.0
20260807,600873,梅花生物,7.87,7.88,8.14,7.83,31047100.0
20260807,600874,创业环保,5.53,5.52,5.53,5.46,8150900.0
20260807,600875,东方电气,27.11,27.39,27.41,26.86,44051500.0
20260807,600876,凯盛新能,6.98,6.93,7.01,6.82,3332000.0
20260807,600877,电科芯片,12.9,12.86,12.93,12.56,16595100.0
20260807,600879,航天电子,16.12,16.4,16.55,15.72,108660800.0
20260807,600880,博瑞传播,4.09,3.99,4.1,3.89,25303700.0
20260807,600881,亚泰集团,1.71,1.73,1.73,1.66,73404400.0
20260807,600882,妙可蓝多,22.18,22.36,22.4,21.76,6863000.0
20260807,600883,博闻科技,7.46,7.46,7.5,7.26,3832100.0
20260807,600884,杉杉股份,12.31,12.42,12.54,11.98,78970500.0
20260807,600885,宏发股份,35.05,35.41,35.51,34.58,15831400.0
20260807,600886,国投电力,14.37,14.23,14.4,14.09,29860500.0
20260807,600887,伊利股份,26.3,26.21,26.35,26.01,45025300.0
20260807,600888,新疆众和,9.87,10.07,10.17,9.72,62058800.0
20260807,600892,大晟文化,4.33,4.12,4.42,4.12,32961500.0
20260807,600893,航发动力,35.75,35.97,35.99,35.23,25865300.0
20260807,600894,广日股份,7.82,7.84,7.87,7.74,3302400.0
20260807,600895,张江高科,32.54,32.51,32.8,32.01,32758300.0
20260807,600897,厦门空港,14.72,14.63,14.72,14.5,1499400.0
20260807,600900,长江电力,27.76,27.75,27.84,27.51,103438300.0
20260807,600901,江苏金租,6.38,6.36,6.43,6.35,23888500.0
20260807,600903,贵州燃气,6.36,6.31,6.37,6.24,16931000.0
20260807,600905,三峡能源,3.8,3.77,3.81,3.76,82388000.0
20260807,600906,财达证券,6.6,6.59,6.62,6.53,25141400.0
20260807,600908,无锡银行,5.44,5.39,5.45,5.35,21753200.0
20260807,600909,华安证券,8.06,8.21,8.28,8.0,130204400.0
20260807,600916,中国黄金,7.65,7.77,7.79,7.54,47240200.0
20260807,600917,重庆燃气,4.83,4.82,4.88,4.78,3829800.0
20260807,600918,中泰证券,5.57,5.56,5.58,5.5,26368100.0
20260807,600919,江苏银行,11.72,11.62,11.75,11.52,88401400.0
20260807,600925,苏能股份,4.3,4.28,4.3,4.22,14646000.0
20260807,600926,杭州银行,16.17,16.0,16.23,15.9,30861400.0
20260807,600927,永安期货,13.16,13.03,13.18,12.89,6786600.0
20260807,600928,西安银行,3.56,3.53,3.57,3.51,23658400.0
,600929,雪天盐业,5.5,5.33,5.5,5.32,18755600.0
20260807,600930,华电新能,4.2,4.19,4.22,4.15,124986200.0
20260807,600933,爱柯迪,13.78,13.65,13.8,13.57,8972100.0
20260807,600935,华塑股份,2.31,2.29,2.31,2.26,9969600.0
20260807,600936,北投科技,5.84,5.6,5.84,5.47,127933700.0
20260807,600938,中国海油,31.3,31.33,31.49,31.02,43458300.0
20260807,600939,重庆建工,2.68,2.61,2.68,2.59,8840600.0
20260807,600941,中国移动,96.48,95.5,96.69,94.85,10481900.0
20260807,600955,维远股份,12.82,12.71,12.86,12.63,3887900.0
20260807,600956,新天绿能,7.28,7.26,7.28,7.18,6140500.0
20260807,600958,东方证券,9.11,9.08,9.12,9.0,58716400.0
20260807,600959,江苏有线,3.11,3.07,3.11,3.02,34347900.0
20260807,600960,渤海汽车,4.0,3.99,4.0,3.91,7518800.0
20260807,600961,株冶集团,26.85,29.4,29.66,26.78,88114100.0
20260807,600962,国投中鲁,30.41,28.19,30.64,27.88,26180200.0
20260807,600963,岳阳林纸,3.33,3.31,3.34,3.24,28178600.0
20260807,600966,博汇纸业,4.89,4.85,4.91,4.8,9346500.0
20260807,600967,内蒙一机,11.36,11.45,11.51,11.22,18677900.0
20260807,600968,海油发展,3.89,3.87,3.91,3.85,25882100.0
20260807,600969,郴电国际,8.28,8.29,8.3,8.1,6893700.0
20260807,600970,中材国际,7.78,7.83,7.85,7.71,17264600.0
20260807,600971,恒源煤电,8.2,8.16,8.22,7.96,20521700.0
20260807,600973,宝胜股份,6.19,6.21,6.28,6.13,18556400.0
20260807,600975,新五丰,4.96,4.93,4.96,4.85,9828800.0
20260807,600976,健民集团,29.99,30.15,30.44,29.44,6366400.0
20260807,600977,中国电影,12.61,12.61,12.66,12.35,36960200.0
20260807,600979,广安爱众,4.02,3.99,4.02,3.94,24239000.0
20260807,600980,北矿科技,18.51,18.95,19.11,18.51,4017800.0
20260807,600981,苏豪汇鸿,2.4,2.39,2.41,2.34,15708400.0
20260807,600982,宁波能源,5.09,5.1,5.11,5.0,22822600.0
20260807,600983,惠而浦,7.86,7.72,7.86,7.7,2201300.0
20260807,600984,建设机械,4.19,4.08,4.19,4.06,29063600.0
20260807,600985,淮北矿业,16.39,16.52,16.61,15.88,34292100.0
20260807,600986,浙文互联,8.04,8.06,8.12,7.7,116373400.0
20260807,600987,航民股份,6.67,6.67,6.71,6.57,8232900.0
20260807,600988,赤峰黄金,41.02,42.09,42.09,40.2,77441700.0
20260807,600989,宝丰能源,23.6,23.67,23.8,23.38,55932800.0
20260807,600990,四创电子,18.07,17.9,18.12,17.59,4247700.0
20260807,600992,贵绳股份,10.16,10.15,10.22,9.88,7821600.0
20260807,600993,马应龙,23.33,23.46,23.58,23.14,5320400.0
20260807,600995,南网储能,12.65,12.64,12.69,12.54,11030500.0
20260807,600996,贵广网络,7.18,7.02,7.2,6.86,26447000.0
20260807,600997,开滦股份,5.5,5.41,5.51,5.3,16648400.0
20260807,600998,九州通,4.94,4.99,5.0,4.9,32870600.0
20260807,600999,招商证券,17.92,18.2,18.32,17.88,65222900.0
20260807,601000,唐山港,4.72,4.67,4.76,4.66,34351000.0
20260807,601001,晋控煤业,17.43,17.28,17.63,17.0,37113100.0
20260807,601002,晋亿实业,5.42,5.35,5.45,5.28,20993600.0
20260807,601003,柳钢股份,3.89,3.75,3.89,3.66,54190200.0
20260807,601005,重庆钢铁,1.2,1.2,1.21,1.19,33158400.0
20260807,601006,大秦铁路,4.82,4.8,4.84,4.78,99217200.0
20260807,601007,金陵饭店,6.57,6.53,6.57,6.42,4887900.0
20260807,601008,连云港,4.32,4.29,4.33,4.27,6948300.0
20260807,601009,南京银行,11.25,11.21,11.32,11.09,40242000.0
20260807,601011,宝泰隆,2.63,2.63,2.64,2.56,44579100.0
20260807,601012,隆基绿能,12.75,12.93,13.18,12.75,147554900.0
20260807,601015,陕西黑猫,3.48,3.34,3.48,3.24,116751400.0
20260807,601016,节能风电,3.57,3.55,3.58,3.49,125246200.0
20260807,601018,宁波港,3.38,3.35,3.39,3.34,51923700.0
20260807,601019,山东出版,7.12,6.98,7.15,6.91,13248700.0
20260807,601020,华钰矿业,20.47,21.15,21.22,20.4,29092900.0
20260807,601021,春秋航空,46.01,45.67,46.32,45.54,5457700.0
20260807,601022,宁波远洋,8.1,8.05,8.12,7.98,4227100.0
20260807,601026,道生天合,15.06,14.96,15.06,14.74,3686800.0
20260807,601033,永兴股份,14.29,14.17,14.41,14.14,5093000.0
20260807,601038,一拖股份,13.55,13.2,13.57,13.06,10639500.0
20260807,601058,赛轮轮胎,13.7,13.61,13.8,13.52,35259800.0
20260807,601059,信达证券,16.67,16.62,16.67,16.53,4358100.0
20260807,601061,中信金属,11.91,12.16,12.29,11.88,20491000.0
20260807,601065,江盐集团,6.89,6.84,6.9,6.8,2895000.0
20260807,601066,中信建投,25.83,26.04,26.04,25.57,21331700.0
20260807,601068,中铝国际,4.6,4.56,4.61,4.51,9535900.0
20260807,601069,西部黄金,28.52,28.51,28.69,27.87,37241000.0
20260807,601077,渝农商行,6.44,6.45,6.5,6.41,68253600.0
20260807,601083,锦江航运,11.17,11.1,11.22,11.05,4499900.0
20260807,601086,国芳集团,7.83,7.9,8.03,7.7,16220500.0
20260807,601088,中国神华,43.89,43.94,44.37,43.38,26835200.0
20260807,601089,福元医药,17.15,17.74,17.76,17.04,5595200.0
20260807,601096,宏盛华源,4.38,4.31,4.39,4.26,28279400.0
20260807,601098,中南传媒,10.55,10.43,10.56,10.29,13591700.0
20260807,601099,太平洋,3.45,3.42,3.45,3.38,85240100.0
20260807,601100,恒立液压,105.07,104.0,105.8,103.29,6486500.0
20260807,601101,昊华能源,13.45,13.5,13.78,13.11,86022600.0
20260807,601106,中国一重,3.19,3.17,3.2,3.13,44102500.0
20260807,601107,四川成渝,5.63,5.53,5.65,5.49,11187500.0
20260807,601108,财通证券,8.4,8.46,8.48,8.36,34341300.0
20260807,601111,中国国航,6.1,6.07,6.12,6.03,62638400.0
20260807,601112,振石股份,15.47,15.53,15.55,15.23,4238500.0
20260807,601113,华鼎股份,3.45,3.41,3.46,3.38,9161500.0
20260807,601116,三江购物,10.5,10.48,10.55,10.24,8072000.0
20260807,601117,中国化学,7.79,7.77,7.8,7.71,55755500.0
20260807,601118,海南橡胶,5.37,5.48,5.56,5.26,103854400.0
20260807,601121,宝地矿业,7.01,7.07,7.11,6.97,11682500.0
20260807,601126,四方股份,44.86,45.97,46.1,43.96,35186900.0
20260807,601127,赛力斯,56.81,56.82,57.16,55.59,28859300.0
20260807,601128,常熟银行,6.19,6.12,6.19,6.08,56793200.0
20260807,601133,柏诚股份,25.4,26.15,26.5,25.2,15043500.0
20260807,601136,首创证券,14.65,14.61,14.68,14.5,9622800.0
20260807,601137,博威合金,17.61,18.0,18.24,17.56,17955400.0
20260807,601138,工业富联,68.27,68.18,69.65,67.48,161043900.0
20260807,601139,深圳燃气,6.44,6.34,6.47,6.31,19904700.0
20260807,601155,新城控股,11.08,11.02,11.18,10.87,18643900.0
20260807,601156,东航物流,17.25,17.35,17.44,17.11,8151600.0
20260807,601158,重庆水务,4.12,4.12,4.15,4.09,7233400.0
20260807,601162,天风证券,3.64,3.63,3.65,3.58,124675400.0
20260807,601163,三角轮胎,13.39,13.23,13.4,13.08,2794200.0
20260807,601166,兴业银行,18.44,18.34,18.47,18.23,63252700.0
20260807,601168,西部矿业,40.13,43.07,43.29,39.44,111038800.0
20260807,601169,北京银行,5.03,5.01,5.04,4.98,129279100.0
20260807,601177,杭齿前进,13.21,13.16,13.27,12.92,5024000.0
20260807,601179,中国西电,13.92,14.07,14.1,13.81,134720600.0
20260807,601186,中国铁建,6.2,6.16,6.2,6.13,36183400.0
20260807,601187,厦门银行,7.35,7.25,7.38,7.19,17614800.0
20260807,601188,龙江交通,2.84,2.83,2.85,2.8,12914800.0
20260807,601198,东兴证券,13.85,13.8,13.86,13.71,14688700.0
20260807,601199,江南水务,5.49,5.51,5.55,5.45,7658200.0
20260807,601200,上海环境,7.03,6.98,7.04,6.94,8981200.0
20260807,601208,东材科技,42.39,45.94,45.94,41.5,112155500.0
20260807,601211,国泰海通,17.82,17.91,18.05,17.73,58020900.0
20260807,601212,白银有色,5.42,5.63,5.64,5.33,239057300.0
20260807,601216,君正集团,4.63,4.55,4.65,4.53,64880400.0
20260807,601218,吉鑫科技,4.57,4.6,4.61,4.49,31837000.0
20260807,601222,林洋能源,5.64,5.6,5.65,5.56,17026000.0
20260807,601225,陕西煤业,24.83,25.04,25.34,24.5,48463900.0
20260807,601226,华电科工,6.27,6.24,6.27,6.15,8267900.0
20260807,601228,广州港,3.05,3.03,3.06,3.01,22687600.0
20260807,601229,上海银行,9.29,9.21,9.32,9.14,53252300.0
20260807,601231,环旭电子,27.56,27.61,28.17,27.1,41629200.0
20260807,601233,桐昆股份,23.44,23.56,24.35,23.2,49117700.0
20260807,601236,红塔证券,7.03,7.01,7.03,6.94,9318200.0
20260807,601238,广汽集团,5.25,5.25,5.28,5.17,28586700.0
20260807,601279,英利汽车,3.19,3.16,3.21,3.11,12359700.0
20260807,601288,农业银行,6.46,6.47,6.51,6.41,396789400.0
20260807,601298,青岛港,8.95,8.88,8.96,8.82,9295400.0
20260807,601311,骆驼股份,7.89,7.87,7.9,7.8,11093500.0
20260807,601318,中国平安,53.49,53.38,53.68,53.17,49863800.0
20260807,601319,中国人保,7.13,7.09,7.14,7.03,62364100.0
20260807,601326,秦港股份,3.43,3.39,3.44,3.37,21538900.0
20260807,601328,交通银行,6.92,6.91,6.96,6.85,141530900.0
20260807,601330,绿色动力,7.17,7.14,7.2,7.05,8220700.0
20260807,601333,广深铁路,2.99,2.96,3.0,2.96,54295300.0
20260807,601336,新华保险,60.3,60.66,60.76,59.89,17027300.0
20260807,601339,百隆东方,8.15,8.08,8.24,7.99,16273400.0
20260807,601360,三六零,9.8,9.64,9.8,9.46,133913600.0
20260807,601366,利群股份,3.54,3.48,3.54,3.41,10256400.0
20260807,601368,绿城水务,4.43,4.41,4.44,4.37,5144800.0
20260807,601369,陕鼓动力,9.66,9.53,9.73,9.44,15494100.0
20260807,601375,中原证券,4.15,4.12,4.16,4.09,35451200.0
20260807,601377,兴业证券,5.9,5.89,5.91,5.85,64233800.0
20260807,601388,怡球资源,3.2,3.27,3.27,3.18,39324200.0
20260807,601390,中国中铁,4.5,4.48,4.51,4.45,82584500.0
20260807,601398,工商银行,7.53,7.53,7.59,7.45,371231000.0
20260807,601399,国机重装,3.34,3.32,3.36,3.29,50493700.0
20260807,601456,国联民生,8.96,8.96,8.98,8.89,15546800.0
20260807,601500,通用股份,4.01,4.03,4.08,3.98,15981800.0
20260807,601512,中新集团,7.88,7.85,7.91,7.77,2557300.0
20260807,601515,衢州东峰,3.31,3.42,3.5,3.23,32529600.0
20260807,601518,吉林高速,2.77,2.76,2.77,2.75,8093900.0
20260807,601519,大智慧,8.4,8.28,8.42,8.13,31876100.0
20260807,601528,瑞丰银行,4.95,4.89,4.97,4.86,21238200.0
20260807,601555,东吴证券,8.06,8.03,8.08,7.92,33952900.0
20260807,601566,九牧王,8.43,8.39,8.46,8.25,4932500.0
20260807,601567,三星电气,16.11,15.88,16.35,15.77,21503000.0
20260807,601568,北元化工,3.73,3.72,3.75,3.69,17271200.0
20260807,601577,长沙银行,9.33,9.21,9.35,9.15,18717200.0
20260807,601579,会稽山,15.3,15.05,15.36,14.8,7561100.0
20260807,601588,北辰实业,1.71,1.68,1.71,1.66,20896000.0
20260807,601595,上海电影,17.95,17.76,18.0,17.48,5976700.0
20260807,601598,中国外运,6.45,6.47,6.51,6.4,13777300.0
20260807,601599,浙文影业,3.05,3.02,3.05,2.97,21387700.0
20260807,601600,中国铝业,9.59,9.85,9.87,9.58,228316800.0
20260807,601601,中国太保,31.68,31.47,31.71,31.28,39280400.0
20260807,601606,长城军工,32.3,32.89,32.92,31.5,36156600.0
20260807,601607,上海医药,16.42,16.7,16.73,16.32,15449500.0
20260807,601608,中信重工,4.85,4.89,4.89,4.8,36315800.0
20260807,601609,金田股份,10.28,10.45,10.48,10.18,29481100.0
20260807,601611,中国核建,11.81,11.69,11.84,11.5,71562500.0
20260807,601615,明阳智能,11.43,11.6,11.65,11.32,38426200.0
20260807,601616,广电电气,3.7,3.67,3.71,3.61,27254500.0
20260807,601618,中国中冶,2.62,2.62,2.63,2.6,61271400.0
20260807,601619,嘉泽新能,4.65,4.67,4.72,4.61,30776300.0
20260807,601628,中国人寿,38.09,38.57,38.85,37.85,33985400.0
20260807,601633,长城汽车,15.67,15.58,15.72,15.47,17973400.0
20260807,601636,旗滨集团,6.03,6.13,6.2,5.96,97842800.0
20260807,601658,邮储银行,4.96,4.96,4.98,4.93,133633900.0
20260807,601665,齐鲁银行,6.21,6.22,6.24,6.15,37643000.0
20260807,601666,平煤股份,8.92,8.94,9.01,8.61,65203400.0
20260807,601668,中国建筑,4.57,4.52,4.57,4.51,188623800.0
20260807,601669,中国电建,4.81,4.81,4.82,4.77,87638300.0
20260807,601677,明泰铝业,16.91,16.89,17.12,16.86,22409500.0
20260807,601678,滨化股份,7.28,7.29,7.42,7.07,315997300.0
20260807,601686,友发集团,5.22,5.17,5.24,5.15,5873300.0
20260807,601688,华泰证券,19.47,19.28,19.47,19.16,84708300.0
20260807,601689,拓普集团,50.11,50.38,50.5,49.02,24678600.0
20260807,601696,中银证券,11.86,11.99,11.99,11.75,27942200.0
20260807,601698,中国卫通,27.05,27.42,27.68,26.53,37488900.0
20260807,601699,潞安环能,16.0,16.26,16.63,15.95,68863200.0
20260807,601700,风范股份,6.87,6.44,6.94,6.44,98214000.0
20260807,601702,华峰铝业,15.47,15.43,15.68,15.34,9618200.0
20260807,601717,中创智领,16.02,15.82,16.09,15.78,13637000.0
20260807,601727,上海电气,6.88,6.83,6.9,6.76,64577400.0
20260807,601728,中国电信,6.32,6.18,6.34,6.17,131800800.0
20260807,601766,中国中车,5.91,5.88,5.93,5.83,144224900.0
20260807,601777,千里科技,8.62,8.51,8.67,8.46,31033100.0
20260807,601778,晶科科技,3.89,3.88,3.91,3.78,149884600.0
20260807,601788,光大证券,14.66,14.64,14.66,14.52,19942400.0
20260807,601789,宁波建工,4.39,4.33,4.4,4.27,33196000.0
20260807,601798,蓝科高新,7.53,7.57,7.6,7.4,5158600.0
20260807,601799,星宇股份,94.2,94.36,94.99,93.12,1684100.0
20260807,601800,中国交建,6.13,6.06,6.13,6.03,34169200.0
20260807,601801,皖新传媒,5.5,5.48,5.54,5.38,12423100.0
20260807,601808,中海油服,12.32,12.08,12.37,12.02,15733200.0
20260807,601811,新华文轩,12.05,11.87,12.05,11.8,2161500.0
20260807,601816,京沪高铁,5.07,5.04,5.09,5.01,132615100.0
20260807,601818,光大银行,3.06,3.05,3.07,3.03,209954700.0
20260807,601825,沪农商行,8.32,8.29,8.36,8.19,24715700.0
20260807,601827,三峰环境,8.4,8.41,8.43,8.27,7232000.0
20260807,601828,美凯龙,2.21,2.22,2.23,2.17,33272800.0
20260807,601838,成都银行,17.93,17.88,18.05,17.77,15390100.0
20260807,601857,中国石油,10.78,10.77,10.88,10.74,117396100.0
20260807,601858,中国科传,25.7,26.32,26.65,25.23,23905900.0
20260807,601860,紫金银行,2.58,2.54,2.59,2.53,61430200.0
20260807,601865,福莱特,10.8,11.75,11.75,10.8,49087400.0
20260807,601866,中远海发,2.41,2.39,2.41,2.38,38450800.0
20260807,601868,中国能建,2.59,2.6,2.61,2.57,244760700.0
20260807,601869,长飞光纤,328.04,338.69,345.0,326.88,16076400.0
20260807,601872,招商轮船,18.15,17.98,18.5,17.9,79283800.0
20260807,601877,正泰电器,25.3,25.35,25.49,25.15,13453500.0
20260807,601878,浙商证券,9.42,9.45,9.54,9.39,20961200.0
20260807,601880,辽港股份,1.46,1.46,1.47,1.45,65602300.0
20260807,601881,中国银河,12.42,12.41,12.46,12.35,25234100.0
20260807,601882,海天精工,19.35,19.41,19.55,19.3,2638800.0
20260807,601886,江河集团,8.4,8.27,8.48,8.22,5460900.0
20260807,601888,中国中免,55.26,55.82,55.95,54.9,33263800.0
20260807,601890,亚星锚链,8.47,8.48,8.51,8.38,13078800.0
20260807,601898,中煤能源,14.0,14.03,14.08,13.71,55205300.0
20260807,601899,紫金矿业,34.09,35.15,35.34,34.06,274712400.0
20260807,601900,南方传媒,11.76,11.73,11.96,11.6,7589700.0
20260807,601901,方正证券,7.02,7.04,7.04,6.99,35649100.0
20260807,601908,京运通,3.09,3.12,3.14,3.04,42942100.0
20260807,601916,浙商银行,2.93,2.9,2.94,2.88,146021700.0
20260807,601918,新集能源,9.77,9.82,9.86,9.5,46172300.0
20260807,601919,中远海控,15.38,15.43,15.53,15.3,66394800.0
20260807,601921,浙版传媒,7.19,7.15,7.19,7.1,6488000.0
20260807,601928,凤凰传媒,9.37,9.2,9.39,9.15,12041700.0
20260807,601929,吉视传媒,2.45,2.39,2.45,2.35,76551500.0
20260807,601933,永辉超市,3.18,3.23,3.24,3.15,127837700.0
20260807,601939,建设银行,10.03,10.07,10.15,9.95,155855500.0
20260807,601949,中国出版,5.37,5.28,5.39,5.18,14273100.0
20260807,601952,苏垦农发,8.22,8.24,8.29,8.12,12673500.0
20260807,601956,东贝集团,4.9,4.86,4.91,4.79,5565000.0
20260807,601958,金钼股份,22.8,23.76,23.85,22.49,69490100.0
20260807,601963,重庆银行,10.88,10.76,10.92,10.68,12285600.0
20260807,601965,中国汽研,13.89,14.14,14.16,13.73,12252400.0
20260807,601966,玲珑轮胎,11.27,11.19,11.29,11.09,8819400.0
20260807,601968,宝钢包装,4.54,4.49,4.56,4.47,6635600.0
20260807,601969,海南矿业,9.12,9.17,9.24,9.04,15282800.0
20260807,601975,招商南油,3.76,3.71,3.79,3.7,144873700.0
20260807,601985,中国核电,8.82,8.8,8.83,8.78,82179900.0
20260807,601988,中国银行,5.78,5.77,5.82,5.72,237615800.0
20260807,601990,南京证券,6.75,6.74,6.76,6.71,13341000.0
20260807,601991,大唐发电,6.2,6.39,6.42,6.11,404078700.0
20260807,601992,金隅集团,1.42,1.4,1.42,1.38,53882900.0
20260807,601995,中金公司,34.74,34.88,34.97,34.31,21874100.0
20260807,601996,丰林集团,2.38,2.36,2.39,2.32,17194300.0
20260807,601997,贵阳银行,5.61,5.59,5.63,5.55,41502700.0
20260807,601998,中信银行,7.51,7.46,7.52,7.39,49171500.0
20260807,601999,出版传媒,6.0,5.94,6.02,5.83,4066500.0
20260807,603000,人民网,17.26,17.1,17.29,16.68,22008700.0
20260807,603001,奥康国际,7.21,7.13,7.26,6.98,12349900.0
20260807,603002,宏昌电子,14.08,15.05,15.44,13.77,104268100.0
20260807,603004,鼎龙科技,20.84,20.93,21.32,20.27,5933800.0
20260807,603005,晶方科技,32.0,33.79,34.63,31.5,67371900.0
20260807,603006,联明股份,11.08,11.01,11.1,10.87,2115700.0
20260807,603007,顺景科技,4.83,4.86,4.87,4.68,22458100.0
20260807,603009,北特科技,40.5,41.36,41.5,39.7,6699000.0
20260807,603010,万盛股份,10.79,10.9,10.99,10.56,11125600.0
20260807,603011,合锻智能,20.62,22.68,22.68,19.82,104463300.0
20260807,603012,创力集团,8.66,8.41,8.92,8.27,35551100.0
20260807,603013,亚普股份,16.8,16.75,16.8,16.46,2500400.0
20260807,603014,威高血净,33.8,34.19,34.28,33.68,2429500.0
20260807,603015,弘讯科技,10.67,10.67,10.8,10.53,3955600.0
20260807,603016,新宏泰,29.48,28.95,29.48,28.22,1762700.0
20260807,603017,中衡设计,9.47,9.47,9.55,9.19,4774000.0
20260807,603018,华设集团,5.3,5.25,5.39,5.17,8467700.0
20260807,603019,中科曙光,87.34,88.77,89.45,86.59,50701500.0
20260807,603020,爱普股份,10.16,10.01,10.16,9.9,5244000.0
20260807,603022,新通联,8.49,8.44,8.5,8.25,3200700.0
20260807,603023,威帝股份,3.87,3.83,3.88,3.76,8233700.0
20260807,603025,大豪科技,13.52,13.42,13.58,13.25,8663200.0
20260807,603026,石大胜华,67.32,67.3,67.8,66.0,8591600.0
20260807,603027,千禾味业,7.52,7.47,7.53,7.32,21563000.0
20260807,603028,赛福天,6.71,6.8,6.84,6.52,4212100.0
20260807,603029,天鹅股份,14.9,14.99,15.0,14.64,1593500.0
20260807,603030,全筑股份,2.04,2.02,2.04,1.96,28789900.0
20260807,603031,安孚科技,39.3,39.9,40.4,38.4,11368800.0
20260807,603032,德新科技,19.07,19.41,19.5,18.59,9473400.0
20260807,603033,三维股份,8.03,7.89,8.04,7.81,5969500.0
20260807,603035,常熟汽饰,11.08,10.99,11.08,10.85,3623500.0
20260807,603036,如通股份,12.99,13.07,13.07,12.63,6563600.0
20260807,603037,凯众股份,10.25,10.23,10.32,10.17,3776700.0
20260807,603038,华立股份,13.68,13.69,13.78,13.26,3427100.0
20260807,603039,泛微网络,48.0,45.58,48.33,44.19,57396600.0
20260807,603040,新坐标,55.97,56.53,57.18,55.29,1403900.0
20260807,603041,美思德,10.75,10.67,10.75,10.38,2588700.0
20260807,603042,华脉科技,13.06,13.1,13.2,12.8,11631200.0
20260807,603043,广州酒家,13.66,13.54,13.66,13.38,3194000.0
20260807,603045,福达合金,54.27,56.31,56.55,53.4,10446800.0
20260807,603048,浙江黎明,20.73,20.71,21.01,20.4,1944800.0
20260807,603049,中策橡胶,49.1,48.76,49.1,48.58,1893600.0
20260807,603050,科林电气,18.36,18.03,18.36,17.99,3468400.0
20260807,603051,鹿山新材,20.5,20.66,20.73,20.05,4521400.0
20260807,603052,可川科技,53.71,54.6,54.86,52.51,3715300.0
20260807,603053,成都燃气,8.95,8.86,8.95,8.81,1614900.0
20260807,603055,台华新材,8.34,8.2,8.4,8.17,5676300.0
20260807,603057,紫燕食品,22.33,22.26,22.41,21.93,2016000.0
20260807,603058,永吉股份,10.0,10.1,10.2,9.89,11269600.0
20260807,603059,倍加洁,24.22,24.66,24.67,23.87,1375800.0
20260807,603060,国检集团,5.56,5.46,5.62,5.43,8759400.0
20260807,603061,金海通,307.58,316.7,321.52,300.66,4316700.0
20260807,603062,麦加芯彩,38.2,38.05,38.25,37.43,352400.0
20260807,603063,禾望电气,32.1,32.97,33.37,31.58,27504800.0
20260807,603065,宿迁联盛,15.43,16.14,16.88,14.9,44751500.0
20260807,603066,音飞储存,9.01,8.99,9.03,8.87,3083300.0
20260807,603067,振华股份,33.5,33.0,33.95,32.71,21118900.0
20260807,603068,博通集成,40.81,40.91,41.18,39.86,19020700.0
20260807,603069,海汽集团,13.31,13.15,13.32,12.93,3325800.0
20260807,603070,万控智造,11.62,11.51,11.64,11.33,1765900.0
20260807,603071,物产环能,11.91,11.9,11.96,11.8,2391400.0
20260807,603072,天和磁材,32.52,32.79,33.3,32.28,3507200.0
20260807,603073,彩蝶实业,15.94,16.09,16.11,15.65,1773600.0
20260807,603075,热威股份,19.18,18.99,19.28,18.91,1686800.0
20260807,603076,乐惠国际,20.28,20.14,20.5,19.84,1689400.0
20260807,603077,和邦生物,2.39,2.41,2.42,2.36,127965900.0
20260807,603078,江化微,36.0,36.37,37.38,33.9,54460800.0
20260807,603079,圣达生物,11.48,11.74,11.74,11.35,2903300.0
20260807,603080,新疆火炬,18.94,18.88,19.01,18.62,1054400.0
20260807,603081,大丰实业,9.55,9.66,9.87,9.39,8435800.0
20260807,603082,北自科技,37.02,38.95,39.74,36.72,8048600.0
20260807,603083,剑桥科技,155.06,154.78,161.45,152.3,27604000.0
20260807,603085,天成自控,10.2,9.97,10.33,9.88,9248200.0
20260807,603086,先达股份,5.54,5.52,5.55,5.41,6463100.0
20260807,603087,甘李药业,68.0,69.69,70.13,67.4,12843700.0
20260807,603088,宁波精达,9.25,9.6,9.74,9.18,12334700.0
20260807,603089,正裕工业,8.8,8.71,8.8,8.57,1719200.0
20260807,603090,宏盛股份,39.31,40.03,40.18,38.41,2882600.0
20260807,603091,众鑫股份,49.36,49.94,50.74,49.08,751200.0
20260807,603092,德力佳,49.04,49.61,49.68,48.73,1384300.0
20260807,603093,南华期货,18.02,18.05,18.15,17.69,9649700.0
20260807,603095,越剑智能,13.12,13.05,13.18,12.75,2796700.0
20260807,603096,新经典,14.77,14.67,14.83,14.35,1223300.0
20260807,603097,江苏华辰,21.0,21.07,21.43,20.8,5122600.0
20260807,603098,森特股份,10.17,10.18,10.22,9.99,4323900.0
20260807,603099,长白山,38.51,38.91,39.03,38.41,5048000.0
20260807,603100,川仪股份,18.41,18.34,18.66,18.2,4429900.0
20260807,603101,汇嘉时代,7.34,7.22,7.34,7.08,9566300.0
20260807,603102,百合股份,34.01,37.51,37.51,33.36,2144200.0
20260807,603103,横店影视,15.25,15.13,15.28,14.69,5798100.0
20260807,603105,芯能科技,7.21,7.2,7.23,7.07,7343800.0
20260807,603106,恒银科技,9.3,9.04,9.52,9.04,71255100.0
20260807,603107,上海汽配,12.07,12.0,12.13,11.86,2885000.0
20260807,603108,润达医疗,10.44,10.53,10.57,10.14,25363000.0
20260807,603109,神驰机电,16.95,17.03,17.16,16.6,2054300.0
20260807,603110,东方材料,24.8,25.54,25.6,24.31,13992200.0
20260807,603111,康尼机电,5.76,5.77,5.8,5.73,4603300.0
20260807,603112,华翔股份,15.18,15.04,15.27,14.88,4243600.0
20260807,603113,金能科技,4.56,4.5,4.58,4.44,7458700.0
20260807,603115,海星股份,79.93,79.82,82.35,77.0,9980300.0
20260807,603116,红蜻蜓,5.89,6.13,6.14,5.89,10057400.0
20260807,603117,万林物流,3.67,3.63,3.68,3.55,8691200.0
20260807,603118,共进股份,14.6,14.7,15.01,14.44,102997500.0
20260807,603119,浙江荣泰,54.15,54.49,54.56,52.53,8774300.0
20260807,603120,肯特催化,47.95,48.39,48.97,46.48,2676700.0
20260807,603121,华培动力,12.0,11.97,12.08,11.63,4466800.0
20260807,603122,合富中国,12.4,12.39,13.32,12.31,73245200.0
20260807,603123,翠微股份,9.81,9.56,9.91,9.26,69601900.0
20260807,603124,江南新材,128.8,141.66,141.66,128.18,9713100.0
20260807,603125,常青科技,22.89,23.53,23.73,22.6,6148400.0
20260807,603126,中材节能,5.99,5.96,6.02,5.91,5871600.0
20260807,603127,昭衍新药,46.2,50.89,50.89,46.2,59528500.0
20260807,603128,华贸物流,5.29,5.25,5.29,5.23,8107400.0
20260807,603129,春风动力,294.46,293.01,299.5,290.07,1386600.0
20260807,603130,云中马,40.37,40.3,40.65,39.6,1564600.0
20260807,603131,上海沪工,15.55,15.81,15.83,15.2,7232900.0
20260807,603132,金徽股份,18.99,18.92,19.28,18.52,16232900.0
20260807,603135,中重科技,9.59,9.48,9.59,9.29,6937900.0
20260807,603136,天目湖,8.93,8.91,8.93,8.76,2278800.0
20260807,603137,恒尚节能,24.5,27.5,27.5,24.28,24801600.0
20260807,603138,海量数据,13.53,13.34,13.54,12.88,8589900.0
20260807,603139,康惠股份,36.24,35.99,36.36,35.31,1758500.0
20260807,603150,万朗磁塑,50.32,51.52,52.18,49.25,1749400.0
20260807,603151,邦基科技,12.61,12.84,12.89,12.29,3718400.0
20260807,603153,上海建科,13.31,13.25,13.32,13.11,1267800.0
20260807,603155,新亚强,13.68,14.08,14.14,13.37,12984300.0
20260807,603156,养元饮品,46.0,48.35,49.5,45.5,14724500.0
20260807,603158,腾龙股份,10.29,10.92,11.03,10.1,32007400.0
20260807,603159,上海亚虹,19.12,20.54,20.66,18.36,4502100.0
20260807,603160,汇顶科技,52.01,52.09,52.39,51.4,4708900.0
20260807,603161,科华控股,14.0,14.08,14.14,13.88,2471700.0
20260807,603162,海通发展,11.59,11.53,11.59,11.11,35047300.0
20260807,603163,圣晖集成,81.26,82.6,82.99,78.6,3176200.0
20260807,603165,荣晟环保,13.9,13.97,14.08,13.83,4188200.0
20260807,603166,福达股份,11.65,11.63,11.92,11.28,11870200.0
20260807,603167,渤海轮渡,8.69,8.7,8.75,8.67,2308800.0
20260807,603168,莎普爱思,5.36,5.38,5.41,5.21,5903600.0
20260807,603169,兰石重装,6.98,6.81,6.98,6.77,16035100.0
20260807,603170,宝立食品,13.0,12.99,13.0,12.73,2741200.0
20260807,603171,税友股份,49.46,47.56,49.5,46.26,17276200.0
20260807,603172,万丰股份,16.85,16.88,16.98,16.56,1362800.0
20260807,603173,福斯达,32.18,31.63,32.2,31.41,1060700.0
20260807,603175,超颖电子,82.05,85.94,86.77,82.05,2812000.0
20260807,603176,汇通集团,4.58,4.56,4.65,4.47,4281200.0
20260807,603177,德创环保,9.04,9.05,9.09,8.83,3326000.0
20260807,603178,圣龙股份,17.06,17.05,17.09,16.6,12991800.0
20260807,603179,新泉股份,38.8,38.9,39.26,37.51,19714900.0
20260807,603180,金牌家居,14.87,14.76,14.9,14.45,1038200.0
20260807,603181,皇马科技,13.19,13.21,13.33,13.04,4711800.0
20260807,603182,嘉华股份,12.16,12.28,12.34,12.08,1821600.0
20260807,603183,建研院,4.58,4.59,4.65,4.43,23292800.0
20260807,603185,弘元绿能,16.52,16.54,17.05,16.1,14237000.0
20260807,603186,华正新材,132.3,143.0,143.0,132.3,17018300.0
20260807,603187,海容冷链,11.9,12.15,12.22,11.89,9423700.0
20260807,603188,亚邦股份,4.15,4.04,4.15,3.94,8128000.0
20260807,603190,亚通精工,16.49,16.33,16.51,16.07,1216400.0
20260807,603191,望变电气,14.03,13.9,14.03,13.68,5867200.0
20260807,603192,汇得科技,22.33,21.96,22.35,21.61,2558500.0
20260807,603193,润本股份,21.18,20.79,21.23,20.55,2482200.0
20260807,603194,中力股份,34.25,34.11,34.6,33.79,1459400.0
20260807,603195,公牛集团,40.8,40.69,40.9,40.06,3930300.0
20260807,603196,璞源材料,20.87,21.37,21.47,20.59,2218900.0
20260807,603197,保隆科技,30.06,29.9,30.3,29.76,2545400.0
20260807,603198,迎驾贡酒,36.87,37.05,37.1,36.02,6386900.0
20260807,603199,九华旅游,32.3,32.41,32.44,31.95,1472300.0
20260807,603200,上海洗霸,37.74,37.63,37.99,36.9,5367000.0
20260807,603201,常润股份,17.07,16.68,17.83,16.55,11270100.0
20260807,603202,天有为,53.01,53.0,53.37,52.23,1099900.0
20260807,603203,快克智能,42.96,44.48,45.0,42.42,11724700.0
20260807,603205,健尔康,21.27,21.76,22.08,20.88,1482500.0
20260807,603206,嘉环科技,14.97,14.69,14.98,14.45,8279100.0
20260807,603207,小方制药,22.37,23.03,23.04,22.3,1919200.0
20260807,603208,江山欧派,11.0,10.82,11.1,10.62,1522700.0
20260807,603209,兴通股份,13.64,13.68,13.87,13.61,2840300.0
20260807,603210,泰鸿万立,13.56,13.62,13.66,13.41,2333800.0
20260807,603211,晋拓股份,26.63,27.29,27.57,25.88,10345700.0
20260807,603212,赛伍技术,11.21,11.45,11.51,11.09,11132800.0
20260807,603213,镇洋发展,14.05,13.91,14.06,13.84,1708700.0
20260807,603214,爱婴室,13.41,13.4,13.48,13.1,2353800.0
20260807,603215,比依股份,14.13,14.73,14.88,13.9,4088500.0
20260807,603216,梦天家居,21.0,20.65,21.19,20.23,4458200.0
20260807,603217,元利科技,23.03,24.83,24.88,23.03,7360600.0
20260807,603218,日月股份,10.09,10.03,10.11,9.96,7405000.0
20260807,603219,富佳股份,14.69,14.75,14.97,14.56,3750600.0
20260807,603220,中贝通信,20.13,19.72,20.2,19.31,40685700.0
20260807,603221,爱丽家居,23.58,24.82,25.0,22.58,33687700.0
20260807,603222,济民健康,8.39,8.77,8.78,8.33,52511600.0
20260807,603223,恒通股份,11.07,10.94,11.07,10.75,8164000.0
20260807,603225,新凤鸣,19.64,19.48,20.17,19.35,16814900.0
20260807,603226,菲林格尔,48.01,49.39,50.88,47.64,2819800.0
20260807,603227,雪峰科技,7.88,7.71,7.99,7.67,12874400.0
20260807,603228,景旺电子,93.66,94.95,94.95,92.8,34144700.0
20260807,603229,奥翔药业,7.74,8.08,8.09,7.67,12200000.0
20260807,603230,内蒙新华,9.11,9.03,9.12,8.9,1522200.0
20260807,603231,索宝蛋白,15.23,15.37,15.39,14.98,1823900.0
20260807,603232,格尔软件,15.9,15.55,16.08,15.18,10739800.0
20260807,603233,大参林,17.9,17.51,18.09,17.41,12008600.0
20260807,603235,天新药业,23.7,23.68,23.75,23.37,522900.0
20260807,603236,移远通信,48.91,49.48,49.69,47.81,11974200.0
20260807,603237,五芳斋,14.16,14.06,14.16,13.9,880900.0
20260807,603238,诺邦股份,11.93,11.9,11.93,11.59,2316700.0
20260807,603239,浙江仙通,14.18,14.29,14.35,14.02,2733500.0
20260807,603248,锡华科技,19.01,19.06,19.08,18.67,2947900.0
20260807,603255,鼎际得,27.24,27.33,28.0,27.12,1046600.0
20260807,603256,宏和科技,149.36,158.8,163.61,146.2,38787200.0
20260807,603257,中国瑞林,66.66,67.27,68.12,65.66,1605800.0
20260807,603258,电魂网络,13.24,13.09,13.35,12.78,4754100.0
20260807,603259,药明康德,144.56,154.82,155.48,142.2,92722700.0
20260807,603260,合盛硅业,35.31,35.6,36.18,35.26,13509500.0
20260807,603261,立航科技,50.46,49.11,50.97,48.67,2495400.0
20260807,603262,技源集团,20.08,19.76,20.08,19.46,7236900.0
20260807,603266,天龙股份,15.75,15.85,16.25,15.58,2104000.0
20260807,603267,鸿远电子,51.05,51.9,52.5,49.84,11622900.0
20260807,603268,松发股份,179.99,183.11,187.41,179.02,8618000.0
20260807,603269,海鸥股份,13.57,14.12,14.3,13.29,26946000.0
20260807,603270,金帝股份,27.0,27.86,28.05,26.62,5084000.0
20260807,603271,永杰新材,43.18,43.95,44.14,42.64,2181600.0
20260807,603273,天元智能,14.12,13.9,14.12,13.73,1940900.0
20260807,603275,众辰科技,36.87,36.48,36.87,35.93,625100.0
20260807,603276,恒兴新材,15.1,15.21,15.58,15.03,2770700.0
20260807,603277,银都股份,10.71,10.49,10.72,10.42,1537000.0
20260807,603278,大业股份,9.47,9.54,9.68,9.23,15215800.0
20260807,603279,景津装备,12.85,12.8,13.01,12.75,5803500.0
20260807,603280,南方路机,25.75,25.4,25.75,25.03,1023900.0
20260807,603281,江瀚新材,21.09,21.04,21.47,20.9,3692600.0
20260807,603282,亚光股份,14.57,14.53,14.66,14.22,887100.0
20260807,603283,赛腾股份,42.98,44.41,44.88,42.7,22285700.0
20260807,603284,林平发展,39.44,40.62,40.77,39.15,2588400.0
20260807,603285,键邦股份,36.79,35.69,37.0,33.85,7639800.0
20260807,603286,日盈电子,41.69,41.84,41.88,40.54,2750900.0
20260807,603288,海天味业,36.55,36.42,36.72,36.02,17092200.0
20260807,603289,泰瑞机器,8.3,8.27,8.3,8.12,2941900.0
20260807,603290,斯达半导,86.27,88.53,89.28,85.96,8388000.0
20260807,603291,联合水务,8.9,9.11,9.24,8.66,7077300.0
20260807,603293,埃泰克,37.18,37.16,37.27,36.5,1195100.0
20260807,603296,华勤技术,80.94,81.81,82.7,79.22,23787300.0
20260807,603297,永新光学,104.54,105.16,106.2,103.5,1782500.0
20260807,603298,杭叉集团,26.39,26.14,26.9,26.1,7825200.0
20260807,603299,苏盐井神,9.11,9.08,9.17,9.03,3899800.0
20260807,603300,海南华铁,5.03,4.95,5.03,4.88,42521700.0
20260807,603301,振德医疗,87.34,85.32,88.05,85.32,2606800.0
20260807,603303,得邦照明,20.43,21.73,22.3,20.16,5061900.0
20260807,603305,旭升集团,11.9,12.02,12.04,11.7,18299800.0
20260807,603306,华懋科技,67.67,73.03,74.25,66.29,22132500.0
20260807,603307,扬州金泉,24.1,24.23,24.27,23.59,503300.0
20260807,603308,应流股份,48.01,48.52,49.07,47.05,17138200.0
20260807,603309,维力医疗,11.49,11.59,11.61,11.4,6218300.0
20260807,603310,巍华新材,14.95,14.79,14.95,14.69,1745000.0
20260807,603311,金海高科,29.76,29.55,30.25,28.39,5109400.0
20260807,603312,西典新能,31.91,31.75,31.95,31.21,768900.0
20260807,603313,梦百合,6.09,6.03,6.16,5.9,22000800.0
20260807,603315,福鞍股份,12.37,12.02,12.37,11.91,6988400.0
20260807,603316,诚邦股份,13.8,14.25,14.33,13.42,14196300.0
20260807,603317,天味食品,14.27,14.19,14.32,13.93,13495900.0
20260807,603318,水发燃气,9.35,9.1,9.35,8.93,47050200.0
20260807,603319,美湖股份,26.33,26.86,27.4,25.66,22122600.0
20260807,603320,迪贝电气,16.63,16.58,16.83,16.28,1451900.0
20260807,603321,梅轮电梯,6.14,6.11,6.14,5.99,3227900.0
20260807,603322,超讯科技,27.21,27.27,27.45,26.51,4999600.0
20260807,603323,苏农银行,4.26,4.21,4.28,4.19,36568600.0
20260807,603324,盛剑科技,26.83,28.12,28.54,26.4,6369500.0
20260807,603325,博隆技术,53.76,54.9,54.96,52.88,565900.0
20260807,603326,我乐家居,6.6,6.52,6.62,6.38,4294500.0
20260807,603327,福蓉科技,9.11,8.99,9.14,8.89,28261700.0
20260807,603328,依顿电子,10.44,10.85,10.85,10.44,13767100.0
20260807,603329,上海雅仕,10.02,9.93,10.04,9.78,2927400.0
20260807,603330,天洋新材,7.54,7.65,7.67,7.41,18218100.0
20260807,603331,百达精工,12.2,12.45,12.6,11.98,6312400.0
20260807,603332,苏州龙杰,10.96,11.0,11.05,10.77,3293900.0
20260807,603333,福华尚纬,9.0,9.16,9.18,8.85,25163100.0
20260807,603334,丰倍生物,33.02,32.82,33.02,32.13,1389900.0
20260807,603335,迪生力,6.83,6.96,7.03,6.65,19840400.0
20260807,603336,宏辉果蔬,10.02,10.29,10.53,10.01,26529500.0
20260807,603337,杰克科技,44.93,44.66,45.23,43.62,5945100.0
20260807,603338,浙江鼎力,56.67,56.98,57.32,55.75,5909400.0
20260807,603339,四方科技,13.9,14.29,14.31,13.83,9664200.0
20260807,603341,龙旗科技,36.4,37.04,37.22,36.02,8183400.0
20260807,603344,星德胜,22.63,22.59,22.9,22.13,1289800.0
20260807,603345,安井食品,83.58,85.2,85.57,83.53,5457100.0
20260807,603348,文灿股份,14.32,14.22,14.52,14.0,4196900.0
20260807,603350,安乃达,27.69,27.82,27.83,27.16,805800.0
20260807,603351,威尔药业,25.06,25.76,25.82,24.66,1875300.0
20260807,603352,至信股份,27.27,28.09,28.23,26.79,4273300.0
20260807,603353,和顺石油,29.74,30.04,30.14,28.97,3858400.0
20260807,603355,莱克电气,28.49,28.11,28.98,27.5,3033000.0
20260807,603356,华菱精工,15.66,15.83,15.89,15.31,2021400.0
20260807,603357,设计总院,6.06,6.0,6.09,5.95,3456900.0
20260807,603358,华达科技,42.4,41.9,43.62,41.6,13704700.0
20260807,603360,百傲化学,13.58,13.87,13.91,13.28,12351100.0
20260807,603363,傲农生物,2.86,2.83,2.86,2.78,24940500.0
20260807,603365,水星家纺,17.9,17.68,17.93,17.45,1621000.0
20260807,603366,日出东方,6.89,6.8,6.89,6.68,10765600.0
20260807,603367,辰欣药业,14.7,14.98,14.98,14.54,18953600.0
20260807,603368,柳药集团,15.47,15.63,15.63,15.37,4334700.0
20260807,603369,今世缘,26.91,27.26,27.37,26.51,14970600.0
20260807,603370,华新精科,34.25,34.25,34.95,34.21,686600.0
20260807,603373,安邦护卫,37.99,38.6,38.75,36.61,3161800.0
20260807,603375,盛景微,36.88,37.46,38.09,36.7,2581900.0
20260807,603376,大明电子,26.03,25.68,26.33,25.49,1596200.0
20260807,603379,三美股份,64.83,65.3,65.63,63.5,9819200.0
20260807,603380,易德龙,32.78,33.29,33.62,32.46,3358700.0
20260807,603381,永臻股份,14.87,14.92,14.94,14.61,3046800.0
20260807,603382,海阳科技,18.18,18.18,18.24,17.8,1962400.0
20260807,603383,顶点软件,30.2,29.79,30.3,29.38,5108900.0
20260807,603385,惠达卫浴,5.24,5.24,5.24,5.11,2939500.0
20260807,603386,骏亚科技,12.88,13.31,13.35,12.6,9837600.0
20260807,603387,基蛋生物,8.95,9.25,9.25,8.89,15391700.0
20260807,603389,亚振家居,45.8,45.35,46.0,43.7,2066600.0
20260807,603390,通达电气,10.1,10.0,10.12,9.85,5971300.0
20260807,603391,力聚热能,60.05,60.38,60.99,59.62,2038900.0
20260807,603392,万泰生物,29.1,30.53,30.56,28.86,8826800.0
20260807,603393,新天然气,25.99,25.5,26.25,25.13,13408600.0
20260807,603395,红四方,22.73,22.21,22.85,22.01,2948200.0
20260807,603396,金辰股份,24.44,24.53,24.97,24.06,2422600.0
20260807,603399,永杉锂业,16.0,15.5,16.08,15.1,57039100.0
20260807,603400,华之杰,44.37,43.56,44.9,42.86,5385200.0
20260807,603402,陕西旅游,65.5,67.49,67.62,64.08,3010500.0
20260807,603406,天富龙,26.67,26.79,27.28,26.34,965100.0
20260807,603407,长裕集团,63.49,64.25,64.89,61.54,7765000.0
20260807,603408,建霖家居,10.5,10.34,10.51,10.25,2737100.0
20260807,603409,汇通控股,17.42,17.57,17.57,17.2,1715500.0
20260807,603416,信捷电气,51.27,51.38,51.82,50.36,2489400.0
20260807,603418,友升股份,43.73,43.61,43.79,43.11,714900.0
20260807,603421,鼎信通讯,6.32,6.1,6.34,6.0,42162300.0
20260807,603435,嘉德利,53.82,54.79,55.26,52.83,6219600.0
20260807,603439,三力制药,11.09,11.19,11.26,10.81,7947600.0
20260807,603444,吉比特,384.45,382.67,385.0,378.38,1662400.0
20260807,603456,九洲药业,15.1,16.45,16.5,15.1,55771600.0
20260807,603458,勘设股份,9.38,9.39,9.61,9.2,12790800.0
20260807,603459,红板科技,95.2,105.58,105.58,95.15,19070900.0
20260807,603466,风语筑,11.42,11.35,11.47,10.94,38922700.0
20260807,603468,津富士达,31.0,30.75,32.4,30.67,24873100.0
20260807,603477,巨星农牧,14.9,15.02,15.12,14.73,15926800.0
20260807,603486,科沃斯,58.51,57.92,58.51,57.55,6008100.0
20260807,603488,展鹏科技,8.57,8.35,8.58,8.23,6644100.0
20260807,603489,八方股份,26.6,26.84,27.08,26.25,1982700.0
20260807,603496,恒为科技,25.96,25.42,26.0,25.06,18143100.0
20260807,603499,翔港科技,12.1,13.0,13.03,12.03,7945100.0
20260807,603500,祥和实业,9.61,9.64,9.64,9.39,10077400.0
20260807,603501,豪威集团,89.49,89.76,90.15,88.41,17505000.0
20260807,603505,金石资源,16.92,16.7,16.92,16.47,16507900.0
20260807,603506,南都物业,10.15,10.21,10.22,9.89,2542900.0
20260807,603507,振江股份,24.28,24.48,24.79,24.1,7382800.0
20260807,603508,思维列控,23.05,22.78,23.08,22.4,5787000.0
20260807,603511,爱慕股份,11.96,11.9,12.08,11.77,1825200.0
20260807,603515,欧普照明,17.08,16.89,17.08,16.77,1152500.0
20260807,603516,淳中科技,98.49,100.52,100.87,96.8,5949500.0
20260807,603518,锦泓集团,7.88,7.93,7.94,7.77,5138800.0
20260807,603519,立霸股份,15.1,15.69,16.2,15.1,10786700.0
20260807,603520,司太立,8.88,9.06,9.06,8.81,10689000.0
20260807,603527,众源新材,9.81,10.01,10.07,9.68,9136200.0
20260807,603528,多伦科技,6.38,6.31,6.4,6.17,11195800.0
20260807,603529,爱玛科技,21.04,20.91,21.04,20.65,4788800.0
20260807,603530,神马电力,45.2,44.84,45.4,44.41,2931800.0
20260807,603533,掌阅科技,22.8,23.33,23.6,22.23,29128700.0
20260807,603535,嘉诚国际,6.45,6.34,6.45,6.24,3368200.0
20260807,603536,惠发食品,9.05,8.99,9.05,8.8,4039500.0
20260807,603538,美诺华,27.66,29.2,29.32,27.27,75902300.0
20260807,603551,奥普科技,9.45,9.32,9.45,9.24,1849800.0
20260807,603556,海兴电力,26.11,24.92,26.52,24.53,22179400.0
20260807,603558,健盛集团,12.85,12.61,12.87,12.48,4320400.0
20260807,603559,中通国脉,9.12,8.88,9.16,8.74,18544700.0
20260807,603565,中谷物流,10.47,10.39,10.55,10.35,9749700.0
20260807,603566,普莱柯,10.13,10.24,10.25,10.03,3587000.0
20260807,603567,珍宝岛,6.32,7.08,7.08,6.28,132417300.0
20260807,603568,伟明环保,15.36,15.41,15.69,15.15,7514300.0
20260807,603569,长久物流,5.81,5.73,5.82,5.68,3402000.0
20260807,603577,汇金通,9.86,9.9,9.91,9.71,5307300.0
20260807,603578,三星新材,11.89,11.92,11.98,11.68,3123400.0
20260807,603579,荣泰健康,18.07,18.35,18.4,17.84,2842400.0
20260807,603580,艾艾精工,53.95,53.83,54.2,50.71,10091500.0
20260807,603583,捷昌驱动,24.28,24.36,24.41,23.89,5421100.0
20260807,603585,苏利股份,10.06,10.12,10.2,9.93,4289500.0
20260807,603586,金麒麟,13.3,13.39,13.45,13.2,1604100.0
20260807,603587,地素时尚,11.5,11.38,11.55,11.27,1890000.0
20260807,603588,高能环境,14.05,14.18,14.3,13.83,60426400.0
20260807,603589,口子窖,19.96,20.12,20.17,19.51,9523000.0
20260807,603590,康辰药业,30.86,32.94,32.98,30.51,5804000.0
20260807,603596,伯特利,27.16,26.64,27.39,26.31,17260800.0
20260807,603598,引力传媒,17.86,18.07,18.18,17.44,20520300.0
20260807,603599,广信股份,10.39,10.47,10.49,10.26,10640800.0
20260807,603600,永艺股份,9.56,9.53,9.61,9.46,3867600.0
20260807,603601,再升科技,9.7,9.88,9.91,9.46,161131700.0
20260807,603602,纵横通信,11.32,11.13,11.44,10.96,8301400.0
20260807,603605,珀莱雅,57.9,57.72,57.93,57.03,4075300.0
20260807,603606,东方电缆,38.85,38.7,38.95,38.53,16691400.0
20260807,603607,京华激光,22.14,21.81,22.2,21.49,2988500.0
20260807,603608,天创时尚,19.1,19.01,19.27,17.73,20447500.0
20260807,603609,禾丰股份,6.2,6.19,6.22,6.12,1656200.0
20260807,603610,麒盛科技,15.07,15.1,15.26,14.88,6435000.0
20260807,603611,诺力股份,17.2,17.11,17.26,16.99,1927900.0
20260807,603612,索通发展,16.9,16.88,16.98,16.67,11089200.0
20260807,603613,国联股份,19.67,19.63,19.8,19.25,11806700.0
20260807,603615,茶花股份,16.3,16.26,16.5,16.06,2610000.0
20260807,603616,韩建河山,5.23,5.3,5.32,5.08,12996300.0
20260807,603617,君禾股份,6.93,6.96,7.08,6.93,9351300.0
20260807,603618,杭电股份,26.76,27.65,28.0,26.3,106702400.0
20260807,603619,中曼石油,22.68,22.5,22.84,22.01,40336000.0
20260807,603626,科森科技,15.68,15.73,15.99,15.32,39429500.0
20260807,603628,清源股份,9.5,9.47,9.53,9.31,3385700.0
20260807,603629,利通电子,122.3,127.4,129.89,119.52,53263300.0
20260807,603630,拉芳家化,14.89,14.92,15.03,14.59,6299900.0
20260807,603633,徕木股份,6.27,6.27,6.32,6.13,8619400.0
20260807,603636,南威软件,7.35,7.09,7.35,6.87,15779800.0
20260807,603637,镇海股份,12.99,13.19,13.24,12.76,5702000.0
20260807,603638,艾迪精密,19.9,20.0,20.1,19.68,7792000.0
20260807,603639,海利尔,10.56,10.54,10.61,10.44,1238400.0
20260807,603648,畅联股份,9.19,9.17,9.22,9.09,2133600.0
20260807,603650,彤程新材,62.35,64.52,64.9,61.0,30143600.0
20260807,603655,朗博科技,27.26,30.04,30.04,27.0,1408000.0
20260807,603656,泰禾智能,17.6,17.6,17.86,17.36,1487100.0
20260807,603657,春光科技,28.03,28.5,28.96,26.5,6408000.0
20260807,603658,安图生物,31.99,32.43,32.49,31.61,3618000.0
20260807,603659,璞泰来,23.9,24.1,24.28,23.69,27528300.0
20260807,603660,苏州科达,11.0,11.99,11.99,10.97,33710600.0
20260807,603661,恒林股份,31.5,32.02,32.29,31.06,2150100.0
20260807,603662,柯力传感,54.0,54.39,54.48,52.7,6343100.0
20260807,603663,三祥新材,39.12,40.12,40.68,37.8,38243000.0
20260807,603665,康隆达,22.25,22.45,22.58,21.68,1896000.0
20260807,603666,亿嘉和,26.0,25.8,26.46,25.3,6035100.0
20260807,603667,五洲新春,55.6,55.63,55.69,54.21,14856900.0
20260807,603668,天马科技,10.6,10.58,10.77,10.41,8523600.0
20260807,603669,灵康药业,5.83,6.21,6.27,5.8,28932300.0
20260807,603676,卫信康,8.82,9.08,9.09,8.75,4320200.0
20260807,603677,奇精机械,13.36,13.31,13.53,13.1,1463500.0
20260807,603678,火炬电子,48.78,50.25,50.8,46.88,34466900.0
20260807,603679,华体科技,22.45,22.57,23.62,22.0,10301900.0
20260807,603680,今创集团,10.57,10.42,10.7,10.37,6408800.0
20260807,603681,永冠新材,18.07,18.38,18.57,17.55,8360300.0
20260807,603682,锦和商管,11.37,11.28,11.84,11.11,26897800.0
20260807,603683,晶华新材,15.68,15.87,15.98,15.08,28672000.0
20260807,603685,晨丰科技,26.1,27.23,27.35,25.88,2973500.0
20260807,603686,福龙马,13.35,13.26,13.36,13.05,10057300.0
20260807,603687,大胜达,14.45,14.45,14.79,14.32,16576800.0
20260807,603688,石英股份,47.21,49.45,49.9,46.57,20641700.0
20260807,603689,皖天然气,7.46,7.41,7.46,7.38,2520700.0
20260807,603690,至纯科技,23.42,23.79,24.02,23.0,43821100.0
20260807,603693,江苏新能,12.18,12.08,12.18,11.89,8025000.0
20260807,603696,安记食品,12.9,13.19,13.7,12.86,21195600.0
20260807,603697,有友食品,9.71,9.76,9.82,9.52,5259300.0
20260807,603698,航天工程,23.61,24.04,24.12,23.12,21367900.0
20260807,603699,纽威股份,51.68,52.25,53.59,51.31,7440600.0
20260807,603700,宁水集团,11.27,11.27,11.3,11.03,4030400.0
20260807,603701,德宏股份,20.03,20.13,20.16,19.72,3723900.0
20260807,603703,盛洋科技,9.24,9.27,9.3,9.03,7292800.0
20260807,603706,东方环宇,19.08,19.15,19.18,18.88,1107400.0
20260807,603707,健友股份,7.91,8.1,8.11,7.87,11866500.0
20260807,603708,家家悦,9.4,9.32,9.4,9.19,4806600.0
20260807,603709,中源家居,11.01,11.08,11.14,10.79,2318200.0
20260807,603711,香飘飘,11.15,11.08,11.27,10.91,4178000.0
20260807,603712,七一二,12.05,12.11,12.12,11.72,9498200.0
20260807,603713,密尔克卫,66.72,68.1,68.56,65.88,4333300.0
20260807,603716,塞力医疗,17.28,18.0,18.96,17.07,42788300.0
20260807,603717,天域生物,6.06,6.01,6.06,5.86,8742500.0
20260807,603719,良品铺子,9.75,9.85,10.02,9.63,5332900.0
20260807,603721,中广天择,17.8,17.6,17.9,17.23,4680700.0
20260807,603722,阿科力,30.74,31.29,31.7,29.81,2105300.0
20260807,603725,天安新材,10.43,10.2,10.45,10.01,12908600.0
20260807,603726,朗迪集团,23.64,24.11,24.26,23.32,5520400.0
20260807,603727,博迈科,17.95,18.26,18.67,17.74,4000300.0
20260807,603728,鸣志电器,52.8,52.95,52.99,51.2,6440000.0
20260807,603730,岱美股份,10.6,10.11,10.89,9.89,31556600.0
20260807,603733,仙鹤股份,20.53,21.03,21.15,20.28,11387100.0
20260807,603737,三棵树,23.39,23.13,23.4,22.85,9245500.0
20260807,603738,泰晶科技,36.47,36.63,38.0,34.94,85789000.0
20260807,603739,蔚蓝生物,11.64,11.99,12.1,11.48,3713800.0
20260807,603755,日辰股份,23.15,22.69,23.15,22.3,809200.0
20260807,603757,大元泵业,59.7,65.01,65.01,59.7,5637500.0
20260807,603758,秦安股份,9.45,10.48,10.48,9.45,8464300.0
20260807,603759,海天股份,7.25,7.22,7.26,7.09,3528500.0
20260807,603766,隆鑫通用,13.95,13.76,14.06,13.62,21597500.0
20260807,603767,中马传动,14.89,14.95,15.01,14.65,3671400.0
20260807,603768,常青股份,11.18,11.22,11.24,10.89,2893300.0
20260807,603773,沃格光电,93.06,95.07,95.07,91.78,21890500.0
20260807,603776,永安行,21.38,21.4,21.69,21.2,4441900.0
20260807,603777,来伊份,14.45,14.55,14.77,14.26,6630900.0
20260807,603778,国晟科技,10.88,10.72,10.97,10.56,52828900.0
20260807,603779,威龙股份,7.79,7.7,7.85,7.59,16207100.0
20260807,603786,科博达,42.51,42.47,42.71,41.88,1632100.0
20260807,603787,新日股份,10.0,10.02,10.07,9.88,3973700.0
20260807,603788,宁波高发,14.14,14.08,14.19,13.95,1220800.0
20260807,603790,雅运股份,21.28,21.65,21.77,21.0,4053900.0
20260807,603797,联泰环保,4.07,4.17,4.31,4.07,14353700.0
20260807,603798,康普顿,13.41,13.7,13.8,13.36,5426200.0
20260807,603799,华友钴业,43.29,44.01,44.4,42.11,162042500.0
20260807,603800,洪田股份,60.38,62.4,63.78,59.11,9918500.0
20260807,603801,志邦家居,5.85,5.77,5.92,5.71,6615000.0
20260807,603803,瑞斯康达,10.47,10.47,10.7,10.25,21228200.0
20260807,603806,福斯特,15.04,15.61,15.76,15.0,43995600.0
20260807,603808,歌力思,8.03,8.05,8.1,7.8,4372700.0
20260807,603809,豪能股份,9.37,9.38,9.43,9.2,10173000.0
20260807,603810,丰山集团,11.71,11.65,11.75,11.47,1545100.0
20260807,603811,诚意药业,7.19,7.43,7.43,7.16,7634800.0
20260807,603813,原尚股份,32.73,32.2,33.08,31.82,534000.0
20260807,603815,交建股份,5.47,5.35,5.47,5.26,9249900.0
20260807,603816,顾家家居,24.68,24.51,24.75,24.11,7089200.0
20260807,603817,海峡环保,5.62,5.58,5.63,5.52,6725900.0
20260807,603818,曲美家居,3.48,3.56,3.6,3.42,23448300.0
20260807,603819,神力股份,14.02,14.23,14.5,13.91,6703100.0
20260807,603823,百合花,69.13,65.9,69.74,64.0,29638000.0
20260807,603826,坤彩科技,17.21,17.4,17.9,17.21,14347100.0
20260807,603829,洛凯股份,14.97,14.79,14.99,14.53,2910300.0
20260807,603833,欧派家居,32.52,31.63,32.76,31.43,9702200.0
20260807,603836,海程邦达,8.72,8.75,8.75,8.59,2251900.0
20260807,603839,安正时尚,6.75,6.72,6.81,6.56,4601500.0
20260807,603848,好太太,13.34,13.27,13.4,13.12,1041400.0
20260807,603855,华荣股份,16.54,16.49,16.65,16.37,1751300.0
20260807,603856,东宏股份,11.4,11.24,11.4,11.18,3706900.0
20260807,603858,步长制药,15.42,15.95,15.98,15.34,9531900.0
20260807,603859,能科科技,43.0,42.56,43.43,41.56,11986900.0
20260807,603860,中公高科,25.76,25.66,25.78,25.21,894800.0
20260807,603861,白云电器,12.3,12.27,12.31,12.03,8503300.0
20260807,603863,松炀资源,12.85,12.63,12.96,12.38,6846400.0
20260807,603866,桃李面包,4.3,4.28,4.31,4.18,13571400.0
20260807,603867,新化股份,28.95,29.06,29.22,28.28,5344700.0
20260807,603868,飞科电器,31.02,30.97,31.12,30.59,837900.0
20260807,603871,嘉友国际,12.88,12.42,12.92,12.42,11847400.0
20260807,603876,鼎胜新材,20.64,21.39,21.49,20.41,28418600.0
20260807,603877,太平鸟,12.97,12.64,12.97,12.5,3221800.0
20260807,603878,武进不锈,4.99,4.94,4.99,4.84,13506300.0
20260807,603879,永悦科技,5.0,5.27,5.31,4.95,18045000.0
20260807,603880,南卫股份,7.24,7.48,7.59,7.2,8449800.0
20260807,603881,数据港,26.06,25.71,26.21,25.3,35340800.0
20260807,603882,金域医学,27.81,28.97,29.36,27.51,11703600.0
20260807,603883,老百姓,12.35,12.39,12.42,12.18,10299800.0
20260807,603885,吉祥航空,11.18,11.06,11.18,10.93,13367800.0
20260807,603886,元祖股份,10.58,10.6,10.69,10.43,2722700.0
20260807,603887,城地香江,9.52,9.37,9.62,9.19,19229400.0
20260807,603888,新华网,17.0,16.86,17.05,16.48,12108500.0
20260807,603889,新澳股份,5.59,5.54,5.63,5.51,12034900.0
20260807,603890,春秋电子,18.7,19.13,19.27,18.41,24148000.0
20260807,603893,瑞芯微,202.0,205.32,207.5,196.5,16021900.0
20260807,603895,天永智能,24.11,24.68,24.78,23.6,1559300.0
20260807,603896,寿仙谷,14.58,14.71,14.72,14.4,1845800.0
20260807,603897,长城科技,26.65,26.51,26.69,25.83,6964300.0
20260807,603898,好莱客,10.98,10.88,11.14,10.68,3832800.0
20260807,603899,晨光股份,22.62,22.48,22.64,22.22,3267000.0
20260807,603900,莱绅通灵,5.93,5.97,6.06,5.81,13393900.0
20260807,603901,永创智能,9.71,9.55,9.77,9.48,8982400.0
20260807,603903,中持股份,12.47,12.43,12.65,12.2,7253300.0
20260807,603906,龙蟠科技,19.69,19.45,19.98,19.1,23797700.0
20260807,603908,牧高笛,18.31,18.2,18.33,17.83,813600.0
20260807,603909,建发合诚,9.1,9.11,9.15,8.88,1697100.0
20260807,603912,佳力图,7.8,7.76,7.88,7.6,19740800.0
20260807,603915,国茂股份,13.59,13.58,13.69,13.47,4153000.0
20260807,603916,苏博特,10.85,11.6,11.92,10.43,24981900.0
20260807,603917,合力科技,11.85,11.77,11.89,11.52,3017200.0
20260807,603918,金桥信息,11.18,11.1,11.18,10.76,20777700.0
20260807,603919,金徽酒,16.93,17.03,17.17,16.26,23014200.0
20260807,603920,世运电路,35.25,36.66,37.19,34.83,32759200.0
20260807,603926,铁流股份,15.9,15.79,15.98,15.55,4111300.0
20260807,603927,中科软,14.14,13.78,14.16,13.5,14045000.0
20260807,603928,兴业股份,12.32,12.67,12.7,12.18,41857200.0
20260807,603929,亚翔集成,161.72,164.8,168.2,160.1,7056900.0
20260807,603931,格林达,36.77,36.85,37.24,34.98,10117700.0
20260807,603933,睿能科技,19.0,19.63,19.69,19.0,5490500.0
20260807,603936,博敏电子,14.49,15.93,15.93,14.49,43437000.0
20260807,603937,丽岛新材,11.12,11.15,11.17,10.84,4411100.0
20260807,603938,三孚股份,41.8,43.11,43.53,40.66,18937500.0
20260807,603939,益丰药房,22.39,22.15,22.44,21.87,13534900.0
20260807,603948,建业股份,20.5,20.68,20.79,20.1,1936800.0
20260807,603949,雪龙集团,14.1,14.23,14.25,13.75,3833900.0
20260807,603950,长源东谷,57.61,58.6,59.5,56.23,8067300.0
20260807,603955,大千生态,20.71,20.33,21.0,20.07,1694200.0
20260807,603956,威派格,6.9,6.92,7.08,6.72,38647800.0
20260807,603958,哈森股份,14.74,14.78,14.78,14.2,3445100.0
20260807,603960,克来机电,16.2,16.13,16.27,15.85,5090200.0
20260807,603966,法兰泰克,7.93,7.92,7.99,7.79,5843600.0
20260807,603967,中创物流,11.41,11.4,11.48,11.26,2058000.0
20260807,603968,醋化股份,10.05,10.07,10.11,9.86,2264200.0
20260807,603969,银龙股份,7.43,7.47,7.55,7.33,9394300.0
20260807,603970,中农立华,10.24,10.46,10.69,10.09,3865300.0
20260807,603976,正川股份,28.56,28.53,29.27,27.6,6171900.0
20260807,603977,国泰集团,12.35,12.03,12.38,11.8,12236800.0
20260807,603978,深圳新星,19.46,19.64,19.8,19.0,10096200.0
20260807,603979,金诚信,77.92,79.19,80.07,76.3,10671800.0
20260807,603980,吉华集团,6.72,6.81,6.83,6.62,26618100.0
20260807,603982,泉峰汽车,5.9,5.88,5.9,5.75,4709700.0
20260807,603983,丸美生物,28.4,30.2,30.4,28.11,7402500.0
20260807,603985,恒润股份,16.79,16.84,16.88,16.23,11256400.0
20260807,603986,兆易创新,384.0,417.05,422.48,383.8,74751800.0
20260807,603987,康德莱,7.27,7.42,7.42,7.25,5325800.0
20260807,603988,中电电机,22.01,22.42,22.72,21.18,30905300.0
20260807,603989,艾华集团,27.92,29.22,29.56,27.15,35483600.0
20260807,603990,麦迪科技,20.8,22.31,22.52,20.7,33632400.0
20260807,603991,领先股份,129.76,131.39,132.99,127.01,2828800.0
20260807,603992,松霖科技,24.53,23.67,24.68,23.6,5600100.0
20260807,603993,洛阳钼业,20.55,20.83,20.99,20.21,274754500.0
20260807,603995,甬金股份,22.83,23.79,23.84,22.61,7676500.0
20260807,603997,继峰股份,12.96,12.75,13.08,12.64,23536300.0
20260807,603998,方盛制药,9.42,9.72,9.72,9.36,13853300.0
20260807,603999,读者传媒,5.52,5.52,5.53,5.39,5301900.0
20260807,605001,威奥股份,5.49,5.46,5.49,5.33,4346600.0
20260807,605003,众望布艺,21.36,20.8,21.52,20.52,1729900.0
20260807,605005,合兴股份,15.34,15.38,15.59,15.23,1967200.0
20260807,605006,山东玻纤,14.44,15.09,15.36,14.23,60161900.0
20260807,605007,五洲特纸,16.39,15.8,16.63,15.75,7849000.0
20260807,605008,长鸿高科,11.44,11.57,11.74,11.35,3512300.0
20260807,605009,豪悦护理,23.8,24.06,24.07,23.58,975000.0
20260807,605011,杭州热电,17.69,17.54,17.72,17.22,5412800.0
20260807,605016,百龙创园,21.74,21.33,21.98,21.22,5007900.0
20260807,605018,长华集团,12.6,12.74,12.85,12.36,4098800.0
20260807,605020,永和股份,35.0,35.19,35.46,34.56,15767900.0
20260807,605028,世茂能源,26.0,26.06,26.15,25.26,1461100.0
20260807,605033,美邦股份,18.13,17.82,18.13,17.65,3153600.0
20260807,605050,福然德,10.56,10.57,10.68,10.44,2921800.0
20260807,605055,迎丰股份,9.29,9.25,9.34,9.05,3982900.0
20260807,605056,咸亨国际,14.95,15.16,15.35,14.83,10074000.0
20260807,605058,澳弘电子,25.88,27.09,27.24,25.88,3608900.0
20260807,605060,联德股份,40.02,42.25,42.36,39.95,4885500.0
20260807,605066,天正电气,6.71,6.66,6.71,6.57,4277300.0
20260807,605068,明新旭腾,21.66,21.01,21.66,20.18,8316900.0
20260807,605069,正和生态,10.88,10.92,10.93,10.36,6547600.0
20260807,605077,华康股份,11.1,11.06,11.23,10.95,4134400.0
20260807,605080,浙江自然,20.1,20.09,20.11,19.76,1143900.0
20260807,605086,龙高股份,23.8,23.87,23.9,23.2,1085200.0
20260807,605088,冠盛股份,21.2,21.16,21.37,20.85,4514400.0
20260807,605089,味知香,20.68,20.11,20.96,20.02,1304700.0
20260807,605090,九丰能源,34.1,34.42,34.48,33.6,13660200.0
20260807,605098,行动教育,56.8,57.17,58.15,56.3,1420900.0
20260807,605099,共创草坪,32.5,32.18,32.69,31.9,1221600.0
20260807,605100,华丰股份,32.8,33.06,33.48,32.09,4228500.0
20260807,605108,同庆楼,12.73,12.65,12.75,12.35,2855500.0
20260807,605111,新洁能,55.0,57.03,57.92,53.9,20877800.0
20260807,605116,奥锐特,19.72,20.55,20.59,19.62,4770700.0
20260807,605117,德业股份,82.68,84.82,85.83,82.67,18269800.0
20260807,605118,力鼎光电,29.56,29.9,30.09,28.69,4666500.0
20260807,605122,四方新材,10.96,10.88,10.97,10.68,1880400.0
20260807,605123,派克新材,77.88,78.88,79.21,76.02,3691200.0
20260807,605128,上海沿浦,23.5,22.8,23.68,22.71,4113300.0
20260807,605133,嵘泰股份,26.49,26.59,27.18,25.85,6340200.0
20260807,605136,丽人丽妆,8.28,8.23,8.3,8.01,8000000.0
20260807,605138,盛泰集团,5.69,5.68,5.7,5.56,3740600.0
20260807,605151,西上海,18.53,17.9,18.53,17.6,1235400.0
20260807,605155,西大门,14.18,14.65,14.74,13.95,5946600.0
20260807,605158,华达新材,6.8,6.85,6.88,6.69,3613700.0
20260807,605162,新中港,8.52,8.48,8.52,8.3,11316000.0
20260807,605166,聚合顺,8.69,8.67,8.75,8.56,3423200.0
20260807,605167,利柏特,14.85,15.04,15.29,14.16,22331100.0
20260807,605168,三人行,39.4,40.35,40.93,38.55,5179100.0
20260807,605169,洪通燃气,10.08,9.95,10.11,9.86,2108600.0
20260807,605177,东亚药业,16.8,16.77,16.8,16.3,1478800.0
20260807,605178,时空科技,64.09,66.15,66.68,63.55,5568100.0
20260807,605179,一鸣食品,21.66,22.84,23.48,20.6,40350700.0
20260807,605180,华生科技,11.88,12.16,12.23,11.68,2120600.0
20260807,605183,确成股份,14.5,14.34,14.5,14.29,953300.0
20260807,605186,健麾信息,25.58,26.05,26.16,25.41,2840600.0
20260807,605188,国光连锁,12.61,12.78,12.79,12.4,6068600.0
20260807,605189,富春染织,16.1,15.75,16.22,15.49,20673400.0
20260807,605196,华通线缆,33.28,33.88,34.55,32.9,19698600.0
20260807,605198,安德利,63.0,64.81,65.65,62.66,2947000.0
20260807,605208,永茂泰,13.33,13.62,13.68,13.11,10075700.0
20260807,605218,伟时电子,13.76,13.63,13.77,13.39,2631200.0
20260807,605222,起帆电缆,19.66,19.77,19.96,19.38,5802000.0
20260807,605228,神通科技,10.99,11.04,11.11,10.86,4736000.0
20260807,605255,天普股份,70.5,70.8,71.0,68.5,948000.0
20260807,605258,协和电子,26.67,27.23,27.38,26.49,2338800.0
20260807,605259,绿田机械,18.18,18.15,18.2,17.96,541600.0
20260807,605266,健之佳,16.39,16.5,16.5,16.2,1494300.0
20260807,605268,王力安防,9.23,9.05,9.23,8.98,2781800.0
20260807,605277,新亚电子,15.29,15.23,15.36,15.03,8131200.0
20260807,605286,同力天启,23.69,23.28,23.69,22.91,1690800.0
20260807,605287,德才股份,37.18,40.93,40.93,35.22,9659800.0
20260807,605288,凯迪股份,59.65,58.42,61.5,55.33,3012300.0
20260807,605289,罗曼股份,94.96,104.49,104.49,94.23,4931100.0
20260807,605296,神农集团,29.88,29.73,30.14,29.47,2469400.0
20260807,605298,必得科技,47.01,47.61,47.77,46.0,831800.0
20260807,605299,舒华体育,12.47,12.28,12.48,12.03,9987800.0
20260807,605300,佳禾食品,9.68,9.71,9.73,9.48,2450500.0
20260807,605303,园林股份,20.93,21.66,21.8,20.49,3681100.0
20260807,605305,中际联合,40.2,39.95,40.6,39.71,3561800.0
20260807,605318,法狮龙,80.29,80.3,81.58,77.81,1940100.0
20260807,605319,无锡振华,24.75,25.1,25.65,24.72,3683800.0
20260807,605333,沪光股份,16.94,16.91,16.99,16.53,3370800.0
20260807,605337,李子园,9.45,9.47,9.57,9.28,5656700.0
20260807,605338,巴比食品,19.0,18.89,19.03,18.62,1432400.0
20260807,605339,南侨食品,13.23,13.08,13.25,12.91,1530800.0
20260807,605358,立昂微,43.38,44.88,45.0,42.68,43607000.0
20260807,605365,立达信,13.72,13.79,13.8,13.4,3260200.0
20260807,605366,宏柏新材,8.68,8.46,8.73,8.0,73123900.0
20260807,605368,蓝天燃气,6.71,6.62,6.71,6.62,3846200.0
20260807,605369,拱东医疗,16.87,17.34,17.38,16.82,1683600.0
20260807,605376,博迁新材,163.81,163.97,169.3,156.53,22412800.0
20260807,605377,华旺科技,9.16,9.03,9.16,8.89,3960100.0
20260807,605378,野马电池,14.03,14.03,14.08,13.77,1679600.0
20260807,605388,均瑶健康,5.81,5.9,5.94,5.72,20485100.0
20260807,605389,长龄液压,75.65,76.0,77.19,74.32,901800.0
20260807,605398,新炬网络,21.15,20.81,21.3,20.22,2539500.0
20260807,605399,晨光新材,10.75,10.75,11.08,10.5,4616600.0
20260807,605488,福莱新材,28.89,27.94,28.91,27.34,7786200.0
20260807,605499,东鹏饮料,120.9,122.8,123.2,120.2,9480700.0
20260807,605500,森林包装,6.88,6.85,6.99,6.83,4901900.0
20260807,605507,国邦医药,15.4,16.2,16.29,15.35,15838500.0
20260807,605555,德昌股份,12.03,12.1,12.18,11.86,4768500.0
20260807,605566,福莱蒽特,25.5,25.81,25.95,24.88,4133400.0
20260807,605567,春雪食品,8.8,8.79,8.83,8.53,2557400.0
20260807,605577,龙版传媒,9.59,9.5,9.59,9.34,3312000.0
20260807,605580,恒盛能源,18.16,18.45,18.45,17.81,5521300.0
20260807,605588,冠石科技,45.8,45.7,46.14,44.36,1449100.0
20260807,605589,圣泉集团,39.53,42.38,43.29,39.33,50947300.0
20260807,605598,上海港湾,27.69,28.1,28.15,27.01,4036700.0
20260807,605599,菜百股份,16.55,16.04,16.55,15.86,9755400.0
