日期,股票代码,股票名称,开盘价,收盘价,最高价,最低价,成交量(股)
20260602,000001,平安银行,10.98,11.08,11.1,10.94,88542800.0
20260602,000002,万  科Ａ,3.47,3.39,3.51,3.35,256707900.0
20260602,000006,深振业Ａ,8.95,8.85,9.35,8.76,40270400.0
20260602,000007,全新好,11.62,12.1,12.29,11.62,12532000.0
20260602,000008,神州高铁,2.61,2.58,2.61,2.57,22674100.0
20260602,000009,中国宝安,7.47,7.34,7.5,7.32,15925900.0
20260602,000011,深物业A,7.57,7.44,7.62,7.41,4455800.0
20260602,000012,南  玻Ａ,4.19,4.1,4.2,4.08,42288500.0
20260602,000014,沙河股份,11.3,10.94,11.3,10.81,7714700.0
20260602,000017,深中华A,5.57,5.47,5.57,5.37,7430600.0
20260602,000019,深粮控股,6.67,6.56,6.71,6.52,8813600.0
20260602,000020,深华发Ａ,12.82,12.59,12.87,12.42,3664300.0
20260602,000021,深科技,36.55,37.18,37.84,35.17,156844300.0
20260602,000025,特  力Ａ,15.47,15.07,15.6,14.95,7920800.0
20260602,000026,飞亚达,22.81,22.39,23.08,22.1,14435700.0
20260602,000027,深圳能源,7.91,8.02,8.14,7.82,86397000.0
20260602,000028,国药一致,23.61,23.39,23.8,23.33,3334300.0
20260602,000029,深深房Ａ,23.93,23.5,24.15,23.3,6658000.0
20260602,000030,富奥股份,4.68,4.67,4.72,4.66,8404600.0
20260602,000031,大悦城,2.95,2.76,2.95,2.72,78769700.0
20260602,000032,深桑达Ａ,16.49,16.04,16.6,15.77,20542200.0
20260602,000034,神州数码,26.7,26.05,26.8,25.67,41445600.0
20260602,000035,中国天楹,5.88,5.81,5.89,5.71,32709700.0
20260602,000036,华联控股,5.22,5.11,5.28,5.0,26453800.0
20260602,000037,深南电A,12.65,12.01,12.94,11.85,93592600.0
20260602,000039,中集集团,10.81,10.48,10.9,10.34,40389000.0
20260602,000042,中洲控股,9.95,9.77,9.96,9.7,4833200.0
20260602,000045,深纺织Ａ,11.37,11.25,11.43,11.16,5571000.0
20260602,000048,京基智农,13.85,13.96,14.56,13.58,28757400.0
20260602,000049,德赛电池,25.4,25.37,25.7,24.91,7043200.0
20260602,000050,深天马Ａ,7.76,7.94,8.19,7.66,43055100.0
20260602,000055,方大集团,4.18,4.19,4.19,3.87,47649400.0
20260602,000058,深 赛 格,7.32,7.13,7.37,7.13,6959300.0
20260602,000059,华锦股份,4.57,4.79,4.83,4.56,48775100.0
20260602,000060,中金岭南,7.74,7.84,7.93,7.54,229416700.0
20260602,000061,农 产 品,6.64,6.34,6.73,6.33,23176500.0
20260602,000062,深圳华强,30.39,33.52,33.52,29.23,100961800.0
20260602,000063,中兴通讯,35.12,36.3,36.46,34.8,177378400.0
20260602,000065,北方国际,12.06,11.85,12.15,11.82,18226700.0
20260602,000066,中国长城,18.48,18.09,18.63,17.63,180248400.0
20260602,000068,华控赛格,3.17,3.25,3.31,3.13,30588100.0
20260602,000069,华侨城Ａ,2.01,2.0,2.03,1.97,59841100.0
20260602,000070,特发信息,16.94,17.74,17.96,16.73,54674500.0
20260602,000088,盐 田 港,4.49,4.48,4.52,4.47,20707400.0
20260602,000089,深圳机场,6.83,6.82,6.91,6.81,9372700.0
20260602,000090,天健集团,3.79,3.7,3.83,3.66,90801500.0
20260602,000096,广聚能源,8.52,8.35,8.52,8.29,6293100.0
20260602,000099,中信海直,15.67,15.67,15.78,15.58,7161000.0
20260602,000100,TCL科技,4.38,4.43,4.45,4.26,785850000.0
20260602,000151,中成股份,13.64,13.57,13.85,13.1,28089500.0
20260602,000153,丰原药业,5.83,5.71,5.84,5.69,6226200.0
20260602,000155,川能动力,14.41,14.02,14.46,13.72,45633800.0
20260602,000156,华数传媒,7.12,6.96,7.16,6.95,9583600.0
20260602,000157,中联重科,7.2,7.12,7.21,7.05,58721600.0
20260602,000158,常山北明,15.77,15.42,15.81,15.28,23635200.0
20260602,000159,国际实业,6.94,6.71,6.95,6.63,20829500.0
20260602,000166,申万宏源,4.43,4.46,4.48,4.41,91041100.0
20260602,000301,东方盛虹,12.35,12.16,12.35,11.96,17016800.0
20260602,000333,美的集团,81.26,82.6,82.79,81.22,26317700.0
20260602,000338,潍柴动力,33.03,32.22,33.33,30.33,213078400.0
20260602,000400,许继电气,27.0,26.54,27.1,26.26,26164300.0
20260602,000401,金隅冀东,4.07,4.06,4.11,4.03,8550300.0
20260602,000402,金 融 街,3.11,3.05,3.13,3.03,88866400.0
20260602,000403,派林生物,12.3,12.39,12.76,12.22,14151800.0
20260602,000404,长虹华意,8.3,8.25,8.35,8.06,18845700.0
20260602,000407,胜利股份,4.31,4.3,4.34,4.22,15484000.0
20260602,000408,藏格矿业,78.01,79.24,79.75,75.75,14395900.0
20260602,000409,云鼎科技,9.84,9.66,9.92,9.6,9910700.0
20260602,000410,沈阳机床,5.35,5.3,5.38,5.22,16809800.0
20260602,000411,英特集团,12.21,12.07,12.29,11.98,16926100.0
20260602,000415,渤海租赁,4.05,4.02,4.06,3.98,56638600.0
20260602,000417,合百集团,7.86,7.68,8.04,7.56,75007500.0
20260602,000419,通程控股,5.33,5.21,5.37,5.17,9255700.0
20260602,000420,吉林化纤,4.43,4.36,4.45,4.29,71712500.0
20260602,000421,南京公用,6.06,5.93,6.08,5.88,8241600.0
20260602,000422,湖北宜化,14.35,14.06,14.45,14.0,21297600.0
20260602,000423,东阿阿胶,49.93,50.37,50.98,49.82,8167800.0
20260602,000425,徐工机械,9.73,9.67,9.76,9.5,79865300.0
20260602,000426,兴业银锡,40.59,42.97,43.14,39.66,102307400.0
20260602,000428,华天酒店,3.72,3.63,3.73,3.59,14120400.0
20260602,000429,粤高速Ａ,14.1,14.07,14.21,13.95,6778200.0
20260602,000430,张家界,8.04,8.16,8.24,7.94,18925000.0
20260602,000498,山东路桥,5.33,5.31,5.35,5.3,10082100.0
20260602,000501,武商集团,7.89,7.64,7.91,7.59,12156400.0
20260602,000503,国新健康,7.25,7.16,7.31,7.07,10342600.0
20260602,000504,南华生物,9.51,9.63,9.64,9.43,3196800.0
20260602,000505,京粮控股,6.08,5.93,6.1,5.88,9779900.0
20260602,000506,招金黄金,14.03,14.46,14.6,13.41,46080600.0
20260602,000507,珠海港,5.38,5.27,5.38,5.23,21164000.0
20260602,000509,华塑控股,4.68,5.15,5.41,4.56,271117400.0
20260602,000510,新金路,18.4,19.58,19.75,17.62,113267400.0
20260602,000513,丽珠集团,30.99,30.93,31.1,30.71,3466700.0
20260602,000514,渝 开 发,4.58,4.5,4.61,4.47,10506200.0
20260602,000516,国际医学,4.28,4.24,4.29,4.21,12640300.0
20260602,000517,荣安地产,1.94,1.92,1.96,1.89,22460700.0
20260602,000518,四环生物,3.5,3.57,3.67,3.45,97655100.0
20260602,000519,中兵红箭,19.23,19.43,19.68,18.73,72161400.0
20260602,000520,凤凰航运,3.82,3.8,3.87,3.72,15157700.0
20260602,000521,长虹美菱,5.78,5.67,5.81,5.64,17148900.0
20260602,000523,红棉股份,3.28,3.24,3.31,3.2,21901400.0
20260602,000524,岭南控股,9.51,9.27,9.52,9.1,9908200.0
20260602,000525,红太阳,4.97,4.92,5.01,4.87,14546700.0
20260602,000526,学大教育,29.8,28.89,29.93,28.88,2090800.0
20260602,000528,柳    工,9.07,8.98,9.08,8.92,21744700.0
20260602,000529,广弘控股,5.26,5.12,5.33,5.09,5867000.0
20260602,000530,冰山冷热,6.31,6.25,6.35,6.11,53003100.0
20260602,000531,穗恒运Ａ,7.9,7.79,8.0,7.67,51552800.0
20260602,000532,华金资本,12.17,12.38,12.76,11.77,14696500.0
20260602,000533,顺钠股份,12.69,12.18,12.69,11.8,65641000.0
20260602,000534,万泽股份,32.46,31.39,33.02,30.4,25588700.0
20260602,000536,华映科技,3.92,3.83,3.92,3.71,75756000.0
20260602,000537,绿发电力,10.8,10.89,11.0,10.4,61189900.0
20260602,000538,云南白药,49.8,49.46,50.43,49.32,9844600.0
20260602,000539,粤电力Ａ,9.68,9.13,9.75,8.79,416743900.0
20260602,000541,佛山照明,5.05,5.03,5.06,4.99,7562000.0
20260602,000543,皖能电力,9.7,9.55,9.74,9.43,86635600.0
20260602,000544,中原环保,8.08,8.1,8.17,8.04,4221700.0
20260602,000545,金浦钛业,2.56,2.53,2.56,2.45,30539700.0
20260602,000546,金圆股份,5.6,5.42,5.61,5.28,29510900.0
20260602,000547,航天发展,20.43,20.03,20.43,18.99,97782800.0
20260602,000548,湖南投资,5.0,4.84,5.0,4.8,11079000.0
20260602,000550,江铃汽车,16.82,17.02,17.1,16.66,5833400.0
20260602,000551,创元科技,15.6,15.45,15.62,15.03,11989400.0
20260602,000552,甘肃能化,2.86,2.86,2.92,2.83,137014000.0
20260602,000553,安道麦A,6.41,6.26,6.42,6.21,8779300.0
20260602,000554,泰山石油,7.0,6.85,7.02,6.81,12132100.0
20260602,000555,神州信息,13.17,12.88,13.18,12.71,18590600.0
20260602,000557,西部创业,4.29,4.22,4.32,4.2,8285500.0
20260602,000558,天府文旅,3.82,3.73,3.84,3.67,37066800.0
20260602,000559,万向钱潮,15.24,14.93,15.51,14.91,61837800.0
20260602,000560,我爱我家,2.76,2.72,2.78,2.71,71302100.0
20260602,000561,烽火电子,8.2,8.15,8.25,8.1,8684400.0
20260602,000563,陕国投Ａ,3.02,3.0,3.04,2.99,30507000.0
20260602,000564,供销大集,1.73,1.69,1.74,1.67,269078800.0
20260602,000565,渝三峡Ａ,7.03,6.79,7.03,6.65,15055900.0
20260602,000566,海南海药,4.16,4.08,4.18,4.02,19799600.0
20260602,000567,海德股份,6.26,6.18,6.36,6.11,20088500.0
20260602,000568,泸州老窖,89.6,88.5,90.83,88.31,14551400.0
20260602,000570,苏常柴Ａ,5.66,5.56,5.72,5.53,15101800.0
20260602,000571,新大洲A,5.79,5.6,5.83,5.59,18391100.0
20260602,000572,海马汽车,4.59,4.52,4.61,4.42,40891000.0
20260602,000573,粤宏远Ａ,4.52,4.28,4.52,4.23,26746300.0
20260602,000576,甘化科工,7.64,7.53,7.69,7.45,6358200.0
20260602,000581,威孚高科,19.25,19.25,19.39,19.1,8165100.0
20260602,000582,北部湾港,13.21,14.05,14.28,13.02,108324900.0
20260602,000586,汇源通信,14.5,16.74,16.74,14.5,21670000.0
20260602,000589,贵州轮胎,4.8,4.76,4.82,4.74,23890700.0
20260602,000590,古汉医药,10.41,10.11,10.46,10.03,5324500.0
20260602,000591,太阳能,5.85,5.69,5.87,5.62,173055900.0
20260602,000592,平潭发展,8.59,8.37,8.59,8.05,142191100.0
20260602,000593,德龙汇能,21.26,20.76,21.49,20.5,13054200.0
20260602,000595,新能股份,7.76,7.7,7.91,7.64,14187100.0
20260602,000596,古井贡酒,94.11,93.05,95.87,92.81,3615500.0
20260602,000597,东北制药,4.68,4.59,4.7,4.58,10920100.0
20260602,000598,兴蓉环境,7.11,7.17,7.19,7.09,32963800.0
20260602,000599,青岛双星,5.15,5.13,5.17,5.03,11956100.0
20260602,000600,建投能源,12.0,11.8,12.06,11.34,88935800.0
20260602,000601,韶能股份,8.02,8.99,8.99,7.74,164723100.0
20260602,000603,盛达资源,31.05,31.77,32.05,30.0,16512000.0
20260602,000605,渤海股份,6.59,6.39,6.65,6.37,6260400.0
20260602,000607,华媒控股,3.83,3.6,3.84,3.57,20818500.0
20260602,000608,阳光股份,4.93,4.82,4.93,4.65,52519000.0
20260602,000612,焦作万方,11.84,12.22,12.28,11.75,44780800.0
20260602,000617,中油资本,7.9,7.79,7.93,7.7,71419600.0
20260602,000619,海螺新材,5.77,5.61,5.89,5.57,8630900.0
20260602,000620,盈新发展,2.82,2.84,2.85,2.78,158937000.0
20260602,000623,吉林敖东,17.32,17.33,17.45,17.19,9612600.0
20260602,000625,长安汽车,8.04,8.46,8.58,8.03,222212200.0
20260602,000626,远大控股,8.26,7.95,8.31,7.86,20175300.0
20260602,000628,高新发展,56.48,53.76,57.68,53.0,11555200.0
20260602,000629,钒钛股份,3.44,3.43,3.48,3.34,95473400.0
20260602,000630,铜陵有色,7.01,7.08,7.15,6.86,548267400.0
20260602,000631,顺发恒能,3.41,3.41,3.44,3.35,25404800.0
20260602,000633,合金投资,5.82,5.69,5.83,5.58,7914400.0
,000635,英 力 特,7.33,7.12,7.45,7.0,6593700.0
20260602,000636,风华高科,53.48,59.91,60.56,52.5,189966600.0
20260602,000637,茂化实华,4.45,4.28,4.49,4.26,11729000.0
20260602,000650,仁和药业,5.42,5.38,5.44,5.37,10409200.0
20260602,000651,格力电器,39.09,39.52,39.73,39.0,46282800.0
20260602,000652,泰达股份,3.81,3.75,3.82,3.72,14743100.0
20260602,000655,金岭矿业,7.43,7.35,7.44,7.23,5665100.0
20260602,000656,金科股份,1.46,1.46,1.47,1.45,65579300.0
20260602,000657,中钨高新,64.13,66.51,67.1,61.3,83473300.0
20260602,000659,珠海中富,3.99,3.91,3.99,3.89,16857300.0
20260602,000661,长春高新,73.21,71.66,73.49,71.3,6207700.0
20260602,000663,永安林业,6.26,5.98,6.37,5.92,7476800.0
20260602,000665,湖北广电,4.41,4.3,4.42,4.28,16719200.0
20260602,000670,盈方微,8.48,8.7,8.83,8.24,71224700.0
20260602,000672,上峰材料,16.51,16.11,16.59,15.96,17302100.0
20260602,000676,智度股份,6.06,5.93,6.09,5.89,25748700.0
20260602,000678,襄阳轴承,11.75,12.16,12.16,11.7,17978800.0
20260602,000679,大连友谊,6.7,6.49,6.7,6.44,5587100.0
20260602,000680,山推股份,11.25,10.99,11.38,10.93,15487100.0
20260602,000681,视觉中国,23.17,23.19,23.8,22.07,133202700.0
20260602,000682,东方电子,14.21,13.66,14.25,13.52,44732600.0
20260602,000683,博源化工,7.29,7.26,7.31,7.14,32630200.0
20260602,000685,中山公用,11.47,11.34,11.54,11.28,20021900.0
20260602,000686,东北证券,7.93,7.93,8.0,7.9,18771400.0
20260602,000688,国城矿业,39.9,38.72,39.98,37.4,17861400.0
20260602,000690,宝新能源,6.01,5.89,6.05,5.81,170737500.0
20260602,000691,亚太实业,9.07,8.71,9.07,8.52,19202400.0
20260602,000692,惠天热电,5.39,5.28,5.4,5.16,41625800.0
20260602,000695,滨海能源,15.38,14.78,15.56,14.6,15230900.0
20260602,000697,炼石航空,11.8,11.9,12.04,11.27,19521000.0
20260602,000700,模塑科技,14.06,15.07,15.07,13.99,118140100.0
20260602,000701,厦门信达,5.71,5.73,5.77,5.56,16580100.0
20260602,000702,正虹科技,6.35,6.04,6.36,5.97,9446200.0
20260602,000703,恒逸石化,12.91,13.16,13.44,12.89,51811100.0
20260602,000705,浙江震元,7.26,7.02,7.27,6.98,7645100.0
20260602,000707,双环科技,5.08,4.96,5.11,4.93,10448700.0
20260602,000708,中信特钢,14.08,13.94,14.31,13.84,12768900.0
20260602,000709,河钢股份,2.26,2.24,2.28,2.23,69730000.0
20260602,000710,贝瑞基因,8.95,8.72,8.95,8.63,5988900.0
20260602,000711,京蓝科技,5.96,6.16,6.16,5.76,90690600.0
20260602,000712,锦龙股份,11.12,10.99,11.29,10.8,41274500.0
20260602,000713,国投丰乐,6.01,5.95,6.02,5.86,5316700.0
20260602,000715,中兴商业,5.27,5.19,5.28,5.12,9209500.0
20260602,000716,黑芝麻,6.05,6.06,6.11,5.86,59821500.0
20260602,000717,中南股份,2.29,2.26,2.31,2.24,17567200.0
20260602,000718,苏宁环球,2.07,2.07,2.11,2.05,35506200.0
20260602,000719,中原传媒,13.33,13.16,13.59,13.14,5335900.0
20260602,000720,新能泰山,5.1,5.41,5.42,4.9,175764200.0
20260602,000721,西安饮食,6.65,6.54,6.67,6.43,10802000.0
20260602,000722,湖南发展,16.58,16.08,17.81,15.93,89804000.0
20260602,000723,美锦能源,4.4,4.38,4.5,4.33,103623500.0
20260602,000725,京东方Ａ,5.31,5.47,5.54,5.11,3025845500.0
20260602,000726,鲁  泰Ａ,6.18,6.1,6.2,6.06,5852700.0
20260602,000727,冠捷科技,2.91,2.98,3.01,2.9,427335100.0
20260602,000728,国元证券,7.17,7.18,7.21,7.11,35672400.0
20260602,000729,燕京啤酒,12.87,12.59,12.95,12.55,38505100.0
20260602,000731,四川美丰,6.18,6.08,6.19,6.03,6000900.0
20260602,000733,振华科技,50.9,54.1,54.49,49.8,54301400.0
20260602,000735,罗 牛 山,5.64,5.43,5.65,5.4,18512700.0
20260602,000737,北方铜业,14.38,15.1,15.29,14.38,122828000.0
20260602,000738,航发控制,19.16,18.75,19.28,18.55,14173700.0
20260602,000739,普洛药业,16.7,16.45,16.83,16.36,7596600.0
20260602,000750,国海证券,3.72,3.71,3.74,3.69,42271400.0
20260602,000751,锌业股份,5.23,5.39,5.4,5.18,59499500.0
20260602,000753,漳州发展,5.5,5.39,5.5,5.29,17947600.0
20260602,000755,山西高速,5.31,5.35,5.4,5.26,15036300.0
20260602,000756,新华制药,13.61,13.45,13.63,13.44,2783600.0
20260602,000757,浩物股份,4.25,4.02,4.28,4.0,14845100.0
20260602,000758,中色股份,6.78,6.85,6.89,6.66,42598400.0
20260602,000759,中百集团,5.95,5.86,6.1,5.73,82413500.0
20260602,000761,本钢板材,2.6,2.55,2.62,2.53,19216700.0
20260602,000762,西藏矿业,29.24,29.13,29.35,28.04,19433900.0
20260602,000766,通化金马,23.73,24.13,24.29,23.55,20935500.0
20260602,000767,晋控电力,6.15,6.11,6.6,6.0,904372900.0
20260602,000768,中航西飞,22.04,22.14,22.24,21.61,23334800.0
20260602,000776,广发证券,18.93,18.99,19.19,18.66,68781600.0
20260602,000777,中核科技,17.66,17.31,17.75,17.02,6829400.0
20260602,000778,新兴铸管,4.45,4.36,4.49,4.34,78108900.0
20260602,000779,甘咨询,7.68,7.45,7.72,7.39,5699600.0
20260602,000782,恒申新材,7.35,7.43,7.56,7.13,22468300.0
20260602,000783,长江证券,7.92,7.84,7.96,7.74,94640800.0
20260602,000785,居然智家,2.47,2.43,2.49,2.41,45535600.0
20260602,000786,北新建材,23.15,22.55,23.19,22.45,8774700.0
20260602,000788,北大医药,5.54,5.39,5.54,5.32,15033300.0
20260602,000789,万年青,4.62,4.6,4.64,4.53,4892100.0
20260602,000790,华神科技,3.96,3.86,3.97,3.79,20142000.0
20260602,000791,甘肃能源,9.55,10.08,10.1,9.26,117091600.0
20260602,000792,盐湖股份,30.49,30.35,30.62,29.67,81068500.0
20260602,000795,英洛华,8.86,8.95,9.0,8.74,13028300.0
20260602,000796,凯撒旅业,4.71,4.55,4.72,4.48,46758000.0
20260602,000797,中国武夷,2.64,2.6,2.65,2.57,22834100.0
20260602,000798,中水渔业,8.65,8.33,8.65,8.28,6398600.0
20260602,000799,酒鬼酒,45.31,45.7,46.86,44.03,26765200.0
20260602,000800,一汽解放,6.11,6.14,6.25,6.08,23107400.0
20260602,000801,四川九洲,12.94,12.8,13.13,12.56,13820000.0
20260602,000802,北京文化,5.18,5.3,5.32,5.03,47957600.0
20260602,000803,山高环能,8.29,7.89,8.31,7.83,18704200.0
20260602,000807,云铝股份,29.71,30.29,30.42,29.23,75570600.0
20260602,000809,和展能源,4.18,4.12,4.22,4.07,39107400.0
20260602,000810,创维数字,11.73,11.39,11.89,11.35,14774700.0
20260602,000811,冰轮环境,31.17,31.01,31.6,30.41,32503300.0
20260602,000812,陕西金叶,3.81,3.72,3.81,3.68,15290700.0
20260602,000813,德展健康,3.4,3.26,3.43,3.26,39462300.0
20260602,000815,美利云,16.35,16.07,16.48,15.52,42586900.0
20260602,000816,智慧农业,2.76,2.79,2.82,2.71,29199900.0
20260602,000818,航锦科技,14.4,14.14,14.4,13.8,20650200.0
20260602,000819,岳阳兴长,15.1,14.84,15.21,14.67,4238000.0
20260602,000820,神雾节能,3.75,3.71,3.76,3.68,3548300.0
20260602,000822,山东海化,5.04,4.92,5.04,4.82,13791300.0
20260602,000823,超声电子,15.78,16.22,16.67,15.78,52069600.0
20260602,000825,太钢不锈,3.94,3.87,3.96,3.86,26681900.0
20260602,000828,东莞控股,10.17,10.11,10.32,10.09,5141600.0
20260602,000829,天音控股,8.66,8.55,8.72,8.43,16977600.0
20260602,000830,鲁西化工,13.42,13.22,13.54,13.06,22741900.0
20260602,000831,中国稀土,48.8,49.93,50.5,47.43,29625400.0
20260602,000833,粤桂股份,23.85,23.24,24.23,23.0,25184300.0
20260602,000837,秦川机床,11.51,11.35,11.7,11.31,16094800.0
20260602,000839,国安股份,3.04,2.96,3.05,2.94,52459600.0
20260602,000848,承德露露,8.25,8.17,8.43,8.16,18281700.0
20260602,000850,华茂股份,4.15,4.04,4.15,4.01,9761800.0
20260602,000852,石化机械,5.98,5.81,6.01,5.75,12695000.0
20260602,000856,冀东装备,9.27,8.95,9.35,8.86,8563900.0
20260602,000858,五 粮 液,83.38,82.71,83.98,82.42,23817900.0
20260602,000859,国风新材,10.45,10.32,10.51,10.09,55431200.0
20260602,000860,顺鑫农业,11.45,11.22,11.67,11.21,11769900.0
20260602,000862,银星能源,7.23,7.16,7.3,7.01,61222800.0
20260602,000863,三湘印象,4.96,4.94,5.09,4.87,25221500.0
20260602,000868,安凯客车,3.94,3.86,3.96,3.83,10103700.0
20260602,000869,张  裕Ａ,18.48,18.34,18.58,18.23,873000.0
20260602,000875,电投绿能,6.99,6.94,6.99,6.76,91775100.0
20260602,000876,新 希 望,7.93,7.8,7.94,7.78,16147200.0
20260602,000877,天山股份,4.4,4.33,4.43,4.32,10703800.0
20260602,000878,云南铜业,18.18,19.0,19.22,18.0,93309500.0
20260602,000880,潍柴重机,29.38,28.21,29.41,27.65,22221000.0
20260602,000881,中广核技,7.4,7.35,7.4,7.2,9554000.0
20260602,000882,华联股份,1.54,1.53,1.55,1.5,64478300.0
20260602,000883,湖北能源,5.36,5.32,5.46,5.28,86996600.0
20260602,000885,城发环境,13.5,13.38,13.6,13.38,4284300.0
20260602,000886,海南高速,4.87,4.72,4.87,4.7,14436200.0
20260602,000887,中鼎股份,21.18,20.96,21.28,20.2,45939500.0
20260602,000888,峨眉山Ａ,10.57,10.34,10.61,10.27,10261000.0
20260602,000889,中嘉博创,4.0,3.91,4.0,3.7,75168900.0
20260602,000890,法尔胜,10.82,11.16,11.36,10.42,61727900.0
20260602,000892,欢瑞世纪,4.29,4.07,4.31,4.0,72760400.0
20260602,000893,亚钾国际,46.0,46.81,47.4,45.36,12547400.0
20260602,000895,双汇发展,24.99,24.93,25.23,24.84,8053300.0
20260602,000897,津滨发展,2.0,1.96,2.01,1.95,35866500.0
20260602,000898,鞍钢股份,2.09,2.06,2.12,2.05,38264800.0
20260602,000899,赣能股份,14.08,14.35,14.44,13.7,47041400.0
20260602,000900,现代投资,3.89,3.86,3.91,3.83,12515200.0
20260602,000901,航天科技,19.02,18.61,19.06,18.15,18741700.0
20260602,000902,新洋丰,13.19,13.02,13.24,12.92,10618700.0
20260602,000905,厦门港务,9.34,9.16,9.35,9.07,9069500.0
20260602,000906,浙商中拓,6.4,6.34,6.49,6.27,10563100.0
20260602,000908,石药景峰,7.13,7.33,7.42,7.11,12564600.0
20260602,000910,大亚圣象,6.42,6.23,6.44,6.22,4971000.0
20260602,000912,泸天化,3.9,3.82,3.91,3.77,22511300.0
20260602,000913,钱江摩托,11.66,12.0,12.07,11.54,7517400.0
20260602,000915,华特达因,27.76,27.8,27.98,27.6,1948300.0
20260602,000917,电广传媒,8.58,8.21,8.58,8.08,58614600.0
20260602,000919,金陵药业,6.45,6.35,6.46,6.3,10479500.0
20260602,000920,沃顿科技,12.53,12.28,12.8,12.01,17911300.0
20260602,000921,海信家电,25.9,26.66,26.89,25.77,24868500.0
20260602,000922,佳电股份,13.17,12.94,13.28,12.65,14548800.0
20260602,000923,河钢资源,15.73,16.15,16.45,15.72,17994400.0
20260602,000925,众合科技,7.8,7.8,7.87,7.5,30057400.0
20260602,000926,福星股份,2.5,2.39,2.51,2.38,105058500.0
20260602,000927,中国铁物,2.74,2.7,2.74,2.69,46242400.0
20260602,000928,中钢国际,6.06,6.01,6.07,5.98,11503500.0
20260602,000929,兰州黄河,10.52,10.54,10.74,10.44,2190200.0
20260602,000930,中粮科技,5.27,5.17,5.28,5.14,18280300.0
20260602,000931,中 关 村,4.35,4.22,4.36,4.19,7335800.0
20260602,000932,华菱钢铁,4.08,4.02,4.11,3.98,100188300.0
20260602,000933,神火股份,30.6,30.88,31.24,30.11,53326100.0
20260602,000935,四川双马,29.06,28.07,29.22,27.57,6679800.0
20260602,000936,华西股份,6.43,6.33,6.49,6.24,17557600.0
20260602,000937,冀中能源,5.63,5.59,5.7,5.58,40087500.0
20260602,000938,紫光股份,28.29,28.21,28.69,27.65,150129000.0
20260602,000948,南天信息,13.78,13.33,13.87,13.24,5149300.0
20260602,000949,新乡化纤,6.7,6.72,6.82,6.41,40795900.0
20260602,000950,重药控股,5.83,5.7,5.85,5.67,27201100.0
20260602,000951,中国重汽,21.76,22.73,23.08,21.7,18497100.0
20260602,000952,广济药业,6.87,6.67,6.91,6.63,5736500.0
20260602,000953,中哲精化,6.6,6.34,6.67,6.29,8274600.0
20260602,000955,欣龙控股,4.45,4.23,4.48,4.2,18806700.0
20260602,000957,中通客车,10.44,10.3,10.45,10.16,11588900.0
20260602,000958,电投产融,6.17,6.31,6.35,6.16,79078300.0
20260602,000959,首钢股份,3.65,3.59,3.68,3.55,35153400.0
20260602,000960,锡业股份,40.7,43.19,43.19,40.54,115772500.0
20260602,000962,东方钽业,55.32,56.49,56.88,51.75,26640300.0
20260602,000963,华东医药,29.0,29.0,29.12,28.71,8877800.0
20260602,000965,天保基建,3.44,3.38,3.45,3.34,14555500.0
20260602,000966,长源电力,5.24,5.21,5.3,5.08,140523800.0
20260602,000967,盈峰环境,11.0,10.83,11.25,10.69,160558200.0
20260602,000968,蓝焰控股,7.96,7.64,7.97,7.6,28199500.0
20260602,000969,安泰科技,22.39,21.96,22.73,21.49,55268100.0
20260602,000970,中科三环,11.09,11.02,11.15,10.73,19681300.0
20260602,000972,中基健康,3.78,3.76,3.85,3.73,11934500.0
20260602,000973,佛塑科技,14.7,14.58,14.73,14.1,40806000.0
20260602,000975,山金国际,22.69,23.04,23.14,21.77,53811600.0
20260602,000977,浪潮信息,64.96,65.0,65.97,63.5,76698900.0
20260602,000978,桂林旅游,6.68,6.54,6.69,6.5,12612400.0
20260602,000980,众泰汽车,2.68,2.63,2.69,2.57,128897600.0
20260602,000981,山子高科,3.6,3.5,3.61,3.45,216053100.0
20260602,000983,山西焦煤,7.22,7.36,7.48,7.1,197855000.0
20260602,000985,大庆华科,17.71,17.24,17.97,17.01,1905900.0
20260602,000987,越秀资本,7.98,7.86,7.98,7.83,28106100.0
20260602,000988,华工科技,144.8,149.25,151.36,141.22,77533000.0
20260602,000989,九芝堂,8.3,8.16,8.32,8.14,8604700.0
20260602,000990,诚志股份,9.83,9.58,9.83,9.52,19595100.0
20260602,000993,闽东电力,14.07,14.72,14.95,13.71,34117300.0
20260602,000995,皇台酒业,13.34,12.81,13.36,12.71,18804100.0
20260602,000997,新 大 陆,20.8,20.18,20.8,20.03,24872900.0
20260602,000998,隆平高科,8.66,8.62,8.68,8.54,10463800.0
20260602,000999,华润三九,24.41,24.58,24.98,24.4,10328600.0
20260602,001201,东瑞股份,12.0,11.61,12.0,11.5,3115800.0
20260602,001202,炬申股份,16.0,15.57,16.05,15.48,1465600.0
20260602,001203,大中矿业,37.66,37.46,37.83,36.01,21648000.0
20260602,001205,盛航股份,14.25,14.34,14.39,14.11,2833000.0
20260602,001206,依依股份,17.18,16.77,17.21,16.61,2264100.0
20260602,001207,联科科技,18.2,18.63,18.78,17.51,7706100.0
20260602,001208,华菱线缆,16.11,16.13,16.27,15.45,13234100.0
20260602,001209,洪兴股份,21.19,20.6,21.34,20.32,3059300.0
20260602,001210,金房能源,36.0,36.86,36.86,35.22,10492100.0
20260602,001211,双枪科技,44.46,44.56,46.83,44.11,5917400.0
20260602,001212,中旗新材,50.5,49.9,51.5,49.8,5557000.0
20260602,001213,中铁特货,3.86,3.83,3.88,3.82,9233800.0
20260602,001215,千味央厨,39.65,39.15,39.97,38.6,2327600.0
20260602,001216,华瓷股份,17.06,16.46,17.06,16.32,2785600.0
20260602,001217,华尔泰,10.08,9.97,10.15,9.81,3150800.0
20260602,001218,丽臣实业,25.67,25.37,25.78,25.02,2361600.0
20260602,001219,青岛食品,13.71,13.62,13.71,13.44,3548600.0
20260602,001220,世盟股份,33.28,32.62,33.45,32.37,905500.0
20260602,001221,悍高集团,49.94,49.06,49.94,47.52,1829200.0
20260602,001222,源飞宠物,16.44,15.66,16.51,15.61,2367500.0
20260602,001223,欧克科技,39.2,42.0,42.3,35.85,4056100.0
20260602,001225,和泰机电,50.2,48.5,50.92,47.72,3282900.0
20260602,001226,拓山重工,49.11,51.75,52.5,47.14,2419200.0
20260602,001227,兰州银行,2.14,2.14,2.18,2.14,53130800.0
20260602,001228,永泰运,30.12,29.83,30.29,29.25,1424000.0
20260602,001229,魅视科技,37.9,37.05,38.15,36.1,2050100.0
20260602,001230,劲旅环境,25.25,25.59,25.85,24.61,2865200.0
20260602,001231,农心科技,22.3,21.64,22.47,21.52,1729100.0
20260602,001233,海安集团,52.51,51.77,52.51,50.08,2209200.0
20260602,001234,泰慕士,24.92,23.99,25.25,23.91,2443100.0
20260602,001236,弘业期货,8.39,8.16,8.45,8.11,11026400.0
20260602,001237,惠康科技,73.01,70.75,76.54,70.67,7273500.0
20260602,001238,浙江正特,42.45,42.26,42.92,41.65,403000.0
20260602,001239,永达股份,13.7,13.32,13.74,13.28,1896200.0
20260602,001255,博菲电气,31.96,30.97,31.99,30.47,1187400.0
20260602,001256,炜冈科技,22.93,22.94,23.12,22.32,1980500.0
20260602,001257,盛龙股份,25.0,25.14,25.67,23.58,24879400.0
20260602,001258,立新能源,10.64,10.6,10.8,10.3,48097500.0
20260602,001259,利仁科技,72.26,67.03,72.6,67.02,5023700.0
20260602,001260,坤泰股份,19.77,19.04,19.98,18.91,1260300.0
20260602,001266,宏英智能,48.49,47.13,48.99,46.15,3939800.0
20260602,001267,汇绿生态,54.59,55.5,56.4,53.28,28875000.0
20260602,001268,联合精密,40.91,41.47,42.15,39.52,2605900.0
20260602,001269,欧晶科技,25.53,26.93,27.25,24.91,14133600.0
20260602,001270,铖昌科技,133.63,126.23,134.49,123.45,11305400.0
20260602,001277,速达股份,32.92,32.27,33.25,32.02,902900.0
20260602,001278,一彬科技,18.88,18.31,19.15,18.1,2484300.0
20260602,001279,强邦新材,30.23,29.01,30.23,28.8,1273300.0
20260602,001280,中国铀业,70.53,71.18,71.85,68.75,7622300.0
20260602,001282,三联锻造,18.17,18.01,18.33,17.6,2001900.0
20260602,001283,豪鹏科技,54.6,55.13,56.63,51.91,6122200.0
20260602,001285,瑞立科密,47.96,47.46,48.15,46.84,1610600.0
20260602,001286,陕西能源,13.36,13.12,13.54,12.88,71472100.0
20260602,001287,中电港,25.45,26.75,27.83,25.25,61596300.0
20260602,001288,运机集团,24.8,24.57,25.15,23.6,5006200.0
20260602,001289,龙源电力,18.98,18.8,19.18,18.45,14812400.0
20260602,001296,长江材料,20.75,20.35,21.04,20.15,1592900.0
20260602,001298,好上好,21.26,21.64,21.8,20.3,13684200.0
20260602,001299,美能能源,13.14,13.78,13.83,12.81,17940200.0
20260602,001300,三柏硕,15.94,15.84,15.99,15.19,4577900.0
20260602,001301,尚太科技,92.0,95.67,96.6,90.47,8027500.0
20260602,001306,夏厦精密,62.95,61.9,64.0,61.5,512200.0
20260602,001308,康冠科技,21.72,22.08,22.6,21.71,8891300.0
20260602,001309,德明利,600.0,605.9,611.66,583.0,11027400.0
20260602,001311,多利科技,21.59,21.21,22.32,21.2,5485900.0
20260602,001312,福恩股份,21.5,21.05,21.62,20.96,3014300.0
20260602,001313,粤海饲料,8.34,7.92,8.42,7.89,17310200.0
20260602,001314,亿道信息,64.0,59.95,64.0,57.85,18418000.0
20260602,001316,润贝航科,36.4,36.12,36.95,35.66,2315700.0
20260602,001317,三羊马,53.62,53.9,54.96,52.68,4237800.0
20260602,001318,阳光乳业,12.25,11.98,12.28,11.9,3527700.0
20260602,001319,铭科精技,23.3,23.04,24.01,22.8,2781600.0
20260602,001322,箭牌家居,6.71,6.54,6.8,6.52,3717800.0
20260602,001323,慕思股份,21.01,20.95,21.45,20.83,1163300.0
20260602,001324,长青科技,19.22,18.79,19.57,18.58,2643700.0
20260602,001325,元创股份,41.98,40.52,41.98,40.25,1313500.0
20260602,001326,联域股份,65.63,61.8,65.63,57.36,1121900.0
20260602,001328,登康口腔,31.37,30.49,32.06,30.45,1546300.0
20260602,001330,博纳影业,9.09,8.45,9.09,8.3,110365200.0
20260602,001332,锡装股份,47.8,49.4,50.3,47.16,5724500.0
20260602,001333,光华股份,22.64,22.15,22.89,22.0,1731800.0
20260602,001335,信凯科技,49.22,47.86,49.69,47.3,2150600.0
20260602,001336,楚环科技,27.47,26.56,27.96,26.4,2236300.0
20260602,001337,四川黄金,48.59,50.55,51.28,47.26,10048200.0
20260602,001338,永顺泰,11.54,11.17,11.6,11.13,6679800.0
20260602,001339,智微智能,102.96,101.1,105.46,98.49,15962000.0
20260602,001356,富岭股份,10.19,9.99,10.2,9.96,2081700.0
20260602,001358,兴欣新材,25.9,25.21,26.08,25.04,1198200.0
20260602,001359,平安电工,91.22,91.64,92.95,88.36,2034700.0
20260602,001360,南矿集团,20.34,19.96,20.46,18.94,6495600.0
20260602,001365,天海电子,46.07,44.5,46.8,43.36,9223100.0
20260602,001366,播恩集团,14.69,14.39,15.09,13.94,10494000.0
20260602,001367,海森药业,20.84,20.17,20.84,20.03,1870200.0
20260602,001368,通达创智,25.66,24.82,25.78,24.52,1885900.0
20260602,001369,双欣材料,14.37,14.43,14.65,14.09,12729200.0
20260602,001373,翔腾新材,38.0,36.68,38.56,36.2,1779500.0
20260602,001376,百通能源,14.47,14.15,14.51,13.9,15152700.0
20260602,001378,德冠新材,20.2,20.27,20.65,19.93,3555600.0
20260602,001379,腾达科技,19.25,18.71,19.29,18.47,2055000.0
20260602,001380,华纬科技,17.63,17.33,17.79,17.23,1392500.0
20260602,001382,新亚电缆,21.1,21.62,21.91,20.65,5790800.0
20260602,001386,马可波罗,16.61,16.24,16.65,16.16,2942900.0
20260602,001387,雪祺电气,12.99,12.58,13.08,12.46,3668900.0
20260602,001388,信通电子,34.25,33.36,34.29,33.06,790900.0
20260602,001389,广合科技,182.09,181.06,186.25,173.0,10055000.0
20260602,001390,古麒绒材,18.19,17.59,18.19,17.52,2220400.0
20260602,001391,国货航,5.24,5.2,5.25,5.19,8419300.0
20260602,001393,维通利,68.56,64.49,69.2,63.51,8066900.0
20260602,001395,亚联机械,36.24,35.78,36.32,35.48,362200.0
20260602,001396,誉帆科技,45.36,44.31,45.67,43.21,2389600.0
20260602,001400,江顺科技,106.27,103.75,107.25,102.07,1612700.0
20260602,001696,宗申动力,14.9,14.6,14.9,14.41,16700300.0
20260602,001872,招商港口,22.23,22.29,22.64,22.05,2311500.0
20260602,001896,豫能控股,17.13,18.25,18.88,16.43,275773300.0
20260602,001914,招商积余,10.01,9.94,10.11,9.9,5275600.0
20260602,001965,招商公路,9.96,9.94,10.06,9.83,11030300.0
20260602,001979,招商蛇口,9.09,8.94,9.18,8.83,59740800.0
20260602,002001,新 和 成,29.85,30.25,30.4,29.84,28164500.0
20260602,002003,伟星股份,9.29,9.39,9.53,9.29,9389400.0
20260602,002004,华邦健康,4.62,4.58,4.65,4.57,18223800.0
20260602,002005,德豪润达,3.0,3.01,3.04,2.97,16961500.0
20260602,002006,精工科技,16.66,15.9,16.75,15.87,12240100.0
20260602,002007,华兰生物,14.03,13.87,14.09,13.84,8718900.0
20260602,002008,大族激光,125.1,127.0,129.76,123.32,36798900.0
20260602,002009,天奇股份,21.78,21.32,22.1,21.15,18585300.0
20260602,002010,传化智联,5.4,5.32,5.42,5.3,27053800.0
20260602,002011,盾安环境,12.41,12.01,12.54,11.99,20555400.0
20260602,002012,凯恩股份,7.5,7.51,7.78,7.34,39217700.0
20260602,002014,永新股份,10.59,10.5,10.7,10.41,5645200.0
20260602,002015,协鑫能科,21.99,23.3,23.76,21.14,156542100.0
20260602,002016,世荣兆业,4.9,4.83,4.93,4.76,12322700.0
20260602,002017,东信和平,16.62,16.26,16.65,16.1,8442900.0
20260602,002019,亿帆医药,10.49,10.33,10.5,10.32,7726500.0
20260602,002020,京新药业,13.4,13.12,13.49,13.03,10208400.0
20260602,002021,中捷资源,2.78,2.74,2.79,2.67,30681000.0
20260602,002022,科华生物,5.61,5.5,5.7,5.44,7691500.0
20260602,002023,海特高新,11.1,10.89,11.1,10.63,18918100.0
20260602,002025,航天电器,62.0,60.75,62.01,58.99,18082700.0
20260602,002026,山东威达,12.22,12.51,12.88,12.18,11002400.0
20260602,002027,分众传媒,5.65,5.55,5.69,5.52,169251300.0
20260602,002028,思源电气,214.19,206.27,214.49,204.0,11738300.0
20260602,002029,七 匹 狼,8.83,8.63,8.85,8.48,15447700.0
20260602,002030,达安基因,6.63,6.29,6.66,6.15,71364200.0
20260602,002031,巨轮智能,6.36,6.25,6.55,6.22,138364500.0
20260602,002032,苏 泊 尔,46.3,46.17,46.95,46.0,3147900.0
20260602,002033,丽江股份,8.7,8.73,8.74,8.62,15504600.0
20260602,002034,旺能环境,19.84,20.0,20.35,19.72,13436600.0
20260602,002035,华帝股份,5.22,5.11,5.24,5.08,15257900.0
20260602,002036,联创电子,9.37,9.21,9.45,9.02,69334700.0
20260602,002037,保利联合,7.49,7.32,7.52,7.25,4832900.0
20260602,002038,双鹭药业,5.89,5.73,5.91,5.71,23659600.0
20260602,002039,黔源电力,22.48,22.55,22.99,21.81,20353500.0
20260602,002040,南 京 港,9.23,9.13,9.27,9.05,7607900.0
20260602,002041,登海种业,8.88,8.69,8.9,8.67,13821200.0
20260602,002042,华孚时尚,4.21,4.04,4.22,3.98,41783400.0
20260602,002043,兔 宝 宝,13.52,12.88,13.77,12.63,18445100.0
20260602,002044,美年健康,5.66,5.5,5.67,5.47,114386200.0
20260602,002045,国光电器,9.49,9.33,9.54,9.25,12215100.0
20260602,002046,国机精工,49.9,51.8,52.46,47.5,20672100.0
20260602,002047,宝鹰股份,4.85,4.82,4.89,4.71,23539600.0
20260602,002048,宁波华翔,25.68,24.92,26.24,24.83,17671900.0
20260602,002049,紫光国微,76.55,76.19,77.66,75.0,31463200.0
20260602,002050,三花智控,45.22,45.17,45.88,44.5,113831700.0
20260602,002051,中工国际,10.96,10.85,11.12,10.73,43915900.0
20260602,002052,同洲电子,9.8,9.59,9.83,9.31,10519100.0
20260602,002053,云南能投,11.85,12.23,12.48,11.78,25041300.0
20260602,002054,德美化工,7.84,7.66,7.89,7.57,9225500.0
20260602,002056,横店东磁,24.33,25.66,26.32,23.42,78314100.0
20260602,002057,中钢天源,9.22,9.26,9.35,8.96,15536600.0
20260602,002058,紫竹高科,25.4,24.93,25.88,24.46,1319200.0
20260602,002059,云南旅游,4.6,4.55,4.62,4.5,7828500.0
20260602,002060,广东建工,3.63,3.57,3.64,3.55,28240700.0
20260602,002061,浙江交科,3.69,3.65,3.7,3.62,18868800.0
20260602,002062,宏润建设,8.98,8.54,9.13,8.31,49331200.0
20260602,002063,远光软件,6.06,5.98,6.07,5.93,25737800.0
20260602,002064,华峰化学,10.24,10.04,10.35,9.91,41346800.0
20260602,002065,东华软件,7.65,7.53,7.66,7.46,31412900.0
20260602,002066,瑞泰科技,22.99,24.5,25.17,22.24,10077500.0
20260602,002067,景兴纸业,5.07,4.97,5.19,4.95,82349200.0
20260602,002068,黑猫股份,10.47,9.89,10.5,9.77,42734600.0
20260602,002069,獐子岛,3.58,3.45,3.59,3.42,10905700.0
20260602,002072,凯瑞德,7.78,8.0,8.45,7.57,23498800.0
20260602,002073,软控股份,5.8,5.7,5.81,5.67,14645300.0
20260602,002074,国轩高科,32.6,32.17,32.69,31.31,30153300.0
20260602,002075,沙钢股份,3.96,3.84,3.98,3.83,31296000.0
20260602,002076,星光股份,2.71,2.76,2.79,2.67,25389600.0
20260602,002077,大港股份,17.14,16.83,17.35,16.73,31221800.0
20260602,002078,太阳纸业,13.95,13.72,14.1,13.66,13107200.0
20260602,002079,苏州固锝,12.19,12.05,12.35,11.89,50498000.0
20260602,002080,中材科技,63.24,65.43,65.73,60.6,68404100.0
20260602,002081,金 螳 螂,7.0,6.85,7.43,6.7,706326900.0
20260602,002083,孚日股份,9.96,9.69,9.97,9.55,26564600.0
20260602,002084,海鸥住工,3.47,3.31,3.51,3.28,18348100.0
20260602,002085,万丰奥威,11.89,11.68,11.95,11.52,29466200.0
20260602,002086,东方海洋,1.92,1.89,1.92,1.87,31414900.0
20260602,002088,鲁阳节能,9.0,8.89,9.04,8.79,2408800.0
20260602,002090,金智科技,10.7,10.59,10.79,10.4,7958800.0
20260602,002091,江苏国泰,9.0,9.0,9.07,8.93,14103900.0
20260602,002092,中泰化学,4.75,4.69,4.77,4.63,46414600.0
20260602,002093,国脉科技,7.5,7.33,7.53,7.3,9888500.0
20260602,002094,青岛金王,5.37,5.3,5.38,5.15,20712500.0
20260602,002095,生 意 宝,14.58,14.28,14.66,14.09,2402000.0
20260602,002096,易普力,10.98,11.52,11.89,10.98,37168500.0
20260602,002097,山河智能,8.66,8.41,8.7,8.35,16489800.0
20260602,002098,浔兴股份,7.71,7.47,7.75,7.41,4150100.0
20260602,002099,海翔药业,6.15,5.97,6.35,5.94,61820000.0
20260602,002100,天康生物,6.65,6.38,6.66,6.33,24058900.0
20260602,002101,广东鸿图,9.13,9.07,9.41,9.01,8549700.0
20260602,002103,广博股份,7.27,6.97,7.27,6.93,8260300.0
20260602,002104,恒宝股份,12.17,11.82,12.26,11.68,21942800.0
20260602,002105,信隆健康,6.21,5.85,6.21,5.78,9186300.0
20260602,002106,莱宝高科,11.95,12.09,12.3,11.83,30503100.0
20260602,002107,沃华医药,6.57,6.38,6.58,6.36,8194600.0
20260602,002108,沧州明珠,5.01,4.89,5.03,4.86,42005700.0
20260602,002110,三钢闽光,3.24,3.16,3.25,3.15,25767700.0
20260602,002111,威海广泰,10.36,10.15,10.43,10.08,7952500.0
20260602,002112,三变科技,18.8,18.16,18.88,17.63,17074000.0
20260602,002114,罗平锌电,8.03,7.97,8.06,7.7,9068300.0
20260602,002115,三维通信,12.25,12.08,12.28,11.72,31193400.0
20260602,002116,中国海诚,9.26,9.1,9.28,9.04,3045400.0
20260602,002117,东港股份,9.55,9.24,9.64,9.21,9511900.0
20260602,002119,康强电子,21.82,21.93,22.44,21.3,30163100.0
20260602,002120,韵达股份,6.96,6.87,7.02,6.86,34965100.0
20260602,002121,科陆电子,7.84,7.41,7.84,7.17,73983400.0
20260602,002123,梦网科技,8.58,8.32,8.6,8.26,14799300.0
20260602,002124,天邦食品,2.62,2.51,2.62,2.5,102722300.0
20260602,002125,湘潭电化,14.94,15.14,15.39,14.76,39111500.0
20260602,002126,银轮股份,49.91,50.19,51.64,49.59,20245000.0
20260602,002127,南极电商,3.17,3.04,3.18,3.02,42836000.0
20260602,002128,电投能源,31.8,31.4,32.1,30.76,29710600.0
20260602,002129,TCL中环,9.56,9.12,9.62,8.91,193191000.0
20260602,002130,沃尔核材,22.0,21.46,22.01,21.0,53571300.0
20260602,002131,利欧股份,6.09,5.8,6.09,5.67,362544200.0
20260602,002132,恒星科技,4.83,4.85,4.86,4.6,49737700.0
20260602,002133,广宇集团,2.98,2.89,3.02,2.87,22181700.0
20260602,002134,天津普林,28.0,27.78,28.46,26.85,11825800.0
20260602,002135,东南网架,7.3,7.36,7.42,7.12,22178800.0
20260602,002136,安 纳 达,13.47,13.31,13.57,12.95,5319400.0
20260602,002137,实益达,8.55,9.45,9.45,8.49,47030900.0
20260602,002138,顺络电子,46.0,48.85,49.82,45.91,55181400.0
20260602,002139,拓邦股份,10.57,10.36,10.63,10.34,16679300.0
20260602,002140,东华科技,10.57,10.33,10.59,10.24,6436700.0
20260602,002141,贤丰控股,3.35,3.27,3.37,3.23,17470700.0
20260602,002142,宁波银行,31.48,31.6,31.75,31.09,29446500.0
20260602,002144,宏达高科,12.33,11.83,12.47,11.78,4444200.0
20260602,002145,钛能化学,4.43,4.37,4.46,4.34,35759500.0
20260602,002146,荣盛发展,1.31,1.31,1.34,1.28,113096100.0
20260602,002148,北纬科技,6.78,6.62,6.84,6.58,9993000.0
20260602,002149,西部材料,57.0,58.7,58.99,54.51,51469100.0
20260602,002150,正泰电源,31.39,31.3,32.74,30.86,17777600.0
20260602,002151,北斗星通,34.11,33.68,34.4,32.82,13604100.0
20260602,002152,广电运通,10.51,10.31,10.52,10.2,19071100.0
20260602,002153,石基信息,8.49,8.41,8.66,8.3,22449800.0
20260602,002154,报 喜 鸟,4.18,4.15,4.21,4.1,27667000.0
20260602,002155,湖南黄金,24.51,25.64,25.86,23.98,51954800.0
20260602,002156,通富微电,61.39,63.84,64.69,59.4,162998100.0
20260602,002157,正邦科技,3.12,3.11,3.13,3.05,147588300.0
20260602,002158,汉钟精机,28.81,29.01,29.6,27.81,11814200.0
20260602,002159,三特索道,15.21,14.82,15.21,14.69,3351400.0
20260602,002160,常铝股份,4.61,4.63,4.64,4.53,18096500.0
20260602,002161,远 望 谷,6.32,6.1,6.37,6.03,15320100.0
20260602,002162,悦心健康,3.94,3.86,3.96,3.81,11612700.0
20260602,002163,海南发展,10.25,10.0,10.34,9.83,22656600.0
20260602,002164,宁波东力,12.78,12.71,13.05,12.63,10354700.0
20260602,002165,红 宝 丽,6.98,6.79,6.98,6.61,34451000.0
20260602,002166,莱茵生物,8.28,8.1,8.29,8.04,6754000.0
20260602,002167,东方锆业,13.04,13.39,13.52,12.8,41927800.0
20260602,002169,智光电气,16.49,15.69,16.65,15.42,41091000.0
20260602,002170,芭田股份,12.13,11.85,12.14,11.82,17134200.0
20260602,002171,楚江新材,11.75,11.97,12.04,11.59,59795300.0
20260602,002172,澳洋健康,3.41,3.31,3.43,3.29,14998300.0
20260602,002173,创新医疗,16.33,17.79,17.8,16.33,52092500.0
20260602,002174,游族网络,11.23,10.84,11.29,10.72,34617900.0
20260602,002176,江特电机,11.6,11.24,11.68,11.01,77342200.0
20260602,002177,御银股份,6.97,6.66,6.98,6.59,33576300.0
20260602,002178,延华智能,5.81,5.61,5.82,5.56,18465700.0
20260602,002179,中航光电,35.9,35.63,36.04,34.79,34610600.0
20260602,002180,奔图科技,15.58,15.95,16.78,15.58,34587700.0
20260602,002181,粤 传 媒,17.95,16.34,17.98,16.34,57004800.0
20260602,002182,宝武镁业,14.18,14.36,14.51,13.8,21797200.0
20260602,002183,怡 亚 通,6.15,6.14,6.22,5.97,102565500.0
20260602,002184,海得控制,11.99,11.71,12.28,11.45,13721600.0
20260602,002185,华天科技,18.25,18.33,18.65,17.51,554840900.0
20260602,002186,全 聚 德,9.82,9.62,9.84,9.56,3378200.0
20260602,002187,广百股份,5.8,5.76,5.84,5.62,21888400.0
20260602,002188,中天服务,6.22,5.96,6.32,5.95,13638100.0
20260602,002189,中光学,21.06,20.81,21.23,20.43,3315400.0
20260602,002190,成飞集成,27.8,27.1,27.83,26.83,3687600.0
20260602,002191,劲嘉股份,3.77,3.74,3.79,3.66,16281100.0
20260602,002192,融捷股份,81.05,80.34,81.79,77.4,17919100.0
20260602,002194,武汉凡谷,10.99,11.51,12.09,10.88,60175800.0
20260602,002195,岩山科技,7.71,7.65,7.79,7.43,124105600.0
20260602,002196,方正电机,13.74,13.77,14.22,13.63,37957300.0
20260602,002197,证通电子,6.85,6.81,6.88,6.57,20764900.0
20260602,002199,东晶电子,14.5,14.1,14.78,13.86,5490800.0
20260602,002201,九鼎新材,11.0,10.86,11.0,10.46,18669900.0
20260602,002202,金风科技,23.23,23.24,23.39,22.36,114713500.0
20260602,002203,海亮股份,20.19,19.59,20.39,19.21,41589700.0
20260602,002204,大连重工,6.09,5.94,6.09,5.93,23003800.0
20260602,002205,国统股份,13.09,12.8,13.29,12.4,3789900.0
20260602,002206,海 利 得,5.54,5.51,5.64,5.48,27002000.0
20260602,002208,合肥城建,17.26,16.7,17.48,16.43,57658200.0
20260602,002209,达 意 隆,12.66,12.53,12.83,12.26,5663300.0
20260602,002210,飞马国际,2.8,2.76,2.86,2.72,107052600.0
20260602,002212,天融信,6.84,6.72,6.86,6.63,19030600.0
20260602,002213,大为股份,32.97,34.38,34.77,31.67,18385400.0
20260602,002214,大立科技,13.42,14.84,14.84,13.42,24504100.0
20260602,002215,诺 普 信,9.21,9.07,9.3,9.05,14542300.0
20260602,002216,三全食品,13.6,13.08,13.67,13.01,8984100.0
20260602,002218,拓日新能,4.56,4.54,4.57,4.36,49663200.0
20260602,002219,新里程,2.17,2.13,2.18,2.12,49741000.0
20260602,002221,东华能源,6.81,6.53,6.81,6.48,16289500.0
20260602,002222,福晶科技,92.98,93.65,95.05,89.26,30821400.0
20260602,002223,鱼跃医疗,26.6,26.84,27.03,26.43,9185100.0
20260602,002224,三 力 士,3.84,3.77,3.84,3.71,11292900.0
20260602,002225,濮耐股份,3.8,3.75,3.83,3.66,31141200.0
20260602,002226,江南化工,5.16,5.09,5.17,5.08,20382500.0
20260602,002228,合兴包装,3.46,3.4,3.47,3.38,18171600.0
20260602,002229,鸿博股份,14.4,14.0,14.65,13.6,57623600.0
20260602,002230,科大讯飞,49.31,48.26,49.45,47.88,53732400.0
20260602,002232,启明信息,15.81,15.57,15.9,15.42,3458300.0
20260602,002233,塔牌集团,8.21,8.13,8.32,8.11,7572100.0
20260602,002234,民和股份,7.82,7.55,7.95,7.5,11974600.0
20260602,002235,安妮股份,11.0,10.26,11.01,9.91,100651500.0
20260602,002236,大华股份,16.9,16.9,17.04,16.55,32061700.0
20260602,002237,恒邦股份,13.56,13.83,13.9,13.32,18363000.0
20260602,002238,天威视讯,6.75,6.49,6.76,6.45,7519000.0
20260602,002239,奥特佳,2.69,2.67,2.71,2.67,38459300.0
20260602,002240,盛新锂能,43.83,43.16,43.98,41.6,41338700.0
20260602,002241,歌尔股份,26.31,26.7,27.1,25.98,149089600.0
20260602,002242,九阳股份,9.15,9.0,9.15,8.86,10339300.0
20260602,002243,力合科创,8.9,9.0,9.1,8.76,30576000.0
20260602,002244,滨江集团,10.54,10.07,10.67,10.06,35664800.0
20260602,002245,蔚蓝锂芯,20.21,20.57,20.67,19.5,130900500.0
20260602,002246,北化股份,20.69,20.46,20.71,19.85,12311600.0
20260602,002247,聚力文化,2.66,2.55,2.68,2.54,31409300.0
20260602,002248,华东数控,10.23,10.04,10.29,9.83,9124300.0
20260602,002249,大洋电机,8.65,8.52,8.72,8.5,30626300.0
20260602,002250,联化科技,14.51,14.2,14.68,14.06,11088500.0
20260602,002251,步步高,4.85,4.88,4.99,4.68,367719800.0
20260602,002252,上海莱士,5.28,5.25,5.33,5.24,26603100.0
20260602,002253,川大智胜,11.99,12.0,12.06,11.83,3344100.0
20260602,002254,泰和新材,13.48,13.45,13.6,12.97,25297900.0
20260602,002255,海陆重工,9.84,9.62,9.84,9.35,20033200.0
20260602,002256,兆新股份,4.64,4.61,4.65,4.47,113429400.0
20260602,002258,利尔化学,12.63,12.7,12.84,12.41,14740700.0
20260602,002259,升达林业,4.91,4.89,4.93,4.69,15512700.0
20260602,002261,拓维信息,30.5,30.04,30.59,29.47,40645400.0
20260602,002262,恩华药业,20.62,20.26,20.63,20.25,8616700.0
20260602,002263,大东南,3.83,3.83,3.86,3.66,114897400.0
20260602,002264,新 华 都,7.03,6.93,7.12,6.8,19714000.0
20260602,002265,建设工业,20.5,20.04,20.56,19.7,7141800.0
20260602,002266,浙富控股,5.08,5.07,5.13,4.98,78808900.0
20260602,002267,陕天然气,7.68,7.58,7.69,7.56,7192700.0
20260602,002268,电科网安,14.48,14.11,14.53,14.07,8488200.0
20260602,002269,美邦服饰,1.59,1.57,1.6,1.55,56859700.0
20260602,002270,华明装备,21.68,21.2,21.87,20.84,18313300.0
20260602,002271,东方雨虹,13.81,13.37,13.88,13.23,44205800.0
20260602,002272,川润股份,19.81,19.92,20.47,19.14,45355400.0
20260602,002273,水晶光电,36.9,37.27,38.06,35.5,73685400.0
,002274,华昌化工,5.74,5.74,5.8,5.6,10715100.0
20260602,002275,桂林三金,13.67,13.57,13.74,13.55,1999600.0
20260602,002276,万马股份,11.96,11.76,12.05,11.61,16736300.0
20260602,002277,友阿股份,6.65,6.51,6.68,6.42,33238300.0
20260602,002278,神开股份,9.08,8.93,9.15,8.82,8684100.0
20260602,002279,久其软件,7.54,7.17,7.68,7.12,75621900.0
20260602,002281,光迅科技,201.0,215.11,217.66,198.0,72263400.0
20260602,002282,博深股份,6.4,6.26,6.44,6.24,4432000.0
20260602,002283,天润工业,11.0,11.02,11.22,10.67,24901300.0
20260602,002284,亚太股份,11.5,11.47,11.61,11.28,12832200.0
20260602,002285,世联行,2.64,2.59,2.67,2.57,40756500.0
20260602,002286,保龄宝,9.2,9.23,9.3,9.12,7956000.0
20260602,002287,奇正藏药,21.27,21.14,21.5,21.11,1495300.0
20260602,002289,宇顺电子,42.2,41.7,42.87,41.57,3377500.0
20260602,002290,禾盛新材,88.28,89.84,90.6,86.66,10606500.0
20260602,002291,遥望科技,6.06,5.87,6.07,5.81,31509900.0
20260602,002292,奥飞娱乐,7.79,7.42,7.84,7.38,52770700.0
20260602,002293,罗莱生活,9.96,9.9,10.18,9.77,6049000.0
20260602,002294,信立泰,33.12,32.99,33.47,32.51,13286900.0
20260602,002295,精艺股份,10.35,10.26,10.55,10.08,4207000.0
20260602,002296,辉煌科技,10.2,10.18,10.24,10.02,5513600.0
20260602,002297,博云新材,19.99,19.95,20.16,19.37,74278800.0
20260602,002298,中电鑫龙,9.42,9.11,9.45,8.96,31728000.0
20260602,002299,圣农发展,17.59,17.14,17.66,17.03,9708100.0
20260602,002300,太阳电缆,8.63,8.5,8.69,8.28,20857000.0
20260602,002301,齐心集团,7.83,7.87,7.98,7.63,17564800.0
20260602,002302,西部建设,5.27,5.12,5.27,5.12,6373600.0
20260602,002303,美盈森,3.36,3.32,3.37,3.3,13245800.0
20260602,002304,洋河股份,45.49,44.69,45.82,44.69,6034800.0
20260602,002307,北新路桥,3.94,3.85,3.95,3.82,11320000.0
20260602,002309,中利集团,3.6,3.51,3.6,3.4,157765300.0
20260602,002310,东方新能,2.95,2.86,2.95,2.86,139339100.0
20260602,002311,海大集团,48.4,47.2,48.5,46.3,10823700.0
20260602,002312,川发龙蟒,9.18,8.94,9.18,8.86,22870900.0
20260602,002313,日海智能,9.24,9.11,9.24,8.85,7125600.0
20260602,002314,南山控股,2.37,2.62,2.62,2.37,101258600.0
20260602,002315,焦点科技,28.62,28.48,29.82,28.36,12484500.0
20260602,002316,亚联发展,5.22,5.07,5.26,4.97,17264300.0
20260602,002317,众生药业,22.93,22.93,23.65,22.03,34411700.0
20260602,002318,久立特材,23.6,22.66,23.66,22.45,15717600.0
20260602,002319,乐通股份,11.76,12.24,12.24,11.44,14622900.0
20260602,002320,海峡股份,7.69,7.44,7.7,7.43,17097000.0
20260602,002321,华英农业,1.96,1.91,1.97,1.89,30079100.0
20260602,002322,理工能科,11.61,11.6,11.67,11.44,2900800.0
20260602,002324,普利特,12.38,12.25,12.55,12.0,16794000.0
20260602,002326,永太科技,21.28,20.92,21.6,20.73,20082800.0
20260602,002327,富安娜,7.12,7.17,7.23,7.05,6642400.0
20260602,002328,新朋股份,10.5,9.76,10.66,9.6,114383800.0
20260602,002329,皇氏集团,4.32,4.28,4.36,4.16,24507900.0
20260602,002330,得利斯,4.22,4.04,4.24,4.02,15783200.0
20260602,002331,皖通科技,8.6,8.74,9.06,8.58,15844900.0
20260602,002332,仙琚制药,8.57,8.52,8.62,8.52,6730000.0
20260602,002333,罗普斯金,5.18,5.07,5.18,5.04,5823800.0
20260602,002334,英威腾,8.54,8.63,8.78,8.27,31514400.0
20260602,002335,科华数据,38.67,40.86,41.96,37.13,48323600.0
20260602,002337,赛象科技,5.35,5.31,5.45,5.27,8608000.0
20260602,002338,奥普光电,54.22,52.56,54.75,52.26,6418900.0
20260602,002339,积成电子,8.72,8.51,8.76,8.29,13589900.0
20260602,002340,格林美,7.75,7.78,7.8,7.52,153007800.0
20260602,002342,巨力索具,11.76,11.18,11.76,10.91,85701200.0
20260602,002343,慈文传媒,5.47,5.18,5.54,5.12,20151000.0
20260602,002344,海宁皮城,4.05,3.97,4.09,3.94,11057100.0
20260602,002345,潮宏基,9.39,9.18,9.48,9.15,16113800.0
20260602,002346,柘中股份,20.49,19.45,20.49,19.38,6773400.0
20260602,002347,泰尔股份,7.09,7.0,7.19,6.82,26508200.0
20260602,002348,高乐股份,14.78,14.91,15.09,14.51,33174500.0
20260602,002349,精华制药,7.06,6.92,7.07,6.91,8090700.0
20260602,002350,北京科锐,15.8,15.21,15.82,14.66,23800700.0
20260602,002351,漫步者,11.37,11.37,11.56,11.32,17958300.0
20260602,002352,顺丰控股,35.13,34.9,35.21,34.87,13136300.0
20260602,002353,杰瑞股份,147.7,148.09,150.74,142.66,19559100.0
20260602,002354,天娱数科,7.49,6.7,7.5,6.7,269290700.0
20260602,002355,兴民智通,5.57,5.37,5.58,5.27,18235600.0
20260602,002356,鹏飞绿能,3.58,3.29,3.58,3.29,113951700.0
20260602,002357,富临运业,10.51,10.28,10.52,10.04,6731200.0
20260602,002358,森源电气,6.53,6.41,6.55,6.24,22461900.0
20260602,002361,神剑股份,15.12,15.07,15.28,14.47,75433400.0
20260602,002362,汉王科技,16.86,16.6,16.96,16.37,3461600.0
20260602,002363,隆基机械,7.28,7.17,7.35,7.09,6440600.0
20260602,002364,中恒电气,51.67,52.27,53.5,50.03,43067200.0
20260602,002365,永安药业,12.04,11.82,12.06,11.76,6587500.0
20260602,002366,融发核电,6.78,6.59,6.78,6.55,48059800.0
20260602,002367,康力电梯,5.96,5.8,5.99,5.77,12440200.0
20260602,002368,太极股份,15.85,15.81,15.95,15.38,9575800.0
20260602,002369,卓翼科技,6.54,6.52,6.6,6.38,13301700.0
20260602,002370,亚太药业,5.96,5.91,6.03,5.86,17635800.0
20260602,002371,北方华创,586.1,602.8,615.79,584.19,12630600.0
20260602,002372,伟星新材,10.05,9.9,10.11,9.89,8312900.0
20260602,002373,千方科技,8.16,7.9,8.18,7.89,31399300.0
20260602,002374,中锐股份,3.5,3.39,3.52,3.3,31779700.0
20260602,002375,亚厦股份,4.39,4.26,4.46,4.24,28258100.0
20260602,002376,新北洋,6.7,6.55,6.7,6.52,10249100.0
20260602,002377,国创高新,3.02,2.91,3.04,2.89,30390400.0
20260602,002378,章源钨业,29.07,29.47,29.59,27.69,58457100.0
20260602,002379,宏桥控股,21.31,21.05,21.41,20.61,22146800.0
20260602,002380,科远智慧,39.37,39.3,40.12,37.89,8638300.0
20260602,002381,双箭股份,6.05,5.84,6.06,5.81,5545300.0
20260602,002382,蓝帆医疗,6.4,6.43,6.55,6.33,17727900.0
20260602,002383,合众思壮,7.87,7.72,7.93,7.58,11711900.0
20260602,002384,东山精密,200.0,210.93,210.93,196.9,108148100.0
20260602,002385,大北农,3.41,3.35,3.42,3.33,54298000.0
20260602,002386,天原股份,5.93,5.9,5.93,5.77,16276900.0
20260602,002387,维信诺,8.1,8.13,8.24,7.96,18730200.0
20260602,002388,新亚制程,5.53,5.62,5.65,5.42,61064700.0
20260602,002389,航天彩虹,19.71,19.21,19.71,19.05,17637800.0
20260602,002390,信邦制药,3.06,3.03,3.09,3.02,18672900.0
20260602,002391,长青股份,5.79,5.66,5.84,5.62,9352600.0
20260602,002392,北京利尔,8.09,8.0,8.11,7.85,20795700.0
20260602,002393,力生制药,15.05,14.81,15.09,14.71,1945100.0
20260602,002394,联发股份,10.43,10.53,10.74,10.32,6915800.0
20260602,002395,双象股份,14.69,13.73,14.69,13.4,11483200.0
20260602,002396,星网锐捷,21.9,22.68,23.19,21.59,39949900.0
20260602,002397,梦洁股份,4.82,4.66,4.92,4.57,22850400.0
20260602,002398,垒知集团,4.68,4.49,4.68,4.44,14979200.0
20260602,002399,海普瑞,10.01,9.78,10.1,9.77,5346900.0
20260602,002400,省广集团,8.48,8.16,8.49,8.09,101297300.0
20260602,002401,中远海科,13.34,13.07,13.36,12.96,3269200.0
20260602,002402,和而泰,26.5,26.02,26.63,25.48,30601700.0
20260602,002403,爱仕达,10.57,10.44,10.73,10.26,4371400.0
20260602,002404,嘉欣丝绸,7.05,7.4,7.4,7.04,28092500.0
20260602,002405,四维图新,8.65,8.37,8.72,8.28,68696300.0
20260602,002406,远东传动,8.73,8.41,8.78,8.3,65884100.0
20260602,002407,多氟多,34.46,33.1,34.82,32.15,105300500.0
20260602,002408,齐翔腾达,5.21,5.16,5.25,5.11,24684600.0
20260602,002409,雅克科技,104.87,109.63,112.0,103.4,25524900.0
20260602,002410,广联达,10.15,10.1,10.32,10.08,40045400.0
20260602,002412,汉森制药,6.84,6.85,6.9,6.74,10590400.0
20260602,002413,雷科防务,10.48,10.49,10.54,10.02,57461800.0
20260602,002414,高德红外,13.04,12.95,13.14,12.6,62296100.0
20260602,002415,海康威视,30.11,30.75,30.96,30.0,74735600.0
20260602,002416,爱施德,10.57,10.26,10.59,10.21,16339000.0
20260602,002418,康盛股份,4.66,4.56,4.68,4.4,58596500.0
20260602,002419,天虹股份,4.98,4.94,4.99,4.9,12425100.0
20260602,002420,毅昌科技,6.22,6.05,6.25,5.95,12518500.0
20260602,002421,达实智能,4.7,4.97,4.97,4.55,574186700.0
20260602,002422,科伦药业,36.0,35.25,36.5,35.15,17293000.0
20260602,002423,中粮资本,9.35,9.23,9.35,9.18,10319300.0
20260602,002425,凯撒文化,3.17,3.05,3.17,3.01,23679500.0
20260602,002426,胜利精密,3.88,3.71,3.88,3.64,399832300.0
20260602,002427,尤夫股份,4.81,4.68,4.84,4.58,13389300.0
20260602,002428,云南锗业,81.74,86.37,88.14,78.25,107731300.0
20260602,002429,兆驰股份,11.25,11.83,11.88,11.0,104764100.0
20260602,002430,杭氧股份,25.0,24.58,25.07,24.01,11938000.0
20260602,002432,九安医疗,78.38,77.79,80.0,75.29,26300300.0
20260602,002434,万里扬,7.1,7.21,7.29,6.92,23926500.0
20260602,002436,兴森科技,37.23,42.22,42.48,37.01,241029800.0
20260602,002437,誉衡药业,2.98,2.92,2.99,2.9,50028100.0
20260602,002438,江苏神通,16.88,17.3,17.49,16.22,16217300.0
20260602,002439,启明星辰,14.65,14.43,14.93,14.34,25877500.0
20260602,002440,闰土股份,9.47,9.29,9.51,9.12,23241100.0
20260602,002441,众业达,9.69,9.52,9.85,9.47,7728300.0
20260602,002442,龙星科技,5.81,5.63,5.84,5.51,47575200.0
20260602,002443,金洲管道,11.56,11.49,11.74,11.05,32832000.0
20260602,002444,巨星科技,32.33,32.18,32.49,31.6,8674200.0
20260602,002445,中南文化,3.53,3.57,3.6,3.36,142757400.0
20260602,002446,盛路通信,9.5,9.54,9.72,9.29,25256500.0
20260602,002448,中原内配,13.56,13.5,13.67,13.13,13742600.0
20260602,002449,国星光电,8.27,8.33,8.4,8.13,20259200.0
20260602,002451,摩恩电气,8.57,8.36,8.65,8.18,9604100.0
20260602,002452,长高电气,11.74,11.4,11.76,10.92,32256400.0
20260602,002453,华软科技,5.89,5.7,5.91,5.5,17605600.0
20260602,002454,松芝股份,5.88,5.78,5.88,5.69,10667900.0
20260602,002455,百川股份,8.75,8.57,8.78,8.39,25917100.0
20260602,002456,欧菲光,9.41,9.52,9.66,9.24,186202500.0
20260602,002457,青龙管业,12.39,11.96,12.5,11.84,38599300.0
20260602,002458,益生股份,8.35,8.34,8.48,8.14,21230000.0
20260602,002459,晶澳科技,9.07,8.76,9.09,8.69,57366000.0
20260602,002460,赣锋锂业,70.58,68.98,70.6,66.96,49565600.0
20260602,002461,珠江啤酒,10.17,9.99,10.2,9.95,20871100.0
20260602,002462,嘉事堂,14.0,13.85,14.25,13.8,7825100.0
20260602,002463,沪电股份,124.0,131.0,131.99,119.2,84681600.0
20260602,002465,海格通信,15.67,16.05,16.08,14.96,114109900.0
20260602,002466,天齐锂业,62.07,61.29,62.33,59.28,54812500.0
20260602,002467,二六三,5.64,5.61,5.66,5.37,48115800.0
20260602,002468,申通快递,15.2,14.76,15.24,14.62,25160100.0
20260602,002469,三维化学,6.51,6.44,6.59,6.4,7077900.0
20260602,002470,金正大,2.33,2.27,2.33,2.23,81713500.0
20260602,002471,中超控股,7.01,7.05,7.08,6.61,72747200.0
20260602,002472,双环传动,39.47,39.98,41.11,39.31,31841700.0
20260602,002474,榕基软件,7.27,7.03,7.39,6.98,38050200.0
20260602,002475,立讯精密,70.01,74.0,74.83,68.15,232560700.0
20260602,002476,新叶股份,5.35,5.26,5.38,5.2,9189100.0
20260602,002478,常宝股份,7.45,7.16,7.48,7.09,25246700.0
20260602,002479,富春环保,5.53,5.5,5.54,5.4,21961100.0
20260602,002480,新筑股份,6.07,6.12,6.14,5.98,9646100.0
20260602,002481,双塔食品,4.3,4.18,4.3,4.16,11229700.0
20260602,002482,广田集团,1.54,1.53,1.55,1.5,59726300.0
20260602,002483,润邦股份,5.94,5.94,5.96,5.83,10771100.0
20260602,002484,江海股份,77.28,83.46,86.1,76.3,68507400.0
20260602,002486,嘉麟杰,2.59,2.49,2.6,2.46,30154900.0
20260602,002487,大金重工,72.5,71.45,73.16,70.81,11440100.0
20260602,002488,金固股份,10.12,10.13,10.29,9.83,20630800.0
20260602,002489,浙江永强,3.99,3.96,4.04,3.76,82083500.0
20260602,002490,山东墨龙,8.19,7.81,8.24,7.77,28985900.0
20260602,002491,通鼎互联,22.52,25.09,25.2,22.52,242099100.0
20260602,002492,恒基达鑫,6.53,6.18,6.54,6.09,10324600.0
20260602,002493,荣盛石化,11.48,11.55,11.62,11.22,45442400.0
20260602,002494,华斯股份,5.59,5.34,5.65,5.29,16038900.0
20260602,002495,佳隆股份,2.53,2.43,2.53,2.41,29763000.0
20260602,002496,辉丰股份,2.59,2.58,2.63,2.55,14985500.0
20260602,002497,雅化集团,23.22,22.57,23.35,22.19,32715500.0
20260602,002498,汉缆股份,8.12,7.97,8.19,7.67,104156800.0
20260602,002500,山西证券,5.23,5.18,5.24,5.15,24755900.0
20260602,002506,协鑫集成,3.46,3.41,3.47,3.28,292426600.0
20260602,002507,涪陵榨菜,11.89,11.74,11.97,11.71,8946700.0
20260602,002508,老板电器,17.3,17.33,17.45,17.1,5984900.0
20260602,002510,天汽模,6.48,6.54,6.58,6.36,19674200.0
20260602,002511,中顺洁柔,7.44,7.37,7.53,7.34,11272100.0
20260602,002513,蓝丰生化,6.01,5.79,6.01,5.71,9656500.0
20260602,002515,金字火腿,6.22,6.85,6.85,6.04,98181200.0
20260602,002516,旷达科技,6.1,6.03,6.15,5.97,19184900.0
20260602,002517,恺英网络,16.12,15.62,16.3,15.49,52876100.0
20260602,002518,科士达,52.19,51.95,52.99,50.02,12950900.0
20260602,002519,银河电子,6.66,6.58,6.69,6.33,35194100.0
20260602,002520,日发精机,5.89,5.76,5.98,5.7,21731300.0
20260602,002521,齐峰新材,7.65,7.77,7.85,7.54,5184300.0
20260602,002522,浙江众成,6.31,6.42,6.5,6.26,32778900.0
20260602,002523,天桥起重,3.5,3.5,3.52,3.42,16340900.0
20260602,002524,光正眼科,3.99,3.88,4.04,3.84,15179100.0
20260602,002526,山东矿机,3.13,3.12,3.15,3.1,20774000.0
20260602,002527,新时达,15.08,14.64,15.5,14.57,49093000.0
20260602,002529,海源复材,8.13,8.21,8.3,8.05,3413000.0
20260602,002530,金财互联,7.84,7.64,7.9,7.58,11366300.0
20260602,002531,天顺风能,10.61,10.55,10.71,10.17,50729200.0
20260602,002532,天山铝业,14.98,15.39,15.5,14.84,89420900.0
20260602,002533,金杯电工,12.61,12.48,12.69,12.2,13872000.0
20260602,002534,西子洁能,20.16,19.92,20.29,19.4,16722600.0
20260602,002535,林州重机,2.76,2.71,2.82,2.6,56235300.0
20260602,002536,飞龙股份,38.76,40.45,40.58,37.38,41651700.0
20260602,002537,海联金汇,6.44,6.31,6.46,6.25,16898800.0
20260602,002539,云图控股,12.6,12.49,12.7,12.23,15736300.0
20260602,002540,亚太科技,5.62,5.58,5.63,5.51,8631500.0
20260602,002541,鸿路钢构,18.65,18.97,19.1,18.57,7374000.0
20260602,002543,万和电气,7.6,7.48,7.68,7.48,3469400.0
20260602,002544,普天科技,21.3,20.98,21.47,20.66,11332200.0
20260602,002545,东方铁塔,22.1,21.83,22.63,21.22,18658800.0
20260602,002546,新联电子,7.64,7.42,7.64,7.31,15630400.0
20260602,002548,金新农,4.21,4.07,4.22,3.98,21529900.0
20260602,002549,凯美特气,15.3,15.46,15.55,14.85,18982700.0
20260602,002550,千红制药,6.31,6.2,6.34,6.2,10087100.0
20260602,002551,尚荣医疗,3.21,3.11,3.21,3.09,14977300.0
20260602,002552,宝鼎科技,57.78,60.78,62.98,57.0,35193200.0
20260602,002553,南方精工,18.49,18.3,18.66,18.01,5251200.0
20260602,002554,惠博普,3.24,3.13,3.25,3.1,21415200.0
20260602,002555,三七互娱,19.85,19.57,19.85,19.36,26508800.0
20260602,002556,辉隆股份,5.35,5.25,5.37,5.22,9173700.0
20260602,002557,洽洽食品,22.57,22.5,22.77,22.38,8352800.0
20260602,002558,巨人网络,26.35,25.63,26.4,25.36,40029500.0
20260602,002559,亚威股份,10.0,10.09,10.52,9.59,66948800.0
20260602,002560,通达股份,9.18,8.93,9.19,8.6,57385100.0
20260602,002561,徐家汇,7.48,7.37,7.58,7.31,6482800.0
20260602,002562,兄弟科技,5.2,5.1,5.2,5.02,17113300.0
20260602,002563,森马服饰,5.63,5.54,5.67,5.49,14525800.0
20260602,002564,天沃科技,5.28,5.13,5.3,5.06,11872100.0
20260602,002565,顺灏股份,14.8,14.38,15.1,14.06,64018800.0
20260602,002566,益盛药业,7.27,7.03,7.34,7.01,6202100.0
20260602,002567,唐人神,3.71,3.65,3.72,3.63,14736100.0
20260602,002568,百润股份,19.85,19.88,20.69,19.53,35449000.0
20260602,002570,贝因美,5.02,5.11,5.24,4.95,53224000.0
20260602,002571,德力股份,12.0,12.0,12.29,11.65,10322300.0
20260602,002572,索菲亚,9.42,9.13,9.46,9.06,10824400.0
20260602,002573,清新环境,3.51,3.45,3.52,3.43,7949600.0
20260602,002574,明牌珠宝,5.11,5.01,5.15,4.95,8035800.0
20260602,002575,群兴玩具,5.67,6.23,6.23,5.44,83057900.0
20260602,002576,通达动力,16.96,16.41,17.13,16.18,6512200.0
20260602,002577,雷柏科技,18.36,18.15,18.47,18.02,3626300.0
20260602,002578,闽发铝业,4.22,4.18,4.28,4.13,35645500.0
20260602,002579,中京电子,19.16,20.76,20.76,18.88,154102800.0
20260602,002580,圣阳股份,28.0,26.96,28.49,26.0,159454500.0
20260602,002582,好想你,10.34,10.06,10.38,9.97,18623300.0
20260602,002583,海能达,8.43,8.27,8.47,8.2,20618400.0
20260602,002584,西陇科学,7.56,7.43,7.58,7.41,16267200.0
20260602,002585,双星新材,10.4,11.22,11.35,10.2,184454000.0
20260602,002586,围海股份,4.33,4.28,4.33,4.26,3622300.0
20260602,002587,奥拓电子,6.84,6.74,6.92,6.7,19212600.0
20260602,002588,史丹利,9.31,9.16,9.34,9.11,10071500.0
20260602,002589,瑞康医药,2.93,2.92,2.95,2.89,22564200.0
20260602,002590,万安科技,11.56,11.54,11.66,11.29,8243000.0
20260602,002591,恒大高新,7.89,7.74,7.95,7.64,12135200.0
20260602,002593,日上集团,4.85,4.74,4.88,4.71,14703200.0
20260602,002594,比亚迪,96.0,96.76,96.88,94.31,55496400.0
20260602,002595,豪迈科技,52.61,53.09,53.68,51.31,5579200.0
20260602,002596,海南瑞泽,3.77,3.68,3.77,3.64,20101200.0
20260602,002597,金禾实业,21.01,20.78,21.34,20.77,5076800.0
20260602,002599,盛通股份,6.47,6.39,6.55,6.28,12235400.0
20260602,002600,领益智造,14.91,14.67,14.97,14.42,148528600.0
20260602,002601,龙佰集团,14.55,14.35,14.59,14.0,19170200.0
20260602,002602,世纪华通,15.33,14.98,15.35,14.77,96537400.0
20260602,002603,以岭药业,15.97,15.77,16.05,15.77,11404100.0
20260602,002605,姚记科技,19.6,19.3,19.6,19.2,5894200.0
20260602,002606,大连电瓷,16.9,16.61,17.0,16.1,57511200.0
20260602,002607,中公教育,2.43,2.36,2.43,2.35,122315400.0
20260602,002608,江苏国信,10.09,10.42,10.82,9.72,220476000.0
20260602,002609,捷顺科技,8.14,7.98,8.14,7.95,7282500.0
20260602,002611,东方精工,16.97,17.3,17.87,16.57,60070900.0
20260602,002612,朗姿股份,13.57,13.33,13.63,13.3,4246100.0
20260602,002613,北玻股份,4.83,4.78,4.87,4.67,157948800.0
20260602,002614,奥佳华,5.29,5.22,5.32,5.16,7110900.0
20260602,002615,哈尔斯,7.92,7.57,7.92,7.46,11443100.0
20260602,002616,长青集团,5.88,5.87,5.89,5.75,19762800.0
20260602,002617,露笑科技,9.17,9.09,9.27,8.88,156216800.0
20260602,002622,皓宸医疗,2.66,2.59,2.68,2.57,27556300.0
20260602,002623,亚玛顿,18.92,18.5,19.01,18.12,4481500.0
20260602,002624,完美世界,13.85,13.32,13.95,13.13,81934300.0
20260602,002625,光启技术,38.58,38.33,38.85,37.58,26595300.0
20260602,002626,金达威,15.34,15.08,15.34,15.04,3051800.0
20260602,002627,三峡旅游,7.24,7.09,7.32,6.98,21155700.0
20260602,002628,成都路桥,5.09,5.03,5.12,4.93,14964300.0
20260602,002629,仁智股份,5.82,5.51,5.83,5.37,36617700.0
20260602,002631,德尔未来,7.01,6.97,7.06,6.88,13238300.0
20260602,002632,道明光学,10.37,10.38,10.6,10.29,12423100.0
20260602,002633,申科股份,17.87,17.16,18.16,17.0,2814800.0
20260602,002635,安洁科技,16.98,17.42,17.9,16.82,32366800.0
20260602,002636,金安国纪,49.59,50.63,51.31,46.8,51299500.0
20260602,002637,赞宇科技,12.31,12.74,12.98,12.16,55757200.0
20260602,002638,勤上股份,4.54,4.41,4.57,4.33,41333800.0
20260602,002639,雪人集团,16.26,15.73,16.38,15.1,65514600.0
20260602,002640,跨境通,3.85,3.73,3.85,3.68,107102500.0
20260602,002641,公元股份,4.25,4.22,4.28,4.17,17698500.0
20260602,002642,荣联科技,8.72,8.26,8.78,8.25,26365100.0
20260602,002643,万润股份,14.53,14.29,14.61,14.14,20021100.0
20260602,002644,佛慈制药,7.83,7.75,7.89,7.7,4100600.0
20260602,002645,华宏科技,28.6,30.15,30.88,27.79,35115400.0
20260602,002646,天佑德酒,7.79,7.64,7.83,7.6,6252800.0
20260602,002647,仁东控股,13.0,12.91,13.19,12.37,53600800.0
20260602,002648,卫星化学,24.05,23.64,24.14,23.51,32895000.0
20260602,002649,博彦科技,9.86,10.01,10.08,9.62,14277700.0
20260602,002651,利君股份,8.42,8.24,8.45,8.18,5089600.0
20260602,002652,扬子新材,5.58,5.24,5.58,5.15,30033200.0
20260602,002653,海思科,51.14,50.29,51.45,48.8,6655000.0
20260602,002654,万润科技,15.14,14.88,15.28,14.5,51353000.0
20260602,002655,共达电声,37.96,37.58,38.96,35.1,40420400.0
20260602,002656,摩登大道,3.49,3.49,3.5,3.43,5298200.0
20260602,002657,中科金财,19.54,18.62,19.59,18.38,22305700.0
20260602,002658,雪迪龙,7.79,7.69,7.81,7.55,7535100.0
20260602,002659,凯文教育,4.59,4.46,4.62,4.41,11055800.0
20260602,002660,茂硕电源,8.0,7.77,8.05,7.65,7758300.0
20260602,002661,克明食品,8.16,7.99,8.23,7.92,4437200.0
20260602,002662,峰璟股份,3.53,3.45,3.55,3.42,16462700.0
20260602,002663,普邦股份,1.98,1.94,1.99,1.91,35795900.0
20260602,002664,信质集团,18.45,18.57,18.82,17.9,8276100.0
20260602,002666,德联集团,4.66,4.52,4.67,4.49,9284800.0
20260602,002668,TCL智家,9.59,9.59,9.72,9.58,12379700.0
20260602,002669,康达新材,15.85,16.3,16.42,15.44,53129100.0
20260602,002670,国盛证券,11.53,11.38,11.55,11.32,11832300.0
20260602,002671,龙泉股份,4.52,4.36,4.55,4.33,16779400.0
20260602,002672,东江环保,3.95,3.84,3.96,3.79,7893200.0
20260602,002673,西部证券,6.67,6.67,6.76,6.6,24835000.0
20260602,002674,兴业科技,14.9,14.53,15.16,14.3,7069000.0
20260602,002675,东诚药业,12.69,12.73,12.84,12.6,6831700.0
20260602,002676,顺威股份,5.52,5.4,5.54,5.35,11937900.0
20260602,002677,浙江美大,7.19,7.25,7.28,6.98,8056900.0
20260602,002678,珠江钢琴,6.1,6.09,6.25,5.96,14968600.0
20260602,002679,福建金森,9.71,9.35,9.71,9.29,4333200.0
20260602,002681,奋达科技,5.5,5.57,5.65,5.44,37464800.0
20260602,002682,龙洲股份,5.27,5.15,5.31,5.05,15327500.0
20260602,002683,广东宏大,31.83,31.7,31.96,30.77,9478400.0
20260602,002685,华东重机,7.76,7.68,7.82,7.44,37694700.0
20260602,002686,亿利达,6.51,6.32,6.52,6.2,10458000.0
20260602,002687,乔治白,4.53,4.42,4.66,4.39,12851100.0
20260602,002688,金河生物,5.53,5.31,5.55,5.28,18705200.0
20260602,002690,美亚光电,15.5,15.48,15.73,15.44,4585600.0
20260602,002692,远程股份,4.73,4.63,4.74,4.54,11511900.0
20260602,002693,双成药业,9.68,9.41,9.83,9.39,19897200.0
20260602,002695,煌上煌,11.46,11.56,11.75,11.2,9254600.0
20260602,002696,百洋股份,6.12,5.86,6.17,5.83,9035300.0
20260602,002697,红旗连锁,4.93,4.85,5.02,4.82,32237000.0
20260602,002698,博实股份,12.61,12.54,12.72,12.45,6485200.0
20260602,002700,万憬能源,7.87,7.94,8.29,7.46,49763200.0
20260602,002701,奥瑞金,5.08,5.04,5.11,5.04,18954800.0
20260602,002702,海欣食品,5.66,5.43,5.69,5.39,23867600.0
20260602,002703,浙江世宝,18.81,18.0,18.87,17.71,43108900.0
20260602,002705,新宝股份,12.9,12.69,12.97,12.66,7728400.0
20260602,002706,良信股份,14.38,13.67,14.53,13.08,98824100.0
20260602,002707,众信旅游,5.81,5.67,5.82,5.62,17639100.0
20260602,002708,光洋股份,13.72,13.39,13.8,13.27,16125500.0
20260602,002709,天赐材料,52.99,52.11,53.28,50.84,66939900.0
20260602,002712,思美传媒,5.4,5.11,5.41,5.07,21521000.0
20260602,002713,东易日盛,11.92,12.32,12.32,11.66,16753800.0
20260602,002714,牧原股份,37.82,36.76,37.94,36.6,54370300.0
20260602,002715,登云股份,16.0,15.9,16.2,15.53,4059900.0
20260602,002716,湖南白银,9.36,9.59,9.62,9.12,104375400.0
20260602,002718,友邦吊顶,91.5,93.96,95.99,88.88,2594200.0
20260602,002721,金一文化,2.74,2.69,2.74,2.65,28975500.0
20260602,002722,物产金轮,14.05,13.67,14.12,13.58,3969200.0
20260602,002723,小崧股份,8.93,9.02,9.13,8.61,14953500.0
20260602,002724,海洋王,5.65,5.54,5.68,5.44,8125800.0
20260602,002725,跃岭股份,14.72,14.68,14.94,14.16,10858800.0
20260602,002727,一心堂,11.88,11.7,11.95,11.69,6194900.0
20260602,002728,特一药业,8.85,8.76,8.91,8.72,7710300.0
20260602,002729,好利科技,20.0,18.91,20.0,18.0,9691800.0
20260602,002730,电光科技,29.55,29.4,29.72,28.28,9582800.0
20260602,002732,燕塘乳业,14.96,14.56,15.05,14.45,1902900.0
20260602,002733,雄韬股份,30.6,30.05,31.04,28.9,26906100.0
20260602,002734,利民股份,16.5,16.69,16.77,16.33,9405800.0
20260602,002735,王子新材,14.4,14.71,14.9,13.92,27023700.0
20260602,002736,国信证券,10.14,10.17,10.2,10.06,23588600.0
20260602,002737,葵花药业,12.98,12.96,13.09,12.86,4551100.0
20260602,002738,中矿资源,61.5,60.0,61.51,58.33,24882900.0
20260602,002739,儒意电影,9.33,9.15,9.38,9.11,31790200.0
20260602,002741,光华科技,27.25,27.15,27.94,26.25,38418100.0
20260602,002742,冀衡医药,4.35,4.24,4.35,4.18,5837200.0
20260602,002743,富煌钢构,4.96,4.75,4.96,4.73,7955300.0
20260602,002745,木林森,10.04,10.26,10.48,10.01,62701300.0
20260602,002746,仙坛股份,6.12,5.94,6.17,5.9,16613500.0
20260602,002747,埃斯顿,27.26,26.96,28.17,26.92,47659700.0
20260602,002748,世龙实业,11.45,11.0,11.45,10.95,4593000.0
20260602,002749,国光股份,9.42,9.42,9.45,9.31,1591800.0
20260602,002752,昇兴股份,6.81,6.64,6.88,6.62,12434500.0
20260602,002753,永东股份,6.67,6.62,6.68,6.52,5297000.0
20260602,002755,奥赛康,14.29,13.68,14.33,13.68,14742200.0
20260602,002756,永兴材料,61.8,60.69,61.86,59.26,11294600.0
20260602,002757,南兴股份,23.96,23.69,24.17,22.68,14181000.0
20260602,002758,浙农股份,8.63,8.46,8.63,8.41,5270700.0
20260602,002760,凤形股份,19.95,19.89,19.95,19.26,6323300.0
20260602,002761,浙江建投,8.04,7.9,8.07,7.85,8805300.0
20260602,002762,金发拉比,9.18,9.0,9.18,8.9,4005800.0
20260602,002763,汇洁股份,8.28,8.18,8.36,7.92,13432100.0
20260602,002765,蓝黛科技,8.38,8.29,8.39,8.21,8675900.0
20260602,002766,索菱股份,5.01,4.84,5.1,4.8,46370400.0
20260602,002767,先锋电子,17.91,17.32,17.92,17.13,2129700.0
20260602,002768,国恩股份,63.0,65.41,65.99,61.2,6201900.0
20260602,002769,普路通,8.14,7.84,8.16,7.75,8739800.0
20260602,002771,真视通,17.29,17.13,17.7,16.96,25273500.0
20260602,002772,众兴菌业,13.68,13.11,13.76,13.04,10332400.0
20260602,002773,康弘药业,21.25,21.33,21.65,20.98,9482800.0
20260602,002774,快意电梯,12.11,11.84,12.18,11.53,4153100.0
20260602,002775,文科股份,4.0,3.98,4.02,3.86,16199900.0
20260602,002777,久远银海,14.59,14.24,14.6,14.2,5063900.0
20260602,002778,中晟高科,19.4,19.16,19.4,18.78,3060300.0
20260602,002779,中坚科技,69.42,68.4,71.0,67.58,2773100.0
20260602,002780,三夫户外,14.51,13.9,14.58,13.75,5866800.0
20260602,002782,可立克,26.67,26.37,27.18,25.7,17958300.0
20260602,002783,凯龙股份,8.32,8.54,8.58,8.21,21243900.0
20260602,002785,万里石,43.58,43.55,44.31,41.49,6615700.0
20260602,002786,银宝山新,8.38,8.15,8.4,8.06,20634700.0
20260602,002787,华源控股,24.67,25.14,25.25,23.75,16707000.0
20260602,002788,鹭燕医药,12.05,11.86,12.06,11.65,14192400.0
20260602,002790,瑞尔特,6.56,6.34,6.6,6.3,5244600.0
20260602,002791,坚朗五金,15.98,15.55,16.1,15.47,4302700.0
20260602,002792,通宇通讯,39.2,39.19,39.7,37.56,26443000.0
20260602,002793,罗欣药业,4.35,4.19,4.37,4.17,19216900.0
20260602,002795,永和智控,8.9,7.98,8.9,7.65,49517600.0
20260602,002796,世嘉科技,46.07,46.0,47.18,45.26,10299500.0
20260602,002797,第一创业,7.0,6.93,7.03,6.9,91974000.0
20260602,002798,帝欧水华,6.42,6.55,6.63,6.33,24122000.0
20260602,002799,环球印务,7.7,7.46,7.77,7.37,5476900.0
20260602,002800,天顺股份,17.48,16.87,17.51,16.7,3343400.0
20260602,002801,微光股份,31.1,31.18,31.6,30.61,1905200.0
20260602,002802,洪汇新材,13.38,12.83,13.38,12.74,3397200.0
20260602,002803,吉宏股份,22.12,22.3,22.47,21.09,13036300.0
20260602,002805,丰元股份,21.11,21.0,21.88,20.3,14929000.0
20260602,002806,华锋股份,17.68,20.33,20.33,17.49,72999300.0
20260602,002807,江阴银行,4.08,4.07,4.15,4.05,37116300.0
20260602,002809,红墙股份,9.18,8.92,9.28,8.83,7074700.0
20260602,002810,山东赫达,23.67,23.13,23.68,23.0,5840800.0
20260602,002811,郑中设计,12.11,11.76,12.19,11.69,4399300.0
20260602,002812,恩捷股份,69.17,67.66,69.62,66.48,24619600.0
20260602,002813,路畅科技,22.88,22.5,22.93,22.1,1225100.0
20260602,002815,崇达技术,16.41,16.49,17.14,16.34,79531200.0
20260602,002817,黄山胶囊,7.16,6.88,7.18,6.83,6652400.0
20260602,002818,富森美,11.42,11.48,11.55,11.33,4959900.0
20260602,002819,东方中科,23.98,23.32,23.99,22.93,2292100.0
20260602,002820,桂发祥,10.46,9.97,10.57,9.96,6738700.0
20260602,002821,凯莱英,115.5,113.91,115.88,111.7,4805300.0
20260602,002823,凯中精密,18.0,18.99,19.0,17.72,34959400.0
20260602,002824,和胜股份,25.83,24.9,25.86,24.5,17256700.0
20260602,002825,纳尔股份,10.5,10.13,10.5,10.03,4332600.0
20260602,002826,易明医药,17.85,16.85,17.85,16.53,6958100.0
20260602,002827,高争民爆,28.46,27.89,28.56,27.29,3341300.0
20260602,002828,贝肯能源,9.94,9.58,10.0,9.53,8275900.0
20260602,002829,星网宇达,23.9,23.29,24.4,23.22,9373400.0
20260602,002830,名雕股份,23.65,22.55,24.0,22.46,6584600.0
20260602,002831,裕同科技,39.3,41.01,41.78,39.11,14053400.0
20260602,002832,比音勒芬,20.39,20.32,20.95,20.04,8999300.0
20260602,002833,弘亚数控,18.71,18.11,18.76,17.65,12523000.0
20260602,002835,同为股份,13.92,13.45,13.96,13.35,3306100.0
20260602,002836,新宏泽,11.28,11.1,11.54,11.06,3163500.0
20260602,002837,英维克,66.3,67.49,68.0,64.4,51480900.0
20260602,002838,道恩股份,32.82,33.35,33.87,32.2,5545700.0
20260602,002839,张家港行,4.34,4.32,4.38,4.31,22214400.0
20260602,002840,华统股份,8.82,8.61,8.87,8.42,23431700.0
20260602,002841,视源股份,37.01,36.58,37.25,36.35,4209200.0
20260602,002842,翔鹭钨业,31.8,32.41,32.68,30.5,34498300.0
20260602,002843,泰嘉股份,22.5,22.55,22.86,21.89,10695900.0
20260602,002845,同兴达,15.46,15.36,15.78,15.2,16483000.0
20260602,002846,英联股份,12.29,12.22,12.37,11.87,7166500.0
20260602,002847,盐津铺子,61.01,59.64,61.5,59.01,4904200.0
20260602,002848,高斯贝尔,17.59,16.0,17.7,15.36,13761500.0
20260602,002849,威星智能,16.79,16.15,16.97,15.82,7355400.0
20260602,002850,科达利,175.63,173.87,177.18,170.0,3917600.0
20260602,002851,麦格米特,140.0,147.95,147.95,140.0,33611800.0
20260602,002852,道道全,8.3,8.05,8.31,7.99,4291600.0
20260602,002853,皮阿诺,24.75,24.49,24.88,24.15,1431200.0
20260602,002855,捷荣技术,11.8,11.66,11.91,11.36,5760200.0
20260602,002857,三晖电气,20.2,19.38,20.73,18.9,5269600.0
20260602,002858,力盛体育,13.6,13.03,13.65,12.63,7687100.0
20260602,002859,洁美科技,72.62,80.4,82.28,70.1,32599200.0
20260602,002860,星帅尔,13.05,12.97,13.1,12.71,7212800.0
20260602,002861,瀛通通讯,18.25,18.06,18.65,17.84,4558500.0
20260602,002862,实丰文化,17.34,16.68,17.81,16.43,10455100.0
20260602,002863,今飞凯达,5.17,5.07,5.22,5.02,11115100.0
20260602,002864,盘龙药业,29.32,29.05,29.79,28.96,1239600.0
20260602,002865,钧达股份,75.09,72.52,76.23,70.98,11111000.0
20260602,002866,传艺科技,20.9,21.9,21.9,20.26,24843900.0
20260602,002867,周大生,12.54,12.3,12.58,12.23,8088200.0
20260602,002868,绿康生化,29.7,28.9,30.13,28.51,2646900.0
20260602,002869,金溢科技,17.98,17.88,18.23,17.64,2627100.0
,002870,香山股份,40.54,40.65,41.25,38.42,5435400.0
20260602,002871,伟隆股份,21.96,22.81,22.87,21.5,14086900.0
20260602,002873,新天药业,8.86,8.55,8.91,8.5,7335000.0
20260602,002875,安奈儿,20.45,19.83,20.45,19.52,5803600.0
20260602,002876,三利谱,27.72,30.4,30.4,27.72,8459800.0
20260602,002877,智能自控,8.26,8.06,8.32,7.93,8154600.0
20260602,002878,元隆雅图,16.31,14.93,16.49,14.93,21689000.0
20260602,002879,长缆科技,16.26,15.79,16.29,15.5,4380300.0
20260602,002880,卫光生物,25.27,24.99,25.69,24.95,804400.0
20260602,002881,美格智能,45.3,45.58,46.52,45.03,11287800.0
20260602,002882,金龙羽,22.94,22.3,22.97,22.1,2960000.0
20260602,002884,凌霄泵业,16.7,16.83,16.84,16.65,1601200.0
20260602,002885,京泉华,43.55,41.7,43.66,41.3,25351300.0
20260602,002886,沃特股份,30.1,29.08,30.33,28.29,23936800.0
20260602,002887,绿茵生态,13.65,13.49,13.7,12.98,3487300.0
20260602,002888,惠威科技,18.85,19.33,19.61,18.2,6583200.0
20260602,002889,东方嘉盛,12.01,11.83,12.04,11.75,1501900.0
20260602,002890,弘宇股份,15.63,15.31,15.74,15.03,2363600.0
20260602,002891,中宠股份,30.83,30.1,30.88,29.9,8245500.0
20260602,002892,科力尔,10.59,10.4,10.74,10.3,11212200.0
20260602,002893,京能热力,12.2,12.07,12.56,12.04,26676800.0
20260602,002895,川恒股份,35.91,34.8,35.97,34.48,11926500.0
20260602,002896,中大力德,80.11,81.7,81.7,79.16,16699800.0
20260602,002897,意华股份,82.4,88.2,88.2,82.28,7452800.0
20260602,002899,英派斯,27.0,25.99,27.39,25.55,4313100.0
20260602,002900,哈三联,10.6,10.48,10.66,10.25,3883700.0
20260602,002901,大博医疗,40.8,40.78,41.2,40.5,1556600.0
20260602,002902,铭普光磁,31.72,32.05,32.6,30.48,19098700.0
20260602,002903,宇环数控,39.2,43.29,43.29,37.44,9293800.0
20260602,002905,金逸影视,8.53,8.11,8.59,8.05,8036100.0
20260602,002906,华阳集团,29.35,29.47,29.92,28.73,8209900.0
20260602,002907,华森制药,12.54,12.42,12.54,12.38,1792700.0
20260602,002908,德生科技,7.77,7.61,7.8,7.55,4768500.0
20260602,002909,集泰股份,6.01,5.72,6.01,5.63,10957300.0
20260602,002910,庄园牧场,10.3,9.8,10.36,9.71,6247200.0
20260602,002911,佛燃能源,11.65,11.29,11.65,11.28,5784100.0
20260602,002912,中新赛克,21.86,21.1,21.96,20.97,2515500.0
20260602,002913,奥士康,55.08,55.45,57.0,53.72,11675800.0
20260602,002915,中欣氟材,19.23,19.02,19.36,18.56,8066700.0
20260602,002916,深南电路,386.08,398.8,404.0,369.0,14441000.0
20260602,002917,金奥博,13.68,13.59,13.88,13.49,6929900.0
20260602,002918,蒙娜丽莎,12.78,12.45,13.25,12.35,29538000.0
20260602,002919,名臣健康,21.91,21.35,21.96,20.98,8466000.0
20260602,002920,德赛西威,101.9,99.99,101.99,98.06,9892200.0
20260602,002921,联诚精密,26.26,25.89,26.48,25.0,4582000.0
20260602,002922,伊戈尔,41.2,40.2,41.55,39.0,25309900.0
20260602,002923,润都股份,11.12,10.65,11.12,10.63,5747900.0
20260602,002925,盈趣科技,21.38,22.06,22.08,20.68,34873600.0
20260602,002926,华西证券,8.17,8.15,8.22,8.12,13474100.0
20260602,002927,泰永长征,22.86,22.74,24.63,22.58,27403500.0
20260602,002928,华夏航空,7.66,7.61,7.66,7.42,52783400.0
20260602,002929,润建股份,70.5,69.3,72.22,68.26,19310000.0
20260602,002930,宏川智慧,11.28,10.45,11.38,10.3,24472200.0
20260602,002931,锋龙股份,54.0,52.45,54.06,51.0,10082600.0
20260602,002933,新兴装备,30.46,29.54,30.92,29.52,3852900.0
20260602,002935,天奥电子,19.0,19.13,19.33,18.36,6189200.0
20260602,002936,郑州银行,1.81,1.8,1.82,1.79,75239800.0
20260602,002937,兴瑞科技,32.5,34.93,35.1,32.5,14484500.0
20260602,002938,鹏鼎控股,103.0,111.89,113.67,100.13,72345100.0
20260602,002939,长城证券,8.37,8.33,8.42,8.28,21638800.0
20260602,002940,昂利康,34.96,33.18,34.98,32.61,12795900.0
20260602,002941,新疆交建,12.41,12.09,12.46,12.07,8006400.0
20260602,002942,新农股份,17.73,17.2,17.77,17.11,2059500.0
20260602,002943,宇晶股份,71.46,76.28,77.22,70.8,14339800.0
20260602,002945,华林证券,14.57,14.37,14.59,14.24,8864900.0
20260602,002946,新乳业,18.55,18.03,18.71,17.7,7686100.0
20260602,002947,恒铭达,88.0,90.35,91.18,85.21,12329400.0
20260602,002948,青岛银行,5.63,5.61,5.73,5.59,40992200.0
20260602,002949,华阳国际,12.86,12.3,12.86,12.19,3790300.0
20260602,002950,奥美医疗,10.01,9.65,10.01,9.6,9333700.0
20260602,002951,金时科技,19.21,21.34,21.34,18.01,36700700.0
20260602,002952,亚世光电,25.84,25.45,25.9,24.67,7181900.0
20260602,002953,日丰股份,10.64,10.39,10.69,10.24,5281600.0
20260602,002955,鸿合科技,25.56,25.15,26.13,25.12,8683900.0
20260602,002956,西麦食品,22.23,21.88,22.44,21.3,4851000.0
20260602,002957,科瑞技术,60.38,66.69,66.69,60.02,30933200.0
20260602,002958,青农商行,2.92,2.93,2.95,2.91,41476700.0
20260602,002959,小熊电器,37.54,37.45,37.88,37.35,592800.0
20260602,002960,青鸟智控,8.25,8.1,8.29,8.02,13478400.0
20260602,002961,瑞达期货,21.63,21.13,21.83,20.93,7734200.0
20260602,002962,五方光电,18.51,20.9,20.9,18.36,29118500.0
20260602,002963,豪尔赛,16.78,16.59,16.94,16.2,3287500.0
20260602,002965,祥鑫科技,32.33,32.27,32.6,31.35,5430700.0
20260602,002966,苏州银行,8.26,8.28,8.39,8.25,31917500.0
20260602,002967,广电计量,20.7,20.52,20.96,20.36,6908000.0
20260602,002968,新大正,10.28,9.94,10.38,9.9,4112600.0
20260602,002970,锐明技术,62.85,63.2,65.9,61.73,4578000.0
20260602,002971,和远气体,34.1,34.16,34.86,32.6,12105400.0
20260602,002972,科安达,12.2,12.12,12.37,11.95,5152600.0
20260602,002973,侨银股份,12.29,12.44,12.47,11.69,7890800.0
20260602,002975,博杰股份,136.38,148.58,148.58,136.38,6095100.0
20260602,002976,瑞玛精密,35.86,32.82,38.34,32.43,13435700.0
20260602,002978,安宁股份,27.87,28.29,29.08,27.87,4923600.0
20260602,002979,雷赛智能,52.38,51.32,52.74,50.91,11782100.0
20260602,002980,华盛昌,101.0,112.12,112.12,99.81,9723000.0
20260602,002981,朝阳科技,27.08,27.0,27.76,26.7,7090000.0
20260602,002982,湘佳股份,13.4,12.99,13.6,12.82,6976000.0
20260602,002983,芯瑞达,23.47,23.2,23.88,23.1,4633600.0
20260602,002984,森麒麟,15.21,14.93,15.28,14.87,11091100.0
20260602,002985,北摩高科,30.51,29.71,30.62,29.61,4964800.0
20260602,002986,宇新股份,12.03,11.91,12.19,11.62,4424700.0
20260602,002987,京北方,11.87,11.62,11.92,11.58,8617500.0
20260602,002988,豪美新材,29.27,28.46,29.27,28.1,3173800.0
20260602,002989,中天精装,28.09,27.25,28.36,26.77,5473300.0
20260602,002990,盛视科技,48.47,47.22,48.75,46.66,7208100.0
20260602,002991,甘源食品,48.54,47.1,48.69,47.03,797500.0
20260602,002992,宝明科技,41.61,42.3,42.88,40.01,1752800.0
20260602,002993,奥海科技,60.0,62.0,63.18,58.11,9400400.0
20260602,002995,天地在线,27.43,26.0,27.62,24.41,52082500.0
20260602,002996,顺博合金,7.02,6.97,7.04,6.85,7597200.0
20260602,002997,瑞鹄模具,31.0,31.18,31.74,30.36,4455900.0
20260602,002998,优彩资源,8.56,8.23,8.56,8.03,8333400.0
20260602,002999,天禾股份,6.41,6.23,6.44,6.2,8630400.0
20260602,003000,劲仔食品,11.0,10.8,11.1,10.76,4002600.0
20260602,003001,中岩大地,17.73,17.22,17.83,16.77,5489200.0
20260602,003002,壶化股份,22.5,22.02,22.5,21.66,2466400.0
20260602,003003,天元股份,12.33,11.8,12.4,11.75,5980300.0
20260602,003004,声迅股份,68.0,71.65,72.25,62.5,9422500.0
20260602,003005,竞业达,15.95,15.6,16.05,15.5,2848300.0
20260602,003006,百亚股份,17.05,16.64,17.26,16.55,5220800.0
20260602,003007,直真科技,42.28,41.34,42.28,40.0,3203000.0
20260602,003008,开普检测,20.72,19.9,20.83,19.81,1863300.0
20260602,003009,中天火箭,50.85,50.33,50.94,49.12,2326400.0
20260602,003010,若羽臣,26.23,25.78,26.3,25.3,5961500.0
20260602,003011,海象新材,21.83,20.91,21.98,20.7,2460100.0
20260602,003012,东鹏控股,5.2,5.07,5.21,5.04,12066100.0
20260602,003013,地铁设计,14.84,14.91,14.91,14.66,2611000.0
20260602,003015,日久光电,12.54,12.36,12.59,12.16,5349200.0
20260602,003016,欣贺股份,7.55,7.35,7.62,7.33,3792700.0
20260602,003017,大洋生物,27.92,27.69,28.41,27.55,1831200.0
20260602,003018,金富科技,61.2,54.59,61.87,54.59,17707700.0
20260602,003019,宸展光电,40.25,42.31,42.38,38.4,9842300.0
20260602,003020,立方制药,16.92,16.3,16.92,16.28,2213900.0
20260602,003021,兆威机电,96.89,97.25,99.35,96.3,4054600.0
20260602,003022,联泓新科,25.85,25.35,25.9,24.93,26304200.0
20260602,003023,彩虹集团,26.58,25.68,26.75,25.3,3088300.0
20260602,003025,思进智能,14.6,14.74,15.59,14.59,9319100.0
20260602,003026,中晶科技,43.45,42.92,43.74,41.84,5599500.0
20260602,003027,同兴科技,23.37,22.45,23.68,22.12,4411500.0
20260602,003028,振邦智能,26.8,26.61,27.3,26.0,2243700.0
20260602,003029,吉大正元,19.22,18.83,19.23,18.55,2555500.0
20260602,003030,祖名股份,25.53,23.85,25.98,23.42,8095600.0
20260602,003031,中瓷电子,137.71,142.04,143.35,134.0,10842300.0
20260602,003032,传智教育,7.11,7.13,7.17,6.99,3600200.0
20260602,003033,征和工业,62.57,63.08,63.68,61.1,2442200.0
20260602,003035,南网能源,7.31,7.19,7.45,7.15,55190100.0
20260602,003036,泰坦股份,68.22,67.8,70.51,64.62,16644200.0
20260602,003037,三和管桩,7.38,7.24,7.61,7.2,15490700.0
20260602,003038,鑫铂股份,12.85,12.44,12.85,12.32,3649200.0
20260602,003039,顺控发展,13.17,12.97,13.22,12.92,3347400.0
20260602,003040,楚天龙,13.15,12.95,13.27,12.75,5841000.0
20260602,003041,真爱美家,57.51,55.4,59.54,54.2,6954400.0
20260602,003042,中农联合,15.35,15.53,16.21,14.94,9392000.0
20260602,003043,华亚智能,61.68,59.89,62.2,59.0,4520100.0
20260602,003816,中国广核,4.66,4.66,4.75,4.63,117217800.0
20260602,300001,特锐德,37.81,37.15,38.07,36.05,26158500.0
20260602,300002,神州泰岳,8.13,8.0,8.16,7.9,32532800.0
20260602,300003,乐普医疗,12.65,12.57,12.77,12.48,18778700.0
20260602,300004,南风股份,13.55,13.35,13.64,12.9,20454200.0
20260602,300005,探路者,14.98,16.0,16.37,14.88,58627600.0
20260602,300006,莱美药业,5.23,5.29,5.36,5.08,22627400.0
20260602,300007,汉威科技,42.5,41.7,43.26,41.6,13176200.0
20260602,300008,天海防务,6.62,6.43,6.62,6.32,44772400.0
20260602,300009,安科生物,8.29,8.27,8.5,8.27,15871000.0
20260602,300011,鼎汉技术,6.57,6.4,6.6,6.33,5892200.0
20260602,300012,华测检测,14.42,14.46,14.64,14.36,19391400.0
20260602,300013,新宁物流,4.71,4.55,4.73,4.5,21229400.0
20260602,300014,亿纬锂能,64.8,65.48,65.8,63.4,63400600.0
20260602,300015,爱尔眼科,9.18,9.08,9.19,9.05,64149000.0
20260602,300016,北陆药业,8.28,8.1,8.3,7.98,11947400.0
20260602,300017,网宿科技,15.25,15.18,15.4,14.72,116142100.0
20260602,300018,中元股份,12.9,13.07,13.15,12.35,16824500.0
20260602,300019,硅宝科技,17.7,16.72,17.7,16.67,8355500.0
20260602,300021,大禹节水,4.08,4.0,4.11,3.96,12037200.0
20260602,300022,吉峰科技,8.4,8.44,8.47,8.23,10701200.0
20260602,300024,机器人,14.93,15.2,15.38,14.93,35695300.0
20260602,300025,华星创业,5.12,5.02,5.17,4.98,12234500.0
20260602,300026,红日药业,3.29,3.25,3.3,3.24,20026900.0
20260602,300030,阳普医疗,7.16,6.87,7.17,6.86,7135000.0
20260602,300031,宝通科技,24.35,23.33,24.49,23.17,16266400.0
20260602,300032,金龙机电,4.43,4.4,4.46,4.29,17439900.0
20260602,300033,同花顺,227.98,226.23,228.66,220.85,17429400.0
20260602,300034,钢研高纳,18.52,18.07,18.57,17.78,12961100.0
20260602,300035,中科电气,16.9,16.54,16.99,16.16,16576900.0
20260602,300036,超图软件,13.38,12.88,13.38,12.78,11547100.0
20260602,300037,新宙邦,71.39,71.75,73.5,68.6,28774100.0
20260602,300039,上海凯宝,5.39,5.28,5.39,5.28,5485200.0
20260602,300040,九洲集团,7.8,7.82,7.85,7.58,73146700.0
20260602,300041,回天新材,13.9,13.8,14.14,13.52,40664000.0
20260602,300042,朗科科技,57.62,58.08,58.55,54.8,18382100.0
20260602,300043,星辉娱乐,4.89,4.77,4.9,4.72,27419200.0
20260602,300045,华力创通,18.79,18.59,18.84,18.04,13659300.0
20260602,300046,台基股份,31.06,30.75,31.88,30.57,7073600.0
20260602,300047,天源迪科,12.24,11.95,12.3,11.86,15333700.0
20260602,300048,合康新能,5.93,5.8,5.95,5.72,12679500.0
20260602,300049,福瑞医科,45.37,43.49,45.71,43.0,6927000.0
20260602,300050,世纪鼎利,7.16,7.32,7.44,7.11,30582200.0
20260602,300051,琏升科技,11.45,11.26,11.51,11.01,16223400.0
20260602,300052,中青宝,12.08,11.57,12.13,11.2,20289700.0
20260602,300053,航宇微,15.57,15.71,15.98,14.81,29958400.0
20260602,300054,鼎龙股份,65.92,67.44,68.41,65.92,29268600.0
20260602,300055,万邦达,8.84,8.53,9.14,8.43,24075900.0
20260602,300056,中创环保,9.81,9.84,10.04,9.62,12734600.0
20260602,300057,万顺新材,8.88,9.14,9.26,8.45,92235900.0
20260602,300058,蓝色光标,17.72,17.09,17.73,16.66,449380700.0
20260602,300059,东方财富,18.91,18.91,19.09,18.65,266846200.0
20260602,300061,旗天科技,9.71,9.02,9.73,8.88,35489600.0
20260602,300062,中能电气,7.17,6.88,7.17,6.75,19593300.0
20260602,300063,天龙集团,11.18,10.51,11.18,10.28,60390500.0
20260602,300065,海兰信,20.48,19.92,20.5,19.28,34340200.0
20260602,300066,三川智慧,5.4,5.3,5.4,5.2,11769100.0
20260602,300067,安诺其,5.75,5.64,5.81,5.47,44126300.0
20260602,300069,金利华电,48.6,49.7,49.81,43.12,24467000.0
20260602,300070,碧水源,3.58,3.52,3.6,3.51,30026600.0
20260602,300071,福石控股,4.55,4.35,4.57,4.26,59192000.0
20260602,300072,海新能科,3.96,3.94,3.98,3.85,27427400.0
20260602,300073,当升科技,55.55,54.22,55.8,53.06,14502400.0
20260602,300074,华平股份,4.25,4.11,4.26,4.07,20412100.0
20260602,300075,数字政通,12.99,12.67,13.03,12.61,7765900.0
20260602,300077,国民技术,22.65,23.38,23.65,21.82,50625000.0
20260602,300078,思创智联,3.43,3.32,3.43,3.29,22136500.0
20260602,300079,数码视讯,5.23,5.13,5.23,5.09,21133700.0
20260602,300080,易成新能,4.13,4.07,4.16,4.01,18288200.0
20260602,300082,奥克股份,9.75,9.64,9.87,9.4,9592000.0
20260602,300083,创世纪,10.18,9.93,10.26,9.61,77077500.0
20260602,300084,海默科技,11.76,11.85,11.87,11.35,12757200.0
20260602,300085,银之杰,41.14,41.58,42.75,39.88,46964700.0
20260602,300086,康芝药业,6.72,6.54,6.76,6.43,12353400.0
20260602,300088,长信科技,7.05,7.23,7.3,7.0,158240700.0
20260602,300092,科新机电,14.1,13.79,14.12,13.38,4485500.0
20260602,300093,金刚光伏,23.0,23.36,23.91,22.78,4864100.0
20260602,300094,国联水产,3.03,2.96,3.05,2.92,33045000.0
20260602,300095,华伍股份,9.08,8.97,9.12,8.68,12037200.0
20260602,300097,智云股份,9.36,9.48,9.74,9.04,10710100.0
20260602,300098,高新兴,5.39,5.36,5.43,5.27,35476300.0
20260602,300099,尤洛卡,7.73,7.27,7.78,7.13,30041800.0
20260602,300100,双林股份,30.72,30.0,31.19,29.9,10621500.0
20260602,300101,振芯科技,17.2,16.73,17.2,16.46,12899400.0
20260602,300102,乾照光电,24.4,23.95,24.47,23.33,26158500.0
20260602,300103,达刚控股,9.6,8.93,9.78,8.81,33911500.0
20260602,300105,龙源技术,6.32,6.18,6.33,6.11,6747500.0
20260602,300106,西部牧业,13.81,13.28,13.9,13.0,18794900.0
20260602,300107,建新股份,6.58,6.31,6.58,6.28,9354600.0
20260602,300109,新开源,17.4,17.26,17.48,17.17,5803700.0
20260602,300110,华仁药业,2.86,2.81,2.86,2.79,14640200.0
20260602,300111,向日葵,3.4,3.34,3.42,3.28,27366000.0
20260602,300112,万讯自控,7.34,7.01,7.38,6.98,8218000.0
20260602,300113,顺网科技,21.98,21.68,22.16,20.97,24948300.0
20260602,300115,长盈精密,33.76,33.11,34.29,32.56,49110100.0
20260602,300118,东方日升,13.82,14.16,14.49,13.2,62996900.0
20260602,300119,瑞普生物,16.46,16.28,16.59,16.22,2267200.0
20260602,300120,经纬辉开,8.33,8.61,8.8,8.33,55720200.0
20260602,300121,阳谷华泰,11.3,11.49,11.84,11.11,11735100.0
20260602,300122,智飞生物,13.7,13.33,13.71,13.29,15140900.0
20260602,300124,汇川技术,74.96,76.47,77.74,74.88,36450400.0
20260602,300125,聆达股份,10.68,10.59,10.72,10.4,2972900.0
20260602,300126,锐奇股份,7.12,6.87,7.2,6.8,6107700.0
20260602,300127,银河磁体,28.22,27.88,28.39,27.28,5550100.0
20260602,300128,锦富技术,8.08,7.82,8.17,7.81,64559500.0
20260602,300129,泰胜风能,10.41,10.25,10.55,10.09,30180300.0
20260602,300130,新国都,23.97,23.8,24.17,23.33,13356300.0
20260602,300131,英唐智控,16.96,17.22,17.44,16.54,67605400.0
20260602,300132,诺斯贝尔,7.63,7.16,7.77,7.01,23928100.0
20260602,300133,华策影视,8.49,8.02,8.51,7.95,87749000.0
20260602,300134,大富科技,10.05,10.43,10.58,9.92,16177800.0
20260602,300135,宝利国际,3.62,3.56,3.62,3.5,14408300.0
20260602,300136,信维通信,92.08,91.97,93.99,88.0,80751300.0
20260602,300137,先河环保,18.93,18.8,19.05,18.31,16156200.0
20260602,300138,晨光生物,10.64,10.49,10.66,10.36,4717600.0
20260602,300139,晓程科技,43.41,44.6,44.98,41.58,24088300.0
20260602,300140,节能环境,6.2,6.12,6.2,6.05,12738200.0
20260602,300141,和顺电气,11.57,11.24,11.68,10.99,4838000.0
20260602,300142,沃森生物,12.56,12.27,12.57,12.23,43296800.0
20260602,300143,盈康生命,10.29,10.21,10.37,10.07,4969500.0
20260602,300144,宋城演艺,6.83,6.72,6.83,6.71,20267800.0
20260602,300145,南方泵业,4.53,4.44,4.53,4.38,54057400.0
20260602,300146,汤臣倍健,10.0,9.82,10.02,9.78,13323200.0
20260602,300148,天舟文化,3.7,3.67,3.72,3.57,32593700.0
20260602,300149,睿智医药,8.66,8.32,8.66,8.25,10819400.0
20260602,300150,世纪瑞尔,4.47,4.39,4.5,4.34,10767900.0
20260602,300151,昌红科技,23.07,23.75,24.2,22.08,28048200.0
20260602,300153,科泰电源,26.42,26.06,26.61,25.3,8531700.0
20260602,300154,瑞凌股份,9.47,9.77,9.99,9.03,18899600.0
20260602,300155,安居宝,4.93,4.85,5.04,4.82,13223800.0
20260602,300157,新锦动力,4.71,4.58,4.74,4.47,21039200.0
20260602,300158,振东制药,5.14,5.04,5.15,4.98,8770700.0
20260602,300159,新研股份,3.91,4.25,4.33,3.9,58293700.0
20260602,300160,秀强股份,4.97,4.94,5.02,4.91,6063200.0
20260602,300161,华中数控,32.11,32.0,32.47,31.6,4389100.0
20260602,300162,雷曼光电,9.5,9.41,9.53,8.96,43270300.0
20260602,300163,先锋新材,6.36,6.34,6.59,6.25,39704000.0
20260602,300164,通源石油,10.33,9.81,10.39,9.68,56320400.0
20260602,300165,天瑞仪器,6.12,6.15,6.22,5.94,14545800.0
20260602,300166,东方国信,16.72,16.22,16.81,15.55,83082400.0
20260602,300168,万达信息,5.43,5.32,5.44,5.26,16449400.0
20260602,300169,天晟新材,5.74,5.58,5.77,5.51,9221000.0
20260602,300170,汉得信息,20.18,19.23,20.2,19.1,76658400.0
20260602,300171,东富龙,11.75,11.67,11.95,11.67,7691000.0
20260602,300172,中电环保,4.91,4.84,4.91,4.81,11311700.0
20260602,300174,元力股份,26.5,26.92,28.4,25.68,63365200.0
20260602,300176,鸿特科技,6.15,5.96,6.18,5.92,15695900.0
20260602,300177,中海达,7.38,7.21,7.43,7.1,9290600.0
20260602,300179,四方达,44.0,47.71,49.15,42.2,95260000.0
20260602,300180,华峰超纤,5.03,4.94,5.07,4.91,36610800.0
20260602,300181,佐力药业,14.11,13.92,14.21,13.92,7328200.0
20260602,300182,捷成股份,6.12,5.93,6.12,5.85,222572900.0
20260602,300183,东软载波,12.32,12.04,12.32,11.94,6105100.0
20260602,300184,力源信息,15.99,18.26,19.03,15.99,290991400.0
20260602,300185,通裕重工,2.84,2.79,2.84,2.78,72997400.0
20260602,300187,永清环保,5.95,5.8,5.99,5.75,25013900.0
20260602,300188,国投智能,11.4,11.04,11.4,11.03,12374600.0
20260602,300189,神农种业,5.21,5.08,5.23,4.96,60221300.0
20260602,300190,维尔利,4.22,4.11,4.22,4.05,19046800.0
20260602,300191,潜能恒信,33.02,31.55,33.6,31.37,9323200.0
20260602,300192,科德教育,17.05,16.36,17.05,16.14,7607200.0
20260602,300193,佳士科技,7.87,7.75,7.89,7.69,4593300.0
20260602,300194,福安药业,3.89,3.82,3.89,3.8,10490800.0
20260602,300195,长荣股份,6.12,5.9,6.13,5.82,10781800.0
20260602,300196,长海股份,25.99,26.58,28.82,24.69,64784800.0
20260602,300197,节能铁汉,2.09,2.32,2.32,2.01,443230500.0
20260602,300199,翰宇药业,22.1,22.7,22.95,21.4,39146900.0
20260602,300200,高盟新材,9.35,9.18,9.41,9.05,8408000.0
20260602,300201,海伦哲,19.64,20.25,21.24,19.3,97506800.0
20260602,300203,聚光科技,12.3,12.6,12.86,11.96,15149500.0
20260602,300204,舒泰神,24.56,23.93,24.7,23.41,21041900.0
20260602,300206,理邦仪器,13.56,13.54,13.74,13.09,9536400.0
20260602,300207,欣旺达,22.85,22.47,22.87,21.84,48560000.0
20260602,300209,行云科技,27.19,24.98,27.19,23.0,82002400.0
20260602,300210,森远股份,11.53,11.09,11.62,11.03,20834600.0
20260602,300213,佳讯飞鸿,7.63,7.41,7.63,7.35,10246100.0
20260602,300214,日科化学,7.82,7.75,7.82,7.55,9427100.0
20260602,300215,电科院,7.72,7.4,7.75,7.23,28793100.0
20260602,300217,东方电热,5.15,5.11,5.19,4.98,45635700.0
20260602,300218,安利股份,13.66,13.7,13.8,13.37,3396900.0
20260602,300219,鸿利智汇,7.96,8.2,8.27,7.87,37817500.0
20260602,300220,金运激光,13.02,12.5,13.02,12.35,2803400.0
20260602,300221,银禧科技,13.38,14.19,14.4,13.16,56940400.0
20260602,300222,科大智能,15.82,16.42,16.58,15.46,68269000.0
20260602,300223,君正股份,143.03,142.27,145.2,137.48,35918700.0
20260602,300224,正海磁材,12.21,12.15,12.35,11.82,17253400.0
20260602,300225,金力泰,9.08,9.28,9.39,8.8,12949000.0
20260602,300226,上海钢联,22.2,21.7,22.27,21.38,5770500.0
20260602,300227,光韵达,10.98,11.02,11.24,10.86,19423200.0
20260602,300228,富瑞特装,8.43,8.42,8.62,8.21,19467000.0
20260602,300229,拓尔思,17.33,16.91,17.5,16.63,21606700.0
20260602,300230,永利股份,4.96,4.87,4.99,4.85,12380100.0
20260602,300231,银信科技,9.45,9.26,9.45,9.08,9117500.0
20260602,300232,洲明科技,5.94,5.8,5.96,5.8,20273400.0
20260602,300233,金城医药,13.35,13.15,13.46,13.08,5909200.0
20260602,300234,开尔新材,8.45,8.58,8.75,8.13,24639800.0
20260602,300235,方直科技,13.62,13.56,13.72,13.3,7640500.0
20260602,300236,上海新阳,90.8,90.92,93.33,89.55,10035700.0
20260602,300238,冠昊生物,12.02,11.75,12.09,11.64,3655500.0
20260602,300239,东宝生物,5.35,5.16,5.36,5.08,15109900.0
20260602,300240,飞力达,6.17,6.0,6.2,5.95,8169300.0
20260602,300241,瑞丰光电,7.43,7.49,7.56,7.27,62449500.0
20260602,300242,佳云科技,5.18,5.14,5.31,5.05,27174300.0
20260602,300243,瑞丰高材,18.29,20.01,20.27,17.86,45731700.0
20260602,300244,迪安诊断,18.19,17.67,18.33,17.58,23833200.0
20260602,300246,宝莱特,16.84,17.62,17.68,15.8,15389100.0
20260602,300247,融捷健康,4.26,4.18,4.27,4.12,18405100.0
20260602,300248,新开普,9.03,8.75,9.03,8.65,7679100.0
20260602,300249,依米康,14.92,14.67,15.08,14.24,18658900.0
20260602,300250,初灵信息,17.05,16.86,17.37,16.42,4548100.0
20260602,300251,光线传媒,12.89,12.41,12.89,12.32,46041900.0
20260602,300252,金信诺,14.19,14.36,14.53,13.79,29480700.0
20260602,300253,卫宁健康,8.14,7.92,8.16,7.87,49589800.0
20260602,300254,仟源医药,10.76,10.5,10.81,10.17,12059700.0
20260602,300255,常山药业,39.0,38.73,40.21,36.54,17556800.0
20260602,300256,星星科技,3.15,3.09,3.16,3.07,17506900.0
20260602,300257,开山股份,29.0,28.4,29.2,27.66,8818900.0
20260602,300258,精锻科技,12.8,12.75,13.02,12.46,18326300.0
20260602,300259,新天科技,6.11,5.91,6.22,5.88,82105800.0
20260602,300260,新莱应材,54.32,53.83,55.58,53.13,14310000.0
20260602,300261,雅本化学,5.15,4.99,5.17,4.96,11206800.0
20260602,300263,隆华科技,11.7,11.85,12.09,11.63,47240600.0
20260602,300264,佳创视讯,8.83,8.39,8.94,8.31,13033300.0
20260602,300265,通光线缆,22.97,24.02,24.97,22.1,87063000.0
20260602,300266,兴源环境,2.14,2.15,2.16,2.09,29831600.0
20260602,300267,尔康制药,3.78,3.61,3.79,3.56,55323900.0
20260602,300268,佳沃食品,13.33,13.03,13.56,12.86,2270600.0
20260602,300269,联建光电,5.46,5.38,5.5,5.27,17286300.0
20260602,300270,中威电子,12.57,12.52,12.73,12.2,7811700.0
20260602,300271,华宇软件,5.78,5.67,5.8,5.57,12132100.0
20260602,300272,开能健康,6.16,6.12,6.18,5.94,10459400.0
20260602,300274,阳光电源,179.99,172.7,181.01,167.5,63562600.0
20260602,300275,梅安森,9.69,9.5,9.92,9.37,10928200.0
20260602,300276,三丰智能,7.94,7.84,8.38,7.77,81132800.0
20260602,300277,汽轮科技,15.48,15.52,15.77,14.8,28708200.0
20260602,300278,华昌达,4.58,4.55,4.63,4.49,23310600.0
20260602,300279,和晶科技,7.24,7.03,7.25,6.96,9826700.0
20260602,300281,金明精机,7.47,7.32,7.48,7.18,8784200.0
20260602,300283,温州宏丰,16.13,16.75,16.96,15.31,63984900.0
20260602,300284,苏交科,6.09,5.95,6.13,5.93,9470500.0
20260602,300285,国瓷材料,51.44,58.45,59.68,50.13,144821800.0
20260602,300286,安科瑞,31.27,30.59,31.28,29.58,11350900.0
20260602,300287,飞利信,4.03,3.96,4.05,3.92,19027100.0
20260602,300288,朗玛信息,10.56,10.22,10.57,10.16,5412600.0
20260602,300289,利德曼,6.12,5.98,6.14,5.92,5537400.0
20260602,300291,百纳千成,7.0,6.58,7.02,6.48,92933200.0
20260602,300292,吴通控股,5.36,5.48,5.55,5.29,113178800.0
20260602,300293,蓝英装备,17.57,17.3,17.72,17.04,4286700.0
20260602,300294,博雅生物,16.9,16.79,16.97,16.61,7844000.0
20260602,300296,利亚德,6.62,6.58,6.67,6.48,78810800.0
20260602,300298,三诺生物,15.73,15.51,15.85,15.51,4090500.0
20260602,300299,富春股份,5.67,5.47,5.67,5.4,16647000.0
20260602,300300,海峡创新,9.71,9.55,9.73,9.1,46613200.0
20260602,300302,同有科技,48.6,46.61,49.02,41.71,45667800.0
20260602,300303,聚飞光电,8.54,8.62,8.68,8.32,65762900.0
20260602,300304,云意电气,13.17,14.73,14.83,13.15,77905500.0
20260602,300305,裕兴股份,6.99,7.28,7.39,6.9,42580200.0
20260602,300306,远方信息,11.02,10.84,11.1,10.67,3167000.0
20260602,300307,慈星股份,6.82,6.76,6.91,6.71,12019200.0
20260602,300308,中际旭创,1153.6,1191.81,1205.58,1140.01,29006300.0
20260602,300310,宜通世纪,5.34,5.15,5.34,5.03,33129900.0
20260602,300311,任子行,5.51,5.52,5.54,5.43,8851500.0
20260602,300313,天山生物,9.6,9.55,9.77,9.5,2365400.0
20260602,300314,戴维医疗,10.5,10.26,10.51,10.18,2414000.0
20260602,300315,掌趣科技,4.57,4.48,4.61,4.45,51225500.0
20260602,300316,晶盛机电,47.98,47.0,48.38,45.79,29167300.0
20260602,300317,珈伟新能,5.85,5.73,5.85,5.56,128952600.0
20260602,300318,博晖创新,5.08,4.99,5.1,4.95,5085200.0
20260602,300319,麦捷科技,15.8,16.31,16.73,15.57,149548500.0
20260602,300320,海达股份,8.98,9.09,9.19,8.75,10255700.0
20260602,300321,同大股份,44.5,41.33,44.72,41.08,3573500.0
20260602,300322,硕贝德,28.86,28.63,29.36,27.45,37233500.0
20260602,300323,华灿光电,15.31,15.24,15.57,14.8,89110400.0
20260602,300324,旋极信息,4.53,4.42,4.54,4.33,36335600.0
20260602,300327,中颖电子,29.1,28.39,29.54,28.18,25603100.0
20260602,300328,宜安科技,18.07,20.03,20.8,17.92,91972300.0
20260602,300329,海伦钢琴,13.06,12.78,13.06,12.72,2538600.0
20260602,300331,苏大维格,51.12,52.36,53.14,49.75,15430200.0
20260602,300332,天壕能源,5.14,5.07,5.16,5.0,17523900.0
20260602,300333,兆日科技,10.56,10.06,10.61,9.9,14169400.0
20260602,300334,津膜科技,7.65,7.3,7.69,7.18,7494800.0
20260602,300335,迪森股份,6.27,6.12,6.28,6.02,14799500.0
20260602,300337,银邦股份,12.16,12.24,12.34,11.8,25681500.0
20260602,300339,润和软件,44.6,43.03,44.71,42.4,51021400.0
20260602,300340,科恒股份,9.69,9.63,9.85,9.3,6371600.0
20260602,300341,麦克奥迪,14.66,14.48,14.8,14.0,4896700.0
20260602,300342,天银机电,49.0,48.76,49.47,46.94,19292400.0
20260602,300343,联创股份,6.96,6.93,6.97,6.82,15661300.0
20260602,300345,华民股份,6.08,5.88,6.09,5.81,19134900.0
20260602,300346,南大光电,49.66,49.35,50.45,48.28,35875600.0
20260602,300347,泰格医药,39.7,39.19,40.08,38.92,12897300.0
20260602,300348,长亮科技,10.47,10.25,10.52,10.14,14032200.0
20260602,300349,金卡智能,13.24,13.33,13.63,12.83,10293300.0
20260602,300350,华鹏飞,4.78,4.65,4.78,4.59,13264400.0
20260602,300351,永贵电器,17.61,17.84,18.3,17.02,19573400.0
20260602,300353,东土科技,20.61,19.87,20.79,19.68,20422600.0
20260602,300354,东华测试,33.13,32.36,33.28,31.81,1779600.0
20260602,300355,蒙草生态,3.27,3.24,3.29,3.2,17253600.0
20260602,300357,我武生物,23.13,22.81,23.23,22.68,5494200.0
20260602,300358,楚天科技,8.48,8.33,8.48,8.25,12529700.0
20260602,300359,全通教育,4.27,4.14,4.3,4.09,11685300.0
20260602,300360,炬华科技,14.92,14.75,14.92,14.68,5510400.0
20260602,300363,博腾股份,14.56,14.13,14.65,14.02,13499500.0
20260602,300364,中文在线,26.7,25.59,26.75,25.06,51260800.0
20260602,300365,恒华科技,5.59,5.43,5.6,5.33,15920500.0
20260602,300368,汇金股份,10.22,10.03,10.25,9.66,21681100.0
20260602,300369,绿盟科技,6.75,6.5,6.76,6.37,23377300.0
20260602,300370,安控科技,2.46,2.47,2.52,2.39,29650500.0
20260602,300371,汇中股份,11.74,11.36,11.99,11.32,3321300.0
20260602,300373,扬杰科技,99.38,101.5,103.98,96.1,27701300.0
20260602,300374,中铁装配,12.5,12.24,12.62,12.12,4347100.0
20260602,300375,鹏翎股份,4.44,4.32,4.44,4.27,10811400.0
20260602,300376,易事特,5.14,5.15,5.19,5.0,22523500.0
20260602,300377,赢时胜,14.2,13.95,14.25,13.61,21891100.0
20260602,300378,鼎捷数智,40.6,38.77,40.6,38.41,15987800.0
20260602,300380,安硕信息,34.0,33.47,34.25,32.77,2965100.0
20260602,300381,溢多利,6.66,6.41,6.73,6.38,7979600.0
20260602,300382,斯莱克,15.65,15.97,16.2,15.2,19960300.0
20260602,300383,光环新网,13.6,13.53,13.72,13.05,64357700.0
20260602,300384,三联虹普,12.95,12.6,12.99,12.5,2584000.0
20260602,300386,飞天诚信,11.2,10.9,11.2,10.68,5742100.0
20260602,300387,富邦科技,7.96,7.78,7.98,7.72,4619800.0
20260602,300388,节能国祯,7.77,7.66,7.78,7.63,6824300.0
20260602,300389,艾比森,14.17,13.88,14.17,13.63,5827200.0
20260602,300390,天华新能,84.74,81.3,85.0,77.98,47918700.0
20260602,300393,中来股份,9.28,8.97,9.3,8.64,37132000.0
20260602,300394,天孚通信,435.08,457.0,463.01,424.47,47525800.0
20260602,300395,菲利华,117.54,119.5,122.44,115.56,38870400.0
20260602,300397,天和防务,13.05,12.95,13.14,12.6,18090700.0
20260602,300398,飞凯材料,35.14,35.53,35.91,34.28,33390900.0
20260602,300399,天利科技,20.69,20.01,20.98,19.61,4633800.0
20260602,300400,劲拓股份,27.81,28.7,29.38,27.71,11929700.0
20260602,300401,花园生物,12.3,12.06,12.33,12.05,6349900.0
20260602,300402,宝色股份,16.02,15.67,16.18,15.45,3302900.0
20260602,300403,汉宇集团,10.51,10.66,11.16,10.51,12411800.0
20260602,300404,博济医药,10.08,9.67,10.08,9.51,10664300.0
20260602,300405,科隆股份,6.6,6.36,6.75,6.26,10382700.0
20260602,300406,九强生物,11.93,12.0,12.17,11.86,4985400.0
20260602,300407,凯发电气,12.41,12.27,12.53,11.96,6692200.0
20260602,300408,三环集团,122.0,134.46,138.18,120.02,87818400.0
20260602,300409,道氏技术,22.6,22.1,22.68,21.75,18579000.0
20260602,300410,正业科技,11.42,12.8,12.97,11.1,98593000.0
20260602,300411,金盾股份,8.3,8.35,8.38,8.03,7144500.0
20260602,300412,迦南科技,4.71,4.59,4.75,4.55,9909500.0
20260602,300413,芒果超媒,17.9,17.42,17.9,17.34,15277700.0
20260602,300414,中光防雷,12.07,12.01,12.21,11.92,4438700.0
20260602,300415,伊之密,21.95,22.22,22.43,21.6,10153100.0
20260602,300416,苏试试验,18.55,18.6,19.18,18.1,22751800.0
20260602,300417,南华仪器,13.24,12.83,13.58,12.57,4767100.0
20260602,300418,昆仑万维,45.0,42.3,45.0,41.66,65535300.0
20260602,300420,五洋自控,5.19,5.67,5.98,5.19,205873000.0
20260602,300421,力星股份,22.68,22.29,22.9,21.48,11797600.0
20260602,300422,博世科,5.44,5.4,5.53,5.29,13825400.0
20260602,300423,昇辉科技,6.74,6.56,6.75,6.37,9608400.0
20260602,300424,航新科技,20.11,19.88,20.2,19.51,13185600.0
20260602,300425,中建环能,4.5,4.37,4.5,4.35,7774400.0
20260602,300426,华智数媒,6.64,6.25,6.66,6.19,10692800.0
20260602,300427,红相股份,5.83,7.04,7.11,5.83,126793300.0
20260602,300428,立中集团,20.82,20.82,21.12,20.68,6459900.0
20260602,300429,强力新材,13.6,13.22,13.68,13.18,19375100.0
20260602,300432,富临精工,23.78,23.95,24.2,23.12,35732800.0
20260602,300433,蓝思科技,41.68,41.23,43.0,40.3,173026300.0
20260602,300434,金石亚药,10.0,9.84,10.0,9.8,8535300.0
20260602,300435,中泰股份,18.7,18.13,18.71,17.85,7520700.0
20260602,300436,广生堂,100.83,96.37,101.3,94.22,7601800.0
20260602,300437,清水源,12.79,12.39,12.79,12.03,8470800.0
20260602,300438,鹏辉能源,78.38,82.79,84.28,77.18,32144800.0
20260602,300439,美康生物,9.27,9.15,9.35,9.12,3255100.0
20260602,300440,运达科技,17.28,16.91,17.4,16.48,12747200.0
20260602,300441,鲍斯股份,6.36,6.24,6.44,6.2,3822600.0
20260602,300442,润泽科技,79.61,80.23,81.36,75.77,54883900.0
20260602,300443,金雷股份,26.98,26.46,26.98,26.29,4041300.0
20260602,300444,双杰电气,14.75,14.15,14.8,13.78,45705500.0
20260602,300445,康斯特,23.27,23.4,24.08,22.9,4063200.0
20260602,300446,航天智造,16.35,16.08,16.38,15.89,6319600.0
20260602,300447,全信股份,15.91,15.82,16.05,15.4,4989700.0
20260602,300448,浩云科技,7.98,7.76,7.98,7.32,25269500.0
20260602,300449,汉邦高科,7.97,7.73,7.98,7.6,15222900.0
20260602,300450,先导智能,49.01,48.19,49.29,46.89,56000300.0
20260602,300451,创业慧康,3.97,3.84,3.98,3.82,24768100.0
20260602,300452,山河药辅,12.77,12.82,13.01,12.72,4147100.0
20260602,300453,三鑫医疗,9.29,9.28,9.31,9.1,6307500.0
20260602,300454,深信服,120.0,120.01,122.87,116.7,19090700.0
20260602,300455,航天智装,22.07,21.9,22.27,21.46,7142500.0
20260602,300456,赛微电子,44.0,46.2,46.77,43.4,48876100.0
20260602,300457,赢合科技,26.44,25.66,26.66,25.2,17340600.0
20260602,300458,全志科技,33.83,33.23,34.09,32.4,36514500.0
20260602,300459,汤姆猫,4.01,3.92,4.03,3.9,77537700.0
20260602,300461,田中精机,47.53,49.76,51.8,46.5,10233600.0
20260602,300463,迈克生物,9.6,9.45,9.62,9.43,3803000.0
20260602,300464,星徽股份,9.3,9.02,9.46,8.93,18142600.0
20260602,300465,高伟达,13.98,14.05,14.35,13.52,16655400.0
20260602,300466,赛摩智能,8.26,8.03,8.29,7.92,7132300.0
20260602,300467,迅游科技,35.44,33.94,35.76,33.41,5863700.0
20260602,300468,四方精创,24.53,23.78,24.64,23.41,16015000.0
20260602,300469,信息发展,48.65,49.86,50.75,47.18,6650300.0
20260602,300470,中密控股,32.08,31.77,32.35,31.71,1362400.0
20260602,300471,厚普股份,10.08,9.82,10.13,9.7,6058800.0
20260602,300473,德尔股份,35.25,35.89,37.12,35.08,9375100.0
20260602,300474,景嘉微,56.96,55.84,57.18,54.9,9018900.0
20260602,300475,香农芯创,168.0,175.13,179.35,165.3,34848300.0
20260602,300476,胜宏科技,343.0,349.08,356.31,334.16,42082500.0
20260602,300478,杭州高新,45.5,42.97,45.8,42.02,6667400.0
20260602,300479,神思电子,15.22,14.84,15.31,14.61,3443000.0
20260602,300480,光力科技,32.48,32.73,33.44,31.53,13765300.0
20260602,300481,濮阳惠成,14.55,13.95,14.63,13.6,12695800.0
20260602,300482,万孚生物,17.65,17.41,17.74,17.39,3746600.0
20260602,300483,首华燃气,20.96,19.92,21.12,19.55,24208400.0
20260602,300484,蓝海华腾,15.59,15.06,15.82,14.8,2885300.0
20260602,300485,赛升药业,9.03,8.86,9.03,8.77,4041500.0
20260602,300486,东杰智能,25.01,29.98,29.98,24.99,65385100.0
20260602,300487,蓝晓科技,59.05,56.86,59.19,56.77,5123200.0
20260602,300488,恒锋工具,32.39,32.2,32.87,31.45,3848300.0
20260602,300489,光智科技,136.63,137.15,142.2,131.01,9920600.0
20260602,300490,华自科技,15.73,15.56,15.86,14.91,13169000.0
20260602,300491,通合科技,31.87,32.7,33.58,31.3,15777000.0
20260602,300492,华图山鼎,43.84,42.76,44.5,42.5,1949500.0
20260602,300493,润欣科技,15.27,15.02,15.47,14.88,18805700.0
20260602,300494,盛天网络,9.56,9.37,9.64,9.25,6624200.0
20260602,300496,中科创达,67.5,63.67,68.26,63.55,24891100.0
20260602,300497,富祥股份,15.4,15.37,15.5,15.03,17073800.0
20260602,300498,温氏股份,13.6,13.22,13.7,13.15,56081900.0
20260602,300499,高澜股份,36.52,36.9,37.28,35.08,24345500.0
20260602,300500,启迪设计,11.48,10.98,11.63,10.89,4503900.0
20260602,300501,海顺新材,13.87,13.13,13.99,12.84,6515000.0
20260602,300502,新易盛,696.0,747.0,752.0,693.1,38710700.0
20260602,300503,昊志机电,74.51,74.37,77.88,73.61,24457000.0
20260602,300504,天邑股份,18.96,18.53,19.1,18.32,9622400.0
20260602,300505,川金诺,21.09,20.32,21.14,19.96,13063400.0
20260602,300506,名家汇,4.88,4.87,4.94,4.83,5612600.0
20260602,300507,苏奥传感,7.83,7.71,7.87,7.46,17527900.0
20260602,300508,维宏股份,40.63,42.6,44.4,40.55,5731100.0
20260602,300509,新美星,9.99,9.9,10.06,9.56,6423000.0
20260602,300510,金冠股份,3.88,3.77,3.9,3.7,20307100.0
20260602,300511,雪榕生物,6.2,6.1,6.25,6.02,18415100.0
20260602,300512,中亚股份,8.14,7.92,8.24,7.86,4117100.0
20260602,300513,恒实科技,8.36,8.04,8.42,7.94,9362800.0
20260602,300514,友讯达,11.42,10.95,11.48,10.84,3479000.0
20260602,300515,三德科技,16.2,15.97,16.38,15.9,1784600.0
20260602,300516,久之洋,33.78,32.95,33.92,32.17,3587700.0
20260602,300517,海波重科,11.94,11.72,11.94,11.33,6297500.0
20260602,300518,新迅达,29.11,29.04,29.6,27.6,13423600.0
20260602,300519,新光药业,14.28,13.8,14.36,13.7,2827700.0
20260602,300520,科大国创,34.69,34.61,35.57,33.79,13917400.0
20260602,300521,爱司凯,25.66,24.78,25.81,24.63,3573300.0
20260602,300522,世名科技,12.34,12.08,12.45,11.85,4467800.0
20260602,300523,辰安科技,21.88,21.45,21.88,21.17,2837600.0
20260602,300525,博思软件,8.97,9.26,9.26,8.76,20155900.0
20260602,300528,幸福蓝海,17.55,16.7,17.56,16.32,16024000.0
20260602,300529,健帆生物,18.3,18.13,18.58,18.13,5362600.0
20260602,300530,领湃科技,21.86,20.75,21.88,20.42,2415200.0
20260602,300531,优博讯,15.96,15.67,16.03,15.26,10388500.0
20260602,300532,今天国际,7.1,7.03,7.13,6.96,6843300.0
20260602,300533,冰川网络,16.58,15.99,16.68,15.88,6242000.0
20260602,300534,陇神戎发,8.16,7.99,8.24,7.93,4301800.0
20260602,300535,达威股份,16.7,16.01,17.2,15.83,3180500.0
20260602,300536,农尚环境,10.67,10.58,10.89,10.1,18207900.0
20260602,300537,广信材料,26.33,25.78,26.76,25.55,12171700.0
20260602,300538,同益股份,16.73,17.01,17.18,16.42,9008600.0
20260602,300539,横河精密,24.3,23.42,24.38,22.93,5816000.0
20260602,300540,蜀道装备,25.72,25.45,26.01,24.87,5953300.0
20260602,300541,先进数通,11.14,10.98,11.21,10.85,7856800.0
20260602,300542,新晨科技,13.32,13.04,13.49,12.88,3999800.0
20260602,300543,朗科智能,8.82,8.61,9.05,8.51,6636100.0
20260602,300545,联得装备,33.53,34.6,35.73,33.53,11285600.0
20260602,300546,雄帝科技,17.67,17.04,17.75,16.8,3945500.0
20260602,300547,川环科技,35.1,36.42,37.1,34.7,18095800.0
20260602,300548,长芯博创,224.0,234.6,240.35,218.99,20191100.0
20260602,300549,优德精密,16.12,15.62,16.28,15.55,2828400.0
20260602,300550,和仁科技,12.1,12.62,12.88,12.1,21152300.0
20260602,300551,古鳌科技,11.85,11.49,11.92,11.16,10277300.0
20260602,300552,万集科技,27.9,26.96,28.4,26.77,7393500.0
20260602,300553,集智股份,60.43,63.42,64.67,59.36,4006400.0
20260602,300554,三超新材,26.89,27.4,28.6,26.11,8028900.0
20260602,300556,丝路视觉,19.63,18.93,19.77,18.84,5596500.0
20260602,300557,理工光科,34.35,34.72,35.02,33.89,2520300.0
20260602,300558,贝达药业,50.64,48.33,50.68,47.57,15500100.0
20260602,300559,佳发教育,11.54,11.62,11.78,11.16,7705000.0
20260602,300560,中富通,18.88,18.64,19.08,18.14,23356600.0
20260602,300561,汇金科技,21.7,22.03,22.74,20.9,33178500.0
20260602,300562,乐心医疗,12.53,12.34,12.64,12.18,5340400.0
20260602,300563,神宇股份,29.89,30.16,30.5,29.31,4607400.0
20260602,300564,筑博设计,15.2,14.31,15.25,14.16,4686500.0
20260602,300565,科信技术,13.2,12.94,13.46,12.89,16886100.0
20260602,300566,激智科技,22.82,24.68,25.5,22.57,35163600.0
20260602,300567,精测电子,187.25,187.0,194.93,182.84,8882300.0
20260602,300568,星源材质,16.95,16.25,17.07,16.12,81155600.0
20260602,300569,天能重工,5.46,5.33,5.48,5.23,18186700.0
20260602,300570,太辰光,147.99,160.85,163.95,146.0,24384100.0
20260602,300571,平治信息,45.99,45.18,46.38,43.33,10214000.0
20260602,300572,安车检测,29.2,28.77,29.53,27.58,5421900.0
20260602,300573,兴齐眼药,38.7,38.71,38.94,37.91,5333900.0
20260602,300575,中旗股份,6.23,6.03,6.23,5.98,9389900.0
20260602,300576,容大感光,42.52,42.08,44.04,41.94,20549500.0
20260602,300577,开润股份,16.98,16.84,17.11,16.63,2190100.0
20260602,300578,会畅科技,19.6,18.85,19.71,18.23,7503700.0
20260602,300579,数字认证,23.68,23.23,24.11,23.0,3188200.0
20260602,300580,贝斯特,23.59,23.01,23.8,22.67,11800800.0
20260602,300581,晨曦航空,11.02,10.78,11.18,10.54,7302600.0
20260602,300582,英飞特,14.81,14.59,14.81,14.12,6776200.0
20260602,300583,赛托生物,13.16,12.86,13.21,12.8,3380900.0
20260602,300584,海辰药业,34.54,33.39,34.55,33.0,3399800.0
20260602,300585,奥联电子,18.45,18.15,18.5,17.31,5777600.0
20260602,300586,美联新材,11.4,11.4,11.57,10.97,27167200.0
20260602,300587,天铁科技,5.1,4.85,5.1,4.77,28094000.0
20260602,300588,熙菱信息,19.25,19.28,19.58,18.55,3758700.0
20260602,300589,江龙船艇,13.73,13.37,13.75,13.13,8965500.0
20260602,300590,移为通信,14.8,14.65,14.88,14.51,13731600.0
20260602,300591,万里马,7.89,7.59,8.0,7.5,12313100.0
20260602,300592,华凯易佰,12.26,11.99,12.31,11.93,9177300.0
20260602,300593,新雷能,35.16,35.74,36.18,33.56,29566400.0
20260602,300595,欧普康视,12.14,12.0,12.22,12.0,6466600.0
20260602,300596,利安隆,47.5,47.73,48.27,46.83,6712400.0
20260602,300597,吉大通信,8.73,8.41,8.77,8.32,7163200.0
20260602,300598,诚迈科技,34.15,33.99,34.88,33.2,7009900.0
20260602,300599,雄塑科技,12.88,12.78,13.17,12.52,13755500.0
20260602,300600,国瑞科技,11.09,10.84,11.16,10.66,3305800.0
20260602,300601,康泰生物,12.66,12.43,12.71,12.36,9658500.0
20260602,300602,飞荣达,44.01,45.0,45.6,43.08,37126800.0
20260602,300603,立昂技术,9.21,9.13,9.23,8.8,18107600.0
20260602,300604,长川科技,205.0,207.62,212.3,199.73,23297300.0
20260602,300605,恒锋信息,11.54,11.03,11.64,10.96,7419500.0
20260602,300606,金太阳,33.16,33.1,33.83,32.01,7732500.0
20260602,300607,拓斯达,31.06,30.37,31.38,30.3,15742100.0
20260602,300608,思特奇,12.59,12.27,12.97,12.03,33711500.0
20260602,300609,汇纳科技,38.02,37.9,38.56,37.03,3191300.0
20260602,300610,晨化股份,11.23,10.83,11.25,10.78,5022900.0
20260602,300611,美力科技,27.6,26.79,27.96,26.59,6272300.0
20260602,300612,宣亚国际,13.92,13.09,14.0,12.9,12322200.0
20260602,300613,富瀚微,59.51,58.38,60.11,57.1,9788600.0
20260602,300614,百川畅银,12.3,11.88,12.3,11.73,3240300.0
20260602,300615,欣天科技,11.86,11.49,11.97,11.35,5791400.0
20260602,300616,尚品宅配,15.06,14.64,15.37,14.22,6070000.0
20260602,300617,安靠智电,67.21,64.2,67.6,62.01,9129900.0
20260602,300618,寒锐钴业,38.5,38.74,38.77,37.1,6022800.0
20260602,300619,金银河,41.0,40.6,41.33,39.54,5247100.0
20260602,300620,光库科技,284.15,320.02,323.33,283.0,28590900.0
20260602,300621,维业股份,8.13,7.68,8.15,7.63,5359100.0
20260602,300622,博士眼镜,17.39,16.9,17.54,16.86,6522600.0
20260602,300623,捷捷微电,33.0,32.59,33.76,32.5,33095300.0
20260602,300624,万兴科技,63.0,60.15,63.88,59.66,9764500.0
20260602,300625,三雄极光,11.44,11.13,11.52,11.01,2275000.0
20260602,300626,华瑞股份,33.65,34.23,35.3,33.65,12596800.0
20260602,300627,华测导航,28.5,29.23,29.7,28.26,16020700.0
20260602,300628,亿联网络,38.0,39.5,39.94,37.61,23005500.0
20260602,300629,新劲刚,22.65,22.41,22.79,21.81,7671200.0
20260602,300631,久吾高科,24.9,24.36,24.9,23.73,2426800.0
20260602,300632,光莆股份,26.83,27.71,28.16,25.73,34914400.0
20260602,300633,开立医疗,20.5,20.43,20.8,20.11,4612500.0
20260602,300634,彩讯股份,26.4,25.82,26.97,25.65,26967600.0
20260602,300635,中达安,14.2,13.86,14.33,13.59,4750900.0
20260602,300636,同和药业,7.05,6.82,7.06,6.8,5031100.0
20260602,300637,扬帆新材,10.11,9.75,10.13,9.65,6152200.0
20260602,300638,广和通,23.29,22.83,23.65,22.75,18286000.0
20260602,300639,凯普生物,5.82,5.61,5.82,5.56,12451100.0
20260602,300640,德艺文创,6.92,6.53,6.95,6.45,15803100.0
20260602,300641,正丹股份,15.46,15.15,15.56,15.1,4857900.0
20260602,300642,透景生命,14.28,13.79,14.35,13.69,2409600.0
20260602,300643,万通智控,17.45,17.55,17.65,16.75,5201300.0
20260602,300644,南京聚隆,25.18,24.73,25.4,24.31,2322400.0
20260602,300645,正元智慧,14.68,14.1,14.74,14.03,4456100.0
20260602,300647,超频三,6.54,6.75,6.83,6.46,33550400.0
20260602,300648,星云股份,49.01,48.66,50.27,48.5,2103400.0
20260602,300649,杭州园林,29.15,26.05,29.15,24.46,22041600.0
20260602,300650,太龙股份,13.98,13.71,14.0,13.4,6724500.0
20260602,300651,金陵体育,27.95,24.54,28.0,24.52,20386000.0
20260602,300652,雷迪克,42.47,43.36,44.08,41.35,3580700.0
20260602,300653,正海生物,16.43,15.97,16.45,15.9,1591500.0
20260602,300654,世纪天鸿,9.7,10.54,10.97,9.66,37439100.0
20260602,300655,晶瑞电材,14.6,14.5,14.75,14.17,42880500.0
20260602,300656,民德电子,29.95,30.83,32.0,29.0,8160100.0
20260602,300657,弘信电子,40.75,40.12,40.98,38.9,50878700.0
20260602,300658,延江股份,12.4,12.07,12.4,11.58,10070400.0
20260602,300659,中孚信息,11.53,11.25,11.55,11.07,4902400.0
20260602,300660,江苏雷利,43.35,42.87,44.17,42.65,5748800.0
20260602,300661,圣邦股份,106.0,106.58,109.5,102.3,30116400.0
20260602,300662,科锐国际,22.11,21.6,22.25,21.45,3130500.0
20260602,300663,科蓝软件,8.18,7.94,8.25,7.82,17886100.0
20260602,300664,鹏鹞环保,5.04,5.08,5.12,4.94,12029500.0
20260602,300665,飞鹿股份,9.72,9.62,9.99,9.26,10036600.0
20260602,300666,江丰电子,188.6,209.22,215.88,188.6,25881600.0
20260602,300667,必创科技,16.97,17.11,17.44,16.52,6976400.0
20260602,300668,杰恩股份,60.89,59.69,61.23,58.7,5397500.0
20260602,300669,沪宁股份,29.33,28.27,29.35,27.48,2090600.0
20260602,300670,大烨智能,6.9,6.88,6.98,6.49,16254200.0
20260602,300671,富满微,44.63,43.87,45.2,42.64,8640200.0
20260602,300672,国科微,318.82,314.32,321.82,296.0,13979600.0
20260602,300673,佩蒂股份,15.42,15.36,15.49,15.06,3056600.0
20260602,300674,宇信科技,17.23,16.88,17.26,16.78,7259400.0
20260602,300675,建科院,14.95,14.18,14.98,14.13,3690300.0
20260602,300676,华大基因,36.3,36.1,36.4,35.6,4804700.0
20260602,300677,英科医疗,45.49,46.68,49.6,45.14,24919400.0
20260602,300678,中科信息,25.0,24.53,25.11,24.32,4063500.0
20260602,300679,电连技术,53.69,58.21,59.2,51.92,32453800.0
20260602,300680,隆盛科技,34.3,34.33,34.54,33.08,6378200.0
20260602,300681,英搏尔,31.65,32.64,33.56,31.5,14084600.0
20260602,300682,朗新科技,12.76,12.47,12.85,12.2,16982700.0
20260602,300683,海特生物,27.49,26.13,27.53,25.94,5634000.0
20260602,300684,中石科技,56.84,58.04,59.66,55.51,14846500.0
20260602,300686,智动力,15.64,16.35,16.62,14.85,16999700.0
20260602,300687,赛意信息,26.43,25.63,26.82,25.16,16934000.0
20260602,300688,创业黑马,25.73,24.87,25.73,24.58,4496000.0
20260602,300689,澄天伟业,54.54,51.93,55.09,51.8,2295300.0
20260602,300690,双一科技,25.52,24.9,25.67,24.55,3333100.0
20260602,300691,联合光电,16.03,15.78,16.35,15.77,7171700.0
20260602,300692,中赋科技,8.3,8.32,8.45,8.05,10824200.0
20260602,300693,盛弘股份,51.23,50.41,51.5,48.21,14498500.0
20260602,300694,蠡湖股份,10.89,10.55,10.9,10.38,4593500.0
20260602,300695,兆丰股份,62.0,61.95,63.22,59.35,1380900.0
20260602,300696,爱乐达,30.43,29.22,30.69,28.99,7278100.0
20260602,300697,电工合金,16.53,16.9,17.08,16.39,10614000.0
20260602,300698,万马科技,34.66,34.19,35.1,33.8,2212100.0
20260602,300699,光威复材,29.56,29.13,29.66,28.6,14559300.0
20260602,300700,岱勒新材,18.61,19.32,19.42,18.06,13365100.0
20260602,300701,森霸传感,11.06,10.87,11.17,10.7,4266800.0
20260602,300702,天宇股份,19.3,19.07,19.33,18.92,2618700.0
20260602,300703,创源股份,17.48,16.42,17.55,16.2,11602300.0
20260602,300705,九典制药,11.79,12.03,12.2,11.75,8612800.0
20260602,300706,阿石创,47.33,51.31,52.91,47.2,15972500.0
20260602,300707,威唐工业,13.13,12.95,13.25,12.78,5218500.0
20260602,300708,聚灿光电,8.99,8.74,9.05,8.64,30951700.0
20260602,300709,精研科技,44.23,48.1,49.3,44.23,16990500.0
20260602,300710,万隆光电,35.29,36.99,39.78,35.01,11963900.0
20260602,300711,广哈通信,19.46,19.01,19.6,18.9,4384100.0
20260602,300712,永福股份,23.31,22.98,23.58,22.32,2452600.0
20260602,300713,英可瑞,15.96,15.43,16.27,15.25,3744200.0
20260602,300715,凯伦股份,23.32,24.38,24.96,21.9,48951300.0
20260602,300717,华信新材,19.2,18.46,19.4,18.28,1988400.0
20260602,300718,长盛轴承,73.99,74.4,77.36,73.3,13082500.0
20260602,300719,安达维尔,12.67,12.56,12.76,12.24,3588000.0
20260602,300720,海川智能,65.6,67.0,68.94,64.31,8319500.0
20260602,300721,怡达股份,32.97,31.96,34.2,31.68,20105400.0
20260602,300722,新余国科,23.97,23.48,24.04,23.15,2224900.0
20260602,300723,一品红,42.19,38.56,42.39,38.5,20003800.0
20260602,300724,捷佳伟创,78.03,75.58,78.62,73.93,15181500.0
20260602,300725,药石科技,35.11,34.31,35.11,34.0,5571600.0
20260602,300726,宏达电子,60.2,65.23,66.3,59.08,26599000.0
20260602,300727,润禾材料,33.36,33.15,33.99,32.8,4799600.0
20260602,300729,乐歌股份,11.56,11.22,11.67,11.13,3810900.0
20260602,300730,科创信息,15.3,14.57,15.42,14.3,12239900.0
20260602,300731,科创新源,62.6,61.44,63.38,57.64,9264600.0
20260602,300732,设研院,7.23,6.93,7.23,6.86,8374000.0
20260602,300733,西菱动力,16.93,16.98,17.49,16.65,6394900.0
20260602,300735,光弘科技,22.05,22.53,23.15,21.73,28768900.0
20260602,300736,百邦科技,33.23,31.92,33.59,30.97,8403800.0
20260602,300737,科顺股份,7.4,7.59,7.72,6.84,80231800.0
20260602,300738,奥飞数据,21.86,22.03,22.05,20.87,56911000.0
20260602,300739,明阳电路,31.58,31.56,32.54,30.5,32581500.0
20260602,300740,水羊股份,24.78,24.66,25.3,24.24,10509200.0
20260602,300741,华宝股份,14.75,14.47,14.79,14.3,1988000.0
20260602,300743,天地数码,18.05,17.54,18.17,17.3,3524400.0
20260602,300745,欣锐科技,43.36,43.5,43.88,41.41,5772800.0
20260602,300746,汉嘉数智,11.47,11.03,11.47,10.84,4288400.0
20260602,300747,锐科激光,39.11,40.66,42.28,38.3,45356800.0
20260602,300748,金力永磁,30.8,31.32,31.65,29.79,29076600.0
20260602,300749,顶固集创,22.51,21.92,22.71,21.41,6084800.0
20260602,300750,宁德时代,425.0,433.89,437.75,423.0,38798200.0
20260602,300751,迈为股份,238.36,218.72,241.36,217.51,14145400.0
20260602,300752,隆利科技,14.34,15.06,15.48,14.15,35646400.0
20260602,300753,爱朋医疗,22.34,22.43,22.6,21.36,4164800.0
20260602,300755,华致酒行,16.31,15.7,16.65,15.6,8741500.0
20260602,300756,金马游乐,32.33,33.72,34.15,31.17,7663000.0
20260602,300757,罗博特科,607.3,650.59,652.58,591.27,9254000.0
20260602,300758,七彩化学,12.78,12.0,12.89,11.9,19621900.0
20260602,300759,康龙化成,24.48,24.04,24.58,23.7,22939900.0
20260602,300760,迈瑞医疗,149.02,146.99,149.16,146.71,8225900.0
20260602,300761,立华股份,20.47,19.94,20.64,19.94,7877300.0
20260602,300762,上海瀚讯,32.66,33.54,34.28,31.33,40990900.0
20260602,300763,锦浪科技,119.22,112.6,123.38,110.18,17824000.0
20260602,300765,石药创新,25.97,25.56,26.05,24.53,11421400.0
20260602,300766,每日互动,25.99,24.91,26.0,24.3,18868500.0
20260602,300767,震安科技,19.62,19.56,19.82,18.83,6579400.0
20260602,300768,迪普科技,16.67,16.08,16.68,16.0,5071500.0
20260602,300769,德方纳米,65.97,65.19,66.22,62.72,17750700.0
20260602,300770,新媒股份,35.82,35.3,35.83,35.04,1598200.0
20260602,300771,智莱科技,11.99,11.85,12.09,11.65,3426200.0
20260602,300772,运达股份,15.07,14.35,15.18,14.31,19381100.0
20260602,300773,拉卡拉,24.7,23.97,24.76,23.78,22323300.0
20260602,300774,倍杰特,14.38,13.92,14.64,13.88,14732600.0
20260602,300775,三角防务,24.83,24.16,24.95,23.8,14490100.0
20260602,300776,帝尔激光,148.73,151.0,154.51,140.54,14547900.0
20260602,300777,中简科技,32.26,31.99,32.63,31.0,11595600.0
20260602,300778,新城市,12.08,11.53,12.15,11.4,6659400.0
20260602,300779,惠城环保,80.84,78.74,81.16,78.37,5696700.0
20260602,300780,德恩精工,26.92,26.76,27.46,25.95,6886700.0
20260602,300781,因赛集团,32.98,31.49,33.28,30.85,6399300.0
20260602,300782,卓胜微,100.14,101.32,103.7,99.6,20641400.0
20260602,300783,三只松鼠,18.36,17.81,18.43,17.81,7069200.0
20260602,300784,利安科技,46.47,45.84,47.16,45.44,900600.0
20260602,300785,值得买,47.99,46.51,48.58,45.4,9305500.0
20260602,300786,国林科技,18.11,17.71,18.22,17.41,8464500.0
20260602,300787,海能实业,10.16,9.78,10.16,9.7,5870100.0
20260602,300788,中信出版,28.01,26.94,28.16,26.7,4421600.0
20260602,300789,唐源电气,22.17,21.49,22.25,20.92,2809400.0
20260602,300790,宇瞳光学,22.92,23.15,23.96,22.63,29067500.0
20260602,300791,仙乐健康,18.57,17.89,18.85,17.72,2645600.0
20260602,300792,壹网壹创,36.08,34.54,36.08,34.03,13854700.0
20260602,300793,佳禾智能,13.7,13.62,13.95,13.52,5378300.0
20260602,300795,米奥会展,10.55,10.12,10.61,10.04,10359500.0
20260602,300796,贝斯美,7.89,7.76,8.16,7.65,8127700.0
20260602,300797,钢研纳克,14.22,13.94,14.28,13.8,2478100.0
20260602,300798,锦鸡股份,8.01,7.83,8.03,7.66,11595400.0
20260602,300800,力合科技,11.0,10.67,11.12,10.62,3370400.0
20260602,300801,泰和科技,26.87,26.14,26.99,25.69,4196100.0
20260602,300802,矩子科技,21.6,21.7,22.17,21.34,10959700.0
20260602,300803,指南针,91.0,89.69,91.3,87.52,18678300.0
20260602,300804,广康生化,38.03,37.02,38.98,36.29,1071300.0
20260602,300805,电声股份,9.03,8.6,9.06,8.52,10012500.0
20260602,300806,斯迪克,72.94,77.28,80.64,70.0,29695800.0
20260602,300807,天迈科技,46.1,44.84,47.35,44.52,1037500.0
20260602,300808,久量股份,23.99,23.59,24.13,23.53,2070300.0
20260602,300809,华辰装备,39.53,36.45,40.25,36.17,16621400.0
20260602,300810,中科海讯,27.21,26.85,27.4,26.36,1802900.0
20260602,300811,铂科新材,80.77,87.83,90.73,78.6,24068900.0
20260602,300812,易天股份,35.29,34.8,35.88,34.51,7066800.0
20260602,300813,泰林生物,22.0,21.55,22.08,21.25,1659400.0
20260602,300814,中富电路,143.2,149.9,154.18,139.51,10953100.0
20260602,300815,玉禾田,20.55,20.34,20.96,20.29,3257600.0
20260602,300816,艾可蓝,92.0,90.55,93.0,87.3,2782300.0
20260602,300817,双飞集团,18.55,18.42,18.96,18.15,2168500.0
20260602,300818,耐普矿机,24.46,24.61,25.46,24.06,6088300.0
20260602,300819,聚杰微纤,65.56,64.04,65.97,62.38,5052200.0
20260602,300820,英杰电气,64.22,65.0,66.16,63.0,6959500.0
20260602,300821,东岳硅材,15.46,14.88,15.48,14.3,66621700.0
20260602,300822,贝仕达克,14.64,14.29,14.75,14.21,3786600.0
20260602,300823,建科智能,17.66,16.92,17.94,16.86,4072900.0
20260602,300824,北鼎股份,8.92,8.56,8.92,8.54,3555200.0
20260602,300825,阿尔特,14.25,13.89,14.25,13.45,33517700.0
20260602,300826,测绘股份,17.5,18.85,19.05,17.38,21071800.0
20260602,300827,上能电气,33.23,32.33,33.79,31.52,18635300.0
20260602,300828,锐新科技,19.66,19.36,20.06,19.04,4330200.0
20260602,300829,金丹科技,17.87,17.57,17.93,17.26,5320100.0
20260602,300830,金现代,9.78,9.51,9.95,9.4,12102300.0
20260602,300832,新产业,46.16,45.17,46.53,44.47,6178000.0
20260602,300833,浩洋股份,35.32,34.52,35.38,34.34,570000.0
20260602,300834,星辉环材,46.01,48.78,49.02,44.35,4309400.0
20260602,300835,龙磁科技,172.79,195.9,197.0,166.49,8776500.0
20260602,300836,佰奥智能,70.92,70.49,71.42,67.64,2264800.0
20260602,300837,浙矿股份,30.17,29.19,30.17,28.81,1559700.0
20260602,300838,浙江力诺,17.7,16.98,17.8,16.68,4980800.0
20260602,300839,博汇股份,16.88,16.26,16.9,15.84,7823100.0
20260602,300840,酷特智能,22.77,22.05,23.0,21.85,7924500.0
20260602,300841,康华生物,48.08,47.11,48.4,46.93,1997200.0
20260602,300842,帝科股份,82.85,81.88,83.32,78.0,6264900.0
20260602,300843,胜蓝股份,85.95,86.78,87.8,84.0,4301400.0
20260602,300844,山水比德,28.01,27.07,28.65,26.31,1973200.0
20260602,300845,捷安高科,14.54,14.08,14.72,14.02,5370400.0
20260602,300846,首都在线,24.48,23.61,24.68,23.01,30401800.0
20260602,300847,中船汉光,14.71,14.59,14.82,14.42,2774600.0
20260602,300848,美瑞新材,14.54,14.38,14.61,14.09,5770700.0
20260602,300849,锦盛新材,25.26,25.62,25.62,23.83,12688800.0
20260602,300850,新强联,33.75,33.05,33.8,32.51,13154300.0
20260602,300851,交大思诺,27.8,27.0,28.36,26.92,3709900.0
20260602,300852,四会富仕,50.7,51.07,52.16,49.37,7220900.0
20260602,300853,申昊科技,38.1,38.61,38.82,36.95,9357300.0
20260602,300854,中兰环保,27.9,30.86,31.6,27.82,14125300.0
20260602,300855,图南股份,36.28,35.09,36.39,34.2,8677700.0
20260602,300856,科思股份,13.2,12.66,13.35,12.64,7356300.0
20260602,300857,协创数据,241.19,235.53,242.68,226.8,19840100.0
20260602,300858,科拓生物,16.2,15.77,16.2,15.66,5127900.0
20260602,300859,西域旅游,28.66,28.82,29.18,28.32,3110100.0
20260602,300860,锋尚文化,26.16,25.94,26.23,25.81,1962100.0
20260602,300861,美畅股份,19.18,18.76,19.3,18.31,18520700.0
20260602,300862,蓝盾光电,22.87,22.44,23.14,21.82,3766600.0
20260602,300863,卡倍亿,62.93,67.38,70.27,62.0,22901100.0
20260602,300864,南大环境,22.96,22.56,23.35,22.34,1591000.0
20260602,300865,大宏立,28.33,26.9,28.33,26.58,1578900.0
20260602,300866,安克创新,122.6,117.63,122.6,115.73,5392700.0
20260602,300867,圣元环保,20.13,20.47,20.66,19.87,7504800.0
20260602,300868,杰美特,104.6,106.25,111.22,103.01,4898600.0
20260602,300869,康泰医学,11.72,11.51,11.75,11.44,2263100.0
20260602,300870,欧陆通,257.0,271.61,276.7,251.98,5335700.0
20260602,300871,回盛生物,21.27,20.74,21.28,20.53,3766200.0
20260602,300872,天阳科技,19.88,19.26,20.37,19.15,12996600.0
20260602,300873,海晨股份,22.27,21.46,22.65,21.39,3228100.0
20260602,300875,捷强装备,33.93,33.55,34.08,32.61,2122100.0
20260602,300876,蒙泰高新,18.9,17.88,18.9,17.7,3415400.0
20260602,300877,金春股份,32.47,31.22,32.47,30.5,3434600.0
20260602,300878,维康药业,30.1,29.91,30.22,28.93,3147500.0
20260602,300879,大叶股份,19.43,19.12,19.5,18.5,3692400.0
20260602,300880,迦南智能,23.17,22.59,23.2,22.03,8070900.0
20260602,300881,盛德鑫泰,50.32,49.36,50.99,48.35,2527300.0
20260602,300882,万胜智能,17.16,16.52,17.29,16.37,3748500.0
20260602,300883,龙利得,6.62,6.66,6.68,6.39,19311700.0
20260602,300884,狄耐克,11.41,11.06,11.43,10.9,4622700.0
20260602,300885,海昌新材,26.68,26.26,27.24,25.69,6737000.0
20260602,300886,华业香料,24.98,24.57,25.53,23.95,2074100.0
20260602,300887,谱尼测试,8.86,8.64,8.88,8.46,10117600.0
20260602,300888,稳健医疗,29.3,28.97,29.49,28.87,2531500.0
20260602,300889,爱克股份,23.05,22.77,23.15,22.35,3694700.0
20260602,300890,翔丰华,36.38,35.18,36.38,34.34,8399500.0
20260602,300891,惠云钛业,7.38,7.13,7.4,7.08,6516800.0
20260602,300892,品渥食品,24.7,23.83,24.74,23.6,2365600.0
20260602,300893,松原安全,20.73,21.39,22.18,20.26,3914200.0
20260602,300894,火星人,9.42,9.14,9.52,9.1,4160800.0
20260602,300895,铜牛信息,60.0,59.4,60.38,57.2,6101300.0
20260602,300896,爱美客,103.95,101.31,104.35,100.8,2588300.0
20260602,300897,山科智能,19.47,19.4,19.83,18.03,6418600.0
20260602,300898,熊猫乳品,22.19,21.83,22.25,21.7,4018100.0
20260602,300899,上海凯鑫,33.89,32.74,34.75,32.35,1030600.0
20260602,300900,广联航空,34.4,34.3,34.68,32.47,18262400.0
20260602,300901,中胤时尚,15.31,15.21,15.38,14.67,3021000.0
20260602,300902,国安达,15.72,15.31,15.76,15.09,2630800.0
20260602,300903,科翔股份,67.85,66.36,68.65,62.0,24265500.0
20260602,300904,威力传动,51.22,48.57,51.85,48.36,1452500.0
20260602,300905,宝丽迪,62.81,61.75,63.33,60.3,9451200.0
20260602,300906,日月明,30.92,29.57,31.34,29.0,2842400.0
20260602,300907,康平科技,40.14,44.49,45.92,39.82,8066700.0
20260602,300908,仲景食品,24.79,24.6,25.18,24.33,1807400.0
20260602,300909,汇创达,47.0,47.55,49.5,46.96,5036200.0
20260602,300910,瑞丰新材,34.28,33.8,34.66,32.87,7131500.0
20260602,300911,亿田智能,25.65,25.01,25.8,24.36,4941600.0
20260602,300912,凯龙高科,26.55,26.07,26.94,25.6,3318200.0
20260602,300913,兆龙互连,58.37,60.59,62.7,58.18,23159800.0
20260602,300915,海融科技,23.9,23.09,24.14,22.91,1549900.0
20260602,300916,朗特智能,33.03,32.3,33.46,31.24,4482600.0
20260602,300917,特发服务,30.43,29.96,31.49,29.52,9743800.0
20260602,300918,南山智尚,12.43,12.22,12.52,11.99,6550600.0
20260602,300919,中伟新材,52.3,51.29,52.45,50.4,13263600.0
20260602,300920,润阳科技,46.95,46.23,47.81,45.38,2153900.0
20260602,300921,南凌科技,18.78,18.7,18.88,17.93,8909700.0
20260602,300922,天秦装备,24.0,23.76,24.48,23.47,8739300.0
20260602,300923,研奥股份,24.42,23.22,24.43,23.01,1481000.0
20260602,300925,法本信息,16.66,18.3,18.9,16.26,30574000.0
20260602,300926,博俊科技,20.18,20.22,20.49,19.92,5353100.0
20260602,300927,江天化学,24.61,23.93,24.87,23.46,2956600.0
20260602,300928,华安鑫创,33.48,33.51,33.96,32.31,1962000.0
20260602,300929,华骐环保,12.54,12.03,12.77,11.93,3774800.0
20260602,300930,屹通新材,33.0,34.17,34.49,32.01,3497800.0
20260602,300931,通用电梯,15.58,15.18,15.72,15.03,4098800.0
20260602,300932,三友联众,9.95,10.03,10.27,9.63,13543400.0
20260602,300933,中辰股份,7.74,7.52,7.76,7.37,12705800.0
20260602,300935,盈建科,36.77,35.66,37.48,34.67,2303000.0
20260602,300936,中英科技,101.85,99.15,104.5,93.7,4852800.0
20260602,300937,药易购,23.82,23.26,23.95,22.96,1856100.0
20260602,300938,信测标准,52.55,52.17,53.23,51.48,8130800.0
20260602,300939,秋田微,68.43,67.22,70.31,65.0,10548600.0
20260602,300940,南极光,17.83,17.29,17.95,16.9,5124600.0
20260602,300941,创识科技,16.7,16.07,16.74,15.91,3816200.0
20260602,300942,易瑞生物,6.9,6.72,6.92,6.66,5129100.0
20260602,300943,春晖智控,38.91,37.72,39.71,36.89,8782800.0
20260602,300945,曼卡龙,12.95,12.71,12.99,12.5,6792200.0
20260602,300946,恒而达,45.96,46.35,47.5,45.58,1534400.0
20260602,300947,德必集团,16.03,15.17,16.05,15.02,3799700.0
20260602,300948,冠中生态,27.7,27.72,28.18,26.5,8521400.0
20260602,300949,奥雅股份,25.87,24.79,27.09,24.68,2118700.0
20260602,300950,德固特,19.2,18.65,19.31,18.45,1967000.0
20260602,300951,博硕科技,38.81,39.7,39.94,38.56,3753600.0
20260602,300952,恒辉安防,22.8,21.93,23.44,21.73,9543500.0
20260602,300953,震裕科技,146.88,146.75,149.5,143.5,7438600.0
20260602,300955,嘉亨家化,42.24,41.19,42.75,40.24,3141000.0
20260602,300956,英力股份,19.28,19.2,19.86,18.01,52396900.0
20260602,300957,贝泰妮,37.88,36.9,38.1,36.75,5873000.0
20260602,300958,建工修复,13.25,12.83,13.3,12.72,3171200.0
20260602,300959,线上线下,202.16,225.0,234.87,200.01,7038300.0
20260602,300960,通业科技,18.75,18.14,18.95,18.04,2085100.0
20260602,300961,深水海纳,12.4,12.18,12.45,11.94,4774200.0
20260602,300962,中金辐照,13.86,13.56,13.88,13.5,2463000.0
20260602,300963,中洲特材,14.72,14.37,14.75,13.88,8655200.0
20260602,300964,本川智能,105.13,111.66,112.88,102.19,10153100.0
20260602,300965,恒宇信通,52.68,51.6,52.99,50.41,2380700.0
20260602,300966,共同药业,27.03,26.66,27.46,26.58,2178200.0
20260602,300967,晓鸣股份,20.36,20.52,21.0,19.92,17173800.0
20260602,300968,格林精密,12.01,12.0,13.1,11.8,18927500.0
20260602,300969,恒帅股份,103.99,101.15,106.22,100.55,2965300.0
20260602,300970,华绿生物,29.13,28.36,29.39,27.8,4355400.0
20260602,300971,博亚精工,22.12,21.46,22.12,21.16,2772400.0
20260602,300972,万辰集团,193.39,191.67,197.98,189.53,2920500.0
20260602,300973,立高食品,28.2,27.59,28.26,27.42,2849300.0
20260602,300975,商络电子,38.6,43.41,44.91,37.5,107942400.0
20260602,300976,达瑞电子,59.92,64.17,65.29,59.61,8358600.0
20260602,300977,深圳瑞捷,20.59,19.29,20.59,16.2,2543000.0
20260602,300978,东箭科技,10.04,9.75,10.09,9.72,2739300.0
20260602,300979,华利集团,34.73,35.17,35.48,34.58,2371400.0
20260602,300980,祥源新材,27.66,27.14,27.66,26.55,2994400.0
20260602,300981,中红医疗,12.69,12.79,12.98,12.41,5842900.0
20260602,300982,苏文电能,22.0,20.9,22.23,20.9,6658100.0
20260602,300983,尤安设计,34.98,34.62,35.39,33.94,1584800.0
20260602,300984,金沃股份,56.26,56.1,57.17,54.44,2281800.0
20260602,300985,致远新能,23.76,23.29,24.1,23.03,2522700.0
20260602,300986,志特新材,19.87,18.93,19.89,18.57,17327000.0
20260602,300987,川网传媒,15.15,14.38,15.15,14.22,5365900.0
20260602,300988,津荣天宇,18.3,18.24,18.52,17.85,4933200.0
20260602,300989,蕾奥规划,14.42,14.15,14.48,13.65,5373900.0
20260602,300990,同飞股份,77.8,78.5,79.88,76.05,4415100.0
20260602,300991,创益通,38.51,38.28,38.98,37.08,3314800.0
20260602,300992,泰福泵业,28.16,27.3,28.16,26.9,1946300.0
20260602,300993,玉马科技,10.93,10.85,11.05,10.67,3630900.0
20260602,300994,久祺股份,12.84,12.54,12.91,12.5,1721000.0
20260602,300995,奇德新材,34.08,33.45,34.25,32.49,1890600.0
20260602,300996,普联软件,12.52,12.27,12.54,12.08,12102500.0
20260602,300997,欢乐家,19.45,19.32,20.64,18.78,18336700.0
20260602,300998,宁波方正,27.27,26.6,27.54,26.2,3189500.0
20260602,300999,金龙鱼,27.17,27.0,27.95,26.9,14447800.0
20260602,301000,肇民科技,30.77,30.01,31.62,29.72,5811700.0
20260602,301001,凯淳股份,28.05,26.8,28.35,26.56,1589000.0
20260602,301002,崧盛股份,47.13,48.91,49.86,46.4,5446100.0
20260602,301003,江苏博云,51.48,49.45,51.72,48.5,3048100.0
20260602,301004,嘉益股份,39.05,38.16,39.23,37.9,486100.0
20260602,301005,超捷股份,100.98,99.01,101.0,95.5,6290200.0
20260602,301006,迈拓股份,15.62,15.16,15.85,14.89,2764200.0
20260602,301007,德迈仕,34.2,34.89,34.89,33.21,4065200.0
20260602,301008,宏昌科技,25.23,24.89,25.91,24.63,5215800.0
20260602,301009,可靠股份,9.86,9.63,9.92,9.61,3243400.0
20260602,301010,晶雪节能,20.63,19.86,20.76,19.61,2663800.0
20260602,301011,华立科技,17.34,16.87,17.37,16.59,2263500.0
20260602,301012,扬电科技,32.99,32.4,32.99,31.01,10615600.0
20260602,301013,利和兴,45.47,53.5,53.76,44.44,71260000.0
20260602,301015,百洋医药,21.8,21.01,21.89,21.0,4057600.0
20260602,301016,雷尔伟,15.68,15.14,15.9,14.9,3571600.0
20260602,301017,漱玉平民,14.58,14.55,14.75,14.35,8944200.0
20260602,301018,申菱环境,95.89,98.9,101.19,94.5,13755000.0
20260602,301019,宁波色母,21.74,21.1,21.77,20.96,1119100.0
20260602,301020,密封科技,25.6,25.06,25.99,24.55,4316900.0
20260602,301021,英诺激光,96.01,94.52,96.47,91.7,8257300.0
20260602,301022,海泰科,27.77,26.85,27.93,26.53,1938600.0
20260602,301023,奕帆传动,38.43,38.69,39.94,38.42,2463700.0
20260602,301024,霍普股份,46.8,45.47,47.72,44.51,1037800.0
20260602,301025,读客文化,9.84,9.33,9.84,9.3,7776300.0
20260602,301026,浩通科技,23.69,23.72,24.13,23.1,6614100.0
20260602,301027,华蓝集团,21.31,20.2,21.31,19.82,4991800.0
20260602,301028,鼎熔岩,19.73,19.66,20.15,19.37,10736800.0
20260602,301029,怡合达,27.68,28.06,28.48,27.49,15156200.0
20260602,301031,中熔电气,169.26,165.9,171.0,163.77,2855300.0
20260602,301032,新柴股份,11.39,11.13,11.53,11.03,4217600.0
20260602,301033,迈普医学,49.79,48.68,49.85,47.91,623900.0
20260602,301035,润丰股份,54.58,52.83,55.19,52.76,1521100.0
20260602,301036,双乐股份,24.82,24.21,25.18,24.14,998300.0
20260602,301037,保立佳,15.78,14.8,15.99,14.62,2989400.0
20260602,301038,深水规院,19.6,19.29,20.1,19.02,5300000.0
20260602,301039,中集车辆,8.15,8.07,8.17,8.01,10446600.0
20260602,301040,中环海陆,29.5,29.51,30.12,28.93,2388500.0
20260602,301041,金百泽,34.21,34.1,35.28,33.18,8952600.0
20260602,301042,安联锐视,102.45,109.0,109.87,101.0,1966300.0
20260602,301043,绿岛风,45.38,45.4,46.07,43.9,1162300.0
20260602,301045,天禄科技,50.8,52.8,53.49,49.12,5442700.0
20260602,301046,能辉科技,26.52,28.78,29.09,26.52,8597600.0
20260602,301047,义翘神州,63.8,65.7,66.62,63.77,1384800.0
20260602,301048,金鹰重工,9.91,9.63,9.91,9.58,4486200.0
20260602,301049,超越科技,22.38,21.52,22.5,21.25,1724200.0
20260602,301050,雷电微力,37.77,36.63,37.98,36.37,4707100.0
20260602,301051,信濠光电,17.5,17.53,17.88,16.85,6892700.0
20260602,301052,果麦文化,28.43,27.35,28.45,27.06,3245400.0
20260602,301053,远信工业,42.81,43.64,44.42,41.27,7302700.0
20260602,301055,张小泉,32.66,33.44,33.44,32.14,3168900.0
20260602,301056,森赫股份,13.2,12.83,13.26,12.5,2698200.0
20260602,301057,汇隆新材,29.98,29.18,30.61,28.85,1612300.0
20260602,301058,中粮科工,9.14,8.91,9.14,8.9,5727500.0
20260602,301059,金三江,14.36,14.07,14.39,13.91,2737700.0
20260602,301060,兰卫医学,9.86,9.38,9.93,9.34,8575200.0
20260602,301061,匠心家居,42.93,41.18,43.48,41.1,1986700.0
20260602,301062,上海艾录,6.99,6.77,7.11,6.7,5921700.0
20260602,301063,海锅股份,20.69,20.42,20.97,20.0,1557300.0
20260602,301065,本立科技,21.52,20.7,21.58,20.66,1414700.0
20260602,301066,万事利,14.58,14.42,14.8,13.87,4873200.0
20260602,301067,显盈科技,32.16,32.38,32.9,31.86,2696300.0
20260602,301068,大地海洋,30.11,29.33,30.39,29.0,1308700.0
20260602,301069,凯盛新材,19.28,18.7,19.4,18.43,9393400.0
20260602,301070,开勒股份,94.62,92.8,95.0,89.71,1819000.0
20260602,301071,力量钻石,72.55,75.81,77.5,71.31,31209900.0
20260602,301072,中捷精工,23.04,22.81,23.33,22.21,1653400.0
20260602,301073,君亭酒店,23.02,22.14,23.19,22.0,4647500.0
20260602,301075,多瑞医药,75.79,73.95,77.48,72.79,1326600.0
20260602,301076,新瀚新材,28.25,27.7,28.8,27.18,4436700.0
20260602,301077,星华新材,27.52,27.33,27.96,26.65,1588400.0
20260602,301078,孩子王,9.45,9.13,9.51,9.11,36597900.0
20260602,301079,邵阳液压,35.92,35.26,36.2,34.2,4260800.0
20260602,301080,百普赛斯,39.99,39.67,40.08,39.16,1893100.0
20260602,301081,严牌股份,19.72,19.26,19.81,18.81,5289900.0
20260602,301082,久盛电气,10.68,10.36,10.74,10.27,5066400.0
20260602,301083,百胜智能,15.63,15.15,15.76,15.0,2258600.0
20260602,301085,亚康股份,72.86,69.3,74.03,67.8,4247300.0
20260602,301086,鸿富瀚,159.66,156.96,160.85,152.2,2643700.0
20260602,301087,可孚医疗,46.93,46.08,47.42,46.0,1714600.0
20260602,301088,戎美股份,14.9,14.5,14.97,14.41,1426400.0
20260602,301089,拓新药业,24.42,23.76,24.42,23.6,1275800.0
20260602,301090,华润材料,7.35,7.09,7.35,7.04,10562400.0
20260602,301091,深城交,18.69,18.46,18.85,18.2,4252600.0
20260602,301092,争光股份,49.88,50.63,51.3,48.33,5507100.0
20260602,301093,华兰股份,129.51,116.0,132.2,112.59,7135300.0
20260602,301095,广立微,90.47,88.0,90.67,87.44,6315200.0
20260602,301096,百诚医药,58.0,56.35,60.41,56.31,7115900.0
20260602,301097,天益医疗,53.32,55.0,55.18,51.77,1097700.0
20260602,301098,金埔园林,9.56,9.26,9.71,8.82,19451400.0
20260602,301099,雅创电子,64.35,71.47,73.88,64.35,14338300.0
20260602,301100,风光股份,17.08,16.23,17.08,16.11,1686500.0
20260602,301101,明月镜片,32.97,31.96,33.13,31.87,1931100.0
20260602,301102,兆讯传媒,10.15,9.64,10.15,9.56,3751500.0
20260602,301103,何氏眼科,17.64,17.11,17.75,17.07,2021400.0
20260602,301105,鸿铭股份,54.02,51.7,54.12,51.32,492500.0
20260602,301106,骏成科技,26.44,26.02,26.59,25.08,5738600.0
20260602,301107,瑜欣电子,23.13,24.12,24.47,22.01,17269100.0
20260602,301108,洁雅股份,24.51,23.41,24.59,23.17,3177100.0
20260602,301109,军信股份,14.6,14.29,14.6,14.28,6310200.0
20260602,301110,青木科技,45.23,44.24,45.24,43.08,4701900.0
20260602,301111,粤万年青,26.93,27.73,27.86,26.8,5541800.0
20260602,301112,信邦智能,33.53,32.29,33.72,31.92,1584800.0
20260602,301113,雅艺科技,18.96,18.31,19.04,17.95,1434600.0
20260602,301115,联检科技,29.35,28.28,29.44,27.8,5612800.0
20260602,301116,益客食品,10.02,9.75,10.2,9.72,4305000.0
20260602,301118,恒光股份,29.75,29.36,30.14,28.66,3334500.0
20260602,301119,正强股份,35.2,34.1,35.8,33.77,1050900.0
20260602,301120,新特电气,26.88,23.81,26.88,23.28,40255700.0
20260602,301121,紫建电子,37.6,37.45,37.86,36.08,1310000.0
20260602,301122,采纳股份,27.99,27.34,28.27,26.88,2470500.0
20260602,301123,奕东电子,88.28,92.07,93.3,87.03,19034800.0
20260602,301125,腾亚精工,16.27,15.7,16.35,15.35,3864000.0
20260602,301126,达嘉维康,10.76,10.19,10.77,10.1,4615400.0
20260602,301127,武汉天源,14.25,13.38,14.3,13.34,14283300.0
20260602,301128,强瑞技术,129.0,140.06,143.66,126.5,9858800.0
20260602,301129,瑞纳智能,26.54,26.27,27.27,26.03,3431800.0
20260602,301130,西点药业,28.92,28.61,29.05,28.01,1182100.0
20260602,301131,聚赛龙,38.21,37.1,38.31,36.88,1064600.0
20260602,301132,满坤科技,39.3,41.08,42.0,39.3,10427600.0
20260602,301133,金钟股份,39.57,42.18,42.47,39.57,3014000.0
20260602,301135,瑞德智能,18.79,18.37,18.9,18.01,2710300.0
20260602,301136,招标股份,13.87,13.5,13.97,13.33,4613500.0
20260602,301137,哈焊华通,40.71,38.32,40.73,37.94,5673700.0
20260602,301138,华研精机,29.39,28.7,29.39,28.37,833400.0
20260602,301141,中科磁业,47.47,47.09,47.88,45.23,2309700.0
20260602,301148,嘉戎技术,60.6,56.63,60.84,56.0,3076600.0
20260602,301149,隆华新材,11.77,11.61,11.81,11.4,5887600.0
20260602,301150,中一科技,63.3,62.44,64.27,60.6,7965700.0
20260602,301151,冠龙节能,16.22,15.7,16.28,15.54,1713800.0
20260602,301152,天力锂能,27.63,26.85,27.79,26.34,3455100.0
20260602,301153,中科江南,19.73,18.87,19.75,18.78,4105300.0
20260602,301155,海力风电,61.0,59.6,61.11,57.56,6177400.0
20260602,301156,美农生物,13.96,13.25,14.13,13.17,4204200.0
20260602,301157,华塑科技,68.3,68.88,69.48,66.83,1116000.0
20260602,301158,德石股份,16.61,15.87,16.7,15.67,4193400.0
20260602,301159,三维天地,36.99,35.23,37.05,34.6,2265900.0
20260602,301160,翔楼新材,53.69,55.12,56.4,52.51,2368500.0
20260602,301161,唯万密封,30.99,30.25,31.19,29.64,2452200.0
20260602,301162,国能日新,50.63,47.22,51.05,46.96,5683100.0
20260602,301163,宏德股份,27.0,26.28,27.45,26.1,1532800.0
20260602,301165,锐捷网络,61.81,63.71,64.4,60.55,10665600.0
20260602,301166,优宁维,28.92,28.0,28.92,27.8,888300.0
20260602,301167,建研设计,15.56,14.96,15.8,14.86,3442900.0
20260602,301168,通灵股份,41.21,41.87,42.0,40.67,2075800.0
20260602,301169,零点有数,79.15,79.11,80.87,75.79,1374500.0
20260602,301170,锡南科技,25.82,25.68,26.09,25.37,1633400.0
20260602,301171,易点天下,46.0,45.18,46.5,43.7,94272000.0
20260602,301172,君逸数码,32.0,31.73,32.49,30.9,5777100.0
20260602,301173,毓恬冠佳,37.96,36.53,37.96,36.18,681900.0
20260602,301175,中科环保,5.85,5.76,5.87,5.72,16030000.0
20260602,301176,逸豪新材,43.03,43.0,44.74,41.25,8569300.0
20260602,301177,迪阿股份,26.0,25.44,26.28,25.23,1018800.0
20260602,301178,天亿马,53.05,53.01,54.39,50.89,2325800.0
20260602,301179,泽宇智能,23.12,22.45,23.3,21.75,8401100.0
20260602,301180,万祥科技,15.43,15.21,15.44,14.81,4060400.0
20260602,301181,标榜股份,31.56,30.58,32.0,29.9,2205200.0
20260602,301182,凯旺科技,75.0,84.59,84.9,73.0,4580100.0
20260602,301183,东田微,220.01,226.83,229.85,213.54,5509200.0
20260602,301185,鸥玛软件,16.75,16.49,17.04,16.21,3302000.0
20260602,301186,超达装备,65.21,65.28,66.0,63.2,1205800.0
20260602,301187,欧圣电气,18.7,18.16,19.03,18.08,1293000.0
20260602,301188,力诺药包,43.98,42.35,45.4,40.3,23748700.0
20260602,301189,奥尼电子,108.0,107.0,109.5,101.71,5712700.0
20260602,301190,善水科技,21.92,21.44,21.92,20.8,2618000.0
20260602,301191,菲菱科思,142.48,145.27,147.5,139.03,3981500.0
20260602,301192,泰祥股份,23.53,22.72,23.99,22.3,2212300.0
20260602,301193,家联科技,21.45,21.63,21.99,20.96,7027500.0
20260602,301195,北路智控,29.07,28.53,29.3,28.18,1235100.0
20260602,301196,唯科科技,118.82,118.99,120.4,115.34,3367300.0
20260602,301197,工大科雅,31.57,31.22,31.99,30.0,3204900.0
20260602,301198,喜悦智行,18.17,17.64,18.49,17.11,6480100.0
20260602,301199,迈赫股份,19.94,19.43,20.12,19.26,1603200.0
20260602,301200,大族数控,273.83,279.1,284.9,261.0,5242200.0
20260602,301201,诚达药业,33.37,33.6,33.75,31.7,4840100.0
20260602,301202,朗威股份,39.43,38.97,39.88,37.82,2158800.0
20260602,301203,国泰环保,43.8,44.58,45.3,43.05,817900.0
20260602,301205,联特科技,318.0,340.02,351.49,317.3,14151500.0
20260602,301206,三元生物,25.55,25.02,25.67,24.96,950200.0
20260602,301207,华兰疫苗,18.17,17.7,18.28,17.66,4080600.0
20260602,301208,中亦科技,30.18,29.68,30.58,29.23,1306700.0
20260602,301209,联合化学,91.47,89.58,93.0,87.7,1528700.0
20260602,301210,金杨精密,39.03,38.88,39.86,38.28,2148900.0
20260602,301211,亨迪药业,10.27,9.98,10.27,9.93,2855700.0
20260602,301212,联盛化学,30.22,28.86,30.25,28.35,1618100.0
20260602,301213,观想科技,65.7,65.18,66.48,63.33,1103000.0
20260602,301215,中汽股份,5.9,5.85,5.9,5.82,8675000.0
20260602,301216,万凯新材,24.94,25.1,25.62,24.5,8964200.0
20260602,301217,铜冠铜箔,105.0,103.63,106.0,97.4,32147500.0
20260602,301218,华是科技,37.99,36.96,38.77,36.31,7603200.0
20260602,301219,腾远钴业,76.95,77.68,78.39,75.92,6123100.0
20260602,301220,亚香股份,39.05,37.58,39.08,37.5,1253100.0
20260602,301221,光庭信息,33.22,31.95,33.22,31.61,2213100.0
20260602,301222,浙江恒威,32.52,31.15,32.59,30.18,6461200.0
20260602,301223,中荣股份,17.69,17.2,17.77,17.1,1389300.0
20260602,301225,恒勃股份,94.29,90.13,96.2,90.08,1931400.0
20260602,301226,祥明智能,36.28,35.52,36.68,34.25,3871400.0
20260602,301227,森鹰窗业,31.4,33.08,33.19,30.59,1426400.0
20260602,301228,实朴检测,72.0,73.2,75.5,70.87,5842900.0
20260602,301229,纽泰格,15.21,14.72,15.3,14.5,2710600.0
20260602,301230,泓博医药,35.48,34.34,35.6,33.9,5484900.0
20260602,301231,荣信文化,33.94,32.22,34.21,31.56,10340300.0
20260602,301232,飞沃科技,131.31,127.9,132.08,124.0,3685700.0
20260602,301233,盛帮股份,60.96,58.71,62.63,58.01,2519100.0
20260602,301234,五洲医疗,40.2,41.1,41.33,38.0,3500800.0
20260602,301235,华康洁净,61.6,63.48,64.64,59.02,4037700.0
20260602,301236,软通动力,41.41,42.4,43.91,39.63,101327700.0
20260602,301237,和顺科技,65.98,61.33,67.38,59.86,3144000.0
20260602,301238,瑞泰新材,24.53,25.31,25.75,24.0,27466800.0
20260602,301239,普瑞眼科,38.38,36.79,38.5,36.7,3028200.0
20260602,301246,宏源药业,31.72,30.4,31.98,30.28,14057800.0
20260602,301248,杰创智能,76.88,74.9,76.92,72.57,5511100.0
20260602,301251,威尔高,50.5,52.72,53.94,49.7,8875400.0
20260602,301252,同星科技,34.97,34.14,35.79,33.34,4132300.0
20260602,301255,通力科技,25.18,24.56,25.62,24.31,2376500.0
20260602,301256,华融化学,11.75,11.55,11.84,11.32,5034000.0
20260602,301257,普蕊斯,42.44,41.74,42.67,40.93,2165600.0
20260602,301258,富士莱,27.18,26.45,27.21,26.0,837800.0
20260602,301259,艾布鲁,35.64,35.09,35.79,34.16,2747900.0
20260602,301260,格力博,15.62,15.3,15.79,15.23,3603500.0
20260602,301261,恒工精密,89.42,85.34,90.27,84.88,3098600.0
20260602,301262,海看股份,21.92,21.28,22.09,21.23,4000000.0
20260602,301263,泰恩康,21.04,20.29,21.1,20.05,5863900.0
20260602,301265,华新科技,26.7,25.94,27.07,25.6,9606200.0
,301266,宇邦新材,26.01,25.07,26.16,24.66,3798300.0
20260602,301267,华厦眼科,17.57,17.31,17.71,17.25,4766700.0
20260602,301268,铭利达,17.01,16.55,17.14,16.4,4913300.0
20260602,301269,华大九天,107.0,105.3,109.15,104.68,20180100.0
20260602,301270,汉仪股份,30.3,29.95,30.84,29.0,3453100.0
20260602,301272,英华特,40.47,38.86,40.64,38.4,937300.0
20260602,301273,瑞晨环保,41.8,43.99,44.6,41.01,2795100.0
20260602,301275,汉朔科技,45.05,44.66,45.49,43.8,7957600.0
20260602,301276,嘉曼服饰,25.82,24.62,26.01,24.31,2673500.0
20260602,301277,新天地,10.1,9.81,10.14,9.79,2563900.0
20260602,301278,快可电子,35.76,34.79,36.38,34.3,1425100.0
20260602,301279,金道科技,23.18,22.17,23.3,22.0,2012400.0
20260602,301280,珠城科技,39.01,40.49,41.2,38.51,3467700.0
20260602,301281,科源制药,40.8,39.93,42.0,39.0,2935700.0
20260602,301282,金禄电子,27.7,29.8,30.18,27.56,20579200.0
20260602,301283,聚胶股份,27.96,27.19,28.19,26.94,1070800.0
20260602,301285,鸿日达,112.13,107.01,112.79,106.55,5338100.0
20260602,301286,侨源股份,53.27,53.89,54.5,51.54,2271500.0
20260602,301287,康力源,37.82,36.59,37.82,35.79,979600.0
20260602,301288,清研环境,18.0,17.6,18.49,17.28,3390700.0
20260602,301289,国缆检测,51.0,49.1,51.49,48.9,1488400.0
20260602,301290,东星医疗,31.57,31.0,32.37,30.06,3970700.0
20260602,301291,明阳电气,56.0,54.46,56.03,53.0,8919500.0
20260602,301292,海科新源,71.2,69.75,71.95,68.28,8630900.0
20260602,301293,三博脑科,58.39,57.87,58.84,56.65,5156000.0
20260602,301295,美硕科技,48.38,46.8,48.68,46.03,1555100.0
20260602,301296,新巨丰,6.98,6.88,7.04,6.84,2784100.0
20260602,301297,富乐德,40.01,43.21,44.09,39.4,23628300.0
20260602,301298,东利机械,14.55,14.19,15.6,14.07,3753700.0
20260602,301299,卓创资讯,53.54,52.61,53.54,51.12,1146600.0
20260602,301300,远翔新材,36.52,35.78,36.81,35.56,657400.0
20260602,301301,川宁生物,9.05,8.86,9.1,8.85,7121100.0
20260602,301302,华如科技,26.07,25.51,26.31,25.05,6694700.0
20260602,301303,真兰仪表,13.81,13.53,13.96,13.53,2081100.0
20260602,301305,朗坤科技,30.36,31.16,31.8,29.81,16288400.0
20260602,301306,西测测试,127.6,126.96,128.54,120.15,2577200.0
20260602,301307,美利信,58.5,58.24,60.59,57.6,8242400.0
20260602,301308,江波龙,505.83,519.5,529.66,495.71,15802700.0
20260602,301309,万得凯,32.88,33.2,33.47,32.52,1255500.0
20260602,301310,鑫宏业,32.42,33.77,34.37,32.41,7708800.0
20260602,301311,昆船智能,15.2,14.82,15.25,14.7,1907700.0
20260602,301312,智立方,118.6,133.08,135.0,118.2,7530100.0
20260602,301313,凡拓数创,46.07,44.06,46.98,43.63,13019900.0
20260602,301314,科瑞思,46.11,46.03,46.74,44.99,1079500.0
20260602,301315,威士顿,44.42,43.44,44.62,42.7,1240100.0
20260602,301316,慧博云通,44.0,43.06,44.24,42.66,11987600.0
20260602,301317,鑫磊股份,62.93,65.49,66.48,60.21,5239700.0
20260602,301318,维海德,22.98,22.42,22.98,22.12,1238000.0
20260602,301319,唯特偶,106.0,112.67,117.38,92.41,14266600.0
20260602,301320,豪江智能,15.01,14.85,15.1,14.45,3046800.0
20260602,301321,翰博高新,31.39,31.26,32.06,30.21,7594900.0
20260602,301322,绿通科技,51.0,50.73,53.55,50.0,7389300.0
20260602,301323,新莱福,77.4,78.19,79.66,74.8,2179700.0
20260602,301325,曼恩斯特,46.66,45.03,46.87,44.0,4987500.0
20260602,301326,捷邦科技,141.75,141.31,143.0,135.5,1640700.0
20260602,301327,华宝新能,55.93,55.55,56.88,55.4,1801600.0
20260602,301328,维峰电子,54.02,54.5,55.53,51.0,3430900.0
20260602,301329,信音电子,30.13,30.04,30.5,28.11,28311300.0
20260602,301330,熵基科技,27.58,27.11,27.62,26.41,2531000.0
20260602,301331,恩威医药,25.0,24.44,25.49,24.11,1578100.0
20260602,301332,德尔玛,8.82,8.65,8.84,8.61,2265600.0
20260602,301333,诺思格,50.2,48.91,50.2,48.55,1398800.0
20260602,301335,天元宠物,23.46,22.38,23.46,22.29,2432200.0
20260602,301336,趣睡科技,41.47,41.84,42.21,40.32,1894700.0
20260602,301337,亚华电子,26.46,25.49,26.46,25.23,1754400.0
20260602,301338,凯格精机,235.06,258.44,264.8,235.06,5898500.0
20260602,301339,通行宝,11.89,11.81,11.97,11.72,3422600.0
20260602,301345,涛涛车业,213.5,207.47,216.99,205.99,1621300.0
20260602,301348,蓝箭电子,25.19,24.51,25.59,24.31,14094600.0
20260602,301349,信德新材,60.18,62.33,63.43,60.01,8471900.0
20260602,301353,普莱得,20.35,19.82,20.73,19.76,1906200.0
20260602,301355,南王科技,11.32,10.94,11.38,10.89,2863900.0
20260602,301356,天振股份,24.84,24.19,25.0,23.86,1923300.0
20260602,301357,北方长龙,92.0,90.36,93.5,88.11,1459200.0
20260602,301358,湖南裕能,86.0,83.98,86.07,81.56,21508300.0
20260602,301359,东南电子,21.19,20.59,21.5,20.3,1699200.0
20260602,301360,荣旗科技,73.5,82.0,83.68,72.9,9848000.0
20260602,301361,众智科技,39.76,37.51,39.76,37.51,3846400.0
20260602,301362,民爆光电,152.0,168.9,170.6,149.11,4618200.0
20260602,301363,美好医疗,25.11,24.8,25.13,24.23,6111700.0
20260602,301365,矩阵股份,33.21,32.28,33.21,31.81,1960500.0
20260602,301366,一博科技,42.2,45.13,46.88,41.3,11304400.0
20260602,301367,瑞迈特,44.66,45.45,46.4,44.25,1284400.0
20260602,301368,丰立智能,47.51,46.87,48.33,46.03,2277600.0
20260602,301369,联动科技,181.73,180.08,187.0,177.01,1900800.0
20260602,301370,国科恒泰,9.57,9.4,9.66,9.37,3333600.0
20260602,301371,敷尔佳,29.7,28.71,30.22,28.6,3420000.0
20260602,301372,科净源,35.33,34.08,35.7,33.6,1512400.0
20260602,301373,凌玮科技,139.24,140.34,146.96,136.19,8185700.0
20260602,301376,致欧科技,18.38,17.76,18.4,17.58,3246800.0
20260602,301377,鼎泰高科,338.37,344.28,357.32,338.04,5357900.0
20260602,301378,通达海,30.02,29.31,30.39,28.8,2057700.0
20260602,301379,天山电子,31.43,33.72,33.99,31.11,24936200.0
20260602,301380,挖金客,32.16,32.61,33.18,30.98,2960600.0
20260602,301381,赛维时代,19.26,18.83,19.45,18.8,4942100.0
20260602,301382,蜂助手,41.91,40.28,42.06,39.54,10043000.0
20260602,301383,天键股份,27.9,29.93,30.25,27.74,5683700.0
20260602,301386,未来电器,23.75,23.39,23.75,22.98,1272800.0
20260602,301387,光大同创,90.79,91.64,93.18,88.23,3458000.0
20260602,301388,欣灵电气,28.92,28.21,29.68,27.6,1637800.0
20260602,301389,隆扬电子,80.11,82.0,84.6,77.1,12894400.0
20260602,301390,经纬股份,34.34,32.96,34.97,32.8,900500.0
20260602,301391,卡莱特,62.65,62.39,63.51,60.67,1529300.0
20260602,301392,汇成真空,166.0,164.67,169.62,161.6,3681400.0
20260602,301393,昊帆生物,56.25,53.85,56.25,53.61,1480600.0
20260602,301395,仁信新材,13.12,12.7,13.69,12.41,7171000.0
20260602,301396,宏景科技,175.09,173.43,181.38,167.38,11599400.0
20260602,301397,溯联股份,32.0,32.1,32.6,31.03,2791700.0
20260602,301398,星源卓镁,39.83,39.18,40.25,38.5,1376200.0
20260602,301399,英特科技,18.85,18.37,18.85,17.97,1486000.0
20260602,301408,华人健康,18.0,17.33,18.2,17.31,16662500.0
20260602,301413,安培龙,89.37,85.85,90.2,85.7,3630100.0
20260602,301418,协昌科技,39.45,38.32,40.12,37.94,1224100.0
20260602,301419,阿莱德,37.29,44.88,44.88,37.17,17070200.0
20260602,301421,波长光电,89.98,90.47,91.84,88.41,4738100.0
20260602,301428,世纪恒通,31.72,36.74,37.8,31.01,16360600.0
20260602,301429,森泰股份,20.59,19.93,20.94,19.75,1681100.0
20260602,301439,泓淋电力,24.9,22.52,25.35,21.88,67211900.0
20260602,301446,福事特,46.5,46.12,47.75,45.34,1606600.0
20260602,301448,开创电气,34.21,33.51,34.89,32.9,951600.0
20260602,301449,天溯计量,61.77,62.65,62.88,61.4,682700.0
20260602,301456,盘古智能,29.11,28.53,29.12,27.88,1792200.0
20260602,301458,钧崴电子,48.0,50.1,51.23,47.1,22057900.0
20260602,301459,丰茂股份,35.0,35.11,35.59,34.6,617700.0
20260602,301468,博盈特焊,44.01,44.53,47.0,43.78,13058500.0
20260602,301469,恒达新材,34.46,33.0,34.5,32.93,1178300.0
20260602,301479,弘景光电,66.88,67.5,68.15,64.18,3423800.0
20260602,301486,致尚科技,228.89,243.56,254.74,228.51,9238600.0
20260602,301487,盟固利,25.12,24.93,25.48,24.18,16546100.0
20260602,301488,豪恩汽电,148.58,142.63,149.2,142.31,2216100.0
20260602,301489,思泉新材,157.39,170.0,170.88,152.8,7852200.0
20260602,301491,汉桑科技,44.56,43.93,44.75,43.58,452400.0
20260602,301498,乖宝宠物,45.19,43.73,45.6,43.42,4527700.0
20260602,301499,维科精密,33.56,33.3,34.13,32.7,1554100.0
20260602,301500,飞南资源,25.44,26.96,27.42,25.08,19434900.0
20260602,301501,恒鑫生活,31.61,30.36,31.7,30.0,2086600.0
20260602,301502,华阳智能,77.78,81.0,82.37,75.18,1941900.0
20260602,301503,智迪科技,34.26,32.67,35.75,32.51,2238900.0
20260602,301505,苏州规划,20.29,19.4,20.44,19.2,3076800.0
20260602,301507,民生健康,13.12,12.8,13.17,12.77,2578400.0
20260602,301508,中机认检,26.41,25.92,26.52,25.92,1271800.0
20260602,301509,金凯生科,29.06,28.12,29.1,27.9,2025500.0
20260602,301510,固高科技,32.22,32.62,33.25,31.27,14481100.0
20260602,301511,德福科技,125.0,127.02,128.87,118.89,45596200.0
20260602,301512,智信精密,53.71,53.36,54.88,51.82,1808400.0
20260602,301513,尚水智能,68.99,67.55,68.99,65.5,2211200.0
20260602,301515,港通医疗,21.82,20.85,22.0,20.6,1724800.0
20260602,301516,中远通,17.76,17.24,17.88,17.04,4996400.0
20260602,301517,陕西华达,54.9,53.88,54.9,51.9,3884700.0
20260602,301518,长华化学,31.84,30.95,31.84,30.42,1644200.0
20260602,301519,舜禹股份,13.95,13.42,14.05,13.36,3004400.0
20260602,301520,万邦医药,38.15,37.02,38.15,36.92,522600.0
20260602,301522,上大股份,27.52,26.68,27.73,26.4,4578200.0
20260602,301525,儒竞科技,71.38,69.7,72.26,68.5,1268400.0
20260602,301526,国际复材,21.28,23.18,23.66,20.95,186597700.0
20260602,301528,多浦乐,66.5,68.68,72.61,65.58,2336100.0
20260602,301529,福赛科技,110.5,108.09,113.09,107.24,2833900.0
20260602,301531,春光集团,76.04,75.3,77.0,71.71,7559600.0
20260602,301533,威马农机,28.5,27.92,28.99,27.75,734700.0
20260602,301535,浙江华远,16.8,16.34,16.98,16.13,1818900.0
20260602,301536,星宸科技,80.32,79.33,80.74,77.0,6852700.0
20260602,301538,骏鼎达,91.3,89.91,92.96,88.8,1128600.0
20260602,301539,宏鑫科技,16.18,15.85,16.32,15.71,2654800.0
20260602,301548,崇德科技,75.4,75.34,77.39,73.37,1076800.0
20260602,301550,斯菱智驱,110.85,108.36,111.88,107.11,7282600.0
20260602,301551,无线传媒,25.04,24.42,25.24,24.31,4503200.0
20260602,301552,科力装备,26.87,26.1,26.87,25.84,920400.0
20260602,301555,惠柏新材,39.48,39.86,40.62,38.4,3860900.0
20260602,301556,托普云农,73.45,71.36,73.79,68.7,1771300.0
20260602,301557,常友科技,89.04,86.3,89.04,86.01,1497600.0
20260602,301558,三态股份,7.16,7.01,7.23,6.98,6689700.0
20260602,301559,中集环科,14.78,14.28,14.78,14.27,2056000.0
20260602,301560,众捷汽车,32.99,32.11,33.0,31.18,2474800.0
20260602,301563,云汉芯城,168.06,211.7,211.7,164.45,9448200.0
20260602,301565,中仑新材,27.01,26.55,27.47,26.13,18763200.0
20260602,301566,达利凯普,31.23,37.3,37.3,30.83,33029600.0
20260602,301567,贝隆精密,43.98,44.33,44.68,43.1,1057600.0
20260602,301568,思泰克,73.0,76.4,77.48,72.58,6941900.0
20260602,301571,国科天成,60.36,59.23,60.62,57.57,2766000.0
20260602,301575,艾芬达,42.74,41.78,42.95,41.66,498500.0
20260602,301577,美信科技,79.17,86.39,86.67,78.5,4149300.0
20260602,301578,辰奕智能,32.68,32.11,34.57,31.99,1709900.0
20260602,301580,爱迪特,56.08,55.77,57.14,54.85,3862000.0
20260602,301581,黄山谷捷,50.01,48.7,50.97,48.34,2085200.0
20260602,301584,建发致新,23.45,23.07,23.49,22.9,2011300.0
20260602,301585,蓝宇股份,27.07,26.57,27.78,26.39,1372000.0
20260602,301586,佳力奇,37.96,37.3,38.02,36.55,748200.0
20260602,301587,中瑞股份,27.28,25.71,27.5,25.32,6313800.0
20260602,301588,美新科技,35.33,35.57,35.97,34.2,3292900.0
20260602,301589,诺瓦星云,157.0,151.8,157.69,151.52,1237400.0
20260602,301590,优优绿能,169.0,176.33,180.86,162.07,1011600.0
20260602,301591,肯特股份,49.5,50.82,51.9,46.61,15716900.0
20260602,301592,六九一二,108.01,104.24,108.97,104.17,784200.0
20260602,301595,太力科技,45.89,45.1,46.64,44.3,1021100.0
20260602,301596,瑞迪智驱,73.58,72.3,75.01,71.2,1883200.0
20260602,301598,博科测试,58.28,56.28,58.31,56.13,805900.0
20260602,301599,理奇智能,55.15,52.85,55.2,51.0,9453600.0
20260602,301600,慧翰股份,99.88,99.84,101.28,96.75,1047200.0
20260602,301601,惠通科技,19.46,18.86,19.46,18.69,1588600.0
20260602,301602,超研股份,16.71,16.25,16.79,16.23,1590400.0
20260602,301603,乔锋智能,125.93,131.5,134.46,124.14,3060200.0
20260602,301606,绿联科技,71.3,69.78,71.3,68.63,3457800.0
20260602,301607,富特科技,53.5,55.26,56.57,52.02,7527500.0
20260602,301608,博实结,54.86,54.22,55.0,52.84,1648300.0
20260602,301609,山大电力,49.86,49.4,50.14,48.5,3835800.0
20260602,301611,珂玛科技,89.59,89.37,90.78,86.86,8351600.0
20260602,301613,新铝时代,43.99,44.57,44.57,42.97,1359800.0
20260602,301616,浙江华业,40.01,39.1,40.05,38.92,665900.0
20260602,301617,博苑新材,51.67,53.0,53.78,51.16,3451400.0
20260602,301618,长联科技,39.53,40.63,41.27,39.26,2878900.0
20260602,301622,英思特,55.3,55.5,56.7,53.28,1746300.0
20260602,301626,苏州天脉,320.3,317.68,325.66,309.02,2177000.0
20260602,301628,强达电路,123.0,124.12,127.73,120.5,4389200.0
20260602,301629,矽电股份,354.66,354.0,365.0,343.01,1157200.0
20260602,301630,同宇新材,246.29,256.52,259.78,240.0,1401100.0
20260602,301631,壹连科技,83.18,82.34,83.86,80.26,2096100.0
20260602,301632,广东建科,17.25,17.07,17.57,16.95,2499100.0
20260602,301633,港迪技术,54.11,53.15,54.11,52.5,261100.0
20260602,301636,泽润新能,52.89,50.84,52.89,49.92,1109700.0
20260602,301638,南网数字,27.3,27.05,27.4,25.88,26836500.0
20260602,301656,联合动力,18.17,17.96,18.34,17.94,5462800.0
20260602,301658,首航新能,36.05,34.67,36.63,34.31,6662700.0
20260602,301662,宏工科技,141.0,140.03,143.5,136.0,1692000.0
20260602,301665,泰禾股份,23.55,23.19,23.84,23.02,1962900.0
20260602,301666,大普微-UW,708.4,757.0,759.01,695.98,5477700.0
20260602,301667,纳百川,88.76,87.13,89.38,84.12,2417000.0
20260602,301668,昊创瑞通,40.59,38.8,40.6,38.3,1155900.0
20260602,301678,新恒汇,53.05,50.2,53.39,49.26,3696600.0
20260602,301680,固德电材,116.25,128.16,129.78,115.02,4587500.0
20260602,301682,宏明电子,160.6,181.6,186.69,155.88,8033100.0
20260602,301683,慧谷新材,136.2,144.9,146.66,132.38,3433800.0
20260602,301687,新广益,58.36,58.61,59.66,56.23,2222000.0
20260602,301696,三瑞智能,122.89,123.11,125.86,119.51,4665400.0
20260602,302132,中航成飞,62.18,60.88,62.49,60.8,5784200.0
20260602,600000,浦发银行,9.3,9.31,9.43,9.26,72778200.0
20260602,600004,白云机场,8.28,8.23,8.32,8.21,5773800.0
20260602,600006,东风股份,6.22,6.18,6.27,6.18,13624600.0
20260602,600007,中国国贸,21.6,21.79,21.94,21.6,2591600.0
20260602,600008,首创环保,3.19,3.24,3.28,3.19,143516500.0
20260602,600009,上海机场,24.77,24.35,24.77,24.28,16461500.0
20260602,600010,包钢股份,2.37,2.37,2.39,2.32,486499900.0
20260602,600011,华能国际,9.39,9.09,9.39,8.89,532969200.0
20260602,600012,皖通高速,16.96,17.6,17.68,16.83,6714800.0
20260602,600015,华夏银行,6.84,6.92,6.95,6.83,78257500.0
20260602,600016,民生银行,3.58,3.59,3.64,3.57,202676000.0
20260602,600017,日照港,2.84,2.82,2.85,2.81,26939900.0
20260602,600018,上港集团,5.12,5.14,5.19,5.11,59414900.0
20260602,600019,宝钢股份,6.03,5.94,6.07,5.91,127651000.0
20260602,600020,中原高速,4.08,4.01,4.14,4.01,23640700.0
20260602,600021,上海电力,20.11,19.9,20.5,19.3,145279200.0
20260602,600022,山东钢铁,1.37,1.35,1.37,1.34,92305600.0
20260602,600023,浙能电力,6.6,6.39,6.6,6.37,123316500.0
20260602,600025,华能水电,10.07,10.18,10.25,9.98,56457800.0
20260602,600026,中远海能,18.98,18.55,19.0,18.15,67851200.0
20260602,600027,华电国际,5.77,5.6,5.79,5.55,354935500.0
20260602,600028,中国石化,4.88,4.82,4.95,4.8,401250400.0
20260602,600029,南方航空,5.36,5.35,5.39,5.29,124379100.0
20260602,600030,中信证券,25.6,25.58,25.68,25.25,178108000.0
20260602,600031,三一重工,18.0,18.14,18.36,17.66,88539800.0
20260602,600032,浙江新能,10.61,10.92,11.13,10.18,97894000.0
20260602,600033,福建高速,3.65,3.62,3.68,3.61,25580700.0
20260602,600035,楚天高速,3.91,3.91,3.94,3.89,13584800.0
20260602,600036,招商银行,38.16,38.8,38.88,38.05,125697000.0
20260602,600037,歌华有线,7.39,7.17,7.41,7.15,19199200.0
20260602,600038,中直股份,27.63,27.74,27.88,27.39,6916500.0
20260602,600039,四川路桥,8.45,8.48,8.58,8.43,23860800.0
20260602,600048,保利发展,5.74,5.6,5.78,5.56,173085400.0
20260602,600050,中国联通,4.39,4.42,4.43,4.38,115978700.0
20260602,600051,宁波联合,6.95,6.73,7.01,6.69,6753600.0
20260602,600052,东望时代,4.34,4.22,4.63,4.19,28129300.0
20260602,600054,黄山旅游,11.16,11.16,11.22,11.1,4973300.0
20260602,600055,万东医疗,13.17,12.84,13.19,12.77,5175200.0
20260602,600056,中国医药,9.9,9.87,10.03,9.86,11753400.0
20260602,600057,厦门象屿,6.49,6.28,6.52,6.28,19652300.0
20260602,600058,五矿发展,10.02,10.02,10.2,9.75,11370700.0
20260602,600059,古越龙山,8.35,8.23,8.4,8.23,7637500.0
20260602,600060,海信视像,26.92,26.01,27.82,25.6,16673700.0
20260602,600061,国投资本,6.46,6.46,6.51,6.4,34301500.0
20260602,600062,华润双鹤,16.85,16.96,17.07,16.82,5031700.0
20260602,600063,皖维高新,7.03,7.37,7.49,7.03,172586900.0
20260602,600064,南京高科,7.75,7.61,7.8,7.61,17556600.0
20260602,600066,宇通客车,32.43,33.35,33.47,32.38,19341600.0
20260602,600067,冠城新材,3.14,3.08,3.15,3.03,24272600.0
20260602,600071,凤凰光学,17.7,17.83,18.0,17.38,3587200.0
20260602,600072,中船科技,11.21,10.73,11.21,10.67,34578600.0
20260602,600073,光明肉业,5.45,5.33,5.45,5.31,7796400.0
20260602,600075,新疆天业,5.22,5.02,5.23,4.97,19693900.0
20260602,600076,康欣新材,3.61,3.65,3.68,3.47,33376800.0
20260602,600078,澄星股份,12.18,11.89,12.21,11.6,20457200.0
20260602,600081,东风科技,10.92,10.89,11.06,10.78,2967400.0
20260602,600085,同仁堂,25.92,25.66,26.34,25.66,7927400.0
20260602,600088,中视传媒,15.36,14.26,15.46,14.01,17544500.0
20260602,600089,特变电工,26.49,26.12,26.5,25.71,126321600.0
20260602,600094,大名城,4.33,4.16,4.33,4.14,19980700.0
20260602,600095,湘财股份,8.48,8.29,8.52,8.14,31000600.0
20260602,600096,云天化,31.0,31.07,31.32,30.2,30183000.0
20260602,600097,开创国际,9.38,9.05,9.44,9.02,3660300.0
20260602,600098,广州发展,8.0,8.02,8.11,7.9,48262500.0
20260602,600099,林海股份,10.01,9.65,10.03,9.58,4429000.0
20260602,600100,同方股份,7.99,7.87,8.03,7.75,41096700.0
20260602,600101,明星电力,10.34,10.19,10.35,10.06,31454900.0
20260602,600103,青山纸业,3.69,3.7,3.71,3.54,86276300.0
20260602,600104,上汽集团,12.23,12.28,12.35,12.14,38952400.0
20260602,600105,永鼎股份,45.11,49.62,49.62,45.11,189528500.0
20260602,600106,重庆路桥,5.36,5.34,5.42,5.27,9381800.0
20260602,600108,亚盛集团,3.53,3.43,3.54,3.4,60956300.0
20260602,600109,国金证券,8.64,8.74,8.77,8.56,33289400.0
20260602,600110,诺德股份,12.18,11.84,12.32,11.33,211983700.0
20260602,600111,北方稀土,47.87,48.57,48.78,46.81,77765800.0
20260602,600113,浙江东日,38.88,36.8,39.0,36.66,6282400.0
20260602,600114,东睦股份,35.96,38.79,38.79,35.59,36248900.0
20260602,600115,中国东航,4.21,4.17,4.24,4.13,268813700.0
20260602,600116,三峡水利,6.97,6.99,7.11,6.95,42221100.0
20260602,600117,西宁特钢,2.47,2.41,2.47,2.37,16730500.0
20260602,600118,中国卫星,77.2,76.4,77.38,73.01,35275600.0
20260602,600120,浙江东方,4.99,4.89,4.99,4.87,26561900.0
20260602,600121,郑州煤电,5.07,5.17,5.17,4.95,204725700.0
20260602,600123,兰花科创,7.15,7.21,7.34,7.06,70589100.0
20260602,600125,铁龙物流,5.84,5.76,5.88,5.75,12926000.0
20260602,600126,杭钢股份,7.88,7.75,7.89,7.59,50979200.0
20260602,600127,金健米业,6.3,6.2,6.3,6.15,13862700.0
20260602,600128,苏豪弘业,9.41,9.12,9.42,9.01,4058900.0
20260602,600129,太极集团,14.49,14.59,14.85,14.47,8428400.0
20260602,600130,波导股份,5.01,4.96,5.05,4.85,30829800.0
20260602,600131,国网信通,17.51,17.12,17.56,16.81,14564500.0
20260602,600132,重庆啤酒,53.15,52.9,53.89,52.7,4945400.0
20260602,600133,东湖高新,8.7,8.66,8.76,8.59,14703300.0
20260602,600135,乐凯胶片,9.23,9.08,9.25,8.78,11293000.0
20260602,600137,浪莎股份,21.33,20.53,21.51,20.39,2353700.0
20260602,600138,中青旅,7.93,7.9,7.95,7.87,5875000.0
20260602,600141,兴发集团,31.63,31.23,31.94,29.71,24591000.0
20260602,600143,金发科技,17.33,16.74,17.5,16.7,63023600.0
20260602,600148,长春一东,17.54,17.0,17.66,16.88,1860900.0
20260602,600149,廊坊发展,5.85,5.65,5.85,5.52,21548700.0
20260602,600150,中国船舶,36.63,36.45,36.74,35.82,74775900.0
20260602,600151,航天机电,13.76,12.8,13.9,12.71,78270000.0
20260602,600152,维科技术,12.62,12.23,12.79,11.9,62682100.0
20260602,600153,建发股份,9.92,9.77,10.18,9.71,16972600.0
20260602,600155,华创云信,5.75,5.69,5.79,5.66,18799000.0
20260602,600156,华升股份,11.5,10.38,11.5,10.36,46947000.0
20260602,600157,永泰能源,1.85,1.84,1.86,1.81,1095833200.0
20260602,600158,中体产业,11.44,10.4,11.44,10.4,64650900.0
20260602,600159,大龙地产,2.92,2.81,2.94,2.78,32262500.0
20260602,600160,巨化股份,37.2,38.23,38.5,36.41,126435900.0
20260602,600161,天坛生物,13.42,13.25,13.49,13.23,8351000.0
20260602,600162,香江控股,2.91,3.21,3.21,2.91,178915200.0
20260602,600163,中闽能源,7.0,6.91,7.0,6.73,71156200.0
20260602,600165,宁科生物,3.04,2.99,3.04,2.96,4636000.0
20260602,600166,福田汽车,2.98,3.0,3.02,2.93,149637200.0
20260602,600167,联美控股,6.91,6.92,6.94,6.8,13972400.0
20260602,600168,武汉控股,4.96,4.8,4.99,4.74,13191600.0
20260602,600170,上海建工,2.58,2.58,2.61,2.56,125771400.0
20260602,600171,上海贝岭,27.27,26.89,27.43,26.6,16039800.0
20260602,600172,黄河旋风,13.44,13.9,14.54,12.91,288035800.0
20260602,600173,卧龙新能,7.1,7.0,7.13,6.89,13941500.0
20260602,600176,中国巨石,37.56,38.9,39.64,37.3,177802700.0
20260602,600177,雅戈尔,7.66,7.58,7.79,7.54,26393600.0
20260602,600178,东安动力,9.11,9.01,9.14,8.93,3127400.0
20260602,600179,安通控股,4.46,4.39,4.5,4.38,34285800.0
20260602,600182,S佳通,13.95,14.04,14.07,13.79,2045500.0
20260602,600183,生益科技,133.21,141.07,144.33,128.67,108331800.0
20260602,600184,光电股份,25.67,26.67,27.33,24.49,42287200.0
20260602,600185,珠免集团,5.49,5.36,5.5,5.35,19371600.0
20260602,600186,莲花控股,9.69,9.64,10.03,9.09,259074000.0
20260602,600188,兖矿能源,24.49,23.86,26.0,23.29,106312400.0
20260602,600189,泉阳泉,8.23,7.88,8.23,7.82,16378200.0
20260602,600191,华资实业,10.83,10.51,10.85,10.43,4456800.0
20260602,600192,长城电工,7.66,7.47,7.69,7.33,6078300.0
20260602,600195,中牧股份,6.83,6.84,6.88,6.74,6077200.0
20260602,600196,复星医药,22.95,22.72,23.02,22.65,18744400.0
20260602,600197,伊力特,12.77,12.36,12.77,12.35,10010700.0
20260602,600198,大唐电信,8.07,8.05,8.25,7.81,32264000.0
20260602,600199,金种子酒,8.44,8.18,8.56,8.18,22811700.0
20260602,600201,生物股份,11.86,11.48,12.17,11.33,26567900.0
20260602,600202,哈空调,5.67,5.43,5.7,5.36,12642200.0
20260602,600203,福日电子,13.06,12.98,13.3,12.8,38052200.0
20260602,600206,有研新材,27.59,27.87,28.32,26.76,47185300.0
20260602,600207,安彩高科,7.05,7.08,7.38,6.76,63383600.0
20260602,600208,衢州发展,3.0,2.99,3.03,2.94,121452800.0
20260602,600210,紫江企业,6.69,6.66,6.73,6.66,12421000.0
20260602,600211,西藏药业,38.4,38.88,39.06,38.23,2611500.0
20260602,600212,绿能慧充,6.38,6.3,6.42,6.14,8764700.0
20260602,600215,派斯林,6.78,6.52,6.89,6.5,12625200.0
20260602,600216,浙江医药,12.89,12.7,12.9,12.65,9417400.0
20260602,600217,中再资环,3.5,3.44,3.51,3.42,10535100.0
20260602,600218,全柴动力,8.59,8.47,8.63,8.37,5332100.0
20260602,600219,南山铝业,5.28,5.32,5.37,5.23,209661000.0
20260602,600221,海航控股,1.51,1.51,1.53,1.49,399338300.0
20260602,600222,太龙药业,7.99,8.17,8.2,7.84,34912000.0
20260602,600223,福瑞达,6.24,6.04,6.26,6.04,7165300.0
20260602,600226,亨通股份,6.01,6.08,6.17,5.81,112888200.0
20260602,600227,赤天化,3.14,3.02,3.15,2.97,61608700.0
20260602,600228,返利科技,6.3,6.36,6.48,6.27,5581500.0
20260602,600229,城市传媒,5.96,5.71,5.98,5.67,6603500.0
20260602,600230,沧州大化,15.36,15.09,15.36,14.64,9879800.0
20260602,600231,凌钢股份,2.05,2.02,2.05,2.0,10442400.0
20260602,600232,金鹰股份,7.83,7.51,7.9,7.48,7686200.0
20260602,600233,圆通速递,18.68,17.85,18.7,17.62,39380800.0
20260602,600234,科新发展,25.7,24.38,25.91,23.64,4709100.0
20260602,600235,民丰特纸,6.15,5.95,6.19,5.91,6323900.0
20260602,600236,桂冠电力,11.92,11.39,11.92,11.35,39716800.0
20260602,600237,铜峰电子,10.35,10.87,10.88,9.99,79286200.0
20260602,600241,时代万恒,8.07,7.8,8.07,7.71,4875800.0
20260602,600246,万通发展,16.18,15.62,16.3,15.0,148389800.0
20260602,600248,陕建股份,3.31,3.24,3.31,3.24,13775800.0
20260602,600249,两面针,5.45,5.35,5.47,5.29,9537900.0
20260602,600250,南京商旅,9.53,9.43,9.55,9.35,8650200.0
20260602,600251,冠农股份,10.29,10.07,10.29,9.96,10245300.0
20260602,600252,中恒集团,2.31,2.24,2.31,2.23,35223100.0
20260602,600255,鑫科材料,3.63,3.99,3.99,3.53,212675900.0
20260602,600256,广汇能源,6.75,6.6,6.79,6.53,165443000.0
20260602,600257,大湖股份,5.61,5.4,5.63,5.32,14765300.0
20260602,600258,首旅酒店,13.59,13.46,13.68,13.31,14455500.0
20260602,600259,中稀有色,82.3,83.86,84.49,79.56,10251400.0
20260602,600261,阳光照明,3.39,3.44,3.51,3.35,31210900.0
20260602,600262,北方股份,22.7,22.45,22.79,22.25,2773900.0
20260602,600266,城建发展,4.86,4.91,4.97,4.85,63242700.0
20260602,600267,海正药业,10.15,9.98,10.2,9.95,12602400.0
20260602,600268,国电南自,14.21,13.8,14.21,13.48,20088700.0
20260602,600269,赣粤高速,4.42,4.39,4.46,4.39,14744600.0
20260602,600271,航天信息,7.55,7.44,7.55,7.33,13955300.0
20260602,600272,开开实业,11.6,11.48,11.7,11.4,2194900.0
20260602,600273,嘉化能源,7.48,7.31,7.55,7.31,17113300.0
20260602,600276,恒瑞医药,48.82,48.4,49.1,47.9,61144300.0
20260602,600278,东方创业,6.82,6.67,6.83,6.63,5856700.0
20260602,600279,重庆港,5.06,5.34,5.43,5.03,47132400.0
20260602,600280,中央商场,3.42,3.87,3.87,3.37,151679800.0
20260602,600281,华阳新材,5.09,5.03,5.15,4.92,7152900.0
20260602,600282,南钢股份,5.01,5.16,5.22,5.0,60575600.0
20260602,600283,钱江水利,8.92,8.74,8.92,8.74,5208000.0
20260602,600284,浦东建设,6.13,5.92,6.13,5.91,15681500.0
20260602,600285,羚锐制药,21.89,22.05,22.21,21.85,7676700.0
20260602,600287,苏豪时尚,5.32,5.09,5.32,5.06,6365400.0
20260602,600288,大恒科技,13.34,13.05,13.34,12.93,7448300.0
20260602,600292,电投水电,14.02,14.06,14.3,13.68,17799200.0
20260602,600293,三峡新材,3.3,3.32,3.4,3.25,49166300.0
20260602,600295,鄂尔多斯,13.75,13.62,13.85,13.57,8488900.0
20260602,600298,安琪酵母,36.74,36.86,37.27,36.44,10388200.0
20260602,600299,安迪苏,11.09,10.85,11.18,10.71,11113100.0
20260602,600300,维维股份,3.29,3.23,3.3,3.23,31158000.0
20260602,600301,华锡有色,62.53,66.55,66.55,60.65,26175000.0
20260602,600303,曙光股份,3.41,3.28,3.45,3.23,49363200.0
20260602,600305,恒顺醋业,7.29,7.21,7.31,7.2,7484900.0
20260602,600307,酒钢宏兴,1.66,1.64,1.68,1.62,59412300.0
20260602,600308,华泰股份,3.59,3.52,3.6,3.5,9663500.0
20260602,600309,万华化学,75.85,75.16,76.0,74.36,30096800.0
20260602,600310,广西能源,5.7,5.77,5.95,5.49,150987400.0
20260602,600312,平高电气,21.35,20.63,21.36,20.17,26311900.0
20260602,600313,农发种业,6.19,6.03,6.19,6.0,25740600.0
20260602,600315,上海家化,18.68,18.1,18.72,18.1,7364700.0
20260602,600316,洪都航空,29.22,28.55,29.22,28.26,7681700.0
20260602,600318,新力金融,6.86,6.72,6.9,6.66,11273600.0
20260602,600319,亚星化学,7.47,7.33,7.59,7.2,3257700.0
20260602,600320,振华重工,4.81,4.7,4.83,4.68,41377700.0
20260602,600322,津投城开,2.74,2.7,2.85,2.66,63776900.0
20260602,600323,瀚蓝环境,31.13,31.0,31.89,30.76,8276900.0
20260602,600325,华发股份,2.97,2.85,2.99,2.83,51713200.0
20260602,600326,西藏天路,7.94,7.72,7.95,7.66,21869900.0
20260602,600327,大东方,3.8,3.74,3.83,3.71,16066500.0
20260602,600328,中盐化工,7.04,6.92,7.04,6.89,21361300.0
20260602,600329,达仁堂,40.02,39.39,40.2,39.24,3820400.0
20260602,600330,天通股份,30.5,32.0,32.6,29.85,159963900.0
20260602,600331,宏达股份,14.36,14.85,15.0,14.03,57851400.0
20260602,600332,白云山,21.6,21.78,21.91,21.6,9236000.0
20260602,600333,长春燃气,5.95,5.81,6.01,5.75,19456700.0
20260602,600335,国机汽车,5.67,5.63,5.73,5.6,11702200.0
20260602,600336,澳柯玛,7.97,7.81,8.05,7.7,12313500.0
20260602,600338,西藏珠峰,18.06,17.81,18.1,17.05,46968600.0
20260602,600339,中油工程,3.65,3.57,3.66,3.54,68172400.0
20260602,600343,航天动力,26.0,25.33,26.08,24.31,28219900.0
20260602,600345,长江通信,47.97,51.73,51.73,47.08,15379100.0
20260602,600346,恒力石化,17.5,17.79,18.05,17.28,47105800.0
20260602,600348,华阳股份,9.79,9.42,9.79,9.41,68333500.0
20260602,600350,山东高速,11.56,11.46,11.63,11.27,10752100.0
20260602,600351,亚宝药业,6.46,6.38,6.46,6.3,11006800.0
20260602,600352,浙江龙盛,11.28,11.28,11.36,11.03,32429000.0
20260602,600353,旭光电子,22.48,23.22,24.03,22.12,67922400.0
20260602,600354,敦煌种业,5.64,5.5,5.66,5.45,15078700.0
20260602,600356,恒丰纸业,9.17,9.06,9.21,9.01,5786200.0
20260602,600358,国旅联合,5.86,5.81,5.9,5.74,8925200.0
20260602,600359,新农开发,6.69,6.61,6.78,6.54,9565400.0
20260602,600360,华微电子,11.51,12.77,12.77,11.41,63626900.0
20260602,600361,创新新材,4.54,4.5,4.58,4.45,54761000.0
20260602,600362,江西铜业,44.0,47.48,47.48,44.0,84092600.0
20260602,600363,联创光电,35.77,34.45,35.98,33.12,20176400.0
20260602,600366,宁波韵升,12.2,12.39,12.53,11.86,24586700.0
20260602,600367,红星发展,35.77,38.84,38.84,35.1,30604500.0
20260602,600368,五洲交通,3.98,3.99,4.01,3.96,16691500.0
20260602,600369,西南证券,4.01,4.01,4.05,3.99,36287800.0
20260602,600371,万向德农,7.89,7.48,7.89,7.42,5690100.0
20260602,600372,中航机载,11.3,11.21,11.35,11.12,21784100.0
20260602,600373,中文传媒,7.82,7.64,7.87,7.62,10061800.0
20260602,600375,汉马科技,4.36,4.27,4.37,4.22,15557600.0
20260602,600376,首开股份,4.4,4.3,4.58,4.3,140243800.0
20260602,600377,宁沪高速,12.9,13.02,13.07,12.82,10337500.0
20260602,600378,昊华科技,42.0,43.41,44.53,41.01,69812100.0
20260602,600379,宝光股份,13.79,13.23,13.86,12.9,23024500.0
20260602,600380,健康元,10.24,10.12,10.29,10.1,10213100.0
20260602,600382,广东明珠,8.07,8.0,8.17,7.87,14645100.0
20260602,600383,金地集团,2.77,2.7,2.8,2.67,83841600.0
20260602,600386,北巴传媒,3.83,3.73,3.87,3.68,9990400.0
20260602,600388,紫金龙净,18.58,17.77,18.67,17.76,18205100.0
20260602,600389,江山股份,25.1,25.28,26.32,25.01,8246800.0
20260602,600390,五矿资本,4.86,4.82,4.89,4.8,24179300.0
20260602,600391,航发科技,34.92,33.72,35.09,32.57,14944900.0
20260602,600392,盛和资源,21.67,22.42,22.68,21.3,51306000.0
20260602,600395,盘江股份,6.03,5.88,6.09,5.85,68593900.0
20260602,600396,华电辽能,18.5,19.4,19.88,17.63,293697800.0
20260602,600397,江钨装备,13.26,13.69,13.86,12.81,44488900.0
20260602,600398,海澜之家,5.87,5.87,5.96,5.81,23430700.0
20260602,600399,抚顺特钢,4.82,4.65,4.84,4.61,44961000.0
20260602,600400,红豆股份,2.89,2.81,2.89,2.72,60315100.0
20260602,600403,大有能源,6.11,6.12,6.12,6.03,25036100.0
20260602,600405,动力源,4.57,4.84,4.93,4.43,27982500.0
20260602,600406,国电南瑞,25.23,24.64,25.25,24.5,90389300.0
20260602,600408,安泰集团,3.15,3.1,3.24,3.08,87125200.0
20260602,600409,三友化工,6.52,6.3,6.54,6.26,36346300.0
20260602,600410,华胜天成,18.9,18.63,18.99,17.71,78924900.0
20260602,600415,小商品城,12.85,12.66,12.95,12.56,57285500.0
20260602,600416,湘电股份,11.55,11.21,11.57,11.11,28352300.0
20260602,600418,江淮汽车,36.4,35.45,37.0,35.11,61760900.0
20260602,600419,天润乳业,8.75,8.56,8.82,8.5,5773200.0
20260602,600420,国药现代,9.26,9.27,9.39,9.24,5754600.0
20260602,600422,昆药集团,9.45,9.11,9.69,9.1,19733700.0
20260602,600425,青松建化,3.78,3.74,3.81,3.72,16509400.0
20260602,600426,华鲁恒升,30.0,29.69,30.58,29.33,23667100.0
20260602,600428,中远海特,8.01,8.05,8.19,7.99,42325900.0
20260602,600429,三元股份,4.98,4.83,4.99,4.8,12775100.0
20260602,600433,冠豪高新,4.15,3.88,4.16,3.81,85712300.0
20260602,600435,北方导航,11.98,11.81,12.0,11.62,17719600.0
20260602,600436,片仔癀,128.9,124.5,129.22,124.3,5115800.0
20260602,600438,通威股份,14.58,14.11,14.6,13.96,50409100.0
20260602,600444,国机通用,15.69,14.94,15.7,14.76,3277500.0
20260602,600446,金证股份,13.38,13.03,13.45,12.78,22683900.0
20260602,600448,华纺股份,3.14,3.05,3.16,3.02,29160100.0
20260602,600449,宁夏建材,14.45,13.94,14.48,13.85,9612600.0
20260602,600452,涪陵电力,13.11,12.85,13.16,12.6,71278600.0
20260602,600455,博通股份,27.41,26.65,27.72,26.44,2523600.0
20260602,600456,宝钛股份,31.94,32.03,32.18,31.4,6464800.0
20260602,600458,时代新材,12.65,12.95,12.99,12.61,20852100.0
20260602,600459,贵研铂业,21.23,23.45,23.45,20.91,57344800.0
20260602,600460,士兰微,32.85,33.03,33.93,32.51,86135900.0
20260602,600461,洪城环境,10.33,10.04,10.36,9.97,14661300.0
20260602,600463,空港股份,10.15,9.82,10.4,9.72,10601200.0
20260602,600467,好当家,2.34,2.29,2.35,2.27,36889200.0
20260602,600468,百利电气,6.63,6.49,6.66,6.31,22288800.0
20260602,600469,风神股份,6.05,5.94,6.12,5.9,5828700.0
20260602,600470,六国化工,5.67,5.49,5.68,5.39,16356900.0
20260602,600475,华光环能,16.0,15.24,16.03,15.16,13846600.0
20260602,600477,杭萧钢构,2.79,2.75,2.8,2.72,31273400.0
20260602,600478,科力远,6.08,6.0,6.14,5.9,29637500.0
20260602,600479,千金药业,10.31,10.2,10.32,10.2,5292900.0
20260602,600480,凌云股份,10.97,10.85,11.13,10.83,16964700.0
20260602,600481,双良节能,5.34,5.04,5.35,4.93,146366000.0
20260602,600482,中国动力,36.11,36.41,36.81,33.8,44184200.0
20260602,600483,福能股份,11.31,11.38,11.41,11.11,40349100.0
20260602,600486,扬农化工,58.57,58.15,59.18,57.81,4290700.0
20260602,600487,亨通光电,74.61,83.12,83.12,74.61,191393300.0
20260602,600488,津药药业,5.53,5.44,5.76,5.26,117288300.0
20260602,600489,中金黄金,22.49,23.18,23.32,22.03,71279000.0
20260602,600490,鹏欣资源,7.4,7.49,7.55,7.19,33048800.0
20260602,600493,凤竹纺织,6.76,6.43,6.78,6.42,6243200.0
20260602,600495,晋西车轴,4.19,4.17,4.23,4.15,8353600.0
20260602,600496,精工钢构,4.05,4.22,4.28,3.97,67525000.0
20260602,600497,驰宏锌锗,9.5,9.71,9.8,9.18,157588700.0
20260602,600498,烽火通信,47.3,49.5,50.41,46.09,82960600.0
20260602,600499,科达制造,15.99,15.85,16.0,15.48,20791700.0
20260602,600500,中化国际,5.68,6.27,6.27,5.48,172594600.0
20260602,600501,航天晨光,18.6,18.4,18.64,17.68,6085800.0
20260602,600502,安徽建工,5.3,5.25,5.36,5.2,27721000.0
20260602,600503,华丽家族,2.95,2.85,3.07,2.84,178807000.0
20260602,600505,西昌电力,13.02,13.04,13.3,12.63,14669100.0
20260602,600506,统一股份,18.0,17.77,18.18,17.58,7359900.0
20260602,600507,方大特钢,4.84,4.64,4.88,4.62,33841600.0
20260602,600508,上海能源,14.66,14.38,14.84,14.26,23147700.0
20260602,600509,天富能源,9.64,9.38,9.7,9.21,85153300.0
20260602,600510,黑牡丹,8.46,8.29,8.55,8.19,10956800.0
20260602,600511,国药股份,27.28,27.42,27.74,27.27,3784600.0
20260602,600512,腾达建设,2.24,2.21,2.25,2.18,25965100.0
20260602,600513,联环药业,17.66,17.08,17.76,16.67,10710300.0
20260602,600515,海南机场,3.19,3.15,3.2,3.12,81931500.0
20260602,600516,方大炭素,5.09,4.98,5.13,4.92,47891000.0
20260602,600517,国网英大,5.41,5.32,5.43,5.29,24906600.0
20260602,600518,康美药业,1.55,1.54,1.57,1.53,152746900.0
20260602,600519,贵州茅台,1306.0,1307.22,1326.36,1301.0,3636200.0
20260602,600520,三佳科技,30.0,28.98,30.35,28.75,14528100.0
20260602,600521,华海药业,15.96,15.71,16.07,15.64,18205200.0
20260602,600522,中天科技,39.03,42.89,43.33,39.03,405978200.0
20260602,600523,贵航股份,12.35,11.95,12.39,11.88,3954000.0
20260602,600525,长园集团,5.28,5.33,5.36,5.26,8215500.0
20260602,600526,菲达环保,4.88,4.79,4.9,4.74,9193400.0
20260602,600527,江南高纤,2.6,2.51,2.6,2.45,90812600.0
20260602,600528,中铁工业,7.5,7.42,7.52,7.4,9756900.0
20260602,600529,山东药玻,19.1,19.21,19.33,19.0,11957700.0
20260602,600531,豫光金铅,13.13,13.44,13.5,12.7,56121100.0
20260602,600533,栖霞建设,2.37,2.3,2.39,2.27,25226400.0
20260602,600535,天士力,14.23,14.34,14.5,14.23,10245100.0
20260602,600536,中国软件,38.0,37.48,38.07,37.23,14504500.0
20260602,600538,国发股份,6.44,6.2,6.44,6.11,13112300.0
20260602,600539,狮头股份,16.0,15.24,16.1,14.8,20545600.0
20260602,600540,新赛股份,4.9,4.92,5.07,4.8,45684800.0
20260602,600545,卓郎智能,7.46,7.28,7.47,6.94,162634600.0
20260602,600546,山煤国际,14.9,14.42,15.73,14.23,79104600.0
20260602,600547,山东黄金,29.53,29.93,30.07,28.8,45971900.0
20260602,600548,深高速,9.03,8.98,9.06,8.96,2489600.0
20260602,600549,厦门钨业,53.0,55.81,56.18,51.47,78830000.0
20260602,600550,保变电气,13.82,13.34,13.83,13.21,37619200.0
20260602,600551,时代出版,7.53,7.38,7.65,7.33,4784700.0
20260602,600552,凯盛科技,18.27,18.84,19.06,17.85,81087700.0
20260602,600556,天下秀,5.44,5.22,5.49,5.15,61362300.0
20260602,600557,康缘药业,12.86,12.68,12.93,12.68,3598000.0
20260602,600558,大西洋,5.75,5.63,5.81,5.6,19259900.0
20260602,600559,老白干酒,13.14,12.91,13.32,12.9,14182700.0
20260602,600560,金自天正,13.19,12.86,13.24,12.82,2598300.0
20260602,600561,江西长运,6.41,6.02,6.44,5.95,6983900.0
20260602,600562,国睿科技,23.5,22.63,23.55,22.3,10268000.0
20260602,600563,法拉电子,155.2,165.88,169.5,152.0,11622300.0
20260602,600566,济川药业,27.69,28.13,29.05,27.4,7295000.0
20260602,600567,山鹰国际,1.37,1.36,1.38,1.35,61430000.0
20260602,600569,安阳钢铁,1.95,1.92,1.96,1.9,18973000.0
20260602,600570,恒生电子,24.74,24.38,24.85,24.11,25347800.0
20260602,600571,信雅达,11.91,11.53,11.99,11.42,7328600.0
20260602,600572,康恩贝,4.26,4.23,4.29,4.22,27897900.0
20260602,600573,惠泉啤酒,13.57,12.88,13.84,12.72,25736300.0
20260602,600575,淮河能源,4.2,4.38,4.58,4.16,220053000.0
20260602,600576,祥源文旅,6.15,6.01,6.16,5.93,14158000.0
20260602,600577,精达股份,12.55,12.62,12.85,12.2,62436300.0
20260602,600578,京能电力,8.39,8.49,8.75,7.93,320130000.0
20260602,600579,中化装备,6.78,6.61,6.82,6.57,4807600.0
20260602,600580,卧龙电驱,40.85,39.9,41.9,39.68,67319300.0
20260602,600582,天地科技,5.56,5.5,5.57,5.48,17976500.0
20260602,600583,海油工程,5.79,5.68,5.81,5.63,40151600.0
20260602,600584,长电科技,76.86,75.35,77.54,72.65,253251200.0
20260602,600585,海螺水泥,20.31,20.13,20.38,20.11,21729500.0
20260602,600586,金晶科技,5.1,4.99,5.11,4.92,41347100.0
20260602,600587,新华医疗,13.64,13.37,13.64,13.37,4294700.0
20260602,600588,用友网络,11.5,11.28,11.54,11.09,90766100.0
20260602,600589,大位科技,10.55,10.39,10.88,10.14,128207400.0
20260602,600590,泰豪科技,12.9,12.84,13.04,12.35,36740300.0
20260602,600592,龙溪股份,19.86,20.13,20.2,19.53,9178100.0
20260602,600593,大连圣亚,37.66,38.33,38.7,37.1,6714100.0
20260602,600594,益佰制药,3.67,3.56,3.67,3.52,20121400.0
20260602,600595,中孚实业,7.4,7.55,7.63,7.34,106134600.0
20260602,600596,新安股份,13.26,13.09,13.67,12.75,71884700.0
20260602,600597,光明乳业,7.1,7.03,7.15,7.02,8023000.0
20260602,600598,北大荒,14.62,14.49,14.62,14.39,16765900.0
20260602,600600,青岛啤酒,61.37,61.01,61.63,60.8,6263100.0
20260602,600601,方正科技,12.5,12.67,12.97,12.05,267598800.0
20260602,600602,云赛智联,18.84,19.15,19.29,18.06,33892600.0
20260602,600603,广汇物流,4.99,4.95,5.0,4.82,13436700.0
20260602,600604,市北高新,4.53,4.45,4.54,4.42,14648900.0
20260602,600605,汇通能源,29.95,29.21,30.19,28.96,3646700.0
20260602,600606,绿地控股,1.5,1.48,1.54,1.46,144987600.0
20260602,600609,金杯汽车,3.7,3.61,3.7,3.59,14913600.0
20260602,600610,中毅达,7.99,7.79,8.01,7.65,13224900.0
20260602,600611,大众交通,4.72,4.55,4.72,4.51,92005700.0
20260602,600612,老凤祥,36.79,36.65,37.18,36.56,1237000.0
20260602,600613,神奇制药,5.29,5.17,5.32,5.15,5963100.0
20260602,600615,鑫源智造,10.53,10.29,10.61,10.17,2693600.0
20260602,600616,金枫酒业,4.64,4.54,4.68,4.48,12066700.0
20260602,600617,国新能源,3.72,3.65,3.76,3.59,95784300.0
20260602,600618,氯碱化工,10.7,10.48,10.77,10.41,5907900.0
20260602,600619,海立股份,15.18,14.95,15.32,14.79,15112400.0
20260602,600620,天宸股份,5.05,4.77,5.05,4.73,7797600.0
20260602,600621,华鑫股份,13.24,13.15,13.27,13.08,8152300.0
20260602,600622,光大嘉宝,2.64,2.57,2.71,2.54,60764400.0
20260602,600623,华谊集团,8.95,8.73,8.99,8.67,14889300.0
20260602,600626,申达股份,3.78,3.66,3.78,3.64,13980100.0
20260602,600628,新世界,6.51,6.4,6.55,6.34,8633100.0
20260602,600629,华建集团,17.16,16.71,17.17,16.37,20703700.0
20260602,600630,龙头股份,7.81,7.9,7.93,7.74,6865500.0
20260602,600633,浙数文化,12.48,12.32,12.48,12.18,14946800.0
20260602,600635,大众公用,5.38,5.2,5.41,5.18,66221900.0
20260602,600637,东方明珠,9.74,9.44,9.75,9.33,59779800.0
20260602,600638,新黄浦,5.84,5.7,5.94,5.63,10691700.0
20260602,600639,浦东金桥,10.04,9.86,10.06,9.85,4351900.0
20260602,600640,国脉文化,11.97,11.64,12.03,11.58,9860400.0
20260602,600641,先导基电,26.49,25.65,26.49,25.47,26956300.0
20260602,600642,申能股份,10.56,10.65,10.98,10.4,65737800.0
20260602,600643,爱建集团,4.39,4.31,4.42,4.28,11299000.0
20260602,600644,乐山电力,11.31,11.2,11.35,11.1,19838500.0
20260602,600645,中源协和,20.19,19.53,20.2,19.32,9674000.0
20260602,600648,外高桥,9.77,9.72,9.79,9.63,1747700.0
20260602,600649,城投控股,4.02,3.89,4.03,3.83,34096500.0
20260602,600650,锦江在线,11.59,11.39,11.59,11.36,2546600.0
20260602,600651,飞乐音响,6.63,6.49,6.75,6.4,25864800.0
20260602,600653,申华控股,1.74,1.74,1.76,1.73,19184500.0
20260602,600654,中安科,3.35,3.24,3.36,3.19,63532800.0
20260602,600655,豫园股份,4.72,4.69,4.76,4.67,11087700.0
20260602,600657,信达地产,2.91,2.86,2.96,2.84,23073200.0
20260602,600658,电子城,4.77,4.67,4.77,4.56,13633300.0
20260602,600660,福耀玻璃,52.5,54.24,54.35,52.35,20359600.0
20260602,600661,昂立教育,8.78,8.46,8.8,8.38,4710800.0
20260602,600662,外服控股,4.62,4.5,4.64,4.48,14878600.0
20260602,600663,陆家嘴,7.57,7.27,7.62,7.18,16123200.0
20260602,600664,哈药股份,3.37,3.33,3.38,3.32,38019600.0
20260602,600665,天地源,3.51,3.42,3.58,3.37,27070800.0
20260602,600666,奥瑞德,4.55,4.61,4.65,4.3,185634200.0
20260602,600667,太极实业,13.63,14.94,14.94,13.49,390863500.0
20260602,600668,尖峰集团,8.09,8.13,8.19,7.98,5710100.0
20260602,600671,天目药业,17.93,17.42,17.93,17.32,1368800.0
20260602,600673,东阳光,37.6,35.62,37.8,34.42,88050100.0
20260602,600674,川投能源,15.68,15.44,15.89,15.35,61382500.0
20260602,600675,中华企业,2.47,2.43,2.49,2.41,27889000.0
20260602,600676,久事动娱,6.57,6.6,6.65,6.45,10824600.0
20260602,600679,上海凤凰,10.0,9.75,10.01,9.71,3498300.0
20260602,600681,百川能源,3.91,3.87,3.92,3.83,16975400.0
20260602,600682,南京新百,6.05,6.17,6.24,5.94,29919700.0
20260602,600683,京投发展,14.43,14.21,14.59,13.88,20561600.0
20260602,600684,珠江股份,3.78,3.64,3.85,3.6,18509700.0
20260602,600685,中船防务,28.18,27.86,28.24,27.35,8280500.0
20260602,600686,金龙汽车,13.55,13.63,13.67,13.35,11341800.0
20260602,600688,上海石化,2.76,2.79,2.8,2.73,58161900.0
20260602,600689,上海三毛,11.98,11.67,12.04,11.49,3208800.0
20260602,600690,海尔智家,21.0,21.13,21.28,20.8,40822900.0
20260602,600691,潞化科技,2.8,2.73,2.81,2.68,30386700.0
20260602,600692,亚通股份,7.07,6.83,7.1,6.81,7332100.0
20260602,600693,东百集团,10.43,10.72,11.1,10.15,113447100.0
20260602,600694,大商股份,15.55,15.23,15.62,15.1,6071500.0
20260602,600697,欧亚集团,12.06,11.6,12.09,11.51,4245900.0
20260602,600698,湖南天雁,6.8,6.62,6.83,6.54,7445200.0
20260602,600699,均胜电子,26.26,26.35,26.57,25.81,32555000.0
20260602,600702,舍得酒业,43.5,42.6,44.32,42.31,12445400.0
20260602,600703,三安光电,15.2,15.16,15.47,14.59,200294700.0
20260602,600704,物产中大,4.99,4.97,5.02,4.95,42175400.0
20260602,600706,曲江文旅,8.42,8.21,8.49,8.14,6134700.0
20260602,600707,彩虹股份,9.85,10.09,10.15,9.43,153844700.0
20260602,600708,光明地产,3.23,3.23,3.29,3.15,28984600.0
20260602,600710,苏美达,11.57,11.44,11.63,11.33,8740300.0
20260602,600711,盛屯矿业,12.39,12.61,12.87,12.06,107585500.0
20260602,600712,南宁百货,6.1,5.92,6.1,5.86,7741400.0
20260602,600713,南京医药,5.1,5.08,5.13,5.05,7535500.0
20260602,600714,金瑞矿业,29.2,28.92,30.03,28.5,15606800.0
20260602,600715,文投控股,1.94,1.9,1.94,1.88,25551700.0
20260602,600716,凤凰股份,3.76,3.69,3.8,3.66,7495300.0
20260602,600717,天津港,4.54,4.53,4.6,4.53,23412100.0
20260602,600718,东软集团,8.46,8.32,8.48,8.28,9517900.0
20260602,600719,大连热电,9.53,9.29,9.53,9.0,42391900.0
20260602,600720,中交设计,6.21,6.08,6.24,6.07,8766500.0
20260602,600721,百花医药,7.45,7.31,7.5,7.22,6441600.0
20260602,600722,金牛化工,10.77,10.22,10.77,10.02,25382100.0
20260602,600724,宁波富达,6.9,6.68,6.99,6.61,10746700.0
20260602,600725,云维股份,3.94,3.94,3.95,3.85,15710700.0
20260602,600726,华电能源,9.5,9.24,9.65,8.87,406822500.0
20260602,600727,鲁北化工,9.01,8.7,9.18,8.51,75352200.0
20260602,600728,佳都科技,4.98,4.86,5.0,4.83,25003100.0
20260602,600729,重百集团,20.51,20.31,21.05,20.21,6228000.0
20260602,600731,湖南海利,5.86,5.68,5.86,5.66,7812500.0
20260602,600732,爱旭股份,12.27,11.79,12.32,11.68,38182800.0
20260602,600733,北汽蓝谷,6.13,6.1,6.15,6.02,51593300.0
20260602,600736,苏州高新,7.14,7.06,7.19,6.86,42377100.0
20260602,600737,中粮糖业,14.0,14.15,14.33,13.81,46301600.0
20260602,600738,丽尚国潮,4.48,4.34,4.49,4.3,11991700.0
20260602,600739,辽宁成大,10.85,10.71,10.88,10.65,8821400.0
20260602,600740,山西焦化,4.06,4.03,4.1,3.97,64383900.0
20260602,600741,华域汽车,16.91,16.97,17.1,16.85,19796700.0
20260602,600742,富维股份,8.28,8.09,8.28,8.07,3621200.0
20260602,600743,华远控股,2.55,2.53,2.59,2.42,136480600.0
20260602,600744,华银电力,8.48,8.83,9.09,8.1,231832200.0
20260602,600746,江苏索普,6.65,6.5,6.66,6.46,9512600.0
20260602,600748,上实发展,4.6,4.47,4.6,4.4,20670800.0
20260602,600749,西藏旅游,15.02,14.8,15.05,14.52,4931200.0
20260602,600750,华润江中,25.88,26.02,26.49,25.65,6400800.0
20260602,600751,海航科技,3.35,3.26,3.35,3.21,35842600.0
20260602,600754,锦江酒店,20.8,20.5,20.98,20.39,10489900.0
20260602,600755,厦门国贸,6.03,5.95,6.04,5.94,15399000.0
20260602,600756,浪潮软件,14.74,14.35,14.8,14.18,7314100.0
20260602,600757,长江传媒,8.15,8.11,8.2,8.08,8388300.0
20260602,600758,辽宁能源,5.2,5.25,5.68,4.95,271098500.0
20260602,600760,中航沈飞,43.53,43.27,44.0,43.1,13223400.0
20260602,600761,安徽合力,17.51,17.2,17.58,17.18,11959000.0
20260602,600763,通策医疗,37.33,36.81,37.5,36.7,5284700.0
20260602,600764,中国海防,21.1,20.81,21.23,20.73,3405900.0
20260602,600765,中航重机,14.31,14.1,14.35,13.98,16923300.0
20260602,600768,富邦新材,16.71,16.95,17.32,16.12,5971600.0
20260602,600769,祥龙电业,16.95,16.31,17.04,15.95,29447700.0
20260602,600770,综艺股份,6.14,6.01,6.17,5.89,34753200.0
20260602,600771,广誉远,15.11,14.84,15.14,14.84,5295300.0
20260602,600773,西藏城投,17.18,16.14,17.3,15.98,25492700.0
20260602,600774,汉商集团,7.77,7.45,7.89,7.41,5236400.0
20260602,600775,南京熊猫,10.9,10.79,10.9,10.49,13918700.0
20260602,600776,东方通信,14.58,14.73,14.84,14.42,16643400.0
20260602,600777,新潮能源,5.41,5.36,5.48,5.33,10921100.0
20260602,600778,友好集团,6.39,6.1,6.44,6.06,11891500.0
20260602,600779,水井坊,33.65,32.39,34.24,31.92,15418900.0
20260602,600780,通宝能源,7.7,7.49,7.73,7.47,46442100.0
20260602,600782,新钢股份,2.89,2.81,2.9,2.8,55387700.0
20260602,600783,鲁信创投,21.1,21.4,22.2,20.82,28657100.0
20260602,600784,鲁银投资,7.65,7.54,7.73,7.41,15771200.0
20260602,600785,新华百货,16.43,16.05,16.6,15.71,6681000.0
20260602,600787,中储股份,4.89,4.83,4.91,4.82,18454200.0
20260602,600789,鲁抗医药,7.9,7.8,7.93,7.8,8442500.0
20260602,600790,轻纺城,4.17,4.1,4.19,4.07,19481400.0
20260602,600791,京能置业,14.2,14.45,14.58,13.85,16192800.0
20260602,600792,云煤能源,4.3,4.31,4.5,4.2,44564700.0
20260602,600793,宜宾纸业,14.56,14.11,14.67,13.99,3002800.0
20260602,600794,保税科技,3.32,3.25,3.33,3.23,10730100.0
20260602,600795,国电电力,5.23,5.32,5.37,5.15,434044100.0
20260602,600796,钱江生化,5.54,5.41,5.55,5.38,7810500.0
20260602,600797,浙大网新,8.15,8.25,8.55,8.05,104518800.0
20260602,600798,宁波海运,3.75,3.65,3.84,3.64,77745400.0
20260602,600800,渤海化学,3.97,3.9,3.99,3.79,22277800.0
20260602,600801,华新建材,18.85,18.92,19.25,18.78,15055800.0
20260602,600802,福建水泥,5.22,5.07,5.25,5.04,7031400.0
20260602,600803,新奥股份,19.83,19.63,20.15,19.62,6605800.0
20260602,600805,悦达投资,4.85,4.73,4.86,4.72,7866500.0
20260602,600807,济高发展,2.85,2.74,2.86,2.73,23967000.0
20260602,600808,马钢股份,2.97,2.88,2.99,2.87,59135100.0
20260602,600809,山西汾酒,127.5,125.7,128.88,125.6,9128600.0
20260602,600810,神马股份,6.07,5.78,6.07,5.74,18733300.0
20260602,600812,华北制药,4.63,4.54,4.63,4.53,13055300.0
20260602,600814,杭州解百,7.31,7.29,7.37,7.23,8459900.0
20260602,600815,厦工股份,3.41,3.33,3.43,3.24,38364800.0
20260602,600816,建元信托,3.07,3.03,3.08,3.01,58590800.0
20260602,600817,宇通重工,10.33,10.11,10.34,10.09,2488800.0
20260602,600819,耀皮玻璃,6.76,6.54,6.76,6.48,10235200.0
20260602,600820,隧道股份,5.77,5.8,5.82,5.73,18646500.0
20260602,600821,金开新能,8.01,7.99,8.14,7.66,143213700.0
20260602,600822,上海物贸,9.08,8.89,9.1,8.81,3229100.0
20260602,600824,益民集团,3.93,3.84,3.94,3.82,9339300.0
20260602,600825,新华传媒,5.29,5.14,5.32,5.13,7593700.0
20260602,600826,兰生股份,8.99,8.75,9.01,8.73,4894900.0
20260602,600827,百联股份,8.53,8.38,8.62,8.38,15189700.0
20260602,600828,茂业商业,4.65,4.59,4.78,4.48,49087900.0
20260602,600829,人民同泰,8.86,8.75,8.92,8.65,4670700.0
20260602,600830,香溢融通,8.41,8.12,8.41,8.07,8847500.0
20260602,600831,广电网络,3.74,3.61,3.75,3.58,22062500.0
20260602,600833,第一医药,10.91,10.61,10.94,10.54,3357600.0
20260602,600834,申通地铁,7.75,7.59,7.75,7.5,3062700.0
20260602,600835,上海机电,22.0,22.22,22.38,21.26,8594900.0
20260602,600838,上海九百,8.58,8.34,8.66,8.27,11065000.0
20260602,600839,四川长虹,7.33,7.19,7.33,7.11,50661400.0
20260602,600841,动力新科,7.99,7.56,7.99,7.5,44348300.0
20260602,600843,上工申贝,7.83,7.72,7.97,7.51,9481100.0
20260602,600844,金煤科技,3.07,3.05,3.13,2.97,26637400.0
20260602,600845,宝信软件,20.6,20.84,20.88,20.21,16743800.0
20260602,600846,同济科技,11.25,11.31,11.58,11.06,4538100.0
20260602,600847,万里股份,16.02,15.35,16.42,14.78,8545500.0
20260602,600848,上海临港,9.15,9.51,9.67,9.11,35698100.0
20260602,600850,电科数字,25.8,25.41,25.8,24.45,34689100.0
20260602,600851,海欣股份,8.05,7.66,8.2,7.64,14125200.0
20260602,600853,龙建股份,3.7,3.62,3.7,3.6,6950300.0
20260602,600854,春兰股份,5.12,4.9,5.12,4.85,14421700.0
20260602,600855,航天长峰,15.94,15.35,15.97,15.1,12938500.0
20260602,600857,宁波中百,15.5,16.53,16.88,15.13,29119300.0
20260602,600858,银座股份,5.38,5.23,5.39,5.18,10810600.0
20260602,600859,王府井,11.21,10.98,11.26,10.94,17705000.0
20260602,600860,京城股份,9.39,9.24,9.41,9.06,5402000.0
20260602,600861,北京人力,14.58,14.43,14.67,14.42,2739600.0
20260602,600862,中航高科,17.88,17.76,17.95,17.49,13145000.0
20260602,600863,华能蒙电,7.49,7.38,7.59,7.2,583205700.0
20260602,600864,哈投股份,5.63,5.57,5.66,5.54,26917500.0
20260602,600865,百大集团,10.94,10.85,11.12,10.46,28465200.0
20260602,600866,星湖科技,5.14,5.05,5.14,5.04,15364700.0
20260602,600867,通化东宝,8.56,8.5,8.68,8.5,23810000.0
20260602,600868,梅雁吉祥,3.45,3.41,3.45,3.31,82407000.0
20260602,600869,远东股份,23.19,25.28,25.28,23.0,121375200.0
20260602,600871,石化油服,2.4,2.36,2.43,2.33,128695800.0
20260602,600872,中炬高新,19.51,18.97,19.68,18.95,10788600.0
20260602,600873,梅花生物,9.4,9.44,9.61,9.38,18643700.0
20260602,600874,创业环保,5.89,5.85,5.94,5.83,10214800.0
20260602,600875,东方电气,35.07,33.07,35.09,32.02,96184700.0
20260602,600876,凯盛新能,8.84,8.56,8.84,8.42,3804700.0
20260602,600877,电科芯片,14.21,13.88,14.29,13.67,19519400.0
20260602,600879,航天电子,19.33,19.39,19.57,18.1,129179600.0
20260602,600880,博瑞传播,4.45,4.35,4.49,4.29,20183200.0
20260602,600881,亚泰集团,1.54,1.55,1.55,1.5,43509300.0
20260602,600882,妙可蓝多,20.0,19.39,20.15,19.3,11296700.0
20260602,600883,博闻科技,8.81,8.42,9.16,8.39,6469700.0
20260602,600884,杉杉股份,14.15,14.08,14.29,13.59,79613800.0
20260602,600885,宏发股份,34.51,35.11,36.0,33.5,25403300.0
20260602,600886,国投电力,14.43,14.46,14.75,14.36,67138100.0
20260602,600887,伊利股份,26.95,26.86,27.12,26.8,41520200.0
20260602,600888,新疆众和,11.98,11.83,12.0,11.49,72566600.0
20260602,600892,大晟文化,3.98,3.97,4.02,3.92,4185600.0
20260602,600893,航发动力,41.54,41.12,41.54,40.12,25620300.0
20260602,600894,广日股份,8.84,8.85,8.99,8.79,7278300.0
20260602,600895,张江高科,33.96,33.33,33.99,32.65,29271400.0
20260602,600897,厦门空港,14.96,15.06,15.14,14.8,2809800.0
20260602,600900,长江电力,27.82,27.96,28.15,27.62,125757400.0
20260602,600901,江苏金租,6.5,6.66,6.68,6.46,46651700.0
20260602,600903,贵州燃气,9.72,9.63,9.94,9.33,49337100.0
20260602,600905,三峡能源,4.33,4.32,4.37,4.27,330397300.0
20260602,600906,财达证券,6.66,6.82,6.92,6.59,86158300.0
20260602,600908,无锡银行,5.58,5.55,5.66,5.55,16855200.0
20260602,600909,华安证券,7.27,7.11,7.35,7.03,142785900.0
20260602,600916,中国黄金,8.0,7.99,8.05,7.88,23701900.0
20260602,600917,重庆燃气,5.28,5.24,5.29,5.21,4844800.0
20260602,600918,中泰证券,5.48,5.51,5.57,5.47,33422200.0
20260602,600919,江苏银行,11.38,11.5,11.55,11.35,103584100.0
20260602,600925,苏能股份,4.85,4.81,4.91,4.77,32595000.0
20260602,600926,杭州银行,16.33,16.23,16.44,16.17,45471400.0
20260602,600927,永安期货,13.91,13.56,13.95,13.54,8733800.0
20260602,600928,西安银行,3.59,3.58,3.64,3.57,23499600.0
,600929,雪天盐业,5.6,5.41,5.61,5.39,19096900.0
20260602,600930,华电新能,6.32,6.35,6.41,6.25,185550500.0
20260602,600933,爱柯迪,15.95,15.61,16.04,15.6,10324500.0
20260602,600935,华塑股份,2.49,2.44,2.49,2.42,24123600.0
20260602,600936,北投科技,5.38,5.92,5.92,5.2,153862700.0
20260602,600938,中国海油,35.2,35.18,36.06,35.04,41746400.0
20260602,600939,重庆建工,2.9,2.99,3.05,2.89,29200200.0
20260602,600941,中国移动,98.9,100.42,100.49,98.38,9544700.0
20260602,600955,维远股份,16.47,16.21,16.54,16.07,3816700.0
20260602,600956,新天绿能,9.48,9.87,10.24,9.44,57482000.0
20260602,600958,东方证券,9.28,9.25,9.31,9.18,41815900.0
20260602,600959,江苏有线,3.59,3.52,3.59,3.5,34782500.0
20260602,600960,渤海汽车,4.48,4.39,4.5,4.35,11982200.0
20260602,600961,株冶集团,25.18,25.98,26.19,24.6,42973100.0
20260602,600962,国投中鲁,25.6,24.94,25.79,24.5,6561700.0
20260602,600963,岳阳林纸,4.07,3.97,4.1,3.95,29572400.0
20260602,600966,博汇纸业,5.98,5.9,6.01,5.76,13214700.0
20260602,600967,内蒙一机,12.7,12.39,12.75,12.34,12806500.0
20260602,600968,海油发展,4.08,4.0,4.08,3.97,43030200.0
20260602,600969,郴电国际,11.5,11.19,11.59,10.93,15079300.0
20260602,600970,中材国际,8.96,8.96,9.02,8.91,16886600.0
20260602,600971,恒源煤电,8.21,7.95,8.3,7.92,37444200.0
20260602,600973,宝胜股份,6.86,6.87,6.92,6.47,27847300.0
20260602,600975,新五丰,5.11,5.01,5.12,5.0,7468800.0
20260602,600976,健民集团,29.51,28.74,29.7,28.53,2406500.0
20260602,600977,中国电影,14.87,14.38,14.91,14.1,58823100.0
20260602,600979,广安爱众,5.28,5.2,5.3,5.09,99445500.0
20260602,600980,北矿科技,21.2,20.77,21.21,20.28,2916500.0
20260602,600981,苏豪汇鸿,2.74,2.66,2.76,2.63,57149800.0
20260602,600982,宁波能源,6.64,6.74,6.8,6.4,92973900.0
20260602,600983,惠而浦,8.94,8.8,8.96,8.77,2809600.0
20260602,600984,建设机械,4.58,4.45,4.63,4.37,32643100.0
20260602,600985,淮北矿业,15.56,15.68,15.78,15.16,45281100.0
20260602,600986,浙文互联,9.05,8.56,9.06,8.41,89155300.0
20260602,600987,航民股份,6.67,6.68,6.71,6.63,5889500.0
20260602,600988,赤峰黄金,33.55,34.15,34.42,32.41,48089300.0
20260602,600989,宝丰能源,25.01,24.55,25.08,24.26,54332800.0
20260602,600990,四创电子,19.28,18.88,19.34,18.52,3200000.0
20260602,600992,贵绳股份,13.05,12.5,13.12,12.45,14676900.0
20260602,600993,马应龙,24.26,24.32,24.57,24.16,4711500.0
20260602,600995,南网储能,15.9,15.58,15.95,15.36,67724600.0
20260602,600996,贵广网络,9.35,9.08,9.35,8.92,40011200.0
20260602,600997,开滦股份,5.71,5.67,5.75,5.62,18924700.0
20260602,600998,九州通,4.88,4.89,4.95,4.88,24249200.0
20260602,600999,招商证券,17.1,17.13,17.27,16.98,53244200.0
20260602,601000,唐山港,4.32,4.32,4.41,4.3,50270900.0
20260602,601001,晋控煤业,20.78,20.65,22.22,20.22,75685600.0
20260602,601002,晋亿实业,5.15,5.12,5.22,5.07,13751000.0
20260602,601003,柳钢股份,4.0,3.85,4.02,3.85,19975600.0
20260602,601005,重庆钢铁,1.32,1.31,1.32,1.3,52552800.0
20260602,601006,大秦铁路,5.21,5.18,5.27,5.15,131174300.0
20260602,601007,金陵饭店,6.98,6.85,7.0,6.81,7062800.0
20260602,601008,连云港,4.59,4.53,4.62,4.49,9373600.0
20260602,601009,南京银行,11.19,11.26,11.37,11.18,47100500.0
20260602,601011,宝泰隆,2.95,2.98,3.09,2.93,71744400.0
20260602,601012,隆基绿能,13.7,13.48,13.76,13.25,145534200.0
20260602,601015,陕西黑猫,3.82,3.9,4.1,3.71,129657600.0
20260602,601016,节能风电,4.81,4.93,4.95,4.61,455508000.0
20260602,601018,宁波港,3.5,3.47,3.53,3.43,73570700.0
20260602,601019,山东出版,7.31,7.17,7.37,7.15,10290400.0
20260602,601020,华钰矿业,24.84,25.09,25.31,24.22,21555100.0
20260602,601021,春秋航空,47.77,47.35,47.79,46.8,10687300.0
20260602,601022,宁波远洋,8.4,8.29,8.48,8.28,6981000.0
20260602,601026,道生天合,17.69,17.39,17.77,17.34,2231000.0
20260602,601033,永兴股份,14.64,15.0,15.25,14.62,8105900.0
20260602,601038,一拖股份,13.05,12.91,13.08,12.91,5635200.0
20260602,601058,赛轮轮胎,12.66,12.75,12.77,12.56,27092900.0
20260602,601059,信达证券,17.1,17.03,17.12,16.91,9916100.0
20260602,601061,中信金属,12.93,13.04,13.15,12.59,17740000.0
20260602,601065,江盐集团,7.85,7.73,7.85,7.72,3061200.0
20260602,601066,中信建投,24.06,25.8,26.0,23.91,93183500.0
20260602,601068,中铝国际,5.53,5.47,5.57,5.39,15588100.0
20260602,601069,西部黄金,27.23,27.9,28.05,26.6,15281700.0
20260602,601077,渝农商行,6.64,6.78,6.83,6.63,49696600.0
20260602,601083,锦江航运,11.56,11.51,11.66,11.45,5500100.0
20260602,601086,国芳集团,8.36,8.0,8.37,7.87,21958600.0
20260602,601088,中国神华,48.7,48.24,50.16,47.7,56686300.0
20260602,601089,福元医药,17.84,17.53,18.12,17.4,2676500.0
20260602,601096,宏盛华源,5.1,4.96,5.11,4.91,23235400.0
20260602,601098,中南传媒,11.24,11.16,11.37,11.09,7779800.0
20260602,601099,太平洋,3.39,3.36,3.4,3.33,90032100.0
20260602,601100,恒立液压,112.09,111.36,113.01,110.0,6819500.0
20260602,601101,昊华能源,14.1,13.32,14.6,13.03,122138300.0
20260602,601106,中国一重,3.76,3.69,3.77,3.6,65049400.0
20260602,601107,四川成渝,6.28,6.26,6.37,6.22,12370400.0
20260602,601108,财通证券,7.85,7.9,7.94,7.77,47152300.0
20260602,601111,中国国航,6.71,6.67,6.75,6.64,116297900.0
20260602,601112,振石股份,18.16,17.6,18.16,17.3,8824000.0
20260602,601113,华鼎股份,4.17,4.08,4.17,4.06,6894700.0
20260602,601116,三江购物,12.98,12.53,12.98,12.42,20816100.0
20260602,601117,中国化学,7.82,7.75,7.88,7.69,75978600.0
20260602,601118,海南橡胶,6.7,6.71,6.86,6.45,74573500.0
20260602,601121,宝地矿业,6.66,6.64,6.7,6.48,11019500.0
20260602,601126,四方股份,75.32,76.66,77.63,71.33,33796200.0
20260602,601127,赛力斯,80.3,82.01,83.28,79.52,27605900.0
20260602,601128,常熟银行,7.2,7.18,7.27,7.14,49631300.0
20260602,601133,柏诚股份,25.63,26.4,26.73,24.92,22607000.0
20260602,601136,首创证券,14.65,14.47,14.68,14.33,9543100.0
20260602,601137,博威合金,19.61,21.52,21.52,19.56,28274500.0
20260602,601138,工业富联,75.0,80.01,81.11,73.85,377891200.0
20260602,601139,深圳燃气,6.71,6.63,6.74,6.61,26993800.0
20260602,601155,新城控股,13.21,12.71,13.28,12.64,16965800.0
20260602,601156,东航物流,17.0,16.76,17.13,16.71,7600000.0
20260602,601158,重庆水务,4.34,4.3,4.37,4.28,12797400.0
20260602,601162,天风证券,3.36,3.34,3.37,3.32,75835600.0
20260602,601163,三角轮胎,14.28,14.11,14.37,14.11,3915800.0
20260602,601166,兴业银行,18.4,18.61,18.7,18.36,109494900.0
20260602,601168,西部矿业,31.68,32.96,33.27,31.3,72036900.0
20260602,601169,北京银行,5.16,5.16,5.2,5.14,104533700.0
20260602,601177,杭齿前进,17.57,17.62,18.2,17.32,17636600.0
20260602,601179,中国西电,17.01,16.54,17.01,16.26,134764400.0
20260602,601186,中国铁建,6.49,6.44,6.5,6.42,50109000.0
20260602,601187,厦门银行,7.45,7.47,7.71,7.42,22431300.0
20260602,601188,龙江交通,3.19,3.16,3.2,3.13,12134800.0
20260602,601198,东兴证券,13.28,13.31,13.36,13.13,20067700.0
20260602,601199,江南水务,5.87,5.71,5.88,5.67,11530000.0
20260602,601200,上海环境,7.84,7.76,7.88,7.74,7364800.0
20260602,601208,东材科技,48.23,51.35,52.4,45.99,86389400.0
20260602,601211,国泰海通,15.85,16.22,16.4,15.81,222075800.0
20260602,601212,白银有色,6.28,6.41,6.42,6.13,99334800.0
20260602,601216,君正集团,5.21,5.19,5.23,5.14,42713400.0
20260602,601218,吉鑫科技,5.39,5.26,5.39,5.17,27690700.0
20260602,601222,林洋能源,6.55,6.47,6.58,6.37,47128800.0
20260602,601225,陕西煤业,26.77,26.37,27.33,26.1,69991900.0
20260602,601226,华电科工,7.86,7.66,7.94,7.63,12153500.0
20260602,601228,广州港,3.13,3.12,3.16,3.11,18793400.0
20260602,601229,上海银行,9.25,9.3,9.4,9.23,51873600.0
20260602,601231,环旭电子,39.54,39.65,41.98,39.01,52413100.0
20260602,601233,桐昆股份,20.0,19.84,20.21,19.54,34192500.0
20260602,601236,红塔证券,6.89,6.88,6.95,6.84,10142200.0
20260602,601238,广汽集团,6.18,6.21,6.28,6.16,24424400.0
20260602,601279,英利汽车,3.65,3.59,3.68,3.56,9158800.0
20260602,601288,农业银行,6.5,6.45,6.56,6.43,321904100.0
20260602,601298,青岛港,9.39,9.36,9.63,9.31,14895400.0
20260602,601311,骆驼股份,8.82,8.72,8.84,8.71,9855700.0
20260602,601318,中国平安,53.86,54.08,54.55,53.62,78494100.0
20260602,601319,中国人保,6.81,6.76,6.84,6.7,62365700.0
20260602,601326,秦港股份,3.39,3.35,3.42,3.34,20087500.0
20260602,601328,交通银行,6.77,6.85,6.86,6.76,198889800.0
20260602,601330,绿色动力,9.53,9.7,9.85,9.4,42574100.0
20260602,601333,广深铁路,3.07,3.15,3.19,3.07,120477200.0
20260602,601336,新华保险,58.76,57.71,58.8,57.2,24977400.0
20260602,601339,百隆东方,7.65,7.2,7.75,7.11,23608600.0
20260602,601360,三六零,10.63,10.35,10.63,10.22,83182400.0
20260602,601366,利群股份,3.94,3.88,3.94,3.84,12331000.0
20260602,601368,绿城水务,4.77,4.68,4.79,4.67,5259800.0
20260602,601369,陕鼓动力,9.69,9.19,9.78,9.16,22741800.0
20260602,601375,中原证券,4.05,4.04,4.11,4.03,42642300.0
20260602,601377,兴业证券,5.76,5.81,5.83,5.73,75062400.0
20260602,601388,怡球资源,3.52,3.55,3.56,3.48,34655700.0
20260602,601390,中国中铁,4.81,4.79,4.84,4.76,102417700.0
20260602,601398,工商银行,7.3,7.34,7.41,7.29,316427100.0
20260602,601399,国机重装,3.94,3.85,3.94,3.76,127301500.0
20260602,601456,国联民生,8.84,8.84,8.93,8.77,25727600.0
20260602,601500,通用股份,4.26,4.22,4.33,4.2,14749700.0
20260602,601512,中新集团,8.84,8.73,8.87,8.68,4973000.0
20260602,601515,衢州东峰,4.05,4.0,4.07,3.97,17150800.0
20260602,601518,吉林高速,3.13,3.1,3.14,3.07,22909100.0
20260602,601519,大智慧,10.1,9.84,10.14,9.61,43981200.0
20260602,601528,瑞丰银行,4.83,4.85,4.93,4.82,15891300.0
20260602,601555,东吴证券,7.92,7.93,8.02,7.87,33242700.0
20260602,601566,九牧王,12.6,12.28,12.85,12.15,26462200.0
20260602,601567,三星电气,16.58,16.16,16.71,15.96,19413700.0
20260602,601568,北元化工,3.82,3.83,3.91,3.81,21763500.0
20260602,601577,长沙银行,9.69,9.71,9.77,9.65,20744600.0
20260602,601579,会稽山,17.0,16.33,17.0,16.27,7011000.0
20260602,601588,北辰实业,2.06,2.07,2.15,2.03,91808400.0
20260602,601595,上海电影,21.5,20.36,21.5,20.29,7368300.0
20260602,601598,中国外运,6.1,6.18,6.25,6.07,14601600.0
20260602,601599,浙文影业,3.36,3.26,3.36,3.24,21808800.0
20260602,601600,中国铝业,11.43,11.81,11.88,11.37,381918400.0
20260602,601601,中国太保,31.91,31.7,32.12,31.3,50331700.0
20260602,601606,长城军工,34.34,33.24,34.34,32.8,10075600.0
20260602,601607,上海医药,16.39,16.5,16.61,16.38,9372800.0
20260602,601608,中信重工,5.54,5.41,5.54,5.29,47883600.0
20260602,601609,金田股份,12.32,12.6,12.88,12.3,71317000.0
20260602,601611,中国核建,11.73,11.56,11.8,11.23,37924600.0
20260602,601615,明阳智能,16.04,15.14,16.33,14.89,119037100.0
20260602,601616,广电电气,4.3,4.16,4.3,4.06,21656600.0
20260602,601618,中国中冶,2.82,2.8,2.83,2.79,90819200.0
20260602,601619,嘉泽新能,5.6,5.5,5.62,5.37,68938100.0
20260602,601628,中国人寿,33.45,33.24,33.65,33.06,23351900.0
20260602,601633,长城汽车,16.9,17.04,17.28,16.72,37224600.0
20260602,601636,旗滨集团,6.7,6.5,6.75,6.39,84257600.0
20260602,601658,邮储银行,5.01,5.01,5.05,4.98,136254000.0
20260602,601665,齐鲁银行,6.21,6.21,6.3,6.18,35033600.0
20260602,601666,平煤股份,8.25,8.31,8.66,8.14,63485000.0
20260602,601668,中国建筑,4.85,4.86,4.88,4.83,161949500.0
20260602,601669,中国电建,5.38,5.3,5.38,5.29,144648100.0
20260602,601677,明泰铝业,19.27,19.68,19.77,19.18,52030800.0
20260602,601678,滨化股份,5.54,5.56,5.64,5.4,88695700.0
20260602,601686,友发集团,5.69,5.93,5.93,5.66,40457500.0
20260602,601688,华泰证券,18.53,18.61,18.71,18.25,97012500.0
20260602,601689,拓普集团,62.5,62.96,64.19,61.6,40720800.0
20260602,601696,中银证券,11.36,11.26,11.4,11.17,27008000.0
20260602,601698,中国卫通,29.96,29.73,29.98,28.23,39523900.0
20260602,601699,潞安环能,17.64,17.8,18.8,17.4,101199700.0
20260602,601700,风范股份,5.35,5.35,5.41,5.25,14801000.0
20260602,601702,华峰铝业,20.4,20.39,20.68,20.1,18428000.0
20260602,601717,中创智领,18.36,18.26,18.56,18.19,11655500.0
20260602,601727,上海电气,8.23,7.99,8.23,7.94,174951800.0
20260602,601728,中国电信,6.03,6.16,6.18,6.02,146401800.0
20260602,601766,中国中车,5.76,5.69,5.79,5.65,250562500.0
20260602,601777,千里科技,10.99,10.8,11.07,10.8,39403900.0
20260602,601778,晶科科技,5.79,5.84,5.88,5.44,264035100.0
20260602,601788,光大证券,14.27,14.37,14.41,14.14,27125300.0
20260602,601789,宁波建工,5.03,4.91,5.04,4.86,46736300.0
20260602,601798,蓝科高新,7.94,7.76,8.05,7.69,5985500.0
20260602,601799,星宇股份,127.17,127.03,128.82,124.36,2525000.0
20260602,601800,中国交建,6.5,6.43,6.52,6.39,52179600.0
20260602,601801,皖新传媒,5.83,5.76,5.86,5.74,8135100.0
20260602,601808,中海油服,13.16,13.07,13.26,12.96,20656000.0
20260602,601811,新华文轩,13.09,13.08,13.25,13.0,2567800.0
20260602,601816,京沪高铁,5.03,5.1,5.11,5.0,239061700.0
20260602,601818,光大银行,3.13,3.15,3.16,3.12,205259300.0
20260602,601825,沪农商行,8.64,8.84,8.95,8.62,30533200.0
20260602,601827,三峰环境,8.5,8.52,8.65,8.4,19028900.0
20260602,601828,美凯龙,2.54,2.51,2.58,2.48,38486100.0
20260602,601838,成都银行,18.91,19.31,19.36,18.91,32548000.0
20260602,601857,中国石油,10.88,10.66,11.08,10.58,235392800.0
20260602,601858,中国科传,25.22,24.8,25.54,24.72,9493600.0
20260602,601860,紫金银行,2.64,2.62,2.67,2.62,36165500.0
20260602,601865,福莱特,11.81,11.56,11.83,11.39,15389000.0
20260602,601866,中远海发,2.58,2.58,2.6,2.55,65777000.0
20260602,601868,中国能建,2.9,2.86,2.91,2.84,500517000.0
20260602,601869,长飞光纤,373.11,408.74,408.74,368.58,19754100.0
20260602,601872,招商轮船,15.62,15.49,15.64,15.0,95503500.0
20260602,601877,正泰电器,29.2,28.99,29.48,28.36,29249800.0
20260602,601878,浙商证券,9.4,9.38,9.44,9.32,25131500.0
20260602,601880,辽港股份,1.62,1.61,1.62,1.6,68823300.0
20260602,601881,中国银河,12.3,12.38,12.43,12.17,42273400.0
20260602,601882,海天精工,21.3,20.89,21.67,20.85,4613600.0
20260602,601886,江河集团,8.89,8.69,8.93,8.51,6865800.0
20260602,601888,中国中免,58.6,56.94,58.6,56.5,53129400.0
20260602,601890,亚星锚链,9.08,8.92,9.1,8.82,18125000.0
20260602,601898,中煤能源,16.96,16.4,17.28,16.26,86909700.0
20260602,601899,紫金矿业,30.36,31.58,31.74,30.12,333321400.0
20260602,601900,南方传媒,12.36,12.11,12.36,12.06,7263300.0
20260602,601901,方正证券,6.76,6.72,6.79,6.68,71724300.0
20260602,601908,京运通,3.81,3.78,3.83,3.75,50443800.0
20260602,601916,浙商银行,3.06,3.07,3.09,3.05,170035000.0
20260602,601918,新集能源,11.31,10.97,12.16,10.56,198678500.0
20260602,601919,中远海控,14.94,14.91,14.98,14.78,98922500.0
20260602,601921,浙版传媒,7.6,7.41,7.6,7.37,12016400.0
20260602,601928,凤凰传媒,9.19,9.03,9.23,9.0,9159700.0
20260602,601929,吉视传媒,2.86,2.83,2.87,2.8,71791800.0
20260602,601933,永辉超市,3.67,3.61,3.71,3.58,147183200.0
20260602,601939,建设银行,10.06,10.18,10.31,10.06,101839300.0
20260602,601949,中国出版,5.35,5.27,5.37,5.24,12025700.0
20260602,601952,苏垦农发,8.88,8.82,8.91,8.78,8861200.0
20260602,601956,东贝集团,5.36,5.25,5.43,5.2,8779600.0
20260602,601958,金钼股份,23.35,24.06,24.93,22.31,94780200.0
20260602,601963,重庆银行,11.95,11.82,12.09,11.75,15094100.0
20260602,601965,中国汽研,15.87,15.92,16.07,15.54,7312200.0
20260602,601966,玲珑轮胎,12.08,12.18,12.32,12.06,8186200.0
20260602,601968,宝钢包装,4.66,4.6,4.67,4.56,9336000.0
20260602,601969,海南矿业,9.83,9.69,9.91,9.62,14480500.0
20260602,601975,招商南油,5.0,4.71,5.04,4.63,356541500.0
20260602,601985,中国核电,9.15,9.28,9.32,9.12,252142500.0
20260602,601988,中国银行,5.93,5.97,6.05,5.92,329688900.0
20260602,601990,南京证券,6.7,6.69,6.73,6.65,17558100.0
20260602,601991,大唐发电,8.1,9.18,9.19,7.93,1008982500.0
20260602,601992,金隅集团,1.65,1.61,1.66,1.6,74850000.0
20260602,601995,中金公司,33.79,34.3,34.5,33.56,29187100.0
20260602,601996,丰林集团,2.69,2.66,2.7,2.59,32545200.0
20260602,601997,贵阳银行,6.0,6.04,6.06,5.99,45822600.0
20260602,601998,中信银行,7.42,7.51,7.65,7.4,123438100.0
20260602,601999,出版传媒,6.26,6.04,6.26,6.01,7094500.0
20260602,603000,人民网,18.02,17.52,18.02,17.35,18830000.0
20260602,603001,奥康国际,9.98,10.45,10.5,9.82,25680400.0
20260602,603002,宏昌电子,16.7,18.38,18.74,16.67,123045400.0
20260602,603004,鼎龙科技,19.3,18.6,19.47,18.47,2483700.0
20260602,603005,晶方科技,38.25,38.63,39.13,37.44,73428800.0
20260602,603006,联明股份,13.93,13.84,14.12,13.59,7145000.0
20260602,603007,顺景科技,6.04,6.21,6.62,5.74,91390200.0
20260602,603009,北特科技,48.39,47.85,49.69,47.35,9187700.0
20260602,603010,万盛股份,14.57,14.49,15.05,14.05,13473900.0
20260602,603011,合锻智能,28.23,28.99,29.43,24.67,146555000.0
20260602,603012,创力集团,9.35,9.13,9.39,8.96,14533400.0
20260602,603013,亚普股份,19.68,19.32,19.96,19.21,2921300.0
20260602,603014,威高血净,33.7,33.6,34.02,33.4,1104900.0
20260602,603015,弘讯科技,11.25,11.79,12.11,10.79,13707500.0
20260602,603016,新宏泰,43.0,42.83,43.7,41.94,2479200.0
20260602,603017,中衡设计,12.0,11.66,12.05,11.51,7183700.0
20260602,603018,华设集团,7.27,7.17,7.3,7.14,4014200.0
20260602,603019,中科曙光,86.03,86.02,86.54,83.45,38634400.0
20260602,603020,爱普股份,10.2,9.92,10.31,9.86,3411500.0
20260602,603022,新通联,10.43,10.06,10.48,9.93,4824000.0
20260602,603023,威帝股份,4.58,4.47,4.64,4.44,9552300.0
20260602,603025,大豪科技,15.81,15.94,16.45,15.71,12946500.0
20260602,603026,石大胜华,89.5,87.51,89.55,86.0,9823900.0
20260602,603027,千禾味业,7.91,7.76,7.94,7.72,16791100.0
20260602,603028,赛福天,8.18,7.92,8.36,7.83,5539400.0
20260602,603029,天鹅股份,17.43,16.78,17.56,16.71,2189000.0
20260602,603030,全筑股份,2.7,2.59,2.71,2.57,33415000.0
20260602,603031,安孚科技,58.14,61.83,62.97,56.87,29418900.0
20260602,603032,德新科技,24.6,24.58,25.29,23.71,21350800.0
20260602,603033,三维股份,10.15,10.0,10.16,9.89,5748500.0
20260602,603035,常熟汽饰,12.36,12.41,12.49,12.28,2970900.0
20260602,603036,如通股份,13.78,13.33,13.85,13.24,4648600.0
20260602,603037,凯众股份,12.94,12.65,13.1,12.52,6715400.0
20260602,603038,华立股份,16.31,15.93,16.45,15.62,6277200.0
20260602,603039,泛微网络,41.5,42.08,42.13,39.55,24238900.0
20260602,603040,新坐标,81.0,80.73,83.2,79.22,2432000.0
20260602,603041,美思德,12.92,12.35,12.92,12.27,2634700.0
20260602,603042,华脉科技,19.21,19.68,20.04,19.08,11990300.0
20260602,603043,广州酒家,14.35,14.15,14.58,14.15,4554400.0
20260602,603045,福达合金,68.42,75.26,75.26,68.0,15605200.0
20260602,603048,浙江黎明,20.23,19.9,20.88,19.58,1635600.0
20260602,603049,中策橡胶,47.41,47.53,47.79,46.75,1829500.0
20260602,603050,科林电气,23.1,22.64,23.47,22.12,11591000.0
20260602,603051,鹿山新材,21.75,21.2,21.8,20.52,5962500.0
20260602,603052,可川科技,90.05,92.18,94.8,89.77,6436500.0
20260602,603053,成都燃气,9.63,9.47,9.63,9.42,2910600.0
20260602,603055,台华新材,8.8,8.57,8.8,8.53,5608700.0
20260602,603057,紫燕食品,26.76,26.17,26.81,25.66,2147000.0
20260602,603058,永吉股份,9.93,9.67,9.98,9.51,4956100.0
20260602,603059,倍加洁,28.3,27.34,28.7,27.25,1305300.0
20260602,603060,国检集团,7.0,6.95,7.17,6.92,24670700.0
20260602,603061,金海通,288.07,291.97,298.66,286.21,2030000.0
20260602,603062,麦加芯彩,44.56,43.6,44.78,43.05,684300.0
20260602,603063,禾望电气,53.0,53.41,54.37,50.59,26707700.0
20260602,603065,宿迁联盛,7.83,7.63,7.84,7.57,4639500.0
20260602,603066,音飞储存,11.31,11.06,11.32,11.02,5039800.0
20260602,603067,振华股份,35.2,34.58,35.32,33.01,27390200.0
20260602,603068,博通集成,34.5,33.9,35.0,33.8,4140600.0
20260602,603069,海汽集团,16.2,15.37,16.27,15.16,7422400.0
20260602,603070,万控智造,16.86,16.45,17.06,15.95,8292100.0
20260602,603071,物产环能,14.68,14.51,14.84,14.41,9675300.0
20260602,603072,天和磁材,36.1,36.07,36.28,34.97,2823500.0
20260602,603073,彩蝶实业,18.5,17.91,18.6,17.68,1871400.0
20260602,603075,热威股份,26.93,25.28,27.64,25.28,4506300.0
20260602,603076,乐惠国际,26.0,24.95,26.15,24.6,4285900.0
20260602,603077,和邦生物,2.49,2.46,2.51,2.42,126373600.0
20260602,603078,江化微,34.5,36.12,37.4,34.5,52023600.0
20260602,603079,圣达生物,14.32,13.85,14.46,13.8,1815400.0
20260602,603080,新疆火炬,22.65,21.96,22.99,21.88,3373200.0
20260602,603081,大丰实业,10.62,10.37,10.62,10.35,2425900.0
20260602,603082,北自科技,35.33,34.89,35.96,34.43,4196200.0
20260602,603083,剑桥科技,187.33,189.85,194.99,183.0,32255400.0
20260602,603085,天成自控,13.31,13.29,13.53,12.85,9536800.0
20260602,603086,先达股份,6.37,6.23,6.39,6.17,6388500.0
20260602,603087,甘李药业,52.98,54.99,55.36,52.55,10290900.0
20260602,603088,宁波精达,10.55,10.31,10.61,10.12,8567000.0
20260602,603089,正裕工业,10.65,10.45,10.78,10.38,1864200.0
20260602,603090,宏盛股份,59.27,57.15,59.35,55.35,3439700.0
20260602,603091,众鑫股份,71.51,71.99,72.78,71.0,514200.0
20260602,603092,德力佳,65.8,65.35,66.1,64.6,1264000.0
20260602,603093,南华期货,22.08,21.48,22.89,21.18,24743300.0
20260602,603095,越剑智能,19.53,19.21,19.72,18.7,4122100.0
20260602,603096,新经典,17.39,16.44,17.5,16.3,3119700.0
20260602,603097,江苏华辰,27.85,27.15,27.89,26.12,3250000.0
20260602,603098,森特股份,12.77,12.23,12.82,12.15,7291200.0
20260602,603099,长白山,39.0,39.9,40.1,39.0,11965000.0
20260602,603100,川仪股份,19.7,19.33,19.85,19.33,4192900.0
20260602,603101,汇嘉时代,7.69,7.53,7.75,7.43,11265000.0
20260602,603102,百合股份,37.4,36.38,37.69,36.2,508600.0
20260602,603103,横店影视,22.46,21.72,22.65,21.21,15539900.0
20260602,603105,芯能科技,9.01,8.8,9.01,8.55,11403900.0
20260602,603106,恒银科技,7.91,7.64,7.91,7.56,6681400.0
20260602,603107,上海汽配,13.48,13.37,13.56,13.33,1309800.0
20260602,603108,润达医疗,13.0,13.18,13.44,12.93,25411500.0
20260602,603109,神驰机电,19.5,19.3,19.57,18.94,1953900.0
20260602,603110,东方材料,21.96,21.43,22.47,21.29,8734400.0
20260602,603111,康尼机电,6.34,6.3,6.38,6.28,4277700.0
20260602,603112,华翔股份,21.6,21.94,22.05,20.66,14734500.0
20260602,603113,金能科技,5.4,5.25,5.4,5.22,8086400.0
20260602,603115,海星股份,103.2,106.25,109.19,101.46,11200900.0
20260602,603116,红蜻蜓,7.41,7.4,7.49,7.12,13425900.0
20260602,603117,万林物流,4.57,4.36,4.6,4.32,15379100.0
20260602,603118,共进股份,12.56,12.68,12.81,12.29,29866600.0
20260602,603119,浙江荣泰,68.4,65.67,69.81,65.04,20109600.0
20260602,603120,肯特催化,46.8,47.49,47.7,44.86,1964800.0
20260602,603121,华培动力,17.75,16.9,18.3,16.46,13482100.0
20260602,603122,合富中国,12.88,12.64,12.9,12.35,9957100.0
20260602,603123,翠微股份,10.22,9.86,10.25,9.68,18281800.0
20260602,603124,江南新材,132.98,142.97,144.59,130.2,4292100.0
20260602,603125,常青科技,24.11,23.86,24.23,23.22,5130800.0
20260602,603126,中材节能,7.77,7.59,7.82,7.47,8906900.0
20260602,603127,昭衍新药,33.36,32.97,33.76,32.32,20138500.0
20260602,603128,华贸物流,5.5,5.47,5.58,5.47,11171400.0
20260602,603129,春风动力,236.0,232.76,240.2,230.8,925700.0
20260602,603130,云中马,41.5,41.2,41.96,39.9,1598600.0
20260602,603131,上海沪工,18.75,18.51,18.78,17.93,7829100.0
20260602,603132,金徽股份,17.48,17.6,17.9,17.19,7137500.0
20260602,603135,中重科技,10.2,10.54,10.74,9.99,7123000.0
20260602,603136,天目湖,9.7,9.37,9.7,9.33,4189200.0
20260602,603137,恒尚节能,12.87,12.34,12.88,12.33,1828600.0
20260602,603138,海量数据,17.73,17.34,17.8,16.76,20924100.0
20260602,603139,康惠股份,37.92,37.74,38.39,36.5,2671300.0
20260602,603150,万朗磁塑,64.01,64.15,65.98,61.31,2237400.0
20260602,603151,邦基科技,13.9,13.25,13.95,13.17,2369200.0
20260602,603153,上海建科,14.7,14.42,14.81,14.4,1421000.0
20260602,603155,新亚强,18.19,18.4,18.55,17.68,4738200.0
20260602,603156,养元饮品,41.83,42.09,42.3,41.3,6779300.0
20260602,603158,腾龙股份,14.75,14.76,14.99,14.33,30228400.0
20260602,603159,上海亚虹,26.56,26.24,26.9,25.73,2231500.0
20260602,603160,汇顶科技,56.8,55.64,57.2,55.23,8360300.0
20260602,603161,科华控股,13.89,14.45,15.13,13.61,15631900.0
20260602,603162,海通发展,11.42,11.32,11.55,11.19,10964800.0
20260602,603163,圣晖集成,100.51,98.97,102.6,96.1,2493900.0
20260602,603165,荣晟环保,17.06,16.84,17.23,16.53,6094300.0
20260602,603166,福达股份,12.52,12.36,12.61,12.18,5773100.0
20260602,603167,渤海轮渡,9.23,9.21,9.26,9.12,5251800.0
20260602,603168,莎普爱思,5.96,5.73,5.96,5.71,5993300.0
20260602,603169,兰石重装,8.0,7.83,8.05,7.68,12868700.0
20260602,603170,宝立食品,12.67,12.35,12.67,12.25,2793700.0
20260602,603171,税友股份,53.9,54.2,55.25,53.41,12277100.0
20260602,603172,万丰股份,20.59,19.81,20.79,19.5,2044800.0
20260602,603173,福斯达,35.21,34.6,35.51,34.37,1128300.0
20260602,603175,超颖电子,88.3,87.07,89.65,84.28,3162900.0
20260602,603176,汇通集团,5.36,5.14,5.39,5.09,5522200.0
20260602,603177,德创环保,10.7,10.37,11.27,10.25,4700000.0
20260602,603178,圣龙股份,18.13,17.17,18.2,16.97,9858700.0
20260602,603179,新泉股份,51.0,51.22,52.98,49.93,28948400.0
20260602,603180,金牌家居,17.78,17.29,17.78,17.0,1039200.0
20260602,603181,皇马科技,14.15,13.77,14.25,13.63,5800300.0
20260602,603182,嘉华股份,13.77,13.24,13.77,13.18,2245600.0
20260602,603183,建研院,4.26,4.08,4.28,4.05,13582500.0
20260602,603185,弘元绿能,18.08,17.61,18.13,17.26,14178500.0
20260602,603186,华正新材,121.2,121.57,123.2,114.17,15110000.0
20260602,603187,海容冷链,13.39,13.17,13.45,13.08,5904300.0
20260602,603188,亚邦股份,4.62,4.49,4.67,4.47,11332900.0
20260602,603190,亚通精工,27.8,26.85,27.83,26.71,4585800.0
20260602,603191,望变电气,22.35,21.03,22.57,20.46,27453900.0
20260602,603192,汇得科技,20.67,20.13,20.67,19.87,1060300.0
20260602,603193,润本股份,24.13,23.45,24.13,23.36,5604200.0
20260602,603194,中力股份,35.16,34.98,35.25,34.08,1152200.0
20260602,603195,公牛集团,42.41,41.73,42.47,41.6,6147500.0
20260602,603196,璞源材料,24.16,24.05,24.34,23.26,3209800.0
20260602,603197,保隆科技,32.18,31.03,32.18,30.97,4201800.0
20260602,603198,迎驾贡酒,37.44,36.75,38.4,36.46,8012800.0
20260602,603199,九华旅游,33.32,32.91,33.38,32.78,1195700.0
20260602,603200,上海洗霸,49.53,48.41,49.78,47.28,4036500.0
20260602,603201,常润股份,17.21,17.33,17.35,16.6,6227500.0
20260602,603202,天有为,66.43,65.91,66.69,65.66,794600.0
20260602,603203,快克智能,67.37,69.94,71.98,66.02,13598600.0
20260602,603205,健尔康,23.9,24.08,24.49,23.9,551700.0
20260602,603206,嘉环科技,17.3,16.29,17.35,16.04,8878000.0
20260602,603207,小方制药,23.82,23.33,23.9,23.26,784700.0
20260602,603208,江山欧派,13.13,12.89,13.21,12.73,2720800.0
20260602,603209,兴通股份,13.82,13.75,14.0,13.64,2390200.0
20260602,603210,泰鸿万立,14.3,14.01,14.3,13.95,2405000.0
20260602,603211,晋拓股份,26.45,26.5,26.78,25.5,5162500.0
20260602,603212,赛伍技术,14.34,15.46,15.93,13.8,51094400.0
20260602,603213,镇洋发展,14.43,14.59,14.85,14.3,7345800.0
20260602,603214,爱婴室,15.21,14.66,15.3,14.56,3692400.0
20260602,603215,比依股份,16.23,16.11,16.38,15.96,1171000.0
20260602,603216,梦天家居,24.79,24.29,24.92,24.04,2352800.0
20260602,603217,元利科技,26.7,25.53,26.7,25.33,3911600.0
20260602,603218,日月股份,12.0,11.68,12.0,11.67,7709600.0
20260602,603219,富佳股份,16.08,16.44,16.64,15.4,6909900.0
20260602,603220,中贝通信,23.18,22.68,23.3,22.21,20265500.0
20260602,603221,爱丽家居,13.04,12.73,13.12,12.56,2471100.0
20260602,603222,济民健康,8.82,8.62,8.83,8.3,10857800.0
20260602,603223,恒通股份,10.31,9.88,10.31,9.85,14854700.0
20260602,603225,新凤鸣,18.05,18.59,18.84,17.59,32704900.0
20260602,603226,菲林格尔,47.94,49.04,49.08,45.2,5595500.0
20260602,603227,雪峰科技,9.15,8.79,9.21,8.78,21793200.0
20260602,603228,景旺电子,72.63,75.58,76.45,69.2,43252600.0
20260602,603229,奥翔药业,9.67,9.48,9.77,9.38,10843400.0
20260602,603230,内蒙新华,10.14,9.94,10.16,9.9,1688500.0
20260602,603231,索宝蛋白,16.69,16.36,16.69,16.25,1640000.0
20260602,603232,格尔软件,22.0,22.49,22.54,21.5,26051600.0
20260602,603233,大参林,16.63,16.67,17.1,16.57,8908500.0
20260602,603235,天新药业,24.5,24.08,24.55,24.02,445900.0
20260602,603236,移远通信,53.18,52.49,53.8,51.3,8116100.0
20260602,603237,五芳斋,16.46,16.34,16.56,16.21,2068700.0
20260602,603238,诺邦股份,13.73,13.18,13.77,13.11,2844800.0
20260602,603239,浙江仙通,19.52,19.02,19.6,18.92,3910000.0
20260602,603248,锡华科技,25.97,25.45,26.07,25.0,5232900.0
20260602,603255,鼎际得,27.82,29.11,29.31,27.0,5677200.0
20260602,603256,宏和科技,163.75,198.8,200.13,163.75,29271300.0
20260602,603257,中国瑞林,61.9,63.15,63.33,60.3,2489200.0
20260602,603258,电魂网络,14.53,14.15,14.75,13.9,3401400.0
20260602,603259,药明康德,99.98,99.75,100.56,96.08,38407800.0
20260602,603260,合盛硅业,37.51,36.2,37.64,35.85,9404800.0
20260602,603261,立航科技,34.28,34.19,34.69,33.53,629300.0
20260602,603262,技源集团,27.18,27.68,27.68,26.72,1803100.0
20260602,603266,天龙股份,18.92,18.3,19.27,18.16,2745800.0
20260602,603267,鸿远电子,70.69,78.98,78.98,68.31,28662600.0
20260602,603268,松发股份,133.88,130.3,133.88,125.58,8513700.0
20260602,603269,海鸥股份,20.92,21.21,21.58,20.16,20888700.0
20260602,603270,金帝股份,27.99,27.91,28.71,27.5,3017100.0
20260602,603271,永杰新材,47.5,47.42,47.6,46.0,1907500.0
20260602,603273,天元智能,15.4,14.86,15.44,14.72,2340700.0
20260602,603275,众辰科技,42.0,41.8,42.14,40.51,1948900.0
20260602,603276,恒兴新材,16.6,16.36,16.82,16.28,2293700.0
20260602,603277,银都股份,12.18,11.89,12.32,11.82,3068400.0
20260602,603278,大业股份,12.48,12.58,12.89,12.07,30908900.0
20260602,603279,景津装备,15.0,14.72,15.09,14.6,10244200.0
20260602,603280,南方路机,29.81,28.77,29.81,28.54,1179600.0
20260602,603281,江瀚新材,34.54,33.8,34.92,33.36,2619400.0
20260602,603282,亚光股份,16.83,16.15,16.83,16.07,1485600.0
20260602,603283,赛腾股份,49.0,48.21,49.98,47.8,16104800.0
20260602,603284,林平发展,42.4,42.04,42.59,41.36,1240400.0
20260602,603285,键邦股份,44.72,45.34,46.83,44.58,3556900.0
20260602,603286,日盈电子,55.9,54.48,57.34,54.19,3046000.0
20260602,603288,海天味业,35.5,34.68,36.09,34.35,41350200.0
20260602,603289,泰瑞机器,10.54,10.24,10.66,10.19,7729000.0
20260602,603290,斯达半导,117.0,116.91,119.99,114.66,9636600.0
20260602,603291,联合水务,10.53,10.56,10.63,10.3,3921600.0
20260602,603293,埃泰克,44.41,45.48,45.5,43.52,2350000.0
20260602,603296,华勤技术,121.68,124.6,126.69,115.87,54523500.0
20260602,603297,永新光学,125.8,124.5,127.35,123.01,1412700.0
20260602,603298,杭叉集团,25.03,24.88,25.74,24.59,4949200.0
20260602,603299,苏盐井神,10.4,10.43,10.57,10.37,5934600.0
20260602,603300,海南华铁,5.64,5.47,5.64,5.45,39277800.0
20260602,603301,振德医疗,82.98,84.93,85.31,81.94,2648700.0
20260602,603303,得邦照明,25.12,25.58,27.5,23.79,14540700.0
20260602,603305,旭升集团,15.01,14.76,15.19,14.7,22107500.0
20260602,603306,华懋科技,103.84,101.81,104.5,100.0,13206900.0
20260602,603307,扬州金泉,40.39,38.96,40.54,38.69,820500.0
20260602,603308,应流股份,64.81,62.38,64.81,60.46,22658500.0
20260602,603309,维力医疗,12.6,12.09,12.61,12.08,6517300.0
20260602,603310,巍华新材,16.32,16.03,16.39,15.98,2749500.0
20260602,603311,金海高科,30.82,34.1,34.1,29.4,20936800.0
20260602,603312,西典新能,39.1,38.37,39.92,37.5,2261500.0
20260602,603313,梦百合,5.8,5.63,5.81,5.58,9237300.0
20260602,603315,福鞍股份,16.52,16.39,16.65,15.96,11109200.0
20260602,603316,诚邦股份,20.99,20.86,21.31,19.76,32565900.0
20260602,603317,天味食品,15.01,14.6,15.2,14.29,11655700.0
20260602,603318,水发燃气,9.24,9.05,9.48,8.87,32830200.0
20260602,603319,美湖股份,37.6,38.73,39.13,36.5,31577800.0
20260602,603320,迪贝电气,22.89,22.14,22.89,21.7,2796300.0
20260602,603321,梅轮电梯,6.89,6.62,6.97,6.57,6012300.0
20260602,603322,超讯科技,31.2,31.49,31.78,30.54,5486300.0
20260602,603323,苏农银行,4.85,4.83,4.9,4.83,27735400.0
20260602,603324,盛剑科技,33.03,33.95,34.96,32.82,16462800.0
20260602,603325,博隆技术,56.0,55.7,56.88,55.09,403900.0
20260602,603326,我乐家居,7.9,7.47,7.9,7.36,7826300.0
20260602,603327,福蓉科技,10.72,10.73,10.98,10.68,41450400.0
20260602,603328,依顿电子,12.54,12.52,12.85,12.31,35606200.0
20260602,603329,上海雅仕,11.0,10.53,11.07,10.48,4092000.0
20260602,603330,天洋新材,7.1,7.77,7.77,6.9,46527700.0
20260602,603331,百达精工,12.74,12.49,12.85,12.29,4374600.0
20260602,603332,苏州龙杰,12.43,12.08,12.53,11.95,4725300.0
20260602,603333,福华尚纬,8.8,8.94,9.13,8.67,23075300.0
20260602,603334,丰倍生物,45.5,43.82,45.5,43.75,1294100.0
20260602,603335,迪生力,7.52,7.19,7.55,6.96,27185000.0
20260602,603336,宏辉果蔬,9.56,9.37,9.65,9.2,16096400.0
20260602,603337,杰克科技,39.21,38.83,39.76,38.28,3068100.0
20260602,603338,浙江鼎力,51.21,50.75,51.28,50.35,3782000.0
20260602,603339,四方科技,12.98,12.83,13.03,12.71,2303200.0
20260602,603341,龙旗科技,40.0,39.67,40.4,38.36,30422900.0
20260602,603344,星德胜,31.68,33.9,35.0,31.5,21278600.0
20260602,603345,安井食品,99.25,93.97,100.0,93.51,8964600.0
20260602,603348,文灿股份,16.67,16.46,16.69,16.4,1321200.0
20260602,603350,安乃达,31.02,31.11,31.31,30.51,591100.0
20260602,603351,威尔药业,26.01,25.68,26.15,25.39,930700.0
20260602,603352,至信股份,30.35,29.58,30.39,29.33,1383400.0
20260602,603353,和顺石油,47.15,45.59,47.64,44.13,7051500.0
20260602,603355,莱克电气,27.29,26.21,27.45,26.1,2563500.0
20260602,603356,华菱精工,19.21,18.6,19.25,18.33,5452000.0
20260602,603357,设计总院,7.1,7.04,7.18,7.01,3523600.0
20260602,603358,华达科技,37.6,38.78,39.1,36.75,10789400.0
20260602,603360,百傲化学,20.36,19.36,20.48,18.95,21135100.0
20260602,603363,傲农生物,3.26,3.19,3.29,3.18,37153100.0
20260602,603365,水星家纺,18.96,18.9,19.07,18.64,1826600.0
20260602,603366,日出东方,7.84,7.61,7.84,7.6,9305900.0
20260602,603367,辰欣药业,14.15,13.92,14.15,13.82,4258200.0
20260602,603368,柳药集团,16.31,16.35,16.38,16.26,2749000.0
20260602,603369,今世缘,29.96,29.19,30.25,28.9,16252000.0
20260602,603370,华新精科,42.43,41.95,42.56,41.56,553100.0
20260602,603373,安邦护卫,44.36,48.65,48.65,44.0,2434500.0
20260602,603375,盛景微,46.6,48.25,48.8,46.01,3832400.0
20260602,603376,大明电子,29.12,28.4,29.12,28.39,951000.0
20260602,603379,三美股份,61.88,61.05,63.0,60.18,11369100.0
20260602,603380,易德龙,36.5,37.49,37.67,36.3,3364900.0
20260602,603381,永臻股份,19.95,19.12,20.19,18.83,5042600.0
20260602,603382,海阳科技,22.0,21.59,22.33,21.37,1037900.0
20260602,603383,顶点软件,32.36,31.97,32.59,31.43,5563700.0
20260602,603385,惠达卫浴,6.01,5.82,6.06,5.76,5685400.0
20260602,603386,骏亚科技,16.61,17.1,17.68,16.6,30552300.0
20260602,603387,基蛋生物,9.04,8.83,9.04,8.78,7593300.0
20260602,603389,亚振家居,61.33,64.29,64.29,61.33,1000800.0
20260602,603390,通达电气,12.81,12.61,13.09,12.6,8950400.0
20260602,603391,力聚热能,59.95,59.22,61.88,57.52,2116300.0
20260602,603392,万泰生物,36.3,35.51,36.3,35.3,3258900.0
20260602,603393,新天然气,27.99,27.6,28.05,27.41,8154400.0
20260602,603395,红四方,24.52,23.99,24.69,23.97,2161000.0
20260602,603396,金辰股份,31.91,30.68,31.95,30.42,3216700.0
20260602,603399,永杉锂业,18.13,17.04,18.45,17.04,73073000.0
20260602,603400,华之杰,68.31,66.55,68.31,65.31,812500.0
20260602,603402,陕西旅游,94.16,92.92,94.16,91.8,694800.0
20260602,603406,天富龙,29.92,29.76,30.15,29.58,655200.0
20260602,603407,长裕集团,61.5,58.75,62.5,57.3,7931000.0
20260602,603408,建霖家居,11.08,10.89,11.17,10.86,2868100.0
20260602,603409,汇通控股,40.68,41.2,41.4,40.42,1365400.0
20260602,603416,信捷电气,54.19,54.99,57.71,54.0,4125100.0
20260602,603418,友升股份,52.0,54.0,54.0,51.76,2975300.0
20260602,603421,鼎信通讯,7.28,7.12,7.33,7.01,9114800.0
20260602,603435,嘉德利,81.0,76.82,81.0,76.82,10784300.0
20260602,603439,三力制药,16.09,16.43,17.46,16.09,29459000.0
20260602,603444,吉比特,341.0,336.52,341.95,332.1,1428600.0
20260602,603456,九洲药业,12.81,12.78,13.13,12.72,13525200.0
20260602,603458,勘设股份,12.97,13.0,13.24,12.67,16874400.0
20260602,603459,红板科技,91.7,97.11,100.0,88.08,23298200.0
20260602,603466,风语筑,11.21,11.15,11.36,10.95,54438100.0
20260602,603477,巨星农牧,15.92,15.46,15.98,15.43,10960300.0
20260602,603486,科沃斯,59.66,58.4,60.06,57.5,5315000.0
20260602,603488,展鹏科技,11.08,11.27,11.34,10.92,7352200.0
20260602,603489,八方股份,34.75,33.56,34.96,33.0,3696200.0
20260602,603496,恒为科技,23.3,23.04,23.44,22.36,11007600.0
20260602,603499,翔港科技,18.26,17.94,18.75,17.68,4478300.0
20260602,603500,祥和实业,10.84,10.33,10.88,10.28,11855500.0
20260602,603501,豪威集团,92.02,92.65,93.38,90.97,18222000.0
20260602,603505,金石资源,18.99,18.63,19.03,18.35,14987300.0
20260602,603506,南都物业,11.91,11.38,12.05,11.29,4509900.0
20260602,603507,振江股份,38.8,38.4,39.82,38.27,5767200.0
20260602,603508,思维列控,22.65,22.58,22.88,22.23,4248100.0
20260602,603511,爱慕股份,14.01,13.75,14.15,13.65,1312600.0
20260602,603515,欧普照明,18.68,18.91,19.08,18.37,2822000.0
20260602,603516,淳中科技,110.66,110.81,112.5,108.38,5371100.0
20260602,603518,锦泓集团,9.42,9.01,9.42,8.93,8888800.0
20260602,603519,立霸股份,12.78,12.66,12.79,12.51,3152500.0
20260602,603520,司太立,10.26,10.18,10.31,9.93,20340100.0
20260602,603527,众源新材,13.68,13.39,14.09,12.99,23189500.0
20260602,603528,多伦科技,7.15,6.85,7.18,6.81,9684800.0
20260602,603529,爱玛科技,22.33,21.91,22.52,21.9,9480400.0
20260602,603530,神马电力,59.14,57.01,59.35,56.02,3900000.0
20260602,603533,掌阅科技,26.48,26.25,26.88,25.49,43584300.0
20260602,603535,嘉诚国际,7.37,7.13,7.37,7.06,4296200.0
20260602,603536,惠发食品,9.77,9.37,9.95,9.32,6979700.0
20260602,603538,美诺华,46.42,44.05,47.9,44.03,29250400.0
20260602,603551,奥普科技,11.33,10.95,11.48,10.85,4104600.0
20260602,603556,海兴电力,26.73,25.36,26.89,25.29,7759600.0
20260602,603558,健盛集团,11.89,11.91,12.22,11.8,4793600.0
20260602,603559,中通国脉,9.55,9.93,9.93,9.38,9892200.0
20260602,603565,中谷物流,10.62,10.88,10.92,10.6,13167600.0
20260602,603566,普莱柯,10.88,10.74,11.0,10.67,3464700.0
20260602,603567,珍宝岛,7.18,6.91,7.2,6.8,13232700.0
20260602,603568,伟明环保,15.3,14.95,15.49,14.9,12049400.0
20260602,603569,长久物流,6.21,6.09,6.22,6.04,4290500.0
20260602,603577,汇金通,10.62,10.28,10.7,10.04,6082600.0
20260602,603578,三星新材,14.96,14.32,15.22,14.31,6497000.0
20260602,603579,荣泰健康,19.45,19.24,19.54,19.0,2536900.0
20260602,603580,艾艾精工,23.9,24.14,24.25,23.33,919700.0
20260602,603583,捷昌驱动,25.63,25.08,25.94,25.06,4056100.0
20260602,603585,苏利股份,16.43,16.07,16.51,15.9,2756900.0
20260602,603586,金麒麟,17.31,17.55,17.6,17.22,3141200.0
20260602,603587,地素时尚,13.14,12.55,13.14,12.5,3118800.0
20260602,603588,高能环境,12.4,12.79,13.02,12.05,49042500.0
20260602,603589,口子窖,22.02,21.46,22.36,21.39,8366500.0
20260602,603590,康辰药业,34.19,32.81,34.24,32.25,4455300.0
20260602,603596,伯特利,32.11,31.93,32.59,31.48,17897500.0
20260602,603598,引力传媒,24.25,23.0,24.34,22.66,38710200.0
20260602,603599,广信股份,11.42,11.18,11.48,11.08,10369300.0
20260602,603600,永艺股份,10.78,10.66,10.83,10.55,4623600.0
20260602,603601,再升科技,17.15,17.15,18.14,17.15,288383800.0
20260602,603602,纵横通信,13.35,13.56,13.78,12.92,6156100.0
20260602,603605,珀莱雅,65.99,64.88,66.65,64.51,8113700.0
20260602,603606,东方电缆,43.75,42.6,43.88,41.5,22373800.0
20260602,603607,京华激光,22.21,21.82,22.31,21.4,3269500.0
20260602,603608,天创时尚,18.78,19.31,19.8,18.49,32582800.0
20260602,603609,禾丰股份,6.62,6.42,6.63,6.39,4072700.0
20260602,603610,麒盛科技,17.82,17.56,17.87,17.08,5823900.0
20260602,603611,诺力股份,18.26,18.03,18.3,17.77,2461900.0
20260602,603612,索通发展,20.85,21.3,21.4,20.09,15371100.0
20260602,603613,国联股份,23.67,23.08,23.67,22.96,8824100.0
20260602,603615,茶花股份,19.23,19.31,19.45,18.65,3631900.0
20260602,603616,韩建河山,6.01,5.79,6.13,5.71,26237200.0
20260602,603617,君禾股份,7.45,7.37,7.52,7.3,8248000.0
20260602,603618,杭电股份,36.5,42.24,42.28,36.5,115106900.0
20260602,603619,中曼石油,26.5,25.73,26.68,25.65,15006900.0
20260602,603626,科森科技,23.55,22.74,23.68,22.4,36744000.0
20260602,603628,清源股份,11.08,10.8,11.08,10.6,4485100.0
20260602,603629,利通电子,194.99,195.41,210.0,194.99,40898100.0
20260602,603630,拉芳家化,14.54,14.09,14.73,14.03,4271900.0
20260602,603633,徕木股份,8.59,9.06,9.45,8.51,86159100.0
20260602,603636,南威软件,9.63,9.31,9.7,9.16,17313100.0
20260602,603637,镇海股份,21.73,19.94,22.14,19.94,9771100.0
20260602,603638,艾迪精密,21.66,21.92,22.22,21.36,8912200.0
20260602,603639,海利尔,11.38,11.15,11.49,11.08,1848300.0
20260602,603648,畅联股份,9.36,9.11,9.36,9.06,3247400.0
20260602,603650,彤程新材,51.31,52.32,53.03,49.85,12484900.0
20260602,603655,朗博科技,38.0,37.22,38.6,37.02,1440800.0
20260602,603656,泰禾智能,18.12,18.35,18.4,17.91,3020600.0
20260602,603657,春光科技,26.91,26.62,27.43,25.85,2116800.0
20260602,603658,安图生物,32.12,31.81,32.35,31.81,2407200.0
20260602,603659,璞泰来,30.7,30.85,31.0,30.13,27873300.0
20260602,603660,苏州科达,11.8,11.4,11.9,11.35,22041300.0
20260602,603661,恒林股份,31.17,33.7,34.53,31.09,7901900.0
20260602,603662,柯力传感,60.1,60.8,62.18,59.87,7971000.0
20260602,603663,三祥新材,60.04,61.79,62.6,59.88,20913700.0
20260602,603665,康隆达,29.03,28.5,29.67,28.43,3601600.0
20260602,603666,亿嘉和,29.6,28.68,30.0,28.68,4086900.0
20260602,603667,五洲新春,69.79,69.03,72.21,68.7,28626000.0
20260602,603668,天马科技,11.53,11.36,11.64,11.07,5862500.0
20260602,603669,灵康药业,4.26,4.22,4.34,4.17,8750300.0
20260602,603676,卫信康,9.54,9.33,9.63,9.28,1480500.0
20260602,603677,奇精机械,17.58,17.14,17.99,17.01,3807400.0
20260602,603678,火炬电子,52.15,58.61,58.61,51.5,48073900.0
20260602,603679,华体科技,16.8,16.56,17.13,16.22,6385900.0
20260602,603680,今创集团,12.18,11.98,12.25,11.88,3771000.0
20260602,603681,永冠新材,24.93,24.93,25.15,23.88,14163300.0
20260602,603682,锦和商管,9.03,9.19,9.28,8.96,15907300.0
20260602,603683,晶华新材,29.95,29.74,30.02,29.2,16099900.0
20260602,603685,晨丰科技,32.6,32.9,33.1,32.31,3134900.0
20260602,603686,福龙马,15.78,15.36,15.78,15.18,10544000.0
20260602,603687,大胜达,16.06,17.89,17.89,16.02,80665200.0
20260602,603688,石英股份,62.66,61.78,63.0,60.75,19313900.0
20260602,603689,皖天然气,8.26,8.19,8.35,8.15,7470300.0
20260602,603690,至纯科技,24.48,25.34,26.63,23.95,28925500.0
20260602,603693,江苏新能,16.8,16.98,17.49,16.01,28645000.0
20260602,603696,安记食品,13.94,13.42,13.98,13.33,5929300.0
20260602,603697,有友食品,11.16,11.35,11.56,11.14,12606000.0
20260602,603698,航天工程,32.6,32.03,32.8,31.27,12325500.0
20260602,603699,纽威股份,57.71,57.18,58.0,56.4,4851300.0
20260602,603700,宁水集团,11.62,11.36,11.75,11.32,3492900.0
20260602,603701,德宏股份,25.45,24.35,25.45,24.13,4660300.0
20260602,603703,盛洋科技,12.42,12.52,12.6,12.11,11079300.0
20260602,603706,东方环宇,22.99,22.64,23.12,22.5,1575500.0
20260602,603707,健友股份,8.27,8.15,8.3,8.15,7159100.0
20260602,603708,家家悦,10.06,9.84,10.1,9.78,7022500.0
20260602,603709,中源家居,16.63,16.1,17.0,15.8,2752700.0
20260602,603711,香飘飘,14.7,14.31,14.79,14.19,5552300.0
20260602,603712,七一二,14.79,14.64,14.79,14.32,8243000.0
20260602,603713,密尔克卫,57.71,56.28,58.16,56.2,4082200.0
20260602,603716,塞力医疗,17.27,16.98,17.27,16.59,6989100.0
20260602,603717,天域生物,6.96,6.84,7.0,6.68,9455000.0
20260602,603719,良品铺子,10.75,10.33,10.78,10.25,6157200.0
20260602,603721,中广天择,26.0,24.09,27.2,23.1,9350200.0
20260602,603722,阿科力,37.0,35.35,37.0,34.87,1337800.0
20260602,603725,天安新材,12.64,11.96,12.97,11.82,26353400.0
20260602,603726,朗迪集团,26.56,26.19,27.0,25.71,4648500.0
20260602,603727,博迈科,15.49,15.02,15.49,14.85,2595100.0
20260602,603728,鸣志电器,60.93,62.51,64.55,60.93,13043700.0
20260602,603730,岱美股份,12.67,12.48,12.89,12.21,25965600.0
20260602,603733,仙鹤股份,24.34,24.57,25.34,24.12,11491100.0
20260602,603737,三棵树,31.48,30.59,32.28,30.4,9663900.0
20260602,603738,泰晶科技,42.9,43.64,44.3,41.28,35743900.0
20260602,603739,蔚蓝生物,13.19,12.91,13.27,12.82,3639700.0
20260602,603755,日辰股份,26.63,25.8,26.65,25.41,1477000.0
20260602,603757,大元泵业,60.7,59.75,61.86,56.1,22339600.0
20260602,603758,秦安股份,11.11,10.94,11.22,10.83,2631300.0
20260602,603759,海天股份,8.34,8.23,8.35,8.14,3518600.0
20260602,603766,隆鑫通用,13.12,13.55,13.64,12.95,19052600.0
20260602,603767,中马传动,18.0,17.17,18.4,17.04,11322400.0
20260602,603768,常青股份,11.55,11.54,11.85,11.37,7104600.0
20260602,603773,沃格光电,118.21,122.0,123.44,110.61,43003200.0
20260602,603776,永安行,19.46,19.29,19.51,18.68,4994500.0
20260602,603777,来伊份,17.78,17.35,17.78,16.89,10418800.0
20260602,603778,国晟科技,17.94,18.28,19.8,17.82,72099100.0
20260602,603779,威龙股份,9.88,9.45,10.18,9.36,44486400.0
20260602,603786,科博达,48.58,48.22,48.79,47.52,2697600.0
20260602,603787,新日股份,10.53,10.41,10.57,10.25,4648500.0
20260602,603788,宁波高发,16.55,16.88,16.88,16.23,4889000.0
20260602,603790,雅运股份,25.2,24.93,25.8,24.54,2889000.0
20260602,603797,联泰环保,4.56,4.5,4.58,4.36,6665900.0
20260602,603798,康普顿,16.15,15.71,16.23,15.37,7676700.0
20260602,603799,华友钴业,53.48,53.58,53.93,51.44,60857500.0
20260602,603800,洪田股份,63.5,70.99,72.59,63.5,18797000.0
20260602,603801,志邦家居,7.66,7.44,7.69,7.35,5246700.0
20260602,603803,瑞斯康达,13.26,13.35,13.88,13.12,25271400.0
20260602,603806,福斯特,17.38,17.23,17.67,16.61,51828300.0
20260602,603808,歌力思,10.0,9.42,10.08,9.34,9702300.0
20260602,603809,豪能股份,10.41,10.36,10.56,10.33,8721000.0
20260602,603810,丰山集团,14.09,13.47,14.09,13.34,2173600.0
20260602,603811,诚意药业,11.24,11.1,11.26,11.08,3516700.0
20260602,603813,原尚股份,35.0,36.75,36.75,33.55,589000.0
20260602,603815,交建股份,7.13,6.4,7.13,6.4,25962600.0
20260602,603816,顾家家居,29.21,29.39,30.02,28.66,8553800.0
20260602,603817,海峡环保,6.47,6.27,6.47,6.22,8651800.0
20260602,603818,曲美家居,3.32,3.18,3.36,3.15,20515500.0
20260602,603819,神力股份,13.75,13.18,14.18,13.13,12486300.0
20260602,603823,百合花,28.0,28.27,28.43,26.43,28381100.0
20260602,603826,坤彩科技,31.37,30.4,31.87,30.4,5863500.0
20260602,603829,洛凯股份,23.79,22.88,24.0,22.22,4187800.0
20260602,603833,欧派家居,39.6,38.1,40.12,37.8,5046500.0
20260602,603836,海程邦达,13.34,12.78,13.57,12.75,3001800.0
20260602,603839,安正时尚,7.21,6.89,7.35,6.86,7173000.0
20260602,603848,好太太,14.75,14.51,14.86,14.45,2042700.0
20260602,603855,华荣股份,18.15,18.02,18.24,17.85,1898700.0
20260602,603856,东宏股份,12.96,12.42,12.97,12.4,14011500.0
20260602,603858,步长制药,15.18,15.31,15.34,14.96,5708300.0
20260602,603859,能科科技,44.38,43.29,44.84,42.59,9008700.0
20260602,603860,中公高科,29.4,28.41,29.4,28.23,1388400.0
20260602,603861,白云电器,17.4,17.21,17.65,16.77,26708900.0
20260602,603863,松炀资源,16.08,15.99,16.25,15.4,5840100.0
20260602,603866,桃李面包,4.87,4.85,4.9,4.82,9185400.0
20260602,603867,新化股份,37.02,36.76,37.35,35.55,6850200.0
20260602,603868,飞科电器,38.57,38.46,38.99,37.95,2585200.0
20260602,603871,嘉友国际,12.17,12.38,12.58,12.17,21763100.0
20260602,603876,鼎胜新材,28.07,28.8,28.88,27.0,36998900.0
20260602,603877,太平鸟,14.0,13.43,14.0,13.35,4905000.0
20260602,603878,武进不锈,6.87,6.68,6.95,6.63,10805200.0
20260602,603879,永悦科技,5.21,5.02,5.23,4.97,9834700.0
20260602,603880,南卫股份,8.18,8.15,8.29,8.02,6368300.0
20260602,603881,数据港,35.85,36.81,36.82,34.04,36319100.0
20260602,603882,金域医学,26.05,25.74,26.25,25.53,4648800.0
20260602,603883,老百姓,12.51,12.34,12.56,12.33,6871200.0
20260602,603885,吉祥航空,11.73,11.45,11.78,11.41,25802100.0
20260602,603886,元祖股份,11.1,10.87,11.1,10.74,2855600.0
20260602,603887,城地香江,12.23,12.09,12.32,11.78,11929100.0
20260602,603888,新华网,18.94,18.28,18.99,18.12,10226000.0
20260602,603889,新澳股份,6.05,6.02,6.14,5.93,14145700.0
20260602,603890,春秋电子,30.02,30.02,30.02,30.02,3814300.0
20260602,603893,瑞芯微,180.67,175.5,181.7,174.48,11861700.0
20260602,603895,天永智能,36.72,37.77,39.38,36.54,4261400.0
20260602,603896,寿仙谷,15.75,15.6,15.82,15.55,1458900.0
20260602,603897,长城科技,47.01,45.72,47.44,44.78,5432800.0
20260602,603898,好莱客,12.7,12.83,12.98,12.55,4576200.0
20260602,603899,晨光股份,23.19,23.13,23.6,22.94,6446200.0
20260602,603900,莱绅通灵,6.88,6.7,6.9,6.65,6317900.0
20260602,603901,永创智能,11.36,11.21,11.47,11.01,8080100.0
20260602,603903,中持股份,11.66,11.29,11.66,11.22,5144600.0
20260602,603906,龙蟠科技,25.27,24.87,25.27,24.2,23459500.0
20260602,603908,牧高笛,21.68,20.85,21.75,20.65,1883400.0
20260602,603909,建发合诚,10.7,10.27,10.74,10.15,3531300.0
20260602,603912,佳力图,8.97,8.97,9.03,8.64,15427500.0
20260602,603915,国茂股份,15.8,15.64,16.28,15.58,10647100.0
20260602,603916,苏博特,13.72,13.58,13.72,13.28,8981200.0
20260602,603917,合力科技,12.4,12.19,12.47,12.02,4963700.0
20260602,603918,金桥信息,11.71,11.43,11.77,11.28,8502600.0
20260602,603919,金徽酒,21.24,21.06,22.19,20.7,16200600.0
20260602,603920,世运电路,55.98,57.58,58.54,53.66,33844100.0
20260602,603926,铁流股份,20.19,20.49,20.6,19.8,4567200.0
20260602,603927,中科软,15.53,15.18,15.61,15.1,8639900.0
20260602,603928,兴业股份,15.52,15.14,15.68,15.03,3393300.0
20260602,603929,亚翔集成,146.74,149.65,152.45,144.11,4225500.0
20260602,603931,格林达,64.71,61.5,66.7,59.89,12939500.0
20260602,603933,睿能科技,24.0,23.54,24.28,23.31,4785300.0
20260602,603936,博敏电子,22.65,22.13,22.78,21.3,53177900.0
20260602,603937,丽岛新材,14.81,14.97,15.05,14.43,8249200.0
20260602,603938,三孚股份,42.0,43.07,44.04,40.37,27005100.0
20260602,603939,益丰药房,20.85,20.52,21.03,20.36,9200900.0
20260602,603948,建业股份,26.23,26.12,26.26,25.62,1389700.0
20260602,603949,雪龙集团,16.04,15.55,16.07,15.25,2930100.0
20260602,603950,长源东谷,68.45,67.06,69.88,63.88,11753500.0
20260602,603955,大千生态,24.26,24.64,25.02,23.81,2857700.0
20260602,603956,威派格,5.6,5.29,5.67,5.29,23128500.0
20260602,603958,哈森股份,21.43,21.06,21.76,20.87,4710900.0
20260602,603960,克来机电,20.15,20.36,20.53,19.66,7644200.0
20260602,603966,法兰泰克,9.6,9.33,9.68,9.27,10130200.0
20260602,603967,中创物流,12.52,12.45,12.67,12.39,3543700.0
20260602,603968,醋化股份,12.48,11.59,12.54,11.41,13541500.0
20260602,603969,银龙股份,8.08,8.12,8.15,7.81,16624400.0
20260602,603970,中农立华,11.82,11.65,11.87,11.54,2172300.0
20260602,603976,正川股份,21.53,21.37,21.73,20.95,3147900.0
20260602,603977,国泰集团,15.39,15.4,15.84,15.2,20535300.0
20260602,603978,深圳新星,28.48,27.63,28.75,27.37,7612300.0
20260602,603979,金诚信,73.95,76.35,77.72,73.31,9441000.0
20260602,603980,吉华集团,5.75,5.65,5.79,5.55,14983200.0
20260602,603982,泉峰汽车,6.92,6.77,6.98,6.69,6002000.0
20260602,603983,丸美生物,24.0,23.65,24.45,23.53,2015600.0
20260602,603985,恒润股份,22.97,22.7,23.1,22.26,11941400.0
20260602,603986,兆易创新,471.0,474.69,480.66,448.11,49019300.0
20260602,603987,康德莱,7.72,7.68,7.79,7.59,4602100.0
20260602,603988,中电电机,21.42,21.14,21.6,20.6,5663600.0
20260602,603989,艾华集团,30.49,31.74,33.36,30.31,40167700.0
20260602,603990,麦迪科技,20.65,22.01,22.72,20.07,40691700.0
20260602,603991,领先股份,111.42,110.13,116.0,110.0,3925300.0
20260602,603992,松霖科技,29.55,28.83,29.8,28.35,2677900.0
20260602,603993,洛阳钼业,18.71,19.74,19.78,18.52,352374500.0
20260602,603995,甬金股份,20.4,20.21,20.49,19.72,9922600.0
20260602,603997,继峰股份,13.73,15.08,15.08,13.72,40951600.0
20260602,603998,方盛制药,10.15,9.94,10.17,9.89,4635800.0
20260602,603999,读者传媒,6.15,5.86,6.15,5.8,11844000.0
20260602,605001,威奥股份,6.58,6.37,6.62,6.33,4957100.0
20260602,605003,众望布艺,26.18,24.4,26.18,24.0,1254100.0
20260602,605005,合兴股份,16.76,16.61,16.95,16.18,3215200.0
20260602,605006,山东玻纤,16.29,16.85,17.28,15.68,70261500.0
20260602,605007,五洲特纸,14.24,13.99,14.29,13.89,3974800.0
20260602,605008,长鸿高科,11.32,11.13,11.47,11.06,1617700.0
20260602,605009,豪悦护理,25.98,25.52,26.13,25.41,1485800.0
20260602,605011,杭州热电,22.61,22.68,23.18,22.22,11744000.0
20260602,605016,百龙创园,25.22,24.91,25.59,24.82,3354300.0
20260602,605018,长华集团,13.95,14.37,14.51,13.85,11213000.0
20260602,605020,永和股份,34.9,35.6,35.87,34.12,26262900.0
20260602,605028,世茂能源,23.22,22.8,23.26,22.17,1767000.0
20260602,605033,美邦股份,20.65,20.07,20.71,19.83,1743700.0
20260602,605050,福然德,11.07,11.08,11.32,10.8,4306700.0
20260602,605055,迎丰股份,12.24,12.02,12.9,11.89,20100200.0
20260602,605056,咸亨国际,20.16,18.99,20.5,18.84,13223400.0
20260602,605058,澳弘电子,39.88,39.66,41.51,39.03,6619300.0
20260602,605060,联德股份,49.55,48.15,49.59,46.96,6577500.0
20260602,605066,天正电气,7.55,7.36,7.58,7.18,29237700.0
20260602,605068,明新旭腾,23.2,22.14,23.5,21.1,4571500.0
20260602,605069,正和生态,12.38,11.63,12.65,11.61,7912700.0
20260602,605077,华康股份,17.99,17.39,18.57,17.36,17799000.0
20260602,605080,浙江自然,24.4,23.37,24.94,22.95,2812000.0
20260602,605086,龙高股份,32.34,31.49,32.6,31.45,2515700.0
20260602,605088,冠盛股份,34.6,34.61,34.82,33.71,3052200.0
20260602,605089,味知香,23.33,22.66,23.37,22.4,1387200.0
20260602,605090,九丰能源,37.05,36.64,37.19,35.85,8047300.0
20260602,605098,行动教育,56.83,56.15,57.15,55.54,1157500.0
20260602,605099,共创草坪,44.38,40.45,44.38,40.45,7484200.0
20260602,605100,华丰股份,36.42,35.38,36.86,34.24,4796400.0
20260602,605108,同庆楼,13.9,13.64,13.9,13.56,2197700.0
20260602,605111,新洁能,61.99,62.01,63.41,59.73,27716500.0
20260602,605116,奥锐特,20.02,19.46,20.12,19.38,2978500.0
20260602,605117,德业股份,113.7,111.1,114.2,107.61,19768700.0
20260602,605118,力鼎光电,35.61,35.17,36.5,34.48,4246500.0
20260602,605122,四方新材,13.32,13.09,13.53,12.91,3212000.0
20260602,605123,派克新材,99.63,97.77,100.15,95.35,3205700.0
20260602,605128,上海沿浦,23.14,23.4,23.72,23.0,4498600.0
20260602,605133,嵘泰股份,36.0,36.04,36.59,35.29,8379700.0
20260602,605136,丽人丽妆,10.05,9.48,10.05,9.38,14112400.0
20260602,605138,盛泰集团,7.14,7.15,7.22,7.08,6827200.0
20260602,605151,西上海,22.04,21.41,22.1,21.29,2043400.0
20260602,605155,西大门,15.52,14.88,15.62,14.63,3637800.0
20260602,605158,华达新材,7.01,6.82,7.05,6.73,5325200.0
20260602,605162,新中港,10.08,10.5,10.55,9.87,20765700.0
20260602,605166,聚合顺,10.67,10.26,11.06,10.2,16494800.0
20260602,605167,利柏特,15.3,15.49,15.7,14.88,7433500.0
20260602,605168,三人行,50.05,48.8,50.05,47.91,6237100.0
20260602,605169,洪通燃气,11.89,11.74,11.99,11.63,3157900.0
20260602,605177,东亚药业,22.99,22.6,23.79,22.33,9216200.0
20260602,605178,时空科技,63.86,59.1,63.86,57.6,5129100.0
20260602,605179,一鸣食品,15.42,15.03,15.59,14.96,3666100.0
20260602,605180,华生科技,14.05,13.61,14.21,13.5,3478700.0
20260602,605183,确成股份,15.76,15.45,15.9,15.24,3709100.0
20260602,605186,健麾信息,26.88,27.23,27.68,25.9,7115600.0
20260602,605188,国光连锁,14.51,14.31,15.02,14.15,12365800.0
20260602,605189,富春染织,14.7,14.41,14.77,14.11,6314300.0
20260602,605196,华通线缆,41.85,41.14,42.36,40.3,26443000.0
20260602,605198,安德利,57.88,55.98,58.91,55.55,3318000.0
20260602,605208,永茂泰,14.39,14.28,14.6,13.9,10560900.0
20260602,605218,伟时电子,16.49,16.58,16.67,16.03,4451700.0
20260602,605222,起帆电缆,29.6,28.39,29.6,27.95,9490000.0
20260602,605228,神通科技,12.8,12.57,12.84,12.43,4149100.0
20260602,605255,天普股份,85.0,82.92,85.0,80.13,1504100.0
20260602,605258,协和电子,36.33,35.88,37.77,35.53,3781400.0
20260602,605259,绿田机械,19.42,19.63,19.84,19.2,2061100.0
20260602,605266,健之佳,18.85,18.26,18.85,18.22,1697400.0
20260602,605268,王力安防,10.78,10.49,10.79,10.41,3287200.0
20260602,605277,新亚电子,25.3,24.55,25.5,24.1,43279600.0
20260602,605286,同力天启,35.64,34.58,35.65,34.04,1824100.0
20260602,605287,德才股份,43.0,41.9,43.46,40.84,3675800.0
20260602,605288,凯迪股份,86.33,94.96,94.96,85.0,1457000.0
20260602,605289,罗曼股份,108.83,107.07,108.83,103.0,4307900.0
20260602,605296,神农集团,26.88,26.46,27.13,26.24,2076500.0
20260602,605298,必得科技,57.51,55.0,59.99,54.77,3103900.0
20260602,605299,舒华体育,18.09,16.28,18.09,16.28,12819600.0
20260602,605300,佳禾食品,10.38,10.2,10.45,10.02,8653500.0
20260602,605303,园林股份,25.76,26.91,27.89,25.75,10714700.0
20260602,605305,中际联合,40.67,40.3,41.55,39.73,4816700.0
20260602,605318,法狮龙,93.1,92.93,93.22,90.66,1074400.0
20260602,605319,无锡振华,25.05,24.87,25.35,24.53,2913500.0
20260602,605333,沪光股份,20.65,20.58,21.12,20.42,2262600.0
20260602,605337,李子园,10.1,9.85,10.11,9.83,3995400.0
20260602,605338,巴比食品,22.06,21.73,22.18,21.39,2421300.0
20260602,605339,南侨食品,14.45,14.07,14.53,13.92,1623200.0
20260602,605358,立昂微,55.69,53.84,56.18,53.58,51750400.0
20260602,605365,立达信,17.42,17.35,17.47,16.9,4677700.0
20260602,605366,宏柏新材,10.78,10.66,10.87,10.49,18557300.0
20260602,605368,蓝天燃气,7.22,7.15,7.22,7.12,3379700.0
20260602,605369,拱东医疗,18.55,18.16,18.85,18.09,1597600.0
20260602,605376,博迁新材,180.0,190.64,194.58,170.08,21422300.0
20260602,605377,华旺科技,9.22,8.97,9.22,8.91,4931100.0
20260602,605378,野马电池,17.06,16.67,17.2,16.51,2203200.0
20260602,605388,均瑶健康,6.15,5.84,6.17,5.81,11934800.0
20260602,605389,长龄液压,82.18,81.62,85.0,80.0,1910400.0
20260602,605398,新炬网络,24.99,23.65,25.18,23.31,4882800.0
20260602,605399,晨光新材,14.16,13.32,14.28,12.91,9771300.0
20260602,605488,福莱新材,33.8,34.32,34.84,32.71,7843600.0
20260602,605499,东鹏饮料,150.0,149.6,154.9,148.55,8953300.0
20260602,605500,森林包装,8.15,7.71,8.17,7.63,18344900.0
20260602,605507,国邦医药,15.84,15.64,16.09,15.58,4467900.0
20260602,605555,德昌股份,15.04,14.78,15.3,14.76,4266000.0
20260602,605566,福莱蒽特,41.55,42.0,42.89,40.1,12061100.0
20260602,605567,春雪食品,10.09,9.53,10.17,9.47,5740700.0
20260602,605577,龙版传媒,10.8,10.59,10.92,10.54,4196900.0
20260602,605580,恒盛能源,25.0,25.71,27.0,24.26,25650600.0
20260602,605588,冠石科技,55.62,54.35,56.44,53.31,2646000.0
20260602,605589,圣泉集团,48.22,54.12,54.12,48.21,71011000.0
20260602,605598,上海港湾,44.75,43.55,44.75,42.23,3554800.0
20260602,605599,菜百股份,15.95,16.08,16.14,15.78,5929000.0
