日期,股票代码,股票名称,开盘价,收盘价,最高价,最低价,成交量(股)
20260929,000001,平安银行,11.3,11.35,11.41,11.28,69097900.0
20260929,000002,万  科Ａ,3.78,4.08,4.08,3.71,802110500.0
20260929,000006,深振业Ａ,7.48,7.62,7.64,7.31,52376000.0
20260929,000007,全新好,10.99,11.08,11.28,10.79,6997700.0
20260929,000008,神州高铁,2.35,2.39,2.41,2.34,25454100.0
20260929,000009,中国宝安,6.72,6.86,6.91,6.72,13109300.0
20260929,000011,深物业A,11.13,11.13,11.13,10.67,42142400.0
20260929,000012,南  玻Ａ,3.65,3.67,3.68,3.64,11740700.0
20260929,000014,沙河股份,11.5,11.55,11.76,11.24,26360800.0
20260929,000017,深中华A,7.32,7.5,7.65,7.29,38957400.0
20260929,000019,深粮控股,6.61,6.7,6.75,6.56,15782100.0
20260929,000020,深华发Ａ,15.0,14.65,16.1,14.61,41024700.0
20260929,000021,深科技,33.61,33.79,34.16,33.51,33873400.0
20260929,000025,特  力Ａ,14.89,15.38,15.45,14.86,9231100.0
20260929,000026,飞亚达,18.58,18.7,18.88,18.57,3995200.0
20260929,000027,深圳能源,6.17,6.24,6.27,6.17,16198200.0
20260929,000028,国药一致,19.44,19.37,19.5,19.32,1669600.0
20260929,000029,深深房Ａ,21.47,22.12,22.3,21.28,8381400.0
20260929,000030,富奥股份,3.85,3.89,3.91,3.85,6553400.0
20260929,000031,大悦城,2.3,2.43,2.45,2.28,96241600.0
20260929,000032,深桑达Ａ,13.3,13.38,13.58,13.25,19016500.0
20260929,000034,神州数码,22.7,23.68,23.97,22.61,30896800.0
20260929,000035,中国天楹,4.69,4.66,4.73,4.65,19960400.0
20260929,000036,华联控股,3.89,4.21,4.21,3.89,48975100.0
20260929,000037,深南电A,8.97,9.0,9.29,8.91,15452200.0
20260929,000039,中集集团,8.51,8.55,8.65,8.48,15358400.0
20260929,000042,中洲控股,8.12,8.3,8.42,8.12,7190100.0
20260929,000045,深纺织Ａ,11.21,11.21,11.37,11.14,6400700.0
20260929,000048,京基智农,17.97,17.92,18.3,17.74,8542300.0
20260929,000049,德赛电池,21.65,21.99,22.19,21.65,4345100.0
20260929,000050,深天马Ａ,6.22,6.29,6.33,6.21,14612400.0
20260929,000055,方大集团,3.83,3.88,3.93,3.8,14638100.0
20260929,000058,深 赛 格,7.23,7.29,7.44,7.18,18169000.0
20260929,000059,华锦股份,5.6,5.47,5.62,5.43,27950200.0
20260929,000060,中金岭南,5.73,5.83,5.85,5.71,40069500.0
20260929,000061,农 产 品,5.83,5.84,5.9,5.81,10511000.0
20260929,000062,深圳华强,21.8,21.96,22.06,21.78,8233700.0
20260929,000063,中兴通讯,30.6,30.72,30.84,30.55,32000600.0
20260929,000065,北方国际,9.57,9.61,9.7,9.55,10077300.0
20260929,000066,中国长城,14.06,14.42,14.65,14.06,94760300.0
20260929,000068,华控赛格,3.2,3.54,3.54,3.2,34896300.0
20260929,000069,华侨城Ａ,1.9,1.97,1.99,1.88,150840800.0
20260929,000070,特发信息,15.7,16.19,16.38,15.4,47732300.0
20260929,000088,盐 田 港,4.55,4.63,4.66,4.54,25447700.0
20260929,000089,深圳机场,6.54,6.59,6.62,6.52,12642300.0
20260929,000090,天健集团,3.6,3.64,3.67,3.56,45146400.0
20260929,000096,广聚能源,7.88,7.94,7.98,7.88,2826000.0
20260929,000099,中信海直,12.74,12.56,12.79,12.52,5367100.0
20260929,000100,TCL科技,4.75,4.77,4.8,4.73,229229000.0
20260929,000151,中成股份,10.0,10.06,10.13,9.72,7762900.0
20260929,000153,丰原药业,6.1,6.08,6.19,6.04,7396100.0
20260929,000155,川能动力,10.85,10.77,10.98,10.74,19563400.0
20260929,000156,华数传媒,6.88,7.06,7.09,6.88,9922100.0
20260929,000157,中联重科,5.89,5.86,5.91,5.83,50158300.0
20260929,000158,常山北明,12.2,12.19,12.31,12.18,12046900.0
20260929,000159,国际实业,5.46,5.5,5.54,5.44,8735700.0
20260929,000166,申万宏源,4.33,4.36,4.39,4.32,48997200.0
20260929,000301,东方盛虹,13.12,12.8,13.15,12.49,25942200.0
20260929,000333,美的集团,81.66,81.66,82.44,81.2,22706700.0
20260929,000338,潍柴动力,24.5,25.0,25.15,24.38,54789800.0
20260929,000400,许继电气,20.48,21.03,21.07,20.4,18538300.0
20260929,000401,金隅冀东,3.52,3.59,3.6,3.51,11528600.0
20260929,000402,金 融 街,2.62,2.71,2.76,2.61,115921700.0
20260929,000403,派林生物,9.75,9.74,9.87,9.7,4048100.0
20260929,000404,长虹华意,6.73,6.74,6.79,6.71,3879400.0
20260929,000407,胜利股份,4.14,4.2,4.22,4.14,11135100.0
20260929,000408,藏格矿业,70.22,69.8,70.32,69.05,6041000.0
20260929,000409,云鼎科技,8.66,8.79,8.84,8.64,3263300.0
20260929,000410,沈阳机床,5.09,5.14,5.16,5.09,12249600.0
20260929,000411,英特集团,10.03,9.98,10.09,9.93,5043100.0
20260929,000415,渤海租赁,4.05,4.07,4.1,4.03,34209300.0
20260929,000417,合百集团,5.69,5.66,5.77,5.65,16763300.0
20260929,000419,通程控股,4.97,5.06,5.08,4.97,4225800.0
20260929,000420,吉林化纤,3.45,3.47,3.49,3.45,19702600.0
20260929,000421,南京公用,5.64,5.7,5.72,5.61,5046800.0
20260929,000422,湖北宜化,11.48,11.48,11.58,11.46,7133500.0
20260929,000423,东阿阿胶,45.21,45.24,45.41,44.99,3463700.0
20260929,000425,徐工机械,7.04,7.05,7.08,6.97,100855100.0
20260929,000426,兴业银锡,30.77,31.57,31.81,30.69,31220700.0
20260929,000428,华天酒店,3.84,3.83,3.93,3.83,22483600.0
20260929,000429,粤高速Ａ,12.34,12.28,12.42,12.23,4655900.0
20260929,000430,张家界,6.75,6.64,6.78,6.63,6849700.0
20260929,000498,山东路桥,5.73,5.61,5.74,5.55,45089000.0
20260929,000501,武商集团,6.97,7.06,7.1,6.94,4027800.0
20260929,000503,国新健康,7.31,7.72,7.95,7.17,88024200.0
20260929,000504,南华生物,11.28,11.29,12.52,11.12,93159000.0
20260929,000505,京粮控股,6.1,6.07,6.16,6.03,15286800.0
20260929,000506,招金黄金,16.06,16.58,16.73,16.06,32167700.0
20260929,000507,珠海港,4.9,4.93,4.95,4.9,3536200.0
20260929,000509,华塑控股,3.45,3.51,3.56,3.45,25118800.0
20260929,000510,新金路,17.0,17.27,17.41,16.8,21297500.0
20260929,000513,丽珠集团,31.0,32.23,32.99,30.35,63390600.0
20260929,000514,渝 开 发,4.36,4.55,4.56,4.33,17494500.0
20260929,000516,国际医学,4.24,4.27,4.31,4.24,12582200.0
20260929,000517,荣安地产,2.02,2.07,2.09,2.01,42079800.0
20260929,000518,四环生物,3.69,3.59,3.69,3.59,22889200.0
20260929,000519,中兵红箭,14.41,14.4,14.48,14.26,19479000.0
20260929,000520,凤凰航运,4.05,4.03,4.1,4.01,14094100.0
20260929,000521,长虹美菱,4.27,4.29,4.32,4.26,4904100.0
20260929,000523,红棉股份,3.16,3.17,3.2,3.14,83211700.0
20260929,000524,岭南控股,8.77,8.75,8.83,8.72,4055800.0
20260929,000525,红太阳,4.36,4.39,4.43,4.36,10112500.0
20260929,000526,学大教育,35.15,34.81,35.4,34.66,1562900.0
20260929,000528,柳    工,7.42,7.36,7.46,7.35,22223300.0
20260929,000529,广弘控股,4.97,5.03,5.05,4.94,3396100.0
20260929,000530,冰山冷热,5.15,5.21,5.25,5.14,12034600.0
20260929,000531,穗恒运Ａ,5.47,5.49,5.52,5.46,2632100.0
20260929,000532,华金资本,12.49,12.49,12.75,12.47,20311500.0
20260929,000533,顺钠股份,10.12,10.02,10.17,9.97,15018100.0
20260929,000534,万泽股份,21.66,21.96,22.14,21.43,8799600.0
20260929,000536,华映科技,3.4,3.38,3.43,3.33,51586600.0
20260929,000537,绿发电力,7.26,7.29,7.38,7.25,8789900.0
20260929,000538,云南白药,50.29,50.24,50.39,49.9,4654700.0
20260929,000539,粤电力Ａ,4.94,5.04,5.07,4.92,41459400.0
20260929,000541,佛山照明,4.83,4.86,4.88,4.83,3379100.0
20260929,000543,皖能电力,7.19,7.06,7.22,7.04,23862200.0
20260929,000544,中原环保,7.13,7.21,7.23,7.13,1699500.0
20260929,000545,金浦钛业,2.16,2.22,2.23,2.14,34406900.0
20260929,000546,金圆股份,4.26,4.32,4.37,4.25,9854100.0
20260929,000547,航天发展,14.0,13.87,14.42,13.86,50818300.0
20260929,000548,湖南投资,4.58,4.64,4.68,4.56,4363500.0
20260929,000550,江铃汽车,16.03,16.28,16.39,15.96,5449400.0
20260929,000551,创元科技,11.6,11.69,11.82,11.6,6198800.0
20260929,000552,甘肃能化,2.45,2.46,2.48,2.44,44570100.0
20260929,000553,安道麦A,5.4,5.39,5.44,5.37,3342900.0
20260929,000554,泰山石油,6.18,6.19,6.25,6.17,6718000.0
20260929,000555,神州信息,9.72,10.05,10.11,9.69,21892500.0
20260929,000557,西部创业,3.57,3.61,3.63,3.56,6449600.0
20260929,000558,天府文旅,3.52,3.56,3.59,3.52,17115000.0
20260929,000559,万向钱潮,10.81,10.76,11.07,10.69,41098500.0
20260929,000560,我爱我家,3.79,3.76,3.95,3.56,805682000.0
20260929,000561,烽火电子,7.55,7.59,7.65,7.49,6204100.0
20260929,000563,陕国投Ａ,2.87,2.89,2.9,2.87,25726300.0
20260929,000564,供销大集,1.44,1.45,1.47,1.43,136454100.0
20260929,000565,渝三峡Ａ,6.36,6.4,6.45,6.33,7296500.0
20260929,000566,海南海药,4.59,4.61,4.71,4.54,48091100.0
20260929,000567,海德股份,5.78,5.88,5.92,5.78,11885100.0
20260929,000568,泸州老窖,69.98,69.38,70.38,69.35,6876500.0
20260929,000570,苏常柴Ａ,5.23,5.27,5.31,5.17,6206300.0
20260929,000571,新大洲A,6.4,6.57,6.62,6.28,18604200.0
20260929,000572,海马汽车,3.89,4.0,4.06,3.85,116471800.0
20260929,000573,粤宏远Ａ,3.81,3.93,3.94,3.8,16825600.0
20260929,000576,甘化科工,8.23,8.24,8.28,8.1,6292600.0
20260929,000581,威孚高科,17.9,17.92,18.03,17.87,3136400.0
20260929,000582,北部湾港,9.01,8.97,9.09,8.96,24487800.0
20260929,000586,汇源通信,12.64,12.77,12.95,12.49,5969500.0
20260929,000589,贵州轮胎,4.15,4.18,4.19,4.15,10655900.0
20260929,000590,古汉医药,8.83,9.14,9.2,8.83,3877200.0
20260929,000591,太阳能,4.12,4.15,4.17,4.12,18835500.0
20260929,000592,平潭发展,8.75,8.74,9.19,8.7,392101200.0
20260929,000593,德龙汇能,21.29,20.0,21.39,19.82,16628500.0
20260929,000595,新能股份,5.39,5.45,5.5,5.38,16524300.0
20260929,000596,古井贡酒,87.47,89.03,90.0,87.0,1979900.0
20260929,000597,东北制药,4.74,4.69,4.78,4.68,8688700.0
20260929,000598,兴蓉环境,6.96,7.01,7.04,6.96,9960200.0
20260929,000599,青岛双星,4.4,4.43,4.47,4.39,7909000.0
20260929,000600,建投能源,7.02,6.97,7.09,6.97,9809800.0
20260929,000601,韶能股份,5.99,6.02,6.14,5.96,21440200.0
20260929,000603,盛达资源,29.51,31.08,31.26,29.15,22076700.0
20260929,000605,渤海股份,5.96,6.06,6.12,5.9,3806500.0
20260929,000607,华媒控股,3.75,4.13,4.13,3.71,96700800.0
20260929,000608,阳光股份,6.93,7.18,7.25,6.9,21249200.0
20260929,000612,焦作万方,10.23,10.63,10.67,10.15,40067800.0
20260929,000617,中油资本,6.53,6.56,6.59,6.52,33909000.0
20260929,000619,海螺新材,5.23,5.25,5.28,5.17,4135600.0
20260929,000620,盈新发展,3.04,3.11,3.13,3.04,210557500.0
20260929,000623,吉林敖东,17.18,17.2,17.27,17.13,5810800.0
20260929,000625,长安汽车,7.05,7.06,7.14,7.02,45459300.0
20260929,000626,远大控股,8.69,8.58,8.75,8.51,8758800.0
20260929,000628,高新发展,54.61,54.66,56.17,54.3,5391700.0
20260929,000629,钒钛股份,2.78,2.78,2.8,2.75,47845200.0
20260929,000630,铜陵有色,5.7,5.79,5.8,5.69,113126600.0
20260929,000631,顺发恒能,2.97,3.04,3.05,2.96,12195700.0
20260929,000633,合金投资,5.23,5.34,5.39,5.19,6060500.0
20260929,000635,英 力 特,7.36,7.6,7.68,7.33,13033500.0
20260929,000636,风华高科,49.98,51.21,51.6,49.72,62190400.0
20260929,000637,茂化实华,4.17,4.24,4.28,4.17,7592000.0
20260929,000650,仁和药业,5.12,5.14,5.19,5.12,8529400.0
20260929,000651,格力电器,38.38,38.1,38.53,38.03,21476000.0
20260929,000652,泰达股份,3.27,3.34,3.35,3.27,11861000.0
20260929,000655,金岭矿业,7.07,7.21,7.25,7.04,7529600.0
20260929,000656,金科股份,1.22,1.26,1.27,1.22,218937700.0
20260929,000657,中钨高新,53.57,53.69,54.48,52.6,33260500.0
20260929,000659,珠海中富,2.73,2.73,2.8,2.71,23478700.0
20260929,000661,长春高新,70.2,70.55,72.11,70.08,3601600.0
20260929,000663,永安林业,6.0,6.1,6.28,5.98,11674900.0
20260929,000665,湖北广电,3.94,4.18,4.22,3.94,45203100.0
20260929,000668,荣丰控股,17.4,17.0,17.49,17.0,3817300.0
20260929,000670,盈方微,7.53,7.6,7.75,7.53,35291200.0
20260929,000672,上峰材料,14.6,14.65,14.8,14.44,13912200.0
20260929,000676,智度股份,6.32,6.65,6.74,6.3,88979800.0
20260929,000678,襄阳轴承,11.72,11.72,11.72,11.72,9450200.0
20260929,000679,大连友谊,6.33,6.32,6.44,6.26,4935900.0
20260929,000680,山推股份,8.88,8.82,8.94,8.8,10589200.0
20260929,000681,视觉中国,15.5,15.86,16.09,15.5,14880700.0
20260929,000682,东方电子,10.22,10.24,10.33,10.22,4864500.0
20260929,000683,博源化工,5.48,5.58,5.6,5.48,31029100.0
20260929,000685,中山公用,10.62,10.62,10.68,10.6,4788800.0
20260929,000686,东北证券,7.48,7.51,7.54,7.48,7643400.0
20260929,000688,国城矿业,23.99,24.15,24.27,23.82,8824000.0
20260929,000690,宝新能源,5.16,5.15,5.24,5.11,36755700.0
20260929,000691,亚太实业,8.97,8.98,9.06,8.82,5034000.0
20260929,000692,惠天热电,4.14,4.17,4.2,4.12,9641600.0
20260929,000695,滨海能源,12.7,12.83,13.03,12.7,4188300.0
20260929,000697,炼石航空,9.07,9.14,9.27,8.99,7641800.0
20260929,000700,模塑科技,12.0,12.25,12.47,11.7,57246700.0
20260929,000701,厦门信达,5.12,5.13,5.22,5.09,17119000.0
20260929,000702,正虹科技,5.73,5.85,5.88,5.68,7421000.0
20260929,000703,恒逸石化,17.2,15.69,17.3,15.53,131818400.0
20260929,000705,浙江震元,7.05,7.13,7.18,6.99,3824500.0
20260929,000707,双环科技,4.52,4.59,4.63,4.49,6294300.0
20260929,000708,中信特钢,12.78,12.8,12.9,12.64,9879400.0
20260929,000709,河钢股份,1.98,2.0,2.02,1.98,63867300.0
20260929,000710,贝瑞基因,10.11,9.88,10.3,9.86,41297900.0
20260929,000711,京蓝科技,4.63,4.68,4.77,4.6,51976700.0
20260929,000712,锦龙股份,9.74,9.82,9.93,9.71,28276100.0
20260929,000713,国投丰乐,6.04,6.06,6.14,6.03,15436800.0
20260929,000715,中兴商业,5.29,5.3,5.35,5.21,4822700.0
20260929,000716,黑芝麻,4.91,4.94,4.98,4.89,12950600.0
20260929,000717,中南股份,2.13,2.17,2.18,2.12,20707700.0
20260929,000718,苏宁环球,2.05,2.11,2.15,2.04,49435600.0
20260929,000719,中原传媒,11.85,11.88,12.06,11.81,4983000.0
20260929,000720,新能泰山,3.52,3.59,3.62,3.49,21432400.0
20260929,000721,西安饮食,6.06,6.06,6.14,6.04,7096100.0
20260929,000722,湖南发展,12.89,12.88,13.13,12.85,10175900.0
20260929,000723,美锦能源,3.45,3.47,3.53,3.44,36419600.0
20260929,000725,京东方Ａ,5.72,5.71,5.8,5.62,879357500.0
20260929,000726,鲁  泰Ａ,5.95,5.97,6.0,5.91,3981100.0
20260929,000727,冠捷科技,2.14,2.18,2.2,2.13,60512600.0
20260929,000728,国元证券,7.17,7.2,7.26,7.16,18813200.0
20260929,000729,燕京啤酒,10.78,10.81,10.87,10.7,12331200.0
20260929,000731,四川美丰,8.08,8.03,8.14,7.87,9578300.0
20260929,000733,振华科技,38.92,39.04,39.31,38.89,5149000.0
20260929,000735,罗 牛 山,5.63,5.76,5.85,5.63,53568600.0
20260929,000736,中交发展,4.63,4.8,4.82,4.63,25438600.0
20260929,000737,北方铜业,13.08,13.43,13.48,13.05,44880200.0
20260929,000738,航发控制,18.75,18.67,18.89,18.34,8139700.0
20260929,000739,普洛药业,26.51,26.56,27.29,25.36,17767100.0
20260929,000750,国海证券,3.55,3.59,3.61,3.54,29095200.0
20260929,000751,锌业股份,4.32,4.38,4.42,4.32,14416200.0
20260929,000753,漳州发展,5.47,5.44,5.58,5.41,83683300.0
20260929,000755,山西高速,4.65,4.68,4.73,4.65,3059900.0
20260929,000756,新华制药,13.87,13.98,14.58,13.86,45423600.0
20260929,000757,浩物股份,4.27,4.3,4.31,4.24,7179300.0
20260929,000758,中色股份,5.62,5.71,5.73,5.61,15596500.0
20260929,000759,中百集团,6.18,6.1,6.23,6.08,43575500.0
20260929,000761,本钢板材,2.21,2.27,2.28,2.19,24401600.0
20260929,000762,西藏矿业,20.36,20.49,20.6,20.1,6174600.0
20260929,000766,通化金马,15.08,15.17,15.3,15.0,6101200.0
20260929,000767,晋控电力,3.24,3.27,3.3,3.22,36352900.0
20260929,000768,中航西飞,22.93,22.5,22.94,22.04,28623100.0
20260929,000776,广发证券,19.71,19.74,19.9,19.7,26461700.0
20260929,000777,中核科技,16.04,16.1,16.2,16.02,2040700.0
20260929,000778,新兴铸管,3.49,3.53,3.54,3.48,27053200.0
20260929,000779,甘咨询,8.34,8.45,8.48,8.27,15381700.0
20260929,000782,恒申新材,8.06,8.12,8.2,8.02,5916700.0
20260929,000783,长江证券,7.9,7.94,8.01,7.89,40442600.0
20260929,000785,居然智家,2.21,2.29,2.29,2.2,73711100.0
20260929,000786,北新建材,15.91,16.24,16.37,15.88,17998100.0
20260929,000788,北大医药,5.39,5.44,5.5,5.32,12003300.0
20260929,000789,万年青,4.09,4.17,4.18,4.07,4919900.0
20260929,000790,华神科技,4.34,4.44,4.53,4.23,108892200.0
20260929,000791,甘肃能源,7.04,7.0,7.13,6.98,11485600.0
20260929,000792,盐湖股份,23.14,23.5,23.53,23.04,39623000.0
20260929,000795,英洛华,8.15,8.18,8.25,8.14,6981000.0
20260929,000796,凯撒旅业,3.5,3.49,3.55,3.48,26178100.0
20260929,000797,中国武夷,2.6,2.7,2.72,2.59,77310200.0
20260929,000798,中水渔业,9.72,9.6,9.81,9.58,11823900.0
20260929,000799,酒鬼酒,36.07,36.01,36.25,35.89,2519400.0
20260929,000800,一汽解放,5.85,5.84,5.9,5.83,8873000.0
20260929,000801,四川九洲,11.58,11.52,11.69,11.49,6430800.0
20260929,000802,北京文化,3.78,3.91,3.93,3.78,59414200.0
20260929,000803,山高环能,6.88,6.86,6.95,6.83,4973700.0
20260929,000807,云铝股份,25.35,26.47,26.62,25.05,68442600.0
20260929,000809,和展能源,3.4,3.47,3.6,3.4,26867400.0
20260929,000810,创维数字,9.0,9.1,9.16,8.96,9014100.0
20260929,000811,冰轮环境,37.4,37.88,38.35,36.9,23372100.0
20260929,000812,陕西金叶,3.66,3.74,3.79,3.66,22131300.0
20260929,000813,德展健康,3.22,3.2,3.26,3.19,20836100.0
20260929,000815,美利云,14.58,14.46,14.68,14.44,15815700.0
20260929,000816,智慧农业,2.77,2.79,2.81,2.75,18101000.0
20260929,000818,航锦科技,11.3,11.31,11.41,11.25,7358900.0
20260929,000819,岳阳兴长,11.84,12.19,12.35,11.8,4190200.0
20260929,000820,神雾节能,3.51,3.56,3.6,3.46,8076500.0
20260929,000822,山东海化,4.2,4.23,4.26,4.18,6085100.0
20260929,000823,超声电子,22.32,24.4,24.4,22.32,116393800.0
20260929,000825,太钢不锈,3.31,3.35,3.37,3.29,29531900.0
20260929,000828,东莞控股,9.84,9.91,9.98,9.79,4403900.0
20260929,000829,天音控股,8.63,9.15,9.2,8.6,36692900.0
20260929,000830,鲁西化工,11.34,11.22,11.35,11.21,16183800.0
20260929,000831,中国稀土,52.88,53.23,53.78,51.4,16810300.0
20260929,000833,粤桂股份,18.39,18.41,18.6,18.36,8711300.0
20260929,000837,秦川机床,9.52,9.51,9.59,9.35,6288700.0
20260929,000839,国安股份,2.8,2.89,2.93,2.79,97703900.0
20260929,000848,承德露露,8.0,7.94,8.05,7.92,7447200.0
20260929,000850,华茂股份,4.63,4.63,4.63,4.63,13801400.0
20260929,000852,石化机械,5.2,5.28,5.31,5.18,8663400.0
20260929,000856,冀东装备,8.82,8.9,8.95,8.77,4262000.0
20260929,000858,五 粮 液,68.87,68.77,69.13,68.74,10931000.0
20260929,000859,国风新材,8.66,8.62,8.76,8.6,17497700.0
20260929,000860,顺鑫农业,10.09,10.09,10.18,10.06,5584000.0
20260929,000862,银星能源,5.23,5.32,5.4,5.21,13512900.0
20260929,000863,三湘印象,4.29,4.52,4.57,4.29,20579900.0
20260929,000868,安凯客车,4.11,4.18,4.39,4.04,86611700.0
20260929,000869,张  裕Ａ,17.14,16.76,17.2,16.63,2394700.0
20260929,000875,电投绿能,4.56,4.6,4.63,4.53,16600700.0
20260929,000876,新 希 望,6.82,6.89,6.91,6.79,23670500.0
20260929,000877,天山股份,3.58,3.69,3.74,3.57,23805600.0
20260929,000878,云南铜业,15.57,15.95,15.99,15.53,25881100.0
20260929,000880,潍柴重机,23.73,23.59,23.95,23.31,7581800.0
20260929,000881,中广核技,6.31,6.37,6.4,6.28,3329000.0
20260929,000882,华联股份,1.49,1.53,1.55,1.49,59442400.0
20260929,000883,湖北能源,4.32,4.33,4.36,4.32,15648900.0
20260929,000885,城发环境,11.53,11.61,11.64,11.5,1452100.0
20260929,000886,海南高速,4.55,4.69,4.72,4.54,13814900.0
20260929,000887,中鼎股份,18.55,18.45,18.68,18.28,15778000.0
20260929,000888,峨眉山Ａ,9.13,9.08,9.18,9.07,4553400.0
20260929,000889,中嘉博创,3.63,3.7,3.73,3.6,25130800.0
20260929,000890,法尔胜,7.03,7.08,7.17,6.95,15120100.0
20260929,000892,欢瑞世纪,4.3,4.58,4.68,4.23,157113700.0
20260929,000893,亚钾国际,36.49,35.95,36.49,35.16,11933000.0
20260929,000895,双汇发展,23.54,23.41,23.64,23.3,10934000.0
20260929,000897,津滨发展,1.89,1.95,1.97,1.88,54323700.0
20260929,000898,鞍钢股份,1.97,2.02,2.03,1.97,35687700.0
20260929,000899,赣能股份,8.95,8.99,9.06,8.94,5028100.0
20260929,000900,现代投资,3.52,3.56,3.58,3.51,9727600.0
20260929,000901,航天科技,13.86,13.81,14.02,13.71,6465800.0
20260929,000902,新洋丰,13.5,13.36,13.65,13.32,4582700.0
20260929,000905,厦门港务,9.24,9.17,9.46,9.15,29305500.0
20260929,000906,浙商中拓,6.19,6.17,6.22,6.13,5006000.0
20260929,000908,石药景峰,5.97,5.95,6.05,5.93,9088600.0
20260929,000910,大亚圣象,6.29,6.44,6.67,6.17,81018400.0
20260929,000912,泸天化,3.86,3.88,3.91,3.83,22170300.0
20260929,000913,钱江摩托,10.52,10.5,10.64,10.47,3407800.0
20260929,000915,华特达因,23.57,23.58,23.68,23.35,1017400.0
20260929,000917,电广传媒,6.65,6.81,6.86,6.61,15691900.0
20260929,000919,金陵药业,6.43,6.43,6.54,6.36,7753200.0
20260929,000920,沃顿科技,12.15,12.16,12.34,12.12,9155900.0
20260929,000921,海信家电,26.31,26.5,26.65,26.04,3731100.0
20260929,000922,佳电股份,11.97,11.99,12.13,11.88,5649000.0
20260929,000923,河钢资源,15.1,15.45,15.54,15.03,10483700.0
20260929,000925,众合科技,7.78,7.9,8.07,7.76,16575100.0
20260929,000926,福星股份,2.11,2.16,2.18,2.1,38263400.0
20260929,000927,中国铁物,2.42,2.43,2.45,2.41,31664000.0
20260929,000928,中钢国际,5.22,5.29,5.3,5.22,8833900.0
20260929,000929,兰州黄河,9.2,9.45,9.55,9.14,4105300.0
20260929,000930,中粮科技,5.03,5.02,5.09,5.0,28109000.0
20260929,000931,中 关 村,4.51,4.52,4.61,4.48,12777400.0
20260929,000932,华菱钢铁,3.41,3.44,3.46,3.4,50072100.0
20260929,000933,神火股份,25.24,26.1,26.23,24.9,38701700.0
20260929,000935,四川双马,19.2,19.2,19.5,19.03,3693500.0
20260929,000936,华西股份,5.3,5.44,5.52,5.26,14674000.0
20260929,000937,冀中能源,4.38,4.36,4.39,4.32,21634900.0
20260929,000938,紫光股份,31.47,31.53,31.73,31.21,60874600.0
20260929,000948,南天信息,13.09,13.22,13.33,13.01,3699800.0
20260929,000949,新乡化纤,6.57,6.41,6.6,6.28,39239800.0
20260929,000950,重药控股,5.19,5.2,5.24,5.17,11198700.0
20260929,000951,中国重汽,19.86,19.92,19.99,19.53,7207700.0
20260929,000952,广济药业,6.48,6.6,6.68,6.44,5721800.0
20260929,000953,中哲精化,5.99,6.0,6.08,5.92,4143500.0
20260929,000955,欣龙控股,3.99,4.09,4.17,3.97,9390100.0
20260929,000957,中通客车,9.69,9.86,10.05,9.63,13689300.0
20260929,000958,电投产融,4.97,4.92,4.99,4.91,10817900.0
20260929,000959,首钢股份,3.35,3.45,3.45,3.35,21074200.0
20260929,000960,锡业股份,30.12,30.6,30.75,29.92,17909400.0
20260929,000962,东方钽业,55.44,55.45,56.05,54.68,10343800.0
20260929,000963,华东医药,26.73,26.85,27.35,26.51,20006700.0
20260929,000965,天保基建,3.33,3.49,3.52,3.32,43502800.0
20260929,000966,长源电力,3.92,3.95,4.01,3.9,32443800.0
20260929,000967,盈峰环境,7.68,8.1,8.17,7.6,75959700.0
20260929,000968,蓝焰控股,6.85,6.83,6.89,6.8,8889700.0
20260929,000969,安泰科技,16.16,16.25,16.35,16.06,8865800.0
20260929,000970,中科三环,10.92,10.99,11.05,10.88,10110700.0
20260929,000972,中基健康,3.82,3.86,3.89,3.82,9632100.0
20260929,000973,佛塑科技,11.3,11.4,11.57,11.22,20323900.0
20260929,000975,山金国际,21.99,22.27,22.37,21.71,34834000.0
20260929,000977,浪潮信息,66.92,67.18,68.1,66.66,28167200.0
20260929,000978,桂林旅游,7.1,7.27,7.45,7.07,83638000.0
20260929,000980,众泰汽车,2.21,2.22,2.35,2.16,605026600.0
20260929,000981,山子高科,2.66,2.76,2.82,2.66,470049300.0
20260929,000983,山西焦煤,6.45,6.37,6.5,6.28,55178500.0
20260929,000985,大庆华科,17.35,17.24,17.41,17.1,1979900.0
20260929,000987,越秀资本,7.11,7.14,7.18,7.11,12299800.0
20260929,000988,华工科技,92.45,94.25,94.86,91.95,30648900.0
20260929,000989,九芝堂,8.52,8.55,8.66,8.48,8581100.0
20260929,000990,诚志股份,6.11,6.13,6.17,6.1,19226700.0
20260929,000993,闽东电力,16.65,16.28,17.55,15.91,81056700.0
20260929,000995,皇台酒业,11.38,11.28,11.7,11.13,11009300.0
20260929,000997,新 大 陆,19.15,19.31,19.48,19.09,7055900.0
20260929,000998,隆平高科,8.4,8.38,8.47,8.36,13692500.0
20260929,000999,华润三九,23.47,23.44,23.65,23.41,4411700.0
20260929,001201,东瑞股份,16.29,15.72,16.49,15.56,14395100.0
20260929,001202,炬申股份,14.88,15.02,15.05,14.8,966800.0
20260929,001203,大中矿业,21.59,21.62,22.04,21.46,14211700.0
20260929,001205,盛航股份,14.37,14.41,14.54,14.32,1890300.0
20260929,001206,依依股份,17.06,16.93,17.12,16.88,1647900.0
20260929,001207,联科科技,18.45,19.08,19.37,18.38,5550600.0
20260929,001208,华菱线缆,13.16,13.06,13.37,13.04,5599800.0
20260929,001209,洪兴股份,18.68,18.67,18.91,18.32,2361100.0
20260929,001210,金房能源,26.78,27.22,27.8,26.74,3917800.0
20260929,001211,双枪科技,27.01,27.66,27.88,26.9,7042200.0
20260929,001212,中旗新材,36.92,36.78,37.47,36.31,3359400.0
20260929,001213,中铁特货,3.46,3.49,3.5,3.46,4080300.0
20260929,001215,千味央厨,32.64,32.3,33.15,32.1,1158500.0
20260929,001216,华瓷股份,26.0,29.09,29.18,25.24,41921400.0
20260929,001217,华尔泰,11.01,11.21,11.39,11.0,4687600.0
20260929,001218,丽臣实业,23.4,23.59,23.75,23.37,1289000.0
20260929,001219,青岛食品,12.87,12.9,12.95,12.8,1300800.0
20260929,001220,世盟股份,31.43,31.4,31.78,31.28,411800.0
20260929,001221,悍高集团,32.96,32.43,33.28,32.18,1880000.0
20260929,001222,源飞宠物,15.71,15.27,15.79,15.1,3754900.0
20260929,001223,欧克科技,42.0,41.93,43.73,41.68,1163600.0
20260929,001225,和泰机电,34.64,33.35,35.14,33.12,1329900.0
20260929,001226,拓山重工,46.19,47.83,47.99,45.0,1445900.0
20260929,001227,兰州银行,2.05,2.09,2.1,2.05,52642200.0
20260929,001228,永泰运,36.5,37.67,37.99,35.54,3576900.0
20260929,001229,魅视科技,37.49,38.43,38.5,37.03,3023600.0
20260929,001230,劲旅环境,19.65,19.17,19.92,19.08,3183000.0
20260929,001231,农心科技,22.64,22.81,22.91,22.4,1175500.0
20260929,001232,嘉立创,192.0,188.4,195.0,186.7,2463800.0
20260929,001233,海安集团,43.3,43.62,44.44,43.05,1176000.0
20260929,001234,泰慕士,30.85,28.67,32.53,28.67,20060500.0
20260929,001236,弘业期货,7.65,7.85,7.91,7.63,9092200.0
20260929,001237,惠康科技,49.0,49.38,49.98,48.91,624100.0
20260929,001238,浙江正特,26.49,26.13,26.5,26.0,866100.0
20260929,001239,永达股份,12.16,12.29,12.43,12.1,2164600.0
20260929,001248,华润新能源,11.5,11.5,11.61,11.48,19754000.0
20260929,001255,博菲电气,27.3,27.39,27.84,27.1,1424000.0
20260929,001256,炜冈科技,21.19,21.42,21.75,21.19,1344100.0
20260929,001257,盛龙股份,21.3,21.26,21.4,21.19,3963200.0
20260929,001258,立新能源,10.19,10.12,10.33,10.09,29821800.0
20260929,001259,利仁科技,43.83,44.9,45.35,43.7,1004000.0
20260929,001260,坤泰股份,19.26,19.01,19.76,18.98,3233800.0
20260929,001266,宏英智能,35.81,36.33,36.74,35.63,4146600.0
20260929,001267,汇绿生态,33.76,33.37,33.9,32.56,25355300.0
20260929,001268,联合精密,25.53,25.4,25.95,25.02,4058000.0
20260929,001269,欧晶科技,19.45,19.03,19.56,18.98,2742600.0
20260929,001270,铖昌科技,95.01,93.99,96.24,93.52,3624300.0
20260929,001277,速达股份,30.02,30.28,30.62,30.02,1050300.0
20260929,001278,一彬科技,16.64,17.15,17.27,16.58,3153400.0
20260929,001279,强邦新材,26.01,26.17,26.44,25.99,415300.0
20260929,001280,中国铀业,60.2,60.21,60.57,59.72,1871200.0
20260929,001282,三联锻造,16.64,16.35,16.81,16.33,3000400.0
20260929,001283,豪鹏科技,46.62,46.27,47.65,46.0,3265700.0
20260929,001285,瑞立科密,41.85,41.95,42.58,41.59,754000.0
20260929,001286,陕西能源,9.49,9.42,9.52,9.36,10790600.0
20260929,001287,中电港,22.96,23.37,23.52,22.74,9579700.0
20260929,001288,运机集团,33.6,32.16,34.06,32.1,5298900.0
20260929,001289,龙源电力,14.9,14.81,14.94,14.81,2104300.0
20260929,001296,长江材料,19.79,19.51,19.82,19.48,1427400.0
20260929,001298,好上好,16.2,16.36,16.49,16.1,4295600.0
20260929,001299,美能能源,9.9,9.99,10.16,9.9,3407600.0
20260929,001300,三柏硕,12.07,12.42,12.48,12.07,2209000.0
20260929,001301,尚太科技,46.96,46.09,47.44,45.95,4619000.0
20260929,001306,夏厦精密,57.01,56.5,57.02,55.81,748000.0
20260929,001308,康冠科技,17.91,17.96,18.2,17.91,1405100.0
20260929,001309,德明利,374.0,372.2,375.55,367.01,7145200.0
20260929,001311,多利科技,16.66,16.87,17.08,16.66,3038800.0
20260929,001312,福恩股份,17.76,17.82,17.98,17.75,1700100.0
20260929,001313,粤海饲料,7.18,7.16,7.21,7.14,5825200.0
20260929,001314,亿道信息,51.08,50.69,52.13,50.45,2621000.0
20260929,001316,润贝航科,27.66,27.54,27.98,27.11,1942400.0
20260929,001317,三羊马,65.14,62.5,65.99,61.51,15079000.0
20260929,001318,阳光乳业,11.77,11.85,11.89,11.56,2786100.0
20260929,001319,铭科精技,20.89,21.55,21.83,20.85,1597100.0
20260929,001322,箭牌家居,6.36,6.51,6.57,6.32,7314500.0
20260929,001323,慕思股份,17.98,18.22,18.22,17.78,1307700.0
20260929,001324,长青科技,20.01,20.5,21.05,19.95,3165300.0
20260929,001325,元创股份,35.29,36.14,36.91,35.29,624900.0
20260929,001326,联域股份,102.1,103.79,105.19,100.97,2092000.0
20260929,001328,登康口腔,30.52,30.45,30.8,30.21,926000.0
20260929,001330,博纳影业,6.8,6.63,6.97,6.16,315032700.0
20260929,001331,胜通能源,40.2,38.5,40.2,38.28,8508100.0
20260929,001332,锡装股份,26.44,27.19,27.47,26.19,2640900.0
20260929,001333,光华股份,20.0,19.97,20.09,19.8,1084000.0
20260929,001335,信凯科技,33.2,32.92,33.72,32.91,712200.0
20260929,001336,楚环科技,19.03,19.14,19.34,18.83,1870700.0
20260929,001337,四川黄金,43.33,44.55,44.75,42.87,6689300.0
20260929,001338,永顺泰,9.17,9.07,9.27,9.0,7455300.0
20260929,001339,智微智能,69.5,70.42,71.1,69.02,4321100.0
20260929,001356,富岭股份,9.42,9.27,9.42,9.26,3014600.0
20260929,001358,兴欣新材,24.59,24.54,24.87,24.37,1122200.0
20260929,001359,平安电工,82.31,82.51,85.5,81.0,2620300.0
20260929,001360,南矿集团,19.37,19.01,19.93,19.0,3950800.0
20260929,001365,天海电子,36.41,36.35,36.94,36.15,6215000.0
20260929,001366,播恩集团,13.0,13.15,13.23,12.92,3471300.0
20260929,001367,海森药业,21.69,22.21,22.33,21.29,2285100.0
20260929,001368,通达创智,39.72,37.62,39.72,37.62,1761500.0
20260929,001369,双欣材料,11.96,11.96,12.09,11.94,3076500.0
20260929,001373,翔腾新材,31.46,31.59,31.96,30.97,2314900.0
20260929,001376,百通能源,12.75,12.3,12.76,12.2,17569200.0
20260929,001378,德冠新材,22.35,22.15,22.67,22.11,3636200.0
20260929,001379,腾达科技,15.69,15.88,16.0,15.62,1510700.0
20260929,001380,华纬科技,18.55,18.84,18.92,18.38,2100900.0
20260929,001382,新亚电缆,16.38,16.45,16.56,16.26,911000.0
20260929,001386,马可波罗,15.71,15.99,16.19,15.71,2577600.0
20260929,001387,雪祺电气,12.3,12.54,12.65,12.16,4838500.0
20260929,001388,信通电子,19.72,19.68,20.14,19.61,2419100.0
20260929,001389,广合科技,178.0,191.84,194.9,175.58,14867100.0
20260929,001390,古麒绒材,17.42,17.15,17.52,17.12,1823000.0
20260929,001391,国货航,3.8,3.8,3.83,3.8,11804200.0
20260929,001393,维通利,40.1,41.46,42.59,39.89,3483000.0
20260929,001395,亚联机械,29.97,29.97,30.55,29.9,837000.0
20260929,001396,誉帆科技,31.35,31.34,31.79,31.15,701600.0
20260929,001399,惠科股份,22.57,22.0,22.63,21.92,20368000.0
20260929,001400,江顺科技,82.77,85.33,86.66,81.22,5414700.0
20260929,001696,宗申动力,15.7,15.33,15.81,15.33,29487600.0
20260929,001872,招商港口,24.12,24.4,24.66,23.7,4104400.0
20260929,001896,豫能控股,10.52,10.29,10.61,10.28,32378100.0
20260929,001914,招商积余,9.08,9.36,9.38,9.07,18175000.0
20260929,001965,招商公路,9.82,10.0,10.05,9.79,12414900.0
20260929,001979,招商蛇口,7.32,7.59,7.71,7.27,174465400.0
20260929,002001,新 和 成,25.55,25.33,25.58,25.07,23057900.0
20260929,002003,伟星股份,11.32,11.39,11.48,11.21,12666700.0
20260929,002004,华邦健康,4.28,4.26,4.32,4.23,15526100.0
20260929,002005,德豪润达,2.77,2.71,2.79,2.7,29855800.0
20260929,002006,精工科技,13.09,13.29,13.33,13.04,3468100.0
20260929,002007,华兰生物,13.11,13.02,13.24,12.97,7580500.0
20260929,002008,大族激光,81.0,81.76,82.47,80.8,30091400.0
20260929,002009,天奇股份,15.53,15.37,15.55,15.2,7928500.0
20260929,002010,传化智联,4.46,4.57,4.59,4.46,14585400.0
20260929,002011,盾安环境,12.74,12.5,12.83,12.4,38780100.0
20260929,002012,凯恩股份,6.92,6.89,7.0,6.87,5617800.0
20260929,002014,永新股份,10.95,11.07,11.12,10.95,1836200.0
20260929,002015,协鑫能科,14.5,14.55,14.64,14.44,26976800.0
20260929,002016,世荣兆业,4.66,4.84,4.87,4.63,15599400.0
20260929,002017,东信和平,13.76,13.86,13.98,13.65,7807500.0
20260929,002019,亿帆医药,9.37,9.23,9.44,9.2,7736600.0
20260929,002020,京新药业,11.34,11.34,11.56,11.24,10584500.0
20260929,002021,中捷资源,2.58,2.63,2.65,2.52,26342200.0
20260929,002022,科华生物,6.01,5.97,6.09,5.95,17926600.0
20260929,002023,海特高新,9.36,9.44,9.51,9.34,8733800.0
20260929,002025,航天电器,68.0,68.1,69.11,67.71,4698300.0
20260929,002026,山东威达,10.7,11.09,11.22,10.7,8826400.0
20260929,002027,分众传媒,4.67,4.65,4.7,4.64,129431200.0
20260929,002028,思源电气,122.8,120.81,123.0,119.02,8661500.0
20260929,002029,七 匹 狼,8.99,8.96,9.25,8.71,39379700.0
20260929,002030,达安基因,5.59,5.64,5.7,5.55,14515700.0
20260929,002031,巨轮智能,5.45,5.69,6.08,5.31,226005400.0
20260929,002032,苏 泊 尔,39.41,39.51,39.93,39.41,1824600.0
20260929,002033,丽江股份,8.19,8.18,8.25,8.17,7304800.0
20260929,002034,旺能环境,13.84,13.97,14.06,13.76,4562300.0
20260929,002035,华帝股份,4.79,4.81,4.85,4.73,23443500.0
20260929,002036,联创电子,5.95,6.02,6.07,5.89,15840500.0
20260929,002037,保利联合,6.71,6.74,6.81,6.67,2993600.0
20260929,002038,双鹭药业,5.58,5.59,5.72,5.55,15051600.0
20260929,002039,黔源电力,19.41,19.09,19.6,19.06,7547900.0
20260929,002040,南 京 港,8.89,8.78,8.94,8.76,11228600.0
20260929,002041,登海种业,9.35,9.3,9.46,9.27,15835900.0
20260929,002042,华孚时尚,3.62,3.65,3.71,3.58,30066700.0
20260929,002043,兔 宝 宝,11.33,11.37,11.69,11.23,10664200.0
20260929,002044,美年健康,4.39,4.47,4.5,4.39,43401800.0
20260929,002045,国光电器,8.65,8.78,8.85,8.6,10279800.0
20260929,002046,国机精工,60.95,60.45,61.47,59.7,9291900.0
20260929,002047,宝鹰股份,3.09,3.12,3.16,3.08,13997800.0
20260929,002048,宁波华翔,17.71,17.79,18.09,17.51,10431900.0
20260929,002049,紫光国微,58.36,58.41,58.88,58.25,6562700.0
20260929,002050,三花智控,35.19,35.65,35.82,34.7,30851200.0
20260929,002051,中工国际,8.46,8.59,8.6,8.45,14232800.0
20260929,002052,同洲电子,8.08,8.03,8.14,8.0,4419500.0
20260929,002053,云南能投,9.38,9.57,9.62,9.34,5685000.0
20260929,002054,德美化工,6.95,7.06,7.09,6.95,5401600.0
20260929,002056,横店东磁,19.37,19.55,19.85,19.37,13496400.0
20260929,002057,中钢天源,8.68,8.79,8.82,8.64,8074400.0
20260929,002058,紫竹高科,17.08,18.36,18.36,16.84,5116000.0
20260929,002059,云南旅游,4.23,4.23,4.3,4.22,29139000.0
20260929,002060,广东建工,2.99,3.02,3.04,2.99,13061600.0
20260929,002061,浙江交科,3.26,3.3,3.31,3.26,14135200.0
20260929,002062,宏润建设,8.8,8.96,9.13,8.74,17153700.0
20260929,002063,远光软件,5.2,5.24,5.27,5.18,11411700.0
20260929,002064,华峰化学,9.5,9.4,9.59,9.17,36546800.0
20260929,002065,东华软件,6.45,6.5,6.54,6.45,13270000.0
20260929,002066,瑞泰科技,19.65,19.6,19.8,19.47,1467700.0
20260929,002067,景兴纸业,3.94,3.95,4.0,3.93,17593000.0
20260929,002068,黑猫股份,9.04,9.1,9.48,9.01,30685400.0
20260929,002069,獐子岛,3.69,3.66,3.7,3.62,7181500.0
20260929,002072,凯瑞德,7.11,7.16,7.24,7.06,6976000.0
20260929,002073,软控股份,5.58,5.64,5.66,5.55,8823500.0
20260929,002074,国轩高科,27.5,28.68,28.68,27.2,46144000.0
20260929,002075,沙钢股份,3.46,3.48,3.51,3.45,17500400.0
20260929,002076,星光股份,2.09,2.12,2.13,2.08,21905900.0
20260929,002077,大港股份,14.5,14.35,14.92,14.25,50023600.0
20260929,002078,太阳纸业,13.6,13.55,13.66,13.33,15897700.0
20260929,002079,苏州固锝,8.54,8.58,8.66,8.49,12486400.0
20260929,002080,中材科技,52.88,54.81,54.99,52.25,46472600.0
20260929,002081,金 螳 螂,4.73,4.78,4.9,4.7,130735300.0
20260929,002083,孚日股份,9.38,9.25,9.4,9.19,14716100.0
20260929,002084,海鸥住工,5.8,5.8,6.01,5.71,91339900.0
20260929,002085,万丰奥威,9.26,9.18,9.34,9.16,18004600.0
20260929,002086,东方海洋,2.01,2.0,2.04,1.98,37649400.0
20260929,002088,鲁阳节能,7.96,7.99,8.16,7.94,1455400.0
20260929,002090,金智科技,8.9,8.94,9.05,8.87,3585100.0
20260929,002091,江苏国泰,7.45,7.46,7.53,7.44,7193100.0
20260929,002092,中泰化学,4.3,4.31,4.34,4.28,23310900.0
20260929,002093,国脉科技,8.0,7.98,8.0,7.84,41228400.0
20260929,002094,青岛金王,5.0,5.05,5.13,4.98,21993000.0
20260929,002095,生 意 宝,15.8,15.68,16.02,15.58,9090400.0
20260929,002096,易普力,8.91,8.95,9.01,8.9,2252200.0
20260929,002097,山河智能,6.73,6.78,6.82,6.69,8460400.0
20260929,002098,浔兴股份,8.21,8.28,8.38,8.21,4747700.0
20260929,002099,海翔药业,6.03,6.0,6.19,5.9,34936900.0
20260929,002100,天康生物,7.81,7.87,7.91,7.74,19963100.0
20260929,002101,广东鸿图,8.38,8.5,8.57,8.38,2877000.0
20260929,002103,广博股份,6.65,6.74,6.84,6.53,5996700.0
20260929,002104,恒宝股份,10.15,10.16,10.26,10.13,18062500.0
20260929,002105,信隆健康,5.95,6.08,6.13,5.92,6025700.0
20260929,002106,莱宝高科,11.78,12.06,12.23,11.78,36316000.0
20260929,002107,沃华医药,7.09,7.1,7.18,7.0,11612500.0
20260929,002108,沧州明珠,4.25,4.25,4.31,4.23,11185400.0
20260929,002110,三钢闽光,2.83,2.87,2.9,2.82,25568500.0
20260929,002111,威海广泰,9.22,9.2,9.29,9.15,6496100.0
20260929,002112,三变科技,13.92,13.87,14.07,13.8,5426800.0
20260929,002114,罗平锌电,7.13,7.21,7.26,7.06,6726200.0
20260929,002115,三维通信,9.46,9.42,9.55,9.38,24323300.0
20260929,002116,中国海诚,7.06,7.15,7.17,7.03,2232500.0
20260929,002117,东港股份,7.85,7.83,7.92,7.8,5853600.0
20260929,002119,康强电子,29.07,28.27,29.84,28.0,92416800.0
20260929,002120,韵达股份,6.75,6.8,6.85,6.75,21300400.0
20260929,002121,科陆电子,4.09,4.12,4.18,4.08,14438000.0
20260929,002123,梦网科技,7.5,7.66,7.73,7.46,11008300.0
20260929,002124,天邦食品,2.0,2.0,2.02,1.99,51693300.0
20260929,002125,湘潭电化,11.7,11.91,12.01,11.69,9984500.0
20260929,002126,银轮股份,34.4,34.2,34.97,34.0,11640300.0
20260929,002127,南极电商,2.9,2.98,2.99,2.9,46487800.0
20260929,002128,电投能源,27.82,28.14,28.24,27.15,14107800.0
20260929,002129,TCL中环,9.25,9.11,9.45,9.11,81242600.0
20260929,002130,沃尔核材,15.66,15.66,15.76,15.61,12269300.0
20260929,002131,利欧股份,4.18,4.25,4.31,4.17,152807500.0
20260929,002132,恒星科技,3.98,3.97,4.03,3.96,19855500.0
20260929,002133,广宇集团,2.83,2.93,2.99,2.83,17403800.0
20260929,002134,天津普林,24.06,25.16,25.5,23.93,15425700.0
20260929,002135,东南网架,5.87,5.94,6.01,5.81,9351100.0
20260929,002136,安 纳 达,11.61,11.76,11.83,11.52,3680200.0
20260929,002137,实益达,7.71,7.9,8.35,7.67,40287500.0
20260929,002138,顺络电子,47.53,48.88,49.5,47.53,17930100.0
20260929,002139,拓邦股份,9.53,9.58,9.68,9.52,7917400.0
20260929,002140,东华科技,9.0,8.95,9.0,8.81,6782100.0
20260929,002141,贤丰控股,6.25,6.58,6.59,6.18,158070900.0
20260929,002142,宁波银行,34.48,34.81,34.93,34.38,19241500.0
20260929,002144,宏达高科,10.85,11.09,11.15,10.74,3516000.0
20260929,002145,钛能化学,4.6,4.6,4.67,4.57,49959500.0
20260929,002146,荣盛发展,1.23,1.29,1.33,1.22,376228300.0
20260929,002148,北纬科技,6.12,6.26,6.3,6.11,7257200.0
20260929,002149,西部材料,31.56,31.55,31.87,31.2,10093700.0
20260929,002150,正泰电源,20.02,19.61,20.12,19.51,5202100.0
20260929,002151,北斗星通,28.39,28.15,28.69,28.02,10637800.0
20260929,002152,广电运通,8.88,8.94,8.95,8.87,7952800.0
20260929,002153,石基信息,7.26,7.4,7.44,7.26,10548300.0
20260929,002154,报 喜 鸟,3.8,3.82,3.85,3.78,17970600.0
20260929,002155,湖南黄金,22.6,23.08,23.22,22.5,29511000.0
20260929,002156,通富微电,58.91,60.36,61.8,58.91,65917900.0
20260929,002157,正邦科技,2.9,2.92,2.94,2.9,67221100.0
20260929,002158,汉钟精机,24.55,24.84,25.15,24.28,10189500.0
20260929,002159,三特索道,13.23,13.29,13.43,13.23,1453300.0
20260929,002160,常铝股份,3.81,3.9,3.93,3.79,13624700.0
20260929,002161,远 望 谷,6.26,6.44,6.61,6.22,26927600.0
20260929,002162,悦心健康,4.12,4.18,4.22,4.07,17798100.0
20260929,002163,海南发展,7.27,7.49,7.56,7.27,22739500.0
20260929,002164,宁波东力,12.2,12.05,12.35,11.98,29001600.0
20260929,002165,红 宝 丽,6.77,6.77,6.82,6.67,23837700.0
20260929,002166,莱茵生物,6.68,6.66,6.75,6.63,6780500.0
20260929,002167,东方锆业,15.21,15.59,15.79,15.07,28012100.0
20260929,002169,智光电气,12.16,12.13,12.31,12.0,17949800.0
20260929,002170,芭田股份,10.45,10.52,10.53,10.35,9829600.0
20260929,002171,楚江新材,9.65,9.64,9.8,9.6,24962900.0
20260929,002172,澳洋健康,5.01,5.49,5.58,4.98,222033400.0
20260929,002173,创新医疗,17.17,17.08,17.42,17.01,12360300.0
20260929,002174,游族网络,13.09,13.4,13.97,12.98,43887400.0
20260929,002176,江特电机,8.02,8.2,8.26,8.02,25198100.0
20260929,002177,御银股份,5.38,5.49,5.53,5.33,14220300.0
20260929,002178,延华智能,4.84,4.99,5.25,4.81,44803400.0
20260929,002179,中航光电,33.27,32.9,33.39,32.78,16221700.0
20260929,002180,奔图科技,16.11,16.26,16.39,16.0,7424500.0
20260929,002181,粤 传 媒,8.35,9.0,9.11,8.35,82755300.0
20260929,002182,宝武镁业,10.96,11.04,11.12,10.92,7229000.0
20260929,002183,怡 亚 通,4.06,4.15,4.16,4.06,30458800.0
20260929,002184,海得控制,9.86,9.94,10.0,9.76,3323300.0
20260929,002185,华天科技,16.92,17.02,17.32,16.84,145388500.0
20260929,002186,全 聚 德,9.39,9.34,9.39,9.28,2667300.0
20260929,002187,广百股份,5.41,5.46,5.48,5.36,6161100.0
20260929,002188,中天服务,5.58,5.82,5.89,5.55,11242900.0
20260929,002189,中光学,18.92,19.05,19.16,18.7,1947900.0
20260929,002190,成飞集成,23.07,22.92,23.18,22.88,2442700.0
20260929,002191,劲嘉股份,3.47,3.5,3.54,3.47,7412800.0
20260929,002192,融捷股份,56.56,56.97,57.73,56.1,9215800.0
20260929,002194,武汉凡谷,10.01,9.98,10.08,9.9,15175000.0
20260929,002195,岩山科技,5.86,5.95,6.0,5.84,57011000.0
20260929,002196,方正电机,10.15,10.16,10.36,10.01,20858300.0
20260929,002197,证通电子,6.38,6.5,6.55,6.35,15324500.0
20260929,002199,东晶电子,11.46,11.51,11.55,11.3,3013500.0
20260929,002200,交投生态,6.66,6.82,6.85,6.58,4172400.0
20260929,002201,九鼎新材,9.28,9.3,9.53,9.27,25353200.0
20260929,002202,金风科技,17.07,17.09,17.3,17.02,47186500.0
20260929,002203,海亮股份,17.07,17.48,17.53,17.0,13405800.0
20260929,002204,大连重工,5.22,5.27,5.3,5.21,18307000.0
20260929,002205,国统股份,10.86,12.76,12.76,10.84,25596500.0
20260929,002206,海 利 得,4.87,4.85,4.89,4.83,4779600.0
20260929,002208,合肥城建,9.76,10.06,10.17,9.75,27010100.0
20260929,002209,达 意 隆,13.23,13.39,13.59,13.02,2967600.0
20260929,002210,飞马国际,2.07,2.08,2.11,2.05,29964800.0
20260929,002212,天融信,7.21,7.38,7.54,7.06,179769400.0
20260929,002213,大为股份,27.75,27.83,28.96,27.47,8341500.0
20260929,002214,大立科技,17.72,17.78,17.94,17.43,4929400.0
20260929,002215,诺 普 信,9.39,9.26,9.43,9.2,12653800.0
20260929,002216,三全食品,11.47,11.33,11.55,11.3,3846400.0
20260929,002218,拓日新能,3.67,3.75,3.81,3.64,41728300.0
20260929,002219,新里程,2.06,2.08,2.11,2.05,55781500.0
20260929,002221,东华能源,5.59,5.58,5.64,5.57,7540300.0
20260929,002222,福晶科技,62.34,62.15,63.45,61.38,15595600.0
20260929,002223,鱼跃医疗,26.22,25.67,26.46,25.38,12424900.0
20260929,002224,三 力 士,3.67,3.71,3.73,3.65,6889500.0
20260929,002225,濮耐股份,3.39,3.41,3.44,3.34,14408100.0
20260929,002226,江南化工,4.83,4.85,4.9,4.81,14269400.0
20260929,002228,合兴包装,3.2,3.23,3.26,3.19,19900700.0
20260929,002229,鸿博股份,10.16,10.21,10.34,10.15,12535500.0
20260929,002230,科大讯飞,37.1,37.2,37.46,37.03,11120500.0
20260929,002232,启明信息,16.35,17.15,17.31,16.1,41426800.0
20260929,002233,塔牌集团,6.67,6.68,6.72,6.65,8982300.0
20260929,002234,民和股份,7.95,7.93,7.97,7.76,4384600.0
20260929,002235,安妮股份,7.67,7.66,7.76,7.62,10284000.0
20260929,002236,大华股份,15.2,15.23,15.28,15.18,11212600.0
20260929,002237,恒邦股份,12.24,12.35,12.41,12.16,16412900.0
20260929,002238,天威视讯,6.83,7.52,7.77,6.83,89582800.0
20260929,002239,奥特佳,2.42,2.46,2.48,2.41,44782300.0
20260929,002240,盛新锂能,24.57,25.05,25.27,24.47,21286600.0
20260929,002241,歌尔股份,23.0,23.0,23.26,22.84,47735000.0
20260929,002242,九阳股份,11.05,11.36,11.36,10.89,19118900.0
20260929,002243,力合科创,6.81,6.94,6.98,6.79,6709200.0
20260929,002244,滨江集团,8.73,9.46,9.46,8.63,83245800.0
20260929,002245,蔚蓝锂芯,16.24,16.2,16.7,16.15,48049400.0
20260929,002246,北化股份,24.7,25.07,25.13,23.84,24487300.0
20260929,002247,聚力文化,2.46,2.48,2.51,2.44,16247500.0
20260929,002248,华东数控,9.21,9.34,9.45,9.14,7370000.0
20260929,002249,大洋电机,6.42,6.4,6.46,6.33,19746900.0
20260929,002250,联化科技,14.23,13.92,14.3,13.77,13330700.0
20260929,002251,步步高,3.35,3.39,3.41,3.34,51240600.0
20260929,002252,上海莱士,5.06,5.17,5.2,5.05,63820100.0
20260929,002253,川大智胜,8.55,8.56,8.73,8.44,8496800.0
20260929,002254,泰和新材,11.54,11.57,11.65,11.45,10573400.0
20260929,002255,海陆重工,7.29,7.26,7.35,7.24,4097100.0
20260929,002256,兆新股份,3.11,3.13,3.16,3.09,19055000.0
20260929,002258,利尔化学,13.9,13.83,13.98,13.63,12248500.0
20260929,002259,升达林业,4.75,4.89,4.93,4.66,37523500.0
20260929,002261,拓维信息,24.11,24.08,24.28,24.03,14192400.0
20260929,002262,恩华药业,21.55,21.5,21.65,21.33,3613900.0
20260929,002263,大东南,3.09,3.21,3.24,3.08,61856300.0
20260929,002264,新 华 都,7.4,7.57,7.66,7.17,55935700.0
20260929,002265,建设工业,18.94,18.9,19.1,18.76,6204000.0
20260929,002266,浙富控股,4.53,4.54,4.56,4.51,48176600.0
20260929,002267,陕天然气,7.14,7.15,7.17,7.1,3607300.0
20260929,002268,电科网安,14.78,15.08,15.2,14.71,18963900.0
20260929,002269,美邦服饰,1.36,1.37,1.4,1.35,39992400.0
20260929,002270,华明装备,16.99,17.02,17.15,16.88,8293800.0
20260929,002271,东方雨虹,10.13,10.43,10.45,10.11,35102400.0
20260929,002272,川润股份,14.28,14.23,14.45,14.12,13664600.0
20260929,002273,水晶光电,23.85,23.51,24.04,23.33,28267300.0
20260929,002274,华昌化工,5.76,5.83,5.89,5.76,9722500.0
20260929,002275,桂林三金,12.13,12.07,12.15,12.01,780400.0
20260929,002276,万马股份,9.73,9.74,9.85,9.68,5636300.0
20260929,002277,友阿股份,4.99,4.85,5.0,4.81,30539200.0
20260929,002278,神开股份,7.88,8.32,8.57,7.86,30642300.0
20260929,002279,久其软件,6.45,6.67,6.75,6.41,27988000.0
20260929,002281,光迅科技,164.38,166.9,168.38,162.18,23767000.0
20260929,002282,博深股份,6.03,6.09,6.15,6.02,3810300.0
20260929,002283,天润工业,7.68,7.45,7.72,7.4,25001700.0
20260929,002284,亚太股份,9.22,9.25,9.38,9.16,9807500.0
20260929,002285,世联行,3.33,3.21,3.42,3.05,312884600.0
20260929,002286,保龄宝,8.27,8.24,8.32,8.18,13235000.0
20260929,002287,奇正藏药,19.16,19.12,19.39,19.09,1089700.0
20260929,002289,宇顺电子,34.26,33.58,34.79,33.29,1829900.0
20260929,002290,禾盛新材,69.01,69.9,70.57,67.0,6600500.0
20260929,002291,遥望科技,5.42,5.59,5.63,5.37,43144000.0
20260929,002292,奥飞娱乐,8.53,8.56,8.68,8.42,33725100.0
20260929,002293,罗莱生活,10.6,10.59,10.71,10.48,4471200.0
20260929,002294,信立泰,29.86,29.95,30.41,29.72,6137200.0
20260929,002295,精艺股份,9.69,9.86,9.96,9.54,7611000.0
20260929,002296,辉煌科技,9.67,9.58,9.71,9.54,13883700.0
20260929,002297,博云新材,19.8,20.15,20.34,19.7,49589400.0
20260929,002298,中电鑫龙,8.53,9.04,9.04,8.25,72047400.0
20260929,002299,圣农发展,15.7,15.51,15.8,15.43,8001500.0
20260929,002300,太阳电缆,7.69,7.77,7.95,7.59,33408800.0
20260929,002301,齐心集团,8.39,8.82,9.08,8.39,31232100.0
20260929,002302,西部建设,4.62,4.69,4.73,4.62,5118300.0
20260929,002303,美盈森,6.08,6.7,6.7,6.07,146428600.0
20260929,002304,洋河股份,37.01,36.9,37.19,36.9,3542300.0
20260929,002307,北新路桥,2.89,2.95,2.97,2.87,18657000.0
20260929,002309,中利集团,2.77,2.8,2.83,2.76,58679400.0
20260929,002310,东方新能,2.29,2.25,2.37,2.24,81652900.0
20260929,002311,海大集团,41.36,41.2,41.7,40.91,6119600.0
20260929,002312,川发龙蟒,8.05,8.11,8.15,8.05,10219600.0
20260929,002313,日海智能,8.61,8.93,9.4,8.54,24273900.0
20260929,002314,南山控股,2.29,2.37,2.4,2.29,45716400.0
20260929,002315,焦点科技,24.22,24.94,25.16,24.1,9099900.0
20260929,002316,亚联发展,4.33,4.5,4.56,4.33,18676000.0
20260929,002317,众生药业,23.0,22.79,23.55,22.6,15358900.0
20260929,002318,久立特材,18.0,17.52,18.1,17.5,6622100.0
20260929,002319,乐通股份,9.79,10.17,10.23,9.79,8010900.0
20260929,002320,海峡股份,6.25,6.27,6.36,6.21,21541100.0
20260929,002321,华英农业,2.07,2.08,2.12,2.04,119484400.0
20260929,002322,理工能科,11.91,11.89,12.01,11.83,6321800.0
20260929,002324,普利特,8.65,8.85,8.9,8.6,15704300.0
20260929,002326,永太科技,15.89,16.16,16.36,15.89,12034600.0
20260929,002327,富安娜,6.05,6.1,6.11,6.03,1544100.0
20260929,002328,新朋股份,8.31,8.26,8.48,8.23,40163600.0
20260929,002329,皇氏集团,3.52,3.66,3.68,3.51,26355900.0
20260929,002330,得利斯,4.06,4.11,4.15,4.06,7025000.0
20260929,002331,皖通科技,6.72,7.04,7.13,6.7,13568500.0
20260929,002332,仙琚制药,8.67,8.58,8.69,8.55,8631100.0
20260929,002333,罗普斯金,5.51,5.52,5.58,5.44,16856900.0
20260929,002334,英威腾,6.33,6.42,6.47,6.31,6019200.0
20260929,002335,科华数据,30.4,30.75,31.29,30.12,23331800.0
20260929,002337,赛象科技,4.7,4.77,4.8,4.65,8084400.0
20260929,002338,奥普光电,43.72,43.17,44.05,43.02,3650200.0
20260929,002339,积成电子,6.99,7.06,7.12,6.94,14343500.0
20260929,002340,格林美,5.99,6.04,6.07,5.98,37515200.0
20260929,002342,巨力索具,8.83,8.45,8.9,8.38,186866400.0
20260929,002343,慈文传媒,5.63,5.72,5.78,5.55,12447000.0
20260929,002344,海宁皮城,3.95,4.0,4.04,3.93,7986700.0
20260929,002345,潮宏基,8.23,8.11,8.33,8.06,15578400.0
20260929,002346,柘中股份,17.86,17.9,18.11,17.7,4374000.0
20260929,002347,泰尔股份,6.31,6.6,6.85,6.21,113612900.0
20260929,002348,高乐股份,10.41,10.68,10.73,10.3,7876100.0
20260929,002349,精华制药,8.51,8.37,8.78,8.35,62569500.0
20260929,002350,北京科锐,13.28,13.45,13.61,13.28,4122700.0
20260929,002351,漫步者,9.83,9.87,9.95,9.8,3575700.0
20260929,002352,顺丰控股,30.44,30.51,30.61,30.14,15818200.0
20260929,002353,杰瑞股份,110.0,109.78,110.99,108.57,10281600.0
20260929,002354,天娱数科,7.15,7.24,7.31,7.11,98955100.0
20260929,002355,兴民智通,4.59,4.62,4.67,4.55,7130500.0
20260929,002356,鹏飞绿能,2.61,2.65,2.67,2.59,12277200.0
20260929,002357,富临运业,11.27,11.58,11.63,11.25,5651200.0
20260929,002358,森源电气,5.09,5.13,5.15,5.08,5355000.0
20260929,002361,神剑股份,10.0,9.79,10.35,9.75,67272500.0
20260929,002362,汉王科技,15.6,15.82,16.04,15.41,4845900.0
20260929,002363,隆基机械,6.81,6.98,7.05,6.81,5159100.0
20260929,002364,中恒电气,32.35,32.8,33.13,32.1,10254300.0
20260929,002365,永安药业,13.11,13.0,13.43,12.99,12832200.0
20260929,002366,融发核电,5.46,5.47,5.51,5.45,11038400.0
20260929,002367,康力电梯,5.81,6.17,6.24,5.71,39458600.0
20260929,002368,太极股份,12.51,12.72,12.78,12.49,5128800.0
20260929,002369,卓翼科技,5.51,5.6,5.64,5.47,7579900.0
20260929,002370,亚太药业,5.09,5.1,5.3,5.05,13306900.0
20260929,002371,北方华创,633.94,628.96,640.8,623.04,4212600.0
20260929,002372,伟星新材,8.09,8.27,8.32,8.08,9901500.0
20260929,002373,千方科技,7.26,7.37,7.4,7.24,8586000.0
20260929,002374,中锐股份,3.26,3.3,3.36,3.25,17021500.0
20260929,002375,亚厦股份,3.79,3.86,3.93,3.76,20705700.0
20260929,002376,新北洋,6.65,6.59,6.7,6.56,13654400.0
20260929,002377,国创高新,2.9,2.93,2.94,2.88,31206900.0
20260929,002378,章源钨业,21.32,21.28,21.5,21.2,10219000.0
20260929,002379,宏桥控股,15.79,16.3,16.32,15.63,23930700.0
20260929,002380,科远智慧,26.68,26.85,27.09,26.31,1953100.0
20260929,002381,双箭股份,5.58,5.65,5.67,5.52,3272500.0
20260929,002382,蓝帆医疗,6.03,6.1,6.21,6.03,20016600.0
20260929,002383,合众思壮,7.98,8.08,8.28,7.87,24155000.0
20260929,002384,东山精密,169.01,171.21,172.31,168.28,36132900.0
20260929,002385,大北农,3.06,3.07,3.09,3.05,26321600.0
20260929,002386,天原股份,5.84,5.79,5.88,5.78,9022100.0
20260929,002387,维信诺,6.84,6.63,6.94,6.6,10175200.0
20260929,002388,新亚制程,7.78,8.27,8.39,7.67,61697000.0
20260929,002389,航天彩虹,18.03,17.93,18.14,17.76,10418000.0
20260929,002390,信邦制药,2.91,2.92,2.98,2.9,21672500.0
20260929,002391,长青股份,5.04,5.11,5.13,5.03,5567500.0
20260929,002392,北京利尔,7.48,7.41,7.51,7.39,7150400.0
20260929,002393,力生制药,13.83,13.87,14.0,13.76,1480800.0
20260929,002394,联发股份,10.35,10.59,10.98,10.15,9788500.0
20260929,002395,双象股份,13.84,13.68,14.12,13.58,18720300.0
20260929,002396,星网锐捷,31.53,32.86,33.17,31.52,45048300.0
20260929,002397,梦洁股份,3.55,3.62,3.66,3.54,12890000.0
20260929,002398,垒知集团,4.22,4.27,4.32,4.22,12274800.0
20260929,002399,海普瑞,9.65,9.61,9.77,9.56,2899500.0
20260929,002400,省广集团,6.28,6.48,6.52,6.25,61782900.0
20260929,002401,中远海科,11.92,12.08,12.13,11.91,1809200.0
20260929,002402,和而泰,17.7,17.81,17.98,17.7,11644900.0
20260929,002403,爱仕达,10.37,10.23,10.48,10.18,19857700.0
20260929,002404,嘉欣丝绸,5.78,5.84,5.86,5.77,4732100.0
20260929,002405,四维图新,5.87,5.91,5.95,5.85,17340100.0
20260929,002406,远东传动,6.41,6.42,6.48,6.38,5819000.0
20260929,002407,多氟多,29.7,29.78,30.09,29.62,32469200.0
20260929,002408,齐翔腾达,5.2,5.09,5.24,5.08,18869000.0
20260929,002409,雅克科技,124.4,124.55,125.62,123.04,8905000.0
20260929,002410,广联达,8.3,8.46,8.52,8.28,14709500.0
20260929,002412,汉森制药,8.88,8.82,9.39,8.73,44415600.0
20260929,002413,雷科防务,8.94,8.78,9.09,8.7,198977900.0
20260929,002414,高德红外,11.33,11.27,11.42,11.26,25423900.0
20260929,002415,海康威视,32.17,32.11,32.4,31.98,26373000.0
20260929,002416,爱施德,8.76,8.9,8.98,8.75,8127900.0
20260929,002418,康盛股份,4.28,4.36,4.4,4.21,59250000.0
20260929,002419,天虹股份,4.54,4.63,4.65,4.54,9361100.0
20260929,002420,毅昌科技,6.02,6.1,6.15,5.96,5804800.0
20260929,002421,达实智能,3.09,3.21,3.26,3.09,146423300.0
20260929,002422,科伦药业,38.77,39.22,40.47,38.42,16675800.0
20260929,002423,中粮资本,9.04,9.11,9.17,9.01,8512900.0
20260929,002425,凯撒文化,3.02,3.12,3.15,2.99,29098300.0
20260929,002426,胜利精密,2.63,2.65,2.69,2.6,120074800.0
20260929,002427,尤夫股份,4.48,4.53,4.57,4.45,7944300.0
20260929,002428,云南锗业,86.81,87.16,87.99,85.4,25214500.0
20260929,002429,兆驰股份,8.0,8.14,8.27,7.98,49540000.0
20260929,002430,杭氧股份,24.0,24.22,24.35,23.83,7665100.0
20260929,002432,九安医疗,58.79,60.34,60.8,58.48,9246600.0
20260929,002434,万里扬,6.22,6.16,6.23,6.12,10452400.0
20260929,002436,兴森科技,41.1,42.2,42.94,40.2,85622800.0
20260929,002437,誉衡药业,3.44,3.47,3.58,3.38,190192900.0
20260929,002438,江苏神通,13.95,13.65,14.02,13.55,5302100.0
20260929,002439,启明星辰,14.29,14.94,15.1,14.29,54268800.0
20260929,002440,闰土股份,13.13,12.99,13.17,12.86,33055600.0
20260929,002441,众业达,8.14,8.25,8.26,8.09,4088000.0
20260929,002442,龙星科技,5.23,5.32,5.42,5.23,19356100.0
20260929,002443,金洲管道,12.3,12.85,13.13,12.21,33384500.0
20260929,002444,巨星科技,27.05,26.58,27.11,26.21,10273700.0
20260929,002445,中南文化,3.08,3.1,3.11,3.07,24913000.0
20260929,002446,盛路通信,7.81,7.74,7.85,7.7,15665200.0
20260929,002448,中原内配,10.73,10.77,10.86,10.6,7074000.0
20260929,002449,国星光电,6.44,6.53,6.57,6.44,5894600.0
20260929,002451,摩恩电气,7.45,7.52,7.6,7.37,7195400.0
20260929,002452,长高电气,11.13,11.35,11.44,11.13,7227100.0
20260929,002453,华软科技,4.64,4.72,4.96,4.58,60449300.0
20260929,002454,松芝股份,5.11,5.1,5.18,5.06,6441300.0
20260929,002455,百川股份,6.75,6.8,6.89,6.58,18511900.0
20260929,002456,欧菲光,6.5,6.48,6.54,6.46,36669400.0
20260929,002457,青龙管业,10.84,11.11,11.23,10.84,12389600.0
20260929,002458,益生股份,8.09,8.05,8.13,8.01,18211100.0
20260929,002459,晶澳科技,6.56,6.6,6.65,6.54,20567400.0
20260929,002460,赣锋锂业,42.49,43.38,43.75,42.06,35162000.0
20260929,002461,珠江啤酒,8.27,8.31,8.37,8.21,4087800.0
20260929,002462,嘉事堂,12.3,12.18,12.31,12.15,1822500.0
20260929,002463,沪电股份,117.3,119.07,120.18,115.69,25770500.0
20260929,002465,海格通信,9.98,10.0,10.08,9.91,38059600.0
20260929,002466,天齐锂业,39.69,40.55,40.8,39.6,27917200.0
20260929,002467,二六三,4.88,5.06,5.1,4.82,94953100.0
20260929,002468,申通快递,14.52,14.69,14.8,14.49,9658700.0
20260929,002469,三维化学,6.04,6.02,6.07,5.98,3394200.0
20260929,002470,金正大,1.97,1.97,1.99,1.95,84874000.0
20260929,002471,中超控股,5.21,5.21,5.32,5.2,40497200.0
20260929,002472,双环传动,38.61,38.7,39.05,37.89,17704600.0
20260929,002474,榕基软件,6.35,6.73,6.88,6.3,46912100.0
20260929,002475,立讯精密,49.92,50.4,50.88,49.8,54037600.0
20260929,002476,新叶股份,4.9,4.88,4.92,4.85,4774000.0
20260929,002478,常宝股份,6.36,6.3,6.43,6.29,12282500.0
20260929,002479,富春环保,5.71,5.71,5.81,5.68,9307400.0
20260929,002480,新筑股份,5.65,5.53,5.75,5.53,37568800.0
20260929,002481,双塔食品,4.25,4.22,4.27,4.18,9708200.0
20260929,002482,广田集团,1.33,1.37,1.39,1.33,83500600.0
20260929,002483,润邦股份,5.89,5.87,5.94,5.83,8386200.0
20260929,002484,江海股份,51.0,52.84,53.3,50.5,33255500.0
20260929,002486,嘉麟杰,2.67,2.69,2.73,2.65,22887100.0
20260929,002487,大金重工,40.6,42.93,45.45,39.61,95312100.0
20260929,002488,金固股份,7.2,7.19,7.26,7.11,9139200.0
20260929,002489,浙江永强,2.89,2.9,2.94,2.89,20239900.0
20260929,002490,山东墨龙,6.89,6.94,7.0,6.88,10717000.0
20260929,002491,通鼎互联,20.01,20.62,20.9,20.01,123280500.0
20260929,002492,恒基达鑫,6.36,6.52,6.67,6.29,11606900.0
20260929,002493,荣盛石化,13.69,13.25,13.76,13.06,55496900.0
20260929,002494,华斯股份,4.81,5.32,5.32,4.79,29339300.0
20260929,002495,佳隆股份,2.42,2.43,2.45,2.39,17931500.0
20260929,002496,辉丰股份,2.09,2.1,2.12,2.07,13149100.0
20260929,002497,雅化集团,15.46,15.72,15.8,15.41,19602400.0
20260929,002498,汉缆股份,6.05,6.06,6.12,6.04,24271200.0
20260929,002500,山西证券,5.07,5.15,5.18,5.06,16540600.0
20260929,002506,协鑫集成,2.3,2.35,2.37,2.29,147710600.0
20260929,002507,涪陵榨菜,11.07,11.08,11.12,11.03,3513600.0
20260929,002508,老板电器,16.4,16.6,16.65,16.4,4481500.0
20260929,002510,天汽模,5.57,5.68,5.78,5.54,15705400.0
20260929,002511,中顺洁柔,6.84,6.91,6.92,6.84,5329500.0
20260929,002513,蓝丰生化,5.24,5.47,5.54,5.24,8186600.0
20260929,002515,金字火腿,7.07,7.25,7.33,7.0,46489300.0
20260929,002516,旷达科技,5.57,5.54,5.62,5.52,10941100.0
20260929,002517,恺英网络,15.66,15.87,15.93,15.6,19821600.0
20260929,002518,科士达,33.84,34.33,34.58,33.56,8720200.0
20260929,002519,银河电子,5.64,5.66,5.84,5.58,35262700.0
20260929,002520,日发精机,6.36,6.35,6.45,6.27,24565400.0
20260929,002521,齐峰新材,6.09,6.2,6.22,6.09,3045900.0
20260929,002522,浙江众成,5.21,5.34,5.38,5.2,29869800.0
20260929,002523,天桥起重,3.4,3.44,3.47,3.38,21368700.0
20260929,002524,光正眼科,4.14,4.2,4.38,4.07,31850500.0
20260929,002526,山东矿机,2.56,2.59,2.62,2.55,14246200.0
20260929,002527,新时达,10.57,10.63,10.67,10.44,3779800.0
20260929,002529,海源复材,6.62,6.83,6.87,6.55,5548900.0
20260929,002530,金财互联,6.96,7.07,7.13,6.92,7351300.0
20260929,002531,天顺风能,7.59,7.64,8.35,7.4,179413900.0
20260929,002532,天山铝业,11.69,12.21,12.33,11.59,60654800.0
20260929,002533,金杯电工,10.74,10.91,10.91,10.7,4617300.0
20260929,002534,西子洁能,16.98,17.03,17.22,16.55,7897600.0
20260929,002535,林州重机,2.42,2.5,2.52,2.39,17875700.0
20260929,002536,飞龙股份,46.06,46.52,47.0,45.79,18371700.0
20260929,002537,海联金汇,5.55,5.65,5.68,5.53,12987000.0
20260929,002539,云图控股,11.75,11.58,11.86,11.52,9738800.0
20260929,002540,亚太科技,4.89,4.97,5.0,4.89,5600400.0
20260929,002541,鸿路钢构,18.12,18.44,18.95,18.06,11608000.0
20260929,002543,万和电气,7.31,7.4,7.46,7.28,11908700.0
20260929,002544,普天科技,15.48,15.41,15.49,15.21,6593700.0
20260929,002545,东方铁塔,13.71,13.79,13.96,13.58,19177000.0
20260929,002546,新联电子,7.25,7.28,7.33,7.23,4987100.0
20260929,002548,金新农,3.92,3.92,3.97,3.79,21286000.0
20260929,002549,凯美特气,12.49,12.4,12.63,12.38,8836000.0
20260929,002550,千红制药,6.31,6.33,6.41,6.3,7193700.0
20260929,002551,尚荣医疗,3.36,3.37,3.4,3.28,11576200.0
20260929,002552,宝鼎科技,45.9,46.59,47.48,45.58,11792300.0
20260929,002553,南方精工,16.83,16.94,17.08,16.56,23667000.0
20260929,002554,惠博普,2.71,2.72,2.76,2.7,11217200.0
20260929,002555,三七互娱,17.0,17.06,17.14,17.0,9873700.0
20260929,002556,辉隆股份,5.03,5.03,5.09,5.02,7297100.0
20260929,002557,洽洽食品,18.44,18.12,18.51,18.06,5747100.0
20260929,002558,巨人网络,22.06,22.12,22.44,22.02,41541600.0
20260929,002559,亚威股份,8.7,8.72,8.76,8.63,9471200.0
20260929,002560,通达股份,6.45,6.51,6.56,6.42,27358000.0
20260929,002561,徐家汇,7.26,7.25,7.33,7.23,3897700.0
20260929,002562,兄弟科技,4.78,4.84,4.86,4.77,11330500.0
20260929,002563,森马服饰,5.38,5.39,5.45,5.34,11203800.0
20260929,002564,天沃科技,5.09,5.15,5.19,5.0,30109000.0
20260929,002565,顺灏股份,8.4,8.29,8.65,8.28,76546800.0
20260929,002566,益盛药业,7.01,7.08,7.14,6.92,5063700.0
20260929,002567,唐人神,3.61,3.66,3.68,3.59,19139600.0
20260929,002568,百润股份,19.21,18.91,19.4,18.85,14906600.0
20260929,002570,贝因美,4.44,4.4,4.57,4.39,30468100.0
20260929,002571,德力股份,10.6,10.66,10.95,10.6,2737300.0
20260929,002572,索菲亚,7.38,7.63,7.69,7.38,10700500.0
20260929,002573,清新环境,3.09,3.1,3.12,3.07,7549700.0
20260929,002574,明牌珠宝,4.94,5.05,5.09,4.86,11558400.0
20260929,002575,群兴玩具,5.05,5.05,5.11,4.96,14865000.0
20260929,002576,通达动力,14.45,14.66,14.73,14.4,2288400.0
20260929,002577,雷柏科技,21.39,20.91,21.7,20.9,5422500.0
20260929,002578,闽发铝业,4.18,4.16,4.18,4.06,17910600.0
20260929,002579,中京电子,16.69,17.9,18.3,16.68,102635300.0
20260929,002580,圣阳股份,18.48,18.7,19.21,18.46,44817600.0
20260929,002582,好想你,9.3,9.28,9.36,9.26,4978300.0
20260929,002583,海能达,8.05,7.88,8.16,7.8,70117000.0
20260929,002584,西陇科学,8.51,8.68,8.85,8.43,66255700.0
20260929,002585,双星新材,10.37,10.67,10.75,10.17,78125000.0
20260929,002586,围海股份,3.64,3.63,3.74,3.6,5955100.0
20260929,002587,奥拓电子,5.16,5.29,5.32,5.14,11274100.0
20260929,002588,史丹利,7.32,7.36,7.38,7.31,6438300.0
20260929,002589,瑞康医药,3.21,3.24,3.32,3.16,90079200.0
20260929,002590,万安科技,9.51,9.57,9.67,9.43,4453400.0
20260929,002591,恒大高新,6.32,6.56,6.61,6.26,12519200.0
20260929,002593,日上集团,4.57,4.6,4.65,4.56,9279800.0
20260929,002594,比亚迪,83.2,82.02,83.42,81.7,21605600.0
20260929,002595,豪迈科技,38.24,38.37,39.38,38.0,4911200.0
20260929,002596,海南瑞泽,3.22,3.29,3.33,3.21,25614000.0
20260929,002597,金禾实业,20.87,21.24,21.3,20.7,4003500.0
20260929,002599,盛通股份,5.46,5.57,5.6,5.46,6360300.0
20260929,002600,领益智造,11.9,11.98,12.06,11.86,48600700.0
20260929,002601,龙佰集团,14.74,14.62,14.83,14.53,10051600.0
20260929,002602,世纪华通,13.77,13.88,14.03,13.76,51347600.0
20260929,002603,以岭药业,15.14,15.02,15.26,15.0,10558400.0
20260929,002605,姚记科技,16.3,16.43,16.49,16.25,2177800.0
20260929,002606,大连电瓷,11.84,11.84,11.94,11.76,6658200.0
20260929,002607,中公教育,1.84,1.84,1.87,1.83,102805300.0
20260929,002608,江苏国信,7.25,7.22,7.31,7.19,7820200.0
20260929,002609,捷顺科技,7.86,7.96,8.01,7.85,5979600.0
20260929,002611,东方精工,14.56,14.43,14.61,14.32,18343700.0
20260929,002612,朗姿股份,16.68,17.13,17.44,16.68,9681300.0
20260929,002613,北玻股份,3.3,3.35,3.38,3.29,28600800.0
20260929,002614,奥佳华,8.29,8.13,8.45,7.77,138396900.0
20260929,002615,哈尔斯,6.33,6.31,6.39,6.3,4644000.0
20260929,002616,长青集团,4.76,4.8,4.87,4.75,4913200.0
20260929,002617,露笑科技,6.65,6.78,6.8,6.64,72190900.0
20260929,002622,皓宸医疗,2.58,2.54,2.62,2.5,65171800.0
20260929,002623,亚玛顿,18.56,18.4,19.07,18.35,9110300.0
20260929,002624,完美世界,9.35,9.57,9.63,9.32,38166200.0
20260929,002625,光启技术,22.09,22.9,23.1,21.71,42873400.0
20260929,002626,金达威,15.96,15.96,16.09,15.89,2364300.0
20260929,002627,三峡旅游,6.48,6.53,6.57,6.48,5582500.0
20260929,002628,成都路桥,4.86,4.86,4.93,4.82,11936500.0
20260929,002629,仁智股份,4.31,4.41,4.44,4.27,10641600.0
20260929,002631,德尔未来,13.3,13.44,13.69,12.88,45470600.0
20260929,002632,道明光学,9.1,9.02,9.29,9.01,13270100.0
20260929,002633,申科股份,15.29,15.18,15.76,15.11,5103000.0
20260929,002635,安洁科技,14.69,14.76,15.35,14.35,37332600.0
20260929,002636,金安国纪,77.81,83.03,83.88,76.01,45269300.0
20260929,002637,赞宇科技,10.15,10.08,10.35,10.05,12058000.0
20260929,002638,勤上股份,4.85,4.95,5.03,4.79,51904100.0
20260929,002639,雪人集团,13.98,13.85,14.54,13.77,78400900.0
20260929,002640,跨境通,4.05,3.94,4.22,3.89,472255200.0
20260929,002641,公元股份,3.78,3.8,3.8,3.75,5077300.0
20260929,002642,荣联科技,6.81,6.99,7.04,6.78,11879000.0
20260929,002643,万润股份,12.47,12.67,12.85,12.43,10576900.0
20260929,002644,佛慈制药,8.21,8.18,8.35,8.17,3494500.0
20260929,002645,华宏科技,17.09,17.19,17.47,16.98,14575300.0
20260929,002646,天佑德酒,7.08,7.06,7.14,6.98,9890600.0
20260929,002647,仁东控股,11.45,11.34,11.52,11.26,12048800.0
20260929,002648,卫星化学,26.75,25.9,26.75,25.48,44258000.0
20260929,002649,博彦科技,9.08,9.19,9.25,9.02,5700000.0
20260929,002651,利君股份,7.88,7.87,7.98,7.85,6794000.0
20260929,002652,扬子新材,4.46,4.51,4.57,4.41,13342400.0
20260929,002653,海思科,60.59,61.93,62.88,60.22,3552900.0
20260929,002654,万润科技,12.5,12.65,12.75,12.33,26006700.0
20260929,002655,共达电声,34.53,34.37,34.9,34.0,12693400.0
20260929,002656,摩登大道,2.76,2.82,2.84,2.74,13170200.0
20260929,002657,中科金财,14.4,14.85,15.04,14.38,6045900.0
20260929,002658,雪迪龙,7.23,7.25,7.36,7.2,4934600.0
20260929,002659,凯文教育,4.64,4.71,4.78,4.63,13405300.0
20260929,002660,茂硕电源,7.84,8.06,8.13,7.76,7384400.0
20260929,002661,克明食品,7.55,7.51,7.56,7.48,4185800.0
20260929,002662,峰璟股份,3.1,3.12,3.15,3.09,9505400.0
20260929,002663,普邦股份,1.7,1.76,1.77,1.69,35376800.0
20260929,002664,信质集团,14.53,14.32,14.58,14.25,3203300.0
20260929,002666,德联集团,4.16,4.22,4.25,4.14,8511200.0
20260929,002668,TCL智家,8.72,8.67,8.76,8.66,7422400.0
20260929,002669,康达新材,13.55,14.03,14.63,13.55,40338800.0
20260929,002670,国盛证券,10.97,11.23,11.3,10.97,13998900.0
20260929,002671,龙泉股份,4.02,4.06,4.1,4.0,7212600.0
20260929,002672,东江环保,3.66,3.68,3.83,3.63,28502400.0
20260929,002673,西部证券,6.53,6.59,6.62,6.51,15834200.0
20260929,002674,兴业科技,19.31,19.32,19.8,19.19,6641600.0
20260929,002675,东诚药业,12.61,12.75,12.81,12.49,5615600.0
20260929,002676,顺威股份,5.22,5.19,5.31,5.17,8594800.0
20260929,002677,浙江美大,6.19,6.09,6.22,6.07,7011300.0
20260929,002678,珠江钢琴,4.35,4.41,4.45,4.34,6611600.0
20260929,002679,福建金森,11.25,11.29,11.54,11.1,27111800.0
20260929,002681,奋达科技,4.4,4.49,4.52,4.38,22063400.0
20260929,002682,龙洲股份,4.89,4.92,5.0,4.87,15779900.0
20260929,002683,广东宏大,27.6,27.0,27.6,26.7,3484600.0
20260929,002685,华东重机,5.29,5.26,5.32,5.21,16915700.0
20260929,002686,亿利达,6.18,6.2,6.29,6.18,6785400.0
20260929,002687,乔治白,5.58,5.64,5.75,5.58,11671500.0
20260929,002688,金河生物,5.15,5.14,5.19,5.12,4827900.0
20260929,002690,美亚光电,15.43,15.32,15.55,15.2,3940700.0
20260929,002692,远程股份,4.24,4.29,4.33,4.2,9018100.0
20260929,002693,双成药业,9.03,8.96,9.15,8.94,12094000.0
20260929,002695,煌上煌,10.6,10.57,10.62,10.45,8625600.0
20260929,002696,百洋股份,6.45,6.59,6.65,6.43,13162600.0
20260929,002697,红旗连锁,4.6,4.67,4.68,4.59,12067800.0
20260929,002698,博实股份,11.08,11.02,11.19,11.0,5529200.0
20260929,002700,万憬能源,6.31,6.38,6.42,6.28,3148900.0
20260929,002701,奥瑞金,4.25,4.22,4.27,4.19,17634100.0
20260929,002702,海欣食品,5.37,5.32,5.5,5.31,23597800.0
20260929,002703,浙江世宝,14.95,15.17,15.56,14.71,26573700.0
20260929,002705,新宝股份,11.93,11.56,11.93,11.46,14154300.0
20260929,002706,良信股份,8.38,8.43,8.49,8.38,9149000.0
20260929,002707,众信旅游,5.03,5.02,5.09,5.01,11987200.0
20260929,002708,光洋股份,16.97,17.04,17.66,16.61,37206800.0
20260929,002709,天赐材料,30.78,31.08,31.5,30.7,36069100.0
20260929,002712,思美传媒,4.97,5.13,5.18,4.82,19072600.0
20260929,002713,东易日盛,10.04,9.89,10.15,9.8,13467400.0
20260929,002714,牧原股份,41.68,42.29,42.41,41.48,31296800.0
20260929,002715,登云股份,13.02,13.3,13.43,12.89,2846900.0
20260929,002716,湖南白银,8.52,8.73,8.8,8.35,92950400.0
20260929,002718,友邦吊顶,79.95,81.18,81.18,77.58,1090800.0
20260929,002721,金一文化,2.56,2.58,2.6,2.55,31045200.0
20260929,002722,物产金轮,13.2,13.19,13.3,13.09,3049500.0
20260929,002723,小崧股份,7.32,7.42,7.56,7.29,8390900.0
20260929,002724,海洋王,6.9,7.15,7.58,6.85,43624800.0
20260929,002725,跃岭股份,10.65,11.02,11.14,10.56,3716000.0
20260929,002727,一心堂,10.66,10.64,10.73,10.59,2864400.0
20260929,002728,特一药业,9.62,9.72,9.97,9.6,15743300.0
20260929,002729,好利科技,13.45,13.79,13.9,13.45,3651100.0
20260929,002730,电光科技,20.93,20.72,20.93,20.45,5645400.0
20260929,002732,燕塘乳业,14.08,14.2,14.29,14.07,1223000.0
20260929,002733,雄韬股份,17.0,17.35,17.57,16.99,10987700.0
20260929,002734,利民股份,18.93,18.64,19.2,18.3,23096800.0
20260929,002735,王子新材,10.73,10.65,10.87,10.64,13193800.0
20260929,002736,国信证券,9.72,9.72,9.76,9.69,10276100.0
20260929,002737,葵花药业,11.29,11.18,11.38,11.16,3587300.0
20260929,002738,中矿资源,40.67,43.31,44.16,40.67,30525000.0
20260929,002739,儒意电影,8.25,8.29,8.35,8.2,34420100.0
20260929,002741,光华科技,25.5,26.5,26.9,25.25,36145700.0
20260929,002742,冀衡医药,4.11,4.1,4.19,4.07,13298600.0
20260929,002745,木林森,11.25,11.87,12.04,11.11,55761000.0
20260929,002746,仙坛股份,6.25,6.21,6.28,6.1,12775200.0
20260929,002747,埃斯顿,28.41,28.16,28.69,27.93,18402000.0
20260929,002748,世龙实业,11.95,12.0,12.04,11.82,3127200.0
20260929,002749,国光股份,8.4,8.37,8.44,8.35,1271800.0
20260929,002752,昇兴股份,6.02,6.03,6.07,6.0,4986000.0
20260929,002753,永东股份,6.71,6.68,6.77,6.66,4576000.0
20260929,002755,奥赛康,12.5,12.32,12.67,12.24,7727700.0
20260929,002756,永兴材料,37.76,38.65,39.05,37.76,8470200.0
20260929,002757,南兴股份,18.6,18.87,19.12,18.29,21449300.0
20260929,002758,浙农股份,8.47,8.41,8.52,8.37,4307900.0
20260929,002760,凤形股份,17.37,17.8,17.95,17.28,2367000.0
20260929,002761,浙江建投,7.26,7.39,7.55,7.25,13019600.0
20260929,002762,金发拉比,9.75,9.27,9.85,9.27,11357900.0
20260929,002763,汇洁股份,7.33,7.37,7.4,7.29,2871800.0
20260929,002765,蓝黛科技,6.75,6.82,6.9,6.75,4321300.0
20260929,002766,索菱股份,3.97,4.03,4.07,3.96,15663800.0
20260929,002767,先锋电子,18.27,18.39,18.52,18.0,1799900.0
20260929,002768,国恩股份,69.07,71.02,72.1,68.68,9388300.0
20260929,002769,普路通,6.62,6.82,6.86,6.58,8474100.0
20260929,002771,真视通,13.29,14.02,14.18,13.22,8798500.0
20260929,002772,众兴菌业,10.26,10.39,10.48,10.19,9402400.0
20260929,002773,康弘药业,21.4,22.35,23.08,21.2,26085900.0
20260929,002774,快意电梯,16.52,16.76,17.0,16.36,6122700.0
20260929,002775,文科股份,3.3,3.42,3.45,3.28,12098300.0
20260929,002777,久远银海,12.37,12.7,12.76,12.37,4706800.0
20260929,002778,中晟高科,15.71,15.88,16.09,15.6,1837100.0
20260929,002779,中坚科技,76.15,76.35,77.8,75.79,2005400.0
20260929,002780,三夫户外,14.92,14.64,15.0,14.6,4783700.0
20260929,002782,可立克,14.42,14.35,14.48,14.11,6471300.0
20260929,002783,凯龙股份,7.99,8.05,8.11,7.97,5532300.0
20260929,002785,万里石,35.5,34.93,36.0,34.1,8891300.0
20260929,002786,银宝山新,7.56,7.59,7.69,7.52,4416700.0
20260929,002787,华源控股,25.1,25.4,26.04,24.85,10886700.0
20260929,002788,鹭燕医药,10.61,10.57,10.8,10.51,10114500.0
20260929,002790,瑞尔特,6.39,6.49,6.56,6.33,16227700.0
20260929,002791,坚朗五金,15.12,15.67,15.76,15.09,6267300.0
20260929,002792,通宇通讯,30.59,30.27,31.45,30.03,15948200.0
20260929,002793,罗欣药业,4.69,4.8,4.87,4.64,31815700.0
20260929,002795,永和智控,7.52,7.4,7.6,7.3,12375900.0
20260929,002796,世嘉科技,25.91,26.61,27.1,25.71,9650400.0
20260929,002797,第一创业,6.1,6.11,6.14,6.09,18906800.0
20260929,002798,帝欧水华,6.61,6.59,6.69,6.54,9640900.0
20260929,002799,环球印务,6.86,7.55,7.55,6.8,16805100.0
20260929,002800,天顺股份,14.49,14.89,14.97,14.31,2079500.0
20260929,002801,微光股份,26.78,26.69,26.85,26.23,673700.0
20260929,002802,洪汇新材,12.35,12.42,12.54,12.21,2128100.0
20260929,002803,吉宏股份,19.86,21.19,21.22,19.75,20973800.0
20260929,002805,丰元股份,15.39,15.7,16.02,15.35,11607200.0
20260929,002806,华锋股份,14.75,14.95,15.15,14.75,7034700.0
20260929,002807,江阴银行,4.15,4.16,4.18,4.12,35468200.0
20260929,002809,红墙股份,8.39,8.55,8.63,8.3,4432200.0
20260929,002810,山东赫达,20.36,20.07,20.54,20.02,2860800.0
20260929,002811,郑中设计,15.87,16.42,16.68,15.87,10514000.0
20260929,002812,恩捷股份,45.31,45.59,46.08,45.09,11869500.0
20260929,002813,路畅科技,23.98,26.38,26.38,23.82,9031900.0
20260929,002815,崇达技术,21.84,24.44,24.44,21.84,81596600.0
20260929,002817,黄山胶囊,6.75,6.84,6.89,6.66,4119600.0
20260929,002818,富森美,10.71,11.13,11.25,10.59,8848800.0
20260929,002819,东方中科,23.81,24.68,25.83,23.8,21764200.0
20260929,002820,桂发祥,9.68,9.82,9.9,9.58,5131400.0
20260929,002821,凯莱英,180.16,179.12,188.96,178.0,7552300.0
20260929,002823,凯中精密,12.62,12.75,12.85,12.55,2384200.0
20260929,002824,和胜股份,25.3,25.23,25.67,24.88,9378400.0
20260929,002825,纳尔股份,9.24,9.25,9.37,9.18,2938200.0
20260929,002826,易明医药,17.5,17.66,17.85,17.26,3486000.0
20260929,002827,高争民爆,66.89,62.04,67.5,62.04,23272000.0
20260929,002828,贝肯能源,10.73,10.83,10.89,10.58,5008500.0
20260929,002829,星网宇达,19.3,19.41,19.61,19.3,2701400.0
20260929,002830,名雕股份,14.64,15.02,15.05,14.64,2025900.0
20260929,002831,裕同科技,27.96,27.82,28.07,27.17,4263800.0
20260929,002832,比音勒芬,24.8,25.28,25.48,24.66,5464400.0
20260929,002833,弘亚数控,18.35,18.78,18.93,18.27,4979800.0
20260929,002835,同为股份,13.0,13.28,13.31,12.92,2266400.0
20260929,002836,新宏泽,11.85,12.23,12.33,11.44,17060600.0
20260929,002837,英维克,54.3,55.58,56.2,53.7,23349100.0
20260929,002838,道恩股份,24.47,24.13,24.75,24.01,3489800.0
20260929,002839,张家港行,4.21,4.25,4.26,4.2,18099800.0
20260929,002840,华统股份,7.92,7.98,8.04,7.9,12013300.0
20260929,002841,视源股份,44.06,44.48,45.0,43.42,6153400.0
20260929,002842,翔鹭钨业,31.2,31.09,31.41,30.83,11228300.0
20260929,002843,泰嘉股份,14.84,14.89,15.09,14.64,5291800.0
20260929,002845,同兴达,13.64,13.86,13.95,13.57,4573300.0
20260929,002846,英联股份,10.98,11.88,11.88,10.98,22850100.0
20260929,002847,盐津铺子,43.2,42.85,43.57,42.76,1469200.0
20260929,002848,高斯贝尔,14.72,14.88,15.27,14.6,8298200.0
20260929,002849,威星智能,20.17,23.22,23.77,20.17,33533500.0
20260929,002850,科达利,162.18,158.17,163.85,155.33,6979600.0
20260929,002851,麦格米特,114.54,118.5,120.0,114.32,26883200.0
20260929,002852,道道全,8.8,8.6,8.8,8.46,22240300.0
20260929,002853,皮阿诺,20.45,20.88,21.25,20.42,1108100.0
20260929,002855,捷荣技术,12.69,12.58,12.8,12.51,8002400.0
20260929,002857,三晖电气,17.93,17.8,18.0,17.52,1551400.0
20260929,002858,力盛体育,11.54,11.66,11.8,11.4,3735900.0
20260929,002859,洁美科技,59.8,59.78,60.18,58.63,6935100.0
20260929,002861,瀛通通讯,13.99,14.25,14.42,13.89,3366200.0
20260929,002862,实丰文化,14.95,15.16,15.34,14.53,5709200.0
20260929,002863,今飞凯达,4.72,4.8,4.84,4.72,7635700.0
20260929,002864,盘龙药业,21.07,20.9,21.25,20.73,1404900.0
20260929,002865,钧达股份,36.3,36.01,36.57,35.68,5333200.0
20260929,002866,传艺科技,14.26,15.36,15.36,14.26,12492700.0
20260929,002867,周大生,10.03,10.05,10.12,10.01,5480100.0
20260929,002868,绿康生化,22.09,22.0,22.45,22.0,1343600.0
20260929,002869,金溢科技,16.71,17.03,17.2,16.57,3850800.0
20260929,002870,香山股份,46.23,46.62,47.18,45.65,2145300.0
20260929,002871,伟隆股份,17.6,17.44,17.68,17.38,1921100.0
20260929,002873,新天药业,8.44,8.55,8.61,8.3,5191400.0
20260929,002875,安奈儿,12.84,12.87,13.09,12.59,3164100.0
20260929,002876,三利谱,32.0,31.33,32.0,31.07,2347700.0
20260929,002877,智能自控,7.38,7.53,7.56,7.37,4050000.0
20260929,002878,元隆雅图,12.38,12.86,12.98,12.31,5707300.0
20260929,002879,长缆科技,17.24,17.16,17.66,16.85,11831600.0
20260929,002880,卫光生物,21.91,21.73,22.28,21.6,2053900.0
20260929,002881,美格智能,42.45,41.95,42.83,41.65,5025700.0
20260929,002882,金龙羽,22.55,24.51,24.51,22.55,18463100.0
20260929,002884,凌霄泵业,15.24,15.26,15.3,15.2,856300.0
20260929,002885,京泉华,26.09,26.53,26.99,26.0,10225100.0
20260929,002886,沃特股份,24.19,24.74,25.08,24.0,15855700.0
20260929,002887,绿茵生态,9.46,8.84,9.47,8.82,10796900.0
20260929,002888,惠威科技,18.44,18.72,18.84,18.2,2124600.0
20260929,002889,东方嘉盛,11.72,12.08,12.17,11.72,1867100.0
20260929,002890,弘宇股份,15.28,15.17,15.34,15.01,1137000.0
20260929,002891,中宠股份,27.69,27.32,27.85,27.17,3518200.0
20260929,002892,科力尔,8.51,8.54,8.64,8.51,3017400.0
20260929,002893,京能热力,10.15,10.29,10.39,10.1,9338200.0
20260929,002895,川恒股份,30.02,29.98,30.16,29.6,2403400.0
20260929,002896,中大力德,61.9,60.86,62.78,60.16,8284300.0
20260929,002897,意华股份,58.45,58.46,59.5,57.86,6804400.0
20260929,002899,英派斯,20.62,20.48,20.77,20.25,2757600.0
20260929,002900,哈三联,12.81,12.98,13.4,12.45,28068700.0
20260929,002901,大博医疗,40.98,40.56,42.12,40.4,1488300.0
20260929,002902,铭普光磁,25.42,26.15,26.4,25.01,16491400.0
20260929,002903,宇环数控,29.19,28.62,29.29,28.42,4324800.0
20260929,002905,金逸影视,8.61,8.85,8.9,8.61,4266800.0
20260929,002906,华阳集团,26.73,26.71,26.99,26.48,3318200.0
20260929,002907,华森制药,14.39,14.42,14.86,14.2,8847800.0
20260929,002908,德生科技,6.96,7.13,7.21,6.93,4631700.0
20260929,002909,集泰股份,6.71,7.05,7.34,6.71,123181900.0
20260929,002910,庄园牧场,9.8,10.1,10.16,9.78,5966200.0
20260929,002911,佛燃能源,11.27,11.13,11.36,11.01,5055500.0
20260929,002912,中新赛克,27.55,29.12,29.12,25.97,27747600.0
20260929,002913,奥士康,82.8,91.08,91.08,82.72,8995500.0
20260929,002915,中欣氟材,16.2,16.27,16.45,16.1,3626300.0
20260929,002916,深南电路,371.07,375.6,378.57,365.01,5965900.0
20260929,002917,金奥博,10.14,10.06,10.21,9.9,2356700.0
20260929,002918,蒙娜丽莎,10.4,10.52,10.62,10.31,11973800.0
20260929,002919,名臣健康,15.68,16.1,16.21,15.44,3466500.0
20260929,002920,德赛西威,80.01,79.25,80.58,78.3,5449800.0
20260929,002921,联诚精密,19.8,19.83,20.12,19.59,2857100.0
20260929,002922,伊戈尔,21.56,21.48,21.75,21.18,8241000.0
20260929,002923,润都股份,10.63,10.7,10.94,10.63,3804400.0
20260929,002925,盈趣科技,22.2,22.5,22.72,22.0,8117300.0
20260929,002926,华西证券,8.05,8.15,8.18,8.03,9906700.0
20260929,002927,泰永长征,19.11,19.29,19.88,19.11,8139300.0
20260929,002928,华夏航空,6.07,6.12,6.13,6.06,14838500.0
20260929,002929,润建股份,47.35,47.39,48.15,47.03,4157700.0
20260929,002930,宏川智慧,9.09,9.03,9.12,8.97,4102000.0
20260929,002931,锋龙股份,38.61,38.99,39.41,38.36,3334100.0
20260929,002933,新兴装备,27.34,27.94,27.94,27.01,1459800.0
20260929,002935,天奥电子,17.8,18.11,18.18,17.59,15953900.0
20260929,002936,郑州银行,1.7,1.71,1.72,1.69,58495100.0
20260929,002937,兴瑞科技,27.09,26.18,27.82,26.0,15175500.0
20260929,002938,鹏鼎控股,79.9,79.95,80.58,78.89,14622100.0
20260929,002939,长城证券,7.68,7.69,7.72,7.65,8129000.0
20260929,002940,昂利康,22.47,22.23,22.83,22.23,3560000.0
20260929,002941,新疆交建,10.3,10.46,10.57,10.28,6290100.0
20260929,002942,新农股份,16.36,16.53,16.65,16.36,2500900.0
20260929,002943,宇晶股份,28.8,28.76,29.32,28.62,5317000.0
20260929,002945,华林证券,14.1,14.13,14.2,14.0,7271300.0
20260929,002946,新乳业,14.5,14.25,14.54,14.22,4006500.0
20260929,002947,恒铭达,57.76,57.95,58.73,56.82,4537500.0
20260929,002948,青岛银行,6.03,6.05,6.08,5.98,31418800.0
20260929,002949,华阳国际,12.97,13.74,13.83,12.97,8393700.0
20260929,002950,奥美医疗,8.52,8.42,8.61,8.4,5303900.0
20260929,002951,金时科技,15.85,15.78,16.04,15.62,5626300.0
20260929,002952,亚世光电,18.99,19.28,19.39,18.76,2461400.0
20260929,002953,日丰股份,9.9,9.94,10.08,9.9,4718300.0
20260929,002955,鸿合科技,36.01,36.03,36.9,35.6,3255400.0
20260929,002956,西麦食品,17.8,17.45,17.8,17.29,4580300.0
20260929,002957,科瑞技术,36.87,36.35,37.08,36.12,16030800.0
20260929,002958,青农商行,2.87,2.91,2.92,2.87,53620300.0
20260929,002959,小熊电器,33.0,35.55,37.16,32.53,6654400.0
20260929,002960,青鸟智控,8.45,8.45,8.57,8.41,4535400.0
20260929,002961,瑞达期货,13.08,13.53,13.85,13.0,13888300.0
20260929,002962,五方光电,14.23,14.7,15.15,14.22,53072500.0
20260929,002963,豪尔赛,22.06,22.63,23.17,21.8,6214000.0
20260929,002965,祥鑫科技,30.21,30.0,30.51,29.91,7679100.0
20260929,002966,苏州银行,9.29,9.23,9.34,9.18,27492900.0
20260929,002967,广电计量,17.92,17.65,18.04,17.58,5588900.0
20260929,002968,新大正,9.75,9.89,9.99,9.56,5286800.0
20260929,002969,嘉美包装,10.69,10.73,10.88,10.67,13136700.0
20260929,002970,锐明技术,39.75,40.65,41.09,39.75,2733800.0
20260929,002971,和远气体,38.9,40.82,42.54,38.0,20655800.0
20260929,002972,科安达,13.11,13.12,13.56,13.0,6241400.0
20260929,002973,侨银股份,12.2,12.19,12.41,12.05,4372800.0
20260929,002975,博杰股份,100.0,102.05,103.5,98.55,8027000.0
20260929,002976,瑞玛精密,22.5,22.8,23.24,22.41,5587200.0
20260929,002978,安宁股份,24.22,24.65,24.74,24.13,1461200.0
20260929,002979,雷赛智能,51.81,51.76,52.65,51.13,4101700.0
20260929,002980,华盛昌,101.5,106.62,107.8,99.33,9454800.0
20260929,002981,朝阳科技,23.21,23.62,23.93,22.91,3015800.0
20260929,002982,湘佳股份,12.63,12.68,12.77,12.48,3133300.0
20260929,002983,芯瑞达,21.61,21.92,22.08,21.48,1301200.0
20260929,002984,森麒麟,12.72,12.84,12.87,12.64,5066500.0
20260929,002985,北摩高科,26.85,26.1,27.1,25.95,5115600.0
20260929,002986,宇新股份,12.79,12.59,12.79,12.38,2095900.0
20260929,002987,京北方,10.49,10.59,10.61,10.43,5476300.0
20260929,002988,豪美新材,31.26,31.08,31.56,30.45,2980600.0
20260929,002989,中天精装,24.16,23.6,24.5,23.2,8291300.0
20260929,002990,盛视科技,51.16,54.1,54.87,50.08,13537900.0
20260929,002991,甘源食品,37.17,36.88,37.34,36.85,434100.0
20260929,002992,宝明科技,32.43,33.1,33.17,32.2,1224300.0
20260929,002993,奥海科技,32.3,32.84,33.05,32.0,2999800.0
20260929,002995,天地在线,16.22,17.33,17.57,16.22,7877300.0
20260929,002996,顺博合金,5.83,5.92,5.95,5.83,4067800.0
20260929,002997,瑞鹄模具,25.36,25.7,25.77,25.22,1286000.0
20260929,002998,优彩资源,8.04,7.99,8.1,7.91,7262700.0
20260929,002999,天禾股份,6.25,6.36,6.4,6.24,8578500.0
20260929,003000,劲仔食品,9.53,9.38,9.55,9.36,2574100.0
20260929,003001,中岩大地,19.97,20.42,21.81,19.84,24304700.0
20260929,003002,壶化股份,15.48,15.88,15.9,15.35,4758900.0
20260929,003003,天元股份,11.02,11.28,11.36,10.9,3709800.0
20260929,003004,声迅股份,57.0,61.25,61.6,56.82,2496300.0
20260929,003005,竞业达,14.78,15.15,15.23,14.65,11763100.0
20260929,003006,百亚股份,22.28,21.71,22.72,21.3,50742500.0
20260929,003007,直真科技,39.51,40.55,40.86,39.35,1481300.0
20260929,003008,开普检测,19.6,19.9,20.02,19.6,888000.0
20260929,003009,中天火箭,45.0,44.73,45.49,44.71,1589200.0
20260929,003010,若羽臣,27.71,27.83,28.09,27.12,5140400.0
20260929,003011,海象新材,19.73,20.08,20.28,19.52,1754100.0
20260929,003012,东鹏控股,4.55,4.63,4.66,4.51,9338600.0
20260929,003013,地铁设计,15.51,16.0,16.39,15.51,6973000.0
20260929,003015,日久光电,12.04,12.28,12.37,11.97,4554600.0
20260929,003016,欣贺股份,7.48,7.46,7.6,7.46,2683700.0
20260929,003017,大洋生物,22.62,22.81,22.91,22.5,1240000.0
20260929,003018,金富科技,44.93,44.95,45.45,44.46,6117800.0
20260929,003019,宸展光电,26.14,26.66,26.98,25.9,2634300.0
20260929,003020,立方制药,16.9,16.95,17.28,16.75,2224500.0
20260929,003021,兆威机电,68.2,69.09,69.48,67.6,1852900.0
20260929,003022,联泓新科,18.38,18.28,18.49,18.2,5921300.0
20260929,003023,彩虹集团,26.3,25.19,26.33,25.1,1738900.0
20260929,003025,思进智能,11.97,12.24,12.38,11.9,3515400.0
20260929,003026,中晶科技,33.79,33.32,34.58,33.15,16762700.0
20260929,003027,同兴科技,16.36,16.83,16.98,16.24,2154700.0
20260929,003028,振邦智能,23.9,23.81,23.92,23.48,1028300.0
20260929,003029,吉大正元,17.71,17.98,18.25,17.55,5815000.0
20260929,003030,祖名股份,26.44,25.83,26.78,25.82,2419900.0
20260929,003031,中瓷电子,117.12,118.57,119.98,115.71,6540300.0
20260929,003032,传智教育,8.7,8.68,8.89,8.63,21502400.0
20260929,003033,征和工业,86.59,86.59,87.76,84.1,2191000.0
20260929,003035,南网能源,5.22,5.26,5.29,5.21,16840700.0
20260929,003036,泰坦股份,48.17,46.46,50.01,46.22,14281300.0
20260929,003037,三和管桩,5.76,5.86,5.89,5.75,2676700.0
20260929,003038,鑫铂股份,10.64,10.78,10.86,10.6,2093800.0
20260929,003039,顺控发展,12.42,12.49,12.63,12.42,3475700.0
20260929,003040,楚天龙,14.0,14.2,14.31,13.92,28383100.0
20260929,003041,真爱美家,38.52,39.18,39.76,38.24,1807600.0
20260929,003042,中农联合,14.0,14.27,14.45,13.71,5134100.0
20260929,003043,华亚智能,59.99,59.42,60.5,58.51,3423400.0
20260929,003816,中国广核,4.25,4.21,4.3,4.2,91254900.0
20260929,300001,特锐德,34.85,34.3,35.06,34.2,8055400.0
20260929,300002,神州泰岳,7.84,7.94,7.99,7.84,15135000.0
20260929,300003,乐普医疗,11.48,11.39,11.59,11.37,11542700.0
20260929,300004,南风股份,7.72,7.64,7.76,7.57,8666700.0
20260929,300005,探路者,10.49,10.62,10.77,10.4,24442400.0
20260929,300006,莱美药业,5.39,5.3,5.48,5.29,17839100.0
20260929,300007,汉威科技,30.11,30.46,30.73,29.93,5317500.0
20260929,300008,天海防务,6.2,6.24,6.28,6.15,28171200.0
20260929,300009,安科生物,8.35,8.32,8.47,8.26,20801800.0
20260929,300011,鼎汉技术,5.77,5.86,5.89,5.74,3519500.0
20260929,300012,华测检测,13.81,13.61,13.82,13.42,27915900.0
20260929,300013,新宁物流,4.24,4.23,4.31,4.21,13409200.0
20260929,300014,亿纬锂能,47.88,48.59,48.83,47.71,30155200.0
20260929,300015,爱尔眼科,7.84,7.85,7.94,7.84,32331900.0
20260929,300016,北陆药业,9.45,9.38,9.85,9.34,31612800.0
20260929,300017,网宿科技,14.7,14.69,15.06,14.54,75949100.0
20260929,300018,中元股份,11.45,11.72,11.92,11.45,6300500.0
20260929,300019,硅宝科技,13.65,13.8,13.88,13.63,1890700.0
20260929,300021,大禹节水,3.74,3.79,3.82,3.72,11598100.0
20260929,300022,吉峰科技,7.75,7.79,7.85,7.74,5010800.0
20260929,300024,机器人,12.86,12.85,12.97,12.8,11323400.0
20260929,300025,华星创业,5.78,5.76,5.84,5.7,9718400.0
20260929,300026,红日药业,3.17,3.19,3.24,3.17,29042200.0
20260929,300030,阳普医疗,6.81,6.9,6.95,6.76,4654600.0
20260929,300031,宝通科技,20.0,20.15,20.26,19.84,5432500.0
20260929,300032,金龙机电,3.7,3.8,3.84,3.69,11037100.0
20260929,300033,同花顺,199.01,199.71,200.99,198.5,5046700.0
20260929,300034,钢研高纳,15.25,15.28,15.47,15.21,6006100.0
20260929,300035,中科电气,11.87,12.21,12.35,11.87,12976700.0
20260929,300036,超图软件,9.96,10.24,10.25,9.96,6174300.0
20260929,300037,新宙邦,66.34,65.93,68.19,65.09,14068500.0
20260929,300039,上海凯宝,5.15,5.15,5.25,5.12,13077600.0
20260929,300040,九洲集团,5.63,5.63,5.72,5.61,14354400.0
20260929,300041,回天新材,10.68,10.64,10.81,10.62,8669800.0
20260929,300042,朗科科技,36.83,36.88,37.45,36.36,5526100.0
20260929,300043,星辉娱乐,4.3,4.32,4.35,4.26,16538500.0
20260929,300045,华力创通,11.16,11.19,11.28,11.04,10842700.0
20260929,300046,台基股份,24.2,24.36,24.72,23.99,3153000.0
20260929,300047,天源迪科,8.93,9.08,9.15,8.9,9119200.0
20260929,300048,合康新能,4.66,4.7,4.74,4.66,6440800.0
20260929,300049,福瑞医科,46.08,45.85,47.0,45.31,3701800.0
20260929,300050,世纪鼎利,7.04,6.91,7.09,6.9,17539400.0
20260929,300051,琏升科技,7.82,7.96,8.05,7.8,9598600.0
20260929,300052,中青宝,9.96,10.22,10.32,9.9,7299800.0
20260929,300053,航宇微,11.7,11.7,11.82,11.61,7601100.0
20260929,300054,鼎龙股份,67.07,68.38,68.75,66.5,13859000.0
20260929,300055,万邦达,5.67,5.81,5.87,5.65,14413300.0
20260929,300056,中创环保,7.54,7.43,7.79,7.35,11068400.0
20260929,300057,万顺新材,6.06,6.28,6.35,6.05,17367900.0
20260929,300058,蓝色光标,12.61,12.91,13.06,12.59,144338500.0
20260929,300059,东方财富,17.92,17.77,17.98,17.7,128819100.0
20260929,300061,旗天科技,6.86,6.92,7.07,6.8,41003700.0
20260929,300062,中能电气,5.94,5.99,6.04,5.94,6267000.0
20260929,300063,天龙集团,8.18,8.59,8.68,8.18,34270400.0
20260929,300065,海兰信,14.76,14.73,14.93,14.66,15071700.0
20260929,300066,三川智慧,4.5,4.57,4.61,4.5,6661600.0
20260929,300067,安诺其,5.17,5.25,5.32,5.1,25463000.0
20260929,300069,金利华电,23.73,24.77,24.93,23.52,6053100.0
20260929,300070,碧水源,3.33,3.38,3.4,3.32,31545700.0
20260929,300071,福石控股,3.97,4.06,4.09,3.95,29273500.0
20260929,300072,海新能科,3.4,3.39,3.44,3.39,9349100.0
20260929,300073,当升科技,36.99,37.99,38.5,36.99,18462300.0
20260929,300074,华平股份,3.77,3.88,3.9,3.75,12765800.0
20260929,300075,数字政通,10.18,10.77,10.95,10.11,24558700.0
20260929,300077,国民技术,21.3,21.35,21.84,21.12,22480600.0
20260929,300078,思创智联,2.69,2.73,2.75,2.66,19078400.0
20260929,300079,数码视讯,4.66,4.79,4.82,4.66,14819800.0
20260929,300080,易成新能,3.6,3.68,3.71,3.59,14181200.0
20260929,300083,创世纪,11.5,11.6,11.68,11.4,25028000.0
20260929,300084,海默科技,9.92,9.92,10.01,9.83,3550700.0
20260929,300085,银之杰,29.53,29.62,30.09,29.2,18991300.0
20260929,300086,康芝药业,5.31,5.35,5.45,5.25,16526500.0
20260929,300088,长信科技,6.84,6.83,6.94,6.78,74973800.0
20260929,300092,科新机电,11.15,11.2,11.29,11.06,1862300.0
20260929,300093,金刚光伏,19.82,20.06,20.3,19.75,3022100.0
20260929,300094,国联水产,2.86,2.88,2.9,2.82,35113200.0
20260929,300095,华伍股份,8.78,8.92,9.06,8.71,9614600.0
20260929,300096,易联众,8.95,8.8,9.25,8.57,16585500.0
20260929,300097,智云股份,9.81,9.93,10.46,9.81,11309200.0
20260929,300098,高新兴,4.17,4.2,4.22,4.15,18414000.0
20260929,300099,尤洛卡,6.21,6.24,6.28,6.17,7933100.0
20260929,300100,双林股份,21.93,22.61,22.85,21.25,22899900.0
20260929,300101,振芯科技,13.82,13.86,13.99,13.73,7075800.0
20260929,300102,乾照光电,15.9,15.9,16.07,15.81,11623900.0
20260929,300103,达刚控股,7.91,8.12,8.22,7.9,5935200.0
20260929,300105,龙源技术,7.04,7.06,7.13,6.99,5833400.0
20260929,300106,西部牧业,10.41,10.52,10.6,10.06,6235500.0
20260929,300107,建新股份,6.55,6.72,6.75,6.47,8017800.0
20260929,300109,新开源,12.5,12.64,12.8,12.5,6232200.0
20260929,300110,华仁药业,3.22,3.21,3.3,3.17,110502100.0
20260929,300111,向日葵,2.95,2.96,3.0,2.9,23450600.0
20260929,300112,万讯自控,10.03,10.09,10.4,10.02,26393000.0
20260929,300113,顺网科技,15.71,16.05,16.24,15.63,12948200.0
20260929,300115,长盈精密,22.3,22.47,22.67,22.19,13605400.0
20260929,300118,东方日升,8.72,8.81,8.89,8.72,14143500.0
20260929,300119,瑞普生物,16.51,16.5,16.78,16.38,2288700.0
20260929,300120,经纬辉开,7.12,7.57,7.7,7.08,43507000.0
20260929,300121,阳谷华泰,9.4,9.4,9.54,9.38,6240700.0
20260929,300122,智飞生物,12.9,13.08,13.24,12.79,29195200.0
20260929,300124,汇川技术,52.74,52.49,52.97,52.13,22021600.0
20260929,300125,聆达股份,8.65,8.54,8.66,8.5,3481100.0
20260929,300126,锐奇股份,6.59,6.75,6.79,6.55,3323500.0
20260929,300127,银河磁体,22.84,23.15,23.44,22.84,1841500.0
20260929,300128,锦富技术,4.66,4.77,4.8,4.6,16618400.0
20260929,300129,泰胜风能,7.25,7.4,7.53,7.22,21879000.0
20260929,300130,新国都,17.65,18.04,18.14,17.59,5605400.0
20260929,300131,英唐智控,13.33,13.4,13.57,13.14,23593100.0
20260929,300132,诺斯贝尔,6.1,6.12,6.17,6.06,5434100.0
20260929,300133,华策影视,7.34,7.68,7.7,7.33,97001500.0
20260929,300134,大富科技,8.08,8.29,8.34,8.04,6252800.0
20260929,300135,宝利国际,3.42,3.46,3.49,3.41,12158000.0
20260929,300136,信维通信,52.46,52.65,53.05,52.01,24296800.0
20260929,300137,先河环保,9.78,9.81,10.31,9.68,17485700.0
20260929,300138,晨光生物,11.24,11.18,11.35,11.08,2502200.0
20260929,300139,晓程科技,41.29,42.56,42.87,41.01,15545600.0
20260929,300140,节能环境,5.18,5.27,5.29,5.18,5627500.0
20260929,300141,和顺电气,9.8,10.0,10.09,9.68,4758100.0
20260929,300142,沃森生物,13.51,13.49,13.88,13.37,71188100.0
20260929,300143,盈康生命,7.73,7.78,7.87,7.66,6977300.0
20260929,300144,宋城演艺,5.6,5.59,5.62,5.58,15928500.0
20260929,300145,南方泵业,4.69,4.7,4.79,4.65,40294000.0
20260929,300146,汤臣倍健,9.25,9.29,9.31,9.21,5742500.0
20260929,300148,天舟文化,3.46,3.59,3.61,3.45,25916100.0
20260929,300149,睿智医药,9.74,9.64,10.1,9.52,23976700.0
20260929,300150,世纪瑞尔,4.11,4.21,4.25,4.11,5847700.0
20260929,300151,昌红科技,20.26,20.4,21.0,20.25,22432900.0
20260929,300153,科泰电源,24.77,24.42,25.01,24.33,8622300.0
20260929,300154,瑞凌股份,13.3,14.13,14.34,13.22,12720200.0
20260929,300155,安居宝,4.42,4.65,4.83,4.42,40298900.0
20260929,300157,新锦动力,3.59,3.6,3.64,3.57,11036700.0
20260929,300158,振东制药,5.13,5.14,5.23,5.11,11665400.0
20260929,300159,新研股份,2.72,2.73,2.76,2.71,16725200.0
20260929,300160,秀强股份,4.4,4.45,4.49,4.38,3623900.0
20260929,300161,华中数控,25.72,26.1,26.36,25.53,1729000.0
20260929,300162,雷曼光电,8.4,8.46,8.68,8.32,63864400.0
20260929,300163,先锋新材,7.67,7.74,7.98,7.4,37490200.0
20260929,300164,通源石油,8.8,8.77,8.9,8.72,42622700.0
20260929,300165,天瑞仪器,4.91,5.01,5.06,4.88,9019200.0
20260929,300166,东方国信,11.83,11.67,11.91,11.62,20470700.0
20260929,300168,万达信息,4.67,4.77,4.8,4.63,14501500.0
20260929,300169,天晟新材,5.66,5.56,5.67,5.48,12594100.0
20260929,300170,汉得信息,14.89,15.67,16.06,14.88,54398300.0
20260929,300171,东富龙,16.13,15.9,16.55,15.81,16575500.0
20260929,300172,中电环保,4.51,4.54,4.57,4.49,7977000.0
20260929,300174,元力股份,17.25,17.1,17.47,17.06,9400200.0
20260929,300175,朗源股份,5.3,5.45,5.48,5.29,5267300.0
20260929,300176,鸿特科技,4.4,4.45,4.49,4.39,7693500.0
20260929,300177,中海达,6.05,6.08,6.13,5.98,6721400.0
20260929,300179,四方达,42.9,41.98,42.9,40.53,37342500.0
20260929,300180,华峰超纤,4.28,4.33,4.37,4.26,21264900.0
20260929,300181,佐力药业,12.92,12.98,13.01,12.87,3788600.0
20260929,300182,捷成股份,4.96,5.07,5.12,4.92,119157100.0
20260929,300183,东软载波,10.68,10.95,11.03,10.63,4886200.0
20260929,300184,力源信息,11.12,11.22,11.33,11.06,22781700.0
20260929,300185,通裕重工,2.73,2.82,2.84,2.73,117888100.0
20260929,300187,永清环保,4.48,4.51,4.55,4.44,4704300.0
20260929,300188,国投智能,10.5,10.74,10.88,10.5,13097100.0
20260929,300189,神农种业,5.82,5.79,5.9,5.76,86719000.0
20260929,300190,维尔利,3.78,3.78,3.82,3.75,9527400.0
20260929,300191,潜能恒信,30.31,30.62,30.84,30.1,3951800.0
20260929,300192,科德教育,24.09,24.01,24.62,23.47,31387800.0
20260929,300193,佳士科技,7.8,7.87,7.93,7.76,3076600.0
20260929,300194,福安药业,3.85,3.86,3.91,3.81,10592900.0
20260929,300195,长荣股份,6.21,6.31,6.36,6.2,5312800.0
20260929,300196,长海股份,17.28,17.61,17.78,17.22,9761900.0
20260929,300197,节能铁汉,1.89,1.94,1.96,1.88,56727700.0
20260929,300199,翰宇药业,22.28,22.79,23.04,22.06,28227400.0
20260929,300200,高盟新材,8.23,8.2,8.28,8.18,2905300.0
20260929,300201,海伦哲,12.66,12.91,13.05,12.55,17226800.0
20260929,300203,聚光科技,13.79,13.56,13.81,13.43,10837600.0
20260929,300204,舒泰神,19.7,19.74,20.12,19.58,10472500.0
20260929,300206,理邦仪器,11.54,11.6,11.79,11.5,3088400.0
20260929,300207,欣旺达,21.02,21.5,23.3,20.88,190832900.0
20260929,300209,行云科技,33.19,33.7,34.3,32.88,34637100.0
20260929,300210,森远股份,6.97,7.03,7.08,6.94,4092400.0
20260929,300211,亿通科技,7.49,7.72,8.05,7.4,30416800.0
20260929,300213,佳讯飞鸿,6.28,6.61,6.67,6.26,17281400.0
20260929,300214,日科化学,9.52,9.61,9.74,9.48,9491900.0
20260929,300215,电科院,6.1,6.24,6.3,6.08,14821500.0
20260929,300217,东方电热,3.94,3.97,4.0,3.94,8552400.0
20260929,300218,安利股份,12.48,12.55,12.62,12.29,1662600.0
20260929,300219,鸿利智汇,6.6,6.71,6.78,6.58,13997600.0
20260929,300220,金运激光,11.27,11.48,11.58,11.1,2672800.0
20260929,300221,银禧科技,12.87,13.01,13.13,12.81,13778300.0
20260929,300222,科大智能,9.59,9.64,9.73,9.56,9076600.0
20260929,300223,君正股份,132.57,134.6,135.7,130.11,17324500.0
20260929,300224,正海磁材,11.61,11.75,11.88,11.55,7215000.0
20260929,300225,金力泰,7.94,7.81,8.0,7.72,10893100.0
20260929,300226,上海钢联,16.8,17.02,17.19,16.8,4436100.0
20260929,300227,光韵达,10.02,10.06,10.28,9.92,15260600.0
20260929,300228,富瑞特装,6.4,6.43,6.49,6.37,5798500.0
20260929,300229,拓尔思,12.53,12.85,12.97,12.46,14678900.0
20260929,300230,永利股份,4.34,4.36,4.38,4.29,7339500.0
20260929,300231,银信科技,8.2,8.28,8.33,8.09,8089000.0
20260929,300232,洲明科技,5.21,5.31,5.34,5.18,12509600.0
20260929,300233,金城医药,13.1,13.2,13.43,13.02,6067800.0
20260929,300234,开尔新材,10.04,10.12,10.38,9.92,14725200.0
20260929,300235,方直科技,11.75,12.0,12.16,11.68,4324600.0
20260929,300236,上海新阳,86.79,86.49,87.4,85.26,4165700.0
20260929,300238,冠昊生物,11.9,11.87,12.09,11.73,2932600.0
20260929,300239,东宝生物,5.39,5.42,5.43,5.28,9538700.0
20260929,300240,飞力达,6.03,6.17,6.2,6.02,5331800.0
20260929,300241,瑞丰光电,5.66,5.72,5.75,5.58,11580000.0
20260929,300242,佳云科技,3.81,3.95,3.99,3.81,16779700.0
20260929,300243,瑞丰高材,21.47,21.93,22.66,21.02,33466100.0
20260929,300244,迪安诊断,20.2,20.19,20.79,20.02,22567400.0
20260929,300246,宝莱特,15.5,15.8,16.05,15.08,7051800.0
20260929,300247,融捷健康,3.7,3.69,3.72,3.65,7516400.0
20260929,300248,新开普,8.15,8.3,8.37,8.08,7126200.0
20260929,300249,依米康,12.51,12.65,12.76,12.45,6083100.0
20260929,300250,初灵信息,14.5,14.87,15.02,14.37,5052800.0
20260929,300251,光线传媒,10.82,10.93,11.03,10.82,21711000.0
20260929,300252,金信诺,11.17,11.5,11.58,11.16,17632000.0
20260929,300253,卫宁健康,6.82,6.96,6.99,6.78,29427600.0
20260929,300254,仟源医药,9.07,9.09,9.22,8.92,9715600.0
20260929,300255,常山药业,22.4,22.12,23.05,22.06,17819600.0
20260929,300256,星星科技,2.6,2.59,2.62,2.56,13334200.0
20260929,300257,开山股份,17.83,17.8,18.02,17.51,6139800.0
20260929,300258,精锻科技,9.05,8.79,9.15,8.73,12045200.0
20260929,300259,新天科技,3.94,3.95,4.02,3.9,31257700.0
20260929,300260,新莱应材,58.87,57.3,59.0,56.77,10823000.0
20260929,300261,雅本化学,4.78,4.93,4.93,4.76,11590500.0
20260929,300263,隆华科技,10.13,10.04,10.2,9.99,23696200.0
20260929,300264,佳创视讯,5.98,6.03,6.13,5.91,13303000.0
20260929,300265,通光线缆,12.01,11.98,12.15,11.94,10883500.0
20260929,300266,兴源环境,1.81,1.86,1.88,1.81,15632300.0
20260929,300267,尔康制药,3.21,3.23,3.29,3.18,24537200.0
20260929,300268,佳沃食品,12.02,12.01,12.08,11.72,1478700.0
20260929,300269,联建光电,4.52,4.62,4.7,4.44,39795500.0
20260929,300270,中威电子,9.99,10.69,10.82,9.95,15892400.0
20260929,300271,华宇软件,5.73,5.81,5.84,5.69,12084800.0
20260929,300272,开能健康,5.95,5.99,6.09,5.85,9848800.0
20260929,300274,阳光电源,80.81,82.81,83.75,80.81,35438200.0
20260929,300275,梅安森,8.91,8.95,9.06,8.82,2675900.0
20260929,300276,三丰智能,6.11,6.27,6.4,5.95,56100700.0
20260929,300277,汽轮科技,12.61,12.62,12.77,12.57,8598300.0
20260929,300278,华昌达,3.5,3.54,3.57,3.44,11514300.0
20260929,300279,和晶科技,5.99,5.93,6.02,5.91,7473300.0
20260929,300281,金明精机,7.09,7.05,7.15,7.03,4064300.0
20260929,300283,温州宏丰,13.1,13.46,13.7,13.06,32849200.0
20260929,300284,苏交科,5.01,5.08,5.11,4.98,10550500.0
20260929,300285,国瓷材料,65.0,64.4,65.26,63.0,56452700.0
20260929,300286,安科瑞,18.79,18.92,19.11,18.7,2097800.0
20260929,300287,飞利信,3.52,3.59,3.63,3.5,24533500.0
20260929,300288,朗玛信息,9.64,9.75,9.85,9.6,3160500.0
20260929,300289,利德曼,5.92,5.91,6.01,5.86,6097400.0
20260929,300291,百纳千成,4.74,5.09,5.16,4.72,98979600.0
20260929,300292,吴通控股,4.36,4.42,4.47,4.35,28137500.0
20260929,300293,蓝英装备,13.99,13.89,14.17,13.89,2239600.0
20260929,300294,博雅生物,14.31,14.34,14.53,14.25,2929100.0
20260929,300296,利亚德,4.71,4.72,4.77,4.68,22618500.0
20260929,300298,三诺生物,16.27,16.1,16.32,16.05,3384300.0
20260929,300299,富春股份,5.34,5.4,5.44,5.23,12728200.0
20260929,300300,海峡创新,10.64,10.73,11.18,10.64,158366900.0
20260929,300302,同有科技,26.08,26.43,26.69,25.97,9765500.0
20260929,300303,聚飞光电,6.44,6.43,6.52,6.41,21183000.0
20260929,300304,云意电气,11.88,12.04,12.19,11.7,10944000.0
20260929,300305,裕兴股份,6.41,6.52,6.74,6.41,20620200.0
20260929,300306,远方信息,10.37,10.51,10.59,10.27,2388200.0
20260929,300307,慈星股份,6.93,6.95,7.06,6.91,7355500.0
20260929,300308,中际旭创,814.0,813.01,823.0,808.8,16071200.0
20260929,300310,宜通世纪,4.18,4.32,4.35,4.16,15546600.0
20260929,300311,任子行,6.05,6.19,6.32,5.95,88833600.0
20260929,300313,天山生物,11.82,11.88,12.18,11.82,14271000.0
20260929,300314,戴维医疗,12.88,12.74,12.92,12.56,9181700.0
20260929,300315,掌趣科技,3.91,3.95,3.98,3.9,34050300.0
20260929,300316,晶盛机电,38.56,38.27,39.08,37.79,11578500.0
20260929,300317,珈伟新能,4.24,4.16,4.27,4.15,63024600.0
20260929,300318,博晖创新,5.17,5.14,5.24,5.12,8002900.0
20260929,300319,麦捷科技,18.54,18.85,19.09,18.44,53519100.0
20260929,300320,海达股份,8.01,8.12,8.19,8.01,2700100.0
20260929,300321,同大股份,33.0,32.85,33.26,32.42,1549200.0
20260929,300322,硕贝德,16.33,16.45,16.72,16.1,16138300.0
20260929,300323,华灿光电,10.88,10.87,11.05,10.7,31715100.0
20260929,300324,旋极信息,3.78,3.81,3.86,3.75,73616100.0
20260929,300327,中颖电子,25.18,25.3,25.76,25.02,8005700.0
20260929,300328,宜安科技,12.3,12.18,12.4,12.12,14633500.0
20260929,300329,海伦钢琴,11.58,11.83,11.86,11.58,1765600.0
20260929,300331,苏大维格,43.0,43.2,43.66,42.6,5449100.0
20260929,300332,天壕能源,4.76,4.79,4.86,4.76,9449200.0
20260929,300333,兆日科技,11.29,11.39,11.59,11.21,13489400.0
20260929,300334,津膜科技,8.58,8.71,8.85,8.47,8452400.0
20260929,300335,迪森股份,5.46,5.58,5.63,5.4,13159300.0
20260929,300337,银邦股份,8.9,8.97,9.03,8.85,7819900.0
20260929,300339,润和软件,33.77,33.77,34.06,33.64,7064500.0
20260929,300340,科恒股份,8.4,9.18,9.97,8.4,24659200.0
20260929,300341,麦克奥迪,12.67,12.66,12.84,12.58,2145700.0
20260929,300342,天银机电,29.99,29.7,30.35,29.56,9895900.0
20260929,300343,联创股份,5.22,5.17,5.23,5.17,7114600.0
20260929,300345,华民股份,6.6,6.41,6.65,6.4,21737700.0
20260929,300346,南大光电,51.9,51.39,52.4,50.93,17716500.0
20260929,300347,泰格医药,56.83,56.47,58.64,56.29,9636900.0
20260929,300348,长亮科技,9.16,9.3,9.37,9.13,8787600.0
20260929,300349,金卡智能,10.06,10.21,10.33,10.03,4489000.0
20260929,300350,华鹏飞,4.66,4.76,4.85,4.62,37775000.0
20260929,300351,永贵电器,13.44,13.57,13.7,13.41,3715900.0
20260929,300353,东土科技,16.31,16.19,16.48,16.19,5617200.0
20260929,300354,东华测试,27.98,27.73,28.36,27.6,1275800.0
20260929,300355,蒙草生态,2.71,2.76,2.77,2.71,13820600.0
20260929,300357,我武生物,19.9,19.82,20.31,19.7,5155500.0
20260929,300358,楚天科技,9.59,9.5,9.75,9.4,30697200.0
20260929,300359,全通教育,4.05,4.14,4.19,4.02,12063100.0
20260929,300360,炬华科技,10.84,10.9,10.98,10.83,1992400.0
20260929,300363,博腾股份,23.79,23.59,24.61,23.5,17218900.0
20260929,300364,中文在线,23.0,23.96,24.3,23.0,50185700.0
20260929,300365,恒华科技,4.45,4.56,4.59,4.43,9290800.0
20260929,300368,汇金股份,9.2,9.43,9.62,9.2,34465800.0
20260929,300369,绿盟科技,8.97,9.1,9.76,8.64,114910400.0
20260929,300370,安控科技,2.09,2.14,2.16,2.06,20472300.0
20260929,300371,汇中股份,10.01,10.24,10.35,9.96,1940600.0
20260929,300373,扬杰科技,85.54,86.0,86.65,84.7,6404900.0
20260929,300374,中铁装配,9.98,10.15,10.26,9.97,3811300.0
20260929,300375,鹏翎股份,4.05,4.11,4.14,4.02,7860200.0
20260929,300376,易事特,4.06,4.08,4.11,4.05,11839900.0
20260929,300377,赢时胜,13.14,13.43,13.58,13.12,17503000.0
20260929,300378,鼎捷数智,37.8,38.29,38.83,37.19,15891500.0
20260929,300380,安硕信息,27.59,27.75,27.97,27.1,1313300.0
20260929,300381,溢多利,5.65,5.72,5.78,5.6,6969200.0
20260929,300382,斯莱克,14.59,14.76,15.18,14.2,31697400.0
20260929,300383,光环新网,10.82,10.88,11.03,10.8,26478700.0
20260929,300384,三联虹普,11.81,11.87,11.95,11.75,2003900.0
20260929,300386,飞天诚信,10.68,10.78,10.9,10.56,4248300.0
20260929,300387,富邦科技,7.34,7.45,7.49,7.26,3987500.0
20260929,300388,节能国祯,6.64,6.67,6.71,6.58,2385400.0
20260929,300389,艾比森,12.65,12.93,12.97,12.63,3195400.0
20260929,300390,天华新能,48.2,49.05,49.78,48.16,20940200.0
20260929,300393,中来股份,5.82,5.91,5.97,5.77,10442800.0
20260929,300394,天孚通信,245.2,255.99,258.0,242.16,29146700.0
20260929,300395,菲利华,88.17,92.7,93.96,87.51,17681300.0
20260929,300397,天和防务,11.2,11.24,11.47,11.14,17656100.0
20260929,300398,飞凯材料,35.55,34.94,35.74,34.46,26500700.0
20260929,300399,天利科技,18.9,19.47,19.66,18.86,2909700.0
20260929,300400,劲拓股份,33.0,33.36,33.8,32.58,6498200.0
20260929,300401,花园生物,15.21,15.33,15.92,15.08,15762300.0
20260929,300402,宝色股份,14.44,14.59,14.68,14.34,1381300.0
20260929,300403,汉宇集团,8.74,8.7,8.81,8.62,4398700.0
20260929,300404,博济医药,14.14,14.5,15.8,13.9,52465800.0
20260929,300405,科隆股份,5.75,5.95,5.98,5.74,8130700.0
20260929,300406,九强生物,11.78,11.77,11.93,11.72,3270700.0
20260929,300407,凯发电气,10.38,10.55,10.61,10.3,3637000.0
20260929,300408,三环集团,115.81,118.63,119.2,114.1,28605400.0
20260929,300409,道氏技术,16.44,16.75,16.95,16.41,16171800.0
20260929,300410,正业科技,8.42,8.82,9.05,8.42,29555800.0
20260929,300411,金盾股份,8.12,8.45,8.54,8.07,11687200.0
20260929,300412,迦南科技,4.46,4.56,4.58,4.43,6821400.0
20260929,300413,芒果超媒,18.51,19.8,20.07,18.51,84166500.0
20260929,300414,中光防雷,10.5,10.65,10.75,10.43,4481100.0
20260929,300415,伊之密,18.79,18.99,19.02,18.72,2248700.0
20260929,300416,苏试试验,13.62,13.67,13.79,13.57,6888000.0
20260929,300417,南华仪器,12.05,12.24,12.38,11.84,2994500.0
20260929,300418,昆仑万维,40.47,40.95,41.47,40.16,30054500.0
20260929,300420,五洋自控,7.4,7.4,7.58,7.38,25403400.0
20260929,300421,力星股份,17.18,16.9,17.35,16.8,4163100.0
20260929,300422,博世科,4.0,4.13,4.17,4.0,8342400.0
20260929,300423,昇辉科技,5.3,5.41,5.48,5.3,7295800.0
20260929,300424,航新科技,13.01,13.09,13.2,12.97,7461700.0
20260929,300425,中建环能,3.98,4.07,4.1,3.98,7006100.0
20260929,300426,华智数媒,7.46,7.6,7.77,7.41,27496600.0
20260929,300427,红相股份,6.03,6.1,6.22,5.99,27592000.0
20260929,300428,立中集团,19.0,19.25,19.27,18.88,3794300.0
20260929,300429,强力新材,10.97,10.96,11.11,10.9,7780400.0
20260929,300432,富临精工,12.66,12.81,12.93,12.66,23725600.0
20260929,300433,蓝思科技,31.29,31.46,32.0,31.25,34685300.0
20260929,300434,金石亚药,12.46,12.39,12.85,12.21,29336900.0
20260929,300435,中泰股份,15.44,15.42,15.69,15.4,3674400.0
20260929,300436,广生堂,83.9,82.78,84.53,82.71,1837000.0
20260929,300437,清水源,10.55,10.7,10.81,10.49,4215100.0
20260929,300438,鹏辉能源,46.62,47.63,47.97,46.58,16103200.0
20260929,300439,美康生物,10.32,10.14,10.35,10.1,4425100.0
20260929,300440,运达科技,16.4,16.41,16.6,16.08,6741000.0
20260929,300441,鲍斯股份,7.04,7.07,7.12,6.97,3594600.0
20260929,300442,润泽科技,65.19,65.76,66.64,64.77,20599700.0
20260929,300443,金雷股份,20.35,20.88,21.43,20.12,13988100.0
20260929,300444,双杰电气,8.41,8.45,8.55,8.41,9485800.0
20260929,300445,康斯特,18.82,18.75,18.87,18.45,1624200.0
20260929,300446,航天智造,12.31,12.38,12.5,12.3,3452000.0
20260929,300447,全信股份,13.74,13.98,14.09,13.67,3233100.0
20260929,300448,浩云科技,5.45,5.51,5.58,5.39,9399700.0
20260929,300449,汉邦高科,6.62,6.57,6.7,6.46,11372700.0
20260929,300450,先导智能,31.77,33.76,33.88,31.77,95496200.0
20260929,300451,创业慧康,3.43,3.51,3.54,3.4,23899900.0
20260929,300452,山河药辅,13.2,13.13,13.37,13.08,3112100.0
20260929,300453,三鑫医疗,9.04,9.03,9.1,8.97,3331800.0
20260929,300454,深信服,139.07,140.7,144.99,137.66,13695900.0
20260929,300455,航天智装,16.45,16.4,16.6,16.25,3317100.0
20260929,300456,赛微电子,34.8,36.38,36.99,34.62,26564800.0
20260929,300457,赢合科技,20.7,21.1,21.28,20.46,14439700.0
20260929,300458,全志科技,32.28,32.43,32.63,31.88,22677300.0
20260929,300459,汤姆猫,3.43,3.53,3.53,3.4,69000400.0
20260929,300461,田中精机,35.43,37.11,37.7,34.66,9194900.0
20260929,300463,迈克生物,9.29,9.33,9.43,9.25,3940000.0
20260929,300464,星徽股份,10.6,10.63,11.19,10.42,33267000.0
20260929,300465,高伟达,10.9,11.14,11.23,10.9,6479000.0
20260929,300466,赛摩智能,7.15,7.23,7.25,7.02,6386100.0
20260929,300467,迅游科技,32.32,32.4,32.8,32.19,1743900.0
20260929,300468,四方精创,20.75,20.72,20.9,20.63,11443000.0
20260929,300469,信息发展,46.05,49.65,49.91,46.05,6231300.0
20260929,300470,中密控股,27.07,27.02,27.27,26.94,964000.0
20260929,300471,厚普股份,9.75,9.9,10.14,9.71,4536100.0
20260929,300473,德尔股份,36.4,38.31,38.68,35.9,15744400.0
20260929,300474,景嘉微,51.79,51.5,52.63,51.5,5115200.0
20260929,300475,香农芯创,158.01,160.2,160.88,156.88,14797600.0
20260929,300476,胜宏科技,214.0,216.76,219.3,212.27,18030800.0
20260929,300478,杭州高新,33.67,32.44,34.0,31.86,4627700.0
20260929,300479,神思电子,14.73,14.93,15.04,14.61,2247400.0
20260929,300480,光力科技,29.97,30.05,30.26,29.69,7040900.0
20260929,300481,濮阳惠成,13.46,13.52,13.66,13.37,5307500.0
20260929,300482,万孚生物,16.38,16.32,16.56,16.21,3913300.0
20260929,300483,首华燃气,23.14,22.77,23.14,22.21,7508500.0
20260929,300484,蓝海华腾,12.85,13.12,13.37,12.77,4844500.0
20260929,300485,赛升药业,8.46,8.47,8.65,8.37,3590700.0
20260929,300486,东杰智能,17.29,17.37,17.68,17.1,4161600.0
20260929,300487,蓝晓科技,66.68,66.95,68.1,66.28,2062200.0
20260929,300488,恒锋工具,36.22,36.04,37.14,35.81,3187600.0
20260929,300489,光智科技,250.01,256.9,269.0,250.01,9567300.0
20260929,300490,华自科技,10.2,10.65,10.83,10.18,17421600.0
20260929,300491,通合科技,34.5,35.59,37.32,34.47,10981500.0
20260929,300492,华图山鼎,20.65,20.61,20.9,20.25,2078700.0
20260929,300493,润欣科技,12.69,12.89,13.09,12.5,9449100.0
20260929,300494,盛天网络,7.84,7.98,8.01,7.76,4952900.0
20260929,300496,中科创达,53.02,53.24,53.85,53.02,4449900.0
20260929,300497,富祥股份,17.44,17.61,18.09,17.23,27154000.0
20260929,300498,温氏股份,14.82,15.08,15.1,14.8,34472800.0
20260929,300499,高澜股份,33.55,33.48,33.99,33.0,11757000.0
20260929,300500,启迪设计,9.64,10.01,10.05,9.56,5222600.0
20260929,300501,海顺新材,10.35,10.9,11.27,10.17,21166200.0
20260929,300502,新易盛,400.37,392.91,401.98,391.33,25441500.0
20260929,300503,昊志机电,61.78,61.5,62.43,60.74,5783900.0
20260929,300504,天邑股份,17.18,17.44,17.65,17.06,5884100.0
20260929,300505,川金诺,18.65,18.43,18.73,18.4,8921700.0
20260929,300506,名家汇,4.61,4.7,4.76,4.61,10962000.0
20260929,300507,苏奥传感,6.21,6.29,6.34,6.16,7188000.0
20260929,300508,维宏股份,37.06,36.81,37.91,36.81,1437100.0
20260929,300509,新美星,8.91,9.03,9.07,8.81,5537000.0
20260929,300510,金冠股份,3.38,3.48,3.49,3.35,17499700.0
20260929,300511,雪榕生物,4.74,4.75,4.81,4.7,11352300.0
20260929,300512,中亚股份,7.36,7.54,7.61,7.31,3513100.0
20260929,300513,恒实科技,7.33,7.48,7.54,7.3,5235300.0
20260929,300514,友讯达,10.08,10.23,10.29,9.95,2864200.0
20260929,300515,三德科技,16.54,16.25,16.54,16.21,2363800.0
20260929,300516,久之洋,33.66,34.04,34.35,33.66,3094900.0
20260929,300517,海波重科,11.48,11.41,11.63,11.31,3344900.0
20260929,300518,新迅达,26.29,26.66,26.88,25.37,10345200.0
20260929,300519,新光药业,14.71,14.78,14.85,14.45,2547400.0
20260929,300520,科大国创,22.41,22.94,23.35,22.37,9783900.0
20260929,300521,爱司凯,24.16,24.36,24.76,23.66,2271200.0
20260929,300522,世名科技,14.07,14.63,14.95,13.88,19094500.0
20260929,300523,辰安科技,22.0,23.2,23.37,21.8,7747300.0
20260929,300525,博思软件,7.68,7.78,7.84,7.64,7229800.0
20260929,300528,幸福蓝海,13.28,13.49,13.6,13.07,9820700.0
20260929,300529,健帆生物,15.02,14.93,15.05,14.86,2564800.0
20260929,300530,领湃科技,18.98,19.41,20.36,18.81,6953400.0
20260929,300531,优博讯,14.86,15.19,15.34,14.86,4552500.0
20260929,300532,今天国际,7.3,7.43,7.47,7.3,6951700.0
20260929,300533,冰川网络,13.64,13.87,13.94,13.64,2732100.0
20260929,300534,陇神戎发,12.81,12.63,13.46,12.6,37759600.0
20260929,300535,达威股份,15.65,15.94,16.05,15.41,1811200.0
20260929,300536,农尚环境,8.17,8.1,8.32,8.1,4528400.0
20260929,300537,广信材料,20.44,20.32,20.52,20.08,4885700.0
20260929,300538,同益股份,14.31,14.46,14.56,14.16,2819800.0
20260929,300539,横河精密,17.29,17.53,17.88,17.12,4555800.0
20260929,300540,蜀道装备,25.5,25.07,25.5,24.91,5475100.0
20260929,300541,先进数通,9.25,9.36,9.46,9.22,3741000.0
20260929,300542,新晨科技,12.28,12.35,12.43,12.1,3076700.0
20260929,300543,朗科智能,7.87,7.92,7.99,7.76,3043100.0
20260929,300545,联得装备,26.68,26.88,27.28,26.31,6005300.0
20260929,300546,雄帝科技,16.43,16.78,16.94,16.26,3154400.0
20260929,300547,川环科技,23.67,23.72,24.0,23.31,3912800.0
20260929,300548,长芯博创,209.01,218.03,220.6,207.5,11290000.0
20260929,300549,优德精密,14.91,15.15,15.26,14.71,2155000.0
20260929,300550,和仁科技,14.0,14.02,14.18,13.82,2903500.0
20260929,300551,古鳌科技,11.52,11.91,12.0,11.51,6431000.0
20260929,300552,万集科技,19.99,20.15,20.31,19.55,3191700.0
20260929,300553,集智股份,59.29,59.55,60.12,57.79,3760800.0
20260929,300554,三超新材,22.85,22.96,23.27,22.68,4968900.0
20260929,300556,丝路视觉,15.77,16.17,16.26,15.76,3224700.0
20260929,300557,理工光科,23.96,24.14,24.36,23.72,1731000.0
20260929,300558,贝达药业,47.86,48.96,50.88,47.48,12456000.0
20260929,300559,佳发教育,12.8,12.82,13.0,12.6,3749800.0
20260929,300560,中富通,15.78,16.13,16.45,15.58,12123700.0
20260929,300561,汇金科技,14.35,14.37,14.59,14.34,8350900.0
20260929,300562,乐心股份,15.98,15.47,16.15,15.44,11808800.0
20260929,300563,神宇股份,24.0,24.46,24.7,23.86,4325700.0
20260929,300564,筑博设计,12.51,12.63,12.74,12.39,1835500.0
20260929,300565,科信技术,9.62,9.82,9.91,9.46,6544400.0
20260929,300566,激智科技,24.18,23.97,24.4,23.83,11537000.0
20260929,300567,精测电子,194.15,197.1,200.51,192.16,4769300.0
20260929,300568,星源材质,16.08,16.01,16.4,15.95,50386900.0
20260929,300569,天能重工,5.33,5.36,5.53,5.25,60499700.0
20260929,300570,太辰光,199.92,216.2,220.44,198.68,16471300.0
20260929,300571,平治信息,27.11,27.8,28.24,27.11,3348600.0
20260929,300572,安车检测,23.18,23.58,23.85,22.74,3314100.0
20260929,300573,兴齐眼药,36.13,35.69,36.58,35.66,3480000.0
20260929,300575,中旗股份,6.06,6.1,6.15,6.02,8495300.0
20260929,300576,容大感光,27.4,27.5,27.83,27.31,6329800.0
20260929,300577,开润股份,18.67,18.65,18.87,18.58,1459400.0
20260929,300578,会畅科技,15.07,15.38,15.56,15.0,2717100.0
20260929,300579,数字认证,23.5,23.85,24.18,23.41,5606900.0
20260929,300580,贝斯特,17.92,17.94,18.3,17.8,5249400.0
20260929,300581,晨曦航空,10.0,10.03,10.12,9.84,6408800.0
20260929,300582,英飞特,10.52,10.6,10.69,10.33,3549600.0
20260929,300583,赛托生物,13.51,13.59,13.69,13.32,3105100.0
20260929,300584,海辰药业,29.71,30.7,31.83,29.47,3753200.0
20260929,300585,奥联电子,13.49,14.03,14.56,13.47,11537900.0
20260929,300586,美联新材,8.6,8.82,8.94,8.52,15713700.0
20260929,300587,天铁科技,4.4,4.49,4.54,4.38,20129400.0
20260929,300588,熙菱信息,21.1,21.02,21.37,21.0,1541800.0
20260929,300589,江龙船艇,13.07,13.81,13.93,13.04,19400300.0
20260929,300590,移为通信,11.08,11.24,11.33,11.03,9004500.0
20260929,300591,万里马,6.31,6.17,6.38,6.14,14250200.0
20260929,300592,华凯易佰,19.06,19.3,19.45,18.84,7258800.0
20260929,300593,新雷能,30.01,29.7,30.24,29.3,12378700.0
20260929,300595,欧普康视,10.03,9.99,10.12,9.96,4250500.0
20260929,300596,利安隆,39.0,38.98,39.3,38.6,1701300.0
20260929,300597,吉大通信,7.95,8.08,8.13,7.82,3316700.0
20260929,300598,诚迈科技,30.44,30.53,30.95,30.24,3927500.0
20260929,300599,雄塑科技,14.6,13.98,14.74,13.74,27157100.0
20260929,300600,国瑞科技,10.01,10.24,10.32,10.01,4685400.0
20260929,300601,康泰生物,12.76,12.79,13.02,12.68,11203500.0
20260929,300602,飞荣达,35.4,35.77,36.25,34.73,10419500.0
20260929,300603,立昂技术,7.91,7.92,8.01,7.77,7466700.0
20260929,300604,长川科技,250.59,247.89,255.3,244.5,10904500.0
20260929,300605,恒锋信息,10.3,10.63,10.73,10.27,8733900.0
20260929,300606,金太阳,32.76,33.0,33.48,32.18,5096900.0
20260929,300607,拓斯达,30.61,30.62,31.08,30.39,10654400.0
20260929,300608,思特奇,9.63,9.89,10.01,9.61,7216900.0
20260929,300609,汇纳科技,23.98,24.1,24.36,23.5,1710700.0
20260929,300610,晨化股份,10.31,10.39,10.47,10.21,2943900.0
20260929,300611,美力科技,27.15,27.79,28.08,26.88,3161600.0
20260929,300612,宣亚国际,12.17,12.43,12.55,11.85,6199400.0
20260929,300613,富瀚微,82.45,82.52,83.0,80.13,10732700.0
20260929,300614,百川畅银,10.35,10.53,10.66,10.15,2622100.0
20260929,300615,欣天科技,13.1,13.27,13.46,12.91,7536700.0
20260929,300616,尚品宅配,10.55,10.88,11.04,10.44,5581400.0
20260929,300617,安靠智电,34.06,34.54,34.87,34.06,1990500.0
20260929,300618,寒锐钴业,30.1,30.41,30.6,30.06,1801400.0
20260929,300619,金银河,23.64,24.0,24.49,23.46,7490800.0
20260929,300620,光库科技,254.0,261.03,263.9,253.0,6698300.0
20260929,300621,维业股份,7.09,7.27,7.3,7.0,3812500.0
20260929,300622,博士眼镜,14.67,14.8,14.92,14.54,4457300.0
20260929,300623,捷捷微电,32.78,32.85,33.44,32.38,13141900.0
20260929,300624,万兴科技,47.33,49.2,49.81,46.73,9816200.0
20260929,300625,三雄极光,9.94,10.14,10.23,9.91,1744200.0
20260929,300626,华瑞股份,28.46,29.77,30.38,28.16,7227300.0
20260929,300627,华测导航,26.0,26.25,26.34,25.85,4864400.0
20260929,300628,亿联网络,41.4,39.96,41.5,39.93,7508800.0
20260929,300629,新劲刚,18.39,18.03,18.43,17.96,8241000.0
20260929,300631,久吾高科,20.95,21.43,21.6,20.76,1743500.0
20260929,300632,光莆股份,17.65,18.23,18.44,17.55,10246700.0
20260929,300633,开立医疗,19.26,19.25,19.55,19.09,2787800.0
20260929,300634,彩讯股份,20.57,20.94,21.46,20.4,10533900.0
20260929,300635,中达安,11.8,11.99,12.06,11.69,2715900.0
20260929,300636,同和药业,7.09,7.09,7.16,7.04,4397600.0
20260929,300637,扬帆新材,9.28,9.45,9.48,9.28,2427700.0
20260929,300638,广和通,19.95,19.82,20.2,19.72,8315400.0
20260929,300639,凯普生物,6.25,6.2,6.31,6.16,15096600.0
20260929,300640,德艺文创,6.26,6.33,6.43,6.19,8550400.0
20260929,300641,正丹股份,13.0,12.88,13.05,12.88,2617500.0
20260929,300642,透景生命,20.5,19.88,21.59,19.83,25954300.0
20260929,300643,万通智控,17.25,18.22,18.36,17.09,6146900.0
20260929,300644,南京聚隆,20.65,20.93,21.12,20.42,1801800.0
20260929,300645,正元智慧,13.82,14.09,14.16,13.82,2641800.0
20260929,300647,超频三,9.45,9.68,9.88,9.1,80676400.0
20260929,300648,星云股份,37.48,37.96,38.33,37.24,1182700.0
20260929,300649,杭州园林,26.64,26.8,27.03,26.31,2899800.0
20260929,300650,太龙股份,12.25,12.18,12.35,12.09,3071800.0
20260929,300651,金陵体育,15.96,16.0,16.2,15.82,2178300.0
20260929,300652,雷迪克,27.86,27.63,28.1,27.16,2452900.0
20260929,300653,正海生物,15.5,15.74,15.88,15.41,2219000.0
20260929,300654,世纪天鸿,9.3,9.61,9.81,9.3,9602900.0
20260929,300655,晶瑞电材,12.75,12.65,12.86,12.57,22039200.0
20260929,300656,民德电子,28.26,29.73,30.6,28.08,8547100.0
20260929,300657,弘信电子,33.11,34.16,34.74,33.08,16377900.0
20260929,300658,延江股份,10.12,10.41,10.59,10.09,6181000.0
20260929,300659,中孚信息,11.5,11.3,11.57,11.06,22961600.0
20260929,300660,江苏雷利,23.31,23.51,23.69,23.12,2904500.0
20260929,300661,圣邦股份,115.98,112.8,117.96,111.11,10625400.0
20260929,300662,科锐国际,20.28,20.63,20.89,20.21,1681200.0
20260929,300663,科蓝软件,7.4,7.45,7.54,7.4,9637200.0
20260929,300664,鹏鹞环保,4.53,4.61,4.65,4.53,5905900.0
20260929,300665,飞鹿股份,8.71,8.74,8.83,8.64,3868800.0
20260929,300666,江丰电子,232.67,230.33,233.5,227.15,6235000.0
20260929,300667,必创科技,14.5,14.72,14.9,14.43,4353300.0
20260929,300668,杰恩股份,31.01,31.06,31.88,30.68,2889500.0
20260929,300669,沪宁股份,24.51,24.54,24.96,24.26,1814200.0
20260929,300670,大烨智能,7.24,7.46,7.59,7.13,11588900.0
20260929,300671,富满微,56.54,58.85,60.3,56.2,14064500.0
20260929,300672,国科微,175.82,186.48,189.46,175.51,9826300.0
20260929,300673,佩蒂股份,14.71,14.88,15.0,14.57,3023200.0
20260929,300674,宇信科技,15.75,15.98,16.02,15.74,7421700.0
20260929,300675,建科院,14.06,14.28,14.85,13.97,14884900.0
20260929,300676,华大基因,44.01,44.16,45.45,43.2,13657600.0
20260929,300677,英科医疗,48.2,49.18,49.92,47.92,8221500.0
20260929,300678,中科信息,20.67,20.94,21.08,20.59,2186400.0
20260929,300679,电连技术,40.6,40.91,41.7,40.5,9919200.0
20260929,300680,隆盛科技,20.22,20.19,20.62,19.98,3426500.0
20260929,300681,英搏尔,21.2,21.94,22.14,20.98,14085400.0
20260929,300682,朗新科技,8.67,8.6,8.72,8.59,8579200.0
20260929,300683,海特生物,25.0,24.93,25.74,24.65,3497800.0
20260929,300684,中石科技,109.32,107.38,112.6,105.33,19144100.0
20260929,300685,艾德生物,20.75,21.0,21.26,20.51,11179600.0
20260929,300686,智动力,14.36,14.68,15.12,14.12,7450700.0
20260929,300687,赛意信息,27.6,29.18,29.46,27.32,12120600.0
20260929,300688,创业黑马,33.1,34.48,35.77,32.55,12096100.0
20260929,300689,澄天伟业,58.88,61.19,61.96,57.5,4239000.0
20260929,300690,双一科技,25.26,26.68,27.35,24.58,17619200.0
20260929,300691,联合光电,20.58,20.54,20.9,20.11,20029800.0
20260929,300692,中赋科技,8.8,8.78,8.97,8.75,8474200.0
20260929,300693,盛弘股份,35.39,36.02,36.18,35.31,5604800.0
20260929,300694,蠡湖股份,10.65,10.73,10.78,10.52,2760300.0
20260929,300695,兆丰股份,48.0,49.48,49.88,48.0,923300.0
20260929,300696,爱乐达,19.4,20.34,20.55,19.35,5183300.0
20260929,300697,电工合金,14.03,14.19,14.25,13.9,5781800.0
20260929,300698,万马科技,26.62,27.13,27.53,26.18,2368900.0
20260929,300699,光威复材,22.52,22.61,22.74,22.5,4213700.0
20260929,300700,岱勒新材,16.66,17.13,17.54,16.66,5573100.0
20260929,300701,森霸传感,9.89,10.07,10.18,9.85,3366600.0
20260929,300702,天宇股份,21.85,22.02,22.26,21.29,5483800.0
20260929,300703,创源股份,13.75,13.96,14.19,13.5,6117300.0
20260929,300705,九典制药,10.77,10.67,10.96,10.65,3852000.0
20260929,300706,阿石创,47.6,47.74,48.52,47.23,4076100.0
20260929,300707,威唐工业,12.03,12.21,12.26,11.91,2974800.0
20260929,300708,聚灿光电,9.08,9.13,9.29,9.05,20416400.0
20260929,300709,精研科技,35.41,35.1,35.59,34.9,4467400.0
20260929,300710,万隆光电,29.84,29.97,30.29,29.62,2423700.0
20260929,300711,广哈通信,16.88,17.35,17.44,16.85,3914700.0
20260929,300712,永福股份,19.73,19.92,20.21,19.55,1211200.0
20260929,300713,英可瑞,13.66,14.26,14.57,13.31,6431600.0
20260929,300715,凯伦股份,13.88,13.76,14.14,13.73,5564400.0
20260929,300717,华信新材,19.07,19.73,19.83,18.87,3299100.0
20260929,300718,长盛轴承,56.0,55.21,56.35,54.35,9357100.0
20260929,300719,安达维尔,11.7,11.88,11.92,11.68,2159500.0
20260929,300720,海川智能,58.2,57.17,58.69,57.0,5104400.0
20260929,300721,怡达股份,20.74,20.7,21.05,20.5,5156200.0
20260929,300722,新余国科,20.95,20.85,21.07,20.74,1282200.0
20260929,300723,一品红,32.51,32.6,33.14,32.2,2890200.0
20260929,300724,捷佳伟创,53.27,53.93,54.19,53.01,4748400.0
20260929,300725,药石科技,51.59,52.23,55.54,51.02,23938600.0
20260929,300726,宏达电子,51.79,53.03,54.0,51.78,8729600.0
20260929,300727,润禾材料,32.91,33.53,34.51,32.67,4436600.0
20260929,300729,乐歌股份,11.24,11.15,11.32,11.11,3034700.0
20260929,300730,科创信息,11.18,11.77,11.84,11.15,7050500.0
20260929,300731,科创新源,45.2,44.94,46.35,44.88,6481000.0
20260929,300732,设研院,5.75,5.9,5.92,5.7,5046700.0
20260929,300733,西菱动力,12.89,12.71,13.05,12.7,3909600.0
20260929,300735,光弘科技,17.56,17.84,18.08,17.51,7712700.0
20260929,300736,百邦科技,33.62,34.38,36.19,33.37,4460000.0
20260929,300737,科顺股份,4.43,4.61,4.65,4.43,24373400.0
20260929,300738,奥飞数据,18.62,18.69,18.85,18.5,15421300.0
20260929,300739,明阳电路,28.01,29.79,30.2,27.61,22420400.0
20260929,300740,水羊股份,20.2,20.68,21.19,19.99,24377300.0
20260929,300741,华宝股份,25.59,25.43,27.39,24.65,23580200.0
20260929,300743,天地数码,14.46,14.59,14.67,14.3,1688000.0
20260929,300745,欣锐科技,25.94,26.9,26.97,25.93,5053200.0
20260929,300746,汉嘉数智,14.84,16.81,17.14,14.81,19291400.0
20260929,300747,锐科激光,36.0,36.4,36.76,35.75,11466400.0
20260929,300748,金力永磁,24.0,23.99,24.25,23.95,9129500.0
20260929,300749,顶固集创,22.05,22.06,22.7,21.85,4278500.0
20260929,300750,宁德时代,291.0,286.8,293.19,285.74,29875700.0
20260929,300751,迈为股份,180.21,182.04,184.69,179.36,2870900.0
20260929,300752,隆利科技,12.74,13.04,13.1,12.59,4356400.0
20260929,300753,爱朋医疗,20.55,20.54,20.99,20.07,2786800.0
20260929,300755,华致酒行,11.0,11.08,11.26,11.0,5603200.0
20260929,300756,金马游乐,31.88,30.08,31.88,29.8,5466500.0
20260929,300757,罗博特科,533.47,529.0,537.6,514.22,5436500.0
20260929,300758,七彩化学,10.96,11.09,11.16,10.88,4408400.0
20260929,300759,康龙化成,42.85,42.98,44.95,42.27,37553100.0
20260929,300760,迈瑞医疗,158.13,159.01,159.66,157.21,6215100.0
20260929,300761,立华股份,20.84,20.86,21.14,20.56,6871400.0
20260929,300762,上海瀚讯,24.95,24.83,25.22,24.66,9862600.0
20260929,300763,锦浪科技,52.25,52.62,52.97,51.89,5279100.0
20260929,300765,石药创新,43.6,44.08,44.8,43.5,10173400.0
20260929,300766,每日互动,21.01,21.54,21.74,21.0,9617000.0
20260929,300767,震安科技,19.35,19.66,19.91,19.17,6426800.0
20260929,300768,迪普科技,15.0,15.17,15.41,14.86,8063700.0
20260929,300769,德方纳米,38.61,39.27,39.99,38.41,8782600.0
20260929,300770,新媒股份,34.71,35.22,35.44,34.68,3195400.0
20260929,300771,智莱科技,11.2,11.41,11.5,11.12,3763500.0
20260929,300772,运达股份,9.71,10.08,10.25,9.52,32820600.0
20260929,300773,拉卡拉,14.33,14.47,14.55,14.33,15973500.0
20260929,300774,倍杰特,9.51,9.74,9.85,9.47,5554400.0
20260929,300775,三角防务,20.15,19.98,20.28,19.92,6637400.0
20260929,300776,帝尔激光,125.68,126.79,129.5,123.0,12240900.0
20260929,300777,中简科技,20.0,20.04,20.23,19.85,4651500.0
20260929,300778,新城市,10.96,11.15,11.22,10.74,4780600.0
20260929,300779,惠城环保,50.6,50.68,52.41,50.33,5750500.0
20260929,300780,德恩精工,19.07,19.01,19.23,18.71,2971200.0
20260929,300781,因赛集团,25.7,27.65,28.0,25.6,5951600.0
20260929,300782,卓胜微,70.13,70.08,70.86,69.54,7589300.0
20260929,300783,三只松鼠,16.42,16.33,16.53,16.25,3254000.0
20260929,300784,利安科技,41.97,42.86,43.18,41.97,428800.0
20260929,300785,值得买,33.99,37.11,38.2,33.49,23395100.0
20260929,300786,国林科技,14.26,14.32,14.44,14.01,4577700.0
20260929,300787,海能实业,11.56,11.87,12.0,11.43,6694300.0
20260929,300788,中信出版,28.59,30.38,30.75,28.48,12901300.0
20260929,300789,唐源电气,15.9,16.03,16.25,15.88,1466100.0
20260929,300790,宇瞳光学,18.02,18.11,18.38,17.89,13236200.0
20260929,300791,仙乐健康,17.52,17.69,17.82,17.16,1947900.0
20260929,300792,壹网壹创,23.86,24.69,24.93,23.64,9046700.0
20260929,300793,佳禾智能,11.85,11.85,11.93,11.77,3201800.0
20260929,300795,米奥会展,12.66,12.78,13.09,12.47,14672200.0
20260929,300796,贝斯美,6.89,6.92,6.96,6.82,2706500.0
20260929,300797,钢研纳克,13.04,13.09,13.23,12.96,3257000.0
20260929,300798,锦鸡股份,8.2,8.42,8.56,8.11,21798000.0
20260929,300800,力合科技,10.54,10.72,10.78,10.41,2820900.0
20260929,300801,泰和科技,20.71,21.3,21.4,20.67,2367300.0
20260929,300802,矩子科技,25.01,24.58,25.4,24.38,6893900.0
20260929,300803,指南针,53.7,54.62,54.98,53.7,11303900.0
20260929,300804,广康生化,43.73,49.26,50.0,43.73,2763900.0
20260929,300805,电声股份,8.41,8.86,8.91,8.36,16234000.0
20260929,300806,斯迪克,47.98,49.11,49.5,47.25,15409200.0
20260929,300807,天迈科技,34.9,35.58,35.94,34.45,1016800.0
20260929,300808,久量股份,20.07,20.16,20.3,19.82,2273800.0
20260929,300809,华辰装备,23.82,23.84,24.1,23.44,2438900.0
20260929,300810,中科海讯,24.21,24.45,24.64,24.0,1499100.0
20260929,300811,铂科新材,77.3,80.62,81.56,77.0,7419200.0
20260929,300812,易天股份,19.09,19.07,19.36,18.86,4442500.0
20260929,300813,泰林生物,22.12,22.31,22.56,21.81,1897600.0
20260929,300814,中富电路,125.5,127.31,129.09,124.08,4220800.0
20260929,300815,玉禾田,15.15,15.05,15.19,14.92,2105800.0
20260929,300816,艾可蓝,58.21,58.27,59.3,57.93,1492700.0
20260929,300817,双飞集团,17.17,17.04,17.4,16.88,10486000.0
20260929,300818,耐普矿机,15.76,16.0,16.08,15.76,2811800.0
20260929,300819,聚杰微纤,44.71,44.75,45.76,44.35,1929600.0
20260929,300820,英杰电气,67.19,66.86,68.1,66.11,3905800.0
20260929,300821,东岳硅材,14.59,14.45,14.69,14.4,25229200.0
20260929,300822,贝仕达克,11.34,11.38,11.55,11.15,2020800.0
20260929,300823,建科智能,14.5,14.91,14.99,14.35,2149800.0
20260929,300824,北鼎股份,7.96,8.2,8.28,7.95,11024900.0
20260929,300825,阿尔特,11.57,11.5,11.87,11.43,17802900.0
20260929,300826,测绘股份,14.62,15.0,15.36,14.56,5202800.0
20260929,300827,上能电气,24.54,24.51,24.77,24.4,4992900.0
20260929,300828,锐新科技,17.85,17.83,18.26,17.41,12260900.0
20260929,300829,金丹科技,22.46,22.97,23.79,22.0,32576600.0
20260929,300830,金现代,7.82,8.06,8.14,7.82,9536000.0
20260929,300832,新产业,49.39,49.57,49.88,49.1,4076700.0
20260929,300833,浩洋股份,44.21,44.1,44.9,43.13,2071000.0
20260929,300834,星辉环材,38.02,37.98,38.64,37.61,1141400.0
20260929,300835,龙磁科技,184.99,194.21,197.68,184.7,3517500.0
20260929,300836,佰奥智能,53.64,53.59,54.55,53.0,1586200.0
20260929,300837,浙矿股份,21.8,22.63,22.92,21.8,1414700.0
20260929,300838,浙江力诺,14.29,14.59,14.68,14.21,2111900.0
20260929,300839,博汇股份,12.58,12.71,12.86,12.55,3683200.0
20260929,300840,酷特智能,18.78,18.59,18.8,18.22,6086500.0
20260929,300841,康华生物,54.88,54.64,55.3,54.0,2365800.0
20260929,300842,帝科股份,60.0,59.84,60.79,59.43,2757700.0
20260929,300843,胜蓝股份,116.82,119.16,120.42,115.15,4478300.0
20260929,300844,山水比德,24.17,25.15,25.35,24.17,2844900.0
20260929,300845,捷安高科,14.28,14.34,14.55,14.14,6860400.0
20260929,300846,首都在线,18.52,18.75,19.08,18.52,11710600.0
20260929,300847,中船汉光,14.41,14.45,14.65,14.37,6188800.0
20260929,300848,美瑞新材,10.75,10.95,11.04,10.75,1547300.0
20260929,300849,锦盛新材,21.48,21.3,22.08,21.16,2150100.0
20260929,300850,新强联,29.89,32.0,32.0,29.18,35586600.0
20260929,300851,交大思诺,24.89,25.17,25.35,24.5,1275600.0
20260929,300852,四会富仕,68.17,75.69,76.77,67.25,14733400.0
20260929,300853,申昊科技,29.01,29.75,30.56,28.85,3415400.0
20260929,300854,中兰环保,15.02,15.19,15.36,14.88,2776300.0
20260929,300855,图南股份,33.85,33.73,34.03,33.26,2962400.0
20260929,300856,科思股份,10.28,10.33,10.37,10.26,1190000.0
20260929,300857,协创数据,245.05,246.39,249.98,242.35,8733400.0
20260929,300858,科拓生物,14.59,14.7,14.82,14.49,3173400.0
20260929,300859,西域旅游,23.07,22.85,23.37,22.83,2364200.0
20260929,300860,锋尚文化,28.84,29.01,29.5,28.38,2971700.0
20260929,300861,美畅股份,15.19,15.21,15.35,15.13,5637200.0
20260929,300862,蓝盾光电,47.4,46.11,47.86,45.75,20455400.0
20260929,300863,卡倍亿,37.88,37.86,38.52,37.0,3852800.0
20260929,300864,南大环境,25.32,24.74,25.41,24.7,2205800.0
20260929,300865,大宏立,28.99,29.16,29.67,28.55,4636400.0
20260929,300866,安克创新,120.06,124.63,125.75,119.4,3748200.0
20260929,300867,圣元环保,16.9,16.84,17.0,16.75,2407600.0
20260929,300868,杰美特,77.63,75.53,77.63,74.5,2257500.0
20260929,300869,康泰医学,11.39,11.34,11.5,11.27,3186400.0
20260929,300870,欧陆通,180.32,181.4,184.0,178.08,3540600.0
20260929,300871,回盛生物,20.54,20.62,20.85,20.46,2394500.0
20260929,300872,天阳科技,14.81,15.13,15.28,14.72,6360600.0
20260929,300873,海晨股份,14.22,14.6,15.17,14.21,15042400.0
20260929,300875,捷强装备,30.78,31.23,31.43,30.65,1559600.0
20260929,300876,蒙泰高新,15.6,15.61,15.69,15.02,3432100.0
20260929,300877,金春股份,26.3,26.67,26.96,26.1,1521700.0
20260929,300878,维康药业,30.5,29.98,30.5,29.18,1396500.0
20260929,300879,大叶股份,17.37,17.32,17.77,17.12,3659400.0
20260929,300880,迦南智能,18.24,18.23,18.46,18.03,2215600.0
20260929,300881,盛德鑫泰,30.21,30.0,30.25,29.6,618500.0
20260929,300882,万胜智能,13.13,13.2,13.28,13.01,1067400.0
20260929,300883,龙利得,6.4,6.44,6.49,6.29,5097500.0
20260929,300884,狄耐克,12.02,11.94,12.14,11.85,2968700.0
20260929,300885,海昌新材,18.82,18.56,18.82,18.39,1817900.0
20260929,300886,华业香料,23.65,24.06,24.26,23.54,1298600.0
20260929,300887,谱尼测试,6.95,6.97,7.05,6.9,6123200.0
20260929,300888,稳健医疗,29.24,28.88,29.3,28.81,2334900.0
20260929,300889,爱克股份,21.37,21.76,21.98,21.19,3770700.0
20260929,300890,翔丰华,25.7,27.17,27.68,25.7,13058100.0
20260929,300891,惠云钛业,7.45,7.7,7.8,7.43,6382100.0
20260929,300892,品渥食品,22.28,22.47,22.72,22.11,1974500.0
20260929,300893,松原安全,13.29,12.61,13.31,12.52,7772300.0
20260929,300894,火星人,9.93,9.95,10.04,9.82,4886500.0
20260929,300895,铜牛信息,60.59,58.47,60.68,58.18,4149600.0
20260929,300896,爱美客,91.9,91.93,94.17,91.68,2053000.0
20260929,300897,山科智能,17.0,16.7,17.24,16.51,3595400.0
20260929,300898,熊猫乳品,19.98,20.12,20.29,19.75,3826400.0
20260929,300899,上海凯鑫,29.8,30.64,30.77,29.69,683300.0
20260929,300900,广联航空,21.58,22.1,22.12,21.47,11750600.0
20260929,300901,中胤时尚,16.73,16.77,17.11,16.5,3501400.0
20260929,300902,国安达,17.7,18.17,18.72,17.54,5016800.0
20260929,300903,科翔股份,93.72,96.5,98.86,92.97,15076000.0
20260929,300904,威力传动,46.8,46.94,48.82,44.8,3809200.0
20260929,300905,宝丽迪,35.05,38.05,39.26,34.8,12246200.0
20260929,300906,日月明,28.16,28.57,28.68,27.88,976800.0
20260929,300907,康平科技,50.85,51.5,52.28,50.25,2608000.0
20260929,300908,仲景食品,17.28,16.88,17.29,16.82,2127600.0
20260929,300909,汇创达,60.1,66.43,66.79,59.57,6386000.0
20260929,300910,瑞丰新材,27.23,28.09,28.13,27.08,4329300.0
20260929,300911,亿田智能,32.53,32.8,35.0,31.8,14931600.0
20260929,300912,凯龙高科,19.38,19.52,19.77,19.31,1929200.0
20260929,300913,兆龙互连,35.41,36.25,36.66,35.39,8545400.0
20260929,300915,海融科技,23.28,23.38,23.57,22.74,1800600.0
20260929,300916,朗特智能,27.5,27.29,28.14,27.03,2698800.0
20260929,300917,特发服务,33.3,36.18,36.62,32.1,30251300.0
20260929,300918,南山智尚,10.62,10.65,10.84,10.55,4268000.0
20260929,300919,中伟新材,36.15,37.22,37.26,36.15,8426300.0
20260929,300920,润阳科技,31.39,30.83,31.88,30.6,1284100.0
20260929,300921,南凌科技,15.63,16.38,16.5,15.41,8277900.0
20260929,300922,天秦装备,16.95,17.06,17.25,16.91,2863200.0
20260929,300923,研奥股份,23.74,23.97,24.24,23.51,1199500.0
20260929,300925,法本信息,13.64,13.82,13.89,13.44,4611400.0
20260929,300926,博俊科技,16.07,15.82,16.15,15.8,3015000.0
20260929,300927,江天化学,27.01,26.47,27.01,26.33,4197500.0
20260929,300928,华安鑫创,24.13,24.67,24.93,23.97,1379300.0
20260929,300929,华骐环保,15.6,15.82,16.16,15.6,2234900.0
20260929,300930,屹通新材,25.39,25.87,26.1,25.04,936700.0
20260929,300931,通用电梯,16.8,17.03,17.5,16.5,14013800.0
20260929,300932,三友联众,10.8,11.02,11.1,10.63,8735000.0
20260929,300933,中辰股份,6.32,6.47,6.51,6.28,8055200.0
20260929,300935,盈建科,26.92,27.56,27.97,26.78,1194200.0
20260929,300936,中英科技,72.08,73.41,74.74,70.05,2644200.0
20260929,300937,药易购,24.58,24.09,24.58,23.77,1849300.0
20260929,300938,信测标准,30.6,30.93,31.88,29.7,10125700.0
20260929,300939,秋田微,97.0,99.99,102.65,95.0,4626300.0
20260929,300940,南极光,13.33,13.61,13.67,13.31,2608200.0
20260929,300941,创识科技,14.81,15.14,15.25,14.81,2215600.0
20260929,300942,易瑞生物,6.52,6.58,6.65,6.45,3164100.0
20260929,300943,春晖智控,32.3,32.43,32.99,31.75,7257900.0
20260929,300945,曼卡龙,11.14,11.25,11.33,11.03,3670100.0
20260929,300946,恒而达,35.8,36.5,37.09,35.8,745600.0
20260929,300947,德必集团,15.34,15.95,16.1,15.14,5389200.0
20260929,300948,冠中生态,17.93,17.86,18.3,17.78,3051600.0
20260929,300949,奥雅股份,23.61,24.35,24.54,23.51,955300.0
20260929,300950,德固特,20.51,20.25,20.84,20.2,2349300.0
20260929,300951,博硕科技,78.0,78.69,81.0,75.33,6204900.0
20260929,300952,恒辉安防,16.79,16.58,16.95,16.39,3696900.0
20260929,300953,震裕科技,93.75,93.0,94.5,91.28,4813200.0
20260929,300955,嘉亨家化,27.63,27.74,28.38,27.63,1305200.0
20260929,300956,英力股份,10.97,11.32,11.42,10.97,3545800.0
20260929,300957,贝泰妮,32.38,32.31,32.75,32.12,4277200.0
20260929,300958,建工修复,12.34,12.6,12.64,12.22,2010500.0
20260929,300959,线上线下,85.88,90.09,93.6,84.11,3297600.0
20260929,300960,通业科技,18.54,19.35,19.75,18.54,6248900.0
20260929,300961,深水海纳,11.6,12.13,12.39,11.48,8341900.0
20260929,300962,中金辐照,12.98,12.92,13.13,12.89,1677800.0
20260929,300963,中洲特材,10.75,10.72,10.85,10.68,3593900.0
20260929,300964,本川智能,71.45,74.31,75.2,71.45,5186300.0
20260929,300965,恒宇信通,41.83,42.44,42.75,41.2,463100.0
20260929,300966,共同药业,24.48,25.02,25.43,24.18,1818100.0
20260929,300967,晓鸣股份,16.05,15.94,16.16,15.9,2469000.0
20260929,300968,格林精密,9.55,9.65,9.72,9.45,3640700.0
20260929,300969,恒帅股份,74.08,74.88,76.3,72.78,1150400.0
20260929,300970,华绿生物,17.0,16.95,17.26,16.7,5993600.0
20260929,300971,博亚精工,17.43,17.8,17.91,17.32,1882600.0
20260929,300972,万辰集团,154.77,150.5,154.77,149.0,1593600.0
20260929,300973,立高食品,25.57,25.44,25.8,25.26,1783300.0
20260929,300975,商络电子,24.03,24.11,24.39,23.73,21687400.0
20260929,300976,达瑞电子,57.8,58.37,59.32,56.95,2831700.0
20260929,300977,深圳瑞捷,19.29,19.94,20.38,18.4,5638000.0
20260929,300978,东箭科技,8.71,8.85,8.93,8.7,3537800.0
20260929,300979,华利集团,33.75,33.85,34.14,33.55,2325400.0
20260929,300980,祥源新材,22.87,22.9,23.28,22.75,2745600.0
20260929,300981,中红医疗,18.71,17.9,18.9,17.66,22214500.0
20260929,300982,苏文电能,14.22,14.38,14.5,14.14,1452400.0
20260929,300983,尤安设计,37.32,37.93,38.0,36.7,805100.0
20260929,300984,金沃股份,30.62,32.9,33.5,30.22,7007700.0
20260929,300985,致远新能,34.89,34.79,35.59,34.23,1681800.0
20260929,300986,志特新材,11.08,11.15,11.3,11.01,11328100.0
20260929,300987,川网传媒,14.03,14.59,14.84,13.99,7934500.0
20260929,300988,津荣天宇,16.13,16.55,16.87,16.05,5100300.0
20260929,300989,蕾奥规划,14.73,14.85,14.91,14.54,2474300.0
20260929,300990,同飞股份,98.41,98.41,100.7,97.27,3595300.0
20260929,300991,创益通,25.67,27.14,27.48,25.67,4323900.0
20260929,300992,泰福泵业,27.64,27.69,28.15,27.3,1908700.0
20260929,300993,玉马科技,9.77,9.82,9.93,9.64,2265600.0
20260929,300994,久祺股份,11.43,11.55,11.66,11.2,2230200.0
20260929,300995,奇德新材,25.9,26.48,26.69,25.2,1142000.0
20260929,300996,普联软件,11.96,12.2,12.36,11.96,9864200.0
20260929,300997,欢乐家,15.01,14.92,15.13,14.78,4841000.0
20260929,300998,宁波方正,29.7,29.28,29.97,29.22,2803900.0
20260929,300999,金龙鱼,24.1,23.97,24.24,23.9,7179100.0
20260929,301000,肇民科技,23.81,23.52,23.95,23.35,1760200.0
20260929,301001,凯淳股份,25.25,25.79,25.97,25.02,976000.0
20260929,301002,崧盛股份,26.05,28.07,28.6,25.72,4979700.0
20260929,301003,江苏博云,57.78,57.26,57.78,55.86,1397200.0
20260929,301004,嘉益股份,36.9,36.49,38.3,35.33,3290500.0
20260929,301005,超捷股份,58.17,57.37,58.91,57.14,3933900.0
20260929,301006,迈拓股份,13.83,14.1,14.15,13.73,1310100.0
20260929,301007,德迈仕,30.31,31.7,32.08,30.04,2360500.0
20260929,301008,宏昌科技,54.88,54.5,55.39,52.33,11563400.0
20260929,301009,可靠股份,9.29,9.31,9.33,9.15,1705300.0
20260929,301010,晶雪节能,19.47,19.7,20.01,19.21,3967200.0
20260929,301011,华立科技,15.36,15.66,15.72,15.24,3274400.0
20260929,301012,扬电科技,22.12,22.09,22.35,22.02,2691500.0
20260929,301013,利和兴,34.56,34.0,34.69,33.82,9041800.0
20260929,301015,百洋医药,25.1,25.04,25.63,24.62,4986400.0
20260929,301016,雷尔伟,15.27,15.27,15.45,14.81,3003300.0
20260929,301017,漱玉平民,13.12,14.04,14.05,12.8,14001300.0
20260929,301018,申菱环境,91.69,91.5,92.51,90.28,6123200.0
20260929,301019,宁波色母,15.65,15.9,16.07,15.5,1909000.0
20260929,301020,密封科技,22.5,22.17,22.55,21.96,5669300.0
20260929,301021,英诺激光,79.85,80.29,82.25,79.11,5734500.0
20260929,301022,海泰科,22.5,22.57,22.74,21.88,1013800.0
20260929,301023,奕帆传动,29.0,30.18,30.45,28.6,2686000.0
20260929,301024,霍普股份,33.64,33.88,35.08,33.63,1063300.0
20260929,301025,读客文化,9.84,10.1,10.17,9.69,9137700.0
20260929,301026,浩通科技,18.4,18.61,18.77,18.4,1923000.0
20260929,301027,华蓝集团,18.88,18.42,19.04,18.41,2986000.0
20260929,301028,鼎熔岩,13.05,13.16,13.39,12.94,4015200.0
20260929,301029,怡合达,24.22,24.25,24.53,23.99,4830500.0
20260929,301031,中熔电气,95.0,95.34,95.75,93.8,1174700.0
20260929,301032,新柴股份,10.26,10.44,10.5,10.2,3059500.0
20260929,301033,迈普医学,54.57,53.39,55.11,53.0,694200.0
20260929,301035,润丰股份,49.0,48.88,49.29,48.08,1604600.0
20260929,301036,双乐股份,22.11,22.65,22.78,22.06,974500.0
20260929,301037,保立佳,13.18,13.35,13.4,13.0,2327200.0
20260929,301038,深水规院,16.3,17.41,17.8,16.3,6962400.0
20260929,301039,中集车辆,7.21,7.15,7.27,7.1,12547600.0
20260929,301040,中环海陆,26.02,26.3,26.41,25.42,1034900.0
20260929,301041,金百泽,35.77,39.49,41.2,35.03,18977100.0
20260929,301042,安联锐视,29.01,29.61,29.99,28.92,2171400.0
20260929,301043,绿岛风,48.34,48.46,49.05,47.41,913500.0
20260929,301045,天禄科技,65.9,65.68,66.98,65.09,1766600.0
20260929,301046,能辉科技,33.11,33.43,34.15,32.81,3617600.0
20260929,301047,义翘神州,138.06,143.26,152.5,137.35,10492500.0
20260929,301048,金鹰重工,8.9,9.06,9.14,8.89,2840700.0
20260929,301049,超越科技,20.41,21.06,21.18,20.39,1022200.0
20260929,301050,雷电微力,26.89,26.92,27.18,26.81,1802500.0
20260929,301051,信濠光电,17.37,17.83,18.02,17.2,6252400.0
20260929,301052,果麦文化,23.61,24.61,24.9,23.35,4628400.0
20260929,301053,远信工业,35.0,33.82,35.0,33.8,1471300.0
20260929,301055,张小泉,30.03,29.69,30.03,29.03,1561500.0
20260929,301056,森赫股份,13.02,13.03,13.24,12.78,2771300.0
20260929,301057,汇隆新材,22.28,23.93,24.39,21.91,6439300.0
20260929,301058,中粮科工,8.54,8.49,8.65,8.44,5962400.0
20260929,301059,金三江,13.05,13.0,13.12,12.8,2298100.0
20260929,301060,兰卫医学,11.8,11.78,12.3,11.55,15441300.0
20260929,301061,匠心家居,40.9,40.19,41.26,39.65,3004600.0
20260929,301062,上海艾录,6.86,6.93,7.03,6.81,4428700.0
20260929,301063,海锅股份,18.53,19.14,19.36,18.29,3564300.0
20260929,301065,本立科技,20.0,20.04,20.18,19.81,1404500.0
20260929,301066,万事利,12.4,12.43,12.6,12.26,3139400.0
20260929,301067,显盈科技,32.16,32.9,33.23,32.1,1679300.0
20260929,301068,大地海洋,23.99,23.64,24.27,23.55,1275200.0
20260929,301069,凯盛新材,15.31,15.47,15.67,15.3,2639500.0
20260929,301070,开勒股份,64.37,64.55,65.6,63.06,1618100.0
20260929,301071,力量钻石,65.3,63.78,65.34,63.01,12878200.0
20260929,301072,中捷精工,44.99,45.16,46.49,44.54,2095200.0
20260929,301073,君亭酒店,17.15,17.14,17.47,17.1,3598600.0
20260929,301075,多瑞医药,63.78,64.02,64.65,63.21,679200.0
20260929,301076,新瀚新材,20.8,20.61,20.8,20.29,2014300.0
20260929,301077,星华新材,21.52,21.49,21.7,21.13,957200.0
20260929,301078,孩子王,6.82,6.86,6.91,6.82,8373600.0
20260929,301079,邵阳液压,27.0,26.69,27.33,26.66,2467000.0
20260929,301080,百普赛斯,120.64,123.0,127.47,117.0,14356500.0
20260929,301081,严牌股份,17.51,18.78,18.98,17.07,12930100.0
20260929,301082,久盛电气,9.62,9.64,9.71,9.46,3183700.0
20260929,301083,百胜智能,14.3,14.36,14.53,14.11,1613000.0
20260929,301085,亚康股份,76.9,76.33,77.6,74.61,4307200.0
20260929,301086,鸿富瀚,157.0,157.31,160.27,155.72,2038000.0
20260929,301087,可孚医疗,53.2,52.69,53.46,52.2,1649100.0
20260929,301088,戎美股份,13.39,13.61,13.61,13.18,1030100.0
20260929,301089,拓新药业,24.39,24.18,24.66,24.0,1829700.0
20260929,301090,华润材料,6.95,6.88,6.96,6.86,4598700.0
20260929,301091,深城交,19.55,20.23,20.58,19.42,8678100.0
20260929,301092,争光股份,42.39,42.6,43.35,41.88,966200.0
20260929,301093,华兰股份,62.25,63.11,64.2,61.8,3724900.0
20260929,301095,广立微,70.19,70.42,71.0,69.77,3010400.0
20260929,301096,百诚医药,46.1,47.09,48.29,45.62,2731500.0
20260929,301097,天益医疗,34.3,34.52,35.22,34.0,848900.0
20260929,301098,金埔园林,8.62,8.74,8.79,8.49,5000300.0
20260929,301099,雅创电子,56.1,54.28,56.97,53.8,15827700.0
20260929,301100,风光股份,16.33,16.04,16.44,15.81,3247300.0
20260929,301101,明月镜片,29.99,30.23,30.47,29.6,1213900.0
20260929,301102,兆讯传媒,9.47,9.53,9.59,9.33,2234100.0
20260929,301103,何氏眼科,16.5,17.02,17.77,16.5,5167600.0
20260929,301105,鸿铭股份,48.26,49.22,49.78,48.01,503100.0
20260929,301106,骏成科技,18.6,18.93,19.06,18.53,1598400.0
20260929,301107,瑜欣电子,23.26,23.99,24.1,22.93,2696300.0
20260929,301108,洁雅股份,52.55,55.39,55.68,50.1,3987100.0
20260929,301109,军信股份,12.58,12.72,12.76,12.54,2278300.0
20260929,301110,青木科技,35.56,36.2,36.8,35.15,2438400.0
20260929,301111,粤万年青,21.5,22.0,22.19,21.38,3470900.0
20260929,301112,信邦智能,29.4,29.84,30.09,29.18,506300.0
20260929,301113,雅艺科技,17.57,17.79,17.95,17.47,968400.0
20260929,301115,联检科技,33.56,34.43,35.58,33.56,6281800.0
20260929,301116,益客食品,9.1,9.18,9.24,9.06,2870200.0
20260929,301118,恒光股份,22.92,23.2,23.4,22.86,2008900.0
20260929,301119,正强股份,26.25,26.07,26.89,25.84,2191300.0
20260929,301120,新特电气,14.1,14.39,14.49,14.05,3572900.0
20260929,301121,紫建电子,35.05,35.92,36.13,35.05,1019100.0
20260929,301122,采纳股份,65.78,67.91,71.5,64.0,11680500.0
20260929,301123,奕东电子,69.59,69.95,70.95,68.78,3648500.0
20260929,301125,腾亚精工,14.49,14.79,14.9,14.15,4400100.0
20260929,301126,达嘉维康,10.59,10.54,10.59,10.21,2689300.0
20260929,301127,武汉天源,14.96,15.47,15.68,14.78,16262000.0
20260929,301128,强瑞技术,106.58,107.6,108.68,106.0,3581800.0
20260929,301129,瑞纳智能,23.49,23.73,24.01,23.44,1541000.0
20260929,301130,西点药业,27.91,27.98,28.87,27.6,3331000.0
20260929,301131,聚赛龙,33.37,34.05,34.18,33.0,879900.0
20260929,301132,满坤科技,64.26,71.42,73.5,63.5,16027900.0
20260929,301133,金钟股份,25.6,25.81,26.06,24.6,1790400.0
20260929,301135,瑞德智能,18.01,18.49,18.63,17.95,2299600.0
20260929,301136,招标股份,12.55,12.35,13.0,12.31,21485600.0
20260929,301137,哈焊华通,30.11,30.13,30.48,30.0,1527200.0
20260929,301138,华研精机,28.58,28.75,28.82,28.3,830800.0
20260929,301141,中科磁业,35.83,35.81,36.19,35.46,995100.0
20260929,301148,嘉戎技术,57.0,58.3,59.15,57.0,924200.0
20260929,301149,隆华新材,7.5,7.91,7.95,7.46,35952400.0
20260929,301150,中一科技,42.02,44.02,45.43,41.66,38475100.0
20260929,301151,冠龙节能,20.82,21.14,21.32,20.67,2824900.0
20260929,301152,天力锂能,20.75,22.49,23.35,20.75,12247900.0
20260929,301153,中科江南,16.78,17.25,17.33,16.78,2319000.0
20260929,301155,海力风电,41.95,43.6,44.25,40.7,7560700.0
20260929,301156,美农生物,11.85,11.87,11.92,11.65,3232800.0
20260929,301157,华塑科技,63.19,63.28,64.31,62.48,435900.0
20260929,301158,德石股份,14.11,14.17,14.3,14.0,2121500.0
20260929,301159,三维天地,31.73,32.08,32.55,31.21,1210400.0
20260929,301160,翔楼新材,41.29,41.35,41.88,40.68,2501800.0
20260929,301161,唯万密封,29.37,29.19,29.6,28.93,1706500.0
20260929,301162,国能日新,36.75,37.36,37.6,36.11,1063800.0
20260929,301163,宏德股份,23.68,23.64,23.94,23.41,1316200.0
20260929,301165,锐捷网络,102.13,102.89,103.89,101.33,7665500.0
20260929,301166,优宁维,33.09,32.96,33.64,32.18,2092800.0
20260929,301167,建研设计,13.5,13.73,13.8,13.3,2011100.0
20260929,301168,通灵股份,39.6,41.47,41.9,39.6,1402300.0
20260929,301169,零点有数,50.84,51.07,51.73,50.32,797200.0
20260929,301170,锡南科技,23.1,23.18,23.35,22.87,744400.0
20260929,301171,易点天下,32.32,33.64,33.87,31.96,40808600.0
20260929,301172,君逸数码,17.35,17.68,18.04,17.33,6223700.0
20260929,301173,毓恬冠佳,33.11,33.87,33.97,33.11,688500.0
20260929,301175,中科环保,5.52,5.59,5.6,5.5,9138600.0
20260929,301176,逸豪新材,52.08,55.26,56.2,52.08,11352800.0
20260929,301177,迪阿股份,22.8,22.97,23.21,22.58,788100.0
20260929,301178,天亿马,34.83,34.75,35.1,34.34,1269900.0
20260929,301179,泽宇智能,19.43,19.48,19.8,19.3,1778400.0
20260929,301180,万祥科技,11.36,11.92,11.97,11.26,3943500.0
20260929,301181,标榜股份,25.64,25.59,26.2,25.52,1633900.0
20260929,301182,凯旺科技,61.62,60.6,61.93,60.17,2250300.0
20260929,301183,东田微,286.24,292.12,296.28,279.0,3648100.0
20260929,301185,鸥玛软件,17.22,17.36,17.48,17.13,1376100.0
20260929,301186,超达装备,33.36,32.98,33.9,32.73,2522600.0
20260929,301187,欧圣电气,15.66,15.87,15.99,15.35,4709200.0
20260929,301188,力诺药包,33.57,33.4,33.88,32.86,11055600.0
20260929,301189,奥尼电子,70.2,68.73,70.46,68.45,4079200.0
20260929,301190,善水科技,26.0,29.94,29.94,24.5,20931700.0
20260929,301191,菲菱科思,78.23,78.47,79.45,77.89,2201600.0
20260929,301192,泰祥股份,19.65,20.22,20.38,19.42,1419700.0
20260929,301193,家联科技,22.43,22.17,22.71,21.91,5823900.0
20260929,301195,北路智控,26.73,26.96,27.18,26.67,689800.0
20260929,301196,唯科科技,81.38,84.4,86.05,81.38,4180600.0
20260929,301197,工大科雅,26.21,26.61,27.54,26.03,2382900.0
20260929,301198,喜悦智行,13.78,14.2,14.37,13.51,4435900.0
20260929,301199,迈赫股份,18.09,18.27,18.38,17.99,1026600.0
20260929,301200,大族数控,233.38,230.9,233.69,227.88,2354300.0
20260929,301201,诚达药业,29.35,29.32,30.13,28.95,5235200.0
20260929,301202,朗威股份,36.32,36.76,37.08,36.01,883000.0
20260929,301203,国泰环保,33.52,33.56,33.78,33.03,665700.0
20260929,301205,联特科技,267.0,263.48,267.95,258.16,5338900.0
20260929,301206,三元生物,23.3,23.85,23.95,23.28,3017400.0
20260929,301207,华兰疫苗,19.6,19.29,19.89,19.15,9361500.0
20260929,301208,中亦科技,30.23,30.62,30.8,29.6,834500.0
20260929,301209,联合化学,59.17,59.8,62.27,58.23,2086200.0
20260929,301210,金杨精密,29.65,30.14,30.2,29.03,2732500.0
20260929,301211,亨迪药业,12.24,12.44,12.68,12.19,9296900.0
20260929,301212,联盛化学,26.08,26.25,26.7,25.81,1404200.0
20260929,301213,观想科技,42.31,42.14,43.08,41.82,1694600.0
20260929,301215,中汽股份,5.2,5.28,5.31,5.2,6307000.0
20260929,301216,万凯新材,16.4,16.34,16.6,16.29,7064300.0
20260929,301217,铜冠铜箔,99.0,102.25,103.33,98.4,15525700.0
20260929,301218,华是科技,51.6,60.21,61.84,50.87,22370400.0
20260929,301219,腾远钴业,38.92,39.18,39.37,38.8,3218100.0
20260929,301220,亚香股份,29.76,29.63,29.89,29.11,1313700.0
20260929,301221,光庭信息,26.61,27.03,27.34,26.51,1100100.0
20260929,301222,浙江恒威,25.38,25.79,26.69,24.68,2949400.0
20260929,301223,中荣股份,18.08,18.19,18.3,18.03,576900.0
20260929,301225,恒勃股份,57.69,57.59,59.76,56.29,2604700.0
20260929,301226,祥明智能,36.11,37.25,37.55,36.06,4432500.0
20260929,301227,森鹰窗业,31.16,31.36,31.89,30.44,2614400.0
20260929,301228,实朴检测,51.6,51.97,52.9,50.91,1674200.0
20260929,301229,纽泰格,11.74,12.07,12.16,11.68,2743300.0
20260929,301230,泓博医药,38.05,37.75,39.48,36.88,13693700.0
20260929,301231,荣信文化,28.51,29.75,29.99,28.42,3657500.0
20260929,301232,飞沃科技,84.19,80.45,85.26,78.88,5493900.0
20260929,301233,盛帮股份,35.94,35.66,37.0,35.49,2366400.0
20260929,301234,五洲医疗,123.56,134.2,135.2,123.56,2682900.0
20260929,301235,华康洁净,42.25,42.02,43.13,41.8,4249200.0
20260929,301236,软通动力,35.6,35.6,36.08,35.57,8334800.0
20260929,301237,和顺科技,37.2,37.33,38.13,36.5,1291900.0
20260929,301238,瑞泰新材,15.3,15.74,15.85,15.24,8117700.0
20260929,301239,普瑞眼科,31.74,31.73,32.69,31.4,2780300.0
20260929,301246,宏源药业,17.03,17.33,17.52,17.03,4429600.0
20260929,301248,杰创智能,55.53,56.1,57.51,54.74,3374800.0
20260929,301251,威尔高,83.11,87.37,88.58,82.0,15342100.0
20260929,301252,同星科技,37.85,37.0,37.98,36.88,1942500.0
20260929,301255,通力科技,18.93,19.05,19.15,18.5,1254700.0
20260929,301256,华融化学,9.81,9.78,9.9,9.71,2598800.0
20260929,301257,普蕊斯,40.31,40.4,42.76,39.94,3187600.0
20260929,301258,富士莱,26.97,27.09,27.47,26.32,1318800.0
20260929,301259,艾布鲁,19.42,19.42,19.8,19.31,2448900.0
20260929,301260,格力博,11.74,11.72,11.81,11.6,1180900.0
20260929,301261,恒工精密,53.6,53.45,54.1,52.6,1079400.0
20260929,301262,海看股份,19.9,20.3,20.46,19.7,10728300.0
20260929,301263,泰恩康,18.89,19.07,19.14,18.73,3082200.0
20260929,301265,华新科技,21.38,22.58,22.93,21.38,8598500.0
20260929,301266,宇邦新材,24.26,24.76,24.95,24.05,2364200.0
20260929,301267,华厦眼科,14.97,14.99,15.32,14.9,3406700.0
20260929,301268,铭利达,11.57,11.74,11.89,11.56,3115700.0
20260929,301269,华大九天,86.67,86.68,87.53,84.96,3395500.0
20260929,301270,汉仪股份,31.38,32.38,32.62,31.27,1522800.0
20260929,301272,英华特,35.44,35.37,35.54,34.81,499100.0
20260929,301273,瑞晨环保,36.55,35.45,37.0,35.3,2042600.0
20260929,301275,汉朔科技,38.96,38.96,39.3,38.8,2194100.0
20260929,301276,嘉曼服饰,17.43,17.43,17.67,17.1,1676700.0
20260929,301277,新天地,10.35,10.32,10.5,10.2,2854900.0
20260929,301278,快可电子,28.8,29.3,29.56,28.68,977400.0
20260929,301279,金道科技,23.54,23.8,24.0,23.28,1249900.0
20260929,301280,珠城科技,41.5,41.7,42.16,40.98,1866600.0
20260929,301281,科源制药,46.9,47.74,48.08,46.25,1427600.0
20260929,301282,金禄电子,39.69,45.49,46.04,39.47,20200400.0
20260929,301283,聚胶股份,25.74,25.58,25.74,25.06,585700.0
20260929,301285,鸿日达,91.4,91.19,91.68,89.59,1486700.0
20260929,301286,侨源股份,43.99,45.61,46.03,43.6,1496900.0
20260929,301287,康力源,41.38,41.5,42.26,40.62,728300.0
20260929,301288,清研环境,16.84,17.4,17.55,16.68,1185600.0
20260929,301289,国缆检测,44.77,44.44,45.07,44.36,681400.0
20260929,301290,东星医疗,28.49,28.69,28.85,28.06,1703500.0
20260929,301291,明阳电气,33.8,35.18,35.49,33.8,7866700.0
20260929,301292,海科新源,55.02,55.39,56.3,54.84,4211700.0
20260929,301293,三博脑科,48.35,48.38,49.15,48.02,2208500.0
20260929,301295,美硕科技,36.08,36.29,37.42,35.65,1076300.0
20260929,301296,新巨丰,6.35,6.42,6.46,6.32,2424600.0
20260929,301297,富乐德,46.06,46.13,46.99,45.48,16831800.0
20260929,301298,东利机械,12.79,12.98,13.08,12.7,1320900.0
20260929,301299,卓创资讯,45.4,46.29,46.77,44.65,990700.0
20260929,301300,远翔新材,32.12,32.73,33.0,32.01,1066700.0
20260929,301301,川宁生物,7.97,8.04,8.12,7.95,6862800.0
20260929,301302,华如科技,20.7,21.14,21.3,20.7,2546800.0
20260929,301303,真兰仪表,13.8,14.09,14.28,13.7,3861800.0
20260929,301305,朗坤科技,24.63,24.68,25.08,24.49,3453900.0
20260929,301306,西测测试,90.11,88.9,90.55,88.0,1847200.0
20260929,301307,美利信,57.04,56.39,58.43,56.06,4592900.0
20260929,301308,江波龙,312.44,311.66,314.95,309.27,6497100.0
20260929,301309,万得凯,29.85,30.1,30.19,29.67,385100.0
20260929,301310,鑫宏业,55.99,58.55,60.19,55.4,11230600.0
20260929,301311,昆船智能,18.57,19.0,19.79,18.14,27422500.0
20260929,301312,智立方,80.11,81.4,82.55,80.06,3885200.0
20260929,301313,凡拓数创,30.54,30.1,30.63,29.6,3458300.0
20260929,301314,科瑞思,45.57,51.06,51.96,45.46,2844500.0
20260929,301315,威士顿,43.39,44.1,44.63,43.39,1561700.0
20260929,301316,慧博云通,38.53,40.17,41.1,38.0,17184700.0
20260929,301317,鑫磊股份,44.31,44.53,44.97,43.16,1428500.0
20260929,301318,维海德,21.36,21.55,21.78,21.1,936700.0
20260929,301319,唯特偶,86.0,86.16,87.5,85.0,4393600.0
20260929,301320,豪江智能,14.01,14.29,14.36,13.91,1715500.0
20260929,301321,翰博高新,46.11,46.44,47.97,46.11,4584900.0
20260929,301322,绿通科技,43.55,44.15,44.65,42.31,3686300.0
20260929,301323,新莱福,74.3,72.84,74.49,72.82,855400.0
20260929,301325,曼恩斯特,30.2,31.78,32.32,30.2,3795000.0
20260929,301326,捷邦科技,93.46,96.79,98.29,92.67,1380500.0
20260929,301327,华宝新能,41.09,41.51,41.75,40.91,724900.0
20260929,301328,维峰电子,46.04,46.85,47.74,45.71,2471400.0
20260929,301329,信音电子,19.9,20.7,21.06,19.62,4135200.0
20260929,301330,熵基科技,25.75,25.67,26.03,25.4,2178500.0
20260929,301331,恩威医药,21.36,21.6,21.75,21.15,927700.0
20260929,301332,德尔玛,7.62,7.72,7.8,7.59,4729200.0
20260929,301333,诺思格,64.98,65.66,69.17,64.65,2158400.0
20260929,301335,天元宠物,25.62,25.09,25.97,25.03,1820600.0
20260929,301336,趣睡科技,41.5,42.18,42.6,41.48,691200.0
20260929,301337,亚华电子,27.52,27.78,28.37,27.06,1781700.0
20260929,301338,凯格精机,89.0,89.07,90.58,87.8,4589000.0
20260929,301339,苏交数智,12.33,12.57,12.85,12.24,11434600.0
20260929,301345,涛涛车业,234.2,229.06,234.2,222.05,797600.0
20260929,301348,蓝箭电子,21.84,22.24,22.64,21.84,4864000.0
20260929,301349,信德新材,43.16,44.09,44.68,43.16,2784900.0
20260929,301353,普莱得,20.41,20.6,20.7,19.97,1302200.0
20260929,301355,南王科技,11.97,12.19,12.53,11.93,4478500.0
20260929,301356,天振股份,19.55,19.77,20.07,19.55,1918000.0
20260929,301357,北方长龙,88.88,90.4,91.32,88.32,1993700.0
20260929,301358,湖南裕能,49.6,50.57,50.95,49.6,9980600.0
20260929,301359,东南电子,19.33,20.05,20.22,19.27,1537900.0
20260929,301360,荣旗科技,62.0,61.42,63.39,61.02,1513700.0
20260929,301361,众智科技,26.78,27.22,27.32,26.71,759000.0
20260929,301362,民爆光电,105.99,106.08,106.66,103.5,1814000.0
20260929,301363,美好医疗,16.06,15.96,16.4,15.86,7816100.0
20260929,301365,矩阵股份,34.41,34.07,34.69,33.84,2195400.0
20260929,301366,一博科技,68.41,75.0,75.5,68.3,20801800.0
20260929,301367,瑞迈特,46.34,46.56,47.05,45.88,1234400.0
20260929,301368,丰立智能,38.8,39.48,40.08,38.15,1663600.0
20260929,301369,联动科技,139.19,141.01,144.4,138.71,2948600.0
20260929,301370,国科恒泰,8.55,8.59,8.66,8.47,1467000.0
20260929,301371,敷尔佳,20.58,20.59,20.75,20.5,1422300.0
20260929,301372,科净源,34.5,34.04,34.7,33.75,1203000.0
20260929,301373,凌玮科技,120.22,132.27,137.6,119.21,8266000.0
20260929,301376,致欧科技,22.33,22.29,22.81,22.04,2865000.0
20260929,301377,鼎泰高科,346.91,348.72,352.78,342.0,2359500.0
20260929,301378,通达海,24.95,25.48,25.64,24.7,1434900.0
20260929,301379,天山电子,19.83,20.06,20.35,19.72,6517800.0
20260929,301380,挖金客,33.83,34.0,34.5,33.42,3048600.0
20260929,301381,赛维时代,23.9,23.34,24.0,23.02,4058800.0
20260929,301382,蜂助手,38.5,39.97,40.5,36.5,28297800.0
20260929,301383,天键股份,23.04,23.37,23.62,22.88,942700.0
20260929,301386,未来电器,21.09,21.06,21.34,20.56,1325200.0
20260929,301387,光大同创,48.5,51.73,52.39,48.5,2101900.0
20260929,301388,欣灵电气,25.2,25.67,25.83,25.0,1100500.0
20260929,301389,隆扬电子,52.9,54.72,55.65,52.89,5929800.0
20260929,301390,经纬股份,40.19,41.01,41.32,39.8,3610000.0
20260929,301391,卡莱特,44.11,44.35,44.98,43.68,847500.0
20260929,301392,汇成真空,157.0,154.89,158.79,152.5,2444000.0
20260929,301393,昊帆生物,65.97,65.9,68.78,65.01,3332200.0
20260929,301395,仁信新材,11.89,12.11,12.33,11.71,3401400.0
20260929,301396,宏景科技,163.2,162.59,165.61,159.91,6733600.0
20260929,301397,溯联股份,22.3,22.12,22.57,22.11,1081700.0
20260929,301398,星源卓镁,37.76,38.46,39.13,37.53,1255900.0
20260929,301399,英特科技,20.58,20.71,20.96,20.26,2854400.0
20260929,301408,华人健康,14.57,14.67,14.95,14.42,9882300.0
20260929,301413,安培龙,52.5,52.81,53.36,51.52,2460800.0
20260929,301418,协昌科技,34.47,34.86,35.18,33.87,902100.0
20260929,301419,阿莱德,41.6,42.93,43.84,41.12,6269300.0
20260929,301421,波长光电,72.7,73.55,74.08,72.45,1824800.0
20260929,301428,世纪恒通,26.52,26.97,27.33,26.25,1345800.0
20260929,301429,森泰股份,17.39,17.63,17.64,17.01,1684800.0
20260929,301439,泓淋电力,13.85,13.86,14.01,13.78,1872500.0
20260929,301446,福事特,40.7,38.45,40.7,38.05,1527100.0
20260929,301448,开创电气,54.36,53.1,54.71,52.18,2190000.0
20260929,301449,天溯计量,39.8,40.34,40.8,39.33,894600.0
20260929,301456,盘古智能,25.49,26.29,26.5,24.87,5274400.0
20260929,301458,钧崴电子,35.62,36.7,37.22,35.13,5415600.0
20260929,301459,丰茂股份,31.3,31.66,31.94,31.3,466000.0
20260929,301468,博盈特焊,30.77,30.53,31.01,30.34,1730800.0
20260929,301469,恒达新材,28.74,28.96,29.08,28.57,1001300.0
20260929,301479,弘景光电,48.45,49.58,49.98,48.17,1333600.0
20260929,301486,致尚科技,182.08,189.9,192.5,178.07,5368800.0
20260929,301487,盟固利,15.05,15.82,16.27,15.04,19185600.0
20260929,301488,豪恩汽电,89.99,91.4,91.96,89.12,652200.0
20260929,301489,思泉新材,111.34,112.75,114.66,110.03,2865700.0
20260929,301491,汉桑科技,36.08,36.4,36.67,36.08,360700.0
20260929,301498,乖宝宠物,38.83,38.53,39.05,38.15,2782400.0
20260929,301499,维科精密,25.59,25.73,26.05,25.35,1475100.0
20260929,301500,飞南资源,23.75,24.81,24.95,23.48,11021500.0
20260929,301501,恒鑫生活,27.06,26.83,27.11,26.82,599300.0
20260929,301502,华阳智能,50.08,51.09,51.93,49.51,855100.0
20260929,301503,智迪科技,22.1,22.49,22.68,21.89,700200.0
20260929,301505,苏州规划,18.08,18.15,18.33,17.97,1471500.0
20260929,301507,民生健康,13.08,13.32,13.55,12.96,3746600.0
20260929,301508,中机认检,24.19,24.05,24.2,23.8,737500.0
20260929,301509,金凯生科,30.98,30.8,31.69,30.52,2235100.0
20260929,301510,固高科技,26.66,27.5,27.96,26.39,5595900.0
20260929,301511,德福科技,93.0,96.15,97.55,92.03,19830100.0
20260929,301512,智信精密,31.1,31.43,31.69,30.38,1193400.0
20260929,301513,尚水智能,42.99,51.42,51.42,42.99,2940100.0
20260929,301515,港通医疗,20.24,20.39,20.56,19.9,1008700.0
20260929,301516,中远通,18.45,18.66,18.85,18.25,4181700.0
20260929,301517,陕西华达,35.8,35.4,36.18,35.0,2415300.0
20260929,301518,长华化学,23.99,23.97,24.45,23.7,1726700.0
20260929,301519,舜禹股份,12.04,12.29,12.33,11.92,1468500.0
20260929,301520,万邦医药,72.45,72.0,77.5,70.0,14280400.0
20260929,301522,上大股份,22.01,21.99,22.2,21.8,2315400.0
20260929,301525,儒竞科技,39.08,38.86,39.46,38.55,961000.0
20260929,301526,国际复材,27.69,27.72,27.99,27.22,62052500.0
20260929,301528,多浦乐,72.1,72.16,73.19,70.88,934500.0
20260929,301529,福赛科技,133.49,136.88,139.01,130.01,3349700.0
20260929,301531,春光集团,48.29,49.5,51.2,48.1,2662400.0
20260929,301533,威马农机,28.26,28.49,28.72,28.23,860300.0
20260929,301535,浙江华远,13.66,13.52,13.66,13.33,1445600.0
20260929,301536,星宸科技,124.12,125.1,128.55,122.23,11618900.0
20260929,301538,骏鼎达,39.5,40.23,40.68,38.91,1212000.0
20260929,301539,宏鑫科技,15.23,15.43,15.51,15.01,1308300.0
20260929,301548,崇德科技,51.98,52.68,53.3,51.77,960900.0
20260929,301550,斯菱智驱,91.26,93.99,95.98,89.0,10074300.0
20260929,301551,无线传媒,21.8,22.21,22.43,21.66,5817800.0
20260929,301552,科力装备,24.24,24.77,24.81,24.24,874100.0
20260929,301555,惠柏新材,35.78,35.64,36.24,35.0,1423200.0
20260929,301556,托普云农,60.02,62.88,62.88,59.63,1082300.0
20260929,301557,常友科技,80.2,81.61,82.88,79.15,732600.0
20260929,301558,三态股份,6.7,6.75,6.9,6.7,15382400.0
20260929,301559,中集环科,12.52,12.74,12.78,12.52,1453900.0
20260929,301560,众捷股份,28.91,33.88,33.88,28.13,14291900.0
20260929,301563,云汉芯城,108.0,105.08,108.2,105.03,1477500.0
20260929,301565,中仑新材,19.32,19.38,19.65,19.21,2533600.0
20260929,301566,达利凯普,24.13,24.62,24.99,24.0,13074500.0
20260929,301567,贝隆精密,36.7,37.13,37.6,36.7,722500.0
20260929,301568,思泰克,68.5,70.05,70.97,68.5,2228400.0
20260929,301571,国科天成,67.08,68.36,68.99,66.8,3093100.0
20260929,301575,艾芬达,24.7,23.89,24.7,23.8,3374400.0
20260929,301577,美信科技,55.26,56.39,57.33,54.22,1023900.0
20260929,301578,辰奕智能,23.03,23.98,24.36,22.93,1804000.0
20260929,301580,爱迪特,51.92,52.08,53.09,51.79,3392900.0
20260929,301581,黄山谷捷,36.91,36.77,37.2,36.14,953900.0
20260929,301583,托伦斯,138.09,130.12,142.6,129.88,9710100.0
20260929,301584,建发致新,18.3,17.93,18.3,17.9,2688400.0
20260929,301585,蓝宇股份,28.0,27.69,28.05,27.57,439400.0
20260929,301586,佳力奇,28.79,29.31,29.46,28.6,859900.0
20260929,301587,中瑞股份,23.39,22.59,23.54,22.26,7804900.0
20260929,301588,美新科技,25.25,25.9,26.08,25.25,1593000.0
20260929,301589,诺瓦星云,157.89,157.19,158.85,153.31,562500.0
20260929,301590,优优绿能,64.2,67.04,67.99,64.2,770800.0
20260929,301591,肯特股份,40.7,41.84,42.96,40.7,5621400.0
20260929,301592,六九一二,111.4,108.7,112.5,107.01,1213700.0
20260929,301595,太力科技,47.38,46.61,48.68,46.5,1649400.0
20260929,301596,瑞迪智驱,45.5,45.4,45.96,44.65,970700.0
20260929,301598,博科测试,50.76,51.32,51.68,50.3,493200.0
20260929,301599,理奇智能,31.24,33.18,33.88,31.0,7943400.0
20260929,301600,慧翰股份,76.8,75.78,77.59,75.66,519700.0
20260929,301601,惠通科技,16.59,16.2,16.72,16.09,6533800.0
20260929,301602,超研股份,16.1,16.01,16.31,15.9,2036600.0
20260929,301603,乔锋智能,115.78,117.2,117.55,113.15,1123600.0
20260929,301606,绿联科技,50.3,50.79,51.14,49.69,2845900.0
20260929,301607,富特科技,41.92,42.65,43.45,41.69,5846700.0
20260929,301608,博实结,50.0,51.25,52.1,49.2,2126600.0
20260929,301609,山大电力,30.23,30.07,30.42,30.07,739800.0
20260929,301611,珂玛科技,88.95,88.08,90.87,87.24,4674700.0
20260929,301613,新铝时代,34.15,34.33,34.79,34.15,546200.0
20260929,301616,浙江华业,35.73,35.86,36.24,35.42,732200.0
20260929,301617,博苑新材,51.81,54.99,55.26,51.46,2993700.0
20260929,301618,长联科技,29.8,30.34,30.86,29.8,623500.0
20260929,301622,英思特,36.39,36.23,36.8,35.88,1003700.0
20260929,301626,苏州天脉,298.18,295.5,305.0,293.67,1726400.0
20260929,301628,强达电路,104.76,116.5,117.88,103.5,4902700.0
20260929,301629,矽电股份,263.01,267.21,277.0,263.0,842900.0
20260929,301630,同宇新材,195.5,199.26,201.8,195.1,1125500.0
20260929,301631,壹连科技,59.29,61.35,61.76,59.29,1453600.0
20260929,301632,广东建科,12.86,13.16,13.22,12.86,2721400.0
20260929,301633,港迪技术,59.5,61.01,63.27,59.44,1454200.0
20260929,301636,泽润新能,39.55,40.96,42.04,39.5,1931200.0
20260929,301638,南网数字,20.63,20.5,20.73,20.5,3100300.0
20260929,301655,绿控传动,23.43,25.76,26.25,23.43,15996300.0
20260929,301656,联合动力,13.82,13.68,13.91,13.58,4100400.0
20260929,301658,首航新能,21.27,21.66,21.83,21.24,1975700.0
20260929,301662,宏工科技,64.93,70.05,70.42,63.8,6627500.0
20260929,301665,泰禾股份,21.77,21.78,21.88,21.54,780900.0
20260929,301666,大普微-UW,359.19,355.81,360.99,351.13,1452400.0
20260929,301667,纳百川,55.4,56.24,57.09,54.45,1333700.0
20260929,301668,昊创瑞通,29.68,29.76,30.28,29.6,926100.0
20260929,301669,高特电子,25.0,25.17,25.73,24.9,3617300.0
20260929,301677,欣兴工具,53.0,51.97,53.88,51.96,3310600.0
20260929,301678,新恒汇,51.8,53.31,54.39,51.02,6562900.0
20260929,301680,固德电材,96.86,97.12,98.6,96.05,597200.0
20260929,301682,宏明电子,102.6,104.2,105.2,101.13,2581800.0
20260929,301683,慧谷新材,98.9,99.99,101.5,98.84,590200.0
20260929,301686,C中塑股份,225.0,192.06,230.0,191.66,4633200.0
20260929,301687,新广益,50.09,50.78,51.86,49.6,2053900.0
20260929,301688,格林生物,39.85,38.11,40.1,37.92,4884700.0
20260929,301689,电科思仪,80.99,77.51,82.96,76.0,23210200.0
20260929,301696,三瑞智能,89.24,88.35,90.51,88.0,995700.0
20260929,301697,贝特利,27.91,27.74,29.9,27.5,12655900.0
20260929,301699,洛轴股份,39.95,37.71,42.68,37.52,38221000.0
20260929,301707,展芯股份,72.42,70.61,74.96,70.28,4401100.0
20260929,301716,N鸿富诚,600.0,578.88,630.01,558.58,10528300.0
20260929,301717,超纯应材,353.0,354.36,365.5,346.08,1473200.0
20260929,302132,中航成飞,58.67,57.0,59.16,56.2,7651500.0
20260929,600000,浦发银行,9.15,9.18,9.25,9.09,80509700.0
20260929,600004,白云机场,7.61,7.61,7.68,7.59,5568900.0
20260929,600006,东风股份,5.7,5.58,5.7,5.55,58490300.0
20260929,600007,中国国贸,20.0,20.35,20.45,19.95,2321700.0
20260929,600008,首创环保,2.67,2.71,2.72,2.67,47143900.0
20260929,600009,上海机场,22.35,22.38,22.45,22.3,4653400.0
20260929,600010,包钢股份,2.06,2.08,2.1,2.05,238726500.0
20260929,600011,华能国际,6.91,6.95,7.0,6.89,86077500.0
20260929,600012,皖通高速,15.46,15.47,15.54,15.28,3352100.0
20260929,600015,华夏银行,6.19,6.21,6.23,6.17,42607700.0
20260929,600016,民生银行,3.44,3.47,3.5,3.43,208355200.0
20260929,600017,日照港,2.79,2.81,2.83,2.77,24889300.0
20260929,600018,上港集团,5.39,5.43,5.47,5.38,48625000.0
20260929,600019,宝钢股份,5.8,5.85,5.9,5.78,99682700.0
20260929,600020,中原高速,3.8,3.83,3.84,3.78,7145400.0
20260929,600021,上海电力,12.77,12.78,12.88,12.74,10340900.0
20260929,600022,山东钢铁,1.27,1.3,1.3,1.26,86582500.0
20260929,600023,浙能电力,5.18,5.18,5.24,5.14,40271600.0
20260929,600025,华能水电,9.87,9.78,9.94,9.76,27966100.0
20260929,600026,中远海能,21.02,20.27,21.23,20.24,70583300.0
20260929,600027,华电国际,4.85,4.86,4.92,4.84,64336400.0
20260929,600028,中国石化,5.37,5.28,5.42,5.26,206807000.0
20260929,600029,南方航空,4.81,4.84,4.84,4.8,24785800.0
20260929,600030,中信证券,25.81,25.82,26.03,25.8,67529400.0
20260929,600031,三一重工,17.17,17.06,17.36,16.95,52697800.0
20260929,600032,浙江新能,7.68,8.17,8.17,7.63,56578000.0
20260929,600033,福建高速,3.57,3.62,3.63,3.51,30177200.0
20260929,600035,楚天高速,3.63,3.68,3.69,3.63,11536500.0
20260929,600036,招商银行,40.49,40.51,40.78,40.22,44934600.0
20260929,600037,歌华有线,6.92,7.06,7.08,6.92,14810500.0
20260929,600038,中直股份,26.7,26.6,26.92,26.42,3221500.0
20260929,600039,四川路桥,8.65,8.69,8.75,8.53,17679800.0
20260929,600048,保利发展,5.63,5.84,5.87,5.63,404305400.0
20260929,600050,中国联通,4.12,4.17,4.19,4.11,111551200.0
20260929,600051,宁波联合,6.26,6.39,6.43,6.23,4823200.0
20260929,600052,东望时代,3.74,3.8,3.81,3.69,11723400.0
20260929,600054,黄山旅游,10.51,10.53,10.57,10.41,3187100.0
20260929,600055,万东医疗,10.48,10.42,10.49,10.34,3185700.0
20260929,600056,中国医药,8.81,8.78,8.89,8.77,7257200.0
20260929,600057,厦门象屿,6.03,6.0,6.1,5.98,10843300.0
20260929,600058,五矿发展,8.6,8.56,8.81,8.55,9483500.0
20260929,600059,古越龙山,12.0,11.15,12.11,10.56,113040700.0
20260929,600060,海信视像,27.14,27.23,27.41,26.7,5004700.0
20260929,600061,国投资本,6.09,6.15,6.18,6.09,24201300.0
20260929,600062,华润双鹤,15.9,15.92,16.08,15.86,3797700.0
20260929,600063,皖维高新,5.31,5.35,5.36,5.29,18068600.0
20260929,600064,南京高科,7.65,7.75,7.78,7.63,17915000.0
20260929,600066,宇通客车,26.18,26.34,26.42,25.76,16143200.0
20260929,600067,冠城新材,2.58,2.62,2.64,2.57,35557200.0
20260929,600071,凤凰光学,16.01,16.24,16.34,16.01,1222600.0
20260929,600072,中船科技,8.74,8.82,8.86,8.68,11489700.0
20260929,600073,光明肉业,5.45,5.48,5.5,5.44,6100200.0
20260929,600075,新疆天业,4.51,4.52,4.55,4.47,11974100.0
20260929,600076,康欣新材,2.1,2.14,2.15,2.08,23988200.0
20260929,600078,澄星股份,9.67,9.78,9.88,9.63,6858900.0
20260929,600081,东风科技,10.62,10.81,10.9,10.61,5521100.0
20260929,600085,同仁堂,23.28,23.3,23.49,23.22,2455800.0
20260929,600088,中视传媒,12.5,13.34,13.52,12.48,21431500.0
20260929,600089,特变电工,17.18,17.15,17.27,17.13,33781700.0
20260929,600094,大名城,3.98,4.13,4.13,3.95,34182900.0
20260929,600095,湘财股份,8.59,8.86,8.98,8.52,54412200.0
20260929,600096,云天化,27.1,27.32,27.34,27.06,8478600.0
20260929,600097,开创国际,9.19,9.29,9.31,9.13,2230400.0
20260929,600098,广州发展,6.24,6.2,6.29,6.17,12064800.0
20260929,600099,林海股份,9.4,9.41,9.49,9.27,3469300.0
20260929,600100,同方股份,6.48,6.51,6.54,6.44,14493500.0
20260929,600101,明星电力,7.75,7.78,7.82,7.72,5579900.0
20260929,600103,青山纸业,3.46,3.41,3.5,3.35,98988200.0
20260929,600104,上汽集团,10.76,10.71,10.84,10.67,32344900.0
20260929,600105,永鼎股份,37.21,37.0,37.62,36.18,110438000.0
20260929,600106,重庆路桥,4.31,4.45,4.52,4.29,15572400.0
20260929,600108,亚盛集团,3.88,3.87,3.94,3.84,106825900.0
20260929,600109,国金证券,7.99,8.08,8.12,7.99,12065300.0
20260929,600110,诺德股份,10.81,11.18,11.38,10.81,88315600.0
20260929,600111,北方稀土,35.27,35.41,35.85,35.26,20035900.0
20260929,600113,浙江东日,28.2,27.86,28.26,27.51,2120100.0
20260929,600114,东睦股份,25.0,25.37,25.64,24.94,7125400.0
20260929,600115,中国东航,3.29,3.32,3.32,3.29,80909900.0
20260929,600116,三峡水利,6.09,6.08,6.17,6.07,9534900.0
20260929,600117,西宁特钢,2.13,2.16,2.18,2.12,10949200.0
20260929,600118,中国卫星,55.88,55.27,56.5,55.13,12914700.0
20260929,600120,浙江东方,4.58,4.63,4.66,4.56,20995600.0
20260929,600121,郑州煤电,5.08,5.33,5.36,4.99,225777700.0
20260929,600123,兰花科创,6.95,6.81,6.97,6.71,17753400.0
20260929,600125,铁龙物流,5.2,5.22,5.25,5.19,5838400.0
20260929,600126,杭钢股份,5.9,5.99,6.07,5.9,23588700.0
20260929,600127,金健米业,13.6,13.36,14.08,13.36,147667000.0
20260929,600128,苏豪弘业,8.55,8.64,8.7,8.46,3262800.0
20260929,600129,太极集团,13.35,13.19,13.5,13.18,6917300.0
20260929,600130,波导股份,4.49,4.59,4.63,4.46,14123500.0
20260929,600131,国网信通,13.99,13.99,14.12,13.96,3923500.0
20260929,600132,重庆啤酒,37.6,37.26,37.7,37.23,1802400.0
20260929,600133,东湖高新,7.7,7.79,7.85,7.69,8050000.0
20260929,600135,乐凯胶片,7.39,7.54,7.58,7.36,6801600.0
20260929,600137,浪莎股份,17.91,18.26,18.45,17.8,1306000.0
20260929,600138,中青旅,6.9,6.94,7.0,6.89,3614300.0
20260929,600141,兴发集团,27.07,26.5,27.2,26.28,21173400.0
20260929,600143,金发科技,12.89,12.74,12.93,12.74,16032900.0
20260929,600148,长春一东,15.74,15.92,15.98,15.68,1758300.0
20260929,600149,廊坊发展,5.04,5.14,5.17,5.0,8810700.0
20260929,600150,中国船舶,37.97,38.95,39.15,37.57,95900600.0
20260929,600151,航天机电,9.17,9.14,9.31,9.13,11862300.0
20260929,600152,维科技术,7.56,8.32,8.32,7.5,35783000.0
20260929,600153,建发股份,8.46,8.65,8.7,8.45,26300100.0
20260929,600155,华创云信,5.8,5.92,5.94,5.79,18973700.0
20260929,600156,华升股份,8.26,8.17,9.09,8.1,59808900.0
20260929,600157,永泰能源,1.43,1.45,1.46,1.42,355182600.0
20260929,600158,中体产业,6.9,6.98,7.01,6.89,14406000.0
20260929,600159,大龙地产,2.72,2.83,2.85,2.72,21095300.0
20260929,600160,巨化股份,33.5,33.1,33.6,32.4,29963900.0
20260929,600161,天坛生物,12.23,12.12,12.3,12.1,7267800.0
20260929,600162,香江控股,4.4,4.32,4.46,4.28,57927400.0
20260929,600163,中闽能源,5.42,5.55,5.75,5.4,77363400.0
20260929,600165,宁科生物,3.4,3.25,3.4,3.23,19402300.0
20260929,600166,福田汽车,2.75,2.76,2.78,2.73,67849800.0
20260929,600167,联美控股,5.48,5.52,5.57,5.47,4127800.0
20260929,600168,武汉控股,4.32,4.38,4.42,4.32,3700300.0
20260929,600170,上海建工,2.17,2.21,2.22,2.17,123227000.0
20260929,600171,上海贝岭,22.07,22.14,22.48,22.01,5395700.0
20260929,600172,黄河旋风,15.99,14.9,16.0,14.85,196751800.0
20260929,600173,卧龙新能,5.79,5.93,5.96,5.76,5930400.0
20260929,600176,中国巨石,39.0,39.69,39.96,38.7,120827000.0
20260929,600177,雅戈尔,8.3,8.33,8.36,8.21,19853800.0
20260929,600178,东安动力,9.87,9.92,10.12,9.82,14617300.0
20260929,600179,安通控股,4.38,4.35,4.41,4.33,18986400.0
20260929,600182,S佳通,12.28,12.52,12.55,12.28,1425000.0
20260929,600183,生益科技,131.84,132.98,134.52,129.2,36503000.0
20260929,600184,光电股份,17.88,18.12,18.23,17.83,11885400.0
20260929,600185,珠免集团,4.68,4.77,4.8,4.65,23400600.0
20260929,600186,莲花控股,11.75,11.57,11.97,11.39,179356600.0
20260929,600188,XD兖矿能,19.46,19.26,19.56,18.88,26130800.0
20260929,600189,泉阳泉,8.2,9.01,9.01,8.19,20151100.0
20260929,600191,华资实业,8.86,8.74,8.91,8.7,5443000.0
20260929,600192,长城电工,7.2,7.25,7.3,7.08,10069200.0
20260929,600195,中牧股份,6.63,6.64,6.69,6.58,4181900.0
20260929,600196,复星医药,23.18,23.39,23.96,23.12,29058000.0
20260929,600197,伊力特,9.16,9.18,9.26,9.14,1743300.0
20260929,600198,大唐电信,7.24,7.27,7.31,7.2,8705500.0
20260929,600199,金种子酒,6.77,6.89,6.97,6.77,13687700.0
20260929,600201,生物股份,11.38,11.43,11.54,11.3,8695600.0
20260929,600202,哈空调,5.15,5.24,5.27,5.06,5845700.0
20260929,600203,福日电子,9.69,9.89,9.98,9.63,13355500.0
20260929,600206,有研新材,49.91,49.7,51.51,46.47,87432200.0
20260929,600207,安彩高科,5.2,5.48,5.79,5.03,75401400.0
20260929,600208,衢州发展,2.8,2.9,2.91,2.8,107347100.0
20260929,600210,紫江企业,6.19,6.26,6.28,6.18,12356400.0
20260929,600211,西藏药业,35.8,35.76,36.18,35.61,1862200.0
20260929,600212,绿能慧充,5.7,5.71,5.81,5.63,10573000.0
20260929,600215,派斯林,6.1,6.31,6.36,6.03,8440600.0
20260929,600216,浙江医药,12.3,12.18,12.38,12.16,8328900.0
20260929,600217,中再资环,3.2,3.26,3.28,3.2,7522400.0
20260929,600218,全柴动力,7.82,7.92,7.97,7.81,11083300.0
20260929,600219,南山铝业,4.49,4.62,4.64,4.47,91067500.0
20260929,600221,海航控股,1.2,1.21,1.22,1.2,121197900.0
20260929,600222,太龙药业,7.99,7.87,8.11,7.86,11986700.0
20260929,600223,福瑞达,5.62,5.66,5.7,5.59,7196000.0
20260929,600226,亨通股份,5.28,5.32,5.38,5.15,60644100.0
20260929,600227,赤天化,3.72,3.81,3.85,3.72,95761600.0
20260929,600228,返利科技,10.14,10.18,10.36,9.9,23195000.0
20260929,600229,城市传媒,5.72,5.85,5.9,5.64,9222800.0
20260929,600230,沧州大化,13.43,13.18,13.55,13.13,16496300.0
20260929,600231,凌钢股份,1.63,1.65,1.67,1.61,29131300.0
20260929,600232,金鹰股份,6.87,6.81,6.92,6.7,12566900.0
20260929,600233,圆通速递,18.09,18.0,18.3,17.8,17767500.0
20260929,600234,科新发展,19.57,19.63,19.95,19.4,1532000.0
20260929,600235,XD民丰特,5.9,5.96,5.99,5.85,5181700.0
20260929,600236,桂冠电力,9.35,9.18,9.49,9.16,9027700.0
20260929,600237,铜峰电子,8.71,9.03,9.39,8.68,37029400.0
20260929,600241,时代万恒,8.84,8.84,8.84,8.84,17157900.0
20260929,600246,万通发展,12.76,13.13,13.27,12.58,69523300.0
20260929,600248,陕建股份,2.79,2.82,2.85,2.78,13883900.0
20260929,600249,两面针,5.33,5.36,5.4,5.3,4535900.0
20260929,600250,南京商旅,8.93,8.82,8.98,8.8,4806600.0
20260929,600251,冠农股份,9.87,9.77,9.89,9.68,19635200.0
20260929,600252,中恒集团,2.17,2.17,2.22,2.15,49766000.0
20260929,600255,鑫科材料,3.3,3.38,3.4,3.28,44393300.0
20260929,600256,广汇能源,6.76,6.68,6.82,6.57,158580000.0
20260929,600257,大湖股份,5.47,5.45,5.49,5.41,9062900.0
20260929,600258,首旅酒店,11.03,11.01,11.09,10.98,7120500.0
20260929,600259,中稀有色,73.83,74.2,74.86,72.88,4431000.0
20260929,600261,阳光照明,3.24,3.27,3.3,3.23,14802200.0
20260929,600262,北方股份,14.48,14.53,14.73,14.43,2391600.0
20260929,600266,城建发展,4.32,4.48,4.5,4.31,79762600.0
20260929,600267,海正药业,11.54,11.43,11.67,11.38,15841300.0
20260929,600268,国电南自,9.9,9.99,10.01,9.85,5652100.0
20260929,600269,赣粤高速,3.74,3.76,3.77,3.72,10404800.0
20260929,600271,航天信息,6.56,6.65,6.67,6.55,7566500.0
20260929,600272,开开实业,15.0,14.99,15.53,14.68,18155800.0
20260929,600273,嘉化能源,6.14,6.13,6.18,6.12,6142800.0
20260929,600276,恒瑞医药,44.34,45.62,46.13,44.29,79983200.0
20260929,600278,东方创业,6.45,6.53,6.6,6.42,4546100.0
20260929,600279,重庆港,4.27,4.27,4.3,4.23,5383800.0
20260929,600280,中央商场,2.99,3.0,3.05,2.98,22669000.0
20260929,600281,华阳新材,4.58,4.71,4.73,4.52,11804800.0
20260929,600282,南钢股份,4.41,4.43,4.45,4.36,30649900.0
20260929,600283,钱江水利,7.91,8.0,8.04,7.9,2067000.0
20260929,600284,浦东建设,5.01,5.1,5.13,5.01,9679800.0
20260929,600285,羚锐制药,18.62,18.69,18.72,18.57,2533700.0
20260929,600287,苏豪时尚,4.93,5.03,5.06,4.93,3479100.0
20260929,600288,大恒科技,10.52,10.51,10.69,10.39,10330100.0
20260929,600292,电投水电,11.02,11.13,11.18,11.01,4504300.0
20260929,600295,鄂尔多斯,12.79,12.84,12.9,12.62,5891000.0
20260929,600298,安琪酵母,38.63,37.3,38.8,36.9,10752000.0
20260929,600299,安迪苏,8.06,8.07,8.1,7.99,18827200.0
20260929,600300,维维股份,3.03,3.05,3.07,3.03,16824800.0
20260929,600301,华锡有色,48.0,48.64,49.68,48.0,13460800.0
20260929,600303,曙光股份,3.02,3.06,3.08,3.0,22748300.0
20260929,600305,恒顺醋业,6.66,6.67,6.72,6.65,4491200.0
20260929,600307,酒钢宏兴,1.43,1.46,1.47,1.43,32233100.0
20260929,600308,华泰股份,3.23,3.25,3.27,3.21,6143800.0
20260929,600309,万华化学,69.4,67.66,69.4,67.01,26783100.0
20260929,600310,广西能源,4.49,4.56,4.84,4.47,63692000.0
20260929,600312,平高电气,19.49,19.95,20.06,19.36,21296300.0
20260929,600313,农发种业,6.46,6.45,6.58,6.43,25117200.0
20260929,600315,上海家化,17.9,17.7,18.04,17.59,5941200.0
20260929,600316,洪都航空,32.8,32.84,33.07,32.47,6963400.0
20260929,600318,新力金融,6.78,6.85,6.92,6.76,12322800.0
20260929,600319,亚星化学,6.22,6.3,6.34,6.06,3512300.0
20260929,600320,振华重工,3.99,4.02,4.03,3.97,22654400.0
20260929,600322,津投城开,2.65,2.79,2.8,2.65,40233500.0
20260929,600323,瀚蓝环境,29.14,29.14,29.29,28.83,3568300.0
20260929,600325,华发股份,2.69,2.95,2.95,2.68,175477300.0
20260929,600326,西藏天路,6.61,6.63,6.71,6.61,10595500.0
20260929,600327,大东方,3.78,3.85,3.87,3.78,9721900.0
20260929,600328,中盐化工,5.58,5.59,5.65,5.56,8575000.0
20260929,600329,达仁堂,35.0,34.6,35.4,34.54,1557300.0
20260929,600330,天通股份,27.4,27.84,28.49,27.38,48849700.0
20260929,600331,宏达股份,11.81,11.65,11.81,11.53,17672100.0
20260929,600332,白云山,19.39,19.4,19.5,19.37,3188500.0
20260929,600333,长春燃气,6.76,6.73,6.82,6.7,7972000.0
20260929,600335,国机汽车,5.17,5.21,5.25,5.14,9088900.0
20260929,600336,澳柯玛,6.25,6.33,6.42,6.22,4325400.0
20260929,600338,西藏珠峰,11.68,11.93,11.95,11.61,19724900.0
20260929,600339,中油工程,3.2,3.21,3.24,3.19,32700800.0
20260929,600343,航天动力,19.85,19.16,20.59,19.09,36949700.0
20260929,600345,长江通信,46.54,47.06,47.68,45.8,7003900.0
20260929,600346,恒力石化,16.5,15.91,16.5,15.6,36069300.0
20260929,600348,华阳股份,8.9,8.72,8.96,8.6,24903500.0
20260929,600350,山东高速,10.09,9.96,10.13,9.91,8002900.0
20260929,600351,亚宝药业,6.73,6.7,6.86,6.67,17402300.0
20260929,600352,浙江龙盛,12.14,12.1,12.22,12.01,23248100.0
20260929,600353,旭光电子,29.0,29.3,29.75,28.73,34700200.0
20260929,600354,敦煌种业,8.98,8.96,9.15,8.8,54718600.0
20260929,600356,恒丰纸业,10.95,10.42,11.07,10.42,29796800.0
20260929,600358,国旅联合,5.69,5.76,5.87,5.55,21376500.0
20260929,600359,新农开发,7.22,7.25,7.38,7.13,42476900.0
20260929,600360,华微电子,10.68,11.31,11.94,10.68,91494900.0
20260929,600361,创新新材,3.41,3.47,3.49,3.4,31898700.0
20260929,600362,江西铜业,40.9,41.74,41.83,40.73,22563900.0
20260929,600366,宁波韵升,10.7,10.76,10.82,10.66,10533600.0
20260929,600367,红星发展,34.4,34.59,35.3,33.5,19142200.0
20260929,600368,五洲交通,4.11,4.12,4.15,4.08,13048300.0
20260929,600369,西南证券,3.84,3.91,3.92,3.84,22128300.0
20260929,600371,万向德农,13.19,12.84,13.42,12.84,34042900.0
20260929,600372,中航机载,11.21,11.15,11.3,11.09,17474100.0
20260929,600373,中文传媒,7.32,7.54,7.57,7.31,14490700.0
20260929,600375,汉马科技,3.61,3.66,3.69,3.59,14017300.0
20260929,600376,首开股份,3.19,3.39,3.49,3.17,137447100.0
20260929,600377,宁沪高速,12.86,12.93,13.0,12.74,10213500.0
20260929,600378,昊华科技,41.66,41.75,42.31,41.26,22748000.0
20260929,600379,宝光股份,14.05,14.18,14.39,13.86,6763500.0
20260929,600380,健康元,9.75,9.9,10.08,9.61,35713600.0
20260929,600382,广东明珠,5.55,5.57,5.62,5.54,6248800.0
20260929,600383,金地集团,2.42,2.55,2.58,2.42,245115300.0
20260929,600386,北巴传媒,3.52,3.55,3.6,3.47,9397700.0
20260929,600388,紫金龙净,17.1,16.69,17.19,16.53,11676500.0
20260929,600389,江山股份,17.74,17.48,17.81,17.42,5110400.0
20260929,600390,五矿资本,4.77,4.79,4.83,4.76,20435600.0
20260929,600391,航发科技,41.29,40.92,41.29,40.23,9582600.0
20260929,600392,盛和资源,20.2,20.27,20.37,20.05,19684900.0
20260929,600395,盘江股份,5.02,4.95,5.06,4.9,21750400.0
20260929,600396,华电辽能,12.56,12.35,12.76,12.34,49666600.0
20260929,600397,江钨装备,15.9,15.94,16.42,15.9,36356600.0
20260929,600398,海澜之家,5.65,5.62,5.66,5.6,17520500.0
20260929,600399,抚顺特钢,4.21,4.25,4.28,4.2,16736700.0
20260929,600400,红豆股份,3.29,3.31,3.35,3.28,26933800.0
20260929,600403,大有能源,7.15,7.05,7.35,7.01,100297100.0
20260929,600405,动力源,5.04,5.02,5.12,5.0,5986300.0
20260929,600406,XD国电南,22.42,22.21,22.5,22.0,34806900.0
20260929,600408,安泰集团,3.0,3.04,3.16,2.99,54001500.0
20260929,600409,三友化工,6.11,6.05,6.16,5.96,17702700.0
20260929,600410,华胜天成,14.41,14.59,14.93,14.4,47341900.0
20260929,600415,小商品城,10.86,10.72,11.04,10.66,43400500.0
20260929,600416,湘电股份,8.11,8.15,8.19,8.09,7752500.0
20260929,600418,江淮汽车,25.69,26.04,26.89,24.52,225841500.0
20260929,600419,天润乳业,8.79,8.77,8.84,8.7,2561800.0
20260929,600420,国药现代,8.18,8.21,8.28,8.17,4922400.0
20260929,600422,昆药集团,8.02,8.0,8.08,7.98,2693100.0
20260929,600425,青松建化,3.57,3.62,3.64,3.56,12160400.0
20260929,600426,华鲁恒升,19.5,19.05,19.6,18.92,27858500.0
20260929,600428,中远海特,10.74,10.42,10.74,10.33,36611200.0
20260929,600429,三元股份,4.67,4.75,4.82,4.66,23544600.0
20260929,600433,冠豪高新,3.19,3.24,3.26,3.16,19712600.0
20260929,600435,北方导航,10.79,10.87,10.95,10.75,8531700.0
20260929,600436,片仔癀,116.3,115.22,117.09,115.12,1478000.0
20260929,600438,通威股份,11.18,11.07,11.23,11.0,25604800.0
20260929,600444,国机通用,14.51,14.53,14.63,14.29,2338100.0
20260929,600446,金证股份,10.18,10.39,10.48,10.16,10395300.0
20260929,600448,华纺股份,3.03,3.11,3.2,2.99,97270700.0
20260929,600449,宁夏建材,12.35,12.49,12.52,12.33,3712400.0
20260929,600452,涪陵电力,8.66,8.73,8.75,8.65,9759000.0
20260929,600455,博通股份,24.33,24.81,25.08,24.0,1356400.0
20260929,600456,宝钛股份,24.39,24.58,24.75,24.35,2031900.0
20260929,600458,时代新材,10.77,10.86,10.97,10.76,8282300.0
20260929,600459,贵研铂业,18.12,18.02,18.15,17.91,7060000.0
20260929,600460,士兰微,31.4,31.84,32.44,31.06,50117000.0
20260929,600461,洪城环境,8.7,8.73,8.73,8.67,5519200.0
20260929,600463,空港股份,8.25,8.41,8.49,8.16,5262200.0
20260929,600467,好当家,2.4,2.42,2.43,2.37,32193300.0
20260929,600468,百利电气,5.83,5.86,5.93,5.81,10492300.0
20260929,600469,风神股份,4.88,4.9,4.93,4.87,3468500.0
20260929,600470,六国化工,5.43,5.46,5.5,5.4,10228900.0
20260929,600475,华光环能,14.34,14.3,14.48,14.25,3294800.0
20260929,600477,杭萧钢构,2.37,2.41,2.43,2.36,21077700.0
20260929,600478,科力远,4.36,4.49,4.52,4.33,30141000.0
20260929,600479,千金药业,12.08,11.95,12.7,11.95,47930900.0
20260929,600480,凌云股份,7.65,7.67,7.71,7.6,7850800.0
20260929,600481,双良节能,3.9,3.91,3.96,3.89,25797300.0
20260929,600482,中国动力,33.7,33.8,34.39,32.92,13430600.0
20260929,600483,福能股份,10.94,10.83,11.15,10.7,15894600.0
20260929,600486,扬农化工,51.5,50.45,51.65,50.11,2880300.0
20260929,600487,亨通光电,55.79,57.11,58.12,55.3,200272400.0
20260929,600488,津药药业,6.76,6.9,6.9,6.49,140509300.0
20260929,600489,中金黄金,20.95,21.59,21.69,20.83,64892600.0
20260929,600490,鹏欣资源,6.47,6.7,6.74,6.45,30717500.0
20260929,600493,凤竹纺织,6.45,6.57,6.69,6.31,7723200.0
20260929,600495,晋西车轴,4.03,4.07,4.1,4.02,8031200.0
20260929,600496,精工钢构,3.32,3.32,3.36,3.31,15952700.0
20260929,600497,驰宏锌锗,8.81,8.93,8.98,8.79,42579300.0
20260929,600498,烽火通信,35.88,36.28,36.71,34.89,68608500.0
20260929,600499,科达制造,11.02,11.07,11.16,10.96,25462000.0
20260929,600500,中化国际,4.93,5.01,5.11,4.92,66336800.0
20260929,600501,航天晨光,14.38,14.49,14.78,14.37,3858900.0
20260929,600502,安徽建工,4.12,4.16,4.18,4.11,21965600.0
20260929,600503,华丽家族,2.49,2.47,2.53,2.37,194918400.0
20260929,600505,西昌电力,10.3,10.29,10.51,10.26,5983700.0
20260929,600506,统一股份,16.0,16.18,16.93,15.83,17891600.0
20260929,600507,方大特钢,3.95,3.98,4.01,3.94,14618400.0
20260929,600508,上海能源,10.57,10.45,10.59,10.29,12177600.0
20260929,600509,天富能源,7.02,7.18,7.27,7.01,14667900.0
20260929,600510,黑牡丹,6.43,6.54,6.6,6.38,6530600.0
20260929,600511,国药股份,25.85,25.8,25.97,25.72,1750200.0
20260929,600512,腾达建设,2.05,2.09,2.1,2.04,24869600.0
20260929,600513,联环药业,14.91,14.81,15.13,14.67,6067800.0
20260929,600515,海南机场,2.66,2.71,2.72,2.66,72763700.0
20260929,600516,方大炭素,5.26,5.27,5.33,5.26,27500100.0
20260929,600517,国网英大,4.77,4.85,4.87,4.76,14575000.0
20260929,600518,康美药业,1.32,1.33,1.34,1.32,98778500.0
20260929,600519,贵州茅台,1244.6,1235.58,1245.87,1230.88,2636600.0
20260929,600520,三佳科技,25.19,25.03,25.77,24.9,6229900.0
20260929,600521,华海药业,15.91,15.99,16.38,15.82,18838700.0
20260929,600522,中天科技,30.76,31.33,31.52,30.69,112426200.0
20260929,600523,贵航股份,11.72,11.81,11.89,11.72,2054400.0
20260929,600525,长园集团,4.81,4.85,4.89,4.77,9292600.0
20260929,600526,菲达环保,4.51,4.59,4.61,4.51,5512900.0
20260929,600527,江南高纤,2.15,2.16,2.18,2.13,22942000.0
20260929,600528,中铁工业,6.72,6.75,6.78,6.71,4323800.0
20260929,600529,山东药玻,18.19,17.97,18.25,17.94,4405400.0
20260929,600531,豫光金铅,10.97,11.12,11.18,10.91,16071000.0
20260929,600533,栖霞建设,2.22,2.29,2.29,2.22,18766000.0
20260929,600535,天士力,13.74,13.74,13.85,13.67,7945200.0
20260929,600536,中国软件,30.71,30.98,31.26,30.71,8755900.0
20260929,600538,国发股份,4.7,4.71,4.8,4.68,9231600.0
20260929,600539,狮头股份,14.16,13.62,14.23,13.6,10364000.0
20260929,600540,新赛股份,5.51,5.67,5.79,5.35,103114800.0
20260929,600545,卓郎智能,3.95,3.97,4.02,3.86,53694700.0
20260929,600546,山煤国际,13.14,13.0,13.3,12.75,15912200.0
20260929,600547,山东黄金,25.36,26.49,26.66,25.36,108994100.0
20260929,600548,深高速,7.95,8.06,8.08,7.94,2181800.0
20260929,600549,厦门钨业,43.2,43.75,43.99,43.01,24714900.0
20260929,600550,保变电气,10.1,10.08,10.18,10.04,10392700.0
20260929,600551,时代出版,7.58,7.87,7.93,7.58,22461000.0
20260929,600552,凯盛科技,17.56,17.2,17.61,16.8,71525800.0
20260929,600556,天下秀,4.44,4.65,4.68,4.42,46888600.0
20260929,600557,康缘药业,12.12,12.1,12.36,12.06,4284800.0
20260929,600558,大西洋,4.72,4.75,4.83,4.71,9405100.0
20260929,600559,老白干酒,10.8,10.81,10.87,10.77,5087900.0
20260929,600560,金自天正,11.48,11.55,11.69,11.26,3692400.0
20260929,600561,江西长运,5.89,6.07,6.12,5.84,4463800.0
20260929,600562,国睿科技,26.7,26.35,26.88,26.02,4321600.0
20260929,600563,法拉电子,116.0,115.84,116.99,114.36,2543600.0
20260929,600566,济川药业,24.67,24.87,24.96,24.55,3670200.0
20260929,600567,山鹰国际,1.3,1.31,1.33,1.3,40647900.0
20260929,600569,安阳钢铁,1.74,1.78,1.79,1.73,19751900.0
20260929,600570,恒生电子,19.42,19.32,19.6,19.3,10637800.0
20260929,600571,信雅达,10.09,10.28,10.35,10.05,4980900.0
20260929,600572,康恩贝,4.24,4.24,4.29,4.21,26057500.0
20260929,600573,惠泉啤酒,10.22,10.25,10.32,9.94,11096000.0
20260929,600575,淮河能源,3.12,3.13,3.16,3.11,16518500.0
20260929,600576,祥源文旅,5.29,5.32,5.35,5.28,3561300.0
20260929,600577,精达股份,8.26,8.25,8.39,8.17,53647700.0
20260929,600578,京能电力,5.17,5.15,5.23,5.15,26248200.0
20260929,600579,中化装备,6.88,7.02,7.1,6.85,3628700.0
20260929,600580,卧龙电驱,26.1,25.96,26.37,25.92,14819500.0
20260929,600582,天地科技,4.78,4.8,4.83,4.78,8653900.0
20260929,600583,海油工程,6.47,6.53,6.67,6.47,49569900.0
20260929,600584,长电科技,65.38,65.7,66.74,65.1,43954000.0
20260929,600585,海螺水泥,16.84,16.98,17.02,16.8,16497200.0
20260929,600586,金晶科技,3.9,3.95,3.98,3.89,11232800.0
20260929,600587,新华医疗,12.77,12.82,13.04,12.7,12211900.0
20260929,600588,用友网络,9.09,9.25,9.34,9.08,28134800.0
20260929,600589,大位科技,7.36,7.53,7.61,7.31,33956100.0
20260929,600590,泰豪科技,8.1,8.12,8.2,8.06,10434500.0
20260929,600592,龙溪股份,14.95,14.73,15.53,14.7,16483800.0
20260929,600593,大连圣亚,50.11,48.05,51.99,47.81,14014100.0
20260929,600594,益佰制药,3.59,3.6,3.68,3.52,14816700.0
20260929,600595,中孚实业,5.74,5.97,5.97,5.73,55537800.0
20260929,600596,新安股份,10.42,10.46,10.55,10.35,20947600.0
20260929,600597,光明乳业,6.76,6.8,6.8,6.73,5237400.0
20260929,600598,北大荒,12.29,12.42,12.77,12.28,18685200.0
20260929,600600,青岛啤酒,49.78,49.52,49.85,49.48,2326700.0
20260929,600601,方正科技,12.75,13.72,13.85,12.65,193471300.0
20260929,600602,云赛智联,16.19,16.21,16.38,16.13,9450100.0
20260929,600603,广汇物流,4.66,4.8,4.84,4.65,8618100.0
20260929,600604,市北高新,4.79,4.85,4.9,4.77,26205500.0
20260929,600605,汇通能源,29.62,29.6,30.42,29.22,5583800.0
20260929,600606,绿地控股,1.42,1.5,1.54,1.4,397264000.0
20260929,600609,金杯汽车,3.55,3.59,3.61,3.5,40153500.0
20260929,600610,中毅达,7.3,7.36,7.45,7.29,10624600.0
20260929,600611,大众交通,4.27,4.31,4.36,4.27,22977900.0
20260929,600612,老凤祥,31.01,30.79,31.18,30.75,990900.0
20260929,600613,神奇制药,8.05,8.11,8.55,7.9,55788800.0
20260929,600615,鑫源智造,9.48,9.54,9.63,9.32,2052100.0
20260929,600616,金枫酒业,5.22,5.02,5.26,4.93,55165100.0
20260929,600617,国新能源,3.23,3.27,3.31,3.22,21059100.0
20260929,600618,氯碱化工,9.55,9.52,9.61,9.5,2960200.0
20260929,600619,海立股份,13.06,13.18,13.44,13.05,14509000.0
20260929,600620,天宸股份,4.31,4.35,4.41,4.26,5803000.0
20260929,600621,XD华鑫股,13.45,13.45,13.64,13.37,14326000.0
20260929,600622,光大嘉宝,2.43,2.52,2.54,2.42,44595700.0
20260929,600623,华谊集团,8.6,8.42,8.63,8.37,16504400.0
20260929,600626,申达股份,3.76,3.75,3.86,3.73,13932900.0
20260929,600628,新世界,6.27,6.29,6.33,6.24,3737100.0
20260929,600629,华建集团,16.02,16.35,16.78,15.96,26083200.0
20260929,600630,龙头股份,7.87,7.71,8.1,7.62,70703000.0
20260929,600633,浙数文化,9.95,10.11,10.16,9.92,8428200.0
20260929,600635,大众公用,4.39,4.4,4.44,4.38,15559200.0
20260929,600637,东方明珠,8.63,8.8,8.84,8.6,34509500.0
20260929,600638,新黄浦,5.05,5.23,5.26,5.02,16265500.0
20260929,600639,浦东金桥,9.59,9.75,9.77,9.59,5479000.0
20260929,600640,国脉文化,12.47,12.62,12.88,12.3,21053200.0
20260929,600641,先导基电,49.21,48.76,49.72,48.27,57419900.0
20260929,600642,申能股份,8.81,8.76,8.91,8.66,19450300.0
20260929,600643,爱建集团,4.0,4.07,4.09,3.98,13687900.0
20260929,600644,乐山电力,8.83,8.86,9.1,8.78,18555800.0
20260929,600645,中源协和,18.77,18.74,19.22,18.62,5404200.0
20260929,600648,外高桥,9.32,9.47,9.47,9.31,2213500.0
20260929,600649,城投控股,4.02,4.13,4.17,4.0,33046000.0
20260929,600650,XD锦江在,10.21,10.22,10.37,10.08,3171300.0
20260929,600651,飞乐音响,5.01,4.99,5.09,4.97,16719100.0
20260929,600653,申华控股,1.66,1.71,1.73,1.65,59511800.0
20260929,600654,中安科,2.97,3.05,3.07,2.96,49760500.0
20260929,600655,豫园股份,4.43,4.54,4.56,4.43,10778100.0
20260929,600657,信达地产,3.18,3.38,3.38,3.16,76107400.0
20260929,600658,电子城,4.09,4.24,4.26,4.06,20199200.0
20260929,600660,福耀玻璃,53.14,53.0,53.3,52.01,8911000.0
20260929,600661,昂立教育,9.15,9.3,9.38,9.07,6442000.0
20260929,600662,外服控股,4.16,4.19,4.23,4.16,7816500.0
20260929,600663,陆家嘴,8.8,9.19,9.26,8.75,25721700.0
20260929,600664,哈药股份,7.11,7.14,7.47,6.92,431927700.0
20260929,600665,天地源,3.39,3.42,3.46,3.35,11082100.0
20260929,600666,奥瑞德,3.16,3.2,3.22,3.15,38794400.0
20260929,600667,太极实业,17.7,17.95,18.14,17.7,94182900.0
20260929,600668,尖峰集团,7.3,7.39,7.42,7.29,2885700.0
20260929,600671,天目药业,21.86,21.62,22.21,21.6,2144700.0
20260929,600673,东阳光,30.31,30.44,30.68,30.11,11026000.0
20260929,600674,川投能源,16.46,16.5,16.63,16.36,26690000.0
20260929,600675,中华企业,2.4,2.49,2.59,2.4,120720400.0
20260929,600676,久事动娱,6.71,6.65,6.83,6.61,9609100.0
20260929,600679,上海凤凰,10.54,10.52,10.67,10.41,4288000.0
20260929,600681,百川能源,3.45,3.48,3.51,3.44,17259800.0
20260929,600682,南京新百,5.69,5.74,5.83,5.67,11844500.0
20260929,600683,京投发展,8.99,9.25,9.77,8.92,21690000.0
20260929,600684,珠江股份,3.54,3.66,3.7,3.51,21961600.0
20260929,600685,中船防务,28.15,28.45,28.59,27.89,9917900.0
20260929,600686,金龙汽车,11.0,11.26,11.63,10.86,30756200.0
20260929,600688,上海石化,2.72,2.73,2.74,2.71,40231000.0
20260929,600689,上海三毛,11.92,12.02,12.09,11.82,2494100.0
20260929,600690,海尔智家,20.21,20.21,20.37,19.96,33040200.0
20260929,600691,潞化科技,2.66,2.72,2.74,2.66,27983100.0
20260929,600692,亚通股份,6.47,6.73,6.78,6.46,9447600.0
20260929,600693,XD东百集,9.23,9.12,9.46,9.11,37629600.0
20260929,600694,大商股份,14.23,14.26,14.38,14.23,1845300.0
20260929,600697,欧亚集团,11.26,11.36,11.44,11.13,4687300.0
20260929,600698,湖南天雁,7.05,6.86,7.09,6.81,19264700.0
20260929,600699,均胜电子,23.0,22.75,23.0,21.7,94499200.0
20260929,600702,舍得酒业,31.88,31.76,32.19,31.72,2935500.0
20260929,600703,三安光电,11.42,11.41,11.59,11.35,61656900.0
20260929,600704,物产中大,4.75,4.78,4.8,4.72,23268800.0
20260929,600706,曲江文旅,8.09,8.06,8.17,7.91,6305500.0
20260929,600707,彩虹股份,9.79,9.57,9.96,9.34,267795500.0
20260929,600708,光明地产,2.99,3.12,3.15,2.98,29133500.0
20260929,600710,苏美达,11.13,11.1,11.25,10.97,6678300.0
20260929,600711,盛屯矿业,10.1,10.29,10.33,10.09,30666600.0
20260929,600712,南宁百货,5.37,5.4,5.45,5.28,13099900.0
20260929,600713,南京医药,4.92,4.94,4.97,4.91,5491500.0
20260929,600714,金瑞矿业,17.83,17.49,18.04,17.4,13032500.0
20260929,600715,文投控股,1.61,1.65,1.66,1.6,46898800.0
20260929,600716,凤凰股份,3.71,3.79,3.83,3.7,7612500.0
20260929,600717,天津港,4.2,4.23,4.25,4.2,12724700.0
20260929,600718,东软集团,7.84,7.9,7.94,7.82,4233200.0
20260929,600719,大连热电,7.54,8.18,8.36,7.49,46713000.0
20260929,600720,中交设计,5.07,5.12,5.13,5.06,3010700.0
20260929,600721,百花医药,12.5,12.95,13.4,12.07,150443700.0
20260929,600722,金牛化工,14.91,14.57,15.25,14.55,73962100.0
20260929,600724,宁波富达,4.86,5.0,5.03,4.85,8821200.0
20260929,600725,云维股份,3.27,3.27,3.32,3.26,12166000.0
20260929,600726,华电能源,4.97,4.96,5.03,4.94,35238100.0
20260929,600727,鲁北化工,7.41,7.43,7.48,7.4,5515000.0
20260929,600728,佳都科技,4.37,4.47,4.48,4.36,14646900.0
20260929,600729,重百集团,18.27,18.08,18.36,18.06,1784900.0
20260929,600731,湖南海利,5.8,5.83,5.86,5.76,2635000.0
20260929,600732,爱旭股份,11.05,10.88,11.07,10.87,14025700.0
20260929,600733,北汽蓝谷,4.87,4.93,5.1,4.8,197723100.0
20260929,600736,苏州高新,6.36,6.53,6.56,6.35,15219800.0
20260929,600737,中粮糖业,14.0,13.8,14.07,13.59,49106900.0
20260929,600738,丽尚国潮,4.18,4.23,4.25,4.16,8124800.0
20260929,600739,辽宁成大,10.06,10.08,10.14,10.05,8410600.0
20260929,600740,山西焦化,3.71,3.7,3.77,3.67,21032400.0
20260929,600741,华域汽车,14.97,15.18,15.21,14.94,17308600.0
20260929,600742,富维股份,7.77,7.7,7.8,7.69,4746000.0
20260929,600743,华远控股,2.23,2.4,2.42,2.22,213458400.0
20260929,600744,华银电力,6.02,6.0,6.09,5.97,36237000.0
20260929,600746,江苏索普,6.8,6.76,6.85,6.71,6391300.0
20260929,600748,上实发展,3.94,4.09,4.09,3.9,21376300.0
20260929,600749,西藏旅游,12.79,12.76,12.94,12.73,3358900.0
20260929,600750,华润江中,22.39,22.3,22.6,22.09,3592700.0
20260929,600751,海航科技,2.82,2.86,2.87,2.8,21392400.0
20260929,600754,锦江酒店,17.95,17.85,18.18,17.75,6033100.0
20260929,600755,厦门国贸,5.71,5.69,5.78,5.67,23929400.0
20260929,600756,浪潮软件,13.6,13.95,14.14,13.5,8516600.0
20260929,600757,长江传媒,7.33,7.41,7.42,7.29,6127400.0
20260929,600758,辽宁能源,3.57,3.77,3.91,3.57,99877000.0
20260929,600760,中航沈飞,43.22,42.65,43.6,41.94,13146600.0
20260929,600761,XD安徽合,14.92,14.7,14.95,14.67,5932100.0
20260929,600763,通策医疗,33.3,33.0,33.72,32.97,4274500.0
20260929,600764,中国海防,18.05,18.3,18.38,18.01,3466900.0
20260929,600765,中航重机,13.06,13.08,13.14,12.96,7682700.0
20260929,600768,富邦新材,14.74,14.89,15.0,14.63,2068900.0
20260929,600769,祥龙电业,14.46,14.56,14.84,14.23,6763900.0
20260929,600770,综艺股份,5.89,6.18,6.35,5.84,67120000.0
20260929,600771,广誉远,14.08,13.89,14.2,13.86,9604300.0
20260929,600773,西藏城投,9.29,9.67,9.78,9.28,19722300.0
20260929,600774,汉商集团,7.75,7.96,8.01,7.66,3901400.0
20260929,600775,南京熊猫,9.28,9.29,9.37,9.12,11082200.0
20260929,600776,东方通信,12.28,12.34,12.43,12.21,8188200.0
20260929,600777,新潮能源,4.02,4.0,4.02,3.98,9542600.0
20260929,600778,友好集团,5.7,5.78,5.81,5.67,8402400.0
20260929,600779,水井坊,26.15,25.73,26.28,25.71,1238700.0
20260929,600780,通宝能源,6.07,6.1,6.15,6.07,6479500.0
20260929,600782,新钢股份,2.62,2.66,2.67,2.61,33199900.0
20260929,600783,鲁信创投,14.69,14.62,14.92,14.57,6882000.0
20260929,600784,鲁银投资,6.93,7.06,7.1,6.93,4698300.0
20260929,600785,新华百货,10.48,10.28,10.57,10.26,12377400.0
20260929,600787,中储股份,4.53,4.57,4.58,4.51,8184300.0
20260929,600789,鲁抗医药,7.69,7.63,7.8,7.6,21047600.0
20260929,600790,轻纺城,3.87,3.65,3.87,3.61,55432600.0
20260929,600791,京能置业,6.9,7.1,7.16,6.76,15716600.0
20260929,600792,云煤能源,5.43,5.29,5.51,5.14,113975300.0
20260929,600793,宜宾纸业,16.89,16.39,16.89,16.35,3206300.0
20260929,600794,保税科技,3.15,3.19,3.21,3.14,9215900.0
20260929,600795,国电电力,5.37,5.36,5.41,5.31,108059800.0
20260929,600796,钱江生化,5.06,5.09,5.13,5.04,3800000.0
20260929,600797,浙大网新,6.4,6.49,6.54,6.38,7919800.0
20260929,600798,宁波海运,3.38,3.38,3.41,3.36,11291000.0
20260929,600800,渤海化学,3.17,3.2,3.22,3.13,11251100.0
20260929,600801,华新建材,23.52,23.8,23.98,23.35,7656000.0
20260929,600802,福建水泥,6.55,6.94,7.28,6.55,107987600.0
20260929,600803,新奥股份,18.67,18.39,18.79,18.3,4259700.0
20260929,600805,悦达投资,4.54,4.63,4.65,4.52,7717200.0
20260929,600807,济高发展,2.62,2.68,2.7,2.6,13373800.0
20260929,600808,马钢股份,2.39,2.46,2.47,2.38,61210500.0
20260929,600809,山西汾酒,110.06,111.5,113.33,110.06,4816300.0
20260929,600810,神马股份,6.26,6.22,6.32,6.22,4625100.0
20260929,600812,华北制药,4.88,4.84,4.95,4.82,25301700.0
20260929,600814,杭州解百,6.96,6.87,6.96,6.79,4371600.0
20260929,600815,厦工股份,3.88,3.77,3.98,3.77,183025500.0
20260929,600816,建元信托,2.33,2.34,2.36,2.32,32800300.0
20260929,600817,宇通重工,9.62,9.75,9.77,9.55,1667500.0
20260929,600819,耀皮玻璃,5.56,5.61,5.64,5.55,5685200.0
20260929,600820,隧道股份,5.22,5.2,5.24,5.18,6749200.0
20260929,600821,金开新能,5.71,5.7,5.77,5.68,25370400.0
20260929,600822,上海物贸,9.07,9.18,9.46,9.01,8027300.0
20260929,600824,益民集团,3.61,3.66,3.69,3.61,8230600.0
20260929,600825,新华传媒,9.41,9.41,9.41,9.41,15651500.0
20260929,600826,兰生股份,8.0,7.98,8.08,7.92,6120700.0
20260929,600827,百联股份,7.65,7.76,7.78,7.65,7589500.0
20260929,600828,茂业商业,4.27,4.28,4.34,4.22,13143000.0
20260929,600829,人民同泰,9.33,9.33,9.56,9.28,5903500.0
20260929,600830,香溢融通,8.32,8.36,8.46,8.3,5689300.0
20260929,600831,广电网络,3.23,3.41,3.45,3.23,33494800.0
20260929,600833,第一医药,10.54,10.56,10.63,10.37,3873400.0
20260929,600834,申通地铁,7.58,7.71,7.8,7.56,1814700.0
20260929,600835,上海机电,18.31,18.21,18.48,18.16,3910200.0
20260929,600838,上海九百,8.18,8.15,8.21,8.06,7678000.0
20260929,600839,四川长虹,6.42,6.41,6.45,6.4,22342700.0
20260929,600841,动力新科,5.48,5.65,5.68,5.45,11605800.0
20260929,600843,上工申贝,7.9,7.68,7.94,7.63,35211300.0
20260929,600844,金煤科技,3.23,3.21,3.25,3.2,19473500.0
20260929,600845,宝信软件,18.01,17.81,18.2,17.78,10681100.0
20260929,600846,同济科技,10.6,10.68,10.74,10.51,1670800.0
20260929,600847,万里股份,12.55,12.86,13.3,12.51,5179700.0
20260929,600848,上海临港,8.53,8.7,8.73,8.45,10992600.0
20260929,600850,电科数字,13.49,13.65,13.68,13.43,5477600.0
20260929,600851,海欣股份,7.88,7.9,8.05,7.87,4527100.0
20260929,600853,龙建股份,3.23,3.29,3.32,3.21,10131900.0
20260929,600854,春兰股份,4.71,4.78,4.81,4.69,8613400.0
20260929,600855,航天长峰,12.48,12.35,12.62,12.23,8769500.0
20260929,600857,宁波中百,17.58,17.53,18.1,17.0,13412400.0
20260929,600858,银座股份,4.85,4.94,4.97,4.81,6726200.0
20260929,600859,王府井,9.58,9.68,9.71,9.56,8416800.0
20260929,600860,京城股份,7.4,7.52,7.6,7.36,5096500.0
20260929,600861,北京人力,12.64,12.69,12.8,12.53,1717700.0
20260929,600862,中航高科,17.6,17.73,17.96,17.5,6758000.0
20260929,600863,华能蒙电,4.7,4.68,4.76,4.65,57775900.0
20260929,600864,哈投股份,5.62,5.63,5.68,5.61,20584200.0
20260929,600865,百大集团,10.55,10.43,10.68,10.38,14972500.0
20260929,600866,星湖科技,4.08,4.09,4.11,4.05,11405300.0
20260929,600867,通化东宝,7.73,7.68,7.78,7.66,10729400.0
20260929,600868,梅雁吉祥,2.73,2.78,2.8,2.7,34831900.0
20260929,600869,远东股份,17.95,18.03,18.18,17.78,92662500.0
20260929,600871,石化油服,2.08,2.09,2.11,2.08,59050200.0
20260929,600872,中炬高新,17.1,16.84,17.13,16.8,8057200.0
20260929,600873,梅花生物,7.31,7.24,7.33,7.21,14869000.0
20260929,600874,创业环保,5.43,5.46,5.48,5.43,5076300.0
20260929,600875,东方电气,22.58,22.97,23.02,22.51,16400600.0
20260929,600876,凯盛新能,7.39,7.54,7.6,7.37,10177900.0
20260929,600877,电科芯片,11.43,11.4,11.56,11.28,8098700.0
20260929,600879,航天电子,13.8,13.66,13.99,13.6,42882600.0
20260929,600880,博瑞传播,4.07,4.18,4.22,4.06,49839100.0
20260929,600881,亚泰集团,1.84,1.84,1.87,1.8,62791200.0
20260929,600882,妙可蓝多,19.25,18.71,19.25,18.6,3162700.0
20260929,600883,博闻科技,8.07,8.21,8.28,8.01,4407000.0
20260929,600884,杉杉股份,11.28,11.58,11.82,11.23,52479600.0
20260929,600885,宏发股份,33.26,33.48,33.62,33.06,6899300.0
20260929,600886,国投电力,15.3,15.15,15.39,15.09,32133200.0
20260929,600887,伊利股份,27.05,27.24,27.37,26.89,47888200.0
20260929,600888,新疆众和,9.3,9.67,9.77,9.24,58045100.0
20260929,600892,大晟文化,4.06,4.16,4.22,3.97,31518900.0
20260929,600893,航发动力,38.61,38.41,38.7,37.75,16252000.0
20260929,600894,广日股份,7.6,7.66,7.8,7.58,7140600.0
20260929,600895,张江高科,27.6,27.77,28.05,27.49,11721300.0
20260929,600897,厦门空港,14.99,15.02,15.3,14.83,6875200.0
20260929,600900,长江电力,28.5,28.38,28.65,28.35,67675100.0
20260929,600901,江苏金租,6.83,6.85,6.91,6.79,24691200.0
20260929,600903,贵州燃气,6.37,6.51,6.54,6.36,23038800.0
20260929,600905,三峡能源,3.53,3.52,3.56,3.52,62096500.0
20260929,600906,财达证券,6.23,6.27,6.29,6.22,14023600.0
20260929,600908,无锡银行,5.81,5.84,5.89,5.76,18231900.0
20260929,600909,华安证券,7.56,7.69,7.73,7.56,53911600.0
20260929,600916,中国黄金,7.05,7.14,7.15,7.03,11861600.0
20260929,600917,重庆燃气,4.78,4.79,4.83,4.78,3833600.0
20260929,600918,中泰证券,5.33,5.39,5.42,5.32,21754200.0
20260929,600919,江苏银行,12.26,12.16,12.29,12.12,62494900.0
20260929,600925,苏能股份,4.1,4.1,4.14,4.06,6547600.0
20260929,600926,杭州银行,16.83,16.81,16.89,16.7,21270700.0
20260929,600927,永安期货,11.98,12.06,12.14,11.97,3876900.0
20260929,600928,西安银行,3.44,3.48,3.5,3.44,21222500.0
20260929,600929,雪天盐业,5.91,5.99,6.04,5.89,22929100.0
20260929,600930,华电新能,3.81,3.82,3.85,3.8,46084400.0
20260929,600933,爱柯迪,13.57,13.3,13.62,13.25,8909400.0
20260929,600935,华塑股份,2.29,2.3,2.31,2.28,13106100.0
20260929,600936,北投科技,4.23,4.25,4.29,4.23,20442300.0
20260929,600938,中国海油,33.5,33.36,33.76,32.88,28606600.0
20260929,600939,重庆建工,2.58,2.65,2.68,2.58,14723200.0
20260929,600941,中国移动,97.5,97.36,98.12,96.92,5973300.0
20260929,600955,维远股份,12.21,12.28,12.38,12.17,1774200.0
20260929,600956,新天绿能,7.07,7.02,7.12,6.99,5158700.0
20260929,600958,东方证券,8.6,8.61,8.65,8.59,19981700.0
20260929,600959,江苏有线,3.02,3.11,3.13,3.01,33880300.0
20260929,600960,渤海汽车,3.89,3.89,3.93,3.85,5760900.0
20260929,600961,株冶集团,22.07,22.59,22.68,21.97,14726700.0
20260929,600962,国投中鲁,25.0,25.24,25.34,24.91,3260800.0
20260929,600963,岳阳林纸,3.32,3.34,3.36,3.27,18559600.0
20260929,600966,博汇纸业,4.75,4.77,4.82,4.74,6826700.0
20260929,600967,内蒙一机,12.69,12.73,12.85,12.4,34656000.0
20260929,600968,海油发展,3.85,3.91,3.92,3.84,26353200.0
20260929,600969,郴电国际,9.53,9.5,9.7,9.48,6391000.0
20260929,600970,中材国际,7.66,7.63,7.71,7.63,8797400.0
20260929,600971,恒源煤电,8.29,8.14,8.37,8.08,10750200.0
20260929,600973,宝胜股份,5.77,5.71,5.77,5.7,7278000.0
20260929,600975,新五丰,5.08,5.22,5.25,5.05,17682500.0
20260929,600976,健民集团,26.88,26.56,27.0,26.51,636500.0
20260929,600977,中国电影,12.85,13.13,13.24,12.83,27725800.0
20260929,600979,广安爱众,3.84,3.89,3.92,3.84,15835500.0
20260929,600980,北矿科技,18.39,18.78,18.9,18.25,1879000.0
20260929,600981,苏豪汇鸿,2.36,2.41,2.43,2.35,14261100.0
20260929,600982,宁波能源,5.13,5.49,5.49,5.13,48874100.0
20260929,600983,惠而浦,7.42,7.46,7.52,7.38,1407100.0
20260929,600984,建设机械,3.47,3.58,3.6,3.44,30890400.0
20260929,600985,淮北矿业,16.24,15.9,16.39,15.57,23188700.0
20260929,600986,浙文互联,6.67,6.98,7.03,6.66,44066900.0
20260929,600987,航民股份,6.22,6.23,6.28,6.22,3328700.0
20260929,600988,赤峰黄金,37.33,38.44,38.89,36.83,43404700.0
20260929,600989,宝丰能源,22.26,22.41,22.5,21.8,40355100.0
20260929,600990,四创电子,17.41,17.54,17.63,17.3,1562800.0
20260929,600992,贵绳股份,10.22,10.22,10.32,10.09,6504200.0
20260929,600993,马应龙,22.31,22.21,22.42,22.12,2157000.0
20260929,600995,南网储能,11.66,11.67,11.77,11.65,4845000.0
20260929,600996,贵广网络,6.67,6.9,6.96,6.65,19160900.0
20260929,600997,开滦股份,5.25,5.18,5.25,5.11,10051700.0
20260929,600998,九州通,4.89,4.96,4.98,4.88,26791700.0
20260929,600999,招商证券,16.93,16.94,17.01,16.88,22975500.0
20260929,601000,唐山港,4.51,4.58,4.61,4.46,44751200.0
20260929,601001,晋控煤业,17.6,17.0,17.73,16.8,16794500.0
20260929,601002,晋亿实业,5.16,5.22,5.26,5.14,5536400.0
20260929,601003,柳钢股份,3.44,3.5,3.53,3.43,12842800.0
20260929,601005,重庆钢铁,1.18,1.2,1.21,1.18,62032600.0
20260929,601006,大秦铁路,4.65,4.67,4.69,4.64,77123600.0
20260929,601007,金陵饭店,6.76,6.8,6.83,6.75,3757400.0
20260929,601008,连云港,4.4,4.35,4.43,4.33,10856000.0
20260929,601009,南京银行,11.96,11.79,11.97,11.73,40287400.0
20260929,601011,宝泰隆,2.85,2.87,2.95,2.84,38567400.0
20260929,601012,隆基绿能,10.81,10.89,10.94,10.8,47573600.0
20260929,601015,陕西黑猫,3.5,3.58,3.71,3.46,70491100.0
20260929,601016,节能风电,3.25,3.26,3.28,3.23,42943300.0
20260929,601018,宁波港,3.42,3.49,3.5,3.42,54555000.0
20260929,601019,山东出版,6.67,6.76,6.8,6.65,8983200.0
20260929,601020,华钰矿业,19.28,19.95,20.23,19.28,14645900.0
20260929,601021,春秋航空,40.0,39.84,40.16,39.46,6494000.0
20260929,601022,宁波远洋,8.3,8.24,8.36,8.19,5954600.0
20260929,601026,XD道生天,14.61,14.69,14.85,14.55,2692200.0
20260929,601033,永兴股份,14.11,14.1,14.2,14.08,2148500.0
20260929,601038,一拖股份,13.58,13.67,13.73,13.4,5740800.0
20260929,601058,赛轮轮胎,13.21,13.22,13.3,13.08,26299100.0
20260929,601061,中信金属,10.49,10.52,10.56,10.4,8305600.0
20260929,601065,江盐集团,6.63,6.64,6.66,6.6,2352200.0
20260929,601066,中信建投,23.29,23.01,23.31,22.99,7991700.0
20260929,601068,中铝国际,4.21,4.35,4.37,4.2,19674400.0
20260929,601069,西部黄金,23.66,24.35,24.51,23.66,10753400.0
20260929,601077,渝农商行,6.65,6.58,6.67,6.58,64705900.0
20260929,601083,锦江航运,12.74,12.62,12.82,12.58,4472200.0
20260929,601086,国芳集团,15.38,14.27,15.45,14.27,66510900.0
20260929,601088,中国神华,48.3,47.3,48.31,46.71,22209200.0
20260929,601089,福元医药,16.05,16.01,16.32,15.95,1849200.0
20260929,601091,沈鼓集团,25.69,25.19,27.3,25.17,83858100.0
20260929,601096,宏盛华源,3.9,3.92,3.94,3.89,9303400.0
20260929,601098,中南传媒,9.94,10.2,10.21,9.92,11173700.0
20260929,601099,太平洋,3.42,3.46,3.49,3.41,90684700.0
20260929,601100,恒立液压,89.1,90.82,90.86,88.2,6471400.0
20260929,601101,昊华能源,12.8,12.59,12.95,12.27,20103900.0
20260929,601106,中国一重,2.87,2.92,2.94,2.86,40125700.0
20260929,601107,四川成渝,6.0,6.04,6.12,5.98,9106600.0
20260929,601108,财通证券,8.12,8.17,8.21,8.11,27135400.0
20260929,601111,中国国航,5.75,5.78,5.79,5.73,38465200.0
20260929,601112,振石股份,16.2,16.3,16.48,16.2,4270200.0
20260929,601113,华鼎股份,3.5,3.5,3.55,3.48,11294600.0
20260929,601116,三江购物,9.84,9.85,9.93,9.76,5749000.0
20260929,601117,中国化学,7.11,7.13,7.16,7.11,24706500.0
20260929,601118,海南橡胶,5.82,5.79,5.94,5.77,98805400.0
20260929,601121,宝地矿业,6.84,6.91,6.97,6.8,7490500.0
20260929,601123,马矿股份,17.24,17.01,17.75,16.91,15498700.0
20260929,601126,四方股份,35.82,36.63,36.87,35.22,13966500.0
20260929,601127,赛力斯,45.09,46.81,47.3,44.83,25789900.0
20260929,601128,常熟银行,6.13,6.16,6.18,6.12,35322800.0
20260929,601133,柏诚股份,23.41,23.32,23.88,23.28,7581200.0
20260929,601136,首创证券,13.88,13.95,14.06,13.84,6433100.0
20260929,601137,博威合金,19.0,19.17,19.32,18.86,6304100.0
20260929,601138,工业富联,58.42,58.42,59.15,57.86,51010400.0
20260929,601139,深圳燃气,6.25,6.18,6.27,6.17,12990900.0
20260929,601155,新城控股,12.79,13.01,13.27,12.65,37457900.0
20260929,601156,东航物流,18.58,18.06,18.58,17.96,7614500.0
20260929,601158,重庆水务,3.98,4.0,4.01,3.97,4941100.0
20260929,601162,天风证券,3.48,3.56,3.59,3.48,109631700.0
20260929,601163,三角轮胎,12.18,12.17,12.25,12.14,1447300.0
20260929,601166,兴业银行,17.83,17.79,17.9,17.74,53349200.0
20260929,601168,西部矿业,33.6,35.17,35.25,33.5,25821100.0
20260929,601169,北京银行,5.46,5.48,5.51,5.44,115819600.0
20260929,601177,杭齿前进,13.66,13.64,13.83,13.45,3857000.0
20260929,601179,中国西电,11.4,11.41,11.53,11.38,31423600.0
20260929,601186,中国铁建,5.92,5.95,5.97,5.92,19784700.0
20260929,601187,厦门银行,6.8,6.84,6.86,6.79,9962600.0
20260929,601188,龙江交通,2.82,2.87,2.88,2.82,11546800.0
20260929,601199,江南水务,6.63,6.44,6.65,6.42,12344800.0
20260929,601200,上海环境,6.72,6.77,6.78,6.7,3762600.0
20260929,601208,XD东材科,48.99,50.53,52.0,47.0,64910700.0
20260929,601211,国泰海通,16.86,16.65,16.97,16.62,53551600.0
20260929,601212,白银有色,5.36,5.61,5.63,5.35,125609400.0
20260929,601216,君正集团,4.44,4.44,4.47,4.41,28482300.0
20260929,601218,吉鑫科技,6.3,6.13,6.6,5.75,284779800.0
20260929,601222,林洋能源,5.82,5.91,5.95,5.82,16331600.0
20260929,601225,陕西煤业,25.96,25.66,26.08,25.06,37519800.0
20260929,601226,华电科工,6.42,6.51,6.56,6.38,6226500.0
20260929,601228,广州港,3.01,3.06,3.06,3.01,20403700.0
20260929,601229,上海银行,9.55,9.55,9.6,9.48,33195900.0
20260929,601231,环旭电子,23.44,24.09,24.44,23.28,18421200.0
20260929,601233,桐昆股份,23.28,22.49,23.52,21.64,47098900.0
20260929,601236,红塔证券,6.85,6.88,6.93,6.84,9488400.0
20260929,601238,广汽集团,5.6,5.6,5.6,5.6,8135000.0
20260929,601279,英利汽车,3.55,3.55,3.6,3.5,14318900.0
20260929,601288,农业银行,6.88,6.94,6.98,6.8,354621800.0
20260929,601298,青岛港,9.8,10.09,10.09,9.8,12267500.0
20260929,601311,骆驼股份,7.27,7.33,7.35,7.26,6175500.0
20260929,601318,中国平安,52.47,52.5,52.74,52.22,43080100.0
20260929,601319,中国人保,8.0,8.06,8.09,7.91,60937700.0
20260929,601326,秦港股份,3.48,3.51,3.53,3.47,17313300.0
20260929,601328,交通银行,7.58,7.62,7.68,7.54,206567500.0
20260929,601330,绿色动力,8.18,8.26,8.29,8.12,9623100.0
20260929,601333,广深铁路,3.05,3.05,3.08,3.03,42550100.0
20260929,601336,新华保险,55.97,55.94,56.29,55.82,6421700.0
20260929,601339,百隆东方,7.22,7.2,7.33,7.14,7501300.0
20260929,601360,三六零,8.88,9.12,9.23,8.88,128729300.0
20260929,601366,利群股份,3.59,3.63,3.64,3.58,7278000.0
20260929,601368,绿城水务,4.56,4.63,4.66,4.55,5375500.0
20260929,601369,陕鼓动力,8.61,8.42,8.63,8.4,7829400.0
20260929,601375,中原证券,3.89,3.94,3.95,3.88,19696200.0
20260929,601377,兴业证券,5.77,5.72,5.77,5.72,41055300.0
20260929,601388,怡球资源,3.13,3.17,3.18,3.09,19339000.0
20260929,601390,中国中铁,4.22,4.25,4.26,4.2,58596600.0
20260929,601398,工商银行,8.16,8.16,8.21,8.1,313319100.0
20260929,601399,国机重装,3.06,3.13,3.15,3.05,76211500.0
20260929,601456,国联民生,8.52,8.53,8.58,8.51,9852000.0
20260929,601500,通用股份,3.8,3.85,3.86,3.79,8125600.0
20260929,601512,中新集团,8.35,8.45,8.53,8.35,3185100.0
20260929,601515,衢州东峰,3.14,3.19,3.2,3.12,12965600.0
20260929,601518,吉林高速,2.74,2.76,2.78,2.74,8564300.0
20260929,601519,大智慧,8.18,9.01,9.01,8.15,51093400.0
20260929,601528,瑞丰银行,4.99,5.04,5.07,4.96,14942200.0
20260929,601555,东吴证券,8.06,8.14,8.17,8.04,21738800.0
20260929,601566,九牧王,9.02,9.1,9.2,8.98,20596300.0
20260929,601567,三星电气,14.11,13.86,14.34,13.61,43998900.0
20260929,601568,北元化工,3.53,3.51,3.54,3.47,18634800.0
20260929,601577,长沙银行,9.6,9.7,9.73,9.54,17975500.0
20260929,601579,会稽山,41.43,37.66,41.43,37.66,7005600.0
20260929,601588,北辰实业,1.75,1.81,1.83,1.75,49682500.0
20260929,601595,上海电影,22.57,23.26,23.8,22.43,8360500.0
20260929,601598,中国外运,6.57,6.69,6.71,6.55,12018200.0
20260929,601599,浙文影业,3.2,3.27,3.29,3.18,18353700.0
20260929,601600,中国铝业,8.73,8.94,8.98,8.68,138658600.0
20260929,601601,中国太保,30.66,30.4,30.83,30.28,24784200.0
20260929,601606,长城军工,30.97,31.09,31.41,30.8,11391800.0
20260929,601607,上海医药,15.88,16.0,16.05,15.86,8352700.0
20260929,601608,中信重工,4.57,4.56,4.59,4.53,17954500.0
20260929,601609,金田股份,11.1,11.32,11.46,10.97,38431300.0
20260929,601611,中国核建,10.03,10.01,10.08,9.94,8930100.0
20260929,601615,明阳智能,9.46,9.78,9.83,9.42,50154700.0
20260929,601616,广电电气,3.73,3.78,3.81,3.73,9187400.0
20260929,601618,中国中冶,2.46,2.5,2.52,2.46,71188700.0
20260929,601619,嘉泽新能,3.8,3.86,3.92,3.78,36074800.0
20260929,601628,中国人寿,36.62,36.62,37.0,36.55,16521100.0
20260929,601633,长城汽车,13.79,13.66,13.89,13.66,11719000.0
20260929,601636,旗滨集团,5.29,5.29,5.33,5.2,43818100.0
20260929,601658,邮储银行,5.33,5.41,5.44,5.31,201935700.0
20260929,601665,齐鲁银行,6.94,6.94,7.0,6.87,31377700.0
20260929,601666,平煤股份,8.77,8.73,8.84,8.49,22567400.0
20260929,601668,中国建筑,4.22,4.27,4.29,4.21,222748700.0
20260929,601669,中国电建,4.52,4.52,4.55,4.51,40170900.0
20260929,601677,明泰铝业,16.03,16.16,16.26,15.7,21819600.0
20260929,601678,滨化股份,5.65,5.64,5.7,5.61,31926700.0
20260929,601686,友发集团,4.92,4.97,4.99,4.91,3460100.0
20260929,601688,华泰证券,17.86,17.72,17.95,17.7,38830400.0
20260929,601689,拓普集团,45.6,47.35,47.35,44.6,29181600.0
20260929,601696,中银证券,10.92,10.96,11.02,10.91,12756600.0
20260929,601698,中国卫通,23.0,22.7,23.15,22.64,11923800.0
20260929,601699,潞安环能,15.18,14.79,15.26,14.56,23104800.0
20260929,601700,风范股份,6.1,6.04,6.16,6.03,29713100.0
20260929,601702,华峰铝业,14.81,14.84,14.87,14.63,2767000.0
20260929,601717,中创智领,13.08,12.99,13.12,12.96,14451300.0
20260929,601727,上海电气,6.44,6.41,6.47,6.4,31776600.0
20260929,601728,中国电信,6.25,6.27,6.3,6.23,73557400.0
20260929,601766,中国中车,6.09,6.12,6.18,6.07,100072500.0
20260929,601777,千里科技,8.44,7.91,8.54,7.86,48750100.0
20260929,601778,晶科科技,3.32,3.38,3.4,3.31,52657100.0
20260929,601788,光大证券,13.59,13.55,13.68,13.55,8266300.0
20260929,601789,宁波建工,4.13,4.18,4.19,4.11,17936900.0
20260929,601798,蓝科高新,7.46,7.68,7.73,7.46,4919500.0
20260929,601799,星宇股份,69.67,69.75,70.21,68.99,2496200.0
20260929,601800,中国交建,5.76,5.83,5.85,5.74,20342200.0
20260929,601801,皖新传媒,5.19,5.54,5.57,5.18,40256000.0
20260929,601808,中海油服,12.09,12.06,12.2,12.03,7202900.0
20260929,601811,新华文轩,18.7,20.37,20.37,18.7,50556900.0
20260929,601816,京沪高铁,4.78,4.7,4.81,4.69,168211300.0
20260929,601818,光大银行,2.99,3.01,3.02,2.98,130538800.0
20260929,601825,沪农商行,8.64,8.58,8.66,8.49,16174900.0
20260929,601827,三峰环境,7.78,7.82,7.85,7.77,2153800.0
20260929,601828,美凯龙,2.12,2.19,2.2,2.11,57689700.0
20260929,601838,成都银行,19.1,18.88,19.16,18.88,17244100.0
20260929,601857,中国石油,11.18,11.12,11.26,11.0,112330200.0
20260929,601858,中国科传,21.6,22.11,22.39,21.52,17478600.0
20260929,601860,紫金银行,2.51,2.54,2.56,2.5,52800900.0
20260929,601865,福莱特,9.11,9.1,9.18,9.06,6625100.0
20260929,601866,中远海发,2.41,2.41,2.44,2.4,45850200.0
20260929,601868,中国能建,2.36,2.37,2.39,2.36,113008700.0
20260929,601869,长飞光纤,392.7,407.95,411.58,389.0,9525200.0
20260929,601872,招商轮船,20.52,19.89,20.63,19.78,108212900.0
20260929,601877,正泰电器,24.4,24.43,24.63,24.3,7900000.0
20260929,601878,浙商证券,8.9,8.92,8.98,8.9,10208800.0
20260929,601880,辽港股份,1.44,1.45,1.46,1.44,75688700.0
20260929,601881,中国银河,11.57,11.51,11.65,11.51,17484500.0
20260929,601882,海天精工,22.72,22.75,22.88,22.33,4339900.0
20260929,601886,江河集团,13.16,12.8,13.3,12.68,8935500.0
20260929,601888,中国中免,50.8,50.93,51.32,50.8,8809000.0
20260929,601890,亚星锚链,9.18,9.23,9.26,9.07,22645000.0
20260929,601898,中煤能源,14.09,13.9,14.18,13.54,39964700.0
20260929,601899,紫金矿业,29.01,29.46,29.62,29.01,111429700.0
20260929,601900,南方传媒,12.23,12.58,12.88,12.19,14269300.0
20260929,601901,方正证券,6.62,6.63,6.67,6.61,21220900.0
20260929,601908,京运通,2.89,2.91,2.94,2.86,22575800.0
20260929,601916,浙商银行,2.82,2.87,2.89,2.82,165419000.0
20260929,601918,新集能源,11.33,11.36,11.52,11.11,34937300.0
20260929,601919,中远海控,16.43,16.33,16.45,16.04,74281900.0
20260929,601921,浙版传媒,7.53,7.55,7.6,7.48,9113100.0
20260929,601928,凤凰传媒,8.16,8.27,8.28,8.15,9511300.0
20260929,601929,吉视传媒,2.26,2.37,2.4,2.24,140802800.0
20260929,601933,永辉超市,2.96,2.96,2.98,2.95,51996000.0
20260929,601939,建设银行,10.98,11.03,11.09,10.88,97800500.0
20260929,601949,中国出版,5.45,6.01,6.01,5.42,87532300.0
20260929,601952,苏垦农发,8.75,8.72,8.87,8.69,12231700.0
20260929,601956,东贝集团,5.06,5.07,5.12,5.02,8356600.0
20260929,601958,金钼股份,19.13,19.3,19.41,19.1,13432200.0
20260929,601963,重庆银行,11.02,10.97,11.1,10.92,6587500.0
20260929,601965,中国汽研,12.9,13.03,13.11,12.87,4550900.0
20260929,601966,玲珑轮胎,10.36,10.36,10.45,10.33,4249300.0
20260929,601968,宝钢包装,4.46,4.47,4.5,4.43,6802100.0
20260929,601969,海南矿业,8.83,8.89,8.93,8.79,7117900.0
20260929,601975,招商南油,4.5,4.43,4.53,4.39,122526900.0
20260929,601985,中国核电,9.0,9.02,9.05,8.97,77838700.0
20260929,601988,中国银行,6.62,6.65,6.69,6.57,231778000.0
20260929,601990,南京证券,6.48,6.54,6.58,6.48,12126800.0
20260929,601991,大唐发电,5.29,5.25,5.35,5.24,117264800.0
20260929,601992,金隅集团,1.38,1.41,1.42,1.38,60116300.0
20260929,601995,中金公司,30.42,30.61,30.64,30.35,14539300.0
20260929,601996,丰林集团,2.88,2.9,2.93,2.85,12224900.0
20260929,601997,贵阳银行,5.47,5.56,5.58,5.46,51556000.0
20260929,601998,中信银行,9.07,9.02,9.15,8.96,51411400.0
20260929,601999,出版传媒,6.45,6.96,7.09,6.43,35196600.0
20260929,603000,人民网,16.3,16.65,16.71,16.27,13024300.0
20260929,603001,奥康国际,11.42,11.97,12.16,11.12,18478400.0
20260929,603002,宏昌电子,17.53,17.56,17.77,17.23,39635500.0
20260929,603004,鼎龙科技,18.72,19.14,20.03,18.38,4278300.0
20260929,603005,晶方科技,27.8,27.86,28.51,27.61,21377000.0
20260929,603006,联明股份,10.65,10.94,10.96,10.62,2275200.0
20260929,603007,顺景科技,4.45,4.48,4.54,4.43,11777900.0
20260929,603009,北特科技,46.69,45.57,46.94,44.83,6026800.0
20260929,603010,万盛股份,12.04,12.07,12.24,11.96,4612700.0
20260929,603011,合锻智能,23.83,24.59,25.08,23.6,26224200.0
20260929,603012,XD创力集,8.42,8.47,8.67,8.36,9926800.0
20260929,603013,亚普股份,13.89,14.2,14.27,13.89,2393200.0
20260929,603014,威高血净,30.95,30.88,31.15,30.71,739900.0
20260929,603015,弘讯科技,10.3,10.43,10.53,10.2,3732500.0
20260929,603016,新宏泰,32.4,31.88,32.64,31.76,2817500.0
20260929,603017,中衡设计,9.82,10.2,10.6,9.82,10844400.0
20260929,603018,华设集团,5.15,5.2,5.22,5.13,5228100.0
20260929,603019,中科曙光,80.02,80.4,80.74,79.88,10335200.0
20260929,603020,爱普股份,12.24,12.11,12.58,12.11,9258400.0
20260929,603022,新通联,8.85,9.17,9.23,8.85,3487700.0
20260929,603023,威帝股份,3.99,4.08,4.12,3.96,8964100.0
20260929,603025,大豪科技,12.81,12.95,13.03,12.81,3466300.0
20260929,603026,石大胜华,55.34,55.87,56.45,55.34,3901700.0
20260929,603027,千禾味业,7.16,7.12,7.22,7.11,6632300.0
20260929,603028,赛福天,7.12,7.26,7.31,7.05,3458300.0
20260929,603029,天鹅股份,16.33,16.76,16.87,16.33,2517100.0
20260929,603030,全筑股份,2.02,2.09,2.1,2.01,28166200.0
20260929,603031,安孚科技,36.77,36.57,37.45,36.21,6096100.0
20260929,603032,德新科技,17.41,17.65,17.93,17.4,5072000.0
20260929,603033,三维股份,7.59,7.64,7.71,7.5,5040000.0
20260929,603035,常熟汽饰,10.46,10.4,10.52,10.39,1975900.0
20260929,603036,如通股份,13.49,13.7,13.84,13.46,3723500.0
20260929,603037,凯众股份,10.01,10.44,10.75,9.91,7883200.0
20260929,603038,华立股份,15.53,15.68,16.0,15.36,5242100.0
20260929,603039,泛微网络,34.21,34.53,35.2,34.21,8557100.0
20260929,603040,新坐标,45.32,44.33,45.32,43.8,1184600.0
20260929,603041,美思德,11.46,11.66,11.74,11.42,2173200.0
20260929,603042,华脉科技,15.59,16.55,17.28,15.27,53146600.0
20260929,603043,广州酒家,13.11,12.95,13.12,12.87,1874700.0
20260929,603045,福达合金,45.54,47.16,47.8,45.18,5208900.0
20260929,603048,浙江黎明,24.75,24.59,25.08,24.37,1561200.0
20260929,603049,中策橡胶,43.91,43.83,44.25,43.66,1486700.0
20260929,603050,科林电气,16.4,16.45,16.64,16.4,2054300.0
20260929,603051,鹿山新材,24.08,24.71,24.85,23.76,4394400.0
20260929,603052,可川科技,50.44,52.96,53.34,50.44,4420500.0
20260929,603053,成都燃气,8.68,8.7,8.72,8.61,1108300.0
20260929,603055,台华新材,9.29,9.04,9.29,9.01,7626500.0
20260929,603057,紫燕食品,17.2,17.74,17.94,17.12,4703200.0
20260929,603058,永吉股份,8.5,8.67,8.74,8.45,4299700.0
20260929,603059,倍加洁,25.8,25.89,26.11,25.6,1322500.0
20260929,603060,国检集团,5.72,5.53,5.72,5.52,11655700.0
20260929,603061,金海通,317.0,318.5,328.0,312.11,2284700.0
20260929,603062,麦加芯彩,36.81,36.6,37.19,36.33,321400.0
20260929,603063,禾望电气,27.39,28.16,28.5,27.0,12247800.0
20260929,603065,宿迁联盛,14.99,14.83,15.14,14.57,24355300.0
20260929,603066,音飞储存,9.18,9.32,9.36,9.15,3445600.0
20260929,603067,振华股份,39.1,39.45,40.39,38.33,32438000.0
20260929,603068,博通集成,46.07,45.0,46.8,44.4,14988700.0
20260929,603069,海汽集团,12.89,13.44,13.64,12.81,4082100.0
20260929,603070,万控智造,11.13,11.33,11.42,11.13,1253500.0
20260929,603071,物产环能,12.39,12.34,12.48,12.32,1693500.0
20260929,603072,天和磁材,29.68,29.75,30.09,29.68,813300.0
20260929,603073,彩蝶实业,19.0,19.72,20.3,18.3,10432000.0
20260929,603075,热威股份,20.02,19.95,20.35,19.5,2556500.0
20260929,603076,乐惠国际,20.16,20.41,20.5,19.96,1395200.0
20260929,603077,和邦生物,2.15,2.18,2.19,2.15,66521600.0
20260929,603078,江化微,29.92,29.59,30.25,29.45,9888500.0
20260929,603079,圣达生物,12.95,13.17,13.24,12.77,3281600.0
20260929,603080,新疆火炬,19.61,19.56,19.86,19.5,602700.0
20260929,603081,大丰实业,9.32,9.43,9.52,9.31,1870600.0
20260929,603082,北自科技,42.44,42.0,43.86,41.95,5528900.0
20260929,603083,剑桥科技,197.15,201.1,204.89,194.2,15003800.0
20260929,603085,天成自控,9.69,9.75,9.83,9.58,4066200.0
20260929,603086,先达股份,5.8,5.84,5.88,5.74,6450200.0
20260929,603087,甘李药业,73.97,74.85,75.6,73.1,9154500.0
20260929,603088,宁波精达,9.79,9.96,10.06,9.71,6248400.0
20260929,603089,正裕工业,9.49,9.53,9.62,9.42,2555700.0
20260929,603090,宏盛股份,36.15,36.68,36.93,35.7,3557700.0
20260929,603091,众鑫股份,45.87,45.2,46.24,45.2,582200.0
20260929,603092,德力佳,47.45,49.02,50.35,45.88,5741200.0
20260929,603093,南华期货,13.2,13.31,13.7,13.2,17262300.0
20260929,603095,越剑智能,14.23,14.11,14.42,13.98,3168500.0
20260929,603096,新经典,16.04,16.36,16.44,15.8,2074800.0
20260929,603097,江苏华辰,17.78,18.29,18.6,17.5,2010100.0
20260929,603098,森特股份,10.55,10.74,10.78,10.5,2218700.0
20260929,603099,长白山,40.63,39.78,41.5,39.5,9194000.0
20260929,603100,川仪股份,18.4,18.29,18.55,18.21,1873300.0
20260929,603101,汇嘉时代,7.21,7.37,7.39,7.21,4285700.0
20260929,603102,百合股份,37.06,36.87,37.11,36.0,1098900.0
20260929,603103,横店影视,15.68,16.13,16.16,15.68,3700400.0
20260929,603105,芯能科技,8.76,8.83,8.89,8.54,26947400.0
20260929,603106,恒银科技,7.21,7.27,7.32,7.13,6933200.0
20260929,603107,上海汽配,12.27,12.12,12.28,12.12,2069300.0
20260929,603108,润达医疗,9.8,10.08,10.22,9.68,17677400.0
20260929,603109,神驰机电,17.45,17.48,17.68,17.41,1349600.0
20260929,603110,东方材料,23.73,25.18,25.65,23.53,9758500.0
20260929,603111,康尼机电,6.09,6.15,6.19,6.07,3307900.0
20260929,603112,华翔股份,16.5,16.67,16.88,16.4,4682300.0
20260929,603113,金能科技,4.82,4.87,4.9,4.79,8699000.0
20260929,603115,海星股份,70.44,71.23,72.36,69.66,5394400.0
20260929,603116,红蜻蜓,7.41,7.82,7.82,7.15,23238900.0
20260929,603117,万林物流,3.96,4.02,4.07,3.94,8855300.0
20260929,603118,共进股份,16.28,16.3,16.54,16.15,39859300.0
20260929,603119,浙江荣泰,53.98,52.26,54.36,51.02,10068600.0
20260929,603120,肯特催化,57.05,57.75,58.21,56.05,2963100.0
20260929,603121,华培动力,12.56,12.58,12.72,12.28,5421300.0
20260929,603122,合富中国,14.65,14.02,14.78,13.98,60937100.0
20260929,603123,翠微股份,9.21,9.22,9.3,9.17,12752100.0
20260929,603124,江南新材,114.54,120.2,122.8,114.54,5091000.0
20260929,603125,常青科技,20.32,20.77,21.03,19.62,7738800.0
20260929,603126,中材节能,6.2,6.3,6.37,6.17,6404600.0
20260929,603127,昭衍新药,45.05,44.82,47.3,44.52,31748100.0
20260929,603128,华贸物流,5.31,5.34,5.38,5.25,10012800.0
20260929,603129,春风动力,280.77,284.0,284.8,277.0,1450300.0
20260929,603130,云中马,39.1,38.66,39.45,38.21,1425700.0
20260929,603131,上海沪工,13.66,13.69,13.81,13.52,3087300.0
20260929,603132,金徽股份,17.58,18.42,18.5,17.16,9009200.0
20260929,603135,中重科技,8.52,8.59,8.65,8.38,5079200.0
20260929,603136,天目湖,9.05,9.09,9.15,9.03,5667300.0
20260929,603137,恒尚节能,18.18,17.98,18.49,17.97,5919500.0
20260929,603138,海量数据,14.92,15.1,15.3,14.68,18062300.0
20260929,603139,康惠股份,35.02,34.94,35.45,34.71,1513200.0
20260929,603150,万朗磁塑,64.48,68.49,69.41,64.07,3295400.0
20260929,603151,邦基科技,18.29,18.14,18.76,18.12,3172800.0
20260929,603153,上海建科,13.28,13.48,13.53,13.21,1285000.0
20260929,603155,新亚强,14.23,14.78,15.32,14.01,12324600.0
20260929,603156,养元饮品,42.56,43.95,44.43,42.56,8717400.0
20260929,603158,腾龙股份,10.14,10.29,10.38,10.04,7091800.0
20260929,603159,上海亚虹,22.14,22.92,23.05,21.95,3758300.0
20260929,603160,汇顶科技,53.35,54.06,54.35,53.28,2719200.0
20260929,603161,科华控股,14.64,14.5,14.84,14.45,1989700.0
20260929,603162,海通发展,12.98,12.72,13.1,12.66,30563400.0
20260929,603163,圣晖集成,75.5,75.86,76.28,74.85,1638200.0
20260929,603165,荣晟环保,13.35,13.21,13.4,13.13,4223800.0
20260929,603166,福达股份,10.87,10.69,10.91,10.66,4367300.0
20260929,603167,渤海轮渡,7.98,7.98,8.0,7.94,1513600.0
20260929,603168,莎普爱思,5.91,6.04,6.1,5.83,6254700.0
20260929,603169,兰石重装,5.8,5.87,5.94,5.78,7226200.0
20260929,603170,宝立食品,13.17,13.53,13.8,12.99,11599700.0
20260929,603171,税友股份,39.19,39.88,40.28,38.9,3239000.0
20260929,603172,万丰股份,19.49,19.81,20.06,19.25,1958200.0
20260929,603173,福斯达,28.69,28.78,29.2,28.67,326900.0
20260929,603175,超颖电子,106.06,109.7,113.0,100.43,2777200.0
20260929,603176,汇通集团,5.16,5.28,5.31,5.13,4585400.0
20260929,603177,德创环保,10.94,10.99,11.1,10.85,2789100.0
20260929,603178,圣龙股份,16.02,16.42,16.68,15.9,11299200.0
20260929,603179,新泉股份,40.4,40.22,41.5,39.65,13236300.0
20260929,603180,金牌家居,15.64,15.83,15.91,15.59,958700.0
20260929,603181,皇马科技,12.1,12.19,12.28,12.05,4037000.0
20260929,603182,嘉华股份,13.46,13.64,13.69,13.36,1376600.0
20260929,603183,建研院,5.15,5.19,5.28,5.06,25490300.0
20260929,603185,弘元绿能,13.8,13.77,13.88,13.65,4789300.0
20260929,603186,华正新材,203.0,212.0,215.2,201.1,14537600.0
20260929,603187,海容冷链,10.52,10.63,10.64,10.49,1386900.0
20260929,603188,亚邦股份,4.48,4.91,4.91,4.4,24771200.0
20260929,603190,亚通精工,16.15,16.38,16.4,16.02,1496300.0
20260929,603191,望变电气,12.99,13.12,13.2,12.91,3326900.0
20260929,603192,汇得科技,20.2,19.85,20.3,19.8,2468100.0
20260929,603193,润本股份,20.11,20.0,20.28,19.8,1656800.0
20260929,603194,中力股份,33.07,32.77,33.1,32.61,537700.0
20260929,603195,公牛集团,37.53,38.08,38.15,37.5,2159900.0
20260929,603196,璞源材料,18.04,17.84,18.3,17.8,1352200.0
20260929,603197,保隆科技,29.0,28.94,29.27,28.78,1635400.0
20260929,603198,迎驾贡酒,36.94,37.45,37.57,36.9,1927600.0
20260929,603199,九华旅游,31.94,32.02,32.19,31.81,841100.0
20260929,603200,上海洗霸,39.14,40.67,40.67,38.97,3735400.0
20260929,603201,常润股份,15.22,15.23,15.41,15.13,1428500.0
20260929,603202,天有为,50.6,51.04,51.3,50.49,765700.0
20260929,603203,快克智能,42.86,42.9,43.65,42.64,5088000.0
20260929,603205,健尔康,21.29,21.55,21.62,21.09,740000.0
20260929,603206,嘉环科技,13.38,13.8,13.87,13.38,2957000.0
20260929,603207,小方制药,24.35,24.14,24.68,24.1,2110100.0
20260929,603208,江山欧派,11.29,11.43,11.5,11.16,1547800.0
20260929,603209,兴通股份,14.66,14.49,14.81,14.47,4309800.0
20260929,603210,泰鸿万立,13.38,13.38,13.55,13.3,1847200.0
20260929,603211,晋拓股份,18.88,19.0,19.2,18.5,3124200.0
20260929,603212,赛伍技术,11.66,11.66,11.82,11.47,9066600.0
20260929,603213,镇洋发展,13.54,13.75,13.8,13.54,1865900.0
20260929,603214,爱婴室,13.62,13.85,13.92,13.49,3204500.0
20260929,603215,比依股份,15.52,15.27,15.55,15.02,3230600.0
20260929,603216,梦天家居,21.81,21.7,22.24,21.58,5213500.0
20260929,603217,元利科技,26.82,26.46,27.0,26.4,2441800.0
20260929,603218,日月股份,9.37,9.5,9.59,9.31,12938300.0
20260929,603219,富佳股份,12.84,12.83,13.05,12.7,3236700.0
20260929,603220,中贝通信,16.89,17.07,17.25,16.82,10448700.0
20260929,603221,爱丽家居,26.66,25.43,27.55,24.95,18305300.0
20260929,603222,济民健康,8.03,7.92,8.49,7.8,24748200.0
20260929,603223,恒通股份,9.47,9.46,9.52,9.37,4783800.0
20260929,603225,新凤鸣,17.19,16.65,17.21,16.01,19805800.0
20260929,603226,菲林格尔,29.19,29.47,30.73,29.19,6044100.0
20260929,603227,雪峰科技,7.34,7.35,7.4,7.3,2913000.0
20260929,603228,景旺电子,92.79,100.53,101.32,92.61,28967500.0
20260929,603229,奥翔药业,8.13,8.14,8.22,8.02,6068500.0
20260929,603230,内蒙新华,14.96,15.31,16.28,14.96,66452400.0
20260929,603231,索宝蛋白,17.12,17.3,17.33,16.91,2186700.0
20260929,603232,格尔软件,15.94,16.69,17.0,15.8,22463800.0
20260929,603233,大参林,17.8,17.83,17.92,17.6,4638600.0
20260929,603235,天新药业,25.35,25.14,25.35,25.06,348400.0
20260929,603236,移远通信,70.11,70.3,71.25,69.64,8369100.0
20260929,603237,五芳斋,15.29,15.15,15.4,15.04,1326800.0
20260929,603238,诺邦股份,12.61,12.71,12.9,12.5,2620700.0
20260929,603239,浙江仙通,13.71,13.71,13.91,13.6,1935400.0
20260929,603248,锡华科技,22.1,21.31,22.57,20.9,21757800.0
20260929,603255,鼎际得,31.86,30.82,32.22,30.6,1260300.0
20260929,603256,宏和科技,140.7,139.05,142.27,137.55,12312800.0
20260929,603257,中国瑞林,65.5,64.4,66.91,64.07,1589100.0
20260929,603258,电魂网络,13.68,14.19,14.38,13.58,6409300.0
20260929,603259,药明康德,161.81,160.66,166.68,159.47,30317900.0
20260929,603260,合盛硅业,30.65,31.01,31.2,30.65,4280000.0
20260929,603261,立航科技,49.02,49.48,50.17,46.74,2583200.0
20260929,603262,技源集团,17.41,17.13,17.61,17.05,2592100.0
20260929,603266,天龙股份,18.36,19.29,19.46,18.22,8093900.0
20260929,603267,鸿远电子,46.91,47.21,47.62,46.59,3634900.0
20260929,603268,松发股份,212.0,214.02,214.8,206.0,5834300.0
20260929,603269,海鸥股份,24.01,23.44,24.24,23.0,14498200.0
20260929,603270,金帝股份,32.32,31.87,33.04,31.69,6254400.0
20260929,603271,永杰新材,38.23,38.25,38.46,38.02,656500.0
20260929,603273,天元智能,14.61,14.7,14.84,14.51,1497500.0
20260929,603275,众辰科技,37.0,37.0,37.37,36.6,527200.0
20260929,603276,恒兴新材,17.5,17.58,17.85,17.29,2210300.0
20260929,603277,银都股份,11.18,11.2,11.26,11.11,1244500.0
20260929,603278,大业股份,10.72,10.56,11.78,10.3,77710000.0
20260929,603279,景津装备,10.82,10.71,10.87,10.69,5932800.0
20260929,603280,南方路机,27.43,27.2,27.57,27.15,1805000.0
20260929,603281,江瀚新材,18.09,18.12,18.33,18.02,1364300.0
20260929,603282,亚光股份,17.29,17.32,17.44,16.87,1141700.0
20260929,603283,赛腾股份,42.8,42.94,43.59,42.55,8206400.0
20260929,603284,林平发展,40.6,40.54,40.9,40.33,652000.0
20260929,603285,键邦股份,35.84,36.72,37.04,35.15,2950800.0
20260929,603286,日盈电子,43.28,44.77,46.39,43.2,3780900.0
20260929,603288,海天味业,32.92,32.91,33.0,32.41,11946700.0
20260929,603289,泰瑞机器,11.36,11.36,11.56,11.12,11765700.0
20260929,603290,斯达半导,82.56,83.4,84.63,82.5,2256700.0
20260929,603291,联合水务,8.69,8.68,8.77,8.6,3002300.0
20260929,603293,埃泰克,35.51,35.61,36.04,35.51,724900.0
20260929,603296,华勤技术,74.9,75.35,75.99,74.8,9291000.0
20260929,603297,永新光学,107.19,107.39,108.73,106.22,574600.0
20260929,603298,杭叉集团,21.87,21.91,22.04,21.4,4455700.0
20260929,603299,苏盐井神,8.6,8.62,8.65,8.59,1663300.0
20260929,603300,海南华铁,4.49,4.53,4.57,4.48,19804300.0
20260929,603301,振德医疗,74.07,75.8,76.29,73.03,1649800.0
20260929,603303,得邦照明,27.63,28.09,28.38,27.4,2803000.0
20260929,603305,旭升集团,11.02,11.11,11.23,10.92,12337000.0
20260929,603306,华懋科技,73.48,71.87,74.17,71.02,7645600.0
20260929,603307,扬州金泉,26.01,25.62,26.25,25.45,818200.0
20260929,603308,应流股份,36.0,36.79,36.8,35.98,17760700.0
20260929,603309,维力医疗,11.09,11.1,11.2,11.03,2062900.0
20260929,603310,巍华新材,14.65,14.51,14.7,14.36,1052300.0
20260929,603311,金海高科,25.41,25.79,26.46,25.41,4910900.0
20260929,603312,西典新能,32.99,32.9,33.1,32.39,1052300.0
20260929,603313,梦百合,6.24,6.21,6.33,6.2,9661700.0
20260929,603315,福鞍股份,10.69,10.65,10.82,10.56,4324200.0
20260929,603316,诚邦股份,15.77,15.84,16.7,15.71,18294400.0
20260929,603317,天味食品,12.62,12.42,12.63,12.4,4950400.0
20260929,603318,水发燃气,8.6,8.65,8.69,8.56,17478800.0
20260929,603319,美湖股份,28.51,28.4,29.09,28.18,11076500.0
20260929,603320,迪贝电气,18.11,18.02,18.15,17.68,1815900.0
20260929,603321,梅轮电梯,7.21,7.14,7.26,7.09,6918700.0
20260929,603322,超讯科技,26.31,29.1,29.1,25.96,7368700.0
20260929,603323,苏农银行,4.43,4.43,4.45,4.39,28909100.0
20260929,603324,盛剑科技,25.0,24.97,25.35,24.81,2022400.0
20260929,603325,博隆技术,52.15,52.81,53.01,51.9,170600.0
20260929,603326,我乐家居,7.59,7.63,7.68,7.5,2455200.0
20260929,603327,福蓉科技,8.02,8.0,8.08,7.96,9489500.0
20260929,603328,依顿电子,12.95,14.44,14.44,12.95,28696900.0
20260929,603329,上海雅仕,10.25,10.34,10.38,10.03,2580700.0
20260929,603330,天洋新材,9.32,9.34,9.64,9.26,19883800.0
20260929,603331,百达精工,12.42,12.39,12.52,12.22,2419000.0
20260929,603332,苏州龙杰,11.87,11.99,12.08,11.82,2091900.0
20260929,603333,福华尚纬,8.95,8.85,8.95,8.79,7343700.0
20260929,603334,丰倍生物,31.89,31.5,32.21,31.42,712500.0
20260929,603335,迪生力,5.95,6.19,6.22,5.94,7503200.0
20260929,603336,宏辉果蔬,10.01,9.9,10.04,9.74,13132000.0
20260929,603337,杰克科技,35.55,35.46,35.78,35.3,1864200.0
20260929,603338,浙江鼎力,52.03,52.56,52.58,51.0,3693000.0
20260929,603339,四方科技,12.1,12.17,12.33,12.06,4254300.0
20260929,603341,龙旗科技,35.7,35.42,36.07,35.16,6970800.0
20260929,603344,星德胜,22.17,22.35,22.59,22.08,1252400.0
20260929,603345,安井食品,77.85,79.05,79.27,77.0,5089000.0
20260929,603348,文灿股份,14.46,14.48,14.62,14.38,1966100.0
20260929,603350,安乃达,28.51,28.66,28.96,28.2,529300.0
20260929,603351,威尔药业,26.88,27.21,27.86,26.51,1352800.0
20260929,603352,至信股份,25.33,24.84,25.4,24.73,704100.0
20260929,603353,和顺石油,40.72,40.55,41.58,40.17,5327600.0
20260929,603355,莱克电气,30.16,30.42,30.57,29.85,2357400.0
20260929,603356,华菱精工,16.63,16.6,16.8,16.15,2161300.0
20260929,603357,设计总院,5.91,5.97,6.0,5.91,2459000.0
20260929,603358,华达科技,42.74,43.04,43.61,42.28,3890800.0
20260929,603360,百傲化学,12.0,12.19,12.34,11.93,5543600.0
20260929,603363,傲农生物,2.77,2.78,2.8,2.76,16623200.0
20260929,603365,水星家纺,16.0,15.91,16.16,15.8,1539100.0
20260929,603366,日出东方,7.26,7.26,7.41,7.2,13117000.0
20260929,603367,辰欣药业,14.22,14.22,14.52,14.15,5193600.0
20260929,603368,柳药集团,15.15,15.03,15.2,15.03,2657200.0
20260929,603369,今世缘,26.7,27.13,27.13,26.5,7897900.0
20260929,603370,华新精科,27.35,27.35,27.82,27.06,1413900.0
20260929,603373,安邦护卫,51.0,53.8,54.6,50.25,7615100.0
20260929,603375,盛景微,48.58,46.47,48.58,46.1,3974800.0
20260929,603376,大明电子,26.33,26.29,26.54,26.21,995200.0
20260929,603379,三美股份,50.0,49.04,50.23,48.16,6322500.0
20260929,603380,易德龙,32.05,32.87,33.22,31.8,2314000.0
20260929,603381,永臻股份,14.69,14.79,14.87,14.49,1917100.0
20260929,603382,海阳科技,18.72,18.84,19.14,18.72,1817000.0
20260929,603383,顶点软件,26.61,26.83,27.04,26.53,1140400.0
20260929,603385,惠达卫浴,5.59,5.79,5.84,5.59,3891600.0
20260929,603386,骏亚科技,17.5,18.45,18.65,17.26,16188100.0
20260929,603387,基蛋生物,9.91,9.81,9.97,9.74,7433100.0
20260929,603389,亚振家居,42.3,43.58,44.46,42.27,1640400.0
20260929,603390,通达电气,10.75,11.32,11.54,10.6,22937300.0
20260929,603391,力聚热能,68.01,69.0,70.21,66.8,3564900.0
20260929,603392,万泰生物,26.44,26.48,27.05,26.36,3734900.0
20260929,603393,新天然气,24.76,24.52,24.86,24.3,3884500.0
20260929,603395,红四方,25.0,24.62,25.19,24.61,4723400.0
20260929,603396,金辰股份,38.51,35.28,39.25,35.28,14793500.0
20260929,603399,永杉锂业,12.68,13.16,13.36,12.68,29195100.0
20260929,603402,陕西旅游,59.5,59.78,59.97,59.31,1194900.0
20260929,603406,天富龙,27.6,27.61,28.0,27.54,916500.0
20260929,603407,长裕集团,60.18,57.89,60.54,56.83,3156800.0
20260929,603408,建霖家居,11.57,11.6,11.77,11.41,1410400.0
20260929,603409,汇通控股,17.57,17.62,17.87,17.45,1629300.0
20260929,603416,信捷电气,45.18,46.18,46.29,45.18,924800.0
20260929,603418,友升股份,47.89,48.17,49.44,47.62,5082000.0
20260929,603421,鼎信通讯,6.18,6.38,6.5,6.15,22053200.0
20260929,603435,嘉德利,44.69,45.29,46.01,44.18,2042700.0
20260929,603439,三力制药,13.3,13.46,13.69,13.2,10598300.0
20260929,603444,吉比特,335.5,335.96,340.97,335.03,781500.0
20260929,603448,天博智能,60.5,59.86,62.26,59.71,3360900.0
20260929,603456,九洲药业,16.32,16.26,16.73,16.15,17917300.0
20260929,603458,勘设股份,10.41,10.9,11.19,10.41,14135700.0
20260929,603459,红板科技,83.4,83.62,84.46,82.76,4391000.0
20260929,603466,风语筑,11.4,11.78,11.92,11.4,32196700.0
20260929,603468,津富士达,22.15,22.69,23.51,22.13,4851700.0
20260929,603477,巨星农牧,14.08,14.3,14.43,13.86,12544700.0
20260929,603486,科沃斯,49.84,49.22,50.3,49.01,3556200.0
20260929,603488,展鹏科技,7.65,7.79,7.85,7.56,4715700.0
20260929,603489,八方股份,29.31,28.99,29.4,28.71,2296500.0
20260929,603496,恒为科技,21.9,21.97,22.16,21.88,3445600.0
20260929,603499,翔港科技,12.77,12.72,12.89,12.63,1903600.0
20260929,603500,祥和实业,10.0,10.44,10.66,9.93,27425000.0
20260929,603501,豪威集团,80.5,80.36,81.39,79.85,7162600.0
20260929,603505,金石资源,14.42,14.08,14.44,14.07,7957600.0
20260929,603506,南都物业,12.23,12.29,12.43,12.11,3343800.0
20260929,603507,振江股份,27.12,27.6,28.45,26.76,17045300.0
20260929,603508,思维列控,20.45,20.47,20.53,20.37,1165700.0
20260929,603511,爱慕股份,12.57,13.0,13.06,12.57,1749600.0
20260929,603515,欧普照明,14.56,14.62,14.7,14.44,1191100.0
20260929,603516,淳中科技,78.6,77.59,80.36,77.55,3182500.0
20260929,603518,锦泓集团,7.82,7.84,7.88,7.77,5357500.0
20260929,603519,立霸股份,17.0,16.56,17.07,16.46,7001200.0
20260929,603520,司太立,8.43,8.39,8.59,8.37,5624500.0
20260929,603527,众源新材,9.49,9.84,9.87,9.4,8580400.0
20260929,603528,多伦科技,6.4,6.48,6.54,6.4,6404300.0
20260929,603529,爱玛科技,21.12,21.8,21.85,20.96,7514400.0
20260929,603530,神马电力,42.37,40.9,42.65,40.38,3292900.0
20260929,603533,掌阅科技,21.76,23.65,23.65,21.55,25711600.0
20260929,603535,嘉诚国际,6.14,6.14,6.2,6.08,2667500.0
20260929,603536,惠发食品,10.06,10.02,10.12,9.9,4060400.0
20260929,603538,美诺华,26.12,25.99,27.86,25.68,37240800.0
20260929,603551,奥普科技,9.31,9.35,9.4,9.25,1402200.0
20260929,603556,海兴电力,22.44,22.28,22.59,22.23,1718400.0
20260929,603558,健盛集团,13.05,13.1,13.14,12.76,4320500.0
20260929,603559,中通国脉,8.83,8.81,8.96,8.78,5821400.0
20260929,603565,中谷物流,11.5,11.4,11.52,11.29,9890000.0
20260929,603566,普莱柯,10.15,10.22,10.24,10.1,1263500.0
20260929,603567,珍宝岛,5.15,5.2,5.28,5.1,14123600.0
20260929,603568,伟明环保,13.34,13.22,13.43,13.17,3844400.0
20260929,603569,长久物流,5.77,5.85,5.89,5.73,3156400.0
20260929,603577,汇金通,9.74,9.68,9.88,9.62,2452300.0
20260929,603578,三星新材,13.74,14.38,14.64,13.66,5706800.0
20260929,603579,荣泰健康,18.0,17.85,18.04,17.66,2266400.0
20260929,603580,艾艾精工,76.53,75.5,78.78,71.33,8424200.0
20260929,603583,捷昌驱动,27.93,27.92,28.07,27.43,3583300.0
20260929,603585,苏利股份,10.32,10.56,10.57,10.26,3137000.0
20260929,603586,金麒麟,13.89,14.0,14.1,13.8,2163400.0
20260929,603587,地素时尚,12.33,12.22,12.4,12.1,3210400.0
20260929,603588,高能环境,16.53,16.25,16.6,16.15,34285000.0
20260929,603589,口子窖,17.42,17.3,17.46,17.3,3674900.0
20260929,603590,康辰药业,28.87,29.19,29.77,28.72,1555200.0
20260929,603596,伯特利,27.75,27.82,28.18,27.59,10457200.0
20260929,603598,引力传媒,17.2,19.13,19.13,17.17,29891400.0
20260929,603599,广信股份,10.25,10.12,10.27,10.07,6486000.0
20260929,603600,永艺股份,10.24,10.26,10.38,10.17,2840600.0
20260929,603601,再升科技,10.03,9.76,10.45,9.68,102371500.0
20260929,603602,纵横通信,11.52,12.71,12.71,11.49,10809300.0
20260929,603605,珀莱雅,54.68,53.98,55.1,53.87,4997600.0
20260929,603606,东方电缆,35.23,35.33,35.67,34.46,14620500.0
20260929,603607,京华激光,22.85,23.13,23.36,22.75,2894700.0
20260929,603608,天创时尚,19.05,19.54,19.75,18.95,8896700.0
20260929,603609,禾丰股份,6.24,6.26,6.3,6.2,2484300.0
20260929,603610,麒盛科技,13.08,13.18,13.21,12.95,4772100.0
20260929,603611,诺力股份,15.45,15.41,15.52,15.33,1331500.0
20260929,603612,索通发展,15.73,15.78,15.84,15.53,4449300.0
20260929,603613,国联股份,19.18,18.87,19.49,18.84,11108900.0
20260929,603615,茶花股份,18.3,18.46,18.74,18.3,2626500.0
20260929,603616,韩建河山,5.52,5.68,5.73,5.52,8576200.0
20260929,603617,君禾股份,6.82,6.85,6.88,6.64,5886900.0
20260929,603618,杭电股份,33.0,33.69,33.98,32.76,34776500.0
20260929,603619,中曼石油,20.88,20.76,21.19,20.72,11498700.0
20260929,603626,科森科技,22.06,23.91,24.4,21.86,66524300.0
20260929,603628,清源股份,10.37,10.32,10.48,10.26,5604500.0
20260929,603629,利通电子,97.13,98.16,99.38,97.11,11050300.0
20260929,603630,拉芳家化,14.1,15.57,15.57,13.98,14830900.0
20260929,603633,徕木股份,6.16,6.35,6.47,6.0,9704600.0
20260929,603636,南威软件,7.0,7.87,7.87,6.86,70211500.0
20260929,603637,镇海股份,13.45,13.69,14.04,13.4,4906000.0
20260929,603638,艾迪精密,19.33,19.65,19.85,19.0,13682300.0
20260929,603639,海利尔,10.4,10.36,10.42,10.27,594200.0
20260929,603648,畅联股份,9.56,9.56,9.68,9.52,1715000.0
20260929,603650,彤程新材,64.37,63.21,65.19,61.8,18205400.0
20260929,603655,朗博科技,31.55,31.03,31.88,30.91,1042500.0
20260929,603656,泰禾智能,17.42,17.41,17.52,17.23,1112200.0
20260929,603657,春光科技,36.8,37.88,38.1,35.63,4756800.0
20260929,603658,安图生物,34.47,33.61,34.48,33.46,2733200.0
20260929,603659,璞泰来,20.82,21.27,21.53,20.82,18845100.0
20260929,603660,苏州科达,9.6,9.3,9.6,9.05,10406700.0
20260929,603661,恒林股份,33.18,33.4,33.84,32.71,2332800.0
20260929,603662,柯力传感,47.81,48.15,48.45,47.26,2376300.0
20260929,603663,三祥新材,43.36,44.26,45.33,42.61,17504000.0
20260929,603665,康隆达,22.76,24.32,24.48,22.7,6869500.0
20260929,603666,亿嘉和,26.25,26.72,27.25,26.01,2410500.0
20260929,603667,五洲新春,48.94,49.84,51.48,48.08,15090400.0
20260929,603668,天马科技,11.94,12.03,12.17,11.89,4285200.0
20260929,603669,灵康药业,5.88,6.01,6.04,5.8,21643600.0
20260929,603676,卫信康,8.85,8.97,9.03,8.77,1289200.0
20260929,603677,奇精机械,14.52,14.42,14.6,14.29,1372400.0
20260929,603678,火炬电子,42.9,43.76,44.09,42.75,13219300.0
20260929,603679,华体科技,22.56,22.98,23.39,22.1,8491500.0
20260929,603680,今创集团,9.88,10.01,10.08,9.82,3099600.0
20260929,603681,永冠新材,18.57,18.74,19.03,18.4,4662800.0
20260929,603682,锦和商管,9.33,9.36,9.41,9.22,8471500.0
20260929,603683,晶华新材,15.25,15.32,15.49,15.05,9051000.0
20260929,603685,晨丰科技,25.06,25.08,25.52,25.03,1145300.0
20260929,603686,福龙马,14.1,14.05,14.35,13.98,23538500.0
20260929,603687,大胜达,14.15,14.29,14.5,13.92,10248100.0
20260929,603688,石英股份,44.08,44.44,44.78,43.65,8639600.0
20260929,603689,皖天然气,7.55,7.67,7.67,7.54,2962100.0
20260929,603690,至纯科技,22.98,22.95,23.4,22.66,10245000.0
20260929,603693,江苏新能,11.78,12.71,12.85,11.74,27760400.0
20260929,603696,安记食品,13.23,13.12,13.48,13.01,9848100.0
20260929,603697,有友食品,9.39,9.49,9.55,9.26,5764600.0
20260929,603698,航天工程,20.28,20.04,20.48,20.02,5852500.0
20260929,603699,纽威股份,42.72,43.6,44.05,42.23,3681100.0
20260929,603700,宁水集团,11.48,11.56,11.68,11.36,4700800.0
20260929,603701,德宏股份,18.12,18.18,18.38,18.02,1605000.0
20260929,603703,盛洋科技,9.66,9.88,9.97,9.65,7986400.0
20260929,603706,东方环宇,17.05,16.95,17.17,16.95,742700.0
20260929,603707,健友股份,7.95,7.89,7.98,7.81,8027700.0
20260929,603708,家家悦,8.85,8.9,8.95,8.8,2400600.0
20260929,603709,中源家居,12.8,12.86,12.98,12.6,4299900.0
20260929,603711,香飘飘,11.7,11.65,11.73,11.45,3009600.0
20260929,603712,七一二,11.18,11.28,11.35,11.1,6215100.0
20260929,603713,密尔克卫,66.31,66.65,67.61,65.4,1545100.0
20260929,603716,塞力医疗,16.67,16.58,17.05,16.43,8880700.0
20260929,603717,天域生物,5.86,6.04,6.11,5.78,7852200.0
20260929,603719,良品铺子,9.09,9.08,9.14,8.97,2325200.0
20260929,603721,中广天择,18.25,18.45,18.57,18.03,5569700.0
20260929,603722,阿科力,28.5,28.49,28.89,28.35,870300.0
20260929,603725,天安新材,11.33,12.03,12.17,11.11,14566200.0
20260929,603726,朗迪集团,23.55,23.61,23.87,23.35,2157300.0
20260929,603727,博迈科,19.12,18.95,19.3,18.8,3241600.0
20260929,603728,鸣志电器,51.45,52.47,52.82,51.31,6174600.0
20260929,603730,岱美股份,9.32,9.63,9.66,9.22,15564500.0
20260929,603733,仙鹤股份,18.28,17.6,18.4,17.57,9818400.0
20260929,603737,三棵树,20.35,21.82,21.96,20.35,13105700.0
20260929,603738,泰晶科技,32.98,33.83,34.26,32.97,19781600.0
20260929,603739,蔚蓝生物,12.7,12.76,12.87,12.54,2690500.0
20260929,603755,日辰股份,25.99,25.51,25.99,25.25,2413600.0
20260929,603757,大元泵业,65.1,69.31,70.13,64.7,8813600.0
20260929,603758,秦安股份,10.72,10.79,10.97,10.65,5372300.0
20260929,603759,海天股份,7.9,7.97,8.04,7.81,3939400.0
20260929,603766,隆鑫通用,14.54,14.21,14.58,14.05,11343900.0
20260929,603767,中马传动,14.73,15.35,15.71,14.65,27976400.0
20260929,603768,常青股份,11.57,11.81,12.0,11.46,3830600.0
20260929,603773,沃格光电,96.35,90.6,97.06,90.17,33986500.0
20260929,603776,永安行,20.76,21.07,21.15,20.55,2474600.0
20260929,603777,来伊份,13.46,13.83,13.95,13.4,4407900.0
20260929,603778,国晟科技,8.1,8.03,8.39,8.02,34437700.0
20260929,603779,威龙股份,8.19,8.04,8.19,7.98,6730500.0
20260929,603786,科博达,36.8,37.17,37.55,36.51,1310800.0
20260929,603787,新日股份,10.5,10.55,10.57,10.33,2221600.0
20260929,603788,宁波高发,13.64,13.66,13.85,13.53,1335600.0
20260929,603790,雅运股份,24.83,24.75,25.15,24.51,1608500.0
20260929,603797,联泰环保,5.21,5.36,5.52,5.2,36909800.0
20260929,603798,康普顿,14.1,13.69,14.29,13.56,8222200.0
20260929,603799,华友钴业,34.45,34.03,34.49,34.02,26610500.0
20260929,603800,洪田股份,54.4,53.93,54.67,53.34,2743800.0
20260929,603801,志邦家居,6.14,6.22,6.24,6.09,5803900.0
20260929,603803,瑞斯康达,10.61,11.39,11.61,10.5,39320200.0
20260929,603806,福斯特,13.63,13.76,13.85,13.62,12906600.0
20260929,603808,歌力思,8.81,8.81,8.94,8.8,2237500.0
20260929,603809,豪能股份,8.5,8.49,8.58,8.43,5913900.0
20260929,603810,丰山集团,11.96,12.25,12.47,11.91,1589100.0
20260929,603811,诚意药业,6.86,6.95,7.04,6.83,3914700.0
20260929,603813,原尚股份,25.78,25.91,26.4,25.6,516100.0
20260929,603815,交建股份,5.01,5.09,5.13,5.01,4779600.0
20260929,603816,顾家家居,22.24,22.97,23.05,22.01,7898300.0
20260929,603817,海峡环保,5.71,5.73,5.82,5.68,17107800.0
20260929,603818,曲美家居,4.03,4.0,4.06,3.93,23772800.0
20260929,603819,神力股份,17.07,16.54,17.13,16.45,7155400.0
20260929,603823,百合花,46.0,42.69,46.01,42.69,24466600.0
20260929,603826,坤彩科技,15.47,15.53,15.98,15.25,12341000.0
20260929,603829,洛凯股份,15.2,15.68,15.89,15.13,3510800.0
20260929,603833,欧派家居,29.6,30.26,30.53,29.48,3783000.0
20260929,603836,海程邦达,9.46,9.66,9.7,9.42,2912200.0
20260929,603839,安正时尚,6.8,6.88,6.93,6.75,4363900.0
20260929,603848,好太太,13.13,13.22,13.32,13.04,1795200.0
20260929,603855,华荣股份,17.07,16.93,17.1,16.89,1127500.0
20260929,603856,东宏股份,11.65,11.71,11.78,11.55,1559300.0
20260929,603858,步长制药,14.46,14.46,14.57,14.4,2436000.0
20260929,603859,能科科技,38.38,38.16,38.92,38.0,3204300.0
20260929,603860,中公高科,26.35,26.5,26.8,26.1,1073700.0
20260929,603861,白云电器,10.66,10.75,10.85,10.63,3865900.0
20260929,603863,松炀资源,11.91,12.11,12.59,11.69,6276400.0
20260929,603866,桃李面包,4.2,4.19,4.25,4.16,14285400.0
20260929,603867,新化股份,32.98,34.51,34.9,32.85,7377300.0
20260929,603868,飞科电器,30.86,30.69,31.2,30.42,1277400.0
20260929,603871,嘉友国际,11.95,11.82,12.06,11.7,5490200.0
20260929,603876,鼎胜新材,16.91,17.21,17.34,16.79,18132100.0
20260929,603877,太平鸟,11.74,11.75,11.82,11.7,1227900.0
20260929,603878,武进不锈,4.84,4.92,4.96,4.81,9405600.0
20260929,603879,永悦科技,4.89,4.97,5.01,4.81,7904400.0
20260929,603880,南卫股份,8.74,8.63,8.8,8.61,5807100.0
20260929,603881,数据港,23.12,23.04,23.25,22.98,10820900.0
20260929,603882,金域医学,29.06,28.25,29.49,28.06,11685300.0
20260929,603883,老百姓,12.95,12.89,13.01,12.82,7433900.0
20260929,603885,吉祥航空,9.72,9.76,9.79,9.7,7837400.0
20260929,603886,元祖股份,12.55,13.2,13.25,12.4,7399800.0
20260929,603887,城地香江,8.33,8.49,8.54,8.29,9547200.0
20260929,603888,新华网,16.98,17.27,17.44,16.9,14918900.0
20260929,603889,新澳股份,5.93,5.97,5.98,5.89,5931300.0
20260929,603890,春秋电子,15.01,14.91,15.17,14.87,12328300.0
20260929,603893,瑞芯微,211.0,212.94,213.8,207.53,9570700.0
20260929,603895,天永智能,26.11,26.56,27.3,25.53,1480300.0
20260929,603896,寿仙谷,14.72,14.69,14.86,14.64,992200.0
20260929,603897,长城科技,28.33,29.01,29.63,28.26,5772000.0
20260929,603898,好莱客,11.5,11.54,11.72,11.34,2842900.0
20260929,603899,晨光股份,21.86,21.87,21.99,21.5,2671600.0
20260929,603900,莱绅通灵,6.16,6.29,6.34,6.13,7710000.0
20260929,603901,永创智能,9.29,9.32,9.42,9.23,3983200.0
20260929,603903,中持股份,13.72,13.83,14.03,13.48,10062500.0
20260929,603906,龙蟠科技,16.85,17.31,17.98,16.85,15742100.0
20260929,603908,牧高笛,19.52,19.77,19.92,19.36,1335200.0
20260929,603909,建发合诚,10.01,10.17,10.6,10.01,9702900.0
20260929,603912,佳力图,9.16,9.01,9.16,8.86,14284800.0
20260929,603915,国茂股份,12.85,13.15,13.25,12.85,4349600.0
20260929,603916,苏博特,10.27,10.43,10.52,10.22,3961000.0
20260929,603917,合力科技,14.08,14.04,14.23,13.91,2185100.0
20260929,603918,金桥信息,10.25,10.59,10.64,10.21,8579000.0
20260929,603919,金徽酒,15.76,15.82,15.96,15.62,2269100.0
20260929,603920,世运电路,43.05,46.13,46.66,43.0,40253400.0
20260929,603926,铁流股份,17.01,16.84,17.2,16.79,1912400.0
20260929,603927,中科软,13.43,13.61,13.68,13.4,4308700.0
20260929,603928,兴业股份,11.98,11.88,12.13,11.86,5097000.0
20260929,603929,亚翔集成,143.2,142.76,144.4,141.18,2025000.0
20260929,603931,格林达,33.96,33.4,34.08,33.22,2911900.0
20260929,603933,睿能科技,18.75,18.82,19.06,18.57,2076500.0
20260929,603936,博敏电子,19.29,20.53,20.82,19.08,49699200.0
20260929,603937,丽岛新材,13.4,12.87,13.46,12.58,15094900.0
20260929,603938,三孚股份,44.07,43.56,44.33,42.92,10478300.0
20260929,603939,益丰药房,22.46,23.01,23.04,22.16,9430800.0
20260929,603948,建业股份,18.91,19.42,19.54,18.81,1290900.0
20260929,603949,雪龙集团,20.45,20.45,20.45,20.45,3520900.0
20260929,603950,长源东谷,52.05,52.2,52.7,51.2,3370100.0
20260929,603955,大千生态,24.44,25.03,25.19,24.2,2479300.0
20260929,603956,威派格,6.92,6.85,6.93,6.7,10125900.0
20260929,603958,哈森股份,18.0,18.59,18.88,17.74,9583600.0
20260929,603960,克来机电,17.07,17.24,17.71,17.0,6348000.0
20260929,603966,法兰泰克,7.3,7.3,7.41,7.28,3594700.0
20260929,603967,中创物流,11.53,11.92,11.97,11.53,3573300.0
20260929,603968,醋化股份,11.63,11.15,11.76,10.9,19204200.0
20260929,603969,银龙股份,7.19,7.19,7.26,7.14,4060000.0
20260929,603970,中农立华,11.31,11.74,12.02,11.02,19232500.0
20260929,603976,正川股份,29.59,29.9,30.28,29.18,2653800.0
20260929,603977,国泰集团,10.75,10.67,10.9,10.65,3994000.0
20260929,603978,深圳新星,26.38,27.3,27.49,26.1,15062200.0
20260929,603979,金诚信,71.8,72.35,72.63,70.24,3249400.0
20260929,603980,吉华集团,7.96,8.84,8.84,7.96,50638400.0
20260929,603982,泉峰汽车,6.33,6.48,6.5,6.27,5009000.0
20260929,603983,丸美生物,30.05,30.4,30.88,29.6,2793500.0
20260929,603985,恒润股份,15.86,16.79,17.09,15.82,13628100.0
20260929,603986,兆易创新,358.56,367.57,369.0,358.0,20908200.0
20260929,603987,康德莱,7.4,7.47,7.57,7.4,2859700.0
20260929,603988,中电电机,16.99,17.02,17.22,16.85,2509300.0
20260929,603989,艾华集团,27.53,28.0,28.35,27.21,14029200.0
20260929,603990,麦迪科技,18.91,18.94,19.22,18.7,7292000.0
20260929,603991,领先股份,174.58,169.2,175.95,168.02,2829400.0
20260929,603992,松霖科技,19.37,19.27,19.41,19.1,1783100.0
20260929,603993,洛阳钼业,16.71,16.75,16.88,16.57,98759700.0
20260929,603995,甬金股份,25.09,25.27,25.37,24.81,2319200.0
20260929,603997,继峰股份,13.53,13.65,13.84,13.43,13041300.0
20260929,603998,方盛制药,10.3,10.26,10.49,10.19,7034500.0
20260929,603999,读者传媒,6.31,6.65,6.67,6.26,17551500.0
20260929,605001,威奥股份,5.78,5.86,5.89,5.69,3606400.0
20260929,605003,众望布艺,24.28,24.47,25.15,24.28,908300.0
20260929,605005,合兴股份,15.97,15.93,16.14,15.9,674400.0
20260929,605006,山东玻纤,14.18,14.64,14.76,14.18,21340900.0
20260929,605007,五洲特纸,14.37,14.2,14.65,14.1,3572200.0
20260929,605008,长鸿高科,13.79,13.98,14.45,13.6,7082300.0
20260929,605009,豪悦护理,25.39,25.09,25.44,24.88,1132100.0
20260929,605011,杭州热电,17.21,17.46,17.89,17.12,7344400.0
20260929,605016,XD百龙创,21.0,20.73,21.1,20.57,1488000.0
20260929,605018,长华集团,11.97,11.83,12.0,11.61,12644100.0
20260929,605020,永和股份,30.05,30.4,30.59,29.71,4862000.0
20260929,605028,XD世茂能,23.32,23.89,24.21,23.32,956700.0
20260929,605033,美邦股份,19.45,19.49,19.74,19.28,1675000.0
20260929,605050,福然德,9.95,9.99,10.09,9.94,1094100.0
20260929,605055,迎丰股份,8.65,8.76,8.84,8.58,3074200.0
20260929,605056,咸亨国际,13.3,13.73,13.81,13.25,5625700.0
20260929,605058,澳弘电子,51.01,59.6,59.6,51.01,22006500.0
20260929,605060,联德股份,38.6,37.85,38.6,37.17,2074000.0
20260929,605066,天正电气,6.59,6.7,6.77,6.57,3352100.0
20260929,605068,明新旭腾,20.25,20.12,20.74,20.01,3191500.0
20260929,605069,正和生态,11.94,12.46,12.79,11.8,20802100.0
20260929,605077,华康股份,11.36,11.31,11.47,11.27,5787600.0
20260929,605080,浙江自然,23.66,23.0,23.87,22.91,1788700.0
20260929,605086,龙高股份,22.95,23.31,23.53,22.84,917200.0
20260929,605088,冠盛股份,24.1,23.75,24.7,23.5,9940500.0
20260929,605089,味知香,21.88,21.94,22.35,21.72,2512400.0
20260929,605090,九丰能源,30.69,30.33,30.98,30.3,5495600.0
20260929,605098,行动教育,52.78,52.47,53.1,52.43,606400.0
20260929,605099,共创草坪,27.71,27.77,28.17,27.69,646000.0
20260929,605100,华丰股份,33.4,34.55,34.96,33.22,4197500.0
20260929,605108,同庆楼,12.14,12.21,12.27,12.05,1826200.0
20260929,605111,新洁能,56.07,56.12,57.8,55.29,8795300.0
20260929,605116,奥锐特,19.54,19.28,19.74,19.23,1403100.0
20260929,605117,德业股份,77.84,77.85,78.74,76.84,10006200.0
20260929,605118,力鼎光电,31.76,31.62,32.19,31.48,1799300.0
20260929,605122,四方新材,12.24,12.24,12.44,12.18,2768300.0
20260929,605123,派克新材,78.51,77.46,78.77,76.91,846200.0
20260929,605128,上海沿浦,22.86,23.62,23.88,22.75,4119500.0
20260929,605133,嵘泰股份,24.1,24.35,24.79,24.05,4307100.0
20260929,605136,丽人丽妆,8.77,8.98,9.3,8.49,30884600.0
20260929,605138,盛泰集团,6.17,6.18,6.22,6.04,3699400.0
20260929,605151,西上海,18.63,18.78,18.92,18.51,1028000.0
20260929,605155,西大门,14.5,14.42,14.5,14.3,1694600.0
20260929,605158,华达新材,7.81,7.75,7.87,7.7,4704000.0
20260929,605162,新中港,11.68,11.77,12.44,11.38,29962900.0
20260929,605166,聚合顺,8.52,8.45,8.54,8.42,2416600.0
20260929,605167,利柏特,15.7,15.38,15.81,15.22,4631900.0
20260929,605168,三人行,50.95,49.87,51.42,49.72,3660300.0
20260929,605169,洪通燃气,13.1,13.1,13.2,12.98,3306100.0
20260929,605177,东亚药业,25.6,24.82,25.83,24.8,5780600.0
20260929,605178,时空科技,64.5,63.54,64.79,63.03,2662100.0
20260929,605179,一鸣食品,23.38,23.47,24.11,23.0,13526500.0
20260929,605180,华生科技,14.04,14.18,14.76,13.98,4750400.0
20260929,605183,确成股份,16.49,16.45,16.56,16.18,1228500.0
20260929,605186,健麾信息,25.45,25.07,25.55,24.8,1470200.0
20260929,605188,国光连锁,12.55,12.41,12.59,12.32,5341900.0
20260929,605189,富春染织,13.87,13.72,13.94,13.7,4683200.0
20260929,605196,华通线缆,34.16,33.17,34.16,32.57,9792800.0
20260929,605198,安德利,58.64,65.68,65.68,56.64,6278000.0
20260929,605208,永茂泰,14.39,14.61,14.75,14.08,4988600.0
20260929,605218,伟时电子,13.89,14.13,14.19,13.73,4952600.0
20260929,605222,起帆电缆,21.76,21.79,21.97,21.52,3185000.0
20260929,605228,神通科技,11.04,11.21,11.31,11.04,3980200.0
20260929,605255,天普股份,54.65,56.2,56.2,54.65,442300.0
20260929,605258,协和电子,38.85,44.01,44.01,38.85,9368100.0
20260929,605259,绿田机械,17.25,17.3,17.38,17.17,418300.0
20260929,605266,健之佳,15.8,15.96,16.02,15.71,1245400.0
20260929,605268,王力安防,10.19,10.22,10.32,10.01,6434500.0
20260929,605277,新亚电子,16.64,17.04,17.11,16.52,6173900.0
20260929,605286,同力天启,24.03,24.38,24.7,24.02,1522400.0
20260929,605287,德才股份,33.53,33.99,34.89,32.62,3192200.0
20260929,605288,凯迪股份,67.79,65.3,68.36,65.03,1742200.0
20260929,605289,罗曼股份,96.9,94.91,96.9,94.03,1736000.0
20260929,605296,神农集团,30.81,31.6,31.99,30.66,3297200.0
20260929,605298,必得科技,41.94,41.92,42.33,41.58,350700.0
20260929,605299,舒华体育,12.25,12.3,12.39,12.19,5941000.0
20260929,605300,佳禾食品,10.14,10.26,10.39,10.08,3462800.0
20260929,605303,园林股份,26.05,26.05,26.05,26.05,253700.0
20260929,605305,中际联合,29.74,30.24,30.66,29.62,2370400.0
20260929,605318,法狮龙,71.62,71.46,74.28,71.0,778900.0
20260929,605319,无锡振华,22.24,22.3,22.66,21.86,3759600.0
20260929,605333,沪光股份,16.4,16.3,16.53,16.25,1378000.0
20260929,605337,李子园,9.04,9.1,9.12,8.99,1867900.0
20260929,605338,巴比食品,17.65,17.59,17.72,17.36,2260500.0
20260929,605339,南侨食品,13.21,13.2,13.4,13.16,1224100.0
20260929,605358,立昂微,45.43,46.13,47.09,45.0,34259800.0
20260929,605365,立达信,14.66,14.51,14.74,14.44,4640300.0
20260929,605366,宏柏新材,9.56,9.75,10.1,9.26,83713800.0
20260929,605368,蓝天燃气,6.64,6.63,6.69,6.6,2091200.0
20260929,605369,拱东医疗,18.09,18.05,18.28,17.61,2295800.0
20260929,605376,博迁新材,119.0,118.55,120.8,117.8,9402100.0
20260929,605377,华旺科技,7.84,7.92,8.0,7.83,3838700.0
20260929,605378,野马电池,15.5,16.58,16.89,15.24,17858200.0
20260929,605388,均瑶健康,6.09,6.72,6.72,6.02,20131300.0
20260929,605389,长龄液压,61.08,61.44,62.01,60.5,508000.0
20260929,605398,新炬网络,22.09,23.16,23.34,22.07,7679600.0
20260929,605399,晨光新材,11.7,11.73,11.95,11.4,6218200.0
20260929,605488,福莱新材,29.45,29.98,30.82,29.23,7321000.0
20260929,605499,东鹏饮料,110.6,110.19,110.87,109.82,1594500.0
20260929,605500,森林包装,7.45,7.42,7.48,7.28,2881300.0
20260929,605507,国邦医药,18.25,17.87,18.48,17.8,6951100.0
20260929,605555,德昌股份,12.4,12.76,12.83,12.4,7283900.0
20260929,605566,福莱蒽特,32.33,32.02,32.55,31.53,3595100.0
20260929,605567,春雪食品,9.47,9.64,9.72,9.4,4360200.0
20260929,605577,龙版传媒,13.91,14.8,15.47,13.4,39483500.0
20260929,605580,恒盛能源,21.08,21.03,21.29,20.6,8395700.0
20260929,605588,冠石科技,44.76,45.6,46.1,44.22,883900.0
20260929,605589,圣泉集团,34.91,36.08,36.36,34.86,21944200.0
20260929,605598,上海港湾,23.36,23.7,23.86,23.36,1597600.0
20260929,605599,菜百股份,13.31,13.24,13.34,13.16,3419200.0
