日期,股票代码,股票名称,开盘价,收盘价,最高价,最低价,成交量(股)
20260316,000001,平安银行,10.93,10.92,10.97,10.88,71560300.0
20260316,000002,万  科Ａ,4.66,4.66,4.72,4.64,90004000.0
20260316,000006,深振业Ａ,9.0,9.16,9.19,8.97,23946800.0
20260316,000007,全新好,13.71,14.07,14.25,13.52,11069300.0
20260316,000008,神州高铁,2.99,2.93,3.01,2.92,56413400.0
20260316,000009,中国宝安,9.55,9.38,9.61,9.33,34285300.0
20260316,000011,深物业A,8.58,8.72,8.76,8.56,6167500.0
20260316,000012,南  玻Ａ,4.85,4.82,4.91,4.78,33397900.0
20260316,000014,沙河股份,14.45,14.54,14.7,14.35,9891300.0
20260316,000017,深中华A,7.1,7.17,7.2,7.08,6701900.0
20260316,000019,深粮控股,7.59,7.69,7.81,7.59,24381900.0
20260316,000020,深华发Ａ,14.49,15.94,15.94,14.35,7182800.0
20260316,000021,深科技,30.9,33.1,33.12,30.55,159565800.0
20260316,000025,特  力Ａ,17.0,17.11,17.12,16.9,3392200.0
20260316,000026,飞亚达,14.95,14.56,15.01,14.18,8890500.0
20260316,000027,深圳能源,7.26,7.08,7.3,7.03,49513600.0
20260316,000028,国药一致,25.98,25.79,26.08,25.69,3169200.0
20260316,000029,深深房Ａ,20.7,21.04,21.39,20.63,4491100.0
20260316,000030,富奥股份,5.35,5.28,5.38,5.26,13459000.0
20260316,000031,大悦城,3.22,3.25,3.33,3.21,30713800.0
20260316,000032,深桑达Ａ,17.71,17.62,17.72,17.26,13603200.0
20260316,000034,神州数码,37.2,36.91,37.38,36.31,19758500.0
20260316,000035,中国天楹,7.92,7.68,8.02,7.39,154086300.0
20260316,000036,华联控股,5.03,5.12,5.23,5.03,31716700.0
20260316,000037,深南电A,9.86,9.64,9.93,9.59,14745300.0
20260316,000039,中集集团,12.44,11.99,12.45,11.64,68062500.0
20260316,000042,中洲控股,8.55,8.64,8.69,8.51,4594600.0
20260316,000045,深纺织Ａ,12.9,13.16,13.16,12.8,8682200.0
20260316,000048,京基智农,21.0,20.16,21.22,19.9,15760500.0
20260316,000049,德赛电池,27.12,27.37,27.55,26.63,11780800.0
20260316,000050,深天马Ａ,9.31,9.0,9.33,8.92,59490500.0
20260316,000055,方大集团,3.9,3.91,3.94,3.87,9127500.0
20260316,000058,深 赛 格,8.47,8.62,8.62,8.47,7100600.0
20260316,000059,华锦股份,6.14,5.94,6.27,5.92,48369400.0
20260316,000060,中金岭南,7.12,6.91,7.15,6.77,165681600.0
20260316,000061,农 产 品,9.22,9.2,9.36,9.06,10929500.0
20260316,000062,深圳华强,25.94,26.79,26.79,25.75,35950800.0
20260316,000063,中兴通讯,36.31,36.5,36.64,35.58,71952400.0
20260316,000065,北方国际,13.76,13.39,13.85,13.17,35657600.0
20260316,000066,中国长城,16.29,16.45,16.59,15.98,97145000.0
20260316,000068,华控赛格,3.46,3.5,3.52,3.43,14658600.0
20260316,000069,华侨城Ａ,2.47,2.46,2.51,2.44,60003000.0
20260316,000070,特发信息,17.17,16.67,17.2,16.26,68736800.0
20260316,000088,盐 田 港,4.64,4.68,4.69,4.61,33844900.0
20260316,000089,深圳机场,7.17,7.14,7.2,7.1,9880800.0
20260316,000090,天健集团,3.97,3.98,4.02,3.95,18010200.0
20260316,000096,广聚能源,11.03,11.1,11.28,11.02,13775600.0
20260316,000099,中信海直,20.2,20.28,20.45,20.16,11036700.0
20260316,000100,TCL科技,4.81,4.66,4.83,4.61,656408700.0
20260316,000151,中成股份,13.0,12.93,13.07,12.86,3231800.0
20260316,000153,丰原药业,6.69,6.69,6.75,6.63,6332600.0
20260316,000155,川能动力,15.21,14.46,15.39,14.3,74031700.0
20260316,000156,华数传媒,7.96,8.0,8.05,7.94,9632300.0
20260316,000157,中联重科,9.14,8.94,9.16,8.88,72426900.0
20260316,000158,常山北明,20.1,20.25,20.26,19.92,22818700.0
20260316,000159,国际实业,6.71,6.93,6.94,6.61,31841000.0
20260316,000166,申万宏源,4.94,4.95,4.96,4.91,65828000.0
20260316,000301,东方盛虹,11.5,11.4,11.59,11.01,46755900.0
20260316,000333,美的集团,76.52,76.64,76.88,75.68,20560000.0
20260316,000338,潍柴动力,24.82,24.55,24.83,24.04,104751100.0
20260316,000400,许继电气,31.43,30.05,31.45,29.82,36522400.0
20260316,000401,金隅冀东,5.14,5.04,5.19,5.04,24979500.0
20260316,000402,金 融 街,2.76,2.76,2.8,2.75,23986200.0
20260316,000403,派林生物,14.22,14.23,14.3,14.11,8296300.0
20260316,000404,长虹华意,7.34,7.25,7.36,7.21,14981200.0
20260316,000407,胜利股份,5.06,5.04,5.13,5.0,30559600.0
20260316,000408,藏格矿业,81.5,80.64,82.58,78.21,24674200.0
20260316,000409,云鼎科技,10.88,10.9,10.92,10.73,8430800.0
20260316,000410,沈阳机床,7.46,7.34,7.47,7.26,29277400.0
20260316,000411,英特集团,11.47,11.47,11.68,11.42,3166900.0
20260316,000415,渤海租赁,4.62,4.52,4.64,4.48,102699000.0
20260316,000417,合百集团,7.26,7.38,7.4,7.21,10455000.0
20260316,000419,通程控股,6.25,6.31,6.31,6.22,7674900.0
20260316,000420,吉林化纤,4.82,5.1,5.3,4.81,506904000.0
20260316,000421,南京公用,6.99,6.94,7.06,6.91,12846700.0
20260316,000422,湖北宜化,19.58,18.46,20.2,18.34,116182600.0
20260316,000423,东阿阿胶,52.09,52.19,52.29,51.67,3338200.0
20260316,000425,徐工机械,11.31,10.98,11.35,10.93,105803700.0
20260316,000426,兴业银锡,46.21,45.37,46.36,44.13,77765800.0
20260316,000428,华天酒店,3.85,3.85,3.92,3.83,13163200.0
20260316,000429,粤高速Ａ,12.58,12.83,12.85,12.55,12114900.0
20260316,000430,张家界,7.5,7.64,7.64,7.47,4948200.0
20260316,000498,山东路桥,6.28,6.17,6.3,6.15,22325300.0
20260316,000501,武商集团,8.99,9.02,9.06,8.94,6619000.0
20260316,000503,国新健康,8.54,8.59,8.62,8.51,7672200.0
20260316,000504,南华生物,10.18,10.1,10.37,10.05,4625000.0
20260316,000505,京粮控股,7.4,7.65,7.74,7.35,53117800.0
20260316,000506,招金黄金,17.74,17.2,18.0,16.65,65807800.0
20260316,000507,珠海港,5.71,5.7,5.75,5.65,21133400.0
20260316,000509,华塑控股,4.08,4.07,4.3,3.98,87866300.0
20260316,000510,新金路,16.88,16.76,17.19,16.0,48916000.0
20260316,000513,丽珠集团,34.78,34.86,34.95,34.51,4314300.0
20260316,000514,渝 开 发,4.95,4.96,5.02,4.93,11677300.0
20260316,000516,国际医学,5.2,5.14,5.31,5.1,87402800.0
20260316,000517,荣安地产,2.05,2.08,2.13,2.05,23282500.0
20260316,000518,四环生物,2.93,3.01,3.06,2.91,30437800.0
20260316,000519,中兵红箭,18.28,18.18,18.3,17.83,36052900.0
20260316,000520,凤凰航运,4.41,4.53,4.55,4.4,26339100.0
20260316,000521,长虹美菱,6.36,6.36,6.39,6.31,8572600.0
20260316,000523,红棉股份,3.65,3.7,3.72,3.64,21352000.0
20260316,000524,岭南控股,13.25,13.53,13.68,13.13,20162200.0
20260316,000525,红太阳,7.03,6.88,7.28,6.84,60122300.0
20260316,000526,学大教育,35.0,35.12,35.15,34.7,846100.0
20260316,000528,柳    工,10.29,10.02,10.3,10.0,56187100.0
20260316,000529,广弘控股,6.05,6.15,6.17,6.05,9885200.0
20260316,000530,冰山冷热,6.52,6.46,6.53,6.41,11811500.0
20260316,000531,穗恒运Ａ,7.16,7.04,7.25,6.97,21342700.0
20260316,000532,华金资本,14.53,14.65,14.78,14.53,5229900.0
20260316,000533,顺钠股份,16.79,18.66,18.66,16.03,202660200.0
20260316,000534,万泽股份,40.43,39.2,40.83,38.3,27957700.0
20260316,000536,华映科技,4.98,5.04,5.12,4.86,146557500.0
20260316,000537,绿发电力,12.2,11.23,12.35,11.17,215118700.0
20260316,000538,云南白药,56.2,56.79,56.95,56.1,7142600.0
20260316,000539,粤电力Ａ,5.3,5.11,5.34,5.09,50379700.0
20260316,000541,佛山照明,6.15,6.22,6.31,6.14,17068000.0
20260316,000543,皖能电力,8.95,8.61,8.99,8.57,59395800.0
20260316,000544,中原环保,9.19,8.99,9.22,8.94,7718200.0
20260316,000545,金浦钛业,3.86,4.08,4.33,3.86,260151100.0
20260316,000546,金圆股份,6.31,6.12,6.31,6.04,39019200.0
20260316,000547,航天发展,30.7,31.87,31.88,30.18,186508500.0
20260316,000548,湖南投资,5.8,5.79,5.88,5.76,7322300.0
20260316,000550,江铃汽车,17.88,18.01,18.06,17.8,2907400.0
20260316,000551,创元科技,14.16,14.0,14.17,13.72,10457900.0
20260316,000552,甘肃能化,2.85,2.81,2.92,2.79,129877000.0
20260316,000553,安道麦A,6.71,6.64,7.25,6.61,42674600.0
20260316,000554,泰山石油,9.3,9.44,9.92,9.3,58313800.0
20260316,000555,神州信息,17.74,18.33,18.37,17.62,43398100.0
20260316,000557,西部创业,5.16,5.15,5.19,5.13,14556800.0
20260316,000558,天府文旅,4.77,4.79,4.8,4.73,16688000.0
20260316,000559,万向钱潮,16.81,16.69,16.89,16.36,58466500.0
20260316,000560,我爱我家,3.3,3.34,3.47,3.3,240497400.0
20260316,000561,烽火电子,10.43,10.46,10.46,10.24,11573800.0
20260316,000563,陕国投Ａ,3.58,3.57,3.59,3.55,57415700.0
20260316,000564,供销大集,2.18,2.22,2.24,2.18,237829900.0
20260316,000565,渝三峡Ａ,8.23,8.3,8.5,8.22,14101200.0
20260316,000566,海南海药,5.54,5.62,5.66,5.54,24243500.0
20260316,000567,海德股份,5.52,5.57,5.59,5.5,9947700.0
20260316,000568,泸州老窖,107.5,108.62,110.33,107.2,11696300.0
20260316,000570,苏常柴Ａ,6.08,6.05,6.15,6.0,16329200.0
20260316,000571,新大洲A,7.21,7.07,7.24,6.94,22187600.0
20260316,000572,海马汽车,6.14,6.2,6.21,6.11,30498400.0
20260316,000573,粤宏远Ａ,4.35,4.41,4.46,4.33,12162700.0
20260316,000576,甘化科工,10.14,10.13,10.16,9.9,10464300.0
20260316,000581,威孚高科,23.79,23.28,23.87,23.09,15768100.0
20260316,000582,北部湾港,11.26,11.32,11.43,11.18,36614400.0
20260316,000586,汇源通信,15.7,15.75,15.96,15.38,6497200.0
20260316,000589,贵州轮胎,4.99,4.95,5.08,4.93,32441300.0
20260316,000590,古汉医药,11.89,12.12,12.26,11.85,3120300.0
20260316,000591,太阳能,6.3,5.99,6.35,5.98,195176700.0
20260316,000592,平潭发展,10.9,11.15,11.26,10.8,143267300.0
20260316,000593,德龙汇能,14.99,14.55,15.16,14.28,19406700.0
20260316,000595,新能股份,6.45,6.47,6.55,6.44,8506400.0
20260316,000596,古井贡酒,113.27,114.21,115.46,113.27,3254200.0
20260316,000597,东北制药,5.32,5.34,5.36,5.29,11339000.0
20260316,000598,兴蓉环境,7.21,7.13,7.25,7.11,28244000.0
20260316,000599,青岛双星,6.74,6.62,6.8,6.57,17280400.0
20260316,000600,建投能源,10.19,9.52,10.25,9.48,75627800.0
20260316,000601,韶能股份,6.51,6.3,6.57,6.19,126479000.0
20260316,000603,盛达资源,43.02,42.62,44.5,41.38,26283100.0
20260316,000605,渤海股份,7.33,7.28,7.41,7.24,5370500.0
20260316,000607,华媒控股,4.15,4.28,4.29,4.15,17547700.0
20260316,000608,阳光股份,3.75,3.74,3.83,3.68,21164900.0
20260316,000612,焦作万方,14.02,13.52,14.45,13.26,61876300.0
20260316,000617,中油资本,9.77,9.77,9.77,9.66,423429500.0
20260316,000619,海螺新材,6.37,6.35,6.47,6.3,8113400.0
20260316,000620,盈新发展,3.01,3.31,3.31,3.01,329732300.0
20260316,000623,吉林敖东,18.7,18.54,18.74,18.44,8873700.0
20260316,000625,长安汽车,10.8,10.85,10.86,10.74,46018800.0
20260316,000626,远大控股,8.5,8.78,8.97,8.48,43059600.0
20260316,000628,高新发展,53.06,54.96,55.15,53.06,10640700.0
20260316,000629,钒钛股份,3.84,3.79,3.94,3.72,187035200.0
20260316,000630,铜陵有色,6.84,6.65,6.86,6.46,486939100.0
20260316,000631,顺发恒能,3.94,4.0,4.03,3.91,18228700.0
20260316,000633,合金投资,7.26,7.34,7.37,7.12,11322300.0
,000635,英 力 特,9.25,9.24,9.49,9.07,11099200.0
20260316,000636,风华高科,21.7,21.95,22.02,21.17,50989000.0
20260316,000637,茂化实华,5.06,4.93,5.17,4.9,24237700.0
20260316,000650,仁和药业,5.92,5.93,5.94,5.87,14131900.0
20260316,000651,格力电器,38.5,38.78,38.9,38.39,42274000.0
20260316,000652,泰达股份,4.11,4.1,4.16,4.08,13018900.0
20260316,000655,金岭矿业,10.36,9.97,10.39,9.8,23923800.0
20260316,000656,金科股份,1.38,1.38,1.39,1.37,53887600.0
20260316,000657,中钨高新,54.61,55.19,56.24,53.49,91010200.0
20260316,000659,珠海中富,3.9,3.88,4.15,3.84,52413300.0
20260316,000661,长春高新,89.9,91.24,91.53,89.61,4299900.0
20260316,000663,永安林业,7.19,7.27,7.38,7.19,8712800.0
20260316,000665,湖北广电,5.12,5.14,5.15,5.07,12209800.0
20260316,000668,荣丰控股,13.5,14.13,14.13,13.3,2113800.0
20260316,000670,盈方微,7.87,8.17,8.17,7.84,37443400.0
20260316,000672,上峰材料,13.92,13.83,14.16,13.55,16885300.0
20260316,000676,智度股份,8.15,8.24,8.24,8.11,14009800.0
20260316,000678,襄阳轴承,12.31,12.39,12.41,12.24,5349500.0
20260316,000679,大连友谊,6.92,7.03,7.1,6.92,3667000.0
20260316,000680,山推股份,12.1,11.48,12.12,11.38,26289600.0
20260316,000681,视觉中国,22.04,22.44,22.44,21.9,25912500.0
20260316,000682,东方电子,14.25,13.72,14.25,13.63,30255500.0
20260316,000683,博源化工,9.36,8.97,9.5,8.91,77662600.0
20260316,000685,中山公用,11.73,11.49,11.75,11.42,16112700.0
20260316,000686,东北证券,8.6,8.57,8.61,8.52,13644000.0
20260316,000688,国城矿业,36.03,36.03,37.55,35.0,23263700.0
20260316,000690,宝新能源,4.97,4.82,4.98,4.77,100346200.0
20260316,000691,亚太实业,8.33,8.19,8.37,8.15,5880300.0
20260316,000692,惠天热电,4.21,4.26,4.3,4.2,14365400.0
20260316,000695,滨海能源,15.1,15.3,15.5,14.7,40508900.0
20260316,000697,炼石航空,10.92,10.46,11.02,10.4,15058000.0
20260316,000700,模塑科技,12.4,12.25,12.45,12.04,23307200.0
20260316,000701,厦门信达,6.03,6.11,6.14,6.02,10831000.0
20260316,000702,正虹科技,7.07,7.1,7.2,7.03,6125100.0
20260316,000703,恒逸石化,12.78,12.11,12.89,12.0,50993200.0
20260316,000705,浙江震元,9.13,9.17,9.25,9.09,4742400.0
20260316,000707,双环科技,6.74,6.63,6.95,6.59,22307300.0
20260316,000708,中信特钢,17.38,16.3,17.5,16.21,27287200.0
20260316,000709,河钢股份,2.63,2.53,2.64,2.5,235069300.0
20260316,000710,贝瑞基因,11.26,11.36,11.47,11.22,5844200.0
20260316,000712,锦龙股份,11.18,11.21,11.26,11.13,15842900.0
20260316,000713,国投丰乐,7.17,7.3,7.38,7.15,32188100.0
20260316,000715,中兴商业,6.14,6.16,6.19,6.08,7531800.0
20260316,000716,黑芝麻,5.69,5.74,5.77,5.68,7680000.0
20260316,000717,中南股份,2.82,2.69,2.84,2.67,70015200.0
20260316,000718,苏宁环球,2.27,2.29,2.31,2.27,28585400.0
20260316,000719,中原传媒,12.92,12.94,13.0,12.64,10877100.0
20260316,000720,新能泰山,4.19,4.06,4.2,4.03,46868400.0
20260316,000721,西安饮食,8.35,8.41,8.41,8.33,6646700.0
20260316,000722,湖南发展,13.67,13.45,13.85,13.34,13171800.0
20260316,000723,美锦能源,5.49,5.4,5.55,5.19,253040300.0
20260316,000725,京东方Ａ,4.34,4.23,4.34,4.2,906115300.0
20260316,000726,鲁  泰Ａ,7.59,7.61,7.65,7.55,9355000.0
20260316,000727,冠捷科技,2.77,2.82,2.82,2.72,155022300.0
20260316,000728,国元证券,7.94,7.94,7.97,7.88,18494500.0
20260316,000729,燕京啤酒,13.11,12.9,13.21,12.85,23393400.0
20260316,000731,四川美丰,8.27,8.12,8.63,7.95,71582900.0
20260316,000733,振华科技,49.81,49.75,49.81,49.03,9699200.0
20260316,000735,罗 牛 山,7.65,7.69,7.76,7.61,27166900.0
20260316,000736,中交发展,5.37,5.3,5.38,5.26,5544200.0
20260316,000737,北方铜业,15.23,14.73,15.23,14.43,61004700.0
20260316,000738,航发控制,23.52,23.6,23.81,23.25,20738100.0
20260316,000739,普洛药业,18.01,18.15,18.35,17.86,5095400.0
20260316,000750,国海证券,4.07,4.06,4.08,4.04,48265900.0
20260316,000751,锌业股份,6.0,5.94,6.07,5.78,75779800.0
20260316,000753,漳州发展,7.01,7.0,7.08,6.93,13912600.0
20260316,000755,山西高速,5.6,5.5,5.64,5.47,7383700.0
20260316,000756,新华制药,15.33,15.37,15.42,15.3,3520000.0
20260316,000757,浩物股份,5.26,5.26,5.33,5.22,9041100.0
20260316,000758,中色股份,7.4,7.31,7.49,7.13,63200800.0
20260316,000759,中百集团,5.95,6.02,6.08,5.91,14600400.0
20260316,000761,本钢板材,3.68,3.48,3.71,3.41,42919500.0
20260316,000762,西藏矿业,29.41,29.16,29.89,28.31,25619000.0
20260316,000766,通化金马,21.1,21.12,21.47,20.99,12693600.0
20260316,000767,晋控电力,3.78,3.65,3.85,3.61,148321500.0
20260316,000768,中航西飞,26.9,26.92,27.1,26.55,24857200.0
20260316,000776,广发证券,19.32,19.07,19.35,18.96,39059600.0
20260316,000777,中核科技,26.85,26.7,27.19,26.01,38773500.0
20260316,000778,新兴铸管,4.97,4.81,4.99,4.79,79289900.0
20260316,000779,甘咨询,9.43,9.26,9.46,9.18,9538000.0
20260316,000782,恒申新材,5.95,6.01,6.03,5.88,20444500.0
20260316,000783,长江证券,7.54,7.53,7.56,7.46,39279500.0
20260316,000785,居然智家,2.82,2.85,2.85,2.81,42955800.0
20260316,000786,北新建材,26.06,26.18,26.68,25.98,15432600.0
20260316,000788,北大医药,6.08,6.06,6.13,6.02,10293500.0
20260316,000789,万年青,5.76,5.82,5.82,5.71,10463000.0
20260316,000790,华神科技,4.18,4.22,4.27,4.17,13469700.0
20260316,000791,甘肃能源,8.31,8.07,8.41,8.02,73787200.0
20260316,000792,盐湖股份,39.45,37.33,39.7,36.69,138503900.0
20260316,000795,英洛华,9.85,9.7,9.86,9.56,23516100.0
20260316,000796,凯撒旅业,5.36,5.46,5.46,5.31,42979100.0
20260316,000797,中国武夷,3.02,3.02,3.06,2.99,26420100.0
20260316,000798,中水渔业,11.3,11.51,11.8,11.3,63432600.0
20260316,000799,酒鬼酒,47.0,48.89,49.49,46.92,13935400.0
20260316,000800,一汽解放,6.88,6.88,6.94,6.82,12581000.0
20260316,000801,四川九洲,15.06,15.13,15.18,14.89,13648000.0
20260316,000802,北京文化,4.17,4.16,4.17,4.13,8027600.0
20260316,000803,山高环能,9.93,9.72,10.38,9.66,23866200.0
20260316,000807,云铝股份,35.0,33.85,35.64,32.4,79690800.0
20260316,000809,和展能源,3.78,3.78,3.87,3.74,31375300.0
20260316,000810,创维数字,11.05,11.15,11.16,10.96,8025800.0
20260316,000811,冰轮环境,19.11,18.93,19.17,18.28,22504600.0
20260316,000812,陕西金叶,4.26,4.3,4.31,4.26,10182900.0
20260316,000813,德展健康,3.58,3.59,3.61,3.55,26499700.0
20260316,000815,美利云,15.78,16.65,16.82,15.66,130488400.0
20260316,000816,智慧农业,3.73,3.7,3.85,3.66,89267000.0
20260316,000818,航锦科技,23.03,23.41,23.68,22.6,28159700.0
20260316,000819,岳阳兴长,15.9,15.85,16.12,15.7,6333200.0
20260316,000820,神雾节能,3.37,3.32,3.38,3.29,2792900.0
20260316,000822,山东海化,6.82,6.56,7.22,6.52,77520300.0
20260316,000823,超声电子,15.66,16.24,16.3,15.48,40483400.0
20260316,000825,太钢不锈,4.92,4.78,4.95,4.73,91305400.0
20260316,000828,东莞控股,10.93,10.95,11.0,10.85,5395300.0
20260316,000829,天音控股,10.81,10.93,11.0,10.68,24786300.0
20260316,000830,鲁西化工,19.88,18.14,20.23,17.77,77550500.0
20260316,000831,中国稀土,53.32,51.73,53.44,51.0,27836200.0
20260316,000833,粤桂股份,28.5,27.58,29.25,26.8,67359600.0
20260316,000837,秦川机床,12.17,11.96,12.18,11.92,21675600.0
20260316,000839,国安股份,3.8,3.69,3.85,3.63,275338900.0
20260316,000848,承德露露,8.26,8.23,8.28,8.19,9108000.0
20260316,000850,华茂股份,5.32,5.24,5.36,5.19,13191300.0
20260316,000852,石化机械,8.12,7.89,8.24,7.85,28416200.0
20260316,000856,冀东装备,10.89,11.03,11.07,10.77,5648200.0
20260316,000858,五 粮 液,102.8,104.54,105.31,102.7,20304900.0
20260316,000859,国风新材,10.57,11.05,11.13,10.57,66473400.0
20260316,000860,顺鑫农业,14.1,14.25,14.38,14.06,10461300.0
20260316,000862,银星能源,7.49,7.32,7.57,7.26,55626700.0
20260316,000863,三湘印象,5.62,5.66,5.69,5.54,15147800.0
20260316,000868,安凯客车,4.64,4.65,4.68,4.62,7275500.0
20260316,000869,张  裕Ａ,19.94,20.01,20.05,19.9,892900.0
20260316,000875,电投绿能,8.08,7.57,8.14,7.5,163458700.0
20260316,000876,新 希 望,8.89,8.87,9.04,8.84,43886000.0
20260316,000877,天山股份,5.4,5.26,5.43,5.24,23662000.0
20260316,000878,云南铜业,22.0,21.3,22.06,20.7,92519800.0
20260316,000880,潍柴重机,29.28,28.23,29.4,27.72,24712400.0
20260316,000881,中广核技,8.42,8.16,8.44,8.12,21245200.0
20260316,000882,华联股份,1.83,1.83,1.85,1.82,49671300.0
20260316,000883,湖北能源,4.98,4.9,5.03,4.89,40730900.0
20260316,000885,城发环境,14.47,14.22,14.5,14.18,9044000.0
20260316,000886,海南高速,6.12,6.17,6.17,6.1,11356300.0
20260316,000887,中鼎股份,19.29,19.19,19.35,18.93,13439300.0
20260316,000888,峨眉山Ａ,13.73,13.86,14.05,13.7,19454600.0
20260316,000889,中嘉博创,3.44,3.45,3.5,3.43,12205000.0
20260316,000890,法尔胜,11.12,12.2,12.2,10.66,130560800.0
20260316,000892,欢瑞世纪,6.27,6.43,6.43,6.23,27664300.0
20260316,000893,亚钾国际,69.1,63.0,70.6,62.4,29630300.0
20260316,000895,双汇发展,27.93,28.5,28.59,27.85,16598600.0
20260316,000897,津滨发展,2.23,2.27,2.28,2.23,48362800.0
20260316,000898,鞍钢股份,2.69,2.57,2.71,2.56,106872400.0
20260316,000899,赣能股份,13.99,13.72,14.1,13.48,45611500.0
20260316,000900,现代投资,4.37,4.35,4.4,4.33,15075900.0
20260316,000901,航天科技,23.5,23.69,23.73,23.16,18740200.0
20260316,000902,新洋丰,18.41,17.45,18.71,17.37,30352800.0
20260316,000905,厦门港务,11.8,11.96,12.05,11.75,13628600.0
20260316,000906,浙商中拓,6.08,6.06,6.13,6.04,6762000.0
20260316,000908,石药景峰,5.3,5.3,5.3,5.3,72100.0
20260316,000910,大亚圣象,7.48,7.46,7.53,7.43,2693300.0
20260316,000912,泸天化,6.12,6.12,6.62,6.0,240776300.0
20260316,000913,钱江摩托,15.87,16.02,16.04,15.75,6041700.0
20260316,000915,华特达因,33.11,33.47,33.55,33.01,3868600.0
20260316,000917,电广传媒,9.96,10.09,10.13,9.83,30134500.0
20260316,000919,金陵药业,7.33,7.41,7.43,7.33,6813700.0
20260316,000920,沃顿科技,13.85,13.59,13.96,13.49,13731000.0
20260316,000921,海信家电,22.7,22.72,22.74,22.44,5060400.0
20260316,000922,佳电股份,16.37,15.62,16.43,15.5,29709700.0
20260316,000923,河钢资源,20.52,20.45,20.68,19.59,21677300.0
20260316,000925,众合科技,7.81,7.85,7.87,7.76,9161900.0
20260316,000926,福星股份,2.25,2.28,2.3,2.24,22911400.0
20260316,000927,中国铁物,3.07,3.14,3.18,3.06,118781800.0
20260316,000928,中钢国际,7.11,6.89,7.14,6.86,45623000.0
20260316,000929,兰州黄河,10.36,10.24,10.44,9.94,3872200.0
20260316,000930,中粮科技,7.8,7.79,8.14,7.74,99529900.0
20260316,000931,中 关 村,5.19,5.21,5.26,5.17,7411000.0
20260316,000932,华菱钢铁,6.14,5.85,6.17,5.81,129538300.0
20260316,000933,神火股份,37.41,35.89,38.16,34.91,62942900.0
20260316,000935,四川双马,27.73,26.95,27.76,26.6,5746300.0
20260316,000936,华西股份,7.87,7.9,7.98,7.81,14545800.0
20260316,000937,冀中能源,5.97,5.86,6.03,5.84,40241600.0
20260316,000938,紫光股份,25.8,25.39,25.93,24.91,71034600.0
20260316,000948,南天信息,16.35,16.45,16.5,16.23,4284600.0
20260316,000949,新乡化纤,7.36,7.52,7.75,7.17,109109000.0
20260316,000950,重药控股,5.82,5.73,5.84,5.73,16771800.0
20260316,000951,中国重汽,22.49,22.14,22.57,21.41,23034300.0
20260316,000952,广济药业,7.45,7.63,7.68,7.45,6558700.0
20260316,000953,中哲精化,7.36,7.47,7.54,7.32,12448600.0
20260316,000955,欣龙控股,5.26,5.32,5.4,5.23,11533300.0
20260316,000957,中通客车,11.29,11.27,11.29,11.12,7980400.0
20260316,000958,电投产融,6.8,6.79,6.88,6.74,46057400.0
20260316,000959,首钢股份,5.33,5.18,5.34,5.14,37295600.0
20260316,000960,锡业股份,36.5,35.55,36.55,34.06,65289400.0
20260316,000962,东方钽业,49.2,50.94,51.9,49.04,25421500.0
20260316,000963,华东医药,34.88,35.47,35.78,34.78,10012000.0
20260316,000965,天保基建,4.0,4.02,4.06,3.99,18820400.0
20260316,000966,长源电力,4.97,4.8,4.99,4.77,84833100.0
20260316,000967,盈峰环境,9.02,8.85,9.1,8.73,46213200.0
20260316,000968,蓝焰控股,9.66,9.3,9.82,9.25,52775400.0
20260316,000969,安泰科技,22.5,21.98,22.58,21.43,39280000.0
20260316,000970,中科三环,13.5,13.29,13.68,13.15,35471000.0
20260316,000972,中基健康,3.66,3.67,3.72,3.65,4967000.0
20260316,000973,佛塑科技,16.77,16.91,17.5,16.67,83880400.0
20260316,000975,山金国际,32.15,30.58,32.28,29.51,58213100.0
20260316,000977,浪潮信息,60.7,60.6,60.86,59.9,29524100.0
20260316,000978,桂林旅游,7.29,7.43,7.43,7.24,12814700.0
20260316,000980,众泰汽车,2.67,2.72,2.72,2.65,85489800.0
20260316,000981,山子高科,4.19,4.29,4.3,4.15,272012600.0
20260316,000983,山西焦煤,7.5,7.3,7.59,7.27,85917900.0
20260316,000985,大庆华科,20.39,20.14,20.92,19.95,3248200.0
20260316,000987,越秀资本,8.95,8.95,9.06,8.84,38164600.0
20260316,000988,华工科技,118.74,117.21,119.79,112.88,121625600.0
20260316,000989,九芝堂,9.07,9.09,9.11,9.0,8351200.0
20260316,000990,诚志股份,10.19,9.93,10.54,9.8,97721800.0
20260316,000993,闽东电力,14.43,14.16,14.56,13.98,19260500.0
20260316,000995,皇台酒业,15.58,16.35,17.04,15.58,49745600.0
20260316,000997,新 大 陆,22.61,22.79,22.93,22.5,11073200.0
20260316,000998,隆平高科,10.6,10.86,11.05,10.59,76962600.0
20260316,000999,华润三九,29.15,29.32,29.54,29.07,9089200.0
20260316,001201,东瑞股份,15.02,15.08,15.25,14.99,2954400.0
20260316,001202,炬申股份,17.75,17.6,17.82,17.38,1975900.0
20260316,001203,大中矿业,39.3,38.95,40.07,37.59,29061900.0
20260316,001205,盛航股份,15.56,15.62,15.7,15.45,3888800.0
20260316,001206,依依股份,22.3,22.37,22.55,22.15,1600100.0
20260316,001207,联科科技,31.2,29.44,31.25,29.11,14365000.0
20260316,001208,华菱线缆,20.77,20.46,20.87,20.05,19514000.0
20260316,001209,洪兴股份,20.53,20.81,20.81,20.41,3684300.0
20260316,001210,金房能源,22.9,23.49,24.06,22.86,4037900.0
20260316,001211,双枪科技,28.58,28.19,28.89,27.9,1477100.0
20260316,001212,中旗新材,53.94,53.95,54.44,52.39,5253100.0
20260316,001213,中铁特货,4.32,4.28,4.34,4.26,25709800.0
20260316,001215,千味央厨,35.4,36.97,37.1,35.14,2921200.0
20260316,001216,华瓷股份,20.3,20.99,21.0,19.98,6621200.0
20260316,001217,华尔泰,13.44,13.17,13.71,13.05,15961600.0
20260316,001218,丽臣实业,26.1,26.48,26.5,26.06,1736900.0
20260316,001219,青岛食品,14.93,15.08,15.18,14.93,3745600.0
20260316,001220,世盟股份,41.7,42.04,42.2,41.57,1259800.0
20260316,001221,悍高集团,65.05,64.55,65.22,63.66,762800.0
20260316,001222,源飞宠物,20.72,20.42,20.84,20.21,1807900.0
20260316,001223,欧克科技,52.44,50.33,52.5,49.97,1593000.0
20260316,001225,和泰机电,54.19,53.38,54.42,52.51,961700.0
20260316,001226,拓山重工,45.56,44.87,46.55,44.52,1008700.0
20260316,001227,兰州银行,2.36,2.35,2.37,2.34,70027100.0
20260316,001228,永泰运,32.59,32.44,32.81,32.12,1306500.0
20260316,001229,魅视科技,38.1,39.17,39.18,37.29,2659900.0
20260316,001230,劲旅环境,24.76,24.86,24.96,24.38,2638500.0
20260316,001231,农心科技,25.53,25.35,25.97,25.05,2413500.0
20260316,001233,海安集团,68.3,70.35,70.87,67.88,1708000.0
20260316,001234,泰慕士,28.14,27.93,28.41,27.65,1698400.0
20260316,001236,弘业期货,9.98,10.14,10.24,9.98,12168300.0
20260316,001238,浙江正特,49.38,50.0,50.01,48.86,192200.0
20260316,001239,永达股份,16.17,16.28,16.6,16.0,3503600.0
20260316,001255,博菲电气,41.0,40.83,41.59,40.55,2367200.0
20260316,001256,炜冈科技,22.75,22.81,22.89,22.52,1125900.0
20260316,001258,立新能源,9.38,9.15,9.48,9.1,50021800.0
20260316,001259,利仁科技,34.78,34.6,35.19,34.44,974400.0
20260316,001260,坤泰股份,21.69,21.85,22.8,21.23,11878100.0
20260316,001266,宏英智能,35.07,35.81,35.98,34.74,3183700.0
20260316,001267,汇绿生态,43.86,42.79,44.0,41.6,49684100.0
20260316,001268,联合精密,31.08,32.42,32.45,30.91,1535600.0
20260316,001269,欧晶科技,25.5,25.44,25.98,25.18,4490700.0
20260316,001270,铖昌科技,110.16,107.96,111.45,106.31,6242300.0
20260316,001277,速达股份,39.88,39.96,40.18,39.43,764300.0
20260316,001278,一彬科技,22.81,25.32,25.32,22.81,5014700.0
20260316,001279,强邦新材,33.08,33.42,33.44,33.04,659200.0
20260316,001280,中国铀业,88.55,86.72,88.78,86.25,11733900.0
20260316,001282,三联锻造,22.79,22.72,22.88,22.25,3768200.0
20260316,001283,豪鹏科技,63.7,64.03,64.28,63.12,1181200.0
20260316,001285,瑞立科密,53.02,53.19,53.43,52.22,1270600.0
20260316,001286,陕西能源,11.18,11.08,11.2,10.89,29532900.0
20260316,001287,中电港,22.2,23.23,23.34,21.92,22963800.0
20260316,001288,运机集团,33.0,32.66,33.15,32.02,2325600.0
20260316,001289,龙源电力,18.8,18.45,19.08,18.3,14684000.0
20260316,001296,长江材料,25.72,26.03,26.28,25.65,1560900.0
20260316,001298,好上好,30.52,31.5,31.5,30.39,8650200.0
20260316,001299,美能能源,13.93,13.71,14.14,13.61,5241200.0
20260316,001300,三柏硕,17.0,17.27,17.27,16.64,2597500.0
20260316,001301,尚太科技,85.0,84.65,86.48,83.7,9394000.0
20260316,001306,夏厦精密,71.18,71.96,71.99,70.98,329300.0
20260316,001308,康冠科技,20.7,20.75,20.78,20.41,1775500.0
20260316,001309,德明利,318.0,352.06,352.06,309.51,26626500.0
20260316,001311,多利科技,34.48,33.31,34.48,33.09,2818600.0
20260316,001313,粤海饲料,7.66,7.73,7.88,7.66,12293000.0
20260316,001314,亿道信息,45.78,46.01,46.1,45.3,2115400.0
20260316,001316,润贝航科,48.23,48.45,48.65,47.25,1373600.0
20260316,001317,三羊马,45.5,45.9,46.8,45.0,2702900.0
20260316,001318,阳光乳业,14.25,14.41,14.52,14.25,1780700.0
20260316,001319,铭科精技,26.07,26.32,26.35,25.85,1881800.0
20260316,001322,箭牌家居,8.58,8.57,8.67,8.5,3476600.0
20260316,001323,慕思股份,26.39,26.49,26.5,26.26,694000.0
20260316,001324,长青科技,21.1,20.72,21.2,20.57,4762800.0
20260316,001325,元创股份,55.95,56.2,56.68,55.2,1711500.0
20260316,001326,联域股份,64.05,63.15,64.05,61.78,894100.0
20260316,001328,登康口腔,34.74,35.26,35.89,34.0,2089200.0
20260316,001330,博纳影业,7.26,7.35,7.38,7.21,56876000.0
20260316,001331,胜通能源,54.32,54.67,55.22,52.52,4664600.0
20260316,001332,锡装股份,60.41,58.89,61.1,58.5,2171200.0
20260316,001333,光华股份,27.06,26.03,27.25,25.48,3767400.0
20260316,001335,信凯科技,45.7,46.33,46.68,45.3,2077800.0
20260316,001336,楚环科技,27.11,27.59,28.0,27.05,1767200.0
20260316,001337,四川黄金,53.56,53.74,54.06,52.05,21040000.0
20260316,001338,永顺泰,13.96,13.69,14.37,13.58,27395100.0
20260316,001339,智微智能,71.94,71.56,73.24,67.39,11949800.0
20260316,001356,富岭股份,11.93,12.12,12.12,11.92,2292400.0
20260316,001358,兴欣新材,29.87,29.52,30.33,29.26,897000.0
20260316,001359,平安电工,74.65,75.37,75.68,72.4,1684700.0
20260316,001360,南矿集团,22.74,22.8,22.98,22.2,2675300.0
20260316,001366,播恩集团,17.34,14.5,17.34,14.18,25116700.0
20260316,001367,海森药业,22.89,23.15,23.22,22.83,1769900.0
20260316,001368,通达创智,25.91,26.74,26.8,25.85,2524800.0
20260316,001369,双欣材料,18.1,17.44,18.1,17.18,50511200.0
20260316,001373,翔腾新材,40.72,40.59,40.84,40.0,985000.0
20260316,001376,百通能源,21.94,20.88,22.32,20.82,15778200.0
20260316,001378,德冠新材,26.21,26.3,26.46,26.15,1608900.0
20260316,001379,腾达科技,22.9,23.12,23.23,22.77,1922300.0
20260316,001380,华纬科技,22.2,22.06,22.2,21.9,1093200.0
20260316,001382,新亚电缆,22.44,22.87,23.07,22.27,11721800.0
20260316,001386,马可波罗,22.5,22.69,22.83,22.38,2962300.0
20260316,001387,雪祺电气,14.02,14.11,14.23,13.92,3209200.0
20260316,001388,信通电子,45.01,44.12,45.17,43.61,1714000.0
20260316,001389,广合科技,118.95,117.0,118.95,114.36,7598800.0
20260316,001390,古麒绒材,22.68,22.78,22.88,22.6,1028100.0
20260316,001391,国货航,5.71,5.7,5.72,5.68,15109500.0
20260316,001395,亚联机械,42.66,42.56,42.9,42.2,418500.0
20260316,001396,誉帆科技,49.15,48.2,49.6,47.74,2244200.0
20260316,001400,江顺科技,137.1,132.02,137.73,125.0,1885300.0
20260316,001696,宗申动力,22.0,22.16,22.41,21.77,35734300.0
20260316,001872,招商港口,22.33,22.81,23.3,22.26,7102000.0
20260316,001896,豫能控股,15.0,13.9,15.34,13.9,240807600.0
20260316,001914,招商积余,10.64,10.38,10.81,10.36,23140500.0
20260316,001965,招商公路,10.12,10.25,10.3,10.12,19248000.0
20260316,001979,招商蛇口,9.65,9.66,9.98,9.61,66415000.0
20260316,002001,新 和 成,38.88,37.3,39.94,36.66,84610900.0
20260316,002003,伟星股份,10.05,10.1,10.14,9.99,5520100.0
20260316,002004,华邦健康,5.64,5.53,5.7,5.48,47745400.0
20260316,002005,德豪润达,2.98,2.96,3.0,2.95,10099300.0
20260316,002006,精工科技,19.32,19.57,19.88,19.15,10410500.0
20260316,002007,华兰生物,15.24,15.31,15.36,15.18,8674200.0
20260316,002008,大族激光,68.68,67.36,68.69,65.9,32669500.0
20260316,002009,天奇股份,26.0,25.71,26.18,25.38,23359300.0
20260316,002010,传化智联,6.31,6.18,6.34,6.12,33881900.0
20260316,002011,盾安环境,13.3,13.25,13.42,13.06,21773600.0
20260316,002012,凯恩股份,7.11,7.15,7.22,7.0,10905600.0
20260316,002014,永新股份,12.14,12.38,12.47,12.08,5719400.0
20260316,002015,协鑫能科,22.24,21.36,22.64,20.1,342826300.0
20260316,002016,世荣兆业,5.93,5.96,6.02,5.92,9233100.0
20260316,002017,东信和平,20.72,21.05,21.18,20.72,14747200.0
20260316,002019,亿帆医药,14.56,14.32,14.61,14.2,28020000.0
20260316,002020,京新药业,16.07,16.35,16.43,15.99,13075800.0
20260316,002021,中捷资源,3.49,3.45,3.52,3.4,41757000.0
20260316,002022,科华生物,5.97,6.01,6.05,5.95,6320500.0
20260316,002023,海特高新,11.2,11.36,11.37,11.11,11556700.0
20260316,002025,航天电器,56.1,57.58,58.65,56.1,38403100.0
20260316,002026,山东威达,13.86,13.96,14.14,13.77,8091400.0
20260316,002027,分众传媒,6.85,6.78,6.86,6.73,114070600.0
20260316,002028,思源电气,211.38,208.8,212.38,201.38,12115400.0
20260316,002029,七 匹 狼,10.25,10.25,10.36,10.14,10955100.0
20260316,002030,达安基因,6.2,6.23,6.24,6.18,12351800.0
20260316,002031,巨轮智能,7.08,7.45,7.49,7.08,108272300.0
20260316,002032,苏 泊 尔,44.54,44.66,44.82,44.34,1374500.0
20260316,002033,丽江股份,9.43,9.58,9.69,9.41,16473300.0
20260316,002034,旺能环境,18.68,18.42,18.88,18.3,9659500.0
20260316,002035,华帝股份,6.24,6.21,6.28,6.18,8857700.0
20260316,002036,联创电子,10.2,10.37,10.37,10.08,28059100.0
20260316,002037,保利联合,8.79,8.68,8.88,8.63,6863800.0
20260316,002038,双鹭药业,6.12,6.17,6.19,6.11,11938800.0
20260316,002039,黔源电力,19.01,18.74,19.26,18.67,7710300.0
20260316,002040,南 京 港,10.74,11.19,11.2,10.74,29576000.0
20260316,002041,登海种业,11.34,12.01,12.24,11.34,70499500.0
20260316,002042,华孚时尚,4.52,4.51,4.56,4.44,42233400.0
20260316,002043,兔 宝 宝,15.86,16.29,16.34,15.65,13405600.0
20260316,002044,美年健康,6.2,6.11,6.22,6.06,78738400.0
20260316,002045,国光电器,12.77,12.96,12.97,12.75,6222000.0
20260316,002046,国机精工,47.21,48.16,48.49,45.38,15775200.0
20260316,002047,宝鹰股份,5.91,5.8,6.11,5.8,52269700.0
20260316,002048,宁波华翔,29.19,28.64,29.19,28.11,10466200.0
20260316,002049,紫光国微,73.74,74.57,74.66,72.7,14241800.0
20260316,002050,三花智控,47.0,46.67,47.01,46.07,55178400.0
20260316,002051,中工国际,9.2,9.01,9.25,8.97,22511100.0
20260316,002052,同洲电子,11.83,11.91,11.93,11.59,10005400.0
20260316,002053,云南能投,12.62,12.3,12.83,12.26,16671500.0
20260316,002054,德美化工,9.34,9.26,9.49,9.13,19034800.0
20260316,002056,横店东磁,25.3,23.69,25.3,23.34,119726700.0
20260316,002057,中钢天源,10.86,10.39,10.94,10.32,25239600.0
20260316,002058,紫竹高科,21.0,21.25,21.25,20.85,876300.0
20260316,002059,云南旅游,5.09,5.18,5.18,5.08,12380900.0
20260316,002060,广东建工,4.14,4.03,4.18,4.01,65082900.0
20260316,002061,浙江交科,4.24,4.16,4.25,4.14,45619300.0
20260316,002062,宏润建设,8.25,8.3,8.32,8.16,14840300.0
20260316,002063,远光软件,7.24,7.06,7.26,6.95,109774700.0
20260316,002064,华峰化学,10.7,10.53,10.81,10.42,48412000.0
20260316,002065,东华软件,8.83,8.82,8.83,8.73,26394100.0
20260316,002066,瑞泰科技,19.32,19.43,19.47,18.95,2508000.0
20260316,002067,景兴纸业,5.28,5.31,5.34,5.26,31695200.0
20260316,002068,黑猫股份,10.31,10.22,11.03,10.07,66257800.0
20260316,002069,獐子岛,3.99,4.04,4.19,3.97,67377900.0
20260316,002072,凯瑞德,7.41,7.7,7.75,7.39,8639700.0
20260316,002073,软控股份,7.81,7.75,7.81,7.7,15973600.0
20260316,002074,国轩高科,38.6,38.84,39.2,37.91,37399200.0
20260316,002075,沙钢股份,5.31,5.28,5.34,5.22,55039400.0
20260316,002076,星光股份,2.16,2.2,2.22,2.15,24002600.0
20260316,002077,大港股份,15.8,16.4,16.4,15.73,20066100.0
20260316,002078,太阳纸业,16.28,16.48,16.68,16.2,25658300.0
20260316,002079,苏州固锝,10.31,10.37,10.38,10.13,18463200.0
20260316,002080,中材科技,46.5,45.53,46.66,43.63,46194800.0
20260316,002081,金 螳 螂,3.64,3.6,3.68,3.58,27580400.0
20260316,002083,孚日股份,11.57,11.55,11.84,11.46,43204700.0
20260316,002084,海鸥住工,4.16,4.13,4.26,4.11,73839400.0
20260316,002085,万丰奥威,15.65,15.71,15.76,15.48,24184200.0
20260316,002086,东方海洋,2.5,2.5,2.5,2.5,84964700.0
20260316,002088,鲁阳节能,11.21,11.19,11.34,11.1,3891900.0
20260316,002090,金智科技,12.22,11.75,12.29,11.66,22156200.0
20260316,002091,江苏国泰,9.48,9.42,9.56,9.36,24731000.0
20260316,002092,中泰化学,8.69,8.18,8.95,7.92,173106700.0
20260316,002093,国脉科技,10.53,10.6,10.6,10.46,7868900.0
20260316,002094,青岛金王,7.25,7.29,7.44,7.24,35305800.0
20260316,002095,生 意 宝,17.9,18.1,18.22,17.81,3734000.0
20260316,002096,易普力,14.05,13.78,14.18,13.7,10541800.0
20260316,002097,山河智能,10.88,10.76,10.95,10.61,17336300.0
20260316,002098,浔兴股份,9.53,9.66,9.99,9.52,5918100.0
20260316,002099,海翔药业,7.37,7.26,7.4,7.15,29658500.0
20260316,002100,天康生物,7.7,7.84,8.0,7.68,49706700.0
20260316,002101,广东鸿图,11.85,11.81,11.91,11.74,3916400.0
20260316,002103,广博股份,8.86,9.01,9.01,8.85,5917200.0
20260316,002104,恒宝股份,17.32,17.61,17.97,17.32,34834600.0
20260316,002105,信隆健康,7.1,7.15,7.24,7.07,6692200.0
20260316,002106,莱宝高科,12.63,12.85,12.9,12.35,35101700.0
20260316,002107,沃华医药,6.66,6.78,6.83,6.66,10942900.0
20260316,002108,沧州明珠,5.06,5.14,5.18,5.06,61653200.0
20260316,002110,三钢闽光,4.38,4.25,4.39,4.2,51853200.0
20260316,002111,威海广泰,10.52,10.65,10.66,10.45,7119900.0
20260316,002112,三变科技,24.82,24.69,25.46,23.91,39135300.0
20260316,002114,罗平锌电,9.49,9.28,9.67,9.07,17020700.0
20260316,002115,三维通信,12.8,12.95,13.04,12.68,33186900.0
20260316,002116,中国海诚,11.28,11.17,11.39,11.11,7811100.0
20260316,002117,东港股份,11.01,11.18,11.18,10.96,5138000.0
20260316,002119,康强电子,21.32,22.37,22.59,21.16,41057000.0
20260316,002120,韵达股份,6.98,6.97,7.02,6.93,22288800.0
20260316,002121,科陆电子,9.6,9.32,9.72,9.16,60998000.0
20260316,002123,梦网科技,10.68,10.78,10.78,10.55,11887800.0
20260316,002124,天邦食品,2.59,2.61,2.66,2.59,54047400.0
20260316,002125,湘潭电化,14.97,15.13,15.29,14.89,26923100.0
20260316,002126,银轮股份,45.59,46.7,46.9,44.4,25041000.0
20260316,002127,南极电商,3.02,3.03,3.04,3.01,18626300.0
20260316,002128,电投能源,33.8,32.9,34.12,32.61,22805400.0
20260316,002129,TCL中环,10.18,9.94,10.28,9.86,122051200.0
20260316,002130,沃尔核材,25.61,26.64,27.0,25.05,74785400.0
20260316,002131,利欧股份,7.61,7.82,7.88,7.45,457654600.0
20260316,002132,恒星科技,4.0,3.98,4.04,3.9,35325900.0
20260316,002133,广宇集团,3.7,3.72,3.79,3.69,15084200.0
20260316,002134,天津普林,21.28,21.82,22.07,21.0,6642000.0
20260316,002135,东南网架,7.32,7.2,7.47,7.08,45677100.0
20260316,002136,安 纳 达,14.51,14.45,15.3,14.38,24135100.0
20260316,002137,实益达,8.83,8.94,8.95,8.81,10288800.0
20260316,002138,顺络电子,38.39,38.63,39.0,37.04,23968200.0
20260316,002139,拓邦股份,12.75,13.03,13.04,12.62,15663900.0
20260316,002140,东华科技,14.47,14.65,15.52,14.47,35845200.0
20260316,002141,贤丰控股,4.06,4.11,4.11,4.03,26136300.0
20260316,002142,宁波银行,31.03,31.13,31.45,30.89,19190400.0
20260316,002144,宏达高科,15.77,15.83,16.24,15.61,5735700.0
20260316,002145,钛能化学,5.44,5.38,5.61,5.32,101709200.0
20260316,002146,荣盛发展,1.56,1.57,1.59,1.55,110386700.0
20260316,002148,北纬科技,7.98,8.09,8.09,7.98,5803300.0
20260316,002149,西部材料,43.53,44.69,44.7,41.96,37797100.0
20260316,002150,正泰电源,33.86,31.7,34.21,31.51,33493900.0
20260316,002151,北斗星通,45.75,47.99,48.0,45.12,72457100.0
20260316,002152,广电运通,12.92,13.15,13.18,12.92,30094200.0
20260316,002153,石基信息,10.86,11.04,11.09,10.81,20367800.0
20260316,002154,报 喜 鸟,3.87,3.88,3.89,3.85,14341100.0
20260316,002155,湖南黄金,32.5,31.71,32.65,30.86,83965000.0
20260316,002156,通富微电,45.68,46.8,47.14,44.33,72685500.0
20260316,002157,正邦科技,3.38,3.39,3.51,3.36,209749000.0
20260316,002158,汉钟精机,24.12,24.04,24.2,23.59,5395100.0
20260316,002159,三特索道,20.37,20.62,20.89,20.12,9183600.0
20260316,002160,常铝股份,5.67,5.47,5.72,5.35,52583900.0
20260316,002161,远 望 谷,8.05,8.3,8.43,7.99,36378800.0
20260316,002162,悦心健康,4.97,5.01,5.02,4.91,27225500.0
20260316,002163,海南发展,13.66,13.74,13.92,13.54,26214900.0
20260316,002164,宁波东力,12.72,12.84,12.84,12.61,5305700.0
20260316,002165,红 宝 丽,12.52,12.09,13.35,11.95,274352200.0
20260316,002166,莱茵生物,9.43,9.43,9.47,9.3,10241900.0
20260316,002167,东方锆业,13.81,13.89,14.01,13.52,35238400.0
20260316,002169,智光电气,15.7,15.68,15.86,15.35,32896400.0
20260316,002170,芭田股份,14.58,14.05,14.87,13.96,76601500.0
20260316,002171,楚江新材,12.31,12.27,12.36,12.02,31882600.0
20260316,002172,澳洋健康,4.27,4.26,4.34,4.24,16545400.0
20260316,002173,创新医疗,32.0,31.07,33.52,30.99,115051700.0
20260316,002174,游族网络,10.37,10.39,10.49,10.29,14433900.0
20260316,002176,江特电机,10.0,10.0,10.16,9.88,45841100.0
20260316,002177,御银股份,9.67,9.25,9.73,9.09,168527400.0
20260316,002178,延华智能,6.57,6.77,6.79,6.56,33305900.0
20260316,002179,中航光电,35.5,35.36,35.78,34.85,34063700.0
20260316,002180,奔图科技,19.23,18.91,19.3,18.74,7217300.0
20260316,002181,粤 传 媒,10.63,11.16,11.38,10.63,78282700.0
20260316,002182,宝武镁业,19.3,18.58,19.36,18.24,31228700.0
20260316,002183,怡 亚 通,5.18,5.39,5.39,5.15,126263800.0
20260316,002184,海得控制,12.47,12.52,12.54,12.38,4074500.0
20260316,002185,华天科技,13.61,14.05,14.09,13.41,140351400.0
20260316,002186,全 聚 德,10.91,10.99,11.02,10.88,2764300.0
20260316,002187,广百股份,6.67,6.7,6.73,6.63,9020600.0
20260316,002188,中天服务,7.07,7.09,7.18,7.0,7685500.0
20260316,002189,中光学,21.01,21.22,21.22,20.84,1775300.0
20260316,002190,成飞集成,34.6,34.25,34.6,34.15,3326300.0
20260316,002191,劲嘉股份,3.95,4.02,4.02,3.93,17107000.0
20260316,002192,融捷股份,57.38,57.92,58.16,55.68,13797200.0
20260316,002194,武汉凡谷,12.17,12.35,12.36,12.1,12099400.0
20260316,002195,岩山科技,10.45,10.4,10.7,10.16,424824600.0
20260316,002196,方正电机,14.2,14.31,14.31,13.96,21770200.0
20260316,002197,证通电子,8.32,8.49,8.5,8.24,15954000.0
20260316,002199,东晶电子,7.9,7.9,7.93,7.81,1776800.0
20260316,002200,交投生态,7.59,7.54,7.6,7.49,2115300.0
20260316,002201,九鼎新材,11.7,11.74,11.79,11.5,15577500.0
20260316,002202,金风科技,31.9,31.01,33.3,29.39,449637700.0
20260316,002203,海亮股份,14.15,14.32,14.48,13.71,43974800.0
20260316,002204,大连重工,7.42,7.11,7.53,7.06,87636500.0
20260316,002205,国统股份,13.87,13.91,14.31,13.72,3742600.0
20260316,002206,海 利 得,6.9,6.85,7.0,6.77,20251600.0
20260316,002208,合肥城建,15.3,15.8,16.1,15.14,49941300.0
20260316,002209,达 意 隆,15.28,15.02,15.33,14.87,2742000.0
20260316,002210,飞马国际,2.94,2.99,3.01,2.91,72496900.0
20260316,002212,天融信,8.43,8.55,8.57,8.4,26153500.0
20260316,002213,大为股份,28.2,29.87,29.88,28.03,48678100.0
20260316,002214,大立科技,18.28,18.19,18.28,18.0,2422200.0
20260316,002215,诺 普 信,11.23,10.94,11.32,10.81,26213500.0
20260316,002216,三全食品,12.17,12.35,12.35,12.13,11320800.0
20260316,002218,拓日新能,5.99,5.97,6.12,5.9,59629600.0
20260316,002219,新里程,2.46,2.46,2.5,2.44,74280700.0
20260316,002221,东华能源,9.53,9.34,9.85,9.31,62600300.0
20260316,002222,福晶科技,62.53,64.4,64.79,61.7,15129100.0
20260316,002223,鱼跃医疗,36.3,35.9,36.38,35.43,10883000.0
20260316,002224,三 力 士,4.8,4.83,4.9,4.75,19433500.0
20260316,002225,濮耐股份,5.92,5.95,6.04,5.86,27102600.0
20260316,002226,江南化工,6.3,6.19,6.35,6.15,41719200.0
20260316,002228,合兴包装,4.13,4.12,4.17,4.07,16842000.0
20260316,002229,鸿博股份,16.97,17.28,17.59,16.5,51284100.0
20260316,002230,科大讯飞,51.75,52.13,52.14,51.0,31012400.0
20260316,002232,启明信息,17.65,17.9,17.92,17.65,2487000.0
20260316,002233,塔牌集团,9.64,9.54,9.69,9.45,11410600.0
20260316,002234,民和股份,9.36,9.43,9.64,9.35,8621900.0
20260316,002235,安妮股份,10.51,11.56,11.56,10.45,89577100.0
20260316,002236,大华股份,18.0,17.94,18.02,17.72,26603500.0
20260316,002237,恒邦股份,16.55,16.24,16.58,15.87,43575700.0
20260316,002238,天威视讯,7.73,7.92,7.95,7.73,7467200.0
20260316,002239,奥特佳,3.18,3.19,3.2,3.14,67927000.0
20260316,002240,盛新锂能,39.97,39.03,40.98,37.53,41230700.0
20260316,002241,歌尔股份,25.12,25.2,25.2,24.66,45013300.0
20260316,002242,九阳股份,10.4,10.4,10.53,10.34,9852900.0
20260316,002243,力合科创,9.95,10.17,10.19,9.88,13718100.0
20260316,002244,滨江集团,10.95,11.09,11.48,10.92,43356800.0
20260316,002245,蔚蓝锂芯,18.08,17.89,18.3,17.76,34606300.0
20260316,002246,北化股份,24.1,24.66,24.81,23.76,29344700.0
20260316,002247,聚力文化,3.02,3.06,3.1,3.02,23288400.0
20260316,002248,华东数控,14.12,13.87,14.22,13.71,22235200.0
20260316,002249,大洋电机,9.96,10.02,10.02,9.85,31178200.0
20260316,002250,联化科技,16.35,15.88,16.55,15.66,29066900.0
20260316,002251,步步高,4.58,4.59,4.63,4.55,39348600.0
20260316,002252,上海莱士,6.23,6.21,6.24,6.19,24500800.0
20260316,002253,川大智胜,10.29,10.8,10.8,10.23,7748900.0
20260316,002254,泰和新材,12.62,12.92,13.57,12.59,66288400.0
20260316,002255,海陆重工,13.5,13.1,13.59,13.02,65284500.0
20260316,002256,兆新股份,3.97,3.88,4.05,3.86,109456600.0
20260316,002258,利尔化学,16.61,16.21,17.2,16.14,24288400.0
20260316,002259,升达林业,5.72,5.5,5.8,5.37,43016700.0
20260316,002261,拓维信息,36.5,37.32,37.58,35.91,142664300.0
20260316,002262,恩华药业,22.57,22.72,22.77,22.4,4747300.0
20260316,002263,大东南,3.64,3.67,3.69,3.61,50040800.0
20260316,002264,新 华 都,8.92,9.08,9.08,8.91,13624700.0
20260316,002265,建设工业,22.3,22.24,22.33,21.9,5276700.0
20260316,002266,浙富控股,4.95,4.67,4.95,4.61,170697500.0
20260316,002267,陕天然气,8.15,8.05,8.22,8.03,17408100.0
20260316,002268,电科网安,19.29,19.08,19.33,18.84,12027800.0
20260316,002269,美邦服饰,1.8,1.82,1.82,1.79,45817800.0
20260316,002270,华明装备,31.58,30.8,31.77,30.27,17947700.0
20260316,002271,东方雨虹,16.25,15.47,16.48,15.32,68292100.0
20260316,002272,川润股份,18.63,19.12,19.8,17.85,71218200.0
20260316,002273,水晶光电,27.35,26.03,27.35,25.8,79597900.0
,002274,华昌化工,7.13,7.21,7.78,7.13,83177400.0
20260316,002275,桂林三金,14.06,14.06,14.12,13.96,1949500.0
20260316,002276,万马股份,15.68,15.38,15.75,15.19,29490500.0
20260316,002277,友阿股份,7.03,6.97,7.05,6.85,25530400.0
20260316,002278,神开股份,13.29,13.75,13.75,13.1,38148900.0
20260316,002279,久其软件,8.65,8.71,8.77,8.59,29505200.0
20260316,002281,光迅科技,84.5,83.5,85.3,81.23,77475900.0
20260316,002282,博深股份,7.86,7.74,7.89,7.71,8736800.0
20260316,002283,天润工业,9.1,9.18,9.22,8.84,39378500.0
20260316,002284,亚太股份,14.95,15.06,15.06,14.66,11722600.0
20260316,002285,世联行,2.98,3.1,3.15,2.97,83321400.0
20260316,002286,保龄宝,10.39,10.78,10.84,10.27,23348900.0
20260316,002287,奇正藏药,24.24,24.22,24.3,24.0,2059400.0
20260316,002289,宇顺电子,27.21,26.36,27.7,26.35,2308100.0
20260316,002290,禾盛新材,63.1,64.32,65.88,63.02,5177300.0
20260316,002291,遥望科技,6.77,6.96,6.96,6.75,31520000.0
20260316,002292,奥飞娱乐,8.32,8.47,8.47,8.31,18073400.0
20260316,002293,罗莱生活,10.22,10.05,10.23,9.97,8382600.0
20260316,002294,信立泰,52.3,55.35,55.49,52.3,13226700.0
20260316,002295,精艺股份,11.59,11.51,11.64,11.29,3933700.0
20260316,002296,辉煌科技,12.99,12.91,13.01,12.66,14503100.0
20260316,002297,博云新材,11.79,11.75,11.88,11.48,22318700.0
20260316,002298,中电鑫龙,11.72,11.97,12.37,11.63,98066700.0
20260316,002299,圣农发展,18.47,18.6,18.95,18.47,13535200.0
20260316,002300,太阳电缆,10.49,10.44,10.95,10.38,73012100.0
20260316,002301,齐心集团,7.2,7.43,7.45,7.18,11424600.0
20260316,002302,西部建设,6.52,6.37,6.6,6.33,25476600.0
20260316,002303,美盈森,3.87,3.88,3.9,3.84,17979200.0
20260316,002304,洋河股份,51.16,51.76,51.99,51.05,9560900.0
20260316,002307,北新路桥,5.15,4.9,5.17,4.88,76198000.0
20260316,002309,中利集团,3.49,3.43,3.58,3.4,117361900.0
20260316,002310,东方新能,2.73,2.99,2.99,2.7,534703900.0
20260316,002311,海大集团,56.75,57.74,58.75,56.51,12702100.0
20260316,002312,川发龙蟒,13.3,13.05,13.86,12.98,119541800.0
20260316,002313,日海智能,9.18,9.21,9.28,9.13,3673700.0
20260316,002314,南山控股,2.65,2.68,2.7,2.63,30269800.0
20260316,002315,焦点科技,41.68,41.72,42.03,41.26,6025700.0
20260316,002316,亚联发展,5.6,5.7,5.77,5.55,15555600.0
20260316,002317,众生药业,18.03,18.29,18.36,18.0,12744500.0
20260316,002318,久立特材,32.9,32.71,33.16,31.89,9091800.0
20260316,002319,乐通股份,13.11,13.17,13.35,13.0,6600100.0
20260316,002320,海峡股份,9.52,9.57,9.6,9.42,20187000.0
20260316,002321,华英农业,2.39,2.41,2.45,2.38,46256000.0
20260316,002322,理工能科,14.55,14.15,14.61,14.1,8273000.0
20260316,002324,普利特,16.82,16.62,16.95,16.4,22362300.0
20260316,002326,永太科技,24.09,24.34,24.69,23.96,38708600.0
20260316,002327,富安娜,7.04,6.99,7.05,6.92,5934400.0
20260316,002328,新朋股份,7.03,6.95,7.07,6.91,15886300.0
20260316,002329,皇氏集团,3.83,3.9,3.92,3.83,13267400.0
20260316,002330,得利斯,5.09,5.15,5.19,5.07,12066500.0
20260316,002331,皖通科技,8.76,8.79,8.81,8.66,5523400.0
20260316,002332,仙琚制药,9.09,9.12,9.15,9.07,7325600.0
20260316,002333,罗普斯金,5.8,5.84,5.89,5.75,8326400.0
20260316,002334,英威腾,9.67,8.87,9.67,8.87,92928000.0
20260316,002335,科华数据,64.0,63.77,64.23,60.68,35963500.0
20260316,002337,赛象科技,6.74,6.73,6.79,6.65,9512500.0
20260316,002338,奥普光电,51.99,51.55,51.99,50.46,2366500.0
20260316,002339,积成电子,11.99,11.82,12.18,11.66,31648400.0
20260316,002340,格林美,8.82,8.58,8.9,8.42,259431500.0
20260316,002342,巨力索具,13.88,14.19,14.55,13.39,244535000.0
20260316,002343,慈文传媒,6.59,6.69,6.69,6.57,7149600.0
20260316,002344,海宁皮城,4.72,4.7,4.75,4.66,10467000.0
20260316,002345,潮宏基,10.24,10.37,10.4,10.18,15162600.0
20260316,002346,柘中股份,20.44,20.15,20.54,19.78,5339200.0
20260316,002347,泰尔股份,8.92,8.92,8.99,8.79,10030500.0
20260316,002348,高乐股份,8.65,8.99,8.99,8.61,25491700.0
20260316,002349,精华制药,7.65,7.69,7.74,7.64,8912300.0
20260316,002350,北京科锐,14.32,13.85,14.6,13.3,55191900.0
20260316,002351,漫步者,11.65,11.76,11.77,11.57,4140600.0
20260316,002352,顺丰控股,38.0,37.7,38.1,37.62,19089500.0
20260316,002353,杰瑞股份,105.23,101.44,105.6,98.55,25722500.0
20260316,002354,天娱数科,6.08,6.18,6.18,6.05,47353300.0
20260316,002355,兴民智通,7.32,7.44,7.51,7.29,38082900.0
20260316,002356,鹏飞绿能,4.55,4.58,4.67,4.45,132194100.0
20260316,002357,富临运业,15.44,14.9,15.55,14.6,14085100.0
20260316,002358,森源电气,8.66,8.44,8.78,8.3,53280100.0
20260316,002361,神剑股份,12.51,12.75,13.05,12.51,71511400.0
20260316,002362,汉王科技,20.31,20.43,20.45,20.16,3899000.0
20260316,002363,隆基机械,8.86,8.76,8.91,8.67,8106600.0
20260316,002364,中恒电气,32.31,32.61,32.65,31.15,33200200.0
20260316,002365,永安药业,14.38,14.46,14.68,14.37,4628300.0
20260316,002366,融发核电,8.78,8.36,8.88,8.23,226193400.0
20260316,002367,康力电梯,8.17,8.06,8.17,8.0,9955900.0
20260316,002368,太极股份,20.0,20.11,20.13,19.74,4812400.0
20260316,002369,卓翼科技,7.81,7.96,8.12,7.73,12916300.0
20260316,002370,亚太药业,6.56,6.58,6.63,6.51,9119600.0
20260316,002371,北方华创,455.55,454.71,457.8,442.03,7365500.0
20260316,002372,伟星新材,11.7,11.64,11.75,11.43,12369300.0
20260316,002373,千方科技,10.6,10.64,10.65,10.43,17391500.0
20260316,002374,中锐股份,3.39,3.51,3.52,3.39,35497700.0
20260316,002375,亚厦股份,4.2,4.21,4.25,4.15,12409200.0
20260316,002376,新北洋,7.55,7.64,7.64,7.47,9388500.0
20260316,002377,国创高新,3.61,3.66,3.7,3.61,27482000.0
20260316,002378,章源钨业,35.68,36.66,37.12,35.17,94035300.0
20260316,002379,宏桥控股,32.0,31.59,32.8,30.6,25105700.0
20260316,002380,科远智慧,37.5,36.99,37.75,36.3,9863900.0
20260316,002381,双箭股份,7.07,7.09,7.18,7.04,5565600.0
20260316,002382,蓝帆医疗,7.48,7.81,7.99,7.36,105459500.0
20260316,002383,合众思壮,10.45,10.42,10.55,10.28,23919100.0
20260316,002384,东山精密,112.71,119.0,120.5,111.0,87264900.0
20260316,002385,大北农,4.3,4.34,4.43,4.3,218914400.0
20260316,002386,天原股份,6.41,6.27,6.55,6.24,44333600.0
20260316,002387,维信诺,8.48,8.49,8.57,8.33,11284500.0
20260316,002388,新亚制程,5.17,5.3,5.3,5.15,15073800.0
20260316,002389,航天彩虹,24.05,24.47,24.84,23.91,58546200.0
20260316,002390,信邦制药,3.37,3.4,3.4,3.36,26922900.0
20260316,002391,长青股份,6.69,6.66,6.87,6.59,13310600.0
20260316,002392,北京利尔,7.61,7.49,7.69,7.43,13247700.0
20260316,002393,力生制药,22.43,22.33,22.64,22.21,3633700.0
20260316,002394,联发股份,16.5,15.89,16.51,15.8,11186900.0
20260316,002395,双象股份,18.73,19.05,19.15,18.73,3877000.0
20260316,002396,星网锐捷,30.48,29.92,30.54,29.16,20810400.0
20260316,002397,梦洁股份,4.08,4.1,4.17,4.08,11599000.0
20260316,002398,垒知集团,5.55,5.53,5.62,5.49,9687300.0
20260316,002399,海普瑞,11.47,11.37,11.55,11.35,2665500.0
20260316,002400,省广集团,9.02,9.26,9.3,8.93,70277800.0
20260316,002401,中远海科,15.52,16.08,16.11,15.52,5615800.0
20260316,002402,和而泰,31.73,31.74,31.93,31.22,21327600.0
20260316,002403,爱仕达,11.4,11.52,11.69,11.3,5066800.0
20260316,002404,嘉欣丝绸,7.0,7.09,7.11,6.99,7124000.0
20260316,002405,四维图新,10.86,10.75,10.89,10.42,81172400.0
20260316,002406,远东传动,7.79,7.82,7.85,7.71,15211800.0
20260316,002407,多氟多,30.21,30.55,31.24,30.01,97438000.0
20260316,002408,齐翔腾达,6.4,6.13,6.68,6.1,92899600.0
20260316,002409,雅克科技,89.18,90.1,90.89,86.2,11205400.0
20260316,002410,广联达,12.45,12.48,12.49,12.28,26054900.0
20260316,002412,汉森制药,6.88,6.99,6.99,6.86,10298700.0
20260316,002413,雷科防务,13.74,13.99,14.05,13.7,89777800.0
20260316,002414,高德红外,14.08,14.28,14.32,13.96,39912700.0
20260316,002415,海康威视,31.92,31.76,32.04,31.63,31416100.0
20260316,002416,爱施德,13.43,13.41,13.54,13.26,19922900.0
20260316,002418,康盛股份,4.93,5.02,5.02,4.83,55013100.0
20260316,002419,天虹股份,5.69,5.78,5.8,5.69,39157600.0
20260316,002420,毅昌科技,7.91,8.13,8.17,7.91,14590100.0
20260316,002421,达实智能,2.81,2.83,2.85,2.8,34042900.0
20260316,002422,科伦药业,32.6,32.65,33.45,32.37,12682000.0
20260316,002423,中粮资本,11.22,11.28,11.49,11.14,57963800.0
20260316,002425,凯撒文化,3.47,3.49,3.55,3.47,12426000.0
20260316,002426,胜利精密,4.17,4.47,4.47,4.17,504703800.0
20260316,002427,尤夫股份,7.13,7.69,7.69,7.11,37568300.0
20260316,002428,云南锗业,43.77,42.95,44.97,41.68,46593200.0
20260316,002429,兆驰股份,11.61,11.33,11.68,11.0,312139700.0
20260316,002430,杭氧股份,31.74,30.15,32.35,30.14,20587600.0
20260316,002432,九安医疗,56.23,54.36,56.48,53.6,25152600.0
20260316,002434,万里扬,8.73,8.44,8.74,8.41,22891300.0
20260316,002436,兴森科技,23.84,23.92,24.07,22.95,83942500.0
20260316,002437,誉衡药业,3.37,3.35,3.4,3.34,36715700.0
20260316,002438,江苏神通,19.14,18.49,19.19,18.4,29052800.0
20260316,002439,启明星辰,14.79,14.55,14.79,14.45,16471900.0
20260316,002440,闰土股份,13.18,12.85,13.5,12.67,75439200.0
20260316,002441,众业达,10.81,10.7,10.83,10.46,14682400.0
20260316,002442,龙星科技,6.83,6.72,6.93,6.64,19600600.0
20260316,002443,金洲管道,9.48,9.55,9.66,9.47,12497500.0
20260316,002444,巨星科技,33.3,32.39,33.3,32.03,16900400.0
20260316,002445,中南文化,4.72,4.04,4.77,4.04,734355200.0
20260316,002446,盛路通信,10.5,10.53,10.58,10.35,25244200.0
20260316,002448,中原内配,16.09,15.74,16.09,15.1,34729200.0
20260316,002449,国星光电,9.18,9.05,9.22,9.01,35369800.0
20260316,002451,摩恩电气,10.86,10.93,10.95,10.64,18935900.0
20260316,002452,长高电气,12.43,12.2,12.44,11.93,34091000.0
20260316,002453,华软科技,6.18,6.21,6.27,6.16,9983400.0
20260316,002454,松芝股份,8.86,8.78,8.87,8.67,7409600.0
20260316,002455,百川股份,16.22,14.8,16.69,14.1,195587700.0
20260316,002456,欧菲光,9.65,9.57,9.67,9.46,54253700.0
20260316,002457,青龙管业,12.23,11.91,12.35,11.84,17314300.0
20260316,002458,益生股份,9.97,10.11,10.29,9.97,17405800.0
20260316,002459,晶澳科技,12.93,12.69,13.16,12.6,98360400.0
20260316,002460,赣锋锂业,69.83,70.6,70.7,68.0,40225000.0
20260316,002461,珠江啤酒,9.8,9.86,9.9,9.77,12456600.0
20260316,002462,嘉事堂,15.22,15.0,15.24,14.92,6270300.0
20260316,002463,沪电股份,81.4,83.95,85.49,78.5,127161100.0
20260316,002465,海格通信,15.99,16.04,16.08,15.66,75574300.0
20260316,002466,天齐锂业,53.9,53.58,54.63,52.8,28053700.0
20260316,002467,二六三,6.87,7.52,7.52,6.79,216633200.0
20260316,002468,申通快递,14.13,14.3,14.38,14.03,26985600.0
20260316,002469,三维化学,10.45,9.77,10.52,9.67,55028700.0
20260316,002470,金正大,3.45,3.27,3.54,3.12,1000291700.0
20260316,002471,中超控股,8.58,8.52,8.75,8.45,81323800.0
20260316,002472,双环传动,38.05,38.88,38.88,37.8,12259900.0
20260316,002474,榕基软件,8.15,8.23,8.29,8.1,26223600.0
20260316,002475,立讯精密,49.01,49.26,49.27,47.51,96527200.0
20260316,002476,新叶股份,6.16,6.2,6.29,6.13,10185300.0
20260316,002478,常宝股份,11.85,11.55,11.93,11.04,55972000.0
20260316,002479,富春环保,5.56,5.48,5.59,5.45,15653600.0
20260316,002480,新筑股份,6.79,6.58,6.8,6.46,28037200.0
20260316,002481,双塔食品,4.92,4.92,4.95,4.89,9770900.0
20260316,002482,广田集团,1.79,1.77,1.81,1.76,52686300.0
20260316,002483,润邦股份,8.09,8.0,8.32,7.96,27210200.0
20260316,002484,江海股份,31.0,31.4,31.97,29.96,30040000.0
20260316,002486,嘉麟杰,3.13,3.12,3.16,3.08,26604500.0
20260316,002487,大金重工,81.38,75.5,82.49,74.81,46488700.0
20260316,002488,金固股份,12.23,12.23,12.33,11.93,15739300.0
20260316,002489,浙江永强,3.66,3.62,3.66,3.59,28321800.0
20260316,002490,山东墨龙,11.04,11.33,11.88,11.04,98374800.0
20260316,002491,通鼎互联,11.22,10.85,11.37,10.55,108223500.0
20260316,002492,恒基达鑫,8.25,8.27,8.32,8.17,4984400.0
20260316,002493,荣盛石化,13.58,13.13,13.67,12.68,110774600.0
20260316,002494,华斯股份,5.58,5.75,5.82,5.57,9954400.0
20260316,002495,佳隆股份,2.77,2.81,2.83,2.76,26529000.0
20260316,002496,辉丰股份,2.14,2.14,2.19,2.12,36899200.0
20260316,002497,雅化集团,24.58,24.26,24.98,23.79,34228600.0
20260316,002498,汉缆股份,9.01,9.41,9.82,8.78,375893500.0
20260316,002500,山西证券,5.84,5.85,5.88,5.81,19875200.0
20260316,002506,协鑫集成,5.37,5.12,5.41,5.03,824691100.0
20260316,002507,涪陵榨菜,13.02,13.08,13.12,12.95,16008300.0
20260316,002508,老板电器,20.71,20.92,20.92,20.33,8121100.0
20260316,002510,天汽模,7.73,7.8,7.84,7.67,22719000.0
20260316,002511,中顺洁柔,8.8,8.85,8.95,8.75,19593800.0
20260316,002513,蓝丰生化,7.31,7.28,7.79,7.12,22243900.0
20260316,002515,金字火腿,6.21,6.08,6.22,6.01,27772100.0
20260316,002516,旷达科技,6.09,6.1,6.12,6.05,12041500.0
20260316,002517,恺英网络,19.3,19.21,19.59,18.89,60820800.0
20260316,002518,科士达,53.78,51.09,54.0,49.88,15005200.0
20260316,002519,银河电子,8.16,8.24,8.33,8.1,44448000.0
20260316,002520,日发精机,6.62,6.63,6.74,6.54,28438100.0
20260316,002521,齐峰新材,8.07,8.1,8.14,8.03,2709800.0
20260316,002522,浙江众成,6.21,6.19,6.32,6.11,25202600.0
20260316,002523,天桥起重,4.36,4.36,4.41,4.3,24183800.0
20260316,002524,光正眼科,4.67,4.69,4.77,4.63,11977500.0
20260316,002526,山东矿机,3.8,3.76,3.83,3.73,46609100.0
20260316,002527,新时达,14.83,14.85,14.93,14.7,6284900.0
20260316,002529,海源复材,7.01,7.34,7.34,6.96,9903300.0
20260316,002530,金财互联,9.5,9.62,9.67,9.46,14813600.0
20260316,002531,天顺风能,12.8,12.19,13.4,11.94,154064200.0
20260316,002532,天山铝业,18.79,18.37,18.89,17.45,87330000.0
20260316,002533,金杯电工,15.37,15.0,15.44,14.76,20696500.0
20260316,002534,西子洁能,18.9,18.5,18.97,18.13,16578400.0
20260316,002535,林州重机,3.78,3.77,3.82,3.74,11140900.0
20260316,002536,飞龙股份,36.71,35.28,37.0,33.81,67233100.0
20260316,002537,海联金汇,9.17,9.19,9.42,9.1,225875700.0
20260316,002539,云图控股,15.82,15.25,16.22,15.15,41553500.0
20260316,002540,亚太科技,7.1,7.0,7.19,6.88,21327200.0
20260316,002541,鸿路钢构,22.8,23.05,23.26,22.14,7894500.0
20260316,002543,万和电气,9.7,9.5,9.82,9.4,33691200.0
20260316,002544,普天科技,27.85,27.53,27.88,27.1,13271400.0
20260316,002545,东方铁塔,26.99,24.65,27.39,24.65,27371100.0
20260316,002546,新联电子,10.65,10.06,10.66,10.0,58162500.0
20260316,002548,金新农,6.39,6.42,6.46,6.27,16072500.0
20260316,002549,凯美特气,19.75,19.58,20.05,19.52,23577800.0
20260316,002550,千红制药,7.51,7.57,7.59,7.49,7725900.0
20260316,002551,尚荣医疗,3.8,3.8,3.85,3.78,10253700.0
20260316,002552,宝鼎科技,18.75,18.55,18.88,17.92,8650200.0
20260316,002553,南方精工,25.15,25.47,25.47,24.93,6479700.0
20260316,002554,惠博普,4.02,4.03,4.18,3.98,60101900.0
20260316,002555,三七互娱,23.52,23.45,23.96,23.01,35741500.0
20260316,002556,辉隆股份,6.94,6.97,7.13,6.9,31140500.0
20260316,002557,洽洽食品,22.42,22.56,22.74,22.37,5642700.0
20260316,002558,巨人网络,35.18,35.01,36.09,34.48,36171300.0
20260316,002559,亚威股份,10.27,10.34,10.35,10.1,19711900.0
20260316,002560,通达股份,10.73,10.46,10.77,10.37,26822100.0
20260316,002561,徐家汇,8.48,8.55,8.61,8.48,3296700.0
20260316,002562,兄弟科技,6.9,7.0,7.18,6.86,56709300.0
20260316,002563,森马服饰,5.49,5.53,5.57,5.48,15071400.0
20260316,002564,天沃科技,7.02,6.88,7.05,6.82,13740000.0
20260316,002565,顺灏股份,13.21,13.4,13.58,13.12,43102300.0
20260316,002566,益盛药业,8.38,8.43,8.51,8.35,4437600.0
20260316,002567,唐人神,4.45,4.46,4.52,4.43,27539100.0
20260316,002568,百润股份,18.74,18.88,18.98,18.71,4609600.0
20260316,002570,贝因美,5.68,5.77,5.78,5.68,17306600.0
20260316,002571,德力股份,12.37,12.35,12.48,12.13,8495800.0
20260316,002572,索菲亚,13.03,13.53,13.55,13.03,16094500.0
20260316,002573,清新环境,4.1,4.08,4.15,4.05,13217800.0
20260316,002574,明牌珠宝,5.94,5.96,6.02,5.91,6791500.0
20260316,002575,群兴玩具,7.91,8.09,8.45,7.64,97996100.0
20260316,002576,通达动力,19.08,19.08,19.2,18.77,4536900.0
20260316,002577,雷柏科技,16.83,17.02,17.05,16.73,1152100.0
20260316,002578,闽发铝业,4.25,4.19,4.38,4.1,36171800.0
20260316,002579,中京电子,12.17,12.57,12.57,12.03,42097700.0
20260316,002580,圣阳股份,13.5,13.58,13.63,13.38,10510700.0
20260316,002582,好想你,11.12,11.36,11.43,11.08,13821200.0
20260316,002583,海能达,11.09,11.0,11.09,10.94,19140500.0
20260316,002584,西陇科学,8.5,8.64,8.65,8.48,10670500.0
20260316,002585,双星新材,7.68,8.05,8.18,7.65,75006700.0
20260316,002586,围海股份,5.09,5.01,5.09,4.97,10141400.0
20260316,002587,奥拓电子,7.16,7.2,7.22,7.1,21938300.0
20260316,002588,史丹利,11.81,11.46,12.19,11.33,44989000.0
20260316,002589,瑞康医药,3.16,3.17,3.2,3.15,23382500.0
20260316,002590,万安科技,13.64,13.49,13.66,13.39,5502800.0
20260316,002591,恒大高新,7.51,7.53,7.66,7.45,9171600.0
20260316,002593,日上集团,5.71,5.71,5.76,5.64,11630600.0
20260316,002594,比亚迪,99.67,104.62,105.0,98.79,108781400.0
20260316,002595,豪迈科技,90.49,88.75,90.49,85.16,6346400.0
20260316,002596,海南瑞泽,4.05,4.08,4.12,4.03,27405200.0
20260316,002597,金禾实业,25.6,24.49,25.75,24.23,11375100.0
20260316,002599,盛通股份,7.44,7.5,7.5,7.39,7435600.0
20260316,002600,领益智造,14.3,14.4,14.56,14.01,79862200.0
20260316,002601,龙佰集团,19.63,18.87,19.79,18.5,50471300.0
20260316,002602,世纪华通,16.78,16.82,17.06,16.49,114165800.0
20260316,002603,以岭药业,16.87,17.01,17.1,16.78,10110700.0
20260316,002605,姚记科技,23.01,23.08,23.08,22.83,3470300.0
20260316,002606,大连电瓷,13.27,12.85,13.5,12.72,24155300.0
20260316,002607,中公教育,2.9,2.88,2.93,2.86,140937500.0
20260316,002608,江苏国信,8.56,8.44,8.58,8.37,28146600.0
20260316,002609,捷顺科技,8.96,9.01,9.01,8.87,5940600.0
20260316,002611,东方精工,16.81,16.91,16.97,16.7,12917300.0
20260316,002612,朗姿股份,17.39,17.5,17.55,17.34,4096700.0
20260316,002613,北玻股份,4.08,4.07,4.12,4.03,13235000.0
20260316,002614,奥佳华,6.64,6.65,6.66,6.59,7458400.0
20260316,002615,哈尔斯,8.73,8.59,8.83,8.52,8912600.0
20260316,002616,长青集团,6.2,6.16,6.2,6.08,15422700.0
20260316,002617,露笑科技,8.8,8.67,8.85,8.57,66923800.0
20260316,002622,皓宸医疗,2.84,2.88,2.92,2.84,14365300.0
20260316,002623,亚玛顿,24.7,24.48,25.03,24.25,6488100.0
20260316,002624,完美世界,19.17,19.33,19.53,18.97,43450200.0
20260316,002625,光启技术,43.25,42.6,43.25,41.78,21422000.0
20260316,002626,金达威,19.32,19.74,20.27,19.2,18440600.0
20260316,002627,三峡旅游,9.2,9.36,9.39,9.12,24179900.0
20260316,002628,成都路桥,5.19,5.26,5.36,5.11,29648400.0
20260316,002629,仁智股份,6.2,6.34,6.45,6.19,22567900.0
20260316,002631,德尔未来,7.9,7.49,7.94,7.18,53160000.0
20260316,002632,道明光学,13.2,14.15,14.48,13.2,59308500.0
20260316,002633,申科股份,19.16,19.21,19.61,19.0,3580200.0
20260316,002635,安洁科技,15.07,15.19,15.22,14.82,11582000.0
20260316,002636,金安国纪,29.2,31.96,31.96,28.16,49789500.0
20260316,002637,赞宇科技,15.87,16.04,17.16,15.7,36468200.0
20260316,002638,勤上股份,4.16,4.03,4.19,3.96,81039600.0
20260316,002639,雪人集团,20.5,19.91,20.7,19.89,57936800.0
20260316,002640,跨境通,3.72,3.8,3.83,3.72,66454600.0
20260316,002641,公元股份,4.44,4.43,4.48,4.4,11383900.0
20260316,002642,荣联科技,8.16,8.27,8.29,8.12,9363100.0
20260316,002643,万润股份,16.69,16.57,16.77,16.32,11771200.0
20260316,002644,佛慈制药,8.86,8.96,9.0,8.86,4502300.0
20260316,002645,华宏科技,17.18,17.68,17.78,17.08,44097800.0
20260316,002646,天佑德酒,8.51,8.62,8.7,8.51,5489500.0
20260316,002647,仁东控股,9.75,9.69,9.79,9.58,16914500.0
20260316,002648,卫星化学,28.66,27.01,29.07,26.88,88279900.0
20260316,002649,博彦科技,12.49,12.57,12.58,12.43,7135700.0
20260316,002651,利君股份,9.93,9.99,9.99,9.85,6630900.0
20260316,002652,扬子新材,5.48,5.58,5.65,5.42,57104100.0
20260316,002653,海思科,46.51,48.87,49.18,46.33,3880100.0
20260316,002654,万润科技,15.41,16.09,16.35,15.39,65592600.0
20260316,002655,共达电声,16.75,17.78,18.28,16.28,41768900.0
20260316,002656,摩登大道,3.04,3.0,3.13,3.0,34416500.0
20260316,002657,中科金财,24.72,25.04,25.3,24.7,7489400.0
20260316,002658,雪迪龙,10.27,10.03,10.32,9.86,13471700.0
20260316,002659,凯文教育,5.63,5.66,5.69,5.59,7881600.0
20260316,002660,茂硕电源,9.36,9.32,9.37,9.22,4431500.0
20260316,002661,克明食品,9.5,9.57,9.65,9.45,3931000.0
20260316,002662,峰璟股份,4.03,3.99,4.06,3.96,24932000.0
20260316,002663,普邦股份,2.31,2.28,2.34,2.25,34611100.0
20260316,002664,信质集团,21.59,21.72,21.72,21.36,4781800.0
20260316,002666,德联集团,6.07,6.12,6.18,6.04,21738700.0
20260316,002668,TCL智家,9.58,9.39,9.6,9.37,21736200.0
20260316,002669,康达新材,15.0,14.68,15.2,14.26,44693300.0
20260316,002670,国盛证券,15.33,15.32,15.36,15.17,12177000.0
20260316,002671,龙泉股份,5.83,5.78,5.95,5.71,13469600.0
20260316,002672,东江环保,5.0,4.98,5.06,4.95,10285900.0
20260316,002673,西部证券,7.66,7.69,7.71,7.63,17875700.0
20260316,002674,兴业科技,13.94,14.09,14.51,13.89,7871100.0
20260316,002675,东诚药业,13.31,13.32,13.39,13.19,9469300.0
20260316,002676,顺威股份,7.2,7.17,7.22,7.11,7516200.0
20260316,002677,浙江美大,8.55,8.59,8.65,8.43,5091500.0
20260316,002678,珠江钢琴,5.28,5.33,5.33,5.22,10864100.0
20260316,002679,福建金森,11.24,11.33,11.53,11.2,3307300.0
20260316,002681,奋达科技,5.9,5.96,5.96,5.87,19600300.0
20260316,002682,龙洲股份,6.02,6.19,6.24,6.01,40761700.0
20260316,002683,广东宏大,44.89,44.43,45.15,43.4,13993500.0
20260316,002685,华东重机,7.0,6.94,7.05,6.91,13746000.0
20260316,002686,亿利达,7.03,7.16,7.17,6.99,11885000.0
20260316,002687,乔治白,5.26,5.24,5.33,5.19,7879500.0
20260316,002688,金河生物,6.33,6.55,6.58,6.33,34666100.0
20260316,002690,美亚光电,18.78,18.9,18.92,18.68,3758400.0
20260316,002692,远程股份,6.14,6.09,6.21,6.0,96660900.0
20260316,002693,双成药业,7.8,8.05,8.05,7.76,24826400.0
20260316,002695,煌上煌,10.24,10.41,10.42,10.22,4043600.0
20260316,002696,百洋股份,7.6,7.72,7.88,7.6,10345100.0
20260316,002697,红旗连锁,5.67,5.69,5.71,5.64,18870000.0
20260316,002698,博实股份,15.1,14.97,15.12,14.85,6116700.0
20260316,002700,万憬能源,6.96,6.97,7.08,6.92,8872200.0
20260316,002701,奥瑞金,5.38,5.36,5.42,5.34,18539000.0
20260316,002702,海欣食品,5.86,5.94,6.01,5.85,14190900.0
20260316,002703,浙江世宝,22.4,22.68,22.95,21.88,31585400.0
20260316,002705,新宝股份,13.92,13.72,13.93,13.63,6596900.0
20260316,002706,良信股份,11.76,11.96,12.09,11.08,101161600.0
20260316,002707,众信旅游,6.94,7.01,7.02,6.92,15380800.0
20260316,002708,光洋股份,12.72,12.94,12.96,12.61,6932800.0
20260316,002709,天赐材料,49.03,47.85,49.76,47.5,83903000.0
20260316,002712,思美传媒,5.44,5.54,5.55,5.42,11680200.0
20260316,002713,东易日盛,10.85,10.6,11.06,10.52,21156200.0
20260316,002714,牧原股份,50.03,49.74,50.8,49.64,38514300.0
20260316,002715,登云股份,15.86,15.95,16.12,15.75,2392800.0
20260316,002716,湖南白银,13.28,13.25,13.42,12.9,182393000.0
20260316,002718,友邦吊顶,59.8,59.63,60.5,58.9,1157500.0
20260316,002721,金一文化,3.11,3.13,3.16,3.09,28904000.0
20260316,002722,物产金轮,15.54,15.43,15.75,15.31,2725100.0
20260316,002723,小崧股份,9.94,10.25,10.54,9.82,17988500.0
20260316,002724,海洋王,7.96,8.21,8.21,7.73,30845200.0
20260316,002725,跃岭股份,16.66,16.8,16.95,16.41,11858400.0
20260316,002727,一心堂,13.14,13.19,13.25,13.13,3604000.0
20260316,002728,特一药业,11.2,11.2,11.24,11.1,10614000.0
20260316,002729,好利科技,19.38,20.42,20.57,19.26,19408700.0
20260316,002730,电光科技,18.91,19.68,19.95,18.91,22608000.0
20260316,002732,燕塘乳业,17.47,17.72,17.82,17.47,1833500.0
20260316,002733,雄韬股份,27.26,28.19,28.19,26.26,48453800.0
20260316,002734,利民股份,21.23,22.43,22.77,21.23,73002000.0
20260316,002735,王子新材,16.96,16.6,16.97,16.42,16158800.0
20260316,002736,国信证券,12.18,12.16,12.22,12.06,21564000.0
20260316,002737,葵花药业,12.66,12.55,12.67,12.44,7943700.0
20260316,002738,中矿资源,77.0,74.21,77.15,71.3,33576900.0
20260316,002739,儒意电影,10.01,10.09,10.09,9.99,28252700.0
20260316,002741,光华科技,20.55,21.0,21.0,20.4,13292500.0
20260316,002742,冀衡医药,4.61,4.63,4.7,4.56,6125600.0
20260316,002743,富煌钢构,6.39,6.1,6.61,6.04,51092200.0
20260316,002745,木林森,8.93,8.79,8.97,8.7,25152500.0
20260316,002746,仙坛股份,6.46,6.46,6.55,6.43,17874300.0
20260316,002747,埃斯顿,21.73,21.94,21.94,21.5,13603700.0
20260316,002748,世龙实业,12.65,12.43,12.87,12.26,7998600.0
20260316,002749,国光股份,14.04,13.79,14.31,13.69,6167700.0
20260316,002752,昇兴股份,6.26,6.35,6.36,6.23,10580100.0
20260316,002753,永东股份,8.14,8.09,8.26,8.0,11968700.0
20260316,002755,奥赛康,14.68,14.72,14.8,14.59,4990400.0
20260316,002756,永兴材料,69.47,67.59,70.3,65.48,18541000.0
20260316,002757,南兴股份,20.89,21.08,21.1,20.39,10763800.0
20260316,002758,浙农股份,10.77,10.8,11.09,10.73,14055700.0
20260316,002760,凤形股份,23.23,23.51,23.99,23.13,5506300.0
20260316,002761,浙江建投,8.51,8.39,8.57,8.36,13034000.0
20260316,002762,金发拉比,7.04,6.9,7.05,6.86,3210300.0
20260316,002763,汇洁股份,7.91,7.97,8.02,7.86,4637800.0
20260316,002765,蓝黛科技,10.9,10.99,11.01,10.83,7242300.0
20260316,002766,索菱股份,5.27,5.32,5.33,5.24,15885500.0
20260316,002767,先锋电子,23.7,22.73,23.8,22.53,6697500.0
20260316,002768,国恩股份,53.86,54.26,54.8,52.77,2880200.0
20260316,002769,普路通,11.17,11.47,11.59,11.13,9030400.0
20260316,002771,真视通,15.05,15.6,15.62,14.95,8683400.0
20260316,002772,众兴菌业,18.42,18.32,18.72,18.05,12780600.0
20260316,002773,康弘药业,27.31,27.66,27.77,27.14,3519500.0
20260316,002774,快意电梯,10.99,11.37,11.63,10.95,13266900.0
20260316,002775,文科股份,4.45,4.43,4.5,4.41,9685200.0
20260316,002777,久远银海,18.3,18.37,18.38,18.16,4444400.0
20260316,002778,中晟高科,21.01,20.96,21.44,20.63,2808600.0
20260316,002779,中坚科技,90.91,90.38,91.19,88.44,1851100.0
20260316,002780,三夫户外,15.45,15.55,15.68,15.36,3477600.0
20260316,002782,可立克,25.3,24.86,25.6,24.2,14898100.0
20260316,002783,凯龙股份,10.15,9.89,10.24,9.82,18970600.0
20260316,002785,万里石,45.04,43.75,45.04,42.73,7944100.0
20260316,002786,银宝山新,7.88,7.92,7.94,7.82,4866700.0
20260316,002787,华源控股,12.77,12.47,12.78,12.38,7882000.0
20260316,002788,鹭燕医药,14.5,14.48,14.79,14.34,12020000.0
20260316,002790,瑞尔特,8.11,8.19,8.19,8.09,2878600.0
20260316,002791,坚朗五金,22.48,22.3,22.78,22.11,4873400.0
20260316,002792,通宇通讯,40.32,40.77,40.8,39.72,18970200.0
20260316,002793,罗欣药业,4.81,4.84,4.87,4.79,11618700.0
20260316,002795,永和智控,7.59,7.89,7.94,7.52,24949900.0
20260316,002796,世嘉科技,57.82,57.1,59.24,55.79,14209700.0
20260316,002797,第一创业,7.57,7.65,7.78,7.52,157422300.0
20260316,002798,帝欧水华,6.48,6.44,6.49,6.38,5192900.0
20260316,002799,环球印务,8.96,8.9,9.04,8.79,7223900.0
20260316,002800,天顺股份,23.66,24.68,24.8,22.75,10781300.0
20260316,002801,微光股份,35.3,35.68,36.53,35.3,3419100.0
20260316,002802,洪汇新材,13.97,13.9,14.16,13.75,3354700.0
20260316,002803,吉宏股份,18.2,18.2,18.39,17.89,6537100.0
20260316,002805,丰元股份,17.79,17.9,18.3,17.75,20477800.0
20260316,002806,华锋股份,15.4,15.53,15.55,15.21,5981100.0
20260316,002807,江阴银行,4.67,4.68,4.72,4.64,38201800.0
20260316,002809,红墙股份,13.99,13.74,14.98,13.51,39087500.0
20260316,002810,山东赫达,19.08,18.8,19.48,18.35,11273000.0
20260316,002811,郑中设计,14.69,15.07,15.28,14.48,14891700.0
20260316,002812,恩捷股份,72.97,71.66,74.5,71.2,33211700.0
20260316,002813,路畅科技,26.28,26.5,26.57,26.0,942000.0
20260316,002815,崇达技术,15.72,16.18,16.18,15.29,81276100.0
20260316,002817,黄山胶囊,8.38,8.47,8.6,8.38,7939200.0
20260316,002818,富森美,11.93,11.94,11.96,11.81,3107200.0
20260316,002819,东方中科,27.01,27.46,27.53,26.87,2948800.0
20260316,002820,桂发祥,11.59,11.7,11.82,11.55,4118300.0
20260316,002821,凯莱英,98.94,99.08,100.74,97.08,2693500.0
20260316,002823,凯中精密,16.38,16.16,16.4,15.97,6001700.0
20260316,002824,和胜股份,19.91,20.23,20.3,19.7,6563100.0
20260316,002825,纳尔股份,10.95,10.98,11.05,10.88,3820400.0
20260316,002826,易明医药,21.77,21.56,22.05,21.4,6693900.0
20260316,002827,高争民爆,35.7,34.79,35.74,34.5,4849300.0
20260316,002828,贝肯能源,14.47,14.15,14.91,14.0,43447400.0
20260316,002829,星网宇达,25.19,25.32,25.44,24.86,4113800.0
20260316,002830,名雕股份,22.7,22.86,22.88,22.38,2673400.0
20260316,002831,裕同科技,34.56,38.02,38.02,33.56,37437700.0
20260316,002832,比音勒芬,16.85,17.02,17.13,16.6,11761400.0
20260316,002833,弘亚数控,18.52,18.33,18.53,18.06,4391000.0
20260316,002835,同为股份,16.75,16.92,16.92,16.63,1540800.0
20260316,002836,新宏泽,14.3,14.38,14.5,14.06,2531800.0
20260316,002837,英维克,98.38,105.08,105.5,96.5,63501100.0
20260316,002838,道恩股份,26.24,27.23,27.38,25.96,4966000.0
20260316,002839,张家港行,4.6,4.63,4.66,4.58,29977400.0
20260316,002840,华统股份,9.95,10.16,10.17,9.94,16138900.0
20260316,002841,视源股份,35.13,35.46,35.59,34.5,4093200.0
20260316,002842,翔鹭钨业,34.42,33.73,35.1,32.5,40870900.0
20260316,002843,泰嘉股份,23.37,24.1,24.69,22.76,33485600.0
20260316,002845,同兴达,15.38,15.66,15.68,15.29,9210000.0
20260316,002846,英联股份,14.79,15.35,15.55,14.71,12473800.0
20260316,002847,盐津铺子,62.19,61.9,62.66,61.55,1107100.0
20260316,002848,高斯贝尔,12.96,13.18,13.28,12.81,6844300.0
20260316,002849,威星智能,18.23,17.85,18.28,17.42,7499600.0
20260316,002850,科达利,163.45,160.2,165.5,159.79,4104100.0
20260316,002851,麦格米特,117.78,117.38,117.99,112.51,12460900.0
20260316,002852,道道全,11.87,11.98,12.19,11.8,18052000.0
20260316,002853,皮阿诺,27.08,27.38,27.45,26.84,2196800.0
20260316,002855,捷荣技术,12.33,12.62,12.64,12.2,4424100.0
20260316,002857,三晖电气,25.84,24.9,26.19,24.71,9268200.0
20260316,002858,力盛体育,15.38,16.1,16.66,15.38,10053000.0
20260316,002860,星帅尔,13.34,13.32,13.4,13.17,4854400.0
20260316,002861,瀛通通讯,18.38,18.02,18.62,17.79,7087600.0
20260316,002862,实丰文化,16.85,17.29,17.35,16.75,3269700.0
20260316,002863,今飞凯达,5.9,5.88,5.94,5.83,10385900.0
20260316,002864,盘龙药业,33.37,33.85,34.09,33.35,2454000.0
20260316,002865,钧达股份,83.4,81.2,83.99,79.95,10478000.0
20260316,002866,传艺科技,19.75,20.8,21.08,19.7,19901200.0
20260316,002867,周大生,12.13,12.26,12.3,12.1,7583800.0
20260316,002868,绿康生化,40.51,40.78,42.47,40.04,1245600.0
20260316,002869,金溢科技,22.95,22.85,23.0,22.58,5127700.0
,002870,香山股份,37.22,37.52,37.55,36.7,1939000.0
20260316,002871,伟隆股份,19.25,18.91,19.25,18.3,3053800.0
20260316,002873,新天药业,10.25,10.43,10.51,10.25,3697600.0
20260316,002875,安奈儿,19.2,18.97,19.26,18.85,3567800.0
20260316,002876,三利谱,27.82,28.0,28.09,27.17,4761400.0
20260316,002877,智能自控,9.63,9.93,10.29,9.62,28184900.0
20260316,002878,元隆雅图,16.6,16.93,16.93,16.54,5854400.0
20260316,002879,长缆科技,23.07,22.54,23.19,22.28,6745600.0
20260316,002880,卫光生物,30.2,30.33,30.69,29.75,3752200.0
20260316,002881,美格智能,44.62,45.23,45.3,43.86,5203600.0
20260316,002882,金龙羽,30.19,30.08,30.52,29.9,3695900.0
20260316,002884,凌霄泵业,18.27,18.89,18.99,18.19,7337900.0
20260316,002885,京泉华,29.77,29.33,29.95,28.52,13628400.0
20260316,002886,沃特股份,23.74,24.98,25.1,23.48,19315600.0
20260316,002887,绿茵生态,11.95,11.79,12.04,11.74,5049700.0
20260316,002888,惠威科技,20.1,20.09,20.24,19.91,1668300.0
20260316,002889,东方嘉盛,14.1,14.17,14.18,14.05,1383400.0
20260316,002890,弘宇股份,16.18,16.21,16.39,16.02,1824900.0
20260316,002891,中宠股份,43.18,41.22,43.42,40.69,11456700.0
20260316,002892,科力尔,11.81,12.29,12.45,11.74,16086600.0
20260316,002893,京能热力,11.5,11.3,11.6,11.25,6229600.0
20260316,002895,川恒股份,42.57,40.77,43.53,40.4,18759900.0
20260316,002896,中大力德,76.9,76.32,76.9,75.05,2383200.0
20260316,002897,意华股份,64.84,63.63,64.87,61.61,11413500.0
20260316,002899,英派斯,32.36,31.58,33.0,31.2,4002900.0
20260316,002900,哈三联,11.9,12.0,12.07,11.89,2459700.0
20260316,002901,大博医疗,45.0,45.03,45.1,44.36,1019200.0
20260316,002902,铭普光磁,21.95,22.41,22.48,21.86,11497400.0
20260316,002903,宇环数控,30.72,30.34,31.06,30.0,28149300.0
20260316,002905,金逸影视,9.9,10.12,10.12,9.85,6647900.0
20260316,002906,华阳集团,30.2,30.01,30.28,29.36,7935400.0
20260316,002907,华森制药,14.1,14.15,14.17,14.03,1441600.0
20260316,002908,德生科技,9.52,9.65,9.69,9.51,4006000.0
20260316,002909,集泰股份,7.27,7.21,7.39,7.15,8275700.0
20260316,002910,庄园牧场,11.64,11.77,11.99,11.61,4705900.0
20260316,002911,佛燃能源,15.45,15.3,15.57,15.18,9895700.0
20260316,002912,中新赛克,30.0,29.36,30.29,29.11,5326500.0
20260316,002913,奥士康,47.7,49.1,49.16,45.8,11910900.0
20260316,002915,中欣氟材,22.01,22.48,22.79,22.01,6398900.0
20260316,002916,深南电路,248.23,256.0,256.5,243.51,10759600.0
20260316,002917,金奥博,14.03,13.84,14.08,13.77,5030600.0
20260316,002918,蒙娜丽莎,13.09,13.01,13.25,12.89,3987200.0
20260316,002919,名臣健康,22.86,22.65,23.04,22.16,4627400.0
20260316,002920,德赛西威,117.24,117.98,117.99,114.7,6070800.0
20260316,002921,联诚精密,25.13,25.33,25.45,24.77,4839500.0
20260316,002922,伊戈尔,40.0,39.39,40.45,38.2,23809900.0
20260316,002923,润都股份,15.99,15.87,16.13,15.75,6157200.0
20260316,002925,盈趣科技,21.99,22.1,22.12,21.6,7693300.0
20260316,002926,华西证券,8.76,8.74,8.78,8.7,12893500.0
20260316,002927,泰永长征,20.59,20.53,21.02,20.23,6702700.0
20260316,002928,华夏航空,9.31,9.06,9.39,8.96,27599500.0
20260316,002929,润建股份,50.0,50.42,51.2,47.54,16595900.0
20260316,002930,宏川智慧,14.05,14.02,14.4,13.93,11720300.0
20260316,002931,锋龙股份,82.1,73.42,83.0,73.42,24203300.0
20260316,002933,新兴装备,34.42,34.45,34.51,33.71,2623200.0
20260316,002935,天奥电子,19.28,19.33,19.36,18.99,4296400.0
20260316,002936,郑州银行,1.94,1.94,1.95,1.93,77736600.0
20260316,002937,兴瑞科技,26.7,26.2,27.02,25.8,10808200.0
20260316,002938,鹏鼎控股,50.89,53.85,54.89,50.36,39525900.0
20260316,002939,长城证券,9.39,9.33,9.39,9.3,17646700.0
20260316,002940,昂利康,30.5,30.48,30.79,30.15,3303900.0
20260316,002941,新疆交建,16.64,16.11,16.7,15.96,21458800.0
20260316,002942,新农股份,21.76,21.15,22.25,21.02,3199900.0
20260316,002943,宇晶股份,54.24,53.36,54.97,52.39,6349700.0
20260316,002945,华林证券,16.33,16.46,16.5,16.19,12700500.0
20260316,002946,新乳业,17.88,17.91,18.05,17.39,11781800.0
20260316,002947,恒铭达,48.37,48.43,49.25,47.3,7691600.0
20260316,002948,青岛银行,5.35,5.25,5.38,5.24,49800500.0
20260316,002949,华阳国际,14.45,14.77,14.93,14.4,5401800.0
20260316,002950,奥美医疗,11.41,11.36,11.8,11.28,35125200.0
20260316,002951,金时科技,16.54,16.62,17.04,16.45,15122800.0
20260316,002952,亚世光电,26.01,26.27,26.61,25.8,9478400.0
20260316,002953,日丰股份,12.84,12.7,12.98,12.64,7823100.0
20260316,002955,鸿合科技,25.98,26.38,26.5,25.79,1764000.0
20260316,002956,西麦食品,25.31,26.19,26.23,25.15,1986500.0
20260316,002957,科瑞技术,26.14,26.13,26.2,25.31,12432500.0
20260316,002958,青农商行,3.16,3.16,3.18,3.12,55442600.0
20260316,002959,小熊电器,44.86,45.88,45.88,44.63,4090700.0
20260316,002960,青鸟智控,11.81,11.5,11.91,11.34,46020000.0
20260316,002961,瑞达期货,26.03,26.05,26.55,25.8,9649600.0
20260316,002962,五方光电,15.41,15.53,15.55,15.24,3640000.0
20260316,002963,豪尔赛,15.67,15.79,15.99,15.48,3084900.0
20260316,002965,祥鑫科技,32.98,32.4,32.98,32.28,3340200.0
20260316,002966,苏州银行,8.31,8.36,8.41,8.26,28963100.0
20260316,002967,广电计量,22.19,22.07,22.19,21.85,4371300.0
20260316,002968,新大正,12.55,12.53,12.71,12.4,2572100.0
20260316,002969,嘉美包装,26.5,28.04,28.98,25.71,112185900.0
20260316,002970,锐明技术,71.82,71.06,72.04,67.8,6316000.0
20260316,002971,和远气体,31.09,30.9,31.83,30.05,5254800.0
20260316,002972,科安达,12.33,12.36,12.45,12.21,2189500.0
20260316,002973,侨银股份,13.86,14.34,14.4,13.76,5179000.0
20260316,002975,博杰股份,74.99,74.34,75.1,72.72,2955900.0
20260316,002976,瑞玛精密,27.35,27.0,27.38,26.8,1397300.0
20260316,002978,安宁股份,37.49,36.64,37.76,36.1,7420100.0
20260316,002979,雷赛智能,38.46,37.93,38.48,37.5,3206400.0
20260316,002980,华盛昌,35.5,38.65,38.65,35.29,13996100.0
20260316,002981,朝阳科技,25.23,25.75,25.76,25.1,2184500.0
20260316,002982,湘佳股份,15.08,15.12,15.38,14.91,7533500.0
20260316,002983,芯瑞达,25.6,25.35,25.63,24.96,3299700.0
20260316,002984,森麒麟,19.12,19.11,19.2,18.93,6675700.0
20260316,002985,北摩高科,38.13,39.08,39.1,37.9,7018300.0
20260316,002986,宇新股份,16.3,15.63,16.35,15.32,16806100.0
20260316,002987,京北方,18.13,18.39,18.59,18.11,22916200.0
20260316,002988,豪美新材,33.7,33.27,33.99,32.68,3189300.0
20260316,002989,中天精装,28.5,28.95,29.16,27.97,2887800.0
20260316,002990,盛视科技,26.45,28.95,28.95,26.3,7077900.0
20260316,002991,甘源食品,53.25,53.34,53.35,52.86,385300.0
20260316,002992,宝明科技,53.5,55.87,56.35,52.38,4053700.0
20260316,002993,奥海科技,47.79,49.43,49.72,46.81,7330600.0
20260316,002995,天地在线,22.53,24.77,24.77,22.5,20204400.0
20260316,002996,顺博合金,8.05,7.98,8.2,7.86,19512400.0
20260316,002997,瑞鹄模具,32.71,32.75,32.8,32.4,1080600.0
20260316,002998,优彩资源,9.0,8.87,9.31,8.79,21393900.0
20260316,002999,天禾股份,7.78,7.88,8.23,7.77,22399300.0
20260316,003000,劲仔食品,10.64,10.72,10.73,10.6,3262200.0
20260316,003001,中岩大地,18.97,19.13,19.36,18.93,1695300.0
20260316,003002,壶化股份,26.97,26.31,27.0,26.12,3177100.0
20260316,003003,天元股份,14.0,14.07,14.19,13.85,3651700.0
20260316,003004,声迅股份,30.78,32.14,32.2,30.78,818200.0
20260316,003005,竞业达,19.47,19.61,19.65,19.42,1750100.0
20260316,003006,百亚股份,18.61,18.68,18.87,18.41,4056900.0
20260316,003007,直真科技,42.75,43.18,43.5,42.21,3300500.0
20260316,003008,开普检测,24.06,24.06,24.34,23.7,1889300.0
20260316,003009,中天火箭,62.0,61.62,62.47,60.38,3821400.0
20260316,003010,若羽臣,29.15,29.86,29.86,28.88,9520400.0
20260316,003011,海象新材,26.21,25.45,26.39,25.11,4212300.0
20260316,003012,东鹏控股,6.82,6.81,6.88,6.76,9346700.0
20260316,003013,地铁设计,14.7,14.39,14.73,14.31,3204000.0
20260316,003015,日久光电,17.08,17.19,17.2,16.8,5760600.0
20260316,003016,欣贺股份,8.47,8.46,8.6,8.4,4456800.0
20260316,003017,大洋生物,32.48,32.33,32.93,31.98,2043500.0
20260316,003018,金富科技,27.49,26.55,30.51,25.88,21161000.0
20260316,003019,宸展光电,31.98,32.79,32.85,31.7,5916500.0
20260316,003020,立方制药,24.2,24.33,24.35,23.83,1129800.0
20260316,003021,兆威机电,113.99,111.9,114.6,110.88,3978900.0
20260316,003022,联泓新科,21.41,21.04,21.5,20.78,12932400.0
20260316,003023,彩虹集团,24.4,25.03,25.03,24.4,5765100.0
20260316,003025,思进智能,15.1,15.23,15.31,14.98,5424900.0
20260316,003026,中晶科技,34.07,35.32,35.34,33.92,5805600.0
20260316,003027,同兴科技,24.08,23.25,24.16,23.06,13287200.0
20260316,003028,振邦智能,30.18,30.16,30.38,29.82,922800.0
20260316,003029,吉大正元,23.75,24.11,24.23,23.69,3807100.0
20260316,003030,祖名股份,20.25,20.56,21.04,20.25,2574600.0
20260316,003031,中瓷电子,83.75,86.03,86.1,80.13,12202800.0
20260316,003032,传智教育,6.73,6.89,6.89,6.68,4037700.0
20260316,003033,征和工业,59.6,59.86,60.17,58.5,699500.0
20260316,003035,南网能源,10.1,9.12,10.15,9.01,187522200.0
20260316,003036,泰坦股份,18.4,18.25,18.6,17.9,5765200.0
20260316,003037,三和管桩,7.54,7.52,7.61,7.47,3406000.0
20260316,003038,鑫铂股份,16.25,16.13,16.31,15.77,7522600.0
20260316,003039,顺控发展,16.86,16.46,16.89,16.31,8458300.0
20260316,003040,楚天龙,17.29,17.55,17.66,17.26,9551500.0
20260316,003041,真爱美家,69.42,65.9,69.59,65.66,9801900.0
20260316,003042,中农联合,18.35,18.35,18.78,18.12,6941400.0
20260316,003043,华亚智能,49.77,49.77,50.0,48.29,1926000.0
20260316,003816,中国广核,4.33,4.23,4.35,4.21,220296100.0
20260316,300001,特锐德,31.09,30.54,31.4,30.2,32167100.0
20260316,300002,神州泰岳,10.48,10.45,10.53,10.36,31708500.0
20260316,300003,乐普医疗,17.79,18.41,18.52,17.54,77552800.0
20260316,300004,南风股份,12.71,12.79,12.83,12.46,12074100.0
20260316,300005,探路者,14.5,13.9,14.51,13.51,38719400.0
20260316,300006,莱美药业,4.95,5.01,5.05,4.94,16407800.0
20260316,300007,汉威科技,47.77,48.06,48.26,47.29,7544800.0
20260316,300008,天海防务,8.58,8.53,8.76,8.47,129535700.0
20260316,300009,安科生物,9.56,9.66,9.67,9.52,10358200.0
20260316,300011,鼎汉技术,9.03,8.75,9.07,8.69,18634500.0
20260316,300012,华测检测,15.17,15.33,15.38,14.83,24559700.0
20260316,300013,新宁物流,4.11,4.17,4.21,4.11,12706400.0
20260316,300014,亿纬锂能,68.8,69.95,71.83,68.0,83441000.0
20260316,300015,爱尔眼科,10.13,10.29,10.3,10.11,53988300.0
20260316,300016,北陆药业,10.58,10.55,10.73,10.49,24940600.0
20260316,300017,网宿科技,17.31,17.41,17.5,16.75,232524100.0
20260316,300018,中元股份,13.38,13.19,13.47,12.73,19457300.0
20260316,300019,硅宝科技,22.22,22.47,22.74,22.2,9726400.0
20260316,300021,大禹节水,4.8,4.81,4.92,4.79,31365200.0
20260316,300022,吉峰科技,8.09,8.24,8.33,8.05,15979900.0
20260316,300024,机器人,16.4,16.68,16.68,16.17,21212900.0
20260316,300025,华星创业,5.85,5.92,5.94,5.82,9283000.0
20260316,300026,红日药业,3.59,3.62,3.63,3.58,35914600.0
20260316,300030,阳普医疗,8.38,8.45,8.5,8.31,6713300.0
20260316,300031,宝通科技,21.5,21.16,21.56,20.82,12759400.0
20260316,300032,金龙机电,5.87,5.93,5.99,5.84,35364700.0
20260316,300033,同花顺,317.98,317.8,318.74,312.38,5734600.0
20260316,300034,钢研高纳,20.21,20.15,20.34,19.77,19009700.0
20260316,300035,中科电气,23.15,22.27,23.27,22.09,84299300.0
20260316,300036,超图软件,17.01,17.15,17.16,16.86,6324100.0
20260316,300037,新宙邦,59.57,59.25,62.15,59.0,26819900.0
20260316,300039,上海凯宝,6.4,6.36,6.43,6.31,17838000.0
20260316,300040,九洲集团,7.82,7.64,7.94,7.58,56901500.0
20260316,300041,回天新材,12.11,11.92,12.2,11.77,13144900.0
20260316,300042,朗科科技,38.01,45.6,45.6,38.01,36115400.0
20260316,300043,星辉娱乐,5.81,6.0,6.02,5.78,32686400.0
20260316,300045,华力创通,23.6,23.93,23.94,23.28,16450300.0
20260316,300046,台基股份,33.19,33.9,33.9,32.9,4071600.0
20260316,300047,天源迪科,12.78,13.01,13.01,12.77,11024300.0
20260316,300048,合康新能,7.89,7.85,7.96,7.7,35685100.0
20260316,300049,福瑞医科,53.34,54.28,54.77,53.08,5294300.0
20260316,300050,世纪鼎利,6.18,6.52,6.54,6.17,40928000.0
20260316,300051,琏升科技,9.3,11.12,11.12,9.3,64507500.0
20260316,300052,中青宝,13.53,13.43,13.58,13.31,6202600.0
20260316,300053,航宇微,17.51,17.93,17.93,17.39,19759800.0
20260316,300054,鼎龙股份,46.14,46.81,47.02,44.95,22716900.0
20260316,300055,万邦达,10.84,10.4,10.89,10.35,36195300.0
20260316,300056,中创环保,9.26,9.15,9.37,9.01,21808800.0
20260316,300057,万顺新材,6.29,6.42,6.43,6.23,33950700.0
20260316,300058,蓝色光标,14.96,15.4,15.48,14.79,293391600.0
20260316,300059,东方财富,21.09,21.21,21.23,20.94,144707100.0
20260316,300061,旗天科技,9.15,9.31,9.32,9.15,7270500.0
20260316,300062,中能电气,9.1,9.12,9.28,9.05,30281600.0
20260316,300063,天龙集团,11.73,12.12,12.12,11.6,46631200.0
20260316,300065,海兰信,27.45,26.89,28.0,26.81,80276700.0
20260316,300066,三川智慧,7.12,7.17,7.18,7.03,26517600.0
20260316,300067,安诺其,4.87,4.9,4.92,4.83,29866100.0
20260316,300069,金利华电,19.48,19.34,19.82,19.05,3633800.0
20260316,300070,碧水源,4.27,4.2,4.29,4.17,54245300.0
20260316,300071,福石控股,5.19,5.29,5.33,5.16,37428700.0
20260316,300072,海新能科,5.8,5.69,6.08,5.64,149188900.0
20260316,300073,当升科技,55.5,55.85,56.58,54.9,13835400.0
20260316,300074,华平股份,4.68,4.7,4.74,4.61,14396600.0
20260316,300075,数字政通,13.55,13.77,13.77,13.5,6332500.0
20260316,300077,国民技术,23.04,23.05,23.33,22.42,41555900.0
20260316,300078,思创智联,4.35,4.45,4.45,4.33,27381700.0
20260316,300079,数码视讯,5.77,5.88,5.88,5.75,30792900.0
20260316,300080,易成新能,6.05,5.89,6.31,5.82,109361000.0
20260316,300082,奥克股份,10.6,10.77,11.1,10.56,21399400.0
20260316,300083,创世纪,8.45,8.36,8.45,8.26,31175200.0
20260316,300084,海默科技,10.99,11.34,11.79,10.94,56418900.0
20260316,300085,银之杰,39.35,41.17,41.2,39.2,36904600.0
20260316,300086,康芝药业,8.6,8.84,8.93,8.58,16024700.0
20260316,300088,长信科技,6.77,6.71,6.79,6.65,72786600.0
20260316,300092,科新机电,17.8,17.36,17.81,17.1,12134100.0
20260316,300093,金刚光伏,18.11,18.56,18.87,18.11,5690100.0
20260316,300094,国联水产,3.65,3.66,3.79,3.64,117474700.0
20260316,300095,华伍股份,10.36,10.49,10.54,10.14,11634400.0
20260316,300097,智云股份,8.02,7.83,8.02,7.73,8583400.0
20260316,300098,高新兴,5.7,5.71,5.73,5.64,29893600.0
20260316,300099,尤洛卡,9.26,9.35,9.36,9.11,24586800.0
20260316,300100,双林股份,31.67,32.1,32.1,31.48,5249000.0
20260316,300101,振芯科技,22.8,22.99,23.0,22.4,14508400.0
20260316,300102,乾照光电,32.64,32.59,32.85,31.82,33133500.0
20260316,300103,达刚控股,7.82,7.68,7.84,7.62,6584000.0
20260316,300105,龙源技术,7.95,7.77,7.98,7.7,12493200.0
20260316,300106,西部牧业,10.81,10.9,11.13,10.8,6884300.0
20260316,300107,建新股份,8.24,8.14,8.37,7.97,19796200.0
20260316,300109,新开源,18.31,19.04,19.08,17.64,16249700.0
20260316,300110,华仁药业,3.3,3.3,3.36,3.28,20457100.0
20260316,300111,向日葵,4.3,4.31,4.36,4.25,24861700.0
20260316,300112,万讯自控,8.7,8.81,8.88,8.6,5900300.0
20260316,300113,顺网科技,26.8,27.0,27.15,25.6,56630900.0
20260316,300115,长盈精密,34.71,34.6,34.75,33.85,26156700.0
20260316,300118,东方日升,19.34,18.6,19.56,18.51,62813500.0
20260316,300119,瑞普生物,19.66,19.85,19.99,19.58,5744600.0
20260316,300120,经纬辉开,8.99,8.84,9.11,8.71,48915200.0
20260316,300121,阳谷华泰,14.0,14.8,15.5,13.98,57695900.0
20260316,300122,智飞生物,16.2,16.4,16.49,16.18,14430400.0
20260316,300124,汇川技术,71.5,71.8,71.9,70.4,33359500.0
20260316,300125,聆达股份,8.77,8.72,8.85,8.66,4285000.0
20260316,300126,锐奇股份,8.72,8.76,8.87,8.62,3774900.0
20260316,300127,银河磁体,33.22,32.95,33.35,32.11,5253400.0
20260316,300128,锦富技术,6.82,6.81,6.85,6.65,21031500.0
20260316,300129,泰胜风能,15.56,14.87,16.5,14.7,140944800.0
20260316,300130,新国都,25.48,25.46,25.85,25.32,12144900.0
20260316,300131,英唐智控,14.62,14.28,14.67,14.05,43579000.0
20260316,300132,诺斯贝尔,8.97,9.17,9.27,8.95,13543600.0
20260316,300133,华策影视,7.8,7.91,7.91,7.78,28608700.0
20260316,300134,大富科技,11.07,11.14,11.17,10.98,8276200.0
20260316,300135,宝利国际,4.69,4.63,4.85,4.57,85732400.0
20260316,300136,信维通信,63.1,65.04,65.15,62.35,53564500.0
20260316,300137,先河环保,13.3,12.91,13.49,12.6,30161300.0
20260316,300138,晨光生物,14.68,14.43,15.07,14.36,17790000.0
20260316,300139,晓程科技,63.45,63.26,63.77,61.37,30956900.0
20260316,300140,节能环境,7.75,7.43,7.77,7.37,56445100.0
20260316,300141,和顺电气,14.48,14.18,14.51,13.91,7206800.0
20260316,300142,沃森生物,12.18,12.28,12.33,12.12,31077100.0
20260316,300143,盈康生命,13.02,12.85,13.45,12.78,47414900.0
20260316,300144,宋城演艺,8.11,8.18,8.21,8.09,24166100.0
20260316,300145,南方泵业,5.28,5.21,5.32,5.08,94584400.0
20260316,300146,汤臣倍健,11.62,11.72,11.76,11.6,12324000.0
20260316,300148,天舟文化,4.55,4.63,4.63,4.55,20265200.0
20260316,300149,睿智医药,10.17,10.2,10.29,10.1,6586800.0
20260316,300150,世纪瑞尔,5.79,5.84,5.88,5.76,11693000.0
20260316,300151,昌红科技,17.57,18.17,18.24,17.38,9942600.0
20260316,300153,科泰电源,33.48,32.96,33.48,32.01,15694700.0
20260316,300154,瑞凌股份,8.76,8.85,8.86,8.7,3781500.0
20260316,300155,安居宝,5.17,5.23,5.25,5.14,6064500.0
20260316,300157,新锦动力,7.36,7.47,7.81,7.34,104129400.0
20260316,300158,振东制药,5.88,6.0,6.02,5.87,23815000.0
20260316,300159,新研股份,3.08,3.09,3.12,3.07,14944500.0
20260316,300160,秀强股份,5.96,5.94,6.0,5.91,11462500.0
20260316,300161,华中数控,31.7,31.46,31.77,30.94,5706200.0
20260316,300162,雷曼光电,9.63,9.47,9.8,9.37,38089400.0
20260316,300163,先锋新材,4.85,4.88,4.95,4.82,14509900.0
20260316,300164,通源石油,19.05,19.92,20.81,19.05,132172900.0
20260316,300165,天瑞仪器,5.66,5.54,5.67,5.47,15039200.0
20260316,300166,东方国信,12.27,12.58,12.63,11.89,74925000.0
20260316,300168,万达信息,6.06,5.99,6.08,5.86,28747100.0
20260316,300169,天晟新材,6.54,6.76,6.78,6.54,7903500.0
20260316,300170,汉得信息,23.28,23.07,23.4,22.27,94351400.0
20260316,300171,东富龙,15.47,15.7,15.79,15.37,7925100.0
20260316,300172,中电环保,6.15,6.07,6.24,6.01,27331600.0
20260316,300174,元力股份,16.93,17.08,17.22,16.92,6387600.0
20260316,300175,朗源股份,6.5,6.55,6.58,6.46,3214000.0
20260316,300176,鸿特科技,7.63,7.57,7.64,7.48,10310700.0
20260316,300177,中海达,9.42,9.56,9.6,9.39,14208400.0
20260316,300179,四方达,24.78,25.08,25.85,23.5,44606200.0
20260316,300180,华峰超纤,7.22,6.99,7.3,6.98,100508600.0
20260316,300181,佐力药业,16.24,16.41,16.57,16.18,12492100.0
20260316,300182,捷成股份,6.16,6.31,6.31,6.15,142500800.0
20260316,300183,东软载波,16.03,16.1,16.15,15.91,4014700.0
20260316,300184,力源信息,10.67,11.26,11.26,10.62,79059900.0
20260316,300185,通裕重工,4.11,3.94,4.24,3.89,966936300.0
20260316,300187,永清环保,5.58,5.53,5.64,5.48,13011100.0
20260316,300188,国投智能,13.86,13.74,13.95,13.7,14273000.0
20260316,300189,神农种业,8.2,8.81,8.97,8.18,288530500.0
20260316,300190,维尔利,4.59,4.96,5.18,4.59,113610300.0
20260316,300191,潜能恒信,43.98,42.69,46.28,42.4,20730300.0
20260316,300192,科德教育,19.04,19.46,19.5,18.95,5402900.0
20260316,300193,佳士科技,9.45,9.46,9.49,9.34,9318700.0
20260316,300194,福安药业,4.26,4.28,4.29,4.25,10116800.0
20260316,300195,长荣股份,8.85,8.74,8.92,8.64,10248600.0
20260316,300196,长海股份,19.09,19.25,19.4,18.71,13484800.0
20260316,300197,节能铁汉,1.9,1.87,1.93,1.84,61878800.0
20260316,300199,翰宇药业,17.71,18.05,18.09,17.7,16783800.0
20260316,300200,高盟新材,11.62,11.78,11.79,11.54,19299900.0
20260316,300201,海伦哲,10.89,10.81,10.95,10.57,40745200.0
20260316,300203,聚光科技,14.41,14.53,14.6,14.36,4142700.0
20260316,300204,舒泰神,25.45,25.48,26.08,25.3,10954400.0
20260316,300206,理邦仪器,14.73,14.73,14.76,14.51,6252400.0
20260316,300207,欣旺达,27.17,27.27,27.8,26.77,73039900.0
20260316,300209,行云科技,9.59,11.14,11.14,9.17,132324400.0
20260316,300210,森远股份,9.0,9.08,9.1,8.92,4486900.0
20260316,300213,佳讯飞鸿,8.69,8.64,8.72,8.45,17044600.0
20260316,300214,日科化学,7.85,8.32,8.5,7.77,46640200.0
20260316,300215,电科院,9.78,9.43,9.89,9.21,32045200.0
20260316,300217,东方电热,5.6,5.6,5.65,5.53,46064000.0
20260316,300218,安利股份,16.75,16.74,16.85,16.52,4215100.0
20260316,300219,鸿利智汇,8.32,8.17,8.35,8.08,38358700.0
20260316,300220,金运激光,15.07,15.14,15.27,14.9,2450200.0
20260316,300221,银禧科技,10.5,10.65,10.68,10.41,13976700.0
20260316,300222,科大智能,12.52,12.53,12.65,12.2,25989300.0
20260316,300223,君正股份,122.51,129.9,129.95,121.8,47479400.0
20260316,300224,正海磁材,16.37,16.17,16.45,15.82,22119200.0
20260316,300225,金力泰,5.67,5.59,5.73,5.51,18858300.0
20260316,300226,上海钢联,27.62,27.31,27.64,26.72,10356300.0
20260316,300227,光韵达,12.88,12.93,12.97,12.4,21973500.0
20260316,300228,富瑞特装,10.85,10.5,10.9,10.21,50292700.0
20260316,300229,拓尔思,19.87,19.96,19.99,19.54,20214400.0
20260316,300230,永利股份,5.27,5.26,5.31,5.21,13682600.0
20260316,300231,银信科技,11.18,11.48,11.5,11.18,11094100.0
20260316,300232,洲明科技,8.24,8.16,8.27,7.94,56271700.0
20260316,300233,金城医药,15.2,15.08,15.25,14.96,5389800.0
20260316,300234,开尔新材,6.13,6.38,6.46,6.04,20090000.0
20260316,300235,方直科技,13.12,13.14,13.21,12.88,4450100.0
20260316,300236,上海新阳,83.03,87.3,88.59,81.48,18176700.0
20260316,300238,冠昊生物,15.98,16.48,16.48,15.9,13306200.0
20260316,300239,东宝生物,5.96,5.96,6.04,5.92,8821300.0
20260316,300240,飞力达,7.57,7.6,7.67,7.51,9910300.0
20260316,300241,瑞丰光电,7.46,7.29,7.51,7.22,74036400.0
20260316,300242,佳云科技,5.12,5.2,5.23,5.06,19647000.0
20260316,300243,瑞丰高材,15.51,17.46,18.2,15.51,72205600.0
20260316,300244,迪安诊断,20.12,20.04,20.28,19.77,14121000.0
20260316,300246,宝莱特,14.97,15.18,16.1,14.97,46702900.0
20260316,300247,融捷健康,4.74,4.77,4.78,4.69,12580300.0
20260316,300248,新开普,11.74,11.96,11.98,11.74,5884100.0
20260316,300249,依米康,17.3,17.88,17.97,16.96,31607600.0
20260316,300250,初灵信息,22.31,22.68,22.68,22.22,4709100.0
20260316,300251,光线传媒,16.4,16.67,16.69,16.35,67220700.0
20260316,300252,金信诺,14.18,14.33,14.35,13.95,18648300.0
20260316,300253,卫宁健康,9.2,9.22,9.26,9.07,41673500.0
20260316,300254,仟源医药,12.01,12.05,12.32,11.97,8292000.0
20260316,300255,常山药业,41.48,41.82,42.85,41.37,11152900.0
20260316,300256,星星科技,3.71,3.76,3.77,3.7,17095200.0
20260316,300257,开山股份,31.68,33.68,34.8,30.3,41785000.0
20260316,300258,精锻科技,14.17,13.96,14.3,13.63,20229400.0
20260316,300259,新天科技,5.15,5.07,5.2,5.04,37536300.0
20260316,300260,新莱应材,50.56,51.77,52.22,49.37,10136000.0
20260316,300261,雅本化学,7.28,7.32,7.56,7.25,36593200.0
20260316,300263,隆华科技,11.05,10.92,11.1,10.68,38521500.0
20260316,300264,佳创视讯,10.22,10.7,10.81,10.2,34851600.0
20260316,300265,通光线缆,18.55,18.22,18.99,18.08,43435400.0
20260316,300266,兴源环境,2.8,2.74,2.83,2.71,30393800.0
20260316,300267,尔康制药,4.11,4.05,4.15,4.03,63553300.0
20260316,300268,佳沃食品,14.29,13.85,14.53,13.82,2428100.0
20260316,300269,联建光电,8.65,8.52,8.7,8.44,44866900.0
20260316,300270,中威电子,11.05,11.1,11.18,10.86,5350500.0
20260316,300271,华宇软件,7.36,7.46,7.46,7.31,10320300.0
20260316,300272,开能健康,7.79,7.88,7.91,7.74,15767800.0
20260316,300274,阳光电源,179.0,173.0,179.2,170.2,72537400.0
20260316,300275,梅安森,12.0,11.95,12.09,11.88,3838100.0
20260316,300276,三丰智能,7.73,7.83,7.83,7.67,12822700.0
20260316,300277,汽轮科技,20.59,20.44,20.7,19.76,47243900.0
20260316,300278,华昌达,5.22,5.26,5.27,5.19,14592700.0
20260316,300279,和晶科技,10.53,11.22,11.59,10.53,53857200.0
20260316,300281,金明精机,7.42,7.37,7.48,7.32,3440700.0
20260316,300283,温州宏丰,8.35,8.32,8.38,8.17,14737300.0
20260316,300284,苏交科,7.27,7.22,7.3,7.12,8788200.0
20260316,300285,国瓷材料,37.88,37.39,38.05,35.8,43426300.0
20260316,300286,安科瑞,30.69,30.05,31.2,29.45,8466200.0
20260316,300287,飞利信,4.73,4.76,4.77,4.71,15594700.0
20260316,300288,朗玛信息,13.55,13.72,13.72,13.45,3720900.0
20260316,300289,利德曼,6.83,6.87,6.9,6.79,4624300.0
20260316,300291,百纳千成,7.39,7.59,7.61,7.34,17419100.0
20260316,300292,吴通控股,4.93,5.02,5.02,4.9,60149000.0
20260316,300293,蓝英装备,18.47,18.72,18.72,18.22,2996200.0
20260316,300294,博雅生物,20.84,20.8,20.9,20.77,3446600.0
20260316,300296,利亚德,9.23,8.86,9.35,8.78,273805800.0
20260316,300298,三诺生物,16.9,16.78,16.92,16.74,3684000.0
20260316,300299,富春股份,6.46,6.54,6.56,6.43,15408500.0
20260316,300300,海峡创新,12.91,13.36,13.5,12.82,61773500.0
20260316,300302,同有科技,19.59,21.04,21.2,19.5,42540000.0
20260316,300303,聚飞光电,10.14,10.03,10.23,9.72,177106200.0
20260316,300304,云意电气,13.7,13.61,13.86,13.29,33121600.0
20260316,300305,裕兴股份,6.85,6.85,6.96,6.81,8152300.0
20260316,300306,远方信息,13.22,13.33,13.33,13.12,2321000.0
20260316,300307,慈星股份,6.99,7.05,7.14,6.95,8741700.0
20260316,300308,中际旭创,549.05,561.7,565.0,540.32,27432000.0
20260316,300310,宜通世纪,6.65,6.78,6.8,6.61,31885700.0
20260316,300311,任子行,5.55,5.57,5.59,5.48,11110900.0
20260316,300313,天山生物,7.58,7.54,7.74,7.49,3606500.0
20260316,300314,戴维医疗,13.81,13.72,13.93,13.64,3257500.0
20260316,300315,掌趣科技,5.3,5.27,5.36,5.2,106699500.0
20260316,300316,晶盛机电,47.36,46.59,47.68,45.3,19173400.0
20260316,300317,珈伟新能,5.28,5.24,5.36,5.18,54670100.0
20260316,300318,博晖创新,6.27,6.28,6.32,6.21,5495800.0
20260316,300319,麦捷科技,13.34,13.61,13.63,13.07,28710300.0
20260316,300320,海达股份,10.99,11.11,11.27,10.97,10427600.0
20260316,300321,同大股份,37.0,36.3,37.18,35.87,2089500.0
20260316,300322,硕贝德,27.85,28.35,28.35,26.79,23170800.0
20260316,300323,华灿光电,12.96,12.65,13.09,12.11,155750000.0
20260316,300324,旋极信息,5.4,5.47,5.54,5.38,69991400.0
20260316,300327,中颖电子,26.0,26.75,26.75,25.77,9415500.0
20260316,300328,宜安科技,19.36,18.92,19.46,18.4,43993500.0
20260316,300329,海伦钢琴,13.6,13.74,13.95,13.55,3015100.0
20260316,300331,苏大维格,43.37,45.58,45.93,42.58,12378400.0
20260316,300332,天壕能源,6.11,6.15,6.29,6.07,52507500.0
20260316,300333,兆日科技,10.01,10.26,10.33,10.0,6295400.0
20260316,300334,津膜科技,8.06,8.12,8.23,7.98,8926400.0
20260316,300335,迪森股份,7.88,7.7,8.01,7.51,57759700.0
20260316,300337,银邦股份,13.01,13.15,13.18,12.88,16919700.0
20260316,300339,润和软件,44.55,45.19,45.33,44.2,14323000.0
20260316,300340,科恒股份,12.21,12.39,12.6,12.2,14198400.0
20260316,300341,麦克奥迪,15.9,15.98,16.06,15.86,3449700.0
20260316,300342,天银机电,40.47,41.97,42.49,40.2,33050900.0
20260316,300343,联创股份,6.75,6.83,6.9,6.72,16525300.0
20260316,300345,华民股份,7.55,7.49,7.76,7.43,45232100.0
20260316,300346,南大光电,48.89,49.49,49.64,47.57,36550300.0
20260316,300347,泰格医药,54.92,54.34,55.62,53.52,12968800.0
20260316,300348,长亮科技,13.69,14.1,14.14,13.69,39988500.0
20260316,300349,金卡智能,14.77,14.78,14.81,14.55,7222300.0
20260316,300350,华鹏飞,6.48,6.69,6.7,6.47,38399400.0
20260316,300351,永贵电器,17.83,17.63,17.96,17.35,13276700.0
20260316,300353,东土科技,22.41,21.88,22.41,21.61,15098300.0
20260316,300354,东华测试,38.7,38.63,38.7,38.07,1028000.0
20260316,300355,蒙草生态,4.17,4.15,4.21,4.11,40001200.0
20260316,300357,我武生物,25.21,25.06,25.32,24.84,6599200.0
20260316,300358,楚天科技,10.23,10.21,10.27,10.11,12382400.0
20260316,300359,全通教育,5.35,5.38,5.39,5.31,6540700.0
20260316,300360,炬华科技,17.9,17.4,17.98,17.32,12878100.0
20260316,300363,博腾股份,21.08,21.15,21.3,20.96,6547000.0
20260316,300364,中文在线,26.81,27.65,27.68,26.71,39736100.0
20260316,300365,恒华科技,6.87,6.93,7.02,6.83,25896200.0
20260316,300368,汇金股份,11.94,12.18,12.18,11.85,17183700.0
20260316,300369,绿盟科技,9.58,9.53,9.73,9.38,55191700.0
20260316,300370,安控科技,2.84,2.86,2.92,2.82,29720800.0
20260316,300371,汇中股份,14.06,13.95,14.21,13.78,4145400.0
20260316,300373,扬杰科技,77.0,77.51,78.47,75.17,10677700.0
20260316,300374,中铁装配,15.37,15.18,15.42,15.07,4092400.0
20260316,300375,鹏翎股份,5.38,5.42,5.43,5.33,14151800.0
20260316,300376,易事特,7.41,7.22,7.44,7.14,44321300.0
20260316,300377,赢时胜,19.41,19.9,19.95,19.3,28875300.0
20260316,300378,鼎捷数智,42.93,42.8,42.95,41.96,8079800.0
20260316,300380,安硕信息,36.88,37.85,37.85,36.69,2379900.0
20260316,300381,溢多利,7.22,7.2,7.29,7.12,12583100.0
20260316,300382,斯莱克,12.48,12.45,12.53,12.33,7068500.0
20260316,300383,光环新网,15.25,15.37,15.59,14.62,132079600.0
20260316,300384,三联虹普,18.25,17.82,18.4,17.53,8648200.0
20260316,300386,飞天诚信,15.87,15.99,16.15,15.75,6050300.0
20260316,300387,富邦科技,10.33,10.11,10.61,10.0,47068300.0
20260316,300388,节能国祯,8.73,8.8,8.91,8.66,10587500.0
20260316,300389,艾比森,18.7,18.33,18.72,18.13,11463800.0
20260316,300390,天华新能,52.78,53.67,54.41,50.6,36689300.0
20260316,300393,中来股份,10.8,10.45,10.91,10.32,63449100.0
20260316,300394,天孚通信,325.06,311.17,326.6,301.35,35200400.0
20260316,300395,菲利华,113.1,118.65,118.8,109.18,45879900.0
20260316,300397,天和防务,13.14,13.23,13.38,13.05,14903100.0
20260316,300398,飞凯材料,27.88,28.18,28.35,26.98,27884500.0
20260316,300399,天利科技,23.34,23.27,23.45,22.42,9264400.0
20260316,300400,劲拓股份,22.76,23.47,23.47,22.23,18763000.0
20260316,300401,花园生物,16.0,16.0,16.29,15.79,17418900.0
20260316,300402,宝色股份,21.68,21.39,21.78,21.11,5588400.0
20260316,300403,汉宇集团,12.65,12.69,12.72,12.53,5662700.0
20260316,300404,博济医药,10.11,10.16,10.23,10.08,5591000.0
20260316,300405,科隆股份,7.28,7.22,7.4,7.11,11921700.0
20260316,300406,九强生物,12.54,12.61,12.62,12.48,2451400.0
20260316,300407,凯发电气,13.92,13.96,13.97,13.57,5793300.0
20260316,300408,三环集团,54.6,55.06,55.1,53.16,20242500.0
20260316,300409,道氏技术,30.0,29.47,31.47,29.4,65465800.0
20260316,300410,正业科技,8.95,9.21,9.21,8.9,14606400.0
20260316,300411,金盾股份,11.3,11.24,11.34,11.15,3617000.0
20260316,300412,迦南科技,5.73,5.68,5.79,5.63,13540100.0
20260316,300413,芒果超媒,22.05,22.34,22.34,22.0,10165300.0
20260316,300414,中光防雷,14.18,14.5,14.5,14.15,7366100.0
20260316,300415,伊之密,26.93,27.05,27.49,26.49,12149200.0
20260316,300416,苏试试验,16.7,16.91,16.94,16.5,10297100.0
20260316,300417,南华仪器,14.25,14.11,14.48,14.0,3470000.0
20260316,300418,昆仑万维,50.0,50.56,50.84,49.28,36737700.0
20260316,300420,五洋自控,4.08,4.01,4.1,3.98,25567800.0
20260316,300421,力星股份,25.01,25.36,25.46,24.81,6231400.0
20260316,300422,博世科,5.22,5.16,5.27,5.13,6784100.0
20260316,300423,昇辉科技,10.29,10.51,10.53,9.88,27074500.0
20260316,300424,航新科技,17.75,17.95,17.96,17.56,6076000.0
20260316,300425,中建环能,5.35,5.33,5.42,5.3,11321600.0
20260316,300426,华智数媒,8.54,8.56,8.59,8.4,7092100.0
20260316,300427,红相股份,13.85,13.55,14.1,13.4,35756600.0
20260316,300428,立中集团,24.11,23.7,24.21,23.27,13398100.0
20260316,300429,强力新材,13.96,14.26,14.27,13.8,12812400.0
20260316,300432,富临精工,17.73,18.68,18.85,17.7,88040200.0
20260316,300433,蓝思科技,31.5,31.19,31.63,30.63,39831800.0
20260316,300434,金石亚药,10.17,10.3,10.3,10.15,3738300.0
20260316,300435,中泰股份,28.36,27.65,28.57,27.3,14707400.0
20260316,300436,广生堂,110.0,115.0,119.6,110.0,10293500.0
20260316,300437,清水源,20.16,18.93,21.5,18.83,40548800.0
20260316,300438,鹏辉能源,58.48,57.52,59.66,56.6,35409700.0
20260316,300439,美康生物,10.2,10.33,10.35,10.17,3297900.0
20260316,300440,运达科技,16.37,16.16,16.48,15.98,7279600.0
20260316,300441,鲍斯股份,7.83,7.77,7.83,7.68,4846600.0
20260316,300442,润泽科技,83.55,83.32,83.88,81.35,37882100.0
20260316,300443,金雷股份,32.55,33.3,34.3,31.98,34692200.0
20260316,300444,双杰电气,16.16,16.23,16.49,15.71,51408300.0
20260316,300445,康斯特,20.87,21.1,21.1,20.62,2307300.0
20260316,300446,航天智造,21.87,22.05,22.13,21.72,9093700.0
20260316,300447,全信股份,19.91,19.42,20.09,19.12,12581700.0
20260316,300448,浩云科技,8.85,9.0,9.75,8.72,66240600.0
20260316,300449,汉邦高科,8.37,8.33,8.44,8.23,12780800.0
20260316,300450,先导智能,51.79,51.35,52.36,50.9,38149600.0
20260316,300451,创业慧康,5.01,5.05,5.07,4.98,26120300.0
20260316,300452,山河药辅,15.3,15.29,15.44,15.21,4233100.0
20260316,300453,三鑫医疗,10.02,9.95,10.2,9.84,18218700.0
20260316,300454,深信服,120.04,118.48,120.1,116.13,8078100.0
20260316,300455,航天智装,24.01,24.3,24.36,23.61,9871800.0
20260316,300456,赛微电子,48.02,48.58,48.58,46.8,27209500.0
20260316,300457,赢合科技,25.03,25.34,25.55,24.7,12704900.0
20260316,300458,全志科技,37.6,38.39,38.48,37.25,12757500.0
20260316,300459,汤姆猫,4.66,4.65,4.68,4.61,60281000.0
20260316,300461,田中精机,59.29,52.4,59.87,50.65,11439200.0
20260316,300463,迈克生物,11.49,11.54,11.54,11.45,4504100.0
20260316,300464,星徽股份,7.55,7.42,7.58,7.25,16884700.0
20260316,300465,高伟达,16.56,17.19,17.2,16.56,11590800.0
20260316,300466,赛摩智能,9.6,9.67,9.72,9.5,6107000.0
20260316,300467,迅游科技,29.94,30.26,30.26,29.36,3738800.0
20260316,300468,四方精创,38.82,37.74,39.87,37.32,78768600.0
20260316,300469,信息发展,73.99,73.45,74.5,69.51,9092000.0
20260316,300470,中密控股,38.5,38.39,39.4,37.92,3959500.0
20260316,300471,厚普股份,15.43,15.55,15.66,14.88,27167300.0
20260316,300473,德尔股份,36.92,37.02,37.15,35.98,5760600.0
20260316,300474,景嘉微,64.71,65.75,65.93,63.63,7577000.0
20260316,300475,香农芯创,153.82,159.89,161.68,149.54,30151300.0
20260316,300476,胜宏科技,278.23,289.05,289.9,271.5,37189000.0
20260316,300478,杭州高新,25.45,25.1,25.7,25.0,1777500.0
20260316,300479,神思电子,20.4,20.91,20.92,20.3,4660800.0
20260316,300480,光力科技,30.66,30.52,30.85,29.0,18876000.0
20260316,300481,濮阳惠成,17.93,17.85,18.33,17.64,9518800.0
20260316,300482,万孚生物,19.26,19.4,19.42,19.24,3458200.0
20260316,300483,首华燃气,21.51,20.83,22.0,20.65,37810600.0
20260316,300484,蓝海华腾,18.2,18.32,18.35,18.11,2016100.0
20260316,300485,赛升药业,10.89,10.98,11.07,10.85,3904300.0
20260316,300486,东杰智能,23.85,25.36,25.7,23.64,25519900.0
20260316,300487,蓝晓科技,76.66,73.25,77.44,72.55,5822100.0
20260316,300488,恒锋工具,30.5,30.35,30.79,30.08,4135900.0
20260316,300489,光智科技,43.5,43.48,44.0,42.33,2762300.0
20260316,300490,华自科技,17.7,17.31,17.8,16.84,21436500.0
20260316,300491,通合科技,28.43,28.49,28.7,27.7,8692800.0
20260316,300492,华图山鼎,66.19,66.01,66.36,64.92,1272000.0
20260316,300493,润欣科技,17.35,17.71,17.73,17.23,10069100.0
20260316,300494,盛天网络,12.2,12.35,12.35,12.15,7621900.0
20260316,300496,中科创达,66.81,67.11,67.16,65.66,10163100.0
20260316,300497,富祥股份,15.7,15.83,16.1,15.58,20208300.0
20260316,300498,温氏股份,17.48,17.55,17.77,17.45,49343000.0
20260316,300499,高澜股份,38.28,39.88,40.45,37.0,50754800.0
20260316,300500,启迪设计,12.33,12.37,12.52,12.23,2554900.0
20260316,300501,海顺新材,16.25,16.37,16.4,16.11,4098000.0
20260316,300502,新易盛,396.04,413.23,418.03,392.0,47224100.0
20260316,300503,昊志机电,48.35,50.54,51.05,47.61,14330300.0
20260316,300504,天邑股份,17.94,17.82,18.55,17.5,25057200.0
20260316,300505,川金诺,37.62,36.33,40.98,36.0,89540300.0
20260316,300506,名家汇,5.1,5.29,5.31,5.09,12357600.0
20260316,300507,苏奥传感,8.88,8.99,8.99,8.84,8589100.0
20260316,300508,维宏股份,40.79,41.29,41.38,40.21,2027600.0
20260316,300509,新美星,13.16,13.25,13.41,13.03,4886100.0
20260316,300510,金冠股份,4.84,4.91,4.91,4.8,30581100.0
20260316,300511,雪榕生物,7.23,7.3,7.37,7.22,17430400.0
20260316,300512,中亚股份,9.87,9.88,9.98,9.67,5922900.0
20260316,300513,恒实科技,9.84,9.86,9.94,9.79,7476900.0
20260316,300514,友讯达,14.69,14.39,14.77,14.23,6042300.0
20260316,300515,三德科技,19.25,19.3,19.32,19.06,1852700.0
20260316,300516,久之洋,61.59,61.8,62.23,60.66,3429900.0
20260316,300517,海波重科,12.3,12.21,12.4,12.03,3691700.0
20260316,300518,新迅达,21.71,21.75,22.87,21.2,13703200.0
20260316,300519,新光药业,16.13,16.37,16.41,16.09,1886000.0
20260316,300520,科大国创,40.63,40.1,40.78,38.97,16043200.0
20260316,300521,爱司凯,29.92,30.4,30.5,29.68,1846100.0
20260316,300522,世名科技,12.13,12.51,12.71,12.1,9340300.0
20260316,300523,辰安科技,23.01,23.1,23.18,22.64,2463200.0
20260316,300525,博思软件,11.33,11.49,11.5,11.3,8653100.0
20260316,300528,幸福蓝海,16.56,16.84,16.94,16.53,7612200.0
20260316,300529,健帆生物,18.89,18.91,18.92,18.73,3163900.0
20260316,300530,领湃科技,28.25,28.66,28.67,28.0,2297500.0
20260316,300531,优博讯,18.75,18.9,19.19,18.15,35970900.0
20260316,300532,今天国际,11.45,11.52,11.55,11.36,5047100.0
20260316,300533,冰川网络,31.77,31.21,32.04,30.86,8544800.0
20260316,300534,陇神戎发,9.76,9.8,9.87,9.72,4303700.0
20260316,300535,达威股份,21.76,21.68,21.99,21.42,2174600.0
20260316,300536,农尚环境,8.3,8.44,8.54,8.3,5766300.0
20260316,300537,广信材料,23.85,24.28,24.3,23.72,5210400.0
20260316,300538,同益股份,15.77,16.12,16.12,15.72,2495600.0
20260316,300539,横河精密,28.88,29.55,30.1,28.4,7136200.0
20260316,300540,蜀道装备,22.8,23.26,23.31,22.16,8081900.0
20260316,300541,先进数通,15.29,15.64,15.67,15.29,14937900.0
20260316,300542,新晨科技,17.4,17.2,17.8,17.14,7976400.0
20260316,300543,朗科智能,10.77,10.81,10.81,10.63,2813200.0
20260316,300545,联得装备,35.5,35.21,35.59,34.12,6712900.0
20260316,300546,雄帝科技,23.5,24.32,24.49,23.45,7891700.0
20260316,300547,川环科技,32.91,33.33,33.45,32.12,5301100.0
20260316,300548,长芯博创,159.25,160.98,167.0,156.68,21872600.0
20260316,300549,优德精密,18.39,18.51,18.52,18.21,2223800.0
20260316,300550,和仁科技,12.89,13.17,13.26,12.76,4980300.0
20260316,300551,古鳌科技,18.68,18.4,19.25,18.13,11977100.0
20260316,300552,万集科技,29.12,29.68,29.7,28.89,3994600.0
20260316,300553,集智股份,38.39,38.38,38.69,37.82,1363100.0
20260316,300554,三超新材,25.55,25.79,25.81,25.05,2750200.0
20260316,300556,丝路视觉,19.11,19.41,19.44,19.03,3014100.0
20260316,300557,理工光科,38.72,38.37,38.94,37.8,3120300.0
20260316,300558,贝达药业,43.36,44.14,44.57,43.03,5118000.0
20260316,300559,佳发教育,11.54,11.75,11.77,11.42,4421700.0
20260316,300560,中富通,15.45,15.85,15.85,15.36,5785400.0
20260316,300561,汇金科技,12.74,12.9,13.12,12.65,10258200.0
20260316,300562,乐心医疗,13.72,13.83,13.86,13.69,4167300.0
20260316,300563,神宇股份,33.25,33.82,34.07,33.01,2757400.0
20260316,300564,筑博设计,16.2,16.0,16.38,15.9,2247100.0
20260316,300565,科信技术,13.66,13.81,13.86,13.42,15541100.0
20260316,300566,激智科技,20.5,20.26,20.5,20.01,7126700.0
20260316,300567,精测电子,135.09,134.76,136.38,127.0,9761600.0
20260316,300568,星源材质,15.46,15.24,15.7,15.15,73788200.0
20260316,300569,天能重工,7.79,8.34,8.95,7.73,260413200.0
20260316,300570,太辰光,126.56,126.11,128.41,124.0,15256400.0
20260316,300571,平治信息,30.26,30.69,30.7,29.75,3363400.0
20260316,300572,安车检测,26.39,26.73,27.04,26.02,3720700.0
20260316,300573,兴齐眼药,70.7,70.21,70.84,69.5,3971700.0
20260316,300575,中旗股份,6.98,6.76,7.11,6.69,17938800.0
20260316,300576,容大感光,37.39,38.4,38.43,37.01,6413500.0
20260316,300577,开润股份,20.2,20.19,20.25,19.91,1182400.0
20260316,300578,会畅科技,21.2,21.67,21.67,21.0,5761400.0
20260316,300579,数字认证,29.16,29.82,30.03,29.15,3754400.0
20260316,300580,贝斯特,21.9,21.83,21.9,21.57,2839200.0
20260316,300581,晨曦航空,14.44,14.5,14.56,14.43,4945000.0
20260316,300582,英飞特,15.78,15.8,16.01,15.45,5761200.0
20260316,300583,赛托生物,14.78,15.05,15.2,14.72,3798700.0
20260316,300584,海辰药业,44.3,44.89,47.47,44.3,6244600.0
20260316,300585,奥联电子,16.36,16.67,16.75,16.23,4053200.0
20260316,300586,美联新材,10.1,10.36,10.46,9.93,17758000.0
20260316,300587,天铁科技,6.51,6.53,6.57,6.42,20211300.0
20260316,300588,熙菱信息,25.56,25.58,25.87,25.22,3591900.0
20260316,300589,江龙船艇,17.71,17.36,18.14,17.23,28591700.0
20260316,300590,移为通信,11.99,12.05,12.05,11.85,4023200.0
20260316,300591,万里马,7.51,7.6,7.61,7.49,8402800.0
20260316,300592,华凯易佰,12.91,13.19,13.22,12.7,11042800.0
20260316,300593,新雷能,27.11,27.3,27.46,26.37,12921500.0
20260316,300595,欧普康视,15.61,15.91,15.92,15.61,10138300.0
20260316,300596,利安隆,47.1,47.21,48.66,46.12,7012600.0
20260316,300597,吉大通信,9.84,9.8,9.95,9.65,4791900.0
20260316,300598,诚迈科技,40.18,41.2,41.2,39.82,3663900.0
20260316,300599,雄塑科技,10.34,10.91,11.42,10.34,21273300.0
20260316,300600,国瑞科技,13.15,13.57,14.18,13.13,11973600.0
20260316,300601,康泰生物,14.1,14.22,14.26,14.06,7596800.0
20260316,300602,飞荣达,35.01,35.43,35.66,33.58,22558400.0
20260316,300603,立昂技术,10.53,10.72,10.83,10.37,20183100.0
20260316,300604,长川科技,123.98,123.58,124.44,118.72,17754200.0
20260316,300605,恒锋信息,15.2,15.18,15.29,14.96,2925200.0
20260316,300606,金太阳,34.12,40.73,40.73,33.5,23574100.0
20260316,300607,拓斯达,27.65,27.87,27.9,27.42,5316600.0
20260316,300608,思特奇,11.92,12.01,12.1,11.76,6745900.0
20260316,300609,汇纳科技,36.1,37.13,37.19,35.95,3754600.0
20260316,300610,晨化股份,12.83,12.92,13.42,12.77,10905500.0
20260316,300611,美力科技,27.34,28.96,29.48,27.3,14201300.0
20260316,300612,宣亚国际,15.63,15.99,15.99,15.57,5568500.0
20260316,300613,富瀚微,40.9,43.95,45.14,40.81,8930900.0
20260316,300614,百川畅银,15.18,14.82,15.21,14.63,4381200.0
20260316,300615,欣天科技,14.86,15.11,15.35,14.68,13788600.0
20260316,300616,尚品宅配,13.08,13.31,13.35,13.04,3505600.0
20260316,300617,安靠智电,62.25,62.6,63.55,60.51,11489500.0
20260316,300618,寒锐钴业,47.18,46.55,47.94,45.66,13060700.0
20260316,300619,金银河,42.77,42.88,43.2,42.1,4983800.0
20260316,300620,光库科技,164.91,168.7,174.37,164.91,22002600.0
20260316,300621,维业股份,9.17,9.15,9.29,9.06,4115000.0
20260316,300622,博士眼镜,29.32,28.56,29.34,27.94,10840700.0
20260316,300623,捷捷微电,30.04,30.44,30.61,29.58,10980900.0
20260316,300624,万兴科技,73.0,74.35,74.48,72.5,6427800.0
20260316,300625,三雄极光,12.98,12.94,13.09,12.84,2689500.0
20260316,300626,华瑞股份,19.3,20.13,20.22,19.08,7615700.0
20260316,300627,华测导航,35.76,35.2,35.95,34.86,10273400.0
20260316,300628,亿联网络,34.24,33.93,34.24,33.62,6788200.0
20260316,300629,新劲刚,26.37,26.84,27.13,26.25,19160600.0
20260316,300631,久吾高科,28.4,28.02,28.48,27.56,3024600.0
20260316,300632,光莆股份,14.93,15.46,15.5,14.74,16278700.0
20260316,300633,开立医疗,26.06,25.76,26.16,25.72,2439100.0
20260316,300634,彩讯股份,25.91,26.14,26.17,25.62,8847300.0
20260316,300635,中达安,13.66,13.49,13.83,13.32,5086500.0
20260316,300636,同和药业,8.12,8.18,8.19,8.11,3972300.0
20260316,300637,扬帆新材,12.24,12.42,12.43,12.16,5981700.0
20260316,300638,广和通,27.05,27.4,27.48,26.7,10495900.0
20260316,300639,凯普生物,6.65,6.67,6.73,6.6,14869700.0
20260316,300640,德艺文创,7.34,7.54,7.62,7.33,10418800.0
20260316,300641,正丹股份,22.39,22.53,23.15,21.57,50027400.0
20260316,300642,透景生命,17.57,17.47,17.69,17.35,2092300.0
20260316,300643,万通智控,22.1,21.76,22.19,21.05,15169600.0
20260316,300644,南京聚隆,31.34,31.34,31.7,30.88,2721100.0
20260316,300645,正元智慧,18.7,18.88,19.04,18.66,2951100.0
20260316,300647,超频三,6.82,6.86,6.87,6.73,8796800.0
20260316,300648,星云股份,57.98,56.88,58.5,55.4,3944000.0
20260316,300649,杭州园林,15.09,15.26,15.38,14.97,2506600.0
20260316,300650,太龙股份,16.89,17.59,17.59,16.74,5910000.0
20260316,300651,金陵体育,27.45,28.76,30.0,27.43,13618500.0
20260316,300652,雷迪克,45.88,46.25,46.39,45.75,1151800.0
20260316,300653,正海生物,20.35,20.34,20.49,20.17,1192200.0
20260316,300654,世纪天鸿,11.21,11.23,11.34,11.06,7140800.0
20260316,300655,晶瑞电材,16.03,16.3,16.3,15.68,33286000.0
20260316,300656,民德电子,23.35,23.85,23.85,23.16,2216900.0
20260316,300657,弘信电子,31.39,32.29,32.49,30.52,29924900.0
20260316,300658,延江股份,26.46,25.86,26.58,24.6,26119100.0
20260316,300659,中孚信息,14.78,15.1,15.1,14.69,5027500.0
20260316,300660,江苏雷利,46.02,46.34,46.38,45.37,3843700.0
20260316,300661,圣邦股份,73.3,77.32,78.45,72.3,35859600.0
20260316,300662,科锐国际,25.19,25.48,25.65,25.09,2436500.0
20260316,300663,科蓝软件,15.36,15.63,15.68,15.33,10689200.0
20260316,300664,鹏鹞环保,6.29,6.2,6.49,6.15,37461400.0
20260316,300665,飞鹿股份,8.08,8.1,8.25,8.02,5448900.0
20260316,300666,江丰电子,145.75,142.7,146.9,138.5,9277400.0
20260316,300667,必创科技,17.27,17.51,17.53,17.17,3973700.0
20260316,300668,杰恩股份,27.64,28.93,29.99,27.18,8564400.0
20260316,300669,沪宁股份,33.43,33.82,33.98,32.57,3003600.0
20260316,300670,大烨智能,7.19,7.1,7.26,7.03,9371900.0
20260316,300671,富满微,39.9,41.63,42.2,39.22,11295800.0
20260316,300672,国科微,163.88,178.78,185.6,162.74,24974200.0
20260316,300673,佩蒂股份,16.54,16.5,16.68,16.36,1946500.0
20260316,300674,宇信科技,22.12,21.77,22.28,21.7,11591200.0
20260316,300675,建科院,16.02,16.08,16.48,15.72,3910000.0
20260316,300676,华大基因,44.09,44.62,44.64,43.91,3266200.0
20260316,300677,英科医疗,61.2,58.3,61.47,57.7,27811800.0
20260316,300678,中科信息,31.22,31.63,31.67,30.88,7059100.0
20260316,300679,电连技术,37.34,37.53,37.88,36.91,6387200.0
20260316,300680,隆盛科技,42.15,42.47,42.47,41.49,4444700.0
20260316,300681,英搏尔,22.88,22.87,22.88,22.41,4367200.0
20260316,300682,朗新科技,18.66,18.1,18.75,17.8,30917200.0
20260316,300683,海特生物,34.85,36.22,36.98,33.81,9045500.0
20260316,300684,中石科技,53.77,56.35,56.5,52.88,14446600.0
20260316,300685,艾德生物,21.4,21.8,21.84,21.1,19464000.0
20260316,300686,智动力,15.65,15.25,15.65,15.0,7096400.0
20260316,300687,赛意信息,20.26,20.44,20.45,19.97,5874300.0
20260316,300688,创业黑马,30.5,31.18,31.21,30.11,7506900.0
20260316,300689,澄天伟业,49.07,50.05,50.2,48.06,2830900.0
20260316,300690,双一科技,37.55,38.69,40.55,35.8,32979200.0
20260316,300691,联合光电,17.58,17.48,17.58,17.0,5914200.0
20260316,300692,中赋科技,8.07,8.11,8.15,8.0,11969500.0
20260316,300693,盛弘股份,47.77,47.2,48.01,45.37,16497200.0
20260316,300694,蠡湖股份,12.92,12.98,13.04,12.83,4605200.0
20260316,300695,兆丰股份,73.75,73.7,74.18,72.91,537500.0
20260316,300696,爱乐达,29.16,30.27,30.48,28.8,7402000.0
20260316,300697,电工合金,16.0,16.11,16.22,15.75,8210400.0
20260316,300698,万马科技,36.63,37.14,37.16,36.08,2153600.0
20260316,300699,光威复材,37.99,37.31,39.38,37.21,28641200.0
20260316,300700,岱勒新材,14.04,14.26,14.36,13.72,9155300.0
20260316,300701,森霸传感,12.28,12.33,12.34,12.07,3425400.0
20260316,300702,天宇股份,22.81,22.48,22.81,22.14,4801200.0
20260316,300703,创源股份,20.28,20.52,21.35,20.09,9265900.0
20260316,300705,九典制药,14.7,14.74,14.78,14.61,3944700.0
20260316,300706,阿石创,37.0,37.64,37.65,36.52,6087800.0
20260316,300707,威唐工业,16.78,16.99,16.99,16.7,3425600.0
20260316,300708,聚灿光电,11.26,11.08,11.33,10.88,71072400.0
20260316,300709,精研科技,42.51,42.72,42.76,41.41,5338400.0
20260316,300710,万隆光电,30.56,30.5,30.6,30.04,1803200.0
20260316,300711,广哈通信,25.89,26.1,26.14,25.56,4209100.0
20260316,300712,永福股份,31.0,30.85,31.1,30.27,5870200.0
20260316,300713,英可瑞,18.98,18.69,19.19,18.5,3938400.0
20260316,300715,凯伦股份,13.9,13.97,14.14,13.55,7308900.0
20260316,300717,华信新材,22.35,22.25,22.6,22.12,2133400.0
20260316,300718,长盛轴承,73.18,73.49,73.55,72.19,2518600.0
20260316,300719,安达维尔,17.68,18.19,18.2,17.55,10475400.0
20260316,300720,海川智能,48.0,49.15,49.96,47.6,9312800.0
20260316,300721,怡达股份,15.9,15.77,16.5,15.46,14662700.0
20260316,300722,新余国科,31.3,31.51,31.57,31.1,2522900.0
20260316,300723,一品红,32.12,32.52,32.95,32.12,4791600.0
20260316,300724,捷佳伟创,121.71,119.89,122.8,118.27,13724100.0
20260316,300725,药石科技,37.39,37.42,37.53,37.0,4765200.0
20260316,300726,宏达电子,47.42,47.72,47.75,46.35,5104900.0
20260316,300727,润禾材料,33.8,34.28,34.38,33.5,3720800.0
20260316,300729,乐歌股份,13.32,13.48,13.49,13.32,2660500.0
20260316,300730,科创信息,12.74,12.94,13.0,12.69,5135200.0
20260316,300731,科创新源,71.35,73.8,73.93,66.78,13212200.0
20260316,300732,设研院,7.58,7.6,7.68,7.53,5483800.0
20260316,300733,西菱动力,16.98,16.89,16.98,16.68,1968700.0
20260316,300735,光弘科技,22.86,23.04,23.05,22.51,7488100.0
20260316,300736,百邦科技,21.34,22.19,22.89,21.32,6667000.0
20260316,300737,科顺股份,6.74,6.66,6.98,6.56,32772400.0
20260316,300738,奥飞数据,22.68,23.39,23.4,22.02,85299500.0
20260316,300739,明阳电路,27.74,28.1,28.17,26.89,23884500.0
20260316,300740,水羊股份,20.81,20.92,20.94,20.44,8469700.0
20260316,300741,华宝股份,17.79,17.73,17.79,17.56,1592100.0
20260316,300743,天地数码,19.54,19.51,19.63,19.3,2231000.0
20260316,300745,欣锐科技,25.63,26.19,26.2,25.11,3129300.0
20260316,300746,汉嘉数智,12.73,12.98,13.09,12.68,3272000.0
20260316,300747,锐科激光,31.29,30.88,31.4,29.96,20655100.0
20260316,300748,金力永磁,33.81,33.41,33.96,32.69,29679600.0
20260316,300749,顶固集创,37.73,35.2,37.8,30.18,25665400.0
20260316,300750,宁德时代,401.77,408.4,413.17,398.0,37352100.0
20260316,300751,迈为股份,248.0,250.7,251.9,245.01,5133700.0
20260316,300752,隆利科技,19.48,19.63,19.91,19.25,7742100.0
20260316,300753,爱朋医疗,34.7,33.82,36.2,33.5,15797300.0
20260316,300755,华致酒行,14.2,14.33,14.69,14.19,6919800.0
20260316,300756,金马游乐,42.52,41.43,42.64,41.18,2548900.0
20260316,300757,罗博特科,380.25,378.92,387.0,368.59,6468400.0
20260316,300758,七彩化学,15.17,15.07,15.49,14.75,16083000.0
20260316,300759,康龙化成,27.65,27.87,28.35,27.55,20410500.0
20260316,300760,迈瑞医疗,179.0,177.25,179.13,176.66,5175900.0
20260316,300761,立华股份,22.0,22.05,22.66,21.92,9859900.0
20260316,300762,上海瀚讯,36.44,36.68,36.78,35.76,19040900.0
20260316,300763,锦浪科技,105.7,101.39,106.01,100.1,20577000.0
20260316,300765,石药创新,29.99,32.0,32.35,29.97,14028000.0
20260316,300766,每日互动,39.52,37.25,39.99,37.0,35536800.0
20260316,300767,震安科技,20.48,20.66,20.67,20.28,4951100.0
20260316,300768,迪普科技,17.41,17.54,17.6,17.25,3523500.0
20260316,300769,德方纳米,46.25,46.2,47.28,45.8,23132600.0
20260316,300770,新媒股份,41.34,41.72,41.76,41.28,2190100.0
20260316,300771,智莱科技,14.66,14.8,14.83,14.53,2987800.0
20260316,300772,运达股份,20.96,20.18,21.04,19.98,25508200.0
20260316,300773,拉卡拉,27.9,27.79,28.78,27.41,74495500.0
20260316,300774,倍杰特,22.19,21.75,22.35,21.0,10678300.0
20260316,300775,三角防务,37.02,37.04,37.36,36.46,15698600.0
20260316,300776,帝尔激光,82.68,80.37,83.12,79.11,6918500.0
20260316,300777,中简科技,40.29,40.18,41.45,39.6,13322200.0
20260316,300778,新城市,13.35,13.51,13.62,13.28,2851900.0
20260316,300779,惠城环保,103.0,100.02,105.01,98.36,8107100.0
20260316,300780,德恩精工,22.4,22.34,22.7,22.0,5610300.0
20260316,300781,因赛集团,36.9,37.99,38.0,36.9,3953900.0
20260316,300782,卓胜微,79.3,80.13,80.99,78.5,7812400.0
20260316,300783,三只松鼠,19.11,19.4,19.4,19.11,5251700.0
20260316,300784,利安科技,52.4,52.58,52.87,52.01,545900.0
20260316,300785,值得买,49.56,50.33,50.5,48.99,6072900.0
20260316,300786,国林科技,15.55,16.4,16.68,15.36,11158900.0
20260316,300787,海能实业,12.53,12.61,12.62,12.39,3618800.0
20260316,300788,中信出版,35.97,36.18,36.8,35.34,5333200.0
20260316,300789,唐源电气,21.7,22.26,22.29,21.66,1260700.0
20260316,300790,宇瞳光学,26.61,26.4,26.67,25.71,7587500.0
20260316,300791,仙乐健康,20.69,20.58,20.72,20.48,1261500.0
20260316,300792,壹网壹创,36.94,38.38,38.48,36.9,6427800.0
20260316,300793,佳禾智能,16.0,15.97,16.01,15.8,5517600.0
20260316,300795,米奥会展,12.38,12.54,12.54,12.34,1933300.0
20260316,300796,贝斯美,9.93,9.67,10.09,9.61,11473800.0
20260316,300797,钢研纳克,16.06,16.09,16.16,15.85,2973000.0
20260316,300798,锦鸡股份,9.92,10.13,10.2,9.67,47272800.0
20260316,300800,力合科技,12.86,12.84,12.92,12.61,2665600.0
20260316,300801,泰和科技,28.94,28.84,29.3,28.54,3892100.0
20260316,300802,矩子科技,20.66,21.27,21.27,20.31,5750300.0
20260316,300803,指南针,103.27,104.94,105.2,102.1,13402900.0
20260316,300804,广康生化,54.24,51.01,55.43,49.81,5045200.0
20260316,300805,电声股份,11.6,11.77,11.78,11.53,6499700.0
20260316,300806,斯迪克,52.43,53.04,54.37,50.18,18518800.0
20260316,300807,天迈科技,50.46,50.8,51.0,49.92,742800.0
20260316,300808,久量股份,29.5,29.39,30.19,28.92,2033800.0
20260316,300809,华辰装备,34.7,34.9,34.98,34.33,2029500.0
20260316,300810,中科海讯,39.33,38.68,43.0,38.47,13113800.0
20260316,300811,铂科新材,84.06,82.79,84.66,80.21,13013300.0
20260316,300812,易天股份,38.17,37.4,38.48,36.95,8702200.0
20260316,300813,泰林生物,25.78,25.6,25.9,25.1,1834400.0
20260316,300814,中富电路,97.26,99.1,101.85,96.6,8524500.0
20260316,300815,玉禾田,22.9,22.83,22.97,22.38,4584900.0
20260316,300816,艾可蓝,67.68,68.51,69.36,66.4,2425300.0
20260316,300817,双飞集团,19.25,19.44,19.45,19.13,1117300.0
20260316,300818,耐普矿机,40.37,38.88,40.58,38.28,3809300.0
20260316,300819,聚杰微纤,49.64,49.21,50.08,48.59,3066100.0
20260316,300820,英杰电气,51.4,50.8,51.59,50.21,2779500.0
20260316,300821,东岳硅材,13.25,13.02,13.62,12.95,37425200.0
20260316,300822,贝仕达克,15.36,15.54,15.56,15.33,1708000.0
20260316,300823,建科智能,17.21,17.41,17.73,17.21,2471100.0
20260316,300824,北鼎股份,10.83,10.78,10.88,10.7,3781600.0
20260316,300825,阿尔特,9.31,9.34,9.37,9.24,4728500.0
20260316,300826,测绘股份,16.88,17.07,17.11,16.86,2549400.0
20260316,300827,上能电气,40.74,38.45,40.98,38.13,35333700.0
20260316,300828,锐新科技,20.23,20.2,20.31,19.6,6195100.0
20260316,300829,金丹科技,20.35,21.54,21.6,20.11,19551700.0
20260316,300830,金现代,12.87,12.97,12.98,12.55,24779700.0
20260316,300832,新产业,52.55,51.8,52.76,51.33,3394900.0
20260316,300833,浩洋股份,36.45,36.43,36.62,35.94,988400.0
20260316,300834,星辉环材,25.66,25.68,25.83,25.42,1879700.0
20260316,300835,龙磁科技,84.0,82.94,84.71,80.0,3359500.0
20260316,300836,佰奥智能,55.7,57.36,57.44,55.14,1560300.0
20260316,300837,浙矿股份,39.63,39.16,39.63,38.6,2187300.0
20260316,300838,浙江力诺,16.37,16.4,16.69,16.24,2420300.0
20260316,300839,博汇股份,13.61,13.52,14.02,13.36,9137800.0
20260316,300840,酷特智能,18.26,18.52,18.62,18.14,3743400.0
20260316,300841,康华生物,61.57,61.98,62.0,60.88,1443600.0
20260316,300842,帝科股份,99.0,98.5,99.45,95.28,5260100.0
20260316,300843,胜蓝股份,57.84,57.53,58.17,56.0,4249100.0
20260316,300844,山水比德,37.67,37.87,38.53,37.43,806800.0
20260316,300845,捷安高科,12.7,12.31,12.78,12.15,6516800.0
20260316,300846,首都在线,31.82,32.01,32.13,31.0,48325400.0
20260316,300847,中船汉光,17.0,17.12,17.23,16.91,4803200.0
20260316,300848,美瑞新材,16.6,16.65,16.89,16.39,5314600.0
20260316,300849,锦盛新材,20.78,20.95,21.0,20.41,2880500.0
20260316,300850,新强联,53.34,52.8,55.31,52.47,32302600.0
20260316,300851,交大思诺,31.2,31.31,31.71,31.04,972700.0
20260316,300852,四会富仕,48.72,50.7,50.7,46.91,9301400.0
20260316,300853,申昊科技,22.04,22.02,22.09,21.64,2511500.0
20260316,300854,中兰环保,24.07,24.31,24.88,23.6,3382200.0
20260316,300855,图南股份,39.97,39.47,40.1,38.55,7602700.0
20260316,300856,科思股份,13.43,13.43,13.57,13.34,3326900.0
20260316,300857,协创数据,250.0,249.01,251.45,229.8,11726300.0
20260316,300858,科拓生物,16.83,16.95,17.18,16.81,2988600.0
20260316,300859,西域旅游,36.84,37.46,37.64,36.8,3734800.0
20260316,300860,锋尚文化,25.9,27.08,27.1,25.9,3114600.0
20260316,300861,美畅股份,17.65,17.6,17.75,17.36,11131700.0
20260316,300862,蓝盾光电,23.23,23.86,23.95,23.01,4454600.0
20260316,300863,卡倍亿,52.48,51.61,52.49,51.2,1566500.0
20260316,300864,南大环境,22.02,21.83,22.17,21.58,1561900.0
20260316,300865,大宏立,28.56,28.48,28.91,28.2,1094200.0
20260316,300866,安克创新,96.95,98.73,99.6,96.95,4491600.0
20260316,300867,圣元环保,19.14,19.41,19.48,19.11,4398500.0
20260316,300868,杰美特,38.47,38.0,38.47,37.33,2464400.0
20260316,300869,康泰医学,14.24,14.42,14.42,14.2,3128800.0
20260316,300870,欧陆通,260.02,262.3,265.9,251.78,4522000.0
20260316,300871,回盛生物,25.25,27.02,27.37,25.25,21367300.0
20260316,300872,天阳科技,17.9,17.9,18.28,17.63,17982800.0
20260316,300873,海晨股份,25.49,24.91,25.5,24.47,3609800.0
20260316,300875,捷强装备,45.2,43.52,45.44,43.5,7008800.0
20260316,300876,蒙泰高新,28.16,27.5,29.0,27.37,4223100.0
20260316,300877,金春股份,31.15,31.58,31.79,30.66,2471400.0
20260316,300878,维康药业,29.37,29.39,29.5,28.9,1673900.0
20260316,300879,大叶股份,25.52,24.49,25.57,24.4,7747200.0
20260316,300880,迦南智能,23.18,24.17,24.24,22.95,14458900.0
20260316,300881,盛德鑫泰,46.55,46.2,46.6,44.59,2476700.0
20260316,300882,万胜智能,23.78,23.3,23.99,22.8,6999300.0
20260316,300883,龙利得,7.15,7.09,7.2,7.02,7866600.0
20260316,300884,狄耐克,14.66,14.9,14.98,14.6,5725500.0
20260316,300885,海昌新材,23.0,23.29,23.29,22.76,3396900.0
20260316,300886,华业香料,29.71,29.78,30.3,29.48,1861900.0
20260316,300887,谱尼测试,11.52,12.27,12.68,11.26,60279200.0
20260316,300888,稳健医疗,34.52,34.43,34.77,34.1,3274000.0
20260316,300889,爱克股份,27.15,27.04,27.45,26.4,5128500.0
20260316,300890,翔丰华,32.69,33.2,33.71,32.69,12343100.0
20260316,300891,惠云钛业,10.43,10.53,11.0,10.31,23253700.0
20260316,300892,品渥食品,28.96,29.37,29.66,28.96,1264100.0
20260316,300893,松原安全,21.79,21.65,21.97,21.48,2440100.0
20260316,300894,火星人,11.32,11.28,11.45,11.18,5115100.0
20260316,300895,铜牛信息,57.79,58.79,59.27,56.4,8067000.0
20260316,300896,爱美客,141.79,142.97,143.5,141.06,1531800.0
20260316,300897,山科智能,25.96,26.85,27.48,25.62,2831600.0
20260316,300898,熊猫乳品,24.99,25.19,25.4,24.88,1985800.0
20260316,300899,上海凯鑫,41.45,40.14,41.64,39.67,986400.0
20260316,300900,广联航空,38.91,37.91,38.98,37.41,18461300.0
20260316,300901,中胤时尚,16.55,16.55,16.63,16.34,1174200.0
20260316,300902,国安达,19.11,19.22,19.23,18.98,2274600.0
20260316,300903,科翔股份,39.7,39.76,40.3,38.5,28374600.0
20260316,300904,威力传动,68.56,65.5,69.9,65.0,3176700.0
20260316,300905,宝丽迪,32.41,32.76,32.8,31.73,4223400.0
20260316,300906,日月明,33.05,33.23,33.58,32.69,818400.0
20260316,300907,康平科技,29.24,29.34,29.5,29.02,899800.0
20260316,300908,仲景食品,27.75,27.82,27.93,27.62,978800.0
20260316,300909,汇创达,41.64,40.0,41.66,38.4,5140300.0
20260316,300910,瑞丰新材,52.4,51.33,52.56,50.5,2798000.0
20260316,300911,亿田智能,40.54,40.07,40.65,38.87,5483900.0
20260316,300912,凯龙高科,26.82,26.93,26.98,26.0,5305000.0
20260316,300913,兆龙互连,51.5,51.94,52.2,50.03,4421600.0
20260316,300915,海融科技,25.92,25.66,26.05,25.3,1151400.0
20260316,300916,朗特智能,29.85,29.8,29.87,29.4,1325400.0
20260316,300917,特发服务,34.6,35.36,35.86,34.6,5680400.0
20260316,300918,南山智尚,15.26,15.36,15.43,15.24,4066000.0
20260316,300919,中伟新材,53.86,52.73,54.1,51.66,11480100.0
20260316,300920,润阳科技,40.52,41.68,41.91,40.21,1761000.0
20260316,300921,南凌科技,26.12,26.85,26.85,25.71,8836600.0
20260316,300922,天秦装备,20.97,21.02,21.07,20.68,2219400.0
20260316,300923,研奥股份,29.28,28.84,29.28,28.53,1354400.0
20260316,300925,法本信息,19.58,19.83,19.87,19.5,5879500.0
20260316,300926,博俊科技,29.08,29.32,29.36,28.54,2991200.0
20260316,300927,江天化学,35.63,33.51,37.22,33.01,16502100.0
20260316,300928,华安鑫创,32.59,32.78,33.07,32.42,1074800.0
20260316,300929,华骐环保,12.56,12.7,12.87,12.52,3464500.0
20260316,300930,屹通新材,32.49,32.07,32.78,31.4,1502300.0
20260316,300931,通用电梯,12.85,13.16,13.34,12.74,7588200.0
20260316,300932,三友联众,15.77,15.09,15.94,14.92,25970500.0
20260316,300933,中辰股份,9.04,8.82,9.05,8.71,17301600.0
20260316,300935,盈建科,32.5,33.6,33.93,32.2,1760200.0
20260316,300936,中英科技,59.28,65.62,69.98,58.6,11988400.0
20260316,300937,药易购,31.22,31.61,31.73,30.85,1322200.0
20260316,300938,信测标准,39.68,40.19,40.65,38.5,6747900.0
20260316,300939,秋田微,37.43,39.62,39.62,37.0,9572700.0
20260316,300940,南极光,24.38,24.35,24.49,24.12,2537800.0
20260316,300941,创识科技,21.55,21.99,22.03,21.51,3007600.0
20260316,300942,易瑞生物,9.58,9.58,9.65,9.49,5834300.0
20260316,300943,春晖智控,32.2,30.18,32.67,29.36,21617900.0
20260316,300945,曼卡龙,17.39,17.2,17.53,16.92,10662200.0
20260316,300946,恒而达,47.9,48.01,48.29,47.2,882100.0
20260316,300947,德必集团,17.81,18.18,18.28,17.81,2308200.0
20260316,300948,冠中生态,21.75,21.94,22.17,21.33,4676300.0
20260316,300949,奥雅股份,40.51,42.21,42.42,40.51,1058000.0
20260316,300950,德固特,22.95,22.78,23.02,22.4,2082600.0
20260316,300951,博硕科技,38.23,38.85,38.95,37.37,3014100.0
20260316,300952,恒辉安防,38.95,38.63,39.08,37.9,3142800.0
20260316,300953,震裕科技,171.2,167.99,171.98,167.0,2850600.0
20260316,300955,嘉亨家化,36.51,35.45,36.6,35.04,2008300.0
20260316,300956,英力股份,16.1,16.26,16.27,16.02,2637300.0
20260316,300957,贝泰妮,43.1,43.29,43.53,42.64,4476000.0
20260316,300958,建工修复,14.51,14.4,14.68,14.2,3885800.0
20260316,300959,线上线下,80.43,85.0,85.9,80.0,3809200.0
20260316,300960,通业科技,25.05,25.21,25.25,24.82,1098000.0
20260316,300961,深水海纳,14.86,15.75,16.38,14.86,40130400.0
20260316,300962,中金辐照,18.71,18.32,18.82,18.3,7960900.0
20260316,300963,中洲特材,21.86,20.9,21.88,20.82,24295400.0
20260316,300964,本川智能,63.0,70.99,72.72,62.54,11520800.0
20260316,300965,恒宇信通,56.8,56.8,56.89,55.88,342200.0
20260316,300966,共同药业,21.23,21.43,21.54,21.03,1658400.0
20260316,300967,晓鸣股份,20.33,20.71,21.38,20.27,9838500.0
20260316,300968,格林精密,12.76,12.91,12.91,12.63,3028400.0
20260316,300969,恒帅股份,135.98,141.3,141.56,135.02,1941900.0
20260316,300970,华绿生物,24.8,24.78,25.25,24.54,3888700.0
20260316,300971,博亚精工,24.32,24.14,24.49,23.91,3301600.0
20260316,300972,万辰集团,199.8,200.5,204.0,194.1,1551300.0
20260316,300973,立高食品,37.07,36.68,37.23,36.0,2716700.0
20260316,300975,商络电子,16.51,17.37,17.75,16.5,65629500.0
20260316,300976,达瑞电子,58.0,58.27,58.27,57.22,1204100.0
20260316,300977,深圳瑞捷,19.97,19.92,20.23,19.67,2433100.0
20260316,300978,东箭科技,12.14,12.2,12.28,12.08,3053500.0
20260316,300979,华利集团,47.38,47.77,47.79,46.9,1664900.0
20260316,300980,祥源新材,35.5,35.0,36.09,34.33,2677300.0
20260316,300981,中红医疗,15.91,15.48,16.5,15.25,37466900.0
20260316,300982,苏文电能,26.86,26.45,27.0,25.88,8333100.0
20260316,300983,尤安设计,30.81,32.3,33.26,30.71,5215200.0
20260316,300984,金沃股份,61.43,61.68,62.2,60.51,1387200.0
20260316,300985,致远新能,26.01,25.65,26.5,24.22,8939600.0
20260316,300986,志特新材,25.95,27.38,28.31,25.7,42886500.0
20260316,300987,川网传媒,18.08,18.37,18.38,17.97,3907700.0
20260316,300988,津荣天宇,28.64,27.81,28.91,27.41,6562600.0
20260316,300989,蕾奥规划,15.0,16.28,16.48,15.0,9187200.0
20260316,300990,同飞股份,88.07,89.38,90.0,83.27,3849800.0
20260316,300991,创益通,59.0,59.03,59.5,57.12,2213500.0
20260316,300992,泰福泵业,32.63,31.66,32.99,31.17,3473300.0
20260316,300993,玉马科技,13.13,13.16,13.27,13.04,1961200.0
20260316,300994,久祺股份,15.32,15.5,15.54,15.28,2067600.0
20260316,300995,奇德新材,36.3,36.7,37.1,36.19,1314300.0
20260316,300996,普联软件,17.13,17.59,17.68,17.11,7378900.0
20260316,300997,欢乐家,20.91,21.23,21.48,20.88,4664400.0
20260316,300998,宁波方正,23.95,24.13,24.23,23.8,2179400.0
20260316,300999,金龙鱼,32.03,31.47,32.04,31.33,24023100.0
20260316,301000,肇民科技,32.8,33.13,33.15,32.51,1757800.0
20260316,301001,凯淳股份,31.0,31.34,31.46,30.8,1096300.0
20260316,301002,崧盛股份,40.57,38.9,41.6,38.5,3582800.0
20260316,301003,江苏博云,51.51,50.7,51.8,49.38,3644200.0
20260316,301004,嘉益股份,51.13,50.85,51.27,50.39,417800.0
20260316,301005,超捷股份,146.51,145.23,148.44,142.2,5537100.0
20260316,301006,迈拓股份,18.7,18.59,18.87,18.4,1543400.0
20260316,301007,德迈仕,34.44,34.35,34.68,33.53,2396000.0
20260316,301008,宏昌科技,31.41,31.88,31.88,31.26,1282600.0
20260316,301009,可靠股份,12.21,12.16,12.31,12.0,2870200.0
20260316,301010,晶雪节能,23.3,23.31,23.63,22.71,3504600.0
20260316,301011,华立科技,23.89,24.11,24.11,23.62,993000.0
20260316,301012,扬电科技,31.3,30.92,31.58,30.2,11836800.0
20260316,301013,利和兴,23.3,24.26,25.1,23.09,10275800.0
20260316,301015,百洋医药,22.22,22.4,22.67,22.22,3261100.0
20260316,301016,雷尔伟,23.8,23.89,24.12,23.68,1741800.0
20260316,301017,漱玉平民,14.53,14.55,14.59,14.34,3241300.0
20260316,301018,申菱环境,101.46,104.03,106.66,98.16,14191500.0
20260316,301019,宁波色母,22.0,22.14,22.28,21.85,1139500.0
20260316,301020,密封科技,22.5,22.47,22.6,22.22,1097100.0
20260316,301021,英诺激光,55.84,55.8,56.27,53.75,5664500.0
20260316,301022,海泰科,33.51,33.98,34.24,33.0,3128000.0
20260316,301023,奕帆传动,43.12,42.97,43.39,42.5,1037700.0
20260316,301024,霍普股份,39.0,39.2,39.38,38.48,840800.0
20260316,301025,读客文化,11.27,11.43,11.44,11.17,6492100.0
20260316,301026,浩通科技,30.2,29.85,30.36,29.17,5805100.0
20260316,301027,华蓝集团,22.22,23.34,23.48,21.85,11066800.0
20260316,301028,鼎熔岩,14.88,14.74,14.97,14.52,3359100.0
20260316,301029,怡合达,28.02,28.12,28.15,27.32,7929000.0
20260316,301031,中熔电气,138.15,139.55,139.88,135.18,1905400.0
20260316,301032,新柴股份,13.85,13.9,14.04,13.75,7005000.0
20260316,301033,迈普医学,66.7,66.95,67.54,66.3,454400.0
20260316,301035,润丰股份,82.0,79.5,82.8,78.5,1694500.0
20260316,301036,双乐股份,30.43,30.53,30.94,29.93,1197700.0
20260316,301037,保立佳,16.24,16.16,16.5,16.03,1793100.0
20260316,301038,深水规院,22.31,22.71,23.63,22.13,6442300.0
20260316,301039,中集车辆,9.33,9.1,9.39,9.03,21353300.0
20260316,301040,中环海陆,40.85,39.82,41.81,39.21,6824700.0
20260316,301041,金百泽,29.0,30.6,30.74,28.85,9709500.0
20260316,301042,安联锐视,94.0,91.7,95.0,91.19,1306500.0
20260316,301043,绿岛风,54.54,60.01,60.99,54.09,3747600.0
20260316,301045,天禄科技,48.0,49.14,50.23,46.82,3791300.0
20260316,301046,能辉科技,27.41,27.1,27.66,26.53,6665100.0
20260316,301047,义翘神州,71.17,72.17,72.22,70.86,654700.0
20260316,301048,金鹰重工,11.21,11.03,11.25,10.98,3726500.0
20260316,301049,超越科技,24.21,24.35,24.64,24.03,991000.0
20260316,301050,雷电微力,49.23,49.6,49.68,48.63,4678500.0
20260316,301051,信濠光电,21.5,21.55,21.69,21.18,2068200.0
20260316,301052,果麦文化,34.54,35.19,35.23,34.27,2684000.0
20260316,301053,远信工业,36.88,37.31,37.36,35.95,2765300.0
20260316,301055,张小泉,20.83,20.34,20.83,20.15,2343700.0
20260316,301056,森赫股份,15.42,15.7,15.99,15.22,3813300.0
20260316,301057,汇隆新材,36.0,37.9,38.0,35.9,3646500.0
20260316,301058,中粮科工,10.78,10.76,10.96,10.69,9088200.0
20260316,301059,金三江,14.98,14.8,15.06,14.53,5590600.0
20260316,301060,兰卫医学,10.5,10.52,10.54,10.42,4466100.0
20260316,301061,匠心家居,86.0,83.79,86.64,83.4,827000.0
20260316,301062,上海艾录,8.73,8.69,8.93,8.63,5489900.0
20260316,301063,海锅股份,28.17,28.04,29.48,27.93,13006100.0
20260316,301065,本立科技,24.94,24.68,25.07,24.45,1728900.0
20260316,301066,万事利,15.04,15.2,15.2,14.87,3893600.0
20260316,301067,显盈科技,32.78,33.11,33.11,32.35,1379300.0
20260316,301068,大地海洋,34.65,36.25,37.0,33.3,6387100.0
20260316,301069,凯盛新材,22.58,22.9,23.19,22.52,6914400.0
20260316,301070,开勒股份,62.45,64.49,64.88,61.91,2796500.0
20260316,301071,力量钻石,50.43,50.44,51.08,48.56,13775900.0
20260316,301072,中捷精工,24.28,24.24,24.71,23.96,1573100.0
20260316,301073,君亭酒店,29.38,28.51,29.65,28.02,4534200.0
20260316,301075,多瑞医药,85.92,82.76,87.2,82.52,1602700.0
20260316,301076,新瀚新材,40.75,41.12,41.4,40.4,1952000.0
20260316,301077,星华新材,28.73,29.18,29.22,28.47,1488000.0
20260316,301078,孩子王,8.94,9.05,9.07,8.94,18678900.0
20260316,301079,邵阳液压,38.85,39.88,41.88,38.85,10306500.0
20260316,301080,百普赛斯,44.86,44.33,44.95,43.84,3027600.0
20260316,301081,严牌股份,12.74,13.21,13.23,12.44,5509000.0
20260316,301082,久盛电气,20.33,19.18,20.48,18.91,17048300.0
20260316,301083,百胜智能,19.21,19.26,19.34,19.01,1555200.0
20260316,301085,亚康股份,60.4,61.72,62.49,59.48,3571500.0
20260316,301086,鸿富瀚,125.0,126.18,128.98,121.2,1851800.0
20260316,301087,可孚医疗,60.5,60.74,61.44,58.88,3080100.0
20260316,301088,戎美股份,15.12,14.85,15.19,14.78,2392400.0
20260316,301089,拓新药业,28.43,28.92,29.4,28.43,2091700.0
20260316,301090,华润材料,8.5,9.06,9.41,8.48,46165000.0
20260316,301091,深城交,24.48,24.63,24.74,24.41,2674900.0
20260316,301092,争光股份,38.8,37.8,39.7,37.41,4319500.0
20260316,301093,华兰股份,85.61,84.68,87.92,82.0,3301600.0
20260316,301095,广立微,72.31,74.48,74.59,71.0,5059700.0
20260316,301096,百诚医药,52.29,51.48,52.4,50.51,1996800.0
20260316,301097,天益医疗,60.06,61.49,61.9,59.86,756100.0
20260316,301098,金埔园林,9.34,9.3,9.44,9.18,4962300.0
20260316,301099,雅创电子,42.43,50.94,50.94,42.05,23427200.0
20260316,301100,风光股份,21.02,21.08,21.29,20.89,1508200.0
20260316,301101,明月镜片,36.3,35.74,36.39,34.99,5268500.0
20260316,301102,兆讯传媒,11.46,11.55,11.59,11.37,2325200.0
20260316,301103,何氏眼科,20.9,21.04,21.11,20.82,1390900.0
20260316,301105,鸿铭股份,55.47,56.5,56.51,53.98,1166500.0
20260316,301106,骏成科技,33.1,32.76,33.2,32.55,1067100.0
20260316,301107,瑜欣电子,30.83,30.38,30.95,30.01,1193000.0
20260316,301108,洁雅股份,30.61,30.74,30.93,30.36,837500.0
20260316,301109,军信股份,17.66,17.17,18.2,17.13,17057200.0
20260316,301110,青木科技,59.87,60.49,60.9,59.44,1877600.0
20260316,301111,粤万年青,19.9,20.01,20.27,19.75,2818900.0
20260316,301112,信邦智能,35.41,35.59,35.6,35.23,609100.0
20260316,301113,雅艺科技,27.23,27.13,27.65,26.7,1296600.0
20260316,301115,联检科技,22.53,21.69,22.53,21.44,6848900.0
20260316,301116,益客食品,11.0,11.05,11.2,10.97,3947800.0
20260316,301118,恒光股份,27.98,27.62,28.94,27.31,5784600.0
20260316,301119,正强股份,47.05,46.42,47.14,45.69,1130100.0
20260316,301120,新特电气,25.74,25.71,25.95,25.19,15588800.0
20260316,301121,紫建电子,39.87,40.24,40.24,39.12,1814200.0
20260316,301122,采纳股份,34.8,32.39,34.98,32.01,3165700.0
20260316,301123,奕东电子,56.5,60.02,60.14,55.36,8089800.0
20260316,301125,腾亚精工,24.53,25.76,26.41,24.52,7179000.0
20260316,301126,达嘉维康,12.0,12.07,12.24,11.96,3158600.0
20260316,301127,武汉天源,17.15,17.6,17.7,17.14,11965900.0
20260316,301128,强瑞技术,105.49,111.91,113.14,103.08,6167300.0
20260316,301129,瑞纳智能,27.59,28.55,28.88,27.4,4270200.0
20260316,301130,西点药业,31.79,31.78,32.12,31.55,968300.0
20260316,301131,聚赛龙,44.21,45.19,45.19,44.2,1688500.0
20260316,301132,满坤科技,39.4,41.3,41.31,38.33,8083000.0
20260316,301133,金钟股份,39.0,39.49,40.0,38.83,2739200.0
20260316,301135,瑞德智能,29.87,30.3,30.32,29.5,1443800.0
20260316,301136,招标股份,16.3,16.48,16.59,16.2,3997600.0
20260316,301137,哈焊华通,57.57,54.38,57.69,54.37,10731000.0
20260316,301138,华研精机,37.27,37.76,37.76,36.55,1208000.0
20260316,301141,中科磁业,54.0,54.26,54.66,52.88,2259600.0
20260316,301148,嘉戎技术,52.76,52.1,53.0,50.92,1761700.0
20260316,301149,隆华新材,12.5,12.22,12.65,12.11,10614000.0
20260316,301150,中一科技,51.4,53.5,55.5,51.4,21124700.0
20260316,301151,冠龙节能,19.77,19.75,19.86,19.58,1354700.0
20260316,301152,天力锂能,29.38,29.81,30.06,29.38,2606600.0
20260316,301153,中科江南,21.54,22.03,22.06,21.54,4154100.0
20260316,301155,海力风电,87.94,85.48,89.29,85.0,8509600.0
20260316,301156,美农生物,20.51,20.97,21.18,20.33,4452900.0
20260316,301157,华塑科技,57.42,60.48,60.82,57.04,2350800.0
20260316,301158,德石股份,26.86,27.48,27.85,26.75,12227400.0
20260316,301159,三维天地,46.62,47.54,47.77,45.8,2551100.0
20260316,301160,翔楼新材,64.95,65.36,65.65,63.16,2188500.0
20260316,301161,唯万密封,32.49,32.44,32.5,31.5,1838800.0
20260316,301162,国能日新,74.96,72.3,76.0,71.65,3029200.0
20260316,301163,宏德股份,32.66,33.13,34.67,32.65,8686500.0
20260316,301165,锐捷网络,91.87,89.32,92.11,87.65,6767200.0
20260316,301166,优宁维,32.79,32.87,33.19,32.65,857000.0
20260316,301167,建研设计,17.98,18.05,18.28,17.8,2576600.0
20260316,301168,通灵股份,40.06,40.46,40.57,39.47,1534000.0
20260316,301169,零点有数,57.43,56.39,57.81,55.72,1431500.0
20260316,301170,锡南科技,30.36,30.85,31.06,30.35,1330100.0
20260316,301171,易点天下,47.29,48.01,48.09,46.29,20097400.0
20260316,301172,君逸数码,26.54,28.04,28.07,26.11,6121700.0
20260316,301173,毓恬冠佳,44.22,44.33,44.58,44.02,591000.0
20260316,301175,中科环保,7.2,7.04,7.23,6.99,60898000.0
20260316,301176,逸豪新材,27.46,30.69,30.9,27.12,14247400.0
20260316,301177,迪阿股份,29.48,29.78,29.9,29.48,1358600.0
20260316,301178,天亿马,50.97,51.66,52.77,50.36,1173000.0
20260316,301179,泽宇智能,23.71,24.08,24.23,22.66,26477700.0
20260316,301180,万祥科技,21.24,20.41,21.56,20.23,12803500.0
20260316,301181,标榜股份,44.37,43.0,44.38,42.26,1925900.0
20260316,301182,凯旺科技,57.89,61.66,63.21,57.51,6717100.0
20260316,301183,东田微,146.0,151.41,152.35,144.87,3880100.0
20260316,301185,鸥玛软件,20.07,20.19,20.22,19.85,3025300.0
20260316,301186,超达装备,48.89,51.39,51.88,48.56,2284200.0
20260316,301187,欧圣电气,22.38,22.51,22.54,22.22,914800.0
20260316,301188,力诺药包,17.8,18.12,18.2,17.7,4977200.0
20260316,301189,奥尼电子,41.93,42.67,43.33,41.78,1698400.0
20260316,301190,善水科技,24.5,24.48,24.89,23.9,2298400.0
20260316,301191,菲菱科思,118.61,116.8,119.75,114.9,2844900.0
20260316,301192,泰祥股份,28.52,29.02,29.3,28.36,1073600.0
20260316,301193,家联科技,26.4,26.2,26.67,25.92,2953400.0
20260316,301195,北路智控,34.09,34.28,34.28,33.78,551800.0
20260316,301196,唯科科技,87.15,90.39,91.21,87.01,4032000.0
20260316,301197,工大科雅,23.22,23.43,23.68,22.7,2671300.0
20260316,301198,喜悦智行,15.29,15.48,15.92,15.18,4578800.0
20260316,301199,迈赫股份,23.91,24.08,24.09,23.58,1471900.0
20260316,301200,大族数控,148.79,155.26,155.3,146.28,4641100.0
20260316,301201,诚达药业,42.37,43.07,43.6,42.1,2886500.0
20260316,301202,朗威股份,40.68,41.08,41.17,39.91,1399700.0
20260316,301203,国泰环保,43.91,43.76,44.19,43.38,1180500.0
20260316,301205,联特科技,224.0,231.83,233.33,219.5,12890400.0
20260316,301206,三元生物,27.45,27.76,27.8,27.39,1464800.0
20260316,301207,华兰疫苗,19.45,19.56,19.61,19.36,3205900.0
20260316,301208,中亦科技,37.77,37.18,37.78,36.69,1383300.0
20260316,301209,联合化学,90.98,90.29,90.98,88.72,723900.0
20260316,301210,金杨精密,40.39,40.14,40.65,39.8,1922300.0
20260316,301211,亨迪药业,12.29,12.31,12.37,12.2,2624000.0
20260316,301212,联盛化学,31.0,31.81,32.24,30.88,2348800.0
20260316,301213,观想科技,72.33,72.12,72.89,70.7,1596400.0
20260316,301215,中汽股份,6.61,6.59,6.62,6.53,7098100.0
20260316,301216,万凯新材,25.8,26.29,27.01,25.3,27903200.0
20260316,301217,铜冠铜箔,41.13,42.44,43.6,40.1,34438700.0
20260316,301218,华是科技,38.15,38.39,38.91,37.37,4504300.0
20260316,301219,腾远钴业,67.7,65.9,68.3,64.52,9472200.0
20260316,301220,亚香股份,42.85,48.38,50.0,42.5,14050300.0
20260316,301221,光庭信息,53.9,54.27,54.47,53.06,1558900.0
20260316,301222,浙江恒威,33.35,33.95,34.25,33.3,3305200.0
20260316,301223,中荣股份,19.98,20.23,20.26,19.73,2955600.0
20260316,301225,恒勃股份,115.07,112.23,116.04,111.29,1380800.0
20260316,301226,祥明智能,34.8,34.78,36.16,34.14,6219200.0
20260316,301227,森鹰窗业,37.51,37.06,38.18,35.45,1802000.0
20260316,301228,实朴检测,42.6,44.86,44.98,42.6,3994300.0
20260316,301229,纽泰格,18.76,18.75,18.84,18.49,1757500.0
20260316,301230,泓博医药,39.7,39.88,39.91,39.12,2763700.0
20260316,301231,荣信文化,34.61,35.09,35.45,34.47,3401300.0
20260316,301232,飞沃科技,178.32,171.99,179.98,168.01,3931400.0
20260316,301233,盛帮股份,54.21,54.5,54.94,53.82,654100.0
20260316,301234,五洲医疗,38.5,38.37,38.66,37.61,831900.0
20260316,301235,华康洁净,48.69,51.16,51.86,47.0,7892000.0
20260316,301236,软通动力,45.5,45.54,45.54,44.6,12339600.0
20260316,301237,和顺科技,62.0,60.9,63.8,60.5,1067500.0
20260316,301238,瑞泰新材,20.8,20.98,21.13,20.69,7529300.0
20260316,301239,普瑞眼科,35.4,35.54,36.16,35.21,1737900.0
20260316,301246,宏源药业,21.8,21.83,22.17,21.61,9860900.0
20260316,301248,杰创智能,52.49,54.5,54.9,51.88,10009000.0
20260316,301251,威尔高,69.02,68.88,69.56,66.61,6531400.0
20260316,301252,同星科技,41.4,39.8,41.6,39.3,4589400.0
20260316,301255,通力科技,26.32,26.35,26.49,26.12,867400.0
20260316,301256,华融化学,15.21,14.85,15.85,14.54,22377400.0
20260316,301257,普蕊斯,62.13,60.26,62.67,58.42,2960400.0
20260316,301258,富士莱,34.42,34.64,34.67,34.01,951000.0
20260316,301259,艾布鲁,34.45,34.55,34.84,33.88,2858000.0
20260316,301260,格力博,16.11,16.11,16.17,15.93,1620200.0
20260316,301261,恒工精密,80.22,82.01,83.66,79.79,1613800.0
20260316,301262,海看股份,24.76,25.15,25.21,24.76,3113000.0
20260316,301263,泰恩康,29.18,27.81,29.18,27.4,6831100.0
20260316,301265,华新科技,20.21,21.03,21.83,20.05,19423400.0
,301266,宇邦新材,49.33,49.5,50.05,48.15,3389800.0
20260316,301267,华厦眼科,17.63,17.72,17.77,17.58,2963400.0
20260316,301268,铭利达,23.61,22.76,23.7,22.54,6953800.0
20260316,301269,华大九天,93.34,94.98,95.34,92.96,2974000.0
20260316,301270,汉仪股份,35.86,36.15,36.15,35.42,1817800.0
20260316,301272,英华特,44.5,43.59,45.3,43.11,2753500.0
20260316,301273,瑞晨环保,34.1,33.36,34.11,32.56,2570300.0
20260316,301275,汉朔科技,47.7,45.95,47.74,45.75,5086600.0
20260316,301276,嘉曼服饰,26.77,25.18,26.77,25.06,2873300.0
20260316,301277,新天地,12.42,12.55,12.6,12.39,2056700.0
20260316,301278,快可电子,45.75,45.3,47.1,44.32,5607400.0
20260316,301279,金道科技,29.09,28.77,29.2,28.5,1273800.0
20260316,301280,珠城科技,56.49,56.58,56.87,55.25,1109400.0
20260316,301281,科源制药,49.33,50.45,50.95,47.71,3856300.0
20260316,301282,金禄电子,32.36,34.38,34.72,31.7,16780700.0
20260316,301283,聚胶股份,48.65,47.91,48.65,47.16,844900.0
20260316,301285,鸿日达,78.54,74.73,79.0,71.0,5308000.0
20260316,301286,侨源股份,49.0,48.7,49.94,47.98,1655700.0
20260316,301287,康力源,42.92,43.77,44.95,42.39,1043900.0
20260316,301288,清研环境,19.18,18.74,19.19,18.71,504700.0
20260316,301289,国缆检测,57.57,56.99,57.8,56.52,484600.0
20260316,301290,东星医疗,29.23,28.59,29.81,28.45,2507300.0
20260316,301291,明阳电气,64.26,63.21,65.66,62.05,14535900.0
20260316,301292,海科新源,67.36,68.9,72.05,65.99,22939600.0
20260316,301293,三博脑科,86.98,81.5,94.38,81.49,32829100.0
20260316,301295,美硕科技,35.21,34.96,35.57,33.89,2000400.0
20260316,301296,新巨丰,8.38,8.31,8.38,8.28,2578800.0
20260316,301297,富乐德,34.95,35.75,35.8,34.71,4258300.0
20260316,301298,东利机械,16.85,16.98,17.05,16.72,2492500.0
20260316,301299,卓创资讯,66.01,68.45,68.79,66.0,2663800.0
20260316,301300,远翔新材,47.54,49.12,49.12,47.54,1868200.0
20260316,301301,川宁生物,11.65,11.56,11.76,11.44,32308800.0
20260316,301302,华如科技,28.4,28.83,29.48,28.11,10476800.0
20260316,301303,真兰仪表,16.26,16.17,16.31,15.98,3275400.0
20260316,301305,朗坤科技,27.49,27.24,28.19,26.8,6607900.0
20260316,301306,西测测试,107.75,104.93,108.8,102.0,4676100.0
20260316,301307,美利信,41.62,42.39,42.42,39.88,10212300.0
20260316,301308,江波龙,326.0,346.8,355.99,322.0,21877000.0
20260316,301309,万得凯,31.9,33.78,35.48,31.89,6000100.0
20260316,301310,鑫宏业,38.88,38.06,38.93,38.01,796800.0
20260316,301311,昆船智能,18.31,18.12,18.37,18.05,2915300.0
20260316,301312,智立方,80.0,81.58,82.22,77.33,3783100.0
20260316,301313,凡拓数创,31.78,31.7,32.1,31.22,1878400.0
20260316,301314,科瑞思,48.48,48.34,48.82,47.43,987600.0
20260316,301315,威士顿,51.75,52.49,52.49,51.6,1341500.0
20260316,301316,慧博云通,46.68,46.86,47.83,46.68,8233800.0
20260316,301317,鑫磊股份,57.3,57.2,59.77,55.41,6082600.0
20260316,301318,维海德,28.78,29.6,29.88,28.43,1408700.0
20260316,301319,唯特偶,45.92,45.2,45.92,44.37,2307400.0
20260316,301320,豪江智能,17.75,18.56,18.79,17.68,4790000.0
20260316,301321,翰博高新,21.49,21.34,21.73,21.03,3059700.0
20260316,301322,绿通科技,32.8,33.03,33.5,32.6,1745000.0
20260316,301323,新莱福,52.79,53.2,53.24,52.17,1178400.0
20260316,301325,曼恩斯特,49.99,50.43,50.55,49.53,1885400.0
20260316,301326,捷邦科技,140.11,142.01,142.01,133.98,1788200.0
20260316,301327,华宝新能,62.6,61.87,64.2,61.6,4433800.0
20260316,301328,维峰电子,51.55,52.0,52.0,50.88,908700.0
20260316,301329,信音电子,23.45,23.7,23.73,23.29,1715800.0
20260316,301330,熵基科技,38.0,39.15,39.15,37.51,7293900.0
20260316,301331,恩威医药,27.52,28.06,28.1,27.52,1015100.0
20260316,301332,德尔玛,9.55,9.56,9.6,9.49,2045700.0
20260316,301333,诺思格,64.66,64.59,65.56,64.03,932400.0
20260316,301335,天元宠物,27.09,27.06,27.28,26.81,1304800.0
20260316,301336,趣睡科技,55.62,55.77,56.11,54.92,752100.0
20260316,301337,亚华电子,30.38,30.99,31.05,30.18,1402600.0
20260316,301338,凯格精机,190.0,177.15,191.13,175.3,5563600.0
20260316,301339,通行宝,14.08,14.25,14.28,14.08,3551300.0
20260316,301345,涛涛车业,208.45,205.5,210.54,204.69,610700.0
20260316,301348,蓝箭电子,26.37,28.46,28.66,26.2,26015700.0
20260316,301349,信德新材,52.79,54.79,55.2,52.14,4778600.0
20260316,301353,普莱得,29.19,29.33,29.67,28.89,970900.0
20260316,301355,南王科技,13.07,13.13,13.23,13.0,3095000.0
20260316,301356,天振股份,22.8,23.0,23.21,22.64,1591900.0
20260316,301357,北方长龙,122.0,121.6,122.13,119.41,1512400.0
20260316,301358,湖南裕能,80.43,80.18,83.5,78.58,33875800.0
20260316,301359,东南电子,21.91,22.0,22.1,21.66,1383300.0
20260316,301360,荣旗科技,72.83,72.7,73.3,71.06,1087900.0
20260316,301361,众智科技,42.99,44.99,45.22,42.46,8331600.0
20260316,301362,民爆光电,106.4,110.5,111.89,103.59,5920600.0
20260316,301363,美好医疗,28.66,28.24,29.25,27.97,16542900.0
20260316,301365,矩阵股份,25.8,25.87,26.21,25.51,2562600.0
20260316,301366,一博科技,33.42,34.36,34.38,32.94,2163700.0
20260316,301367,瑞迈特,72.1,71.52,72.2,71.0,798100.0
20260316,301368,丰立智能,56.7,57.01,57.01,56.0,940200.0
20260316,301369,联动科技,135.1,137.21,139.49,132.66,706200.0
20260316,301370,国科恒泰,11.21,11.24,11.28,11.14,2329900.0
20260316,301371,敷尔佳,23.94,24.12,24.19,23.83,1286000.0
20260316,301372,科净源,28.29,27.91,28.3,27.6,1219700.0
20260316,301373,凌玮科技,69.91,72.65,74.81,69.0,9313900.0
20260316,301376,致欧科技,17.11,17.26,17.29,16.99,2554100.0
20260316,301377,鼎泰高科,182.8,193.5,195.98,179.0,3996100.0
20260316,301378,通达海,34.07,34.39,34.39,33.66,2197100.0
20260316,301379,天山电子,26.73,27.75,27.78,26.31,5690500.0
20260316,301380,挖金客,33.8,34.1,34.27,33.57,1151200.0
20260316,301381,赛维时代,20.2,20.66,20.66,20.0,3585400.0
20260316,301382,蜂助手,34.79,36.13,36.72,34.52,12758700.0
20260316,301383,天键股份,31.0,31.26,31.29,30.71,883900.0
20260316,301386,未来电器,27.3,27.06,27.49,26.8,2382100.0
20260316,301387,光大同创,59.8,59.09,59.92,57.95,2107500.0
20260316,301388,欣灵电气,38.69,37.6,39.01,36.67,5386300.0
20260316,301389,隆扬电子,54.0,59.0,60.5,52.35,23340800.0
20260316,301390,经纬股份,40.96,40.83,41.57,40.42,1016900.0
20260316,301391,卡莱特,77.2,76.09,77.99,75.03,2077700.0
20260316,301392,汇成真空,122.46,128.33,128.38,119.86,2984900.0
20260316,301393,昊帆生物,50.07,51.48,52.21,50.07,1275300.0
20260316,301395,仁信新材,16.41,16.38,16.41,15.95,5165500.0
20260316,301396,宏景科技,147.7,160.01,162.18,142.0,19972600.0
20260316,301397,溯联股份,30.2,30.59,30.66,29.86,1289500.0
20260316,301398,星源卓镁,51.9,52.1,53.28,51.26,1669200.0
20260316,301399,英特科技,22.0,22.19,22.36,21.51,7769300.0
20260316,301408,华人健康,18.45,18.2,18.56,18.06,6417600.0
20260316,301413,安培龙,124.93,123.2,125.25,120.81,2527700.0
20260316,301418,协昌科技,39.37,39.62,40.0,39.22,748000.0
20260316,301419,阿莱德,36.3,38.78,38.99,35.9,6195400.0
20260316,301421,波长光电,92.45,95.1,95.1,89.6,3806700.0
20260316,301428,世纪恒通,34.33,34.82,35.0,33.98,4409100.0
20260316,301429,森泰股份,21.06,21.17,21.34,20.8,1297500.0
20260316,301439,泓淋电力,17.16,16.83,17.27,16.69,7149600.0
20260316,301446,福事特,41.65,40.71,41.65,40.54,753600.0
20260316,301448,开创电气,41.82,41.8,42.1,41.41,467000.0
20260316,301449,天溯计量,81.6,88.0,88.97,81.52,4691000.0
20260316,301456,盘古智能,32.75,32.59,33.78,32.01,6769900.0
20260316,301458,钧崴电子,36.21,38.0,38.0,35.43,6816600.0
20260316,301459,丰茂股份,38.95,39.59,39.6,38.81,669600.0
20260316,301468,博盈特焊,53.61,54.86,55.89,52.34,6442300.0
20260316,301469,恒达新材,33.97,33.87,34.2,33.33,1216500.0
20260316,301479,弘景光电,95.71,99.09,101.5,95.06,3789100.0
20260316,301486,致尚科技,169.0,166.6,172.05,163.0,5095500.0
20260316,301487,盟固利,23.67,23.79,24.14,23.5,11661400.0
20260316,301488,豪恩汽电,133.0,133.06,134.0,131.0,715100.0
20260316,301489,思泉新材,178.0,183.38,186.49,172.5,3412800.0
20260316,301491,汉桑科技,55.0,55.38,55.49,54.7,597700.0
20260316,301498,乖宝宠物,58.39,58.33,59.2,58.01,2211300.0
20260316,301499,维科精密,35.1,33.53,35.19,33.28,5590900.0
20260316,301500,飞南资源,23.61,23.01,23.93,22.22,16328300.0
20260316,301501,恒鑫生活,39.38,39.76,39.8,39.28,597400.0
20260316,301502,华阳智能,45.15,45.72,45.79,44.84,1086600.0
20260316,301503,智迪科技,38.01,38.49,38.5,37.72,592200.0
20260316,301505,苏州规划,25.12,24.76,25.27,24.66,3343600.0
20260316,301507,民生健康,14.68,14.76,14.84,14.59,2210400.0
20260316,301508,中机认检,31.63,31.45,31.97,31.2,1744500.0
20260316,301509,金凯生科,37.61,38.32,38.51,37.6,3122500.0
20260316,301510,固高科技,33.55,33.98,34.0,33.21,3855700.0
20260316,301511,德福科技,39.62,40.89,41.41,38.83,42334800.0
20260316,301512,智信精密,48.84,49.02,49.39,48.05,788900.0
20260316,301515,港通医疗,24.31,23.49,24.48,23.32,2795400.0
20260316,301516,中远通,19.02,19.24,19.54,18.75,7646900.0
20260316,301517,陕西华达,56.45,56.59,57.09,55.6,2675000.0
20260316,301518,长华化学,45.18,44.19,46.14,42.82,4451700.0
20260316,301519,舜禹股份,15.39,15.2,15.48,15.02,2925700.0
20260316,301520,万邦医药,43.38,42.7,43.38,42.31,510500.0
20260316,301522,上大股份,34.22,34.16,34.22,33.33,6046600.0
20260316,301525,儒竞科技,89.15,87.18,92.8,86.88,3278100.0
20260316,301526,国际复材,12.23,12.14,12.25,11.55,124008400.0
20260316,301528,多浦乐,64.35,64.19,65.68,63.6,399100.0
20260316,301529,福赛科技,107.66,107.79,108.78,104.72,2032800.0
20260316,301533,威马农机,35.01,34.86,35.5,34.51,1232100.0
20260316,301535,浙江华远,28.88,28.91,30.39,27.61,8494500.0
20260316,301536,星宸科技,73.97,79.5,80.37,73.97,15859900.0
20260316,301538,骏鼎达,83.43,81.13,83.78,80.12,723200.0
20260316,301539,宏鑫科技,20.28,20.44,20.44,20.13,960300.0
20260316,301548,崇德科技,75.55,77.27,77.93,72.78,2447400.0
20260316,301550,斯菱智驱,146.12,143.43,147.0,141.26,3591000.0
20260316,301551,无线传媒,31.52,32.02,32.05,31.4,2530000.0
20260316,301552,科力装备,40.16,40.37,40.48,39.9,665300.0
20260316,301555,惠柏新材,40.85,40.78,41.0,40.26,3852200.0
20260316,301556,托普云农,93.0,93.47,93.65,92.31,1062100.0
20260316,301557,常友科技,109.15,109.33,110.38,107.0,1268100.0
20260316,301558,三态股份,8.52,8.72,8.72,8.48,8684900.0
20260316,301559,中集环科,18.06,18.11,18.15,17.76,2442600.0
20260316,301560,众捷汽车,37.13,39.22,39.25,36.93,3034400.0
20260316,301563,云汉芯城,147.3,153.74,154.54,146.86,1514200.0
20260316,301565,中仑新材,23.35,23.35,23.63,23.13,2829300.0
20260316,301566,达利凯普,22.03,22.51,22.58,21.81,10137000.0
20260316,301567,贝隆精密,46.35,46.97,47.19,45.55,856500.0
20260316,301568,思泰克,56.8,56.95,57.25,55.25,3584900.0
20260316,301571,国科天成,58.4,60.12,60.34,57.5,3699100.0
20260316,301575,艾芬达,49.14,49.35,49.58,48.88,455600.0
20260316,301577,美信科技,70.42,69.9,70.7,68.51,1812500.0
20260316,301578,辰奕智能,35.03,35.35,35.37,34.89,699700.0
20260316,301580,爱迪特,86.93,80.47,88.99,77.6,8432800.0
20260316,301581,黄山谷捷,49.3,49.93,49.93,48.91,569100.0
20260316,301584,建发致新,28.9,29.98,30.0,28.75,6073400.0
20260316,301585,蓝宇股份,30.05,30.32,30.34,30.05,511500.0
20260316,301586,佳力奇,46.42,46.88,46.93,46.02,718200.0
20260316,301587,中瑞股份,24.97,25.04,25.23,24.76,1866700.0
20260316,301588,美新科技,25.18,25.01,26.06,24.81,4567600.0
20260316,301589,诺瓦星云,175.31,171.24,176.39,168.66,941200.0
20260316,301590,优优绿能,194.87,200.14,200.88,191.3,818900.0
20260316,301591,肯特股份,48.01,48.25,48.97,45.81,4349600.0
20260316,301592,六九一二,115.5,117.49,118.17,115.02,522800.0
20260316,301595,太力科技,63.41,61.49,65.77,59.82,1575400.0
20260316,301596,瑞迪智驱,69.34,69.16,69.59,68.5,377300.0
20260316,301598,博科测试,62.35,62.69,62.86,62.05,307500.0
20260316,301600,慧翰股份,116.08,114.05,116.08,112.3,870700.0
20260316,301601,惠通科技,27.05,27.32,27.64,26.96,880200.0
20260316,301602,超研股份,20.92,21.15,21.17,20.88,1012900.0
20260316,301603,乔锋智能,71.99,70.88,72.16,69.78,1886800.0
20260316,301606,绿联科技,75.0,75.39,76.2,72.6,10329500.0
20260316,301607,富特科技,47.8,49.97,50.29,46.4,7245300.0
20260316,301608,博实结,86.61,87.0,87.47,84.91,925700.0
20260316,301609,山大电力,52.91,52.36,52.99,51.91,3602200.0
20260316,301611,珂玛科技,109.5,108.5,111.3,103.79,7054600.0
20260316,301613,新铝时代,50.06,50.01,50.18,49.35,1434200.0
20260316,301616,浙江华业,50.45,50.75,50.75,50.01,500500.0
20260316,301617,博苑新材,61.59,61.56,62.6,60.86,1611100.0
20260316,301618,长联科技,49.32,49.98,50.1,49.2,431400.0
20260316,301622,英思特,65.8,65.62,65.8,64.32,1326500.0
20260316,301626,苏州天脉,251.01,253.97,257.77,241.16,3512800.0
20260316,301628,强达电路,111.65,114.87,114.87,107.45,2536600.0
20260316,301629,矽电股份,280.87,288.13,300.78,269.0,1837200.0
20260316,301630,同宇新材,195.1,199.38,199.57,193.0,910600.0
20260316,301631,壹连科技,93.88,94.0,94.31,92.6,687900.0
20260316,301632,广东建科,23.18,23.32,23.35,23.11,1312600.0
20260316,301633,港迪技术,66.06,66.33,66.47,65.6,253900.0
20260316,301636,泽润新能,77.78,76.4,77.95,75.71,2067200.0
20260316,301638,南网数字,31.54,30.7,32.0,30.26,55155800.0
20260316,301656,联合动力,25.38,25.96,26.15,25.05,7489500.0
20260316,301658,首航新能,51.0,49.64,52.6,48.5,16283200.0
20260316,301662,宏工科技,151.12,152.51,153.96,148.17,793900.0
20260316,301665,泰禾股份,30.67,30.27,31.34,29.93,4905100.0
20260316,301667,纳百川,80.27,87.8,92.0,80.03,11176300.0
20260316,301668,昊创瑞通,55.48,55.55,56.2,54.33,1665400.0
20260316,301678,新恒汇,65.98,67.1,67.12,65.16,1730600.0
20260316,301680,固德电材,114.96,109.0,119.0,108.8,5821800.0
20260316,301687,新广益,63.0,63.38,64.7,62.49,4056500.0
20260316,302132,中航成飞,72.88,73.17,73.46,72.28,4885800.0
20260316,600000,浦发银行,10.22,10.29,10.32,10.22,66490500.0
20260316,600004,白云机场,9.22,9.2,9.23,9.15,9559300.0
20260316,600006,东风股份,6.9,6.98,7.04,6.83,18648000.0
20260316,600007,中国国贸,20.07,20.26,20.29,20.0,2567600.0
20260316,600008,首创环保,3.25,3.24,3.27,3.2,101993800.0
20260316,600009,上海机场,29.27,29.39,29.42,29.17,7488800.0
20260316,600010,包钢股份,2.85,2.82,2.87,2.72,1293733900.0
20260316,600011,华能国际,7.83,7.64,7.9,7.59,151481700.0
20260316,600012,皖通高速,15.14,15.39,15.45,15.12,6592800.0
20260316,600015,华夏银行,7.17,7.15,7.25,7.13,86586600.0
20260316,600016,民生银行,3.96,3.93,3.97,3.91,241961000.0
20260316,600017,日照港,3.27,3.28,3.32,3.25,43010700.0
20260316,600018,上港集团,5.19,5.2,5.23,5.18,63453500.0
20260316,600019,宝钢股份,7.12,6.88,7.14,6.86,298418200.0
20260316,600020,中原高速,4.18,4.18,4.22,4.17,14252700.0
20260316,600021,上海电力,21.02,20.37,21.05,20.3,56175600.0
20260316,600022,山东钢铁,1.73,1.67,1.75,1.66,248777500.0
20260316,600023,浙能电力,5.57,5.48,5.61,5.46,76798100.0
20260316,600025,华能水电,10.46,10.42,10.58,10.38,35192800.0
20260316,600026,中远海能,21.98,23.77,24.08,21.8,128074200.0
20260316,600027,华电国际,5.31,5.28,5.38,5.25,162211900.0
20260316,600028,中国石化,6.35,6.33,6.41,6.31,286421500.0
20260316,600029,南方航空,6.28,6.17,6.33,6.11,152240700.0
20260316,600030,中信证券,25.66,25.5,25.69,25.36,115669800.0
20260316,600031,三一重工,21.27,20.85,21.29,20.73,71845700.0
20260316,600032,浙江新能,8.96,8.63,9.04,8.58,43860000.0
20260316,600033,福建高速,3.84,3.86,3.86,3.81,38840000.0
20260316,600035,楚天高速,4.02,4.02,4.05,4.0,12826200.0
20260316,600036,招商银行,39.77,39.91,40.04,39.64,61094500.0
20260316,600037,歌华有线,7.84,7.86,7.91,7.81,13412500.0
20260316,600038,中直股份,35.79,35.65,35.84,35.42,7447600.0
20260316,600039,四川路桥,9.96,10.05,10.12,9.84,23176300.0
20260316,600048,保利发展,6.5,6.46,6.61,6.45,125586900.0
20260316,600050,中国联通,5.09,5.03,5.09,5.02,187990300.0
20260316,600051,宁波联合,8.21,8.1,8.28,8.05,6419900.0
20260316,600052,东望时代,4.22,4.25,4.27,4.2,10068400.0
20260316,600054,黄山旅游,13.55,13.82,14.35,13.41,32750100.0
20260316,600055,万东医疗,14.93,14.97,15.0,14.74,3505000.0
20260316,600056,中国医药,10.59,10.54,10.62,10.5,9334000.0
20260316,600057,厦门象屿,8.6,8.56,8.83,8.53,33829900.0
20260316,600058,五矿发展,12.49,12.07,12.55,12.03,17350900.0
20260316,600059,古越龙山,9.36,9.45,9.47,9.35,8474700.0
20260316,600060,海信视像,22.35,22.33,22.38,22.08,6911500.0
20260316,600061,国投资本,7.3,7.3,7.33,7.27,21187800.0
20260316,600062,华润双鹤,18.2,18.22,18.28,18.11,4716600.0
20260316,600063,皖维高新,7.72,7.48,8.06,7.47,110939200.0
20260316,600064,南京高科,8.9,8.84,8.93,8.82,15686200.0
20260316,600066,宇通客车,30.64,31.35,32.01,30.19,27296300.0
20260316,600067,冠城新材,4.2,4.13,4.24,4.09,29030200.0
20260316,600071,凤凰光学,20.14,20.18,20.19,19.92,2484600.0
20260316,600072,中船科技,13.88,13.41,13.96,13.35,58765100.0
20260316,600073,光明肉业,6.56,6.57,6.64,6.55,11910400.0
20260316,600075,新疆天业,7.95,7.3,8.08,7.2,88109700.0
20260316,600076,康欣新材,3.56,3.57,3.63,3.49,20397900.0
20260316,600078,澄星股份,13.53,13.14,14.1,12.88,74053400.0
20260316,600081,东风科技,11.76,11.92,12.0,11.72,3252300.0
20260316,600085,同仁堂,29.95,30.16,30.38,29.9,6611700.0
20260316,600088,中视传媒,15.08,15.15,15.22,15.03,2666200.0
20260316,600089,特变电工,30.32,29.3,30.45,28.96,229413600.0
20260316,600094,大名城,4.38,4.38,4.42,4.34,15963100.0
20260316,600095,湘财股份,9.73,9.96,9.96,9.7,24958500.0
20260316,600096,云天化,43.58,40.69,44.38,40.5,123261300.0
20260316,600097,开创国际,12.24,12.21,12.65,12.13,17164000.0
20260316,600098,广州发展,7.79,7.68,7.89,7.63,37971300.0
20260316,600099,林海股份,11.3,11.65,11.8,11.27,8148400.0
20260316,600100,同方股份,8.88,8.81,8.89,8.67,49134300.0
20260316,600101,明星电力,10.97,10.7,11.11,10.62,34790500.0
20260316,600103,青山纸业,3.64,3.73,3.74,3.64,72853800.0
20260316,600104,上汽集团,14.62,14.64,14.82,14.53,69484200.0
20260316,600105,永鼎股份,27.63,28.44,28.68,27.61,125236700.0
20260316,600106,重庆路桥,5.96,5.96,5.98,5.9,9179700.0
20260316,600108,亚盛集团,6.26,6.16,6.79,6.1,375384900.0
20260316,600109,国金证券,8.8,8.82,8.85,8.75,21843700.0
20260316,600110,诺德股份,8.27,8.37,8.45,8.16,116719300.0
20260316,600111,北方稀土,50.8,49.6,51.14,48.8,90023500.0
20260316,600113,浙江东日,56.0,55.58,56.0,54.5,2104000.0
20260316,600114,东睦股份,31.0,30.39,31.07,29.94,13297000.0
20260316,600115,中国东航,4.7,4.68,4.74,4.55,278099200.0
20260316,600116,三峡水利,6.96,6.9,7.02,6.86,24292300.0
20260316,600117,西宁特钢,2.92,2.81,2.94,2.78,58209000.0
20260316,600118,中国卫星,87.2,84.82,87.3,82.91,39353300.0
20260316,600120,浙江东方,6.16,6.16,6.19,6.1,42802900.0
20260316,600121,郑州煤电,5.72,5.28,5.85,5.15,266984700.0
20260316,600123,兰花科创,7.49,7.11,7.6,7.11,87596100.0
20260316,600125,铁龙物流,6.69,6.63,6.74,6.54,24803900.0
20260316,600126,杭钢股份,9.33,8.99,9.36,8.8,167643200.0
20260316,600127,金健米业,7.31,7.51,7.61,7.31,55678900.0
20260316,600128,苏豪弘业,11.38,11.45,11.56,11.36,4480000.0
20260316,600129,太极集团,16.8,16.87,16.93,16.75,3558700.0
20260316,600130,波导股份,4.57,4.59,4.63,4.55,10890200.0
20260316,600131,国网信通,22.1,21.05,22.3,20.72,44879600.0
20260316,600132,重庆啤酒,58.4,58.57,59.43,58.14,6043000.0
20260316,600133,东湖高新,9.62,9.51,9.63,9.36,20224300.0
20260316,600135,乐凯胶片,10.74,10.44,10.79,10.22,33647100.0
20260316,600137,浪莎股份,22.64,22.88,23.16,22.51,3533500.0
20260316,600138,中青旅,9.42,9.53,9.54,9.42,8237200.0
20260316,600141,兴发集团,40.74,37.31,42.12,37.0,52051700.0
20260316,600143,金发科技,17.76,17.54,17.77,17.37,40071100.0
20260316,600148,长春一东,18.9,19.08,19.47,18.87,1925600.0
20260316,600149,廊坊发展,6.27,6.18,6.44,6.14,30477400.0
20260316,600150,中国船舶,35.6,34.91,35.61,34.63,81046900.0
20260316,600151,航天机电,13.88,13.71,13.9,13.41,30002000.0
20260316,600152,维科技术,9.7,10.75,10.75,9.47,62876500.0
20260316,600153,建发股份,9.4,9.67,9.88,9.4,37262100.0
20260316,600155,华创云信,6.79,6.76,6.82,6.73,18189300.0
20260316,600156,华升股份,8.33,8.45,8.5,8.28,7953500.0
20260316,600157,永泰能源,1.94,1.91,2.01,1.89,1553392400.0
20260316,600158,中体产业,10.85,11.02,11.23,10.84,56868000.0
20260316,600159,大龙地产,3.11,3.17,3.22,3.11,15878200.0
20260316,600160,巨化股份,38.71,38.01,39.11,37.14,33615800.0
20260316,600161,天坛生物,16.03,16.05,16.17,16.02,7208500.0
20260316,600162,香江控股,1.88,1.9,1.93,1.88,31704800.0
20260316,600163,中闽能源,6.77,6.52,6.93,6.48,51963700.0
20260316,600165,宁科生物,3.68,3.74,3.76,3.63,7347900.0
20260316,600166,福田汽车,3.06,3.02,3.08,3.0,151856900.0
20260316,600167,联美控股,6.74,6.58,6.76,6.57,13825600.0
20260316,600168,武汉控股,5.47,5.45,5.52,5.42,10316100.0
20260316,600170,上海建工,3.0,2.94,3.01,2.92,287228900.0
20260316,600171,上海贝岭,30.1,30.96,30.96,29.88,14592700.0
20260316,600172,黄河旋风,10.53,10.18,10.56,9.81,182313100.0
20260316,600173,卧龙新能,7.8,7.83,8.02,7.75,7845600.0
20260316,600176,中国巨石,25.92,24.71,26.09,23.95,147957900.0
20260316,600177,雅戈尔,7.57,7.64,7.67,7.53,38518100.0
20260316,600178,东安动力,11.68,11.75,11.75,11.61,3146500.0
20260316,600179,安通控股,4.5,4.55,4.55,4.45,43631700.0
20260316,600182,S佳通,14.41,14.4,14.47,14.3,1204200.0
20260316,600183,生益科技,63.75,64.39,64.91,61.73,46763500.0
20260316,600184,光电股份,17.12,17.15,17.21,16.8,7918700.0
20260316,600185,珠免集团,6.46,6.55,6.58,6.46,18402100.0
20260316,600186,莲花控股,6.01,6.16,6.23,5.93,105707700.0
20260316,600188,兖矿能源,21.68,20.9,22.01,20.78,98696000.0
20260316,600189,泉阳泉,8.17,8.26,8.28,8.12,7727000.0
20260316,600191,华资实业,12.91,12.85,13.07,12.83,4800800.0
20260316,600192,长城电工,9.83,9.61,9.89,9.51,14457300.0
20260316,600195,中牧股份,8.09,8.15,8.19,8.06,18961300.0
20260316,600196,复星医药,25.56,25.61,25.77,25.35,9662500.0
20260316,600197,伊力特,12.91,13.08,13.15,12.89,4594300.0
20260316,600198,大唐电信,8.78,8.85,8.85,8.66,13843700.0
20260316,600199,金种子酒,8.91,9.17,9.29,8.9,23569500.0
20260316,600201,生物股份,15.0,15.12,15.23,14.81,15668000.0
20260316,600202,哈空调,6.43,6.45,6.57,6.4,8331100.0
20260316,600203,福日电子,11.61,11.76,11.76,11.49,9755700.0
20260316,600206,有研新材,22.0,22.18,22.2,21.4,30506600.0
20260316,600207,安彩高科,5.59,5.62,5.67,5.55,21378100.0
20260316,600208,衢州发展,3.51,3.47,3.53,3.45,48008500.0
20260316,600210,紫江企业,7.44,7.34,7.46,7.31,20558000.0
20260316,600211,西藏药业,43.42,44.2,44.45,43.33,6326200.0
20260316,600212,绿能慧充,7.63,7.76,7.8,7.58,14733900.0
20260316,600215,派斯林,7.2,7.29,7.32,7.11,5569500.0
20260316,600216,浙江医药,17.88,17.14,18.12,17.0,38559600.0
20260316,600217,中再资环,4.07,4.05,4.09,4.03,17568900.0
20260316,600218,全柴动力,10.85,10.57,10.9,10.43,13522800.0
20260316,600219,南山铝业,7.37,7.15,7.5,6.97,295477800.0
20260316,600221,海航控股,1.55,1.55,1.57,1.53,376460000.0
20260316,600222,太龙药业,7.32,7.51,7.53,7.28,23267800.0
20260316,600223,福瑞达,7.05,7.13,7.14,7.04,6303700.0
20260316,600226,亨通股份,5.93,5.42,5.93,5.42,198929300.0
20260316,600227,赤天化,4.5,4.81,4.81,4.42,440457000.0
20260316,600228,返利科技,5.97,5.84,5.97,5.81,5555900.0
20260316,600229,城市传媒,6.21,6.3,6.3,6.2,3473800.0
20260316,600230,沧州大化,20.51,19.95,21.57,19.5,41479600.0
20260316,600231,凌钢股份,2.4,2.25,2.41,2.24,83300100.0
20260316,600232,金鹰股份,8.45,8.26,8.6,8.15,25336900.0
20260316,600233,圆通速递,20.61,20.41,20.85,20.26,31493300.0
20260316,600234,科新发展,14.78,14.22,14.82,14.05,6694700.0
20260316,600235,民丰特纸,7.13,7.1,7.25,7.06,6185600.0
20260316,600236,桂冠电力,9.84,9.51,9.99,9.4,33964600.0
20260316,600237,铜峰电子,10.17,10.31,10.36,9.98,24712500.0
20260316,600241,时代万恒,9.27,9.31,9.48,9.19,10099100.0
20260316,600246,万通发展,10.8,10.77,10.81,10.6,25283800.0
20260316,600248,陕建股份,3.75,3.68,3.76,3.66,37170900.0
20260316,600249,两面针,5.86,6.14,6.25,5.83,35799400.0
20260316,600250,南京商旅,11.35,11.63,11.77,11.35,13514600.0
20260316,600251,冠农股份,11.88,11.36,12.1,11.26,27853500.0
20260316,600252,中恒集团,2.62,2.64,2.66,2.62,50586500.0
20260316,600255,鑫科材料,3.6,3.58,3.62,3.51,48909600.0
20260316,600256,广汇能源,7.6,7.33,7.75,7.29,298779100.0
20260316,600257,大湖股份,6.64,6.75,6.96,6.64,15987400.0
20260316,600258,首旅酒店,16.94,16.7,17.21,16.61,13684500.0
20260316,600259,中稀有色,89.58,87.56,90.0,85.08,13033800.0
20260316,600261,阳光照明,3.95,3.96,3.97,3.9,24906200.0
20260316,600262,北方股份,27.0,27.54,27.65,26.62,4018400.0
20260316,600266,城建发展,5.41,5.41,5.5,5.39,45489200.0
20260316,600267,海正药业,10.54,10.62,10.7,10.5,11584800.0
20260316,600268,国电南自,15.0,15.0,15.27,14.67,44304700.0
20260316,600269,赣粤高速,5.01,4.99,5.05,4.98,23889700.0
20260316,600271,航天信息,9.43,9.42,9.45,9.28,16419300.0
20260316,600272,开开实业,12.98,13.17,13.22,12.9,1726600.0
20260316,600273,嘉化能源,10.38,10.15,10.49,9.93,28125000.0
20260316,600276,恒瑞医药,55.21,55.59,56.05,54.52,30775100.0
20260316,600278,东方创业,7.89,7.93,7.95,7.84,5586000.0
20260316,600279,重庆港,5.37,5.37,5.41,5.35,6693900.0
20260316,600280,中央商场,3.4,3.44,3.46,3.4,15248500.0
20260316,600281,华阳新材,5.96,5.86,6.04,5.8,22881000.0
20260316,600282,南钢股份,5.9,5.49,5.94,5.39,112987200.0
20260316,600283,钱江水利,9.54,9.56,9.58,9.41,5420300.0
20260316,600284,浦东建设,7.88,7.76,7.95,7.75,21915500.0
20260316,600285,羚锐制药,22.05,21.75,22.18,21.73,6433900.0
20260316,600287,苏豪时尚,5.92,5.95,6.04,5.91,4347000.0
20260316,600288,大恒科技,15.16,15.02,15.16,14.76,5472300.0
20260316,600292,电投水电,14.66,14.77,14.85,14.56,13778900.0
20260316,600293,三峡新材,3.56,3.5,3.64,3.45,38562700.0
20260316,600295,鄂尔多斯,15.91,15.74,16.0,15.3,15353900.0
20260316,600298,安琪酵母,42.1,40.95,42.3,40.7,9127200.0
20260316,600299,安迪苏,15.52,15.41,16.48,15.28,44472400.0
20260316,600300,维维股份,3.74,3.78,3.83,3.74,42213500.0
20260316,600301,华锡有色,58.55,55.89,58.95,53.95,14074400.0
20260316,600303,曙光股份,3.4,3.4,3.45,3.36,13170700.0
20260316,600305,恒顺醋业,7.84,7.89,7.91,7.83,6772700.0
20260316,600307,酒钢宏兴,2.16,2.0,2.17,2.0,522277800.0
20260316,600308,华泰股份,4.22,4.12,4.26,4.09,24496800.0
20260316,600309,万华化学,84.1,79.43,84.2,78.12,79853900.0
20260316,600310,广西能源,4.33,4.24,4.38,4.21,49072600.0
20260316,600312,平高电气,22.98,22.22,23.17,22.07,40199100.0
20260316,600313,农发种业,8.28,9.08,9.08,8.28,184108000.0
20260316,600315,上海家化,20.99,21.66,21.78,20.6,13156200.0
20260316,600316,洪都航空,38.76,38.4,39.01,38.09,6882800.0
20260316,600318,新力金融,8.73,8.98,9.24,8.7,40573700.0
20260316,600319,亚星化学,8.91,8.58,9.09,8.52,15471400.0
20260316,600320,振华重工,5.6,5.08,5.6,5.07,158763900.0
20260316,600322,津投城开,2.36,2.37,2.42,2.35,17615100.0
20260316,600323,瀚蓝环境,30.7,30.19,30.87,30.03,5298100.0
20260316,600325,华发股份,4.03,4.07,4.12,4.03,46101500.0
20260316,600326,西藏天路,10.71,10.55,10.77,10.5,35096400.0
20260316,600327,大东方,4.09,4.14,4.18,4.08,10298400.0
20260316,600328,中盐化工,10.25,9.9,10.64,9.85,80285500.0
20260316,600329,达仁堂,41.6,42.17,42.2,41.49,2831000.0
20260316,600330,天通股份,18.48,18.91,19.68,18.48,182803100.0
20260316,600331,宏达股份,17.5,16.55,17.55,16.1,133444100.0
20260316,600332,白云山,25.52,25.56,25.74,25.37,12409700.0
20260316,600333,长春燃气,5.75,5.71,5.87,5.68,13940800.0
20260316,600335,国机汽车,6.39,6.37,6.42,6.32,9602500.0
20260316,600336,澳柯玛,8.02,7.99,8.24,7.96,47924900.0
20260316,600338,西藏珠峰,18.08,17.67,18.18,17.25,53791400.0
20260316,600339,中油工程,4.44,4.46,4.61,4.42,142083200.0
20260316,600343,航天动力,32.05,31.59,32.19,30.9,29790000.0
20260316,600345,长江通信,41.97,40.98,42.69,40.5,11158800.0
20260316,600346,恒力石化,22.85,22.14,23.19,21.8,48914100.0
20260316,600348,华阳股份,10.21,9.81,10.26,9.79,55820700.0
20260316,600350,山东高速,9.86,10.14,10.15,9.76,11639200.0
20260316,600351,亚宝药业,6.65,6.69,6.71,6.65,10269100.0
20260316,600352,浙江龙盛,14.88,14.47,14.97,14.33,88847500.0
20260316,600353,旭光电子,16.01,16.03,16.3,15.74,22819900.0
20260316,600354,敦煌种业,7.41,7.93,8.09,7.37,113037800.0
20260316,600356,恒丰纸业,9.35,9.29,9.45,9.23,5231400.0
20260316,600358,国旅联合,6.39,6.39,6.43,6.31,6093100.0
20260316,600359,新农开发,7.66,7.88,8.03,7.66,17222100.0
20260316,600360,华微电子,9.23,9.35,9.42,9.2,11522400.0
20260316,600361,创新新材,4.86,4.77,4.92,4.7,79621200.0
20260316,600362,江西铜业,49.9,49.25,50.5,47.95,54111100.0
20260316,600363,联创光电,57.01,56.7,57.3,56.15,7047600.0
20260316,600366,宁波韵升,13.05,12.91,13.06,12.73,21262600.0
20260316,600367,红星发展,26.4,26.81,27.28,24.74,102528800.0
20260316,600368,五洲交通,4.06,4.06,4.09,4.04,14073700.0
20260316,600369,西南证券,4.35,4.37,4.38,4.33,29749100.0
20260316,600371,万向德农,9.45,9.9,9.96,9.43,24025000.0
20260316,600372,中航机载,14.2,14.09,14.2,13.93,42313600.0
20260316,600373,中文传媒,9.02,9.02,9.02,8.95,12981600.0
20260316,600375,汉马科技,5.6,5.63,5.63,5.56,10789900.0
20260316,600376,首开股份,5.51,5.57,5.76,5.49,80793900.0
20260316,600377,宁沪高速,12.4,12.41,12.54,12.38,8179600.0
20260316,600378,昊华科技,34.89,33.91,35.58,33.45,8722200.0
20260316,600379,宝光股份,12.95,12.46,13.15,12.38,10771200.0
20260316,600380,健康元,11.2,11.24,11.28,11.1,10705300.0
20260316,600382,广东明珠,8.65,8.47,8.72,8.31,17471900.0
20260316,600383,金地集团,3.12,3.1,3.16,3.1,77692200.0
20260316,600386,北巴传媒,4.2,4.25,4.28,4.2,7301400.0
20260316,600388,紫金龙净,19.12,18.6,19.24,18.5,16208900.0
20260316,600389,江山股份,32.08,31.15,33.3,30.6,20607600.0
20260316,600390,五矿资本,5.6,5.64,5.69,5.6,48694500.0
20260316,600391,航发科技,43.49,43.1,43.76,42.16,14023700.0
20260316,600392,盛和资源,25.15,24.56,25.28,24.01,59801900.0
20260316,600395,盘江股份,6.13,6.08,6.22,6.05,38898100.0
20260316,600396,华电辽能,4.27,4.27,4.27,4.27,78849500.0
20260316,600397,江钨装备,15.3,16.37,16.55,15.3,84120300.0
20260316,600398,海澜之家,6.28,6.29,6.33,6.24,23504500.0
20260316,600399,抚顺特钢,6.76,6.58,6.79,6.4,87793800.0
20260316,600400,红豆股份,2.26,2.29,2.31,2.25,26003000.0
20260316,600403,大有能源,6.81,6.66,7.01,6.6,45735200.0
20260316,600405,动力源,5.99,6.15,6.17,5.97,38147200.0
20260316,600406,国电南瑞,29.22,28.7,29.48,28.6,102719900.0
20260316,600408,安泰集团,4.13,3.91,4.23,3.91,199663600.0
20260316,600409,三友化工,8.89,8.43,9.16,8.33,85723500.0
20260316,600410,华胜天成,28.0,28.48,29.8,27.23,231918600.0
20260316,600415,小商品城,13.85,14.08,14.22,13.81,54268600.0
20260316,600416,湘电股份,14.12,13.98,14.2,13.8,19288500.0
20260316,600418,江淮汽车,48.98,49.17,49.32,48.45,21129700.0
20260316,600419,天润乳业,9.62,9.6,9.71,9.54,3527800.0
20260316,600420,国药现代,10.96,10.86,11.05,10.84,9478100.0
20260316,600422,昆药集团,12.13,12.15,12.23,12.11,3823200.0
20260316,600425,青松建化,4.72,4.55,4.74,4.53,52656100.0
20260316,600426,华鲁恒升,42.47,39.21,43.37,38.51,53845200.0
20260316,600428,中远海特,8.32,8.49,8.56,8.27,65901500.0
20260316,600429,三元股份,5.45,5.51,5.55,5.4,23038700.0
20260316,600433,冠豪高新,3.68,3.72,3.74,3.61,67782800.0
20260316,600435,北方导航,16.01,16.19,16.29,16.01,23840700.0
20260316,600436,片仔癀,156.59,161.12,161.5,156.59,3951300.0
20260316,600438,通威股份,19.33,18.79,19.43,18.7,78191100.0
20260316,600444,国机通用,18.91,18.7,19.15,18.5,3652700.0
20260316,600446,金证股份,14.02,14.16,14.25,13.97,13342500.0
20260316,600448,华纺股份,3.4,3.45,3.56,3.4,30207100.0
20260316,600449,宁夏建材,13.57,13.28,13.6,13.16,9138800.0
20260316,600452,涪陵电力,15.13,14.36,15.15,13.91,90455500.0
20260316,600455,博通股份,28.67,28.52,28.98,28.31,1302200.0
20260316,600456,宝钛股份,37.1,36.18,37.31,35.55,12276800.0
20260316,600458,时代新材,14.97,14.97,15.22,14.8,26113100.0
20260316,600459,贵研铂业,21.31,20.72,21.37,20.3,30215900.0
20260316,600460,士兰微,28.51,29.0,29.02,28.14,28090400.0
20260316,600461,洪城环境,10.03,10.13,10.17,9.99,10481700.0
20260316,600463,空港股份,10.75,10.75,10.83,10.65,3919800.0
20260316,600467,好当家,2.71,2.77,2.83,2.71,166418000.0
20260316,600468,百利电气,8.86,8.59,8.91,8.52,69939400.0
20260316,600469,风神股份,7.29,7.06,7.49,7.04,12730500.0
20260316,600470,六国化工,8.51,9.06,9.38,8.51,162512400.0
20260316,600475,华光环能,21.29,21.02,21.6,20.61,16272500.0
20260316,600477,杭萧钢构,3.54,3.41,3.56,3.37,97389600.0
20260316,600478,科力远,7.81,7.71,7.88,7.62,48803900.0
20260316,600479,千金药业,10.99,10.99,11.0,10.86,6471900.0
20260316,600480,凌云股份,10.77,10.56,10.8,10.5,16313300.0
20260316,600481,双良节能,7.35,7.08,7.41,7.01,132186100.0
20260316,600482,中国动力,33.16,32.38,33.44,31.19,45787100.0
20260316,600483,福能股份,11.01,10.7,11.08,10.66,32711700.0
20260316,600486,扬农化工,83.8,79.77,86.7,79.24,8096200.0
20260316,600487,亨通光电,49.28,47.23,50.2,46.67,125450100.0
20260316,600488,津药药业,4.22,4.21,4.26,4.18,6228100.0
20260316,600489,中金黄金,30.0,29.37,30.39,28.77,83011400.0
20260316,600490,鹏欣资源,8.5,8.36,8.61,8.18,75142500.0
20260316,600493,凤竹纺织,7.72,7.73,7.87,7.63,5911600.0
20260316,600495,晋西车轴,4.77,4.74,4.82,4.72,10809900.0
20260316,600496,精工钢构,4.34,4.22,4.37,4.19,38287000.0
20260316,600497,驰宏锌锗,9.75,9.38,9.78,9.17,178838300.0
20260316,600498,烽火通信,52.83,51.11,53.3,50.19,64204300.0
20260316,600499,科达制造,17.7,16.84,17.78,16.39,39478000.0
20260316,600500,中化国际,4.89,4.76,5.03,4.71,82602400.0
20260316,600501,航天晨光,24.19,24.4,24.65,24.04,5290500.0
20260316,600502,安徽建工,4.98,4.95,5.03,4.91,29725400.0
20260316,600503,华丽家族,2.56,2.57,2.62,2.55,23636000.0
20260316,600505,西昌电力,14.8,14.3,14.91,14.26,14566700.0
20260316,600506,统一股份,22.5,22.7,22.91,22.29,6452200.0
20260316,600507,方大特钢,6.82,6.5,6.92,6.45,34649900.0
20260316,600508,上海能源,13.79,13.46,13.98,13.41,12163400.0
20260316,600509,天富能源,9.88,9.24,9.99,9.18,105172700.0
20260316,600510,黑牡丹,8.95,8.98,9.05,8.8,7444000.0
20260316,600511,国药股份,30.46,30.17,30.53,30.02,5670500.0
20260316,600512,腾达建设,2.6,2.59,2.63,2.56,36093600.0
20260316,600513,联环药业,21.88,21.33,21.89,21.14,7040200.0
20260316,600515,海南机场,3.89,3.91,3.93,3.87,76010400.0
20260316,600516,方大炭素,6.76,6.61,6.83,6.47,177153900.0
20260316,600517,国网英大,7.24,7.12,7.29,7.1,46229900.0
20260316,600518,康美药业,1.88,1.87,1.89,1.87,120533400.0
20260316,600519,贵州茅台,1420.0,1460.18,1466.0,1420.0,6008600.0
20260316,600520,三佳科技,27.02,28.05,28.05,26.7,5273400.0
20260316,600521,华海药业,15.88,15.83,16.0,15.73,12232300.0
20260316,600522,中天科技,30.05,28.28,30.36,28.0,126979100.0
20260316,600523,贵航股份,14.73,14.85,14.85,14.6,5095000.0
20260316,600525,长园集团,5.62,5.74,5.75,5.48,25580400.0
20260316,600526,菲达环保,5.82,5.72,5.85,5.66,12227000.0
20260316,600527,江南高纤,2.57,2.6,2.73,2.57,223618400.0
20260316,600528,中铁工业,8.73,8.51,8.78,8.47,32348200.0
20260316,600529,山东药玻,19.6,19.52,19.64,19.48,4706500.0
20260316,600531,豫光金铅,15.1,14.74,15.16,14.38,71402800.0
20260316,600533,栖霞建设,2.7,2.69,2.74,2.67,14484000.0
20260316,600535,天士力,14.25,14.3,14.34,14.16,5910800.0
20260316,600536,中国软件,41.1,40.64,41.19,40.3,10727500.0
20260316,600538,国发股份,6.11,6.02,6.12,5.98,10575200.0
20260316,600539,狮头股份,12.01,12.35,12.58,12.01,9181800.0
20260316,600540,新赛股份,5.33,5.46,5.68,5.33,42059700.0
20260316,600545,卓郎智能,3.79,4.21,4.21,3.62,175595900.0
20260316,600546,山煤国际,12.5,11.88,12.55,11.83,44503100.0
20260316,600547,山东黄金,45.5,44.09,45.7,43.03,70271800.0
20260316,600548,深高速,9.13,9.12,9.18,9.09,4137600.0
20260316,600549,厦门钨业,61.2,60.4,61.87,58.62,66022500.0
20260316,600550,保变电气,17.05,16.8,17.22,16.57,73212900.0
20260316,600551,时代出版,8.42,8.51,8.51,8.36,5834200.0
20260316,600552,凯盛科技,13.5,13.44,13.6,13.1,22063900.0
20260316,600556,天下秀,6.26,6.44,6.44,6.25,44468200.0
20260316,600557,康缘药业,14.22,14.57,14.86,14.15,13244200.0
20260316,600558,大西洋,6.26,6.12,6.29,6.05,32240700.0
20260316,600559,老白干酒,14.91,15.17,15.2,14.89,12979400.0
20260316,600560,金自天正,16.09,15.93,16.09,15.73,1876000.0
20260316,600561,江西长运,7.06,7.07,7.19,6.97,5726500.0
20260316,600562,国睿科技,26.45,26.37,26.65,26.26,7275300.0
20260316,600563,法拉电子,117.9,118.41,119.44,115.26,3736400.0
20260316,600566,济川药业,26.45,26.77,26.82,26.22,3799300.0
20260316,600567,山鹰国际,1.72,1.69,1.73,1.68,126257700.0
20260316,600569,安阳钢铁,2.71,2.56,2.85,2.55,123064400.0
20260316,600570,恒生电子,27.11,27.36,27.46,27.02,20483000.0
20260316,600571,信雅达,14.75,14.82,14.92,14.66,8022200.0
20260316,600572,康恩贝,4.43,4.44,4.47,4.42,36894400.0
20260316,600573,惠泉啤酒,12.5,12.65,12.71,12.48,10382300.0
20260316,600575,淮河能源,3.96,3.99,4.07,3.9,88230700.0
20260316,600576,祥源文旅,6.35,6.49,6.5,6.34,12937800.0
20260316,600577,精达股份,14.71,14.38,14.78,14.21,57661300.0
20260316,600578,京能电力,5.64,5.38,5.71,5.36,69913000.0
20260316,600579,中化装备,8.92,8.77,9.02,8.71,8083000.0
20260316,600580,卧龙电驱,40.38,40.15,40.39,39.6,23253500.0
20260316,600582,天地科技,6.27,6.15,6.33,6.12,49649500.0
20260316,600583,海油工程,7.33,7.09,7.58,7.03,150901400.0
20260316,600584,长电科技,45.31,45.75,46.46,44.15,70527100.0
20260316,600585,海螺水泥,25.26,25.0,25.65,24.81,32446600.0
20260316,600586,金晶科技,6.25,6.07,6.28,6.02,59252200.0
20260316,600587,新华医疗,15.41,15.48,15.55,15.35,10820300.0
20260316,600588,用友网络,13.21,13.23,13.23,12.98,36695300.0
20260316,600589,大位科技,10.85,10.71,10.88,10.4,139046900.0
20260316,600590,泰豪科技,14.6,14.34,14.72,13.9,62371600.0
20260316,600592,龙溪股份,21.87,22.1,22.1,21.72,4561400.0
20260316,600593,大连圣亚,38.99,37.85,39.12,37.3,5148100.0
20260316,600594,益佰制药,3.98,4.0,4.07,3.98,11016300.0
20260316,600595,中孚实业,8.6,8.68,8.82,8.3,91374400.0
20260316,600596,新安股份,13.14,12.51,13.36,12.41,36791300.0
20260316,600597,光明乳业,7.92,7.95,7.98,7.91,6875100.0
20260316,600598,北大荒,17.54,17.77,18.35,17.54,56218100.0
20260316,600600,青岛啤酒,63.46,63.83,64.23,63.46,7331900.0
20260316,600601,方正科技,10.53,10.73,10.8,10.4,79143600.0
20260316,600602,云赛智联,20.5,21.31,21.5,20.02,80753800.0
20260316,600603,广汇物流,8.05,8.05,8.27,8.05,23181200.0
20260316,600604,市北高新,5.15,5.21,5.23,5.15,6023900.0
20260316,600605,汇通能源,29.97,31.26,31.51,29.97,10876800.0
20260316,600606,绿地控股,1.65,1.65,1.67,1.63,97937300.0
20260316,600609,金杯汽车,4.38,4.44,4.44,4.38,10460200.0
20260316,600610,中毅达,10.77,10.58,11.16,10.51,42838800.0
20260316,600611,大众交通,5.42,5.42,5.45,5.41,11629600.0
20260316,600612,老凤祥,42.05,42.62,42.76,42.05,1397900.0
20260316,600613,神奇制药,6.35,6.37,6.44,6.3,6210000.0
20260316,600615,鑫源智造,12.65,12.61,12.78,12.51,3093900.0
20260316,600616,金枫酒业,5.35,5.44,5.44,5.34,7669300.0
20260316,600617,国新能源,3.41,3.39,3.51,3.37,48826200.0
20260316,600618,氯碱化工,14.95,14.42,15.66,14.42,25534900.0
20260316,600619,海立股份,17.85,17.83,17.9,17.52,11317400.0
20260316,600620,天宸股份,6.62,6.61,6.71,6.56,4623700.0
20260316,600621,华鑫股份,15.36,15.42,15.46,15.28,9916000.0
20260316,600622,光大嘉宝,2.79,2.81,2.83,2.79,20608500.0
20260316,600623,华谊集团,11.61,11.02,11.85,10.98,49762400.0
20260316,600626,申达股份,4.41,4.47,4.55,4.41,10602400.0
20260316,600628,新世界,9.06,8.89,9.28,8.82,52896600.0
20260316,600629,华建集团,21.66,22.35,22.5,20.81,31878500.0
20260316,600630,龙头股份,8.32,8.44,8.45,8.32,4489600.0
20260316,600633,浙数文化,12.84,12.74,12.9,12.61,27784400.0
20260316,600635,大众公用,6.22,6.23,6.32,6.19,53528700.0
20260316,600637,东方明珠,10.41,10.47,10.47,10.32,30139400.0
20260316,600638,新黄浦,6.45,6.52,6.58,6.4,8421000.0
20260316,600639,浦东金桥,10.87,11.06,11.14,10.85,17223700.0
20260316,600640,国脉文化,12.56,12.72,12.73,12.48,4914500.0
20260316,600641,先导基电,18.4,18.61,18.66,17.74,23469800.0
20260316,600642,申能股份,9.2,9.09,9.25,9.02,31052700.0
20260316,600643,爱建集团,4.62,4.65,4.69,4.61,11480900.0
20260316,600644,乐山电力,12.61,12.49,12.94,12.38,28393000.0
20260316,600645,中源协和,29.5,30.46,30.62,29.07,16457900.0
20260316,600648,外高桥,10.51,10.4,10.51,10.2,4762700.0
20260316,600649,城投控股,4.9,4.94,5.07,4.89,50826100.0
20260316,600650,锦江在线,14.42,14.52,14.52,14.36,2186400.0
20260316,600651,飞乐音响,7.24,7.35,7.35,7.21,13537100.0
20260316,600653,申华控股,1.91,1.92,1.94,1.9,23703800.0
20260316,600654,中安科,3.5,3.54,3.55,3.49,39729500.0
20260316,600655,豫园股份,4.98,4.99,5.01,4.94,10722600.0
20260316,600657,信达地产,3.25,3.31,3.32,3.25,16276200.0
20260316,600658,电子城,4.98,5.02,5.04,4.95,8322600.0
20260316,600660,福耀玻璃,59.1,58.95,59.51,57.97,14809600.0
20260316,600661,昂立教育,10.09,10.24,10.27,10.08,3188300.0
20260316,600662,外服控股,5.49,5.53,5.53,5.45,10755900.0
20260316,600663,陆家嘴,7.97,7.94,8.01,7.88,8094900.0
20260316,600664,哈药股份,3.58,3.58,3.61,3.56,24758000.0
20260316,600665,天地源,3.52,3.54,3.61,3.5,10618600.0
20260316,600666,奥瑞德,4.19,4.23,4.28,4.1,185603700.0
20260316,600667,太极实业,10.27,11.26,11.26,10.27,221050400.0
20260316,600668,尖峰集团,11.05,10.98,11.06,10.93,3629700.0
20260316,600671,天目药业,21.35,21.26,21.58,21.05,1905100.0
20260316,600673,东阳光,34.82,34.98,34.99,33.11,77692700.0
20260316,600674,川投能源,15.72,15.56,15.92,15.46,39818400.0
20260316,600675,中华企业,2.8,2.82,2.85,2.79,42530800.0
20260316,600676,久事动娱,7.77,7.85,7.97,7.73,17431300.0
20260316,600679,上海凤凰,11.98,12.22,12.26,11.96,2691000.0
20260316,600681,百川能源,4.48,4.4,4.51,4.38,39359000.0
20260316,600682,南京新百,7.19,7.18,7.26,7.15,12126500.0
20260316,600683,京投发展,9.58,9.64,9.64,9.03,24390000.0
20260316,600684,珠江股份,4.99,5.09,5.09,4.97,14804200.0
20260316,600685,中船防务,33.88,33.16,34.07,32.95,15178400.0
20260316,600686,金龙汽车,16.8,16.94,17.1,16.59,12042500.0
20260316,600688,上海石化,3.27,3.28,3.37,3.26,93714500.0
20260316,600689,上海三毛,13.47,13.55,13.66,13.36,2578600.0
20260316,600690,海尔智家,25.09,24.93,25.13,24.61,26420600.0
20260316,600691,潞化科技,4.8,4.29,4.87,4.1,381100000.0
20260316,600692,亚通股份,8.05,8.12,8.25,8.01,6354400.0
20260316,600693,东百集团,12.25,12.14,12.4,11.98,23910500.0
20260316,600694,大商股份,17.76,17.7,17.76,17.61,1823000.0
20260316,600697,欧亚集团,12.88,12.92,13.08,12.82,4004400.0
20260316,600698,湖南天雁,7.66,7.63,7.66,7.56,8477000.0
20260316,600699,均胜电子,25.48,25.15,25.48,24.74,20297800.0
20260316,600702,舍得酒业,50.01,51.32,52.06,49.97,8407500.0
20260316,600703,三安光电,17.98,17.8,18.16,17.5,202353100.0
20260316,600704,物产中大,5.6,5.5,5.63,5.48,83630900.0
20260316,600706,曲江文旅,10.18,10.37,10.49,10.13,6135000.0
20260316,600707,彩虹股份,6.45,6.4,6.46,6.26,32222900.0
20260316,600708,光明地产,4.0,4.02,4.03,3.95,23412000.0
20260316,600710,苏美达,13.48,13.05,13.57,12.97,21904400.0
20260316,600711,盛屯矿业,13.51,13.17,13.54,12.66,164009700.0
20260316,600712,南宁百货,6.41,6.57,6.6,6.38,11088500.0
20260316,600713,南京医药,5.44,5.36,5.46,5.33,9425300.0
20260316,600714,金瑞矿业,24.8,25.3,27.18,23.37,60922200.0
20260316,600715,文投控股,2.15,2.19,2.19,2.14,35299400.0
20260316,600716,凤凰股份,4.6,4.73,4.79,4.57,15150200.0
20260316,600717,天津港,4.81,4.82,4.86,4.78,18147300.0
20260316,600718,东软集团,9.36,9.37,9.38,9.28,12991800.0
20260316,600719,大连热电,6.73,7.07,7.24,6.73,37500900.0
20260316,600720,中交设计,7.39,7.3,7.4,7.28,10121800.0
20260316,600721,百花医药,9.22,9.37,9.52,9.19,18632900.0
20260316,600722,金牛化工,16.94,18.4,18.63,16.94,199458600.0
20260316,600724,宁波富达,6.49,6.39,6.59,6.36,11400200.0
20260316,600725,云维股份,5.2,4.88,5.28,4.85,40497300.0
20260316,600726,华电能源,4.3,4.4,4.64,4.1,513008000.0
20260316,600727,鲁北化工,8.17,8.12,8.61,8.07,37529000.0
20260316,600728,佳都科技,6.22,6.25,6.25,6.16,24708500.0
20260316,600729,重百集团,23.38,23.47,23.56,23.36,2560500.0
20260316,600731,湖南海利,7.85,7.86,8.06,7.8,15362200.0
20260316,600732,爱旭股份,15.15,14.88,15.34,14.86,39027900.0
20260316,600733,北汽蓝谷,7.74,7.95,7.95,7.67,108058200.0
20260316,600736,苏州高新,6.47,6.41,6.5,6.32,17423500.0
20260316,600737,中粮糖业,15.69,15.71,15.92,15.54,17499300.0
20260316,600738,丽尚国潮,5.04,5.09,5.1,5.04,7000000.0
20260316,600739,辽宁成大,12.16,11.98,12.17,11.95,14004000.0
20260316,600740,山西焦化,5.06,4.82,5.15,4.82,91301300.0
20260316,600741,华域汽车,18.94,18.88,19.06,18.75,9635000.0
20260316,600742,富维股份,10.48,10.17,10.48,10.11,15004200.0
20260316,600743,华远控股,1.97,1.98,1.99,1.96,16858200.0
20260316,600744,华银电力,8.38,8.21,8.44,8.11,142837400.0
20260316,600746,江苏索普,8.98,9.16,9.54,8.95,68440000.0
20260316,600748,上实发展,5.03,5.07,5.09,4.97,11787700.0
20260316,600749,西藏旅游,16.56,16.85,16.85,16.56,4881500.0
20260316,600750,华润江中,25.32,25.19,25.37,25.02,4248500.0
20260316,600751,海航科技,3.92,4.32,4.32,3.92,131776300.0
20260316,600754,锦江酒店,27.47,27.58,27.99,27.2,9163100.0
20260316,600755,厦门国贸,6.45,6.41,6.48,6.37,29986000.0
20260316,600756,浪潮软件,16.98,17.32,17.38,16.88,36122000.0
20260316,600757,长江传媒,9.1,9.21,9.23,9.07,9624700.0
20260316,600758,辽宁能源,4.22,4.13,4.3,4.09,34470800.0
20260316,600760,中航沈飞,51.68,51.0,51.85,50.82,16244200.0
20260316,600761,安徽合力,20.1,19.84,20.12,19.49,21058900.0
20260316,600763,通策医疗,44.33,44.58,44.66,44.06,7365100.0
20260316,600764,中国海防,27.2,27.12,27.78,26.89,11462200.0
20260316,600765,中航重机,17.71,17.62,17.85,17.32,31962300.0
20260316,600768,富邦新材,17.26,17.67,17.78,17.12,4055300.0
20260316,600769,祥龙电业,14.15,14.71,14.94,14.07,28127400.0
20260316,600770,综艺股份,5.94,6.01,6.02,5.87,18355900.0
20260316,600771,广誉远,17.08,17.17,17.22,16.98,4300400.0
20260316,600773,西藏城投,18.07,17.32,18.45,16.43,66817900.0
20260316,600774,汉商集团,9.35,9.41,9.53,9.33,4159100.0
20260316,600775,南京熊猫,16.24,15.92,16.99,15.78,111929000.0
20260316,600776,东方通信,16.21,16.01,16.27,15.7,17977700.0
20260316,600777,新潮能源,5.0,5.09,5.1,4.98,32073800.0
20260316,600778,友好集团,6.91,6.97,7.02,6.9,6101000.0
20260316,600779,水井坊,36.36,36.99,37.56,36.08,5308100.0
20260316,600780,通宝能源,6.79,6.63,6.9,6.6,23657800.0
20260316,600782,新钢股份,4.11,4.0,4.14,3.96,90944200.0
20260316,600783,鲁信创投,21.84,21.54,22.18,21.15,15191900.0
20260316,600784,鲁银投资,7.39,7.29,7.47,7.24,13318400.0
20260316,600785,新华百货,18.99,18.98,19.39,18.76,5739000.0
20260316,600787,中储股份,5.9,5.91,5.95,5.87,22352500.0
20260316,600789,鲁抗医药,8.84,8.84,8.89,8.82,8022500.0
20260316,600790,轻纺城,3.89,3.86,3.94,3.84,13821100.0
20260316,600791,京能置业,8.49,8.51,8.62,8.11,14846400.0
20260316,600792,云煤能源,5.0,4.76,5.1,4.71,52626000.0
20260316,600793,宜宾纸业,19.05,19.19,19.34,18.94,1922400.0
20260316,600794,保税科技,4.01,4.14,4.16,4.0,48261400.0
20260316,600795,国电电力,5.07,5.02,5.11,4.99,254680100.0
20260316,600796,钱江生化,6.97,6.9,7.17,6.83,16135400.0
20260316,600797,浙大网新,9.7,9.7,9.71,9.52,29455200.0
20260316,600798,宁波海运,3.88,3.97,4.0,3.88,52326400.0
20260316,600800,渤海化学,5.26,5.01,5.46,4.96,80465600.0
20260316,600801,华新建材,22.96,21.5,23.04,21.3,19845300.0
20260316,600802,福建水泥,6.07,5.99,6.18,5.94,13192700.0
20260316,600803,新奥股份,22.98,22.78,23.16,22.51,18182000.0
20260316,600805,悦达投资,5.63,5.79,5.85,5.6,34413100.0
20260316,600807,济高发展,3.34,3.35,3.38,3.3,14634800.0
20260316,600808,马钢股份,4.22,4.02,4.22,3.98,116588300.0
20260316,600809,山西汾酒,158.86,160.77,162.0,158.76,5506100.0
20260316,600810,神马股份,8.75,8.61,8.98,8.6,25730200.0
20260316,600812,华北制药,5.68,5.67,5.72,5.64,26741800.0
20260316,600814,杭州解百,8.07,8.15,8.15,8.07,8659200.0
20260316,600815,厦工股份,3.15,3.17,3.22,3.13,34138100.0
20260316,600816,建元信托,2.71,2.72,2.73,2.7,35668600.0
20260316,600817,宇通重工,12.02,12.09,12.09,11.89,3801900.0
20260316,600819,耀皮玻璃,7.95,7.85,8.06,7.81,7408200.0
20260316,600820,隧道股份,6.67,6.56,6.71,6.56,29345900.0
20260316,600821,金开新能,10.0,10.65,10.77,9.15,472389100.0
20260316,600822,上海物贸,10.33,10.37,10.38,10.26,2591300.0
20260316,600824,益民集团,4.36,4.34,4.39,4.3,12118600.0
20260316,600825,新华传媒,6.1,6.2,6.2,6.07,8625100.0
20260316,600826,兰生股份,10.87,10.62,11.01,10.55,9893900.0
20260316,600827,百联股份,8.67,8.65,8.71,8.62,6449600.0
20260316,600828,茂业商业,6.15,6.19,6.25,6.06,27877100.0
20260316,600829,人民同泰,10.08,10.23,10.3,10.08,4126000.0
20260316,600830,香溢融通,9.55,9.55,9.65,9.43,7781300.0
20260316,600831,广电网络,4.14,4.17,4.2,4.13,9539000.0
20260316,600833,第一医药,12.59,12.6,12.7,12.51,2161400.0
20260316,600834,申通地铁,8.61,8.62,8.69,8.6,1956100.0
20260316,600835,上海机电,24.6,24.22,24.65,24.06,6274300.0
20260316,600838,上海九百,10.87,11.17,11.22,10.73,25184500.0
20260316,600839,四川长虹,9.63,9.7,9.72,9.55,60151700.0
20260316,600841,动力新科,9.02,8.85,9.02,8.72,26056800.0
20260316,600843,上工申贝,10.78,10.82,10.83,10.73,6020500.0
20260316,600844,金煤科技,4.17,4.14,4.59,4.05,229020000.0
20260316,600845,宝信软件,22.71,22.39,22.76,22.25,17608100.0
20260316,600846,同济科技,13.76,13.91,13.98,13.61,4446400.0
20260316,600847,万里股份,15.36,14.49,15.6,13.97,16536400.0
20260316,600848,上海临港,10.59,10.51,10.62,10.44,8478900.0
20260316,600850,电科数字,25.7,25.46,25.77,25.28,7997800.0
20260316,600851,海欣股份,8.89,8.99,9.03,8.71,18744100.0
20260316,600853,龙建股份,4.33,4.18,4.33,4.15,48770100.0
20260316,600854,春兰股份,5.43,5.37,5.49,5.35,9898800.0
20260316,600855,航天长峰,17.83,18.01,18.08,17.7,8139100.0
20260316,600857,宁波中百,12.6,12.52,12.72,12.39,2509600.0
20260316,600858,银座股份,6.03,6.09,6.11,6.02,6893800.0
20260316,600859,王府井,13.17,13.26,13.3,13.16,10253900.0
20260316,600860,京城股份,15.05,15.8,15.86,14.61,34030200.0
20260316,600861,北京人力,16.88,16.98,17.02,16.81,3571400.0
20260316,600862,中航高科,24.11,23.68,24.12,23.23,41456000.0
20260316,600863,华能蒙电,5.35,5.18,5.39,5.14,92606000.0
20260316,600864,哈投股份,6.43,6.43,6.47,6.37,17092000.0
20260316,600865,百大集团,11.9,12.03,12.16,11.9,4898600.0
20260316,600866,星湖科技,8.1,8.04,8.26,7.99,44729400.0
20260316,600867,通化东宝,9.0,9.12,9.18,8.99,30702800.0
20260316,600868,梅雁吉祥,4.13,4.0,4.16,3.88,208899900.0
20260316,600869,远东股份,13.25,13.3,13.49,12.5,65182200.0
20260316,600871,石化油服,3.3,3.35,3.47,3.3,295551800.0
20260316,600872,中炬高新,18.54,19.05,19.15,18.51,18863500.0
20260316,600873,梅花生物,12.95,12.83,13.24,12.5,93777500.0
20260316,600874,创业环保,6.59,6.51,6.61,6.44,15322900.0
20260316,600875,东方电气,38.4,38.73,39.48,37.1,110384000.0
20260316,600876,凯盛新能,10.91,11.03,11.53,10.9,10035700.0
20260316,600877,电科芯片,17.41,17.57,17.62,17.07,16217800.0
20260316,600879,航天电子,22.98,22.7,23.22,22.22,143881900.0
20260316,600880,博瑞传播,5.1,5.18,5.19,5.09,18695900.0
20260316,600881,亚泰集团,1.71,1.73,1.74,1.71,42361300.0
20260316,600882,妙可蓝多,20.76,21.0,21.06,20.76,3288900.0
20260316,600883,博闻科技,8.76,8.8,8.96,8.71,4953400.0
20260316,600884,杉杉股份,14.74,14.48,14.87,14.36,110555300.0
20260316,600885,宏发股份,29.88,29.46,30.06,29.11,24661800.0
20260316,600886,国投电力,14.72,14.56,14.9,14.53,41278700.0
20260316,600887,伊利股份,26.71,26.84,26.95,26.65,38830500.0
20260316,600888,新疆众和,9.65,9.29,9.84,9.25,109154600.0
20260316,600892,大晟文化,3.64,3.81,3.81,3.63,15850300.0
20260316,600893,航发动力,54.21,55.23,55.99,54.0,37011100.0
20260316,600894,广日股份,9.43,9.33,9.46,9.28,5089700.0
20260316,600895,张江高科,37.11,37.31,37.36,36.51,16820600.0
20260316,600897,厦门空港,16.49,16.58,16.66,16.36,2494400.0
20260316,600900,长江电力,27.42,27.36,27.5,27.24,87203800.0
20260316,600901,江苏金租,6.5,6.57,6.58,6.45,27780300.0
20260316,600903,贵州燃气,6.86,6.87,6.96,6.84,15656600.0
20260316,600905,三峡能源,4.43,4.36,4.47,4.34,364778500.0
20260316,600906,财达证券,6.72,6.73,6.75,6.66,15573700.0
20260316,600908,无锡银行,5.98,5.99,6.02,5.92,17607400.0
20260316,600909,华安证券,6.13,6.14,6.16,6.09,47428200.0
20260316,600916,中国黄金,9.78,9.76,9.8,9.6,58024600.0
20260316,600917,重庆燃气,5.73,5.7,5.77,5.67,17543300.0
20260316,600918,中泰证券,6.26,6.26,6.27,6.22,15264600.0
20260316,600919,江苏银行,10.76,10.92,10.98,10.76,120639300.0
20260316,600925,苏能股份,4.93,4.86,4.98,4.84,27102100.0
20260316,600926,杭州银行,17.15,17.32,17.42,17.15,46906600.0
20260316,600927,永安期货,14.55,14.74,14.82,14.5,9522600.0
20260316,600928,西安银行,3.76,3.75,3.79,3.73,25457800.0
,600929,雪天盐业,6.45,6.38,6.55,6.36,20075200.0
20260316,600930,华电新能,6.68,6.37,6.76,6.36,507041900.0
20260316,600933,爱柯迪,17.52,17.63,17.75,17.33,9623800.0
20260316,600935,华塑股份,3.21,3.19,3.43,3.14,152121600.0
20260316,600936,北投科技,3.98,4.05,4.05,3.98,20956700.0
20260316,600938,中国海油,42.2,41.21,42.88,41.17,79104700.0
20260316,600939,重庆建工,3.29,3.2,3.32,3.17,28237500.0
20260316,600941,中国移动,97.89,97.7,98.78,97.6,12724300.0
20260316,600955,维远股份,18.7,17.3,19.1,17.09,12828800.0
20260316,600956,新天绿能,9.5,10.2,10.4,9.28,89166200.0
20260316,600958,东方证券,9.77,9.71,9.78,9.68,44069400.0
20260316,600959,江苏有线,4.01,4.0,4.04,3.97,37415200.0
20260316,600960,渤海汽车,5.43,5.43,5.47,5.35,17661300.0
20260316,600961,株冶集团,19.97,19.28,20.0,18.82,28704000.0
20260316,600962,国投中鲁,20.34,20.5,20.6,19.98,3303600.0
20260316,600963,岳阳林纸,5.57,5.47,5.64,5.2,65899800.0
20260316,600966,博汇纸业,8.37,8.18,8.47,7.98,26607900.0
20260316,600967,内蒙一机,15.9,16.02,16.04,15.8,13778000.0
20260316,600968,海油发展,4.89,4.87,5.02,4.84,122100400.0
20260316,600969,郴电国际,10.72,10.48,10.86,10.4,10261800.0
20260316,600970,中材国际,11.29,10.88,11.37,10.83,23139700.0
20260316,600971,恒源煤电,8.0,7.77,8.05,7.74,21615500.0
20260316,600973,宝胜股份,7.31,6.95,7.32,6.91,51563400.0
20260316,600975,新五丰,5.77,5.82,5.87,5.76,19572700.0
20260316,600976,健民集团,31.76,31.95,31.99,31.72,687600.0
20260316,600977,中国电影,13.45,13.64,13.65,13.39,23715000.0
20260316,600979,广安爱众,5.4,5.3,5.53,5.15,130086900.0
20260316,600980,北矿科技,22.85,22.77,23.03,22.28,3630800.0
20260316,600981,苏豪汇鸿,3.32,3.33,3.36,3.28,21556400.0
20260316,600982,宁波能源,5.19,5.1,5.25,5.06,39580500.0
20260316,600983,惠而浦,11.7,11.46,11.7,11.32,4944700.0
20260316,600984,建设机械,4.44,4.48,4.73,4.34,56061400.0
20260316,600985,淮北矿业,14.31,13.91,14.51,13.85,22054700.0
20260316,600986,浙文互联,10.29,10.53,10.55,10.2,89071900.0
20260316,600987,航民股份,7.99,7.82,8.0,7.76,11547100.0
20260316,600988,赤峰黄金,40.3,39.6,40.46,38.06,72966900.0
20260316,600989,宝丰能源,34.72,34.13,36.49,33.16,243371100.0
20260316,600990,四创电子,25.0,25.16,25.18,24.76,2827100.0
20260316,600992,贵绳股份,13.32,13.5,13.74,13.32,7570900.0
20260316,600993,马应龙,26.2,26.03,26.26,25.95,3770700.0
20260316,600995,南网储能,15.49,14.88,15.57,14.8,50617600.0
20260316,600996,贵广网络,8.1,8.65,8.94,8.05,66135800.0
20260316,600997,开滦股份,6.92,6.64,6.98,6.6,23858600.0
20260316,600998,九州通,5.29,5.32,5.35,5.26,28550200.0
20260316,600999,招商证券,15.97,15.89,15.97,15.81,29062400.0
20260316,601000,唐山港,4.38,4.38,4.4,4.33,37370900.0
20260316,601001,晋控煤业,18.16,17.43,18.35,17.33,24385200.0
20260316,601002,晋亿实业,5.5,5.55,5.56,5.46,11226700.0
20260316,601003,柳钢股份,5.36,5.08,5.4,5.06,37225900.0
20260316,601005,重庆钢铁,1.59,1.53,1.6,1.53,283184500.0
20260316,601006,大秦铁路,5.34,5.33,5.38,5.29,155478200.0
20260316,601007,金陵饭店,8.02,8.16,8.2,8.02,9288900.0
20260316,601008,连云港,5.12,5.17,5.21,5.12,16762300.0
20260316,601009,南京银行,11.18,11.33,11.43,11.15,45686800.0
20260316,601011,宝泰隆,3.82,3.67,3.9,3.65,119658000.0
20260316,601012,隆基绿能,18.95,18.68,19.19,18.61,201316300.0
20260316,601015,陕西黑猫,5.21,4.98,5.42,4.91,180031300.0
20260316,601016,节能风电,4.4,4.14,4.42,4.06,740900300.0
20260316,601018,宁波港,4.22,4.24,4.28,4.21,52756800.0
20260316,601019,山东出版,8.96,9.0,9.08,8.93,7385800.0
20260316,601020,华钰矿业,31.55,31.06,31.7,30.0,36386000.0
20260316,601021,春秋航空,48.16,48.26,48.64,47.75,7797000.0
20260316,601022,宁波远洋,9.44,9.56,9.6,9.4,18610000.0
20260316,601026,道生天合,22.26,23.04,23.16,21.92,18416900.0
20260316,601033,永兴股份,16.26,16.14,16.31,16.06,5966900.0
20260316,601038,一拖股份,15.23,14.83,15.36,14.75,18571700.0
20260316,601058,赛轮轮胎,14.29,13.9,14.31,13.84,43093400.0
20260316,601059,信达证券,17.44,17.33,17.44,17.31,10706700.0
20260316,601061,中信金属,13.53,13.19,13.58,13.04,17372200.0
20260316,601065,江盐集团,9.06,8.93,9.13,8.88,12909500.0
20260316,601066,中信建投,22.9,22.92,22.94,22.68,8465900.0
20260316,601068,中铝国际,6.51,6.34,6.59,6.26,32131700.0
20260316,601069,西部黄金,34.29,33.28,34.66,32.27,27917500.0
20260316,601077,渝农商行,7.0,7.04,7.09,6.92,60607700.0
20260316,601083,锦江航运,12.12,12.27,12.29,12.05,13344300.0
20260316,601086,国芳集团,8.93,9.02,9.07,8.91,3376100.0
20260316,601088,中国神华,49.11,48.49,49.33,47.9,31934400.0
20260316,601089,福元医药,22.97,23.17,23.3,22.83,2508300.0
20260316,601096,宏盛华源,6.41,6.39,6.49,6.35,49307900.0
20260316,601098,中南传媒,11.11,11.18,11.28,11.09,11150000.0
20260316,601099,太平洋,3.99,3.99,4.0,3.96,71613300.0
20260316,601100,恒立液压,107.11,105.48,107.73,103.6,6322000.0
20260316,601101,昊华能源,9.22,8.87,9.3,8.8,34385000.0
20260316,601106,中国一重,4.75,4.65,4.78,4.54,93893900.0
20260316,601107,四川成渝,6.34,6.33,6.41,6.2,20516000.0
20260316,601108,财通证券,8.3,8.28,8.31,8.23,25995000.0
20260316,601111,中国国航,7.36,7.23,7.41,7.17,121290800.0
20260316,601112,振石股份,21.8,21.26,22.1,20.9,30333500.0
20260316,601113,华鼎股份,4.69,4.65,4.8,4.63,20513800.0
20260316,601116,三江购物,14.58,14.92,14.95,14.57,7966600.0
20260316,601117,中国化学,10.13,9.52,10.23,9.48,257069200.0
20260316,601118,海南橡胶,7.91,7.71,8.2,7.62,116940700.0
20260316,601121,宝地矿业,8.4,8.07,8.44,7.93,30588400.0
20260316,601126,四方股份,46.75,48.22,48.47,44.77,39938600.0
20260316,601127,赛力斯,101.3,103.24,103.76,100.66,27256700.0
20260316,601128,常熟银行,7.2,7.19,7.27,7.15,37892800.0
20260316,601133,柏诚股份,15.54,16.26,16.51,15.46,17467000.0
20260316,601136,首创证券,17.42,17.47,17.49,17.35,4117900.0
20260316,601137,博威合金,20.0,19.15,20.0,19.06,24279700.0
20260316,601138,工业富联,52.18,52.7,52.74,51.5,101004500.0
20260316,601139,深圳燃气,7.65,7.49,7.8,7.48,44615700.0
20260316,601155,新城控股,14.95,15.66,15.75,14.95,30891900.0
20260316,601156,东航物流,18.38,18.06,18.44,17.89,10119800.0
20260316,601158,重庆水务,4.67,4.65,4.68,4.62,13626900.0
20260316,601162,天风证券,3.95,3.97,3.99,3.94,79009700.0
20260316,601163,三角轮胎,14.99,14.93,15.08,14.91,4675100.0
20260316,601166,兴业银行,18.88,18.83,18.97,18.78,71595900.0
20260316,601168,西部矿业,29.55,28.53,29.6,27.62,81309400.0
20260316,601169,北京银行,5.49,5.49,5.52,5.47,130175600.0
20260316,601177,杭齿前进,16.02,15.87,16.08,15.7,3308400.0
20260316,601179,中国西电,17.9,17.34,17.95,17.15,208069800.0
20260316,601186,中国铁建,7.53,7.37,7.53,7.35,144861300.0
20260316,601187,厦门银行,7.4,7.67,7.73,7.35,26923100.0
20260316,601188,龙江交通,3.65,3.59,3.68,3.58,35904000.0
20260316,601198,东兴证券,13.48,13.33,13.49,13.26,28406600.0
20260316,601199,江南水务,6.02,5.95,6.07,5.9,11620100.0
20260316,601200,上海环境,8.95,8.82,9.0,8.77,23098800.0
20260316,601208,东材科技,33.19,32.76,33.19,30.79,63969800.0
20260316,601211,国泰海通,17.93,17.79,17.96,17.67,65352900.0
20260316,601212,白银有色,8.88,8.85,9.04,8.6,171830600.0
20260316,601216,君正集团,6.44,6.29,6.54,6.25,130990800.0
20260316,601218,吉鑫科技,6.94,7.21,7.63,6.65,250575600.0
20260316,601222,林洋能源,6.66,6.54,6.72,6.5,48384200.0
20260316,601225,陕西煤业,26.4,25.9,26.54,25.76,41802700.0
20260316,601226,华电科工,10.83,10.6,10.88,10.11,61911900.0
20260316,601228,广州港,3.59,3.59,3.61,3.55,26972400.0
20260316,601229,上海银行,9.84,9.92,10.02,9.83,47042000.0
20260316,601231,环旭电子,40.49,39.62,40.81,38.88,31323700.0
20260316,601233,桐昆股份,20.35,19.66,20.47,19.3,82405000.0
20260316,601236,红塔证券,7.94,8.04,8.04,7.92,15379300.0
20260316,601238,广汽集团,7.86,7.91,7.92,7.78,22076600.0
20260316,601279,英利汽车,4.29,4.52,4.65,4.29,38913100.0
20260316,601288,农业银行,6.6,6.65,6.67,6.58,241626300.0
20260316,601298,青岛港,9.12,9.16,9.23,9.09,9793000.0
20260316,601311,骆驼股份,9.81,9.81,9.93,9.73,22403000.0
20260316,601318,中国平安,61.2,60.48,61.36,60.1,81859600.0
20260316,601319,中国人保,8.45,8.45,8.49,8.36,49311700.0
20260316,601326,秦港股份,3.65,3.65,3.7,3.62,34015700.0
20260316,601328,交通银行,6.85,6.87,6.93,6.84,149337000.0
20260316,601330,绿色动力,8.67,9.0,9.15,8.52,97094900.0
20260316,601333,广深铁路,3.16,3.13,3.18,3.13,50412600.0
20260316,601336,新华保险,70.8,69.88,71.33,69.66,16877000.0
20260316,601339,百隆东方,7.54,7.31,7.59,7.29,11753400.0
20260316,601360,三六零,12.16,12.12,12.25,11.96,118250200.0
20260316,601366,利群股份,4.45,4.48,4.5,4.44,10662300.0
20260316,601368,绿城水务,5.55,5.48,5.58,5.44,10781100.0
20260316,601369,陕鼓动力,11.5,11.06,11.5,10.93,28663900.0
20260316,601375,中原证券,4.25,4.25,4.26,4.22,26573300.0
20260316,601377,兴业证券,6.43,6.41,6.43,6.38,52322100.0
20260316,601388,怡球资源,4.07,4.02,4.24,3.91,122115800.0
20260316,601390,中国中铁,5.94,5.76,5.98,5.75,482453300.0
20260316,601398,工商银行,7.2,7.25,7.3,7.18,306828300.0
20260316,601399,国机重装,4.97,4.75,4.97,4.69,136762000.0
20260316,601456,国联民生,9.42,9.42,9.42,9.36,16201400.0
20260316,601500,通用股份,4.47,4.47,4.49,4.43,13605700.0
20260316,601512,中新集团,9.34,9.2,9.34,9.12,3684300.0
20260316,601515,衢州东峰,4.6,4.64,4.72,4.58,34218800.0
20260316,601518,吉林高速,3.06,3.05,3.07,3.02,17058600.0
20260316,601519,大智慧,10.95,11.15,11.16,10.79,25918600.0
20260316,601528,瑞丰银行,5.59,5.64,5.69,5.56,20863500.0
20260316,601555,东吴证券,9.12,8.63,9.12,8.57,177838300.0
20260316,601566,九牧王,10.9,10.98,11.04,10.86,3914800.0
20260316,601567,三星电气,30.08,30.49,30.69,29.6,31621900.0
20260316,601568,北元化工,4.73,4.51,4.83,4.51,89122600.0
20260316,601577,长沙银行,9.79,9.98,10.03,9.77,24839100.0
20260316,601579,会稽山,17.35,17.34,17.54,17.2,5891100.0
20260316,601588,北辰实业,1.88,1.88,1.93,1.87,33787600.0
20260316,601595,上海电影,25.57,25.81,25.92,25.52,4151000.0
20260316,601598,中国外运,6.0,5.96,6.03,5.91,16701200.0
20260316,601599,浙文影业,4.08,4.13,4.15,4.08,22120600.0
20260316,601600,中国铝业,14.18,13.54,14.25,13.06,472396500.0
20260316,601601,中国太保,39.08,39.6,39.79,38.7,35046600.0
20260316,601606,长城军工,43.3,42.79,43.3,42.7,10542000.0
20260316,601607,上海医药,17.32,17.27,17.34,17.22,8602500.0
20260316,601608,中信重工,7.17,6.72,7.17,6.61,84865200.0
20260316,601609,金田股份,10.41,10.29,10.49,10.2,28518900.0
20260316,601611,中国核建,19.0,17.9,19.24,17.29,290419000.0
20260316,601615,明阳智能,22.32,21.08,22.64,20.98,109054200.0
20260316,601616,广电电气,5.51,5.37,5.53,5.31,56373200.0
20260316,601618,中国中冶,3.31,3.18,3.33,3.17,441278500.0
20260316,601619,嘉泽新能,6.4,6.0,6.4,5.83,132282500.0
20260316,601628,中国人寿,41.9,42.11,42.5,41.49,13693700.0
20260316,601633,长城汽车,21.0,21.15,21.49,20.95,18855200.0
20260316,601636,旗滨集团,6.81,6.64,6.89,6.54,58882900.0
20260316,601658,邮储银行,5.08,5.11,5.13,5.07,150864000.0
20260316,601665,齐鲁银行,5.8,5.83,5.89,5.75,61721300.0
20260316,601666,平煤股份,9.09,8.7,9.22,8.66,53486300.0
20260316,601668,中国建筑,5.17,5.09,5.18,5.08,309401100.0
20260316,601669,中国电建,7.1,6.47,7.13,6.47,1911490900.0
20260316,601677,明泰铝业,16.59,16.13,16.68,15.95,32202400.0
20260316,601678,滨化股份,5.7,5.4,5.84,5.36,138349200.0
20260316,601686,友发集团,6.3,6.18,6.31,6.15,13704800.0
20260316,601688,华泰证券,19.66,19.48,19.67,19.28,49719000.0
20260316,601689,拓普集团,62.92,62.49,63.03,61.76,17092400.0
20260316,601696,中银证券,13.54,13.37,13.55,13.26,44699600.0
20260316,601698,中国卫通,35.4,34.22,35.46,33.65,59452500.0
20260316,601699,潞安环能,15.32,14.67,15.4,14.57,39247700.0
20260316,601700,风范股份,6.21,6.16,6.31,6.09,50317300.0
20260316,601702,华峰铝业,21.54,21.19,21.59,20.56,10062000.0
20260316,601717,中创智领,22.87,22.46,22.96,22.25,23115300.0
20260316,601727,上海电气,9.09,8.85,9.13,8.78,203565800.0
20260316,601728,中国电信,6.18,6.11,6.26,6.11,237020800.0
20260316,601766,中国中车,6.48,6.41,6.5,6.38,159713900.0
20260316,601777,千里科技,10.16,10.27,10.31,10.1,19107900.0
20260316,601778,晶科科技,5.8,5.38,5.85,5.24,445922700.0
20260316,601788,光大证券,16.11,16.11,16.15,16.02,12712600.0
20260316,601789,宁波建工,6.36,6.56,6.81,6.18,296004800.0
20260316,601798,蓝科高新,9.64,9.63,10.1,9.55,14311400.0
20260316,601799,星宇股份,136.0,130.26,137.0,127.02,4418400.0
20260316,601800,中国交建,8.45,8.22,8.49,8.19,94316900.0
20260316,601801,皖新传媒,6.78,6.8,6.85,6.72,11830800.0
20260316,601808,中海油服,17.99,17.82,18.49,17.76,39803500.0
20260316,601811,新华文轩,13.68,13.69,13.94,13.61,5602100.0
20260316,601816,京沪高铁,5.09,5.17,5.18,5.09,217210900.0
20260316,601818,光大银行,3.32,3.31,3.34,3.3,241249400.0
20260316,601825,沪农商行,8.81,8.9,8.92,8.76,22292300.0
20260316,601827,三峰环境,9.23,9.11,9.32,9.07,9092700.0
20260316,601828,美凯龙,2.52,2.54,2.56,2.52,20102600.0
20260316,601838,成都银行,17.15,17.23,17.36,17.09,28948000.0
20260316,601857,中国石油,12.09,11.99,12.26,11.96,252780900.0
20260316,601858,中国科传,23.22,23.43,24.09,22.61,18653000.0
20260316,601860,紫金银行,2.85,2.84,2.87,2.83,54374500.0
20260316,601865,福莱特,16.21,15.89,16.28,15.84,19841000.0
20260316,601866,中远海发,2.85,2.9,2.91,2.82,202750700.0
20260316,601868,中国能建,3.68,3.43,3.81,3.37,3130609300.0
20260316,601869,长飞光纤,242.0,233.0,245.0,228.0,15235100.0
20260316,601872,招商轮船,15.58,16.75,16.94,15.45,226116100.0
20260316,601877,正泰电器,38.33,35.98,38.58,35.79,75834300.0
20260316,601878,浙商证券,10.25,10.27,10.28,10.2,19198100.0
20260316,601880,辽港股份,1.78,1.76,1.8,1.75,181893200.0
20260316,601881,中国银河,14.03,13.99,14.04,13.92,26401100.0
20260316,601882,海天精工,21.76,21.36,21.97,21.2,6242700.0
20260316,601886,江河集团,8.84,8.7,8.89,8.61,5446200.0
20260316,601888,中国中免,73.2,75.17,75.86,72.9,33312000.0
20260316,601890,亚星锚链,11.85,11.8,12.34,11.64,120247700.0
20260316,601898,中煤能源,18.82,18.23,19.09,18.18,56287400.0
20260316,601899,紫金矿业,35.04,34.75,35.17,33.6,420731300.0
20260316,601900,南方传媒,13.95,13.98,13.98,13.82,6256200.0
20260316,601901,方正证券,7.38,7.38,7.4,7.34,39646100.0
20260316,601908,京运通,4.18,4.24,4.29,4.11,100480800.0
20260316,601916,浙商银行,3.1,3.1,3.12,3.08,140724800.0
20260316,601918,新集能源,8.35,8.1,8.45,8.07,64962000.0
20260316,601919,中远海控,15.77,16.08,16.14,15.69,129222200.0
20260316,601921,浙版传媒,7.87,7.91,7.94,7.85,7805000.0
20260316,601928,凤凰传媒,9.92,9.99,10.0,9.9,11889400.0
20260316,601929,吉视传媒,3.14,3.22,3.22,3.12,85174700.0
20260316,601933,永辉超市,4.02,4.03,4.06,4.0,81264500.0
20260316,601939,建设银行,9.15,9.18,9.2,9.1,71882900.0
20260316,601949,中国出版,6.58,6.65,6.69,6.55,10122500.0
20260316,601952,苏垦农发,10.55,10.73,11.03,10.49,31538700.0
20260316,601956,东贝集团,6.95,6.92,6.99,6.88,5863300.0
20260316,601958,金钼股份,21.87,21.59,22.0,20.62,56273000.0
20260316,601963,重庆银行,11.3,11.6,11.79,11.2,20753600.0
20260316,601965,中国汽研,18.5,18.24,18.5,17.99,8286600.0
20260316,601966,玲珑轮胎,14.8,14.79,14.84,14.68,10817900.0
20260316,601968,宝钢包装,5.61,5.56,5.63,5.48,13665500.0
20260316,601969,海南矿业,13.65,13.11,13.94,12.91,72564500.0
20260316,601975,招商南油,4.36,4.81,4.81,4.33,553075900.0
20260316,601985,中国核电,9.24,9.06,9.31,9.01,275064100.0
20260316,601988,中国银行,5.39,5.4,5.42,5.37,206924900.0
20260316,601990,南京证券,7.62,7.62,7.63,7.54,15561900.0
20260316,601991,大唐发电,4.6,4.33,4.65,4.27,654750900.0
20260316,601992,金隅集团,1.92,1.89,1.95,1.88,93846400.0
20260316,601995,中金公司,34.13,33.93,34.14,33.88,21855500.0
20260316,601996,丰林集团,2.51,2.53,2.57,2.5,22256800.0
20260316,601997,贵阳银行,5.89,5.9,5.93,5.86,32969300.0
20260316,601998,中信银行,7.5,7.56,7.6,7.46,63446100.0
20260316,601999,出版传媒,7.16,7.55,7.59,7.09,18828000.0
20260316,603000,人民网,20.24,20.47,20.47,20.13,16484200.0
20260316,603001,奥康国际,8.91,8.97,9.06,8.77,7836400.0
20260316,603002,宏昌电子,10.69,11.04,11.08,10.55,57947400.0
20260316,603004,鼎龙科技,24.0,23.87,24.15,23.57,3125700.0
20260316,603005,晶方科技,30.27,30.65,30.76,29.52,30895800.0
20260316,603006,联明股份,13.55,13.61,13.71,13.46,2359800.0
20260316,603007,顺景科技,7.25,6.9,7.43,6.9,34083000.0
20260316,603009,北特科技,51.85,51.01,52.47,49.85,8429400.0
20260316,603010,万盛股份,12.22,12.07,12.52,11.96,10577200.0
20260316,603011,合锻智能,26.6,25.38,26.8,25.05,44143500.0
20260316,603012,创力集团,8.2,8.17,8.3,8.09,12761100.0
20260316,603013,亚普股份,22.71,22.26,22.85,22.15,3511200.0
20260316,603014,威高血净,39.32,39.62,39.79,39.2,807300.0
20260316,603015,弘讯科技,13.71,13.73,13.83,13.57,4208800.0
20260316,603016,新宏泰,32.86,31.99,32.86,31.38,2156000.0
20260316,603017,中衡设计,13.04,13.41,13.5,12.97,17007400.0
20260316,603018,华设集团,7.92,7.92,7.97,7.84,6491800.0
20260316,603019,中科曙光,88.02,88.13,88.56,85.8,33261800.0
20260316,603020,爱普股份,11.02,10.82,11.15,10.72,5618300.0
20260316,603022,新通联,11.29,11.3,11.43,11.18,2999000.0
20260316,603023,威帝股份,5.01,5.08,5.12,5.01,8357200.0
20260316,603025,大豪科技,16.1,16.03,16.16,15.91,5825700.0
20260316,603026,石大胜华,74.45,75.0,77.23,73.73,19456000.0
20260316,603027,千禾味业,9.55,9.7,9.71,9.54,13302000.0
20260316,603028,赛福天,9.35,9.43,9.67,9.31,5827500.0
20260316,603029,天鹅股份,20.63,20.33,21.07,20.22,14422200.0
20260316,603030,全筑股份,2.63,2.64,2.67,2.61,18046500.0
20260316,603031,安孚科技,54.47,53.78,55.59,53.03,9354900.0
20260316,603032,德新科技,18.57,18.99,19.06,18.53,6408500.0
20260316,603033,三维股份,10.45,10.44,10.54,10.37,3496800.0
20260316,603035,常熟汽饰,14.91,14.86,14.94,14.69,3105400.0
20260316,603036,如通股份,18.9,18.72,19.07,18.41,3970400.0
20260316,603037,凯众股份,14.85,14.7,14.94,14.53,5813400.0
20260316,603038,华立股份,15.65,15.59,15.76,15.43,3484300.0
20260316,603039,泛微网络,42.9,43.39,43.39,42.29,4286300.0
20260316,603040,新坐标,86.4,85.78,86.66,82.2,2904700.0
20260316,603041,美思德,13.38,13.48,13.78,13.31,3963400.0
20260316,603042,华脉科技,20.17,20.73,20.92,19.91,18851700.0
20260316,603043,广州酒家,16.64,16.77,16.8,16.61,3318300.0
20260316,603045,福达合金,31.28,31.9,32.33,30.33,8054200.0
20260316,603048,浙江黎明,21.75,22.08,22.1,21.5,1955400.0
20260316,603049,中策橡胶,51.5,50.37,51.54,50.15,2910500.0
20260316,603050,科林电气,23.04,23.87,23.96,21.7,15141200.0
20260316,603051,鹿山新材,22.34,22.33,22.58,22.09,3890700.0
20260316,603052,可川科技,58.99,64.13,64.13,57.3,9912300.0
20260316,603053,成都燃气,10.18,10.12,10.29,10.08,5169400.0
20260316,603055,台华新材,10.16,10.53,10.8,10.16,37482100.0
20260316,603057,紫燕食品,30.07,29.65,30.3,29.4,3224400.0
20260316,603058,永吉股份,12.54,12.59,12.7,12.0,14593700.0
20260316,603059,倍加洁,32.39,33.13,33.48,32.07,1541500.0
20260316,603060,国检集团,6.8,6.83,6.88,6.79,4898200.0
20260316,603061,金海通,234.59,245.67,248.54,232.11,2311700.0
20260316,603062,麦加芯彩,57.28,56.75,59.98,56.14,6592000.0
20260316,603063,禾望电气,32.9,32.39,33.0,32.0,20500900.0
20260316,603065,宿迁联盛,8.85,8.9,9.03,8.84,5038300.0
20260316,603066,音飞储存,10.52,10.6,10.65,10.51,1949000.0
20260316,603067,振华股份,37.81,36.36,37.95,35.08,29726500.0
20260316,603068,博通集成,33.95,34.5,34.5,33.55,2082600.0
20260316,603069,海汽集团,19.27,19.33,19.43,19.14,3104500.0
20260316,603070,万控智造,15.98,16.06,16.06,15.63,6490600.0
20260316,603071,物产环能,14.76,14.45,14.86,14.38,5842200.0
20260316,603072,天和磁材,39.95,39.52,40.19,39.06,2462300.0
20260316,603073,彩蝶实业,21.06,21.31,21.56,21.0,2090900.0
20260316,603075,热威股份,22.76,22.64,22.76,22.41,1289900.0
20260316,603076,乐惠国际,26.68,26.3,26.75,26.22,1704800.0
20260316,603077,和邦生物,3.25,3.16,3.36,3.13,649459900.0
20260316,603078,江化微,23.33,24.48,24.75,23.1,23039400.0
20260316,603079,圣达生物,18.03,18.97,19.2,17.96,8078800.0
20260316,603080,新疆火炬,23.19,22.74,23.3,22.5,3554200.0
20260316,603081,大丰实业,12.38,12.42,12.53,12.29,4675800.0
20260316,603082,北自科技,37.98,37.91,37.98,37.12,1263600.0
20260316,603083,剑桥科技,116.2,118.88,119.3,114.3,21470900.0
20260316,603085,天成自控,11.16,11.13,11.23,10.98,7353300.0
20260316,603086,先达股份,8.6,8.38,8.74,8.35,24165300.0
20260316,603087,甘李药业,62.13,61.92,62.37,61.3,3889500.0
20260316,603088,宁波精达,12.84,12.74,12.85,12.17,16927200.0
20260316,603089,正裕工业,13.07,13.13,13.2,13.05,1989800.0
20260316,603090,宏盛股份,67.26,65.78,67.87,64.0,2818800.0
20260316,603091,众鑫股份,83.88,79.89,83.95,79.66,1097200.0
20260316,603092,德力佳,75.88,74.68,76.85,73.49,5997500.0
20260316,603093,南华期货,21.0,20.49,21.2,20.41,18985000.0
20260316,603095,越剑智能,19.4,18.9,19.5,18.57,4152600.0
20260316,603096,新经典,18.6,18.69,18.78,18.41,1925000.0
20260316,603097,江苏华辰,37.31,36.78,37.51,35.61,3458400.0
20260316,603098,森特股份,16.91,16.27,17.12,16.08,13772600.0
20260316,603099,长白山,38.24,38.28,38.46,37.98,3205200.0
20260316,603100,川仪股份,22.42,22.31,22.51,22.16,4100400.0
20260316,603101,汇嘉时代,8.68,8.67,8.76,8.59,2945200.0
20260316,603102,百合股份,43.09,43.7,43.97,42.52,1037000.0
20260316,603103,横店影视,23.51,24.12,24.14,23.41,6623100.0
20260316,603105,芯能科技,10.66,10.46,10.75,10.4,17038000.0
20260316,603106,恒银科技,9.84,9.96,10.0,9.81,4850200.0
20260316,603107,上海汽配,14.89,14.97,14.99,14.85,1635700.0
20260316,603108,润达医疗,14.54,14.63,14.63,14.41,8975900.0
20260316,603109,神驰机电,24.83,24.77,24.84,24.58,1341400.0
20260316,603110,东方材料,16.89,17.12,17.35,16.86,6751200.0
20260316,603111,康尼机电,6.9,6.81,6.91,6.78,11432900.0
20260316,603112,华翔股份,17.49,17.29,17.49,17.1,8478700.0
20260316,603113,金能科技,8.08,7.89,8.35,7.71,51317200.0
20260316,603115,海星股份,32.64,32.5,32.79,30.39,11363600.0
20260316,603116,红蜻蜓,5.92,5.98,6.11,5.92,5310200.0
20260316,603117,万林物流,5.18,5.31,5.32,5.18,13189300.0
20260316,603118,共进股份,12.47,12.77,12.81,12.31,30795000.0
20260316,603119,浙江荣泰,83.86,80.7,83.94,79.29,11864700.0
20260316,603120,肯特催化,43.5,43.58,44.3,42.95,1289600.0
20260316,603121,华培动力,19.6,19.34,20.04,19.11,9087100.0
20260316,603122,合富中国,15.95,16.36,17.06,15.95,20002500.0
20260316,603123,翠微股份,13.66,13.53,14.0,13.5,46372600.0
20260316,603124,江南新材,100.45,101.01,101.34,96.3,1753900.0
20260316,603125,常青科技,18.5,18.78,18.88,18.46,2834000.0
20260316,603126,中材节能,7.96,7.61,7.99,7.55,15479600.0
20260316,603127,昭衍新药,32.39,32.58,32.86,31.73,9012800.0
20260316,603128,华贸物流,5.92,5.96,5.97,5.91,11790200.0
20260316,603129,春风动力,248.9,256.97,259.04,246.27,1588300.0
20260316,603130,云中马,41.27,41.69,42.12,41.22,858600.0
20260316,603131,上海沪工,22.5,22.62,22.79,22.18,5219500.0
20260316,603132,金徽股份,17.49,17.35,17.6,16.89,10160800.0
20260316,603135,中重科技,11.26,11.12,11.3,11.1,2482700.0
20260316,603136,天目湖,11.84,12.0,12.02,11.81,4794700.0
20260316,603137,恒尚节能,14.14,14.24,14.28,14.09,1930100.0
20260316,603138,海量数据,20.33,21.22,21.45,19.82,26602100.0
20260316,603139,康惠股份,28.03,28.49,28.6,27.88,2916000.0
20260316,603150,万朗磁塑,56.3,55.5,57.1,54.25,2391700.0
20260316,603151,邦基科技,19.08,19.03,19.39,18.91,1776800.0
20260316,603153,上海建科,16.65,16.5,16.68,16.43,2004300.0
20260316,603155,新亚强,16.8,17.11,17.11,16.66,6684000.0
20260316,603156,养元饮品,30.6,30.46,30.67,29.74,6723500.0
20260316,603158,腾龙股份,12.8,12.41,12.8,12.09,44209300.0
20260316,603159,上海亚虹,26.77,26.31,26.77,25.55,1131100.0
20260316,603160,汇顶科技,71.52,73.19,73.2,70.62,4438700.0
20260316,603161,科华控股,15.47,15.4,15.6,15.17,2024600.0
20260316,603162,海通发展,13.94,14.33,14.41,13.91,10381000.0
20260316,603163,圣晖集成,106.0,114.9,116.95,104.01,6928300.0
20260316,603165,荣晟环保,14.56,13.99,14.56,13.71,12413400.0
20260316,603166,福达股份,14.43,14.49,14.49,14.28,3811900.0
20260316,603167,渤海轮渡,9.51,9.56,9.57,9.46,7330600.0
20260316,603168,莎普爱思,6.99,7.16,7.27,6.99,5251000.0
20260316,603169,兰石重装,13.5,12.29,13.5,12.21,137208000.0
20260316,603170,宝立食品,13.69,13.76,13.86,13.64,2213700.0
20260316,603171,税友股份,54.02,54.33,54.65,53.56,2816200.0
20260316,603172,万丰股份,22.5,22.31,22.69,21.95,2668600.0
20260316,603173,福斯达,42.71,43.8,43.84,42.39,1639100.0
20260316,603175,超颖电子,79.65,88.19,88.19,77.07,8304000.0
20260316,603176,汇通集团,5.7,5.7,5.81,5.68,4909100.0
20260316,603177,德创环保,12.26,12.19,12.37,11.8,4089300.0
20260316,603178,圣龙股份,16.33,16.49,16.51,16.33,1216000.0
20260316,603179,新泉股份,75.91,72.95,75.91,71.2,13331600.0
20260316,603180,金牌家居,20.12,20.16,20.49,20.08,992200.0
20260316,603181,皇马科技,16.5,16.68,16.75,16.25,6751200.0
20260316,603182,嘉华股份,15.9,16.04,16.16,15.85,1834800.0
20260316,603183,建研院,4.81,4.83,4.9,4.78,10178400.0
20260316,603185,弘元绿能,25.65,25.24,25.72,25.06,14281000.0
20260316,603186,华正新材,68.11,69.07,69.36,66.66,7709200.0
20260316,603187,海容冷链,16.41,16.13,16.43,15.96,6425500.0
20260316,603188,亚邦股份,5.37,5.29,5.49,5.24,17224500.0
20260316,603190,亚通精工,25.83,26.01,26.25,25.73,988000.0
20260316,603191,望变电气,25.15,23.84,25.21,23.22,23370200.0
20260316,603192,汇得科技,25.91,26.63,26.7,25.77,2521400.0
20260316,603193,润本股份,22.38,22.73,22.76,22.27,1465200.0
20260316,603194,中力股份,35.4,35.14,35.4,34.76,1585900.0
20260316,603195,公牛集团,43.8,43.06,44.08,42.88,3599300.0
20260316,603196,璞源材料,27.44,28.23,29.29,27.42,7089900.0
20260316,603197,保隆科技,34.14,34.42,34.43,33.7,1458500.0
20260316,603198,迎驾贡酒,35.34,35.85,36.02,35.34,3238700.0
20260316,603199,九华旅游,42.77,42.64,43.45,42.38,2631700.0
20260316,603200,上海洗霸,67.57,68.28,68.51,66.9,3299700.0
20260316,603201,常润股份,18.53,18.34,18.55,18.19,2398500.0
20260316,603202,天有为,91.26,91.5,91.59,90.71,384200.0
20260316,603203,快克智能,39.0,38.41,39.24,37.33,4793000.0
20260316,603205,健尔康,27.34,27.29,27.34,27.05,432000.0
20260316,603206,嘉环科技,15.99,16.27,16.27,15.9,2401700.0
20260316,603207,小方制药,28.11,28.34,28.4,28.11,644200.0
20260316,603208,江山欧派,14.2,14.38,14.43,14.18,1635100.0
20260316,603209,兴通股份,15.36,16.19,16.6,15.35,18311600.0
20260316,603210,泰鸿万立,19.05,19.32,19.48,19.04,3311700.0
20260316,603211,晋拓股份,22.44,23.62,23.86,22.23,5809200.0
20260316,603212,赛伍技术,14.15,14.21,14.36,14.11,10212200.0
20260316,603213,镇洋发展,13.82,13.68,13.87,13.65,2477200.0
20260316,603214,爱婴室,16.8,16.89,17.11,16.8,3152300.0
20260316,603215,比依股份,19.43,19.31,19.5,19.13,1319900.0
20260316,603216,梦天家居,35.99,36.32,36.65,35.64,2907000.0
20260316,603217,元利科技,24.17,23.66,24.26,23.24,2699400.0
20260316,603218,日月股份,16.88,15.82,17.09,15.49,61648400.0
20260316,603219,富佳股份,17.05,17.62,17.65,16.79,5913800.0
20260316,603220,中贝通信,25.99,25.9,26.26,24.93,40789500.0
20260316,603221,爱丽家居,12.38,12.35,12.54,12.25,1962900.0
20260316,603222,济民健康,8.9,8.91,8.98,8.77,5600900.0
20260316,603223,恒通股份,9.29,9.1,9.3,9.04,9415500.0
20260316,603225,新凤鸣,17.86,17.36,18.08,16.8,43776100.0
20260316,603226,菲林格尔,38.78,39.82,40.94,38.6,5007000.0
20260316,603227,雪峰科技,9.12,8.95,9.26,8.91,18027900.0
20260316,603228,景旺电子,61.9,63.45,63.68,60.0,23155300.0
20260316,603229,奥翔药业,9.46,9.65,9.65,9.43,6842600.0
20260316,603230,内蒙新华,11.82,11.92,11.98,11.66,2548000.0
20260316,603231,索宝蛋白,18.59,18.68,18.95,18.53,2527200.0
20260316,603232,格尔软件,23.1,23.3,23.35,22.71,10958500.0
20260316,603233,大参林,18.98,18.93,19.13,18.72,4221200.0
20260316,603235,天新药业,28.25,28.19,28.53,28.1,1319000.0
20260316,603236,移远通信,78.79,79.39,79.43,76.76,4620400.0
20260316,603237,五芳斋,17.2,17.24,17.48,17.16,1753800.0
20260316,603238,诺邦股份,17.44,17.63,17.69,17.31,1622800.0
20260316,603239,浙江仙通,21.93,22.33,22.58,21.93,2708900.0
20260316,603248,锡华科技,28.88,31.02,31.02,27.7,40106500.0
20260316,603255,鼎际得,30.47,30.43,30.98,30.14,979300.0
20260316,603256,宏和科技,72.0,71.41,72.3,68.3,16680500.0
20260316,603257,中国瑞林,65.3,63.2,65.3,62.2,2207300.0
20260316,603258,电魂网络,19.1,18.12,19.17,17.84,9892900.0
20260316,603259,药明康德,90.68,91.1,91.52,89.13,27805000.0
20260316,603260,合盛硅业,49.05,49.48,49.96,48.99,8301100.0
20260316,603261,立航科技,32.91,32.0,33.25,31.01,1554300.0
20260316,603262,技源集团,26.7,27.22,27.31,26.7,829500.0
20260316,603266,天龙股份,20.11,19.93,20.24,19.7,3968800.0
20260316,603267,鸿远电子,55.12,55.6,55.6,54.15,5990000.0
20260316,603268,松发股份,123.2,121.69,124.56,117.01,8021700.0
20260316,603269,海鸥股份,16.03,15.68,16.12,15.36,18765700.0
20260316,603270,金帝股份,25.07,24.86,25.3,24.73,2022100.0
20260316,603271,永杰新材,45.84,43.86,45.98,43.7,4114900.0
20260316,603273,天元智能,19.42,19.81,20.15,19.42,2906300.0
20260316,603275,众辰科技,44.63,45.2,45.69,44.41,1088400.0
20260316,603276,恒兴新材,17.69,17.85,17.89,17.54,2398500.0
20260316,603277,银都股份,15.21,15.23,15.3,15.03,1312100.0
20260316,603278,大业股份,11.3,11.47,11.53,11.3,5733200.0
20260316,603279,景津装备,19.45,17.97,19.73,17.66,23254700.0
20260316,603280,南方路机,40.15,38.7,41.71,38.5,8285100.0
20260316,603281,江瀚新材,32.6,31.9,33.18,30.94,5039400.0
20260316,603282,亚光股份,21.78,21.43,21.83,21.34,1599900.0
20260316,603283,赛腾股份,45.0,47.84,49.08,44.02,17958200.0
20260316,603284,林平发展,49.09,49.2,49.46,48.42,1634300.0
20260316,603285,键邦股份,35.12,35.52,36.22,35.01,2765000.0
20260316,603286,日盈电子,59.72,59.98,60.35,58.74,2039600.0
20260316,603288,海天味业,37.79,38.51,38.72,37.73,31104500.0
20260316,603289,泰瑞机器,11.3,10.96,11.39,10.92,7834500.0
20260316,603290,斯达半导,106.65,109.89,110.86,104.79,6708900.0
20260316,603291,联合水务,11.49,11.43,11.64,11.39,4463300.0
20260316,603296,华勤技术,90.16,89.1,90.49,87.4,6187600.0
20260316,603297,永新光学,115.6,116.21,117.44,113.58,922700.0
20260316,603298,杭叉集团,25.73,25.24,25.79,24.88,7900900.0
20260316,603299,苏盐井神,12.16,11.81,12.36,11.78,18000900.0
20260316,603300,海南华铁,7.12,7.17,7.2,7.09,45189200.0
20260316,603301,振德医疗,92.6,92.25,93.77,91.01,2564600.0
20260316,603303,得邦照明,14.75,14.73,14.83,14.61,1057800.0
20260316,603305,旭升集团,15.2,15.18,15.25,14.98,16437500.0
20260316,603306,华懋科技,87.0,85.38,87.55,81.66,15065100.0
20260316,603307,扬州金泉,39.67,40.2,40.52,39.66,555200.0
20260316,603308,应流股份,61.81,61.75,62.2,58.16,26928900.0
20260316,603309,维力医疗,15.5,15.31,15.53,15.17,3798200.0
20260316,603310,巍华新材,17.33,17.19,17.48,17.13,2470300.0
20260316,603311,金海高科,15.75,15.7,15.78,15.37,2706300.0
20260316,603312,西典新能,48.87,48.24,48.96,47.61,1866300.0
20260316,603313,梦百合,9.14,9.14,9.26,9.06,4950900.0
20260316,603315,福鞍股份,16.21,15.82,16.27,15.65,12290900.0
20260316,603316,诚邦股份,16.03,15.97,16.68,15.47,16156300.0
20260316,603317,天味食品,12.46,12.7,12.76,12.41,13731800.0
20260316,603318,水发燃气,8.57,8.5,9.09,8.45,49360700.0
20260316,603319,美湖股份,35.01,35.36,35.7,34.93,5130300.0
20260316,603320,迪贝电气,23.07,21.5,23.08,21.08,7485500.0
20260316,603321,梅轮电梯,8.0,7.99,8.12,7.88,5166300.0
20260316,603322,超讯科技,35.28,34.9,35.28,34.34,5362000.0
20260316,603323,苏农银行,5.05,5.09,5.11,5.05,29197800.0
20260316,603324,盛剑科技,24.21,25.03,25.21,24.12,2109800.0
20260316,603325,博隆技术,76.23,76.66,76.66,75.45,327700.0
20260316,603326,我乐家居,9.58,9.67,9.78,9.57,4260500.0
20260316,603327,福蓉科技,9.85,10.0,10.01,9.76,11153000.0
20260316,603328,依顿电子,12.51,12.9,12.92,12.23,35098500.0
20260316,603329,上海雅仕,11.23,11.17,11.33,11.08,2563900.0
20260316,603330,天洋新材,7.36,7.44,7.46,7.33,6510100.0
20260316,603331,百达精工,16.06,15.91,16.08,15.55,8875200.0
20260316,603332,苏州龙杰,13.57,14.13,14.47,13.57,12047600.0
20260316,603333,福华尚纬,8.62,8.75,8.85,8.59,12008900.0
20260316,603334,丰倍生物,54.7,55.7,56.8,54.65,2073900.0
20260316,603335,迪生力,6.25,6.19,6.33,6.1,20285000.0
20260316,603336,宏辉果蔬,9.16,9.36,9.42,9.13,6959900.0
20260316,603337,杰克科技,44.6,43.25,45.1,43.05,2714900.0
20260316,603338,浙江鼎力,52.63,52.28,52.97,51.6,5200600.0
20260316,603339,四方科技,13.41,13.47,13.51,13.26,2535300.0
20260316,603341,龙旗科技,41.29,41.82,41.82,40.61,5555300.0
20260316,603344,星德胜,28.58,28.4,28.67,28.0,1489200.0
20260316,603345,安井食品,87.1,87.85,88.8,86.23,3388000.0
20260316,603348,文灿股份,20.29,20.03,20.29,19.93,2099800.0
20260316,603350,安乃达,36.05,36.46,36.48,35.68,610800.0
20260316,603351,威尔药业,26.17,26.04,26.34,25.89,555200.0
20260316,603352,至信股份,41.46,41.5,41.64,40.78,1876200.0
20260316,603353,和顺石油,39.8,42.27,43.11,39.8,11178500.0
20260316,603355,莱克电气,31.61,30.83,31.64,30.56,1716600.0
20260316,603356,华菱精工,19.4,19.32,19.47,18.6,4654300.0
20260316,603357,设计总院,8.38,8.38,8.39,8.27,4557300.0
20260316,603358,华达科技,47.78,48.09,48.15,46.67,4993100.0
20260316,603360,百傲化学,26.11,25.4,26.26,24.75,12084200.0
20260316,603363,傲农生物,4.32,4.48,4.66,4.32,118544000.0
20260316,603365,水星家纺,20.86,21.2,21.28,20.75,2049000.0
20260316,603366,日出东方,10.61,10.08,11.13,10.0,120055800.0
20260316,603367,辰欣药业,17.06,17.0,17.15,16.91,3736600.0
20260316,603368,柳药集团,17.6,17.43,17.6,17.35,3080100.0
20260316,603369,今世缘,29.39,29.76,29.87,29.34,7703300.0
20260316,603370,华新精科,47.22,47.14,47.22,46.74,584200.0
20260316,603373,安邦护卫,41.34,42.8,43.54,41.34,2214300.0
20260316,603375,盛景微,38.88,39.23,39.26,38.58,1452300.0
20260316,603376,大明电子,36.3,36.86,36.86,36.14,1488600.0
20260316,603379,三美股份,68.58,68.26,69.0,66.36,8017700.0
20260316,603380,易德龙,36.33,36.46,36.46,35.71,1060100.0
20260316,603381,永臻股份,26.6,26.93,27.7,26.38,12390900.0
20260316,603382,海阳科技,30.26,30.46,30.8,30.09,929700.0
20260316,603383,顶点软件,32.1,32.49,32.5,32.0,1701100.0
20260316,603385,惠达卫浴,7.15,7.2,7.28,7.13,3340700.0
20260316,603386,骏亚科技,14.03,14.86,14.86,13.93,10863200.0
20260316,603387,基蛋生物,8.36,8.58,8.59,8.33,12590500.0
20260316,603389,亚振家居,43.41,43.17,44.27,42.53,1225800.0
20260316,603390,通达电气,12.18,12.37,12.38,12.11,3339200.0
20260316,603391,力聚热能,75.4,75.53,77.2,75.0,1969400.0
20260316,603392,万泰生物,40.0,40.6,41.1,39.76,3710000.0
20260316,603393,新天然气,42.14,41.1,42.54,40.24,17775400.0
20260316,603395,红四方,32.72,32.74,33.93,32.6,9309400.0
20260316,603396,金辰股份,39.57,38.64,40.0,38.36,5746100.0
20260316,603399,永杉锂业,10.9,10.9,11.08,10.65,17671000.0
20260316,603400,华之杰,67.35,70.67,71.0,67.09,2085200.0
20260316,603402,陕西旅游,140.78,141.38,143.5,140.0,640600.0
20260316,603406,天富龙,38.18,38.73,39.28,38.18,2009600.0
20260316,603408,建霖家居,12.32,12.49,12.51,12.25,3643400.0
20260316,603409,汇通控股,38.42,39.05,39.15,38.18,1491200.0
20260316,603416,信捷电气,51.98,52.2,52.2,50.96,1255000.0
20260316,603418,友升股份,54.75,55.07,55.38,54.53,728400.0
20260316,603421,鼎信通讯,9.23,10.32,10.32,9.23,85730200.0
20260316,603439,三力制药,11.62,11.7,11.75,11.6,1381200.0
20260316,603444,吉比特,378.95,383.5,385.52,378.06,1081900.0
20260316,603456,九洲药业,16.78,16.88,16.98,16.69,8597100.0
20260316,603458,勘设股份,10.3,9.88,10.37,9.62,14294200.0
20260316,603466,风语筑,10.02,10.07,10.1,9.82,31503100.0
20260316,603477,巨星农牧,18.93,18.9,19.46,18.74,16879700.0
20260316,603486,科沃斯,63.65,63.52,63.7,62.9,2896000.0
20260316,603488,展鹏科技,10.37,10.16,10.54,10.02,6746800.0
20260316,603489,八方股份,32.89,34.53,35.12,32.6,6709200.0
20260316,603496,恒为科技,29.4,29.66,29.67,28.4,12647600.0
20260316,603499,翔港科技,24.44,25.04,25.5,24.44,9128300.0
20260316,603500,祥和实业,11.56,11.58,11.73,11.48,4516400.0
20260316,603501,豪威集团,111.74,110.3,111.81,108.41,14403600.0
20260316,603505,金石资源,20.79,19.84,20.97,19.77,17362000.0
20260316,603506,南都物业,13.24,13.33,13.42,13.16,2613100.0
20260316,603507,振江股份,39.57,38.6,40.0,38.0,25016300.0
20260316,603508,思维列控,26.18,26.25,26.28,25.99,2360300.0
20260316,603511,爱慕股份,14.72,14.8,14.8,14.63,1380600.0
20260316,603515,欧普照明,18.69,19.01,19.04,18.63,1397100.0
20260316,603516,淳中科技,146.27,155.79,160.52,143.98,9825200.0
20260316,603518,锦泓集团,9.12,9.19,9.23,9.11,4250200.0
20260316,603519,立霸股份,13.71,13.92,14.19,13.7,7713200.0
20260316,603520,司太立,9.87,9.95,10.07,9.85,5257200.0
20260316,603527,众源新材,12.52,12.54,12.79,12.44,29036600.0
20260316,603528,多伦科技,8.69,8.7,8.72,8.62,5371700.0
20260316,603529,爱玛科技,28.75,28.81,28.97,28.48,5116000.0
20260316,603530,神马电力,65.98,64.73,66.37,62.79,6833400.0
20260316,603533,掌阅科技,25.42,26.43,26.46,25.02,23524500.0
20260316,603535,嘉诚国际,9.07,9.11,9.13,9.04,2514000.0
20260316,603536,惠发食品,10.15,10.25,10.3,10.08,4140200.0
20260316,603538,美诺华,25.37,25.13,26.1,24.67,31590900.0
20260316,603551,奥普科技,13.14,12.99,13.28,12.85,3785200.0
20260316,603556,海兴电力,39.64,39.01,39.83,38.2,4495900.0
20260316,603558,健盛集团,13.1,13.14,13.66,12.84,32302000.0
20260316,603559,中通国脉,7.46,7.39,7.46,7.2,2589200.0
20260316,603565,中谷物流,10.99,11.19,11.24,10.94,19753900.0
20260316,603566,普莱柯,13.8,13.83,14.0,13.74,3789400.0
20260316,603567,珍宝岛,7.6,7.52,7.63,7.46,13257500.0
20260316,603568,伟明环保,28.55,28.1,28.55,27.42,6555400.0
20260316,603569,长久物流,7.25,7.27,7.32,7.18,3884300.0
20260316,603577,汇金通,11.25,11.01,11.31,10.91,10175900.0
20260316,603578,三星新材,14.31,14.28,14.68,14.15,4911000.0
20260316,603579,荣泰健康,22.18,22.26,22.48,22.12,3048900.0
20260316,603580,艾艾精工,15.12,14.95,15.3,14.66,1213400.0
20260316,603583,捷昌驱动,33.93,34.26,34.29,33.54,2394500.0
20260316,603585,苏利股份,21.82,21.37,22.23,21.1,5609100.0
20260316,603586,金麒麟,17.96,17.78,18.05,17.52,2133800.0
20260316,603587,地素时尚,12.78,12.8,12.83,12.68,1257800.0
20260316,603588,高能环境,15.45,15.97,16.26,14.58,126075600.0
20260316,603589,口子窖,26.99,27.3,27.42,26.92,3845300.0
20260316,603590,康辰药业,38.01,38.02,38.66,37.73,2202100.0
20260316,603596,伯特利,48.2,48.36,48.52,47.15,8803500.0
20260316,603598,引力传媒,19.69,20.65,20.7,19.6,20700200.0
20260316,603599,广信股份,15.91,15.3,16.39,15.08,24609400.0
20260316,603600,永艺股份,10.88,11.01,11.03,10.85,2128800.0
20260316,603601,再升科技,11.5,11.53,11.94,11.24,101598400.0
20260316,603602,纵横通信,13.67,13.92,13.92,13.67,3238900.0
20260316,603605,珀莱雅,67.73,68.2,68.35,67.45,1480600.0
20260316,603606,东方电缆,69.1,66.92,70.22,65.78,20986600.0
20260316,603607,京华激光,24.18,25.07,25.3,24.06,18529500.0
20260316,603608,天创时尚,11.69,10.84,11.69,10.7,21921200.0
20260316,603609,禾丰股份,7.52,7.51,7.62,7.49,5119000.0
20260316,603610,麒盛科技,19.8,19.71,19.89,19.35,4574000.0
20260316,603611,诺力股份,23.54,23.16,23.71,22.99,4777400.0
20260316,603612,索通发展,34.11,32.61,34.42,31.9,17657400.0
20260316,603613,国联股份,27.6,28.07,28.11,27.4,11634500.0
20260316,603615,茶花股份,20.17,19.66,20.43,19.6,3737000.0
20260316,603616,韩建河山,6.55,6.79,7.05,6.55,21473400.0
20260316,603617,君禾股份,7.68,7.77,7.77,7.63,4609700.0
20260316,603618,杭电股份,18.87,19.05,19.31,18.3,51804900.0
20260316,603619,中曼石油,37.02,37.02,38.5,36.66,33881700.0
20260316,603626,科森科技,23.09,23.47,23.78,22.16,41265900.0
20260316,603628,清源股份,15.09,14.88,15.28,14.75,13660500.0
20260316,603629,利通电子,61.93,61.43,62.5,59.75,22774500.0
20260316,603630,拉芳家化,17.06,17.33,17.36,17.05,2709800.0
20260316,603633,徕木股份,8.26,8.4,8.41,8.26,4886000.0
20260316,603636,南威软件,10.04,10.11,10.14,10.01,6576000.0
20260316,603637,镇海股份,12.27,12.2,12.45,12.07,5830000.0
20260316,603638,艾迪精密,22.1,21.73,22.2,21.58,4358000.0
20260316,603639,海利尔,14.3,14.21,14.59,14.05,4955800.0
20260316,603648,畅联股份,10.25,10.34,10.37,10.25,2712100.0
20260316,603650,彤程新材,54.5,54.9,54.9,52.66,10851000.0
20260316,603655,朗博科技,40.2,39.49,40.3,38.83,1481200.0
20260316,603656,泰禾智能,22.48,22.52,22.69,22.23,2233700.0
20260316,603657,春光科技,28.37,28.14,28.65,27.99,1354200.0
20260316,603658,安图生物,34.91,34.8,34.94,34.55,1739400.0
20260316,603659,璞泰来,32.8,32.26,33.25,31.63,121354300.0
20260316,603660,苏州科达,9.47,9.46,9.49,9.3,9968200.0
20260316,603661,恒林股份,33.15,32.98,33.38,32.79,798700.0
20260316,603662,柯力传感,60.09,60.58,60.59,59.25,2085100.0
20260316,603663,三祥新材,49.9,47.55,50.66,46.46,14544000.0
20260316,603665,康隆达,31.77,31.54,32.0,31.3,2188200.0
20260316,603666,亿嘉和,28.2,28.54,28.67,28.12,2101700.0
20260316,603667,五洲新春,72.5,71.61,72.63,70.6,12467400.0
20260316,603668,天马科技,13.65,13.48,13.73,13.4,6308100.0
20260316,603669,灵康药业,4.55,4.56,4.65,4.51,5351900.0
20260316,603676,卫信康,10.83,10.95,10.96,10.78,1652700.0
20260316,603677,奇精机械,16.92,17.1,17.11,16.86,1402200.0
20260316,603678,火炬电子,37.21,37.78,38.06,36.5,9121200.0
20260316,603679,华体科技,16.25,15.88,16.64,15.79,14375500.0
20260316,603680,今创集团,13.92,13.84,14.03,13.74,3833500.0
20260316,603681,永冠新材,18.39,18.35,18.77,18.13,13371900.0
20260316,603682,锦和商管,6.96,7.11,7.16,6.92,10952300.0
20260316,603683,晶华新材,27.7,27.9,28.14,27.04,14955700.0
20260316,603685,晨丰科技,27.38,26.95,27.38,25.91,5141400.0
20260316,603686,福龙马,19.9,19.88,20.13,19.59,11958700.0
20260316,603687,大胜达,9.94,9.95,10.13,9.76,14652800.0
20260316,603688,石英股份,47.88,47.19,48.55,45.56,25092700.0
20260316,603689,皖天然气,8.61,8.53,8.66,8.5,8743000.0
20260316,603690,至纯科技,26.21,27.25,27.25,25.95,12335600.0
20260316,603693,江苏新能,14.87,14.44,14.94,14.26,30961800.0
20260316,603696,安记食品,16.65,17.03,17.07,16.54,6387900.0
20260316,603697,有友食品,11.26,11.17,11.37,10.95,9224500.0
20260316,603698,航天工程,30.8,30.75,31.25,30.34,9324500.0
20260316,603699,纽威股份,59.9,56.09,59.92,54.91,9222500.0
20260316,603700,宁水集团,13.96,14.07,14.37,13.95,3239500.0
20260316,603701,德宏股份,23.09,21.82,23.37,21.66,10016300.0
20260316,603703,盛洋科技,13.24,13.45,13.47,13.13,8017700.0
20260316,603706,东方环宇,20.6,20.37,20.7,20.15,1547900.0
20260316,603707,健友股份,9.81,10.05,10.17,9.81,19990400.0
20260316,603708,家家悦,11.53,11.54,11.69,11.43,3575400.0
20260316,603709,中源家居,17.91,17.96,18.44,17.75,2611300.0
20260316,603711,香飘飘,13.17,13.2,13.26,13.02,2201300.0
20260316,603712,七一二,18.4,18.57,18.57,18.2,6530900.0
20260316,603713,密尔克卫,62.39,60.98,62.84,60.4,2037700.0
20260316,603716,塞力医疗,23.91,23.65,24.9,23.32,23161000.0
20260316,603717,天域生物,7.37,7.4,7.56,7.33,6274100.0
20260316,603719,良品铺子,10.56,10.69,10.7,10.54,2856000.0
20260316,603721,中广天择,20.59,20.68,20.89,20.51,1411000.0
20260316,603722,阿科力,38.16,38.36,39.43,38.0,1723000.0
20260316,603725,天安新材,9.83,9.66,9.96,9.57,6597100.0
20260316,603726,朗迪集团,25.11,25.39,25.47,24.77,2150500.0
20260316,603727,博迈科,17.68,17.5,18.35,17.43,9110000.0
20260316,603728,鸣志电器,61.38,60.96,61.38,60.25,3321900.0
20260316,603730,岱美股份,9.06,9.04,9.12,8.94,15358900.0
20260316,603733,仙鹤股份,24.49,23.95,24.49,23.6,4402800.0
20260316,603737,三棵树,49.96,51.03,51.3,49.26,6543600.0
20260316,603738,泰晶科技,23.6,25.31,25.31,23.6,46194900.0
20260316,603739,蔚蓝生物,16.55,16.91,17.13,16.25,18831300.0
20260316,603755,日辰股份,29.75,30.1,30.34,29.7,1516200.0
20260316,603757,大元泵业,49.62,48.29,49.7,46.75,14454600.0
20260316,603758,秦安股份,13.52,13.55,13.66,13.38,2387800.0
20260316,603759,海天股份,10.34,10.18,10.35,10.02,7240100.0
20260316,603766,隆鑫通用,15.23,15.48,15.51,14.93,20707300.0
20260316,603767,中马传动,19.29,19.42,19.43,19.22,2055600.0
20260316,603768,常青股份,11.68,11.83,11.89,11.56,2973800.0
20260316,603773,沃格光电,42.17,42.5,43.29,41.97,17644800.0
20260316,603776,永安行,19.9,20.22,20.34,19.71,3293000.0
20260316,603777,来伊份,12.95,13.77,13.88,12.9,24220300.0
20260316,603778,国晟科技,20.9,22.54,22.54,20.01,97018800.0
20260316,603779,威龙股份,6.76,6.79,6.88,6.75,5249200.0
20260316,603786,科博达,59.83,59.42,60.06,58.6,3323500.0
20260316,603787,新日股份,13.61,13.86,13.88,13.54,2840900.0
20260316,603788,宁波高发,15.9,15.96,16.19,15.83,1502100.0
20260316,603790,雅运股份,23.74,23.77,24.18,23.31,3721500.0
20260316,603797,联泰环保,5.12,5.04,5.17,5.02,8923100.0
20260316,603798,康普顿,13.88,14.23,14.28,13.88,3105700.0
20260316,603799,华友钴业,66.35,63.42,66.7,61.85,79467300.0
20260316,603800,洪田股份,38.75,39.23,39.4,38.3,2693600.0
20260316,603801,志邦家居,9.53,9.88,9.89,9.49,11155200.0
20260316,603803,瑞斯康达,12.76,12.97,13.14,12.51,96674400.0
20260316,603806,福斯特,17.47,17.13,17.58,17.07,28596700.0
20260316,603808,歌力思,9.66,9.69,9.78,9.6,4021600.0
20260316,603809,豪能股份,11.69,11.72,11.74,11.58,9366200.0
20260316,603810,丰山集团,17.19,16.96,17.5,16.77,3585300.0
20260316,603811,诚意药业,11.95,11.85,12.08,11.81,8829100.0
20260316,603813,原尚股份,32.08,32.08,32.08,32.08,247400.0
20260316,603815,交建股份,6.65,6.51,6.67,6.46,13850600.0
20260316,603816,顾家家居,33.72,34.46,34.84,33.66,5517600.0
20260316,603817,海峡环保,7.7,8.18,8.19,7.69,66982800.0
20260316,603818,曲美家居,3.79,3.85,3.91,3.79,14882000.0
20260316,603819,神力股份,12.6,12.7,12.76,12.54,2902300.0
20260316,603823,百合花,16.76,17.11,17.33,16.7,7123000.0
20260316,603826,坤彩科技,24.7,24.16,24.78,23.7,9556600.0
20260316,603829,洛凯股份,29.0,29.16,29.98,28.23,11207400.0
20260316,603833,欧派家居,53.53,56.22,56.33,53.2,3474300.0
20260316,603836,海程邦达,13.87,13.96,14.09,13.83,2150200.0
20260316,603839,安正时尚,7.66,7.8,7.82,7.66,2238000.0
20260316,603848,好太太,16.7,16.8,16.97,16.68,1304900.0
20260316,603855,华荣股份,20.16,20.58,21.09,20.15,5820500.0
20260316,603856,东宏股份,14.08,13.57,14.18,13.49,6818300.0
20260316,603858,步长制药,16.92,16.99,17.05,16.79,4796200.0
20260316,603859,能科科技,40.7,40.68,40.85,39.92,4472800.0
20260316,603860,中公高科,32.55,32.68,33.19,32.51,936100.0
20260316,603861,白云电器,18.6,17.36,18.66,17.23,38934600.0
20260316,603863,松炀资源,20.62,21.1,21.35,20.41,8600900.0
20260316,603866,桃李面包,5.38,5.36,5.49,5.31,21202600.0
20260316,603867,新化股份,34.5,32.34,34.88,31.53,11293700.0
20260316,603868,飞科电器,37.16,36.35,37.2,35.85,1446100.0
20260316,603871,嘉友国际,15.45,15.32,15.6,15.05,11025500.0
20260316,603876,鼎胜新材,21.33,21.57,22.3,21.15,44909700.0
20260316,603877,太平鸟,15.48,15.23,15.54,15.15,1740600.0
20260316,603878,武进不锈,9.02,8.77,9.02,8.58,17783400.0
20260316,603879,永悦科技,6.14,6.13,6.28,6.07,8644700.0
20260316,603880,南卫股份,7.29,7.39,7.42,7.2,8666800.0
20260316,603881,数据港,35.57,35.8,35.84,34.28,38385200.0
20260316,603882,金域医学,27.89,28.03,28.08,27.73,3933600.0
20260316,603883,老百姓,14.31,14.39,14.41,14.27,5344100.0
20260316,603885,吉祥航空,12.0,11.93,12.07,11.78,28135200.0
20260316,603886,元祖股份,12.73,12.79,12.89,12.68,2638400.0
20260316,603887,城地香江,16.83,17.83,18.37,16.45,46193800.0
20260316,603888,新华网,20.78,20.95,20.96,20.62,7877100.0
20260316,603889,新澳股份,8.4,8.43,8.48,8.32,8437700.0
20260316,603890,春秋电子,14.41,14.56,14.57,14.18,6613100.0
20260316,603893,瑞芯微,166.0,169.0,169.29,164.05,3847900.0
20260316,603895,天永智能,28.45,28.99,29.27,28.42,1536900.0
20260316,603896,寿仙谷,19.91,19.95,20.05,19.87,1911300.0
20260316,603897,长城科技,32.46,32.85,34.84,32.46,26218900.0
20260316,603898,好莱客,14.31,14.58,14.6,14.1,2780300.0
20260316,603899,晨光股份,26.02,26.2,26.24,25.91,2698100.0
20260316,603900,莱绅通灵,7.93,8.0,8.06,7.92,5753500.0
20260316,603901,永创智能,13.06,12.92,13.06,12.81,5115500.0
20260316,603903,中持股份,11.66,12.05,12.06,11.65,3311600.0
20260316,603906,龙蟠科技,18.65,18.96,19.26,18.52,16849600.0
20260316,603908,牧高笛,24.99,24.89,25.26,24.57,1464100.0
20260316,603909,建发合诚,11.55,11.69,11.85,11.55,2791900.0
20260316,603912,佳力图,9.6,9.86,9.96,9.38,34730100.0
20260316,603915,国茂股份,16.4,16.31,16.41,16.0,5701500.0
20260316,603916,苏博特,11.56,11.44,11.69,11.32,8405400.0
20260316,603917,合力科技,13.93,14.0,14.05,13.86,2743200.0
20260316,603918,金桥信息,14.36,14.56,14.57,14.35,5739300.0
20260316,603919,金徽酒,19.4,20.07,20.8,19.39,20083000.0
20260316,603920,世运电路,56.0,55.48,56.08,53.47,23091600.0
20260316,603926,铁流股份,20.04,19.49,20.04,19.36,4789200.0
20260316,603927,中科软,18.04,18.02,18.04,17.82,5610400.0
20260316,603928,兴业股份,15.59,15.59,15.72,15.35,2689100.0
20260316,603929,亚翔集成,153.21,154.91,154.91,145.2,9267500.0
20260316,603931,格林达,30.62,30.8,30.94,29.72,2177900.0
20260316,603933,睿能科技,21.37,21.98,21.99,21.32,2297400.0
20260316,603936,博敏电子,15.43,15.41,15.69,15.15,64115800.0
20260316,603937,丽岛新材,13.07,13.28,13.7,13.07,8520400.0
20260316,603938,三孚股份,27.53,26.79,27.87,25.95,17176700.0
20260316,603939,益丰药房,24.56,24.59,25.33,24.47,15907600.0
20260316,603948,建业股份,28.28,28.09,28.57,27.8,2007000.0
20260316,603949,雪龙集团,22.1,22.86,22.88,21.6,12878400.0
20260316,603950,长源东谷,45.47,44.1,45.47,43.19,8574900.0
20260316,603955,大千生态,27.6,27.29,27.61,26.0,3042700.0
20260316,603956,威派格,6.1,6.14,6.17,6.08,6177700.0
20260316,603958,哈森股份,20.09,19.98,20.48,19.02,9530100.0
20260316,603960,克来机电,22.7,22.19,22.79,21.73,12171400.0
20260316,603966,法兰泰克,12.02,11.92,12.16,11.7,10693300.0
20260316,603967,中创物流,13.02,13.19,13.19,12.95,3379300.0
20260316,603968,醋化股份,14.59,14.21,14.73,14.12,8149900.0
20260316,603969,银龙股份,9.9,9.78,9.91,9.52,16006100.0
20260316,603970,中农立华,13.93,13.69,14.04,13.61,5402100.0
20260316,603976,正川股份,20.04,20.3,20.61,20.04,1025000.0
20260316,603977,国泰集团,14.16,15.23,15.35,14.14,33618700.0
20260316,603978,深圳新星,26.33,26.49,27.2,26.05,14227100.0
20260316,603979,金诚信,61.88,59.69,61.89,58.51,13620800.0
20260316,603980,吉华集团,7.3,7.25,7.59,7.17,46014000.0
20260316,603982,泉峰汽车,8.19,8.27,8.27,8.17,4002700.0
20260316,603983,丸美生物,27.45,27.91,27.95,27.3,2054900.0
20260316,603985,恒润股份,18.25,18.02,18.37,17.85,19063200.0
20260316,603986,兆易创新,280.0,306.16,306.16,277.0,46273600.0
20260316,603987,康德莱,9.15,9.19,9.26,9.11,4940900.0
20260316,603988,中电电机,27.09,26.65,27.47,26.36,5227800.0
20260316,603989,艾华集团,18.24,18.48,18.49,17.72,5446900.0
20260316,603990,麦迪科技,14.95,15.13,15.2,14.89,8175200.0
20260316,603991,领先股份,101.86,103.2,103.2,98.86,1752400.0
20260316,603992,松霖科技,31.81,30.27,31.84,30.0,9430600.0
20260316,603993,洛阳钼业,19.2,19.36,19.58,18.8,389113100.0
20260316,603995,甬金股份,18.9,18.43,18.94,18.33,5562300.0
20260316,603997,继峰股份,13.04,13.37,13.59,12.92,10828700.0
20260316,603998,方盛制药,11.92,12.06,12.13,11.87,6402300.0
20260316,603999,读者传媒,7.26,7.45,7.45,7.22,10247600.0
20260316,605001,威奥股份,8.14,8.16,8.28,8.09,4779700.0
20260316,605003,众望布艺,30.47,31.48,31.51,29.99,1458000.0
20260316,605005,合兴股份,20.07,19.69,20.07,19.64,2025900.0
20260316,605006,山东玻纤,9.7,9.7,9.81,9.36,25957300.0
20260316,605007,五洲特纸,16.28,15.6,16.58,15.59,13719500.0
20260316,605008,长鸿高科,12.68,12.51,12.76,12.42,3243800.0
20260316,605009,豪悦护理,29.67,29.87,29.89,29.48,957600.0
20260316,605011,杭州热电,21.08,21.19,21.43,20.98,4717300.0
20260316,605016,百龙创园,24.29,24.71,25.17,24.1,4754800.0
20260316,605018,长华集团,11.63,11.4,11.68,11.3,6234000.0
20260316,605020,永和股份,28.43,27.99,28.51,27.38,11089500.0
20260316,605028,世茂能源,28.88,28.86,29.11,28.34,1777700.0
20260316,605033,美邦股份,23.3,23.54,23.72,23.11,4450600.0
20260316,605050,福然德,12.68,12.72,12.85,12.45,4179900.0
20260316,605055,迎丰股份,9.38,9.23,9.58,9.1,4440800.0
20260316,605056,咸亨国际,24.38,24.23,24.46,23.82,7696400.0
20260316,605058,澳弘电子,32.21,34.23,34.26,31.8,7703200.0
20260316,605060,联德股份,56.0,59.8,59.99,53.36,9525000.0
20260316,605066,天正电气,8.71,8.55,8.73,8.44,20349400.0
20260316,605068,明新旭腾,28.63,28.16,28.63,27.72,3122500.0
20260316,605069,正和生态,14.0,13.96,14.18,13.57,5765900.0
20260316,605077,华康股份,15.98,15.96,16.25,15.89,1830400.0
20260316,605080,浙江自然,24.13,24.28,24.36,24.05,610800.0
20260316,605086,龙高股份,35.76,35.61,35.94,35.0,1301600.0
20260316,605088,冠盛股份,34.05,34.35,34.48,33.74,1596400.0
20260316,605089,味知香,26.14,26.23,26.57,26.0,705800.0
20260316,605090,九丰能源,43.16,42.82,43.95,42.56,13450800.0
20260316,605098,行动教育,55.44,56.75,56.8,54.8,1434200.0
20260316,605099,共创草坪,40.8,40.22,42.57,40.05,5310700.0
20260316,605100,华丰股份,41.91,42.13,42.36,40.99,1853700.0
20260316,605108,同庆楼,17.68,17.68,17.7,17.49,1780600.0
20260316,605111,新洁能,41.58,42.91,42.97,40.7,13901600.0
20260316,605116,奥锐特,25.87,26.51,27.02,25.86,6927900.0
20260316,605117,德业股份,135.18,130.0,136.9,128.8,17149200.0
20260316,605118,力鼎光电,41.63,42.15,42.16,40.62,2466800.0
20260316,605122,四方新材,13.83,13.82,14.04,13.71,2318800.0
20260316,605123,派克新材,105.44,105.19,106.0,102.5,2245800.0
20260316,605128,上海沿浦,35.0,35.66,36.08,34.34,3090100.0
20260316,605133,嵘泰股份,28.63,28.41,28.7,28.15,2808100.0
20260316,605136,丽人丽妆,10.21,10.42,10.44,10.2,5964500.0
20260316,605138,盛泰集团,7.19,7.25,7.34,7.19,2756300.0
20260316,605151,西上海,19.81,19.87,20.08,19.65,1611600.0
20260316,605155,西大门,17.68,17.33,17.88,17.2,2670800.0
20260316,605158,华达新材,8.0,7.95,8.04,7.9,3381400.0
20260316,605162,新中港,9.7,9.67,9.75,9.61,5398300.0
20260316,605166,聚合顺,11.11,11.1,11.27,10.98,5332800.0
20260316,605167,利柏特,17.2,16.88,17.33,16.38,5588800.0
20260316,605168,三人行,35.48,35.2,35.73,34.86,2433800.0
20260316,605169,洪通燃气,13.24,13.22,13.4,13.09,2587000.0
20260316,605177,东亚药业,22.5,22.52,22.74,22.36,2008300.0
20260316,605178,时空科技,67.79,69.1,69.3,67.51,2703300.0
20260316,605179,一鸣食品,18.03,18.27,18.28,18.0,2119100.0
20260316,605180,华生科技,15.81,15.72,16.02,15.56,1851000.0
20260316,605183,确成股份,23.08,22.49,23.37,22.32,4345000.0
20260316,605186,健麾信息,21.2,21.3,21.41,21.04,1505700.0
20260316,605188,国光连锁,17.12,17.19,17.21,16.93,3150500.0
20260316,605189,富春染织,14.59,14.61,14.76,14.46,2953700.0
20260316,605196,华通线缆,55.17,52.56,56.63,51.6,13189500.0
20260316,605198,安德利,38.0,37.93,38.48,37.45,1104400.0
20260316,605208,永茂泰,13.1,12.92,13.18,12.76,5062400.0
20260316,605218,伟时电子,19.04,19.26,19.53,18.72,3559400.0
20260316,605222,起帆电缆,23.18,23.06,23.8,22.79,27124600.0
20260316,605228,神通科技,12.42,12.69,12.7,12.25,8730800.0
20260316,605255,天普股份,115.0,120.95,124.43,111.34,3404400.0
20260316,605258,协和电子,35.3,36.63,36.63,34.92,3815800.0
20260316,605259,绿田机械,23.08,22.61,23.11,22.37,2297000.0
20260316,605266,健之佳,20.18,20.27,20.36,20.08,1262600.0
20260316,605268,王力安防,12.93,13.0,13.26,12.88,21607800.0
20260316,605277,新亚电子,23.01,23.25,23.28,22.65,4107200.0
20260316,605286,同力天启,47.66,47.88,48.74,45.69,5852100.0
20260316,605287,德才股份,47.43,46.05,47.58,44.8,4405700.0
20260316,605288,凯迪股份,107.56,103.91,108.8,102.0,673500.0
20260316,605289,罗曼股份,134.12,134.0,136.22,127.12,5598600.0
20260316,605296,神农集团,30.3,30.2,31.15,30.04,3797500.0
20260316,605298,必得科技,49.18,48.13,49.18,47.2,2059400.0
20260316,605299,舒华体育,12.64,13.9,13.9,12.64,19151900.0
20260316,605300,佳禾食品,11.32,11.39,11.39,11.28,1286400.0
20260316,605303,园林股份,17.25,18.5,18.77,17.1,7456500.0
20260316,605305,中际联合,43.69,43.69,44.68,43.02,12340100.0
20260316,605318,法狮龙,73.99,76.34,76.6,69.2,3473000.0
20260316,605319,无锡振华,24.83,24.7,25.27,24.16,6242200.0
20260316,605333,沪光股份,26.87,26.88,26.94,26.51,1774900.0
20260316,605337,李子园,11.45,11.47,11.5,11.36,3633900.0
20260316,605338,巴比食品,25.5,25.54,25.78,25.33,1741600.0
20260316,605339,南侨食品,17.27,17.57,17.57,17.21,1098100.0
20260316,605358,立昂微,36.6,37.45,37.48,35.88,14340200.0
20260316,605365,立达信,20.14,20.35,20.55,19.71,4042200.0
20260316,605366,宏柏新材,9.82,10.79,10.79,9.82,54408500.0
20260316,605368,蓝天燃气,8.56,8.58,8.6,8.5,7496000.0
20260316,605369,拱东医疗,18.16,18.22,18.22,17.92,951200.0
20260316,605376,博迁新材,94.8,91.33,94.8,88.6,7702300.0
20260316,605377,华旺科技,10.17,10.16,10.26,10.0,16747000.0
20260316,605378,野马电池,20.92,21.16,21.35,20.9,1881300.0
20260316,605388,均瑶健康,6.58,6.72,6.76,6.58,4005100.0
20260316,605389,长龄液压,71.24,68.15,71.24,68.0,872800.0
20260316,605398,新炬网络,29.44,29.27,29.44,28.76,2554700.0
20260316,605399,晨光新材,16.22,15.95,16.27,15.81,6566100.0
20260316,605488,福莱新材,37.69,36.64,37.79,36.2,6581900.0
20260316,605499,东鹏饮料,226.8,238.95,240.0,226.01,3343000.0
20260316,605500,森林包装,8.92,8.99,9.07,8.86,2342900.0
20260316,605507,国邦医药,29.25,28.94,29.64,28.54,5350300.0
20260316,605555,德昌股份,16.14,16.22,16.24,16.0,3004700.0
20260316,605566,福莱蒽特,27.03,28.32,28.35,26.81,2180200.0
20260316,605567,春雪食品,11.66,11.62,11.87,11.58,4166700.0
20260316,605577,龙版传媒,13.34,13.44,13.44,13.21,2351900.0
20260316,605580,恒盛能源,22.93,22.65,23.07,22.41,4418800.0
20260316,605588,冠石科技,54.3,57.95,59.51,53.35,3559000.0
20260316,605589,圣泉集团,33.92,33.75,33.92,32.23,25852800.0
20260316,605598,上海港湾,47.8,48.39,48.68,47.61,2139000.0
20260316,605599,菜百股份,24.06,23.99,24.25,23.61,5362200.0
