日期,股票代码,股票名称,开盘价,收盘价,最高价,最低价,成交量(股)
20260127,000001,平安银行,10.96,10.94,11.03,10.93,89409100.0
20260127,000002,万  科Ａ,4.81,4.75,4.83,4.72,174565400.0
20260127,000006,深振业Ａ,9.3,8.96,9.33,8.74,41414800.0
20260127,000007,全新好,11.72,11.47,11.75,10.98,9746500.0
20260127,000008,神州高铁,3.21,3.2,3.24,3.15,61133500.0
20260127,000009,中国宝安,10.23,9.92,10.24,9.73,71471700.0
20260127,000011,深物业A,8.99,8.85,9.01,8.71,6853800.0
20260127,000012,南  玻Ａ,4.64,4.64,4.67,4.56,21961400.0
20260127,000014,沙河股份,13.27,12.77,13.27,12.63,9433200.0
20260127,000017,深中华A,8.1,8.2,8.42,8.06,33237300.0
20260127,000019,深粮控股,7.13,7.0,7.17,6.92,12434200.0
20260127,000020,深华发Ａ,15.08,15.03,15.18,14.7,3273200.0
20260127,000021,深科技,29.16,30.28,30.55,28.5,119682900.0
20260127,000025,特  力Ａ,19.0,18.94,19.55,18.61,16563800.0
20260127,000026,飞亚达,16.51,16.23,16.61,15.92,8212700.0
20260127,000027,深圳能源,6.89,6.8,6.89,6.72,29470200.0
20260127,000028,国药一致,26.7,26.91,27.43,26.09,15372600.0
20260127,000029,深深房Ａ,20.68,20.12,20.79,19.93,6751000.0
20260127,000030,富奥股份,5.62,5.57,5.64,5.49,15922900.0
20260127,000031,大悦城,3.29,3.2,3.29,3.14,30584900.0
20260127,000032,深桑达Ａ,21.71,22.0,22.27,21.07,33579600.0
20260127,000034,神州数码,39.77,39.44,40.07,38.58,20444000.0
20260127,000035,中国天楹,6.26,6.22,6.28,6.08,36293400.0
20260127,000036,华联控股,6.3,6.24,6.4,5.98,114065600.0
20260127,000037,深南电A,9.3,9.38,9.43,9.2,18142100.0
20260127,000039,中集集团,9.72,9.64,9.92,9.57,49832200.0
20260127,000042,中洲控股,8.06,8.04,8.2,7.93,9959900.0
20260127,000045,深纺织Ａ,13.38,13.19,13.45,13.1,14761700.0
20260127,000048,京基智农,19.26,19.2,19.51,18.6,19393900.0
20260127,000049,德赛电池,26.49,26.26,26.6,25.54,9999000.0
20260127,000050,深天马Ａ,10.28,10.44,10.5,10.17,41324800.0
20260127,000055,方大集团,4.3,4.28,4.31,4.19,10419900.0
20260127,000058,深 赛 格,9.67,9.66,9.78,9.43,15690700.0
20260127,000059,华锦股份,6.09,5.95,6.18,5.88,44974000.0
20260127,000060,中金岭南,8.0,7.8,8.15,7.65,432458800.0
20260127,000061,农 产 品,9.59,9.27,9.63,9.21,18953000.0
20260127,000062,深圳华强,25.3,25.56,25.6,24.32,14916300.0
20260127,000063,中兴通讯,39.48,40.2,40.3,38.73,126645500.0
20260127,000065,北方国际,12.8,12.79,12.9,12.55,20324300.0
20260127,000066,中国长城,17.07,17.08,17.4,16.56,263014300.0
20260127,000068,华控赛格,3.52,3.52,3.7,3.47,22552700.0
20260127,000069,华侨城Ａ,2.72,2.67,2.74,2.65,69219900.0
20260127,000070,特发信息,11.92,11.77,11.97,11.36,52022500.0
20260127,000088,盐 田 港,4.58,4.54,4.58,4.49,32592200.0
20260127,000089,深圳机场,7.13,7.16,7.19,7.12,16701500.0
20260127,000090,天健集团,3.87,3.8,3.87,3.76,27575700.0
20260127,000096,广聚能源,11.25,11.04,11.26,10.93,9158800.0
20260127,000099,中信海直,20.3,20.34,20.48,20.02,14898200.0
20260127,000100,TCL科技,5.0,5.1,5.14,4.98,663742000.0
20260127,000151,中成股份,13.57,13.48,13.66,13.24,9620800.0
20260127,000153,丰原药业,6.7,6.65,6.71,6.48,9791900.0
20260127,000155,川能动力,13.73,13.55,14.07,13.26,58553200.0
20260127,000156,华数传媒,8.51,8.57,8.82,8.45,23877100.0
20260127,000157,中联重科,8.8,8.77,8.88,8.7,81497700.0
20260127,000158,常山北明,20.65,20.41,20.71,20.06,33215900.0
20260127,000159,国际实业,7.19,7.11,7.39,7.0,39483000.0
20260127,000166,申万宏源,5.14,5.07,5.14,5.06,132305600.0
20260127,000301,东方盛虹,12.31,12.46,12.86,12.18,51128000.0
20260127,000333,美的集团,76.4,76.1,77.1,75.92,32580700.0
20260127,000338,潍柴动力,24.05,24.01,24.92,23.9,151076700.0
20260127,000400,许继电气,31.23,30.93,31.23,30.11,47772700.0
20260127,000401,金隅冀东,4.86,4.85,4.89,4.77,17643500.0
20260127,000402,金 融 街,2.82,2.77,2.82,2.75,28809400.0
20260127,000403,派林生物,14.35,14.07,14.37,13.91,14531900.0
20260127,000404,长虹华意,7.08,7.03,7.09,6.94,8791900.0
20260127,000407,胜利股份,5.44,5.36,5.56,5.26,120077800.0
20260127,000408,藏格矿业,94.24,90.0,96.04,89.48,27642800.0
20260127,000409,云鼎科技,12.0,11.95,12.1,11.74,18444000.0
20260127,000410,沈阳机床,8.19,8.19,8.25,7.98,64608800.0
20260127,000411,英特集团,12.97,12.83,12.97,12.4,13462700.0
20260127,000415,渤海租赁,4.53,4.51,4.58,4.4,95096300.0
20260127,000417,合百集团,8.41,8.33,8.45,8.13,42239100.0
20260127,000419,通程控股,6.53,6.45,6.55,6.34,10011100.0
20260127,000420,吉林化纤,4.86,4.92,4.96,4.8,143416400.0
20260127,000421,南京公用,7.35,7.25,7.35,7.16,15468500.0
20260127,000422,湖北宜化,16.56,16.47,16.88,16.18,66096600.0
20260127,000423,东阿阿胶,50.5,50.35,50.77,50.1,6451600.0
20260127,000425,徐工机械,10.96,10.85,11.25,10.83,140824900.0
20260127,000426,兴业银锡,63.5,62.88,66.88,60.94,148277000.0
20260127,000428,华天酒店,3.52,3.49,3.54,3.43,17535800.0
20260127,000429,粤高速Ａ,11.79,11.98,11.99,11.72,8121000.0
20260127,000430,张家界,7.23,7.18,7.24,7.12,4697300.0
20260127,000498,山东路桥,6.25,6.21,6.25,6.14,14971100.0
20260127,000501,武商集团,10.35,10.33,10.41,10.21,13676700.0
20260127,000503,国新健康,9.92,9.78,9.99,9.61,28403600.0
20260127,000504,南华生物,9.01,8.83,9.09,8.77,4091000.0
20260127,000505,京粮控股,7.38,7.25,7.38,7.15,17675800.0
20260127,000506,招金黄金,21.4,23.57,23.57,20.9,132451400.0
20260127,000507,珠海港,5.44,5.55,5.6,5.42,29368400.0
20260127,000509,华塑控股,3.53,3.53,3.54,3.42,18923100.0
20260127,000510,新金路,19.46,19.84,20.09,18.92,93759300.0
20260127,000513,丽珠集团,36.35,35.79,36.4,35.53,7044200.0
20260127,000514,渝 开 发,5.17,5.11,5.17,5.04,18938800.0
20260127,000516,国际医学,5.11,5.07,5.11,4.91,72997100.0
20260127,000517,荣安地产,1.81,1.77,1.82,1.76,24179300.0
20260127,000518,四环生物,2.82,2.77,2.85,2.71,20951300.0
20260127,000519,中兵红箭,19.07,19.65,19.67,19.03,69083300.0
20260127,000520,凤凰航运,4.47,4.44,4.52,4.41,16064900.0
20260127,000521,长虹美菱,6.74,6.65,6.76,6.6,12499100.0
20260127,000523,红棉股份,4.14,4.02,4.15,3.96,63804000.0
20260127,000524,岭南控股,12.54,12.45,12.64,12.35,7810900.0
20260127,000525,红太阳,5.82,5.78,5.9,5.73,19869900.0
20260127,000526,学大教育,39.77,39.09,40.09,38.88,1750800.0
20260127,000528,柳    工,11.68,11.51,11.86,11.5,36346800.0
20260127,000529,广弘控股,6.2,6.15,6.2,6.02,12717400.0
20260127,000530,冰山冷热,7.25,7.06,7.26,6.95,32276300.0
20260127,000531,穗恒运Ａ,7.25,7.12,7.28,7.02,11871600.0
20260127,000532,华金资本,16.5,16.31,16.5,15.93,10499000.0
20260127,000533,顺钠股份,9.46,9.11,9.47,8.65,74696900.0
20260127,000534,万泽股份,28.03,30.8,31.1,28.03,31840200.0
20260127,000536,华映科技,4.9,4.92,4.92,4.81,59466900.0
20260127,000537,绿发电力,8.67,8.54,8.67,8.48,21891200.0
20260127,000538,云南白药,56.27,56.68,56.68,55.66,13160700.0
20260127,000539,粤电力Ａ,4.88,4.83,4.9,4.79,25588100.0
20260127,000541,佛山照明,6.43,6.43,6.48,6.29,14098100.0
20260127,000543,皖能电力,8.47,8.19,8.47,8.16,46333400.0
20260127,000544,中原环保,8.68,8.57,8.68,8.44,4930700.0
20260127,000545,金浦钛业,3.1,3.05,3.12,2.97,53353200.0
20260127,000546,金圆股份,6.71,6.61,6.84,6.42,43566900.0
20260127,000547,航天发展,25.91,27.73,28.1,25.91,201035000.0
20260127,000548,湖南投资,5.74,5.74,5.83,5.61,9692000.0
20260127,000550,江铃汽车,18.32,18.41,18.62,18.06,7362400.0
20260127,000551,创元科技,15.15,15.52,15.79,14.83,35540800.0
20260127,000552,甘肃能化,2.43,2.38,2.43,2.36,68711000.0
20260127,000553,安道麦A,6.22,6.17,6.24,6.02,7312600.0
20260127,000554,泰山石油,7.61,7.6,7.78,7.48,39573800.0
20260127,000555,神州信息,16.64,16.62,16.82,16.12,28984000.0
20260127,000557,西部创业,5.05,5.0,5.09,4.98,13697700.0
20260127,000558,天府文旅,5.22,5.3,5.3,5.1,45217000.0
20260127,000559,万向钱潮,18.7,18.51,18.91,18.06,146806700.0
20260127,000560,我爱我家,3.03,2.98,3.04,2.94,149512800.0
20260127,000561,烽火电子,12.35,12.25,12.53,11.9,44638400.0
20260127,000563,陕国投Ａ,3.62,3.61,3.63,3.55,63394300.0
20260127,000564,供销大集,2.43,2.42,2.44,2.41,177446500.0
20260127,000565,渝三峡Ａ,8.6,8.48,8.85,8.44,44125400.0
20260127,000566,海南海药,7.04,6.81,7.04,6.7,87850200.0
20260127,000567,海德股份,5.97,5.87,5.99,5.8,19135300.0
20260127,000568,泸州老窖,112.6,112.36,113.47,110.36,12122000.0
20260127,000570,苏常柴Ａ,5.84,5.8,5.87,5.68,11490000.0
20260127,000571,新大洲A,6.7,6.46,6.7,6.42,26877900.0
20260127,000572,海马汽车,7.0,7.16,7.18,6.76,90836600.0
20260127,000573,粤宏远Ａ,4.44,4.41,4.45,4.3,16312900.0
20260127,000576,甘化科工,11.52,11.7,11.79,11.36,18897400.0
20260127,000581,威孚高科,21.48,21.6,21.76,21.13,14709700.0
20260127,000582,北部湾港,9.74,9.86,9.95,9.67,43981300.0
20260127,000586,汇源通信,13.8,13.97,14.05,13.33,8400100.0
20260127,000589,贵州轮胎,5.11,5.09,5.15,5.04,28781100.0
20260127,000590,古汉医药,11.78,11.67,11.79,11.37,5555800.0
20260127,000591,太阳能,5.48,5.73,5.82,5.38,309324400.0
20260127,000592,平潭发展,9.91,10.68,10.68,9.83,264288700.0
20260127,000593,德龙汇能,18.0,17.05,18.38,16.7,40283200.0
20260127,000595,新能股份,6.44,6.49,6.53,6.32,14124900.0
20260127,000596,古井贡酒,124.78,123.3,124.78,121.51,3819400.0
20260127,000597,东北制药,5.57,5.52,5.59,5.34,30363300.0
20260127,000598,兴蓉环境,7.36,7.26,7.38,7.23,19467100.0
20260127,000599,青岛双星,6.2,6.13,6.25,6.06,18364200.0
20260127,000600,建投能源,8.66,8.49,8.66,8.4,30293600.0
20260127,000601,韶能股份,5.17,5.18,5.18,5.03,20010700.0
20260127,000603,盛达资源,56.86,61.16,62.32,56.86,84493500.0
20260127,000605,渤海股份,7.13,7.03,7.14,6.92,5865600.0
20260127,000607,华媒控股,4.87,4.93,5.08,4.81,76046000.0
20260127,000608,阳光股份,3.49,3.37,3.5,3.31,22772600.0
20260127,000612,焦作万方,14.5,14.06,14.86,13.7,108879000.0
20260127,000617,中油资本,9.12,9.05,9.12,8.96,68372500.0
20260127,000619,海螺新材,6.55,6.6,6.81,6.36,15585000.0
20260127,000620,盈新发展,3.33,3.38,3.4,3.16,338872300.0
20260127,000623,吉林敖东,20.7,20.49,20.72,20.19,18239700.0
20260127,000625,长安汽车,11.57,11.47,11.57,11.45,65184500.0
20260127,000626,远大控股,8.25,8.15,8.45,8.06,13513000.0
20260127,000628,高新发展,50.65,52.52,53.49,49.9,14968600.0
20260127,000629,钒钛股份,4.24,3.99,4.25,3.88,630404100.0
20260127,000630,铜陵有色,7.52,7.59,8.06,7.21,1288377100.0
20260127,000631,顺发恒能,3.93,4.25,4.35,3.93,121244500.0
20260127,000633,合金投资,8.11,7.88,8.11,7.77,24020600.0
20260127,000636,风华高科,20.62,21.03,21.48,20.1,61040800.0
20260127,000637,茂化实华,4.65,4.55,4.66,4.48,22959300.0
20260127,000650,仁和药业,6.22,6.13,6.22,6.05,34185500.0
20260127,000651,格力电器,39.1,38.91,39.3,38.89,46123100.0
20260127,000652,泰达股份,4.5,4.74,4.92,4.49,151703600.0
20260127,000655,金岭矿业,10.9,10.59,10.99,10.41,30420500.0
20260127,000656,金科股份,1.47,1.49,1.5,1.46,89859400.0
20260127,000657,中钨高新,49.51,50.49,53.45,49.0,146378400.0
20260127,000659,珠海中富,4.47,4.93,4.93,4.35,77092300.0
20260127,000661,长春高新,101.77,99.5,101.84,99.1,7855000.0
20260127,000663,永安林业,7.97,7.87,8.0,7.69,14097700.0
20260127,000665,湖北广电,5.52,5.5,5.58,5.41,23510600.0
20260127,000668,荣丰控股,13.95,13.4,14.08,13.37,4370400.0
20260127,000670,盈方微,9.35,9.12,9.41,8.92,158003200.0
20260127,000672,上峰材料,13.62,13.42,13.72,13.37,13449800.0
20260127,000676,智度股份,9.45,9.41,9.6,9.1,50021900.0
20260127,000678,襄阳轴承,14.45,14.25,14.51,14.0,17195500.0
20260127,000679,大连友谊,7.35,7.22,7.37,7.16,3757500.0
20260127,000680,山推股份,12.82,12.6,12.99,12.51,21539900.0
20260127,000681,视觉中国,26.93,28.01,28.08,26.18,97389200.0
20260127,000682,东方电子,13.77,13.6,13.78,13.37,28659600.0
20260127,000683,博源化工,8.56,8.51,8.74,8.31,74794900.0
20260127,000685,中山公用,12.48,12.35,12.48,12.13,18646900.0
20260127,000686,东北证券,9.22,9.09,9.22,8.99,50098400.0
20260127,000688,国城矿业,31.0,29.68,31.25,29.1,46454500.0
20260127,000690,宝新能源,4.5,4.43,4.5,4.36,65000100.0
20260127,000691,亚太实业,8.86,9.0,9.08,8.85,7085800.0
20260127,000692,惠天热电,3.73,3.71,3.74,3.61,13269300.0
20260127,000695,滨海能源,12.64,12.71,12.74,12.11,12374300.0
20260127,000697,炼石航空,8.94,9.1,9.32,8.92,14807800.0
20260127,000700,模塑科技,13.27,13.55,13.75,13.1,70656000.0
20260127,000701,厦门信达,6.32,6.39,6.42,6.18,25384600.0
20260127,000702,正虹科技,7.0,6.88,7.01,6.71,6211500.0
20260127,000703,恒逸石化,11.57,11.68,12.23,11.4,35419400.0
20260127,000705,浙江震元,9.77,9.61,9.77,9.4,8850500.0
20260127,000707,双环科技,6.61,6.53,6.61,6.44,9998400.0
20260127,000708,中信特钢,16.0,15.64,16.13,15.59,17737400.0
20260127,000709,河钢股份,2.56,2.51,2.57,2.48,147973800.0
20260127,000710,贝瑞基因,13.28,12.98,13.28,12.65,18430600.0
20260127,000711,京蓝科技,1.82,1.89,1.91,1.79,231007300.0
20260127,000712,锦龙股份,12.01,11.92,12.08,11.73,14826100.0
20260127,000713,国投丰乐,6.98,6.9,6.99,6.83,10651700.0
20260127,000715,中兴商业,6.51,6.4,6.57,6.31,16722000.0
20260127,000716,黑芝麻,6.31,6.23,6.32,6.19,25254500.0
20260127,000717,中南股份,2.74,2.7,2.75,2.65,30514100.0
20260127,000718,苏宁环球,2.39,2.33,2.4,2.28,56065700.0
20260127,000719,中原传媒,12.52,12.52,12.61,12.32,7280500.0
20260127,000720,新能泰山,3.74,3.68,3.74,3.59,42536100.0
20260127,000721,西安饮食,9.3,9.19,9.31,9.08,17934800.0
20260127,000722,湖南发展,12.8,12.72,12.81,12.49,12480000.0
20260127,000723,美锦能源,4.95,4.84,4.96,4.75,94589600.0
20260127,000725,京东方Ａ,4.47,4.56,4.6,4.45,1098498800.0
20260127,000726,鲁  泰Ａ,7.72,7.64,7.76,7.56,13954800.0
20260127,000727,冠捷科技,2.69,2.66,2.71,2.61,114710500.0
20260127,000728,国元证券,8.5,8.41,8.52,8.31,43981000.0
20260127,000729,燕京啤酒,12.31,12.07,12.4,12.02,23393600.0
20260127,000731,四川美丰,6.94,6.93,7.0,6.8,8664900.0
20260127,000733,振华科技,56.73,58.6,59.2,55.86,21480300.0
20260127,000735,罗 牛 山,7.87,7.79,7.89,7.63,33586400.0
20260127,000736,中交发展,5.9,5.84,5.9,5.76,7332800.0
20260127,000737,北方铜业,17.12,17.0,17.52,16.72,167742100.0
20260127,000738,航发控制,24.01,26.33,26.33,24.01,104290500.0
20260127,000739,普洛药业,19.38,19.12,19.45,18.77,12996400.0
20260127,000750,国海证券,4.31,4.29,4.32,4.23,76358800.0
20260127,000751,锌业股份,6.24,6.46,6.73,5.95,375377900.0
20260127,000753,漳州发展,7.42,7.54,7.62,7.22,36585600.0
20260127,000755,山西高速,5.32,5.28,5.34,5.21,7623600.0
20260127,000756,新华制药,16.89,16.64,16.89,16.31,32283100.0
20260127,000757,浩物股份,5.19,5.22,5.23,5.06,13660400.0
20260127,000758,中色股份,8.53,8.18,8.55,7.97,231090300.0
20260127,000759,中百集团,7.23,7.3,7.3,7.15,24965100.0
20260127,000761,本钢板材,3.67,3.57,3.69,3.53,24668500.0
20260127,000762,西藏矿业,29.8,29.53,30.61,28.79,34039500.0
20260127,000766,通化金马,26.48,26.69,26.7,26.13,14666000.0
20260127,000767,晋控电力,3.03,3.01,3.03,2.94,57606600.0
20260127,000768,中航西飞,29.14,30.15,30.66,29.0,64172400.0
20260127,000776,广发证券,22.66,22.51,22.83,22.32,52167700.0
20260127,000777,中核科技,25.9,25.86,26.12,25.1,17127000.0
20260127,000778,新兴铸管,4.69,4.71,4.77,4.62,95604000.0
20260127,000779,甘咨询,8.78,8.78,8.79,8.57,5782000.0
20260127,000782,恒申新材,5.68,5.7,5.74,5.54,19027200.0
20260127,000783,长江证券,8.73,8.73,8.79,8.58,76667200.0
20260127,000785,居然智家,3.16,3.14,3.19,3.08,82923900.0
20260127,000786,北新建材,27.7,27.55,28.38,27.47,30834800.0
20260127,000788,北大医药,6.75,6.63,6.76,6.39,44233000.0
20260127,000789,万年青,5.49,5.44,5.51,5.36,8328500.0
20260127,000790,华神科技,4.15,4.07,4.16,3.98,18982000.0
20260127,000791,甘肃能源,6.9,6.79,6.9,6.7,22544700.0
20260127,000792,盐湖股份,35.6,35.14,36.39,34.6,123462700.0
20260127,000795,英洛华,10.62,10.5,10.74,10.42,23444200.0
20260127,000796,凯撒旅业,6.07,6.13,6.17,5.95,54745200.0
20260127,000797,中国武夷,3.13,3.12,3.16,3.04,45012600.0
20260127,000798,中水渔业,10.62,10.38,10.67,10.25,13442100.0
20260127,000799,酒鬼酒,52.3,51.25,52.4,50.57,8687300.0
20260127,000800,一汽解放,7.0,6.99,7.02,6.91,16139600.0
20260127,000801,四川九洲,15.92,16.02,16.1,15.55,22442300.0
20260127,000802,北京文化,4.58,4.54,4.61,4.47,18215500.0
20260127,000803,山高环能,9.74,9.62,9.9,9.4,19672900.0
20260127,000807,云铝股份,33.1,33.03,33.95,32.46,79321600.0
20260127,000809,和展能源,3.54,3.46,3.55,3.4,23585300.0
20260127,000810,创维数字,11.87,11.9,11.95,11.6,14779900.0
20260127,000811,冰轮环境,16.53,16.92,17.4,16.51,39573400.0
20260127,000812,陕西金叶,4.77,4.7,4.78,4.63,20188700.0
20260127,000813,德展健康,3.88,3.8,3.89,3.77,37532700.0
20260127,000815,美利云,12.88,12.98,13.14,12.6,76162100.0
20260127,000816,智慧农业,4.07,4.17,4.23,4.04,183179000.0
20260127,000818,航锦科技,21.87,22.22,22.45,21.59,49142500.0
20260127,000819,岳阳兴长,16.88,16.66,16.97,16.41,7755100.0
20260127,000820,神雾节能,3.85,3.83,3.92,3.83,8024000.0
20260127,000822,山东海化,5.9,5.82,5.95,5.73,21769200.0
20260127,000823,超声电子,14.78,14.81,14.86,14.16,22885700.0
20260127,000825,太钢不锈,5.45,5.36,5.46,5.27,110477100.0
20260127,000828,东莞控股,11.0,10.86,11.0,10.81,7955500.0
20260127,000829,天音控股,10.72,10.53,10.78,10.44,25994600.0
20260127,000830,鲁西化工,19.3,18.94,19.56,18.37,53003100.0
20260127,000831,中国稀土,56.08,55.45,58.16,54.2,66480600.0
20260127,000833,粤桂股份,22.95,22.25,23.23,21.77,44266900.0
20260127,000837,秦川机床,13.1,13.13,13.22,12.77,21035300.0
20260127,000839,国安股份,2.89,2.86,2.92,2.82,81066000.0
20260127,000848,承德露露,8.59,8.45,8.6,8.43,14522700.0
20260127,000850,华茂股份,6.33,6.22,6.33,6.01,25165900.0
20260127,000852,石化机械,8.05,8.2,8.29,7.89,40153500.0
20260127,000856,冀东装备,10.68,10.59,10.69,10.33,5390400.0
20260127,000858,五 粮 液,102.12,101.02,102.33,101.02,22528700.0
20260127,000859,国风新材,10.91,11.22,11.52,10.46,94773800.0
20260127,000860,顺鑫农业,14.65,14.42,14.65,14.4,9134500.0
20260127,000862,银星能源,6.4,6.33,6.41,6.2,23809100.0
20260127,000863,三湘印象,6.01,6.18,6.24,5.89,32804900.0
20260127,000868,安凯客车,5.0,4.96,5.02,4.91,13394500.0
20260127,000869,张  裕Ａ,21.23,21.08,21.24,20.9,1063200.0
20260127,000875,电投绿能,6.9,6.93,7.11,6.74,114883200.0
20260127,000876,新 希 望,8.88,8.75,8.88,8.71,53921100.0
20260127,000877,天山股份,5.68,5.56,5.7,5.53,28753400.0
20260127,000878,云南铜业,24.35,24.35,24.88,23.81,137589000.0
20260127,000880,潍柴重机,36.41,36.6,38.33,36.22,41769500.0
20260127,000881,中广核技,9.19,9.18,9.29,9.0,19238300.0
20260127,000882,华联股份,2.01,2.0,2.02,1.95,93482300.0
20260127,000883,湖北能源,4.64,4.58,4.65,4.56,24311000.0
20260127,000885,城发环境,14.22,14.14,14.28,13.96,6004600.0
20260127,000886,海南高速,6.41,6.39,6.44,6.27,19104400.0
20260127,000887,中鼎股份,22.0,21.88,22.09,21.26,34760600.0
20260127,000888,峨眉山Ａ,13.51,13.35,13.58,13.18,11163300.0
20260127,000889,中嘉博创,3.66,3.65,3.74,3.59,23365600.0
20260127,000890,法尔胜,5.35,5.29,5.4,5.18,13819700.0
20260127,000892,欢瑞世纪,8.14,8.24,8.42,7.89,44714000.0
20260127,000893,亚钾国际,59.2,58.13,60.6,56.82,13978800.0
20260127,000895,双汇发展,25.71,25.61,25.89,25.6,13779000.0
20260127,000897,津滨发展,2.32,2.26,2.33,2.25,61223000.0
20260127,000898,鞍钢股份,2.68,2.63,2.69,2.6,60291600.0
20260127,000899,赣能股份,10.88,10.67,10.9,10.51,15729400.0
20260127,000900,现代投资,4.26,4.21,4.26,4.18,13067900.0
20260127,000901,航天科技,25.11,25.79,25.96,24.95,46292900.0
20260127,000902,新洋丰,17.12,17.02,17.35,16.79,15713800.0
20260127,000905,厦门港务,12.98,13.27,13.44,12.65,36018100.0
20260127,000906,浙商中拓,6.19,6.27,6.27,6.15,14534100.0
20260127,000908,石药景峰,7.67,7.67,7.74,7.6,6747400.0
20260127,000910,大亚圣象,7.81,7.73,7.84,7.61,8318700.0
20260127,000912,泸天化,4.53,4.49,4.59,4.45,17330700.0
20260127,000913,钱江摩托,15.61,15.56,15.75,15.37,5931100.0
20260127,000915,华特达因,32.21,31.86,32.35,31.81,3451500.0
20260127,000917,电广传媒,11.38,11.58,11.6,11.06,87639900.0
20260127,000919,金陵药业,7.95,7.8,7.99,7.67,18128500.0
20260127,000920,沃顿科技,13.6,13.46,13.68,13.27,7143800.0
20260127,000921,海信家电,24.11,23.74,24.21,23.7,11407200.0
20260127,000922,佳电股份,14.58,14.49,14.63,14.09,16055900.0
20260127,000923,河钢资源,25.72,25.08,25.83,24.75,20237700.0
20260127,000925,众合科技,9.14,9.13,9.32,8.92,33039700.0
20260127,000926,福星股份,2.35,2.3,2.36,2.28,35816500.0
20260127,000927,中国铁物,2.87,2.85,2.94,2.84,151266400.0
20260127,000928,中钢国际,6.83,6.76,6.9,6.69,32133600.0
20260127,000929,兰州黄河,10.1,10.14,10.44,10.1,6327100.0
20260127,000930,中粮科技,6.48,6.46,6.6,6.36,31682300.0
20260127,000931,中 关 村,5.24,5.21,5.24,5.08,13131300.0
20260127,000932,华菱钢铁,6.2,6.14,6.29,6.04,93797600.0
20260127,000933,神火股份,32.9,32.75,33.99,32.14,43433500.0
20260127,000935,四川双马,26.92,27.13,27.3,26.43,7297700.0
20260127,000936,华西股份,8.68,8.68,8.74,8.39,37390300.0
20260127,000937,冀中能源,5.56,5.45,5.56,5.41,22423400.0
20260127,000938,紫光股份,25.93,25.88,26.17,25.29,69124600.0
20260127,000948,南天信息,17.33,17.29,17.42,16.98,7293300.0
20260127,000949,新乡化纤,7.0,7.11,7.29,6.92,95501400.0
20260127,000950,重药控股,6.41,6.27,6.44,6.17,50970600.0
20260127,000951,中国重汽,17.61,18.6,18.74,17.52,38033200.0
20260127,000952,广济药业,7.66,8.26,8.5,7.32,55284500.0
20260127,000953,中哲精化,7.36,7.25,7.37,7.19,9016000.0
20260127,000955,欣龙控股,5.78,5.65,5.82,5.58,18172900.0
20260127,000957,中通客车,11.63,11.79,11.87,11.45,18586800.0
20260127,000958,电投产融,6.66,6.66,6.68,6.56,29871000.0
20260127,000959,首钢股份,5.67,5.61,5.73,5.55,49302500.0
20260127,000960,锡业股份,43.8,44.38,45.35,41.73,82035700.0
20260127,000962,东方钽业,38.83,39.11,40.33,37.85,23772800.0
20260127,000963,华东医药,37.83,37.23,37.89,37.14,9713200.0
20260127,000965,天保基建,4.1,4.07,4.11,4.01,29535200.0
20260127,000966,长源电力,4.53,4.49,4.54,4.43,32494900.0
20260127,000967,盈峰环境,7.3,7.21,7.32,7.14,29282100.0
20260127,000968,蓝焰控股,8.08,7.85,8.18,7.79,53148400.0
20260127,000969,安泰科技,25.03,25.09,25.12,24.22,43560500.0
20260127,000970,中科三环,14.53,14.49,14.75,14.22,34724300.0
20260127,000972,中基健康,3.94,3.78,3.94,3.72,28086500.0
20260127,000973,佛塑科技,12.61,12.07,12.61,11.8,51188500.0
20260127,000975,山金国际,36.1,35.73,39.62,34.61,88769400.0
20260127,000977,浪潮信息,65.01,63.85,65.02,62.01,65527100.0
20260127,000978,桂林旅游,7.2,7.08,7.28,6.98,11758900.0
20260127,000980,众泰汽车,3.49,3.45,3.51,3.39,87098500.0
20260127,000981,山子高科,4.65,4.64,4.73,4.53,779136000.0
20260127,000983,山西焦煤,6.93,6.79,6.98,6.76,60939800.0
20260127,000985,大庆华科,21.21,21.85,22.15,20.91,6104600.0
20260127,000987,越秀资本,11.06,10.73,11.3,10.56,214189100.0
20260127,000988,华工科技,77.8,78.19,78.96,75.5,40125200.0
20260127,000989,九芝堂,9.07,8.95,9.08,8.83,10948300.0
20260127,000990,诚志股份,8.99,8.96,9.16,8.79,53230200.0
20260127,000993,闽东电力,12.7,12.53,12.7,12.2,17556700.0
20260127,000995,皇台酒业,12.81,12.55,12.84,12.45,4551700.0
20260127,000997,新 大 陆,28.41,28.3,28.74,27.76,13012300.0
20260127,000998,隆平高科,9.67,9.56,9.69,9.47,21252600.0
20260127,000999,华润三九,28.6,28.26,28.72,28.16,13789300.0
20260127,001201,东瑞股份,15.09,14.79,15.09,14.6,4229200.0
20260127,001202,炬申股份,18.0,18.35,18.5,17.83,12216900.0
20260127,001203,大中矿业,31.63,31.16,32.39,29.2,65227400.0
20260127,001205,盛航股份,16.25,16.23,16.31,15.88,3493800.0
20260127,001206,依依股份,28.0,27.32,28.0,27.01,2588500.0
20260127,001207,联科科技,28.39,28.02,28.39,27.0,7538700.0
20260127,001208,华菱线缆,23.16,22.94,23.66,22.58,36610100.0
20260127,001209,洪兴股份,20.81,20.54,20.86,20.28,2596200.0
20260127,001210,金房能源,22.38,23.27,23.8,22.14,5311800.0
20260127,001211,双枪科技,29.54,29.22,29.59,28.25,2998400.0
20260127,001212,中旗新材,54.15,53.75,54.99,51.8,8633800.0
20260127,001213,中铁特货,4.2,4.17,4.21,4.14,16830400.0
20260127,001215,千味央厨,46.0,46.19,46.8,44.0,2471600.0
20260127,001216,华瓷股份,17.92,17.6,17.93,17.33,7207900.0
20260127,001217,华尔泰,13.23,12.91,13.23,12.73,10210400.0
20260127,001218,丽臣实业,25.12,24.85,25.13,24.29,1951200.0
20260127,001219,青岛食品,14.88,14.59,14.88,14.38,4553900.0
20260127,001221,悍高集团,67.8,70.34,70.44,66.98,3482500.0
20260127,001222,源飞宠物,23.42,22.86,23.48,22.61,2082500.0
20260127,001223,欧克科技,57.34,56.15,57.6,54.58,2095400.0
20260127,001225,和泰机电,80.6,79.24,83.88,75.5,2064000.0
20260127,001226,拓山重工,50.05,51.83,52.0,50.0,1632400.0
20260127,001227,兰州银行,2.32,2.3,2.33,2.29,74051000.0
20260127,001228,永泰运,30.33,30.48,30.54,29.22,2549200.0
20260127,001229,魅视科技,39.22,39.0,39.55,37.81,2073400.0
20260127,001230,劲旅环境,23.57,23.74,23.79,23.15,1812200.0
20260127,001231,农心科技,24.78,24.17,24.9,23.7,4308500.0
20260127,001233,海安集团,87.01,86.13,90.28,85.03,4295400.0
20260127,001234,泰慕士,27.2,27.53,27.54,26.46,1973600.0
20260127,001236,弘业期货,10.22,10.1,10.25,9.85,13455000.0
20260127,001238,浙江正特,56.95,55.29,56.95,54.31,692200.0
20260127,001239,永达股份,16.96,16.98,17.05,16.52,4174400.0
20260127,001255,博菲电气,39.9,40.22,40.38,39.03,4722500.0
20260127,001256,炜冈科技,22.15,21.87,22.2,21.32,1867200.0
20260127,001258,立新能源,7.73,7.69,7.74,7.49,14212000.0
20260127,001259,利仁科技,31.84,33.14,33.48,31.08,2244100.0
20260127,001260,坤泰股份,24.36,23.26,25.18,22.47,6665700.0
20260127,001266,宏英智能,33.65,34.14,34.25,32.65,2658800.0
20260127,001267,汇绿生态,25.62,28.09,28.09,25.27,51791900.0
20260127,001268,联合精密,35.5,35.77,35.88,34.9,1517700.0
20260127,001269,欧晶科技,25.04,25.4,25.42,23.9,4928600.0
20260127,001270,铖昌科技,138.0,150.17,150.17,137.01,7668800.0
20260127,001277,速达股份,49.0,43.16,50.0,43.0,10228600.0
20260127,001278,一彬科技,20.82,21.0,21.13,20.32,4100100.0
20260127,001279,强邦新材,35.71,35.84,35.95,34.92,1258200.0
20260127,001280,中国铀业,96.0,91.4,98.15,89.02,51013600.0
20260127,001282,三联锻造,21.96,21.94,22.06,21.2,3248700.0
20260127,001283,豪鹏科技,71.84,70.95,71.96,69.12,3384200.0
20260127,001285,瑞立科密,61.1,61.9,62.4,60.3,3223400.0
20260127,001286,陕西能源,9.92,9.79,9.94,9.76,13474600.0
20260127,001287,中电港,24.68,26.19,26.43,24.11,52565400.0
20260127,001288,运机集团,35.01,39.16,40.78,35.01,13739300.0
20260127,001289,龙源电力,15.86,15.64,15.87,15.55,4401600.0
20260127,001296,长江材料,29.21,29.64,29.92,28.95,6087400.0
20260127,001298,好上好,31.6,32.3,32.41,31.38,9698300.0
20260127,001299,美能能源,13.13,13.06,13.37,12.81,7561100.0
20260127,001300,三柏硕,17.32,17.36,17.5,16.8,3109900.0
20260127,001301,尚太科技,77.34,76.6,77.4,73.16,6064800.0
20260127,001306,夏厦精密,86.98,89.69,92.75,82.85,2230700.0
20260127,001308,康冠科技,21.91,22.0,22.1,21.52,2927800.0
20260127,001309,德明利,272.0,278.25,279.5,263.58,13017600.0
20260127,001311,多利科技,40.8,44.48,44.48,40.43,11838000.0
20260127,001313,粤海饲料,8.03,7.94,8.05,7.77,9633500.0
20260127,001314,亿道信息,48.13,50.38,50.49,47.38,8724500.0
20260127,001316,润贝航科,46.35,51.3,52.44,45.55,9771900.0
20260127,001317,三羊马,49.0,48.2,49.58,46.48,5838700.0
20260127,001318,阳光乳业,15.5,15.16,15.59,14.8,7261200.0
20260127,001319,铭科精技,29.85,30.74,31.18,29.7,7573400.0
20260127,001322,箭牌家居,8.66,8.8,8.84,8.57,7488600.0
20260127,001323,慕思股份,26.4,25.96,26.4,25.67,1094000.0
20260127,001324,长青科技,19.41,19.19,19.5,18.63,3226400.0
20260127,001325,元创股份,51.75,51.85,52.39,50.35,2025300.0
20260127,001326,联域股份,52.82,51.26,54.13,50.9,1875700.0
20260127,001328,登康口腔,40.54,40.93,41.16,39.95,1587000.0
20260127,001330,博纳影业,9.58,9.49,9.84,9.27,125401900.0
20260127,001331,胜通能源,53.06,57.14,57.75,53.0,9994700.0
20260127,001332,锡装股份,57.91,57.93,58.7,56.0,1303700.0
20260127,001333,光华股份,26.02,26.66,26.69,25.51,4295300.0
20260127,001335,信凯科技,55.71,54.46,55.88,53.36,1964700.0
20260127,001336,楚环科技,26.92,26.9,27.03,25.88,2500900.0
20260127,001337,四川黄金,55.26,60.78,60.78,52.25,59271700.0
20260127,001338,永顺泰,12.78,12.59,12.78,12.41,7655900.0
20260127,001339,智微智能,54.19,57.14,57.6,52.71,10501300.0
20260127,001356,富岭股份,13.17,12.69,13.18,12.55,10097500.0
20260127,001358,兴欣新材,28.28,28.47,28.64,27.72,1418900.0
20260127,001359,平安电工,78.32,79.71,80.8,75.33,2340400.0
20260127,001360,南矿集团,28.69,26.89,28.78,26.52,13922800.0
20260127,001366,播恩集团,14.33,14.16,14.34,13.81,4048800.0
20260127,001367,海森药业,24.77,24.82,24.92,23.78,2068400.0
20260127,001368,通达创智,28.92,28.7,29.0,27.79,1897200.0
20260127,001369,双欣材料,15.08,14.87,15.11,14.72,13877800.0
20260127,001373,翔腾新材,42.03,43.49,43.79,41.89,2357000.0
20260127,001376,百通能源,20.8,20.26,21.02,19.8,25426500.0
20260127,001378,德冠新材,24.86,24.64,24.95,24.05,1587000.0
20260127,001379,腾达科技,25.37,25.6,25.93,25.24,10168500.0
20260127,001380,华纬科技,24.2,24.01,24.41,23.5,3735800.0
20260127,001382,新亚电缆,21.22,21.15,21.26,20.55,4169300.0
20260127,001386,马可波罗,23.74,23.53,23.94,23.1,7823400.0
20260127,001387,雪祺电气,14.79,14.79,14.84,14.31,3457900.0
20260127,001388,信通电子,45.36,45.13,45.55,44.42,1231600.0
20260127,001389,广合科技,103.84,105.92,108.6,102.33,15776000.0
20260127,001390,古麒绒材,24.53,24.35,24.8,23.85,3192100.0
20260127,001391,国货航,5.94,5.93,5.96,5.9,24355100.0
20260127,001395,亚联机械,44.9,46.17,46.39,44.7,3151400.0
20260127,001396,誉帆科技,42.3,42.77,42.77,40.84,2329300.0
20260127,001400,江顺科技,107.53,109.8,113.0,106.0,3611200.0
20260127,001696,宗申动力,21.98,21.85,22.08,21.32,22371000.0
20260127,001872,招商港口,19.52,19.38,19.56,19.37,2050700.0
20260127,001896,豫能控股,6.44,6.39,6.48,6.24,39919000.0
20260127,001914,招商积余,11.63,11.6,11.73,11.41,8548700.0
20260127,001965,招商公路,9.44,9.42,9.51,9.4,16122900.0
20260127,001979,招商蛇口,9.78,9.83,9.98,9.65,66957500.0
20260127,002001,新 和 成,27.86,27.6,28.4,27.3,48016000.0
20260127,002003,伟星股份,10.15,10.24,10.34,10.13,13581400.0
20260127,002004,华邦健康,5.99,5.8,6.01,5.7,90907800.0
20260127,002005,德豪润达,3.13,3.04,3.15,3.01,24604200.0
20260127,002006,精工科技,22.6,22.48,22.65,21.78,18946300.0
20260127,002007,华兰生物,16.7,16.19,16.71,15.96,57040200.0
20260127,002008,大族激光,51.27,53.38,53.71,50.7,43054500.0
20260127,002009,天奇股份,28.08,28.72,28.72,27.5,98887200.0
20260127,002010,传化智联,6.8,6.72,6.84,6.63,60304700.0
20260127,002011,盾安环境,13.23,13.11,13.27,12.79,16371700.0
20260127,002012,凯恩股份,6.15,6.09,6.19,5.95,9603900.0
20260127,002014,永新股份,12.15,12.04,12.15,12.01,1826300.0
20260127,002015,协鑫能科,10.96,10.86,11.0,10.52,33241100.0
20260127,002016,世荣兆业,6.26,6.2,6.29,6.13,12316900.0
20260127,002017,东信和平,23.46,23.75,23.82,23.14,18649300.0
20260127,002019,亿帆医药,12.85,12.63,12.91,12.45,16835000.0
20260127,002020,京新药业,17.8,17.45,17.81,17.4,10903100.0
20260127,002021,中捷资源,3.28,3.2,3.34,3.12,81935900.0
20260127,002022,科华生物,7.14,7.09,7.54,7.03,85046900.0
20260127,002023,海特高新,14.08,14.29,14.31,13.7,32065500.0
20260127,002025,航天电器,51.96,52.97,53.38,50.88,25660900.0
20260127,002026,山东威达,16.8,16.81,16.91,16.03,18382600.0
20260127,002027,分众传媒,7.44,7.26,7.45,7.26,144917400.0
20260127,002028,思源电气,190.5,189.26,194.26,187.6,7899300.0
20260127,002029,七 匹 狼,12.31,12.43,12.48,12.08,21399900.0
20260127,002030,达安基因,7.5,7.71,7.71,7.36,271534700.0
20260127,002031,巨轮智能,7.9,7.79,7.9,7.6,78938400.0
20260127,002032,苏 泊 尔,44.42,43.8,44.49,43.42,2528400.0
20260127,002033,丽江股份,9.54,9.43,9.69,9.36,13149500.0
20260127,002034,旺能环境,16.95,16.95,17.0,16.69,4325800.0
20260127,002035,华帝股份,6.32,6.24,6.34,6.2,9099500.0
20260127,002036,联创电子,11.65,11.93,12.03,11.51,70786200.0
20260127,002037,保利联合,9.92,9.86,10.0,9.72,8432500.0
20260127,002038,双鹭药业,8.01,7.96,8.02,7.72,35230100.0
20260127,002039,黔源电力,17.94,17.6,17.96,17.53,7913900.0
20260127,002040,南 京 港,10.6,10.94,11.25,10.52,44262100.0
20260127,002041,登海种业,10.01,9.78,10.01,9.69,17393700.0
20260127,002042,华孚时尚,4.22,4.18,4.27,4.14,31910200.0
20260127,002043,兔 宝 宝,14.85,15.35,15.45,14.8,11997700.0
20260127,002044,美年健康,7.25,7.19,7.42,6.96,297050300.0
20260127,002045,国光电器,14.05,14.19,14.28,13.81,17858000.0
20260127,002046,国机精工,44.02,46.9,47.35,44.02,27871900.0
20260127,002047,宝鹰股份,4.61,4.71,4.8,4.57,37155100.0
20260127,002048,宁波华翔,33.0,33.17,33.47,31.86,30149500.0
20260127,002049,紫光国微,83.83,85.8,86.4,82.12,38149900.0
20260127,002050,三花智控,51.99,52.27,52.67,50.78,164608900.0
20260127,002051,中工国际,8.88,8.7,8.88,8.65,15594600.0
20260127,002052,同洲电子,12.42,12.35,12.5,12.0,14835000.0
20260127,002053,云南能投,11.86,11.65,11.92,11.46,11539100.0
20260127,002054,德美化工,8.69,9.5,9.52,8.68,101656100.0
20260127,002056,横店东磁,21.28,21.39,21.49,20.55,30169900.0
20260127,002057,中钢天源,11.26,11.19,11.48,11.0,21223400.0
20260127,002058,紫竹高科,23.96,23.35,24.37,23.17,2853100.0
20260127,002059,云南旅游,5.5,5.4,5.51,5.35,18983100.0
20260127,002060,广东建工,3.82,3.77,3.82,3.71,29820900.0
20260127,002061,浙江交科,4.13,4.08,4.14,4.04,29873800.0
20260127,002062,宏润建设,10.04,9.89,10.08,9.68,23625000.0
20260127,002063,远光软件,6.72,6.69,6.77,6.58,48912700.0
20260127,002064,华峰化学,12.51,12.65,12.78,12.28,48800100.0
20260127,002065,东华软件,10.13,10.05,10.2,9.87,92147500.0
20260127,002066,瑞泰科技,20.61,20.5,20.82,20.14,3459700.0
20260127,002067,景兴纸业,5.75,5.61,5.77,5.46,75339100.0
20260127,002068,黑猫股份,9.38,9.2,9.38,9.01,28258000.0
20260127,002069,獐子岛,3.8,3.73,3.82,3.69,12166900.0
20260127,002072,凯瑞德,7.43,7.39,7.46,7.22,4364900.0
20260127,002073,软控股份,8.5,8.48,8.58,8.25,32992800.0
20260127,002074,国轩高科,40.06,39.0,40.29,38.01,71579700.0
20260127,002075,沙钢股份,6.14,5.99,6.2,5.9,84104700.0
20260127,002076,星光股份,2.38,2.42,2.46,2.33,44675000.0
20260127,002077,大港股份,17.12,17.95,18.19,17.0,64571500.0
20260127,002078,太阳纸业,16.31,16.37,16.79,16.24,29731700.0
20260127,002079,苏州固锝,10.74,11.22,11.25,10.53,80942800.0
20260127,002080,中材科技,38.54,39.03,39.19,37.6,34376800.0
20260127,002081,金 螳 螂,3.69,3.66,3.7,3.6,38542700.0
20260127,002083,孚日股份,11.79,11.84,12.05,11.09,76098600.0
20260127,002084,海鸥住工,4.1,4.18,4.21,4.06,40804500.0
20260127,002085,万丰奥威,16.06,15.82,16.11,15.54,45881700.0
20260127,002086,东方海洋,2.33,2.29,2.34,2.28,59007300.0
20260127,002088,鲁阳节能,13.28,13.15,13.44,12.86,15584600.0
20260127,002090,金智科技,12.7,12.49,12.8,12.15,19958800.0
20260127,002091,江苏国泰,9.31,9.23,9.45,9.08,30419700.0
20260127,002092,中泰化学,6.27,6.23,6.38,6.1,97924300.0
20260127,002093,国脉科技,11.55,11.5,11.62,11.23,23584000.0
20260127,002094,青岛金王,8.0,8.24,8.29,7.95,56986700.0
20260127,002095,生 意 宝,19.1,18.98,19.19,18.54,5594500.0
20260127,002096,易普力,13.88,13.89,14.03,13.8,8228000.0
20260127,002097,山河智能,12.06,12.0,12.15,11.68,33461700.0
20260127,002098,浔兴股份,10.62,10.45,10.65,10.28,9915000.0
20260127,002099,海翔药业,6.42,6.27,6.42,6.18,21742800.0
20260127,002100,天康生物,7.22,7.15,7.24,7.03,41132100.0
20260127,002101,广东鸿图,12.63,12.55,12.64,12.3,9307300.0
20260127,002103,广博股份,9.88,9.74,9.91,9.62,15162700.0
20260127,002104,恒宝股份,18.09,18.23,18.29,17.71,23795400.0
20260127,002105,信隆健康,7.25,7.31,7.78,7.1,21364800.0
20260127,002106,莱宝高科,11.6,11.9,11.96,11.4,28017500.0
20260127,002107,沃华医药,7.61,7.55,7.61,7.4,11573600.0
20260127,002108,沧州明珠,5.11,4.91,5.11,4.81,90553800.0
20260127,002110,三钢闽光,4.63,4.44,4.67,4.42,46107000.0
20260127,002111,威海广泰,10.88,10.88,10.94,10.59,8876900.0
20260127,002112,三变科技,23.08,22.2,23.56,21.06,89893300.0
20260127,002114,罗平锌电,10.4,10.38,10.71,10.12,41825400.0
20260127,002115,三维通信,14.6,15.73,15.73,14.6,114576800.0
20260127,002116,中国海诚,10.9,10.94,10.98,10.74,6080900.0
20260127,002117,东港股份,11.84,11.79,11.92,11.6,10184000.0
20260127,002119,康强电子,22.17,24.75,24.75,21.82,94658700.0
20260127,002120,韵达股份,7.04,7.03,7.08,6.96,29210700.0
20260127,002121,科陆电子,9.7,9.49,9.79,9.04,88535600.0
20260127,002123,梦网科技,12.55,12.46,12.64,12.21,25847900.0
20260127,002124,天邦食品,2.75,2.72,2.76,2.7,47525400.0
20260127,002125,湘潭电化,15.19,14.99,15.47,14.49,32276400.0
20260127,002126,银轮股份,39.37,39.62,40.26,38.23,20179700.0
20260127,002127,南极电商,3.33,3.32,3.42,3.29,70562200.0
20260127,002128,电投能源,29.13,28.87,29.97,28.66,24159600.0
20260127,002129,TCL中环,9.26,9.4,9.5,8.98,172494400.0
20260127,002130,沃尔核材,32.8,32.58,33.54,32.2,105683800.0
20260127,002131,利欧股份,7.99,8.5,8.69,7.9,1149855100.0
20260127,002132,恒星科技,4.04,4.05,4.1,3.98,48333800.0
20260127,002133,广宇集团,3.73,3.73,3.77,3.63,19781800.0
20260127,002134,天津普林,24.84,25.88,26.22,24.66,12986400.0
20260127,002135,东南网架,5.76,5.7,5.78,5.55,23305100.0
20260127,002136,安 纳 达,13.46,13.3,13.6,13.02,13449100.0
20260127,002137,实益达,8.98,9.28,9.34,8.89,30698500.0
20260127,002138,顺络电子,39.02,39.69,39.96,38.35,22951800.0
20260127,002139,拓邦股份,13.9,14.0,14.05,13.51,29724800.0
20260127,002140,东华科技,12.4,12.22,12.48,12.0,12929000.0
20260127,002141,贤丰控股,4.16,4.07,4.21,4.06,64044900.0
20260127,002142,宁波银行,30.22,30.55,30.75,29.86,50723000.0
20260127,002144,宏达高科,13.55,13.63,13.78,13.33,5051600.0
20260127,002145,钛能化学,5.4,5.33,5.48,5.22,119986100.0
20260127,002146,荣盛发展,1.67,1.64,1.67,1.62,154857100.0
20260127,002148,北纬科技,8.8,8.75,8.86,8.48,13951500.0
20260127,002149,西部材料,44.0,46.25,47.91,44.0,121845500.0
20260127,002150,正泰电源,23.38,25.88,25.88,23.15,38771400.0
20260127,002151,北斗星通,45.32,45.65,46.18,44.39,39199900.0
20260127,002152,广电运通,13.26,13.39,13.43,13.05,28935000.0
20260127,002153,石基信息,13.3,13.35,13.66,12.74,82730600.0
20260127,002154,报 喜 鸟,3.99,3.96,3.99,3.9,33466100.0
20260127,002155,湖南黄金,27.8,27.8,27.8,27.8,3041600.0
20260127,002156,通富微电,51.89,53.25,53.66,50.33,199551100.0
20260127,002157,正邦科技,3.37,3.31,3.37,3.25,195704400.0
20260127,002158,汉钟精机,26.09,26.08,26.34,25.56,7205800.0
20260127,002159,三特索道,15.88,15.79,15.99,15.5,3554200.0
20260127,002160,常铝股份,6.3,6.15,6.42,6.06,94764600.0
20260127,002161,远 望 谷,8.48,8.58,8.79,8.33,41846000.0
20260127,002162,悦心健康,4.99,4.98,5.02,4.87,18789000.0
20260127,002163,海南发展,16.44,16.57,16.65,15.81,63174900.0
20260127,002164,宁波东力,14.61,14.39,14.79,14.11,32869100.0
20260127,002165,红 宝 丽,10.45,10.21,10.86,9.94,247779200.0
20260127,002166,莱茵生物,9.51,9.51,9.64,9.32,51990700.0
20260127,002167,东方锆业,14.62,14.48,14.94,14.26,63881200.0
20260127,002169,智光电气,11.9,11.77,11.94,11.22,53760400.0
20260127,002170,芭田股份,13.52,13.54,13.83,13.25,63667400.0
20260127,002171,楚江新材,14.32,14.28,14.5,13.71,97491100.0
20260127,002172,澳洋健康,4.42,4.4,4.44,4.29,24496400.0
20260127,002173,创新医疗,27.96,28.82,28.98,27.05,56092900.0
20260127,002174,游族网络,12.42,12.18,12.6,12.0,35956900.0
20260127,002176,江特电机,10.57,10.36,10.83,10.03,97234100.0
20260127,002177,御银股份,7.86,7.71,7.89,7.56,56885800.0
20260127,002178,延华智能,6.5,6.47,6.56,6.34,14956100.0
20260127,002179,中航光电,35.9,35.87,36.21,35.33,44983100.0
20260127,002180,奔图科技,21.51,21.85,22.11,21.01,24769600.0
20260127,002181,粤 传 媒,11.63,11.06,11.81,10.89,89828600.0
20260127,002182,宝武镁业,20.47,19.48,20.48,19.1,57663200.0
20260127,002183,怡 亚 通,5.67,5.88,6.13,5.67,267410200.0
20260127,002184,海得控制,13.8,13.77,13.92,13.37,9149800.0
20260127,002185,华天科技,13.27,14.66,14.66,13.06,453229200.0
20260127,002186,全 聚 德,12.2,11.98,12.24,11.82,8421700.0
20260127,002187,广百股份,8.22,8.06,8.3,7.88,49611500.0
20260127,002188,中天服务,6.8,6.75,6.81,6.5,16080500.0
20260127,002189,中光学,22.9,23.09,23.09,22.32,3732100.0
20260127,002190,成飞集成,37.0,37.17,37.35,36.5,5682000.0
20260127,002191,劲嘉股份,4.46,4.42,4.47,4.35,22125200.0
20260127,002192,融捷股份,60.4,58.87,61.1,56.71,17156200.0
20260127,002194,武汉凡谷,13.32,13.53,13.61,13.05,26268200.0
20260127,002195,岩山科技,9.91,10.1,10.17,9.71,623592200.0
20260127,002196,方正电机,17.4,17.39,17.98,17.06,94587800.0
20260127,002197,证通电子,9.38,9.27,9.38,8.98,28429400.0
20260127,002199,东晶电子,10.16,9.64,10.55,9.64,6360800.0
20260127,002200,交投生态,7.1,6.91,7.1,6.8,3937200.0
20260127,002201,九鼎新材,14.66,15.03,15.48,14.66,148521100.0
20260127,002202,金风科技,28.24,28.59,29.49,28.09,340380700.0
20260127,002203,海亮股份,15.18,15.2,15.37,14.65,41281700.0
20260127,002204,大连重工,7.68,7.7,7.8,7.54,47451900.0
20260127,002205,国统股份,14.2,14.02,14.21,13.69,2925700.0
20260127,002206,海 利 得,7.12,7.31,7.57,7.04,56396700.0
20260127,002208,合肥城建,14.57,14.48,14.76,14.07,49800500.0
20260127,002209,达 意 隆,16.56,16.73,16.85,16.17,7178900.0
20260127,002210,飞马国际,3.18,3.15,3.2,3.1,72476400.0
20260127,002212,天融信,9.16,9.15,9.23,8.89,37660400.0
20260127,002213,大为股份,27.71,28.43,28.93,27.1,22029800.0
20260127,002214,大立科技,20.95,20.95,21.32,20.5,5421200.0
20260127,002215,诺 普 信,11.27,11.18,11.38,11.05,21036900.0
20260127,002216,三全食品,11.74,11.49,11.76,11.41,8296800.0
20260127,002218,拓日新能,6.16,6.61,6.61,6.16,269089300.0
20260127,002219,新里程,2.47,2.44,2.49,2.39,135354500.0
20260127,002221,东华能源,8.6,8.54,8.68,8.38,20656300.0
20260127,002222,福晶科技,66.99,70.3,71.5,66.46,22933700.0
20260127,002223,鱼跃医疗,41.46,41.25,41.83,40.5,13099900.0
20260127,002224,三 力 士,4.69,4.65,4.69,4.55,24593500.0
20260127,002225,濮耐股份,6.79,6.78,6.83,6.59,36691900.0
20260127,002226,江南化工,6.2,6.16,6.25,6.08,31402700.0
20260127,002228,合兴包装,4.57,4.52,4.61,4.47,41404100.0
20260127,002229,鸿博股份,16.31,16.4,16.51,15.95,35506000.0
20260127,002230,科大讯飞,58.45,58.15,58.99,57.26,68626500.0
20260127,002232,启明信息,19.3,19.18,19.41,18.8,7180200.0
20260127,002233,塔牌集团,9.62,9.56,9.74,9.53,9629000.0
20260127,002234,民和股份,9.42,9.27,9.7,9.18,10676400.0
20260127,002235,安妮股份,10.0,10.08,10.26,9.92,31621700.0
20260127,002236,大华股份,20.1,19.94,20.2,19.57,68117000.0
20260127,002237,恒邦股份,18.93,19.47,20.02,18.57,182047900.0
20260127,002238,天威视讯,8.59,8.64,8.79,8.37,14221000.0
20260127,002239,奥特佳,3.31,3.32,3.33,3.21,142362700.0
20260127,002240,盛新锂能,40.11,39.43,41.4,37.61,61066700.0
20260127,002241,歌尔股份,28.3,28.0,28.37,27.53,90194400.0
20260127,002242,九阳股份,10.71,10.51,10.73,10.36,10150100.0
20260127,002243,力合科创,10.87,11.17,11.23,10.63,31299800.0
20260127,002244,滨江集团,10.72,10.82,10.91,10.58,26747300.0
20260127,002245,蔚蓝锂芯,18.69,18.48,18.69,17.39,95205100.0
20260127,002246,北化股份,21.78,23.37,23.44,21.66,34882800.0
20260127,002247,聚力文化,2.92,2.88,2.92,2.8,30072500.0
20260127,002248,华东数控,12.46,12.52,12.58,12.01,18354400.0
20260127,002249,大洋电机,11.15,10.98,11.15,10.66,104729700.0
20260127,002250,联化科技,18.55,18.1,18.95,17.6,49998000.0
20260127,002251,步步高,5.14,5.16,5.17,5.05,69162000.0
20260127,002252,上海莱士,6.53,6.39,6.54,6.37,70798800.0
20260127,002253,川大智胜,11.26,11.55,11.64,11.26,5746200.0
20260127,002254,泰和新材,13.1,13.21,13.34,12.96,19782600.0
20260127,002255,海陆重工,12.8,12.52,12.8,12.25,42531700.0
20260127,002256,兆新股份,3.86,3.84,3.89,3.71,77854000.0
20260127,002258,利尔化学,16.64,16.85,17.08,16.38,30478000.0
20260127,002259,升达林业,4.98,5.26,5.36,4.79,82411800.0
20260127,002261,拓维信息,33.02,33.14,33.45,32.0,49662100.0
20260127,002262,恩华药业,24.1,23.9,24.19,23.62,11648500.0
20260127,002263,大东南,3.62,3.58,3.62,3.47,62263400.0
20260127,002264,新 华 都,10.01,10.56,10.96,10.01,100904200.0
20260127,002265,建设工业,25.56,25.7,25.75,25.1,7430000.0
20260127,002266,浙富控股,4.98,4.91,5.04,4.81,206955000.0
20260127,002267,陕天然气,7.93,7.86,7.93,7.75,12375700.0
20260127,002268,电科网安,19.91,19.9,20.03,19.41,18810400.0
20260127,002269,美邦服饰,1.93,1.92,1.93,1.88,73134500.0
20260127,002270,华明装备,30.8,30.65,31.25,30.15,16262200.0
20260127,002271,东方雨虹,16.85,16.85,17.12,16.64,40295200.0
20260127,002272,川润股份,15.36,15.23,15.45,14.72,19954400.0
20260127,002273,水晶光电,25.1,25.53,25.77,24.31,52276000.0
20260127,002275,桂林三金,14.85,14.69,14.87,14.48,3513500.0
20260127,002276,万马股份,17.45,17.27,17.5,16.67,49858500.0
20260127,002277,友阿股份,7.79,8.03,8.08,7.72,43783700.0
20260127,002278,神开股份,13.3,13.19,13.48,12.93,32512600.0
20260127,002279,久其软件,10.22,10.82,11.11,10.22,258902500.0
20260127,002281,光迅科技,70.8,71.96,73.0,69.0,34286100.0
20260127,002282,博深股份,7.75,7.73,7.76,7.54,7894900.0
20260127,002283,天润工业,7.04,7.13,7.21,6.97,48956900.0
20260127,002284,亚太股份,16.89,17.38,17.59,16.75,28268200.0
20260127,002285,世联行,2.75,2.7,2.76,2.66,52174500.0
20260127,002286,保龄宝,10.02,9.89,10.05,9.73,12983100.0
20260127,002287,奇正藏药,25.25,24.58,25.26,24.35,4626400.0
20260127,002289,宇顺电子,28.21,27.8,28.96,27.5,2544300.0
20260127,002290,禾盛新材,58.24,59.48,59.5,57.3,6190000.0
20260127,002291,遥望科技,8.28,8.28,8.28,7.91,153367300.0
20260127,002292,奥飞娱乐,9.18,9.09,9.3,8.92,48166000.0
20260127,002293,罗莱生活,10.11,9.94,10.11,9.86,6869200.0
20260127,002294,信立泰,48.1,47.19,48.18,45.87,13146800.0
20260127,002295,精艺股份,12.61,12.14,12.61,11.9,13152700.0
20260127,002296,辉煌科技,13.43,13.79,14.1,13.25,48085400.0
20260127,002297,博云新材,12.28,12.59,12.79,12.01,62231900.0
20260127,002298,中电鑫龙,11.1,10.96,11.13,10.65,41140000.0
20260127,002299,圣农发展,16.88,16.57,16.98,16.41,15404700.0
20260127,002300,太阳电缆,9.1,8.7,9.1,8.6,65660400.0
20260127,002301,齐心集团,8.43,8.33,8.61,8.15,27432200.0
20260127,002302,西部建设,6.15,6.04,6.18,5.98,16325800.0
20260127,002303,美盈森,4.2,4.17,4.21,4.08,23722300.0
20260127,002304,洋河股份,55.98,54.35,55.98,54.11,23654600.0
20260127,002307,北新路桥,5.11,5.06,5.13,4.99,36481300.0
20260127,002309,中利集团,3.07,3.09,3.11,2.98,135562400.0
20260127,002310,东方新能,2.38,2.37,2.39,2.33,47392700.0
20260127,002311,海大集团,51.86,50.6,52.25,50.6,8894800.0
20260127,002312,川发龙蟒,12.46,12.38,12.72,12.2,70077400.0
20260127,002313,日海智能,10.25,10.3,10.34,10.0,7162200.0
20260127,002314,南山控股,3.03,3.0,3.04,2.94,36900100.0
20260127,002315,焦点科技,53.41,53.83,54.83,52.5,8862600.0
20260127,002316,亚联发展,5.36,5.4,5.46,5.22,16807800.0
20260127,002317,众生药业,22.71,21.57,22.71,21.0,107584100.0
20260127,002318,久立特材,31.6,33.0,33.48,31.39,15319000.0
20260127,002319,乐通股份,14.2,14.98,15.49,14.2,26718700.0
20260127,002320,海峡股份,10.58,10.48,10.59,10.25,26317500.0
20260127,002321,华英农业,2.46,2.37,2.46,2.34,63919200.0
20260127,002322,理工能科,13.5,13.38,13.54,13.17,6417100.0
20260127,002324,普利特,19.01,19.03,19.17,18.38,52802700.0
20260127,002326,永太科技,30.29,28.4,30.54,27.3,94792000.0
20260127,002327,富安娜,6.91,6.83,6.91,6.78,5292900.0
20260127,002328,新朋股份,7.11,7.15,7.18,6.88,26766200.0
20260127,002329,皇氏集团,3.84,3.84,3.86,3.76,23100100.0
20260127,002330,得利斯,5.18,5.17,5.2,5.05,21997500.0
20260127,002331,皖通科技,10.44,10.33,10.46,10.04,24486800.0
20260127,002332,仙琚制药,9.46,9.33,9.47,9.23,17687300.0
20260127,002333,罗普斯金,6.1,6.12,6.14,5.94,10622100.0
20260127,002334,英威腾,9.31,9.32,9.37,9.01,29513600.0
20260127,002335,科华数据,65.55,65.25,66.0,63.26,39062400.0
20260127,002337,赛象科技,6.68,6.66,6.69,6.42,15900600.0
20260127,002338,奥普光电,57.67,58.36,58.77,56.51,7307500.0
20260127,002339,积成电子,11.59,11.8,12.02,11.22,86261700.0
20260127,002340,格林美,9.69,9.47,9.86,9.31,314022700.0
20260127,002342,巨力索具,12.54,13.21,14.1,12.54,234550100.0
20260127,002343,慈文传媒,7.55,7.46,7.65,7.35,13460300.0
20260127,002344,海宁皮城,5.03,4.95,5.05,4.9,18393500.0
20260127,002345,潮宏基,14.6,14.03,14.78,13.98,28666500.0
20260127,002346,柘中股份,21.11,20.78,21.33,20.18,7093400.0
20260127,002347,泰尔股份,9.9,10.01,10.04,9.61,38952200.0
20260127,002348,高乐股份,6.39,6.72,6.76,6.35,42468500.0
20260127,002349,精华制药,8.0,7.83,8.0,7.65,28671400.0
20260127,002350,北京科锐,9.35,9.6,9.68,9.1,27907300.0
20260127,002351,漫步者,12.5,12.51,12.57,12.28,10389500.0
20260127,002352,顺丰控股,38.84,37.86,38.86,37.85,39895200.0
20260127,002353,杰瑞股份,87.52,86.08,90.43,83.67,18143400.0
20260127,002354,天娱数科,7.54,7.55,7.69,7.27,168919200.0
20260127,002355,兴民智通,6.42,6.4,6.48,6.23,21684700.0
20260127,002356,鹏飞绿能,4.18,4.22,4.24,4.07,47236700.0
20260127,002357,富临运业,13.04,12.86,13.32,12.45,15090600.0
20260127,002358,森源电气,7.36,7.21,7.49,7.03,114898900.0
20260127,002361,神剑股份,11.2,11.58,11.7,11.16,118443900.0
20260127,002362,汉王科技,22.18,22.88,23.16,21.61,12460900.0
20260127,002363,隆基机械,9.89,9.94,9.95,9.51,15803900.0
20260127,002364,中恒电气,31.11,31.35,31.8,29.86,33662100.0
20260127,002365,永安药业,15.92,15.46,15.93,15.05,15419700.0
20260127,002366,融发核电,8.01,7.91,8.04,7.7,81649800.0
20260127,002367,康力电梯,8.0,8.01,8.05,7.88,8869800.0
20260127,002368,太极股份,25.03,25.09,25.37,24.39,13101600.0
20260127,002369,卓翼科技,8.61,8.64,8.65,8.41,16633200.0
20260127,002370,亚太药业,7.81,7.45,7.81,7.3,70333200.0
20260127,002371,北方华创,494.04,497.68,507.88,493.11,7691700.0
20260127,002372,伟星新材,11.5,11.56,11.74,11.39,16386200.0
20260127,002373,千方科技,12.74,13.1,13.46,12.71,71475500.0
20260127,002374,中锐股份,3.46,3.41,3.49,3.32,33711500.0
20260127,002375,亚厦股份,4.18,4.17,4.21,4.09,19529100.0
20260127,002376,新北洋,8.04,8.0,8.09,7.84,20324200.0
20260127,002377,国创高新,3.22,3.18,3.27,3.14,32130000.0
20260127,002378,章源钨业,23.12,23.53,24.6,22.75,122453100.0
20260127,002379,宏桥控股,29.67,29.22,30.09,29.07,16551800.0
20260127,002380,科远智慧,31.93,31.33,31.98,30.5,10031800.0
20260127,002381,双箭股份,7.04,7.0,7.06,6.85,5832200.0
20260127,002382,蓝帆医疗,6.05,6.04,6.08,5.83,18698500.0
20260127,002383,合众思壮,11.5,11.55,11.62,11.2,27293400.0
20260127,002384,东山精密,72.5,76.54,77.0,71.68,62431800.0
20260127,002385,大北农,4.21,4.13,4.21,4.09,148168100.0
20260127,002386,天原股份,6.07,5.96,6.11,5.85,35358400.0
20260127,002387,维信诺,9.0,9.18,9.22,8.91,25027700.0
20260127,002388,新亚制程,5.8,5.71,5.8,5.53,24881900.0
20260127,002389,航天彩虹,24.04,24.5,24.52,23.68,27958300.0
20260127,002390,信邦制药,3.44,3.41,3.46,3.33,50439400.0
20260127,002391,长青股份,6.42,6.4,6.45,6.27,8671300.0
20260127,002392,北京利尔,8.84,8.82,8.88,8.61,23517700.0
20260127,002393,力生制药,23.08,22.7,23.08,22.35,5406100.0
20260127,002394,联发股份,15.42,14.98,15.52,14.78,12113600.0
20260127,002395,双象股份,18.88,18.52,18.97,18.28,6236900.0
20260127,002396,星网锐捷,29.66,30.01,30.28,28.6,26433400.0
20260127,002397,梦洁股份,4.59,4.49,4.63,4.32,38745400.0
20260127,002398,垒知集团,6.1,6.16,6.29,5.86,60947500.0
20260127,002399,海普瑞,12.55,12.36,12.56,12.1,5031500.0
20260127,002400,省广集团,11.32,11.23,11.59,10.86,288469500.0
20260127,002401,中远海科,16.92,16.91,17.09,16.52,8208500.0
20260127,002402,和而泰,38.81,39.21,39.29,37.63,39689500.0
20260127,002403,爱仕达,12.73,12.47,12.73,12.18,5422000.0
20260127,002404,嘉欣丝绸,7.21,7.11,7.23,7.04,11819500.0
20260127,002405,四维图新,10.82,10.98,11.29,10.8,154981100.0
20260127,002406,远东传动,8.42,8.4,8.49,8.25,19735200.0
20260127,002407,多氟多,31.12,29.46,31.14,28.46,104648800.0
20260127,002408,齐翔腾达,6.0,5.81,6.13,5.8,100033700.0
20260127,002409,雅克科技,91.34,93.0,93.87,90.0,13199500.0
20260127,002410,广联达,14.64,14.5,14.92,14.24,51178400.0
20260127,002412,汉森制药,7.0,6.94,7.02,6.76,12825600.0
20260127,002413,雷科防务,13.45,14.21,14.5,13.41,207190600.0
20260127,002414,高德红外,17.84,18.22,18.24,17.47,77610000.0
20260127,002415,海康威视,32.2,31.9,32.26,31.8,57429700.0
20260127,002416,爱施德,13.45,13.46,13.56,13.23,20501900.0
20260127,002418,康盛股份,4.88,4.81,4.93,4.66,56076800.0
20260127,002419,天虹股份,5.78,5.76,5.86,5.67,23611800.0
20260127,002420,毅昌科技,8.55,8.75,8.84,8.54,44396800.0
20260127,002421,达实智能,2.94,2.91,2.97,2.86,54604600.0
20260127,002422,科伦药业,32.12,31.41,32.15,31.26,14059700.0
20260127,002423,中粮资本,11.8,11.6,11.81,11.45,20615900.0
20260127,002425,凯撒文化,3.99,4.0,4.05,3.92,23386700.0
20260127,002426,胜利精密,4.54,4.5,4.61,4.35,196664600.0
20260127,002427,尤夫股份,7.8,7.51,7.8,7.3,38939200.0
20260127,002428,云南锗业,39.6,38.65,39.73,37.68,80096900.0
20260127,002429,兆驰股份,9.91,10.85,10.93,9.9,206888800.0
20260127,002430,杭氧股份,32.01,32.15,32.66,31.5,10970200.0
20260127,002432,九安医疗,43.91,43.98,44.78,42.93,29666200.0
20260127,002434,万里扬,10.8,10.71,10.82,10.3,37476100.0
20260127,002436,兴森科技,24.44,24.82,24.97,23.5,105127700.0
20260127,002437,誉衡药业,3.62,3.53,3.63,3.42,140730700.0
20260127,002438,江苏神通,16.08,16.2,16.28,15.4,17957900.0
20260127,002439,启明星辰,14.88,14.86,14.96,14.51,17460000.0
20260127,002440,闰土股份,9.55,9.77,9.8,9.38,73250000.0
20260127,002441,众业达,10.09,10.05,10.16,9.8,10866800.0
20260127,002442,龙星科技,6.41,6.29,6.43,6.21,10899000.0
20260127,002443,金洲管道,9.04,8.97,9.14,8.77,18145200.0
20260127,002444,巨星科技,37.2,37.23,37.65,36.58,11700700.0
20260127,002445,中南文化,2.75,2.75,2.77,2.68,73100700.0
20260127,002446,盛路通信,11.4,12.46,12.46,11.33,141011800.0
20260127,002448,中原内配,14.21,14.4,14.59,14.0,22610300.0
20260127,002449,国星光电,8.74,8.81,8.84,8.44,18501400.0
20260127,002451,摩恩电气,10.85,10.44,10.94,10.26,37702500.0
20260127,002452,长高电气,10.03,10.14,10.17,9.76,27529500.0
20260127,002453,华软科技,6.12,6.08,6.14,5.89,20503600.0
20260127,002454,松芝股份,9.6,9.36,9.61,9.25,15031300.0
20260127,002455,百川股份,7.29,7.21,7.31,7.04,27952200.0
20260127,002456,欧菲光,10.44,10.4,10.48,10.22,84927900.0
20260127,002457,青龙管业,11.71,11.8,12.11,11.7,23130500.0
20260127,002458,益生股份,9.6,9.36,9.85,9.28,25902300.0
20260127,002459,晶澳科技,11.83,12.27,12.37,11.28,142047000.0
20260127,002460,赣锋锂业,74.56,72.91,76.15,71.51,65435100.0
20260127,002461,珠江啤酒,9.66,9.46,9.66,9.4,8839300.0
20260127,002462,嘉事堂,16.6,16.4,16.71,16.0,8842600.0
20260127,002463,沪电股份,71.3,71.59,73.73,69.63,70476300.0
20260127,002465,海格通信,17.62,17.82,18.05,17.27,277097700.0
20260127,002466,天齐锂业,61.51,61.0,62.7,59.24,54442700.0
20260127,002467,二六三,6.5,6.5,6.52,6.24,177402700.0
20260127,002468,申通快递,13.34,13.02,13.38,12.9,21981600.0
20260127,002469,三维化学,9.5,9.29,9.52,9.18,20854300.0
20260127,002470,金正大,1.91,1.92,1.96,1.88,113022900.0
20260127,002471,中超控股,7.89,8.49,8.76,7.81,462514300.0
20260127,002472,双环传动,44.78,44.35,44.93,43.07,25897700.0
20260127,002474,榕基软件,8.95,9.1,9.17,8.8,47342300.0
20260127,002475,立讯精密,54.32,53.72,54.79,52.86,122784300.0
20260127,002476,新叶股份,6.86,6.72,6.88,6.66,16682900.0
20260127,002478,常宝股份,9.77,10.32,10.41,9.7,43702500.0
20260127,002479,富春环保,5.33,5.26,5.34,5.2,17902400.0
20260127,002480,新筑股份,6.26,6.45,6.47,6.26,15752400.0
20260127,002481,双塔食品,5.19,5.07,5.19,5.05,17131400.0
20260127,002482,广田集团,1.73,1.72,1.74,1.7,45845000.0
20260127,002483,润邦股份,7.56,7.47,7.6,7.4,13328500.0
20260127,002484,江海股份,30.15,30.41,30.73,28.93,24149800.0
20260127,002486,嘉麟杰,3.17,3.13,3.19,3.06,27299600.0
20260127,002487,大金重工,61.47,62.95,66.5,61.47,17780900.0
20260127,002488,金固股份,12.69,12.6,12.81,12.25,46739100.0
20260127,002489,浙江永强,3.85,3.81,3.87,3.76,32895700.0
20260127,002490,山东墨龙,8.65,8.69,9.11,8.47,82179800.0
20260127,002491,通鼎互联,6.27,6.4,6.45,6.17,95726700.0
20260127,002492,恒基达鑫,8.38,9.14,9.15,8.35,41382300.0
20260127,002493,荣盛石化,13.66,13.73,14.16,13.6,63772900.0
20260127,002494,华斯股份,5.63,5.58,5.63,5.37,12905900.0
20260127,002495,佳隆股份,2.75,2.72,2.75,2.65,31587500.0
20260127,002496,辉丰股份,2.01,1.98,2.02,1.96,20320100.0
20260127,002497,雅化集团,25.07,25.14,25.74,24.1,46660200.0
20260127,002498,汉缆股份,5.85,5.66,5.95,5.55,353815300.0
20260127,002500,山西证券,6.11,6.07,6.11,6.01,30696500.0
20260127,002506,协鑫集成,3.38,3.69,3.8,3.22,1653052300.0
20260127,002507,涪陵榨菜,13.28,13.02,13.29,13.01,16388900.0
20260127,002508,老板电器,20.23,20.11,20.32,19.87,6918800.0
20260127,002510,天汽模,7.7,7.5,7.73,7.35,51918800.0
20260127,002511,中顺洁柔,8.47,8.52,8.61,8.31,23079600.0
20260127,002513,蓝丰生化,7.61,7.42,7.67,7.2,21852400.0
20260127,002515,金字火腿,6.1,6.08,6.13,5.98,21044000.0
20260127,002516,旷达科技,6.92,6.9,6.96,6.74,22461100.0
20260127,002517,恺英网络,24.68,24.81,24.97,24.09,32501800.0
20260127,002518,科士达,55.64,57.42,57.78,54.45,12193900.0
20260127,002519,银河电子,8.28,8.46,8.78,8.28,158222900.0
20260127,002520,日发精机,6.2,6.19,6.24,5.98,27880300.0
20260127,002521,齐峰新材,8.63,8.44,8.65,8.39,5420700.0
20260127,002522,浙江众成,6.12,5.93,6.12,5.8,46780500.0
20260127,002523,天桥起重,4.58,4.57,4.61,4.44,34790000.0
20260127,002524,光正眼科,5.0,5.56,5.56,4.71,117704400.0
20260127,002526,山东矿机,3.8,3.79,3.81,3.71,36580000.0
20260127,002527,新时达,17.12,17.08,17.23,16.46,26044600.0
20260127,002529,海源复材,7.05,7.1,7.24,6.96,5445500.0
20260127,002530,金财互联,10.86,10.82,11.06,10.6,30816800.0
20260127,002531,天顺风能,7.31,7.45,7.53,7.27,38106400.0
20260127,002532,天山铝业,19.1,18.84,19.39,18.43,67388700.0
20260127,002533,金杯电工,14.0,13.71,14.01,13.43,24214900.0
20260127,002534,西子洁能,18.6,18.05,18.73,17.45,28809400.0
20260127,002535,林州重机,4.09,4.09,4.11,4.01,21371000.0
20260127,002536,飞龙股份,28.07,27.74,28.18,26.84,32771200.0
20260127,002537,海联金汇,9.06,9.02,9.27,8.81,97377500.0
20260127,002539,云图控股,14.03,14.98,15.13,13.89,69280100.0
20260127,002540,亚太科技,7.75,7.78,7.86,7.53,31365300.0
20260127,002541,鸿路钢构,20.71,21.1,21.26,20.22,10090900.0
20260127,002543,万和电气,10.42,10.22,10.44,10.11,10825700.0
20260127,002544,普天科技,32.01,32.12,32.54,31.31,21596100.0
20260127,002545,东方铁塔,28.92,27.87,28.92,26.74,37509100.0
20260127,002546,新联电子,9.09,9.08,9.28,8.79,94837700.0
20260127,002548,金新农,6.23,6.49,6.6,5.99,84567800.0
20260127,002549,凯美特气,22.77,23.45,23.8,22.67,49626500.0
20260127,002550,千红制药,8.38,8.18,8.38,7.98,43472100.0
20260127,002551,尚荣医疗,3.97,3.92,3.97,3.82,21457400.0
20260127,002552,宝鼎科技,19.6,19.71,20.45,19.35,17640900.0
20260127,002553,南方精工,29.18,28.67,29.18,27.71,27980300.0
20260127,002554,惠博普,4.02,3.99,4.13,3.92,72079300.0
20260127,002555,三七互娱,26.91,26.8,27.33,26.45,51293900.0
20260127,002556,辉隆股份,6.39,6.34,6.45,6.27,18242200.0
20260127,002557,洽洽食品,23.0,22.64,23.05,22.52,6945600.0
20260127,002558,巨人网络,46.48,47.33,47.76,44.62,41988400.0
20260127,002559,亚威股份,10.56,10.66,10.68,10.21,22895800.0
20260127,002560,通达股份,10.99,10.93,11.02,10.5,47789800.0
20260127,002561,徐家汇,9.09,9.01,9.15,8.88,10482100.0
20260127,002562,兄弟科技,7.0,6.9,7.01,6.74,31427500.0
20260127,002563,森马服饰,5.43,5.38,5.45,5.35,22279600.0
20260127,002564,天沃科技,7.94,7.8,7.94,7.58,20183100.0
20260127,002565,顺灏股份,16.33,17.36,17.9,16.32,179903800.0
20260127,002566,益盛药业,8.24,8.28,8.32,8.0,8684800.0
20260127,002567,唐人神,4.46,4.4,4.47,4.36,48201000.0
20260127,002568,百润股份,21.2,20.43,21.27,20.02,15911300.0
20260127,002570,贝因美,6.16,6.15,6.19,6.09,26973200.0
20260127,002571,德力股份,12.03,12.12,12.25,11.82,13089400.0
20260127,002572,索菲亚,14.16,14.07,14.4,14.01,10836500.0
20260127,002573,清新环境,3.99,3.94,3.99,3.89,11723000.0
20260127,002574,明牌珠宝,6.59,6.62,6.85,6.46,41297900.0
20260127,002575,群兴玩具,6.96,6.89,7.04,6.68,97643700.0
20260127,002576,通达动力,18.29,18.08,18.29,17.54,4949600.0
20260127,002577,雷柏科技,18.46,19.02,19.28,18.45,6154700.0
20260127,002578,闽发铝业,4.68,4.64,4.77,4.55,66268200.0
20260127,002579,中京电子,12.8,12.65,12.82,12.25,48167100.0
20260127,002580,圣阳股份,13.18,13.08,13.29,12.7,13060700.0
20260127,002582,好想你,14.53,14.31,14.65,13.4,69888100.0
20260127,002583,海能达,11.1,11.19,11.23,10.9,34215300.0
20260127,002584,西陇科学,9.7,9.58,9.76,9.37,49745100.0
20260127,002585,双星新材,7.59,7.58,7.65,7.29,50574400.0
20260127,002586,围海股份,4.81,4.85,4.92,4.74,12011900.0
20260127,002587,奥拓电子,6.94,6.96,7.0,6.77,20910400.0
20260127,002588,史丹利,10.94,10.93,11.23,10.81,14192600.0
20260127,002589,瑞康医药,3.77,3.61,3.77,3.49,139485100.0
20260127,002590,万安科技,15.05,15.15,15.26,14.71,15220300.0
20260127,002591,恒大高新,7.65,7.74,7.79,7.49,17333100.0
20260127,002593,日上集团,5.85,5.92,5.92,5.7,24062600.0
20260127,002594,比亚迪,92.67,91.81,92.99,91.8,36298100.0
20260127,002595,豪迈科技,83.81,86.06,88.54,83.81,5922700.0
20260127,002596,海南瑞泽,4.5,4.49,4.53,4.36,47182900.0
20260127,002597,金禾实业,22.48,22.2,22.55,22.06,7713600.0
20260127,002599,盛通股份,8.22,8.31,8.34,8.05,18491200.0
20260127,002600,领益智造,15.34,15.33,15.46,14.73,146227000.0
20260127,002601,龙佰集团,22.12,22.07,22.97,21.9,46985900.0
20260127,002602,世纪华通,19.2,18.95,19.29,18.58,140249100.0
20260127,002603,以岭药业,20.0,19.02,20.07,18.68,68233300.0
20260127,002605,姚记科技,26.3,26.33,26.65,25.71,8805900.0
20260127,002606,大连电瓷,10.96,11.02,11.18,10.73,41423300.0
20260127,002607,中公教育,2.9,2.98,3.04,2.88,292647400.0
20260127,002608,江苏国信,7.78,7.68,7.78,7.59,18967600.0
20260127,002609,捷顺科技,10.49,10.51,10.59,10.16,21795800.0
20260127,002611,东方精工,18.81,18.53,18.84,18.01,57376900.0
20260127,002612,朗姿股份,19.9,19.34,19.91,19.08,14849700.0
20260127,002613,北玻股份,3.93,4.0,4.01,3.9,28838000.0
20260127,002614,奥佳华,7.64,7.5,7.66,7.36,25115800.0
20260127,002615,哈尔斯,8.45,8.38,8.57,8.31,10243100.0
20260127,002616,长青集团,5.7,5.63,5.7,5.5,17516700.0
20260127,002617,露笑科技,9.08,9.21,9.28,8.75,155256600.0
20260127,002622,皓宸医疗,3.16,3.15,3.21,3.07,24139400.0
20260127,002623,亚玛顿,21.04,23.5,25.0,21.04,43116000.0
20260127,002624,完美世界,17.33,17.38,17.5,16.82,39856900.0
20260127,002625,光启技术,49.2,49.4,50.0,48.2,32559700.0
20260127,002626,金达威,20.27,19.89,20.27,19.5,10772800.0
20260127,002627,三峡旅游,9.52,9.02,9.65,8.85,45094900.0
20260127,002628,成都路桥,4.84,4.9,4.94,4.71,47512800.0
20260127,002629,仁智股份,6.24,6.16,6.26,6.0,21848600.0
20260127,002631,德尔未来,5.79,5.66,5.79,5.46,18419900.0
20260127,002632,道明光学,12.78,12.89,12.9,12.18,21283000.0
20260127,002633,申科股份,16.6,16.57,16.73,16.14,2751900.0
20260127,002635,安洁科技,14.43,14.85,15.14,14.43,40065100.0
20260127,002636,金安国纪,25.49,26.76,27.54,25.21,60838500.0
20260127,002637,赞宇科技,13.33,14.29,14.41,13.21,34266300.0
20260127,002638,勤上股份,3.16,3.12,3.18,3.04,35094000.0
20260127,002639,雪人集团,21.81,21.6,22.11,21.17,84117100.0
20260127,002640,跨境通,4.17,4.2,4.21,4.11,56163400.0
20260127,002641,公元股份,4.5,4.46,4.52,4.38,21172000.0
20260127,002642,荣联科技,8.6,8.56,8.68,8.4,15481500.0
20260127,002643,万润股份,17.29,17.26,17.29,16.79,28014500.0
20260127,002644,佛慈制药,9.2,9.08,9.2,8.84,12156200.0
20260127,002645,华宏科技,16.4,16.62,16.65,16.1,23335700.0
20260127,002646,天佑德酒,9.01,8.84,9.01,8.71,7941300.0
20260127,002647,仁东控股,9.92,10.12,10.36,9.77,30240800.0
20260127,002648,卫星化学,22.58,22.24,23.06,22.06,86161300.0
20260127,002649,博彦科技,14.21,14.24,14.35,13.93,21428600.0
20260127,002651,利君股份,11.17,11.22,11.26,10.87,17760500.0
20260127,002652,扬子新材,4.0,4.03,4.05,3.91,24285600.0
20260127,002653,海思科,50.45,50.15,50.58,49.51,1942800.0
20260127,002654,万润科技,15.67,15.84,15.92,15.22,46875600.0
20260127,002655,共达电声,13.23,13.26,13.27,12.78,14061500.0
20260127,002656,摩登大道,2.76,2.77,2.79,2.75,9591100.0
20260127,002657,中科金财,29.18,28.87,29.45,27.89,19122200.0
20260127,002658,雪迪龙,10.41,10.19,10.43,9.95,31415700.0
20260127,002659,凯文教育,6.64,6.8,7.15,6.59,89798700.0
20260127,002660,茂硕电源,9.68,9.76,9.78,9.37,7924300.0
20260127,002661,克明食品,9.53,9.44,9.53,9.27,3233600.0
20260127,002662,峰璟股份,4.28,4.24,4.29,4.13,48280600.0
20260127,002663,普邦股份,2.12,2.1,2.13,2.07,34885300.0
20260127,002664,信质集团,26.17,26.45,26.46,25.08,12356300.0
20260127,002666,德联集团,5.73,5.69,5.76,5.56,18705800.0
20260127,002668,TCL智家,10.09,9.95,10.13,9.9,13048500.0
20260127,002669,康达新材,15.27,15.31,15.37,14.7,13720300.0
20260127,002670,国盛证券,16.35,16.33,16.42,15.97,22391000.0
20260127,002671,龙泉股份,5.8,5.71,5.82,5.64,13807800.0
20260127,002672,东江环保,4.81,4.76,4.82,4.68,7928900.0
20260127,002673,西部证券,8.16,8.09,8.18,8.01,38537700.0
20260127,002674,兴业科技,14.38,14.29,14.53,13.88,4201500.0
20260127,002675,东诚药业,14.37,14.27,14.4,13.91,10847100.0
20260127,002676,顺威股份,8.63,8.64,8.71,8.35,18269900.0
20260127,002677,浙江美大,9.23,9.12,9.28,8.9,13098700.0
20260127,002678,珠江钢琴,5.28,5.22,5.35,5.1,14165200.0
20260127,002679,福建金森,12.06,12.37,12.61,12.06,27800800.0
20260127,002681,奋达科技,6.69,6.7,6.73,6.52,46654600.0
20260127,002682,龙洲股份,7.02,7.15,7.15,6.84,31299500.0
20260127,002683,广东宏大,48.5,49.03,49.88,47.41,19734800.0
20260127,002685,华东重机,7.5,7.22,7.52,7.16,57536600.0
20260127,002686,亿利达,6.94,6.88,7.0,6.72,12229900.0
20260127,002687,乔治白,5.03,5.03,5.05,4.89,11464400.0
20260127,002688,金河生物,6.66,6.7,6.76,6.49,50660000.0
20260127,002690,美亚光电,21.15,20.89,21.3,20.8,6147200.0
20260127,002692,远程股份,5.66,5.65,5.69,5.47,17992900.0
20260127,002693,双成药业,8.18,7.85,8.35,7.85,27671800.0
20260127,002695,煌上煌,12.22,11.86,12.22,11.73,7453800.0
20260127,002696,百洋股份,7.81,7.83,7.94,7.66,11902200.0
20260127,002697,红旗连锁,6.06,5.98,6.09,5.95,46138400.0
20260127,002698,博实股份,17.13,17.06,17.2,16.7,16995500.0
20260127,002700,万憬能源,7.2,7.17,7.23,7.05,5775800.0
20260127,002701,奥瑞金,5.88,5.83,5.92,5.78,29800200.0
20260127,002702,海欣食品,6.73,6.78,6.81,6.59,24321800.0
20260127,002703,浙江世宝,22.04,22.22,22.42,21.27,53915000.0
20260127,002705,新宝股份,14.68,14.55,14.74,14.42,7804900.0
20260127,002706,良信股份,11.21,11.11,11.29,10.81,32794300.0
20260127,002707,众信旅游,7.94,7.76,8.0,7.64,43604000.0
20260127,002708,光洋股份,14.0,13.98,14.03,13.47,14528200.0
20260127,002709,天赐材料,43.17,41.6,43.6,39.76,94845200.0
20260127,002712,思美传媒,6.6,6.43,6.69,6.29,30807300.0
20260127,002713,东易日盛,8.83,8.97,9.17,8.83,16951900.0
20260127,002714,牧原股份,46.51,45.03,46.52,45.0,58339900.0
20260127,002715,登云股份,17.02,17.03,17.3,16.28,7055100.0
20260127,002716,湖南白银,18.08,17.64,19.18,16.27,664349400.0
20260127,002718,友邦吊顶,70.3,75.6,76.21,68.8,3716400.0
20260127,002721,金一文化,3.68,3.59,3.78,3.54,157891600.0
20260127,002722,物产金轮,15.96,16.06,16.07,15.5,4155800.0
20260127,002723,小崧股份,8.73,8.61,8.82,8.46,11759700.0
20260127,002724,海洋王,7.0,6.97,7.02,6.81,7081300.0
20260127,002725,跃岭股份,15.18,15.17,15.21,14.7,7898700.0
20260127,002727,一心堂,14.29,14.0,14.37,13.87,23040400.0
20260127,002728,特一药业,13.5,13.84,14.47,13.25,150120800.0
20260127,002729,好利科技,18.34,18.71,18.72,18.0,9005600.0
20260127,002730,电光科技,15.65,15.66,15.73,15.23,5832300.0
20260127,002732,燕塘乳业,17.6,17.33,17.65,17.15,2494200.0
20260127,002733,雄韬股份,21.01,20.55,21.1,19.94,11286900.0
20260127,002734,利民股份,18.5,19.1,19.15,18.25,59744100.0
20260127,002735,王子新材,19.15,18.85,19.31,18.36,20639800.0
20260127,002736,国信证券,12.58,12.46,12.61,12.38,38794400.0
20260127,002737,葵花药业,14.77,14.54,14.77,14.44,4302800.0
20260127,002738,中矿资源,95.17,93.98,97.27,90.67,29207400.0
20260127,002739,儒意电影,11.7,11.71,11.82,11.55,46429600.0
20260127,002741,光华科技,22.6,22.21,22.6,21.4,20006500.0
20260127,002742,冀衡医药,4.24,4.18,4.27,4.14,5632900.0
20260127,002743,富煌钢构,5.86,5.79,5.86,5.68,11454000.0
20260127,002745,木林森,10.38,10.68,10.87,10.08,66308500.0
20260127,002746,仙坛股份,6.35,6.26,6.38,6.19,19600900.0
20260127,002747,埃斯顿,25.19,25.15,25.29,24.5,24468400.0
20260127,002748,世龙实业,12.57,12.36,12.65,12.01,9604200.0
20260127,002749,国光股份,13.62,13.46,13.62,13.27,3455100.0
20260127,002752,昇兴股份,6.79,6.69,6.79,6.57,17334100.0
20260127,002753,永东股份,7.67,7.62,7.68,7.47,9436800.0
20260127,002755,奥赛康,17.01,16.88,17.07,16.42,10789600.0
20260127,002756,永兴材料,55.75,55.16,57.78,52.52,20854000.0
20260127,002757,南兴股份,20.4,20.65,20.88,20.07,27364200.0
20260127,002758,浙农股份,10.72,10.55,10.79,10.48,9785700.0
20260127,002760,凤形股份,24.14,24.05,24.36,23.5,4485700.0
20260127,002761,浙江建投,8.8,8.57,8.82,8.45,21022700.0
20260127,002762,金发拉比,7.21,7.24,7.25,7.11,2065400.0
20260127,002763,汇洁股份,8.0,7.87,8.0,7.76,10248100.0
20260127,002765,蓝黛科技,12.56,12.36,12.59,12.09,20502700.0
20260127,002766,索菱股份,6.0,6.01,6.02,5.82,37318300.0
20260127,002767,先锋电子,23.77,24.06,24.12,23.4,5582800.0
20260127,002768,国恩股份,58.6,59.74,60.98,57.5,3983200.0
20260127,002769,普路通,12.4,12.4,12.8,12.03,16537100.0
20260127,002771,真视通,15.6,15.5,15.74,15.16,4766400.0
20260127,002772,众兴菌业,15.5,16.17,17.1,14.3,33763800.0
20260127,002773,康弘药业,31.45,30.68,31.6,30.06,9613500.0
20260127,002774,快意电梯,11.33,11.26,11.33,10.93,12961000.0
20260127,002775,文科股份,4.59,4.48,4.61,4.37,30950400.0
20260127,002777,久远银海,20.39,20.21,20.59,19.72,15980700.0
20260127,002778,中晟高科,22.61,22.54,22.85,21.9,3442200.0
20260127,002779,中坚科技,105.7,104.16,105.7,101.0,3973500.0
20260127,002780,三夫户外,15.01,14.85,15.05,14.48,15512800.0
20260127,002782,可立克,21.7,21.92,22.15,20.9,17379400.0
20260127,002783,凯龙股份,10.7,10.4,10.78,10.2,28287200.0
20260127,002785,万里石,43.94,44.24,44.32,42.02,12403900.0
20260127,002786,银宝山新,8.89,8.81,8.9,8.61,7640800.0
20260127,002787,华源控股,12.89,12.9,12.99,12.29,12308500.0
20260127,002788,鹭燕医药,16.89,16.71,17.25,16.06,46309700.0
20260127,002790,瑞尔特,8.65,8.49,8.66,8.28,7835900.0
20260127,002791,坚朗五金,22.96,23.21,23.3,22.58,9425400.0
20260127,002792,通宇通讯,50.5,52.7,55.54,50.5,95783400.0
20260127,002793,罗欣药业,5.08,5.02,5.08,4.88,17342800.0
20260127,002795,永和智控,7.07,6.97,7.16,6.76,24757900.0
20260127,002796,世嘉科技,45.06,50.39,50.39,44.77,27979000.0
20260127,002797,第一创业,7.07,7.03,7.09,6.95,60992000.0
20260127,002798,帝欧水华,6.79,6.72,6.84,6.56,10821400.0
20260127,002799,环球印务,9.24,9.33,9.45,9.08,9398300.0
20260127,002800,天顺股份,17.1,16.7,17.15,16.26,5618900.0
20260127,002801,微光股份,37.45,37.44,37.65,36.0,2910000.0
20260127,002802,洪汇新材,13.29,13.17,13.46,12.96,3449700.0
20260127,002803,吉宏股份,19.53,20.15,20.25,19.4,15945800.0
20260127,002805,丰元股份,17.09,16.73,17.23,15.88,18425200.0
20260127,002806,华锋股份,13.39,13.44,13.47,12.94,9186200.0
20260127,002807,江阴银行,4.53,4.51,4.54,4.49,27672700.0
20260127,002809,红墙股份,13.38,13.28,13.67,12.78,41250200.0
20260127,002810,山东赫达,17.53,17.31,17.62,16.85,16589200.0
20260127,002811,郑中设计,16.14,15.77,16.2,15.44,7372000.0
20260127,002812,恩捷股份,51.17,49.43,51.34,48.0,30021000.0
20260127,002813,路畅科技,28.8,28.59,28.8,27.78,2723900.0
20260127,002815,崇达技术,15.5,16.08,16.37,14.88,99255900.0
20260127,002817,黄山胶囊,8.15,8.13,8.22,7.87,7570600.0
20260127,002818,富森美,11.68,11.57,11.76,11.49,4390400.0
20260127,002819,东方中科,29.05,29.13,29.25,28.21,4371400.0
20260127,002820,桂发祥,12.45,12.29,12.55,12.06,8112600.0
20260127,002821,凯莱英,101.69,99.98,102.2,98.73,3852200.0
20260127,002823,凯中精密,16.85,16.59,16.88,16.13,9571900.0
20260127,002824,和胜股份,22.94,24.03,24.37,22.83,15213900.0
20260127,002825,纳尔股份,10.93,10.83,10.95,10.54,6147000.0
20260127,002826,易明医药,19.4,19.14,19.45,18.63,5965500.0
20260127,002827,高争民爆,36.3,35.99,36.49,35.46,3449000.0
20260127,002828,贝肯能源,12.64,12.67,13.05,12.42,29749600.0
20260127,002829,星网宇达,29.4,29.43,29.53,28.25,8813900.0
20260127,002830,名雕股份,20.88,21.2,21.53,20.6,4375600.0
20260127,002831,裕同科技,27.06,26.94,27.3,26.82,5558400.0
20260127,002832,比音勒芬,15.23,14.97,15.23,14.91,7697300.0
20260127,002833,弘亚数控,18.16,18.39,18.68,18.11,8078200.0
20260127,002835,同为股份,17.08,17.84,18.29,16.53,12459600.0
20260127,002836,新宏泽,15.81,15.49,15.99,15.37,4296100.0
20260127,002837,英维克,96.37,97.92,98.79,94.07,31035200.0
20260127,002838,道恩股份,29.26,29.6,30.06,28.51,9502900.0
20260127,002839,张家港行,4.48,4.46,4.5,4.45,25064100.0
20260127,002840,华统股份,9.76,9.56,9.77,9.5,17963100.0
20260127,002841,视源股份,40.63,41.04,41.34,40.0,4429100.0
20260127,002842,翔鹭钨业,24.6,26.22,26.96,24.57,71392100.0
20260127,002843,泰嘉股份,22.13,20.19,22.13,19.97,23846400.0
20260127,002845,同兴达,15.05,15.16,15.26,14.69,8712200.0
20260127,002846,英联股份,18.1,17.42,18.1,16.91,15477500.0
20260127,002847,盐津铺子,70.68,69.24,70.85,68.55,3363900.0
20260127,002848,高斯贝尔,12.75,12.16,13.14,12.09,23305900.0
20260127,002849,威星智能,19.23,19.69,19.91,18.7,11082100.0
20260127,002850,科达利,162.42,165.18,168.5,158.88,6293900.0
20260127,002851,麦格米特,126.42,129.26,130.41,122.3,20727800.0
20260127,002852,道道全,11.42,11.18,11.43,11.01,6708900.0
20260127,002853,皮阿诺,26.81,27.89,28.99,26.81,10393100.0
20260127,002855,捷荣技术,16.47,16.65,16.65,16.1,3636600.0
20260127,002857,三晖电气,23.62,23.66,23.96,22.38,7369000.0
20260127,002858,力盛体育,16.03,15.94,16.04,15.24,8428600.0
20260127,002859,洁美科技,38.87,39.05,39.6,37.8,8820600.0
20260127,002860,星帅尔,14.73,15.26,15.4,14.45,36250100.0
20260127,002861,瀛通通讯,18.84,19.71,19.79,18.52,11501500.0
20260127,002862,实丰文化,19.28,19.15,19.47,18.57,6906200.0
20260127,002863,今飞凯达,6.09,6.09,6.14,5.91,17600700.0
20260127,002864,盘龙药业,36.92,36.05,37.0,35.39,5812700.0
20260127,002865,钧达股份,105.48,104.12,108.97,96.66,47648500.0
20260127,002866,传艺科技,19.12,19.23,19.26,18.25,11811400.0
20260127,002867,周大生,13.01,12.98,13.16,12.82,16223100.0
20260127,002868,绿康生化,36.82,35.4,37.31,34.98,3348500.0
20260127,002869,金溢科技,26.09,24.12,26.2,23.46,13276600.0
20260127,002871,伟隆股份,20.61,21.3,21.39,20.0,4933500.0
20260127,002873,新天药业,10.68,10.53,10.68,10.23,6556400.0
20260127,002875,安奈儿,17.52,17.29,17.52,17.0,3957100.0
20260127,002876,三利谱,26.67,26.72,27.04,26.09,6263200.0
20260127,002877,智能自控,9.61,9.62,9.68,9.23,11587200.0
20260127,002878,元隆雅图,20.45,20.24,20.88,19.76,15562400.0
20260127,002879,长缆科技,21.91,21.46,22.0,20.73,10594100.0
20260127,002880,卫光生物,27.69,28.75,28.98,27.31,8685700.0
20260127,002881,美格智能,46.0,46.8,46.99,45.0,6376100.0
20260127,002882,金龙羽,33.66,32.91,33.92,32.0,8472000.0
20260127,002884,凌霄泵业,17.88,17.8,17.9,17.62,2417600.0
20260127,002885,京泉华,28.52,28.29,28.56,27.3,16370000.0
20260127,002886,沃特股份,23.8,23.92,24.24,23.27,10037400.0
20260127,002887,绿茵生态,9.81,9.79,9.89,9.54,4206600.0
20260127,002888,惠威科技,20.9,20.85,21.04,20.15,3506000.0
20260127,002889,东方嘉盛,15.34,15.12,15.34,15.01,3336300.0
20260127,002890,弘宇股份,16.61,16.42,16.92,16.16,4483000.0
20260127,002891,中宠股份,50.38,49.93,50.87,49.51,4623900.0
20260127,002892,科力尔,13.16,13.15,13.26,12.73,16655600.0
20260127,002893,京能热力,11.73,11.65,11.75,11.35,8808100.0
20260127,002895,川恒股份,42.1,41.55,42.99,40.42,15665500.0
20260127,002896,中大力德,83.38,82.99,83.65,80.56,6777500.0
20260127,002897,意华股份,53.8,55.64,55.73,52.01,13215600.0
20260127,002899,英派斯,32.88,33.46,33.5,31.84,5741800.0
20260127,002900,哈三联,13.4,13.11,13.44,12.96,5088000.0
20260127,002901,大博医疗,50.2,51.9,52.0,50.0,7238800.0
20260127,002902,铭普光磁,21.09,21.21,21.28,20.31,9001800.0
20260127,002903,宇环数控,22.8,22.57,23.0,21.8,6570200.0
20260127,002905,金逸影视,11.31,11.42,11.46,11.13,9085500.0
20260127,002906,华阳集团,33.41,33.39,33.6,32.57,8614200.0
20260127,002907,华森制药,15.54,15.19,15.54,15.01,4598300.0
20260127,002908,德生科技,10.1,10.65,11.18,9.88,35030700.0
20260127,002909,集泰股份,7.5,7.5,7.6,7.3,15453800.0
20260127,002910,庄园牧场,12.16,12.21,12.21,11.7,9813500.0
20260127,002911,佛燃能源,14.03,14.07,14.15,13.77,12777900.0
20260127,002912,中新赛克,31.99,32.13,32.44,31.15,2813400.0
20260127,002913,奥士康,42.31,42.13,42.68,40.84,5642300.0
20260127,002915,中欣氟材,23.98,23.71,23.99,22.54,15707100.0
20260127,002916,深南电路,241.5,253.94,262.59,237.2,12988500.0
20260127,002917,金奥博,14.5,14.57,14.65,14.3,8448800.0
20260127,002918,蒙娜丽莎,16.77,16.98,17.1,16.54,5265300.0
20260127,002919,名臣健康,24.6,24.49,25.36,23.7,8701400.0
20260127,002920,德赛西威,128.0,128.22,129.22,124.89,10876700.0
20260127,002921,联诚精密,23.53,23.84,24.02,22.7,8264800.0
20260127,002922,伊戈尔,39.01,39.46,39.62,38.18,15041200.0
20260127,002923,润都股份,13.4,13.35,13.43,12.99,5409400.0
20260127,002925,盈趣科技,20.31,20.62,20.74,19.85,15228400.0
20260127,002926,华西证券,9.29,9.25,9.31,9.13,25114500.0
20260127,002927,泰永长征,19.54,19.35,19.65,18.82,8988600.0
20260127,002928,华夏航空,10.85,10.83,11.06,10.72,14598400.0
20260127,002929,润建股份,46.04,47.55,47.55,45.48,15583200.0
20260127,002930,宏川智慧,11.15,11.21,11.28,10.95,10494200.0
20260127,002933,新兴装备,35.85,36.03,36.11,34.68,3185300.0
20260127,002935,天奥电子,21.95,22.97,23.19,21.72,18951900.0
20260127,002936,郑州银行,1.91,1.9,1.92,1.9,68519700.0
20260127,002937,兴瑞科技,24.46,25.14,25.99,24.46,9826800.0
20260127,002938,鹏鼎控股,57.25,60.49,61.9,56.08,48163400.0
20260127,002939,长城证券,9.99,9.89,10.02,9.8,35955200.0
20260127,002940,昂利康,33.86,33.0,33.99,32.39,6593500.0
20260127,002941,新疆交建,17.5,16.99,17.52,16.75,31339100.0
20260127,002942,新农股份,21.7,21.6,22.43,21.0,3688400.0
20260127,002943,宇晶股份,68.31,77.0,77.0,68.31,22039300.0
20260127,002945,华林证券,17.41,17.52,17.81,17.3,27088600.0
20260127,002946,新乳业,19.02,18.51,19.06,18.45,5234200.0
20260127,002947,恒铭达,47.67,47.46,47.94,46.25,6716800.0
20260127,002948,青岛银行,4.51,4.61,4.64,4.51,82024200.0
20260127,002949,华阳国际,16.21,16.02,16.23,15.5,5341700.0
20260127,002950,奥美医疗,12.96,12.8,13.07,12.07,29784800.0
20260127,002951,金时科技,13.79,13.7,13.84,13.41,2049300.0
20260127,002952,亚世光电,21.22,21.48,21.58,20.47,3481700.0
20260127,002953,日丰股份,13.28,13.23,13.46,12.96,15007700.0
20260127,002955,鸿合科技,27.97,27.63,28.0,27.24,2666300.0
20260127,002956,西麦食品,28.52,28.09,28.6,27.84,1597700.0
20260127,002957,科瑞技术,23.88,23.8,24.08,23.05,12606400.0
20260127,002958,青农商行,3.13,3.13,3.14,3.1,48756000.0
20260127,002959,小熊电器,44.64,43.91,44.68,43.6,1567700.0
20260127,002960,青鸟智控,11.28,11.47,11.56,11.0,16987800.0
20260127,002961,瑞达期货,24.41,25.49,25.8,23.71,21230200.0
20260127,002962,五方光电,15.5,15.59,15.65,15.23,5948700.0
20260127,002963,豪尔赛,15.71,16.04,16.05,15.22,4472500.0
20260127,002965,祥鑫科技,37.95,37.36,38.06,36.62,8512300.0
20260127,002966,苏州银行,8.04,8.03,8.08,8.0,33301300.0
20260127,002967,广电计量,24.41,24.19,24.64,23.99,10233300.0
20260127,002968,新大正,13.75,13.27,13.77,13.05,6921700.0
20260127,002970,锐明技术,57.01,57.84,58.11,55.0,6190400.0
20260127,002971,和远气体,32.56,31.85,32.56,30.77,6863800.0
20260127,002972,科安达,12.42,12.53,12.54,12.12,3393100.0
20260127,002973,侨银股份,14.45,14.32,14.56,14.05,3682100.0
20260127,002975,博杰股份,84.01,84.21,85.58,80.0,5818200.0
20260127,002976,瑞玛精密,28.7,29.03,29.09,27.6,3419600.0
20260127,002978,安宁股份,40.12,39.85,41.2,39.15,11996000.0
20260127,002979,雷赛智能,42.15,42.5,42.7,40.93,7038400.0
20260127,002980,华盛昌,22.71,22.64,22.71,21.9,2401700.0
20260127,002981,朝阳科技,30.17,30.37,30.4,29.21,2737300.0
20260127,002982,湘佳股份,14.33,13.97,14.33,13.77,4166100.0
20260127,002983,芯瑞达,23.4,24.65,24.68,22.62,9860900.0
20260127,002984,森麒麟,20.81,20.55,21.0,20.25,12267800.0
20260127,002985,北摩高科,37.5,39.06,39.66,37.3,22114400.0
20260127,002986,宇新股份,12.13,11.96,12.19,11.83,6372400.0
20260127,002987,京北方,19.75,19.66,19.93,19.42,11394900.0
20260127,002988,豪美新材,40.0,40.27,40.68,38.85,5398700.0
20260127,002989,中天精装,31.35,30.93,31.54,30.02,3637300.0
20260127,002990,盛视科技,30.02,29.83,30.41,29.07,4491300.0
20260127,002991,甘源食品,61.18,60.65,61.96,60.39,736500.0
20260127,002992,宝明科技,53.24,54.03,54.3,51.0,3880600.0
20260127,002993,奥海科技,52.08,51.84,52.6,50.5,6716200.0
20260127,002995,天地在线,25.0,27.61,27.61,24.0,30826800.0
20260127,002996,顺博合金,8.6,8.55,8.69,8.32,24059500.0
20260127,002997,瑞鹄模具,37.77,37.49,37.86,36.87,3020000.0
20260127,002998,优彩资源,8.48,8.17,8.48,8.03,16138700.0
20260127,002999,天禾股份,7.42,7.44,7.55,7.3,11225600.0
20260127,003000,劲仔食品,11.68,11.47,11.71,11.4,6883700.0
20260127,003001,中岩大地,20.56,20.25,20.66,19.97,2709200.0
20260127,003002,壶化股份,32.68,32.7,33.4,32.43,2981600.0
20260127,003003,天元股份,13.64,13.59,13.69,13.16,5682800.0
20260127,003004,声迅股份,30.61,29.74,30.96,29.4,1209500.0
20260127,003005,竞业达,20.0,20.2,20.2,19.56,5522900.0
20260127,003006,百亚股份,21.68,21.46,21.92,21.28,4126200.0
20260127,003007,直真科技,45.06,45.1,45.78,43.5,8427500.0
20260127,003008,开普检测,23.74,23.72,23.8,22.91,2725800.0
20260127,003009,中天火箭,68.0,71.2,71.43,67.0,6664200.0
20260127,003010,若羽臣,37.37,38.25,38.55,37.06,7748700.0
20260127,003011,海象新材,23.31,23.21,23.4,22.52,3736600.0
20260127,003012,东鹏控股,7.09,7.08,7.24,7.03,11299500.0
20260127,003013,地铁设计,15.07,15.05,15.14,14.85,2382000.0
20260127,003015,日久光电,16.33,16.58,16.6,15.89,10684300.0
20260127,003016,欣贺股份,8.95,8.87,8.99,8.65,7272800.0
20260127,003017,大洋生物,32.37,32.54,32.9,31.79,2685400.0
20260127,003018,金富科技,17.96,18.42,18.42,17.64,9093800.0
20260127,003019,宸展光电,31.7,31.91,31.93,30.78,3698900.0
20260127,003020,立方制药,27.91,27.93,28.09,27.43,2904300.0
20260127,003021,兆威机电,121.04,123.15,123.95,118.01,5649800.0
20260127,003022,联泓新科,21.74,21.9,22.04,21.14,14939200.0
20260127,003023,彩虹集团,23.77,23.85,24.03,23.07,4049400.0
20260127,003025,思进智能,14.97,14.92,14.98,14.44,4610600.0
20260127,003026,中晶科技,33.5,34.62,34.69,32.64,5700800.0
20260127,003027,同兴科技,22.99,22.76,23.04,22.16,4461000.0
20260127,003028,振邦智能,32.52,32.7,32.8,31.3,2098400.0
20260127,003029,吉大正元,24.8,25.2,25.21,24.3,5330800.0
20260127,003030,祖名股份,21.76,21.56,21.99,21.26,2687500.0
20260127,003031,中瓷电子,76.54,84.79,84.79,75.9,11091600.0
20260127,003032,传智教育,6.66,6.7,6.73,6.56,4355600.0
20260127,003033,征和工业,70.34,71.13,71.7,68.06,1900600.0
20260127,003035,南网能源,5.78,5.8,5.83,5.59,91479800.0
20260127,003036,泰坦股份,16.5,16.27,16.51,15.91,2852300.0
20260127,003037,三和管桩,7.95,7.89,7.96,7.7,8409300.0
20260127,003038,鑫铂股份,18.04,17.7,18.05,17.35,19680000.0
20260127,003039,顺控发展,16.98,16.51,17.0,16.21,14613000.0
20260127,003040,楚天龙,18.33,18.48,18.5,17.97,7591900.0
20260127,003041,真爱美家,59.75,60.07,61.6,57.28,5423000.0
20260127,003042,中农联合,19.26,23.1,23.1,18.9,31586200.0
20260127,003043,华亚智能,53.05,53.52,53.58,52.09,2129600.0
20260127,003816,中国广核,3.89,3.84,3.89,3.83,161201400.0
20260127,300001,特锐德,28.43,28.05,28.43,27.47,32282800.0
20260127,300002,神州泰岳,12.44,12.14,12.55,11.99,80554200.0
20260127,300003,乐普医疗,18.87,18.52,18.95,18.05,45924200.0
20260127,300004,南风股份,16.72,16.25,16.78,15.81,45352200.0
20260127,300005,探路者,13.93,14.08,14.3,13.67,42487300.0
20260127,300006,莱美药业,5.19,5.15,5.19,5.04,26695300.0
20260127,300007,汉威科技,56.54,56.36,56.77,54.0,21984300.0
20260127,300008,天海防务,8.76,8.68,8.81,8.51,113223900.0
20260127,300009,安科生物,10.75,10.46,10.75,10.23,48302200.0
20260127,300011,鼎汉技术,8.95,8.91,9.08,8.66,12257800.0
20260127,300012,华测检测,16.28,16.07,16.28,15.7,38155000.0
20260127,300013,新宁物流,4.07,4.01,4.08,3.96,16631400.0
20260127,300014,亿纬锂能,65.28,64.2,65.68,62.33,61316100.0
20260127,300015,爱尔眼科,11.3,11.12,11.32,11.08,72259900.0
20260127,300016,北陆药业,9.5,9.34,9.51,9.12,20371800.0
20260127,300017,网宿科技,13.79,13.54,13.8,13.12,424606500.0
20260127,300018,中元股份,12.71,12.65,12.8,12.3,17166400.0
20260127,300019,硅宝科技,22.7,22.59,22.77,21.81,13752000.0
20260127,300021,大禹节水,4.8,4.74,4.81,4.67,20557400.0
20260127,300022,吉峰科技,8.2,8.09,8.23,7.96,10816700.0
20260127,300024,机器人,18.98,18.74,18.99,18.16,62013100.0
20260127,300025,华星创业,6.15,6.18,6.21,5.94,12349500.0
20260127,300026,红日药业,3.8,3.76,3.81,3.67,79398300.0
20260127,300030,阳普医疗,8.35,8.38,8.39,8.05,10924800.0
20260127,300031,宝通科技,23.54,23.56,23.8,23.03,11385300.0
20260127,300032,金龙机电,5.65,5.66,5.7,5.47,29237000.0
20260127,300033,同花顺,354.5,350.81,357.66,345.87,9441500.0
20260127,300034,钢研高纳,21.79,22.6,22.87,21.45,47936000.0
20260127,300035,中科电气,22.89,22.25,22.94,21.32,49314200.0
20260127,300036,超图软件,19.9,19.92,20.35,19.55,23804800.0
20260127,300037,新宙邦,55.56,54.0,57.22,52.74,21113900.0
20260127,300039,上海凯宝,6.56,6.5,6.56,6.37,46869200.0
20260127,300040,九洲集团,6.65,6.76,6.77,6.48,21600800.0
20260127,300041,回天新材,12.89,12.8,12.93,12.37,25387600.0
20260127,300042,朗科科技,33.01,34.99,35.49,32.77,31215300.0
20260127,300043,星辉娱乐,6.43,6.38,6.52,6.22,49348100.0
20260127,300045,华力创通,28.65,29.02,29.19,27.74,55013300.0
20260127,300046,台基股份,37.86,39.45,39.66,37.15,18673400.0
20260127,300047,天源迪科,13.89,13.87,14.0,13.52,24729700.0
20260127,300048,合康新能,7.18,7.17,7.2,6.9,55713000.0
20260127,300049,福瑞医科,71.0,69.71,71.0,68.82,5362900.0
20260127,300050,世纪鼎利,5.84,5.88,5.88,5.66,15220900.0
20260127,300051,琏升科技,10.79,10.96,11.17,10.48,65134000.0
20260127,300052,中青宝,14.02,13.95,14.25,13.75,5166200.0
20260127,300053,航宇微,21.78,24.06,24.78,21.77,150522900.0
20260127,300054,鼎龙股份,45.5,46.77,47.35,44.71,29101300.0
20260127,300055,万邦达,8.15,8.35,8.35,7.9,25511500.0
20260127,300056,中创环保,9.45,9.18,9.48,8.91,25360600.0
20260127,300057,万顺新材,6.23,6.12,6.26,6.0,35231300.0
20260127,300058,蓝色光标,20.74,22.2,22.8,20.5,868373500.0
20260127,300059,东方财富,23.28,22.9,23.3,22.73,316475800.0
20260127,300061,旗天科技,10.82,11.08,11.32,10.5,20616800.0
20260127,300062,中能电气,9.8,9.49,9.95,9.3,54487600.0
20260127,300063,天龙集团,13.98,14.19,14.65,13.42,125673000.0
20260127,300065,海兰信,23.0,23.42,23.87,22.72,63216600.0
20260127,300066,三川智慧,6.69,6.71,6.78,6.54,21943900.0
20260127,300067,安诺其,5.2,5.2,5.26,5.07,36410800.0
20260127,300069,金利华电,19.08,18.94,19.1,18.36,4002400.0
20260127,300070,碧水源,4.08,4.07,4.1,4.01,39899300.0
20260127,300071,福石控股,7.22,7.45,7.59,7.21,147944000.0
20260127,300072,海新能科,5.4,5.48,5.5,5.29,81603700.0
20260127,300073,当升科技,62.13,60.27,62.45,57.89,28301800.0
20260127,300074,华平股份,5.06,5.04,5.11,4.9,18276400.0
20260127,300075,数字政通,15.72,15.52,15.85,15.18,17889600.0
20260127,300077,国民技术,21.81,24.69,25.49,21.23,124297300.0
20260127,300078,思创智联,4.93,5.04,5.06,4.79,75649500.0
20260127,300079,数码视讯,5.95,6.02,6.1,5.9,47880200.0
20260127,300080,易成新能,5.28,5.3,5.36,5.0,49606100.0
20260127,300082,奥克股份,10.79,10.19,10.83,9.76,43886000.0
20260127,300083,创世纪,9.39,9.62,9.78,9.01,93923000.0
20260127,300084,海默科技,11.12,11.39,11.5,10.99,28122100.0
20260127,300085,银之杰,39.19,39.16,39.46,37.81,24960000.0
20260127,300086,康芝药业,10.75,10.48,10.76,10.22,41714100.0
20260127,300088,长信科技,6.74,6.67,6.75,6.51,112533100.0
20260127,300092,科新机电,16.69,16.86,16.88,15.83,11643300.0
20260127,300093,金刚光伏,18.33,18.63,18.96,18.33,5083700.0
20260127,300094,国联水产,3.81,3.73,3.82,3.68,59407600.0
20260127,300095,华伍股份,11.26,11.2,11.42,10.88,20843000.0
20260127,300097,智云股份,7.86,7.81,7.89,7.61,8263000.0
20260127,300098,高新兴,6.78,6.81,6.86,6.61,92949200.0
20260127,300099,尤洛卡,8.16,8.29,8.39,7.96,35733800.0
20260127,300100,双林股份,37.77,37.49,37.94,36.45,11962800.0
20260127,300101,振芯科技,30.26,30.88,31.35,29.61,32225400.0
20260127,300102,乾照光电,39.65,41.28,42.7,39.64,159328800.0
20260127,300103,达刚控股,7.99,7.91,8.04,7.69,10159700.0
20260127,300105,龙源技术,7.6,7.54,7.67,7.36,10612200.0
20260127,300106,西部牧业,11.25,11.07,11.25,10.89,7324700.0
20260127,300107,建新股份,7.22,7.09,7.22,7.01,11111300.0
20260127,300109,新开源,20.2,20.47,20.52,19.89,20694000.0
20260127,300110,华仁药业,3.44,3.45,3.45,3.3,37732300.0
20260127,300111,向日葵,4.78,4.7,4.8,4.58,68756700.0
20260127,300112,万讯自控,9.23,9.19,9.28,8.91,7286700.0
20260127,300113,顺网科技,24.21,23.81,24.47,23.01,54901200.0
20260127,300115,长盈精密,39.67,39.91,40.38,38.8,58710500.0
20260127,300118,东方日升,21.68,22.93,23.95,21.03,302744000.0
20260127,300119,瑞普生物,21.0,20.44,21.0,20.15,15469200.0
20260127,300120,经纬辉开,9.0,8.91,9.0,8.7,16607500.0
20260127,300121,阳谷华泰,13.81,13.59,13.81,13.25,11691800.0
20260127,300122,智飞生物,19.24,18.64,19.27,18.02,83361700.0
20260127,300124,汇川技术,77.01,78.44,79.7,76.75,34792800.0
20260127,300125,聆达股份,7.91,7.97,8.26,7.73,8037500.0
20260127,300126,锐奇股份,9.24,9.06,9.32,8.92,6876300.0
20260127,300127,银河磁体,34.23,34.0,34.85,33.6,10209300.0
20260127,300128,锦富技术,7.63,7.54,7.66,7.34,44559300.0
20260127,300129,泰胜风能,14.77,15.1,15.2,14.43,87510300.0
20260127,300130,新国都,27.76,27.69,28.08,26.96,12285400.0
20260127,300131,英唐智控,14.88,15.2,15.2,14.36,53098700.0
20260127,300132,诺斯贝尔,8.69,8.74,8.81,8.55,18348000.0
20260127,300133,华策影视,8.88,8.84,8.99,8.65,72900300.0
20260127,300134,大富科技,11.93,12.0,12.1,11.64,12879200.0
20260127,300135,宝利国际,4.13,4.07,4.17,4.04,18535700.0
20260127,300136,信维通信,82.28,84.34,88.01,82.25,141610300.0
20260127,300137,先河环保,10.41,10.71,10.87,10.33,21135000.0
20260127,300138,晨光生物,13.92,13.66,13.95,13.53,11024800.0
20260127,300139,晓程科技,51.48,58.83,60.83,50.85,79000400.0
20260127,300140,节能环境,7.36,7.26,7.38,7.08,29041300.0
20260127,300141,和顺电气,15.82,15.54,16.0,14.98,19006100.0
20260127,300142,沃森生物,13.99,13.49,14.0,13.12,162875700.0
20260127,300143,盈康生命,11.9,11.81,11.92,11.54,11516200.0
20260127,300144,宋城演艺,8.4,8.22,8.41,8.16,38817100.0
20260127,300145,南方泵业,4.7,4.71,4.73,4.52,52351500.0
20260127,300146,汤臣倍健,12.59,12.5,12.63,12.32,21117200.0
20260127,300148,天舟文化,5.19,5.07,5.2,4.97,91047900.0
20260127,300149,睿智医药,11.3,11.03,11.3,10.64,18045100.0
20260127,300150,世纪瑞尔,5.71,5.73,5.77,5.56,14789300.0
20260127,300151,昌红科技,16.88,17.55,17.92,16.03,26297400.0
20260127,300153,科泰电源,35.16,35.28,35.52,34.13,18979100.0
20260127,300154,瑞凌股份,9.64,9.47,9.69,9.23,7068300.0
20260127,300155,安居宝,5.64,5.55,5.66,5.47,23970700.0
20260127,300157,新锦动力,5.21,5.23,5.4,5.15,64007600.0
20260127,300158,振东制药,6.11,5.99,6.11,5.71,48456600.0
20260127,300159,新研股份,3.21,3.24,3.31,3.14,35017400.0
20260127,300160,秀强股份,5.94,6.01,6.03,5.83,27739300.0
20260127,300161,华中数控,32.4,32.87,32.87,31.72,4727900.0
20260127,300162,雷曼光电,8.87,8.78,8.87,8.5,26876300.0
20260127,300163,先锋新材,4.98,4.82,4.99,4.66,55429400.0
20260127,300164,通源石油,8.61,9.19,9.65,8.44,229537000.0
20260127,300165,天瑞仪器,5.31,5.3,5.34,5.18,7697400.0
20260127,300166,东方国信,11.01,11.02,11.24,10.75,38932500.0
20260127,300168,万达信息,7.0,6.95,7.08,6.84,23608400.0
20260127,300169,天晟新材,7.04,6.84,7.04,6.67,18382100.0
20260127,300170,汉得信息,26.17,26.56,26.76,25.28,114045800.0
20260127,300171,东富龙,17.52,17.45,17.66,16.93,11722100.0
20260127,300172,中电环保,5.88,5.84,5.89,5.71,19128900.0
20260127,300174,元力股份,16.8,16.62,16.84,16.3,7252300.0
20260127,300175,朗源股份,6.54,6.6,6.63,6.43,5525200.0
20260127,300176,鸿特科技,7.1,7.06,7.13,6.86,11637300.0
20260127,300177,中海达,9.98,9.96,10.01,9.66,21209400.0
20260127,300179,四方达,19.33,22.2,23.2,19.0,94115200.0
20260127,300180,华峰超纤,6.83,6.73,6.85,6.61,34639700.0
20260127,300181,佐力药业,17.45,17.24,17.49,17.0,16833200.0
20260127,300182,捷成股份,6.03,5.97,6.09,5.84,104906000.0
20260127,300183,东软载波,16.1,16.11,16.21,15.6,12116100.0
20260127,300184,力源信息,10.76,10.9,10.95,10.44,49561000.0
20260127,300185,通裕重工,3.05,3.08,3.1,2.98,131173700.0
20260127,300187,永清环保,5.38,5.37,5.42,5.26,9014900.0
20260127,300188,国投智能,14.66,14.51,14.79,14.24,17391300.0
20260127,300189,神农种业,6.73,6.72,6.76,6.51,88617900.0
20260127,300190,维尔利,4.54,4.5,4.57,4.43,23991400.0
20260127,300191,潜能恒信,24.67,25.11,25.68,24.28,22495300.0
20260127,300192,科德教育,21.54,21.6,21.95,21.11,12858400.0
20260127,300193,佳士科技,9.41,9.46,9.48,9.21,10795800.0
20260127,300194,福安药业,4.7,4.67,4.71,4.56,49832400.0
20260127,300195,长荣股份,8.7,8.64,8.77,8.36,15792000.0
20260127,300196,长海股份,16.3,16.2,16.32,15.88,9902200.0
20260127,300197,节能铁汉,1.83,1.79,1.84,1.77,60605400.0
20260127,300199,翰宇药业,20.45,19.88,20.48,19.7,36020300.0
20260127,300200,高盟新材,14.16,14.39,14.57,14.08,27362100.0
20260127,300201,海伦哲,8.05,8.62,8.88,7.96,90026500.0
20260127,300203,聚光科技,16.38,16.16,16.39,15.66,10073800.0
20260127,300204,舒泰神,28.2,27.05,28.23,26.58,23425800.0
20260127,300206,理邦仪器,15.19,14.93,15.2,14.61,12935800.0
20260127,300207,欣旺达,24.84,24.45,24.84,23.52,58773700.0
20260127,300209,行云科技,7.61,7.26,8.23,6.91,92883300.0
20260127,300210,森远股份,10.45,10.66,10.86,10.39,20650300.0
20260127,300213,佳讯飞鸿,9.69,9.73,9.79,9.37,24664300.0
20260127,300214,日科化学,7.44,7.34,7.44,7.17,13609800.0
20260127,300215,电科院,8.68,8.73,9.33,8.41,52794000.0
20260127,300217,东方电热,5.63,5.69,5.73,5.43,69754800.0
20260127,300218,安利股份,17.04,17.03,17.05,16.4,7088200.0
20260127,300219,鸿利智汇,7.63,7.75,7.75,7.42,26149900.0
20260127,300220,金运激光,15.69,15.6,15.73,15.1,2807500.0
20260127,300221,银禧科技,11.93,11.84,12.01,11.47,36504900.0
20260127,300222,科大智能,12.0,11.99,12.04,11.61,22057200.0
20260127,300223,君正股份,128.69,139.35,142.18,127.0,41558500.0
20260127,300224,正海磁材,17.39,17.38,17.63,17.0,31530200.0
20260127,300225,金力泰,5.71,5.72,5.75,5.62,7074700.0
20260127,300226,上海钢联,29.3,29.48,29.8,28.71,18070800.0
20260127,300227,光韵达,12.11,12.41,12.6,11.85,38270200.0
20260127,300228,富瑞特装,10.71,11.19,11.21,10.63,70119400.0
20260127,300229,拓尔思,23.97,24.28,24.74,23.16,73705200.0
20260127,300230,永利股份,5.2,5.19,5.21,5.06,17089700.0
20260127,300231,银信科技,11.07,11.04,11.17,10.83,8586500.0
20260127,300232,洲明科技,7.66,7.76,7.8,7.49,26419100.0
20260127,300233,金城医药,16.06,15.95,16.08,15.55,13379800.0
20260127,300234,开尔新材,6.12,6.02,6.12,5.83,15081800.0
20260127,300235,方直科技,15.12,15.15,15.15,14.65,9736000.0
20260127,300236,上海新阳,80.05,82.07,84.56,79.35,18539000.0
20260127,300238,冠昊生物,17.12,16.88,17.12,16.27,15759900.0
20260127,300239,东宝生物,6.45,6.37,6.45,6.2,13639100.0
20260127,300240,飞力达,7.95,7.85,7.99,7.71,10385500.0
20260127,300241,瑞丰光电,5.97,6.09,6.11,5.82,28546500.0
20260127,300242,佳云科技,6.48,6.28,6.56,6.11,81906100.0
20260127,300243,瑞丰高材,11.3,11.34,11.34,11.01,6517800.0
20260127,300244,迪安诊断,26.8,25.97,27.24,25.01,64610000.0
20260127,300246,宝莱特,13.72,13.64,13.72,13.15,16253800.0
20260127,300247,融捷健康,5.33,5.24,5.36,5.16,29602300.0
20260127,300248,新开普,13.35,13.34,13.47,13.06,13360600.0
20260127,300249,依米康,16.0,15.95,16.0,15.36,22813000.0
20260127,300250,初灵信息,24.24,24.47,24.72,23.61,9523400.0
20260127,300251,光线传媒,17.6,17.7,17.72,17.16,56753900.0
20260127,300252,金信诺,15.72,15.63,15.78,15.07,40100700.0
20260127,300253,卫宁健康,11.6,11.57,11.85,11.22,122622300.0
20260127,300254,仟源医药,11.06,10.78,11.09,10.42,15583000.0
20260127,300255,常山药业,54.89,55.02,55.77,53.4,13579400.0
20260127,300256,星星科技,4.12,4.09,4.12,4.02,33424900.0
20260127,300257,开山股份,17.76,17.96,18.28,17.57,16682100.0
20260127,300258,精锻科技,14.01,13.97,14.1,13.46,21669200.0
20260127,300259,新天科技,4.68,4.68,4.69,4.53,23141900.0
20260127,300260,新莱应材,57.3,57.63,58.55,55.71,16040800.0
20260127,300261,雅本化学,7.53,7.56,7.59,7.35,31241000.0
20260127,300263,隆华科技,10.51,10.6,10.7,10.24,73080000.0
20260127,300264,佳创视讯,6.56,6.58,6.64,6.36,18555800.0
20260127,300265,通光线缆,13.75,13.67,14.0,13.24,28765100.0
20260127,300266,兴源环境,2.59,2.56,2.61,2.53,26184000.0
20260127,300267,尔康制药,4.31,4.4,4.44,4.14,136764200.0
20260127,300268,佳沃食品,13.07,12.88,13.19,12.8,1815400.0
20260127,300269,联建光电,8.0,8.7,8.88,7.91,104978800.0
20260127,300270,中威电子,12.05,12.18,12.24,11.45,16188800.0
20260127,300271,华宇软件,8.06,7.98,8.17,7.84,27059200.0
20260127,300272,开能健康,8.0,7.82,8.0,7.71,24853900.0
20260127,300274,阳光电源,160.0,158.19,160.68,155.08,52122700.0
20260127,300275,梅安森,13.33,13.29,13.38,12.78,11348300.0
20260127,300276,三丰智能,9.29,9.27,9.35,8.91,42711400.0
20260127,300277,汽轮科技,18.0,17.93,18.68,17.11,21934100.0
20260127,300278,华昌达,6.17,6.21,6.26,5.99,37590400.0
20260127,300279,和晶科技,8.65,8.66,8.74,8.4,27693900.0
20260127,300281,金明精机,8.45,8.35,8.45,8.16,13357000.0
20260127,300283,温州宏丰,8.45,8.55,8.55,8.09,27788400.0
20260127,300284,苏交科,7.9,7.84,7.94,7.72,13257700.0
20260127,300285,国瓷材料,32.56,33.06,33.39,31.81,28517900.0
20260127,300286,安科瑞,27.99,27.51,28.06,26.59,6462200.0
20260127,300287,飞利信,5.27,5.22,5.31,5.1,32888800.0
20260127,300288,朗玛信息,14.66,14.64,14.82,14.35,7864700.0
20260127,300289,利德曼,7.7,8.1,8.19,7.3,49256000.0
20260127,300291,百纳千成,9.01,8.98,9.18,8.7,43804400.0
20260127,300292,吴通控股,4.65,4.64,4.7,4.55,34087200.0
20260127,300293,蓝英装备,21.6,22.11,22.23,20.96,9810700.0
20260127,300294,博雅生物,23.74,23.35,23.76,23.0,11349600.0
20260127,300296,利亚德,7.2,7.24,7.29,7.14,124757000.0
20260127,300298,三诺生物,18.7,18.24,18.72,18.03,12703700.0
20260127,300299,富春股份,7.24,7.17,7.38,7.01,35352800.0
20260127,300300,海峡创新,11.42,12.35,12.5,11.35,101817400.0
20260127,300302,同有科技,20.95,21.57,21.57,20.51,27232400.0
20260127,300303,聚飞光电,7.13,7.45,7.47,6.93,124901200.0
20260127,300304,云意电气,13.36,13.25,13.63,13.1,28381500.0
20260127,300305,裕兴股份,6.56,6.56,6.62,6.36,9905000.0
20260127,300306,远方信息,14.85,15.39,15.5,14.61,16912500.0
20260127,300307,慈星股份,7.45,7.49,7.51,7.25,18229200.0
20260127,300308,中际旭创,589.96,615.6,630.0,586.7,38728700.0
20260127,300310,宜通世纪,6.85,6.78,6.86,6.63,33349000.0
20260127,300311,任子行,5.02,4.99,5.06,4.91,11116800.0
20260127,300313,天山生物,8.69,8.58,8.75,8.29,8900200.0
20260127,300314,戴维医疗,14.2,14.25,14.36,13.84,5995900.0
20260127,300315,掌趣科技,5.95,5.98,6.03,5.81,140325600.0
20260127,300316,晶盛机电,45.51,46.85,47.22,43.89,62003300.0
20260127,300317,珈伟新能,4.31,4.36,4.38,4.17,46603100.0
20260127,300318,博晖创新,7.0,7.65,8.17,6.72,96219600.0
20260127,300319,麦捷科技,12.68,12.96,12.98,12.23,40078900.0
20260127,300320,海达股份,10.42,10.45,10.49,10.14,14978100.0
20260127,300321,同大股份,41.6,41.23,42.15,40.78,1405500.0
20260127,300322,硕贝德,26.9,27.98,28.4,26.3,34397100.0
20260127,300323,华灿光电,8.8,8.86,9.04,8.65,39898000.0
20260127,300324,旋极信息,6.2,6.28,6.3,6.08,93231900.0
20260127,300327,中颖电子,30.91,32.91,33.49,30.59,38583700.0
20260127,300328,宜安科技,18.06,17.89,18.09,17.0,40399100.0
20260127,300329,海伦钢琴,14.1,13.97,14.25,13.73,4922100.0
20260127,300331,苏大维格,48.5,51.53,51.95,48.5,30002000.0
20260127,300332,天壕能源,5.82,5.67,5.83,5.58,28471000.0
20260127,300333,兆日科技,11.1,11.06,11.18,10.78,8605200.0
20260127,300334,津膜科技,7.71,7.67,7.76,7.46,5647900.0
20260127,300335,迪森股份,6.14,6.11,6.16,5.95,16381400.0
20260127,300337,银邦股份,16.31,16.33,16.75,15.82,62273800.0
20260127,300339,润和软件,53.05,52.62,53.41,51.5,28953900.0
20260127,300340,科恒股份,13.3,12.69,13.35,12.34,20620600.0
20260127,300341,麦克奥迪,17.93,17.96,18.18,17.5,8538100.0
20260127,300342,天银机电,55.0,56.41,58.97,54.56,67876700.0
20260127,300343,联创股份,6.38,6.38,6.48,6.23,22029700.0
20260127,300345,华民股份,7.39,7.43,7.53,7.03,69362500.0
20260127,300346,南大光电,56.75,57.58,58.1,56.31,45355200.0
20260127,300347,泰格医药,59.47,58.5,59.89,58.2,8920800.0
20260127,300348,长亮科技,14.64,14.61,14.82,14.28,22048500.0
20260127,300349,金卡智能,17.72,17.12,17.84,16.71,26024500.0
20260127,300350,华鹏飞,6.53,6.44,6.55,6.32,19060200.0
20260127,300351,永贵电器,18.74,19.02,19.08,17.97,14890700.0
20260127,300353,东土科技,22.36,22.28,22.57,21.76,18191100.0
20260127,300354,东华测试,44.48,44.41,44.59,43.0,3200700.0
20260127,300355,蒙草生态,4.08,4.03,4.08,3.99,33116400.0
20260127,300357,我武生物,29.99,29.4,29.99,28.81,5276200.0
20260127,300358,楚天科技,12.07,11.78,12.09,11.42,31374600.0
20260127,300359,全通教育,5.66,5.68,5.8,5.57,14348900.0
20260127,300360,炬华科技,18.17,17.85,18.18,17.26,19742400.0
20260127,300363,博腾股份,26.44,25.6,26.45,25.13,16584200.0
20260127,300364,中文在线,32.29,32.23,32.94,30.96,76809800.0
20260127,300365,恒华科技,6.97,6.95,7.04,6.8,15934600.0
20260127,300368,汇金股份,13.76,13.2,13.8,12.95,26674900.0
20260127,300369,绿盟科技,7.88,7.93,7.98,7.72,21562100.0
20260127,300370,安控科技,2.82,2.84,2.84,2.75,23120800.0
20260127,300371,汇中股份,13.88,13.9,14.0,13.46,4114700.0
20260127,300373,扬杰科技,76.28,80.31,80.99,74.57,22197400.0
20260127,300374,中铁装配,17.0,16.81,17.06,16.43,11660800.0
20260127,300375,鹏翎股份,5.26,5.25,5.29,5.11,30813000.0
20260127,300376,易事特,7.66,7.4,7.66,7.34,53961800.0
20260127,300377,赢时胜,20.71,20.68,20.82,19.98,37226000.0
20260127,300378,鼎捷数智,57.91,58.81,59.82,55.55,17956600.0
20260127,300380,安硕信息,43.75,42.37,44.12,41.28,5601900.0
20260127,300381,溢多利,7.18,7.12,7.21,6.92,9741700.0
20260127,300382,斯莱克,15.22,15.53,15.72,14.51,37148400.0
20260127,300383,光环新网,15.1,15.16,15.41,14.75,151955300.0
20260127,300384,三联虹普,17.45,17.48,17.6,17.14,3775300.0
20260127,300386,飞天诚信,16.67,16.72,16.82,16.25,5779400.0
20260127,300387,富邦科技,9.37,9.34,9.4,9.13,9051600.0
20260127,300388,节能国祯,8.33,8.22,8.35,8.07,8779300.0
20260127,300389,艾比森,18.23,18.55,18.61,17.86,7216800.0
20260127,300390,天华新能,50.81,49.93,52.2,47.5,39427000.0
20260127,300393,中来股份,7.83,9.06,9.29,7.79,240985100.0
20260127,300394,天孚通信,197.6,210.06,218.13,196.66,59312600.0
20260127,300395,菲利华,92.25,95.6,96.48,90.58,27545200.0
20260127,300397,天和防务,14.08,14.27,14.29,13.66,21899300.0
20260127,300398,飞凯材料,26.18,26.43,26.7,25.3,40589900.0
20260127,300399,天利科技,28.51,27.98,28.56,26.8,14560400.0
20260127,300400,劲拓股份,22.22,22.59,22.89,22.05,8695200.0
20260127,300401,花园生物,17.5,17.39,17.63,17.1,19342500.0
20260127,300402,宝色股份,24.01,23.79,24.47,23.25,18096400.0
20260127,300403,汉宇集团,14.4,14.43,14.52,13.88,19608900.0
20260127,300404,博济医药,10.86,10.77,10.9,10.42,18871600.0
20260127,300405,科隆股份,6.92,6.79,6.92,6.61,10840400.0
20260127,300406,九强生物,14.48,14.3,14.54,14.03,13242200.0
20260127,300407,凯发电气,13.1,13.12,13.29,12.75,8931800.0
20260127,300408,三环集团,51.16,51.06,51.68,49.8,27724500.0
20260127,300409,道氏技术,31.13,30.97,31.68,29.87,56108200.0
20260127,300410,正业科技,8.76,9.39,9.88,8.42,57578600.0
20260127,300411,金盾股份,11.89,11.9,11.96,11.55,8712700.0
20260127,300412,迦南科技,6.01,5.95,6.02,5.73,22673600.0
20260127,300413,芒果超媒,25.55,25.61,25.89,24.89,24528000.0
20260127,300414,中光防雷,15.39,15.82,15.86,14.95,17187600.0
20260127,300415,伊之密,27.16,26.91,27.2,26.25,9160300.0
20260127,300416,苏试试验,19.71,20.16,20.33,19.21,39688600.0
20260127,300417,南华仪器,13.55,13.42,13.63,13.01,5419100.0
20260127,300418,昆仑万维,54.77,54.33,55.33,52.71,85118300.0
20260127,300420,五洋自控,4.25,4.19,4.29,4.11,39399000.0
20260127,300421,力星股份,29.77,30.32,30.69,29.33,19842000.0
20260127,300422,博世科,5.05,5.02,5.09,4.92,8395300.0
20260127,300423,昇辉科技,9.1,8.95,9.15,8.58,24165400.0
20260127,300424,航新科技,18.74,19.14,19.23,18.18,14116200.0
20260127,300425,中建环能,5.26,5.26,5.29,5.14,7691400.0
20260127,300426,华智数媒,8.5,8.77,8.9,8.48,15369000.0
20260127,300427,红相股份,16.06,15.75,16.15,15.11,107719400.0
20260127,300428,立中集团,24.88,24.8,25.07,24.3,14428800.0
20260127,300429,强力新材,15.92,16.11,16.17,15.53,24497500.0
20260127,300432,富临精工,18.31,18.24,18.49,17.69,46364100.0
20260127,300433,蓝思科技,38.55,38.72,39.25,38.35,96935000.0
20260127,300434,金石亚药,11.4,11.2,11.4,10.9,21616500.0
20260127,300435,中泰股份,33.3,33.27,34.49,32.7,34677600.0
20260127,300436,广生堂,102.0,92.11,102.9,91.5,15215800.0
20260127,300437,清水源,16.3,15.81,16.3,14.89,18213400.0
20260127,300438,鹏辉能源,50.7,46.92,50.7,45.76,39061100.0
20260127,300439,美康生物,10.85,10.68,10.9,10.41,13547500.0
20260127,300440,运达科技,14.62,15.35,15.48,14.34,21980900.0
20260127,300441,鲍斯股份,7.95,7.94,7.99,7.75,9822800.0
20260127,300442,润泽科技,82.6,81.37,83.88,79.98,71439200.0
20260127,300443,金雷股份,29.89,30.22,30.5,29.34,11435100.0
20260127,300444,双杰电气,14.39,14.11,14.93,13.85,122802500.0
20260127,300445,康斯特,25.25,25.85,25.99,24.66,7766200.0
20260127,300446,航天智造,24.16,24.37,24.46,23.61,22748500.0
20260127,300447,全信股份,20.2,20.05,20.43,19.3,19776300.0
20260127,300448,浩云科技,9.36,9.35,9.63,9.19,34420300.0
20260127,300449,汉邦高科,7.58,7.61,7.65,7.33,7913900.0
20260127,300450,先导智能,61.5,61.17,62.1,57.76,116827700.0
20260127,300451,创业慧康,5.59,5.61,5.63,5.45,46128900.0
20260127,300452,山河药辅,16.01,15.48,16.02,14.83,19151700.0
20260127,300453,三鑫医疗,9.77,9.51,9.77,9.27,11487900.0
20260127,300454,深信服,173.4,180.69,182.8,169.88,21057900.0
20260127,300455,航天智装,27.66,29.09,29.33,27.14,33991100.0
20260127,300456,赛微电子,52.06,53.68,54.24,52.06,42977600.0
20260127,300457,赢合科技,29.46,28.97,29.64,27.4,24437700.0
20260127,300458,全志科技,45.0,46.58,46.79,44.88,37075300.0
20260127,300459,汤姆猫,5.2,5.17,5.26,5.05,170674900.0
20260127,300461,田中精机,30.91,34.82,37.1,30.85,25637500.0
20260127,300463,迈克生物,13.45,13.3,13.5,12.85,83598800.0
20260127,300464,星徽股份,6.51,6.8,6.85,6.49,28283700.0
20260127,300465,高伟达,19.96,19.67,20.06,19.32,11243200.0
20260127,300466,赛摩智能,10.43,10.36,10.45,10.0,11028600.0
20260127,300467,迅游科技,33.1,32.68,33.48,31.75,4984900.0
20260127,300468,四方精创,33.04,33.02,33.45,32.3,18312200.0
20260127,300469,信息发展,64.84,64.59,65.39,63.0,4134100.0
20260127,300470,中密控股,38.23,38.42,38.64,37.43,3955400.0
20260127,300471,厚普股份,14.91,14.84,15.08,14.26,29139100.0
20260127,300473,德尔股份,35.97,34.99,36.0,34.47,9964300.0
20260127,300474,景嘉微,75.59,76.9,77.57,73.82,13778000.0
20260127,300475,香农芯创,160.0,166.67,168.0,155.35,35033900.0
20260127,300476,胜宏科技,265.4,267.7,271.58,260.2,24681600.0
20260127,300478,杭州高新,26.64,26.47,26.85,25.72,3125500.0
20260127,300479,神思电子,20.58,21.0,21.0,19.94,11680100.0
20260127,300480,光力科技,21.52,22.53,23.29,20.9,32324600.0
20260127,300481,濮阳惠成,18.0,17.62,18.17,17.33,14147500.0
20260127,300482,万孚生物,25.0,24.72,25.08,23.2,57938700.0
20260127,300483,首华燃气,16.91,16.66,17.31,16.45,35807500.0
20260127,300484,蓝海华腾,20.18,20.21,20.31,19.48,5771200.0
20260127,300485,赛升药业,12.06,11.82,12.06,11.4,16908900.0
20260127,300486,东杰智能,21.39,23.76,24.33,21.37,50701400.0
20260127,300487,蓝晓科技,69.74,70.29,71.54,68.85,7700900.0
20260127,300488,恒锋工具,34.15,34.8,35.13,33.25,2341100.0
20260127,300489,光智科技,46.1,45.79,46.1,44.38,3651100.0
20260127,300490,华自科技,15.92,16.48,16.82,15.4,66273000.0
20260127,300491,通合科技,27.83,27.91,28.09,26.6,8920700.0
20260127,300492,华图山鼎,86.36,85.92,88.6,83.2,3385800.0
20260127,300493,润欣科技,20.01,20.38,20.49,19.48,22191000.0
20260127,300494,盛天网络,13.91,13.78,14.1,13.4,31179400.0
20260127,300496,中科创达,77.8,79.12,79.82,76.58,17071000.0
20260127,300497,富祥股份,16.54,16.3,16.76,15.45,40608000.0
20260127,300498,温氏股份,15.72,15.33,15.74,15.32,62805400.0
20260127,300499,高澜股份,29.33,29.48,29.57,28.0,21168600.0
20260127,300500,启迪设计,12.79,12.67,12.85,12.28,4989800.0
20260127,300501,海顺新材,16.23,16.13,16.33,15.71,3530800.0
20260127,300502,新易盛,387.55,399.24,412.58,385.57,41420800.0
20260127,300503,昊志机电,59.8,59.4,61.0,58.1,32759100.0
20260127,300504,天邑股份,14.98,14.94,15.05,14.42,5338300.0
20260127,300505,川金诺,28.66,28.87,29.48,28.26,27606200.0
20260127,300506,名家汇,4.77,5.2,5.28,4.68,30642100.0
20260127,300507,苏奥传感,10.17,10.13,10.24,9.8,25390000.0
20260127,300508,维宏股份,44.2,44.72,45.01,43.1,5255900.0
20260127,300509,新美星,14.86,15.61,16.08,14.77,16002400.0
20260127,300510,金冠股份,4.55,4.52,4.58,4.38,34886600.0
20260127,300511,雪榕生物,6.25,6.15,6.25,6.09,21464200.0
20260127,300512,中亚股份,9.81,10.24,10.26,9.8,15736800.0
20260127,300513,恒实科技,10.08,9.94,10.14,9.66,10808600.0
20260127,300514,友讯达,14.38,14.5,14.5,13.96,4975600.0
20260127,300515,三德科技,21.13,21.08,21.2,20.48,2620700.0
20260127,300516,久之洋,67.68,71.07,71.93,67.68,9780000.0
20260127,300517,海波重科,12.42,12.58,12.87,12.17,5216500.0
20260127,300518,新迅达,22.55,21.06,22.55,19.98,16149700.0
20260127,300519,新光药业,16.31,16.21,16.31,15.72,3900500.0
20260127,300520,科大国创,43.76,45.09,45.18,42.29,30354600.0
20260127,300521,爱司凯,37.99,35.82,38.11,29.95,11851100.0
20260127,300522,世名科技,12.97,12.82,13.07,12.51,6138700.0
20260127,300523,辰安科技,24.25,24.62,24.62,23.32,6055200.0
20260127,300525,博思软件,14.56,13.9,14.67,13.67,49018600.0
20260127,300528,幸福蓝海,21.58,20.98,22.01,20.3,16795800.0
20260127,300529,健帆生物,20.85,20.7,20.88,20.32,7634000.0
20260127,300530,领湃科技,31.85,30.62,31.85,29.49,5679000.0
20260127,300531,优博讯,18.41,18.33,18.55,17.77,8663400.0
20260127,300532,今天国际,12.69,12.65,12.77,12.37,6932500.0
20260127,300533,冰川网络,38.19,37.75,38.8,37.07,7919600.0
20260127,300534,陇神戎发,10.25,10.09,10.26,9.8,16258600.0
20260127,300535,达威股份,20.31,20.48,20.77,19.86,2806200.0
20260127,300536,农尚环境,9.25,9.47,9.47,9.0,10561800.0
20260127,300537,广信材料,23.4,23.53,23.63,22.58,7676000.0
20260127,300538,同益股份,17.08,16.96,17.15,16.33,7800200.0
20260127,300539,横河精密,36.32,35.79,36.32,34.2,7791200.0
20260127,300540,蜀道装备,22.99,23.6,24.47,22.36,10540300.0
20260127,300541,先进数通,15.73,15.63,15.84,15.3,18002900.0
20260127,300542,新晨科技,18.5,18.45,18.71,18.03,5768600.0
20260127,300543,朗科智能,11.58,11.62,11.64,11.16,8323900.0
20260127,300545,联得装备,33.61,35.87,35.95,32.8,19355600.0
20260127,300546,雄帝科技,24.53,24.3,24.58,23.76,3935600.0
20260127,300547,川环科技,36.51,35.8,36.52,34.47,7497500.0
20260127,300548,长芯博创,133.09,137.6,139.63,130.51,22415700.0
20260127,300549,优德精密,19.52,19.61,19.88,18.71,3304700.0
20260127,300550,和仁科技,15.14,15.29,15.39,14.81,5392500.0
20260127,300551,古鳌科技,17.56,17.47,17.87,16.6,17952800.0
20260127,300552,万集科技,32.8,33.45,33.51,32.2,10803600.0
20260127,300553,集智股份,45.0,45.59,45.6,43.6,4275600.0
20260127,300554,三超新材,25.27,26.86,27.45,24.61,12738700.0
20260127,300556,丝路视觉,20.27,20.23,20.45,19.7,4423700.0
20260127,300557,理工光科,36.0,36.64,36.77,34.96,4630500.0
20260127,300558,贝达药业,48.89,47.91,48.96,46.93,6602700.0
20260127,300559,佳发教育,12.7,12.74,12.85,12.41,8372600.0
20260127,300560,中富通,16.55,16.48,16.81,16.02,10152900.0
20260127,300561,汇金科技,21.93,21.64,22.15,20.66,8263400.0
20260127,300562,乐心医疗,15.13,15.11,15.18,14.59,8997800.0
20260127,300563,神宇股份,39.76,39.4,40.06,38.5,12545000.0
20260127,300564,筑博设计,16.36,16.21,16.42,15.8,3180400.0
20260127,300565,科信技术,12.99,13.24,13.29,12.66,20587600.0
20260127,300566,激智科技,19.62,20.02,20.15,19.4,11284900.0
20260127,300567,精测电子,141.0,148.97,152.31,139.0,18309200.0
20260127,300568,星源材质,14.61,14.18,14.71,13.56,98249000.0
20260127,300569,天能重工,6.25,6.29,6.33,6.11,28649000.0
20260127,300570,太辰光,101.88,105.04,105.97,100.18,18664500.0
20260127,300571,平治信息,30.5,30.43,31.25,29.51,6033200.0
20260127,300572,安车检测,27.65,27.21,27.67,26.0,7508700.0
20260127,300573,兴齐眼药,72.8,71.23,72.95,70.88,9491100.0
20260127,300575,中旗股份,6.95,6.8,7.02,6.68,22111400.0
20260127,300576,容大感光,41.35,42.35,42.49,40.65,13268100.0
20260127,300577,开润股份,21.9,22.72,22.77,21.71,7110700.0
20260127,300578,会畅科技,26.0,25.97,26.76,25.0,19496600.0
20260127,300579,数字认证,31.08,31.88,32.24,30.28,6906800.0
20260127,300580,贝斯特,25.65,25.73,25.93,24.81,8537500.0
20260127,300581,晨曦航空,16.08,16.42,16.49,16.0,18315600.0
20260127,300582,英飞特,18.0,17.83,18.3,17.25,14108900.0
20260127,300583,赛托生物,15.1,14.91,15.23,14.43,5224900.0
20260127,300584,海辰药业,50.0,48.39,50.07,46.7,5323900.0
20260127,300585,奥联电子,18.07,18.26,18.4,17.57,6519100.0
20260127,300586,美联新材,10.87,10.71,10.94,10.36,18132900.0
20260127,300587,天铁科技,6.3,6.37,6.41,6.13,32551200.0
20260127,300588,熙菱信息,25.57,24.63,25.8,24.1,8296500.0
20260127,300589,江龙船艇,18.0,17.96,18.32,17.18,29785800.0
20260127,300590,移为通信,12.7,12.9,12.98,12.37,11464800.0
20260127,300591,万里马,9.01,8.73,9.01,8.44,20051900.0
20260127,300592,华凯易佰,14.03,13.93,14.68,13.75,36293500.0
20260127,300593,新雷能,30.13,31.41,31.88,28.88,28054900.0
20260127,300595,欧普康视,16.42,16.1,16.42,15.8,14675500.0
20260127,300596,利安隆,48.6,48.91,49.88,47.95,7612100.0
20260127,300597,吉大通信,9.96,10.02,10.04,9.64,9221600.0
20260127,300598,诚迈科技,46.6,46.32,46.78,44.91,6633300.0
20260127,300599,雄塑科技,10.7,10.68,10.76,10.12,11738000.0
20260127,300600,国瑞科技,14.48,14.44,14.54,14.02,6358500.0
20260127,300601,康泰生物,16.99,16.63,16.99,16.06,42070700.0
20260127,300602,飞荣达,35.73,35.5,36.98,33.5,55869400.0
20260127,300603,立昂技术,10.6,10.43,10.64,10.21,16812000.0
20260127,300604,长川科技,129.46,131.04,133.22,127.6,28145900.0
20260127,300605,恒锋信息,16.74,16.83,16.91,16.03,7636800.0
20260127,300606,金太阳,32.0,33.12,33.17,31.1,20791800.0
20260127,300607,拓斯达,31.91,31.98,32.35,30.69,15187700.0
20260127,300608,思特奇,12.26,12.19,12.4,11.95,11950700.0
20260127,300609,汇纳科技,41.46,41.19,41.7,39.95,4306000.0
20260127,300610,晨化股份,12.24,12.24,12.3,11.91,6142400.0
20260127,300611,美力科技,29.32,29.54,29.62,28.25,10439700.0
20260127,300612,宣亚国际,19.3,18.98,19.6,18.47,21002700.0
20260127,300613,富瀚微,48.8,52.45,53.27,48.61,19311100.0
20260127,300614,百川畅银,15.11,15.36,15.36,14.77,8914600.0
20260127,300615,欣天科技,14.45,14.57,14.64,14.0,4906100.0
20260127,300616,尚品宅配,14.84,14.92,15.07,14.54,5157100.0
20260127,300617,安靠智电,44.03,43.89,45.98,42.51,10872000.0
20260127,300618,寒锐钴业,51.44,50.52,51.97,49.5,19963700.0
20260127,300619,金银河,52.28,51.51,52.5,49.2,13302600.0
20260127,300620,光库科技,152.32,162.01,164.0,151.06,23425700.0
20260127,300621,维业股份,9.09,9.03,9.18,8.81,4545400.0
20260127,300622,博士眼镜,31.4,30.9,31.88,30.15,14271500.0
20260127,300623,捷捷微电,33.09,34.82,34.99,31.87,75255900.0
20260127,300624,万兴科技,91.83,91.45,92.8,88.0,12208300.0
20260127,300625,三雄极光,12.88,12.78,13.0,12.62,3382000.0
20260127,300626,华瑞股份,20.0,19.96,20.58,19.41,13029500.0
20260127,300627,华测导航,39.14,40.09,40.5,39.05,19705600.0
20260127,300628,亿联网络,36.58,37.91,38.5,36.18,26351200.0
20260127,300629,新劲刚,25.82,25.83,26.22,25.07,16099700.0
20260127,300631,久吾高科,31.03,30.7,31.41,30.0,3378900.0
20260127,300632,光莆股份,14.99,14.94,15.04,14.16,10397800.0
20260127,300633,开立医疗,28.8,28.3,29.08,28.07,3501400.0
20260127,300634,彩讯股份,31.7,30.98,32.29,30.04,37547500.0
20260127,300635,中达安,13.74,13.85,13.99,13.32,9376800.0
20260127,300636,同和药业,8.55,8.5,8.57,8.17,16036200.0
20260127,300637,扬帆新材,13.12,13.14,13.18,12.64,8513900.0
20260127,300638,广和通,29.95,30.33,30.5,29.18,26223700.0
20260127,300639,凯普生物,7.77,8.7,8.7,7.68,173477700.0
20260127,300640,德艺文创,8.07,7.96,8.12,7.74,14031200.0
20260127,300641,正丹股份,20.0,19.87,20.18,19.64,10623200.0
20260127,300642,透景生命,20.8,20.6,20.85,19.1,14076100.0
20260127,300643,万通智控,20.38,20.18,20.44,19.45,7691800.0
20260127,300644,南京聚隆,37.53,37.3,38.1,35.81,4082700.0
20260127,300645,正元智慧,20.14,20.28,20.45,19.5,5293500.0
20260127,300647,超频三,7.28,7.31,7.33,6.98,24213700.0
20260127,300648,星云股份,56.03,56.53,56.8,53.3,5944400.0
20260127,300649,杭州园林,15.33,15.25,15.47,14.77,2982600.0
20260127,300650,太龙股份,18.28,19.2,19.31,17.75,21230000.0
20260127,300651,金陵体育,22.89,22.94,23.54,22.77,12928700.0
20260127,300652,雷迪克,54.9,54.96,55.45,53.28,4020600.0
20260127,300653,正海生物,21.77,21.57,21.83,21.01,3076300.0
20260127,300654,世纪天鸿,11.93,11.91,12.29,11.65,28444100.0
20260127,300655,晶瑞电材,17.86,18.08,18.12,17.48,67336600.0
20260127,300656,民德电子,23.45,26.04,26.7,23.34,17123800.0
20260127,300657,弘信电子,31.08,31.26,31.55,30.34,22812400.0
20260127,300658,延江股份,17.9,17.49,18.34,16.8,40401400.0
20260127,300659,中孚信息,15.47,15.31,15.59,14.95,7321800.0
20260127,300660,江苏雷利,53.61,54.43,54.79,51.7,12185400.0
20260127,300661,圣邦股份,74.43,77.07,78.77,73.01,35077400.0
20260127,300662,科锐国际,30.7,31.5,31.97,30.57,9775100.0
20260127,300663,科蓝软件,18.11,18.13,18.39,17.77,13168900.0
20260127,300664,鹏鹞环保,5.8,5.77,5.82,5.66,16203100.0
20260127,300665,飞鹿股份,9.06,8.87,9.09,8.66,11444700.0
20260127,300666,江丰电子,118.16,119.4,120.33,116.4,11809700.0
20260127,300667,必创科技,18.73,18.68,18.89,17.88,8453000.0
20260127,300668,杰恩股份,27.81,27.57,28.8,27.22,6790800.0
20260127,300669,沪宁股份,33.73,33.46,34.27,33.03,3116100.0
20260127,300670,大烨智能,6.82,6.7,6.85,6.54,13429500.0
20260127,300671,富满微,45.91,51.27,52.48,45.83,39121000.0
20260127,300672,国科微,134.54,144.0,145.39,134.39,19313700.0
20260127,300673,佩蒂股份,19.1,18.35,19.1,18.13,9471400.0
20260127,300674,宇信科技,23.46,23.54,23.67,22.93,13740700.0
20260127,300675,建科院,16.36,16.24,16.43,15.88,3596700.0
20260127,300676,华大基因,53.8,53.05,53.98,51.8,9936200.0
20260127,300677,英科医疗,45.0,43.66,45.36,40.8,21910400.0
20260127,300678,中科信息,32.52,32.8,33.03,32.0,7820500.0
20260127,300679,电连技术,44.55,44.96,45.73,43.45,21385800.0
20260127,300680,隆盛科技,56.43,55.67,56.9,53.37,14304400.0
20260127,300681,英搏尔,26.52,26.36,26.62,25.43,11499700.0
20260127,300682,朗新科技,18.66,18.83,19.15,17.88,43694400.0
20260127,300683,海特生物,32.51,32.48,34.07,31.86,10758500.0
20260127,300684,中石科技,54.71,57.44,57.49,53.0,16552600.0
20260127,300685,艾德生物,23.25,22.82,23.25,22.47,8035300.0
20260127,300686,智动力,16.71,16.7,16.88,15.8,10949000.0
20260127,300687,赛意信息,24.87,24.63,25.2,23.86,15478400.0
20260127,300688,创业黑马,32.22,32.2,32.95,31.42,11051400.0
20260127,300689,澄天伟业,44.92,53.3,53.3,44.45,8364200.0
20260127,300690,双一科技,33.02,32.75,33.26,31.76,6469300.0
20260127,300691,联合光电,17.55,17.57,17.65,16.92,5700600.0
20260127,300692,中赋科技,9.33,9.17,9.36,8.97,12340100.0
20260127,300693,盛弘股份,39.95,40.12,40.48,38.7,10137000.0
20260127,300694,蠡湖股份,12.56,12.43,12.58,12.12,5677000.0
20260127,300695,兆丰股份,87.77,87.5,90.88,83.68,3310700.0
20260127,300696,爱乐达,32.13,34.28,35.4,31.71,20976500.0
20260127,300697,电工合金,18.2,18.13,18.58,17.71,27025700.0
20260127,300698,万马科技,43.56,43.7,44.03,42.21,3964500.0
20260127,300699,光威复材,41.42,42.78,43.3,41.42,39953800.0
20260127,300700,岱勒新材,14.26,14.41,14.46,13.81,14414600.0
20260127,300701,森霸传感,13.99,13.83,14.05,13.29,15139800.0
20260127,300702,天宇股份,26.91,26.76,26.97,26.26,3710400.0
20260127,300703,创源股份,25.82,25.67,26.04,25.15,5305300.0
20260127,300705,九典制药,16.06,15.8,16.12,15.58,9639800.0
20260127,300706,阿石创,37.82,39.52,39.77,36.0,13214200.0
20260127,300707,威唐工业,21.85,22.85,23.8,21.28,29603000.0
20260127,300708,聚灿光电,10.04,10.29,10.3,9.8,53414700.0
20260127,300709,精研科技,47.11,48.56,48.78,45.26,11573800.0
20260127,300710,万隆光电,30.58,31.15,31.44,29.69,4607100.0
20260127,300711,广哈通信,26.8,28.46,28.49,26.8,17017100.0
20260127,300712,永福股份,29.25,29.09,29.28,27.93,5446600.0
20260127,300713,英可瑞,18.56,18.22,18.56,17.6,3937700.0
20260127,300715,凯伦股份,11.66,11.78,11.81,11.35,4599300.0
20260127,300717,华信新材,21.03,21.02,21.15,20.38,1933300.0
20260127,300718,长盛轴承,82.8,81.65,82.9,79.4,7644100.0
20260127,300719,安达维尔,17.71,18.56,18.66,17.52,17252600.0
20260127,300720,海川智能,33.25,36.2,36.25,32.5,11683100.0
20260127,300721,怡达股份,15.31,15.05,15.4,14.75,17533700.0
20260127,300722,新余国科,33.5,34.16,34.21,32.7,6749700.0
20260127,300723,一品红,36.58,35.39,36.65,34.57,15160300.0
20260127,300724,捷佳伟创,129.06,136.73,137.36,125.01,48367100.0
20260127,300725,药石科技,42.99,42.12,43.25,41.21,10039500.0
20260127,300726,宏达电子,51.0,53.7,54.2,49.87,15952000.0
20260127,300727,润禾材料,36.81,36.17,36.82,34.51,4693200.0
20260127,300729,乐歌股份,14.49,14.41,14.5,14.18,4273500.0
20260127,300730,科创信息,13.5,13.52,13.62,13.07,7565300.0
20260127,300731,科创新源,60.3,62.84,63.98,57.56,13667200.0
20260127,300732,设研院,7.91,7.84,7.95,7.69,9896200.0
20260127,300733,西菱动力,18.9,18.86,19.1,18.29,5925000.0
20260127,300735,光弘科技,25.59,26.12,26.3,24.83,14596000.0
20260127,300736,百邦科技,18.2,18.54,18.66,17.51,7452600.0
20260127,300737,科顺股份,6.81,6.81,6.9,6.66,45040600.0
20260127,300738,奥飞数据,23.1,23.59,24.21,22.63,130683400.0
20260127,300739,明阳电路,19.65,19.7,19.72,18.79,18995500.0
20260127,300740,水羊股份,23.72,23.52,23.8,23.11,8706900.0
20260127,300741,华宝股份,18.75,18.52,18.76,18.16,2445500.0
20260127,300743,天地数码,21.0,20.86,21.0,20.28,3663100.0
20260127,300745,欣锐科技,29.14,29.66,29.75,28.05,6196100.0
20260127,300746,汉嘉数智,13.98,14.0,14.09,13.55,3472600.0
20260127,300747,锐科激光,31.95,32.57,32.88,31.38,24584300.0
20260127,300748,金力永磁,38.72,38.06,39.48,37.65,50759000.0
20260127,300749,顶固集创,15.87,15.42,16.1,15.15,11474300.0
20260127,300750,宁德时代,344.89,339.4,344.9,334.02,32294900.0
20260127,300751,迈为股份,329.01,362.5,372.5,329.01,19897300.0
20260127,300752,隆利科技,19.09,19.28,19.33,18.46,6148500.0
20260127,300753,爱朋医疗,33.4,33.83,34.06,32.68,7332500.0
20260127,300755,华致酒行,16.66,16.35,16.74,16.11,4012500.0
20260127,300756,金马游乐,52.59,51.84,53.17,50.8,3703900.0
20260127,300757,罗博特科,337.87,349.53,361.88,327.0,7700800.0
20260127,300758,七彩化学,18.4,19.82,20.31,18.27,68663100.0
20260127,300759,康龙化成,30.94,30.37,31.13,29.96,22604700.0
20260127,300760,迈瑞医疗,195.25,192.16,196.5,192.0,9552400.0
20260127,300761,立华股份,19.68,19.21,19.71,18.81,13815500.0
20260127,300762,上海瀚讯,42.84,43.36,44.19,42.42,59143900.0
20260127,300763,锦浪科技,84.63,88.9,91.17,80.91,34331300.0
20260127,300765,石药创新,39.16,40.93,41.46,38.21,12052700.0
20260127,300766,每日互动,43.33,44.8,45.77,41.41,68764200.0
20260127,300767,震安科技,20.23,20.4,20.43,19.63,7605400.0
20260127,300768,迪普科技,19.29,19.25,19.45,18.85,6668200.0
20260127,300769,德方纳米,45.16,44.13,45.46,41.9,26020000.0
20260127,300770,新媒股份,45.25,45.15,45.49,44.67,3353900.0
20260127,300771,智莱科技,15.43,15.4,15.5,14.82,9638200.0
20260127,300772,运达股份,21.41,21.33,21.99,20.95,17894200.0
20260127,300773,拉卡拉,27.72,27.41,27.9,26.5,54337400.0
20260127,300774,倍杰特,27.78,27.73,28.43,27.27,12689100.0
20260127,300775,三角防务,35.45,39.27,39.98,35.43,100217100.0
20260127,300776,帝尔激光,80.9,83.47,84.34,79.08,12815000.0
20260127,300777,中简科技,45.9,47.72,49.08,45.44,37192400.0
20260127,300778,新城市,13.95,14.17,14.21,13.44,6628900.0
20260127,300779,惠城环保,102.91,101.15,103.5,99.3,5578900.0
20260127,300780,德恩精工,29.39,28.73,31.49,27.31,34867700.0
20260127,300781,因赛集团,44.16,46.99,46.99,42.01,27685800.0
20260127,300782,卓胜微,78.66,80.38,81.22,76.97,20068200.0
20260127,300783,三只松鼠,24.11,23.68,24.24,23.55,9667400.0
20260127,300784,利安科技,55.4,57.78,58.38,53.63,2959400.0
20260127,300785,值得买,64.5,68.51,70.04,63.4,31578100.0
20260127,300786,国林科技,16.98,17.12,17.15,16.18,10486000.0
20260127,300787,海能实业,12.68,12.75,12.76,12.3,9021800.0
20260127,300788,中信出版,29.97,29.59,30.08,29.1,2796000.0
20260127,300789,唐源电气,23.4,23.25,23.55,22.56,2525800.0
20260127,300790,宇瞳光学,29.77,29.25,29.82,28.31,12215300.0
20260127,300791,仙乐健康,25.09,24.48,25.09,24.18,3280700.0
20260127,300792,壹网壹创,40.76,40.9,41.66,39.6,14771700.0
20260127,300793,佳禾智能,17.17,17.22,17.24,16.69,11886300.0
20260127,300795,米奥会展,14.18,14.15,14.44,14.0,3264800.0
20260127,300796,贝斯美,9.6,9.58,9.67,9.35,7640400.0
20260127,300797,钢研纳克,18.28,18.13,18.32,17.73,6553400.0
20260127,300798,锦鸡股份,8.0,7.98,8.04,7.87,12660700.0
20260127,300800,力合科技,12.75,12.8,12.86,12.42,4251700.0
20260127,300801,泰和科技,33.01,31.28,33.1,30.68,12618000.0
20260127,300802,矩子科技,20.77,21.0,21.07,20.27,5109000.0
20260127,300803,指南针,126.78,125.66,127.66,122.52,19741600.0
20260127,300804,广康生化,37.3,37.0,37.58,36.32,1204600.0
20260127,300805,电声股份,12.64,12.97,13.68,12.58,23456100.0
20260127,300806,斯迪克,42.51,50.04,50.04,42.0,45802800.0
20260127,300807,天迈科技,55.2,55.67,56.15,54.2,2054100.0
20260127,300808,久量股份,31.9,32.75,32.8,29.97,8882300.0
20260127,300809,华辰装备,39.93,40.62,40.94,38.18,10158500.0
20260127,300810,中科海讯,39.3,41.06,41.68,39.02,5913800.0
20260127,300811,铂科新材,77.81,81.1,81.77,75.6,13212800.0
20260127,300812,易天股份,29.02,30.81,30.95,27.75,17306000.0
20260127,300813,泰林生物,27.51,26.85,27.57,25.04,7617000.0
20260127,300814,中富电路,70.51,71.41,71.55,67.7,5103300.0
20260127,300815,玉禾田,25.71,25.34,25.88,24.86,10273700.0
20260127,300816,艾可蓝,73.01,71.08,77.5,69.07,6079800.0
20260127,300817,双飞集团,21.23,21.19,21.44,20.5,3134500.0
20260127,300818,耐普矿机,47.65,49.49,50.61,47.0,7471200.0
20260127,300819,聚杰微纤,37.4,40.32,40.97,37.4,11257800.0
20260127,300820,英杰电气,55.08,55.0,55.8,52.9,4303400.0
20260127,300821,东岳硅材,13.14,12.81,13.23,12.11,63367900.0
20260127,300822,贝仕达克,16.69,16.63,16.79,16.12,3130500.0
20260127,300823,建科智能,17.27,17.29,17.39,16.65,3585200.0
20260127,300824,北鼎股份,11.69,11.54,11.73,11.22,6510900.0
20260127,300825,阿尔特,10.2,10.3,10.4,9.96,8892200.0
20260127,300826,测绘股份,17.27,17.3,17.36,16.86,2841600.0
20260127,300827,上能电气,38.78,37.81,39.0,36.65,27066700.0
20260127,300828,锐新科技,23.02,23.68,24.94,22.98,20997900.0
20260127,300829,金丹科技,18.62,18.59,18.75,18.2,5554500.0
20260127,300830,金现代,15.0,14.62,15.05,13.82,59581300.0
20260127,300832,新产业,56.26,54.52,56.66,54.45,8013700.0
20260127,300833,浩洋股份,43.4,43.29,43.59,41.41,1408200.0
20260127,300834,星辉环材,24.4,24.5,24.58,23.99,2255700.0
20260127,300835,龙磁科技,70.8,72.07,72.24,69.15,3269600.0
20260127,300836,佰奥智能,69.13,68.31,69.56,65.9,2400700.0
20260127,300837,浙矿股份,62.47,60.87,65.2,60.05,9853000.0
20260127,300838,浙江力诺,16.31,16.32,16.43,15.8,3174500.0
20260127,300839,博汇股份,12.38,12.09,12.49,11.81,6305300.0
20260127,300840,酷特智能,20.4,19.99,20.59,19.6,14066500.0
20260127,300841,康华生物,75.98,72.51,75.98,71.81,2932700.0
20260127,300842,帝科股份,107.14,118.11,124.3,104.89,23016700.0
20260127,300843,胜蓝股份,50.23,53.13,53.17,48.6,11564900.0
20260127,300844,山水比德,42.85,42.85,42.94,41.66,1082300.0
20260127,300845,捷安高科,12.02,12.02,12.13,11.64,5885600.0
20260127,300846,首都在线,25.12,26.89,27.06,24.6,78539800.0
20260127,300847,中船汉光,18.01,18.04,18.09,17.45,6461300.0
20260127,300848,美瑞新材,16.88,16.95,16.99,16.4,7810400.0
20260127,300849,锦盛新材,18.91,18.82,18.99,18.17,3140600.0
20260127,300850,新强联,49.2,48.18,49.68,46.82,25067100.0
20260127,300851,交大思诺,30.43,30.22,30.57,29.56,1726800.0
20260127,300852,四会富仕,44.45,48.02,50.45,44.4,16772500.0
20260127,300853,申昊科技,22.13,22.25,22.32,21.26,3582500.0
20260127,300854,中兰环保,19.96,21.32,21.68,19.79,7960300.0
20260127,300855,图南股份,35.81,39.5,39.95,35.48,16459500.0
20260127,300856,科思股份,13.93,13.81,13.99,13.49,6339500.0
20260127,300857,协创数据,218.4,231.68,236.66,217.11,20181400.0
20260127,300858,科拓生物,18.77,19.01,19.56,18.68,9845000.0
20260127,300859,西域旅游,38.7,38.44,39.13,37.82,4682800.0
20260127,300860,锋尚文化,28.26,28.19,28.57,27.73,3012000.0
20260127,300861,美畅股份,18.01,18.0,18.07,17.37,30291100.0
20260127,300862,蓝盾光电,24.18,23.89,24.28,22.92,8931100.0
20260127,300863,卡倍亿,59.59,60.25,61.61,58.42,4808600.0
20260127,300864,南大环境,22.4,22.48,22.83,22.03,4511700.0
20260127,300865,大宏立,29.5,29.53,29.72,28.64,1522800.0
20260127,300866,安克创新,103.11,103.05,104.1,101.56,3912600.0
20260127,300867,圣元环保,19.68,19.75,19.85,19.35,5606100.0
20260127,300868,杰美特,34.37,35.73,36.0,33.31,6729600.0
20260127,300869,康泰医学,16.49,16.35,16.49,15.8,8532300.0
20260127,300870,欧陆通,220.9,227.93,227.94,213.5,5113600.0
20260127,300871,回盛生物,32.0,29.89,32.39,29.58,37690100.0
20260127,300872,天阳科技,20.0,20.0,20.13,19.49,11169300.0
20260127,300873,海晨股份,24.54,24.88,25.05,24.22,5584800.0
20260127,300875,捷强装备,40.09,41.82,42.66,39.91,6518900.0
20260127,300876,蒙泰高新,30.28,30.13,30.47,29.51,1919600.0
20260127,300877,金春股份,28.3,28.03,28.36,26.88,4044300.0
20260127,300878,维康药业,29.6,28.22,29.74,27.88,5954700.0
20260127,300879,大叶股份,29.6,28.92,29.62,28.04,4538500.0
20260127,300880,迦南智能,19.6,19.52,19.77,18.95,3381300.0
20260127,300881,盛德鑫泰,40.83,40.79,41.0,39.0,3290100.0
20260127,300882,万胜智能,23.22,23.07,23.28,22.18,11380000.0
20260127,300883,龙利得,6.85,6.82,6.9,6.65,10409700.0
20260127,300884,狄耐克,15.55,15.32,15.55,14.88,9133100.0
20260127,300885,海昌新材,26.88,27.22,27.42,25.8,13621200.0
20260127,300886,华业香料,28.23,28.45,28.48,27.41,1754000.0
20260127,300887,谱尼测试,12.12,12.28,12.32,11.62,30580100.0
20260127,300888,稳健医疗,37.71,37.0,37.73,36.48,6001200.0
20260127,300889,爱克股份,23.21,24.2,24.42,22.27,18123400.0
20260127,300890,翔丰华,31.71,31.1,31.85,29.92,7591300.0
20260127,300891,惠云钛业,10.1,10.17,10.43,9.85,17635500.0
20260127,300892,品渥食品,32.54,32.01,32.61,31.3,3026500.0
20260127,300893,松原安全,24.6,24.53,24.63,23.84,3934500.0
20260127,300894,火星人,12.0,11.89,12.05,11.65,5351000.0
20260127,300895,铜牛信息,55.99,56.59,56.95,54.1,8780400.0
20260127,300896,爱美客,141.94,140.31,142.48,139.13,3130900.0
20260127,300897,山科智能,28.28,28.04,28.46,26.98,2725500.0
20260127,300898,熊猫乳品,29.26,29.12,29.64,28.61,5122200.0
20260127,300899,上海凯鑫,35.7,35.48,36.01,34.62,598900.0
20260127,300900,广联航空,34.27,35.66,37.13,34.27,33581400.0
20260127,300901,中胤时尚,17.28,17.37,17.43,16.9,2423600.0
20260127,300902,国安达,21.89,21.68,21.95,20.92,4766900.0
20260127,300903,科翔股份,27.21,29.15,30.76,27.1,63424000.0
20260127,300904,威力传动,68.66,68.03,69.83,66.58,1545500.0
20260127,300905,宝丽迪,37.07,38.19,38.49,37.0,6103500.0
20260127,300906,日月明,36.25,35.58,36.53,34.52,2394600.0
20260127,300907,康平科技,30.95,30.89,31.06,29.7,2129800.0
20260127,300908,仲景食品,29.33,28.88,29.34,28.5,1237100.0
20260127,300909,汇创达,50.59,49.39,50.97,47.39,4140000.0
20260127,300910,瑞丰新材,58.1,57.79,58.92,56.86,4100900.0
20260127,300911,亿田智能,33.87,33.34,34.27,32.03,4150200.0
20260127,300913,兆龙互连,54.49,53.78,54.7,51.9,6500100.0
20260127,300915,海融科技,25.15,24.97,25.31,24.43,1144100.0
20260127,300916,朗特智能,33.51,33.81,33.98,32.45,3285600.0
20260127,300917,特发服务,38.7,37.8,38.79,37.18,5502600.0
20260127,300918,南山智尚,17.35,17.27,17.41,16.8,10838400.0
20260127,300919,中伟新材,56.8,56.17,57.6,54.65,19865200.0
20260127,300920,润阳科技,41.85,42.1,42.53,41.07,1573700.0
20260127,300921,南凌科技,27.71,28.18,29.32,27.41,33597500.0
20260127,300922,天秦装备,23.6,23.86,23.95,23.18,4275300.0
20260127,300923,研奥股份,27.74,27.7,27.96,26.8,1725000.0
20260127,300925,法本信息,22.25,22.31,22.6,21.8,12593800.0
20260127,300926,博俊科技,31.74,31.63,31.87,30.83,5539600.0
20260127,300927,江天化学,34.17,31.91,34.21,31.16,18904900.0
20260127,300928,华安鑫创,32.94,32.72,33.27,31.94,1465900.0
20260127,300929,华骐环保,11.91,11.94,12.03,11.56,3601100.0
20260127,300930,屹通新材,32.6,32.12,32.76,31.3,2183100.0
20260127,300931,通用电梯,10.75,11.35,11.38,10.62,10070800.0
20260127,300932,三友联众,13.7,13.55,13.82,13.1,13534800.0
20260127,300933,中辰股份,9.17,9.93,10.1,9.17,68207200.0
20260127,300935,盈建科,40.62,38.5,40.62,37.88,2928200.0
20260127,300936,中英科技,42.65,42.93,43.1,40.77,3058000.0
20260127,300937,药易购,37.83,36.8,37.83,35.85,6679800.0
20260127,300938,信测标准,29.9,33.4,34.2,29.25,28709100.0
20260127,300939,秋田微,37.59,37.7,37.94,36.01,4241200.0
20260127,300940,南极光,29.25,28.88,29.3,28.35,6100500.0
20260127,300941,创识科技,23.2,23.24,23.4,22.6,5308300.0
20260127,300942,易瑞生物,10.75,10.72,10.78,10.11,20222800.0
20260127,300943,春晖智控,28.71,29.55,29.92,26.93,24108400.0
20260127,300945,曼卡龙,19.25,20.59,21.92,19.0,52208200.0
20260127,300946,恒而达,51.1,51.13,51.38,49.18,2567300.0
20260127,300947,德必集团,19.25,19.02,19.52,18.7,5646700.0
20260127,300948,冠中生态,26.06,25.08,26.8,23.39,13294900.0
20260127,300949,奥雅股份,44.95,44.45,45.05,42.78,1260700.0
20260127,300950,德固特,25.24,25.03,25.51,24.2,5444500.0
20260127,300951,博硕科技,36.84,37.34,37.6,35.8,2372900.0
20260127,300952,恒辉安防,47.43,50.76,51.12,47.43,10490900.0
20260127,300953,震裕科技,169.0,173.3,176.0,166.68,5073800.0
20260127,300955,嘉亨家化,38.8,41.47,42.49,38.5,7393500.0
20260127,300956,英力股份,17.98,17.95,18.06,17.34,5879100.0
20260127,300957,贝泰妮,43.07,42.67,43.15,41.75,5300400.0
20260127,300958,建工修复,13.89,13.63,13.89,13.28,3665800.0
20260127,300959,线上线下,94.15,93.3,94.99,90.15,3579000.0
20260127,300960,通业科技,26.05,25.63,26.05,24.81,1788200.0
20260127,300961,深水海纳,14.7,14.56,14.73,14.07,4641300.0
20260127,300962,中金辐照,17.64,17.54,17.7,17.16,4226400.0
20260127,300963,中洲特材,21.17,20.89,21.23,20.38,14401200.0
20260127,300964,本川智能,61.6,61.78,62.3,59.35,3661500.0
20260127,300965,恒宇信通,62.51,63.79,64.5,62.51,978000.0
20260127,300966,共同药业,22.1,21.7,22.38,20.95,3488800.0
20260127,300967,晓鸣股份,20.45,19.59,20.45,19.11,12520900.0
20260127,300968,格林精密,14.8,14.74,14.85,14.32,8191300.0
20260127,300969,恒帅股份,139.22,138.1,140.0,132.51,2041500.0
20260127,300970,华绿生物,22.4,22.42,22.5,21.9,4609300.0
20260127,300971,博亚精工,26.71,26.8,27.13,25.95,10421600.0
20260127,300972,万辰集团,226.0,228.12,230.5,219.01,3122100.0
20260127,300973,立高食品,47.0,45.54,47.17,45.02,2733900.0
20260127,300975,商络电子,13.86,14.05,14.08,13.41,25648500.0
20260127,300976,达瑞电子,65.35,66.0,66.18,62.68,3318100.0
20260127,300977,深圳瑞捷,24.85,25.24,25.97,24.02,6653900.0
20260127,300978,东箭科技,12.62,12.61,12.67,12.25,8634900.0
20260127,300979,华利集团,49.17,48.34,49.17,48.23,3426200.0
20260127,300980,祥源新材,36.51,37.58,37.99,35.57,6653000.0
20260127,300981,中红医疗,13.73,13.54,13.73,13.17,5749300.0
20260127,300982,苏文电能,21.68,21.78,21.95,20.84,5846500.0
20260127,300983,尤安设计,26.17,26.3,26.6,25.87,884600.0
20260127,300984,金沃股份,76.39,78.0,78.8,75.12,3043700.0
20260127,300985,致远新能,20.59,21.2,21.85,20.34,6808100.0
20260127,300986,志特新材,42.2,43.27,43.27,40.04,46135600.0
20260127,300987,川网传媒,20.61,20.68,20.97,20.12,8839500.0
20260127,300988,津荣天宇,26.4,26.21,26.51,25.25,4919600.0
20260127,300989,蕾奥规划,16.07,15.99,16.15,15.75,2572600.0
20260127,300990,同飞股份,86.12,86.3,86.86,81.81,3613100.0
20260127,300991,创益通,40.01,39.79,40.19,38.33,2051200.0
20260127,300992,泰福泵业,32.61,33.04,33.27,31.3,3674100.0
20260127,300993,玉马科技,15.29,14.96,15.34,14.7,6244500.0
20260127,300994,久祺股份,16.95,16.97,17.09,16.5,2561700.0
20260127,300995,奇德新材,39.74,39.8,40.19,38.1,2193500.0
20260127,300996,普联软件,18.05,17.75,18.19,17.42,11236000.0
20260127,300997,欢乐家,23.87,23.85,24.13,23.42,7169300.0
20260127,300998,宁波方正,23.82,24.01,24.19,23.2,2460200.0
20260127,300999,金龙鱼,30.11,29.6,30.11,29.57,12862300.0
20260127,301000,肇民科技,40.0,41.15,42.78,38.3,13925800.0
20260127,301001,凯淳股份,33.92,37.13,40.0,33.92,16332900.0
20260127,301002,崧盛股份,41.68,41.03,42.57,39.84,7839800.0
20260127,301003,江苏博云,47.83,49.5,49.8,47.17,2517500.0
20260127,301004,嘉益股份,49.81,49.19,49.95,48.08,912500.0
20260127,301005,超捷股份,188.01,196.7,202.0,188.01,13732600.0
20260127,301006,迈拓股份,18.22,18.24,18.37,17.69,2144900.0
20260127,301007,德迈仕,38.68,38.72,38.98,37.21,4047800.0
20260127,301008,宏昌科技,36.34,36.7,37.68,34.98,5031800.0
20260127,301009,可靠股份,13.58,13.55,13.62,13.17,3432500.0
20260127,301010,晶雪节能,23.34,23.3,23.62,22.41,3448200.0
20260127,301011,华立科技,27.5,26.9,27.59,26.25,2886800.0
20260127,301012,扬电科技,29.16,29.04,29.47,28.25,7740900.0
20260127,301013,利和兴,24.55,25.77,25.98,24.41,14123100.0
20260127,301015,百洋医药,24.4,24.0,24.41,23.56,4996700.0
20260127,301016,雷尔伟,25.27,25.82,26.23,24.9,4967400.0
20260127,301017,漱玉平民,18.23,17.63,18.57,17.5,22619000.0
20260127,301018,申菱环境,66.31,65.48,67.98,61.58,11963800.0
20260127,301019,宁波色母,24.59,24.32,24.73,23.61,2391300.0
20260127,301020,密封科技,23.5,23.46,23.56,22.71,1872600.0
20260127,301021,英诺激光,58.76,60.23,61.58,57.7,9447700.0
20260127,301022,海泰科,37.0,36.37,37.26,35.15,4650800.0
20260127,301023,奕帆传动,49.96,50.54,51.51,48.8,6950200.0
20260127,301024,霍普股份,40.25,39.3,40.25,38.4,1718500.0
20260127,301025,读客文化,10.49,10.53,10.74,10.21,5958600.0
20260127,301026,浩通科技,33.74,33.96,34.76,33.2,16530700.0
20260127,301027,华蓝集团,18.7,18.0,18.83,17.91,9524400.0
20260127,301028,鼎熔岩,15.78,15.84,15.86,15.23,7025000.0
20260127,301029,怡合达,28.7,28.74,28.93,27.71,12484100.0
20260127,301031,中熔电气,145.08,147.75,147.85,140.83,5890200.0
20260127,301032,新柴股份,13.81,13.72,14.07,13.55,14219400.0
20260127,301033,迈普医学,71.9,70.78,71.9,69.2,1025200.0
20260127,301035,润丰股份,78.43,79.75,81.07,77.61,2525400.0
20260127,301036,双乐股份,33.08,33.15,33.22,32.35,1440900.0
20260127,301037,保立佳,16.05,15.9,16.14,15.44,3176100.0
20260127,301038,深水规院,23.78,23.66,23.88,23.02,3649100.0
20260127,301039,中集车辆,10.0,9.8,10.1,9.66,23474200.0
20260127,301040,中环海陆,32.7,34.28,34.68,32.32,8618900.0
20260127,301041,金百泽,28.84,29.03,29.03,27.58,4070900.0
20260127,301042,安联锐视,83.24,84.99,85.25,81.66,1398300.0
20260127,301043,绿岛风,69.59,69.09,70.82,66.4,1550900.0
20260127,301045,天禄科技,37.32,38.82,39.5,36.2,6236800.0
20260127,301046,能辉科技,26.13,26.38,26.5,24.88,4563700.0
20260127,301047,义翘神州,77.98,77.32,78.25,75.0,2060800.0
20260127,301048,金鹰重工,12.04,12.06,12.08,11.66,5420400.0
20260127,301049,超越科技,24.35,23.97,24.35,23.0,2827100.0
20260127,301050,雷电微力,55.9,59.4,59.52,55.7,25203000.0
20260127,301051,信濠光电,21.39,21.35,21.6,20.72,3472300.0
20260127,301052,果麦文化,40.7,40.06,41.19,39.27,5943500.0
20260127,301053,远信工业,35.5,36.21,36.58,35.15,1652700.0
20260127,301055,张小泉,23.18,22.34,23.19,22.1,3923900.0
20260127,301056,森赫股份,15.16,17.46,17.57,14.98,12132000.0
20260127,301057,汇隆新材,37.79,37.39,38.26,36.72,2507300.0
20260127,301058,中粮科工,11.62,11.57,11.66,11.37,9534100.0
20260127,301059,金三江,13.86,13.74,13.89,13.42,5378100.0
20260127,301060,兰卫医学,12.0,11.77,12.0,11.32,22858000.0
20260127,301061,匠心家居,88.13,88.14,88.73,87.34,695800.0
20260127,301062,上海艾录,9.65,9.63,9.87,9.45,11743300.0
20260127,301063,海锅股份,26.72,26.46,26.8,25.73,2843700.0
20260127,301065,本立科技,23.63,23.58,23.69,22.85,2107400.0
20260127,301066,万事利,21.67,21.1,22.2,20.52,11990000.0
20260127,301067,显盈科技,35.5,36.51,37.38,34.63,5746100.0
20260127,301068,大地海洋,27.36,26.67,27.36,26.3,950400.0
20260127,301069,凯盛新材,26.14,25.65,26.22,25.1,18571900.0
20260127,301070,开勒股份,58.36,58.85,59.53,56.6,1769500.0
20260127,301071,力量钻石,39.9,42.79,43.8,39.8,28560400.0
20260127,301072,中捷精工,24.18,23.8,24.3,23.18,2642600.0
20260127,301073,君亭酒店,31.0,30.27,31.8,29.71,5264700.0
20260127,301075,多瑞医药,68.23,67.97,68.5,65.61,1394500.0
20260127,301076,新瀚新材,45.81,46.0,46.2,43.94,7186200.0
20260127,301077,星华新材,32.8,32.66,32.99,32.01,3475000.0
20260127,301078,孩子王,10.82,10.67,10.9,10.47,45434500.0
20260127,301079,邵阳液压,42.87,43.8,44.63,42.4,10953800.0
20260127,301080,百普赛斯,61.95,65.06,65.1,60.08,6979400.0
20260127,301081,严牌股份,11.73,11.6,11.85,11.28,5471100.0
20260127,301082,久盛电气,19.51,19.39,19.51,18.58,8706900.0
20260127,301083,百胜智能,20.25,19.93,20.45,19.45,3147100.0
20260127,301085,亚康股份,57.26,59.37,59.97,57.18,4783100.0
20260127,301086,鸿富瀚,126.5,129.0,130.5,119.88,3398700.0
20260127,301087,可孚医疗,55.55,54.88,56.55,53.62,2928900.0
20260127,301088,戎美股份,16.7,16.47,16.8,16.33,2979300.0
20260127,301089,拓新药业,31.77,34.37,36.34,29.75,18055800.0
20260127,301090,华润材料,7.8,7.71,7.82,7.6,8612200.0
20260127,301091,深城交,26.21,26.2,26.35,25.57,6625300.0
20260127,301092,争光股份,39.55,38.45,39.8,37.73,3077500.0
20260127,301093,华兰股份,79.99,79.29,82.36,75.67,10365200.0
20260127,301095,广立微,77.92,82.18,82.56,76.14,10192800.0
20260127,301096,百诚医药,56.12,54.96,56.2,53.76,2857100.0
20260127,301097,天益医疗,59.5,58.77,59.67,56.8,1367200.0
20260127,301098,金埔园林,9.6,9.57,9.62,9.28,5889200.0
20260127,301099,雅创电子,51.61,52.94,53.8,51.01,10110200.0
20260127,301100,风光股份,22.28,22.32,22.4,21.67,1511000.0
20260127,301101,明月镜片,43.43,43.02,43.45,41.8,3247400.0
20260127,301102,兆讯传媒,12.52,12.39,12.75,12.18,9131100.0
20260127,301103,何氏眼科,21.45,21.55,21.69,20.81,2323100.0
20260127,301105,鸿铭股份,52.05,53.95,55.5,51.52,1357100.0
20260127,301106,骏成科技,33.02,32.62,33.02,31.66,1593700.0
20260127,301107,瑜欣电子,31.0,30.84,31.04,29.76,2316900.0
20260127,301108,洁雅股份,36.05,35.0,36.22,34.31,2066700.0
20260127,301109,军信股份,15.78,15.59,15.88,15.51,6238500.0
20260127,301110,青木科技,81.62,81.32,84.0,77.18,8652300.0
20260127,301111,粤万年青,22.86,22.33,23.18,21.37,16388800.0
20260127,301112,信邦智能,40.38,40.05,40.38,38.23,2774400.0
20260127,301113,雅艺科技,26.65,26.6,27.1,25.82,2180500.0
20260127,301115,联检科技,19.06,19.41,19.48,18.54,6649500.0
20260127,301116,益客食品,11.78,11.4,11.78,11.23,7557300.0
20260127,301118,恒光股份,27.53,27.06,27.58,26.39,4211200.0
20260127,301119,正强股份,53.1,53.76,54.33,52.39,1412000.0
20260127,301120,新特电气,20.3,20.18,20.55,19.59,16991300.0
20260127,301121,紫建电子,40.55,40.42,40.77,38.6,2894400.0
20260127,301122,采纳股份,30.18,29.65,30.18,28.82,1856500.0
20260127,301123,奕东电子,63.5,64.41,64.75,61.01,8720400.0
20260127,301125,腾亚精工,20.18,21.48,21.57,19.86,7325100.0
20260127,301126,达嘉维康,12.76,12.67,12.76,11.94,26572400.0
20260127,301127,武汉天源,17.97,18.35,18.68,17.9,18364900.0
20260127,301128,强瑞技术,108.05,112.72,114.33,105.53,6092500.0
20260127,301129,瑞纳智能,26.39,26.61,26.75,25.5,1659700.0
20260127,301130,西点药业,31.87,31.62,31.87,30.6,1538800.0
20260127,301131,聚赛龙,48.68,48.4,48.84,46.8,1888400.0
20260127,301132,满坤科技,36.99,37.81,38.18,35.64,5428300.0
20260127,301133,金钟股份,42.0,44.1,45.95,40.58,8520500.0
20260127,301135,瑞德智能,30.41,30.82,30.84,29.08,3438400.0
20260127,301136,招标股份,17.9,18.19,18.46,17.7,10683400.0
20260127,301137,哈焊华通,53.39,52.94,53.7,51.36,7839600.0
20260127,301138,华研精机,41.92,41.25,42.07,39.66,4494800.0
20260127,301141,中科磁业,61.0,60.46,62.4,59.0,4539900.0
20260127,301148,嘉戎技术,53.99,54.72,55.8,52.01,4290100.0
20260127,301149,隆华新材,12.96,12.81,13.0,12.49,29825600.0
20260127,301150,中一科技,44.5,45.68,46.14,44.03,9755000.0
20260127,301151,冠龙节能,19.92,20.04,20.09,19.34,2318700.0
20260127,301152,天力锂能,32.78,31.88,32.88,30.63,7115900.0
20260127,301153,中科江南,24.0,23.95,24.3,23.3,7181400.0
20260127,301155,海力风电,86.86,92.13,93.97,86.7,6945400.0
20260127,301156,美农生物,19.53,19.46,19.64,19.04,3424000.0
20260127,301157,华塑科技,56.19,55.55,56.28,53.84,1346200.0
20260127,301158,德石股份,24.27,24.34,24.73,23.88,8943600.0
20260127,301159,三维天地,46.29,46.71,47.7,45.56,4131300.0
20260127,301160,翔楼新材,68.1,68.2,68.38,64.91,3426400.0
20260127,301161,唯万密封,37.68,38.37,38.49,36.51,3077800.0
20260127,301162,国能日新,64.65,67.59,68.68,64.38,3234000.0
20260127,301163,宏德股份,30.69,30.82,31.41,29.85,2738900.0
20260127,301165,锐捷网络,84.18,85.24,85.7,80.39,12340300.0
20260127,301166,优宁维,33.36,33.3,33.42,32.1,1684800.0
20260127,301167,建研设计,17.9,18.03,18.13,17.52,3646800.0
20260127,301168,通灵股份,43.94,44.99,45.24,42.35,3221000.0
20260127,301169,零点有数,62.0,61.72,62.3,60.0,1626500.0
20260127,301170,锡南科技,30.71,30.5,30.72,29.52,1542000.0
20260127,301171,易点天下,63.6,65.86,67.2,62.47,74025100.0
20260127,301172,君逸数码,26.23,26.07,26.48,25.46,7653400.0
20260127,301173,毓恬冠佳,48.75,48.88,49.16,47.55,734400.0
20260127,301175,中科环保,6.35,6.35,6.42,6.22,32440300.0
20260127,301176,逸豪新材,26.23,26.3,26.43,25.14,4100700.0
20260127,301177,迪阿股份,32.45,32.3,33.77,31.49,4760400.0
20260127,301178,天亿马,52.88,52.38,53.4,50.8,1990200.0
20260127,301179,泽宇智能,17.78,17.5,17.78,17.11,4116800.0
20260127,301180,万祥科技,17.97,17.99,18.05,17.3,3878500.0
20260127,301181,标榜股份,43.99,43.5,44.19,41.9,1835700.0
20260127,301182,凯旺科技,38.78,38.46,39.19,37.42,1853400.0
20260127,301183,东田微,146.16,151.82,153.29,145.67,5733800.0
20260127,301185,鸥玛软件,20.53,20.53,20.72,19.99,4072000.0
20260127,301186,超达装备,52.5,52.26,53.19,51.62,1310500.0
20260127,301187,欧圣电气,25.9,25.26,26.1,25.0,3791800.0
20260127,301188,力诺药包,18.8,19.0,19.08,18.61,5252600.0
20260127,301189,奥尼电子,43.08,42.71,43.42,41.94,2848900.0
20260127,301190,善水科技,24.0,23.88,24.1,23.28,2851100.0
20260127,301191,菲菱科思,114.11,112.5,114.11,107.2,3316600.0
20260127,301192,泰祥股份,30.96,31.5,31.9,29.77,2166100.0
20260127,301193,家联科技,23.38,22.85,23.46,22.27,3939400.0
20260127,301195,北路智控,36.0,36.4,36.5,35.21,1770100.0
20260127,301196,唯科科技,74.82,77.2,77.46,73.88,3144300.0
20260127,301197,工大科雅,21.39,21.31,21.61,20.86,2501900.0
20260127,301198,喜悦智行,14.64,14.69,14.8,14.08,4119800.0
20260127,301199,迈赫股份,25.24,25.2,25.5,24.35,3670600.0
20260127,301200,大族数控,167.0,176.15,182.06,165.0,6804300.0
20260127,301201,诚达药业,40.6,41.58,42.71,40.45,5433800.0
20260127,301202,朗威股份,42.5,42.87,43.12,40.72,1863700.0
20260127,301203,国泰环保,36.36,35.88,36.36,34.9,736000.0
20260127,301205,联特科技,200.11,209.5,216.98,192.2,13049700.0
20260127,301206,三元生物,28.15,27.7,28.21,27.31,2232500.0
20260127,301207,华兰疫苗,24.82,26.05,27.88,23.91,56389700.0
20260127,301208,中亦科技,39.91,40.19,40.29,38.5,2441600.0
20260127,301209,联合化学,115.45,113.5,115.88,109.35,2576600.0
20260127,301210,金杨精密,38.3,38.13,38.45,36.51,2379000.0
20260127,301211,亨迪药业,14.0,13.95,14.42,13.24,27756400.0
20260127,301212,联盛化学,31.68,31.15,31.68,30.23,1947500.0
20260127,301213,观想科技,76.49,77.24,77.85,74.5,2407400.0
20260127,301215,中汽股份,7.13,7.18,7.21,6.99,14023200.0
20260127,301216,万凯新材,23.86,23.99,23.99,23.3,9537500.0
20260127,301217,铜冠铜箔,33.2,33.18,33.36,31.6,19494500.0
20260127,301218,华是科技,32.73,32.28,33.94,32.06,12892100.0
20260127,301219,腾远钴业,76.67,75.65,77.53,74.24,8507500.0
20260127,301220,亚香股份,37.89,37.35,38.08,36.45,2722900.0
20260127,301221,光庭信息,58.8,60.35,60.4,57.66,2603400.0
20260127,301222,浙江恒威,30.86,30.67,30.93,29.52,1256400.0
20260127,301223,中荣股份,19.92,19.78,20.05,19.47,2092200.0
20260127,301225,恒勃股份,161.57,162.4,163.57,156.0,1669100.0
20260127,301226,祥明智能,31.97,31.94,32.28,30.5,3110300.0
20260127,301227,森鹰窗业,35.75,35.19,36.19,33.94,2429100.0
20260127,301228,实朴检测,41.75,43.21,43.43,41.09,4602800.0
20260127,301229,纽泰格,21.72,21.82,21.9,21.0,4274700.0
20260127,301230,泓博医药,51.8,48.9,53.4,46.46,14079100.0
20260127,301231,荣信文化,41.67,40.16,42.12,39.58,6927800.0
20260127,301232,飞沃科技,223.96,237.0,246.33,220.0,8477800.0
20260127,301233,盛帮股份,56.26,56.85,56.96,54.73,1070100.0
20260127,301234,五洲医疗,40.84,40.98,41.15,40.19,814200.0
20260127,301235,华康洁净,49.4,50.8,51.88,46.8,13430100.0
20260127,301236,软通动力,52.19,51.4,52.98,50.55,22014200.0
20260127,301237,和顺科技,66.56,67.68,68.05,65.11,1223400.0
20260127,301238,瑞泰新材,22.02,21.7,22.1,20.66,16407300.0
20260127,301239,普瑞眼科,35.29,35.18,35.46,34.27,1646900.0
20260127,301246,宏源药业,22.4,22.0,22.64,21.4,10582800.0
20260127,301248,杰创智能,50.4,50.49,53.35,49.38,12092900.0
20260127,301251,威尔高,58.22,58.62,58.84,55.93,7103700.0
20260127,301252,同星科技,32.27,32.47,32.52,31.05,3989700.0
20260127,301255,通力科技,30.03,29.75,30.16,28.6,2106900.0
20260127,301256,华融化学,15.67,15.91,15.93,15.3,16802700.0
20260127,301257,普蕊斯,66.47,66.71,68.62,65.53,2036300.0
20260127,301258,富士莱,35.6,35.61,36.34,34.29,3369900.0
20260127,301259,艾布鲁,33.36,33.5,33.6,32.47,2189500.0
20260127,301260,格力博,17.19,17.16,17.29,16.6,4022100.0
20260127,301261,恒工精密,95.99,95.7,95.99,92.6,2859700.0
20260127,301262,海看股份,26.5,26.54,26.74,25.97,3596500.0
20260127,301263,泰恩康,33.31,34.45,34.69,33.28,11268100.0
20260127,301265,华新科技,14.71,14.69,14.79,14.3,10235800.0
20260127,301267,华厦眼科,19.31,19.03,19.35,18.69,6256700.0
20260127,301268,铭利达,20.85,20.59,20.98,19.66,6465100.0
20260127,301269,华大九天,110.79,111.18,112.69,109.0,6953100.0
20260127,301270,汉仪股份,39.9,40.13,40.38,38.66,5722000.0
20260127,301272,英华特,42.8,42.74,42.87,40.88,1014800.0
20260127,301273,瑞晨环保,29.44,29.57,29.88,28.62,926800.0
20260127,301275,汉朔科技,62.29,62.2,62.79,60.7,3248100.0
20260127,301276,嘉曼服饰,28.0,27.53,28.28,27.18,1857900.0
20260127,301277,新天地,13.03,12.86,13.08,12.61,3812100.0
20260127,301278,快可电子,37.39,38.25,38.5,36.2,5373900.0
20260127,301279,金道科技,33.86,33.9,34.33,32.48,2666800.0
20260127,301280,珠城科技,59.67,60.26,60.74,59.02,2129600.0
20260127,301281,科源制药,32.05,31.82,32.2,30.6,4286200.0
20260127,301282,金禄电子,29.75,30.02,30.05,28.1,6544700.0
20260127,301283,聚胶股份,53.23,54.24,54.39,51.22,3617600.0
20260127,301285,鸿日达,76.88,77.65,78.78,74.02,3038000.0
20260127,301286,侨源股份,60.2,60.24,61.98,59.36,4761100.0
20260127,301287,康力源,44.7,44.68,45.18,43.36,1044500.0
20260127,301288,清研环境,20.0,20.11,20.42,19.88,520500.0
20260127,301289,国缆检测,62.13,61.2,62.13,59.73,1178900.0
20260127,301290,东星医疗,28.99,28.61,28.99,27.94,1889700.0
20260127,301291,明阳电气,48.0,47.89,48.47,46.5,9427000.0
20260127,301292,海科新源,54.8,52.77,55.0,50.5,12011200.0
20260127,301293,三博脑科,76.48,77.42,77.77,74.27,13707300.0
20260127,301295,美硕科技,36.27,36.61,37.14,35.11,2524800.0
20260127,301296,新巨丰,9.05,8.95,9.06,8.79,3543700.0
20260127,301297,富乐德,38.65,40.66,41.22,38.27,15284100.0
20260127,301298,东利机械,16.91,16.94,17.08,16.41,2444000.0
20260127,301299,卓创资讯,61.09,60.53,61.49,58.88,2648500.0
20260127,301300,远翔新材,46.75,45.91,46.91,44.11,1492300.0
20260127,301301,川宁生物,11.58,11.3,11.7,11.16,25642100.0
20260127,301302,华如科技,25.17,24.71,25.22,23.95,6229800.0
20260127,301303,真兰仪表,17.22,16.79,17.5,16.35,21003100.0
20260127,301305,朗坤科技,26.87,27.0,27.14,26.35,5327700.0
20260127,301306,西测测试,110.58,112.21,114.3,108.8,6976500.0
20260127,301307,美利信,34.35,34.58,34.75,33.16,6094300.0
20260127,301308,江波龙,351.03,368.45,369.88,340.01,17550500.0
20260127,301309,万得凯,30.19,30.03,30.34,29.26,952600.0
20260127,301310,鑫宏业,40.37,40.95,41.09,39.18,1666800.0
20260127,301311,昆船智能,19.11,18.95,19.14,18.37,5491200.0
20260127,301312,智立方,71.33,75.75,76.99,70.2,11065400.0
20260127,301313,凡拓数创,31.01,36.21,37.2,30.81,22792500.0
20260127,301314,科瑞思,46.51,46.45,46.7,44.75,892500.0
20260127,301315,威士顿,60.2,61.18,61.22,58.04,3251900.0
20260127,301316,慧博云通,47.71,48.0,48.4,46.7,8864200.0
20260127,301317,鑫磊股份,38.98,39.9,40.5,37.55,4425400.0
20260127,301318,维海德,30.49,30.71,30.74,29.88,1523400.0
20260127,301319,唯特偶,50.99,51.47,52.1,50.01,2233300.0
20260127,301320,豪江智能,18.07,18.2,18.28,17.48,2959200.0
20260127,301321,翰博高新,22.1,22.84,23.59,22.05,12655600.0
20260127,301322,绿通科技,29.4,29.25,29.5,28.25,1914100.0
20260127,301323,新莱福,58.25,58.99,59.41,57.03,1910100.0
20260127,301325,曼恩斯特,54.96,54.53,55.57,51.88,4476300.0
20260127,301326,捷邦科技,106.09,117.79,125.0,106.09,4193000.0
20260127,301327,华宝新能,62.29,62.38,62.52,59.65,2402600.0
20260127,301328,维峰电子,54.1,55.05,55.42,53.6,2020100.0
20260127,301329,信音电子,25.72,25.46,25.73,24.24,7171700.0
20260127,301330,熵基科技,39.29,39.74,39.86,38.05,6338800.0
20260127,301331,恩威医药,30.85,29.3,30.85,28.81,3944600.0
20260127,301332,德尔玛,9.9,9.89,9.94,9.67,3348900.0
20260127,301333,诺思格,70.92,70.25,71.4,68.62,2135900.0
20260127,301335,天元宠物,30.31,30.37,30.55,29.36,2949000.0
20260127,301336,趣睡科技,55.88,57.3,57.9,54.85,1818900.0
20260127,301337,亚华电子,30.57,31.46,31.46,29.81,3406900.0
20260127,301338,凯格精机,120.36,132.78,136.88,117.82,7922600.0
20260127,301339,通行宝,15.04,15.01,15.16,14.73,5519700.0
20260127,301345,涛涛车业,212.8,213.13,214.8,207.59,1226100.0
20260127,301348,蓝箭电子,32.87,31.72,33.25,29.97,47507800.0
20260127,301349,信德新材,51.33,51.8,51.88,48.26,3680800.0
20260127,301353,普莱得,29.01,29.04,29.17,28.07,1267700.0
20260127,301355,南王科技,13.7,13.54,13.81,13.28,6420700.0
20260127,301356,天振股份,23.63,23.44,23.77,22.75,2952800.0
20260127,301357,北方长龙,132.86,138.04,138.77,132.86,2260400.0
20260127,301358,湖南裕能,65.01,64.0,65.65,60.76,31712400.0
20260127,301359,东南电子,20.99,20.86,21.09,20.2,2520800.0
20260127,301360,荣旗科技,85.87,85.59,87.35,82.0,2108400.0
20260127,301361,众智科技,37.38,37.71,37.79,36.25,3457400.0
20260127,301363,美好医疗,32.2,32.67,32.89,31.3,13805400.0
20260127,301365,矩阵股份,24.98,25.62,25.75,24.49,3977300.0
20260127,301366,一博科技,37.88,38.18,38.2,36.31,4287000.0
20260127,301367,瑞迈特,84.76,84.51,84.76,81.81,1287000.0
20260127,301368,丰立智能,67.12,67.16,67.48,63.92,5393600.0
20260127,301369,联动科技,127.6,125.84,128.37,123.97,1065500.0
20260127,301370,国科恒泰,12.12,12.01,12.17,11.68,8222900.0
20260127,301371,敷尔佳,24.8,24.5,24.87,24.12,2076200.0
20260127,301372,科净源,28.2,28.35,28.47,27.24,2093900.0
20260127,301373,凌玮科技,34.9,35.21,35.29,34.12,1584200.0
20260127,301376,致欧科技,19.56,19.55,19.76,19.2,2014400.0
20260127,301377,鼎泰高科,176.58,182.53,184.55,173.0,4949800.0
20260127,301378,通达海,42.55,40.97,43.58,40.54,7988100.0
20260127,301379,天山电子,29.5,30.1,30.32,28.53,9136600.0
20260127,301380,挖金客,38.89,38.73,39.55,38.0,3101100.0
20260127,301381,赛维时代,22.84,23.33,23.36,22.76,6043100.0
20260127,301382,蜂助手,42.5,42.54,43.2,41.5,17521100.0
20260127,301383,天键股份,34.66,34.68,34.78,33.7,1649000.0
20260127,301386,未来电器,26.35,26.5,26.51,25.38,2962600.0
20260127,301387,光大同创,58.38,58.76,59.17,56.78,2089400.0
20260127,301388,欣灵电气,33.98,33.85,34.37,32.83,2614200.0
20260127,301389,隆扬电子,50.51,50.62,50.8,48.24,5285700.0
20260127,301390,经纬股份,37.27,37.51,37.78,36.28,985200.0
20260127,301391,卡莱特,75.63,76.59,77.48,74.62,1420900.0
20260127,301392,汇成真空,143.48,147.69,149.0,139.53,2558200.0
20260127,301393,昊帆生物,59.33,57.54,59.5,56.21,3663800.0
20260127,301395,仁信新材,14.25,14.08,14.27,13.81,4359900.0
20260127,301396,宏景科技,83.21,98.1,98.1,81.58,30593800.0
20260127,301397,溯联股份,32.92,32.34,33.0,31.47,3028000.0
20260127,301398,星源卓镁,63.0,64.42,65.08,60.83,2186900.0
20260127,301399,英特科技,20.3,20.36,20.59,19.62,3398800.0
20260127,301408,华人健康,24.52,23.01,24.52,22.2,31527300.0
20260127,301413,安培龙,142.66,145.45,146.33,136.68,4829300.0
20260127,301418,协昌科技,39.73,39.71,39.88,38.39,1189900.0
20260127,301419,阿莱德,34.55,35.29,35.33,33.46,2824200.0
20260127,301421,波长光电,105.2,108.39,108.86,103.15,5048800.0
20260127,301428,世纪恒通,38.02,40.82,41.88,37.5,19519700.0
20260127,301429,森泰股份,20.78,20.68,20.85,20.03,1410300.0
20260127,301439,泓淋电力,16.86,16.69,16.96,16.35,10952400.0
20260127,301446,福事特,45.84,46.1,46.88,45.0,3213600.0
20260127,301448,开创电气,44.95,44.62,45.12,43.3,1704500.0
20260127,301449,天溯计量,82.08,81.21,82.39,80.02,1594000.0
20260127,301456,盘古智能,31.04,31.37,31.45,29.93,2375500.0
20260127,301458,钧崴电子,35.37,37.18,38.46,34.61,11395100.0
20260127,301459,丰茂股份,49.07,48.0,49.09,46.8,1976900.0
20260127,301468,博盈特焊,67.6,71.48,73.99,67.0,10076900.0
20260127,301469,恒达新材,32.2,32.26,33.08,31.02,2770500.0
20260127,301479,弘景光电,88.12,88.55,88.77,85.9,867200.0
20260127,301486,致尚科技,159.0,169.2,174.44,152.9,7730700.0
20260127,301487,盟固利,23.49,23.25,23.67,22.2,17228300.0
20260127,301488,豪恩汽电,152.95,150.75,153.94,147.51,1531300.0
20260127,301489,思泉新材,169.6,166.07,169.99,161.86,2939400.0
20260127,301491,汉桑科技,58.99,58.9,59.16,57.02,1238900.0
20260127,301498,乖宝宠物,69.95,68.45,69.95,67.47,3491600.0
20260127,301499,维科精密,33.28,32.33,33.28,31.21,5830900.0
20260127,301500,飞南资源,17.32,17.59,17.98,17.2,18321500.0
20260127,301501,恒鑫生活,45.59,44.48,45.59,43.6,2402400.0
20260127,301502,华阳智能,47.13,47.45,47.47,45.27,905100.0
20260127,301503,智迪科技,39.63,39.36,39.88,38.23,990200.0
20260127,301505,苏州规划,27.55,26.5,27.56,25.72,8017800.0
20260127,301507,民生健康,16.24,16.03,16.27,15.61,6482300.0
20260127,301508,中机认检,33.04,33.15,33.3,32.43,2032100.0
20260127,301509,金凯生科,37.76,37.87,38.1,36.66,3290900.0
20260127,301510,固高科技,38.89,39.89,40.3,36.8,18058900.0
20260127,301511,德福科技,30.6,30.5,30.77,29.5,15969000.0
20260127,301512,智信精密,51.11,50.17,51.4,49.32,1252700.0
20260127,301515,港通医疗,24.61,24.42,24.7,23.6,2502700.0
20260127,301516,中远通,16.7,16.75,16.83,16.2,2748100.0
20260127,301517,陕西华达,69.1,70.72,71.67,67.8,8386200.0
20260127,301518,长华化学,44.2,41.45,44.2,40.74,6448700.0
20260127,301519,舜禹股份,14.57,14.57,14.69,14.1,3204200.0
20260127,301520,万邦医药,45.15,45.15,45.39,43.23,1562300.0
20260127,301522,上大股份,40.37,41.53,42.0,40.0,12667800.0
20260127,301525,儒竞科技,95.51,99.86,100.5,93.8,4191300.0
20260127,301526,国际复材,7.95,7.87,7.99,7.48,133860100.0
20260127,301528,多浦乐,69.81,69.9,71.36,67.88,949400.0
20260127,301529,福赛科技,152.87,150.61,154.49,149.1,2875300.0
20260127,301533,威马农机,40.47,39.58,40.48,38.6,1679000.0
20260127,301535,浙江华远,26.8,27.49,27.82,26.5,8304200.0
20260127,301536,星宸科技,67.8,73.11,74.0,67.51,20239200.0
20260127,301538,骏鼎达,95.83,97.02,98.44,92.66,2562000.0
20260127,301539,宏鑫科技,22.17,21.8,22.26,21.0,5427500.0
20260127,301548,崇德科技,77.54,80.66,84.52,75.68,6427000.0
20260127,301550,斯菱智驱,187.0,186.04,191.0,181.64,5690500.0
20260127,301551,无线传媒,35.12,37.0,38.5,34.62,15441900.0
20260127,301552,科力装备,40.48,40.36,40.6,39.0,1232200.0
20260127,301555,惠柏新材,37.33,37.11,37.46,36.01,2363500.0
20260127,301556,托普云农,116.48,117.36,118.48,114.01,3031100.0
20260127,301557,常友科技,115.0,112.85,115.8,108.71,859200.0
20260127,301558,三态股份,8.95,9.02,9.18,8.85,17523200.0
20260127,301559,中集环科,18.03,18.24,18.34,17.79,4440400.0
20260127,301560,众捷汽车,38.05,38.09,38.3,36.56,2150300.0
20260127,301563,云汉芯城,181.21,181.98,183.09,174.5,1783100.0
20260127,301565,中仑新材,26.06,25.96,26.29,25.2,5950000.0
20260127,301566,达利凯普,21.96,22.53,22.62,21.35,14592300.0
20260127,301567,贝隆精密,53.72,53.08,53.74,51.5,3128000.0
20260127,301568,思泰克,52.12,52.28,52.52,49.42,4834500.0
20260127,301571,国科天成,56.59,58.93,59.5,56.19,3446500.0
20260127,301575,艾芬达,52.31,52.14,52.84,51.19,1202400.0
20260127,301577,美信科技,61.18,62.3,62.46,59.5,957700.0
20260127,301578,辰奕智能,36.08,36.26,36.45,34.93,1022700.0
20260127,301580,爱迪特,55.55,54.8,55.8,53.79,2067000.0
20260127,301581,黄山谷捷,48.58,48.99,49.16,47.09,1145900.0
20260127,301584,建发致新,31.69,30.88,31.69,30.43,5007100.0
20260127,301585,蓝宇股份,32.45,32.11,32.45,31.56,1886600.0
20260127,301586,佳力奇,51.4,51.65,51.96,49.71,1620100.0
20260127,301587,中瑞股份,24.65,24.93,25.0,23.7,4392600.0
20260127,301588,美新科技,20.99,21.64,21.98,20.88,5603000.0
20260127,301589,诺瓦星云,181.84,185.25,186.64,178.88,991900.0
20260127,301590,优优绿能,212.99,210.19,215.0,204.22,737500.0
20260127,301591,肯特股份,50.52,54.36,54.78,50.52,6194300.0
20260127,301592,六九一二,126.32,126.7,128.28,124.0,1019900.0
20260127,301595,太力科技,55.25,56.9,58.37,55.17,3110200.0
20260127,301596,瑞迪智驱,77.29,77.4,77.46,73.6,1138000.0
20260127,301598,博科测试,68.09,68.85,69.02,65.61,832800.0
20260127,301600,慧翰股份,125.74,128.86,129.5,123.02,1483700.0
20260127,301601,惠通科技,29.3,28.82,29.3,28.38,2415900.0
20260127,301602,超研股份,23.45,23.25,23.46,22.76,2475400.0
20260127,301603,乔锋智能,79.91,81.63,81.63,78.0,2983800.0
20260127,301606,绿联科技,63.17,70.0,72.0,62.66,7839700.0
20260127,301607,富特科技,49.72,50.65,50.68,48.5,5043400.0
20260127,301608,博实结,96.95,97.05,98.35,94.65,1235300.0
20260127,301609,山大电力,53.6,53.18,54.18,51.5,6857300.0
20260127,301611,珂玛科技,124.1,129.88,131.68,123.4,14337100.0
20260127,301613,新铝时代,53.28,55.0,55.54,51.66,3567700.0
20260127,301616,浙江华业,54.99,55.24,55.24,53.2,1513300.0
20260127,301617,博苑新材,83.76,82.63,83.76,79.38,1927100.0
20260127,301618,长联科技,52.62,52.82,53.15,51.7,861700.0
20260127,301622,英思特,68.26,68.3,68.78,66.25,2172600.0
20260127,301626,苏州天脉,181.6,194.98,201.0,179.23,3359100.0
20260127,301628,强达电路,96.8,100.01,100.68,94.3,3176000.0
20260127,301629,矽电股份,306.02,320.03,321.0,303.33,1796000.0
20260127,301630,同宇新材,184.0,182.8,184.25,177.77,440300.0
20260127,301631,壹连科技,106.41,105.78,107.5,101.8,2271500.0
20260127,301632,广东建科,25.42,25.91,26.26,25.3,6969900.0
20260127,301633,港迪技术,71.24,72.25,72.71,69.39,750200.0
20260127,301636,泽润新能,71.01,71.16,75.0,66.24,7540600.0
20260127,301638,南网数字,21.74,21.7,22.09,20.94,25341000.0
20260127,301656,联合动力,27.09,27.04,27.15,26.23,8503600.0
20260127,301658,首航新能,32.11,33.58,34.31,32.01,9575100.0
20260127,301662,宏工科技,182.35,175.3,182.35,167.3,1755400.0
20260127,301665,泰禾股份,32.8,32.89,33.1,31.8,5540000.0
20260127,301667,纳百川,79.5,75.68,79.5,74.01,4728300.0
20260127,301668,昊创瑞通,54.17,54.07,54.22,52.25,2270700.0
20260127,301678,新恒汇,78.0,78.0,79.49,75.2,6637900.0
20260127,301687,新广益,63.1,62.42,63.44,61.58,3708900.0
20260127,302132,中航成飞,79.9,80.45,81.2,78.52,15390700.0
20260127,600000,浦发银行,10.34,10.2,10.4,10.18,95430000.0
20260127,600004,白云机场,9.57,9.51,9.61,9.48,15593100.0
20260127,600006,东风股份,7.1,7.03,7.13,6.97,27985100.0
20260127,600007,中国国贸,19.92,20.01,20.11,19.88,2871200.0
20260127,600008,首创环保,3.1,3.07,3.1,3.04,85203500.0
20260127,600009,上海机场,31.04,30.94,31.14,30.85,18368700.0
20260127,600010,包钢股份,2.57,2.54,2.62,2.5,956197500.0
20260127,600011,华能国际,7.39,7.2,7.4,7.19,87073800.0
20260127,600012,皖通高速,14.1,14.1,14.27,14.03,4988400.0
20260127,600015,华夏银行,6.39,6.33,6.4,6.33,64603500.0
20260127,600016,民生银行,3.76,3.74,3.77,3.73,285133900.0
20260127,600017,日照港,3.13,3.11,3.13,3.07,44049700.0
20260127,600018,上港集团,5.02,5.01,5.05,4.98,90384600.0
20260127,600019,宝钢股份,7.31,7.16,7.35,7.15,127016300.0
20260127,600020,中原高速,4.37,4.34,4.37,4.3,15827900.0
20260127,600021,上海电力,23.66,23.2,23.69,22.73,107420800.0
20260127,600022,山东钢铁,1.65,1.63,1.66,1.61,162089200.0
20260127,600023,浙能电力,5.02,4.96,5.02,4.94,81074800.0
20260127,600025,华能水电,9.11,9.03,9.12,9.02,22797400.0
20260127,600026,中远海能,15.13,15.28,15.69,14.92,66833000.0
20260127,600027,华电国际,5.02,4.94,5.02,4.94,99075400.0
20260127,600028,中国石化,6.39,6.37,6.52,6.34,262942700.0
20260127,600029,南方航空,7.66,7.55,7.71,7.5,75493500.0
20260127,600030,中信证券,28.09,27.86,28.14,27.8,141523800.0
20260127,600031,三一重工,23.04,22.83,23.32,22.68,76637700.0
20260127,600032,浙江新能,8.08,8.01,8.08,7.86,11765600.0
20260127,600033,福建高速,3.78,3.76,3.79,3.71,38183100.0
20260127,600035,楚天高速,3.99,3.96,4.0,3.94,12493700.0
20260127,600036,招商银行,38.06,38.1,38.51,37.87,157240600.0
20260127,600037,歌华有线,8.08,8.03,8.18,8.0,30676100.0
20260127,600038,中直股份,37.8,38.55,38.63,37.25,13478400.0
20260127,600039,四川路桥,9.85,9.78,10.03,9.75,23531600.0
20260127,600048,保利发展,6.66,6.6,6.7,6.54,193873500.0
20260127,600050,中国联通,5.1,5.07,5.11,5.06,245851500.0
20260127,600051,宁波联合,7.95,7.9,7.96,7.72,6836700.0
20260127,600052,东望时代,4.82,4.76,4.85,4.64,17140700.0
20260127,600054,黄山旅游,11.87,11.75,12.11,11.68,11587600.0
20260127,600055,万东医疗,16.33,16.37,16.68,16.03,7911200.0
20260127,600056,中国医药,11.18,10.96,11.19,10.82,37347600.0
20260127,600057,厦门象屿,8.26,8.16,8.29,8.14,20052700.0
20260127,600058,五矿发展,14.79,14.93,15.84,14.44,57995600.0
20260127,600059,古越龙山,9.65,9.68,9.83,9.6,24576400.0
20260127,600060,海信视像,24.26,24.46,24.65,23.95,11497000.0
20260127,600061,国投资本,7.69,7.6,7.69,7.53,43182400.0
20260127,600062,华润双鹤,19.08,18.79,19.08,18.66,11770200.0
20260127,600063,皖维高新,7.25,7.2,7.47,7.15,60336100.0
20260127,600064,南京高科,8.97,8.88,8.99,8.84,20557200.0
20260127,600066,宇通客车,31.4,32.4,32.84,31.39,29209700.0
20260127,600067,冠城新材,4.5,4.54,4.56,4.32,50495900.0
20260127,600071,凤凰光学,21.99,22.59,22.61,21.71,10584000.0
20260127,600072,中船科技,11.72,11.63,11.78,11.33,34988900.0
20260127,600073,光明肉业,6.67,6.55,6.68,6.48,24628500.0
20260127,600075,新疆天业,5.95,6.0,6.07,5.84,36114100.0
20260127,600076,康欣新材,4.09,4.3,4.43,4.01,103042700.0
20260127,600078,澄星股份,13.09,13.51,13.88,12.91,104557100.0
20260127,600081,东风科技,12.03,12.12,12.15,11.87,3179700.0
20260127,600085,同仁堂,30.55,30.08,30.57,29.91,13413900.0
20260127,600088,中视传媒,17.55,17.81,17.86,17.32,7870000.0
20260127,600089,特变电工,28.55,28.3,28.55,27.32,440756700.0
20260127,600094,大名城,5.22,5.08,5.23,5.0,42002000.0
20260127,600095,湘财股份,11.53,11.49,11.56,11.26,32561100.0
20260127,600096,云天化,38.55,38.35,39.47,37.63,61703100.0
20260127,600097,开创国际,12.12,11.93,12.15,11.7,8324700.0
20260127,600098,广州发展,6.99,6.92,7.03,6.85,25485900.0
20260127,600099,林海股份,10.94,10.97,11.04,10.68,3030300.0
20260127,600100,同方股份,9.18,9.1,9.22,8.91,66489500.0
20260127,600101,明星电力,9.93,9.89,9.94,9.67,19380400.0
20260127,600103,青山纸业,3.85,3.83,3.88,3.74,82552300.0
20260127,600104,上汽集团,14.58,14.38,14.62,14.34,82714500.0
20260127,600105,永鼎股份,25.62,26.39,26.99,24.96,138162100.0
20260127,600106,重庆路桥,6.44,6.44,6.46,6.27,15978600.0
20260127,600108,亚盛集团,3.76,3.63,3.76,3.58,102187400.0
20260127,600109,国金证券,9.4,9.33,9.41,9.19,52020000.0
20260127,600110,诺德股份,7.01,6.79,7.03,6.56,76972400.0
20260127,600111,北方稀土,51.8,50.75,52.68,50.14,147167900.0
20260127,600113,浙江东日,58.77,58.5,59.76,57.56,3314200.0
20260127,600114,东睦股份,33.97,34.85,35.11,33.62,16675800.0
20260127,600115,中国东航,5.84,5.78,5.92,5.74,127780000.0
20260127,600116,三峡水利,6.77,6.78,6.82,6.67,19427000.0
20260127,600117,西宁特钢,3.01,2.94,3.03,2.92,29471300.0
20260127,600118,中国卫星,93.58,96.3,97.98,93.58,82860900.0
20260127,600120,浙江东方,6.73,6.67,6.76,6.52,83355800.0
20260127,600121,郑州煤电,4.35,4.25,4.41,4.2,45361900.0
20260127,600123,兰花科创,6.06,5.91,6.07,5.88,42079800.0
20260127,600125,铁龙物流,6.56,6.49,6.58,6.45,15486900.0
20260127,600126,杭钢股份,9.01,9.11,9.21,8.86,101192600.0
20260127,600127,金健米业,6.99,6.9,6.99,6.8,27869800.0
20260127,600128,苏豪弘业,11.66,11.7,11.87,11.33,7723700.0
20260127,600129,太极集团,18.79,18.03,18.8,17.96,15904000.0
20260127,600130,波导股份,4.36,4.41,4.42,4.3,15830600.0
20260127,600131,国网信通,18.73,18.98,19.07,18.45,17109900.0
20260127,600132,重庆啤酒,53.29,53.13,53.55,52.77,2408800.0
20260127,600133,东湖高新,10.7,10.69,11.23,10.58,62916200.0
20260127,600135,乐凯胶片,9.72,9.97,10.06,9.45,22833900.0
20260127,600137,浪莎股份,20.9,20.9,21.2,20.33,5201000.0
20260127,600138,中青旅,9.88,9.7,9.91,9.66,25689700.0
20260127,600141,兴发集团,43.0,42.77,43.66,41.56,24181400.0
20260127,600143,金发科技,20.41,20.18,20.63,19.57,98235000.0
20260127,600148,长春一东,21.18,21.14,21.6,20.73,2828400.0
20260127,600149,廊坊发展,5.44,5.36,5.49,5.28,12085700.0
20260127,600150,中国船舶,35.33,34.9,35.35,34.77,68569500.0
20260127,600151,航天机电,15.15,15.24,15.55,14.85,113910700.0
20260127,600152,维科技术,7.93,7.91,8.15,7.66,26596900.0
20260127,600153,建发股份,9.33,9.3,9.37,9.07,29857200.0
20260127,600155,华创云信,6.86,6.82,6.86,6.69,32909600.0
20260127,600156,华升股份,8.11,8.18,8.23,8.02,5515600.0
20260127,600157,永泰能源,1.67,1.67,1.68,1.64,767047000.0
20260127,600158,中体产业,9.11,8.94,9.2,8.91,37462800.0
20260127,600159,大龙地产,2.91,2.86,2.92,2.81,18665600.0
20260127,600160,巨化股份,39.54,39.82,41.08,39.5,38087500.0
20260127,600161,天坛生物,17.42,17.08,17.42,16.92,20650900.0
20260127,600162,香江控股,1.9,1.86,1.9,1.84,40517200.0
20260127,600163,中闽能源,5.88,5.78,5.9,5.68,30923700.0
20260127,600165,宁科生物,3.81,3.8,3.84,3.76,5601700.0
20260127,600166,福田汽车,3.18,3.17,3.21,3.16,149225400.0
20260127,600167,联美控股,7.35,7.18,7.38,7.09,18881500.0
20260127,600168,武汉控股,5.3,5.23,5.3,5.17,11498700.0
20260127,600170,上海建工,2.93,2.89,2.93,2.82,377827900.0
20260127,600171,上海贝岭,32.69,33.84,33.99,32.0,32316200.0
20260127,600172,黄河旋风,6.57,7.16,7.16,6.53,280065800.0
20260127,600173,卧龙新能,8.7,8.41,8.7,8.04,55754900.0
20260127,600176,中国巨石,20.52,20.51,20.78,20.33,48772400.0
20260127,600177,雅戈尔,7.39,7.33,7.4,7.31,16225400.0
20260127,600178,东安动力,12.62,12.68,12.78,12.32,7070000.0
20260127,600179,安通控股,5.09,5.11,5.13,5.01,55107000.0
20260127,600182,S佳通,15.55,15.49,15.55,15.34,3199000.0
20260127,600183,生益科技,70.25,72.79,73.8,68.57,46012000.0
20260127,600184,光电股份,18.5,18.74,18.76,18.02,15230000.0
20260127,600185,珠免集团,7.17,7.05,7.23,6.94,46369400.0
20260127,600186,莲花控股,6.22,6.1,6.24,6.06,57105500.0
20260127,600188,兖矿能源,14.31,13.91,14.62,13.89,60461000.0
20260127,600189,泉阳泉,8.55,8.72,8.88,8.47,32616000.0
20260127,600191,华资实业,13.57,13.07,13.65,12.93,11540900.0
20260127,600192,长城电工,10.8,10.2,10.85,9.94,50519100.0
20260127,600195,中牧股份,8.83,8.55,8.93,8.41,43797000.0
20260127,600196,复星医药,28.38,27.68,28.45,27.39,30085900.0
20260127,600197,伊力特,13.54,13.4,13.56,13.38,3749700.0
20260127,600198,大唐电信,9.94,10.05,10.19,9.71,52002200.0
20260127,600199,金种子酒,9.38,9.24,9.39,9.22,8037200.0
20260127,600201,生物股份,18.26,18.5,18.96,17.9,61894900.0
20260127,600202,哈空调,6.11,6.05,6.17,5.93,8240000.0
20260127,600203,福日电子,12.79,12.71,12.79,12.39,19253500.0
20260127,600206,有研新材,23.11,23.24,23.56,22.7,35091400.0
20260127,600207,安彩高科,4.95,5.03,5.08,4.75,29812400.0
20260127,600208,衢州发展,3.98,3.91,3.99,3.85,93466100.0
20260127,600210,紫江企业,7.86,7.77,7.89,7.64,36113400.0
20260127,600211,西藏药业,44.6,43.62,44.66,43.09,4804200.0
20260127,600212,绿能慧充,8.09,8.07,8.13,7.8,31443800.0
20260127,600215,派斯林,7.42,7.53,7.68,7.26,20359200.0
20260127,600216,浙江医药,14.61,14.37,14.61,14.22,14226800.0
20260127,600217,中再资环,4.36,4.32,4.36,4.26,26257800.0
20260127,600218,全柴动力,11.16,11.15,11.28,10.84,14085600.0
20260127,600219,南山铝业,7.27,7.14,7.33,6.96,444254100.0
20260127,600221,海航控股,1.71,1.69,1.71,1.68,293480900.0
20260127,600222,太龙药业,7.11,6.99,7.13,6.82,36846600.0
20260127,600223,福瑞达,7.63,7.56,7.68,7.46,12251800.0
20260127,600226,亨通股份,6.0,6.05,6.13,5.68,122145700.0
20260127,600227,赤天化,2.64,2.6,2.66,2.57,46325000.0
20260127,600228,返利科技,5.76,5.6,5.78,5.57,6218700.0
20260127,600229,城市传媒,6.72,6.61,6.73,6.48,5796800.0
20260127,600230,沧州大化,18.4,18.89,20.0,18.0,39816100.0
20260127,600231,凌钢股份,2.34,2.33,2.48,2.3,50210300.0
20260127,600232,金鹰股份,8.7,8.65,8.76,8.3,13242600.0
20260127,600233,圆通速递,17.25,17.05,17.5,17.03,14557900.0
20260127,600234,科新发展,13.45,13.61,13.86,12.84,7610400.0
20260127,600235,民丰特纸,7.0,6.95,7.01,6.8,6921400.0
20260127,600236,桂冠电力,8.28,8.16,8.33,8.12,9227100.0
20260127,600237,铜峰电子,9.91,10.15,10.2,9.58,43828300.0
20260127,600241,时代万恒,8.57,8.39,8.59,8.2,7208700.0
20260127,600246,万通发展,13.16,13.52,14.09,12.74,110029200.0
20260127,600248,陕建股份,3.61,3.58,3.63,3.56,29360500.0
20260127,600249,两面针,6.02,5.98,6.05,5.86,11573100.0
20260127,600250,南京商旅,11.65,11.43,11.73,11.28,13508500.0
20260127,600251,冠农股份,11.02,10.76,11.11,10.65,19023200.0
20260127,600252,中恒集团,2.69,2.64,2.69,2.61,55433900.0
20260127,600255,鑫科材料,4.2,4.15,4.24,4.07,107311600.0
20260127,600256,广汇能源,5.55,5.43,5.57,5.39,201069700.0
20260127,600257,大湖股份,7.27,7.21,7.28,6.99,25685700.0
20260127,600258,首旅酒店,17.5,17.18,17.56,16.96,15134600.0
20260127,600259,中稀有色,82.0,80.25,83.4,78.37,19560700.0
20260127,600261,阳光照明,3.72,3.65,3.72,3.6,18291800.0
20260127,600262,北方股份,30.0,32.02,32.17,29.96,10022500.0
20260127,600266,城建发展,6.0,5.85,6.08,5.71,156347500.0
20260127,600267,海正药业,10.96,11.07,11.34,10.55,48739700.0
20260127,600268,国电南自,13.5,13.36,13.72,12.99,63380400.0
20260127,600269,赣粤高速,4.94,4.89,4.95,4.88,18346700.0
20260127,600271,航天信息,10.22,10.37,10.49,10.13,54764900.0
20260127,600272,开开实业,14.6,14.28,14.6,13.88,6250600.0
20260127,600273,嘉化能源,10.9,10.86,10.95,10.66,26549600.0
20260127,600276,恒瑞医药,58.39,57.2,58.49,57.14,63725500.0
20260127,600278,东方创业,9.04,8.81,9.05,8.69,14630000.0
20260127,600279,重庆港,5.57,5.54,5.6,5.46,16202100.0
20260127,600280,中央商场,3.77,3.77,3.79,3.67,33384100.0
20260127,600281,华阳新材,6.57,6.36,6.57,6.23,32827000.0
20260127,600282,南钢股份,5.77,5.78,5.81,5.7,51372300.0
20260127,600283,钱江水利,9.49,9.38,9.49,9.29,4594500.0
20260127,600284,浦东建设,8.13,8.0,8.15,7.89,19121400.0
20260127,600285,羚锐制药,21.6,21.42,21.64,21.18,7035000.0
20260127,600287,苏豪时尚,5.94,5.93,5.99,5.82,5807200.0
20260127,600288,大恒科技,16.15,16.17,16.32,15.95,9073000.0
20260127,600292,电投水电,13.56,13.52,13.62,13.28,13960100.0
20260127,600293,三峡新材,3.6,3.69,3.74,3.48,144793300.0
20260127,600295,鄂尔多斯,15.37,15.25,15.43,14.93,11849900.0
20260127,600298,安琪酵母,43.8,43.2,43.9,42.18,11832200.0
20260127,600299,安迪苏,9.54,9.46,9.62,9.41,9453200.0
20260127,600300,维维股份,3.71,3.64,3.71,3.6,47461300.0
20260127,600301,华锡有色,56.59,59.35,60.8,56.0,12508000.0
20260127,600303,曙光股份,3.3,3.23,3.32,3.17,25023600.0
20260127,600305,恒顺醋业,8.15,8.02,8.15,8.0,11924800.0
20260127,600307,酒钢宏兴,2.03,2.0,2.08,1.97,225104900.0
20260127,600308,华泰股份,4.11,4.07,4.13,4.03,23892600.0
20260127,600309,万华化学,84.95,84.7,87.48,83.53,44754600.0
20260127,600310,广西能源,3.95,3.89,3.95,3.86,16780400.0
20260127,600312,平高电气,22.26,22.12,22.59,21.56,43625300.0
20260127,600313,农发种业,7.05,6.86,7.06,6.78,49083000.0
20260127,600315,上海家化,22.31,21.57,22.37,21.35,11399200.0
20260127,600316,洪都航空,39.85,41.03,41.4,38.83,18790000.0
20260127,600318,新力金融,8.86,8.8,8.89,8.63,10362000.0
20260127,600319,亚星化学,8.13,8.0,8.19,7.91,4285200.0
20260127,600320,振华重工,5.29,5.24,5.32,5.17,49847300.0
20260127,600322,津投城开,2.34,2.31,2.35,2.27,20617700.0
20260127,600323,瀚蓝环境,29.07,28.62,29.32,28.56,5450700.0
20260127,600325,华发股份,4.08,3.99,4.09,3.97,51951500.0
20260127,600326,西藏天路,11.45,11.54,11.64,11.35,43220500.0
20260127,600327,大东方,5.06,5.02,5.07,4.96,26775300.0
20260127,600328,中盐化工,9.07,9.06,9.23,8.85,36215500.0
20260127,600329,达仁堂,44.78,44.15,44.79,43.33,5120900.0
20260127,600330,天通股份,12.97,13.08,13.19,12.51,72019800.0
20260127,600331,宏达股份,14.59,14.9,15.19,14.42,91033500.0
20260127,600332,白云山,25.56,25.36,25.56,25.17,14714200.0
20260127,600333,长春燃气,6.01,5.92,6.1,5.87,20996700.0
20260127,600335,国机汽车,6.91,6.8,6.94,6.74,24961800.0
20260127,600336,澳柯玛,8.1,7.82,8.12,7.67,31139800.0
20260127,600338,西藏珠峰,20.91,20.39,21.1,19.83,87947300.0
20260127,600339,中油工程,3.76,3.7,3.82,3.68,82248100.0
20260127,600343,航天动力,32.0,34.14,34.34,31.5,53004600.0
20260127,600345,长江通信,31.56,32.06,32.3,30.94,10424000.0
20260127,600346,恒力石化,26.0,25.75,26.91,25.64,36339500.0
20260127,600348,华阳股份,9.41,9.27,9.41,9.06,61812700.0
20260127,600350,山东高速,9.88,10.12,10.2,9.87,9813100.0
20260127,600351,亚宝药业,6.93,6.86,6.94,6.75,14216700.0
20260127,600352,浙江龙盛,13.01,13.41,13.47,12.95,74039300.0
20260127,600353,旭光电子,17.9,17.71,17.91,17.01,33825900.0
20260127,600354,敦煌种业,6.91,6.78,6.91,6.69,30409500.0
20260127,600356,恒丰纸业,9.23,9.2,9.26,9.03,4969300.0
20260127,600358,国旅联合,6.28,6.24,6.34,6.16,9556200.0
20260127,600359,新农开发,7.46,7.19,7.46,7.08,20188100.0
20260127,600360,华微电子,8.72,9.0,9.1,8.66,30689200.0
20260127,600361,创新新材,4.99,4.91,5.08,4.84,104111400.0
20260127,600362,江西铜业,60.88,60.8,63.07,59.8,79461700.0
20260127,600363,联创光电,67.57,67.8,68.29,65.87,10549200.0
20260127,600366,宁波韵升,14.7,14.6,14.92,14.34,40028800.0
20260127,600367,红星发展,20.79,20.28,20.94,19.8,31076900.0
20260127,600368,五洲交通,4.03,3.99,4.03,3.96,13556300.0
20260127,600369,西南证券,4.58,4.57,4.59,4.49,53707500.0
20260127,600371,万向德农,9.12,9.0,9.15,8.89,5862800.0
20260127,600372,中航机载,15.8,16.42,16.56,15.78,149545200.0
20260127,600373,中文传媒,9.39,9.31,9.44,9.25,17653300.0
20260127,600375,汉马科技,6.35,6.33,6.38,6.19,36761900.0
20260127,600376,首开股份,5.68,5.6,5.74,5.53,64516000.0
20260127,600377,宁沪高速,11.94,11.96,12.03,11.91,12993300.0
20260127,600378,昊华科技,38.16,38.82,39.28,38.07,8691400.0
20260127,600379,宝光股份,13.06,12.91,13.07,12.5,6324600.0
20260127,600380,健康元,12.16,11.96,12.2,11.8,21730200.0
20260127,600382,广东明珠,9.3,9.65,9.66,9.22,38843900.0
20260127,600383,金地集团,3.16,3.08,3.17,3.05,120740500.0
20260127,600386,北巴传媒,4.63,4.57,4.63,4.48,10979800.0
20260127,600388,紫金龙净,17.78,17.82,18.13,17.67,18338000.0
20260127,600389,江山股份,27.3,27.09,27.67,26.75,12369600.0
20260127,600390,五矿资本,5.95,5.86,5.95,5.77,68009000.0
20260127,600391,航发科技,48.0,53.12,53.12,47.7,35972300.0
20260127,600392,盛和资源,25.69,25.7,26.39,24.93,94508900.0
20260127,600395,盘江股份,4.87,4.75,4.89,4.73,21689500.0
20260127,600396,华电辽能,3.08,3.05,3.09,2.98,19679000.0
20260127,600397,江钨装备,10.88,11.05,11.46,10.68,64662500.0
20260127,600398,海澜之家,6.13,6.08,6.15,6.05,39677100.0
20260127,600399,抚顺特钢,6.76,6.98,7.11,6.54,132101700.0
20260127,600400,红豆股份,2.39,2.36,2.39,2.34,31386500.0
20260127,600403,大有能源,7.29,7.01,7.36,6.9,60888900.0
20260127,600405,动力源,5.57,5.56,5.61,5.41,13031700.0
20260127,600406,国电南瑞,25.73,25.38,25.8,25.22,111649500.0
20260127,600408,安泰集团,4.03,3.94,4.04,3.88,66581500.0
20260127,600409,三友化工,7.27,7.21,7.37,7.03,62308700.0
20260127,600410,华胜天成,19.99,21.23,21.78,19.9,223285400.0
20260127,600415,小商品城,16.75,16.76,16.91,16.46,60642900.0
20260127,600416,湘电股份,15.49,15.65,15.74,15.0,38964100.0
20260127,600418,江淮汽车,50.61,52.9,53.3,50.61,70331400.0
20260127,600419,天润乳业,10.3,9.94,10.3,9.84,9308000.0
20260127,600420,国药现代,10.7,10.6,10.8,10.44,15597300.0
20260127,600422,昆药集团,12.7,12.42,12.75,12.36,13340400.0
20260127,600425,青松建化,4.56,4.51,4.57,4.46,28545300.0
20260127,600426,华鲁恒升,38.02,36.7,38.45,35.7,44246700.0
20260127,600428,中远海特,7.76,7.66,7.88,7.62,41334300.0
20260127,600429,三元股份,5.33,5.23,5.37,5.2,17958800.0
20260127,600433,冠豪高新,3.46,3.47,3.62,3.41,43369800.0
20260127,600435,北方导航,17.06,17.45,17.48,16.87,49787600.0
20260127,600436,片仔癀,160.36,157.5,160.4,157.4,4027400.0
20260127,600438,通威股份,19.48,19.5,19.78,18.75,92994700.0
20260127,600444,国机通用,19.19,18.76,19.19,18.21,4567700.0
20260127,600446,金证股份,16.12,16.06,16.23,15.63,18960600.0
20260127,600448,华纺股份,3.34,3.29,3.34,3.22,23195700.0
20260127,600449,宁夏建材,13.4,13.2,13.4,13.05,7353300.0
20260127,600452,涪陵电力,11.6,11.89,11.9,11.36,58289100.0
20260127,600455,博通股份,28.54,28.45,28.85,27.4,1888900.0
20260127,600456,宝钛股份,40.33,40.8,42.2,40.06,23907300.0
20260127,600458,时代新材,14.83,15.02,15.14,14.49,18832100.0
20260127,600459,贵研铂业,24.0,24.18,24.88,23.46,74542900.0
20260127,600460,士兰微,30.4,32.02,32.1,30.4,99876800.0
20260127,600461,洪城环境,9.74,9.74,9.79,9.65,8197100.0
20260127,600463,空港股份,11.1,11.07,11.13,10.8,3850000.0
20260127,600467,好当家,2.66,2.62,2.66,2.58,49529500.0
20260127,600468,百利电气,7.44,7.33,7.45,7.13,39980900.0
20260127,600469,风神股份,7.14,7.15,7.19,7.04,12207300.0
20260127,600470,六国化工,6.49,6.68,6.77,6.41,32970700.0
20260127,600475,华光环能,19.44,21.48,21.48,19.19,30987800.0
20260127,600477,杭萧钢构,3.78,3.74,3.86,3.63,205691500.0
20260127,600478,科力远,7.55,7.29,7.65,7.09,88334400.0
20260127,600479,千金药业,10.7,10.59,10.7,10.41,9526000.0
20260127,600480,凌云股份,12.05,12.12,12.2,11.68,22296700.0
20260127,600481,双良节能,7.8,8.15,8.27,7.78,214372700.0
20260127,600482,中国动力,26.71,26.75,26.98,26.39,34126700.0
20260127,600483,福能股份,9.47,9.3,9.48,9.28,19693400.0
20260127,600486,扬农化工,76.78,75.89,77.98,74.87,4085000.0
20260127,600487,亨通光电,30.7,31.86,31.93,30.08,188414600.0
20260127,600488,津药药业,4.3,4.28,4.31,4.2,11392500.0
20260127,600489,中金黄金,32.3,34.28,35.03,32.29,181634300.0
20260127,600490,鹏欣资源,10.07,10.16,10.5,9.97,184552000.0
20260127,600493,凤竹纺织,7.65,7.66,7.7,7.41,8012200.0
20260127,600495,晋西车轴,5.0,4.95,5.02,4.89,21103200.0
20260127,600496,精工钢构,4.72,4.66,4.73,4.59,26401700.0
20260127,600497,驰宏锌锗,10.34,10.26,10.7,10.0,257145200.0
20260127,600498,烽火通信,39.92,39.88,41.56,38.9,97315300.0
20260127,600500,中化国际,4.4,4.42,4.52,4.35,47435100.0
20260127,600501,航天晨光,26.82,27.58,27.6,26.51,16630600.0
20260127,600502,安徽建工,4.78,4.73,4.79,4.69,20585800.0
20260127,600503,华丽家族,2.7,2.64,2.71,2.6,36911700.0
20260127,600505,西昌电力,13.75,13.72,13.8,13.42,8164800.0
20260127,600506,统一股份,24.7,25.0,25.24,24.25,8507800.0
20260127,600507,方大特钢,6.36,6.21,6.36,6.12,33647300.0
20260127,600508,上海能源,12.42,12.2,12.49,12.08,7990800.0
20260127,600509,天富能源,9.04,8.66,9.06,8.5,59179800.0
20260127,600510,黑牡丹,9.25,9.4,9.61,8.98,15671400.0
20260127,600511,国药股份,29.52,29.28,29.55,29.01,7211100.0
20260127,600512,腾达建设,2.56,2.5,2.57,2.47,41192400.0
20260127,600513,联环药业,20.2,19.51,20.54,19.2,19756000.0
20260127,600515,海南机场,4.51,4.51,4.54,4.42,131217400.0
20260127,600516,方大炭素,6.0,5.87,6.0,5.73,86371500.0
20260127,600517,国网英大,6.93,6.83,6.97,6.7,49025000.0
20260127,600518,康美药业,1.95,1.93,1.96,1.92,248554900.0
20260127,600519,贵州茅台,1344.98,1343.01,1353.7,1338.0,4841600.0
20260127,600520,三佳科技,27.65,28.06,28.2,27.01,6045100.0
20260127,600521,华海药业,17.06,16.49,17.07,16.03,51700100.0
20260127,600522,中天科技,20.9,21.14,21.38,20.45,161546000.0
20260127,600523,贵航股份,15.34,15.6,15.63,14.96,8514800.0
20260127,600525,长园集团,4.93,4.86,5.03,4.81,25452300.0
20260127,600526,菲达环保,5.69,5.66,5.71,5.56,12573700.0
20260127,600527,江南高纤,2.3,2.28,2.33,2.24,72094000.0
20260127,600528,中铁工业,8.56,8.4,8.57,8.34,19940100.0
20260127,600529,山东药玻,20.94,20.72,20.99,20.61,9334300.0
20260127,600531,豫光金铅,19.99,20.49,20.49,19.31,285546100.0
20260127,600533,栖霞建设,2.68,2.65,2.7,2.61,14918400.0
20260127,600535,天士力,15.38,15.26,15.38,15.12,10519000.0
20260127,600536,中国软件,48.02,47.81,48.43,47.1,18430300.0
20260127,600538,国发股份,7.21,7.19,7.27,6.97,17212700.0
20260127,600539,狮头股份,11.26,11.33,11.63,11.11,9050700.0
20260127,600540,新赛股份,4.88,4.85,4.93,4.73,14753700.0
20260127,600545,卓郎智能,2.62,2.56,2.63,2.52,29976100.0
20260127,600546,山煤国际,10.82,10.59,10.88,10.53,26103900.0
20260127,600547,山东黄金,53.5,54.25,57.75,53.1,101398400.0
20260127,600548,深高速,9.01,8.95,9.02,8.92,5458300.0
20260127,600549,厦门钨业,64.0,64.2,69.2,62.33,94487800.0
20260127,600550,保变电气,14.63,14.7,15.04,14.26,133507200.0
20260127,600551,时代出版,8.71,8.66,8.74,8.57,7952600.0
20260127,600552,凯盛科技,15.19,15.65,15.98,14.98,88776700.0
20260127,600556,天下秀,7.64,7.62,7.98,7.35,191158100.0
20260127,600557,康缘药业,15.34,14.91,15.34,14.7,12111400.0
20260127,600558,大西洋,6.5,6.41,6.55,6.29,30081500.0
20260127,600559,老白干酒,15.68,15.41,15.68,15.37,13590800.0
20260127,600560,金自天正,17.21,17.23,17.4,16.7,4069100.0
20260127,600561,江西长运,6.96,6.86,6.96,6.71,4671200.0
20260127,600562,国睿科技,30.03,30.72,30.93,29.3,16646200.0
20260127,600563,法拉电子,115.11,115.0,116.85,112.67,4935200.0
20260127,600566,济川药业,27.21,26.81,27.25,26.51,3751200.0
20260127,600567,山鹰国际,1.68,1.66,1.69,1.65,102126000.0
20260127,600569,安阳钢铁,2.54,2.52,2.57,2.48,40004400.0
20260127,600570,恒生电子,32.39,32.66,32.92,31.85,51664600.0
20260127,600571,信雅达,16.43,16.47,16.66,16.21,10408800.0
20260127,600572,康恩贝,4.68,4.61,4.68,4.55,48787800.0
20260127,600573,惠泉啤酒,12.03,11.88,12.03,11.7,6498400.0
20260127,600575,淮河能源,3.45,3.41,3.46,3.38,49380400.0
20260127,600576,祥源文旅,6.57,6.54,6.64,6.41,19050300.0
20260127,600577,精达股份,14.4,14.45,14.55,13.97,108146500.0
20260127,600578,京能电力,5.42,5.33,5.43,5.27,47449200.0
20260127,600579,中化装备,8.77,9.08,9.09,8.56,12330600.0
20260127,600580,卧龙电驱,45.02,44.97,45.22,43.44,56779300.0
20260127,600582,天地科技,6.02,5.98,6.04,5.93,40572700.0
20260127,600583,海油工程,6.55,6.45,6.61,6.4,75885600.0
20260127,600584,长电科技,47.18,48.2,48.66,46.15,129552100.0
20260127,600585,海螺水泥,23.9,23.69,24.01,23.6,33838800.0
20260127,600586,金晶科技,6.38,6.41,6.49,6.01,115119700.0
20260127,600587,新华医疗,16.61,16.34,16.62,16.11,13743800.0
20260127,600588,用友网络,15.53,15.61,15.8,15.21,95671900.0
20260127,600589,大位科技,10.54,10.69,10.96,10.02,427497800.0
20260127,600590,泰豪科技,11.02,11.65,11.9,10.56,114645800.0
20260127,600592,龙溪股份,24.06,24.68,24.69,23.8,13316300.0
20260127,600593,大连圣亚,47.18,46.01,47.98,45.7,6824100.0
20260127,600594,益佰制药,4.26,4.17,4.26,4.08,21539000.0
20260127,600595,中孚实业,9.72,9.55,9.8,9.3,87138700.0
20260127,600596,新安股份,13.29,13.29,13.41,12.97,35902200.0
20260127,600597,光明乳业,7.97,7.9,7.97,7.87,11618400.0
20260127,600598,北大荒,15.95,15.69,16.0,15.54,34875000.0
20260127,600600,青岛啤酒,61.9,61.18,61.95,61.18,5322600.0
20260127,600601,方正科技,12.15,11.87,12.24,11.53,172275000.0
20260127,600602,云赛智联,20.31,22.17,22.17,20.06,125122100.0
20260127,600603,广汇物流,6.75,6.76,6.84,6.57,16850900.0
20260127,600604,市北高新,5.51,5.52,5.53,5.41,11714800.0
20260127,600605,汇通能源,29.1,28.67,29.22,28.5,1927500.0
20260127,600606,绿地控股,1.66,1.63,1.67,1.62,98003600.0
20260127,600609,金杯汽车,4.9,4.82,4.93,4.79,21582200.0
20260127,600610,中毅达,11.69,11.53,11.96,11.29,61019100.0
20260127,600611,大众交通,5.84,5.74,5.85,5.67,31325400.0
20260127,600612,老凤祥,47.3,46.75,47.38,46.3,5292700.0
20260127,600613,神奇制药,6.52,6.42,6.52,6.25,12062100.0
20260127,600615,鑫源智造,12.74,12.53,12.74,12.22,4280600.0
20260127,600616,金枫酒业,5.65,5.63,5.66,5.51,8181500.0
20260127,600617,国新能源,3.33,3.2,3.33,3.16,40432500.0
20260127,600618,氯碱化工,15.07,14.72,15.31,14.2,33322300.0
20260127,600619,海立股份,20.02,20.03,20.28,19.45,24857100.0
20260127,600620,天宸股份,7.11,7.05,7.12,6.83,10603100.0
20260127,600621,华鑫股份,16.1,16.32,16.43,16.03,41163500.0
20260127,600622,光大嘉宝,2.86,2.85,2.88,2.81,26124400.0
20260127,600623,华谊集团,9.6,9.83,10.02,9.57,38994800.0
20260127,600626,申达股份,5.03,5.09,5.12,4.9,21002100.0
20260127,600628,新世界,8.13,7.95,8.19,7.87,15746600.0
20260127,600629,华建集团,20.78,20.55,20.94,20.1,27263300.0
20260127,600630,龙头股份,9.53,9.34,9.53,9.23,15262500.0
20260127,600633,浙数文化,15.75,15.47,16.15,15.12,57025000.0
20260127,600635,大众公用,6.75,6.6,6.75,6.5,93962500.0
20260127,600637,东方明珠,11.8,11.82,11.98,11.54,95938500.0
20260127,600638,新黄浦,7.22,7.49,7.59,7.19,23749500.0
20260127,600639,浦东金桥,10.66,10.52,10.66,10.44,6615700.0
20260127,600640,国脉文化,13.93,14.2,14.23,13.73,21206400.0
20260127,600641,先导基电,19.0,19.06,19.31,18.29,34013000.0
20260127,600642,申能股份,8.31,8.27,8.32,8.19,23105200.0
20260127,600643,爱建集团,5.09,5.08,5.13,4.95,19983800.0
20260127,600644,乐山电力,11.15,11.06,11.15,10.85,21132900.0
20260127,600645,中源协和,27.2,26.75,27.2,26.14,10630100.0
20260127,600648,外高桥,10.56,10.49,10.59,10.35,3360100.0
20260127,600649,城投控股,5.08,4.94,5.12,4.88,82095500.0
20260127,600650,锦江在线,16.38,15.86,16.38,15.56,11864300.0
20260127,600651,飞乐音响,8.35,8.46,8.74,8.25,47778100.0
20260127,600653,申华控股,1.95,1.93,1.96,1.9,28376800.0
20260127,600654,中安科,4.04,4.04,4.06,3.94,62362300.0
20260127,600655,豫园股份,5.38,5.29,5.41,5.25,27518800.0
20260127,600657,信达地产,3.41,3.33,3.41,3.3,20840200.0
20260127,600658,电子城,5.45,5.36,5.46,5.3,26013500.0
20260127,600660,福耀玻璃,61.16,62.35,63.43,60.69,40255900.0
20260127,600661,昂立教育,10.77,10.72,10.92,10.55,4572000.0
20260127,600662,外服控股,6.06,6.2,6.45,5.97,68913800.0
20260127,600663,陆家嘴,8.28,8.04,8.28,7.91,17151000.0
20260127,600664,哈药股份,3.61,3.55,3.62,3.52,44263900.0
20260127,600665,天地源,3.46,3.44,3.49,3.38,10687200.0
20260127,600666,奥瑞德,3.69,3.65,3.69,3.58,125579700.0
20260127,600667,太极实业,9.2,9.85,10.17,8.92,260647900.0
20260127,600668,尖峰集团,11.65,11.49,11.65,11.32,6724900.0
20260127,600671,天目药业,19.27,19.11,19.29,18.62,5088800.0
20260127,600673,东阳光,28.62,29.1,29.39,28.04,50398900.0
20260127,600674,川投能源,13.94,13.83,13.98,13.81,19869700.0
20260127,600675,中华企业,2.88,2.84,2.89,2.8,58183000.0
20260127,600676,久事动娱,8.17,8.04,8.38,7.98,35592000.0
20260127,600679,上海凤凰,13.22,13.14,13.27,12.91,4609000.0
20260127,600681,百川能源,4.3,4.18,4.31,4.12,35318400.0
20260127,600682,南京新百,7.46,7.27,7.49,7.17,36944400.0
20260127,600683,京投发展,4.52,4.5,4.56,4.42,8933900.0
20260127,600684,珠江股份,4.58,4.49,4.6,4.45,16943900.0
20260127,600685,中船防务,33.02,33.15,33.4,32.35,17772400.0
20260127,600686,金龙汽车,18.05,18.7,18.96,17.91,40811500.0
20260127,600688,上海石化,3.12,3.13,3.2,3.09,91238400.0
20260127,600689,上海三毛,14.1,14.33,14.66,14.02,6683900.0
20260127,600690,海尔智家,25.59,25.5,25.8,25.47,34939000.0
20260127,600691,潞化科技,3.23,3.16,3.25,3.11,29916000.0
20260127,600692,亚通股份,7.48,7.38,7.49,7.2,4963300.0
20260127,600693,东百集团,14.5,14.66,14.7,14.17,44170300.0
20260127,600694,大商股份,18.84,18.48,18.85,18.37,8360300.0
20260127,600697,欧亚集团,13.55,13.46,13.9,13.3,8931900.0
20260127,600698,湖南天雁,8.59,8.46,8.59,8.28,15169600.0
20260127,600699,均胜电子,30.1,30.04,30.29,29.55,37259200.0
20260127,600702,舍得酒业,54.2,52.81,54.2,52.69,6786800.0
20260127,600703,三安光电,16.07,16.85,16.98,15.62,256080900.0
20260127,600704,物产中大,5.96,5.92,5.98,5.84,67640500.0
20260127,600706,曲江文旅,11.04,10.86,11.11,10.68,10435300.0
20260127,600707,彩虹股份,6.84,6.97,7.04,6.78,60024800.0
20260127,600708,光明地产,3.97,4.2,4.22,3.96,68777900.0
20260127,600710,苏美达,11.23,11.27,11.43,11.17,13973400.0
20260127,600711,盛屯矿业,17.78,17.47,17.85,17.17,157182000.0
20260127,600712,南宁百货,6.65,6.58,6.65,6.5,10091300.0
20260127,600713,南京医药,5.68,5.53,5.69,5.46,25469000.0
20260127,600714,金瑞矿业,15.7,15.59,16.06,15.31,22642000.0
20260127,600715,文投控股,2.25,2.25,2.28,2.22,32161400.0
20260127,600716,凤凰股份,4.34,4.26,4.35,4.2,11690600.0
20260127,600717,天津港,4.75,4.75,4.78,4.69,24597800.0
20260127,600718,东软集团,11.2,11.17,11.28,10.95,25753700.0
20260127,600719,大连热电,6.52,6.57,6.62,6.45,7314800.0
20260127,600720,中交设计,7.5,7.43,7.52,7.36,10877900.0
20260127,600721,百花医药,9.81,9.61,9.81,9.4,22971600.0
20260127,600722,金牛化工,7.3,7.56,8.08,7.22,82731400.0
20260127,600724,宁波富达,6.67,6.71,6.94,6.5,15434500.0
20260127,600725,云维股份,4.65,4.68,4.94,4.58,50418800.0
20260127,600726,华电能源,2.55,2.51,2.56,2.46,32040100.0
20260127,600727,鲁北化工,7.43,7.41,7.52,7.3,14463400.0
20260127,600728,佳都科技,7.18,7.16,7.25,7.04,68978400.0
20260127,600729,重百集团,24.54,24.17,24.56,23.99,7739000.0
20260127,600731,湖南海利,7.59,7.47,7.6,7.4,11624500.0
20260127,600732,爱旭股份,14.15,14.45,14.6,13.42,87016000.0
20260127,600733,北汽蓝谷,8.3,8.43,8.55,8.26,252330400.0
20260127,600736,苏州高新,8.0,7.53,8.0,7.34,115276500.0
20260127,600737,中粮糖业,17.0,16.55,17.02,16.39,37575700.0
20260127,600738,丽尚国潮,5.46,5.39,5.49,5.33,15617500.0
20260127,600739,辽宁成大,12.61,12.54,12.62,12.25,19630100.0
20260127,600740,山西焦化,4.12,4.0,4.13,3.96,29015000.0
20260127,600741,华域汽车,20.18,19.8,20.28,19.75,20188600.0
20260127,600742,富维股份,10.0,9.94,10.03,9.78,6768000.0
20260127,600743,华远控股,1.94,1.92,1.94,1.91,15343800.0
20260127,600744,华银电力,6.72,6.49,6.72,6.42,80666000.0
20260127,600746,江苏索普,7.73,7.66,7.82,7.56,10577300.0
20260127,600748,上实发展,5.98,5.71,5.98,5.57,30877600.0
20260127,600749,西藏旅游,16.9,16.61,17.09,16.41,8295800.0
20260127,600750,华润江中,24.79,24.19,24.79,24.03,7025700.0
20260127,600751,海航科技,3.9,3.88,3.91,3.76,54908900.0
20260127,600754,锦江酒店,26.94,26.56,27.11,26.24,8098700.0
20260127,600755,厦门国贸,6.92,6.9,6.93,6.75,40834300.0
20260127,600756,浪潮软件,18.13,18.06,18.3,17.62,13775500.0
20260127,600757,长江传媒,9.06,9.0,9.08,8.91,11309900.0
20260127,600758,辽宁能源,3.89,3.8,3.89,3.76,23707500.0
20260127,600760,中航沈飞,56.91,56.94,57.8,56.36,26038300.0
20260127,600761,安徽合力,22.74,22.92,23.45,22.41,38864700.0
20260127,600763,通策医疗,46.47,46.13,46.47,45.23,9274900.0
20260127,600764,中国海防,28.64,28.57,28.76,27.95,8031400.0
20260127,600765,中航重机,19.64,20.35,20.55,19.46,82656600.0
20260127,600768,富邦新材,16.53,16.43,16.53,15.9,4100600.0
20260127,600769,祥龙电业,12.28,12.33,12.36,11.93,5948900.0
20260127,600770,综艺股份,6.4,6.62,6.87,6.15,158800700.0
20260127,600771,广誉远,18.3,17.91,18.31,17.8,9278300.0
20260127,600773,西藏城投,15.0,14.53,15.25,14.25,24012700.0
20260127,600774,汉商集团,10.87,11.23,11.23,10.68,31012700.0
20260127,600775,南京熊猫,14.4,14.8,14.81,14.05,45886500.0
20260127,600776,东方通信,18.79,19.05,19.31,18.52,49999000.0
20260127,600777,新潮能源,4.15,4.11,4.18,4.07,35640000.0
20260127,600778,友好集团,7.15,7.18,7.21,6.93,20358800.0
20260127,600779,水井坊,37.63,37.61,37.87,36.95,4099300.0
20260127,600780,通宝能源,6.19,6.13,6.21,6.05,13636200.0
20260127,600782,新钢股份,4.09,3.98,4.12,3.94,112034300.0
20260127,600783,鲁信创投,24.0,24.6,24.8,23.91,46187400.0
20260127,600784,鲁银投资,7.17,7.17,7.21,7.07,9970600.0
20260127,600785,新华百货,23.31,22.5,25.04,22.0,37121800.0
20260127,600787,中储股份,5.88,5.83,5.88,5.75,33816600.0
20260127,600789,鲁抗医药,10.2,10.32,10.77,9.82,215853600.0
20260127,600790,轻纺城,4.09,4.04,4.1,4.0,13385900.0
20260127,600791,京能置业,5.88,6.24,6.47,5.8,44617300.0
20260127,600792,云煤能源,4.18,4.02,4.21,3.97,32168100.0
20260127,600793,宜宾纸业,20.9,20.53,20.9,20.2,3552800.0
20260127,600794,保税科技,3.98,3.92,3.98,3.87,18456300.0
20260127,600795,国电电力,4.74,4.67,4.75,4.63,340618700.0
20260127,600796,钱江生化,6.52,6.51,6.55,6.37,9832900.0
20260127,600797,浙大网新,10.62,10.8,10.88,10.41,74212300.0
20260127,600798,宁波海运,3.83,3.76,3.89,3.74,54183100.0
20260127,600800,渤海化学,4.52,4.59,4.69,4.47,47033400.0
20260127,600801,华新建材,26.06,25.69,26.29,25.53,8752800.0
20260127,600802,福建水泥,6.37,6.4,6.4,6.12,13748400.0
20260127,600803,新奥股份,19.79,19.34,19.88,19.32,9399500.0
20260127,600805,悦达投资,5.86,5.74,5.9,5.67,21469700.0
20260127,600807,济高发展,3.55,3.55,3.63,3.44,34102000.0
20260127,600808,马钢股份,4.43,4.38,4.47,4.3,100291000.0
20260127,600809,山西汾酒,164.97,161.26,164.97,161.07,7539700.0
20260127,600810,神马股份,9.16,8.97,9.22,8.85,20045300.0
20260127,600812,华北制药,5.84,5.74,5.85,5.65,39398100.0
20260127,600814,杭州解百,8.15,8.07,8.22,8.0,11374800.0
20260127,600815,厦工股份,3.18,3.21,3.21,3.11,37397200.0
20260127,600816,建元信托,2.95,2.94,2.96,2.88,69793200.0
20260127,600817,宇通重工,11.82,11.85,11.88,11.68,2929100.0
20260127,600819,耀皮玻璃,8.6,8.7,8.75,8.37,13451700.0
20260127,600820,隧道股份,6.7,6.57,6.74,6.55,34539400.0
20260127,600821,金开新能,5.72,5.78,5.89,5.66,78656800.0
20260127,600822,上海物贸,11.43,11.35,11.58,11.15,7239000.0
20260127,600824,益民集团,4.76,4.69,4.79,4.63,26609800.0
20260127,600825,新华传媒,6.93,6.9,7.0,6.81,16624400.0
20260127,600826,兰生股份,12.59,12.52,12.68,12.29,11167800.0
20260127,600827,百联股份,9.1,8.94,9.14,8.92,18459400.0
20260127,600828,茂业商业,6.11,6.14,6.2,5.97,37160100.0
20260127,600829,人民同泰,12.0,12.99,13.16,11.69,66722300.0
20260127,600830,香溢融通,9.76,9.68,9.82,9.49,8302600.0
20260127,600831,广电网络,4.34,4.24,4.39,4.23,17132100.0
20260127,600833,第一医药,13.7,13.35,13.71,13.12,6880600.0
20260127,600834,申通地铁,9.0,8.94,9.04,8.81,4199800.0
20260127,600835,上海机电,28.42,28.43,28.75,28.0,10530300.0
20260127,600838,上海九百,14.0,13.33,14.0,12.94,49041600.0
20260127,600839,四川长虹,10.51,10.3,10.59,10.06,209522400.0
20260127,600841,动力新科,8.63,9.3,9.48,8.63,104814000.0
20260127,600843,上工申贝,11.24,11.41,11.5,10.97,18849800.0
20260127,600844,金煤科技,3.19,3.19,3.21,3.1,28773100.0
20260127,600845,宝信软件,24.05,23.51,24.2,23.5,21184500.0
20260127,600846,同济科技,13.5,13.32,13.59,13.11,4735300.0
20260127,600847,万里股份,13.32,13.33,13.47,12.78,3130300.0
20260127,600848,上海临港,11.88,11.72,11.96,11.45,17721700.0
20260127,600850,电科数字,28.45,28.89,29.08,28.01,14421500.0
20260127,600851,海欣股份,7.86,7.69,7.86,7.47,15384200.0
20260127,600853,龙建股份,4.42,4.39,4.43,4.32,25231700.0
20260127,600854,春兰股份,5.31,5.24,5.32,5.16,10894600.0
20260127,600855,航天长峰,20.08,20.54,20.55,19.74,26885300.0
20260127,600857,宁波中百,14.28,13.95,14.36,13.7,9003300.0
20260127,600858,银座股份,6.8,6.66,6.8,6.48,26002300.0
20260127,600859,王府井,15.53,15.11,15.56,14.97,42951300.0
20260127,600860,京城股份,13.7,13.72,14.04,13.26,17177800.0
20260127,600861,北京人力,18.68,18.73,18.92,18.44,4225600.0
20260127,600862,中航高科,25.07,25.73,25.95,24.8,41229200.0
20260127,600863,华能蒙电,4.94,4.8,4.95,4.78,65201400.0
20260127,600864,哈投股份,6.68,6.56,6.69,6.46,37047300.0
20260127,600865,百大集团,13.87,13.85,14.0,13.56,8885700.0
20260127,600866,星湖科技,7.49,7.36,7.5,7.29,38261900.0
20260127,600867,通化东宝,9.3,9.09,9.45,9.02,101518700.0
20260127,600868,梅雁吉祥,4.93,5.12,5.22,4.79,412316500.0
20260127,600869,远东股份,10.9,11.52,11.8,10.9,114102700.0
20260127,600871,石化油服,2.7,2.67,2.83,2.63,350504500.0
20260127,600872,中炬高新,17.84,17.57,17.9,17.44,9948600.0
20260127,600873,梅花生物,10.93,10.84,11.1,10.77,31814100.0
20260127,600874,创业环保,6.34,6.26,6.35,6.2,13654000.0
20260127,600875,东方电气,26.9,26.78,27.17,26.2,55578800.0
20260127,600876,凯盛新能,10.6,10.8,10.88,10.35,7590700.0
20260127,600877,电科芯片,22.31,24.78,24.78,22.31,50376500.0
20260127,600879,航天电子,27.5,28.95,29.45,27.5,443179600.0
20260127,600880,博瑞传播,6.0,6.09,6.15,5.84,54181300.0
20260127,600881,亚泰集团,1.89,1.85,1.9,1.83,53201200.0
20260127,600882,妙可蓝多,23.24,22.78,23.48,22.62,8783500.0
20260127,600883,博闻科技,8.5,8.42,8.5,8.23,3778400.0
20260127,600884,杉杉股份,13.88,13.51,14.02,13.21,115676600.0
20260127,600885,宏发股份,31.46,31.15,31.84,30.55,22102600.0
20260127,600886,国投电力,13.17,13.02,13.2,13.01,24703800.0
20260127,600887,伊利股份,26.69,26.37,26.78,26.37,67826700.0
20260127,600888,新疆众和,9.13,9.12,9.26,8.89,48487000.0
20260127,600892,大晟文化,3.83,3.93,3.95,3.82,11064800.0
20260127,600893,航发动力,46.28,50.59,50.59,46.05,88283400.0
20260127,600894,广日股份,9.59,9.53,9.6,9.38,5220000.0
20260127,600895,张江高科,43.0,43.24,43.45,41.8,31891500.0
20260127,600897,厦门空港,17.22,17.39,17.41,16.93,5013900.0
20260127,600900,长江电力,25.98,25.93,26.14,25.86,131381500.0
20260127,600901,江苏金租,6.12,6.1,6.12,6.06,19969700.0
20260127,600903,贵州燃气,6.89,6.81,6.89,6.74,12409000.0
20260127,600905,三峡能源,4.16,4.13,4.17,4.13,154506300.0
20260127,600906,财达证券,6.92,6.92,6.95,6.8,26123700.0
20260127,600908,无锡银行,5.81,5.76,5.82,5.76,12520100.0
20260127,600909,华安证券,7.43,7.52,7.64,7.41,120160500.0
20260127,600916,中国黄金,10.77,11.15,11.15,10.5,242246000.0
20260127,600917,重庆燃气,5.73,5.64,5.74,5.61,8752000.0
20260127,600918,中泰证券,6.55,6.45,6.56,6.44,46311000.0
20260127,600919,江苏银行,9.83,9.83,9.98,9.79,151559000.0
20260127,600925,苏能股份,4.69,4.64,4.69,4.61,8432700.0
20260127,600926,杭州银行,15.58,15.69,15.94,15.55,83786600.0
20260127,600927,永安期货,16.79,16.65,16.79,16.21,8217000.0
20260127,600928,西安银行,3.7,3.67,3.71,3.65,19277100.0
20260127,600930,华电新能,6.12,6.05,6.13,6.02,103270300.0
20260127,600933,爱柯迪,19.57,19.43,19.66,18.96,12406400.0
20260127,600935,华塑股份,2.73,2.71,2.74,2.67,30700200.0
20260127,600936,北投科技,4.31,4.28,4.34,4.19,23588000.0
20260127,600938,中国海油,33.34,33.25,34.04,32.88,74748800.0
20260127,600939,重庆建工,3.2,3.19,3.21,3.14,13988500.0
20260127,600941,中国移动,94.82,94.26,95.09,94.25,14886500.0
20260127,600955,维远股份,20.46,20.0,20.66,19.51,15422800.0
20260127,600956,新天绿能,7.8,7.68,7.8,7.57,11603000.0
20260127,600958,东方证券,10.45,10.39,10.46,10.31,74500500.0
20260127,600959,江苏有线,3.98,4.0,4.2,3.94,186967300.0
20260127,600960,渤海汽车,5.35,5.36,5.4,5.2,20815600.0
20260127,600961,株冶集团,23.0,22.87,23.7,22.1,52882700.0
20260127,600962,国投中鲁,23.81,23.69,24.15,23.0,7323800.0
20260127,600963,岳阳林纸,4.82,4.86,4.92,4.73,37089400.0
20260127,600966,博汇纸业,7.22,7.3,7.4,7.17,21265900.0
20260127,600967,内蒙一机,17.77,17.96,18.02,17.53,24900600.0
20260127,600968,海油发展,4.3,4.26,4.37,4.22,64169800.0
20260127,600969,郴电国际,12.09,11.94,12.09,11.77,8404100.0
20260127,600970,中材国际,10.81,10.94,11.07,10.7,27763200.0
20260127,600971,恒源煤电,6.57,6.46,6.57,6.38,15507400.0
20260127,600973,宝胜股份,7.68,7.44,7.68,7.13,81166300.0
20260127,600975,新五丰,5.78,5.69,5.78,5.65,19860400.0
20260127,600976,健民集团,35.81,35.03,35.86,34.8,1925400.0
20260127,600977,中国电影,17.02,17.18,17.25,16.63,49370700.0
20260127,600979,广安爱众,4.62,4.55,4.63,4.51,22845000.0
20260127,600980,北矿科技,25.45,25.19,25.88,24.5,11780000.0
20260127,600981,苏豪汇鸿,3.35,3.35,3.36,3.25,33209100.0
20260127,600982,宁波能源,4.71,4.65,4.72,4.6,21967000.0
20260127,600983,惠而浦,10.86,10.77,10.88,10.6,4598400.0
20260127,600984,建设机械,3.84,3.84,3.93,3.82,21719000.0
20260127,600985,淮北矿业,12.22,12.15,12.35,12.05,28426700.0
20260127,600986,浙文互联,14.18,13.11,14.49,12.6,525673100.0
20260127,600987,航民股份,7.45,7.29,7.48,7.26,15296300.0
20260127,600988,赤峰黄金,41.21,42.6,44.45,40.75,146796500.0
20260127,600989,宝丰能源,22.8,22.6,23.48,22.48,93243700.0
20260127,600990,四创电子,27.4,28.27,28.27,26.28,13454900.0
20260127,600992,贵绳股份,13.73,13.67,13.78,13.33,5085700.0
20260127,600993,马应龙,27.57,27.38,27.62,26.97,7940000.0
20260127,600995,南网储能,13.98,13.84,14.05,13.65,17104300.0
20260127,600996,贵广网络,9.26,8.96,9.26,8.84,27475400.0
20260127,600997,开滦股份,6.0,5.86,6.01,5.82,16931100.0
20260127,600998,九州通,5.63,5.46,5.63,5.4,86662500.0
20260127,600999,招商证券,17.0,16.93,17.15,16.86,63834700.0
20260127,601000,唐山港,4.25,4.26,4.33,4.23,68321700.0
20260127,601001,晋控煤业,14.9,14.52,15.0,14.4,19271300.0
20260127,601002,晋亿实业,5.55,5.5,5.57,5.41,22810100.0
20260127,601003,柳钢股份,5.34,5.21,5.34,5.16,20572400.0
20260127,601005,重庆钢铁,1.56,1.53,1.58,1.51,276073500.0
20260127,601006,大秦铁路,5.03,4.99,5.05,4.98,169787300.0
20260127,601007,金陵饭店,8.17,8.14,8.27,8.08,11233300.0
20260127,601008,连云港,5.39,5.36,5.46,5.32,23730900.0
20260127,601009,南京银行,10.45,10.41,10.59,10.4,70946300.0
20260127,601011,宝泰隆,3.43,3.35,3.45,3.28,63028400.0
20260127,601012,隆基绿能,18.8,19.2,19.39,18.36,386428300.0
20260127,601015,陕西黑猫,4.01,3.93,4.02,3.86,39860400.0
20260127,601016,节能风电,3.21,3.2,3.22,3.12,126919200.0
20260127,601018,宁波港,3.78,3.76,3.82,3.75,82374800.0
20260127,601019,山东出版,9.19,9.17,9.24,9.02,10245100.0
20260127,601020,华钰矿业,37.0,37.28,38.99,36.11,68423800.0
20260127,601021,春秋航空,58.16,57.01,58.58,56.91,4941000.0
20260127,601022,宁波远洋,9.77,9.82,9.97,9.72,20525100.0
20260127,601026,道生天合,20.89,20.61,20.89,20.11,7804300.0
20260127,601033,永兴股份,15.57,15.45,15.59,15.31,4196300.0
20260127,601038,一拖股份,14.8,14.67,14.87,14.38,10976200.0
20260127,601058,赛轮轮胎,15.85,15.61,15.99,15.6,30273800.0
20260127,601059,信达证券,17.73,17.63,17.73,17.61,22614000.0
20260127,601061,中信金属,16.01,15.85,16.09,15.4,34333500.0
20260127,601065,江盐集团,8.73,8.65,8.73,8.54,6826300.0
20260127,601066,中信建投,24.65,24.41,24.65,24.39,17117900.0
20260127,601068,中铝国际,6.2,6.04,6.29,5.96,29927200.0
20260127,601069,西部黄金,36.9,40.24,41.08,35.9,67137200.0
20260127,601077,渝农商行,6.13,6.15,6.28,6.1,100565900.0
20260127,601083,锦江航运,11.91,11.84,11.98,11.79,7005000.0
20260127,601086,国芳集团,10.25,10.19,10.3,10.05,10116600.0
20260127,601088,中国神华,41.66,40.65,42.17,40.51,37479200.0
20260127,601089,福元医药,27.98,28.82,28.96,27.0,9479700.0
20260127,601096,宏盛华源,5.32,5.33,5.4,5.19,89116700.0
20260127,601098,中南传媒,11.19,11.02,11.22,10.99,16989900.0
20260127,601099,太平洋,4.28,4.27,4.29,4.18,206163400.0
20260127,601100,恒立液压,111.29,112.93,115.3,109.32,13686500.0
20260127,601101,昊华能源,7.77,7.6,7.77,7.52,13781300.0
20260127,601106,中国一重,5.6,5.55,5.78,5.41,236259200.0
20260127,601107,四川成渝,6.03,6.03,6.07,6.01,10109100.0
20260127,601108,财通证券,9.36,9.26,9.45,9.18,122413600.0
20260127,601111,中国国航,8.7,8.57,8.76,8.54,74848700.0
20260127,601113,华鼎股份,4.8,4.88,5.0,4.79,41014500.0
20260127,601116,三江购物,16.38,16.91,17.3,16.28,43034900.0
20260127,601117,中国化学,8.98,8.82,9.02,8.7,205698600.0
20260127,601118,海南橡胶,6.84,6.66,6.88,6.54,108151900.0
20260127,601121,宝地矿业,8.43,8.25,8.5,8.09,34955100.0
20260127,601126,四方股份,37.15,38.08,38.35,36.53,23451400.0
20260127,601127,赛力斯,114.67,112.58,115.2,112.5,19283900.0
20260127,601128,常熟银行,7.19,7.18,7.25,7.14,48844300.0
20260127,601133,柏诚股份,17.79,18.81,19.04,17.2,32955400.0
20260127,601136,首创证券,18.88,18.65,18.88,18.6,10970000.0
20260127,601137,博威合金,20.01,20.15,20.31,19.32,71125200.0
20260127,601138,工业富联,59.51,60.97,62.0,58.7,212344500.0
20260127,601139,深圳燃气,6.94,6.8,6.95,6.76,20996100.0
20260127,601155,新城控股,15.9,15.78,16.02,15.47,11861500.0
20260127,601156,东航物流,19.0,18.8,19.0,18.76,7199300.0
20260127,601158,重庆水务,4.57,4.53,4.57,4.5,13695900.0
20260127,601162,天风证券,4.24,4.2,4.24,4.15,209774200.0
20260127,601163,三角轮胎,15.5,15.4,15.63,15.21,9255700.0
20260127,601166,兴业银行,18.9,18.82,19.1,18.77,137878600.0
20260127,601168,西部矿业,34.08,35.26,36.27,34.05,113163800.0
20260127,601169,北京银行,5.27,5.24,5.3,5.24,158904500.0
20260127,601177,杭齿前进,17.43,17.32,17.48,16.94,7087500.0
20260127,601179,中国西电,15.7,15.39,16.07,14.85,428122300.0
20260127,601186,中国铁建,7.45,7.33,7.45,7.32,152016300.0
20260127,601187,厦门银行,6.99,6.99,7.07,6.94,11717000.0
20260127,601188,龙江交通,3.66,3.63,3.66,3.58,17215500.0
20260127,601198,东兴证券,13.98,13.92,14.04,13.79,30266900.0
20260127,601199,江南水务,5.97,5.96,6.01,5.87,11775400.0
20260127,601200,上海环境,8.54,8.5,8.55,8.36,12869000.0
20260127,601208,东材科技,26.46,26.88,27.1,25.36,51103500.0
20260127,601211,国泰海通,20.0,19.79,20.04,19.69,98204300.0
20260127,601212,白银有色,11.41,12.55,12.55,10.8,745459200.0
20260127,601216,君正集团,5.78,5.88,6.01,5.76,216314300.0
20260127,601218,吉鑫科技,5.66,5.82,5.87,5.55,110223600.0
20260127,601222,林洋能源,5.92,5.92,5.95,5.76,38241900.0
20260127,601225,陕西煤业,21.8,21.34,22.17,21.28,53708400.0
20260127,601226,华电科工,10.39,11.4,11.68,10.01,143343600.0
20260127,601228,广州港,3.65,3.6,3.65,3.56,35268500.0
20260127,601229,上海银行,9.27,9.27,9.42,9.24,63499800.0
20260127,601231,环旭电子,31.0,32.38,33.17,30.86,54995400.0
20260127,601233,桐昆股份,20.33,20.45,21.08,20.06,33497900.0
20260127,601236,红塔证券,8.19,8.11,8.2,8.02,21933500.0
20260127,601238,广汽集团,8.19,8.11,8.2,8.1,28205400.0
20260127,601279,英利汽车,4.64,4.56,4.67,4.46,18261900.0
20260127,601288,农业银行,6.88,6.89,7.09,6.83,685079200.0
20260127,601298,青岛港,9.09,9.21,9.41,9.04,42386100.0
20260127,601311,骆驼股份,9.7,9.6,9.74,9.35,26481600.0
20260127,601318,中国平安,64.31,65.31,66.35,64.27,150884100.0
20260127,601319,中国人保,9.09,9.13,9.31,9.08,108220300.0
20260127,601326,秦港股份,3.58,3.54,3.59,3.53,26730900.0
20260127,601328,交通银行,6.65,6.61,6.73,6.6,231273700.0
20260127,601330,绿色动力,7.28,7.2,7.3,7.11,9051700.0
20260127,601333,广深铁路,3.13,3.11,3.14,3.08,53723700.0
20260127,601336,新华保险,79.3,81.93,83.98,79.3,34159300.0
20260127,601339,百隆东方,6.9,7.04,7.08,6.8,21885400.0
20260127,601360,三六零,12.29,12.36,12.52,12.02,258354500.0
20260127,601366,利群股份,5.06,5.11,5.14,5.0,33454400.0
20260127,601368,绿城水务,5.29,5.24,5.29,5.18,7336900.0
20260127,601369,陕鼓动力,10.85,10.65,10.86,10.47,23788100.0
20260127,601375,中原证券,4.43,4.39,4.43,4.34,51032800.0
20260127,601377,兴业证券,7.08,6.93,7.08,6.92,155384500.0
20260127,601388,怡球资源,3.65,3.61,3.7,3.53,118986100.0
20260127,601390,中国中铁,5.68,5.54,5.72,5.5,699799700.0
20260127,601398,工商银行,7.24,7.23,7.37,7.21,469808100.0
20260127,601399,国机重装,5.38,5.31,5.48,5.18,187926200.0
20260127,601456,国联民生,9.9,9.82,9.93,9.73,39076600.0
20260127,601500,通用股份,4.64,4.67,4.67,4.52,27287700.0
20260127,601512,中新集团,9.79,9.67,9.79,9.45,8533900.0
20260127,601515,衢州东峰,4.24,4.15,4.28,4.12,28531900.0
20260127,601518,吉林高速,2.9,2.86,2.91,2.85,15012100.0
20260127,601519,大智慧,13.2,13.1,13.29,12.81,43717300.0
20260127,601528,瑞丰银行,5.46,5.4,5.47,5.38,21962500.0
20260127,601555,东吴证券,9.43,9.45,9.51,9.27,54766300.0
20260127,601566,九牧王,12.23,12.19,12.33,12.0,11560100.0
20260127,601567,三星电气,25.34,24.8,25.39,24.04,23633300.0
20260127,601568,北元化工,4.14,4.08,4.18,4.05,37821800.0
20260127,601577,长沙银行,9.38,9.4,9.46,9.35,15997300.0
20260127,601579,会稽山,21.28,20.9,21.47,20.6,7632700.0
20260127,601588,北辰实业,1.78,1.76,1.79,1.73,30955700.0
20260127,601595,上海电影,29.19,28.91,29.51,28.46,7761900.0
20260127,601598,中国外运,5.81,5.79,5.87,5.71,33746300.0
20260127,601599,浙文影业,4.13,4.17,4.2,4.05,44234200.0
20260127,601600,中国铝业,13.34,13.27,13.7,13.11,510560600.0
20260127,601601,中国太保,43.2,44.2,45.26,43.2,57613600.0
20260127,601606,长城军工,46.85,47.14,47.19,46.0,16208700.0
20260127,601607,上海医药,17.66,17.43,17.68,17.4,19245500.0
20260127,601608,中信重工,7.9,7.93,8.09,7.74,120979800.0
20260127,601609,金田股份,12.35,12.2,12.93,12.02,89094200.0
20260127,601611,中国核建,16.58,16.23,16.85,15.85,87723900.0
20260127,601615,明阳智能,22.0,25.2,25.71,21.78,332097000.0
20260127,601616,广电电气,5.35,5.2,5.43,4.96,161641300.0
20260127,601618,中国中冶,3.24,3.15,3.24,3.14,311241600.0
20260127,601619,嘉泽新能,5.6,5.92,6.0,5.25,233284000.0
20260127,601628,中国人寿,47.0,48.5,49.4,46.84,36026400.0
20260127,601633,长城汽车,21.25,21.09,21.29,21.01,13104000.0
20260127,601636,旗滨集团,6.9,6.94,7.02,6.83,43712200.0
20260127,601658,邮储银行,5.07,5.06,5.13,5.05,165001200.0
20260127,601665,齐鲁银行,5.56,5.59,5.63,5.53,64924600.0
20260127,601666,平煤股份,8.35,8.12,8.36,8.07,28389200.0
20260127,601668,中国建筑,5.08,5.02,5.1,5.02,302034200.0
20260127,601669,中国电建,5.95,5.78,5.95,5.75,385716600.0
20260127,601677,明泰铝业,17.0,17.07,17.6,16.74,80683100.0
20260127,601678,滨化股份,5.45,5.35,5.53,5.26,138402800.0
20260127,601686,友发集团,6.43,6.34,6.43,6.28,11911700.0
20260127,601688,华泰证券,23.17,22.84,23.33,22.81,86608300.0
20260127,601689,拓普集团,76.85,75.35,76.89,74.1,42668700.0
20260127,601696,中银证券,14.17,13.76,14.18,13.55,74820000.0
20260127,601698,中国卫通,36.9,38.76,39.26,36.9,121605500.0
20260127,601699,潞安环能,13.18,12.87,13.18,12.76,33906800.0
20260127,601700,风范股份,6.68,6.1,6.69,5.9,96409900.0
20260127,601702,华峰铝业,22.51,23.7,24.79,22.19,22712200.0
20260127,601717,中创智领,25.32,25.41,25.91,25.25,23329300.0
20260127,601727,上海电气,9.1,8.95,9.11,8.84,184295800.0
20260127,601728,中国电信,5.8,5.76,5.84,5.75,252651700.0
20260127,601766,中国中车,6.55,6.44,6.57,6.43,223549100.0
20260127,601777,千里科技,12.02,11.68,12.08,11.54,59151600.0
20260127,601778,晶科科技,4.2,4.29,4.39,4.01,201861000.0
20260127,601788,光大证券,17.22,17.01,17.22,16.94,30855800.0
20260127,601789,宁波建工,5.25,5.21,5.26,5.14,30870100.0
20260127,601798,蓝科高新,9.77,9.71,9.83,9.46,8757600.0
20260127,601799,星宇股份,120.07,119.7,120.86,119.0,2113100.0
20260127,601800,中国交建,8.5,8.32,8.5,8.32,50882800.0
20260127,601801,皖新传媒,6.96,6.91,7.0,6.85,10523400.0
20260127,601808,中海油服,16.36,16.1,16.66,16.01,35214200.0
20260127,601811,新华文轩,15.3,15.17,15.4,14.91,4719200.0
20260127,601816,京沪高铁,4.93,4.91,4.98,4.9,233647200.0
20260127,601818,光大银行,3.38,3.36,3.4,3.36,245717300.0
20260127,601825,沪农商行,8.4,8.32,8.48,8.3,26467900.0
20260127,601827,三峰环境,9.04,9.0,9.04,8.9,7238000.0
20260127,601828,美凯龙,2.67,2.62,2.68,2.6,27370100.0
20260127,601838,成都银行,15.77,15.74,15.95,15.71,31354800.0
20260127,601857,中国石油,10.39,10.44,10.69,10.31,287268200.0
20260127,601858,中国科传,20.48,20.4,20.72,19.97,9209300.0
20260127,601860,紫金银行,2.79,2.77,2.79,2.76,43421600.0
20260127,601865,福莱特,17.16,17.48,17.72,16.65,35998800.0
20260127,601866,中远海发,2.67,2.65,2.68,2.61,103695300.0
20260127,601868,中国能建,2.52,2.48,2.53,2.46,448747000.0
20260127,601869,长飞光纤,123.0,126.6,128.0,115.6,25568600.0
20260127,601872,招商轮船,11.22,11.24,11.64,11.1,120937800.0
20260127,601877,正泰电器,31.11,31.03,31.55,30.12,37603400.0
20260127,601878,浙商证券,10.9,10.79,10.92,10.76,44263200.0
20260127,601880,辽港股份,1.68,1.65,1.68,1.63,134021000.0
20260127,601881,中国银河,15.29,15.13,15.3,15.05,42287700.0
20260127,601882,海天精工,20.83,20.58,20.86,20.19,4384200.0
20260127,601886,江河集团,9.5,9.49,9.55,9.37,6425700.0
20260127,601888,中国中免,92.67,90.8,93.16,90.01,45868200.0
20260127,601890,亚星锚链,10.86,10.86,11.0,10.6,37648500.0
20260127,601898,中煤能源,13.47,13.07,13.68,13.04,40337900.0
20260127,601899,紫金矿业,40.23,40.61,42.68,39.68,728498200.0
20260127,601900,南方传媒,15.68,15.56,15.69,15.26,17307100.0
20260127,601901,方正证券,7.93,7.98,8.02,7.79,141783400.0
20260127,601908,京运通,4.03,4.14,4.18,3.83,148383700.0
20260127,601916,浙商银行,2.94,2.92,2.95,2.92,131348000.0
20260127,601918,新集能源,7.12,6.97,7.15,6.92,55386400.0
20260127,601919,中远海控,14.48,14.37,14.58,14.36,77292000.0
20260127,601921,浙版传媒,8.3,8.22,8.33,8.12,13291600.0
20260127,601928,凤凰传媒,10.11,10.05,10.12,10.03,8951700.0
20260127,601929,吉视传媒,3.84,3.79,3.91,3.73,140202600.0
20260127,601933,永辉超市,4.5,4.41,4.5,4.34,247321700.0
20260127,601939,建设银行,8.68,8.72,8.87,8.67,137679600.0
20260127,601949,中国出版,7.24,7.17,7.31,7.08,15129800.0
20260127,601952,苏垦农发,9.55,9.44,9.58,9.4,11776000.0
20260127,601956,东贝集团,7.42,7.39,7.5,7.21,11699800.0
20260127,601958,金钼股份,21.66,21.83,22.52,20.95,82930400.0
20260127,601963,重庆银行,10.29,10.36,10.45,10.29,9116100.0
20260127,601965,中国汽研,19.89,19.92,20.38,19.73,13640100.0
20260127,601966,玲珑轮胎,15.12,15.0,15.17,14.87,15410100.0
20260127,601968,宝钢包装,5.93,5.96,5.99,5.85,16085900.0
20260127,601969,海南矿业,11.7,11.72,12.11,11.36,53231900.0
20260127,601975,招商南油,3.55,3.58,3.67,3.49,232667100.0
20260127,601985,中国核电,8.81,8.71,8.82,8.69,110370300.0
20260127,601988,中国银行,5.31,5.33,5.42,5.3,430591200.0
20260127,601990,南京证券,8.07,8.01,8.07,7.93,24018700.0
20260127,601991,大唐发电,3.94,3.86,3.95,3.82,129182800.0
20260127,601992,金隅集团,2.09,2.02,2.11,1.97,210373300.0
20260127,601995,中金公司,35.16,34.82,35.16,34.8,23956700.0
20260127,601996,丰林集团,2.41,2.36,2.41,2.32,24614000.0
20260127,601997,贵阳银行,5.82,5.77,5.82,5.75,31214700.0
20260127,601998,中信银行,7.36,7.34,7.46,7.33,60450700.0
20260127,601999,出版传媒,7.43,7.35,7.5,7.26,5597000.0
20260127,603000,人民网,25.0,24.39,25.3,23.48,68789300.0
20260127,603001,奥康国际,9.19,9.08,9.25,8.82,11372800.0
20260127,603002,宏昌电子,8.83,8.9,8.96,8.58,40700300.0
20260127,603004,鼎龙科技,24.9,24.76,24.9,23.93,3534400.0
20260127,603005,晶方科技,29.85,31.63,31.8,29.39,64857500.0
20260127,603006,联明股份,14.16,14.02,14.2,13.7,3905100.0
20260127,603007,顺景科技,5.81,5.94,5.97,5.7,17022600.0
20260127,603009,北特科技,51.01,50.68,51.75,49.6,12317000.0
20260127,603010,万盛股份,10.98,11.33,11.4,10.94,22210300.0
20260127,603011,合锻智能,25.21,25.54,25.55,24.46,28797700.0
20260127,603012,创力集团,7.98,7.92,8.14,7.81,36847100.0
20260127,603013,亚普股份,25.8,26.24,26.43,25.01,6265500.0
20260127,603014,威高血净,42.24,41.38,42.24,40.75,2914900.0
20260127,603015,弘讯科技,15.38,15.6,15.73,15.11,16738400.0
20260127,603016,新宏泰,32.65,31.7,32.65,31.28,2882700.0
20260127,603017,中衡设计,12.2,12.29,12.45,11.88,9918400.0
20260127,603018,华设集团,7.88,8.2,8.44,7.88,86116500.0
20260127,603019,中科曙光,93.25,92.78,93.58,90.83,41127200.0
20260127,603020,爱普股份,11.1,11.06,11.17,10.87,3455100.0
20260127,603022,新通联,11.51,11.34,11.53,11.02,6960400.0
20260127,603023,威帝股份,5.93,6.09,6.1,5.76,50880600.0
20260127,603025,大豪科技,18.7,18.72,18.82,18.1,12613900.0
20260127,603026,石大胜华,69.8,68.54,70.5,65.01,9508200.0
20260127,603027,千禾味业,10.1,9.89,10.14,9.76,20642600.0
20260127,603028,赛福天,9.74,10.38,10.7,9.66,31180000.0
20260127,603029,天鹅股份,19.35,19.84,19.89,19.06,4187200.0
20260127,603030,全筑股份,3.1,3.01,3.11,2.98,45419800.0
20260127,603031,安孚科技,50.88,52.64,53.02,50.0,7042400.0
20260127,603032,德新科技,19.99,19.77,20.08,18.6,9288900.0
20260127,603033,三维股份,10.94,10.88,11.07,10.64,10167200.0
20260127,603035,常熟汽饰,15.95,15.93,15.99,15.55,6415500.0
20260127,603036,如通股份,20.7,20.86,21.0,20.32,4539400.0
20260127,603037,凯众股份,17.66,18.03,18.2,16.98,21664200.0
20260127,603038,华立股份,17.1,17.25,17.29,16.49,6231100.0
20260127,603039,泛微网络,68.95,68.5,70.36,65.71,6611600.0
20260127,603040,新坐标,116.85,118.0,122.6,116.11,3585100.0
20260127,603041,美思德,13.04,13.07,13.1,12.64,3450300.0
20260127,603042,华脉科技,16.78,16.67,17.38,16.3,8985600.0
20260127,603043,广州酒家,17.77,17.49,17.77,17.34,3851300.0
20260127,603045,福达合金,28.95,29.02,29.38,27.09,20370100.0
20260127,603048,浙江黎明,22.12,22.75,22.78,21.54,2685400.0
20260127,603049,中策橡胶,57.81,56.76,58.35,56.3,3952800.0
20260127,603050,科林电气,21.74,21.44,21.88,20.75,9124000.0
20260127,603051,鹿山新材,25.61,26.22,26.48,24.53,26890200.0
20260127,603052,可川科技,51.4,56.43,56.43,50.05,8254300.0
20260127,603053,成都燃气,10.44,10.24,10.49,10.19,5653500.0
20260127,603055,台华新材,9.42,9.37,9.42,9.22,7209700.0
20260127,603057,紫燕食品,28.05,28.98,29.36,28.05,7465400.0
20260127,603058,永吉股份,11.18,11.35,11.4,10.8,14273700.0
20260127,603059,倍加洁,34.58,35.52,36.14,34.58,2251900.0
20260127,603060,国检集团,6.56,6.57,6.57,6.42,5841800.0
20260127,603061,金海通,250.94,279.4,279.4,250.94,3136200.0
20260127,603062,麦加芯彩,49.4,50.56,50.88,48.27,2018700.0
20260127,603063,禾望电气,30.45,31.0,31.04,29.51,24179200.0
20260127,603065,宿迁联盛,8.85,8.84,9.0,8.69,8274700.0
20260127,603066,音飞储存,11.18,11.14,11.22,10.86,3914800.0
20260127,603067,振华股份,37.0,36.38,37.99,35.33,29448900.0
20260127,603068,博通集成,39.01,40.14,40.32,37.65,7080300.0
20260127,603069,海汽集团,22.96,22.74,23.0,22.15,6117900.0
20260127,603070,万控智造,14.71,14.62,14.94,14.31,6543000.0
20260127,603071,物产环能,13.76,13.58,13.83,13.45,2616500.0
20260127,603072,天和磁材,44.24,43.85,44.88,43.23,5441100.0
20260127,603073,彩蝶实业,20.51,20.4,20.66,19.83,1681000.0
20260127,603075,热威股份,25.15,24.15,25.38,23.08,11335100.0
20260127,603076,乐惠国际,24.67,24.62,24.84,23.71,2459800.0
20260127,603077,和邦生物,2.58,2.56,2.66,2.5,379061200.0
20260127,603078,江化微,29.2,29.03,29.78,27.93,64152400.0
20260127,603079,圣达生物,20.79,20.83,21.04,20.18,5134500.0
20260127,603080,新疆火炬,24.95,24.79,24.95,24.2,3172700.0
20260127,603081,大丰实业,14.32,14.2,14.39,13.97,5289000.0
20260127,603082,北自科技,38.3,38.42,38.59,37.3,1555400.0
20260127,603083,剑桥科技,110.05,112.4,114.0,107.69,20430700.0
20260127,603085,天成自控,12.3,12.22,12.3,11.88,16258500.0
20260127,603086,先达股份,8.5,8.35,8.5,8.21,33280400.0
20260127,603087,甘李药业,72.0,71.32,72.1,70.13,6716300.0
20260127,603088,宁波精达,11.55,11.44,11.64,11.05,13219700.0
20260127,603089,正裕工业,14.05,14.24,14.44,13.8,6839300.0
20260127,603090,宏盛股份,90.91,90.0,91.49,86.0,5788500.0
20260127,603091,众鑫股份,77.22,76.72,78.03,76.5,502100.0
20260127,603092,德力佳,70.65,71.9,73.98,70.65,3766600.0
20260127,603093,南华期货,19.2,19.29,19.69,18.58,12294700.0
20260127,603095,越剑智能,18.36,19.21,19.31,18.3,18174400.0
20260127,603096,新经典,19.0,19.0,19.3,18.7,1650800.0
20260127,603097,江苏华辰,34.21,34.42,34.49,32.8,5649600.0
20260127,603098,森特股份,15.81,16.05,16.21,15.36,9367800.0
20260127,603099,长白山,44.5,42.98,45.18,42.54,10218000.0
20260127,603100,川仪股份,25.05,25.65,25.76,24.58,10201800.0
20260127,603101,汇嘉时代,9.93,9.85,10.03,9.67,7285000.0
20260127,603102,百合股份,46.1,45.49,46.31,44.92,615600.0
20260127,603103,横店影视,19.9,20.15,20.28,19.43,8025300.0
20260127,603105,芯能科技,10.24,10.34,10.39,9.88,15098000.0
20260127,603106,恒银科技,10.73,10.63,10.81,10.37,10932400.0
20260127,603107,上海汽配,15.5,15.48,15.53,15.18,3468400.0
20260127,603108,润达医疗,16.95,16.61,17.1,16.35,30235500.0
20260127,603109,神驰机电,27.3,27.05,27.37,26.34,3654700.0
20260127,603110,东方材料,16.98,17.03,17.12,16.51,7716900.0
20260127,603111,康尼机电,7.16,7.14,7.18,6.99,9769900.0
20260127,603112,华翔股份,17.6,17.4,17.62,16.93,10196400.0
20260127,603113,金能科技,6.8,6.66,6.8,6.57,18179100.0
20260127,603115,海星股份,23.36,23.77,23.95,22.45,9427200.0
20260127,603116,红蜻蜓,6.39,6.43,6.48,6.32,7629000.0
20260127,603117,万林物流,4.92,4.88,4.95,4.8,6626800.0
20260127,603118,共进股份,12.1,12.21,12.21,11.59,30638700.0
20260127,603119,浙江荣泰,109.2,111.51,112.8,106.1,13957700.0
20260127,603120,肯特催化,41.44,45.8,45.8,40.31,5757500.0
20260127,603121,华培动力,22.5,24.18,24.18,22.5,13528700.0
20260127,603122,合富中国,17.78,18.62,18.8,17.32,41002100.0
20260127,603123,翠微股份,13.21,13.06,13.23,12.72,23862800.0
20260127,603124,江南新材,92.25,96.19,97.78,91.58,2185800.0
20260127,603125,常青科技,18.61,18.92,19.07,18.6,5800700.0
20260127,603126,中材节能,7.4,7.32,7.4,7.21,10820700.0
20260127,603127,昭衍新药,41.69,38.64,41.9,37.46,31526700.0
20260127,603128,华贸物流,6.03,5.95,6.04,5.92,20403800.0
20260127,603129,春风动力,266.2,274.0,276.79,260.25,2018400.0
20260127,603130,云中马,57.6,59.13,60.79,56.2,3663500.0
20260127,603131,上海沪工,24.66,24.65,24.98,23.9,16395000.0
20260127,603132,金徽股份,18.68,20.16,20.16,18.68,49857900.0
20260127,603135,中重科技,11.56,11.48,11.9,11.3,13329900.0
20260127,603136,天目湖,12.1,11.92,12.13,11.82,4941900.0
20260127,603137,恒尚节能,14.4,14.41,14.42,14.01,1376500.0
20260127,603138,海量数据,17.88,18.58,19.12,17.5,26328900.0
20260127,603139,康惠股份,23.8,24.09,24.16,23.09,5336900.0
20260127,603150,万朗磁塑,42.88,42.42,43.45,41.51,1617700.0
20260127,603151,邦基科技,19.32,19.09,19.56,18.83,2674500.0
20260127,603153,上海建科,17.9,17.81,17.91,17.41,2275100.0
20260127,603155,新亚强,17.98,18.0,18.04,17.23,5093800.0
20260127,603156,养元饮品,32.51,31.93,33.19,31.85,9536700.0
20260127,603158,腾龙股份,10.61,10.92,10.99,10.36,25826000.0
20260127,603159,上海亚虹,27.45,27.26,27.8,26.8,3112400.0
20260127,603160,汇顶科技,83.0,84.36,84.96,81.5,9146700.0
20260127,603161,科华控股,15.53,15.51,15.58,14.86,6034900.0
20260127,603162,海通发展,12.66,12.45,12.73,12.25,8511500.0
20260127,603163,圣晖集成,94.0,101.59,101.59,91.11,4914000.0
20260127,603165,荣晟环保,15.13,14.99,15.14,14.68,6191900.0
20260127,603166,福达股份,17.41,17.78,17.93,17.13,21465000.0
20260127,603167,渤海轮渡,9.63,9.55,9.63,9.46,5322000.0
20260127,603168,莎普爱思,7.8,7.7,7.81,7.48,8614200.0
20260127,603169,兰石重装,11.32,11.1,11.37,10.94,33444200.0
20260127,603170,宝立食品,14.52,14.04,14.52,13.9,5975800.0
20260127,603171,税友股份,77.58,78.65,80.65,76.28,5345000.0
20260127,603172,万丰股份,21.3,21.0,21.44,20.3,2935100.0
20260127,603173,福斯达,46.92,45.96,47.11,44.9,2506500.0
20260127,603175,超颖电子,70.96,72.52,73.5,68.4,5894500.0
20260127,603176,汇通集团,5.63,5.73,5.73,5.48,10435400.0
20260127,603177,德创环保,11.99,11.82,12.0,11.42,4875300.0
20260127,603178,圣龙股份,17.85,17.76,17.95,17.53,2754400.0
20260127,603179,新泉股份,91.88,92.78,93.84,89.62,14080300.0
20260127,603180,金牌家居,20.79,20.57,20.86,20.22,1035400.0
20260127,603181,皇马科技,16.2,16.3,16.33,15.76,11248700.0
20260127,603182,嘉华股份,16.17,16.11,16.23,15.78,2003600.0
20260127,603183,建研院,4.66,4.67,4.72,4.54,17419100.0
20260127,603185,弘元绿能,27.77,29.5,29.99,26.44,52149900.0
20260127,603186,华正新材,65.35,71.07,72.43,63.98,13543300.0
20260127,603187,海容冷链,16.2,15.95,16.35,15.82,3684800.0
20260127,603188,亚邦股份,4.91,4.83,4.91,4.72,14662700.0
20260127,603190,亚通精工,27.8,27.73,27.95,26.75,2858600.0
20260127,603191,望变电气,20.3,19.59,20.42,18.93,31684300.0
20260127,603192,汇得科技,27.01,26.73,27.07,25.95,3166000.0
20260127,603193,润本股份,25.28,24.38,25.29,24.25,5041500.0
20260127,603194,中力股份,40.01,41.07,41.65,38.9,5279300.0
20260127,603195,公牛集团,42.45,41.71,42.5,41.7,3370200.0
20260127,603196,璞源材料,26.19,25.67,26.26,25.4,2802800.0
20260127,603197,保隆科技,37.68,37.52,37.94,36.81,4187400.0
20260127,603198,迎驾贡酒,38.79,38.51,38.88,38.3,2933000.0
20260127,603199,九华旅游,42.55,42.29,43.6,41.74,2476300.0
20260127,603200,上海洗霸,86.72,85.51,87.77,81.8,8231200.0
20260127,603201,常润股份,17.72,17.63,17.72,17.23,1849500.0
20260127,603202,天有为,94.89,94.4,94.89,93.23,1023400.0
20260127,603203,快克智能,39.03,39.02,39.38,37.59,5390500.0
20260127,603205,健尔康,29.26,28.83,29.38,28.56,1525000.0
20260127,603206,嘉环科技,17.7,17.46,17.7,17.06,3988500.0
20260127,603207,小方制药,31.42,31.06,31.83,30.42,3223000.0
20260127,603208,江山欧派,14.71,14.61,14.79,14.43,2972100.0
20260127,603209,兴通股份,15.71,15.61,15.84,15.43,4566900.0
20260127,603210,泰鸿万立,20.09,19.96,20.1,19.59,3039900.0
20260127,603211,晋拓股份,22.47,22.65,22.77,21.86,6087700.0
20260127,603212,赛伍技术,15.6,17.47,17.47,15.5,81708900.0
20260127,603213,镇洋发展,13.72,13.71,13.79,13.62,2598400.0
20260127,603214,爱婴室,17.8,17.73,17.92,17.48,4175900.0
20260127,603215,比依股份,20.69,20.8,21.07,20.16,4029800.0
20260127,603216,梦天家居,51.2,49.16,52.83,47.83,7782100.0
20260127,603217,元利科技,27.33,26.88,27.6,26.4,2480200.0
20260127,603218,日月股份,14.07,14.22,14.34,13.91,14545300.0
20260127,603219,富佳股份,18.63,18.6,18.85,18.2,4220600.0
20260127,603220,中贝通信,25.33,25.6,26.0,24.9,25649800.0
20260127,603221,爱丽家居,13.11,12.98,13.15,12.57,5101000.0
20260127,603222,济民健康,9.08,8.74,9.11,8.54,21941100.0
20260127,603223,恒通股份,10.34,10.17,10.35,10.04,8480700.0
20260127,603225,新凤鸣,21.18,20.85,21.5,20.66,22767100.0
20260127,603226,菲林格尔,29.49,28.98,29.73,27.6,4667400.0
20260127,603227,雪峰科技,8.68,8.55,8.78,8.5,16695700.0
20260127,603228,景旺电子,65.62,65.82,66.29,63.6,28179900.0
20260127,603229,奥翔药业,9.99,10.45,10.81,9.62,36292400.0
20260127,603230,内蒙新华,12.45,12.58,12.6,12.25,4993700.0
20260127,603231,索宝蛋白,19.98,19.68,19.98,19.28,3253900.0
20260127,603232,格尔软件,21.32,22.58,22.85,20.88,19458900.0
20260127,603233,大参林,20.72,19.94,20.79,19.83,9462200.0
20260127,603235,天新药业,27.4,26.99,27.4,26.83,663300.0
20260127,603236,移远通信,95.13,96.63,97.0,93.73,6495700.0
20260127,603237,五芳斋,17.37,17.16,17.37,16.95,1442700.0
20260127,603238,诺邦股份,19.52,19.2,19.6,19.0,2937200.0
20260127,603239,浙江仙通,24.83,24.94,25.1,24.11,7248000.0
20260127,603248,锡华科技,24.99,23.91,24.99,23.25,14122500.0
20260127,603255,鼎际得,33.73,33.92,33.95,32.51,2482700.0
20260127,603256,宏和科技,48.3,47.3,48.4,44.5,32065700.0
20260127,603257,中国瑞林,65.6,63.97,65.6,62.89,3512200.0
20260127,603258,电魂网络,19.08,18.85,19.41,18.53,3395300.0
20260127,603259,药明康德,96.87,95.79,97.75,95.33,38180900.0
20260127,603260,合盛硅业,53.02,52.8,53.6,51.62,12479200.0
20260127,603261,立航科技,31.11,30.2,31.11,30.2,462700.0
20260127,603262,技源集团,29.58,28.83,29.59,28.28,2900200.0
20260127,603266,天龙股份,21.96,22.46,22.49,21.26,5142000.0
20260127,603267,鸿远电子,56.76,60.92,61.0,56.0,14618700.0
20260127,603268,松发股份,85.1,82.39,85.9,81.95,2316800.0
20260127,603269,海鸥股份,12.61,12.58,12.65,12.22,10599400.0
20260127,603270,金帝股份,27.4,27.83,27.88,27.2,4485000.0
20260127,603271,永杰新材,50.5,47.93,50.5,47.11,13296000.0
20260127,603273,天元智能,19.1,19.09,19.35,18.57,2217400.0
20260127,603275,众辰科技,49.03,51.51,52.14,48.2,6290500.0
20260127,603276,恒兴新材,18.4,18.39,18.8,18.08,2667200.0
20260127,603277,银都股份,16.42,16.29,16.42,16.1,1531300.0
20260127,603278,大业股份,12.45,12.68,12.72,12.21,17958500.0
20260127,603279,景津装备,17.28,18.23,18.6,17.27,21246200.0
20260127,603280,南方路机,40.51,40.88,40.98,39.2,2947900.0
20260127,603281,江瀚新材,31.1,31.78,32.03,30.88,4028400.0
20260127,603282,亚光股份,21.89,21.63,21.89,21.01,3072800.0
20260127,603283,赛腾股份,52.35,52.56,52.88,50.57,14810600.0
20260127,603285,键邦股份,32.36,32.28,32.58,31.45,4246800.0
20260127,603286,日盈电子,74.3,75.39,75.88,73.18,5072200.0
20260127,603288,海天味业,35.67,35.41,35.8,35.41,15219300.0
20260127,603289,泰瑞机器,11.18,11.28,11.33,10.85,5216800.0
20260127,603290,斯达半导,107.68,111.3,112.87,105.3,9676600.0
20260127,603291,联合水务,11.65,11.67,11.82,11.44,4628000.0
20260127,603296,华勤技术,90.18,88.77,90.59,87.2,10983200.0
20260127,603297,永新光学,106.01,108.5,108.56,103.3,1806500.0
20260127,603298,杭叉集团,27.13,28.73,29.05,27.08,21994200.0
20260127,603299,苏盐井神,11.24,11.15,11.37,11.04,11306300.0
20260127,603300,海南华铁,7.51,7.39,7.52,7.23,89025500.0
20260127,603301,振德医疗,71.54,69.6,71.54,67.96,3369800.0
20260127,603303,得邦照明,14.75,14.66,14.77,14.07,3234700.0
20260127,603305,旭升集团,19.29,19.27,19.63,18.82,59240600.0
20260127,603306,华懋科技,74.11,76.7,77.66,72.3,12875200.0
20260127,603307,扬州金泉,42.03,41.03,42.04,40.36,999900.0
20260127,603308,应流股份,51.98,54.17,54.5,51.48,20074100.0
20260127,603309,维力医疗,14.72,14.62,14.79,14.18,7476600.0
20260127,603310,巍华新材,17.68,17.74,17.74,17.3,3385400.0
20260127,603311,金海高科,15.85,15.9,15.96,15.19,7779900.0
20260127,603312,西典新能,51.79,51.19,51.87,49.51,3498800.0
20260127,603313,梦百合,9.99,9.88,10.01,9.71,14453900.0
20260127,603315,福鞍股份,15.92,16.38,16.49,15.38,15685000.0
20260127,603316,诚邦股份,13.58,13.61,13.65,13.05,10145600.0
20260127,603317,天味食品,13.07,12.56,13.15,12.51,9056700.0
20260127,603318,水发燃气,7.24,7.1,7.25,6.99,9019200.0
20260127,603319,美湖股份,38.5,41.17,41.41,37.2,30288400.0
20260127,603320,迪贝电气,22.65,22.34,22.94,21.8,4929300.0
20260127,603321,梅轮电梯,8.46,8.45,8.49,8.21,5044500.0
20260127,603322,超讯科技,38.99,38.18,38.99,37.09,5976500.0
20260127,603323,苏农银行,5.01,4.98,5.02,4.96,28861800.0
20260127,603324,盛剑科技,26.9,27.5,27.72,26.22,2974100.0
20260127,603325,博隆技术,83.38,84.0,84.62,82.76,790200.0
20260127,603326,我乐家居,9.98,9.99,10.03,9.71,4572500.0
20260127,603327,福蓉科技,10.93,10.69,10.98,10.44,23378900.0
20260127,603328,依顿电子,11.57,11.73,11.81,11.12,27937400.0
20260127,603329,上海雅仕,11.75,11.71,11.77,11.4,2558000.0
20260127,603330,天洋新材,7.78,7.75,7.85,7.37,14257100.0
20260127,603331,百达精工,15.3,16.58,17.2,14.92,66399600.0
20260127,603332,苏州龙杰,14.05,14.2,14.59,13.93,9602400.0
20260127,603333,福华尚纬,8.38,8.14,8.39,7.98,17288600.0
20260127,603334,丰倍生物,49.44,49.7,51.12,48.83,2274600.0
20260127,603335,迪生力,6.03,5.99,6.15,5.82,12261000.0
20260127,603336,宏辉果蔬,9.86,9.73,9.86,9.45,14329400.0
20260127,603337,杰克科技,45.03,47.96,47.97,44.91,7034800.0
20260127,603338,浙江鼎力,59.17,58.55,59.38,57.89,4238600.0
20260127,603339,四方科技,14.02,14.02,14.11,13.58,4992400.0
20260127,603341,龙旗科技,47.24,48.22,48.94,45.98,14987500.0
20260127,603344,星德胜,33.21,32.83,33.82,32.0,2802800.0
20260127,603345,安井食品,89.04,87.9,90.31,87.2,3665400.0
20260127,603348,文灿股份,21.52,21.2,21.61,21.09,4332300.0
20260127,603350,安乃达,39.16,39.2,39.44,37.81,1621300.0
20260127,603351,威尔药业,28.08,28.08,28.15,27.36,732400.0
20260127,603352,至信股份,46.3,45.4,46.3,45.11,5627700.0
20260127,603353,和顺石油,35.0,35.56,35.88,33.57,14165800.0
20260127,603355,莱克电气,36.13,36.07,36.51,35.26,2799300.0
20260127,603356,华菱精工,18.48,18.35,18.77,17.08,8513100.0
20260127,603357,设计总院,8.4,8.37,8.4,8.26,3825500.0
20260127,603358,华达科技,54.5,53.37,54.52,53.1,4469400.0
20260127,603360,百傲化学,35.16,34.08,35.32,33.26,20510900.0
20260127,603363,傲农生物,4.27,4.17,4.27,4.16,45267900.0
20260127,603365,水星家纺,21.13,20.75,21.13,20.64,1332700.0
20260127,603366,日出东方,10.33,10.75,10.99,10.01,95628600.0
20260127,603367,辰欣药业,19.25,18.7,19.3,18.26,21520600.0
20260127,603368,柳药集团,18.8,18.49,18.8,18.32,9078800.0
20260127,603369,今世缘,32.97,32.2,33.05,32.18,11035700.0
20260127,603370,华新精科,52.38,52.32,52.49,50.5,3301300.0
20260127,603373,安邦护卫,39.7,39.55,39.7,38.36,1131300.0
20260127,603375,盛景微,38.99,39.79,39.9,37.7,2969000.0
20260127,603376,大明电子,39.0,39.18,39.33,37.8,2585800.0
20260127,603379,三美股份,68.0,68.43,70.98,67.5,8819200.0
20260127,603380,易德龙,41.74,42.08,42.3,40.65,2908600.0
20260127,603381,永臻股份,21.08,23.35,23.35,20.35,19999900.0
20260127,603382,海阳科技,31.96,32.02,32.13,31.15,1504600.0
20260127,603383,顶点软件,37.79,37.58,38.0,36.89,3927300.0
20260127,603385,惠达卫浴,7.07,7.03,7.18,6.86,4360700.0
20260127,603386,骏亚科技,15.18,15.45,15.7,14.49,20437000.0
20260127,603387,基蛋生物,9.11,9.07,9.14,8.76,20096000.0
20260127,603389,亚振家居,48.71,49.8,50.66,48.68,1124300.0
20260127,603390,通达电气,13.33,13.36,13.55,13.1,7154400.0
20260127,603391,力聚热能,67.24,65.39,67.96,64.8,1042200.0
20260127,603392,万泰生物,46.9,44.94,46.91,44.33,10001700.0
20260127,603393,新天然气,30.45,29.96,30.65,29.72,14057800.0
20260127,603395,红四方,30.9,30.6,30.9,30.2,3725700.0
20260127,603396,金辰股份,41.58,46.49,46.49,40.85,26308900.0
20260127,603399,永杉锂业,11.99,11.71,12.08,11.43,22343200.0
20260127,603400,华之杰,58.02,59.7,59.85,56.7,1452900.0
20260127,603402,陕西旅游,161.4,154.18,161.5,150.6,2290100.0
20260127,603406,天富龙,40.34,40.18,40.66,39.49,2373600.0
20260127,603408,建霖家居,13.54,13.45,13.7,13.24,3230900.0
20260127,603409,汇通控股,38.3,38.92,39.06,37.67,3252600.0
20260127,603416,信捷电气,59.3,58.16,60.07,56.81,4801700.0
20260127,603418,友升股份,59.4,58.99,59.43,58.1,1652000.0
20260127,603421,鼎信通讯,7.63,7.98,8.1,7.45,47293400.0
20260127,603439,三力制药,12.48,12.31,12.5,12.1,5485300.0
20260127,603444,吉比特,442.0,451.38,451.98,434.0,1376400.0
20260127,603456,九洲药业,19.05,18.71,19.08,18.33,16931400.0
20260127,603458,勘设股份,11.83,11.92,12.1,11.39,22697500.0
20260127,603466,风语筑,9.42,9.35,9.63,9.15,22290100.0
20260127,603477,巨星农牧,17.73,17.35,17.73,17.32,8375600.0
20260127,603486,科沃斯,78.18,76.67,78.54,76.1,6841900.0
20260127,603488,展鹏科技,9.64,10.59,10.59,9.28,21892900.0
20260127,603489,八方股份,31.93,32.22,32.32,31.11,2922800.0
20260127,603496,恒为科技,30.22,30.5,30.98,29.6,16368200.0
20260127,603499,翔港科技,23.45,22.92,23.7,22.36,6344500.0
20260127,603500,祥和实业,13.78,13.78,13.99,13.57,8353700.0
20260127,603501,豪威集团,124.5,124.86,125.9,122.73,17527700.0
20260127,603505,金石资源,21.46,20.91,21.52,20.36,26244400.0
20260127,603506,南都物业,14.34,14.16,14.37,13.9,3505400.0
20260127,603507,振江股份,28.7,30.89,31.31,28.7,15288600.0
20260127,603508,思维列控,27.33,27.3,27.58,26.95,7261400.0
20260127,603511,爱慕股份,16.41,17.25,18.01,16.36,21098300.0
20260127,603515,欧普照明,19.42,19.87,20.11,19.1,3551200.0
20260127,603516,淳中科技,179.64,179.64,179.64,179.64,1271100.0
20260127,603518,锦泓集团,10.01,9.81,10.02,9.76,7774300.0
20260127,603519,立霸股份,13.16,13.14,13.16,12.85,2811100.0
20260127,603520,司太立,11.02,10.89,11.02,10.64,12523600.0
20260127,603527,众源新材,11.86,11.61,11.86,11.28,11584400.0
20260127,603528,多伦科技,10.07,10.0,10.11,9.78,14798100.0
20260127,603529,爱玛科技,30.16,29.59,30.2,29.33,9066100.0
20260127,603530,神马电力,46.47,46.12,46.56,45.02,3915200.0
20260127,603533,掌阅科技,24.78,24.81,25.15,23.82,22308200.0
20260127,603535,嘉诚国际,10.25,10.17,10.28,10.1,3707600.0
20260127,603536,惠发食品,11.22,10.98,11.22,10.72,7692500.0
20260127,603538,美诺华,22.5,22.25,22.65,21.25,11514200.0
20260127,603551,奥普科技,11.3,11.18,11.3,11.05,3948500.0
20260127,603556,海兴电力,39.69,38.91,40.22,38.47,6238900.0
20260127,603558,健盛集团,11.75,11.6,11.76,11.45,5897600.0
20260127,603559,中通国脉,6.21,6.21,6.34,6.12,6245600.0
20260127,603565,中谷物流,10.19,10.19,10.21,10.1,12874200.0
20260127,603566,普莱柯,14.06,13.96,14.14,13.72,8275500.0
20260127,603567,珍宝岛,8.51,8.27,8.51,8.17,26238000.0
20260127,603568,伟明环保,27.93,27.91,28.3,27.46,5123000.0
20260127,603569,长久物流,7.41,7.36,7.49,7.27,13033100.0
20260127,603577,汇金通,11.09,10.76,11.15,10.6,9804300.0
20260127,603578,三星新材,14.97,15.7,16.11,14.8,22979900.0
20260127,603579,荣泰健康,25.51,25.05,25.66,24.49,6683200.0
20260127,603580,艾艾精工,16.62,16.74,16.81,16.34,906800.0
20260127,603583,捷昌驱动,38.52,38.4,38.74,37.2,6862500.0
20260127,603585,苏利股份,21.45,21.67,21.76,21.06,4545900.0
20260127,603586,金麒麟,19.56,19.53,19.75,19.1,2982500.0
20260127,603587,地素时尚,13.19,12.99,13.2,12.94,2424700.0
20260127,603588,高能环境,10.06,10.32,10.38,9.95,58877400.0
20260127,603589,口子窖,29.12,28.38,29.12,28.21,8030200.0
20260127,603590,康辰药业,42.69,41.05,42.7,40.88,4254300.0
20260127,603596,伯特利,54.48,55.25,55.33,53.21,13767500.0
20260127,603598,引力传媒,26.78,25.86,27.2,25.2,43794900.0
20260127,603599,广信股份,13.02,12.85,13.13,12.6,17461100.0
20260127,603600,永艺股份,11.93,11.86,11.96,11.77,4997600.0
20260127,603601,再升科技,10.08,10.7,11.07,10.08,209111500.0
20260127,603602,纵横通信,15.68,15.91,15.92,15.4,8995100.0
20260127,603605,珀莱雅,73.3,72.5,73.3,71.51,4332600.0
20260127,603606,东方电缆,58.82,61.12,61.5,58.55,21985500.0
20260127,603607,京华激光,24.41,23.83,24.47,23.05,8715500.0
20260127,603608,天创时尚,11.71,11.3,11.78,10.9,31598500.0
20260127,603609,禾丰股份,7.36,7.26,7.36,7.16,5328700.0
20260127,603610,麒盛科技,17.43,17.8,17.8,17.17,5170100.0
20260127,603611,诺力股份,24.7,24.76,24.94,24.19,4839500.0
20260127,603612,索通发展,29.11,28.6,30.2,28.03,39059700.0
20260127,603613,国联股份,27.95,27.83,28.33,27.42,15890500.0
20260127,603615,茶花股份,25.36,24.95,25.68,24.24,4992000.0
20260127,603617,君禾股份,7.78,7.86,7.88,7.59,11328700.0
20260127,603618,杭电股份,8.78,8.51,8.78,8.15,32922600.0
20260127,603619,中曼石油,30.4,30.8,32.58,30.0,36093000.0
20260127,603626,科森科技,21.86,22.8,23.25,21.86,38781600.0
20260127,603628,清源股份,14.32,14.74,14.83,13.93,19258400.0
20260127,603629,利通电子,35.89,34.65,35.89,32.88,63051900.0
20260127,603630,拉芳家化,22.57,21.92,22.57,21.53,4150900.0
20260127,603633,徕木股份,9.49,9.57,9.59,9.16,9390400.0
20260127,603636,南威软件,11.77,11.71,11.85,11.46,15759100.0
20260127,603637,镇海股份,13.25,13.31,13.48,13.09,12697700.0
20260127,603638,艾迪精密,22.31,22.69,22.83,21.74,12320400.0
20260127,603639,海利尔,14.04,13.93,14.09,13.75,3740100.0
20260127,603648,畅联股份,10.91,10.94,10.99,10.66,4534400.0
20260127,603650,彤程新材,58.55,59.52,60.61,57.02,19034900.0
20260127,603655,朗博科技,44.1,43.92,45.97,42.69,5577900.0
20260127,603656,泰禾智能,24.78,25.03,25.18,24.23,5327200.0
20260127,603657,春光科技,29.85,29.59,29.85,28.75,2223900.0
20260127,603658,安图生物,38.6,38.19,38.98,37.41,7988500.0
20260127,603659,璞泰来,29.1,28.72,29.39,27.6,46087300.0
20260127,603660,苏州科达,12.3,10.75,12.3,10.7,39408000.0
20260127,603661,恒林股份,34.81,34.25,34.81,33.28,903300.0
20260127,603662,柯力传感,68.49,69.06,69.16,65.84,7658500.0
20260127,603663,三祥新材,38.18,41.47,41.47,38.0,22879300.0
20260127,603665,康隆达,35.42,35.58,35.89,34.01,3875200.0
20260127,603666,亿嘉和,32.38,33.89,34.2,32.3,12583400.0
20260127,603667,五洲新春,82.95,82.3,83.85,80.01,37788800.0
20260127,603668,天马科技,15.65,15.62,15.71,15.15,7196800.0
20260127,603669,灵康药业,4.84,4.69,4.85,4.63,11698400.0
20260127,603676,卫信康,11.43,11.36,11.46,11.12,2550900.0
20260127,603677,奇精机械,18.38,18.3,18.49,17.82,2335500.0
20260127,603678,火炬电子,40.97,42.66,43.34,40.01,25895300.0
20260127,603679,华体科技,16.25,16.07,16.39,15.66,7738700.0
20260127,603680,今创集团,15.29,15.79,15.9,15.0,8179500.0
20260127,603681,永冠新材,22.6,22.2,22.65,21.48,11695700.0
20260127,603682,锦和商管,7.0,6.73,7.0,6.48,14975900.0
20260127,603683,晶华新材,27.9,27.34,28.42,26.88,18159800.0
20260127,603685,晨丰科技,19.57,20.43,20.79,19.52,5749100.0
20260127,603686,福龙马,25.18,24.74,25.25,23.9,26961100.0
20260127,603687,大胜达,11.46,11.37,11.55,11.1,15598700.0
20260127,603688,石英股份,39.4,40.48,40.65,38.3,15507200.0
20260127,603689,皖天然气,8.56,8.45,8.56,8.28,5786800.0
20260127,603690,至纯科技,28.5,29.12,29.5,28.25,53055800.0
20260127,603693,江苏新能,12.76,12.64,12.77,12.39,5959300.0
20260127,603696,安记食品,19.59,19.54,19.98,19.0,14143500.0
20260127,603697,有友食品,13.18,12.64,13.18,12.6,6852000.0
20260127,603698,航天工程,34.2,33.66,34.79,33.25,26304400.0
20260127,603699,纽威股份,59.2,61.18,61.79,58.97,4896700.0
20260127,603700,宁水集团,14.27,14.22,14.31,13.84,3590800.0
20260127,603701,德宏股份,22.56,21.69,22.56,21.53,4984200.0
20260127,603703,盛洋科技,15.27,15.29,15.38,14.6,25422900.0
20260127,603706,东方环宇,21.0,20.91,21.02,20.62,1605800.0
20260127,603707,健友股份,9.72,9.62,9.75,9.51,12455800.0
20260127,603708,家家悦,13.33,13.06,13.42,12.88,11166200.0
20260127,603709,中源家居,18.08,18.11,18.31,17.47,3407400.0
20260127,603711,香飘飘,13.48,13.25,13.49,13.1,3221200.0
20260127,603712,七一二,20.8,20.94,21.1,20.2,24867400.0
20260127,603713,密尔克卫,66.0,65.84,66.96,65.08,2568400.0
20260127,603716,塞力医疗,25.46,24.44,25.46,23.94,19545500.0
20260127,603717,天域生物,7.76,7.65,7.79,7.45,7851200.0
20260127,603719,良品铺子,12.11,11.99,12.12,11.78,4459300.0
20260127,603721,中广天择,20.89,20.78,20.98,20.48,1404800.0
20260127,603722,阿科力,40.45,39.9,40.6,39.19,1398700.0
20260127,603725,天安新材,10.02,10.08,10.15,9.78,6703900.0
20260127,603726,朗迪集团,26.33,26.17,26.48,25.26,5845000.0
20260127,603727,博迈科,16.47,16.99,17.11,16.4,8439900.0
20260127,603728,鸣志电器,72.33,73.56,73.9,69.63,10030400.0
20260127,603730,岱美股份,10.26,10.39,10.65,10.25,26115200.0
20260127,603733,仙鹤股份,24.25,23.76,24.35,23.61,4831600.0
20260127,603737,三棵树,51.89,52.18,53.54,51.53,4262500.0
20260127,603738,泰晶科技,16.3,16.53,16.54,15.77,13744600.0
20260127,603739,蔚蓝生物,15.97,15.58,15.99,15.17,13429300.0
20260127,603755,日辰股份,37.49,37.26,37.91,36.82,1455300.0
20260127,603757,大元泵业,41.0,41.07,41.5,39.55,5370200.0
20260127,603758,秦安股份,15.46,15.28,15.56,14.97,5977000.0
20260127,603759,海天股份,11.99,11.92,12.02,11.54,12538900.0
20260127,603766,隆鑫通用,15.61,15.97,16.18,15.49,30825200.0
20260127,603767,中马传动,22.48,21.92,22.49,21.4,9289300.0
20260127,603768,常青股份,11.73,11.81,11.9,11.4,2959100.0
20260127,603773,沃格光电,37.68,39.86,40.56,37.03,22333200.0
20260127,603776,永安行,18.57,18.53,18.67,18.1,3471800.0
20260127,603777,来伊份,13.4,13.23,13.44,13.02,4441700.0
20260127,603778,国晟科技,18.0,16.85,18.39,16.8,81238500.0
20260127,603779,威龙股份,6.87,6.71,6.87,6.61,7910800.0
20260127,603786,科博达,76.49,77.51,78.18,75.04,2794800.0
20260127,603787,新日股份,13.36,13.22,13.65,12.74,14507000.0
20260127,603788,宁波高发,16.81,16.7,16.88,16.31,2371900.0
20260127,603790,雅运股份,21.8,21.51,21.98,20.96,2533700.0
20260127,603797,联泰环保,5.08,4.98,5.1,4.9,9294700.0
20260127,603798,康普顿,16.66,16.66,16.95,16.66,4552700.0
20260127,603799,华友钴业,78.7,78.15,80.41,77.41,52725800.0
20260127,603800,洪田股份,48.01,46.93,48.18,44.93,5949000.0
20260127,603801,志邦家居,9.7,9.65,9.74,9.55,6125700.0
20260127,603803,瑞斯康达,10.2,10.03,10.21,9.8,12027700.0
20260127,603806,福斯特,17.7,18.74,19.08,17.55,128497100.0
20260127,603808,歌力思,9.65,9.62,9.74,9.44,5941100.0
20260127,603809,豪能股份,13.43,13.34,13.49,12.92,24594100.0
20260127,603810,丰山集团,16.81,16.52,16.81,16.1,2863400.0
20260127,603811,诚意药业,12.64,12.42,12.82,11.94,21836000.0
20260127,603813,原尚股份,42.1,41.3,42.3,41.0,328400.0
20260127,603815,交建股份,7.11,7.19,7.29,7.07,42093400.0
20260127,603816,顾家家居,34.41,34.13,34.69,33.88,4225700.0
20260127,603817,海峡环保,7.05,6.95,7.05,6.86,13055200.0
20260127,603818,曲美家居,3.76,3.7,3.78,3.63,13617800.0
20260127,603819,神力股份,12.71,12.69,12.84,12.35,5082300.0
20260127,603823,百合花,19.31,19.11,19.6,18.7,10864200.0
20260127,603826,坤彩科技,17.19,17.1,17.2,16.65,5634800.0
20260127,603829,洛凯股份,24.63,25.06,25.3,24.04,6850100.0
20260127,603833,欧派家居,56.99,57.85,58.3,56.99,2770800.0
20260127,603836,海程邦达,14.63,14.4,14.74,14.25,3702000.0
20260127,603839,安正时尚,8.23,8.0,8.28,7.91,6371300.0
20260127,603848,好太太,18.72,18.2,18.84,17.9,4656900.0
20260127,603855,华荣股份,19.34,19.36,19.44,18.91,3900500.0
20260127,603856,东宏股份,13.65,13.56,13.69,13.33,3102900.0
20260127,603858,步长制药,17.53,17.37,17.54,17.02,8890900.0
20260127,603859,能科科技,48.92,49.3,49.69,47.61,9807300.0
20260127,603860,中公高科,32.2,32.13,32.39,31.28,1090300.0
20260127,603861,白云电器,15.3,16.0,16.08,14.45,38003900.0
20260127,603863,松炀资源,20.66,20.01,20.75,19.68,6879600.0
20260127,603866,桃李面包,5.47,5.42,5.47,5.32,24720200.0
20260127,603867,新化股份,29.08,28.87,29.54,28.5,5203700.0
20260127,603868,飞科电器,38.0,38.42,38.83,37.45,1752700.0
20260127,603871,嘉友国际,13.67,13.32,13.77,13.21,16889700.0
20260127,603876,鼎胜新材,16.04,15.62,16.4,15.31,37517800.0
20260127,603877,太平鸟,16.87,16.28,16.87,16.09,3557200.0
20260127,603878,武进不锈,9.3,9.62,9.78,9.28,50316900.0
20260127,603879,永悦科技,6.5,6.42,6.78,6.2,16887000.0
20260127,603880,南卫股份,6.5,6.39,6.52,6.18,6684400.0
20260127,603881,数据港,36.97,37.56,38.1,36.21,88467800.0
20260127,603882,金域医学,33.25,32.99,33.81,32.2,11788900.0
20260127,603883,老百姓,16.09,15.71,16.09,15.55,21227200.0
20260127,603885,吉祥航空,15.55,15.5,15.75,15.26,12341700.0
20260127,603886,元祖股份,13.88,13.57,13.88,13.35,5931900.0
20260127,603887,城地香江,14.85,14.57,14.92,14.26,23308900.0
20260127,603888,新华网,24.5,24.3,24.93,23.5,27883300.0
20260127,603889,新澳股份,9.4,9.28,9.5,9.18,7337100.0
20260127,603890,春秋电子,15.86,15.75,15.98,14.95,25498400.0
20260127,603893,瑞芯微,190.65,200.06,202.88,190.38,21447800.0
20260127,603895,天永智能,33.74,36.27,37.8,33.36,11248300.0
20260127,603896,寿仙谷,21.45,20.5,21.49,20.48,8118400.0
20260127,603897,长城科技,27.61,27.28,27.79,26.73,6107000.0
20260127,603898,好莱客,16.32,17.27,17.46,16.05,16932100.0
20260127,603899,晨光股份,27.93,27.84,28.17,27.6,3481900.0
20260127,603900,莱绅通灵,9.78,9.57,10.05,9.47,33564100.0
20260127,603901,永创智能,15.55,15.35,15.55,14.66,16773300.0
20260127,603903,中持股份,12.54,12.37,12.58,12.12,7165500.0
20260127,603906,龙蟠科技,19.2,18.76,19.31,18.2,19663500.0
20260127,603908,牧高笛,24.89,24.8,24.95,24.12,1326100.0
20260127,603909,建发合诚,11.6,11.5,11.67,11.21,3850200.0
20260127,603912,佳力图,8.79,8.86,8.88,8.5,17554300.0
20260127,603915,国茂股份,18.0,17.88,18.12,17.39,11280700.0
20260127,603916,苏博特,12.32,13.67,13.67,11.9,57779700.0
20260127,603917,合力科技,15.17,15.26,15.35,14.68,8262100.0
20260127,603918,金桥信息,17.51,17.44,17.68,17.0,18302400.0
20260127,603919,金徽酒,19.78,19.54,19.82,19.41,3513900.0
20260127,603920,世运电路,63.95,68.25,68.8,62.65,41384800.0
20260127,603926,铁流股份,23.96,25.44,26.0,23.48,17244200.0
20260127,603927,中科软,20.18,20.33,20.38,19.84,14673700.0
20260127,603928,兴业股份,16.16,16.34,16.45,15.64,8040600.0
20260127,603929,亚翔集成,137.77,149.6,149.6,137.08,5762100.0
20260127,603931,格林达,33.37,34.41,34.68,32.55,4762700.0
20260127,603933,睿能科技,23.56,23.8,23.83,22.5,7146000.0
20260127,603936,博敏电子,12.85,12.98,13.09,12.35,37341800.0
20260127,603937,丽岛新材,12.8,12.73,13.0,12.33,3850600.0
20260127,603938,三孚股份,27.23,27.01,27.65,26.26,16102900.0
20260127,603939,益丰药房,24.4,23.97,24.7,23.83,14351000.0
20260127,603948,建业股份,29.0,29.1,29.25,28.5,2691500.0
20260127,603949,雪龙集团,22.69,21.98,23.27,21.75,10516000.0
20260127,603950,长源东谷,32.4,31.87,32.45,30.65,4964800.0
20260127,603955,大千生态,30.5,30.36,30.52,29.82,1649200.0
20260127,603956,威派格,6.8,6.76,6.85,6.61,9615500.0
20260127,603958,哈森股份,15.2,14.36,15.26,14.14,17453500.0
20260127,603960,克来机电,20.99,21.81,21.9,20.93,16205600.0
20260127,603966,法兰泰克,12.59,12.62,12.74,12.33,11772000.0
20260127,603967,中创物流,12.89,12.67,12.95,12.53,4781600.0
20260127,603968,醋化股份,11.87,11.83,11.95,11.53,2881000.0
20260127,603969,银龙股份,10.66,10.37,10.66,10.16,31561300.0
20260127,603970,中农立华,13.75,14.04,14.15,13.7,7624900.0
20260127,603976,正川股份,20.99,20.85,21.0,20.0,2400700.0
20260127,603977,国泰集团,15.55,15.64,15.78,15.33,17789800.0
20260127,603978,深圳新星,25.54,25.03,25.64,24.3,10087900.0
20260127,603979,金诚信,79.48,78.94,79.8,76.8,12655500.0
20260127,603980,吉华集团,5.55,5.52,5.6,5.41,17217200.0
20260127,603982,泉峰汽车,8.9,8.86,8.92,8.61,7001000.0
20260127,603983,丸美生物,33.23,31.84,33.33,31.61,4635600.0
20260127,603985,恒润股份,16.51,17.06,17.12,16.33,16046500.0
20260127,603986,兆易创新,290.0,307.26,312.42,286.67,38004400.0
20260127,603987,康德莱,9.54,9.45,9.54,9.17,9256300.0
20260127,603988,中电电机,34.02,34.66,35.36,32.6,14962900.0
20260127,603989,艾华集团,18.21,18.58,18.65,17.92,6100000.0
20260127,603990,麦迪科技,15.44,15.32,15.48,14.95,13718500.0
20260127,603991,领先股份,86.69,87.69,88.18,82.7,3182100.0
20260127,603992,松霖科技,38.89,41.29,42.18,38.0,9265000.0
20260127,603993,洛阳钼业,24.42,24.48,25.8,23.8,454561600.0
20260127,603995,甬金股份,19.58,19.44,19.8,19.11,6279200.0
20260127,603997,继峰股份,14.78,15.85,15.95,14.64,27683200.0
20260127,603998,方盛制药,12.52,12.22,12.52,12.05,10183900.0
20260127,603999,读者传媒,7.5,7.41,7.56,7.3,9306200.0
20260127,605001,威奥股份,8.28,8.22,8.31,8.02,8479400.0
20260127,605003,众望布艺,32.0,33.99,34.35,31.86,3801400.0
20260127,605005,合兴股份,19.0,19.05,19.1,18.81,1891800.0
20260127,605006,山东玻纤,7.95,7.83,7.97,7.68,11504300.0
20260127,605007,五洲特纸,13.61,13.54,13.76,13.27,6903400.0
20260127,605008,长鸿高科,14.41,14.08,14.41,13.91,4205400.0
20260127,605009,豪悦护理,32.0,31.27,32.0,31.01,2567200.0
20260127,605011,杭州热电,20.75,20.38,20.75,20.2,2678300.0
20260127,605016,百龙创园,24.98,24.92,25.7,24.53,13008500.0
20260127,605018,长华集团,11.72,11.73,11.82,11.52,2701900.0
20260127,605020,永和股份,28.95,28.74,29.59,28.38,15513300.0
20260127,605028,世茂能源,27.11,26.84,27.43,26.5,2009200.0
20260127,605033,美邦股份,20.92,20.93,21.05,20.31,2508300.0
20260127,605050,福然德,13.69,13.44,13.74,13.03,7335300.0
20260127,605055,迎丰股份,9.0,9.08,9.1,8.78,3960300.0
20260127,605056,咸亨国际,21.82,22.36,22.86,21.55,24511900.0
20260127,605058,澳弘电子,31.46,31.8,31.94,30.33,2239400.0
20260127,605060,联德股份,41.07,40.85,42.0,39.2,5643300.0
20260127,605066,天正电气,8.45,8.33,8.45,8.14,20897000.0
20260127,605068,明新旭腾,26.38,27.29,27.67,26.38,4171300.0
20260127,605069,正和生态,14.15,13.73,14.16,13.41,5513600.0
20260127,605077,华康股份,16.13,15.98,16.18,15.5,3032600.0
20260127,605080,浙江自然,24.91,24.67,24.92,24.31,2440400.0
20260127,605086,龙高股份,45.5,45.23,45.79,43.67,3909400.0
20260127,605088,冠盛股份,36.3,36.98,37.28,34.96,5437300.0
20260127,605089,味知香,31.63,30.82,32.35,30.45,3802500.0
20260127,605090,九丰能源,49.43,49.65,51.6,48.7,22806200.0
20260127,605098,行动教育,45.89,45.44,46.28,45.29,1022400.0
20260127,605099,共创草坪,39.07,39.07,39.57,38.4,2551200.0
20260127,605100,华丰股份,47.0,45.8,47.5,45.53,3138400.0
20260127,605108,同庆楼,19.84,19.62,19.91,19.41,3284300.0
20260127,605111,新洁能,43.14,46.32,46.69,42.6,43584600.0
20260127,605116,奥锐特,30.62,30.35,30.76,29.88,3346800.0
20260127,605117,德业股份,93.74,94.35,96.44,91.29,12805700.0
20260127,605118,力鼎光电,41.11,40.63,42.5,38.99,9413100.0
20260127,605122,四方新材,13.7,13.55,13.75,13.29,6303200.0
20260127,605123,派克新材,110.15,117.29,119.87,110.0,8633200.0
20260127,605128,上海沿浦,40.6,40.94,41.32,38.99,4910300.0
20260127,605133,嵘泰股份,33.81,33.52,34.0,32.7,9123800.0
20260127,605136,丽人丽妆,11.88,12.32,12.87,11.88,32279600.0
20260127,605138,盛泰集团,7.45,7.36,7.47,7.22,3402700.0
20260127,605151,西上海,20.09,20.65,20.77,19.55,2718900.0
20260127,605155,西大门,18.9,19.7,19.79,18.7,6836200.0
20260127,605158,华达新材,8.47,8.39,8.47,8.22,5171100.0
20260127,605162,新中港,9.53,9.4,9.53,9.18,5151300.0
20260127,605166,聚合顺,10.65,10.53,10.65,10.3,5928200.0
20260127,605167,利柏特,17.6,17.95,18.51,17.35,12915900.0
20260127,605168,三人行,44.03,43.14,44.25,42.21,4801000.0
20260127,605169,洪通燃气,14.09,13.88,14.1,13.68,4472000.0
20260127,605177,东亚药业,22.9,22.49,23.0,21.8,2772500.0
20260127,605178,时空科技,67.94,66.48,69.2,63.01,5069800.0
20260127,605179,一鸣食品,20.48,20.37,20.48,20.08,3265200.0
20260127,605180,华生科技,15.46,15.45,15.5,15.0,2321400.0
20260127,605183,确成股份,22.06,21.95,22.55,21.76,2714800.0
20260127,605186,健麾信息,21.91,21.98,22.1,21.35,3804200.0
20260127,605188,国光连锁,19.68,19.99,20.09,19.52,5024900.0
20260127,605189,富春染织,15.58,15.75,15.8,15.11,4138000.0
20260127,605196,华通线缆,42.55,41.9,42.85,41.01,16207100.0
20260127,605198,安德利,44.9,46.0,46.46,44.35,3480900.0
20260127,605208,永茂泰,14.21,14.11,14.25,13.74,7483000.0
20260127,605218,伟时电子,19.82,20.02,20.09,19.4,2686200.0
20260127,605222,起帆电缆,22.5,21.93,22.5,21.22,10142400.0
20260127,605228,神通科技,15.58,15.23,15.59,14.85,7828000.0
20260127,605255,天普股份,147.13,147.46,153.58,140.16,3237100.0
20260127,605258,协和电子,33.62,33.72,33.78,32.26,2342800.0
20260127,605259,绿田机械,22.92,22.7,22.96,22.3,1783000.0
20260127,605266,健之佳,20.84,20.58,20.85,20.1,2719200.0
20260127,605268,王力安防,11.21,11.01,11.27,10.84,5295200.0
20260127,605277,新亚电子,25.15,24.89,25.15,24.21,14670000.0
20260127,605286,同力天启,40.8,39.77,41.2,39.08,1764800.0
20260127,605287,德才股份,47.95,46.94,48.7,44.02,14118600.0
20260127,605288,凯迪股份,122.39,131.42,131.42,118.53,1218800.0
20260127,605289,罗曼股份,67.73,69.47,70.53,66.02,3876600.0
20260127,605296,神农集团,28.65,27.75,28.65,27.5,3153400.0
20260127,605298,必得科技,42.5,43.82,44.85,42.3,1983600.0
20260127,605299,舒华体育,11.2,11.2,11.63,10.92,23044300.0
20260127,605300,佳禾食品,12.06,11.86,12.06,11.74,2974100.0
20260127,605303,园林股份,18.5,18.8,18.88,18.32,5354000.0
20260127,605305,中际联合,46.75,46.12,47.2,45.52,7886700.0
20260127,605318,法狮龙,64.7,65.4,65.88,63.53,1897700.0
20260127,605319,无锡振华,25.25,24.72,25.25,24.3,6582300.0
20260127,605333,沪光股份,30.21,29.63,30.47,29.12,4598100.0
20260127,605337,李子园,12.91,12.81,13.11,12.66,18160900.0
20260127,605338,巴比食品,32.69,30.81,32.75,30.57,3877400.0
20260127,605339,南侨食品,18.71,18.44,18.85,18.15,2182500.0
20260127,605358,立昂微,42.13,45.76,46.96,41.6,64765900.0
20260127,605365,立达信,21.41,20.77,21.42,20.51,9335000.0
20260127,605366,宏柏新材,7.09,7.06,7.1,6.82,25428400.0
20260127,605368,蓝天燃气,8.54,8.38,8.59,8.29,10189300.0
20260127,605369,拱东医疗,19.7,19.54,19.76,19.06,2341600.0
20260127,605376,博迁新材,78.96,83.5,84.87,78.2,12759000.0
20260127,605377,华旺科技,8.6,8.6,8.9,8.52,11221900.0
20260127,605378,野马电池,22.67,21.87,22.67,21.54,5475700.0
20260127,605388,均瑶健康,7.12,6.96,7.12,6.91,8852400.0
20260127,605389,长龄液压,81.5,80.22,82.23,78.34,1148400.0
20260127,605398,新炬网络,32.24,31.63,32.4,30.52,6391100.0
20260127,605399,晨光新材,15.4,15.05,15.63,14.72,12032600.0
20260127,605488,福莱新材,41.92,44.66,45.5,41.0,21774300.0
20260127,605499,东鹏饮料,251.99,245.81,252.18,245.0,2449300.0
20260127,605500,森林包装,9.03,8.9,9.07,8.79,4498800.0
20260127,605507,国邦医药,27.33,27.31,27.76,26.9,6173100.0
20260127,605555,德昌股份,18.91,19.3,19.54,18.28,13261900.0
20260127,605566,福莱蒽特,32.82,32.58,32.97,31.68,1848500.0
20260127,605567,春雪食品,11.85,11.66,11.85,11.4,3872300.0
20260127,605577,龙版传媒,13.96,14.0,14.19,13.8,2711500.0
20260127,605580,恒盛能源,25.59,26.0,26.35,24.87,8840900.0
20260127,605588,冠石科技,56.31,57.9,58.02,55.61,2014700.0
20260127,605589,圣泉集团,30.15,30.36,30.49,29.37,15782400.0
20260127,605598,上海港湾,64.26,64.55,66.08,61.29,12092400.0
20260127,605599,菜百股份,20.07,19.74,20.49,19.47,11943600.0
