日期,股票代码,股票名称,开盘价,收盘价,最高价,最低价,成交量(股)
20260928,000001,平安银行,11.28,11.3,11.41,11.27,71534100.0
20260928,000002,万  科Ａ,3.78,3.71,3.87,3.65,447633900.0
20260928,000006,深振业Ａ,7.21,7.32,7.47,7.06,31098000.0
20260928,000007,全新好,11.65,10.91,11.65,10.85,7452100.0
20260928,000008,神州高铁,2.38,2.35,2.39,2.34,17925000.0
20260928,000009,中国宝安,6.8,6.76,6.89,6.67,14503900.0
20260928,000011,深物业A,9.4,10.12,10.12,9.28,18841200.0
20260928,000012,南  玻Ａ,3.7,3.67,3.74,3.64,17462300.0
20260928,000014,沙河股份,10.66,11.2,11.58,10.49,22035800.0
20260928,000017,深中华A,7.56,7.36,7.66,7.28,32679300.0
20260928,000019,深粮控股,6.87,6.66,6.87,6.51,15061300.0
20260928,000020,深华发Ａ,13.59,14.64,14.64,13.13,14302300.0
20260928,000021,深科技,35.38,33.68,35.4,33.56,54170100.0
20260928,000025,特  力Ａ,14.9,14.96,15.17,14.77,5461900.0
20260928,000026,飞亚达,19.89,18.76,19.89,18.55,6178400.0
20260928,000027,深圳能源,6.17,6.18,6.21,6.14,17809100.0
20260928,000028,国药一致,19.55,19.46,19.74,19.35,2048500.0
20260928,000029,深深房Ａ,22.1,21.57,22.18,21.33,5171200.0
20260928,000030,富奥股份,3.9,3.86,3.92,3.84,8062600.0
20260928,000031,大悦城,2.28,2.27,2.3,2.23,46166900.0
20260928,000032,深桑达Ａ,14.13,13.41,14.13,13.22,27722000.0
20260928,000034,神州数码,24.14,22.7,24.48,22.7,30579200.0
20260928,000035,中国天楹,4.84,4.7,4.85,4.66,27970500.0
20260928,000036,华联控股,3.92,3.83,3.96,3.8,29021400.0
20260928,000037,深南电A,8.94,8.96,9.11,8.85,9583000.0
20260928,000039,中集集团,8.66,8.57,8.68,8.5,19175300.0
20260928,000042,中洲控股,8.22,8.16,8.28,8.06,5612500.0
20260928,000045,深纺织Ａ,11.08,11.25,11.31,11.03,6239100.0
20260928,000048,京基智农,18.66,17.96,18.7,17.94,10001200.0
20260928,000049,德赛电池,22.16,21.65,22.26,21.47,3796900.0
20260928,000050,深天马Ａ,6.39,6.26,6.47,6.2,20599100.0
20260928,000055,方大集团,3.8,3.85,3.87,3.77,20491300.0
20260928,000058,深 赛 格,7.0,7.12,7.31,7.0,15663400.0
20260928,000059,华锦股份,5.6,5.62,5.67,5.52,35337300.0
20260928,000060,中金岭南,5.9,5.74,5.91,5.71,78394300.0
20260928,000061,农 产 品,5.95,5.87,5.98,5.82,12397000.0
20260928,000062,深圳华强,22.74,21.84,22.74,21.75,13365500.0
20260928,000063,中兴通讯,31.7,30.79,31.74,30.63,69551000.0
20260928,000065,北方国际,9.81,9.58,9.82,9.51,14462400.0
20260928,000066,中国长城,14.84,14.16,14.9,14.12,111679400.0
20260928,000068,华控赛格,3.33,3.22,3.33,3.2,12234900.0
20260928,000069,华侨城Ａ,1.85,1.86,1.92,1.81,97672100.0
20260928,000070,特发信息,17.65,16.15,17.79,16.15,64929700.0
20260928,000088,盐 田 港,4.5,4.57,4.57,4.49,28413300.0
20260928,000089,深圳机场,6.5,6.56,6.58,6.46,14153700.0
20260928,000090,天健集团,3.5,3.56,3.61,3.46,20839700.0
20260928,000096,广聚能源,7.88,7.91,7.96,7.84,3647900.0
20260928,000099,中信海直,12.94,12.74,12.94,12.6,5417000.0
20260928,000100,TCL科技,4.9,4.8,4.94,4.76,305507400.0
20260928,000151,中成股份,10.27,10.14,10.47,9.98,13056300.0
20260928,000153,丰原药业,6.12,6.1,6.16,6.03,8331500.0
20260928,000155,川能动力,10.99,10.89,11.0,10.81,14635400.0
20260928,000156,华数传媒,6.98,6.88,7.04,6.85,10938900.0
20260928,000157,中联重科,6.02,5.9,6.03,5.89,47851700.0
20260928,000158,常山北明,12.6,12.2,12.67,12.15,19069300.0
20260928,000159,国际实业,5.46,5.49,5.54,5.38,10357200.0
20260928,000166,申万宏源,4.38,4.34,4.39,4.31,59371800.0
20260928,000301,东方盛虹,13.36,13.23,13.43,13.15,15204100.0
20260928,000333,美的集团,82.18,82.0,82.97,81.27,25657300.0
20260928,000338,潍柴动力,25.0,24.62,25.13,24.33,74939200.0
20260928,000400,许继电气,20.01,20.59,20.64,19.75,19710700.0
20260928,000401,金隅冀东,3.55,3.51,3.56,3.5,7712900.0
20260928,000402,金 融 街,2.63,2.61,2.65,2.58,51910000.0
20260928,000403,派林生物,9.91,9.8,10.04,9.69,6144400.0
20260928,000404,长虹华意,6.85,6.75,6.89,6.73,6032000.0
20260928,000407,胜利股份,4.13,4.17,4.19,4.12,12864000.0
20260928,000408,藏格矿业,70.39,69.9,70.93,69.76,7780000.0
20260928,000409,云鼎科技,8.85,8.73,8.9,8.67,3631400.0
20260928,000410,沈阳机床,5.24,5.12,5.25,5.07,17036400.0
20260928,000411,英特集团,10.36,10.1,10.48,9.99,7881000.0
20260928,000415,渤海租赁,4.09,4.06,4.1,3.97,57608100.0
20260928,000417,合百集团,5.82,5.7,5.89,5.63,21595500.0
20260928,000419,通程控股,4.96,5.01,5.04,4.95,4305800.0
20260928,000420,吉林化纤,3.54,3.47,3.54,3.45,36465600.0
20260928,000421,南京公用,5.66,5.63,5.69,5.62,3778900.0
20260928,000422,湖北宜化,11.79,11.54,11.84,11.42,12969400.0
20260928,000423,东阿阿胶,45.15,45.28,45.38,45.05,3649900.0
20260928,000425,徐工机械,7.16,7.06,7.16,7.03,72914800.0
20260928,000426,兴业银锡,32.04,31.17,32.2,30.78,50126400.0
20260928,000428,华天酒店,4.05,3.87,4.05,3.82,35925300.0
20260928,000429,粤高速Ａ,12.5,12.38,12.51,12.35,4677900.0
20260928,000430,张家界,6.87,6.72,6.92,6.66,8927600.0
20260928,000498,山东路桥,5.62,5.76,5.88,5.57,95287800.0
20260928,000501,武商集团,7.1,6.97,7.12,6.92,5735300.0
20260928,000503,国新健康,7.22,7.44,7.44,7.09,49139900.0
20260928,000504,南华生物,13.05,12.36,13.49,12.36,14032900.0
20260928,000505,京粮控股,6.37,6.13,6.43,5.94,28064100.0
20260928,000506,招金黄金,17.2,16.38,17.25,16.28,35078200.0
20260928,000507,珠海港,4.93,4.9,4.94,4.88,6209200.0
20260928,000509,华塑控股,3.68,3.49,3.69,3.44,47988300.0
20260928,000510,新金路,18.49,17.11,18.49,17.0,39992800.0
20260928,000513,丽珠集团,29.44,30.34,30.34,29.03,27942800.0
20260928,000514,渝 开 发,4.34,4.34,4.38,4.31,8136700.0
20260928,000516,国际医学,4.3,4.26,4.34,4.24,13730500.0
20260928,000517,荣安地产,2.0,2.01,2.03,1.98,33235400.0
20260928,000518,四环生物,3.66,3.72,3.89,3.66,25957100.0
20260928,000519,中兵红箭,14.78,14.46,14.79,14.33,28808500.0
20260928,000520,凤凰航运,4.16,4.05,4.19,4.02,16613300.0
20260928,000521,长虹美菱,4.34,4.28,4.35,4.26,6571800.0
20260928,000523,红棉股份,3.35,3.18,3.41,3.14,110162100.0
20260928,000524,岭南控股,8.95,8.76,8.95,8.74,4945700.0
20260928,000525,红太阳,4.47,4.39,4.47,4.35,10728400.0
20260928,000526,学大教育,36.0,35.38,36.23,34.9,2771200.0
20260928,000528,柳    工,7.48,7.43,7.49,7.38,14765900.0
20260928,000529,广弘控股,4.96,5.01,5.02,4.92,3144900.0
20260928,000530,冰山冷热,5.2,5.17,5.23,5.14,10458500.0
20260928,000531,穗恒运Ａ,5.53,5.47,5.54,5.45,5439000.0
20260928,000532,华金资本,12.89,12.45,12.93,12.31,23420200.0
20260928,000533,顺钠股份,10.3,10.04,10.33,9.97,20774300.0
20260928,000534,万泽股份,22.71,21.8,22.84,21.65,15065700.0
20260928,000536,华映科技,3.61,3.39,3.67,3.36,83231800.0
20260928,000537,绿发电力,7.29,7.28,7.32,7.22,10124300.0
20260928,000538,云南白药,49.87,50.33,50.47,49.76,6987700.0
20260928,000539,粤电力Ａ,4.94,4.93,4.97,4.88,29163800.0
20260928,000541,佛山照明,4.91,4.85,4.92,4.83,4970100.0
20260928,000543,皖能电力,7.13,7.17,7.23,7.12,19403100.0
20260928,000544,中原环保,7.18,7.15,7.23,7.11,2420200.0
20260928,000545,金浦钛业,2.18,2.16,2.19,2.14,23963300.0
20260928,000546,金圆股份,4.34,4.26,4.36,4.22,8437600.0
20260928,000547,航天发展,14.42,14.06,14.88,13.98,81791500.0
20260928,000548,湖南投资,4.59,4.58,4.6,4.5,3903700.0
20260928,000550,江铃汽车,16.05,16.12,16.14,15.88,5324400.0
20260928,000551,创元科技,12.13,11.63,12.13,11.55,12055600.0
20260928,000552,甘肃能化,2.45,2.44,2.46,2.42,48545400.0
20260928,000553,安道麦A,5.46,5.38,5.46,5.31,5093300.0
20260928,000554,泰山石油,6.25,6.24,6.27,6.15,7825300.0
20260928,000555,神州信息,9.9,9.77,9.96,9.59,24189500.0
20260928,000557,西部创业,3.63,3.57,3.65,3.55,6429500.0
20260928,000558,天府文旅,3.57,3.52,3.57,3.47,16862500.0
20260928,000559,万向钱潮,11.0,10.91,11.23,10.81,47869200.0
20260928,000560,我爱我家,3.71,3.71,3.83,3.47,635207400.0
20260928,000561,烽火电子,7.66,7.54,7.7,7.47,9027400.0
20260928,000563,陕国投Ａ,2.88,2.88,2.89,2.84,29897100.0
20260928,000564,供销大集,1.48,1.44,1.49,1.43,177373100.0
20260928,000565,渝三峡Ａ,6.44,6.35,6.47,6.3,11400000.0
20260928,000566,海南海药,4.7,4.64,4.74,4.58,44538900.0
20260928,000567,海德股份,5.92,5.82,5.95,5.77,15601000.0
20260928,000568,泸州老窖,70.65,69.96,70.95,69.7,5682200.0
20260928,000570,苏常柴Ａ,5.26,5.22,5.3,5.18,9001700.0
20260928,000571,新大洲A,6.6,6.34,6.62,6.26,21793100.0
20260928,000572,海马汽车,3.84,3.96,4.1,3.77,123525900.0
20260928,000573,粤宏远Ａ,3.79,3.8,3.84,3.74,12211000.0
20260928,000576,甘化科工,8.3,8.17,8.36,8.15,6734700.0
20260928,000581,威孚高科,18.1,17.94,18.22,17.88,4939200.0
20260928,000582,北部湾港,9.1,9.15,9.19,8.88,46388500.0
20260928,000586,汇源通信,13.37,12.72,13.39,12.41,8502100.0
20260928,000589,贵州轮胎,4.2,4.16,4.21,4.13,15006400.0
20260928,000590,古汉医药,9.01,8.92,9.1,8.86,3472600.0
20260928,000591,太阳能,4.15,4.14,4.17,4.11,27281800.0
20260928,000592,平潭发展,8.78,9.09,9.45,8.61,557131900.0
20260928,000593,德龙汇能,20.76,21.42,22.0,20.76,14571500.0
20260928,000595,新能股份,5.59,5.44,5.59,5.36,19510100.0
20260928,000596,古井贡酒,91.0,87.9,91.06,87.5,2961000.0
20260928,000597,东北制药,4.7,4.73,4.77,4.68,8656400.0
20260928,000598,兴蓉环境,7.04,6.99,7.06,6.96,12424600.0
20260928,000599,青岛双星,4.45,4.41,4.48,4.39,9503000.0
20260928,000600,建投能源,7.12,7.05,7.12,6.99,11595200.0
20260928,000601,韶能股份,5.95,5.96,6.01,5.88,19423700.0
20260928,000603,盛达资源,31.01,30.06,31.35,29.8,28028600.0
20260928,000605,渤海股份,5.96,5.96,6.02,5.88,3050900.0
20260928,000607,华媒控股,3.95,3.75,3.99,3.66,80427100.0
20260928,000608,阳光股份,7.1,7.0,7.21,6.92,17368300.0
20260928,000612,焦作万方,10.54,10.19,10.66,10.09,44254700.0
20260928,000617,中油资本,6.68,6.54,6.68,6.53,48191700.0
20260928,000619,海螺新材,5.23,5.22,5.3,5.17,4592500.0
20260928,000620,盈新发展,3.1,3.04,3.12,3.03,178258100.0
20260928,000623,吉林敖东,17.45,17.2,17.49,17.1,7886300.0
20260928,000625,长安汽车,7.03,7.05,7.13,7.01,46145500.0
20260928,000626,远大控股,8.96,8.7,9.18,8.62,12242200.0
20260928,000628,高新发展,57.62,54.75,57.95,54.28,8504800.0
20260928,000629,钒钛股份,2.82,2.77,2.83,2.74,66515500.0
20260928,000630,铜陵有色,5.84,5.69,5.84,5.68,175111900.0
20260928,000631,顺发恒能,3.01,2.96,3.04,2.95,9436200.0
20260928,000633,合金投资,5.26,5.26,5.32,5.18,9129800.0
20260928,000635,英 力 特,7.52,7.35,7.56,7.25,10805900.0
20260928,000636,风华高科,55.43,50.42,55.51,50.42,92498600.0
20260928,000637,茂化实华,4.24,4.2,4.26,4.12,11491100.0
20260928,000650,仁和药业,5.16,5.14,5.18,5.1,9969500.0
20260928,000651,格力电器,38.5,38.4,38.68,38.21,24144900.0
20260928,000652,泰达股份,3.31,3.27,3.33,3.25,7956100.0
20260928,000655,金岭矿业,7.1,7.05,7.11,6.98,4109800.0
20260928,000656,金科股份,1.23,1.21,1.24,1.2,139754700.0
20260928,000657,中钨高新,57.0,53.25,57.0,53.0,46925400.0
20260928,000659,珠海中富,2.71,2.74,2.79,2.7,28772600.0
20260928,000661,长春高新,70.6,70.5,71.5,70.08,3116200.0
20260928,000663,永安林业,5.99,6.08,6.28,5.91,18229900.0
20260928,000665,湖北广电,4.09,3.94,4.12,3.9,23138200.0
20260928,000668,荣丰控股,18.35,17.18,18.5,17.18,6215400.0
20260928,000670,盈方微,7.85,7.67,7.88,7.63,50757100.0
20260928,000672,上峰材料,15.65,14.71,15.74,14.64,19137700.0
20260928,000676,智度股份,6.69,6.37,6.75,6.35,90993400.0
20260928,000678,襄阳轴承,10.45,10.65,10.65,10.18,34985700.0
20260928,000679,大连友谊,6.46,6.33,6.5,6.3,5166400.0
20260928,000680,山推股份,9.04,8.92,9.09,8.86,12066500.0
20260928,000681,视觉中国,15.96,15.6,15.99,15.48,13543000.0
20260928,000682,东方电子,10.4,10.27,10.44,10.2,8254300.0
20260928,000683,博源化工,5.54,5.49,5.55,5.42,35315900.0
20260928,000685,中山公用,10.8,10.63,10.82,10.56,8671600.0
20260928,000686,东北证券,7.62,7.5,7.65,7.48,11993000.0
20260928,000688,国城矿业,24.65,23.91,24.72,23.76,11630700.0
20260928,000690,宝新能源,5.06,5.2,5.24,5.04,79431000.0
20260928,000691,亚太实业,9.0,8.97,9.06,8.78,4999800.0
20260928,000692,惠天热电,4.12,4.12,4.16,4.08,8662700.0
20260928,000695,滨海能源,12.79,12.6,12.83,12.54,2864800.0
20260928,000697,炼石航空,8.9,8.98,9.17,8.89,7291100.0
20260928,000700,模塑科技,12.48,12.1,12.5,11.94,52884600.0
20260928,000701,厦门信达,5.23,5.17,5.25,5.09,35685100.0
20260928,000702,正虹科技,5.66,5.78,5.81,5.63,7654000.0
20260928,000703,恒逸石化,17.16,17.26,17.49,16.78,67426200.0
20260928,000705,浙江震元,7.02,7.05,7.1,6.98,4378800.0
20260928,000707,双环科技,4.58,4.51,4.58,4.44,6098400.0
20260928,000708,中信特钢,12.89,12.79,12.98,12.77,8230000.0
20260928,000709,河钢股份,2.01,1.99,2.02,1.98,57267200.0
20260928,000710,贝瑞基因,10.9,10.28,11.0,10.07,68367400.0
20260928,000711,京蓝科技,4.9,4.7,4.92,4.68,51070600.0
20260928,000712,锦龙股份,9.9,9.75,10.0,9.69,33148300.0
20260928,000713,国投丰乐,6.35,6.11,6.47,6.07,17694400.0
20260928,000715,中兴商业,5.35,5.27,5.35,5.24,5596700.0
20260928,000716,黑芝麻,5.02,4.96,5.04,4.9,17940200.0
20260928,000717,中南股份,2.13,2.13,2.15,2.11,16551000.0
20260928,000718,苏宁环球,2.04,2.04,2.05,2.0,25923400.0
20260928,000719,中原传媒,12.11,11.86,12.17,11.78,5667000.0
20260928,000720,新能泰山,3.62,3.53,3.62,3.49,26419900.0
20260928,000721,西安饮食,6.1,6.06,6.14,6.01,8686100.0
20260928,000722,湖南发展,13.21,13.0,13.27,12.92,13823500.0
20260928,000723,美锦能源,3.49,3.44,3.5,3.41,49308600.0
20260928,000725,京东方Ａ,6.02,5.8,6.09,5.76,1400302300.0
20260928,000726,鲁  泰Ａ,6.08,5.96,6.15,5.93,8138600.0
20260928,000727,冠捷科技,2.17,2.15,2.2,2.13,63922500.0
20260928,000728,国元证券,7.29,7.18,7.32,7.14,18503800.0
20260928,000729,燕京啤酒,10.81,10.85,11.02,10.73,18442500.0
20260928,000731,四川美丰,7.94,8.07,8.19,7.9,13213100.0
20260928,000733,振华科技,40.7,39.13,40.73,38.8,12614900.0
20260928,000735,罗 牛 山,5.63,5.67,5.77,5.53,62574000.0
20260928,000736,中交发展,4.68,4.6,4.68,4.53,13416500.0
20260928,000737,北方铜业,13.51,13.05,13.54,13.05,74889300.0
20260928,000738,航发控制,18.9,18.82,19.25,18.73,10917800.0
20260928,000739,普洛药业,25.3,26.81,27.0,24.96,22178300.0
20260928,000750,国海证券,3.6,3.55,3.61,3.53,32653400.0
20260928,000751,锌业股份,4.45,4.35,4.45,4.33,17517700.0
20260928,000753,漳州发展,5.32,5.52,5.61,5.21,126773500.0
20260928,000755,山西高速,4.67,4.68,4.7,4.63,2996100.0
20260928,000756,新华制药,14.09,14.33,14.94,13.71,61892400.0
20260928,000757,浩物股份,4.28,4.26,4.32,4.22,8006900.0
20260928,000758,中色股份,5.75,5.63,5.75,5.58,22919000.0
20260928,000759,中百集团,6.37,6.18,6.4,6.11,49746200.0
20260928,000761,本钢板材,2.21,2.2,2.23,2.18,13338900.0
20260928,000762,西藏矿业,20.8,20.15,20.8,20.03,7886900.0
20260928,000766,通化金马,15.18,15.18,15.29,14.97,8373600.0
20260928,000767,晋控电力,3.3,3.26,3.31,3.23,49380000.0
20260928,000768,中航西飞,22.2,22.92,23.05,22.02,42177400.0
20260928,000776,广发证券,20.3,19.81,20.36,19.8,41433600.0
20260928,000777,中核科技,16.37,16.04,16.37,15.99,3212200.0
20260928,000778,新兴铸管,3.56,3.5,3.57,3.47,56418800.0
20260928,000779,甘咨询,8.6,8.36,8.61,8.22,20378700.0
20260928,000782,恒申新材,8.18,8.06,8.25,7.99,12260600.0
20260928,000783,长江证券,8.25,7.92,8.26,7.9,90577500.0
20260928,000785,居然智家,2.26,2.22,2.27,2.18,83124800.0
20260928,000786,北新建材,15.88,15.85,15.94,15.54,19169000.0
20260928,000788,北大医药,5.39,5.4,5.43,5.32,10687200.0
20260928,000789,万年青,4.09,4.09,4.13,4.05,4102600.0
20260928,000790,华神科技,5.15,4.42,5.15,4.38,126792800.0
20260928,000791,甘肃能源,7.01,7.09,7.11,7.0,12156600.0
20260928,000792,盐湖股份,23.33,23.13,23.59,22.92,49982100.0
20260928,000795,英洛华,8.3,8.24,8.42,8.16,14985300.0
20260928,000796,凯撒旅业,3.62,3.5,3.62,3.46,35602700.0
20260928,000797,中国武夷,2.64,2.61,2.66,2.57,78735200.0
20260928,000798,中水渔业,9.99,9.75,10.1,9.72,13520800.0
20260928,000799,酒鬼酒,36.66,36.02,36.98,36.01,3507800.0
20260928,000800,一汽解放,5.85,5.84,5.92,5.81,10272700.0
20260928,000801,四川九洲,11.88,11.54,11.93,11.43,7917800.0
20260928,000802,北京文化,3.91,3.79,3.96,3.74,62258500.0
20260928,000803,山高环能,7.17,6.88,7.17,6.85,8494700.0
20260928,000807,云铝股份,25.5,25.37,25.72,25.15,52469800.0
20260928,000809,和展能源,3.45,3.41,3.46,3.3,30488500.0
20260928,000810,创维数字,9.34,9.02,9.4,8.95,18454700.0
20260928,000811,冰轮环境,39.01,37.9,39.8,37.5,32973300.0
20260928,000812,陕西金叶,3.74,3.68,3.78,3.66,15751700.0
20260928,000813,德展健康,3.2,3.2,3.24,3.16,19577800.0
20260928,000815,美利云,15.27,14.58,15.32,14.5,26524700.0
20260928,000816,智慧农业,2.84,2.78,2.84,2.74,26556500.0
20260928,000818,航锦科技,11.93,11.31,11.96,11.24,15277800.0
20260928,000819,岳阳兴长,12.05,11.83,12.14,11.74,3580900.0
20260928,000820,神雾节能,3.6,3.51,3.61,3.45,9967600.0
20260928,000822,山东海化,4.22,4.19,4.23,4.16,6035400.0
20260928,000823,超声电子,24.0,22.18,24.39,22.03,160154500.0
20260928,000825,太钢不锈,3.35,3.3,3.36,3.29,32668700.0
20260928,000828,东莞控股,10.01,9.93,10.05,9.87,4115800.0
20260928,000829,天音控股,9.35,8.66,9.38,8.59,40121700.0
20260928,000830,鲁西化工,11.57,11.32,11.59,11.25,17208000.0
20260928,000831,中国稀土,52.77,52.29,53.2,51.29,20279000.0
20260928,000833,粤桂股份,18.96,18.45,19.02,18.31,14606000.0
20260928,000837,秦川机床,9.61,9.47,9.66,9.37,7771800.0
20260928,000839,国安股份,2.86,2.83,2.88,2.77,76164900.0
20260928,000848,承德露露,8.05,8.02,8.12,7.97,11456000.0
20260928,000850,华茂股份,5.62,5.14,5.63,4.99,206207300.0
20260928,000852,石化机械,5.32,5.21,5.32,5.16,14069300.0
20260928,000856,冀东装备,8.9,8.82,8.92,8.67,4536200.0
20260928,000858,五 粮 液,69.5,68.91,69.66,68.72,15362200.0
20260928,000859,国风新材,9.13,8.68,9.13,8.63,26434800.0
20260928,000860,顺鑫农业,10.09,10.11,10.22,9.99,8078500.0
20260928,000862,银星能源,5.23,5.24,5.28,5.19,14604000.0
20260928,000863,三湘印象,4.53,4.39,4.57,4.35,18456600.0
20260928,000868,安凯客车,3.9,4.18,4.39,3.9,92874000.0
20260928,000869,张  裕Ａ,16.94,17.05,17.5,16.94,2661400.0
20260928,000875,电投绿能,4.62,4.56,4.63,4.5,31078700.0
20260928,000876,新 希 望,6.86,6.82,6.9,6.72,37148800.0
20260928,000877,天山股份,3.75,3.6,3.76,3.59,35219700.0
20260928,000878,云南铜业,16.0,15.61,16.0,15.57,37981700.0
20260928,000880,潍柴重机,25.18,23.72,25.21,23.6,10582500.0
20260928,000881,中广核技,6.45,6.32,6.48,6.3,6758600.0
20260928,000882,华联股份,1.5,1.5,1.51,1.47,41948300.0
20260928,000883,湖北能源,4.34,4.34,4.35,4.3,17417400.0
20260928,000885,城发环境,11.69,11.54,11.69,11.49,2414100.0
20260928,000886,海南高速,4.64,4.56,4.64,4.53,11409300.0
20260928,000887,中鼎股份,19.29,18.55,19.29,18.34,25305300.0
20260928,000888,峨眉山Ａ,9.23,9.14,9.4,9.08,5379000.0
20260928,000889,中嘉博创,3.7,3.63,3.71,3.57,26757200.0
20260928,000890,法尔胜,7.35,7.02,7.41,6.87,18624600.0
20260928,000892,欢瑞世纪,4.72,4.33,4.86,4.26,119808000.0
20260928,000893,亚钾国际,37.09,36.29,37.38,36.03,10948800.0
20260928,000895,双汇发展,23.19,23.57,23.78,23.13,15978900.0
20260928,000897,津滨发展,1.87,1.88,1.9,1.85,27365400.0
20260928,000898,鞍钢股份,1.99,1.97,2.0,1.96,30975100.0
20260928,000899,赣能股份,8.93,8.99,9.14,8.93,8630400.0
20260928,000900,现代投资,3.54,3.52,3.56,3.5,8917800.0
20260928,000901,航天科技,14.02,13.87,14.19,13.72,11086800.0
20260928,000902,新洋丰,13.65,13.6,13.75,13.46,7019400.0
20260928,000905,厦门港务,9.56,9.42,9.68,9.26,51071400.0
20260928,000906,浙商中拓,6.15,6.19,6.22,6.02,10350800.0
20260928,000908,石药景峰,6.08,5.97,6.09,5.93,11276500.0
20260928,000910,大亚圣象,7.35,6.84,7.57,6.84,30942400.0
20260928,000912,泸天化,3.91,3.84,3.92,3.81,30583200.0
20260928,000913,钱江摩托,10.54,10.53,10.75,10.46,3804400.0
20260928,000915,华特达因,23.97,23.57,24.08,23.54,1788000.0
20260928,000917,电广传媒,6.86,6.66,6.88,6.61,16821900.0
20260928,000919,金陵药业,6.45,6.46,6.49,6.39,7161200.0
20260928,000920,沃顿科技,12.56,12.24,12.87,12.12,17223500.0
20260928,000921,海信家电,26.45,26.5,26.85,26.2,5941500.0
20260928,000922,佳电股份,12.18,11.84,12.18,11.72,6525200.0
20260928,000923,河钢资源,15.6,15.04,15.65,15.0,11008400.0
20260928,000925,众合科技,8.02,7.76,8.05,7.68,17156400.0
20260928,000926,福星股份,2.11,2.11,2.13,2.07,30483200.0
20260928,000927,中国铁物,2.43,2.42,2.44,2.39,30842900.0
20260928,000928,中钢国际,5.29,5.25,5.31,5.23,11111800.0
20260928,000929,兰州黄河,9.25,9.21,9.52,9.1,5196800.0
20260928,000930,中粮科技,5.27,5.09,5.27,5.02,35059700.0
20260928,000931,中 关 村,4.52,4.52,4.56,4.47,14011600.0
20260928,000932,华菱钢铁,3.45,3.4,3.45,3.37,55955100.0
20260928,000933,神火股份,25.43,25.15,25.44,25.0,32822400.0
20260928,000935,四川双马,19.99,19.26,19.99,19.13,5297300.0
20260928,000936,华西股份,5.45,5.3,5.48,5.25,13809400.0
20260928,000937,冀中能源,4.4,4.38,4.41,4.3,31301300.0
20260928,000938,紫光股份,32.9,31.46,33.0,31.29,115917200.0
20260928,000948,南天信息,13.11,13.09,13.23,12.9,4261000.0
20260928,000949,新乡化纤,6.85,6.58,6.89,6.48,32926700.0
20260928,000950,重药控股,5.2,5.21,5.24,5.15,12592800.0
20260928,000951,中国重汽,20.0,19.92,20.04,19.58,7686100.0
20260928,000952,广济药业,6.5,6.55,6.81,6.45,6867300.0
20260928,000953,中哲精化,6.0,5.99,6.1,5.92,5213500.0
20260928,000955,欣龙控股,4.04,4.01,4.12,3.97,9026400.0
20260928,000957,中通客车,9.65,9.72,9.79,9.64,6348700.0
20260928,000958,电投产融,5.05,4.97,5.06,4.97,13713500.0
20260928,000959,首钢股份,3.41,3.38,3.41,3.35,20566700.0
20260928,000960,锡业股份,31.2,30.34,31.25,30.18,24209600.0
20260928,000962,东方钽业,58.5,55.52,58.73,54.6,17806000.0
20260928,000963,华东医药,26.8,27.02,27.17,26.6,27909200.0
20260928,000965,天保基建,3.31,3.3,3.33,3.25,16328200.0
20260928,000966,长源电力,3.9,3.95,3.97,3.89,32936300.0
20260928,000967,盈峰环境,8.05,7.59,8.13,7.58,68935400.0
20260928,000968,蓝焰控股,6.85,6.88,6.9,6.7,14209700.0
20260928,000969,安泰科技,16.86,16.12,16.86,15.98,17406100.0
20260928,000970,中科三环,11.38,10.93,11.38,10.85,22257400.0
20260928,000972,中基健康,4.0,3.85,4.01,3.82,14902300.0
20260928,000973,佛塑科技,11.6,11.16,11.62,11.16,20098900.0
20260928,000975,山金国际,22.53,22.13,22.72,21.91,41075800.0
20260928,000977,浪潮信息,69.49,67.05,69.5,66.8,43618200.0
20260928,000978,桂林旅游,7.61,7.12,7.7,7.12,66584100.0
20260928,000980,众泰汽车,2.0,2.24,2.24,1.97,483362100.0
20260928,000981,山子高科,2.72,2.69,2.8,2.65,474270400.0
20260928,000983,山西焦煤,6.5,6.48,6.5,6.38,43688700.0
20260928,000985,大庆华科,17.25,17.35,18.13,17.0,2615500.0
20260928,000987,越秀资本,7.26,7.13,7.27,7.09,20699600.0
20260928,000988,华工科技,102.03,92.61,102.3,92.61,59634400.0
20260928,000989,九芝堂,8.5,8.56,8.62,8.48,10083400.0
20260928,000990,诚志股份,6.34,6.15,6.35,6.08,31391500.0
20260928,000993,闽东电力,18.35,17.39,18.95,17.39,67735600.0
20260928,000995,皇台酒业,11.51,11.33,12.09,11.16,15237000.0
20260928,000997,新 大 陆,19.5,19.19,19.65,19.03,9313600.0
20260928,000998,隆平高科,8.69,8.43,8.74,8.31,27853200.0
20260928,000999,华润三九,23.39,23.49,23.58,23.36,5548100.0
20260928,001201,东瑞股份,14.95,16.13,16.13,14.6,13817100.0
20260928,001202,炬申股份,15.28,14.86,15.28,14.82,1419900.0
20260928,001203,大中矿业,22.88,21.8,22.95,21.69,15887500.0
20260928,001205,盛航股份,14.6,14.4,14.7,14.31,2876100.0
20260928,001206,依依股份,17.0,17.05,17.17,16.88,2447500.0
20260928,001207,联科科技,18.48,18.7,18.7,18.13,3824500.0
20260928,001208,华菱线缆,13.57,13.23,13.78,13.13,8121100.0
20260928,001209,洪兴股份,19.1,18.79,19.21,18.66,3427900.0
20260928,001210,金房能源,28.61,26.75,28.61,26.61,5174300.0
20260928,001211,双枪科技,25.66,27.29,28.19,25.62,8932200.0
20260928,001212,中旗新材,38.26,37.0,38.27,36.16,6189800.0
20260928,001213,中铁特货,3.48,3.46,3.49,3.44,5108800.0
20260928,001215,千味央厨,33.5,32.62,33.51,32.0,1736700.0
20260928,001216,华瓷股份,28.4,28.04,28.46,25.84,36040400.0
20260928,001217,华尔泰,11.08,11.08,11.1,10.8,4054700.0
20260928,001218,丽臣实业,23.82,23.49,24.1,23.4,1396500.0
20260928,001219,青岛食品,12.68,12.93,13.03,12.61,2254500.0
20260928,001220,世盟股份,31.7,31.62,31.94,31.31,631700.0
20260928,001221,悍高集团,34.88,32.92,34.99,32.91,2471500.0
20260928,001222,源飞宠物,15.75,15.7,16.1,15.64,3792000.0
20260928,001223,欧克科技,43.5,42.32,43.5,40.99,1768600.0
20260928,001225,和泰机电,35.64,33.45,36.31,33.3,1703500.0
20260928,001226,拓山重工,46.71,46.0,48.43,45.5,1247600.0
20260928,001227,兰州银行,2.07,2.06,2.08,2.04,61923800.0
20260928,001228,永泰运,37.45,36.63,38.27,36.18,4099200.0
20260928,001229,魅视科技,38.58,37.4,38.84,35.6,5564600.0
20260928,001230,劲旅环境,20.32,19.35,20.39,19.13,5945900.0
20260928,001231,农心科技,22.75,22.72,23.0,22.38,1512000.0
20260928,001232,嘉立创,199.02,191.2,200.5,188.6,4227600.0
20260928,001233,海安集团,45.36,43.51,45.6,42.82,2423800.0
20260928,001234,泰慕士,31.86,31.86,31.86,31.86,10658500.0
20260928,001236,弘业期货,7.73,7.66,7.76,7.62,7267800.0
20260928,001237,惠康科技,50.5,49.16,50.52,48.88,981400.0
20260928,001238,浙江正特,26.27,26.49,27.15,26.07,1436900.0
20260928,001239,永达股份,12.46,12.22,12.53,12.16,4484100.0
20260928,001248,华润新能源,11.68,11.51,11.76,11.5,32266800.0
20260928,001255,博菲电气,27.28,27.33,28.0,26.74,2150600.0
20260928,001256,炜冈科技,21.8,21.33,21.98,21.18,1665400.0
20260928,001257,盛龙股份,22.08,21.3,22.08,21.16,6752000.0
20260928,001258,立新能源,10.38,10.24,10.54,10.17,32821400.0
20260928,001259,利仁科技,46.12,43.79,46.29,43.2,1165700.0
20260928,001260,坤泰股份,19.26,19.19,19.52,18.81,3801600.0
20260928,001266,宏英智能,35.65,36.07,37.88,35.65,6316700.0
20260928,001267,汇绿生态,37.75,33.21,38.32,33.08,46261800.0
20260928,001268,联合精密,26.58,25.5,26.58,24.12,6371600.0
20260928,001269,欧晶科技,19.44,19.45,19.76,19.31,2391400.0
20260928,001270,铖昌科技,99.34,96.0,101.51,95.27,5104000.0
20260928,001277,速达股份,30.59,30.2,30.66,29.98,1087800.0
20260928,001278,一彬科技,16.61,16.71,17.1,16.59,3175800.0
20260928,001279,强邦新材,26.22,26.05,26.47,26.0,570800.0
20260928,001280,中国铀业,61.61,60.26,61.61,59.98,2323500.0
20260928,001282,三联锻造,16.83,16.71,16.92,16.3,4309300.0
20260928,001283,豪鹏科技,47.48,46.23,48.98,45.79,3662800.0
20260928,001285,瑞立科密,42.29,42.0,42.89,41.88,838100.0
20260928,001286,陕西能源,9.42,9.49,9.52,9.38,12551900.0
20260928,001287,中电港,24.4,23.06,24.5,22.91,13641400.0
20260928,001288,运机集团,34.93,33.6,34.97,33.33,5238500.0
20260928,001289,龙源电力,14.96,14.89,14.99,14.81,2406400.0
20260928,001296,长江材料,19.96,19.72,20.09,19.7,2095200.0
20260928,001298,好上好,16.82,16.25,16.9,16.24,5478600.0
20260928,001299,美能能源,10.19,10.03,10.22,9.97,4633000.0
20260928,001300,三柏硕,12.38,12.27,12.47,12.01,3190100.0
20260928,001301,尚太科技,47.59,46.79,47.59,46.4,4510000.0
20260928,001306,夏厦精密,56.9,57.06,57.69,56.0,1054100.0
20260928,001308,康冠科技,18.19,18.01,18.31,17.96,1762900.0
20260928,001309,德明利,394.58,371.28,396.98,367.67,9679900.0
20260928,001311,多利科技,17.09,16.79,17.35,16.66,3671600.0
20260928,001312,福恩股份,18.35,17.83,18.36,17.81,3122700.0
20260928,001313,粤海饲料,7.3,7.18,7.35,7.11,7165500.0
20260928,001314,亿道信息,54.8,50.96,54.86,50.11,3413000.0
20260928,001316,润贝航科,27.68,27.6,28.4,27.19,3434400.0
20260928,001317,三羊马,65.32,64.3,71.7,62.9,19054200.0
20260928,001318,阳光乳业,11.61,11.81,11.93,11.61,4066300.0
20260928,001319,铭科精技,21.32,20.99,21.41,20.9,1874900.0
20260928,001322,箭牌家居,6.54,6.35,6.6,6.33,7970000.0
20260928,001323,慕思股份,17.56,18.21,18.58,17.24,2661200.0
20260928,001324,长青科技,20.5,20.05,21.18,19.94,3523600.0
20260928,001325,元创股份,36.36,36.22,36.82,35.65,652700.0
20260928,001326,联域股份,109.05,103.56,109.37,100.15,4297500.0
20260928,001328,登康口腔,30.47,30.52,30.89,30.08,1034700.0
20260928,001330,博纳影业,6.36,6.36,6.36,6.36,41045600.0
20260928,001331,胜通能源,40.58,40.74,40.8,37.15,9871500.0
20260928,001332,锡装股份,27.11,26.46,27.11,26.03,2570600.0
20260928,001333,光华股份,20.45,19.94,20.45,19.8,1392900.0
20260928,001335,信凯科技,33.9,33.2,34.33,33.16,857700.0
20260928,001336,楚环科技,19.2,19.04,19.48,18.85,2102900.0
20260928,001337,四川黄金,45.57,43.7,45.78,43.55,8044400.0
20260928,001338,永顺泰,9.15,9.27,9.32,9.05,9388000.0
20260928,001339,智微智能,75.93,69.33,76.17,69.05,5805700.0
20260928,001356,富岭股份,9.49,9.36,9.54,9.29,3613600.0
20260928,001358,兴欣新材,25.73,24.68,25.73,24.08,2920800.0
20260928,001359,平安电工,87.45,81.0,87.87,80.0,2380900.0
20260928,001360,南矿集团,19.7,19.57,20.42,18.88,6520100.0
20260928,001365,天海电子,35.95,36.66,36.66,35.48,6833800.0
20260928,001366,播恩集团,13.01,13.1,13.19,12.85,4169400.0
20260928,001367,海森药业,21.55,21.46,21.76,21.27,1722600.0
20260928,001368,通达创智,38.15,41.8,41.8,38.15,11489000.0
20260928,001369,双欣材料,12.33,11.95,12.37,11.9,5442100.0
20260928,001373,翔腾新材,32.14,31.46,33.3,31.12,2947500.0
20260928,001376,百通能源,12.99,12.6,13.07,12.48,24366100.0
20260928,001378,德冠新材,23.16,22.35,23.36,22.04,5221700.0
20260928,001379,腾达科技,15.81,15.69,16.05,15.61,1460500.0
20260928,001380,华纬科技,19.3,18.69,19.3,18.58,3047200.0
20260928,001382,新亚电缆,16.43,16.38,16.5,16.14,1245900.0
20260928,001386,马可波罗,16.05,15.78,16.12,15.78,2313200.0
20260928,001387,雪祺电气,12.5,12.36,12.69,12.12,5805200.0
20260928,001388,信通电子,19.5,19.79,20.24,19.5,3547700.0
20260928,001389,广合科技,181.34,177.59,186.45,172.58,12912200.0
20260928,001390,古麒绒材,17.79,17.42,17.98,17.4,2178300.0
20260928,001391,国货航,3.83,3.81,3.85,3.76,20073900.0
20260928,001393,维通利,42.0,39.93,42.0,39.88,2474500.0
20260928,001395,亚联机械,30.55,30.23,30.66,30.01,1119300.0
20260928,001396,誉帆科技,32.2,31.58,32.36,31.15,552400.0
20260928,001399,惠科股份,23.3,22.75,23.69,22.3,27600300.0
20260928,001400,江顺科技,81.0,82.86,84.35,77.4,4435300.0
20260928,001696,宗申动力,15.65,15.85,15.91,15.26,39682300.0
20260928,001872,招商港口,23.05,24.12,24.29,22.94,6834400.0
20260928,001896,豫能控股,10.85,10.54,10.88,10.43,38102100.0
20260928,001914,招商积余,8.87,9.06,9.1,8.82,10933400.0
20260928,001965,招商公路,9.82,9.85,9.91,9.78,7833400.0
20260928,001979,招商蛇口,7.17,7.19,7.22,7.04,100223800.0
20260928,002001,新 和 成,25.6,25.54,25.85,25.41,13461900.0
20260928,002003,伟星股份,11.57,11.35,11.65,11.29,15506200.0
20260928,002004,华邦健康,4.3,4.3,4.33,4.26,15767100.0
20260928,002005,德豪润达,2.8,2.77,2.81,2.71,32697800.0
20260928,002006,精工科技,13.5,13.11,13.55,13.02,6139400.0
20260928,002007,华兰生物,13.17,13.19,13.25,13.03,8788900.0
20260928,002008,大族激光,88.52,82.0,88.56,81.6,44783300.0
20260928,002009,天奇股份,15.49,15.36,15.83,15.29,11260400.0
20260928,002010,传化智联,4.49,4.47,4.53,4.43,10411500.0
20260928,002011,盾安环境,14.0,12.83,14.1,12.71,61980000.0
20260928,002012,凯恩股份,7.02,6.93,7.1,6.86,8714000.0
20260928,002014,永新股份,10.96,10.98,11.0,10.82,1735600.0
20260928,002015,协鑫能科,14.95,14.52,14.95,14.46,36602200.0
20260928,002016,世荣兆业,4.68,4.61,4.71,4.58,10069000.0
20260928,002017,东信和平,14.22,13.75,14.22,13.65,11201500.0
20260928,002019,亿帆医药,9.38,9.38,9.47,9.33,5178600.0
20260928,002020,京新药业,11.25,11.35,11.36,11.11,12152400.0
20260928,002021,中捷资源,2.58,2.56,2.6,2.52,20535800.0
20260928,002022,科华生物,6.18,6.04,6.27,6.0,22706900.0
20260928,002023,海特高新,9.73,9.38,9.73,9.28,18504800.0
20260928,002025,航天电器,71.34,68.56,71.34,67.51,8230100.0
20260928,002026,山东威达,11.39,10.89,11.58,10.63,13664000.0
20260928,002027,分众传媒,4.66,4.68,4.74,4.66,118273600.0
20260928,002028,思源电气,125.79,121.07,125.79,120.04,13102500.0
20260928,002029,七 匹 狼,9.3,8.86,9.33,8.79,57103300.0
20260928,002030,达安基因,5.77,5.62,5.82,5.57,20922100.0
20260928,002031,巨轮智能,5.3,5.56,5.69,5.2,182542800.0
20260928,002032,苏 泊 尔,39.4,39.66,39.89,39.22,2305800.0
20260928,002033,丽江股份,8.28,8.19,8.29,8.15,10632100.0
20260928,002034,旺能环境,14.13,13.84,14.14,13.79,4926300.0
20260928,002035,华帝股份,4.81,4.8,4.93,4.69,40718100.0
20260928,002036,联创电子,6.17,5.97,6.17,5.88,23311800.0
20260928,002037,保利联合,6.81,6.71,6.84,6.68,2936200.0
20260928,002038,双鹭药业,5.67,5.6,5.71,5.57,13096000.0
20260928,002039,黔源电力,19.0,19.48,19.55,18.95,8115500.0
20260928,002040,南 京 港,9.22,8.93,9.27,8.89,12281800.0
20260928,002041,登海种业,9.99,9.4,10.01,9.28,26427200.0
20260928,002042,华孚时尚,3.89,3.67,3.94,3.64,59869900.0
20260928,002043,兔 宝 宝,11.37,11.35,11.46,11.23,4970100.0
20260928,002044,美年健康,4.5,4.41,4.52,4.38,49162600.0
20260928,002045,国光电器,8.87,8.63,8.88,8.5,12930400.0
20260928,002046,国机精工,65.01,61.48,65.5,60.59,16559200.0
20260928,002047,宝鹰股份,3.18,3.11,3.19,3.09,17345400.0
20260928,002048,宁波华翔,18.36,17.86,18.5,17.78,11265300.0
20260928,002049,紫光国微,60.45,58.63,60.45,58.38,10955100.0
20260928,002050,三花智控,36.08,35.44,36.4,35.32,36745500.0
20260928,002051,中工国际,8.77,8.51,8.78,8.49,21583000.0
20260928,002052,同洲电子,8.29,8.02,8.37,7.96,7457900.0
20260928,002053,云南能投,9.44,9.41,9.47,9.33,3758100.0
20260928,002054,德美化工,7.02,6.99,7.12,6.97,6555500.0
20260928,002056,横店东磁,20.04,19.37,20.1,19.28,18386700.0
20260928,002057,中钢天源,8.92,8.64,8.92,8.57,13354200.0
20260928,002058,紫竹高科,17.6,16.69,17.6,16.33,2370600.0
20260928,002059,云南旅游,4.35,4.21,4.42,4.18,43470000.0
20260928,002060,广东建工,3.02,3.0,3.03,2.98,13671400.0
20260928,002061,浙江交科,3.3,3.26,3.31,3.24,17829700.0
20260928,002062,宏润建设,9.62,8.8,9.63,8.75,33451300.0
20260928,002063,远光软件,5.22,5.2,5.25,5.15,11849400.0
20260928,002064,华峰化学,9.63,9.53,9.75,9.51,22120500.0
20260928,002065,东华软件,6.55,6.46,6.57,6.43,18551700.0
20260928,002066,瑞泰科技,19.9,19.65,20.23,19.25,2811800.0
20260928,002067,景兴纸业,4.0,3.95,4.0,3.91,21284300.0
20260928,002068,黑猫股份,9.6,9.12,9.78,8.96,45965700.0
20260928,002069,獐子岛,3.68,3.67,3.7,3.62,9648800.0
20260928,002072,凯瑞德,7.42,7.09,7.42,7.0,9859800.0
20260928,002073,软控股份,5.67,5.58,5.7,5.55,11389400.0
20260928,002074,国轩高科,26.53,26.07,26.6,25.8,21962700.0
20260928,002075,沙钢股份,3.47,3.46,3.48,3.42,15915500.0
20260928,002076,星光股份,2.11,2.09,2.13,2.07,17118100.0
20260928,002077,大港股份,14.6,14.79,15.2,14.26,70575500.0
20260928,002078,太阳纸业,13.58,13.54,13.73,13.42,14651800.0
20260928,002079,苏州固锝,8.93,8.55,8.95,8.5,21680200.0
20260928,002080,中材科技,56.07,52.74,56.66,52.22,47321400.0
20260928,002081,金 螳 螂,4.98,4.76,5.05,4.71,166373000.0
20260928,002083,孚日股份,9.5,9.21,9.51,9.15,18422700.0
20260928,002084,海鸥住工,6.32,5.8,6.4,5.8,85764800.0
20260928,002085,万丰奥威,9.43,9.28,9.48,9.22,17703900.0
20260928,002086,东方海洋,2.04,2.02,2.06,1.99,33267400.0
20260928,002088,鲁阳节能,8.0,7.96,8.07,7.92,1519000.0
20260928,002090,金智科技,8.98,8.85,9.03,8.79,4895300.0
20260928,002091,江苏国泰,7.5,7.49,7.61,7.42,9429100.0
20260928,002092,中泰化学,4.35,4.3,4.36,4.23,32600600.0
20260928,002093,国脉科技,7.66,8.16,8.19,7.59,63361000.0
20260928,002094,青岛金王,5.18,5.06,5.35,4.97,33202400.0
20260928,002095,生 意 宝,16.2,15.82,16.49,15.8,11141300.0
20260928,002096,易普力,9.02,8.96,9.06,8.82,3856400.0
20260928,002097,山河智能,6.89,6.73,6.9,6.64,14719300.0
20260928,002098,浔兴股份,8.43,8.32,8.46,8.2,7086600.0
20260928,002099,海翔药业,5.82,6.0,6.14,5.81,49847800.0
20260928,002100,天康生物,7.55,7.86,7.92,7.51,23303700.0
20260928,002101,广东鸿图,8.55,8.44,8.58,8.38,3592900.0
20260928,002103,广博股份,6.75,6.59,6.77,6.58,5042100.0
20260928,002104,恒宝股份,10.49,10.21,10.52,10.14,26005700.0
20260928,002105,信隆健康,6.08,5.98,6.14,5.92,7077000.0
20260928,002106,莱宝高科,12.27,12.16,13.03,12.02,46084800.0
20260928,002107,沃华医药,7.2,7.11,7.31,7.02,12180000.0
20260928,002108,沧州明珠,4.36,4.24,4.37,4.24,15274700.0
20260928,002110,三钢闽光,2.85,2.84,2.86,2.81,20706100.0
20260928,002111,威海广泰,9.38,9.32,9.41,9.19,5560100.0
20260928,002112,三变科技,14.15,13.89,14.16,13.79,5428100.0
20260928,002114,罗平锌电,7.15,7.12,7.19,7.03,5611200.0
20260928,002115,三维通信,10.01,9.54,10.06,9.51,43704500.0
20260928,002116,中国海诚,7.15,7.07,7.19,7.01,3739600.0
20260928,002117,东港股份,7.93,7.81,7.99,7.78,4621500.0
20260928,002119,康强电子,27.37,29.71,30.65,27.37,126506400.0
20260928,002120,韵达股份,6.8,6.77,6.83,6.71,24046200.0
20260928,002121,科陆电子,4.17,4.13,4.2,4.07,23215900.0
20260928,002123,梦网科技,7.79,7.53,7.8,7.4,16822200.0
20260928,002124,天邦食品,2.05,2.0,2.05,1.99,76864500.0
20260928,002125,湘潭电化,12.06,11.65,12.08,11.5,10844500.0
20260928,002126,银轮股份,36.11,34.37,36.32,34.0,20563700.0
20260928,002127,南极电商,2.93,2.95,3.05,2.92,50673500.0
20260928,002128,电投能源,27.65,27.74,27.88,27.43,11712000.0
20260928,002129,TCL中环,9.4,9.12,9.44,9.11,68963200.0
20260928,002130,沃尔核材,16.08,15.68,16.09,15.56,21342500.0
20260928,002131,利欧股份,4.31,4.2,4.33,4.16,169740200.0
20260928,002132,恒星科技,4.1,3.99,4.1,3.95,32943600.0
20260928,002133,广宇集团,2.86,2.83,2.87,2.79,11913800.0
20260928,002134,天津普林,26.22,24.3,26.5,24.1,17305700.0
20260928,002135,东南网架,6.04,5.87,6.07,5.83,12506700.0
20260928,002136,安 纳 达,11.76,11.62,11.8,11.49,3447800.0
20260928,002137,实益达,8.02,7.74,8.04,7.63,25090800.0
20260928,002138,顺络电子,51.34,47.89,51.46,47.33,30072900.0
20260928,002139,拓邦股份,9.6,9.6,9.65,9.49,10308000.0
20260928,002140,东华科技,9.2,9.0,9.27,8.96,5719900.0
20260928,002141,贤丰控股,6.65,6.29,6.75,6.26,158907500.0
20260928,002142,宁波银行,34.97,34.55,35.24,34.5,22591700.0
20260928,002144,宏达高科,10.9,10.82,10.97,10.72,2944600.0
20260928,002145,钛能化学,4.8,4.64,4.82,4.59,86016600.0
20260928,002146,荣盛发展,1.22,1.21,1.23,1.18,184752200.0
20260928,002148,北纬科技,6.23,6.15,6.31,6.06,11410000.0
20260928,002149,西部材料,32.46,31.55,33.14,31.28,14374500.0
20260928,002150,正泰电源,21.15,20.06,21.29,19.95,4786000.0
20260928,002151,北斗星通,29.01,28.45,29.26,28.4,13594100.0
20260928,002152,广电运通,9.03,8.88,9.06,8.82,14632700.0
20260928,002153,石基信息,7.43,7.29,7.46,7.22,14852800.0
20260928,002154,报 喜 鸟,3.83,3.81,3.84,3.76,18111800.0
20260928,002155,湖南黄金,22.99,22.67,23.14,22.45,41222200.0
20260928,002156,通富微电,61.03,58.9,61.36,58.03,53091500.0
20260928,002157,正邦科技,2.9,2.91,2.94,2.88,116994300.0
20260928,002158,汉钟精机,27.38,24.66,27.45,24.66,15922200.0
20260928,002159,三特索道,13.56,13.25,13.56,13.19,1775000.0
20260928,002160,常铝股份,3.85,3.8,3.86,3.77,13046900.0
20260928,002161,远 望 谷,6.54,6.28,6.54,6.2,28705800.0
20260928,002162,悦心健康,4.14,4.13,4.18,4.08,20177800.0
20260928,002163,海南发展,7.47,7.32,7.55,7.26,23677700.0
20260928,002164,宁波东力,12.66,12.31,12.98,12.25,56603100.0
20260928,002165,红 宝 丽,6.9,6.76,6.97,6.7,37163700.0
20260928,002166,莱茵生物,6.68,6.71,6.78,6.65,7740900.0
20260928,002167,东方锆业,16.0,15.2,16.03,15.15,30367800.0
20260928,002169,智光电气,13.37,12.26,13.41,12.18,30902900.0
20260928,002170,芭田股份,10.68,10.49,10.69,10.43,12319200.0
20260928,002171,楚江新材,10.2,9.67,10.3,9.57,46754400.0
20260928,002172,澳洋健康,5.29,5.07,5.44,5.05,131446900.0
20260928,002173,创新医疗,17.66,17.16,17.88,17.07,14132000.0
20260928,002174,游族网络,14.15,13.24,14.26,13.02,40575200.0
20260928,002176,江特电机,8.29,8.08,8.29,8.01,29454000.0
20260928,002177,御银股份,5.43,5.39,5.46,5.31,12483500.0
20260928,002178,延华智能,5.05,4.9,5.11,4.85,50296100.0
20260928,002179,中航光电,34.24,33.27,34.25,32.87,22427100.0
20260928,002180,奔图科技,16.66,16.07,16.66,16.02,9384300.0
20260928,002181,粤 传 媒,9.58,8.69,9.68,8.62,106767600.0
20260928,002182,宝武镁业,11.4,10.97,11.43,10.88,10281600.0
20260928,002183,怡 亚 通,4.18,4.08,4.2,4.03,46949200.0
20260928,002184,海得控制,9.91,9.81,9.92,9.69,2746400.0
20260928,002185,华天科技,17.6,16.99,17.68,16.72,188239500.0
20260928,002186,全 聚 德,9.35,9.32,9.43,9.24,2779400.0
20260928,002187,广百股份,5.44,5.4,5.5,5.37,7400300.0
20260928,002188,中天服务,5.6,5.57,5.7,5.48,8725300.0
20260928,002189,中光学,18.99,18.92,19.0,18.45,4318900.0
20260928,002190,成飞集成,23.39,23.04,23.4,22.83,3428300.0
20260928,002191,劲嘉股份,3.58,3.49,3.59,3.47,12980900.0
20260928,002192,融捷股份,58.12,56.09,58.16,55.7,8583100.0
20260928,002194,武汉凡谷,10.61,10.0,10.62,9.92,34168500.0
20260928,002195,岩山科技,6.02,5.88,6.03,5.82,67805000.0
20260928,002196,方正电机,10.3,10.26,10.58,10.11,33837200.0
20260928,002197,证通电子,6.56,6.38,6.58,6.31,14278200.0
20260928,002199,东晶电子,12.12,11.46,12.2,11.39,5262100.0
20260928,002200,交投生态,6.83,6.68,6.86,6.57,5979800.0
20260928,002201,九鼎新材,9.84,9.33,9.87,9.18,34486000.0
20260928,002202,金风科技,17.9,17.23,17.91,17.1,66763100.0
20260928,002203,海亮股份,17.76,17.09,17.76,16.92,13913500.0
20260928,002204,大连重工,5.39,5.21,5.4,5.19,30338300.0
20260928,002205,国统股份,12.2,11.6,12.84,11.5,22850000.0
20260928,002206,海 利 得,4.88,4.84,4.9,4.79,6316300.0
20260928,002208,合肥城建,10.02,9.69,10.06,9.59,17584600.0
20260928,002209,达 意 隆,13.34,13.23,13.45,13.11,3006500.0
20260928,002210,飞马国际,2.11,2.07,2.12,2.05,36616400.0
20260928,002212,天融信,7.13,7.28,7.48,7.04,190604400.0
20260928,002213,大为股份,29.0,27.75,29.47,27.45,10839000.0
20260928,002214,大立科技,18.3,17.55,18.5,17.34,7632700.0
20260928,002215,诺 普 信,9.62,9.33,9.67,9.3,12123500.0
20260928,002216,三全食品,11.49,11.48,11.6,11.42,3544300.0
20260928,002218,拓日新能,3.79,3.68,3.88,3.63,46295100.0
20260928,002219,新里程,2.07,2.07,2.09,2.03,54382800.0
20260928,002221,东华能源,5.7,5.59,5.73,5.54,14198000.0
20260928,002222,福晶科技,67.88,61.72,67.88,61.36,24568800.0
20260928,002223,鱼跃医疗,26.46,26.33,26.61,26.26,6268500.0
20260928,002224,三 力 士,3.77,3.69,3.77,3.65,9889500.0
20260928,002225,濮耐股份,3.42,3.37,3.44,3.33,17228900.0
20260928,002226,江南化工,5.0,4.86,5.01,4.82,26998300.0
20260928,002228,合兴包装,3.24,3.23,3.28,3.18,31727900.0
20260928,002229,鸿博股份,10.52,10.26,10.56,10.13,16462000.0
20260928,002230,科大讯飞,38.28,37.25,38.44,37.25,20623300.0
20260928,002232,启明信息,15.05,16.28,16.28,14.9,24932500.0
20260928,002233,塔牌集团,6.75,6.67,6.78,6.61,14349200.0
20260928,002234,民和股份,7.72,7.81,7.88,7.65,5623100.0
20260928,002235,安妮股份,7.79,7.67,7.83,7.61,14766900.0
20260928,002236,大华股份,15.5,15.22,15.53,15.17,19261800.0
20260928,002237,恒邦股份,12.6,12.24,12.63,12.18,24047300.0
20260928,002238,天威视讯,7.75,7.59,8.14,7.59,24214800.0
20260928,002239,奥特佳,2.46,2.42,2.48,2.39,52469400.0
20260928,002240,盛新锂能,25.5,24.44,25.52,24.2,22712000.0
20260928,002241,歌尔股份,24.24,23.15,24.3,22.98,73753800.0
20260928,002242,九阳股份,9.83,10.33,10.33,9.83,24628100.0
20260928,002243,力合科创,6.91,6.81,6.97,6.77,9699000.0
20260928,002244,滨江集团,8.3,8.6,8.67,8.15,49514300.0
20260928,002245,蔚蓝锂芯,17.25,16.24,17.5,16.1,69681300.0
20260928,002246,北化股份,26.26,24.93,26.42,24.22,38133200.0
20260928,002247,聚力文化,2.46,2.47,2.49,2.43,16560400.0
20260928,002248,华东数控,9.55,9.29,9.57,9.21,9030400.0
20260928,002249,大洋电机,6.42,6.41,6.48,6.38,22825600.0
20260928,002250,联化科技,14.46,14.14,14.57,14.05,8035900.0
20260928,002251,步步高,3.44,3.35,3.45,3.33,59177700.0
20260928,002252,上海莱士,5.02,5.08,5.1,5.01,64376000.0
20260928,002253,川大智胜,8.67,8.48,8.95,8.43,15900600.0
20260928,002254,泰和新材,12.33,11.63,12.39,11.52,18716700.0
20260928,002255,海陆重工,7.52,7.23,7.52,7.21,10333100.0
20260928,002256,兆新股份,3.16,3.12,3.22,3.12,30333500.0
20260928,002258,利尔化学,14.5,13.93,14.52,13.8,13264700.0
20260928,002259,升达林业,4.79,4.81,4.84,4.61,41533500.0
20260928,002261,拓维信息,24.93,24.1,24.93,24.07,24848300.0
20260928,002262,恩华药业,21.22,21.55,21.76,21.15,7503400.0
20260928,002263,大东南,3.14,3.09,3.17,3.06,32488500.0
20260928,002264,新 华 都,7.88,7.64,8.09,7.42,85009700.0
20260928,002265,建设工业,19.46,18.95,19.46,18.85,8922300.0
20260928,002266,浙富控股,4.6,4.53,4.6,4.48,57377400.0
20260928,002267,陕天然气,7.1,7.15,7.15,7.08,4288100.0
20260928,002268,电科网安,14.88,14.84,14.98,14.47,16909400.0
20260928,002269,美邦服饰,1.39,1.36,1.4,1.35,36996200.0
20260928,002270,华明装备,17.69,17.02,17.7,16.95,13772800.0
20260928,002271,东方雨虹,10.39,10.12,10.46,10.07,33525300.0
20260928,002272,川润股份,15.7,14.42,15.7,14.29,23980300.0
20260928,002273,水晶光电,25.18,23.85,25.32,23.62,33089800.0
20260928,002274,华昌化工,5.9,5.81,5.94,5.75,17667200.0
20260928,002275,桂林三金,12.1,12.07,12.16,12.03,1052900.0
20260928,002276,万马股份,9.83,9.73,9.85,9.62,10455300.0
20260928,002277,友阿股份,5.24,5.07,5.26,5.05,15260100.0
20260928,002278,神开股份,7.96,7.89,7.98,7.76,5790900.0
20260928,002279,久其软件,6.54,6.47,6.59,6.41,16596100.0
20260928,002281,光迅科技,180.19,163.8,180.25,163.79,37582600.0
20260928,002282,博深股份,6.07,6.06,6.15,5.96,4124600.0
20260928,002283,天润工业,7.96,7.69,8.03,7.55,30179900.0
20260928,002284,亚太股份,9.51,9.22,9.56,9.21,12477100.0
20260928,002285,世联行,3.28,3.26,3.49,3.07,317224900.0
20260928,002286,保龄宝,8.42,8.31,8.55,8.15,25924900.0
20260928,002287,奇正藏药,19.46,19.29,19.54,19.17,1176300.0
20260928,002289,宇顺电子,34.91,33.88,35.29,33.3,2903400.0
20260928,002290,禾盛新材,73.9,69.6,74.5,69.31,8214700.0
20260928,002291,遥望科技,5.48,5.36,5.65,5.34,27009100.0
20260928,002292,奥飞娱乐,8.81,8.55,8.92,8.51,38445200.0
20260928,002293,罗莱生活,10.71,10.66,10.83,10.6,4726200.0
20260928,002294,信立泰,30.2,29.86,30.5,29.79,6641200.0
20260928,002295,精艺股份,9.8,9.65,10.05,9.6,7878300.0
20260928,002296,辉煌科技,9.51,9.75,9.76,9.28,22794000.0
20260928,002297,博云新材,22.47,20.38,22.51,20.22,102447400.0
20260928,002298,中电鑫龙,8.5,8.61,8.85,8.44,45371100.0
20260928,002299,圣农发展,15.71,15.8,15.82,15.54,6254800.0
20260928,002300,太阳电缆,7.9,7.83,8.14,7.78,50296900.0
20260928,002301,齐心集团,8.88,8.48,8.9,8.35,40623700.0
20260928,002302,西部建设,4.65,4.61,4.69,4.6,4601100.0
20260928,002303,美盈森,6.35,6.09,6.38,6.03,101159700.0
20260928,002304,洋河股份,37.4,37.01,37.53,36.95,4100000.0
20260928,002307,北新路桥,2.93,2.88,2.94,2.87,18691100.0
20260928,002309,中利集团,2.83,2.76,2.85,2.74,63535900.0
20260928,002310,东方新能,2.26,2.28,2.29,2.23,79794800.0
20260928,002311,海大集团,41.0,41.38,41.55,40.42,11790000.0
20260928,002312,川发龙蟒,8.2,8.11,8.22,8.03,17167000.0
20260928,002313,日海智能,9.05,8.63,9.06,8.6,17028000.0
20260928,002314,南山控股,2.27,2.27,2.29,2.24,28560400.0
20260928,002315,焦点科技,24.99,24.14,25.35,24.13,9382800.0
20260928,002316,亚联发展,4.31,4.36,4.42,4.24,14486900.0
20260928,002317,众生药业,23.35,23.11,23.6,22.78,15519400.0
20260928,002318,久立特材,18.34,18.08,18.38,17.8,6817700.0
20260928,002319,乐通股份,10.19,9.98,10.29,9.89,6165100.0
20260928,002320,海峡股份,6.52,6.34,6.57,6.34,43238500.0
20260928,002321,华英农业,2.31,2.12,2.38,2.04,207661600.0
20260928,002322,理工能科,11.96,12.01,12.09,11.86,5641000.0
20260928,002324,普利特,8.95,8.67,8.95,8.57,18669500.0
20260928,002326,永太科技,16.57,15.99,16.57,15.85,15054800.0
20260928,002327,富安娜,6.12,6.06,6.15,6.02,3105400.0
20260928,002328,新朋股份,8.84,8.26,8.85,8.22,61205000.0
20260928,002329,皇氏集团,3.6,3.54,3.62,3.49,16617300.0
20260928,002330,得利斯,4.05,4.1,4.12,4.02,9182100.0
20260928,002331,皖通科技,6.8,6.74,6.85,6.67,5751600.0
20260928,002332,仙琚制药,8.63,8.65,8.68,8.6,9109100.0
20260928,002333,罗普斯金,5.56,5.58,5.86,5.46,23619000.0
20260928,002334,英威腾,6.51,6.36,6.52,6.31,8990100.0
20260928,002335,科华数据,31.6,30.4,31.78,29.95,29253800.0
20260928,002337,赛象科技,4.77,4.7,4.79,4.67,12766200.0
20260928,002338,奥普光电,46.58,43.67,46.85,43.0,8051700.0
20260928,002339,积成电子,7.44,7.03,7.47,7.0,26179700.0
20260928,002340,格林美,6.11,5.99,6.12,5.96,57949800.0
20260928,002342,巨力索具,7.89,8.68,8.68,7.56,238724500.0
20260928,002343,慈文传媒,5.81,5.59,5.92,5.56,11957200.0
20260928,002344,海宁皮城,3.99,3.95,4.02,3.93,8374000.0
20260928,002345,潮宏基,8.48,8.3,8.49,8.26,8157400.0
20260928,002346,柘中股份,18.41,17.97,18.49,17.75,5977100.0
20260928,002347,泰尔股份,5.9,6.42,6.42,5.87,49215500.0
20260928,002348,高乐股份,11.13,10.49,11.16,10.36,15791900.0
20260928,002349,精华制药,8.61,8.68,8.77,8.38,72860600.0
20260928,002350,北京科锐,13.72,13.42,13.8,13.25,4732500.0
20260928,002351,漫步者,9.88,9.87,10.02,9.75,6425200.0
20260928,002352,顺丰控股,30.54,30.44,30.7,30.3,11038900.0
20260928,002353,杰瑞股份,115.78,110.4,116.29,108.51,17769800.0
20260928,002354,天娱数科,7.49,7.15,7.52,7.11,125254000.0
20260928,002355,兴民智通,4.63,4.6,4.67,4.5,9076300.0
20260928,002356,鹏飞绿能,2.67,2.62,2.69,2.62,11658300.0
20260928,002357,富临运业,11.75,11.37,12.0,11.2,6688500.0
20260928,002358,森源电气,5.13,5.09,5.16,5.06,7344300.0
20260928,002361,神剑股份,10.05,10.14,10.36,9.78,88048600.0
20260928,002362,汉王科技,15.81,15.85,16.47,15.55,6960500.0
20260928,002363,隆基机械,6.86,6.88,6.92,6.79,5045500.0
20260928,002364,中恒电气,34.92,32.61,34.99,32.28,20712900.0
20260928,002365,永安药业,13.43,13.18,13.56,13.1,21207900.0
20260928,002366,融发核电,5.56,5.48,5.56,5.42,17490900.0
20260928,002367,康力电梯,5.97,5.75,5.98,5.69,26307800.0
20260928,002368,太极股份,12.91,12.59,12.92,12.49,6496400.0
20260928,002369,卓翼科技,5.54,5.51,5.58,5.42,9602400.0
20260928,002370,亚太药业,5.12,5.09,5.17,5.06,9078100.0
20260928,002371,北方华创,654.19,633.93,655.6,625.13,5960700.0
20260928,002372,伟星新材,8.11,8.09,8.2,8.03,5858700.0
20260928,002373,千方科技,7.29,7.26,7.33,7.15,11007500.0
20260928,002374,中锐股份,3.3,3.27,3.3,3.21,29141700.0
20260928,002375,亚厦股份,3.82,3.77,3.85,3.73,19029100.0
20260928,002376,新北洋,6.79,6.67,6.79,6.6,8029700.0
20260928,002377,国创高新,2.95,2.89,2.98,2.88,38838800.0
20260928,002378,章源钨业,22.47,21.36,22.47,21.27,15383200.0
20260928,002379,宏桥控股,15.9,15.77,16.0,15.67,19244000.0
20260928,002380,科远智慧,27.01,26.62,27.03,26.04,3108800.0
20260928,002381,双箭股份,5.6,5.56,5.61,5.5,4040000.0
20260928,002382,蓝帆医疗,5.94,6.09,6.18,5.94,26118800.0
20260928,002383,合众思壮,8.2,8.1,8.47,7.82,29112500.0
20260928,002384,东山精密,184.08,168.28,184.61,167.84,57805600.0
20260928,002385,大北农,3.09,3.06,3.1,3.02,52597200.0
20260928,002386,天原股份,5.97,5.75,5.98,5.75,17079500.0
20260928,002387,维信诺,6.96,6.7,6.97,6.65,9996900.0
20260928,002388,新亚制程,7.82,7.78,8.16,7.57,49128600.0
20260928,002389,航天彩虹,18.36,18.08,18.36,17.89,10657500.0
20260928,002390,信邦制药,2.9,2.94,2.94,2.88,20636700.0
20260928,002391,长青股份,5.12,5.07,5.14,5.0,7153900.0
20260928,002392,北京利尔,7.59,7.48,7.6,7.41,9314900.0
20260928,002393,力生制药,13.82,13.85,13.96,13.75,1736500.0
20260928,002394,联发股份,10.32,10.28,10.57,10.18,7436700.0
20260928,002395,双象股份,14.38,13.98,15.46,13.91,30060100.0
20260928,002396,星网锐捷,35.92,32.99,36.18,32.99,60485700.0
20260928,002397,梦洁股份,3.62,3.57,3.66,3.55,11260200.0
20260928,002398,垒知集团,4.24,4.26,4.29,4.19,12747000.0
20260928,002399,海普瑞,9.63,9.66,9.7,9.57,3231400.0
20260928,002400,省广集团,6.45,6.26,6.45,6.22,44316100.0
20260928,002401,中远海科,12.0,11.99,12.08,11.9,1952500.0
20260928,002402,和而泰,18.31,17.81,18.48,17.67,18645000.0
20260928,002403,爱仕达,10.44,10.47,10.77,10.18,24393300.0
20260928,002404,嘉欣丝绸,5.94,5.8,5.94,5.78,6894700.0
20260928,002405,四维图新,5.92,5.89,5.96,5.82,22820600.0
20260928,002406,远东传动,6.48,6.41,6.48,6.37,8279900.0
20260928,002407,多氟多,30.98,29.75,30.98,29.57,50512700.0
20260928,002408,齐翔腾达,5.31,5.23,5.32,5.16,15704300.0
20260928,002409,雅克科技,131.38,124.7,132.0,124.18,13226800.0
20260928,002410,广联达,8.4,8.31,8.43,8.27,17893700.0
20260928,002412,汉森制药,9.18,8.84,9.18,8.77,27690100.0
20260928,002413,雷科防务,9.31,9.18,9.57,9.01,306824900.0
20260928,002414,高德红外,11.87,11.37,11.87,11.31,43221200.0
20260928,002415,海康威视,32.54,32.16,32.64,31.99,38456000.0
20260928,002416,爱施德,9.05,8.8,9.07,8.77,11298700.0
20260928,002418,康盛股份,4.52,4.28,4.54,4.25,68094300.0
20260928,002419,天虹股份,4.57,4.56,4.59,4.52,11466100.0
20260928,002420,毅昌科技,6.1,6.02,6.13,5.95,6679900.0
20260928,002421,达实智能,3.19,3.13,3.26,3.08,152735000.0
20260928,002422,科伦药业,38.86,38.6,39.69,38.44,14376700.0
20260928,002423,中粮资本,9.05,9.05,9.16,8.98,9814700.0
20260928,002425,凯撒文化,3.02,3.03,3.07,2.97,22426100.0
20260928,002426,胜利精密,2.81,2.67,2.84,2.63,181694700.0
20260928,002427,尤夫股份,4.52,4.48,4.55,4.44,7113600.0
20260928,002428,云南锗业,90.9,87.77,92.0,85.6,39971300.0
20260928,002429,兆驰股份,8.29,8.03,8.3,7.97,69676800.0
20260928,002430,杭氧股份,24.83,24.12,24.9,23.8,10018100.0
20260928,002432,九安医疗,61.94,59.18,62.1,58.56,11077100.0
20260928,002434,万里扬,6.14,6.18,6.33,6.12,18479600.0
20260928,002436,兴森科技,43.69,41.14,43.87,41.0,89616400.0
20260928,002437,誉衡药业,3.5,3.45,3.54,3.4,155925400.0
20260928,002438,江苏神通,13.76,13.94,14.07,13.68,7511100.0
20260928,002439,启明星辰,14.6,14.35,14.63,14.15,38014200.0
20260928,002440,闰土股份,12.7,13.2,13.41,12.55,44986400.0
20260928,002441,众业达,8.13,8.14,8.21,8.05,3029400.0
20260928,002442,龙星科技,5.33,5.23,5.35,5.17,25388700.0
20260928,002443,金洲管道,12.8,12.42,12.88,12.27,32819000.0
20260928,002444,巨星科技,27.36,26.96,27.65,26.78,8072900.0
20260928,002445,中南文化,3.12,3.08,3.14,3.06,40248700.0
20260928,002446,盛路通信,8.07,7.75,8.1,7.67,29964500.0
20260928,002448,中原内配,10.89,10.74,10.96,10.66,9390800.0
20260928,002449,国星光电,6.58,6.47,6.66,6.4,8300800.0
20260928,002451,摩恩电气,7.64,7.46,7.67,7.32,8738400.0
20260928,002452,长高电气,11.68,11.22,11.7,11.07,10123200.0
20260928,002453,华软科技,4.92,4.6,4.92,4.52,63719800.0
20260928,002454,松芝股份,5.13,5.11,5.2,5.07,9471800.0
20260928,002455,百川股份,6.85,6.65,6.86,6.59,17259700.0
20260928,002456,欧菲光,6.7,6.51,6.72,6.49,61022900.0
20260928,002457,青龙管业,11.02,10.87,11.2,10.81,12868200.0
20260928,002458,益生股份,8.09,8.12,8.15,7.99,22330500.0
20260928,002459,晶澳科技,6.73,6.56,6.8,6.5,27539900.0
20260928,002460,赣锋锂业,43.0,41.9,43.21,41.67,28920700.0
20260928,002461,珠江啤酒,8.15,8.29,8.33,8.11,5284100.0
20260928,002462,嘉事堂,12.26,12.24,12.43,12.17,2159800.0
20260928,002463,沪电股份,123.0,117.2,123.75,116.23,42123700.0
20260928,002465,海格通信,10.24,10.0,10.29,9.91,57307500.0
20260928,002466,天齐锂业,40.18,39.41,40.37,39.27,26326300.0
20260928,002467,二六三,4.83,4.99,5.02,4.76,114198600.0
20260928,002468,申通快递,14.75,14.61,14.85,14.5,9122300.0
20260928,002469,三维化学,6.01,5.99,6.07,5.96,4830900.0
20260928,002470,金正大,2.01,1.95,2.02,1.93,111219400.0
20260928,002471,中超控股,5.51,5.26,5.56,5.2,68342800.0
20260928,002472,双环传动,39.04,38.79,39.43,38.47,19394200.0
20260928,002474,榕基软件,6.37,6.39,6.44,6.22,18772900.0
20260928,002475,立讯精密,52.06,49.92,52.17,49.3,92859500.0
20260928,002476,新叶股份,5.01,4.87,5.01,4.8,8845300.0
20260928,002478,常宝股份,6.77,6.41,6.78,6.37,23341800.0
20260928,002479,富春环保,5.81,5.8,5.89,5.74,11469600.0
20260928,002480,新筑股份,5.1,5.65,5.65,5.1,29403400.0
20260928,002481,双塔食品,4.16,4.25,4.27,4.14,12009600.0
20260928,002482,广田集团,1.34,1.33,1.35,1.32,56378300.0
20260928,002483,润邦股份,6.02,5.86,6.06,5.83,14323000.0
20260928,002484,江海股份,57.86,52.16,57.96,52.16,39105600.0
20260928,002486,嘉麟杰,2.72,2.68,2.73,2.66,18800500.0
20260928,002487,大金重工,40.33,41.38,41.7,38.0,80959500.0
20260928,002488,金固股份,7.34,7.19,7.37,7.04,16957200.0
20260928,002489,浙江永强,3.06,2.92,3.09,2.84,45367300.0
20260928,002490,山东墨龙,7.15,6.96,7.15,6.89,16226300.0
20260928,002491,通鼎互联,23.6,21.42,23.8,21.42,112730200.0
20260928,002492,恒基达鑫,6.32,6.36,6.41,6.15,8382800.0
20260928,002493,荣盛石化,13.04,13.69,13.85,12.98,62486400.0
20260928,002494,华斯股份,4.99,4.84,5.02,4.82,18969200.0
20260928,002495,佳隆股份,2.41,2.42,2.44,2.38,20141200.0
20260928,002496,辉丰股份,2.11,2.09,2.14,2.07,15246900.0
20260928,002497,雅化集团,15.82,15.44,15.82,15.34,21691000.0
20260928,002498,汉缆股份,6.25,6.1,6.26,6.02,43917200.0
20260928,002500,山西证券,5.14,5.09,5.15,5.03,17854000.0
20260928,002506,协鑫集成,2.35,2.31,2.39,2.27,160194300.0
20260928,002507,涪陵榨菜,11.09,11.09,11.13,11.02,4928300.0
20260928,002508,老板电器,16.58,16.55,16.7,16.31,6708000.0
20260928,002510,天汽模,5.65,5.61,5.73,5.58,15262300.0
20260928,002511,中顺洁柔,6.91,6.86,6.93,6.8,7490900.0
20260928,002513,蓝丰生化,5.31,5.32,5.4,5.2,7883900.0
20260928,002515,金字火腿,7.4,7.08,7.4,7.0,58387800.0
20260928,002516,旷达科技,5.72,5.59,5.79,5.53,19379400.0
20260928,002517,恺英网络,16.1,15.68,16.15,15.51,30917700.0
20260928,002518,科士达,37.05,33.9,37.07,33.51,17396600.0
20260928,002519,银河电子,5.88,5.67,6.18,5.64,53585300.0
20260928,002520,日发精机,6.52,6.41,6.6,6.33,44740200.0
20260928,002521,齐峰新材,6.28,6.13,6.29,6.1,4647300.0
20260928,002522,浙江众成,5.57,5.25,5.57,5.21,51744900.0
20260928,002523,天桥起重,3.4,3.4,3.43,3.36,19390600.0
20260928,002524,光正眼科,4.08,4.03,4.1,3.98,14014900.0
20260928,002526,山东矿机,2.6,2.56,2.61,2.55,14052900.0
20260928,002527,新时达,10.81,10.47,10.88,10.41,5267900.0
20260928,002529,海源复材,6.63,6.61,6.72,6.52,4653000.0
20260928,002530,金财互联,7.09,6.94,7.09,6.88,7431600.0
20260928,002531,天顺风能,7.37,7.78,7.8,7.12,153821600.0
20260928,002532,天山铝业,11.91,11.75,11.96,11.68,42428100.0
20260928,002533,金杯电工,10.81,10.71,10.88,10.58,4143100.0
20260928,002534,西子洁能,17.27,16.7,17.44,16.3,13454100.0
20260928,002535,林州重机,2.43,2.42,2.47,2.37,14443100.0
20260928,002536,飞龙股份,50.47,46.5,50.6,46.3,35707200.0
20260928,002537,海联金汇,5.63,5.57,5.64,5.51,14262400.0
20260928,002539,云图控股,12.0,11.77,12.18,11.66,10085100.0
20260928,002540,亚太科技,4.98,4.91,4.99,4.88,9000200.0
20260928,002541,鸿路钢构,18.28,18.26,18.59,17.83,14954300.0
20260928,002543,万和电气,7.12,7.37,7.56,7.1,14559400.0
20260928,002544,普天科技,15.69,15.26,15.72,15.17,12088500.0
20260928,002545,东方铁塔,14.71,13.82,14.81,13.69,33887900.0
20260928,002546,新联电子,7.4,7.26,7.4,7.2,8112000.0
20260928,002548,金新农,3.84,3.86,3.95,3.77,23104800.0
20260928,002549,凯美特气,13.05,12.55,13.05,12.42,12142600.0
20260928,002550,千红制药,6.37,6.35,6.43,6.31,8736600.0
20260928,002551,尚荣医疗,3.35,3.36,3.38,3.31,10679000.0
20260928,002552,宝鼎科技,49.63,46.42,49.76,45.62,17326500.0
20260928,002553,南方精工,16.21,17.34,17.35,16.11,37017100.0
20260928,002554,惠博普,2.75,2.71,2.76,2.69,15141900.0
20260928,002555,三七互娱,17.37,17.05,17.42,17.02,15452600.0
20260928,002556,辉隆股份,5.06,5.06,5.1,5.01,9544300.0
20260928,002557,洽洽食品,18.4,18.44,18.5,18.27,6741000.0
20260928,002558,巨人网络,23.62,22.18,23.64,22.12,60647200.0
20260928,002559,亚威股份,8.92,8.68,8.97,8.55,20007000.0
20260928,002560,通达股份,6.73,6.5,6.77,6.41,38547100.0
20260928,002561,徐家汇,7.33,7.28,7.4,7.23,4993300.0
20260928,002562,兄弟科技,5.0,4.79,5.05,4.77,26189400.0
20260928,002563,森马服饰,5.44,5.41,5.5,5.38,14749500.0
20260928,002564,天沃科技,5.2,5.1,5.4,5.07,40879300.0
20260928,002565,顺灏股份,8.53,8.53,8.93,8.38,107222200.0
20260928,002566,益盛药业,6.99,7.01,7.06,6.93,4619100.0
20260928,002567,唐人神,3.58,3.63,3.64,3.53,20453500.0
20260928,002568,百润股份,19.45,19.41,19.89,19.2,20642100.0
20260928,002570,贝因美,4.4,4.37,4.42,4.33,14871000.0
20260928,002571,德力股份,11.07,10.82,11.07,10.67,3197900.0
20260928,002572,索菲亚,7.42,7.42,7.47,7.33,6059500.0
20260928,002573,清新环境,3.12,3.08,3.13,3.06,10177200.0
20260928,002574,明牌珠宝,4.97,4.94,4.99,4.88,6795900.0
20260928,002575,群兴玩具,5.12,4.99,5.13,4.95,15681900.0
20260928,002576,通达动力,14.51,14.53,14.7,14.33,2659100.0
20260928,002577,雷柏科技,22.01,21.41,22.01,21.09,5651900.0
20260928,002578,闽发铝业,4.07,4.12,4.16,3.98,22820400.0
20260928,002579,中京电子,18.39,17.3,18.98,17.3,110777000.0
20260928,002580,圣阳股份,18.35,18.21,18.81,17.61,34521800.0
20260928,002582,好想你,9.46,9.31,9.5,9.22,9279700.0
20260928,002583,海能达,8.75,8.46,8.83,8.35,91568800.0
20260928,002584,西陇科学,8.91,8.57,8.95,8.54,70843800.0
20260928,002585,双星新材,11.08,10.46,11.11,10.36,89857800.0
20260928,002586,围海股份,3.76,3.65,3.77,3.58,5578100.0
20260928,002587,奥拓电子,5.23,5.19,5.3,5.13,9586800.0
20260928,002588,史丹利,7.55,7.36,7.57,7.32,11676200.0
20260928,002589,瑞康医药,3.32,3.25,3.35,3.21,94098200.0
20260928,002590,万安科技,9.59,9.47,9.65,9.43,4024200.0
20260928,002591,恒大高新,6.34,6.34,6.4,6.2,9629200.0
20260928,002593,日上集团,4.6,4.59,4.65,4.56,11851000.0
20260928,002594,比亚迪,83.61,83.35,84.28,83.18,18236500.0
20260928,002595,豪迈科技,38.97,38.24,39.04,37.91,3755500.0
20260928,002596,海南瑞泽,3.22,3.22,3.27,3.16,16703100.0
20260928,002597,金禾实业,21.62,21.06,21.69,20.92,4076100.0
20260928,002599,盛通股份,5.58,5.51,5.62,5.46,4621500.0
20260928,002600,领益智造,12.16,12.01,12.25,11.8,72584100.0
20260928,002601,龙佰集团,15.0,14.75,15.0,14.68,9675300.0
20260928,002602,世纪华通,14.37,13.87,14.41,13.77,66448900.0
20260928,002603,以岭药业,15.15,15.15,15.28,15.06,9223300.0
20260928,002605,姚记科技,16.43,16.27,16.5,16.21,2322400.0
20260928,002606,大连电瓷,12.16,11.84,12.16,11.75,9189400.0
20260928,002607,中公教育,1.87,1.83,1.88,1.81,113705300.0
20260928,002608,江苏国信,7.22,7.25,7.27,7.2,8593800.0
20260928,002609,捷顺科技,7.82,7.9,7.99,7.76,7036400.0
20260928,002611,东方精工,14.31,14.71,14.84,14.28,32271300.0
20260928,002612,朗姿股份,17.76,16.99,17.94,16.81,15343000.0
20260928,002613,北玻股份,3.38,3.29,3.46,3.29,36085700.0
20260928,002614,奥佳华,9.13,8.5,9.13,7.66,189171200.0
20260928,002615,哈尔斯,6.41,6.35,6.49,6.3,8196000.0
20260928,002616,长青集团,4.81,4.77,4.82,4.74,5326300.0
20260928,002617,露笑科技,6.66,6.75,6.78,6.55,92330400.0
20260928,002622,皓宸医疗,2.67,2.55,2.67,2.46,102070000.0
20260928,002623,亚玛顿,19.43,18.78,19.79,18.52,12766000.0
20260928,002624,完美世界,9.58,9.37,9.63,9.32,41672000.0
20260928,002625,光启技术,24.97,22.47,25.12,22.47,46533300.0
20260928,002626,金达威,16.38,16.02,16.38,15.96,3210300.0
20260928,002627,三峡旅游,6.63,6.5,6.69,6.44,7429600.0
20260928,002628,成都路桥,4.99,4.86,4.99,4.79,18553800.0
20260928,002629,仁智股份,4.29,4.31,4.36,4.23,10890600.0
20260928,002631,德尔未来,13.89,12.99,14.02,12.95,61147000.0
20260928,002632,道明光学,9.55,9.12,9.62,9.08,13277500.0
20260928,002633,申科股份,15.78,15.27,16.18,15.02,7766500.0
20260928,002635,安洁科技,15.94,14.72,15.97,14.56,44272200.0
20260928,002636,金安国纪,78.3,79.3,82.72,77.14,45560900.0
20260928,002637,赞宇科技,10.61,10.18,10.65,10.15,14145900.0
20260928,002638,勤上股份,5.02,4.87,5.09,4.81,78838200.0
20260928,002639,雪人集团,14.02,14.25,15.25,14.01,107836600.0
20260928,002640,跨境通,3.8,3.96,3.96,3.79,267571300.0
20260928,002641,公元股份,3.77,3.75,3.8,3.73,5433500.0
20260928,002642,荣联科技,6.85,6.88,7.07,6.76,13197300.0
20260928,002643,万润股份,13.04,12.56,13.04,12.43,13990600.0
20260928,002644,佛慈制药,8.19,8.26,8.31,8.14,4966600.0
20260928,002645,华宏科技,18.1,17.06,18.2,17.0,24656200.0
20260928,002646,天佑德酒,7.09,7.08,7.46,6.97,14882700.0
20260928,002647,仁东控股,11.7,11.51,11.82,11.19,27908300.0
20260928,002648,卫星化学,26.52,26.79,26.95,26.31,31158800.0
20260928,002649,博彦科技,9.16,9.05,9.19,8.95,6677100.0
20260928,002651,利君股份,8.11,7.94,8.2,7.87,9247300.0
20260928,002652,扬子新材,4.64,4.46,4.66,4.42,12404800.0
20260928,002653,海思科,61.4,60.71,61.91,60.31,3851500.0
20260928,002654,万润科技,13.15,12.5,13.19,12.35,34166100.0
20260928,002655,共达电声,37.23,34.52,37.7,34.0,22654200.0
20260928,002656,摩登大道,2.8,2.76,2.8,2.74,10788900.0
20260928,002657,中科金财,14.89,14.49,14.89,14.31,5561900.0
20260928,002658,雪迪龙,7.32,7.27,7.69,7.21,7435600.0
20260928,002659,凯文教育,4.68,4.66,4.74,4.6,13768800.0
20260928,002660,茂硕电源,7.87,7.76,7.95,7.7,5145800.0
20260928,002661,克明食品,7.6,7.56,7.6,7.49,5562500.0
20260928,002662,峰璟股份,3.11,3.1,3.12,3.07,9334500.0
20260928,002663,普邦股份,1.7,1.71,1.72,1.69,26926900.0
20260928,002664,信质集团,14.66,14.35,14.83,14.3,4195000.0
20260928,002666,德联集团,4.24,4.17,4.25,4.15,10116300.0
20260928,002668,TCL智家,8.95,8.76,9.05,8.7,13622000.0
20260928,002669,康达新材,14.8,14.76,16.6,14.47,53365800.0
20260928,002670,国盛证券,11.13,11.03,11.19,10.93,19606000.0
20260928,002671,龙泉股份,4.03,4.02,4.06,3.98,9387900.0
20260928,002672,东江环保,3.8,3.67,3.94,3.59,36013000.0
20260928,002673,西部证券,6.6,6.53,6.62,6.49,20144200.0
20260928,002674,兴业科技,20.41,19.5,20.41,19.46,9184500.0
20260928,002675,东诚药业,12.68,12.65,12.76,12.59,3630300.0
20260928,002676,顺威股份,5.23,5.24,5.29,5.12,9840400.0
20260928,002677,浙江美大,6.37,6.18,6.55,6.18,10852000.0
20260928,002678,珠江钢琴,4.39,4.34,4.42,4.29,6951700.0
20260928,002679,福建金森,11.1,11.86,12.73,10.83,38161000.0
20260928,002681,奋达科技,4.47,4.42,4.51,4.39,31444600.0
20260928,002682,龙洲股份,4.93,4.92,5.0,4.89,29996600.0
20260928,002683,广东宏大,28.1,27.06,28.2,26.85,6924900.0
20260928,002685,华东重机,5.45,5.24,5.48,5.2,25684500.0
20260928,002686,亿利达,6.22,6.23,6.26,6.1,7132500.0
20260928,002687,乔治白,5.86,5.7,5.94,5.5,22734100.0
20260928,002688,金河生物,5.15,5.15,5.19,5.1,4704300.0
20260928,002690,美亚光电,15.83,15.39,15.96,15.34,4935300.0
20260928,002692,远程股份,4.29,4.24,4.3,4.18,9774300.0
20260928,002693,双成药业,9.01,9.1,9.36,8.85,15485800.0
20260928,002695,煌上煌,10.52,10.54,10.66,10.39,11724400.0
20260928,002696,百洋股份,6.65,6.49,6.74,5.99,17322700.0
20260928,002697,红旗连锁,4.63,4.61,4.66,4.58,12379400.0
20260928,002698,博实股份,11.35,11.12,11.37,11.08,5706300.0
20260928,002700,万憬能源,6.36,6.31,6.4,6.25,5608700.0
20260928,002701,奥瑞金,4.32,4.24,4.33,4.21,22897200.0
20260928,002702,海欣食品,5.5,5.44,5.54,5.39,35086800.0
20260928,002703,浙江世宝,14.97,15.26,15.62,14.71,30714700.0
20260928,002705,新宝股份,12.01,11.98,12.38,11.87,21410200.0
20260928,002706,良信股份,8.65,8.4,8.65,8.38,13682500.0
20260928,002707,众信旅游,5.09,5.02,5.13,4.99,14747400.0
20260928,002708,光洋股份,16.11,17.01,17.51,16.11,53732900.0
20260928,002709,天赐材料,31.7,30.47,31.75,30.34,35069800.0
20260928,002712,思美传媒,4.96,4.88,5.0,4.84,11207000.0
20260928,002713,东易日盛,10.47,10.04,10.47,9.96,13064300.0
20260928,002714,牧原股份,40.38,41.71,41.95,40.24,46567100.0
20260928,002715,登云股份,13.13,13.02,13.2,12.81,3122900.0
20260928,002716,湖南白银,8.83,8.53,8.85,8.45,115101300.0
20260928,002718,友邦吊顶,85.06,80.19,85.07,78.33,2272600.0
20260928,002721,金一文化,2.65,2.56,2.65,2.56,38692500.0
20260928,002722,物产金轮,13.33,13.2,13.4,13.16,2171300.0
20260928,002723,小崧股份,7.51,7.36,7.51,7.19,9171800.0
20260928,002724,海洋王,7.15,7.0,7.64,6.96,41346500.0
20260928,002725,跃岭股份,10.85,10.71,10.86,10.52,4068700.0
20260928,002727,一心堂,10.6,10.68,10.75,10.59,4190300.0
20260928,002728,特一药业,9.75,9.67,9.87,9.5,17231900.0
20260928,002729,好利科技,14.0,13.46,14.1,13.37,3463600.0
20260928,002730,电光科技,22.35,20.98,22.46,20.63,9494300.0
20260928,002732,燕塘乳业,14.13,14.07,14.31,14.05,2253900.0
20260928,002733,雄韬股份,17.63,16.91,17.66,16.7,9785700.0
20260928,002734,利民股份,19.87,18.54,20.1,18.46,37197100.0
20260928,002735,王子新材,11.37,10.73,11.43,10.68,19454100.0
20260928,002736,国信证券,9.84,9.68,9.87,9.62,19540100.0
20260928,002737,葵花药业,11.28,11.3,11.4,11.22,2962200.0
20260928,002738,中矿资源,41.58,40.63,41.93,40.25,18494500.0
20260928,002739,儒意电影,8.42,8.19,8.49,8.18,34034500.0
20260928,002741,光华科技,28.55,25.74,28.55,25.74,45160500.0
20260928,002742,冀衡医药,4.15,4.1,4.19,4.05,16290100.0
20260928,002745,木林森,11.85,11.29,11.91,11.24,43090900.0
20260928,002746,仙坛股份,6.15,6.33,6.35,6.13,12562400.0
20260928,002747,埃斯顿,29.32,28.45,29.89,28.3,29855500.0
20260928,002748,世龙实业,12.13,11.92,12.19,11.8,3168600.0
20260928,002749,国光股份,8.41,8.44,8.48,8.37,1408900.0
20260928,002752,昇兴股份,6.12,6.02,6.17,5.99,7674100.0
20260928,002753,永东股份,6.78,6.71,6.82,6.67,5476800.0
20260928,002755,奥赛康,12.58,12.5,12.79,12.42,8425300.0
20260928,002756,永兴材料,38.65,37.87,38.81,37.56,8049400.0
20260928,002757,南兴股份,19.58,18.77,19.64,18.71,23399600.0
20260928,002758,浙农股份,8.62,8.48,8.76,8.41,5503100.0
20260928,002760,凤形股份,17.74,17.5,17.76,17.25,2058400.0
20260928,002761,浙江建投,7.24,7.25,7.28,7.2,7827100.0
20260928,002762,金发拉比,10.26,9.75,10.36,9.64,8226600.0
20260928,002763,汇洁股份,7.42,7.33,7.42,7.3,3646200.0
20260928,002765,蓝黛科技,6.9,6.78,6.9,6.73,5347000.0
20260928,002766,索菱股份,4.05,3.99,4.08,3.97,13109500.0
20260928,002767,先锋电子,18.6,18.27,18.85,18.0,2681000.0
20260928,002768,国恩股份,78.01,70.21,78.07,70.21,13569600.0
20260928,002769,普路通,6.78,6.61,6.8,6.6,7938000.0
20260928,002771,真视通,13.56,13.3,13.59,13.25,5336300.0
20260928,002772,众兴菌业,10.67,10.26,10.74,10.25,10582900.0
20260928,002773,康弘药业,20.49,21.1,21.99,20.01,17724400.0
20260928,002774,快意电梯,17.52,16.64,17.68,16.51,9908400.0
20260928,002775,文科股份,3.33,3.32,3.34,3.25,9984100.0
20260928,002777,久远银海,12.5,12.47,12.61,12.31,3957900.0
20260928,002778,中晟高科,15.79,15.69,15.98,15.55,1723300.0
20260928,002779,中坚科技,82.85,76.46,83.71,75.8,3941500.0
20260928,002780,三夫户外,14.99,14.84,15.1,14.53,5730900.0
20260928,002782,可立克,14.96,14.14,14.96,13.95,9616700.0
20260928,002783,凯龙股份,8.02,8.02,8.09,7.87,6946700.0
20260928,002785,万里石,39.81,36.9,39.98,36.9,7952500.0
20260928,002786,银宝山新,7.7,7.59,7.76,7.53,4914400.0
20260928,002787,华源控股,26.43,25.11,26.74,24.97,12311500.0
20260928,002788,鹭燕医药,10.71,10.69,10.85,10.55,15296100.0
20260928,002790,瑞尔特,6.46,6.4,6.52,6.32,17053400.0
20260928,002791,坚朗五金,15.48,15.11,15.59,14.98,3332400.0
20260928,002792,通宇通讯,32.71,30.4,32.73,30.17,21051300.0
20260928,002793,罗欣药业,4.66,4.75,4.92,4.62,29055700.0
20260928,002795,永和智控,7.95,7.5,7.99,7.23,23122200.0
20260928,002796,世嘉科技,28.99,26.24,28.99,26.24,11387700.0
20260928,002797,第一创业,6.22,6.1,6.22,6.08,39725000.0
20260928,002798,帝欧水华,6.63,6.57,6.66,6.45,9322000.0
20260928,002799,环球印务,6.92,6.86,6.95,6.8,5101800.0
20260928,002800,天顺股份,14.64,14.59,14.79,14.4,1904400.0
20260928,002801,微光股份,27.1,26.42,27.32,26.06,1215800.0
20260928,002802,洪汇新材,12.42,12.26,12.42,12.18,2700900.0
20260928,002803,吉宏股份,19.69,20.21,20.84,19.18,20982500.0
20260928,002805,丰元股份,16.01,15.43,16.13,15.23,7837200.0
20260928,002806,华锋股份,15.19,14.75,15.22,14.47,7700000.0
20260928,002807,江阴银行,4.17,4.15,4.19,4.12,36111600.0
20260928,002809,红墙股份,8.44,8.38,8.49,8.3,5347200.0
20260928,002810,山东赫达,21.23,20.38,21.3,20.02,4273100.0
20260928,002811,郑中设计,16.42,15.87,16.44,15.25,12662700.0
20260928,002812,恩捷股份,46.3,45.09,46.41,44.7,10794100.0
20260928,002813,路畅科技,23.65,23.98,25.0,23.35,5958600.0
20260928,002815,崇达技术,23.8,22.22,23.88,22.05,59712000.0
20260928,002817,黄山胶囊,6.76,6.75,6.82,6.66,3913900.0
20260928,002818,富森美,11.14,11.31,11.45,11.13,4932400.0
20260928,002819,东方中科,27.5,24.97,28.53,24.41,29241700.0
20260928,002820,桂发祥,9.74,9.69,9.9,9.61,5884600.0
20260928,002821,凯莱英,180.63,180.53,181.66,176.8,6719200.0
20260928,002823,凯中精密,12.88,12.66,13.02,12.54,4241200.0
20260928,002824,和胜股份,27.2,25.2,27.33,25.12,14090300.0
20260928,002825,纳尔股份,9.55,9.25,9.55,9.21,3260900.0
20260928,002826,易明医药,17.77,17.54,17.96,17.4,5037000.0
20260928,002827,高争民爆,76.0,68.93,76.5,68.93,10255300.0
20260928,002828,贝肯能源,10.77,10.73,10.82,10.56,4907600.0
20260928,002829,星网宇达,20.07,19.44,20.07,19.21,3750700.0
20260928,002830,名雕股份,14.97,14.71,15.2,14.61,2482500.0
20260928,002831,裕同科技,28.96,27.63,28.97,27.5,9929800.0
20260928,002832,比音勒芬,25.35,24.97,25.65,24.75,5718000.0
20260928,002833,弘亚数控,18.28,18.47,18.75,18.22,3767100.0
20260928,002835,同为股份,13.17,13.03,13.3,12.86,1927400.0
20260928,002836,新宏泽,12.5,11.57,12.73,11.26,21774400.0
20260928,002837,英维克,56.98,54.36,57.27,54.1,29974700.0
20260928,002838,道恩股份,25.45,24.48,25.62,24.4,5506300.0
20260928,002839,张家港行,4.25,4.22,4.27,4.18,26380200.0
20260928,002840,华统股份,7.73,8.0,8.06,7.52,27624500.0
20260928,002841,视源股份,44.94,44.1,46.8,44.01,8010100.0
20260928,002842,翔鹭钨业,32.6,30.81,32.7,30.67,16214300.0
20260928,002843,泰嘉股份,15.71,14.84,15.73,14.67,9369300.0
20260928,002845,同兴达,14.08,13.74,14.23,13.66,5894100.0
20260928,002846,英联股份,11.18,10.8,11.19,10.64,16182200.0
20260928,002847,盐津铺子,42.8,43.41,43.43,42.8,1606700.0
20260928,002848,高斯贝尔,15.26,14.82,15.39,14.26,14512600.0
20260928,002849,威星智能,25.24,22.28,25.47,22.28,31685500.0
20260928,002850,科达利,168.99,163.0,169.09,162.8,3476400.0
20260928,002851,麦格米特,123.0,115.4,126.2,113.83,37601300.0
20260928,002852,道道全,8.18,8.9,8.9,7.86,28064300.0
20260928,002853,皮阿诺,21.38,20.57,21.66,20.45,982700.0
20260928,002855,捷荣技术,13.23,12.68,13.23,12.52,9607500.0
20260928,002857,三晖电气,17.7,17.64,17.88,17.26,1914900.0
20260928,002858,力盛体育,11.67,11.55,11.88,11.49,4459700.0
20260928,002859,洁美科技,65.15,59.98,65.41,59.15,13202200.0
20260928,002861,瀛通通讯,14.66,14.06,14.7,13.98,4814500.0
20260928,002862,实丰文化,15.69,14.95,15.85,14.8,7176500.0
20260928,002863,今飞凯达,4.76,4.75,4.78,4.68,7285400.0
20260928,002864,盘龙药业,20.97,20.94,21.2,20.71,1443100.0
20260928,002865,钧达股份,37.6,36.14,37.88,36.05,5570500.0
20260928,002866,传艺科技,14.39,13.96,14.39,13.73,5470800.0
20260928,002867,周大生,10.05,10.04,10.09,10.01,5118800.0
20260928,002868,绿康生化,22.4,22.19,22.54,21.92,1604200.0
20260928,002869,金溢科技,16.95,16.7,17.28,16.67,4555900.0
20260928,002870,香山股份,48.28,46.26,48.4,45.91,2670100.0
20260928,002871,伟隆股份,18.2,17.6,18.2,17.21,3087500.0
20260928,002873,新天药业,8.45,8.44,8.53,8.32,4977000.0
20260928,002875,安奈儿,13.01,12.72,13.08,12.59,4094500.0
20260928,002876,三利谱,32.88,31.54,32.88,31.46,4389600.0
20260928,002877,智能自控,7.45,7.41,7.47,7.33,3806300.0
20260928,002878,元隆雅图,12.58,12.42,12.66,12.32,3473900.0
20260928,002879,长缆科技,17.8,17.41,18.28,16.78,15999400.0
20260928,002880,卫光生物,21.4,21.97,22.12,21.4,2723900.0
20260928,002881,美格智能,45.87,42.6,45.87,42.32,7363600.0
20260928,002882,金龙羽,22.05,22.28,23.06,20.8,12307100.0
20260928,002884,凌霄泵业,15.45,15.25,15.45,15.15,1498900.0
20260928,002885,京泉华,28.06,26.28,28.27,25.78,12876000.0
20260928,002886,沃特股份,25.52,24.18,25.77,24.01,25935200.0
20260928,002887,绿茵生态,9.28,9.47,10.04,9.28,13487500.0
20260928,002888,惠威科技,19.03,18.44,19.11,18.2,2451900.0
20260928,002889,东方嘉盛,12.23,11.96,12.25,11.87,1715600.0
20260928,002890,弘宇股份,15.54,15.19,15.66,15.02,1376400.0
20260928,002891,中宠股份,27.96,27.81,28.7,27.65,4988100.0
20260928,002892,科力尔,8.63,8.56,8.69,8.49,4355800.0
20260928,002893,京能热力,10.22,10.18,10.32,10.15,8352800.0
20260928,002895,川恒股份,30.16,30.03,30.49,29.82,3106700.0
20260928,002896,中大力德,60.6,63.31,63.59,60.07,10081700.0
20260928,002897,意华股份,65.58,59.14,65.64,59.14,11815800.0
20260928,002899,英派斯,21.25,20.61,21.46,20.45,4257300.0
20260928,002900,哈三联,12.83,13.06,13.34,12.46,26008400.0
20260928,002901,大博医疗,41.34,41.3,41.88,40.82,1220600.0
20260928,002902,铭普光磁,27.59,25.56,27.64,25.23,21241000.0
20260928,002903,宇环数控,29.94,29.31,30.95,28.69,8294100.0
20260928,002905,金逸影视,8.77,8.76,8.95,8.61,5375600.0
20260928,002906,华阳集团,27.34,26.67,27.5,26.51,4862500.0
20260928,002907,华森制药,14.73,14.49,14.73,14.35,10301400.0
20260928,002908,德生科技,7.0,6.98,7.04,6.89,3201000.0
20260928,002909,集泰股份,7.9,7.46,8.04,7.46,16353700.0
20260928,002910,庄园牧场,10.04,9.86,10.14,9.81,4963400.0
20260928,002911,佛燃能源,11.14,11.28,11.34,11.11,5583900.0
20260928,002912,中新赛克,25.97,26.47,26.47,25.97,7965700.0
20260928,002913,奥士康,87.28,82.8,88.36,81.51,12264800.0
20260928,002915,中欣氟材,16.75,16.2,17.0,16.11,5074400.0
20260928,002916,深南电路,390.21,370.98,393.5,368.83,7666400.0
20260928,002917,金奥博,10.13,10.04,10.2,9.94,2241500.0
20260928,002918,蒙娜丽莎,10.66,10.57,11.22,10.49,18133400.0
20260928,002919,名臣健康,16.55,15.72,16.66,15.49,3559300.0
20260928,002920,德赛西威,82.5,80.0,82.98,79.76,5974900.0
20260928,002921,联诚精密,20.68,19.79,20.78,19.5,3916100.0
20260928,002922,伊戈尔,22.72,21.35,22.73,21.14,15111600.0
20260928,002923,润都股份,10.88,10.75,10.95,10.67,6137400.0
20260928,002925,盈趣科技,22.87,22.12,23.08,21.76,12910600.0
20260928,002926,华西证券,8.2,8.08,8.25,8.03,12095000.0
20260928,002927,泰永长征,19.82,19.11,19.82,18.99,9610500.0
20260928,002928,华夏航空,6.19,6.08,6.19,5.99,28619500.0
20260928,002929,润建股份,51.35,47.7,51.37,47.3,7664300.0
20260928,002930,宏川智慧,9.18,9.01,9.27,8.97,5370100.0
20260928,002931,锋龙股份,40.48,38.86,40.68,38.5,5735300.0
20260928,002933,新兴装备,27.76,27.15,28.0,27.09,1207000.0
20260928,002935,天奥电子,17.86,18.26,18.86,17.51,23445100.0
20260928,002936,郑州银行,1.71,1.7,1.72,1.69,79735200.0
20260928,002937,兴瑞科技,30.1,27.23,30.2,27.23,15183000.0
20260928,002938,鹏鼎控股,82.5,79.66,82.71,78.1,22030900.0
20260928,002939,长城证券,7.73,7.67,7.76,7.63,13404900.0
20260928,002940,昂利康,22.8,22.46,23.13,22.34,3743600.0
20260928,002941,新疆交建,10.42,10.34,10.53,10.27,6808200.0
20260928,002942,新农股份,16.99,16.48,17.03,16.45,3248600.0
20260928,002943,宇晶股份,30.95,28.98,31.03,28.72,8887300.0
20260928,002945,华林证券,14.35,14.07,14.42,13.94,9144100.0
20260928,002946,新乳业,14.35,14.54,14.65,14.3,5421400.0
20260928,002947,恒铭达,63.09,58.25,63.37,57.5,6354300.0
20260928,002948,青岛银行,6.05,6.06,6.19,6.03,46885000.0
20260928,002949,华阳国际,13.07,13.2,13.55,12.88,6887400.0
20260928,002950,奥美医疗,8.6,8.49,8.66,8.45,5126500.0
20260928,002951,金时科技,16.81,15.81,17.18,15.81,9997400.0
20260928,002952,亚世光电,19.22,19.12,19.46,18.94,3447700.0
20260928,002953,日丰股份,10.21,9.94,10.28,9.84,7628700.0
20260928,002955,鸿合科技,37.3,36.29,37.31,35.75,4736200.0
20260928,002956,西麦食品,17.28,17.85,18.18,17.13,7079000.0
20260928,002957,科瑞技术,40.99,37.26,41.33,37.26,20602900.0
20260928,002958,青农商行,2.88,2.88,2.9,2.86,49733000.0
20260928,002959,小熊电器,32.04,33.78,34.58,32.04,4921400.0
20260928,002960,青鸟智控,8.81,8.44,8.86,8.41,8224300.0
20260928,002961,瑞达期货,13.57,13.11,13.61,13.08,12462700.0
20260928,002962,五方光电,13.68,14.76,14.76,13.53,31291100.0
20260928,002963,豪尔赛,23.51,22.1,23.53,21.56,6533300.0
20260928,002965,祥鑫科技,31.79,30.44,31.88,30.03,11625000.0
20260928,002966,苏州银行,9.18,9.29,9.31,9.17,31118400.0
20260928,002967,广电计量,18.2,18.01,18.44,17.86,9473400.0
20260928,002968,新大正,9.84,9.73,9.92,9.61,4718500.0
20260928,002969,嘉美包装,11.02,10.69,11.06,10.61,19011000.0
20260928,002970,锐明技术,42.32,39.9,42.39,39.75,4041600.0
20260928,002971,和远气体,41.51,39.43,42.34,38.87,19900000.0
20260928,002972,科安达,13.19,13.14,13.31,12.8,4228300.0
20260928,002973,侨银股份,12.35,12.2,12.47,11.9,5476100.0
20260928,002975,博杰股份,111.25,100.0,111.41,99.88,13983200.0
20260928,002976,瑞玛精密,24.25,22.71,24.31,22.65,8006200.0
20260928,002978,安宁股份,24.7,24.28,24.79,24.1,1693600.0
20260928,002979,雷赛智能,53.89,52.0,54.0,51.44,5750200.0
20260928,002980,华盛昌,108.01,100.28,108.1,99.66,8193500.0
20260928,002981,朝阳科技,24.35,23.2,24.45,22.86,4303600.0
20260928,002982,湘佳股份,12.46,12.72,12.84,12.33,4623300.0
20260928,002983,芯瑞达,21.9,21.73,22.6,21.65,1951600.0
20260928,002984,森麒麟,12.99,12.72,13.0,12.66,5804300.0
20260928,002985,北摩高科,27.36,26.91,27.8,26.85,2741900.0
20260928,002986,宇新股份,12.87,12.66,12.88,12.5,2893600.0
20260928,002987,京北方,10.54,10.5,10.62,10.39,7701600.0
20260928,002988,豪美新材,31.0,30.64,31.28,30.32,3680000.0
20260928,002989,中天精装,25.61,24.4,25.78,23.81,10145000.0
20260928,002990,盛视科技,56.4,51.01,56.77,50.9,17100500.0
20260928,002991,甘源食品,37.11,37.24,37.45,36.92,456000.0
20260928,002992,宝明科技,33.53,32.51,33.7,32.11,1703500.0
20260928,002993,奥海科技,34.58,32.49,34.58,32.2,5336300.0
20260928,002995,天地在线,17.3,16.53,17.3,16.45,4728300.0
20260928,002996,顺博合金,5.88,5.84,5.92,5.81,4983300.0
20260928,002997,瑞鹄模具,26.13,25.46,26.13,25.36,1735100.0
20260928,002998,优彩资源,8.27,8.0,8.36,7.99,12183400.0
20260928,002999,天禾股份,6.35,6.31,6.39,6.25,9908000.0
20260928,003000,劲仔食品,9.4,9.53,9.57,9.38,4670300.0
20260928,003001,中岩大地,23.2,19.83,23.2,19.62,19151600.0
20260928,003002,壶化股份,15.38,15.54,15.67,14.92,6515500.0
20260928,003003,天元股份,11.01,11.01,11.17,10.84,4087800.0
20260928,003004,声迅股份,57.9,57.0,59.2,56.5,1608800.0
20260928,003005,竞业达,14.87,14.82,15.16,14.51,10554000.0
20260928,003006,百亚股份,22.99,22.49,23.09,22.07,49477500.0
20260928,003007,直真科技,40.52,39.68,40.62,38.66,1953700.0
20260928,003008,开普检测,19.88,19.65,20.05,19.5,1212800.0
20260928,003009,中天火箭,46.58,45.23,46.78,44.78,2468000.0
20260928,003010,若羽臣,28.5,27.99,29.15,27.88,4614500.0
20260928,003011,海象新材,20.0,19.9,20.09,19.45,4410700.0
20260928,003012,东鹏控股,4.62,4.55,4.64,4.53,6710200.0
20260928,003013,地铁设计,16.2,15.5,16.23,15.39,5612600.0
20260928,003015,日久光电,12.49,12.13,12.49,12.0,4604300.0
20260928,003016,欣贺股份,7.64,7.53,7.65,7.47,6801400.0
20260928,003017,大洋生物,22.89,22.61,23.11,22.46,1677600.0
20260928,003018,金富科技,48.55,44.96,49.07,44.9,10225700.0
20260928,003019,宸展光电,27.4,26.1,27.4,25.9,3664300.0
20260928,003020,立方制药,17.02,16.94,17.26,16.79,2386600.0
20260928,003021,兆威机电,70.1,68.91,70.98,68.51,2488100.0
20260928,003022,联泓新科,19.18,18.3,19.18,18.12,8396500.0
20260928,003023,彩虹集团,25.78,25.7,26.09,25.05,2128000.0
20260928,003025,思进智能,12.3,11.98,12.3,11.92,2019300.0
20260928,003026,中晶科技,35.46,33.83,35.77,32.91,24799800.0
20260928,003027,同兴科技,16.61,16.35,16.64,16.24,1298300.0
20260928,003028,振邦智能,23.66,23.47,23.89,23.37,1079300.0
20260928,003029,吉大正元,17.63,17.71,17.99,17.13,6297800.0
20260928,003030,祖名股份,26.87,26.22,27.3,26.14,2420300.0
20260928,003031,中瓷电子,129.28,116.99,129.28,116.42,10303400.0
20260928,003032,传智教育,8.93,8.75,9.0,8.66,37415600.0
20260928,003033,征和工业,91.2,87.4,92.8,86.82,2166500.0
20260928,003035,南网能源,5.3,5.22,5.32,5.18,22828900.0
20260928,003036,泰坦股份,55.55,50.9,55.75,50.9,8644100.0
20260928,003037,三和管桩,5.8,5.75,5.82,5.73,2196300.0
20260928,003038,鑫铂股份,10.66,10.63,10.91,10.56,3214000.0
20260928,003039,顺控发展,12.59,12.5,12.7,12.32,4702800.0
20260928,003040,楚天龙,14.36,14.05,14.38,13.95,39845400.0
20260928,003041,真爱美家,41.66,38.68,41.66,38.61,2143600.0
20260928,003042,中农联合,14.29,14.17,15.0,13.92,9360200.0
20260928,003043,华亚智能,63.1,59.92,63.5,59.1,3833900.0
20260928,003816,中国广核,4.2,4.26,4.3,4.19,117858000.0
20260928,300001,特锐德,35.11,34.73,35.39,34.03,11208200.0
20260928,300002,神州泰岳,7.98,7.83,8.03,7.82,20946600.0
20260928,300003,乐普医疗,11.46,11.4,11.54,11.32,11104900.0
20260928,300004,南风股份,7.8,7.61,7.82,7.51,11755100.0
20260928,300005,探路者,10.78,10.53,10.78,10.29,35045200.0
20260928,300006,莱美药业,5.5,5.34,5.52,5.28,24470200.0
20260928,300007,汉威科技,31.28,30.25,31.52,30.09,6998100.0
20260928,300008,天海防务,6.31,6.2,6.32,6.16,40396900.0
20260928,300009,安科生物,8.29,8.42,8.43,8.29,25610500.0
20260928,300011,鼎汉技术,5.84,5.77,5.88,5.73,2741200.0
20260928,300012,华测检测,14.43,13.78,14.48,13.74,26533300.0
20260928,300013,新宁物流,4.32,4.22,4.35,4.18,15320300.0
20260928,300014,亿纬锂能,48.7,47.58,48.8,47.31,24173400.0
20260928,300015,爱尔眼科,7.91,7.86,7.98,7.84,36403600.0
20260928,300016,北陆药业,9.89,9.49,10.06,9.45,40700600.0
20260928,300017,网宿科技,15.1,14.76,15.15,14.56,70989300.0
20260928,300018,中元股份,11.85,11.46,11.9,11.46,7942200.0
20260928,300019,硅宝科技,14.22,13.65,14.22,13.6,3104900.0
20260928,300021,大禹节水,3.81,3.73,3.84,3.71,9467000.0
20260928,300022,吉峰科技,7.92,7.75,7.92,7.66,8290000.0
20260928,300024,机器人,13.23,12.91,13.31,12.91,17816100.0
20260928,300025,华星创业,5.8,5.75,5.85,5.63,10199800.0
20260928,300026,红日药业,3.18,3.2,3.21,3.14,34163900.0
20260928,300030,阳普医疗,6.84,6.86,6.9,6.75,5115700.0
20260928,300031,宝通科技,21.15,20.0,21.2,19.95,8916700.0
20260928,300032,金龙机电,3.82,3.73,3.83,3.69,12360800.0
20260928,300033,同花顺,204.1,198.05,204.8,197.97,7001800.0
20260928,300034,钢研高纳,15.61,15.43,15.75,15.3,7974300.0
20260928,300035,中科电气,12.21,11.84,12.25,11.77,8638000.0
20260928,300036,超图软件,10.14,10.0,10.14,9.86,7179500.0
20260928,300037,新宙邦,70.33,66.67,71.77,66.63,15198400.0
20260928,300039,上海凯宝,5.2,5.18,5.25,5.08,16290800.0
20260928,300040,九洲集团,5.63,5.68,5.7,5.55,18174000.0
20260928,300041,回天新材,11.1,10.67,11.18,10.62,14161600.0
20260928,300042,朗科科技,39.28,36.83,39.38,36.45,8865000.0
20260928,300043,星辉娱乐,4.38,4.27,4.48,4.26,18434400.0
20260928,300045,华力创通,11.56,11.14,11.7,11.08,17507500.0
20260928,300046,台基股份,24.85,24.14,24.85,24.02,3911200.0
20260928,300047,天源迪科,9.02,8.95,9.1,8.85,9093400.0
20260928,300048,合康新能,4.79,4.69,4.79,4.67,5995200.0
20260928,300049,福瑞医科,47.08,46.12,47.5,45.56,5310200.0
20260928,300050,世纪鼎利,7.35,7.04,7.46,6.97,26457700.0
20260928,300051,琏升科技,8.25,7.85,8.28,7.82,17072000.0
20260928,300052,中青宝,10.13,9.99,10.19,9.81,6926400.0
20260928,300053,航宇微,12.18,11.69,12.18,11.57,13774200.0
20260928,300054,鼎龙股份,70.38,67.5,71.1,67.1,19200900.0
20260928,300055,万邦达,5.7,5.63,5.72,5.56,11320900.0
20260928,300056,中创环保,7.85,7.46,7.87,7.24,16408600.0
20260928,300057,万顺新材,6.27,6.09,6.29,6.04,18649700.0
20260928,300058,蓝色光标,13.1,12.68,13.28,12.68,160328700.0
20260928,300059,东方财富,18.2,17.87,18.3,17.84,154647200.0
20260928,300061,旗天科技,6.66,6.76,6.95,6.61,32375800.0
20260928,300062,中能电气,6.15,5.99,6.15,5.97,12535200.0
20260928,300063,天龙集团,8.5,8.22,8.5,8.17,17406800.0
20260928,300065,海兰信,15.12,14.85,15.25,14.69,22725300.0
20260928,300066,三川智慧,4.65,4.54,4.67,4.51,9681300.0
20260928,300067,安诺其,5.28,5.15,5.28,5.05,25276500.0
20260928,300069,金利华电,24.69,23.63,24.69,23.53,3868200.0
20260928,300070,碧水源,3.37,3.33,3.38,3.3,23602200.0
20260928,300071,福石控股,4.07,3.97,4.08,3.95,28859500.0
20260928,300072,海新能科,3.42,3.4,3.43,3.35,14369800.0
20260928,300073,当升科技,37.11,36.31,37.31,35.96,8091100.0
20260928,300074,华平股份,3.82,3.8,3.85,3.74,13333300.0
20260928,300075,数字政通,10.24,10.17,10.42,10.02,9303900.0
20260928,300077,国民技术,22.31,21.35,22.39,21.0,25822600.0
20260928,300078,思创智联,2.71,2.7,2.74,2.64,21535300.0
20260928,300079,数码视讯,4.79,4.69,4.81,4.64,16099400.0
20260928,300080,易成新能,3.62,3.61,3.67,3.55,12195300.0
20260928,300083,创世纪,12.04,11.56,12.1,11.42,43577100.0
20260928,300084,海默科技,10.25,9.91,10.27,9.82,6165500.0
20260928,300085,银之杰,30.4,29.45,30.4,29.22,20467600.0
20260928,300086,康芝药业,5.43,5.34,5.45,5.3,19131500.0
20260928,300088,长信科技,7.26,6.95,7.43,6.89,138050700.0
20260928,300092,科新机电,11.21,11.03,11.26,10.98,2113700.0
20260928,300093,金刚光伏,21.31,19.76,21.31,19.71,4499400.0
20260928,300094,国联水产,2.93,2.87,2.94,2.84,39539600.0
20260928,300095,华伍股份,9.08,8.78,9.08,8.74,8820300.0
20260928,300096,易联众,9.0,9.23,9.52,8.3,20674300.0
20260928,300097,智云股份,10.3,10.02,10.34,9.76,15894000.0
20260928,300098,高新兴,4.23,4.16,4.24,4.12,21534300.0
20260928,300099,尤洛卡,6.35,6.23,6.37,6.22,9072800.0
20260928,300100,双林股份,21.25,21.96,22.68,21.16,19589700.0
20260928,300101,振芯科技,14.28,13.82,14.51,13.7,13655200.0
20260928,300102,乾照光电,16.49,15.92,16.71,15.77,17376200.0
20260928,300103,达刚控股,8.19,7.91,8.29,7.79,7171500.0
20260928,300105,龙源技术,7.2,7.03,7.22,6.95,8618500.0
20260928,300106,西部牧业,10.3,10.47,10.88,10.3,8392000.0
20260928,300107,建新股份,6.61,6.55,6.65,6.46,5396700.0
20260928,300109,新开源,13.01,12.53,13.17,12.48,10643200.0
20260928,300110,华仁药业,3.45,3.28,3.49,3.22,143334600.0
20260928,300111,向日葵,2.98,2.95,3.02,2.91,29520600.0
20260928,300112,万讯自控,11.72,10.26,11.77,10.2,35729800.0
20260928,300113,顺网科技,16.29,15.73,16.32,15.68,13199700.0
20260928,300115,长盈精密,23.41,22.5,23.45,22.22,24101700.0
20260928,300118,东方日升,8.95,8.72,9.14,8.63,19578200.0
20260928,300119,瑞普生物,16.66,16.55,16.81,16.38,3443500.0
20260928,300120,经纬辉开,7.23,7.21,7.39,7.02,30248500.0
20260928,300121,阳谷华泰,9.75,9.45,9.87,9.35,11985600.0
20260928,300122,智飞生物,13.19,12.93,13.2,12.87,21778800.0
20260928,300124,汇川技术,51.89,52.29,53.08,51.89,30067200.0
20260928,300125,聆达股份,8.82,8.59,8.85,8.51,3591500.0
20260928,300126,锐奇股份,6.58,6.58,6.67,6.49,4292300.0
20260928,300127,银河磁体,23.42,22.99,23.8,22.79,3101300.0
20260928,300128,锦富技术,4.87,4.67,4.89,4.6,19411100.0
20260928,300129,泰胜风能,7.5,7.32,7.55,7.2,24473600.0
20260928,300130,新国都,17.92,17.65,17.98,17.39,6231000.0
20260928,300131,英唐智控,14.38,13.4,14.42,13.27,45646000.0
20260928,300132,诺斯贝尔,6.22,6.1,6.29,6.05,7924800.0
20260928,300133,华策影视,7.52,7.36,7.61,7.22,51659900.0
20260928,300134,大富科技,8.39,8.12,8.42,7.96,8837600.0
20260928,300135,宝利国际,3.46,3.42,3.47,3.39,11748100.0
20260928,300136,信维通信,56.22,52.8,56.9,52.39,44658400.0
20260928,300137,先河环保,10.05,9.82,10.08,9.65,17476000.0
20260928,300138,晨光生物,11.3,11.18,11.3,11.12,2315900.0
20260928,300139,晓程科技,44.0,41.84,44.25,41.6,21420800.0
20260928,300140,节能环境,5.25,5.21,5.29,5.16,7954900.0
20260928,300141,和顺电气,9.95,9.76,9.97,9.64,4171500.0
20260928,300142,沃森生物,13.85,13.6,14.01,13.47,82401700.0
20260928,300143,盈康生命,7.81,7.76,7.83,7.65,7242000.0
20260928,300144,宋城演艺,5.69,5.59,5.71,5.58,22487800.0
20260928,300145,南方泵业,5.01,4.7,5.02,4.68,69860900.0
20260928,300146,汤臣倍健,9.29,9.26,9.35,9.22,6347000.0
20260928,300148,天舟文化,3.54,3.48,3.59,3.45,18743400.0
20260928,300149,睿智医药,9.77,9.7,10.03,9.5,25604100.0
20260928,300150,世纪瑞尔,4.18,4.11,4.19,4.05,6748900.0
20260928,300151,昌红科技,20.7,19.87,21.6,19.66,20660800.0
20260928,300153,科泰电源,26.68,24.77,26.76,24.66,12518100.0
20260928,300154,瑞凌股份,13.91,13.25,14.07,13.0,11392700.0
20260928,300155,安居宝,4.62,4.43,4.66,4.33,39359600.0
20260928,300157,新锦动力,3.65,3.6,3.66,3.56,15090900.0
20260928,300158,振东制药,5.19,5.13,5.22,5.08,13568000.0
20260928,300159,新研股份,2.81,2.73,2.81,2.7,24804400.0
20260928,300160,秀强股份,4.46,4.42,4.51,4.38,4371300.0
20260928,300161,华中数控,26.32,25.65,26.5,25.57,2102300.0
20260928,300162,雷曼光电,7.93,8.67,9.2,7.93,94243000.0
20260928,300163,先锋新材,7.98,7.63,8.13,7.38,43466300.0
20260928,300164,通源石油,8.8,8.89,8.99,8.65,57558600.0
20260928,300165,天瑞仪器,5.07,4.93,5.08,4.88,12595800.0
20260928,300166,东方国信,12.2,11.8,12.24,11.79,26109100.0
20260928,300168,万达信息,4.69,4.67,4.72,4.58,13769100.0
20260928,300169,天晟新材,5.61,5.63,5.73,5.54,14546000.0
20260928,300170,汉得信息,15.21,14.9,15.54,14.8,24665100.0
20260928,300171,东富龙,16.02,16.27,16.45,15.8,19972600.0
20260928,300172,中电环保,4.49,4.52,4.54,4.45,8592100.0
20260928,300174,元力股份,18.5,17.26,18.53,17.16,14282600.0
20260928,300175,朗源股份,5.45,5.35,5.48,5.26,5345500.0
20260928,300176,鸿特科技,4.43,4.42,4.45,4.33,10702400.0
20260928,300177,中海达,6.14,6.03,6.15,5.99,7442900.0
20260928,300179,四方达,45.0,44.44,45.3,41.61,51343100.0
20260928,300180,华峰超纤,4.33,4.28,4.36,4.21,20447500.0
20260928,300181,佐力药业,12.95,12.97,13.03,12.83,5713300.0
20260928,300182,捷成股份,4.92,5.0,5.09,4.81,105597500.0
20260928,300183,东软载波,11.1,10.74,11.2,10.68,6725200.0
20260928,300184,力源信息,11.8,11.21,11.81,11.13,37047000.0
20260928,300185,通裕重工,2.74,2.74,2.78,2.69,66350100.0
20260928,300187,永清环保,4.5,4.46,4.52,4.43,4337000.0
20260928,300188,国投智能,10.58,10.63,10.7,10.37,12543900.0
20260928,300189,神农种业,6.21,5.88,6.25,5.8,104153700.0
20260928,300190,维尔利,3.92,3.78,3.93,3.74,14939400.0
20260928,300191,潜能恒信,30.92,30.5,31.2,30.08,4862700.0
20260928,300192,科德教育,25.06,23.76,25.76,23.68,50393600.0
20260928,300193,佳士科技,7.94,7.8,7.97,7.77,2817100.0
20260928,300194,福安药业,3.83,3.85,3.87,3.8,10348300.0
20260928,300195,长荣股份,6.29,6.24,6.39,6.12,6752200.0
20260928,300196,长海股份,18.66,17.39,18.72,17.31,16825000.0
20260928,300197,节能铁汉,1.92,1.89,1.93,1.87,40771800.0
20260928,300199,翰宇药业,23.13,22.4,23.42,22.31,34804800.0
20260928,300200,高盟新材,8.43,8.22,8.43,8.16,4071500.0
20260928,300201,海伦哲,13.18,12.67,13.4,12.6,20767900.0
20260928,300203,聚光科技,14.51,13.73,14.58,13.7,15701900.0
20260928,300204,舒泰神,20.15,19.75,20.33,19.7,10540100.0
20260928,300206,理邦仪器,11.6,11.62,11.69,11.49,4085100.0
20260928,300207,欣旺达,20.0,21.38,21.4,19.76,161221300.0
20260928,300209,行云科技,36.17,33.54,36.34,33.25,55427400.0
20260928,300210,森远股份,7.13,6.94,7.17,6.9,5422500.0
20260928,300213,佳讯飞鸿,6.43,6.32,6.48,6.23,8862900.0
20260928,300214,日科化学,9.86,9.56,9.86,9.41,14958800.0
20260928,300215,电科院,6.36,6.12,6.4,6.05,21693100.0
20260928,300217,东方电热,4.0,3.95,4.01,3.92,12206100.0
20260928,300218,安利股份,12.57,12.39,12.6,12.25,1905400.0
20260928,300219,鸿利智汇,6.82,6.68,7.02,6.67,26624000.0
20260928,300220,金运激光,11.27,11.21,11.33,11.07,2279800.0
20260928,300221,银禧科技,14.25,12.83,14.25,12.77,33708100.0
20260928,300222,科大智能,9.89,9.58,9.98,9.48,15233200.0
20260928,300223,君正股份,139.1,132.26,139.75,130.75,17551400.0
20260928,300224,正海磁材,11.96,11.62,12.03,11.53,10794400.0
20260928,300225,金力泰,8.15,7.8,8.15,7.8,11333300.0
20260928,300226,上海钢联,17.4,16.82,17.43,16.81,6036900.0
20260928,300227,光韵达,10.56,10.08,10.66,9.9,21094500.0
20260928,300228,富瑞特装,6.58,6.39,6.6,6.37,8065900.0
20260928,300229,拓尔思,12.94,12.54,12.94,12.34,14652900.0
20260928,300230,永利股份,4.33,4.33,4.37,4.29,7283300.0
20260928,300231,银信科技,8.21,8.1,8.24,7.96,6874900.0
20260928,300232,洲明科技,5.29,5.2,5.37,5.15,13067700.0
20260928,300233,金城医药,13.3,13.17,13.45,13.1,6098800.0
20260928,300234,开尔新材,10.96,9.94,11.02,9.92,25217300.0
20260928,300235,方直科技,12.0,11.75,12.19,11.73,5163500.0
20260928,300236,上海新阳,87.15,86.41,89.91,85.25,6066800.0
20260928,300238,冠昊生物,12.08,11.89,12.2,11.85,4374400.0
20260928,300239,东宝生物,5.38,5.38,5.42,5.32,10173500.0
20260928,300240,飞力达,6.15,6.08,6.15,6.02,5266100.0
20260928,300241,瑞丰光电,5.68,5.68,5.88,5.67,23165400.0
20260928,300242,佳云科技,3.86,3.88,4.03,3.86,22407000.0
20260928,300243,瑞丰高材,23.27,21.47,23.56,21.36,28115000.0
20260928,300244,迪安诊断,20.86,20.35,21.18,20.16,24812400.0
20260928,300246,宝莱特,15.72,15.21,15.9,15.13,5223100.0
20260928,300247,融捷健康,3.76,3.69,3.77,3.66,8227100.0
20260928,300248,新开普,8.19,8.08,8.25,8.03,4582700.0
20260928,300249,依米康,13.3,12.55,13.35,12.48,11311200.0
20260928,300250,初灵信息,14.84,14.47,14.9,14.34,5178000.0
20260928,300251,光线传媒,11.11,10.87,11.22,10.86,23530700.0
20260928,300252,金信诺,12.21,11.28,12.24,11.21,29008800.0
20260928,300253,卫宁健康,7.01,6.83,7.04,6.75,33483200.0
20260928,300254,仟源医药,8.91,9.08,9.28,8.8,13148000.0
20260928,300255,常山药业,22.62,22.46,23.2,22.36,15203700.0
20260928,300256,星星科技,2.64,2.57,2.64,2.56,15130100.0
20260928,300257,开山股份,18.52,17.83,18.63,17.51,10455600.0
20260928,300258,精锻科技,8.95,9.13,9.34,8.92,10771400.0
20260928,300259,新天科技,4.3,3.97,4.36,3.95,75211900.0
20260928,300260,新莱应材,62.07,58.6,63.11,58.09,13218700.0
20260928,300261,雅本化学,4.82,4.78,4.85,4.74,7746700.0
20260928,300263,隆华科技,10.7,10.14,10.75,10.05,34798700.0
20260928,300264,佳创视讯,6.22,6.1,6.57,6.03,21164500.0
20260928,300265,通光线缆,12.8,12.11,12.81,11.92,19574900.0
20260928,300266,兴源环境,1.84,1.82,1.87,1.81,16479800.0
20260928,300267,尔康制药,3.18,3.21,3.25,3.14,33167900.0
20260928,300268,佳沃食品,12.01,11.95,12.19,11.83,2021300.0
20260928,300269,联建光电,4.53,4.8,5.2,4.53,51389300.0
20260928,300270,中威电子,10.25,10.13,10.25,9.86,6731200.0
20260928,300271,华宇软件,5.66,5.73,5.79,5.59,14428200.0
20260928,300272,开能健康,5.88,5.95,6.08,5.87,11715500.0
20260928,300274,阳光电源,83.83,81.06,84.0,80.76,40438600.0
20260928,300275,梅安森,8.98,8.91,8.99,8.72,3711700.0
20260928,300276,三丰智能,6.02,6.23,6.43,6.0,60207400.0
20260928,300277,汽轮科技,12.93,12.7,12.95,12.42,15753900.0
20260928,300278,华昌达,3.6,3.5,3.6,3.45,13482500.0
20260928,300279,和晶科技,6.07,5.95,6.11,5.87,12617800.0
20260928,300281,金明精机,7.2,7.09,7.25,6.97,5248500.0
20260928,300283,温州宏丰,14.2,13.17,14.27,13.05,40118600.0
20260928,300284,苏交科,5.05,4.99,5.09,4.96,10736100.0
20260928,300285,国瓷材料,71.5,65.06,71.86,64.03,94928600.0
20260928,300286,安科瑞,19.63,18.75,19.63,18.7,4778000.0
20260928,300287,飞利信,3.55,3.53,3.6,3.45,26011500.0
20260928,300288,朗玛信息,9.65,9.64,9.74,9.53,2573900.0
20260928,300289,利德曼,5.94,5.94,6.04,5.89,5462700.0
20260928,300291,百纳千成,4.9,4.83,5.15,4.73,129529700.0
20260928,300292,吴通控股,4.53,4.39,4.55,4.38,32268600.0
20260928,300293,蓝英装备,14.25,14.01,14.47,13.98,2731200.0
20260928,300294,博雅生物,14.51,14.39,14.59,14.3,3018800.0
20260928,300296,利亚德,4.81,4.72,4.87,4.69,32868000.0
20260928,300298,三诺生物,16.18,16.19,16.44,16.12,3703200.0
20260928,300299,富春股份,5.35,5.29,5.4,5.22,15184300.0
20260928,300300,海峡创新,10.4,11.08,11.8,10.33,236877200.0
20260928,300302,同有科技,28.18,26.21,28.18,26.02,17143900.0
20260928,300303,聚飞光电,6.71,6.46,6.78,6.39,37175800.0
20260928,300304,云意电气,12.2,11.85,12.22,11.82,15102100.0
20260928,300305,裕兴股份,7.02,6.41,7.12,6.35,33597800.0
20260928,300306,远方信息,10.5,10.37,10.54,10.26,3520300.0
20260928,300307,慈星股份,7.3,6.97,7.3,6.92,12599000.0
20260928,300308,中际旭创,884.0,815.0,888.0,808.0,30193900.0
20260928,300310,宜通世纪,4.23,4.2,4.27,4.14,14764400.0
20260928,300311,任子行,5.91,6.21,6.37,5.85,115719800.0
20260928,300313,天山生物,12.56,12.26,13.06,12.15,18176100.0
20260928,300314,戴维医疗,12.76,12.9,13.4,12.76,13377700.0
20260928,300315,掌趣科技,3.94,3.91,3.97,3.88,36472000.0
20260928,300316,晶盛机电,40.37,38.7,40.5,38.38,17813400.0
20260928,300317,珈伟新能,3.99,4.19,4.26,3.97,95822200.0
20260928,300318,博晖创新,5.25,5.17,5.25,5.12,7450000.0
20260928,300319,麦捷科技,20.3,18.8,20.43,18.2,94272100.0
20260928,300320,海达股份,8.48,8.09,8.48,8.03,4878200.0
20260928,300321,同大股份,34.46,33.07,35.5,32.53,2364100.0
20260928,300322,硕贝德,17.8,16.33,17.8,16.13,28013200.0
20260928,300323,华灿光电,11.56,10.94,11.76,10.81,44264400.0
20260928,300324,旋极信息,3.85,3.82,3.87,3.71,92675600.0
20260928,300327,中颖电子,26.03,25.38,26.2,25.15,13973300.0
20260928,300328,宜安科技,12.88,12.38,13.19,12.35,19390600.0
20260928,300329,海伦钢琴,11.96,11.6,11.96,11.46,1784100.0
20260928,300331,苏大维格,47.08,43.48,47.28,42.89,10373600.0
20260928,300332,天壕能源,4.85,4.8,4.85,4.73,14096600.0
20260928,300333,兆日科技,11.58,11.28,11.6,11.25,15367400.0
20260928,300334,津膜科技,8.64,8.48,8.82,8.38,6903300.0
20260928,300335,迪森股份,5.44,5.45,5.5,5.4,7877600.0
20260928,300337,银邦股份,9.06,8.87,9.19,8.79,11484800.0
20260928,300339,润和软件,33.93,33.62,34.25,33.57,10974000.0
20260928,300340,科恒股份,8.6,8.48,8.6,8.34,3201500.0
20260928,300341,麦克奥迪,12.94,12.69,13.01,12.55,3077600.0
20260928,300342,天银机电,31.83,30.06,31.9,29.87,16891300.0
20260928,300343,联创股份,5.32,5.17,5.33,5.15,9994700.0
20260928,300345,华民股份,7.1,6.64,7.15,6.54,32551100.0
20260928,300346,南大光电,54.3,52.15,54.46,51.75,22772500.0
20260928,300347,泰格医药,56.9,56.8,58.8,56.45,9527700.0
20260928,300348,长亮科技,9.25,9.18,9.28,9.01,10493900.0
20260928,300349,金卡智能,10.33,10.1,10.4,10.01,5899300.0
20260928,300350,华鹏飞,4.71,4.67,4.91,4.56,39448800.0
20260928,300351,永贵电器,13.94,13.44,13.99,13.21,5720300.0
20260928,300353,东土科技,16.85,16.3,16.99,16.14,9340100.0
20260928,300354,东华测试,27.69,27.8,28.09,27.0,1967100.0
20260928,300355,蒙草生态,2.75,2.71,2.77,2.7,13939700.0
20260928,300357,我武生物,20.15,19.9,20.28,19.79,5060500.0
20260928,300358,楚天科技,9.62,9.63,9.68,9.36,36433600.0
20260928,300359,全通教育,4.15,4.06,4.16,4.02,14769600.0
20260928,300360,炬华科技,11.09,10.87,11.16,10.81,4004500.0
20260928,300363,博腾股份,23.88,23.91,24.5,23.62,16632600.0
20260928,300364,中文在线,23.5,23.14,23.98,22.71,51302800.0
20260928,300365,恒华科技,4.55,4.45,4.55,4.39,9911800.0
20260928,300368,汇金股份,9.33,9.28,9.54,9.21,29826000.0
20260928,300369,绿盟科技,9.02,8.95,9.13,8.61,103842500.0
20260928,300370,安控科技,2.13,2.1,2.15,2.06,22056600.0
20260928,300371,汇中股份,10.15,10.11,10.29,9.98,2119800.0
20260928,300373,扬杰科技,88.1,85.01,88.18,83.84,9286400.0
20260928,300374,中铁装配,10.05,10.03,10.2,9.98,3681600.0
20260928,300375,鹏翎股份,4.1,4.05,4.12,4.0,8325000.0
20260928,300376,易事特,4.15,4.06,4.17,4.03,16795000.0
20260928,300377,赢时胜,13.7,13.15,13.78,13.06,17344800.0
20260928,300378,鼎捷数智,37.49,37.93,39.0,35.8,16697700.0
20260928,300380,安硕信息,28.08,27.22,28.08,26.92,1488700.0
20260928,300381,溢多利,5.74,5.66,5.78,5.6,7764200.0
20260928,300382,斯莱克,15.76,14.69,16.5,14.63,42054600.0
20260928,300383,光环新网,11.27,10.89,11.39,10.88,43545500.0
20260928,300384,三联虹普,12.25,11.82,12.29,11.7,3899400.0
20260928,300386,飞天诚信,10.75,10.56,10.81,10.46,3928000.0
20260928,300387,富邦科技,7.34,7.35,7.45,7.28,4507800.0
20260928,300388,节能国祯,6.68,6.64,6.7,6.58,2454600.0
20260928,300389,艾比森,13.19,12.76,13.19,12.69,3923400.0
20260928,300390,天华新能,50.11,48.0,50.2,47.86,18674900.0
20260928,300393,中来股份,6.01,5.82,6.04,5.75,16386300.0
20260928,300394,天孚通信,262.5,244.8,264.0,243.0,33595400.0
20260928,300395,菲利华,95.09,88.49,95.3,87.48,18253300.0
20260928,300397,天和防务,12.14,11.28,12.23,11.18,38256500.0
20260928,300398,飞凯材料,37.77,35.6,38.1,35.35,30420500.0
20260928,300399,天利科技,19.27,18.92,19.5,18.65,2843800.0
20260928,300400,劲拓股份,35.01,33.13,35.34,32.43,10269000.0
20260928,300401,花园生物,16.06,15.24,16.09,15.07,19703300.0
20260928,300402,宝色股份,14.77,14.46,14.79,14.37,1957300.0
20260928,300403,汉宇集团,8.9,8.72,9.03,8.71,7814000.0
20260928,300404,博济医药,14.35,14.23,14.65,14.0,34009700.0
20260928,300405,科隆股份,5.81,5.76,5.84,5.69,6743700.0
20260928,300406,九强生物,11.73,11.87,11.94,11.73,6409700.0
20260928,300407,凯发电气,10.58,10.4,10.67,10.33,4450200.0
20260928,300408,三环集团,123.73,115.54,124.1,114.9,39180200.0
20260928,300409,道氏技术,17.13,16.31,17.13,16.16,15898800.0
20260928,300410,正业科技,8.66,8.37,8.74,8.33,20691300.0
20260928,300411,金盾股份,8.65,8.13,8.68,8.09,12344800.0
20260928,300412,迦南科技,4.48,4.49,4.54,4.44,8359600.0
20260928,300413,芒果超媒,19.18,18.76,19.4,18.49,46980300.0
20260928,300414,中光防雷,10.97,10.55,10.98,10.38,7184700.0
20260928,300415,伊之密,18.92,18.81,18.96,18.48,3343100.0
20260928,300416,苏试试验,14.16,13.69,14.19,13.58,10111200.0
20260928,300417,南华仪器,12.22,12.05,12.29,11.84,3498800.0
20260928,300418,昆仑万维,42.12,40.36,42.17,40.17,31959300.0
20260928,300420,五洋自控,7.86,7.44,7.89,7.36,48518300.0
20260928,300421,力星股份,17.58,17.18,17.58,16.93,5371200.0
20260928,300422,博世科,4.06,4.04,4.08,4.0,7399600.0
20260928,300423,昇辉科技,5.41,5.33,5.44,5.28,6234900.0
20260928,300424,航新科技,13.49,13.05,13.5,12.97,11790300.0
20260928,300425,中建环能,4.06,4.0,4.07,3.96,11228400.0
20260928,300426,华智数媒,8.11,7.55,8.18,7.47,20753400.0
20260928,300427,红相股份,6.2,6.04,6.32,5.97,48783000.0
20260928,300428,立中集团,19.47,19.05,19.48,18.84,4107700.0
20260928,300429,强力新材,11.51,11.08,11.51,10.82,15018600.0
20260928,300432,富临精工,12.99,12.63,13.0,12.57,27695900.0
20260928,300433,蓝思科技,33.16,31.6,33.29,31.44,58377800.0
20260928,300434,金石亚药,12.48,12.58,13.11,12.37,34095100.0
20260928,300435,中泰股份,16.22,15.58,16.22,15.38,6277300.0
20260928,300436,广生堂,84.81,83.56,85.6,82.5,1894500.0
20260928,300437,清水源,10.69,10.52,10.9,10.46,4156300.0
20260928,300438,鹏辉能源,48.69,46.84,48.82,46.35,15500100.0
20260928,300439,美康生物,10.23,10.31,10.41,10.17,5791400.0
20260928,300440,运达科技,17.19,16.18,17.19,16.04,9029400.0
20260928,300441,鲍斯股份,7.19,7.01,7.19,6.97,4489500.0
20260928,300442,润泽科技,67.71,65.05,67.73,64.75,23575200.0
20260928,300443,金雷股份,19.96,20.93,21.1,19.7,14412700.0
20260928,300444,双杰电气,8.62,8.43,8.65,8.39,12549700.0
20260928,300445,康斯特,19.05,18.63,19.18,18.47,2366200.0
20260928,300446,航天智造,12.65,12.38,12.71,12.25,5294700.0
20260928,300447,全信股份,14.01,13.74,14.16,13.67,3384100.0
20260928,300448,浩云科技,5.6,5.44,5.67,5.37,12841300.0
20260928,300449,汉邦高科,6.73,6.66,6.83,6.58,6858900.0
20260928,300450,先导智能,31.93,31.2,32.02,30.94,24334800.0
20260928,300451,创业慧康,3.43,3.43,3.49,3.37,17004000.0
20260928,300452,山河药辅,13.2,13.25,13.28,13.04,3580700.0
20260928,300453,三鑫医疗,9.02,9.04,9.07,8.86,4644200.0
20260928,300454,深信服,143.55,139.37,144.98,138.72,13813200.0
20260928,300455,航天智装,16.94,16.36,17.06,16.23,5633800.0
20260928,300456,赛微电子,37.44,35.05,37.53,34.88,25946600.0
20260928,300457,赢合科技,20.87,20.27,20.94,20.08,7871000.0
20260928,300458,全志科技,33.29,32.27,33.49,31.91,29687600.0
20260928,300459,汤姆猫,3.48,3.44,3.5,3.41,60591800.0
20260928,300461,田中精机,35.95,35.31,36.55,34.84,5892400.0
20260928,300463,迈克生物,9.4,9.3,9.42,9.24,4195600.0
20260928,300464,星徽股份,11.5,10.41,11.61,10.23,30730800.0
20260928,300465,高伟达,11.08,10.92,11.17,10.81,7050400.0
20260928,300466,赛摩智能,7.12,7.01,7.15,6.97,4016900.0
20260928,300467,迅游科技,32.67,32.31,32.83,31.9,2500100.0
20260928,300468,四方精创,21.15,20.75,21.24,20.53,14653500.0
20260928,300469,信息发展,48.51,46.44,48.92,46.2,4825700.0
20260928,300470,中密控股,27.6,27.06,27.6,27.01,1173900.0
20260928,300471,厚普股份,9.98,9.76,10.0,9.7,3335300.0
20260928,300473,德尔股份,36.71,36.07,37.24,35.7,11652900.0
20260928,300474,景嘉微,52.02,52.1,52.5,51.5,7422300.0
20260928,300475,香农芯创,170.07,159.7,170.98,158.47,20312000.0
20260928,300476,胜宏科技,231.0,213.5,231.49,213.29,27196500.0
20260928,300478,杭州高新,34.78,33.96,34.96,32.9,4143500.0
20260928,300479,神思电子,14.81,14.73,14.94,14.55,2493200.0
20260928,300480,光力科技,31.99,30.03,32.25,29.9,10381500.0
20260928,300481,濮阳惠成,14.06,13.52,14.08,13.32,7086100.0
20260928,300482,万孚生物,16.5,16.38,16.63,16.32,4108200.0
20260928,300483,首华燃气,23.47,22.96,23.47,22.35,10681600.0
20260928,300484,蓝海华腾,12.85,12.89,13.25,12.73,4011800.0
20260928,300485,赛升药业,8.5,8.48,8.68,8.42,4326800.0
20260928,300486,东杰智能,17.91,17.04,17.98,17.04,5328200.0
20260928,300487,蓝晓科技,68.31,67.0,69.31,66.37,3402600.0
20260928,300488,恒锋工具,37.46,36.53,37.5,36.5,3988400.0
20260928,300489,光智科技,281.0,257.9,284.0,256.0,12002100.0
20260928,300490,华自科技,10.59,10.16,10.59,10.05,10200300.0
20260928,300491,通合科技,38.32,34.69,38.32,34.01,10781400.0
20260928,300492,华图山鼎,21.86,20.64,21.98,20.6,3073800.0
20260928,300493,润欣科技,13.19,12.73,13.2,12.62,10801600.0
20260928,300494,盛天网络,7.92,7.8,7.96,7.76,4913000.0
20260928,300496,中科创达,54.97,53.21,55.21,53.2,6899100.0
20260928,300497,富祥股份,18.5,17.49,18.62,17.22,40940400.0
20260928,300498,温氏股份,14.5,14.91,14.96,14.46,38808000.0
20260928,300499,高澜股份,35.93,33.5,36.27,33.27,20304600.0
20260928,300500,启迪设计,9.67,9.72,9.78,9.48,4242900.0
20260928,300501,海顺新材,9.58,10.45,10.46,9.48,15123100.0
20260928,300502,新易盛,432.39,399.7,434.0,397.5,38703700.0
20260928,300503,昊志机电,65.7,61.81,66.03,61.75,10503000.0
20260928,300504,天邑股份,18.64,17.32,18.64,17.23,9223900.0
20260928,300505,川金诺,18.8,18.95,19.19,17.95,14773200.0
20260928,300506,名家汇,5.03,4.7,5.05,4.69,14954700.0
20260928,300507,苏奥传感,6.39,6.27,6.41,6.15,8625200.0
20260928,300508,维宏股份,39.31,37.16,39.45,36.77,2071000.0
20260928,300509,新美星,8.8,8.94,9.01,8.7,5269900.0
20260928,300510,金冠股份,3.38,3.39,3.42,3.32,14222100.0
20260928,300511,雪榕生物,4.85,4.75,4.89,4.71,15081400.0
20260928,300512,中亚股份,7.59,7.42,7.62,7.35,5918700.0
20260928,300513,恒实科技,7.45,7.34,7.45,7.27,5416000.0
20260928,300514,友讯达,10.0,10.11,10.17,9.95,4835700.0
20260928,300515,三德科技,16.88,16.33,16.95,16.18,4544200.0
20260928,300516,久之洋,35.45,34.0,35.48,33.61,4518000.0
20260928,300517,海波重科,11.68,11.43,11.85,11.34,4112800.0
20260928,300518,新迅达,25.32,25.79,26.28,25.09,9312300.0
20260928,300519,新光药业,14.62,14.65,14.78,14.42,2202800.0
20260928,300520,科大国创,23.75,22.58,23.86,22.4,14391000.0
20260928,300521,爱司凯,25.27,24.02,25.27,23.65,2657200.0
20260928,300522,世名科技,15.64,14.14,15.68,14.08,23120200.0
20260928,300523,辰安科技,22.0,21.87,22.45,21.43,4937600.0
20260928,300525,博思软件,7.73,7.68,7.76,7.58,8367900.0
20260928,300528,幸福蓝海,14.03,13.34,14.21,13.28,13283100.0
20260928,300529,健帆生物,15.03,15.0,15.1,14.86,3214700.0
20260928,300530,领湃科技,18.82,18.66,19.05,18.45,2378500.0
20260928,300531,优博讯,15.22,14.9,15.28,14.79,4763400.0
20260928,300532,今天国际,7.36,7.36,7.43,7.3,5747000.0
20260928,300533,冰川网络,13.9,13.65,13.96,13.6,3167400.0
20260928,300534,陇神戎发,13.5,13.0,13.77,12.89,43943000.0
20260928,300535,达威股份,15.75,15.65,15.92,15.43,2079800.0
20260928,300536,农尚环境,8.34,8.17,8.39,7.99,4560600.0
20260928,300537,广信材料,21.09,20.38,21.24,20.0,7989500.0
20260928,300538,同益股份,15.2,14.31,15.21,14.17,4036300.0
20260928,300539,横河精密,17.97,17.39,17.98,17.33,5808200.0
20260928,300540,蜀道装备,26.3,25.4,26.64,25.09,10176000.0
20260928,300541,先进数通,9.51,9.25,9.53,9.16,4833100.0
20260928,300542,新晨科技,12.35,12.22,12.35,11.98,3719800.0
20260928,300543,朗科智能,7.87,7.8,7.94,7.72,3590600.0
20260928,300545,联得装备,28.72,26.73,28.78,26.55,9625400.0
20260928,300546,雄帝科技,16.62,16.47,16.68,16.26,2800600.0
20260928,300547,川环科技,24.52,23.67,24.52,23.05,6258500.0
20260928,300548,长芯博创,230.19,213.01,231.01,210.6,11867200.0
20260928,300549,优德精密,15.0,14.89,15.1,14.73,2058200.0
20260928,300550,和仁科技,14.06,13.86,14.18,13.76,3607000.0
20260928,300551,古鳌科技,11.67,11.58,11.99,11.4,5781600.0
20260928,300552,万集科技,20.03,19.66,20.29,19.5,2620800.0
20260928,300553,集智股份,65.06,59.89,65.32,58.91,5681300.0
20260928,300554,三超新材,24.18,23.16,24.48,22.98,8081600.0
20260928,300556,丝路视觉,15.97,15.83,16.02,15.67,3009000.0
20260928,300557,理工光科,25.18,23.86,25.18,23.6,2467700.0
20260928,300558,贝达药业,48.23,47.71,48.66,47.23,7218800.0
20260928,300559,佳发教育,12.8,12.67,12.86,12.51,4685600.0
20260928,300560,中富通,16.98,15.92,17.2,15.68,15044600.0
20260928,300561,汇金科技,14.7,14.35,14.75,14.35,9051300.0
20260928,300562,乐心股份,17.36,16.04,17.44,16.0,15038600.0
20260928,300563,神宇股份,25.77,24.11,25.77,23.88,6846600.0
20260928,300564,筑博设计,12.43,12.45,12.77,12.43,2382600.0
20260928,300565,科信技术,9.73,9.58,9.84,9.47,6689000.0
20260928,300566,激智科技,26.06,24.27,26.29,23.99,18705600.0
20260928,300567,精测电子,200.02,194.15,204.28,191.1,5060300.0
20260928,300568,星源材质,17.3,16.12,17.43,15.98,73164800.0
20260928,300569,天能重工,5.25,5.5,5.59,5.2,83854000.0
20260928,300570,太辰光,217.33,202.37,217.86,200.0,12357400.0
20260928,300571,平治信息,29.1,27.47,29.1,27.23,5348600.0
20260928,300572,安车检测,24.58,23.2,24.64,23.06,4580200.0
20260928,300573,兴齐眼药,35.88,35.58,36.08,35.41,2898200.0
20260928,300575,中旗股份,6.22,6.08,6.24,5.96,21803800.0
20260928,300576,容大感光,28.95,27.65,29.01,27.01,11548100.0
20260928,300577,开润股份,19.46,18.75,19.51,18.7,1594800.0
20260928,300578,会畅科技,15.78,15.23,15.78,14.83,3447800.0
20260928,300579,数字认证,23.5,23.64,23.95,22.86,5672400.0
20260928,300580,贝斯特,18.46,18.1,18.58,17.89,4392300.0
20260928,300581,晨曦航空,10.1,9.92,10.13,9.82,7325600.0
20260928,300582,英飞特,10.62,10.48,10.63,10.33,5530300.0
20260928,300583,赛托生物,13.54,13.51,13.85,13.45,3658700.0
20260928,300584,海辰药业,30.44,29.71,30.51,29.4,1741500.0
20260928,300585,奥联电子,15.28,13.83,15.83,13.83,17841500.0
20260928,300586,美联新材,9.35,8.64,9.35,8.55,23177300.0
20260928,300587,天铁科技,4.75,4.41,4.75,4.34,38884000.0
20260928,300588,熙菱信息,21.76,21.15,21.93,20.98,2342600.0
20260928,300589,江龙船艇,13.56,13.2,13.59,13.05,12405300.0
20260928,300590,移为通信,11.55,11.11,11.59,11.0,13402800.0
20260928,300591,万里马,6.47,6.38,6.52,6.28,8552800.0
20260928,300592,华凯易佰,19.74,19.25,19.95,18.91,8770000.0
20260928,300593,新雷能,32.63,30.03,32.76,29.88,17823600.0
20260928,300595,欧普康视,10.12,10.02,10.17,9.94,5836300.0
20260928,300596,利安隆,40.34,39.24,40.4,38.75,2227500.0
20260928,300597,吉大通信,7.95,7.93,8.02,7.75,3718800.0
20260928,300598,诚迈科技,30.6,30.53,30.93,29.7,5564000.0
20260928,300599,雄塑科技,13.7,14.74,15.47,13.57,39229900.0
20260928,300600,国瑞科技,10.26,10.1,10.29,9.96,5332900.0
20260928,300601,康泰生物,12.9,12.86,13.0,12.75,11795200.0
20260928,300602,飞荣达,37.46,35.17,37.66,34.81,14498100.0
20260928,300603,立昂技术,8.06,7.82,8.11,7.74,8848700.0
20260928,300604,长川科技,259.01,248.93,264.33,247.6,15932800.0
20260928,300605,恒锋信息,10.24,10.42,10.54,10.15,9219600.0
20260928,300606,金太阳,35.99,32.76,36.02,32.67,6742300.0
20260928,300607,拓斯达,31.96,30.6,32.07,30.3,19112400.0
20260928,300608,思特奇,9.87,9.67,9.94,9.61,6374600.0
20260928,300609,汇纳科技,24.6,23.9,24.9,23.37,2765700.0
20260928,300610,晨化股份,10.43,10.29,10.47,10.16,4057200.0
20260928,300611,美力科技,27.96,27.14,28.08,26.88,3802300.0
20260928,300612,宣亚国际,12.41,11.99,12.41,11.94,4290000.0
20260928,300613,富瀚微,86.7,82.04,86.8,81.39,14646900.0
20260928,300614,百川畅银,10.33,10.3,10.4,10.11,2627000.0
20260928,300615,欣天科技,13.75,13.21,13.85,13.03,9774200.0
20260928,300616,尚品宅配,10.9,10.51,10.96,10.46,3707600.0
20260928,300617,安靠智电,35.24,34.23,35.44,33.98,3072800.0
20260928,300618,寒锐钴业,31.35,30.21,31.35,29.98,3214300.0
20260928,300619,金银河,26.35,23.45,26.51,23.12,11831400.0
20260928,300620,光库科技,276.19,255.27,276.49,251.2,10334000.0
20260928,300621,维业股份,7.1,7.04,7.15,6.97,3425900.0
20260928,300622,博士眼镜,15.16,14.74,15.27,14.68,4687000.0
20260928,300623,捷捷微电,33.94,33.05,33.94,32.41,19301700.0
20260928,300624,万兴科技,48.91,46.97,49.46,46.55,6486900.0
20260928,300625,三雄极光,10.02,9.94,10.13,9.85,2073500.0
20260928,300626,华瑞股份,29.12,28.67,29.68,28.41,4115500.0
20260928,300627,华测导航,26.27,26.01,26.44,25.85,4791700.0
20260928,300628,亿联网络,41.31,41.1,42.2,40.9,8505300.0
20260928,300629,新劲刚,18.88,18.54,19.19,18.21,14959600.0
20260928,300631,久吾高科,21.49,20.84,21.49,20.73,1297100.0
20260928,300632,光莆股份,19.17,17.84,19.25,17.63,12910900.0
20260928,300633,开立医疗,19.42,19.29,19.51,19.0,2739600.0
20260928,300634,彩讯股份,21.06,20.63,21.31,20.45,8843800.0
20260928,300635,中达安,11.91,11.74,11.97,11.62,3109200.0
20260928,300636,同和药业,7.04,7.06,7.11,6.99,6035100.0
20260928,300637,扬帆新材,9.4,9.33,9.45,9.25,3168300.0
20260928,300638,广和通,20.38,19.97,20.38,19.7,12295900.0
20260928,300639,凯普生物,6.34,6.29,6.6,6.21,21359900.0
20260928,300640,德艺文创,6.4,6.26,6.43,6.24,7979000.0
20260928,300641,正丹股份,13.49,12.98,13.5,12.97,4536500.0
20260928,300642,透景生命,21.0,20.32,21.02,19.6,21761900.0
20260928,300643,万通智控,17.6,17.2,17.68,16.87,4235900.0
20260928,300644,南京聚隆,21.5,20.62,21.5,20.55,2610400.0
20260928,300645,正元智慧,13.89,13.89,14.05,13.71,3160700.0
20260928,300647,超频三,9.5,9.52,9.94,8.96,91247700.0
20260928,300648,星云股份,39.03,37.63,39.4,37.01,1741000.0
20260928,300649,杭州园林,27.35,26.58,27.69,26.0,3806200.0
20260928,300650,太龙股份,12.63,12.16,12.63,12.04,4904100.0
20260928,300651,金陵体育,16.32,15.96,16.36,15.91,3082100.0
20260928,300652,雷迪克,28.3,27.72,28.69,27.57,3457400.0
20260928,300653,正海生物,15.45,15.6,15.7,15.33,2317600.0
20260928,300654,世纪天鸿,9.57,9.3,9.64,9.3,6741100.0
20260928,300655,晶瑞电材,13.35,12.8,13.4,12.68,27618400.0
20260928,300656,民德电子,29.58,28.3,29.67,27.8,6263100.0
20260928,300657,弘信电子,35.5,33.43,35.73,33.31,24391900.0
20260928,300658,延江股份,10.65,10.12,10.65,10.1,5676200.0
20260928,300659,中孚信息,10.91,11.6,11.91,10.91,30843400.0
20260928,300660,江苏雷利,23.55,23.41,23.89,23.25,3961200.0
20260928,300661,圣邦股份,119.66,117.0,123.53,116.6,10617900.0
20260928,300662,科锐国际,20.65,20.26,20.65,20.11,1577000.0
20260928,300663,科蓝软件,7.55,7.44,7.56,7.33,13098100.0
20260928,300664,鹏鹞环保,4.58,4.57,4.61,4.52,5466300.0
20260928,300665,飞鹿股份,8.8,8.66,8.87,8.56,4504300.0
20260928,300666,江丰电子,242.05,232.64,244.97,229.6,6754200.0
20260928,300667,必创科技,15.01,14.54,15.14,14.5,6846900.0
20260928,300668,杰恩股份,32.29,31.53,33.5,31.5,4927900.0
20260928,300669,沪宁股份,25.6,24.78,26.5,24.02,3125600.0
20260928,300670,大烨智能,7.44,7.23,7.5,7.16,9885700.0
20260928,300671,富满微,59.9,56.9,59.9,56.28,11165900.0
20260928,300672,国科微,191.61,175.8,193.48,173.6,9755900.0
20260928,300673,佩蒂股份,14.87,14.71,15.14,14.58,2805000.0
20260928,300674,宇信科技,16.12,15.83,16.13,15.63,9794000.0
20260928,300675,建科院,13.07,13.93,15.33,12.95,13694400.0
20260928,300676,华大基因,46.6,44.6,46.99,44.01,16898900.0
20260928,300677,英科医疗,49.62,48.4,50.24,48.32,6867800.0
20260928,300678,中科信息,21.12,20.66,21.18,20.46,3374700.0
20260928,300679,电连技术,44.42,41.01,44.6,40.5,17398200.0
20260928,300680,隆盛科技,20.68,20.22,20.68,20.14,4115000.0
20260928,300681,英搏尔,22.32,21.2,22.47,21.06,12962000.0
20260928,300682,朗新科技,8.75,8.67,8.78,8.58,9377200.0
20260928,300683,海特生物,25.3,24.82,25.48,24.57,2824100.0
20260928,300684,中石科技,120.0,109.2,120.0,108.0,24459500.0
20260928,300685,艾德生物,21.15,20.85,21.38,20.4,13521100.0
20260928,300686,智动力,14.68,14.14,14.83,14.01,5184700.0
20260928,300687,赛意信息,29.2,27.57,29.42,27.23,13168500.0
20260928,300688,创业黑马,35.47,33.06,35.48,32.79,8934500.0
20260928,300689,澄天伟业,66.22,59.23,67.36,58.7,5093200.0
20260928,300690,双一科技,25.16,26.0,26.0,24.46,14902700.0
20260928,300691,联合光电,22.01,20.27,22.2,20.05,30764500.0
20260928,300692,中赋科技,9.12,8.85,9.24,8.81,12440700.0
20260928,300693,盛弘股份,37.3,35.84,37.47,35.3,9586800.0
20260928,300694,蠡湖股份,10.69,10.57,10.76,10.47,3008900.0
20260928,300695,兆丰股份,51.18,48.47,51.33,48.2,1618700.0
20260928,300696,爱乐达,20.4,19.45,20.49,18.87,5058800.0
20260928,300697,电工合金,14.79,14.03,14.79,14.01,10641900.0
20260928,300698,万马科技,27.52,26.52,27.74,26.23,2627600.0
20260928,300699,光威复材,23.04,22.58,23.12,22.35,8482300.0
20260928,300700,岱勒新材,17.68,16.83,17.97,16.52,8154700.0
20260928,300701,森霸传感,10.02,9.89,10.15,9.8,2928300.0
20260928,300702,天宇股份,21.68,22.25,22.25,21.13,3502400.0
20260928,300703,创源股份,13.87,13.61,14.29,13.5,5622900.0
20260928,300705,九典制药,10.78,10.78,10.89,10.72,3853700.0
20260928,300706,阿石创,50.05,48.02,50.46,47.56,5634400.0
20260928,300707,威唐工业,12.3,11.96,12.3,11.87,2376800.0
20260928,300708,聚灿光电,9.41,9.14,9.46,9.11,37783900.0
20260928,300709,精研科技,37.91,35.4,38.0,35.0,7021600.0
20260928,300710,万隆光电,31.78,29.7,31.99,29.65,4076400.0
20260928,300711,广哈通信,18.08,17.02,18.12,16.93,7312400.0
20260928,300712,永福股份,20.23,19.73,20.29,19.53,1664400.0
20260928,300713,英可瑞,13.62,13.39,13.67,13.33,2385900.0
20260928,300715,凯伦股份,14.51,14.08,15.03,13.81,14992300.0
20260928,300717,华信新材,19.43,19.01,19.55,18.7,3820100.0
20260928,300718,长盛轴承,52.97,57.31,58.5,52.97,12934000.0
20260928,300719,安达维尔,11.97,11.77,12.03,11.7,2572300.0
20260928,300720,海川智能,62.5,58.1,63.57,56.95,8224800.0
20260928,300721,怡达股份,22.1,20.99,22.11,20.75,5789100.0
20260928,300722,新余国科,21.26,20.99,21.4,20.87,1977500.0
20260928,300723,一品红,33.34,32.5,33.51,32.26,3291200.0
20260928,300724,捷佳伟创,54.56,53.75,55.38,53.23,6623000.0
20260928,300725,药石科技,52.78,51.58,53.52,51.01,18952700.0
20260928,300726,宏达电子,57.85,52.39,58.0,51.95,11551500.0
20260928,300727,润禾材料,34.5,32.93,34.78,32.83,4476800.0
20260928,300729,乐歌股份,11.41,11.2,11.58,11.2,5209000.0
20260928,300730,科创信息,11.46,11.23,11.46,11.06,3699100.0
20260928,300731,科创新源,51.62,45.79,52.0,45.01,11434500.0
20260928,300732,设研院,5.75,5.77,5.83,5.68,4159200.0
20260928,300733,西菱动力,13.43,12.89,13.44,12.84,4478800.0
20260928,300735,光弘科技,18.5,17.6,18.58,17.18,13416700.0
20260928,300736,百邦科技,34.86,33.62,34.86,32.85,4616700.0
20260928,300737,科顺股份,4.6,4.44,4.64,4.4,26983400.0
20260928,300738,奥飞数据,19.22,18.71,19.3,18.62,22664300.0
20260928,300739,明阳电路,30.16,28.19,30.26,27.85,19387900.0
20260928,300740,水羊股份,21.31,20.36,21.58,19.98,37335900.0
20260928,300741,华宝股份,27.0,25.5,27.0,24.7,26098300.0
20260928,300743,天地数码,14.5,14.34,14.55,14.25,1858900.0
20260928,300745,欣锐科技,27.6,26.25,27.7,26.08,6474800.0
20260928,300746,汉嘉数智,15.01,14.96,15.58,14.78,6665500.0
20260928,300747,锐科激光,39.32,36.14,39.35,35.92,20438400.0
20260928,300748,金力永磁,25.03,24.1,25.05,23.92,13294800.0
20260928,300749,顶固集创,23.84,22.24,23.89,22.13,5296700.0
20260928,300750,宁德时代,289.0,291.99,292.66,286.66,33914400.0
20260928,300751,迈为股份,192.89,182.6,194.0,181.57,4272500.0
20260928,300752,隆利科技,13.27,12.86,13.31,12.7,7137100.0
20260928,300753,爱朋医疗,21.03,20.55,21.28,20.48,3680000.0
20260928,300755,华致酒行,11.42,11.11,12.15,11.01,9395200.0
20260928,300756,金马游乐,32.61,30.87,33.08,30.66,5317800.0
20260928,300757,罗博特科,562.01,530.31,567.0,525.89,6091700.0
20260928,300758,七彩化学,11.27,10.99,11.37,10.87,5620600.0
20260928,300759,康龙化成,44.0,43.13,44.34,42.95,33458600.0
20260928,300760,迈瑞医疗,153.9,158.29,158.85,153.87,9025300.0
20260928,300761,立华股份,20.37,20.88,21.1,20.25,11189800.0
20260928,300762,上海瀚讯,26.12,25.06,26.45,24.9,14220600.0
20260928,300763,锦浪科技,53.17,52.25,53.45,51.33,9091600.0
20260928,300765,石药创新,44.3,44.03,44.63,43.53,9117600.0
20260928,300766,每日互动,21.65,21.1,21.78,20.95,9383700.0
20260928,300767,震安科技,20.99,19.27,21.05,19.03,11735800.0
20260928,300768,迪普科技,15.28,15.03,15.35,14.75,8348100.0
20260928,300769,德方纳米,39.8,38.11,39.8,37.8,8392600.0
20260928,300770,新媒股份,35.08,34.95,35.6,34.7,3409100.0
20260928,300771,智莱科技,11.4,11.23,11.49,11.18,3026300.0
20260928,300772,运达股份,9.55,9.85,9.99,9.55,34271600.0
20260928,300773,拉卡拉,14.72,14.38,14.76,14.36,20368400.0
20260928,300774,倍杰特,9.76,9.5,9.81,9.42,6317700.0
20260928,300775,三角防务,20.62,20.19,20.63,19.97,7914400.0
20260928,300776,帝尔激光,136.29,129.74,137.0,127.0,18424000.0
20260928,300777,中简科技,21.21,20.08,21.28,19.97,7924500.0
20260928,300778,新城市,10.96,10.85,11.37,10.7,5129400.0
20260928,300779,惠城环保,52.02,50.79,52.25,49.58,6276300.0
20260928,300780,德恩精工,20.05,18.97,20.08,18.66,4218600.0
20260928,300781,因赛集团,26.97,25.79,26.97,25.57,2644500.0
20260928,300782,卓胜微,75.53,70.25,75.7,69.95,12321100.0
20260928,300783,三只松鼠,16.64,16.42,16.74,16.23,5750700.0
20260928,300784,利安科技,42.65,42.18,42.9,41.75,523600.0
20260928,300785,值得买,34.84,33.52,35.17,33.5,7371000.0
20260928,300786,国林科技,14.86,14.18,14.88,14.04,6244600.0
20260928,300787,海能实业,11.63,11.7,11.88,11.32,8420500.0
20260928,300788,中信出版,30.09,28.66,30.58,28.52,11346300.0
20260928,300789,唐源电气,16.29,16.03,16.58,15.71,2310200.0
20260928,300790,宇瞳光学,19.68,18.08,19.86,17.94,28285100.0
20260928,300791,仙乐健康,17.68,17.43,17.76,17.36,785000.0
20260928,300792,壹网壹创,24.34,23.86,24.83,23.7,7425800.0
20260928,300793,佳禾智能,11.93,11.84,11.98,11.69,4576400.0
20260928,300795,米奥会展,13.03,12.81,13.47,12.63,16289900.0
20260928,300796,贝斯美,6.87,6.91,6.97,6.8,3429200.0
20260928,300797,钢研纳克,13.43,13.09,13.43,13.01,3423100.0
20260928,300798,锦鸡股份,8.31,8.26,8.4,8.01,22606700.0
20260928,300800,力合科技,10.6,10.54,10.68,10.38,3051100.0
20260928,300801,泰和科技,21.56,20.81,21.56,20.62,2723400.0
20260928,300802,矩子科技,26.26,25.03,26.36,24.65,8730900.0
20260928,300803,指南针,56.1,53.97,56.45,53.61,16065800.0
20260928,300804,广康生化,45.0,44.35,45.49,43.66,942000.0
20260928,300805,电声股份,8.69,8.45,8.74,8.38,12841400.0
20260928,300806,斯迪克,53.03,48.25,53.24,48.05,26276700.0
20260928,300807,天迈科技,35.97,34.91,36.02,34.65,880000.0
20260928,300808,久量股份,20.86,20.07,20.89,19.88,2956200.0
20260928,300809,华辰装备,24.4,23.79,24.5,23.5,2517000.0
20260928,300810,中科海讯,24.9,24.39,25.03,24.15,1325300.0
20260928,300811,铂科新材,83.02,78.0,83.27,76.88,14232300.0
20260928,300812,易天股份,20.01,18.98,20.23,18.9,6351800.0
20260928,300813,泰林生物,22.68,22.12,22.92,21.86,2732000.0
20260928,300814,中富电路,137.0,126.82,137.68,125.36,5343600.0
20260928,300815,玉禾田,15.41,14.97,15.5,14.86,4089100.0
20260928,300816,艾可蓝,64.21,58.42,64.21,58.36,2393700.0
20260928,300817,双飞集团,16.54,17.63,18.7,16.37,9182100.0
20260928,300818,耐普矿机,16.42,15.79,16.42,15.63,2765100.0
20260928,300819,聚杰微纤,48.45,45.14,48.73,44.58,3496500.0
20260928,300820,英杰电气,72.06,67.47,72.46,66.66,5778800.0
20260928,300821,东岳硅材,15.57,14.66,15.58,14.56,34032100.0
20260928,300822,贝仕达克,11.56,11.26,11.56,11.17,2180000.0
20260928,300823,建科智能,14.69,14.55,14.79,14.42,2096300.0
20260928,300824,北鼎股份,7.9,8.08,8.34,7.85,10762400.0
20260928,300825,阿尔特,11.95,11.64,12.26,11.47,31103300.0
20260928,300826,测绘股份,15.5,14.53,15.5,14.31,5641500.0
20260928,300827,上能电气,25.22,24.6,25.47,24.39,7134600.0
20260928,300828,锐新科技,16.77,18.0,18.3,16.1,13748100.0
20260928,300829,金丹科技,27.29,22.7,27.5,22.49,43380300.0
20260928,300830,金现代,8.03,7.87,8.04,7.79,7865700.0
20260928,300832,新产业,47.83,49.61,49.9,47.73,4648600.0
20260928,300833,浩洋股份,42.93,44.43,44.97,42.93,2404700.0
20260928,300834,星辉环材,40.43,38.35,40.75,38.01,1644900.0
20260928,300835,龙磁科技,189.81,185.78,194.46,180.78,2964100.0
20260928,300836,佰奥智能,57.24,54.3,57.8,53.08,2025200.0
20260928,300837,浙矿股份,22.82,22.24,23.12,22.18,1658700.0
20260928,300838,浙江力诺,14.42,14.31,14.51,14.14,2085500.0
20260928,300839,博汇股份,13.0,12.57,13.1,12.44,5286900.0
20260928,300840,酷特智能,19.28,18.53,19.28,18.3,6946500.0
20260928,300841,康华生物,55.13,54.88,55.85,54.02,2518300.0
20260928,300842,帝科股份,66.0,60.42,66.27,59.5,6669800.0
20260928,300843,胜蓝股份,120.59,116.9,122.32,114.6,6364300.0
20260928,300844,山水比德,24.16,24.6,24.84,24.02,2129300.0
20260928,300845,捷安高科,14.2,14.45,14.6,13.9,8458700.0
20260928,300846,首都在线,19.79,18.63,19.8,18.46,17620500.0
20260928,300847,中船汉光,14.3,14.67,14.97,14.21,9484800.0
20260928,300848,美瑞新材,11.41,10.9,11.41,10.82,2937700.0
20260928,300849,锦盛新材,22.51,21.49,22.67,21.0,3576900.0
20260928,300850,新强联,29.25,30.22,30.88,28.17,23866600.0
20260928,300851,交大思诺,24.69,24.9,25.07,24.42,1312000.0
20260928,300852,四会富仕,71.23,67.91,72.5,67.19,11217200.0
20260928,300853,申昊科技,30.4,29.05,30.4,28.38,4500300.0
20260928,300854,中兰环保,15.39,14.9,15.41,14.8,2592200.0
20260928,300855,图南股份,34.37,33.88,34.96,33.71,3578500.0
20260928,300856,科思股份,10.42,10.29,10.48,10.19,1861800.0
20260928,300857,协创数据,267.01,245.99,270.98,244.1,15328300.0
20260928,300858,科拓生物,14.79,14.59,14.92,14.52,2569100.0
20260928,300859,西域旅游,23.68,23.08,23.7,22.65,3815200.0
20260928,300860,锋尚文化,29.11,28.46,29.29,28.2,2502100.0
20260928,300861,美畅股份,15.88,15.25,15.95,15.13,7851600.0
20260928,300862,蓝盾光电,56.71,47.48,57.0,45.99,34453300.0
20260928,300863,卡倍亿,41.06,37.93,41.07,37.34,7951400.0
20260928,300864,南大环境,25.9,24.84,26.35,24.69,3450400.0
20260928,300865,大宏立,32.8,28.87,32.8,28.44,5153700.0
20260928,300866,安克创新,124.1,121.1,127.9,120.0,3654600.0
20260928,300867,圣元环保,17.51,16.85,17.51,16.79,4394400.0
20260928,300868,杰美特,82.83,77.55,82.98,74.75,3384800.0
20260928,300869,康泰医学,11.48,11.35,11.6,11.3,3214500.0
20260928,300870,欧陆通,203.0,182.13,205.0,179.26,5972700.0
20260928,300871,回盛生物,20.98,20.7,21.27,20.58,3490100.0
20260928,300872,天阳科技,15.04,14.87,15.19,14.7,8013400.0
20260928,300873,海晨股份,15.5,14.28,15.77,14.16,14600300.0
20260928,300875,捷强装备,31.6,30.97,31.66,30.53,1721500.0
20260928,300876,蒙泰高新,15.23,15.33,15.43,14.89,2364800.0
20260928,300877,金春股份,27.29,26.29,27.6,26.08,1540200.0
20260928,300878,维康药业,31.11,29.8,31.14,29.65,1638400.0
20260928,300879,大叶股份,17.9,17.32,17.9,17.15,3551800.0
20260928,300880,迦南智能,18.98,18.23,18.98,17.96,2776400.0
20260928,300881,盛德鑫泰,30.67,29.81,31.06,29.64,1053900.0
20260928,300882,万胜智能,13.39,13.07,13.39,12.99,1352400.0
20260928,300883,龙利得,6.42,6.32,6.47,6.27,4641200.0
20260928,300884,狄耐克,12.21,11.93,12.21,11.8,4151200.0
20260928,300885,海昌新材,18.9,18.56,19.05,18.48,2342100.0
20260928,300886,华业香料,23.97,23.65,24.45,23.6,1245000.0
20260928,300887,谱尼测试,7.08,6.95,7.09,6.89,6567400.0
20260928,300888,稳健医疗,29.47,29.24,29.61,29.12,1917500.0
20260928,300889,爱克股份,23.15,21.37,23.2,21.25,5232900.0
20260928,300890,翔丰华,26.2,25.44,26.25,25.26,3407400.0
20260928,300891,惠云钛业,7.58,7.5,7.63,7.42,3893000.0
20260928,300892,品渥食品,22.62,22.44,22.8,22.22,1523800.0
20260928,300893,松原安全,13.64,13.18,13.7,13.14,2928400.0
20260928,300894,火星人,10.31,9.92,10.31,9.88,4486900.0
20260928,300895,铜牛信息,62.69,59.11,62.69,58.9,6745600.0
20260928,300896,爱美客,92.0,91.63,92.88,91.46,1665900.0
20260928,300897,山科智能,17.83,16.8,18.69,16.69,5869200.0
20260928,300898,熊猫乳品,20.2,20.25,21.1,20.02,5603100.0
20260928,300899,上海凯鑫,30.19,29.5,30.19,29.06,747400.0
20260928,300900,广联航空,22.51,21.67,22.8,21.6,9712800.0
20260928,300901,中胤时尚,17.75,16.73,17.95,16.24,6625900.0
20260928,300902,国安达,18.67,17.87,19.07,17.65,7398900.0
20260928,300903,科翔股份,103.2,94.6,103.59,94.0,18006900.0
20260928,300904,威力传动,46.96,47.92,48.46,45.09,4359100.0
20260928,300905,宝丽迪,37.43,34.97,37.7,34.8,7468700.0
20260928,300906,日月明,28.72,28.16,28.78,27.73,930700.0
20260928,300907,康平科技,56.5,51.54,56.5,51.29,4338800.0
20260928,300908,仲景食品,16.99,17.27,17.38,16.95,2556500.0
20260928,300909,汇创达,66.0,61.2,66.87,61.1,6119900.0
20260928,300910,瑞丰新材,27.71,27.29,27.74,26.92,3794000.0
20260928,300911,亿田智能,34.75,32.83,35.2,32.58,8584800.0
20260928,300912,凯龙高科,19.88,19.44,19.88,19.2,2468100.0
20260928,300913,兆龙互连,39.36,36.03,39.36,35.4,14543100.0
20260928,300915,海融科技,23.5,23.27,23.79,23.07,2867800.0
20260928,300916,朗特智能,27.73,27.53,28.5,26.96,3495600.0
20260928,300917,特发服务,31.18,31.88,32.46,30.66,14510700.0
20260928,300918,南山智尚,10.88,10.7,11.17,10.67,8769100.0
20260928,300919,中伟新材,37.21,36.17,37.49,35.99,7148600.0
20260928,300920,润阳科技,33.76,31.36,33.76,31.2,1524100.0
20260928,300921,南凌科技,16.13,15.64,16.19,15.39,5689800.0
20260928,300922,天秦装备,17.69,17.09,17.7,16.97,5025700.0
20260928,300923,研奥股份,24.13,23.7,24.13,23.46,1505600.0
20260928,300925,法本信息,13.84,13.56,13.87,13.41,3986200.0
20260928,300926,博俊科技,16.5,16.02,16.55,15.97,2457000.0
20260928,300927,江天化学,27.19,26.79,27.19,26.44,5405600.0
20260928,300928,华安鑫创,24.68,24.06,24.98,23.77,1718800.0
20260928,300929,华骐环保,16.11,15.66,16.36,15.52,2267600.0
20260928,300930,屹通新材,26.0,25.45,26.3,25.18,1454500.0
20260928,300931,通用电梯,17.4,17.0,18.12,16.72,23314700.0
20260928,300932,三友联众,11.06,10.8,11.22,10.59,10932900.0
20260928,300933,中辰股份,6.53,6.3,6.53,6.23,8328300.0
20260928,300935,盈建科,27.61,27.2,27.93,26.66,1546800.0
20260928,300936,中英科技,78.78,71.79,79.16,70.7,3067000.0
20260928,300937,药易购,24.37,24.1,24.56,23.97,2142200.0
20260928,300938,信测标准,31.88,30.31,32.25,29.63,11158100.0
20260928,300939,秋田微,103.0,96.95,104.5,95.68,6220100.0
20260928,300940,南极光,13.66,13.33,13.71,13.22,2871800.0
20260928,300941,创识科技,15.01,14.96,15.19,14.72,2965500.0
20260928,300942,易瑞生物,6.55,6.52,6.65,6.49,3205300.0
20260928,300943,春晖智控,35.3,32.97,35.8,32.46,10528700.0
20260928,300945,曼卡龙,11.33,11.14,11.36,11.04,5248600.0
20260928,300946,恒而达,37.14,36.34,37.2,36.17,948800.0
20260928,300947,德必集团,15.62,15.21,15.74,15.12,4157900.0
20260928,300948,冠中生态,19.62,18.13,19.67,17.86,6335600.0
20260928,300949,奥雅股份,23.69,23.74,23.96,23.28,927300.0
20260928,300950,德固特,20.48,20.5,20.75,19.95,2477500.0
20260928,300951,博硕科技,90.69,79.1,90.69,79.0,7451500.0
20260928,300952,恒辉安防,17.22,16.8,17.3,16.75,5663300.0
20260928,300953,震裕科技,96.8,93.75,97.37,92.13,4914500.0
20260928,300955,嘉亨家化,29.06,27.88,29.08,27.71,1259900.0
20260928,300956,英力股份,11.33,11.03,11.5,10.92,3841800.0
20260928,300957,贝泰妮,32.98,32.45,33.13,32.33,4596300.0
20260928,300958,建工修复,12.29,12.39,12.53,12.23,2587000.0
20260928,300959,线上线下,91.08,86.0,91.08,84.47,2593100.0
20260928,300960,通业科技,18.98,18.97,19.08,18.06,5802900.0
20260928,300961,深水海纳,11.8,11.58,11.81,11.5,3411300.0
20260928,300962,中金辐照,13.11,12.96,13.27,12.93,1474600.0
20260928,300963,中洲特材,11.05,10.61,11.05,10.56,4624700.0
20260928,300964,本川智能,75.59,71.88,76.25,70.8,6323900.0
20260928,300965,恒宇信通,43.2,42.12,43.35,41.48,496800.0
20260928,300966,共同药业,25.48,24.74,25.74,24.32,2120000.0
20260928,300967,晓鸣股份,16.11,16.15,16.32,15.86,2854700.0
20260928,300968,格林精密,9.89,9.55,9.89,9.41,4950900.0
20260928,300969,恒帅股份,78.22,74.56,78.23,74.0,1746400.0
20260928,300970,华绿生物,17.72,17.03,18.08,16.89,6901100.0
20260928,300971,博亚精工,17.67,17.4,17.76,17.32,1918200.0
20260928,300972,万辰集团,156.0,155.6,158.28,152.98,1385600.0
20260928,300973,立高食品,25.39,25.51,25.66,25.22,1617200.0
20260928,300975,商络电子,25.88,23.92,25.89,23.75,32248500.0
20260928,300976,达瑞电子,62.43,57.59,62.58,56.9,4850700.0
20260928,300977,深圳瑞捷,19.43,18.9,19.6,18.69,3960500.0
20260928,300978,东箭科技,8.74,8.74,8.9,8.66,3429700.0
20260928,300979,华利集团,33.89,34.02,34.98,33.02,4605800.0
20260928,300980,祥源新材,23.57,22.98,23.83,22.71,2645500.0
20260928,300981,中红医疗,17.7,18.57,19.99,17.62,32101100.0
20260928,300982,苏文电能,14.34,14.22,14.48,14.15,1660200.0
20260928,300983,尤安设计,37.62,37.24,38.0,36.7,689800.0
20260928,300984,金沃股份,31.95,30.89,31.96,30.7,3326000.0
20260928,300985,致远新能,37.94,34.89,37.94,34.44,3296700.0
20260928,300986,志特新材,11.66,11.04,11.66,10.9,17537300.0
20260928,300987,川网传媒,14.22,14.05,14.58,14.04,5971800.0
20260928,300988,津荣天宇,16.36,16.14,16.36,15.97,3609100.0
20260928,300989,蕾奥规划,15.15,14.73,15.23,14.5,3061700.0
20260928,300990,同飞股份,106.17,99.1,106.44,97.68,4752200.0
20260928,300991,创益通,29.03,26.2,29.11,25.83,4822400.0
20260928,300992,泰福泵业,28.13,27.69,28.44,27.32,2664100.0
20260928,300993,玉马科技,9.95,9.72,9.95,9.7,2723100.0
20260928,300994,久祺股份,11.3,11.36,11.45,11.2,2588000.0
20260928,300995,奇德新材,26.48,26.05,26.48,25.6,1358800.0
20260928,300996,普联软件,12.46,12.05,12.56,11.95,13780100.0
20260928,300997,欢乐家,15.48,15.09,15.57,15.05,5832100.0
20260928,300998,宁波方正,29.6,29.32,30.72,28.88,5600000.0
20260928,300999,金龙鱼,24.55,24.18,24.69,24.15,7713500.0
20260928,301000,肇民科技,24.39,23.73,24.53,23.51,3387500.0
20260928,301001,凯淳股份,25.54,25.31,25.7,24.99,1156800.0
20260928,301002,崧盛股份,27.4,26.29,27.68,26.0,2657100.0
20260928,301003,江苏博云,57.99,56.4,58.28,55.99,1957100.0
20260928,301004,嘉益股份,34.48,38.28,39.24,34.48,4761200.0
20260928,301005,超捷股份,60.7,58.36,61.5,57.8,5547900.0
20260928,301006,迈拓股份,13.86,13.76,14.05,13.72,1547600.0
20260928,301007,德迈仕,32.27,30.4,32.39,30.18,2280600.0
20260928,301008,宏昌科技,58.09,55.4,58.49,53.87,11042600.0
20260928,301009,可靠股份,9.38,9.2,9.38,9.16,2233700.0
20260928,301010,晶雪节能,19.46,19.46,19.81,18.99,3955100.0
20260928,301011,华立科技,15.9,15.35,16.2,15.3,3278000.0
20260928,301012,扬电科技,22.9,22.17,22.95,22.0,3252600.0
20260928,301013,利和兴,37.45,34.54,37.86,34.12,14355800.0
20260928,301015,百洋医药,25.34,24.95,25.8,24.8,4567700.0
20260928,301016,雷尔伟,15.25,15.11,15.5,14.81,5352700.0
20260928,301017,漱玉平民,13.25,12.97,13.27,12.9,6543300.0
20260928,301018,申菱环境,97.99,91.74,98.6,90.0,9537300.0
20260928,301019,宁波色母,15.61,15.66,15.75,15.47,1411000.0
20260928,301020,密封科技,23.89,22.63,24.0,22.53,6886400.0
20260928,301021,英诺激光,85.81,81.15,87.47,79.85,8188600.0
20260928,301022,海泰科,22.25,22.19,22.53,21.9,906300.0
20260928,301023,奕帆传动,29.11,28.94,29.38,28.64,1146200.0
20260928,301024,霍普股份,33.71,33.59,34.11,32.91,946600.0
20260928,301025,读客文化,9.92,9.84,10.19,9.76,10568900.0
20260928,301026,浩通科技,18.76,18.43,18.93,18.29,4368500.0
20260928,301027,华蓝集团,19.28,18.78,19.38,18.52,3792400.0
20260928,301028,鼎熔岩,13.77,13.04,13.8,12.92,7354400.0
20260928,301029,怡合达,24.97,24.37,25.0,24.04,6406900.0
20260928,301031,中熔电气,100.07,94.23,100.86,93.88,2315700.0
20260928,301032,新柴股份,10.26,10.28,10.36,10.1,3978500.0
20260928,301033,迈普医学,54.8,53.93,54.96,53.17,833400.0
20260928,301035,润丰股份,48.33,48.77,49.0,47.71,1655100.0
20260928,301036,双乐股份,22.6,22.26,22.6,22.01,947300.0
20260928,301037,保立佳,13.1,13.16,13.32,12.82,2014900.0
20260928,301038,深水规院,16.58,16.36,16.93,16.1,3345800.0
20260928,301039,中集车辆,7.23,7.26,7.28,7.11,10217500.0
20260928,301040,中环海陆,26.09,25.88,26.61,25.45,1208800.0
20260928,301041,金百泽,36.94,35.22,37.39,34.59,12440900.0
20260928,301042,安联锐视,31.0,29.2,31.0,28.98,2813200.0
20260928,301043,绿岛风,49.25,48.35,49.25,47.2,888300.0
20260928,301045,天禄科技,72.01,66.62,72.3,66.0,3537000.0
20260928,301046,能辉科技,34.81,33.65,35.15,32.89,6975600.0
20260928,301047,义翘神州,154.0,146.0,157.58,143.01,11300600.0
20260928,301048,金鹰重工,8.9,8.91,8.99,8.81,2530000.0
20260928,301049,超越科技,20.63,20.38,20.68,20.08,967800.0
20260928,301050,雷电微力,27.72,26.96,27.89,26.72,2875700.0
20260928,301051,信濠光电,18.4,17.29,18.47,17.0,5591700.0
20260928,301052,果麦文化,24.28,23.61,24.79,23.28,3799700.0
20260928,301053,远信工业,36.13,34.73,36.24,33.76,2349300.0
20260928,301055,张小泉,31.41,29.7,31.41,29.21,3128800.0
20260928,301056,森赫股份,13.69,13.07,13.83,12.98,3511600.0
20260928,301057,汇隆新材,24.5,22.36,24.5,22.15,4545200.0
20260928,301058,中粮科工,8.45,8.39,8.55,8.36,6837100.0
20260928,301059,金三江,13.21,13.05,13.45,12.96,3637000.0
20260928,301060,兰卫医学,12.0,11.85,12.36,11.77,13534700.0
20260928,301061,匠心家居,42.14,41.28,42.86,41.05,2700900.0
20260928,301062,上海艾录,6.95,6.86,7.08,6.81,4385300.0
20260928,301063,海锅股份,18.38,18.53,18.82,18.21,2700300.0
20260928,301065,本立科技,20.05,20.0,20.15,19.81,1462700.0
20260928,301066,万事利,12.6,12.39,12.79,12.35,4797100.0
20260928,301067,显盈科技,34.62,32.65,34.83,32.41,3741100.0
20260928,301068,大地海洋,25.06,23.84,25.06,23.77,1498700.0
20260928,301069,凯盛新材,15.85,15.34,15.85,15.23,3345500.0
20260928,301070,开勒股份,66.45,64.37,67.26,63.1,2883000.0
20260928,301071,力量钻石,69.58,65.98,69.9,64.5,16874800.0
20260928,301072,中捷精工,47.99,45.29,47.99,42.19,4739500.0
20260928,301073,君亭酒店,17.84,17.21,17.85,17.13,5095300.0
20260928,301075,多瑞医药,66.83,63.84,66.83,63.16,897600.0
20260928,301076,新瀚新材,21.15,20.48,21.19,20.31,3321200.0
20260928,301077,星华新材,21.99,21.37,21.99,21.11,1209500.0
20260928,301078,孩子王,6.92,6.85,6.96,6.79,10480700.0
20260928,301079,邵阳液压,27.58,26.98,27.98,26.75,4645200.0
20260928,301080,百普赛斯,126.14,120.82,128.08,116.56,14681400.0
20260928,301081,严牌股份,16.6,17.59,18.35,16.6,10502900.0
20260928,301082,久盛电气,9.74,9.55,9.74,9.46,3402600.0
20260928,301083,百胜智能,14.6,14.26,14.6,14.1,2210700.0
20260928,301085,亚康股份,83.25,76.18,84.33,75.88,6151000.0
20260928,301086,鸿富瀚,167.55,157.99,167.56,153.0,3749700.0
20260928,301087,可孚医疗,54.41,53.23,54.79,53.21,1324600.0
20260928,301088,戎美股份,13.85,13.31,13.85,13.3,1184300.0
20260928,301089,拓新药业,24.02,24.42,24.48,23.67,2807300.0
20260928,301090,华润材料,7.08,6.93,7.1,6.87,5758100.0
20260928,301091,深城交,19.66,19.49,20.0,19.32,5614800.0
20260928,301092,争光股份,44.99,42.39,45.22,41.99,1703600.0
20260928,301093,华兰股份,69.1,63.38,69.48,62.66,6838300.0
20260928,301095,广立微,74.5,70.56,74.8,69.55,4839300.0
20260928,301096,百诚医药,47.82,45.99,48.88,45.5,3942900.0
20260928,301097,天益医疗,34.9,34.4,34.91,34.3,558100.0
20260928,301098,金埔园林,8.84,8.59,8.89,8.46,5460700.0
20260928,301099,雅创电子,55.85,56.48,59.16,53.0,22234200.0
20260928,301100,风光股份,15.79,16.11,17.08,15.78,4281300.0
20260928,301101,明月镜片,30.26,29.9,30.26,29.53,1490600.0
20260928,301102,兆讯传媒,9.49,9.44,9.59,9.26,1837700.0
20260928,301103,何氏眼科,16.57,16.45,16.68,16.36,1618000.0
20260928,301105,鸿铭股份,50.67,48.15,50.87,47.86,414000.0
20260928,301106,骏成科技,19.27,18.69,19.39,18.53,2266700.0
20260928,301107,瑜欣电子,25.39,23.51,25.39,23.42,3387400.0
20260928,301108,洁雅股份,51.5,52.55,55.88,51.5,4257400.0
20260928,301109,军信股份,12.75,12.56,12.8,12.47,3292600.0
20260928,301110,青木科技,36.75,35.3,36.89,35.22,2067900.0
20260928,301111,粤万年青,22.5,21.63,22.5,21.45,3770700.0
20260928,301112,信邦智能,30.3,29.46,30.3,29.12,716900.0
20260928,301113,雅艺科技,17.69,17.57,17.84,17.42,1465000.0
20260928,301115,联检科技,38.0,33.9,38.3,32.66,12130500.0
20260928,301116,益客食品,9.08,9.16,9.24,9.06,5066800.0
20260928,301118,恒光股份,23.65,23.11,23.7,22.65,2520000.0
20260928,301119,正强股份,26.69,26.24,26.96,25.77,3705600.0
20260928,301120,新特电气,14.55,14.15,14.7,14.0,4916600.0
20260928,301121,紫建电子,36.55,35.4,36.65,34.9,1193400.0
20260928,301122,采纳股份,63.0,64.71,65.87,62.0,9794600.0
20260928,301123,奕东电子,76.75,69.84,76.92,68.9,6081700.0
20260928,301125,腾亚精工,14.84,14.37,14.84,14.02,5078400.0
20260928,301126,达嘉维康,10.37,10.31,10.49,10.16,3309300.0
20260928,301127,武汉天源,16.5,15.04,16.5,14.93,23125000.0
20260928,301128,强瑞技术,117.56,107.6,117.56,106.89,4832800.0
20260928,301129,瑞纳智能,24.13,23.67,24.23,23.52,1638100.0
20260928,301130,西点药业,28.16,28.15,29.05,28.0,4394900.0
20260928,301131,聚赛龙,33.69,33.07,33.95,33.0,832600.0
20260928,301132,满坤科技,67.32,64.75,68.36,62.86,13243800.0
20260928,301133,金钟股份,26.5,25.59,26.84,25.43,2007300.0
20260928,301135,瑞德智能,18.24,18.02,18.4,17.66,1469700.0
20260928,301136,招标股份,12.66,12.75,13.0,12.47,30589600.0
20260928,301137,哈焊华通,30.86,29.86,30.91,29.64,1901700.0
20260928,301138,华研精机,29.69,29.11,30.01,28.81,1100900.0
20260928,301141,中科磁业,37.32,35.76,37.9,35.65,2275000.0
20260928,301148,嘉戎技术,58.68,57.19,59.25,56.52,1104200.0
20260928,301149,隆华新材,8.91,8.56,8.91,8.48,29577200.0
20260928,301150,中一科技,45.08,41.71,45.45,41.4,30704300.0
20260928,301151,冠龙节能,21.47,20.82,21.6,20.63,3961000.0
20260928,301152,天力锂能,21.0,20.67,21.04,20.31,2821000.0
20260928,301153,中科江南,17.0,16.92,17.3,16.7,2867500.0
20260928,301155,海力风电,42.48,42.41,42.86,40.52,5745300.0
20260928,301156,美农生物,11.77,11.88,11.96,11.71,3160700.0
20260928,301157,华塑科技,65.53,63.0,66.49,62.46,640700.0
20260928,301158,德石股份,14.35,14.15,14.35,13.94,2790500.0
20260928,301159,三维天地,32.4,31.64,32.46,31.06,1431900.0
20260928,301160,翔楼新材,44.94,41.29,45.56,40.91,5269400.0
20260928,301161,唯万密封,30.83,29.25,30.83,28.94,2694600.0
20260928,301162,国能日新,36.72,36.62,36.99,35.98,1289400.0
20260928,301163,宏德股份,23.65,23.64,23.75,23.13,1505300.0
20260928,301165,锐捷网络,110.98,102.37,111.5,102.01,12156700.0
20260928,301166,优宁维,33.15,33.15,33.75,32.75,2986700.0
20260928,301167,建研设计,13.42,13.5,13.6,13.23,2022200.0
20260928,301168,通灵股份,39.84,39.98,40.18,39.35,870300.0
20260928,301169,零点有数,53.2,51.04,53.2,49.6,1416600.0
20260928,301170,锡南科技,23.26,22.97,23.26,22.7,772100.0
20260928,301171,易点天下,33.55,32.19,33.8,31.92,32433600.0
20260928,301172,君逸数码,18.5,17.45,18.5,17.28,5143900.0
20260928,301173,毓恬冠佳,33.01,33.53,33.68,32.88,560300.0
20260928,301175,中科环保,5.56,5.52,5.57,5.46,9206100.0
20260928,301176,逸豪新材,57.31,53.54,57.88,52.76,13309900.0
20260928,301177,迪阿股份,23.1,22.86,23.22,22.49,1071300.0
20260928,301178,天亿马,35.93,34.7,36.36,34.31,2411600.0
20260928,301179,泽宇智能,20.02,19.44,20.2,19.3,3896300.0
20260928,301180,万祥科技,11.61,11.41,11.61,11.14,3714800.0
20260928,301181,标榜股份,26.4,25.75,26.45,25.35,2417200.0
20260928,301182,凯旺科技,68.88,61.33,68.88,60.88,3558300.0
20260928,301183,东田微,308.6,282.0,308.88,276.0,5361000.0
20260928,301185,鸥玛软件,17.35,17.1,17.41,16.96,1641200.0
20260928,301186,超达装备,36.93,33.22,36.94,33.06,3377500.0
20260928,301187,欧圣电气,15.96,15.76,16.6,15.75,6191600.0
20260928,301188,力诺药包,36.53,33.88,37.47,33.3,17499800.0
20260928,301189,奥尼电子,74.9,69.86,75.0,69.6,7985700.0
20260928,301190,善水科技,20.96,24.95,24.95,20.95,16622000.0
20260928,301191,菲菱科思,84.77,79.11,85.8,78.16,3986900.0
20260928,301192,泰祥股份,19.9,19.62,20.0,19.4,1047300.0
20260928,301193,家联科技,23.93,22.51,23.93,22.38,7484100.0
20260928,301195,北路智控,27.37,26.83,27.37,26.55,1174200.0
20260928,301196,唯科科技,87.04,82.2,88.7,81.12,4601300.0
20260928,301197,工大科雅,26.99,26.4,27.57,25.82,2300200.0
20260928,301198,喜悦智行,14.72,13.86,14.73,13.78,4871100.0
20260928,301199,迈赫股份,18.1,18.03,18.35,17.85,857700.0
20260928,301200,大族数控,243.01,233.38,245.4,231.03,2704900.0
20260928,301201,诚达药业,30.14,29.41,30.98,29.41,6853700.0
20260928,301202,朗威股份,37.84,36.32,37.84,36.23,1617600.0
20260928,301203,国泰环保,34.15,33.06,34.24,32.8,710000.0
20260928,301205,联特科技,308.1,266.8,308.1,263.88,9568800.0
20260928,301206,三元生物,23.6,23.48,23.74,23.2,2397200.0
20260928,301207,华兰疫苗,19.39,19.78,20.29,19.38,13181400.0
20260928,301208,中亦科技,30.29,29.97,30.4,29.61,984400.0
20260928,301209,联合化学,59.74,59.19,60.5,55.51,3400400.0
20260928,301210,金杨精密,30.2,29.3,30.6,29.14,3991900.0
20260928,301211,亨迪药业,12.36,12.43,12.69,12.17,11542200.0
20260928,301212,联盛化学,26.47,26.02,26.47,25.76,1050100.0
20260928,301213,观想科技,44.48,42.71,44.5,42.7,1960500.0
20260928,301215,中汽股份,5.34,5.22,5.39,5.19,9860700.0
20260928,301216,万凯新材,17.03,16.4,17.09,16.27,12231200.0
20260928,301217,铜冠铜箔,110.0,100.5,110.06,98.8,23610000.0
20260928,301218,华是科技,50.49,53.2,53.2,48.9,18394900.0
20260928,301219,腾远钴业,39.82,38.75,39.85,38.36,4816600.0
20260928,301220,亚香股份,31.22,29.63,31.41,29.57,1932100.0
20260928,301221,光庭信息,27.14,26.68,27.3,26.45,1239000.0
20260928,301222,浙江恒威,25.08,24.9,25.19,24.39,2118800.0
20260928,301223,中荣股份,18.65,18.24,18.65,18.09,1008100.0
20260928,301225,恒勃股份,60.0,57.73,60.79,57.29,3109200.0
20260928,301226,祥明智能,35.1,36.89,37.17,33.8,5332700.0
20260928,301227,森鹰窗业,32.65,31.16,32.65,30.55,3744100.0
20260928,301228,实朴检测,55.15,51.76,55.4,51.33,1946500.0
20260928,301229,纽泰格,12.0,11.79,12.04,11.66,3417100.0
20260928,301230,泓博医药,39.02,38.1,40.18,37.63,14926000.0
20260928,301231,荣信文化,29.45,28.9,30.35,28.71,3334000.0
20260928,301232,飞沃科技,89.29,84.45,89.8,83.0,3349900.0
20260928,301233,盛帮股份,35.82,35.07,35.87,33.6,1755300.0
20260928,301234,五洲医疗,122.7,128.01,133.85,120.0,2887900.0
20260928,301235,华康洁净,46.0,42.67,46.45,42.07,6985900.0
20260928,301236,软通动力,35.9,35.55,36.13,35.33,12332300.0
20260928,301237,和顺科技,40.26,37.35,40.27,37.02,2085100.0
20260928,301238,瑞泰新材,15.7,15.23,15.75,15.03,6260000.0
20260928,301239,普瑞眼科,31.6,31.72,32.43,31.2,2264300.0
20260928,301246,宏源药业,17.78,17.1,17.84,17.02,5538700.0
20260928,301248,杰创智能,58.92,54.63,59.69,54.0,3366200.0
20260928,301251,威尔高,90.0,82.68,91.0,82.27,12518800.0
20260928,301252,同星科技,40.8,37.85,40.8,37.5,2688200.0
20260928,301255,通力科技,19.32,18.95,19.32,18.71,1023700.0
20260928,301256,华融化学,10.13,9.78,10.13,9.76,3468100.0
20260928,301257,普蕊斯,41.17,40.47,42.61,40.25,3188700.0
20260928,301258,富士莱,26.8,26.44,27.26,26.32,983000.0
20260928,301259,艾布鲁,20.62,19.43,20.7,19.28,5582600.0
20260928,301260,格力博,11.76,11.66,11.98,11.52,2057300.0
20260928,301261,恒工精密,55.1,53.61,55.48,52.77,1435700.0
20260928,301262,海看股份,19.94,20.06,20.3,19.61,8086500.0
20260928,301263,泰恩康,19.8,18.8,19.8,18.51,6802200.0
20260928,301265,华新科技,21.82,21.68,22.0,20.61,9413800.0
20260928,301266,宇邦新材,25.4,24.4,25.5,24.3,2807700.0
20260928,301267,华厦眼科,14.93,14.93,15.03,14.83,2139100.0
20260928,301268,铭利达,12.04,11.63,12.06,11.48,3163200.0
20260928,301269,华大九天,87.33,86.45,87.89,84.53,4133200.0
20260928,301270,汉仪股份,32.62,31.42,32.65,31.13,1618800.0
20260928,301272,英华特,36.0,35.12,36.0,34.75,767800.0
20260928,301273,瑞晨环保,37.21,36.18,37.34,34.47,2110500.0
20260928,301275,汉朔科技,40.0,38.96,40.19,38.9,3507400.0
20260928,301276,嘉曼服饰,17.67,17.3,17.67,17.19,1964700.0
20260928,301277,新天地,10.24,10.35,10.5,10.19,3015200.0
20260928,301278,快可电子,29.44,28.81,29.7,28.69,1061400.0
20260928,301279,金道科技,24.24,23.53,24.36,23.33,2161200.0
20260928,301280,珠城科技,43.37,41.47,43.68,40.86,2719100.0
20260928,301281,科源制药,49.31,46.9,49.59,46.08,2417300.0
20260928,301282,金禄电子,43.16,40.03,43.49,40.01,14755000.0
20260928,301283,聚胶股份,25.68,25.24,25.76,25.07,623500.0
20260928,301285,鸿日达,96.54,91.0,100.0,90.0,2171400.0
20260928,301286,侨源股份,47.63,43.8,47.63,43.51,1309200.0
20260928,301287,康力源,41.0,41.39,41.88,40.69,761100.0
20260928,301288,清研环境,17.53,16.81,17.62,16.52,1412900.0
20260928,301289,国缆检测,44.85,45.08,45.37,44.52,1007900.0
20260928,301290,东星医疗,29.57,28.26,29.87,28.2,1939400.0
20260928,301291,明阳电气,34.92,33.99,35.36,33.66,6003500.0
20260928,301292,海科新源,57.15,55.02,57.15,54.66,3738800.0
20260928,301293,三博脑科,49.77,48.29,50.36,48.12,3361600.0
20260928,301295,美硕科技,37.19,36.35,37.3,35.72,1061100.0
20260928,301296,新巨丰,6.4,6.32,6.41,6.28,2094300.0
20260928,301297,富乐德,51.85,46.91,51.85,46.66,28279400.0
20260928,301298,东利机械,12.84,12.79,12.94,12.6,1358400.0
20260928,301299,卓创资讯,46.0,45.39,47.03,45.0,1135100.0
20260928,301300,远翔新材,32.74,32.12,32.83,31.96,1204700.0
20260928,301301,川宁生物,8.03,8.01,8.1,7.94,8210400.0
20260928,301302,华如科技,21.6,20.93,21.86,20.66,3801400.0
20260928,301303,真兰仪表,14.2,13.88,14.46,13.75,4535100.0
20260928,301305,朗坤科技,26.3,24.68,26.3,24.4,6350400.0
20260928,301306,西测测试,98.02,90.39,98.27,89.5,3545500.0
20260928,301307,美利信,58.12,57.04,59.41,56.34,7242700.0
20260928,301308,江波龙,330.12,312.0,330.86,311.51,9040800.0
20260928,301309,万得凯,30.4,29.85,30.74,29.42,796500.0
20260928,301310,鑫宏业,55.06,57.41,58.37,52.3,8292700.0
20260928,301311,昆船智能,17.93,18.3,19.51,17.27,39814500.0
20260928,301312,智立方,87.89,80.91,88.5,80.12,5571800.0
20260928,301313,凡拓数创,30.74,29.36,30.91,29.08,2894800.0
20260928,301314,科瑞思,48.99,45.87,48.99,45.37,1036400.0
20260928,301315,威士顿,44.25,43.86,44.6,43.16,1776200.0
20260928,301316,慧博云通,40.5,38.5,40.8,36.36,20063200.0
20260928,301317,鑫磊股份,48.45,44.36,48.49,43.91,2512300.0
20260928,301318,维海德,21.48,21.15,21.48,21.0,849100.0
20260928,301319,唯特偶,95.3,86.66,95.33,85.82,6905900.0
20260928,301320,豪江智能,14.16,14.07,14.25,13.92,2052700.0
20260928,301321,翰博高新,51.18,47.08,51.28,46.77,7382200.0
20260928,301322,绿通科技,48.41,43.55,48.5,43.32,5405300.0
20260928,301323,新莱福,77.42,73.98,77.42,73.19,1556700.0
20260928,301325,曼恩斯特,31.3,30.16,31.96,29.73,2196600.0
20260928,301326,捷邦科技,105.22,94.41,105.23,92.21,1935800.0
20260928,301327,华宝新能,41.6,40.9,41.75,40.51,663000.0
20260928,301328,维峰电子,50.99,46.5,51.88,46.09,2927200.0
20260928,301329,信音电子,20.66,19.93,20.66,19.47,3425900.0
20260928,301330,熵基科技,25.91,25.58,26.4,25.46,2824500.0
20260928,301331,恩威医药,21.75,21.35,21.75,21.15,1115100.0
20260928,301332,德尔玛,7.62,7.61,7.88,7.58,4539700.0
20260928,301333,诺思格,65.0,66.19,67.2,64.31,2262200.0
20260928,301335,天元宠物,25.68,25.82,26.14,25.25,2825300.0
20260928,301336,趣睡科技,43.55,41.69,43.55,41.42,1222900.0
20260928,301337,亚华电子,27.75,27.23,27.89,27.05,1744600.0
20260928,301338,凯格精机,98.95,89.22,99.55,88.15,6368900.0
20260928,301339,通行宝,13.34,12.61,13.58,12.5,18750500.0
20260928,301345,涛涛车业,235.23,229.61,240.0,226.0,652800.0
20260928,301348,蓝箭电子,22.45,21.95,22.75,21.84,6216100.0
20260928,301349,信德新材,46.7,43.33,47.44,43.01,3412800.0
20260928,301353,普莱得,20.26,20.29,20.65,19.92,1913700.0
20260928,301355,南王科技,11.98,12.05,12.26,11.92,4195100.0
20260928,301356,天振股份,21.73,19.87,21.74,19.74,4028500.0
20260928,301357,北方长龙,93.03,89.26,93.06,89.0,2308500.0
20260928,301358,湖南裕能,50.85,49.5,51.05,49.44,10773400.0
20260928,301359,东南电子,19.38,19.43,19.96,19.31,1919700.0
20260928,301360,荣旗科技,66.06,62.56,66.36,61.44,2281100.0
20260928,301361,众智科技,27.07,26.78,27.31,26.5,783300.0
20260928,301362,民爆光电,113.65,106.02,114.95,104.8,2600600.0
20260928,301363,美好医疗,16.5,16.15,16.79,16.07,7455600.0
20260928,301365,矩阵股份,36.11,34.53,36.11,34.43,2934300.0
20260928,301366,一博科技,73.76,68.75,75.7,68.55,17373700.0
20260928,301367,瑞迈特,46.29,46.34,46.72,45.81,1634300.0
20260928,301368,丰立智能,39.15,38.6,39.41,38.2,1584200.0
20260928,301369,联动科技,146.45,139.51,150.8,139.08,5498300.0
20260928,301370,国科恒泰,8.64,8.55,8.66,8.49,1697100.0
20260928,301371,敷尔佳,20.9,20.61,21.05,20.53,1560000.0
20260928,301372,科净源,34.75,34.04,34.87,33.46,1690200.0
20260928,301373,凌玮科技,135.5,122.52,135.99,121.3,8165800.0
20260928,301376,致欧科技,23.27,22.65,23.39,22.31,4036800.0
20260928,301377,鼎泰高科,377.14,350.31,382.99,343.67,3295400.0
20260928,301378,通达海,25.28,24.93,25.33,24.5,1667000.0
20260928,301379,天山电子,21.12,19.99,21.21,19.78,8850900.0
20260928,301380,挖金客,34.5,33.85,34.56,33.35,2434000.0
20260928,301381,赛维时代,24.39,23.83,24.65,23.62,4968500.0
20260928,301382,蜂助手,39.25,37.69,39.35,36.2,13070300.0
20260928,301383,天键股份,23.83,23.13,23.94,22.8,1166500.0
20260928,301386,未来电器,21.55,21.09,21.55,20.86,1493300.0
20260928,301387,光大同创,55.44,50.69,55.44,50.12,2279500.0
20260928,301388,欣灵电气,25.3,25.38,25.71,24.91,1255800.0
20260928,301389,隆扬电子,57.95,53.67,58.66,52.95,9260600.0
20260928,301390,经纬股份,43.09,40.19,43.21,39.86,5275700.0
20260928,301391,卡莱特,46.12,44.07,46.12,43.79,1284200.0
20260928,301392,汇成真空,169.51,157.65,173.51,154.8,4207200.0
20260928,301393,昊帆生物,66.68,66.05,68.68,64.71,3556800.0
20260928,301395,仁信新材,12.09,11.83,12.09,11.53,4237200.0
20260928,301396,宏景科技,174.42,165.07,175.2,163.17,9183800.0
20260928,301397,溯联股份,23.22,22.29,23.26,21.9,1852800.0
20260928,301398,星源卓镁,39.13,38.0,39.5,37.81,2592600.0
20260928,301399,英特科技,21.46,20.42,21.77,20.13,3700500.0
20260928,301408,华人健康,14.85,14.57,14.93,14.5,8589000.0
20260928,301413,安培龙,55.5,52.76,56.2,52.27,3125900.0
20260928,301418,协昌科技,35.22,34.5,35.55,33.8,1105100.0
20260928,301419,阿莱德,45.4,41.53,45.4,40.99,5884800.0
20260928,301421,波长光电,78.15,73.14,78.8,72.02,3194400.0
20260928,301428,世纪恒通,27.32,26.49,27.32,26.23,1799900.0
20260928,301429,森泰股份,17.42,17.37,17.5,17.04,1965200.0
20260928,301439,泓淋电力,14.08,13.85,14.12,13.75,3177600.0
20260928,301446,福事特,39.45,39.16,39.54,37.9,858100.0
20260928,301448,开创电气,52.57,53.29,53.75,51.14,2474200.0
20260928,301449,天溯计量,40.3,39.76,40.69,38.91,1126800.0
20260928,301456,盘古智能,25.35,25.7,26.0,24.63,4692700.0
20260928,301458,钧崴电子,38.71,35.76,38.78,35.33,6630200.0
20260928,301459,丰茂股份,31.86,31.51,32.03,31.17,719200.0
20260928,301468,博盈特焊,32.12,30.79,32.32,30.15,3307800.0
20260928,301469,恒达新材,29.2,28.62,29.2,28.44,824900.0
20260928,301479,弘景光电,51.7,48.8,51.78,48.29,2193700.0
20260928,301486,致尚科技,204.0,182.0,204.82,180.5,6785600.0
20260928,301487,盟固利,15.5,15.02,15.65,14.85,8951100.0
20260928,301488,豪恩汽电,93.83,90.79,93.88,89.68,996200.0
20260928,301489,思泉新材,124.99,112.6,125.19,110.71,4871700.0
20260928,301491,汉桑科技,36.8,36.1,37.29,35.8,576100.0
20260928,301498,乖宝宠物,39.84,38.98,40.35,38.85,3915000.0
20260928,301499,维科精密,26.44,25.72,26.45,25.2,2570200.0
20260928,301500,飞南资源,24.85,23.87,25.11,23.8,10837300.0
20260928,301501,恒鑫生活,27.66,26.92,27.89,26.77,987900.0
20260928,301502,华阳智能,52.07,49.91,52.44,48.83,744400.0
20260928,301503,智迪科技,22.52,22.1,22.52,21.87,902300.0
20260928,301505,苏州规划,18.64,18.1,18.7,18.02,2129700.0
20260928,301507,民生健康,13.12,13.1,13.28,13.0,3616600.0
20260928,301508,中机认检,24.04,23.96,24.3,23.78,751300.0
20260928,301509,金凯生科,31.43,30.8,31.74,30.61,2379600.0
20260928,301510,固高科技,27.5,26.73,27.67,26.44,6114500.0
20260928,301511,德福科技,102.05,93.8,103.17,93.01,28376000.0
20260928,301512,智信精密,32.32,30.88,32.32,30.4,1046000.0
20260928,301513,尚水智能,45.22,42.85,45.22,42.42,856800.0
20260928,301515,港通医疗,20.48,20.19,20.68,20.02,1403000.0
20260928,301516,中远通,19.35,18.53,19.4,18.35,5857200.0
20260928,301517,陕西华达,37.51,35.8,37.78,35.56,3705300.0
20260928,301518,长华化学,24.43,24.0,24.67,23.77,1797100.0
20260928,301519,舜禹股份,12.1,12.06,12.2,11.83,1936900.0
20260928,301520,万邦医药,76.08,72.02,77.5,71.01,9746900.0
20260928,301522,上大股份,22.81,22.02,23.01,21.75,3969400.0
20260928,301525,儒竞科技,39.73,39.13,40.54,38.72,1263200.0
20260928,301526,国际复材,29.07,27.66,29.16,27.28,81908400.0
20260928,301528,多浦乐,74.09,71.85,74.47,71.02,1231300.0
20260928,301529,福赛科技,136.09,132.37,138.81,128.11,4030800.0
20260928,301531,春光集团,52.37,48.8,52.88,47.72,3427300.0
20260928,301533,威马农机,28.81,28.28,28.96,28.03,862500.0
20260928,301535,浙江华远,13.78,13.45,13.82,13.32,1930400.0
20260928,301536,星宸科技,129.77,124.01,130.5,120.8,13043600.0
20260928,301538,骏鼎达,40.73,39.34,41.18,39.01,1312600.0
20260928,301539,宏鑫科技,15.19,15.22,15.3,14.96,1220700.0
20260928,301548,崇德科技,55.69,52.21,55.69,51.5,1441400.0
20260928,301550,斯菱智驱,94.26,91.37,95.7,90.57,9213100.0
20260928,301551,无线传媒,22.49,21.78,22.66,21.76,6152400.0
20260928,301552,科力装备,24.35,24.45,24.6,24.11,763800.0
20260928,301555,惠柏新材,36.93,35.65,36.96,35.43,1922800.0
20260928,301556,托普云农,60.98,60.02,61.36,59.5,1028100.0
20260928,301557,常友科技,87.29,82.2,87.59,78.86,1508200.0
20260928,301558,三态股份,6.98,6.75,7.26,6.71,23098100.0
20260928,301559,中集环科,12.72,12.62,12.72,12.53,923500.0
20260928,301560,众捷股份,29.95,28.23,30.0,27.02,10477600.0
20260928,301563,云汉芯城,111.53,104.6,112.8,104.29,1389600.0
20260928,301565,中仑新材,19.95,19.32,20.1,19.14,3818400.0
20260928,301566,达利凯普,26.68,24.33,26.76,24.24,22676500.0
20260928,301567,贝隆精密,38.04,36.88,38.87,36.43,1013700.0
20260928,301568,思泰克,76.31,69.37,76.78,69.08,4528300.0
20260928,301571,国科天成,72.39,67.27,72.4,66.66,5263500.0
20260928,301575,艾芬达,24.7,24.64,25.28,24.2,3593900.0
20260928,301577,美信科技,59.0,55.32,59.19,54.23,1261700.0
20260928,301578,辰奕智能,23.45,23.02,23.78,22.87,1009800.0
20260928,301580,爱迪特,58.13,52.26,58.18,52.12,6828300.0
20260928,301581,黄山谷捷,36.4,36.15,36.84,35.25,720000.0
20260928,301583,托伦斯,139.18,137.13,149.38,133.01,11400700.0
20260928,301584,建发致新,19.48,18.28,19.48,18.27,3669100.0
20260928,301585,蓝宇股份,28.48,27.89,28.49,27.56,578400.0
20260928,301586,佳力奇,29.46,29.06,29.46,28.77,869900.0
20260928,301587,中瑞股份,22.04,22.48,22.96,22.01,5486400.0
20260928,301588,美新科技,26.62,25.8,26.72,25.01,3306900.0
20260928,301589,诺瓦星云,159.1,156.03,159.49,155.97,711100.0
20260928,301590,优优绿能,67.99,64.46,67.99,63.88,776100.0
20260928,301591,肯特股份,43.0,41.11,43.51,40.5,6640900.0
20260928,301592,六九一二,115.59,111.4,115.96,111.21,1088900.0
20260928,301595,太力科技,49.51,46.83,49.7,46.26,2408000.0
20260928,301596,瑞迪智驱,46.16,45.71,46.35,44.94,1398700.0
20260928,301598,博科测试,52.5,51.28,52.5,50.75,485300.0
20260928,301599,理奇智能,32.6,31.04,32.6,30.78,2574000.0
20260928,301600,慧翰股份,78.51,76.26,78.86,75.98,693200.0
20260928,301601,惠通科技,17.2,16.3,17.58,16.09,11850400.0
20260928,301602,超研股份,16.12,16.1,16.64,15.98,2549000.0
20260928,301603,乔锋智能,124.05,114.8,124.36,112.61,1694700.0
20260928,301606,绿联科技,52.54,50.05,52.9,49.95,3993800.0
20260928,301607,富特科技,44.25,42.35,44.97,41.52,8313700.0
20260928,301608,博实结,50.0,50.2,51.3,48.91,2401600.0
20260928,301609,山大电力,30.66,30.16,30.78,30.07,910800.0
20260928,301611,珂玛科技,94.01,89.0,94.98,88.0,5421800.0
20260928,301613,新铝时代,35.07,34.14,35.08,34.04,636800.0
20260928,301616,浙江华业,37.04,35.76,37.27,35.66,1314600.0
20260928,301617,博苑新材,53.02,51.31,53.22,50.19,2150800.0
20260928,301618,长联科技,30.7,30.03,31.32,29.92,668500.0
20260928,301622,英思特,37.33,36.2,37.5,35.96,1006100.0
20260928,301626,苏州天脉,326.0,301.4,326.0,298.01,2926000.0
20260928,301628,强达电路,112.69,105.26,113.45,104.62,4330000.0
20260928,301629,矽电股份,272.71,264.56,277.94,256.4,930700.0
20260928,301630,同宇新材,214.39,196.06,214.39,195.02,1868000.0
20260928,301631,壹连科技,62.0,59.81,62.12,58.88,1901900.0
20260928,301632,广东建科,13.03,12.89,13.12,12.82,2783800.0
20260928,301633,港迪技术,64.19,59.8,64.73,59.71,1661000.0
20260928,301636,泽润新能,41.27,39.53,41.63,39.51,1248300.0
20260928,301638,南网数字,21.06,20.52,21.2,20.49,5543000.0
20260928,301655,绿控传动,23.57,23.85,24.52,22.5,11165800.0
20260928,301656,联合动力,14.28,13.8,14.52,13.76,5990400.0
20260928,301658,首航新能,22.16,21.49,22.2,21.21,2342200.0
20260928,301662,宏工科技,65.0,62.8,65.41,61.37,2243200.0
20260928,301665,泰禾股份,22.06,21.64,22.17,21.6,946700.0
20260928,301666,大普微-UW,380.12,360.5,386.0,359.11,1993900.0
20260928,301667,纳百川,57.0,54.3,57.02,53.45,1452900.0
20260928,301668,昊创瑞通,31.48,29.81,31.5,29.7,1881800.0
20260928,301669,高特电子,26.1,25.1,26.18,24.7,5295200.0
20260928,301677,欣兴工具,52.77,54.22,54.43,50.1,5338300.0
20260928,301678,新恒汇,55.0,51.8,55.0,50.88,9461900.0
20260928,301680,固德电材,102.6,96.86,103.3,96.02,1061300.0
20260928,301682,宏明电子,110.51,103.53,111.0,102.56,4469600.0
20260928,301683,慧谷新材,102.99,99.5,103.91,99.5,919300.0
20260928,301686,C中塑股份,245.0,231.67,266.0,228.88,4086500.0
20260928,301687,新广益,53.09,50.17,53.09,49.84,2552800.0
20260928,301688,格林生物,39.8,40.0,40.8,37.74,6849200.0
20260928,301689,电科思仪,81.34,85.1,89.99,73.33,32720500.0
20260928,301696,三瑞智能,93.06,89.25,93.1,88.89,1240300.0
20260928,301697,贝特利,29.18,28.59,29.4,27.16,14861500.0
20260928,301699,洛轴股份,37.0,40.68,42.36,34.03,45852900.0
20260928,301707,展芯股份,76.4,72.78,76.48,70.61,5275200.0
20260928,301717,超纯应材,370.63,355.25,370.63,342.03,2207500.0
20260928,302132,中航成飞,58.16,58.73,59.08,57.8,5381000.0
20260928,600000,浦发银行,9.03,9.16,9.18,9.0,118485300.0
20260928,600004,白云机场,7.61,7.62,7.65,7.55,8723200.0
20260928,600006,东风股份,5.45,5.83,5.95,5.44,84422400.0
20260928,600007,中国国贸,19.81,19.93,20.05,19.7,2064500.0
20260928,600008,首创环保,2.7,2.68,2.71,2.66,61759900.0
20260928,600009,上海机场,22.48,22.36,22.5,22.25,5150200.0
20260928,600010,包钢股份,2.08,2.06,2.09,2.05,232217300.0
20260928,600011,华能国际,6.75,6.94,6.96,6.73,127771200.0
20260928,600012,皖通高速,15.49,15.5,15.74,15.39,3536400.0
20260928,600015,华夏银行,6.23,6.18,6.25,6.16,77944500.0
20260928,600016,民生银行,3.46,3.44,3.49,3.42,182244400.0
20260928,600017,日照港,2.8,2.79,2.8,2.76,22918300.0
20260928,600018,上港集团,5.38,5.38,5.42,5.36,44848200.0
20260928,600019,宝钢股份,5.82,5.8,5.88,5.79,78134500.0
20260928,600020,中原高速,3.84,3.8,3.86,3.77,13823500.0
20260928,600021,上海电力,13.06,12.77,13.06,12.71,19703300.0
20260928,600022,山东钢铁,1.28,1.27,1.29,1.26,91456300.0
20260928,600023,浙能电力,5.13,5.19,5.23,5.11,49010500.0
20260928,600025,华能水电,9.77,9.87,9.9,9.73,36039700.0
20260928,600026,中远海能,21.56,21.23,21.85,21.09,53702200.0
20260928,600027,华电国际,4.82,4.89,4.9,4.82,73003800.0
20260928,600028,中国石化,5.32,5.41,5.42,5.28,226131700.0
20260928,600029,南方航空,4.86,4.82,4.86,4.79,44469100.0
20260928,600030,中信证券,26.26,25.94,26.32,25.79,83608600.0
20260928,600031,三一重工,17.1,17.19,17.33,17.0,55650600.0
20260928,600032,浙江新能,6.81,7.43,7.43,6.8,60857700.0
20260928,600033,福建高速,3.6,3.59,3.62,3.41,67496400.0
20260928,600035,楚天高速,3.65,3.65,3.66,3.6,12951700.0
20260928,600036,招商银行,40.67,40.64,41.08,40.38,54391800.0
20260928,600037,歌华有线,7.07,6.94,7.13,6.93,12910800.0
20260928,600038,中直股份,27.01,26.79,27.43,26.62,4231400.0
20260928,600039,四川路桥,8.58,8.62,8.67,8.53,14596000.0
20260928,600048,保利发展,5.55,5.61,5.64,5.51,146873800.0
20260928,600050,中国联通,4.14,4.13,4.15,4.09,106787500.0
20260928,600051,宁波联合,6.26,6.25,6.3,6.19,4305500.0
20260928,600052,东望时代,3.64,3.71,3.72,3.63,13461600.0
20260928,600054,黄山旅游,10.64,10.51,10.66,10.41,4513500.0
20260928,600055,万东医疗,10.52,10.45,10.66,10.35,3759200.0
20260928,600056,中国医药,8.88,8.84,8.94,8.78,7277900.0
20260928,600057,厦门象屿,6.0,6.03,6.07,5.91,16247700.0
20260928,600058,五矿发展,8.81,8.66,9.01,8.5,11532000.0
20260928,600059,古越龙山,11.2,11.73,12.1,11.2,122897700.0
20260928,600060,海信视像,27.25,27.26,27.38,26.89,7382800.0
20260928,600061,国投资本,6.2,6.09,6.22,6.07,31775300.0
20260928,600062,华润双鹤,16.14,15.98,16.18,15.91,4513500.0
20260928,600063,皖维高新,5.51,5.35,5.52,5.31,33522100.0
20260928,600064,南京高科,7.65,7.63,7.66,7.56,13520200.0
20260928,600066,宇通客车,25.97,26.22,26.4,25.75,21888800.0
20260928,600067,冠城新材,2.63,2.58,2.67,2.57,31847600.0
20260928,600071,凤凰光学,16.72,16.16,16.76,16.05,2486300.0
20260928,600072,中船科技,8.76,8.74,8.81,8.65,11603200.0
20260928,600073,光明肉业,5.42,5.46,5.49,5.37,7706600.0
20260928,600075,新疆天业,4.52,4.53,4.59,4.47,12333100.0
20260928,600076,康欣新材,2.1,2.1,2.12,2.07,33700100.0
20260928,600078,澄星股份,9.97,9.66,9.97,9.56,10131200.0
20260928,600081,东风科技,10.61,10.65,10.9,10.6,6356500.0
20260928,600085,同仁堂,23.34,23.33,23.54,23.18,3337600.0
20260928,600088,中视传媒,12.88,12.61,13.05,12.45,12937800.0
20260928,600089,特变电工,17.54,17.26,17.56,17.21,47178500.0
20260928,600094,大名城,4.04,3.97,4.15,3.93,34253300.0
20260928,600095,湘财股份,8.55,8.52,8.71,8.48,40147200.0
20260928,600096,云天化,27.58,27.16,27.6,27.12,13933700.0
20260928,600097,开创国际,9.27,9.23,9.3,9.13,2573400.0
20260928,600098,广州发展,6.25,6.25,6.3,6.22,16313600.0
20260928,600099,林海股份,9.28,9.36,9.54,9.28,3350200.0
20260928,600100,同方股份,6.68,6.48,6.69,6.39,31009500.0
20260928,600101,明星电力,7.83,7.77,7.85,7.75,7257500.0
20260928,600103,青山纸业,3.57,3.42,3.58,3.38,125399200.0
20260928,600104,上汽集团,10.7,10.77,10.9,10.69,37373000.0
20260928,600105,永鼎股份,42.02,38.28,42.2,38.28,95558300.0
20260928,600106,重庆路桥,4.43,4.31,4.46,4.26,11657700.0
20260928,600108,亚盛集团,4.19,3.91,4.26,3.9,143102300.0
20260928,600109,国金证券,8.1,8.0,8.12,7.95,19771300.0
20260928,600110,诺德股份,11.84,10.88,11.88,10.71,121887900.0
20260928,600111,北方稀土,36.91,35.57,36.95,35.42,40586400.0
20260928,600113,浙江东日,29.1,28.2,29.18,27.86,3178300.0
20260928,600114,东睦股份,26.74,25.19,26.83,24.81,14250000.0
20260928,600115,中国东航,3.36,3.31,3.36,3.28,152926800.0
20260928,600116,三峡水利,6.05,6.11,6.11,6.03,9934700.0
20260928,600117,西宁特钢,2.16,2.13,2.18,2.11,11841700.0
20260928,600118,中国卫星,57.4,56.11,57.54,55.75,19878900.0
20260928,600120,浙江东方,4.64,4.58,4.66,4.54,21688900.0
20260928,600121,郑州煤电,4.82,5.1,5.22,4.58,204016700.0
20260928,600123,兰花科创,6.93,6.97,6.97,6.84,17765300.0
20260928,600125,铁龙物流,5.24,5.2,5.25,5.17,7529300.0
20260928,600126,杭钢股份,6.06,5.92,6.09,5.9,25588600.0
20260928,600127,金健米业,16.15,14.84,16.2,14.84,36361100.0
20260928,600128,苏豪弘业,8.63,8.61,8.68,8.5,3063700.0
20260928,600129,太极集团,13.36,13.34,13.5,13.17,6276300.0
20260928,600130,波导股份,4.68,4.53,4.7,4.48,17267600.0
20260928,600131,国网信通,14.11,14.05,14.11,13.91,4553000.0
20260928,600132,重庆啤酒,37.51,37.6,38.02,37.39,2019000.0
20260928,600133,东湖高新,7.87,7.72,7.93,7.65,10272600.0
20260928,600135,乐凯胶片,7.62,7.41,7.64,7.33,7955900.0
20260928,600137,浪莎股份,18.09,17.88,18.17,17.65,1305600.0
20260928,600138,中青旅,6.97,6.93,7.01,6.9,5590300.0
20260928,600141,兴发集团,27.91,27.07,27.99,26.92,16817600.0
20260928,600143,金发科技,13.05,12.88,13.15,12.85,17610500.0
20260928,600148,长春一东,15.86,15.74,15.89,15.64,1290700.0
20260928,600149,廊坊发展,5.07,5.04,5.1,5.0,6841800.0
20260928,600150,中国船舶,38.37,38.08,38.94,37.84,98241800.0
20260928,600151,航天机电,9.32,9.18,9.4,9.06,16052500.0
20260928,600152,维科技术,7.63,7.56,7.65,7.36,12611800.0
20260928,600153,建发股份,8.43,8.46,8.5,8.34,14887300.0
20260928,600155,华创云信,5.94,5.81,5.96,5.78,19821500.0
20260928,600156,华升股份,8.68,8.26,8.76,8.25,38391200.0
20260928,600157,永泰能源,1.47,1.43,1.48,1.42,413023700.0
20260928,600158,中体产业,7.0,6.93,7.04,6.88,15604200.0
20260928,600159,大龙地产,2.72,2.72,2.75,2.69,15415700.0
20260928,600160,巨化股份,33.96,33.54,34.33,33.38,26382500.0
20260928,600161,天坛生物,12.08,12.22,12.28,12.06,8389200.0
20260928,600162,香江控股,4.38,4.39,4.41,4.18,94873500.0
20260928,600163,中闽能源,5.4,5.38,5.48,5.3,46944200.0
20260928,600165,宁科生物,3.21,3.37,3.42,3.17,30343100.0
20260928,600166,福田汽车,2.75,2.75,2.77,2.73,64892200.0
20260928,600167,联美控股,5.51,5.48,5.52,5.44,5799500.0
20260928,600168,武汉控股,4.36,4.34,4.38,4.32,3896100.0
20260928,600170,上海建工,2.19,2.17,2.2,2.16,101638600.0
20260928,600171,上海贝岭,22.8,22.18,22.88,22.02,8538200.0
20260928,600172,黄河旋风,16.91,16.5,17.43,15.99,227783800.0
20260928,600173,卧龙新能,5.84,5.73,5.84,5.69,4464100.0
20260928,600176,中国巨石,42.66,39.27,42.85,39.0,215637200.0
20260928,600177,雅戈尔,8.25,8.29,8.3,8.19,24919200.0
20260928,600178,东安动力,9.7,10.08,10.66,9.67,21157900.0
20260928,600179,安通控股,4.43,4.39,4.46,4.37,21148300.0
20260928,600182,S佳通,12.6,12.28,12.6,12.28,1495900.0
20260928,600183,生益科技,136.0,131.95,138.5,130.0,45706900.0
20260928,600184,光电股份,19.43,18.06,19.44,17.94,21430200.0
20260928,600185,珠免集团,4.68,4.66,4.72,4.6,18713500.0
20260928,600186,莲花控股,12.82,12.02,13.32,12.01,211831100.0
20260928,600188,兖矿能源,19.58,19.66,19.9,19.4,23267300.0
20260928,600189,泉阳泉,8.88,8.19,8.93,8.19,45164800.0
20260928,600191,华资实业,9.18,8.86,9.18,8.74,6586000.0
20260928,600192,长城电工,7.17,7.16,7.27,7.01,10352600.0
20260928,600195,中牧股份,6.65,6.67,6.69,6.51,7226300.0
20260928,600196,复星医药,22.9,23.24,23.32,22.79,24656300.0
20260928,600197,伊力特,9.26,9.17,9.32,9.14,2666200.0
20260928,600198,大唐电信,7.37,7.25,7.39,7.13,12714100.0
20260928,600199,金种子酒,6.94,6.83,7.35,6.8,22559000.0
20260928,600201,生物股份,11.44,11.41,11.55,11.11,11657100.0
20260928,600202,哈空调,5.2,5.15,5.2,5.07,4813400.0
20260928,600203,福日电子,9.93,9.68,9.94,9.6,12322700.0
20260928,600206,有研新材,50.61,51.63,52.64,50.6,109319200.0
20260928,600207,安彩高科,5.08,5.46,5.68,5.08,83266200.0
20260928,600208,衢州发展,2.83,2.81,2.84,2.77,70562500.0
20260928,600210,紫江企业,6.2,6.2,6.22,6.13,13554700.0
20260928,600211,西藏药业,36.5,35.96,36.83,35.83,2160800.0
20260928,600212,绿能慧充,6.08,5.69,6.1,5.63,16010600.0
20260928,600215,派斯林,6.13,6.13,6.19,6.02,5919200.0
20260928,600216,浙江医药,12.46,12.31,12.59,12.22,10249800.0
20260928,600217,中再资环,3.23,3.22,3.25,3.2,8832900.0
20260928,600218,全柴动力,7.85,7.92,7.92,7.74,13899000.0
20260928,600219,南山铝业,4.6,4.49,4.6,4.45,121822000.0
20260928,600221,海航控股,1.22,1.21,1.22,1.19,262083800.0
20260928,600222,太龙药业,8.09,8.07,8.16,7.87,16149400.0
20260928,600223,福瑞达,5.62,5.61,5.66,5.58,7703400.0
20260928,600226,亨通股份,5.74,5.28,5.74,5.22,109364300.0
20260928,600227,赤天化,3.78,3.76,3.89,3.69,120871200.0
20260928,600228,返利科技,10.88,10.14,10.95,9.96,32982300.0
20260928,600229,城市传媒,5.77,5.72,5.86,5.62,7702800.0
20260928,600230,沧州大化,14.62,13.56,14.68,13.4,23597800.0
20260928,600231,凌钢股份,1.65,1.61,1.66,1.59,32726500.0
20260928,600232,金鹰股份,6.76,6.91,7.18,6.57,16390600.0
20260928,600233,圆通速递,17.91,18.03,18.1,17.61,20257500.0
20260928,600234,科新发展,21.19,19.77,21.39,19.7,3011400.0
20260928,600235,民丰特纸,5.86,5.94,5.98,5.81,5858700.0
20260928,600236,桂冠电力,9.25,9.36,9.53,9.18,14497900.0
20260928,600237,铜峰电子,9.38,8.78,9.39,8.66,38680700.0
20260928,600241,时代万恒,7.3,8.04,8.04,7.28,18313600.0
20260928,600246,万通发展,14.27,12.91,14.3,12.91,115059300.0
20260928,600248,陕建股份,2.82,2.79,2.83,2.76,13587100.0
20260928,600249,两面针,5.37,5.33,5.41,5.28,6748700.0
20260928,600250,南京商旅,9.02,8.88,9.1,8.86,6904500.0
20260928,600251,冠农股份,10.33,9.93,10.72,9.92,33148000.0
20260928,600252,中恒集团,2.15,2.17,2.18,2.14,46639200.0
20260928,600255,鑫科材料,3.44,3.31,3.44,3.28,59473200.0
20260928,600256,广汇能源,6.81,6.8,6.89,6.7,104335800.0
20260928,600257,大湖股份,5.5,5.47,5.53,5.37,11438400.0
20260928,600258,首旅酒店,11.1,10.99,11.15,10.93,9733100.0
20260928,600259,中稀有色,79.77,74.03,79.81,73.28,8524300.0
20260928,600261,阳光照明,3.35,3.28,3.4,3.25,25973500.0
20260928,600262,北方股份,14.66,14.58,14.85,14.49,3295600.0
20260928,600266,城建发展,4.28,4.26,4.3,4.21,29663900.0
20260928,600267,海正药业,11.67,11.54,11.75,11.45,20107300.0
20260928,600268,国电南自,10.09,9.9,10.13,9.81,11114400.0
20260928,600269,赣粤高速,3.77,3.73,3.79,3.7,13932500.0
20260928,600271,航天信息,6.61,6.55,6.62,6.49,9591600.0
20260928,600272,开开实业,15.7,15.15,16.27,14.8,23937500.0
20260928,600273,XD嘉化能,6.21,6.15,6.22,6.08,9889400.0
20260928,600276,恒瑞医药,44.86,44.47,45.22,44.35,37071100.0
20260928,600278,东方创业,6.55,6.47,6.6,6.4,4017000.0
20260928,600279,重庆港,4.25,4.27,4.29,4.23,5178900.0
20260928,600280,中央商场,3.06,3.0,3.07,2.97,26697900.0
20260928,600281,华阳新材,4.63,4.58,4.67,4.51,14930800.0
20260928,600282,南钢股份,4.4,4.43,4.44,4.33,35969400.0
20260928,600283,钱江水利,8.02,7.92,8.1,7.88,2313100.0
20260928,600284,浦东建设,5.09,5.02,5.11,5.0,8463700.0
20260928,600285,羚锐制药,18.84,18.64,18.9,18.51,5284300.0
20260928,600287,苏豪时尚,4.97,4.96,5.04,4.91,3523900.0
20260928,600288,大恒科技,10.81,10.41,10.81,10.29,10344500.0
20260928,600292,电投水电,11.26,11.04,11.28,11.02,9612700.0
20260928,600293,三峡新材,3.78,3.93,4.15,3.78,209251100.0
20260928,600295,鄂尔多斯,12.9,12.76,13.05,12.72,7173800.0
20260928,600298,安琪酵母,39.2,38.68,39.32,37.7,10759500.0
20260928,600299,安迪苏,8.08,8.06,8.36,8.03,37877300.0
20260928,600300,维维股份,3.04,3.04,3.06,2.98,26285500.0
20260928,600301,华锡有色,47.56,48.19,48.34,47.28,13868700.0
20260928,600303,曙光股份,3.02,3.02,3.06,2.95,27170000.0
20260928,600305,恒顺醋业,6.65,6.69,6.73,6.65,6168400.0
20260928,600307,酒钢宏兴,1.45,1.44,1.46,1.42,34205600.0
20260928,600308,华泰股份,3.28,3.22,3.29,3.21,7471600.0
20260928,600309,万华化学,69.46,69.4,69.99,69.0,18157400.0
20260928,600310,广西能源,4.45,4.52,4.62,4.38,47029200.0
20260928,600312,平高电气,18.91,19.65,19.75,18.69,23674000.0
20260928,600313,农发种业,6.84,6.51,6.85,6.43,39652100.0
20260928,600315,上海家化,18.23,17.95,18.31,17.87,4928100.0
20260928,600316,洪都航空,32.93,33.05,33.44,32.68,8365500.0
20260928,600318,新力金融,6.79,6.79,6.88,6.73,16574300.0
20260928,600319,亚星化学,6.22,6.17,6.29,6.12,2847600.0
20260928,600320,振华重工,4.03,3.99,4.04,3.97,30118200.0
20260928,600322,津投城开,2.68,2.66,2.69,2.62,22324300.0
20260928,600323,瀚蓝环境,28.79,29.17,29.23,28.58,4998500.0
20260928,600325,华发股份,2.72,2.68,2.74,2.61,97418600.0
20260928,600326,西藏天路,6.95,6.67,6.95,6.62,21515100.0
20260928,600327,大东方,3.75,3.8,3.83,3.75,10025500.0
20260928,600328,中盐化工,5.65,5.58,5.68,5.55,11712700.0
20260928,600329,达仁堂,35.14,35.18,35.5,34.8,1682200.0
20260928,600330,天通股份,28.28,27.81,28.66,27.23,86612200.0
20260928,600331,宏达股份,11.9,11.76,11.92,11.57,29750000.0
20260928,600332,白云山,19.38,19.45,19.55,19.33,4554900.0
20260928,600333,长春燃气,6.73,6.7,6.78,6.66,7760700.0
20260928,600335,国机汽车,5.17,5.17,5.26,5.14,14693500.0
20260928,600336,澳柯玛,6.39,6.26,6.39,6.2,5107200.0
20260928,600338,西藏珠峰,11.93,11.61,11.93,11.52,21517700.0
20260928,600339,中油工程,3.23,3.21,3.23,3.17,32232200.0
20260928,600343,航天动力,20.0,20.08,21.36,19.48,52119700.0
20260928,600345,长江通信,51.36,46.7,51.81,46.7,10029000.0
20260928,600346,恒力石化,16.23,16.42,16.65,16.03,29449700.0
20260928,600348,华阳股份,8.85,8.89,8.91,8.74,18030700.0
20260928,600350,山东高速,10.04,10.1,10.17,10.03,8481500.0
20260928,600351,亚宝药业,6.67,6.83,6.94,6.67,23390800.0
20260928,600352,浙江龙盛,12.16,12.25,12.38,11.91,35761900.0
20260928,600353,旭光电子,31.77,29.31,32.2,29.31,48060000.0
20260928,600354,敦煌种业,9.52,8.96,9.8,8.9,68774500.0
20260928,600356,恒丰纸业,10.78,11.06,11.7,10.6,47380000.0
20260928,600358,国旅联合,5.67,5.62,5.75,5.43,32211900.0
20260928,600359,新农开发,7.93,7.42,8.32,7.33,63340100.0
20260928,600360,华微电子,11.45,10.85,11.69,10.79,71972300.0
20260928,600361,创新新材,3.42,3.4,3.43,3.37,28787600.0
20260928,600362,江西铜业,41.02,40.92,41.46,40.77,31566300.0
20260928,600363,联创光电,14.45,13.55,14.45,13.3,34563600.0
20260928,600366,宁波韵升,11.11,10.69,11.16,10.62,22244900.0
20260928,600367,红星发展,36.55,35.48,38.04,34.41,25987300.0
20260928,600368,五洲交通,4.16,4.1,4.17,4.06,24505700.0
20260928,600369,西南证券,3.9,3.86,3.91,3.82,30377100.0
20260928,600371,万向德农,15.02,14.27,15.84,14.27,31783000.0
20260928,600372,中航机载,11.28,11.24,11.44,11.19,19806300.0
20260928,600373,中文传媒,7.58,7.36,7.64,7.31,13294200.0
20260928,600375,汉马科技,3.62,3.61,3.65,3.58,13704700.0
20260928,600376,首开股份,3.19,3.17,3.2,3.12,36518000.0
20260928,600377,宁沪高速,12.7,12.86,12.92,12.7,12444700.0
20260928,600378,昊华科技,45.0,41.92,45.0,41.64,36178200.0
20260928,600379,宝光股份,14.76,14.13,14.76,14.04,12613000.0
20260928,600380,健康元,9.26,9.79,9.81,9.26,47943000.0
20260928,600382,广东明珠,5.63,5.55,5.68,5.53,10438100.0
20260928,600383,金地集团,2.4,2.4,2.43,2.37,111048600.0
20260928,600386,北巴传媒,3.51,3.52,3.7,3.45,10417300.0
20260928,600388,紫金龙净,17.4,17.06,17.48,16.9,8612400.0
20260928,600389,江山股份,18.16,17.74,18.27,17.71,6397600.0
20260928,600390,五矿资本,4.77,4.78,4.8,4.74,34583100.0
20260928,600391,航发科技,41.28,41.66,43.5,40.39,16572700.0
20260928,600392,盛和资源,21.08,20.13,21.14,20.01,41430900.0
20260928,600395,盘江股份,5.02,5.02,5.05,4.93,24143700.0
20260928,600396,华电辽能,12.79,12.52,12.85,12.3,61464400.0
20260928,600397,江钨装备,17.62,16.1,17.69,16.0,66056300.0
20260928,600398,海澜之家,5.67,5.64,5.71,5.61,23719100.0
20260928,600399,抚顺特钢,4.32,4.22,4.33,4.17,22376300.0
20260928,600400,红豆股份,3.41,3.32,3.42,3.3,42124700.0
20260928,600403,大有能源,7.03,7.31,7.48,6.85,131325100.0
20260928,600405,动力源,5.06,5.07,5.11,4.97,8580300.0
20260928,600406,国电南瑞,22.27,22.64,22.69,22.15,57690100.0
20260928,600408,安泰集团,3.02,3.02,3.04,2.91,39276500.0
20260928,600409,三友化工,6.22,6.11,6.26,6.03,16671500.0
20260928,600410,华胜天成,15.39,14.54,15.4,14.51,67797500.0
20260928,600415,小商品城,10.99,10.84,11.22,10.84,47772800.0
20260928,600416,湘电股份,8.28,8.1,8.34,8.06,13692400.0
20260928,600418,江淮汽车,23.31,25.22,25.22,22.99,179486800.0
20260928,600419,天润乳业,8.79,8.74,8.84,8.66,3487800.0
20260928,600420,国药现代,8.26,8.21,8.3,8.18,4432200.0
20260928,600422,昆药集团,8.02,8.03,8.08,7.97,3384500.0
20260928,600425,青松建化,3.61,3.57,3.62,3.54,12620700.0
20260928,600426,华鲁恒升,19.7,19.4,19.9,19.32,19609600.0
20260928,600428,中远海特,11.05,10.8,11.05,10.72,23617900.0
20260928,600429,三元股份,4.62,4.76,4.89,4.6,28464000.0
20260928,600433,冠豪高新,3.26,3.19,3.28,3.16,20307700.0
20260928,600435,北方导航,11.14,10.86,11.14,10.8,16703900.0
20260928,600436,片仔癀,117.36,116.66,117.93,116.21,1369600.0
20260928,600438,通威股份,11.14,11.06,11.45,11.01,29142400.0
20260928,600444,国机通用,14.31,14.53,14.67,14.19,2443700.0
20260928,600446,金证股份,10.39,10.21,10.4,10.06,11390000.0
20260928,600448,华纺股份,3.12,3.07,3.25,2.95,127464900.0
20260928,600449,宁夏建材,12.7,12.42,12.71,12.32,6420100.0
20260928,600452,涪陵电力,8.8,8.69,8.85,8.65,21649000.0
20260928,600455,博通股份,24.6,24.35,24.8,24.0,1551300.0
20260928,600456,宝钛股份,25.01,24.37,25.07,24.27,3801200.0
20260928,600458,时代新材,11.11,10.82,11.14,10.68,14935400.0
20260928,600459,贵研铂业,18.4,17.9,18.48,17.78,11807400.0
20260928,600460,士兰微,32.68,31.4,32.69,31.27,53588000.0
20260928,600461,洪城环境,8.77,8.7,8.77,8.62,11456800.0
20260928,600463,空港股份,8.15,8.18,8.29,8.09,3251800.0
20260928,600467,好当家,2.37,2.41,2.41,2.36,29561900.0
20260928,600468,百利电气,6.02,5.83,6.05,5.8,17586300.0
20260928,600469,风神股份,4.95,4.89,4.98,4.88,4226600.0
20260928,600470,六国化工,5.61,5.43,5.62,5.34,17311100.0
20260928,600475,华光环能,14.72,14.35,14.8,14.31,5665100.0
20260928,600477,杭萧钢构,2.4,2.37,2.41,2.34,22644600.0
20260928,600478,科力远,4.4,4.33,4.41,4.28,18705700.0
20260928,600479,千金药业,12.56,12.17,12.67,12.08,39187300.0
20260928,600480,凌云股份,7.79,7.65,7.8,7.6,9556000.0
20260928,600481,双良节能,3.99,3.88,4.02,3.84,31128200.0
20260928,600482,中国动力,34.45,33.74,34.51,33.55,12131500.0
20260928,600483,福能股份,10.68,11.0,11.06,10.67,16911700.0
20260928,600486,扬农化工,51.29,51.36,51.7,50.76,2103000.0
20260928,600487,亨通光电,63.52,60.64,64.0,60.64,115301500.0
20260928,600488,津药药业,5.75,6.27,6.27,5.61,102840600.0
20260928,600489,中金黄金,21.52,20.95,21.6,20.85,69706500.0
20260928,600490,鹏欣资源,6.61,6.51,6.67,6.46,33964600.0
20260928,600493,凤竹纺织,6.43,6.44,6.55,6.37,9719800.0
20260928,600495,晋西车轴,4.04,4.05,4.07,3.98,9933400.0
20260928,600496,精工钢构,3.36,3.34,3.4,3.31,24847300.0
20260928,600497,驰宏锌锗,9.17,8.83,9.17,8.71,92472000.0
20260928,600498,烽火通信,40.75,36.97,40.75,36.97,72102000.0
20260928,600499,科达制造,11.15,11.12,11.22,10.92,37291600.0
20260928,600500,中化国际,5.54,5.02,5.54,5.0,128066800.0
20260928,600501,航天晨光,14.64,14.55,15.05,14.45,5826000.0
20260928,600502,安徽建工,4.16,4.13,4.19,4.1,22839100.0
20260928,600503,华丽家族,2.5,2.45,2.57,2.39,247964500.0
20260928,600505,西昌电力,10.12,10.37,10.43,10.1,7967200.0
20260928,600506,统一股份,17.15,16.37,17.49,16.36,28152500.0
20260928,600507,方大特钢,4.03,3.96,4.04,3.93,24714300.0
20260928,600508,上海能源,10.66,10.55,10.72,10.44,11041100.0
20260928,600509,天富能源,7.11,7.05,7.14,7.03,10449100.0
20260928,600510,黑牡丹,6.68,6.4,6.69,6.35,6777600.0
20260928,600511,国药股份,25.73,25.85,25.92,25.68,2897800.0
20260928,600512,腾达建设,2.06,2.05,2.07,2.03,18758800.0
20260928,600513,联环药业,14.77,14.85,15.1,14.55,6821700.0
20260928,600515,海南机场,2.68,2.66,2.69,2.64,63385700.0
20260928,600516,方大炭素,5.39,5.29,5.39,5.24,36149500.0
20260928,600517,国网英大,4.83,4.79,4.85,4.75,15254800.0
20260928,600518,康美药业,1.34,1.32,1.35,1.32,97409200.0
20260928,600519,贵州茅台,1236.0,1243.88,1244.01,1228.1,2821800.0
20260928,600520,三佳科技,26.82,25.38,26.92,25.12,8721500.0
20260928,600521,华海药业,15.87,15.91,16.11,15.82,14331700.0
20260928,600522,中天科技,34.5,31.32,34.55,31.32,235313200.0
20260928,600523,贵航股份,11.96,11.78,11.99,11.7,2212800.0
20260928,600525,长园集团,4.86,4.79,4.89,4.73,10292300.0
20260928,600526,菲达环保,4.54,4.53,4.57,4.49,7271900.0
20260928,600527,江南高纤,2.19,2.15,2.19,2.13,30810900.0
20260928,600528,中铁工业,6.76,6.72,6.76,6.66,6297600.0
20260928,600529,山东药玻,18.2,18.22,18.37,18.13,3147400.0
20260928,600531,豫光金铅,11.39,11.03,11.39,10.96,27510200.0
20260928,600533,栖霞建设,2.21,2.23,2.24,2.18,15979500.0
20260928,600535,天士力,13.73,13.8,13.82,13.68,10932300.0
20260928,600536,中国软件,30.74,30.96,31.28,30.03,13795700.0
20260928,600538,国发股份,4.75,4.7,4.8,4.64,7609400.0
20260928,600539,狮头股份,14.99,14.15,14.99,13.82,15978100.0
20260928,600540,新赛股份,5.97,5.64,5.97,5.62,164368300.0
20260928,600545,卓郎智能,4.3,3.98,4.47,3.95,106320600.0
20260928,600546,山煤国际,13.3,13.22,13.32,13.0,13236700.0
20260928,600547,山东黄金,27.4,26.16,27.6,26.16,140335100.0
20260928,600548,深高速,8.02,7.96,8.03,7.93,2712400.0
20260928,600549,XD厦门钨,46.42,43.5,46.44,43.28,33393500.0
20260928,600550,保变电气,10.28,10.1,10.32,10.05,12832800.0
20260928,600551,时代出版,7.81,7.6,7.87,7.53,21036100.0
20260928,600552,凯盛科技,18.68,17.93,19.4,17.67,105291500.0
20260928,600556,天下秀,4.53,4.46,4.59,4.4,27086900.0
20260928,600557,康缘药业,12.23,12.22,12.32,12.15,3468100.0
20260928,600558,大西洋,4.95,4.75,4.96,4.7,17644900.0
20260928,600559,老白干酒,10.91,10.81,11.02,10.73,7899700.0
20260928,600560,金自天正,11.42,11.57,11.66,11.3,3518700.0
20260928,600561,江西长运,5.9,5.88,5.95,5.81,4145500.0
20260928,600562,国睿科技,26.83,26.71,27.12,26.56,6039800.0
20260928,600563,法拉电子,119.0,116.04,119.99,115.3,3165900.0
20260928,600566,济川药业,24.42,24.66,24.84,24.39,4950200.0
20260928,600567,山鹰国际,1.31,1.3,1.33,1.3,40833200.0
20260928,600569,安阳钢铁,1.74,1.75,1.76,1.72,19041000.0
20260928,600570,恒生电子,19.92,19.42,19.99,19.42,14242000.0
20260928,600571,信雅达,10.23,10.09,10.24,9.97,5881900.0
20260928,600572,康恩贝,4.21,4.25,4.27,4.2,32651700.0
20260928,600573,惠泉啤酒,10.01,10.19,10.65,9.88,13665400.0
20260928,600575,淮河能源,3.13,3.12,3.15,3.1,24016900.0
20260928,600576,祥源文旅,5.37,5.29,5.39,5.26,5482000.0
20260928,600577,XD精达股,8.55,8.25,8.6,8.16,52921200.0
20260928,600578,京能电力,5.2,5.19,5.21,5.12,31810500.0
20260928,600579,中化装备,7.15,6.88,7.15,6.85,5310700.0
20260928,600580,卧龙电驱,26.65,26.26,26.9,26.07,18147400.0
20260928,600582,天地科技,4.83,4.79,4.85,4.76,16485900.0
20260928,600583,海油工程,6.47,6.5,6.54,6.31,65953300.0
20260928,600584,长电科技,68.4,65.43,68.75,65.06,60657400.0
20260928,600585,海螺水泥,16.93,16.77,17.0,16.69,15715700.0
20260928,600586,金晶科技,3.97,3.91,4.02,3.89,12043600.0
20260928,600587,新华医疗,12.95,12.8,13.15,12.74,11533800.0
20260928,600588,用友网络,9.29,9.11,9.32,9.01,33020100.0
20260928,600589,大位科技,7.69,7.35,7.69,7.3,36781800.0
20260928,600590,泰豪科技,8.38,8.09,8.38,8.01,20325700.0
20260928,600592,龙溪股份,14.89,14.68,14.95,14.34,10353700.0
20260928,600593,大连圣亚,49.19,49.56,50.88,47.0,12034200.0
20260928,600594,益佰制药,3.61,3.6,3.64,3.55,14389300.0
20260928,600595,中孚实业,5.8,5.74,5.84,5.7,44151000.0
20260928,600596,新安股份,11.21,10.44,11.22,10.41,47825800.0
20260928,600597,光明乳业,6.68,6.77,6.77,6.66,8732500.0
20260928,600598,北大荒,12.55,12.36,12.58,11.99,29669000.0
20260928,600600,青岛啤酒,49.89,49.7,50.1,49.7,2296100.0
20260928,600601,方正科技,14.06,12.87,14.22,12.82,246378200.0
20260928,600602,云赛智联,16.68,16.23,16.81,16.1,13189600.0
20260928,600603,广汇物流,4.6,4.67,4.7,4.59,7377100.0
20260928,600604,市北高新,4.82,4.77,4.86,4.73,15318000.0
20260928,600605,汇通能源,30.38,29.77,32.08,29.66,9617200.0
20260928,600606,绿地控股,1.41,1.41,1.45,1.38,226539700.0
20260928,600609,金杯汽车,3.52,3.58,3.62,3.45,52102500.0
20260928,600610,中毅达,7.45,7.35,7.52,7.28,16743200.0
20260928,600611,大众交通,4.37,4.27,4.4,4.25,35944300.0
20260928,600612,老凤祥,31.38,31.22,31.45,31.0,958100.0
20260928,600613,神奇制药,8.31,8.29,8.82,8.04,71123900.0
20260928,600615,鑫源智造,9.41,9.37,9.54,9.3,2047000.0
20260928,600616,金枫酒业,5.23,5.19,5.55,5.09,72528500.0
20260928,600617,国新能源,3.24,3.26,3.28,3.18,27046600.0
20260928,600618,氯碱化工,9.71,9.58,9.75,9.56,3406900.0
20260928,600619,海立股份,13.02,13.18,13.59,12.98,21879800.0
20260928,600620,天宸股份,4.39,4.3,4.41,4.28,5868200.0
20260928,600621,华鑫股份,13.67,13.58,13.89,13.56,18644800.0
20260928,600622,光大嘉宝,2.43,2.4,2.44,2.38,22924600.0
20260928,600623,华谊集团,8.62,8.6,8.68,8.51,13746300.0
20260928,600626,申达股份,3.79,3.76,3.81,3.71,13960100.0
20260928,600628,新世界,6.28,6.26,6.34,6.21,6687200.0
20260928,600629,华建集团,16.13,15.95,16.35,15.52,17785900.0
20260928,600630,龙头股份,8.45,7.94,8.66,7.76,83552800.0
20260928,600633,浙数文化,10.15,9.95,10.19,9.91,10998400.0
20260928,600635,大众公用,4.44,4.39,4.46,4.34,22336000.0
20260928,600637,东方明珠,8.86,8.66,8.9,8.61,41576000.0
20260928,600638,新黄浦,5.02,5.05,5.12,4.95,10816500.0
20260928,600639,浦东金桥,9.65,9.6,9.65,9.52,4690700.0
20260928,600640,国脉文化,12.1,12.48,12.76,11.96,25416700.0
20260928,600641,先导基电,51.61,49.21,52.08,47.74,127747500.0
20260928,600642,申能股份,8.78,8.81,8.91,8.76,19307400.0
20260928,600643,爱建集团,3.98,4.0,4.02,3.94,11758800.0
20260928,600644,乐山电力,8.71,8.86,8.9,8.66,19854900.0
20260928,600645,中源协和,19.0,18.77,19.14,18.63,7013800.0
20260928,600648,外高桥,9.3,9.33,9.33,9.19,2481300.0
20260928,600649,城投控股,4.0,4.0,4.04,3.93,19627400.0
20260928,600650,锦江在线,10.13,10.19,10.31,10.08,5435700.0
20260928,600651,飞乐音响,5.22,5.07,5.29,5.02,20761300.0
20260928,600653,申华控股,1.72,1.68,1.75,1.66,74883200.0
20260928,600654,中安科,3.03,2.99,3.05,2.94,47796600.0
20260928,600655,豫园股份,4.46,4.46,4.49,4.39,11657600.0
20260928,600657,信达地产,3.08,3.07,3.11,3.01,39686800.0
20260928,600658,电子城,4.13,4.05,4.13,4.02,11080700.0
20260928,600660,福耀玻璃,52.38,52.91,53.3,52.19,10822000.0
20260928,600661,昂立教育,9.54,9.2,9.55,9.05,13814300.0
20260928,600662,外服控股,4.19,4.17,4.23,4.14,10432700.0
20260928,600663,陆家嘴,8.76,8.75,8.91,8.68,14711300.0
20260928,600664,哈药股份,7.7,7.33,8.0,7.33,457322800.0
20260928,600665,天地源,3.41,3.36,3.41,3.31,10958400.0
20260928,600666,奥瑞德,3.29,3.19,3.3,3.15,52767400.0
20260928,600667,太极实业,19.01,17.81,19.02,17.7,152587800.0
20260928,600668,尖峰集团,7.34,7.34,7.39,7.27,3788500.0
20260928,600671,天目药业,23.1,21.84,23.12,21.7,3187900.0
20260928,600673,东阳光,31.35,30.31,31.37,30.03,18196100.0
20260928,600674,川投能源,16.24,16.56,16.59,16.24,38853400.0
20260928,600675,中华企业,2.41,2.35,2.43,2.3,102008100.0
20260928,600676,久事动娱,6.96,6.68,6.98,6.57,15677000.0
20260928,600679,上海凤凰,10.76,10.55,10.77,10.46,5630400.0
20260928,600681,百川能源,3.41,3.46,3.47,3.37,19956700.0
20260928,600682,南京新百,5.89,5.73,5.92,5.67,14827000.0
20260928,600683,京投发展,9.31,8.92,9.34,8.82,15225100.0
20260928,600684,珠江股份,3.6,3.52,3.6,3.49,10420500.0
20260928,600685,中船防务,28.62,28.28,28.88,28.21,10844600.0
20260928,600686,金龙汽车,10.83,10.91,11.05,10.75,14935900.0
20260928,600688,上海石化,2.74,2.72,2.75,2.71,50654700.0
20260928,600689,上海三毛,12.1,11.88,12.14,11.85,2185500.0
20260928,600690,海尔智家,20.19,20.16,20.39,20.1,26684100.0
20260928,600691,潞化科技,2.73,2.68,2.75,2.65,31552400.0
20260928,600692,亚通股份,6.52,6.49,6.58,6.39,7403200.0
20260928,600693,东百集团,9.49,9.33,9.56,9.21,53921700.0
20260928,600694,大商股份,14.34,14.29,14.44,14.22,2222400.0
20260928,600697,欧亚集团,11.36,11.28,11.49,11.16,4317400.0
20260928,600698,湖南天雁,6.94,6.98,7.09,6.78,25444300.0
20260928,600699,均胜电子,23.23,24.02,24.5,23.1,129213700.0
20260928,600702,舍得酒业,32.53,31.89,32.92,31.8,4144200.0
20260928,600703,三安光电,12.0,11.59,12.13,11.59,127866000.0
20260928,600704,物产中大,4.77,4.74,4.78,4.7,29588500.0
20260928,600706,曲江文旅,8.21,8.06,8.28,8.01,7353600.0
20260928,600707,彩虹股份,9.89,10.38,10.44,9.85,365558300.0
20260928,600708,光明地产,3.04,3.0,3.05,2.97,16616100.0
20260928,600710,苏美达,11.26,11.18,11.35,11.1,6538700.0
20260928,600711,盛屯矿业,10.28,10.16,10.29,10.08,36759900.0
20260928,600712,南宁百货,5.52,5.37,5.6,5.33,18640500.0
20260928,600713,南京医药,4.92,4.93,4.97,4.88,9424500.0
20260928,600714,金瑞矿业,18.51,17.8,18.81,17.6,16059700.0
20260928,600715,文投控股,1.67,1.62,1.7,1.58,63488100.0
20260928,600716,凤凰股份,3.71,3.72,3.74,3.66,4153600.0
20260928,600717,天津港,4.22,4.21,4.23,4.18,14026900.0
20260928,600718,东软集团,7.91,7.84,7.94,7.75,7297300.0
20260928,600719,大连热电,7.36,7.84,8.13,7.31,42741700.0
20260928,600720,中交设计,5.11,5.06,5.12,5.04,4817900.0
20260928,600721,百花医药,12.71,12.18,12.94,11.9,100197200.0
20260928,600722,金牛化工,14.8,15.07,15.9,14.12,93332200.0
20260928,600724,宁波富达,4.9,4.86,4.98,4.83,7214500.0
20260928,600725,云维股份,3.23,3.27,3.3,3.17,14279300.0
20260928,600726,华电能源,5.03,4.96,5.04,4.9,49226600.0
20260928,600727,鲁北化工,7.6,7.46,7.64,7.39,9100800.0
20260928,600728,佳都科技,4.41,4.37,4.42,4.31,15918100.0
20260928,600729,重百集团,18.14,18.23,18.31,18.02,2040000.0
20260928,600731,湖南海利,5.89,5.79,5.9,5.77,3878300.0
20260928,600732,爱旭股份,11.03,11.01,11.21,10.87,17968300.0
20260928,600733,北汽蓝谷,4.68,4.95,5.07,4.68,226207300.0
20260928,600736,苏州高新,6.55,6.36,6.55,6.28,15175500.0
20260928,600737,中粮糖业,14.68,14.0,14.88,13.85,59735300.0
20260928,600738,丽尚国潮,4.2,4.21,4.24,4.17,13801700.0
20260928,600739,辽宁成大,10.25,10.08,10.31,10.03,10490200.0
20260928,600740,山西焦化,3.75,3.73,3.75,3.66,23963600.0
20260928,600741,华域汽车,14.71,14.98,15.01,14.68,21459500.0
20260928,600742,富维股份,7.76,7.8,7.82,7.68,4917900.0
20260928,600743,华远控股,2.43,2.3,2.47,2.3,150224900.0
20260928,600744,华银电力,6.07,6.03,6.1,5.96,49213800.0
20260928,600746,江苏索普,6.87,6.81,6.96,6.75,12433000.0
20260928,600748,上实发展,3.95,3.91,3.96,3.86,13145200.0
20260928,600749,西藏旅游,13.2,12.78,13.24,12.71,5305400.0
20260928,600750,华润江中,22.2,22.42,22.45,22.08,3906600.0
20260928,600751,海航科技,2.87,2.82,2.88,2.8,19803200.0
20260928,600754,锦江酒店,18.03,17.89,18.09,17.73,6034100.0
20260928,600755,厦门国贸,5.84,5.76,5.85,5.65,50539100.0
20260928,600756,浪潮软件,13.84,13.57,13.84,13.38,4985100.0
20260928,600757,长江传媒,7.38,7.33,7.44,7.27,7646500.0
20260928,600758,辽宁能源,3.61,3.56,3.64,3.4,63354800.0
20260928,600760,中航沈飞,42.7,43.34,43.49,42.7,9260100.0
20260928,600761,安徽合力,15.15,14.93,15.2,14.85,6598500.0
20260928,600763,通策医疗,33.37,33.26,33.76,33.11,4097300.0
20260928,600764,中国海防,18.3,18.13,18.49,18.08,4495700.0
20260928,600765,中航重机,13.12,13.07,13.27,13.01,10477900.0
20260928,600768,富邦新材,14.93,14.7,14.93,14.5,2608600.0
20260928,600769,祥龙电业,15.63,14.51,15.8,14.31,11626000.0
20260928,600770,综艺股份,6.07,5.9,6.16,5.85,67286200.0
20260928,600771,广誉远,13.69,14.04,14.29,13.59,13663200.0
20260928,600773,西藏城投,9.66,9.29,9.68,9.25,22242900.0
20260928,600774,汉商集团,7.88,7.77,7.89,7.68,4192100.0
20260928,600775,南京熊猫,9.71,9.27,10.08,9.24,17254400.0
20260928,600776,东方通信,12.9,12.27,12.93,12.17,17099300.0
20260928,600777,新潮能源,4.01,4.02,4.02,3.96,17804600.0
20260928,600778,友好集团,5.77,5.73,5.8,5.66,7639300.0
20260928,600779,水井坊,26.21,25.98,26.45,25.95,1252600.0
20260928,600780,通宝能源,6.05,6.1,6.13,6.05,7516400.0
20260928,600782,新钢股份,2.63,2.62,2.63,2.6,25024000.0
20260928,600783,鲁信创投,15.28,14.75,15.34,14.63,10208800.0
20260928,600784,鲁银投资,7.19,6.98,7.19,6.95,5663900.0
20260928,600785,新华百货,10.5,10.47,10.67,10.3,15650500.0
20260928,600787,中储股份,4.55,4.53,4.58,4.48,13654000.0
20260928,600789,鲁抗医药,7.55,7.73,7.82,7.54,28357600.0
20260928,600790,轻纺城,3.61,3.7,3.9,3.6,68830400.0
20260928,600791,京能置业,6.94,6.78,7.0,6.66,10278100.0
20260928,600792,云煤能源,5.61,5.5,5.69,5.3,161447900.0
20260928,600793,宜宾纸业,17.01,16.67,17.15,16.58,3479100.0
20260928,600794,保税科技,3.16,3.16,3.19,3.13,8988800.0
20260928,600795,国电电力,5.25,5.4,5.42,5.23,173000300.0
20260928,600796,钱江生化,5.07,5.09,5.16,5.0,4117200.0
20260928,600797,浙大网新,6.53,6.42,6.57,6.37,10337900.0
20260928,600798,宁波海运,3.4,3.4,3.41,3.35,16924000.0
20260928,600800,渤海化学,3.18,3.16,3.21,3.11,12767300.0
20260928,600801,华新建材,23.75,23.85,23.89,23.52,4905900.0
20260928,600802,福建水泥,6.66,7.28,7.28,6.62,85656300.0
20260928,600803,新奥股份,18.49,18.74,18.8,18.35,5921700.0
20260928,600805,悦达投资,4.57,4.55,4.6,4.52,8866000.0
20260928,600807,济高发展,2.64,2.62,2.66,2.59,12405300.0
20260928,600808,马钢股份,2.44,2.39,2.46,2.37,55214800.0
20260928,600809,山西汾酒,111.0,110.26,111.57,109.15,3550600.0
20260928,600810,神马股份,6.28,6.31,6.41,6.21,8252300.0
20260928,600812,华北制药,4.88,4.9,4.95,4.83,27679000.0
20260928,600814,杭州解百,6.89,6.84,6.98,6.8,4364200.0
20260928,600815,厦工股份,4.36,4.19,4.37,4.19,63619100.0
20260928,600816,建元信托,2.33,2.33,2.34,2.31,35320700.0
20260928,600817,宇通重工,9.6,9.62,9.76,9.58,1799400.0
20260928,600819,耀皮玻璃,5.62,5.58,5.74,5.53,8293300.0
20260928,600820,隧道股份,5.22,5.2,5.25,5.17,11059100.0
20260928,600821,金开新能,5.77,5.72,5.79,5.66,26389200.0
20260928,600822,上海物贸,9.04,9.09,9.41,8.97,8772900.0
20260928,600824,益民集团,3.65,3.64,3.69,3.59,7826900.0
20260928,600825,新华传媒,8.55,8.55,8.55,8.55,5027500.0
20260928,600826,兰生股份,8.15,7.99,8.3,7.88,9850900.0
20260928,600827,百联股份,7.76,7.67,7.78,7.61,8028300.0
20260928,600828,茂业商业,4.37,4.27,4.41,4.22,14172000.0
20260928,600829,人民同泰,9.62,9.4,9.73,9.37,8240000.0
20260928,600830,香溢融通,8.47,8.33,8.52,8.3,7345300.0
20260928,600831,广电网络,3.45,3.33,3.54,3.29,50227100.0
20260928,600833,第一医药,10.6,10.59,10.71,10.45,4262300.0
20260928,600834,申通地铁,7.68,7.62,7.68,7.57,1551700.0
20260928,600835,上海机电,18.79,18.32,18.8,18.02,6698500.0
20260928,600838,上海九百,8.27,8.14,8.34,8.05,7565700.0
20260928,600839,四川长虹,6.56,6.42,6.57,6.42,30587400.0
20260928,600841,动力新科,5.61,5.47,5.62,5.41,11984000.0
20260928,600843,上工申贝,8.34,7.84,8.34,7.75,60300200.0
20260928,600844,金煤科技,3.27,3.23,3.28,3.2,24074200.0
20260928,600845,宝信软件,18.16,18.01,18.24,17.78,14247900.0
20260928,600846,同济科技,10.83,10.6,10.84,10.48,2241900.0
20260928,600847,万里股份,12.99,12.53,13.1,12.3,6138100.0
20260928,600848,上海临港,8.49,8.48,8.54,8.4,5853700.0
20260928,600850,电科数字,13.88,13.5,13.91,13.33,8004600.0
20260928,600851,海欣股份,8.18,7.9,8.22,7.84,6857900.0
20260928,600853,龙建股份,3.24,3.24,3.27,3.21,8466700.0
20260928,600854,春兰股份,4.77,4.74,4.78,4.68,7803400.0
20260928,600855,航天长峰,12.8,12.47,12.97,12.43,7993300.0
20260928,600857,宁波中百,20.3,18.64,20.31,18.64,7164400.0
20260928,600858,银座股份,4.91,4.88,4.94,4.84,6006800.0
20260928,600859,王府井,9.74,9.59,9.78,9.52,9713700.0
20260928,600860,京城股份,7.55,7.4,7.6,7.33,5296100.0
20260928,600861,北京人力,12.75,12.55,12.82,12.5,1253300.0
20260928,600862,中航高科,17.85,17.68,17.94,17.61,9194300.0
20260928,600863,华能蒙电,4.62,4.74,4.79,4.61,108293400.0
20260928,600864,哈投股份,5.69,5.63,5.7,5.58,31834800.0
20260928,600865,百大集团,10.9,10.59,10.99,10.49,17100400.0
20260928,600866,星湖科技,4.11,4.08,4.2,4.05,25945400.0
20260928,600867,通化东宝,7.73,7.73,7.78,7.69,11097400.0
20260928,600868,梅雁吉祥,2.72,2.73,2.74,2.7,27988500.0
20260928,600869,远东股份,19.84,18.09,19.94,17.95,153762800.0
20260928,600871,石化油服,2.11,2.09,2.12,2.07,85352700.0
20260928,600872,中炬高新,17.08,17.13,17.2,16.95,6079900.0
20260928,600873,梅花生物,7.35,7.29,7.36,7.24,15177000.0
20260928,600874,创业环保,5.44,5.43,5.45,5.39,4468200.0
20260928,600875,东方电气,23.5,22.71,23.6,22.55,28302900.0
20260928,600876,凯盛新能,7.63,7.43,8.04,7.38,15079600.0
20260928,600877,电科芯片,11.86,11.43,11.88,11.3,10466000.0
20260928,600879,航天电子,14.32,13.84,14.37,13.71,62399700.0
20260928,600880,博瑞传播,4.24,4.08,4.28,4.04,32167800.0
20260928,600881,亚泰集团,1.85,1.86,1.87,1.82,72782500.0
20260928,600882,妙可蓝多,19.09,19.08,19.3,18.97,2881800.0
20260928,600883,博闻科技,8.19,8.06,8.19,7.95,4030300.0
20260928,600884,杉杉股份,11.43,11.19,11.45,11.15,31001700.0
20260928,600885,宏发股份,33.1,33.62,33.79,32.5,10953000.0
20260928,600886,国投电力,14.84,15.33,15.38,14.81,51788900.0
20260928,600887,伊利股份,26.81,27.03,27.05,26.7,41586400.0
20260928,600888,新疆众和,9.8,9.09,9.8,9.02,43900200.0
20260928,600892,大晟文化,4.12,4.04,4.23,4.0,23392000.0
20260928,600893,航发动力,38.28,38.68,39.43,38.24,27557500.0
20260928,600894,广日股份,7.71,7.61,7.76,7.6,6991700.0
20260928,600895,张江高科,28.05,27.34,28.22,27.34,13499700.0
20260928,600897,厦门空港,15.01,15.31,15.58,15.01,11791700.0
20260928,600900,长江电力,28.35,28.55,28.6,28.31,108013800.0
20260928,600901,江苏金租,6.78,6.84,6.88,6.74,33977000.0
20260928,600903,贵州燃气,6.56,6.43,6.6,6.3,31726400.0
20260928,600905,三峡能源,3.61,3.53,3.62,3.53,94982300.0
20260928,600906,财达证券,6.35,6.23,6.37,6.19,24553300.0
20260928,600908,无锡银行,5.82,5.8,5.88,5.74,22710100.0
20260928,600909,华安证券,7.83,7.59,7.84,7.52,76212000.0
20260928,600916,中国黄金,7.2,7.1,7.2,7.08,18137300.0
20260928,600917,重庆燃气,4.79,4.81,4.81,4.76,4273100.0
20260928,600918,中泰证券,5.4,5.34,5.42,5.31,25210000.0
20260928,600919,江苏银行,12.26,12.22,12.43,12.21,99454100.0
20260928,600925,苏能股份,4.07,4.09,4.09,4.03,6881900.0
20260928,600926,XD杭州银,16.88,16.81,16.96,16.75,36636000.0
20260928,600927,永安期货,12.16,12.01,12.18,11.94,4890600.0
20260928,600928,西安银行,3.47,3.45,3.49,3.43,19012600.0
20260928,600929,雪天盐业,6.01,5.94,6.07,5.91,24629400.0
20260928,600930,华电新能,3.88,3.81,3.89,3.81,113039900.0
20260928,600933,爱柯迪,13.66,13.52,13.78,13.31,10127000.0
20260928,600935,华塑股份,2.28,2.29,2.37,2.26,22725000.0
20260928,600936,北投科技,4.32,4.27,4.33,4.2,24227800.0
20260928,600938,中国海油,32.55,33.5,33.6,32.42,41070200.0
20260928,600939,重庆建工,2.62,2.58,2.63,2.57,8197200.0
20260928,600941,中国移动,97.4,97.71,98.18,97.1,7897700.0
20260928,600955,维远股份,12.36,12.23,12.43,12.18,2620800.0
20260928,600956,新天绿能,7.04,7.04,7.12,7.0,5955400.0
20260928,600958,东方证券,8.7,8.59,8.72,8.57,39842000.0
20260928,600959,江苏有线,3.08,3.03,3.1,3.02,24152900.0
20260928,600960,渤海汽车,3.9,3.88,3.93,3.86,8072200.0
20260928,600961,株冶集团,23.14,22.31,23.14,22.06,24719200.0
20260928,600962,国投中鲁,26.14,25.1,26.45,25.1,4953000.0
20260928,600963,岳阳林纸,3.35,3.3,3.36,3.25,23921800.0
20260928,600966,博汇纸业,4.77,4.74,4.81,4.68,11242300.0
20260928,600967,内蒙一机,12.87,12.68,13.13,12.56,42227100.0
20260928,600968,海油发展,3.86,3.86,3.88,3.82,24143400.0
20260928,600969,郴电国际,9.78,9.65,9.82,9.57,6202400.0
20260928,600970,中材国际,7.68,7.66,7.7,7.52,18359400.0
20260928,600971,恒源煤电,8.41,8.38,8.48,8.18,12278600.0
20260928,600973,宝胜股份,5.85,5.7,5.89,5.69,13105500.0
20260928,600975,新五丰,5.09,5.1,5.14,4.95,18860900.0
20260928,600976,健民集团,26.8,26.94,27.04,26.58,696000.0
20260928,600977,中国电影,13.3,12.89,13.44,12.86,27144000.0
20260928,600979,广安爱众,3.85,3.86,3.89,3.83,15557400.0
20260928,600980,北矿科技,19.14,18.61,19.16,18.33,2581100.0
20260928,600981,苏豪汇鸿,2.38,2.38,2.4,2.34,16174700.0
20260928,600982,宁波能源,4.87,4.99,5.15,4.84,46930900.0
20260928,600983,惠而浦,7.48,7.42,7.59,7.38,1620200.0
20260928,600984,建设机械,3.5,3.45,3.51,3.43,16504400.0
20260928,600985,淮北矿业,16.38,16.33,16.43,16.09,18363300.0
20260928,600986,浙文互联,6.85,6.71,6.9,6.67,26986200.0
20260928,600987,航民股份,6.3,6.25,6.3,6.23,3664200.0
20260928,600988,赤峰黄金,39.2,38.07,39.8,37.79,42977900.0
20260928,600989,宝丰能源,22.22,22.45,22.68,22.1,50340000.0
20260928,600990,四创电子,17.85,17.46,17.99,17.37,2606700.0
20260928,600992,贵绳股份,10.32,10.21,10.37,10.1,8412700.0
20260928,600993,马应龙,22.15,22.39,22.4,22.12,2709300.0
20260928,600995,南网储能,11.8,11.68,11.83,11.61,7889900.0
20260928,600996,贵广网络,6.81,6.72,6.9,6.61,14906300.0
20260928,600997,开滦股份,5.13,5.22,5.22,5.08,10048000.0
20260928,600998,九州通,4.84,4.93,4.93,4.84,31000000.0
20260928,600999,招商证券,17.4,16.92,17.44,16.91,39960500.0
20260928,601000,唐山港,4.4,4.52,4.52,4.37,56958500.0
20260928,601001,晋控煤业,17.61,17.72,17.75,17.29,10694400.0
20260928,601002,晋亿实业,5.18,5.19,5.22,5.13,6508400.0
20260928,601003,柳钢股份,3.5,3.46,3.51,3.41,13511400.0
20260928,601005,重庆钢铁,1.2,1.19,1.21,1.18,83104800.0
20260928,601006,大秦铁路,4.66,4.65,4.67,4.62,73586200.0
20260928,601007,金陵饭店,6.81,6.77,6.87,6.71,5683800.0
20260928,601008,连云港,4.42,4.4,4.44,4.35,11533200.0
20260928,601009,南京银行,11.95,11.9,12.11,11.86,69259400.0
20260928,601011,宝泰隆,2.88,2.86,2.89,2.8,41986600.0
20260928,601012,隆基绿能,11.07,10.81,11.21,10.75,86085900.0
20260928,601015,陕西黑猫,3.47,3.51,3.6,3.35,61719200.0
20260928,601016,节能风电,3.23,3.25,3.27,3.23,57285700.0
20260928,601018,宁波港,3.4,3.43,3.43,3.38,46444100.0
20260928,601019,山东出版,6.75,6.67,6.82,6.63,10107600.0
20260928,601020,华钰矿业,20.79,19.52,20.79,19.43,24459100.0
20260928,601021,春秋航空,39.65,40.44,40.82,38.18,12346400.0
20260928,601022,宁波远洋,8.47,8.33,8.48,8.28,5895300.0
20260928,601026,道生天合,15.33,14.87,15.36,14.77,4449300.0
20260928,601033,永兴股份,14.18,14.12,14.24,14.05,2061100.0
20260928,601038,一拖股份,14.14,13.62,14.18,13.58,5681300.0
20260928,601058,赛轮轮胎,13.56,13.21,13.56,13.16,32256800.0
20260928,601061,中信金属,10.68,10.42,10.7,10.35,13536500.0
20260928,601065,江盐集团,6.67,6.62,6.69,6.6,2294700.0
20260928,601066,中信建投,23.33,23.03,23.39,22.94,10458900.0
20260928,601068,中铝国际,4.27,4.2,4.28,4.17,15903300.0
20260928,601069,西部黄金,25.0,23.97,25.0,23.87,14916500.0
20260928,601077,渝农商行,6.64,6.66,6.75,6.61,82424700.0
20260928,601083,锦江航运,12.88,12.77,12.92,12.69,5876700.0
20260928,601086,国芳集团,15.16,15.85,16.25,13.81,97937100.0
20260928,601088,中国神华,47.79,48.39,48.41,47.56,23073100.0
20260928,601089,福元医药,15.95,16.09,16.18,15.92,2431700.0
20260928,601091,沈鼓集团,25.6,27.71,28.67,24.3,113158400.0
20260928,601096,宏盛华源,3.96,3.9,3.96,3.87,15822500.0
20260928,601098,中南传媒,10.16,9.94,10.21,9.89,11612000.0
20260928,601099,太平洋,3.5,3.43,3.52,3.41,96913200.0
20260928,601100,恒立液压,91.5,90.0,92.25,89.58,10088100.0
20260928,601101,昊华能源,12.93,12.89,13.14,12.54,15603900.0
20260928,601106,中国一重,2.93,2.87,2.94,2.85,42872200.0
20260928,601107,四川成渝,6.01,6.0,6.11,5.97,10453200.0
20260928,601108,财通证券,8.34,8.12,8.36,8.1,39381900.0
20260928,601111,中国国航,5.82,5.76,5.82,5.7,82179600.0
20260928,601112,振石股份,16.1,16.37,16.38,15.93,5943700.0
20260928,601113,华鼎股份,3.54,3.52,3.63,3.48,16419700.0
20260928,601116,三江购物,10.03,9.84,10.09,9.77,7062700.0
20260928,601117,中国化学,7.19,7.13,7.2,7.1,38241900.0
20260928,601118,海南橡胶,6.54,5.99,6.61,5.98,137201600.0
20260928,601121,宝地矿业,7.09,6.85,7.09,6.78,8878000.0
20260928,601123,马矿股份,17.51,17.62,17.97,16.51,23963800.0
20260928,601126,XD四方股,37.99,35.9,37.99,35.55,15663300.0
20260928,601127,赛力斯,45.0,45.09,45.4,44.19,25447700.0
20260928,601128,常熟银行,6.17,6.14,6.21,6.09,51248600.0
20260928,601133,柏诚股份,24.8,23.58,25.0,23.51,13399000.0
20260928,601136,首创证券,14.15,13.85,14.26,13.81,10417600.0
20260928,601137,博威合金,19.8,19.18,19.85,18.98,10314900.0
20260928,601138,工业富联,61.0,58.92,61.0,58.28,64381500.0
20260928,601139,深圳燃气,6.2,6.24,6.25,6.19,12879300.0
20260928,601155,新城控股,12.57,12.66,12.81,12.42,22385900.0
20260928,601156,东航物流,18.21,18.45,18.62,18.08,11374200.0
20260928,601158,重庆水务,3.97,3.97,3.99,3.95,4858400.0
20260928,601162,天风证券,3.57,3.49,3.59,3.48,125480800.0
20260928,601163,三角轮胎,12.22,12.16,12.26,12.11,1698700.0
20260928,601166,兴业银行,17.92,17.77,17.96,17.72,62768700.0
20260928,601168,西部矿业,34.38,33.77,34.67,33.7,33462000.0
20260928,601169,北京银行,5.49,5.45,5.53,5.43,143885700.0
20260928,601177,杭齿前进,13.73,13.61,13.8,13.42,3513300.0
20260928,601179,中国西电,11.71,11.48,11.72,11.37,47058400.0
20260928,601186,中国铁建,5.97,5.93,5.99,5.92,23223500.0
20260928,601187,厦门银行,6.91,6.82,6.96,6.81,16036900.0
20260928,601188,龙江交通,2.84,2.84,2.86,2.82,8840500.0
20260928,601199,江南水务,6.66,6.63,6.69,6.35,19207700.0
20260928,601200,上海环境,6.74,6.72,6.76,6.67,5969200.0
20260928,601208,东材科技,55.02,50.8,55.16,50.8,71194000.0
20260928,601211,国泰海通,17.2,16.81,17.23,16.74,66218000.0
20260928,601212,白银有色,5.6,5.49,5.64,5.43,135245000.0
20260928,601216,君正集团,4.47,4.46,4.49,4.41,41451700.0
20260928,601218,吉鑫科技,5.5,6.05,6.05,5.4,264797500.0
20260928,601222,林洋能源,5.86,5.85,5.94,5.8,13222400.0
20260928,601225,陕西煤业,25.51,25.85,26.0,25.25,30886500.0
20260928,601226,华电科工,6.53,6.42,6.56,6.36,8494200.0
20260928,601228,广州港,3.02,3.02,3.04,3.0,15984400.0
20260928,601229,上海银行,9.53,9.51,9.61,9.48,50418800.0
20260928,601231,环旭电子,25.51,23.67,25.53,23.39,32931900.0
20260928,601233,桐昆股份,23.24,23.28,23.54,22.85,19658900.0
20260928,601236,红塔证券,6.85,6.86,6.89,6.75,14364500.0
20260928,601279,英利汽车,3.49,3.55,3.62,3.49,17320100.0
20260928,601288,农业银行,6.88,6.86,6.98,6.84,317315300.0
20260928,601298,青岛港,9.76,9.86,9.89,9.7,10424600.0
20260928,601311,骆驼股份,7.29,7.24,7.29,7.2,6757800.0
20260928,601318,中国平安,53.09,52.4,53.4,52.19,71194500.0
20260928,601319,中国人保,8.03,8.0,8.17,7.96,56014900.0
20260928,601326,秦港股份,3.46,3.48,3.49,3.39,19223500.0
20260928,601328,交通银行,7.57,7.59,7.62,7.52,215999400.0
20260928,601330,绿色动力,8.03,8.17,8.22,7.99,12576400.0
20260928,601333,广深铁路,3.07,3.06,3.08,3.04,46613900.0
20260928,601336,新华保险,57.26,55.9,57.45,55.86,13073600.0
20260928,601339,百隆东方,7.53,7.28,7.55,7.25,11634200.0
20260928,601360,三六零,9.08,8.95,9.15,8.76,99262900.0
20260928,601366,利群股份,3.57,3.58,3.61,3.53,7371700.0
20260928,601368,绿城水务,4.53,4.59,4.59,4.49,5847700.0
20260928,601369,陕鼓动力,8.82,8.62,8.84,8.45,10458600.0
20260928,601375,中原证券,3.95,3.89,3.96,3.86,32486300.0
20260928,601377,兴业证券,5.85,5.74,5.86,5.71,60053500.0
20260928,601388,怡球资源,3.13,3.11,3.15,3.08,25420800.0
20260928,601390,中国中铁,4.25,4.22,4.25,4.2,55831900.0
20260928,601398,工商银行,8.12,8.15,8.25,8.11,299122900.0
20260928,601399,国机重装,3.08,3.05,3.09,3.02,51102100.0
20260928,601456,国联民生,8.54,8.57,8.6,8.42,17742100.0
20260928,601500,通用股份,3.86,3.81,3.88,3.78,9088300.0
20260928,601512,中新集团,8.35,8.35,8.4,8.26,2137300.0
20260928,601515,衢州东峰,3.22,3.14,3.23,3.1,13508100.0
20260928,601518,吉林高速,2.76,2.74,2.76,2.73,10506300.0
20260928,601519,大智慧,8.52,8.19,8.54,8.13,26275400.0
20260928,601528,瑞丰银行,5.02,4.99,5.02,4.95,11755600.0
20260928,601555,东吴证券,8.15,8.08,8.18,8.05,30330400.0
20260928,601566,九牧王,9.52,9.13,9.58,9.06,33580100.0
20260928,601567,三星电气,16.0,14.63,16.0,14.63,57589400.0
20260928,601568,北元化工,3.59,3.52,3.6,3.5,18640500.0
20260928,601577,长沙银行,9.67,9.6,9.76,9.56,24210700.0
20260928,601579,会稽山,40.46,41.84,41.84,40.19,53915700.0
20260928,601588,北辰实业,1.75,1.75,1.76,1.72,34543300.0
20260928,601595,上海电影,23.55,22.74,24.3,22.65,9345700.0
20260928,601598,中国外运,6.81,6.6,6.84,6.55,18599300.0
20260928,601599,浙文影业,3.23,3.21,3.28,3.18,15483200.0
20260928,601600,中国铝业,8.8,8.68,8.81,8.62,146822100.0
20260928,601601,中国太保,30.71,30.5,31.22,30.36,36123800.0
20260928,601606,长城军工,31.83,31.0,31.83,30.92,15246500.0
20260928,601607,上海医药,16.01,15.89,16.11,15.83,8836000.0
20260928,601608,中信重工,4.59,4.54,4.61,4.48,22993600.0
20260928,601609,金田股份,11.79,11.19,11.81,11.13,45827600.0
20260928,601611,中国核建,10.15,10.0,10.15,9.97,13228500.0
20260928,601615,明阳智能,9.66,9.51,9.86,9.39,44313900.0
20260928,601616,广电电气,3.77,3.75,3.78,3.7,9131900.0
20260928,601618,中国中冶,2.49,2.46,2.5,2.45,67328000.0
20260928,601619,嘉泽新能,3.92,3.81,3.93,3.74,32586100.0
20260928,601628,中国人寿,37.33,36.77,37.71,36.75,18125400.0
20260928,601633,长城汽车,13.8,13.79,13.9,13.72,11182700.0
20260928,601636,旗滨集团,5.49,5.34,5.62,5.31,66721800.0
20260928,601658,邮储银行,5.33,5.32,5.41,5.3,173204400.0
20260928,601665,齐鲁银行,6.98,6.96,7.06,6.91,56250200.0
20260928,601666,平煤股份,8.83,8.79,8.86,8.6,20448400.0
20260928,601668,中国建筑,4.25,4.22,4.27,4.2,177368700.0
20260928,601669,中国电建,4.54,4.52,4.54,4.5,53851900.0
20260928,601677,明泰铝业,16.05,16.03,16.26,15.8,15994800.0
20260928,601678,滨化股份,5.77,5.7,5.79,5.65,39509600.0
20260928,601686,友发集团,5.02,4.93,5.03,4.9,6093800.0
20260928,601688,华泰证券,18.16,17.84,18.2,17.79,43710600.0
20260928,601689,拓普集团,46.4,46.5,47.0,45.58,27786700.0
20260928,601696,中银证券,11.1,10.93,11.16,10.9,25212800.0
20260928,601698,中国卫通,23.47,23.03,23.57,22.84,16726500.0
20260928,601699,潞安环能,15.29,15.19,15.29,14.93,17543400.0
20260928,601700,风范股份,6.2,6.11,6.21,6.05,34249800.0
20260928,601702,华峰铝业,15.05,14.8,15.28,14.76,3352400.0
20260928,601717,中创智领,13.33,13.09,13.5,13.05,20633600.0
20260928,601727,上海电气,6.57,6.44,6.58,6.41,46434300.0
20260928,601728,中国电信,6.15,6.25,6.27,6.13,117693600.0
20260928,601766,中国中车,5.97,6.12,6.13,5.96,193201800.0
20260928,601777,千里科技,8.3,8.43,8.6,8.26,53422100.0
20260928,601778,晶科科技,3.42,3.34,3.43,3.31,65186000.0
20260928,601788,光大证券,13.73,13.58,13.78,13.56,11602500.0
20260928,601789,宁波建工,4.22,4.13,4.23,4.1,19214800.0
20260928,601798,蓝科高新,7.58,7.52,7.61,7.44,4482600.0
20260928,601799,星宇股份,70.71,69.22,71.09,68.8,2990600.0
20260928,601800,中国交建,5.81,5.76,5.81,5.73,16513100.0
20260928,601801,皖新传媒,5.52,5.22,5.55,5.14,38045700.0
20260928,601808,中海油服,12.07,12.17,12.21,12.0,9760000.0
20260928,601811,新华文轩,22.0,18.52,22.39,18.33,63732000.0
20260928,601816,京沪高铁,4.7,4.78,4.8,4.69,233484400.0
20260928,601818,光大银行,3.0,2.99,3.01,2.98,130275000.0
20260928,601825,沪农商行,8.71,8.61,8.75,8.56,19154700.0
20260928,601827,三峰环境,7.82,7.78,7.84,7.74,3128300.0
20260928,601828,美凯龙,2.15,2.12,2.17,2.09,40697900.0
20260928,601838,成都银行,19.04,19.04,19.2,18.97,25699000.0
20260928,601857,中国石油,10.92,11.19,11.22,10.83,163105000.0
20260928,601858,中国科传,21.16,21.65,21.84,20.76,12974400.0
20260928,601860,紫金银行,2.54,2.51,2.55,2.5,64338700.0
20260928,601865,福莱特,9.3,9.1,9.4,9.03,9669800.0
20260928,601866,中远海发,2.42,2.42,2.43,2.39,55980300.0
20260928,601868,中国能建,2.4,2.36,2.41,2.36,200017900.0
20260928,601869,长飞光纤,433.0,394.22,434.88,394.2,12964400.0
20260928,601872,招商轮船,21.08,20.65,21.18,20.44,88827200.0
20260928,601877,正泰电器,24.9,24.45,24.96,24.4,10414900.0
20260928,601878,浙商证券,9.02,8.91,9.04,8.89,15826000.0
20260928,601880,辽港股份,1.45,1.44,1.46,1.43,95219000.0
20260928,601881,中国银河,11.83,11.58,11.85,11.57,25192500.0
20260928,601882,海天精工,23.23,22.81,23.38,22.7,4788700.0
20260928,601886,江河集团,13.0,13.16,13.65,13.0,13441400.0
20260928,601888,中国中免,51.19,50.79,51.49,50.52,12169800.0
20260928,601890,亚星锚链,9.37,9.2,9.39,9.16,25348100.0
20260928,601898,中煤能源,13.89,14.18,14.2,13.75,40620000.0
20260928,601899,紫金矿业,29.6,29.42,29.69,29.05,166502700.0
20260928,601900,南方传媒,12.45,12.23,12.62,12.1,10199600.0
20260928,601901,方正证券,6.73,6.62,6.74,6.59,32783000.0
20260928,601908,京运通,2.89,2.88,2.92,2.84,18271700.0
20260928,601916,浙商银行,2.84,2.82,2.87,2.81,117425000.0
20260928,601918,新集能源,11.07,11.45,11.53,10.86,47870900.0
20260928,601919,中远海控,16.44,16.46,16.58,16.19,73252600.0
20260928,601921,浙版传媒,7.59,7.5,7.66,7.45,10201000.0
20260928,601928,凤凰传媒,8.26,8.16,8.27,8.11,10472000.0
20260928,601929,吉视传媒,2.34,2.27,2.37,2.25,98609000.0
20260928,601933,永辉超市,3.0,2.96,3.01,2.95,73011600.0
20260928,601939,建设银行,10.99,11.0,11.13,10.95,98749600.0
20260928,601949,中国出版,5.61,5.46,5.68,5.46,55489600.0
20260928,601952,苏垦农发,9.1,8.8,9.23,8.61,23805900.0
20260928,601956,东贝集团,5.14,5.08,5.21,5.0,14912200.0
20260928,601958,金钼股份,19.53,19.13,19.53,18.93,22922400.0
20260928,601963,重庆银行,10.98,11.02,11.14,10.95,11063200.0
20260928,601965,中国汽研,13.07,12.98,13.11,12.82,4842600.0
20260928,601966,玲珑轮胎,10.4,10.33,10.45,10.26,6375400.0
20260928,601968,宝钢包装,4.52,4.49,4.57,4.45,9878300.0
20260928,601969,海南矿业,8.98,8.81,8.99,8.68,10542700.0
20260928,601975,招商南油,4.52,4.52,4.6,4.39,149630300.0
20260928,601985,中国核电,8.89,9.0,9.02,8.88,96296800.0
20260928,601988,中国银行,6.61,6.63,6.71,6.59,260427600.0
20260928,601990,南京证券,6.58,6.5,6.61,6.47,16702400.0
20260928,601991,大唐发电,5.36,5.32,5.36,5.27,124124100.0
20260928,601992,金隅集团,1.4,1.38,1.4,1.37,41732800.0
20260928,601995,中金公司,30.95,30.5,30.99,30.36,19769400.0
20260928,601996,丰林集团,2.91,2.88,2.95,2.85,25985600.0
20260928,601997,贵阳银行,5.49,5.47,5.52,5.44,34813500.0
20260928,601998,中信银行,9.05,9.07,9.1,8.95,70973300.0
20260928,601999,出版传媒,6.71,6.46,6.77,6.4,21074000.0
20260928,603000,人民网,16.74,16.31,16.86,16.31,13635500.0
20260928,603001,奥康国际,11.62,11.32,11.69,11.05,22779100.0
20260928,603002,宏昌电子,19.0,17.57,19.19,17.4,58955700.0
20260928,603004,鼎龙科技,18.9,18.89,20.14,18.37,3051000.0
20260928,603005,晶方科技,29.44,27.9,29.47,27.78,26923700.0
20260928,603006,联明股份,11.01,10.72,11.13,10.66,2926100.0
20260928,603007,顺景科技,4.55,4.45,4.58,4.39,15493500.0
20260928,603009,北特科技,46.73,45.97,47.13,45.5,5713000.0
20260928,603010,万盛股份,12.52,12.1,12.52,11.84,9489100.0
20260928,603011,合锻智能,25.86,23.94,25.86,23.54,37809800.0
20260928,603012,创力集团,8.7,8.51,8.76,8.3,21914400.0
20260928,603013,亚普股份,14.24,13.96,14.35,13.89,2143400.0
20260928,603014,威高血净,31.15,31.05,31.52,30.88,775000.0
20260928,603015,弘讯科技,10.59,10.28,10.68,10.18,4201400.0
20260928,603016,新宏泰,32.0,32.39,32.7,30.93,4626000.0
20260928,603017,中衡设计,10.0,9.88,10.04,9.79,3442500.0
20260928,603018,华设集团,5.16,5.16,5.27,5.11,5948400.0
20260928,603019,中科曙光,82.2,80.02,82.49,80.0,22159800.0
20260928,603020,爱普股份,12.71,12.35,12.79,12.19,14920400.0
20260928,603022,新通联,9.01,8.95,9.07,8.85,2914900.0
20260928,603023,威帝股份,4.03,3.99,4.08,3.93,7296300.0
20260928,603025,大豪科技,13.3,12.83,13.31,12.67,7251500.0
20260928,603026,石大胜华,57.5,55.34,57.5,54.91,4158500.0
20260928,603027,XD千禾味,7.21,7.17,7.27,7.12,7431600.0
20260928,603028,赛福天,7.19,7.18,7.32,7.08,3921400.0
20260928,603029,天鹅股份,16.54,16.61,16.94,16.54,3369900.0
20260928,603030,全筑股份,2.05,2.02,2.08,2.0,24010300.0
20260928,603031,安孚科技,39.54,36.77,39.98,36.36,10824300.0
20260928,603032,德新科技,18.22,17.41,18.25,17.2,5720500.0
20260928,603033,三维股份,7.88,7.53,7.91,7.45,7513600.0
20260928,603035,常熟汽饰,10.5,10.47,10.54,10.37,2798200.0
20260928,603036,如通股份,13.67,13.56,13.73,13.24,3660500.0
20260928,603037,凯众股份,10.23,10.02,10.28,9.95,4701000.0
20260928,603038,华立股份,16.6,15.54,16.87,15.51,6846500.0
20260928,603039,泛微网络,35.5,34.45,35.95,34.0,11162700.0
20260928,603040,新坐标,47.29,44.83,47.29,44.55,1597500.0
20260928,603041,美思德,11.71,11.56,11.84,11.36,4563400.0
20260928,603042,华脉科技,17.82,16.86,17.99,16.86,18867900.0
20260928,603043,广州酒家,12.88,13.04,13.04,12.82,2816300.0
20260928,603045,福达合金,48.54,45.65,48.55,45.03,5621100.0
20260928,603048,浙江黎明,25.76,24.75,25.91,24.61,2619000.0
20260928,603049,中策橡胶,44.5,44.2,44.68,43.91,1345900.0
20260928,603050,科林电气,16.82,16.51,16.86,16.43,3775200.0
20260928,603051,鹿山新材,25.1,24.09,25.2,24.0,7345100.0
20260928,603052,可川科技,58.13,52.61,58.3,52.61,4540000.0
20260928,603053,成都燃气,8.69,8.61,8.69,8.56,1801000.0
20260928,603055,台华新材,9.33,9.14,9.53,9.03,17755700.0
20260928,603057,紫燕食品,17.67,17.19,17.91,17.02,3881500.0
20260928,603058,永吉股份,9.0,8.57,9.01,8.49,7922800.0
20260928,603059,倍加洁,25.78,25.9,26.18,25.3,1442100.0
20260928,603060,国检集团,5.45,5.66,5.8,5.4,15847600.0
20260928,603061,金海通,330.66,316.2,335.35,310.67,2562400.0
20260928,603062,XD麦加芯,37.89,36.75,38.3,36.52,421100.0
20260928,603063,禾望电气,29.06,27.17,29.06,27.07,16018400.0
20260928,603065,宿迁联盛,16.42,15.12,16.68,15.07,41116200.0
20260928,603066,音飞储存,9.38,9.18,9.41,9.11,3850700.0
20260928,603067,振华股份,41.3,39.69,41.5,39.39,36968500.0
20260928,603068,博通集成,47.37,46.05,47.99,45.25,17285600.0
20260928,603069,海汽集团,13.39,12.88,13.4,12.8,2936400.0
20260928,603070,万控智造,11.41,11.27,11.47,11.17,1481700.0
20260928,603071,物产环能,12.33,12.4,12.43,12.26,1760500.0
20260928,603072,天和磁材,30.5,29.73,30.5,29.55,1285800.0
20260928,603073,彩蝶实业,18.58,19.72,20.5,18.0,10918300.0
20260928,603075,热威股份,20.13,20.03,20.47,19.66,2660000.0
20260928,603076,乐惠国际,20.23,20.16,20.34,19.78,1622700.0
20260928,603077,和邦生物,2.22,2.16,2.23,2.15,116619100.0
20260928,603078,江化微,31.98,30.14,32.0,29.7,14022600.0
20260928,603079,圣达生物,13.3,13.0,13.3,12.94,2898400.0
20260928,603080,新疆火炬,19.85,19.62,19.94,19.5,1100100.0
20260928,603081,大丰实业,9.5,9.38,9.52,9.31,2333600.0
20260928,603082,北自科技,46.75,42.73,46.75,42.68,6582100.0
20260928,603083,剑桥科技,205.0,197.37,215.52,194.0,18715800.0
20260928,603085,天成自控,9.83,9.69,9.84,9.6,4341700.0
20260928,603086,先达股份,5.83,5.78,5.85,5.72,6138000.0
20260928,603087,甘李药业,73.44,73.96,75.0,73.43,9489600.0
20260928,603088,宁波精达,10.06,9.74,10.21,9.69,8452200.0
20260928,603089,正裕工业,9.63,9.49,9.68,9.41,2575700.0
20260928,603090,宏盛股份,37.86,36.32,38.2,36.21,3862100.0
20260928,603091,众鑫股份,46.69,45.12,46.87,44.99,736300.0
20260928,603092,德力佳,45.84,48.34,48.9,45.35,6295000.0
20260928,603093,南华期货,13.41,13.4,13.83,13.24,22507600.0
20260928,603095,越剑智能,13.95,14.27,14.7,13.95,5025800.0
20260928,603096,新经典,15.96,16.05,16.42,15.76,2289200.0
20260928,603097,江苏华辰,18.53,17.78,18.62,17.47,1853000.0
20260928,603098,森特股份,10.73,10.53,10.75,10.43,2821400.0
20260928,603099,长白山,41.81,40.6,42.0,40.29,11116900.0
20260928,603100,川仪股份,18.63,18.45,18.64,18.31,2756100.0
20260928,603101,汇嘉时代,7.24,7.3,7.35,7.2,5682700.0
20260928,603102,百合股份,37.7,36.93,37.78,36.53,1227400.0
20260928,603103,横店影视,16.0,15.82,16.38,15.7,4856600.0
20260928,603105,芯能科技,8.5,8.94,9.08,8.5,45551000.0
20260928,603106,恒银科技,7.3,7.18,7.31,7.08,8008100.0
20260928,603107,上海汽配,12.08,12.31,12.34,12.05,3528800.0
20260928,603108,润达医疗,9.97,9.8,10.16,9.7,11612200.0
20260928,603109,神驰机电,17.66,17.49,17.99,17.3,1809600.0
20260928,603110,东方材料,25.35,23.93,25.58,23.75,9145800.0
20260928,603111,康尼机电,6.1,6.11,6.14,6.02,6316200.0
20260928,603112,华翔股份,17.41,16.61,17.5,16.5,11514800.0
20260928,603113,金能科技,4.89,4.82,4.89,4.74,10433100.0
20260928,603115,海星股份,77.79,71.46,77.79,71.46,7872600.0
20260928,603116,红蜻蜓,7.21,7.26,7.38,6.9,21550400.0
20260928,603117,万林物流,3.96,3.98,4.0,3.91,9883800.0
20260928,603118,共进股份,17.4,16.49,17.64,16.25,60827000.0
20260928,603119,浙江荣泰,56.0,53.98,56.5,53.98,8751700.0
20260928,603120,肯特催化,59.27,58.0,63.5,57.0,4515400.0
20260928,603121,华培动力,13.0,12.6,13.19,12.5,9262200.0
20260928,603122,合富中国,13.89,14.61,15.88,13.89,90805000.0
20260928,603123,翠微股份,9.33,9.21,9.51,9.16,15202500.0
20260928,603124,江南新材,131.0,118.64,131.0,118.64,5452900.0
20260928,603125,常青科技,22.0,21.1,22.0,21.1,4044900.0
20260928,603126,中材节能,6.33,6.22,6.34,6.16,4484200.0
20260928,603127,昭衍新药,46.39,45.44,46.98,45.02,27494300.0
20260928,603128,华贸物流,5.36,5.31,5.57,5.3,16260500.0
20260928,603129,春风动力,290.06,279.1,295.93,277.6,2252300.0
20260928,603130,云中马,38.68,38.33,39.09,37.5,1155100.0
20260928,603131,上海沪工,13.99,13.7,14.14,13.53,4627900.0
20260928,603132,金徽股份,18.22,17.26,18.22,17.19,6234700.0
20260928,603135,中重科技,8.76,8.56,8.81,8.47,5573500.0
20260928,603136,天目湖,9.08,9.11,9.18,8.99,8497700.0
20260928,603137,恒尚节能,19.36,18.39,19.53,18.31,8996600.0
20260928,603138,海量数据,14.78,15.4,15.42,14.18,26342600.0
20260928,603139,康惠股份,36.22,35.02,36.67,34.89,1943600.0
20260928,603150,万朗磁塑,71.44,65.25,71.44,64.03,3120200.0
20260928,603151,邦基科技,18.32,18.66,18.88,17.93,5246100.0
20260928,603153,上海建科,13.34,13.29,13.38,13.24,1517500.0
20260928,603155,新亚强,15.16,14.26,15.26,14.11,12401900.0
20260928,603156,养元饮品,43.86,42.9,44.05,42.44,9406400.0
20260928,603158,腾龙股份,10.5,10.15,10.54,10.09,10801500.0
20260928,603159,上海亚虹,22.94,22.1,22.98,21.95,4008900.0
20260928,603160,汇顶科技,54.1,53.72,54.64,53.35,3087800.0
20260928,603161,科华控股,15.03,14.74,15.11,14.68,1986100.0
20260928,603162,海通发展,13.1,13.02,13.42,12.9,35412800.0
20260928,603163,圣晖集成,81.29,75.62,81.88,75.1,2772200.0
20260928,603165,荣晟环保,13.47,13.33,13.82,13.21,6239600.0
20260928,603166,福达股份,10.92,10.75,10.97,10.64,5082900.0
20260928,603167,渤海轮渡,8.03,7.97,8.08,7.95,3771600.0
20260928,603168,莎普爱思,5.89,5.91,5.98,5.79,6941500.0
20260928,603169,兰石重装,6.02,5.85,6.04,5.8,8663600.0
20260928,603170,宝立食品,12.39,13.09,13.54,12.39,13149600.0
20260928,603171,税友股份,40.05,39.31,40.18,38.72,3284700.0
20260928,603172,万丰股份,19.69,19.46,19.73,19.1,1738100.0
20260928,603173,福斯达,29.45,28.7,29.45,28.63,481500.0
20260928,603175,超颖电子,110.41,104.38,111.41,102.96,4259100.0
20260928,603176,汇通集团,5.29,5.17,5.29,5.1,6100600.0
20260928,603177,德创环保,11.17,10.96,11.21,10.81,3259500.0
20260928,603178,圣龙股份,15.82,16.24,16.88,15.78,12811100.0
20260928,603179,新泉股份,41.21,40.7,41.4,40.0,15265400.0
20260928,603180,金牌家居,15.83,15.58,15.97,15.5,1043800.0
20260928,603181,皇马科技,12.51,12.12,12.59,12.05,3848000.0
20260928,603182,嘉华股份,13.5,13.57,13.69,13.35,2173200.0
20260928,603183,建研院,4.94,5.13,5.19,4.9,25053300.0
20260928,603185,弘元绿能,13.94,13.65,14.18,13.54,6323000.0
20260928,603186,华正新材,213.38,204.6,219.2,202.5,13817300.0
20260928,603187,海容冷链,10.66,10.53,10.69,10.47,2408700.0
20260928,603188,亚邦股份,4.5,4.46,4.5,4.37,8789700.0
20260928,603190,亚通精工,16.25,16.19,16.45,16.01,1856800.0
20260928,603191,望变电气,13.25,12.99,13.3,12.88,5095100.0
20260928,603192,汇得科技,21.1,20.18,21.2,20.05,3139600.0
20260928,603193,润本股份,20.36,20.2,20.36,19.95,1552100.0
20260928,603194,中力股份,33.51,32.95,33.58,32.8,816400.0
20260928,603195,公牛集团,37.88,37.52,38.03,37.39,2339500.0
20260928,603196,璞源材料,18.84,17.82,18.85,17.8,1625600.0
20260928,603197,保隆科技,29.45,29.06,29.6,28.93,1984500.0
20260928,603198,迎驾贡酒,37.2,37.1,37.93,36.7,2434200.0
20260928,603199,九华旅游,32.32,31.84,32.36,31.6,1147600.0
20260928,603200,上海洗霸,38.1,36.97,38.44,36.54,3953600.0
20260928,603201,常润股份,15.71,15.22,15.73,15.17,2022700.0
20260928,603202,天有为,51.97,50.5,51.97,50.38,929100.0
20260928,603203,快克智能,47.08,43.11,47.09,42.73,9287000.0
20260928,603205,健尔康,21.64,21.25,21.68,21.18,752600.0
20260928,603206,嘉环科技,13.83,13.46,13.83,13.33,3054800.0
20260928,603207,小方制药,24.28,24.35,24.64,24.2,1927000.0
20260928,603208,江山欧派,11.33,11.25,11.45,11.08,2221500.0
20260928,603209,兴通股份,14.65,14.79,14.95,14.5,5853600.0
20260928,603210,泰鸿万立,13.49,13.36,13.54,13.28,2237900.0
20260928,603211,晋拓股份,19.72,18.96,19.82,18.86,5273500.0
20260928,603212,赛伍技术,11.59,11.66,12.12,11.14,16703200.0
20260928,603213,镇洋发展,13.68,13.58,13.68,13.45,1332700.0
20260928,603214,爱婴室,13.52,13.6,13.7,13.39,3720700.0
20260928,603215,比依股份,15.68,15.64,15.91,15.3,4551100.0
20260928,603216,梦天家居,23.32,21.88,23.38,21.79,9477700.0
20260928,603217,元利科技,28.41,26.93,28.41,26.8,2702100.0
20260928,603218,日月股份,9.3,9.38,9.44,9.15,10420000.0
20260928,603219,富佳股份,12.76,12.91,13.02,12.71,3674800.0
20260928,603220,中贝通信,18.18,16.99,18.2,16.8,19678300.0
20260928,603221,爱丽家居,29.8,27.72,29.95,27.72,4677100.0
20260928,603222,济民健康,8.2,8.01,8.49,7.97,25929700.0
20260928,603223,恒通股份,9.96,9.45,9.96,9.36,10741600.0
20260928,603225,新凤鸣,17.02,17.11,17.48,16.96,12131300.0
20260928,603226,菲林格尔,30.36,28.88,31.13,28.86,6772100.0
20260928,603227,雪峰科技,7.41,7.36,7.43,7.25,5924800.0
20260928,603228,景旺电子,102.99,95.0,103.49,93.5,26419800.0
20260928,603229,奥翔药业,8.15,8.17,8.25,8.01,9451800.0
20260928,603230,内蒙新华,17.99,16.62,18.37,16.62,15160400.0
20260928,603231,索宝蛋白,17.16,17.12,17.19,16.87,1364900.0
20260928,603232,格尔软件,16.2,15.96,16.57,15.6,15425300.0
20260928,603233,大参林,17.55,17.77,17.81,17.32,5584700.0
20260928,603235,天新药业,25.25,25.2,25.3,24.9,613300.0
20260928,603236,移远通信,73.21,71.45,73.68,70.88,10522700.0
20260928,603237,五芳斋,15.14,15.27,15.36,15.06,1949200.0
20260928,603238,诺邦股份,12.98,12.68,13.06,12.56,3440800.0
20260928,603239,浙江仙通,14.16,13.75,14.19,13.72,2307500.0
20260928,603248,锡华科技,22.32,23.2,24.6,20.53,27259300.0
20260928,603255,鼎际得,32.7,31.24,32.7,31.0,1510700.0
20260928,603256,宏和科技,148.81,140.55,153.3,140.21,24872300.0
20260928,603257,中国瑞林,66.99,66.0,70.9,65.65,2355800.0
20260928,603258,电魂网络,13.94,13.72,14.04,13.55,3883700.0
20260928,603259,药明康德,164.75,161.8,165.88,159.89,35011900.0
20260928,603260,合盛硅业,31.9,30.91,31.9,30.68,6927900.0
20260928,603261,立航科技,52.78,49.5,53.2,49.5,1833500.0
20260928,603262,技源集团,17.93,17.41,18.91,17.35,3251400.0
20260928,603266,天龙股份,18.06,18.38,18.8,17.82,7282100.0
20260928,603267,鸿远电子,50.18,46.99,50.2,46.51,8136700.0
20260928,603268,松发股份,215.01,211.95,217.07,211.6,4350700.0
20260928,603269,海鸥股份,26.0,23.71,26.1,23.6,24819600.0
20260928,603270,金帝股份,35.96,32.84,35.98,32.54,7833400.0
20260928,603271,永杰新材,38.88,38.18,38.88,37.95,889500.0
20260928,603273,天元智能,14.81,14.58,14.93,14.49,1672800.0
20260928,603275,众辰科技,37.23,36.85,37.45,36.5,677100.0
20260928,603276,恒兴新材,17.94,17.38,17.94,17.23,3221800.0
20260928,603277,银都股份,11.2,11.24,11.34,11.1,1042200.0
20260928,603278,大业股份,10.19,10.78,10.78,9.77,64572300.0
20260928,603279,景津装备,11.0,10.79,11.05,10.72,5541600.0
20260928,603280,南方路机,28.0,27.41,28.26,27.24,3521500.0
20260928,603281,江瀚新材,19.0,18.09,19.15,18.05,3305200.0
20260928,603282,亚光股份,17.24,17.13,17.39,16.82,1610800.0
20260928,603283,赛腾股份,45.67,42.91,45.8,42.43,12781700.0
20260928,603284,林平发展,41.0,40.73,41.26,40.31,715700.0
20260928,603285,键邦股份,36.8,35.76,38.21,35.27,3144900.0
20260928,603286,日盈电子,45.77,43.9,45.77,43.71,3651700.0
20260928,603288,海天味业,33.8,32.93,33.96,32.93,16446000.0
20260928,603289,泰瑞机器,11.41,11.17,11.5,10.91,11167300.0
20260928,603290,斯达半导,85.93,82.81,86.01,82.04,3783400.0
20260928,603291,联合水务,8.72,8.61,8.78,8.42,3892800.0
20260928,603293,埃泰克,36.71,35.52,36.71,35.33,1059400.0
20260928,603296,华勤技术,78.49,74.84,78.69,74.25,14136000.0
20260928,603297,永新光学,113.35,108.25,113.35,107.29,1013400.0
20260928,603298,杭叉集团,22.72,21.76,22.73,21.66,8735500.0
20260928,603299,苏盐井神,8.64,8.6,8.66,8.53,3329200.0
20260928,603300,海南华铁,4.52,4.49,4.56,4.44,22219800.0
20260928,603301,振德医疗,77.7,74.81,78.48,73.76,1254300.0
20260928,603303,得邦照明,29.59,27.96,29.69,27.75,2959300.0
20260928,603305,旭升集团,11.12,11.1,11.36,11.01,11980300.0
20260928,603306,华懋科技,79.89,73.95,79.91,72.03,12654200.0
20260928,603307,扬州金泉,26.19,26.13,26.44,25.68,1504800.0
20260928,603308,应流股份,39.11,36.56,39.16,36.21,23364800.0
20260928,603309,维力医疗,11.09,11.12,11.18,10.98,2199800.0
20260928,603310,巍华新材,14.75,14.41,14.85,14.26,1927600.0
20260928,603311,金海高科,25.89,25.71,26.29,25.21,6046900.0
20260928,603312,西典新能,32.08,32.96,33.66,31.69,2111500.0
20260928,603313,梦百合,6.42,6.25,6.45,6.16,14232500.0
20260928,603315,福鞍股份,10.8,10.66,10.83,10.49,4149600.0
20260928,603316,诚邦股份,16.86,15.9,17.16,15.8,27262000.0
20260928,603317,天味食品,12.65,12.59,12.73,12.54,5505800.0
20260928,603318,水发燃气,8.86,8.62,8.86,8.38,29363800.0
20260928,603319,美湖股份,30.83,28.79,30.83,28.25,18082200.0
20260928,603320,迪贝电气,18.17,17.8,18.2,17.56,1642400.0
20260928,603321,梅轮电梯,7.23,7.27,7.39,7.2,6984300.0
20260928,603322,超讯科技,28.67,26.45,28.96,26.26,11104900.0
20260928,603323,苏农银行,4.41,4.43,4.47,4.39,29993800.0
20260928,603324,盛剑科技,26.64,25.25,26.65,24.72,2540100.0
20260928,603325,博隆技术,53.12,52.15,53.35,51.63,220700.0
20260928,603326,我乐家居,7.57,7.59,7.68,7.49,3316200.0
20260928,603327,福蓉科技,8.24,8.03,8.27,7.98,11498400.0
20260928,603328,依顿电子,13.69,13.13,14.18,12.93,59460400.0
20260928,603329,上海雅仕,10.2,10.24,10.36,10.16,3357900.0
20260928,603330,天洋新材,9.8,9.41,9.91,9.35,24128900.0
20260928,603331,百达精工,12.46,12.3,12.62,12.21,3238000.0
20260928,603332,苏州龙杰,12.05,11.95,12.07,11.9,3063200.0
20260928,603333,福华尚纬,9.3,8.88,9.3,8.85,11409600.0
20260928,603334,丰倍生物,32.14,31.89,32.36,31.52,888300.0
20260928,603335,迪生力,6.13,6.04,6.17,5.95,7997300.0
20260928,603336,宏辉果蔬,10.28,9.98,10.44,9.95,13274400.0
20260928,603337,杰克科技,36.98,35.8,37.04,35.3,3974500.0
20260928,603338,浙江鼎力,52.76,52.14,52.88,51.78,2155400.0
20260928,603339,四方科技,12.32,12.17,12.45,12.11,6482300.0
20260928,603341,龙旗科技,37.17,35.72,37.3,35.61,9138200.0
20260928,603344,星德胜,22.32,22.16,22.72,22.01,2068500.0
20260928,603345,安井食品,76.8,77.24,78.35,76.68,3865500.0
20260928,603348,文灿股份,14.54,14.55,14.8,14.37,3419800.0
20260928,603350,安乃达,28.37,28.42,28.66,28.11,621100.0
20260928,603351,威尔药业,26.85,27.0,27.43,26.76,1350100.0
20260928,603352,至信股份,25.58,25.1,25.62,24.86,774200.0
20260928,603353,和顺石油,43.76,41.63,44.0,41.19,8526300.0
20260928,603355,莱克电气,30.93,30.27,31.48,29.78,3034000.0
20260928,603356,华菱精工,16.9,16.56,17.25,16.42,4480800.0
20260928,603357,设计总院,5.98,5.92,6.01,5.89,2287500.0
20260928,603358,华达科技,44.51,43.04,44.96,42.0,6628000.0
20260928,603360,百傲化学,12.43,12.03,12.49,11.8,8805600.0
20260928,603363,傲农生物,2.8,2.79,2.81,2.75,22594000.0
20260928,603365,水星家纺,16.14,15.99,16.19,15.93,764200.0
20260928,603366,日出东方,7.3,7.29,7.44,7.26,18145200.0
20260928,603367,辰欣药业,14.33,14.24,14.41,14.14,4394500.0
20260928,603368,柳药集团,15.2,15.12,15.24,15.11,1961000.0
20260928,603369,今世缘,26.9,26.64,27.14,26.48,5747900.0
20260928,603370,华新精科,28.0,27.35,28.24,27.05,1749100.0
20260928,603373,安邦护卫,50.3,52.7,55.8,48.68,6404000.0
20260928,603375,盛景微,48.75,48.59,49.5,46.11,6427100.0
20260928,603376,大明电子,27.01,26.44,27.06,26.4,1261100.0
20260928,603379,三美股份,50.03,49.7,50.3,49.25,5061500.0
20260928,603380,易德龙,34.13,32.25,34.49,31.72,3278900.0
20260928,603381,永臻股份,14.9,14.62,14.98,14.53,2718600.0
20260928,603382,海阳科技,19.14,19.05,19.61,18.91,2732400.0
20260928,603383,顶点软件,26.97,26.61,26.97,26.32,1396100.0
20260928,603385,惠达卫浴,5.71,5.63,5.74,5.59,4971900.0
20260928,603386,骏亚科技,18.4,17.38,18.76,17.06,14903400.0
20260928,603387,基蛋生物,9.87,9.91,10.11,9.84,9617400.0
20260928,603389,亚振家居,43.86,42.63,44.4,42.15,2040600.0
20260928,603390,XD通达电,10.51,10.72,11.26,10.43,12168600.0
20260928,603391,力聚热能,67.92,68.94,69.35,66.5,2879100.0
20260928,603392,万泰生物,26.36,26.69,26.72,26.04,5270100.0
20260928,603393,新天然气,24.88,24.89,25.05,24.36,4109000.0
20260928,603395,红四方,26.09,25.1,26.31,24.8,6077600.0
20260928,603396,金辰股份,39.2,39.2,39.2,36.4,23510900.0
20260928,603399,永杉锂业,13.0,12.68,13.09,12.6,20326800.0
20260928,603402,陕西旅游,60.94,59.5,61.34,59.19,1319200.0
20260928,603406,天富龙,27.9,27.69,28.14,27.62,1235700.0
20260928,603407,长裕集团,61.2,59.86,61.2,58.78,4569600.0
20260928,603408,建霖家居,11.69,11.6,11.74,11.55,1319700.0
20260928,603409,汇通控股,18.1,17.57,18.1,17.45,1284500.0
20260928,603416,信捷电气,46.15,45.5,46.49,45.15,1346500.0
20260928,603418,友升股份,46.06,48.75,49.62,45.6,7632000.0
20260928,603421,鼎信通讯,6.44,6.18,6.46,6.09,19443300.0
20260928,603435,嘉德利,48.3,44.42,48.3,44.28,2938300.0
20260928,603439,三力制药,13.47,13.44,13.77,13.12,14288000.0
20260928,603444,吉比特,343.04,336.03,343.04,333.0,1010700.0
20260928,603448,天博智能,62.0,62.17,63.0,58.7,4960800.0
20260928,603456,九洲药业,16.33,16.42,16.53,16.14,19872900.0
20260928,603458,勘设股份,10.82,10.52,10.94,10.36,6925500.0
20260928,603459,红板科技,85.0,84.07,86.18,83.66,5442400.0
20260928,603466,风语筑,12.28,11.52,12.29,11.47,41940000.0
20260928,603468,津富士达,22.49,22.15,22.61,21.8,2012500.0
20260928,603477,巨星农牧,13.84,13.94,14.07,13.56,12218100.0
20260928,603486,科沃斯,50.5,50.4,51.0,49.71,2970400.0
20260928,603488,展鹏科技,7.91,7.68,7.99,7.52,5837100.0
20260928,603489,八方股份,29.49,29.35,29.65,29.06,1978500.0
20260928,603496,恒为科技,22.48,21.98,22.5,21.83,4709300.0
20260928,603499,翔港科技,13.18,12.78,13.23,12.57,3643500.0
20260928,603500,祥和实业,10.39,9.99,10.39,9.8,28393200.0
20260928,603501,豪威集团,81.18,80.75,82.2,80.64,11603500.0
20260928,603505,金石资源,14.86,14.36,14.9,14.24,7652500.0
20260928,603506,南都物业,12.08,12.21,12.39,12.04,3884500.0
20260928,603507,振江股份,26.63,27.12,28.23,26.58,17558000.0
20260928,603508,思维列控,20.67,20.48,20.75,20.35,2174000.0
20260928,603511,爱慕股份,12.88,12.83,12.93,12.62,2264800.0
20260928,603515,欧普照明,14.64,14.44,14.71,14.41,1079600.0
20260928,603516,淳中科技,82.34,78.6,82.47,77.0,5150600.0
20260928,603518,锦泓集团,7.75,7.85,7.87,7.68,7998100.0
20260928,603519,立霸股份,17.5,16.9,17.55,16.65,10596600.0
20260928,603520,司太立,8.47,8.42,8.56,8.39,5389700.0
20260928,603527,众源新材,9.66,9.45,9.66,9.3,4981800.0
20260928,603528,多伦科技,6.51,6.43,6.54,6.37,7883400.0
20260928,603529,爱玛科技,20.89,21.12,21.2,20.55,3683500.0
20260928,603530,神马电力,44.79,42.6,44.79,42.23,1919900.0
20260928,603533,掌阅科技,22.16,21.5,22.26,21.49,16423700.0
20260928,603535,嘉诚国际,6.24,6.11,6.27,6.08,2655300.0
20260928,603536,惠发食品,10.01,10.08,10.13,9.87,5452500.0
20260928,603538,美诺华,26.76,26.13,27.35,25.95,23411600.0
20260928,603551,奥普科技,9.38,9.25,9.44,9.22,1856400.0
20260928,603556,海兴电力,22.69,22.44,22.85,22.31,2259400.0
20260928,603558,健盛集团,13.31,12.99,13.45,12.95,7280800.0
20260928,603559,中通国脉,9.03,8.88,9.05,8.72,8683700.0
20260928,603565,中谷物流,11.69,11.48,11.8,11.39,12099100.0
20260928,603566,普莱柯,10.2,10.14,10.28,10.1,1947700.0
20260928,603567,珍宝岛,5.17,5.16,5.23,5.07,16710500.0
20260928,603568,伟明环保,13.36,13.36,13.45,13.2,5276400.0
20260928,603569,长久物流,5.82,5.76,5.83,5.72,2624100.0
20260928,603577,汇金通,9.77,9.7,9.77,9.52,2573900.0
20260928,603578,三星新材,13.84,13.8,14.0,13.37,3526500.0
20260928,603579,荣泰健康,18.43,18.0,18.54,17.89,4442400.0
20260928,603580,艾艾精工,77.5,79.25,83.89,73.07,12218600.0
20260928,603583,捷昌驱动,28.01,28.07,28.3,27.74,4114000.0
20260928,603585,苏利股份,10.42,10.37,10.54,10.28,3065600.0
20260928,603586,金麒麟,13.71,13.95,14.11,13.65,4004800.0
20260928,603587,地素时尚,12.36,12.35,12.57,12.28,4745000.0
20260928,603588,高能环境,17.09,16.47,17.19,15.95,65124200.0
20260928,603589,口子窖,17.57,17.42,17.74,17.3,4313700.0
20260928,603590,康辰药业,29.38,29.16,29.85,29.03,1402000.0
20260928,603596,伯特利,28.48,28.0,28.7,27.67,12702500.0
20260928,603598,引力传媒,18.47,17.39,18.48,17.31,19229500.0
20260928,603599,广信股份,10.35,10.21,10.4,10.12,6000100.0
20260928,603600,永艺股份,10.35,10.25,10.48,10.22,4315600.0
20260928,603601,再升科技,10.44,10.16,10.74,10.0,138132400.0
20260928,603602,纵横通信,11.69,11.55,11.7,11.34,2444900.0
20260928,603605,珀莱雅,56.44,54.68,57.0,54.58,5324500.0
20260928,603606,东方电缆,35.59,35.41,36.05,35.01,9986600.0
20260928,603607,京华激光,23.33,22.87,23.45,22.85,4011100.0
20260928,603608,天创时尚,20.34,19.27,20.67,19.17,13434900.0
20260928,603609,禾丰股份,6.21,6.22,6.27,6.17,4099500.0
20260928,603610,麒盛科技,13.71,13.08,13.81,12.65,8362200.0
20260928,603611,诺力股份,15.74,15.41,15.74,15.3,2004400.0
20260928,603612,索通发展,16.11,15.61,16.12,15.36,10473100.0
20260928,603613,国联股份,19.54,19.15,19.7,19.0,11330500.0
20260928,603615,茶花股份,18.92,18.47,19.02,18.3,3531700.0
20260928,603616,韩建河山,5.6,5.57,5.63,5.48,6429100.0
20260928,603617,君禾股份,6.79,6.77,6.89,6.67,6413700.0
20260928,603618,杭电股份,36.21,33.29,36.22,33.01,52891300.0
20260928,603619,中曼石油,21.3,21.11,21.34,20.77,12428100.0
20260928,603626,科森科技,22.56,22.5,23.82,22.35,54737200.0
20260928,603628,清源股份,10.31,10.46,10.5,10.25,6051500.0
20260928,603629,利通电子,105.0,98.77,105.2,98.75,16682800.0
20260928,603630,拉芳家化,14.18,14.15,14.39,13.94,4408500.0
20260928,603633,徕木股份,6.28,6.16,6.44,6.08,9645200.0
20260928,603636,南威软件,7.52,7.15,7.67,7.15,53647700.0
20260928,603637,镇海股份,14.04,13.54,14.1,13.5,6205400.0
20260928,603638,艾迪精密,19.34,19.2,19.53,18.97,11454600.0
20260928,603639,海利尔,10.41,10.38,10.46,10.15,1038100.0
20260928,603648,畅联股份,9.75,9.6,9.79,9.52,2431900.0
20260928,603650,彤程新材,68.07,65.5,68.97,65.13,13483800.0
20260928,603655,朗博科技,32.75,31.71,33.02,31.45,1217300.0
20260928,603656,泰禾智能,17.6,17.35,17.6,17.22,1466400.0
20260928,603657,春光科技,36.0,36.22,38.87,35.1,5882300.0
20260928,603658,安图生物,34.16,34.13,34.57,33.8,3797800.0
20260928,603659,璞泰来,21.48,20.8,21.5,20.73,18591800.0
20260928,603660,苏州科达,9.64,9.27,9.7,9.13,14249200.0
20260928,603661,XD恒林股,34.38,33.37,35.38,33.16,3032900.0
20260928,603662,柯力传感,49.2,48.19,49.65,47.72,3365800.0
20260928,603663,三祥新材,47.58,43.38,47.95,43.38,27860900.0
20260928,603665,康隆达,22.52,22.83,24.0,22.5,5757600.0
20260928,603666,亿嘉和,27.3,26.24,27.34,25.94,2885700.0
20260928,603667,五洲新春,50.85,49.42,51.29,48.8,14649500.0
20260928,603668,天马科技,12.18,12.02,12.29,11.95,5238900.0
20260928,603669,灵康药业,5.9,5.9,5.97,5.72,23834200.0
20260928,603676,卫信康,8.86,8.88,8.92,8.8,1464300.0
20260928,603677,奇精机械,14.61,14.55,14.76,14.32,1905100.0
20260928,603678,火炬电子,47.9,43.45,47.91,43.25,24416800.0
20260928,603679,华体科技,22.55,22.55,24.0,22.5,9716400.0
20260928,603680,今创集团,9.94,9.9,10.05,9.7,6003000.0
20260928,603681,永冠新材,19.81,18.67,19.81,18.52,10206400.0
20260928,603682,锦和商管,9.71,9.31,9.76,9.28,12489100.0
20260928,603683,晶华新材,16.07,15.27,16.14,15.17,13700000.0
20260928,603685,晨丰科技,25.7,25.3,25.85,24.84,1578600.0
20260928,603686,福龙马,14.37,14.35,14.79,14.2,33494100.0
20260928,603687,大胜达,14.96,14.13,15.02,14.0,13288500.0
20260928,603688,石英股份,47.84,44.35,47.87,44.04,13962600.0
20260928,603689,皖天然气,7.59,7.57,7.6,7.54,2126600.0
20260928,603690,至纯科技,24.11,23.05,24.24,22.77,20097500.0
20260928,603693,江苏新能,11.49,12.05,12.28,11.42,21070500.0
20260928,603696,安记食品,13.73,13.44,13.9,13.34,15902800.0
20260928,603697,有友食品,9.03,9.48,9.62,9.03,10253500.0
20260928,603698,航天工程,20.86,20.31,21.03,20.08,8778600.0
20260928,603699,纽威股份,42.54,42.8,43.19,42.1,3937800.0
20260928,603700,宁水集团,11.86,11.51,11.96,11.4,8519400.0
20260928,603701,德宏股份,18.8,18.14,19.06,18.08,3062000.0
20260928,603703,盛洋科技,10.18,9.75,10.19,9.6,11650500.0
20260928,603706,东方环宇,17.12,17.04,17.18,16.96,702800.0
20260928,603707,健友股份,7.72,7.91,7.95,7.7,9801900.0
20260928,603708,家家悦,8.87,8.88,8.91,8.76,3023400.0
20260928,603709,中源家居,12.8,12.85,13.26,12.7,4865600.0
20260928,603711,香飘飘,11.75,11.72,11.86,11.69,2625900.0
20260928,603712,七一二,11.41,11.21,11.48,11.02,8656600.0
20260928,603713,密尔克卫,69.45,66.9,69.79,66.2,2077500.0
20260928,603716,塞力医疗,17.0,16.76,17.48,16.68,13856700.0
20260928,603717,天域生物,5.94,5.86,5.96,5.78,7355600.0
20260928,603719,良品铺子,9.08,9.07,9.19,8.98,2742100.0
20260928,603721,中广天择,18.24,18.31,18.5,17.96,5011500.0
20260928,603722,阿科力,29.67,28.49,29.67,28.3,1156400.0
20260928,603725,天安新材,11.35,11.33,11.45,10.95,13730000.0
20260928,603726,朗迪集团,24.3,23.55,24.38,23.31,3231700.0
20260928,603727,博迈科,18.29,19.18,19.62,18.13,8088100.0
20260928,603728,鸣志电器,51.14,52.25,53.36,51.12,9711900.0
20260928,603730,岱美股份,10.03,9.33,10.07,9.29,20847700.0
20260928,603733,仙鹤股份,18.75,18.3,18.93,18.18,5468200.0
20260928,603737,三棵树,21.43,20.73,21.46,20.57,5974100.0
20260928,603738,泰晶科技,37.6,34.02,37.65,34.02,26521600.0
20260928,603739,蔚蓝生物,12.85,12.75,12.95,12.71,2512000.0
20260928,603755,日辰股份,25.22,26.0,26.52,24.9,3696600.0
20260928,603757,大元泵业,67.05,66.03,67.4,63.15,8856700.0
20260928,603758,秦安股份,10.96,10.74,10.96,10.61,5707500.0
20260928,603759,海天股份,7.84,7.9,7.95,7.8,5606200.0
20260928,603766,隆鑫通用,14.59,14.52,14.68,14.15,20054200.0
20260928,603767,中马传动,15.05,15.01,16.2,14.72,30751400.0
20260928,603768,常青股份,11.71,11.6,11.79,11.52,2412100.0
20260928,603773,沃格光电,102.68,99.99,104.8,99.0,43553900.0
20260928,603776,永安行,21.07,20.71,22.18,20.71,3231500.0
20260928,603777,来伊份,14.3,13.59,14.45,13.43,7741600.0
20260928,603778,国晟科技,8.31,8.1,8.44,8.0,35994000.0
20260928,603779,威龙股份,8.15,8.12,8.35,8.0,8869800.0
20260928,603786,科博达,37.65,36.8,37.72,36.66,1396800.0
20260928,603787,新日股份,10.44,10.4,10.52,10.32,2140300.0
20260928,603788,宁波高发,13.84,13.64,13.84,13.6,1026000.0
20260928,603790,雅运股份,25.34,24.87,25.47,24.7,2802400.0
20260928,603797,联泰环保,4.9,5.2,5.28,4.89,30151800.0
20260928,603798,康普顿,14.1,14.31,14.63,13.18,10004400.0
20260928,603799,华友钴业,35.1,34.14,35.1,34.03,37237900.0
20260928,603800,洪田股份,58.59,54.0,59.01,53.24,5787900.0
20260928,603801,志邦家居,6.26,6.11,6.29,6.07,6388200.0
20260928,603803,瑞斯康达,12.02,11.11,12.14,11.11,37680600.0
20260928,603806,福斯特,13.92,13.7,14.06,13.59,17101800.0
20260928,603808,歌力思,8.95,8.87,9.08,8.8,3400600.0
20260928,603809,豪能股份,8.59,8.5,8.68,8.45,5111700.0
20260928,603810,丰山集团,12.11,11.96,12.17,11.8,1590300.0
20260928,603811,诚意药业,6.9,6.89,6.97,6.86,4052700.0
20260928,603813,原尚股份,26.99,25.89,27.0,25.75,786700.0
20260928,603815,交建股份,5.1,5.04,5.14,5.02,5406400.0
20260928,603816,顾家家居,22.72,22.25,22.76,22.1,3734300.0
20260928,603817,海峡环保,6.0,5.77,6.06,5.71,32445400.0
20260928,603818,曲美家居,3.89,3.95,3.99,3.83,29716100.0
20260928,603819,神力股份,16.5,16.77,17.19,16.38,10164700.0
20260928,603823,百合花,44.89,47.43,48.99,43.55,31961300.0
20260928,603826,坤彩科技,17.08,15.41,17.28,15.32,23887500.0
20260928,603829,洛凯股份,15.45,15.3,15.63,15.11,2333800.0
20260928,603833,欧派家居,29.38,29.72,29.81,28.84,2799200.0
20260928,603836,海程邦达,9.58,9.48,9.59,9.44,2672300.0
20260928,603839,安正时尚,6.95,6.83,6.97,6.76,3120100.0
20260928,603848,好太太,13.46,13.22,13.46,13.07,2399000.0
20260928,603855,华荣股份,16.94,17.06,17.18,16.81,1834200.0
20260928,603856,东宏股份,11.79,11.62,11.8,11.53,2112200.0
20260928,603858,步长制药,14.52,14.47,14.6,14.36,3704100.0
20260928,603859,能科科技,40.13,38.38,40.18,38.0,4808700.0
20260928,603860,中公高科,26.56,26.28,26.65,25.98,1237700.0
20260928,603861,白云电器,11.06,10.71,11.07,10.63,6054600.0
20260928,603863,松炀资源,12.24,11.79,12.38,11.73,4669700.0
20260928,603866,桃李面包,4.12,4.19,4.23,4.08,16069500.0
20260928,603867,新化股份,34.97,33.29,35.0,33.22,8697200.0
20260928,603868,飞科电器,31.06,30.93,31.98,30.82,1459300.0
20260928,603871,嘉友国际,12.15,11.96,12.18,11.89,6533900.0
20260928,603876,鼎胜新材,17.8,16.91,17.93,16.77,26429000.0
20260928,603877,太平鸟,11.87,11.73,11.93,11.69,1051800.0
20260928,603878,武进不锈,4.88,4.83,4.88,4.75,9294800.0
20260928,603879,永悦科技,4.9,4.89,4.95,4.8,6850700.0
20260928,603880,南卫股份,9.13,8.72,9.19,8.62,8185400.0
20260928,603881,数据港,23.95,23.13,23.95,22.98,15207300.0
20260928,603882,金域医学,29.58,29.01,29.6,28.32,11462100.0
20260928,603883,老百姓,12.95,13.01,13.05,12.88,7058800.0
20260928,603885,吉祥航空,9.91,9.77,9.93,9.55,19995100.0
20260928,603886,元祖股份,12.5,12.47,12.84,12.17,4755500.0
20260928,603887,城地香江,8.75,8.35,8.76,8.28,13808300.0
20260928,603888,新华网,17.5,16.97,17.71,16.91,17773400.0
20260928,603889,新澳股份,6.01,5.95,6.04,5.94,6870500.0
20260928,603890,春秋电子,15.96,14.92,15.96,14.81,23651300.0
20260928,603893,瑞芯微,219.02,211.28,221.5,209.58,11613400.0
20260928,603895,天永智能,25.97,25.91,26.3,25.5,1270200.0
20260928,603896,寿仙谷,14.56,14.79,14.88,14.47,2221200.0
20260928,603897,长城科技,29.58,28.38,29.7,28.0,5273300.0
20260928,603898,好莱客,11.68,11.45,11.85,11.38,4546100.0
20260928,603899,晨光股份,21.88,21.79,22.35,21.73,2211600.0
20260928,603900,莱绅通灵,6.3,6.21,6.35,6.15,11566400.0
20260928,603901,永创智能,9.47,9.33,9.51,9.25,5721000.0
20260928,603903,中持股份,15.18,13.91,15.19,13.72,18532500.0
20260928,603906,龙蟠科技,17.65,16.85,17.8,16.73,9420600.0
20260928,603908,牧高笛,19.55,19.61,19.82,19.45,1790500.0
20260928,603909,建发合诚,9.74,10.33,10.86,9.71,7554400.0
20260928,603912,佳力图,9.27,9.04,9.39,8.97,23550900.0
20260928,603915,国茂股份,13.08,12.93,13.36,12.85,4652900.0
20260928,603916,苏博特,10.53,10.36,10.53,10.21,4748700.0
20260928,603917,合力科技,14.29,14.03,14.41,14.01,3351200.0
20260928,603918,金桥信息,10.41,10.26,10.45,10.1,7234700.0
20260928,603919,金徽酒,15.85,15.77,16.17,15.67,3120400.0
20260928,603920,世运电路,45.3,43.05,45.3,42.16,33264800.0
20260928,603926,铁流股份,17.51,17.01,17.71,16.82,2917400.0
20260928,603927,中科软,13.55,13.43,13.63,13.28,5595500.0
20260928,603928,兴业股份,12.21,11.93,12.39,11.9,7477100.0
20260928,603929,亚翔集成,154.17,143.65,154.17,142.9,3158000.0
20260928,603931,格林达,35.92,33.94,36.0,33.51,3749200.0
20260928,603933,睿能科技,19.13,18.88,19.44,18.66,2785600.0
20260928,603936,博敏电子,21.2,19.51,21.25,19.43,45789000.0
20260928,603937,丽岛新材,12.85,13.29,13.49,12.27,20961100.0
20260928,603938,三孚股份,47.5,44.06,48.0,43.6,19503900.0
20260928,603939,益丰药房,22.0,22.47,22.48,21.99,6418800.0
20260928,603948,建业股份,19.31,18.99,19.49,18.68,2214200.0
20260928,603949,雪龙集团,18.59,18.59,18.59,16.82,16386600.0
20260928,603950,长源东谷,56.11,52.5,56.22,51.9,3550100.0
20260928,603955,大千生态,25.55,24.61,25.57,24.35,3485500.0
20260928,603956,威派格,7.0,6.78,7.02,6.69,14255400.0
20260928,603958,哈森股份,19.03,18.0,19.2,17.95,8240800.0
20260928,603960,克来机电,17.98,17.24,17.98,17.14,7120300.0
20260928,603966,法兰泰克,7.6,7.34,7.68,7.31,5038400.0
20260928,603967,中创物流,11.58,11.57,11.67,11.5,1727000.0
20260928,603968,醋化股份,10.65,11.63,11.63,10.53,10224700.0
20260928,603969,银龙股份,7.32,7.18,7.39,7.15,9351400.0
20260928,603970,中农立华,13.39,11.86,13.39,11.66,24133300.0
20260928,603976,正川股份,31.3,29.6,31.49,29.57,3548700.0
20260928,603977,国泰集团,11.1,10.8,11.11,10.73,5141800.0
20260928,603978,深圳新星,26.1,26.77,27.0,25.8,18520200.0
20260928,603979,金诚信,71.54,71.11,71.6,69.99,3121100.0
20260928,603980,吉华集团,8.08,8.04,8.23,7.89,37624800.0
20260928,603982,泉峰汽车,6.4,6.33,6.4,6.26,4556700.0
20260928,603983,丸美生物,31.59,30.1,32.05,29.92,4053300.0
20260928,603985,恒润股份,16.7,15.98,16.75,15.71,8469300.0
20260928,603986,兆易创新,380.0,358.51,380.0,357.14,28493600.0
20260928,603987,康德莱,7.51,7.47,7.63,7.42,5925600.0
20260928,603988,中电电机,17.6,16.94,17.62,16.91,3250500.0
20260928,603989,艾华集团,31.01,28.04,31.01,28.04,18591500.0
20260928,603990,麦迪科技,19.09,18.99,19.24,18.55,13918800.0
20260928,603991,领先股份,174.88,172.0,175.5,167.68,4129800.0
20260928,603992,松霖科技,20.07,19.37,20.07,19.21,3037900.0
20260928,603993,洛阳钼业,16.78,16.83,16.95,16.61,114706300.0
20260928,603995,甬金股份,25.36,25.05,25.79,24.99,3992400.0
20260928,603997,继峰股份,14.13,13.65,14.3,13.48,32509700.0
20260928,603998,方盛制药,10.29,10.36,10.51,10.24,6698100.0
20260928,603999,读者传媒,6.47,6.35,6.62,6.3,17653500.0
20260928,605001,威奥股份,5.84,5.78,5.86,5.72,3294300.0
20260928,605003,众望布艺,25.45,24.86,25.57,24.5,1119600.0
20260928,605005,合兴股份,16.25,16.0,16.25,15.95,832500.0
20260928,605006,山东玻纤,15.65,14.46,15.65,14.33,32716900.0
20260928,605007,五洲特纸,14.55,14.52,15.18,14.41,3466000.0
20260928,605008,长鸿高科,14.75,13.75,14.8,13.51,7315600.0
20260928,605009,豪悦护理,24.88,25.05,25.26,24.78,1375100.0
20260928,605011,XD杭州热,17.3,17.36,17.58,17.08,7993600.0
20260928,605016,百龙创园,21.25,21.03,21.35,20.85,3119000.0
20260928,605018,长华集团,12.94,12.08,13.02,11.9,19255100.0
20260928,605020,永和股份,31.04,30.15,31.24,30.08,8367900.0
20260928,605028,世茂能源,24.5,24.1,25.76,24.06,1686500.0
20260928,605033,美邦股份,19.65,19.45,19.83,19.27,1891600.0
20260928,605050,福然德,10.19,9.97,10.19,9.9,1104400.0
20260928,605055,迎丰股份,8.88,8.69,8.95,8.66,3763500.0
20260928,605056,咸亨国际,14.01,13.49,14.19,13.36,7654000.0
20260928,605058,澳弘电子,60.25,54.18,60.25,54.18,5438600.0
20260928,605060,联德股份,39.0,37.92,39.35,36.7,3505100.0
20260928,605066,天正电气,6.75,6.59,6.78,6.5,4675100.0
20260928,605068,明新旭腾,20.81,20.35,20.91,19.77,3992400.0
20260928,605069,正和生态,12.08,11.63,12.72,11.6,11095900.0
20260928,605077,华康股份,11.4,11.46,11.57,11.25,7657600.0
20260928,605080,浙江自然,22.7,23.68,23.8,22.52,2516500.0
20260928,605086,龙高股份,23.52,22.92,23.52,22.71,1095700.0
20260928,605088,冠盛股份,24.14,24.44,25.4,23.88,12600200.0
20260928,605089,味知香,21.3,22.0,22.16,20.95,2395400.0
20260928,605090,九丰能源,31.36,30.95,31.49,30.73,5153900.0
20260928,605098,行动教育,53.53,53.05,53.65,52.66,574200.0
20260928,605099,共创草坪,28.55,27.97,28.61,27.94,943800.0
20260928,605100,华丰股份,34.01,33.55,35.5,33.12,4022400.0
20260928,605108,同庆楼,12.15,12.05,12.23,12.0,1957600.0
20260928,605111,新洁能,59.11,56.79,59.9,55.75,12198800.0
20260928,605116,奥锐特,19.65,19.55,19.83,19.45,1296900.0
20260928,605117,德业股份,76.11,77.77,79.18,76.02,16384800.0
20260928,605118,力鼎光电,33.24,31.75,33.49,31.62,3714800.0
20260928,605122,四方新材,12.33,12.26,12.46,12.16,3289600.0
20260928,605123,派克新材,80.38,78.2,80.47,76.89,1405300.0
20260928,605128,上海沿浦,23.66,22.85,23.88,22.8,2919400.0
20260928,605133,嵘泰股份,24.5,24.26,24.91,23.92,4964500.0
20260928,605136,丽人丽妆,8.46,8.74,9.3,8.46,22633800.0
20260928,605138,盛泰集团,6.18,6.1,6.22,6.06,3230100.0
20260928,605151,西上海,18.75,18.7,18.96,18.5,1188600.0
20260928,605155,西大门,14.68,14.46,14.74,14.23,1775900.0
20260928,605158,华达新材,7.84,7.81,7.96,7.7,4855500.0
20260928,605162,新中港,11.85,12.06,12.69,11.75,33138100.0
20260928,605166,聚合顺,8.7,8.45,8.8,8.42,4607300.0
20260928,605167,利柏特,16.4,15.7,16.45,15.6,4994600.0
20260928,605168,三人行,52.9,50.24,53.34,49.97,4690400.0
20260928,605169,洪通燃气,13.02,13.24,13.28,12.82,4220800.0
20260928,605177,东亚药业,25.7,25.87,26.2,24.62,7233300.0
20260928,605178,时空科技,68.59,64.5,69.25,63.29,4206900.0
20260928,605179,一鸣食品,24.0,23.42,24.13,22.82,18088900.0
20260928,605180,华生科技,14.44,14.12,14.54,13.87,6284600.0
20260928,605183,确成股份,16.52,16.24,16.67,16.1,1689000.0
20260928,605186,健麾信息,26.11,24.83,26.35,24.5,1967800.0
20260928,605188,国光连锁,12.89,12.55,12.97,12.41,7709900.0
20260928,605189,富春染织,14.4,13.85,14.45,13.79,6460900.0
20260928,605196,华通线缆,34.44,33.92,35.4,33.8,13396900.0
20260928,605198,安德利,62.13,59.71,64.3,59.5,7700000.0
20260928,605208,永茂泰,14.69,14.28,14.87,14.25,6254900.0
20260928,605218,伟时电子,14.76,13.94,14.8,13.88,7238700.0
20260928,605222,起帆电缆,22.12,21.52,22.26,21.32,4431400.0
20260928,605228,神通科技,11.11,11.12,11.28,10.98,3966400.0
20260928,605255,天普股份,58.39,55.1,58.39,55.09,560100.0
20260928,605258,协和电子,42.54,40.01,43.8,39.8,7724000.0
20260928,605259,绿田机械,17.42,17.25,17.52,17.09,697500.0
20260928,605266,健之佳,15.68,15.8,15.88,15.6,1457200.0
20260928,605268,王力安防,10.16,10.17,10.56,10.08,9075300.0
20260928,605277,新亚电子,17.24,16.67,17.4,16.64,8289300.0
20260928,605286,同力天启,25.06,24.23,25.06,23.73,2485900.0
20260928,605287,德才股份,35.38,32.88,35.51,32.6,2611300.0
20260928,605288,凯迪股份,66.38,67.79,72.0,65.77,2660400.0
20260928,605289,罗曼股份,100.88,95.0,101.0,93.85,2482600.0
20260928,605296,神农集团,30.29,31.47,31.48,28.98,6492100.0
20260928,605298,必得科技,44.92,42.15,44.99,42.01,557800.0
20260928,605299,舒华体育,12.45,12.3,12.61,12.25,10331100.0
20260928,605300,佳禾食品,10.21,10.18,10.25,10.08,3642600.0
20260928,605305,中际联合,30.68,29.88,30.73,29.88,3034200.0
20260928,605318,法狮龙,76.46,71.35,77.52,70.81,1202800.0
20260928,605319,无锡振华,22.29,22.05,22.34,21.95,2382500.0
20260928,605333,沪光股份,16.67,16.4,16.8,16.27,1717400.0
20260928,605337,李子园,8.99,9.04,9.12,8.99,2541500.0
20260928,605338,巴比食品,17.7,17.64,17.8,17.46,1453400.0
20260928,605339,南侨食品,13.32,13.28,13.33,13.0,1766000.0
20260928,605358,立昂微,47.68,45.67,48.6,45.52,53923400.0
20260928,605365,立达信,14.82,14.67,14.94,14.46,5661300.0
20260928,605366,宏柏新材,9.15,10.14,10.14,9.0,104530300.0
20260928,605368,蓝天燃气,6.61,6.64,6.67,6.58,2351100.0
20260928,605369,拱东医疗,17.75,18.06,18.15,17.65,1859300.0
20260928,605376,博迁新材,132.0,119.97,132.19,119.71,13633400.0
20260928,605377,华旺科技,8.07,7.85,8.08,7.82,4096600.0
20260928,605378,野马电池,14.85,15.35,15.69,14.71,7599300.0
20260928,605388,均瑶健康,6.0,6.11,6.16,6.0,7863600.0
20260928,605389,长龄液压,64.3,61.31,64.3,60.5,1050200.0
20260928,605398,新炬网络,22.19,22.19,22.8,22.04,5867400.0
20260928,605399,晨光新材,11.44,11.8,12.2,11.44,7361100.0
20260928,605488,福莱新材,32.0,29.68,32.12,29.58,11299500.0
20260928,605499,东鹏饮料,111.17,111.12,111.59,109.68,2071100.0
20260928,605500,森林包装,7.36,7.37,7.44,7.29,3792300.0
20260928,605507,国邦医药,18.18,18.32,18.54,18.13,8383800.0
20260928,605555,德昌股份,12.61,12.75,13.05,12.39,12209900.0
20260928,605566,福莱蒽特,32.6,32.01,33.19,31.37,6470300.0
20260928,605567,春雪食品,9.4,9.46,9.57,9.32,5539400.0
20260928,605577,龙版传媒,16.3,14.87,16.35,14.87,10733500.0
20260928,605580,恒盛能源,22.36,21.33,23.15,20.95,13098600.0
20260928,605588,冠石科技,47.04,44.92,47.4,44.28,1303000.0
20260928,605589,圣泉集团,39.79,36.07,39.8,36.07,32222000.0
20260928,605598,上海港湾,24.57,23.61,24.65,23.33,2724300.0
20260928,605599,菜百股份,13.47,13.31,13.54,13.25,5925300.0
